# Created by Open3D 
# object name: cluster16
# number of vertices: 1710
# number of triangles: 2999
v 3.615 -4.1425 -1.0621
vn -0.350186 0.189092 0.917395
v 3.615 -4.1304 -1.0643
vn -0.304872 0.108753 0.946164
v 3.5923 -4.1304 -1.0708
vn -0.273614 0.109832 0.955548
v 3.6193 -4.1304 -1.0621
vn -0.478688 0.112755 0.870715
v 3.615 -4.1077 -1.0661
vn -0.289841 0.0336948 0.956481
v 3.6247 -4.1077 -1.0621
vn -0.466942 0.144907 0.872335
v 3.5468 -4.0623 -1.0704
vn -0.0174494 -0.100788 0.994755
v 3.5468 -4.085 -1.0716
vn 0.00219016 -0.0724953 0.997366
v 3.5696 -4.0623 -1.07
vn -0.0460524 -0.122896 0.99135
v 3.5696 -4.085 -1.0721
vn -0.0262516 -0.0920862 0.995405
v 3.5923 -4.085 -1.0704
vn -0.132015 -0.0812399 0.987913
v 3.5923 -4.0623 -1.0679
vn -0.0911443 -0.145391 0.985167
v 3.5923 -4.1077 -1.0714
vn -0.227157 -0.042862 0.972914
v 3.6615 -4.1758 -1.0167
vn -0.81272 0.247511 0.527471
v 3.6711 -4.1531 -1.0167
vn -0.770129 0.360182 0.526469
v 3.6604 -4.1531 -1.0263
vn -0.65378 0.267639 0.707772
v 3.6735 -4.1758 -0.99397
vn -0.860655 0.300403 0.411134
v 3.6831 -4.1531 -0.99827
vn -0.825355 0.410784 0.387358
v 3.6825 -4.1758 -0.97126
vn -0.882073 0.0174281 0.470791
v 3.68285 -4.1985 -0.97088
vn -0.869502 -0.0584086 0.490465
v 3.6831 -4.1735 -0.97126
vn -0.841636 0.368718 0.394583
v 3.6919 -4.1531 -0.97126
vn -0.842587 0.317132 0.435286
v 3.6377 -4.1304 -1.0504
vn -0.490902 0.160245 0.856351
v 3.6377 -4.1077 -1.0558
vn -0.426447 0.209324 0.879958
v 3.6674 -4.1077 -1.0394
vn -0.441167 0.306558 0.843442
v 3.6604 -4.1172 -1.0394
vn -0.458138 0.337573 0.822285
v 3.6831 -4.0882 -1.0394
vn -0.396094 0.315738 0.862217
v 3.68415 -4.085 -1.03995
vn -0.434104 0.13018 0.891407
v 3.6604 -4.085 -1.051
vn -0.407273 0.177273 0.895937
v 3.6377 -4.0623 -1.0592
vn -0.28754 -0.150018 0.945947
v 3.6287 -4.085 -1.0621
vn -0.304523 0.0202532 0.95229
v 3.6604 -4.0623 -1.0523
vn -0.317862 -0.144481 0.937064
v 3.6831 -4.0623 -1.043
vn -0.398586 0.0764956 0.913935
v 3.7008 -4.1985 -0.94855
vn -0.755053 -0.176253 0.63153
v 3.7058 -4.2105 -0.94855
vn -0.470638 -0.464895 0.749915
v 3.7058 -4.1985 -0.94336
vn -0.580096 -0.218083 0.784811
v 3.7285 -4.1985 -0.93083
vn -0.362882 -0.491687 0.791555
v 3.6977 -4.1758 -0.94855
vn -0.804464 0.0960186 0.586189
v 3.7049 -4.1531 -0.94752
vn -0.763589 0.227013 0.604481
v 3.7058 -4.1758 -0.93978
vn -0.63826 0.0381461 0.768875
v 3.7239 -4.1758 -0.92585
vn -0.585623 0 0.810583
v 3.7285 -4.1882 -0.92585
vn -0.440524 -0.216358 0.871279
v 3.7285 -4.1581 -0.92585
vn -0.467476 0.185983 0.86422
v 3.7285 -4.1758 -0.92338
vn -0.000946799 0 1
v 3.7512 -4.1352 -0.97126
vn 0.389807 0.897118 0.20792
v 3.7739 -4.1398 -0.99397
vn 0.389791 0.896616 0.210099
v 3.7512 -4.1299 -0.99397
vn 0.364074 0.880472 0.303676
v 3.7512 -4.1762 -0.92585
vn 0.241955 -0.099404 0.965182
v 3.7512 -4.1629 -0.92585
vn 0.0611257 0.0828895 0.994682
v 3.6604 -4.0724 -0.83503
vn -0.806247 -0.563918 -0.178779
v 3.6604 -4.0796 -0.81232
vn -0.833315 -0.54247 -0.106363
v 3.6483 -4.0623 -0.81232
vn -0.894403 -0.440204 -0.0791474
v 3.6476 -4.0623 -0.78962
vn -0.937084 -0.344154 -0.0585782
v 3.6604 -4.085 -0.78818
vn -0.797073 -0.585214 -0.148996
v 3.6563 -4.085 -0.76691
vn -0.875217 -0.465113 -0.13291
v 3.6458 -4.0623 -0.76691
vn -0.967309 -0.240335 -0.08095
v 3.6524 -4.085 -0.74421
vn -0.898463 -0.420322 -0.12686
v 3.6604 -4.0971 -0.74421
vn -0.825305 -0.545661 -0.145349
v 3.6448 -4.0623 -0.74421
vn -0.995216 -0.0906176 -0.0365291
v 3.6487 -4.085 -0.7215
vn -0.937027 -0.332445 -0.107056
v 3.6439 -4.0623 -0.7215
vn -0.993344 0.114852 -0.00875033
v 3.6771 -4.085 -0.49445
vn -0.226081 0.208597 0.951512
v 3.6604 -4.085 -0.49965
vn -0.578553 -0.0161716 0.815484
v 3.6604 -4.1031 -0.49445
vn -0.164 0.343045 0.924892
v 3.6371 -4.0623 -0.516535
vn -0.588465 -0.409134 0.697365
v 3.63725 -4.085 -0.51667
vn -0.604235 0.0513147 0.795152
v 3.6607 -4.06195 -0.49445
vn -0.621053 -0.384423 0.683018
v 3.6831 -4.1077 -0.48928
vn -0.173033 0.224054 0.959093
v 3.6629 -4.0623 -0.38093
vn -0.842782 -0.516914 -0.15006
v 3.6695 -4.0623 -0.40363
vn -0.817551 -0.541705 -0.195359
v 3.6831 -4.085 -0.3976
vn -0.800711 -0.581947 -0.142129
v 3.6819 -4.085 -0.38093
vn -0.704699 -0.70641 -0.0662155
v 3.6831 -4.0846 -0.40363
vn -0.853245 -0.520366 -0.0345242
v 3.66015 -4.0628 -0.35822
vn -0.948743 -0.316048 0
v 3.6604 -4.0623 -0.36467
vn -0.939644 -0.300478 -0.163655
v 3.6604 -4.0623 -0.33856
vn -0.929375 -0.365258 0.0533736
v 3.6739 -4.0623 -0.2447
vn -0.906203 -0.37776 0.189983
v 3.6684 -4.0623 -0.2674
vn -0.906029 -0.353294 0.233014
v 3.6831 -4.0785 -0.2674
vn -0.76533 -0.628582 0.138399
v 3.6831 -4.0752 -0.2447
vn -0.82528 -0.5562 0.0977508
v 3.6818 -4.0623 -0.17658
vn -0.987493 -0.156929 0.0152189
v 3.6808 -4.0623 -0.19929
vn -0.980999 -0.182641 0.0654452
v 3.6831 -4.0654 -0.17658
vn -0.756682 -0.653198 0.0276745
v 3.6831 -4.0676 -0.19929
vn -0.759854 -0.647092 0.0623947
v 3.6815 -4.0623 -0.15387
vn -0.982185 -0.182581 -0.0444565
v 3.6831 -4.0657 -0.15387
vn -0.725308 -0.687635 -0.0329667
v 3.7032 -4.085 -0.17658
vn -0.690748 -0.722603 0.0266872
v 3.7019 -4.085 -0.19929
vn -0.678745 -0.733346 0.0388566
v 3.7035 -4.085 -0.15387
vn -0.686693 -0.725834 -0.0402195
v 3.6797 -4.0623 -0.13117
vn -0.964538 -0.246022 -0.0956016
v 3.6831 -4.0685 -0.13117
vn -0.775127 -0.62656 -0.0812497
v 3.6774 -4.0623 -0.10846
vn -0.93519 -0.337861 -0.106158
v 3.6831 -4.0713 -0.10846
vn -0.84272 -0.533721 -0.0704526
v 3.5468 -4.0396 -1.067
vn -0.0345858 -0.165004 0.985686
v 3.5696 -4.0396 -1.0658
vn -0.0711404 -0.181475 0.980819
v 3.63555 -4.0169 -1.03895
vn -0.192426 -0.389637 0.900642
v 3.615 -4.0169 -1.0438
vn -0.170879 -0.525046 0.833743
v 3.6377 -4.0396 -1.0519
vn -0.257217 -0.405563 0.877131
v 3.5923 -4.0078 -1.0394
vn 0.00342835 -0.455042 0.890463
v 3.5923 -3.9942 -1.0317
vn 0.0502093 -0.492064 0.86911
v 3.5696 -4.0089 -1.0394
vn 0.0238693 -0.492545 0.86996
v 3.615 -4.0109 -1.0394
vn -0.0554277 -0.405886 0.912241
v 3.615 -3.9942 -1.0337
vn 0.0126711 -0.404422 0.914485
v 3.6604 -4.0396 -1.0442
vn -0.3019 -0.341693 0.890001
v 3.6604 -4.0287 -1.0394
vn -0.246406 -0.463152 0.851337
v 3.6436 -4.0396 -0.78962
vn -0.984159 -0.173416 0.036842
v 3.646 -4.0396 -0.76691
vn -0.999732 0.00107867 0.0231164
v 3.6485 -4.0396 -0.74421
vn -0.965504 0.256893 0.0425185
v 3.6497 -4.0396 -0.7215
vn -0.920174 0.3907 0.0251715
v 3.6495 -4.0396 -0.6988
vn -0.96884 0.247542 -0.00853747
v 3.6607 -4.0169 -0.6988
vn -0.902767 0.430058 0.00781016
v 3.615 -4.0417 -0.51716
vn -0.527201 -0.550223 0.647544
v 3.615 -4.0623 -0.53689
vn -0.552436 -0.576559 0.601992
v 3.6831 -3.8987 -0.53986
vn -0.868271 -0.289427 0.402912
v 3.6831 -3.8807 -0.52693
vn -0.730287 -0.193852 0.655059
v 3.6771 -3.8807 -0.53986
vn -0.906626 -0.0321475 0.42071
v 3.6831 -3.9034 -0.54539
vn -0.119394 -0.391148 0.91255
v 3.7058 -3.9261 -0.55215
vn -0.38817 -0.363075 0.847054
v 3.7058 -3.9034 -0.54242
vn -0.414432 -0.3557 0.837689
v 3.7087 -3.9034 -0.53986
vn -0.650856 -0.46988 0.596322
v 3.7164 -3.9261 -0.53986
vn -0.721475 -0.251983 0.644963
v 3.7058 -3.9016 -0.53986
vn -0.335065 -0.718232 0.609814
v 3.7285 -3.90325 -0.51731
vn -0.545734 -0.404105 0.73408
v 3.7023 -3.8807 -0.51716
vn -0.32145 -0.720812 0.614085
v 3.7058 -3.8825 -0.51716
vn -0.543153 -0.651625 0.5295
v 3.7739 -3.8857 -0.63068
vn 0.0747714 0.963049 -0.258739
v 3.7512 -3.8807 -0.61863
vn 0.00307366 0.901073 -0.433657
v 3.7739 -3.8807 -0.61207
vn 0.132211 0.917156 -0.375959
v 3.8629 -3.9942 -0.53986
vn 0.472261 0.863962 0.174756
v 3.8545 -3.9942 -0.51716
vn 0.353381 0.894533 0.273737
v 3.8647 -3.9986 -0.51716
vn 0.391904 0.908504 0.145021
v 3.842 -3.9816 -0.53986
vn 0.507128 0.841193 0.187659
v 3.7739 -3.9261 -0.53343
vn 0.54963 0.406771 0.729688
v 3.7512 -3.9261 -0.5167
vn 0.256599 0.282606 0.924279
v 3.7691 -3.9488 -0.51716
vn 0.528213 0.390921 0.753772
v 3.7084 -3.8353 -0.56257
vn -0.432802 0.675718 -0.596731
v 3.7285 -3.8353 -0.57351
vn -0.152514 0.61035 -0.777311
v 3.7058 -3.858 -0.58015
vn -0.385207 0.592223 -0.707734
v 3.7285 -3.8221 -0.56257
vn -0.30305 0.66635 -0.681277
v 3.6818 -3.858 -0.53986
vn -0.894411 0.447246 0
v 3.6831 -3.858 -0.55847
vn -0.683308 0.659329 -0.313649
v 3.6831 -3.858 -0.53675
vn -0.742611 0.346302 0.573239
v 3.6968 -3.8353 -0.53986
vn -0.775785 0.621461 0.109288
v 3.7058 -3.8353 -0.56068
vn -0.67963 0.646213 -0.347148
v 3.7058 -3.8376 -0.56257
vn -0.680538 0.648898 -0.340293
v 3.7011 -3.858 -0.51716
vn -0.705156 0.288001 0.647927
v 3.7058 -3.8471 -0.51716
vn -0.721162 0.415171 0.55458
v 3.7058 -3.8353 -0.52486
vn -0.788873 0.47471 0.390295
v 3.7058 -3.8254 -0.53986
vn -0.726874 0.676706 -0.117145
v 3.7162 -3.8126 -0.53986
vn -0.692168 0.684251 -0.229575
v 3.7285 -3.8126 -0.55396
vn -0.256104 0.751069 -0.608528
v 3.7285 -3.8037 -0.53986
vn -0.363314 0.923776 -0.121002
v 3.7225 -3.8126 -0.51716
vn -0.750389 0.588427 0.301115
v 3.7099 -3.8353 -0.51716
vn -0.758733 0.421152 0.496947
v 3.7285 -3.8061 -0.51716
vn -0.41949 0.907218 -0.0313665
v 3.7512 -3.8734 -0.60798
vn -0.0217313 0.806736 -0.590513
v 3.7326 -3.8807 -0.60798
vn -0.307992 0.784731 -0.537902
v 3.7751 -3.88 -0.60798
vn 0.376872 0.876348 -0.29997
v 3.7285 -3.858 -0.58909
vn -0.0185888 0.64001 -0.768142
v 3.7512 -3.858 -0.59035
vn -0.0376573 0.733689 -0.678441
v 3.7512 -3.8524 -0.58527
vn 0.010317 0.597023 -0.802158
v 3.7512 -3.8353 -0.57214
vn 0.0381567 0.61661 -0.786344
v 3.7512 -3.8126 -0.55459
vn 0.00452181 0.674475 -0.738284
v 3.7512 -3.7936 -0.51716
vn -0.119689 0.953335 -0.277177
v 3.7512 -3.8002 -0.53986
vn -0.132253 0.978982 -0.155255
v 3.7739 -3.8004 -0.51716
vn 0.276436 0.922819 -0.268305
v 3.5923 -4.0224 -0.49445
vn -0.198226 -0.515398 0.833709
v 3.5923 -4.0169 -0.49105
vn 0.107719 -0.0319382 0.993668
v 3.578 -4.0169 -0.49445
vn 0.0724517 -0.345665 0.935557
v 3.6377 -4.0396 -0.49912
vn -0.523466 -0.512398 0.680758
v 3.5923 -3.9942 -0.48872
vn 0.118336 -0.312461 0.942531
v 3.5696 -3.9942 -0.48587
vn 0.118336 -0.312461 0.942531
v 3.615 -4.0169 -0.49477
vn 0.155611 0.0866264 0.984013
v 3.615 -3.9942 -0.49701
vn 0.200698 0.0888066 0.97562
v 3.6034 -3.9942 -0.49445
vn 0.183148 0.0742279 0.980279
v 3.6429 -4.0396 -0.49445
vn -0.594727 -0.476137 0.647761
v 3.6561 -4.0396 -0.35822
vn -0.983531 -0.165961 -0.0715814
v 3.6604 -4.0396 -0.37536
vn -0.965857 -0.0466336 -0.254844
v 3.6556 -4.0396 -0.33552
vn -0.981958 -0.184893 0.0396744
v 3.7512 -3.9488 -0.50575
vn 0.499448 0.369633 0.783533
v 3.7285 -3.8126 -0.50944
vn -0.705389 0.449322 0.548212
v 3.6583 -4.0396 -0.31281
vn -0.996809 -0.0322644 0.0730175
v 3.6604 -4.0576 -0.31281
vn -0.972659 -0.226469 0.0514408
v 3.6637 -4.0623 -0.31281
vn -0.783627 -0.618894 0.0538405
v 3.66035 -4.0396 -0.289845
vn -0.989999 0.0958009 0.103554
v 3.6604 -4.0571 -0.29011
vn -0.967486 -0.22019 0.124447
v 3.6653 -4.0623 -0.29011
vn -0.72576 -0.683835 0.0751163
v 3.6604 -4.0285 -0.31281
vn -0.96597 0.233566 0.111123
v 3.6664 -4.0169 -0.29011
vn -0.961053 0.251817 0.113861
v 3.6631 -4.0396 -0.2674
vn -0.979132 0.0501453 0.19694
v 3.6688 -4.0169 -0.2674
vn -0.963353 0.206545 0.171143
v 3.6692 -4.0396 -0.2447
vn -0.971884 -0.0185528 0.234728
v 3.6724 -4.0169 -0.2447
vn -0.978336 0.100561 0.18096
v 3.675 -4.0396 -0.22199
vn -0.984796 -0.048959 0.166675
v 3.6785 -4.0623 -0.22199
vn -0.976192 -0.164643 0.141215
v 3.6756 -4.0169 -0.22199
vn -0.993885 0.0262746 0.107245
v 3.6779 -4.0396 -0.19929
vn -0.993247 -0.0831289 0.0809301
v 3.6773 -4.0169 -0.19929
vn -0.996833 -0.00878678 0.0790351
v 3.679 -4.0396 -0.17658
vn -0.99482 -0.101522 0.00511064
v 3.6781 -4.0169 -0.17658
vn -0.99993 -0.00792717 -0.0088055
v 3.6779 -4.0396 -0.15387
vn -0.992039 -0.0930166 -0.0848917
v 3.6772 -4.0169 -0.15387
vn -0.995357 0.04823 -0.0832969
v 3.6794 -3.9942 -0.15387
vn -0.994563 0.0963842 -0.039416
v 3.7581 -3.9488 -0.2674
vn 0.618778 0.771652 0.147197
v 3.7512 -3.9488 -0.24093
vn 0.441808 0.886076 0.140268
v 3.7739 -3.9658 -0.2447
vn 0.618778 0.771652 0.147197
v 3.675 -4.0396 -0.13117
vn -0.979847 -0.146765 -0.135501
v 3.6743 -4.0169 -0.13117
vn -0.989222 0.00260841 -0.146398
v 3.6712 -4.0396 -0.10846
vn -0.967807 -0.176922 -0.179021
v 3.67 -4.0169 -0.10846
vn -0.977639 -0.0387609 -0.206689
v 3.6779 -3.9942 -0.13117
vn -0.979886 0.155405 -0.125189
v 3.6657 -4.0396 -0.085759
vn -0.9791 -0.0853931 -0.184586
v 3.6751 -4.0623 -0.085759
vn -0.925482 -0.34636 -0.153355
v 3.6654 -4.0169 -0.085759
vn -0.989203 -0.0130702 -0.145965
v 3.6633 -4.0169 -0.063054
vn -0.99532 0.0336199 -0.0905976
v 3.662 -4.0396 -0.063054
vn -0.994845 0.0672007 -0.0759466
v 3.6831 -3.9822 -0.085759
vn -0.785253 0.616684 -0.0554834
v 3.6831 -3.9838 -0.10846
vn -0.786491 0.616073 -0.0434225
v 3.6737 -3.9942 -0.085759
vn -0.786133 0.615793 -0.0528646
v 3.6831 -3.98 -0.063054
vn -0.784324 0.61862 -0.0463161
v 3.6719 -3.9942 -0.063054
vn -0.784755 0.617699 -0.0510567
v 3.6629 -4.0169 -0.040349
vn -0.990029 0.140152 -0.0141407
v 3.6609 -4.0396 -0.040349
vn -0.995486 0.0877023 -0.0362784
v 3.6604 -4.0396 -0.019149
vn -0.992076 0.118005 -0.0431171
v 3.6631 -4.0169 -0.017643
vn -0.968724 0.24811 -0.003892
v 3.6831 -3.9788 -0.040349
vn -0.784746 0.618953 -0.0327117
v 3.6713 -3.9942 -0.017643
vn -0.933028 0.358958 0.0246569
v 3.6709 -3.9942 -0.040349
vn -0.941763 0.336048 0.01244
v 3.663 -4.0169 0.0050616
vn -0.935751 0.352637 -0.00413185
v 3.6604 -4.0299 0.0050616
vn -0.985806 0.162597 -0.0418141
v 3.6618 -4.0169 0.027767
vn -0.943498 0.32526 -0.063384
v 3.6728 -3.9942 0.0050616
vn -0.917347 0.396032 0.0404048
v 3.6733 -3.9942 0.027767
vn -0.89569 0.443553 -0.0316202
v 3.66027 -4.01658 0.047555
vn -0.898939 0.434761 -0.0537714
v 3.6724 -3.9942 0.050472
vn -0.790365 0.612008 -0.0277288
v 3.6604 -4.0137 0.073177
vn -0.878973 0.47521 -0.0397706
v 3.6591 -4.0169 0.073177
vn -0.928015 0.371176 -0.0318789
v 3.7512 -3.949 0.20941
vn 0.00789873 0.999969 -0.00028556
v 3.7512 -3.9488 0.20293
vn 0.0986416 0.991593 0.0837422
v 3.7297 -3.9488 0.20941
vn 0.0270217 0.996762 0.0757364
v 3.7285 -3.945 0.1867
vn -0.140922 0.984079 0.108298
v 3.6799 -4.0659 -0.22199
vn -0.863844 -0.491308 0.111311
v 3.6781 -4.0666 -0.085759
vn -0.834325 -0.545777 -0.077645
v 3.7285 -3.9488 0.30476
vn -0.119508 0.990661 0.0656434
v 3.73415 -3.9488 0.243465
vn 0.00501983 0.999976 -0.00475255
v 3.7512 -3.949 0.27752
vn 0.00409405 0.999981 0.00453538
v 3.7512 -3.9518 0.36834
vn 0.48943 0.867979 -0.084089
v 3.7512 -3.9496 0.39105
vn 0.489722 0.868496 -0.0767228
v 3.7739 -3.9624 0.39105
vn 0.452334 0.87766 -0.158453
v 3.7285 -3.9329 0.48187
vn -0.49298 0.737975 -0.460829
v 3.7285 -3.9458 0.45916
vn -0.345096 0.831391 -0.435544
v 3.7246 -3.9488 0.45916
vn -0.651957 0.669187 -0.356568
v 3.713 -3.9488 0.48187
vn -0.680433 0.653655 -0.331281
v 3.6831 -3.9715 0.50457
vn 0 0 0
v 3.7285 -3.9261 0.49109
vn -0.553823 0.65396 -0.51538
v 3.7285 -3.9149 0.50457
vn -0.538653 0.664807 -0.517576
v 3.7182 -3.9261 0.50457
vn -0.641557 0.590002 -0.490207
v 3.72785 -3.9028 0.52728
vn -0.651626 0.705874 -0.277715
v 3.7285 -3.9034 0.52423
vn -0.557524 0.720157 -0.412966
v 3.7437 -3.9488 0.41375
vn -0.217659 0.973636 -0.0682503
v 3.7512 -3.9488 0.4023
vn 0.104107 0.984638 -0.140176
v 3.7285 -3.9529 0.39105
vn -0.205074 0.977957 -0.0393094
v 3.7285 -3.9531 0.41375
vn -0.290519 0.956004 -0.0406911
v 3.7614 -3.9488 0.41375
vn 0.232075 0.956826 -0.174999
v 3.7366 -3.9488 0.43646
vn -0.304159 0.938702 -0.162254
v 3.7285 -3.9519 0.43646
vn -0.355385 0.928616 -0.106649
v 3.7512 -3.945 0.43646
vn -0.057546 0.987666 -0.145614
v 3.7695 -3.9488 0.43646
vn 0.202788 0.976548 -0.0723289
v 3.7285 -3.9488 0.45119
vn -0.361576 0.901148 -0.239155
v 3.7512 -3.9374 0.45916
vn -0.243121 0.867263 -0.43445
v 3.7402 -3.9261 0.48187
vn -0.389571 0.710674 -0.585813
v 3.7512 -3.9261 0.47718
vn 0.0235508 0.82793 -0.560337
v 3.7739 -3.9273 0.48187
vn 0.152735 0.837263 -0.525036
v 3.7512 -3.922 0.48187
vn 0.0249223 0.719777 -0.693758
v 3.7728 -3.9261 0.48187
vn 0.152797 0.804966 -0.573309
v 3.7431 -3.9034 0.50457
vn -0.464539 0.709837 -0.529468
v 3.7512 -3.9034 0.50052
vn 0.0229047 0.713091 -0.700697
v 3.7739 -3.9046 0.50457
vn 0.164538 0.69651 -0.698428
v 3.7739 -3.9261 0.48323
vn 0.169362 0.711436 -0.682038
v 3.7512 -3.8997 0.50457
vn 0.0472095 0.810494 -0.583841
v 3.7736 -3.9034 0.50514
vn 0.146513 0.798191 -0.584316
v 3.7512 -3.8843 0.52728
vn -0.223459 0.838537 -0.496912
v 3.7739 -3.8869 0.52728
vn 0.117131 0.849363 -0.514649
v 3.7512 -3.8807 0.53691
vn 0.0357952 0.934596 -0.353906
v 3.7739 -3.8807 0.54219
vn 0.0998861 0.930638 -0.352045
v 3.7512 -3.8781 0.54998
vn -0.0350987 0.999296 0.0132591
v 3.7463 -3.8807 0.54998
vn -0.46167 0.870002 -0.173082
v 3.7739 -3.8771 0.57269
vn 0.0142747 0.998917 0.0442862
v 3.7739 -3.8787 0.54998
vn 0.00271674 0.999825 -0.018498
v 3.7512 -3.879 0.57269
vn -0.0489589 0.998563 0.0217785
v 3.6831 -3.9715 0.59538
vn 0 0 0
v 3.7303 -3.9034 0.5954
vn -0.698379 0.681321 0.219247
v 3.7104 -3.9261 0.5954
vn -0.727962 0.641754 0.241294
v 3.7058 -3.9261 0.58244
vn -0.725995 0.641443 0.247955
v 3.7227 -3.9034 0.57269
vn -0.713981 0.65892 0.23676
v 3.7285 -3.898 0.57269
vn -0.647607 0.730027 0.218325
v 3.7285 -3.9135 0.6181
vn -0.751846 0.63361 0.182389
v 3.7512 -3.8807 0.58164
vn -0.517282 0.832686 0.197621
v 3.7484 -3.8807 0.57269
vn -0.629283 0.751828 0.19687
v 3.7632 -3.8807 0.5954
vn -0.187803 0.965915 0.178152
v 3.7366 -3.9034 0.6181
vn -0.718267 0.683515 0.129999
v 3.7512 -3.8898 0.6181
vn -0.533771 0.835706 0.129167
v 3.7739 -3.8831 0.6181
vn -0.268195 0.960533 0.0738162
v 3.7739 -3.8807 0.60004
vn 0.123801 0.983387 0.132749
v 3.7285 -3.9272 0.66351
vn -0.924795 0.336326 0.177873
v 3.7383 -3.9034 0.64081
vn -0.723768 0.689642 0.0235287
v 3.7512 -3.8898 0.64081
vn -0.502529 0.86121 -0.0760431
v 3.7739 -3.8823 0.64081
vn -0.312995 0.947314 -0.0680478
v 3.7512 -3.886 0.66351
vn -0.719924 0.693626 -0.0243604
v 3.7381 -3.9034 0.66351
vn -0.777886 0.628405 -0.00021354
v 3.7634 -3.8807 0.66351
vn -0.305374 0.947803 -0.0917428
v 3.7739 -3.8807 0.65151
vn -0.210778 0.961304 -0.177393
v 3.7939 -3.9715 0.73163
vn -0.279049 0.215862 0.935701
v 3.7739 -3.9715 0.72322
vn -0.413813 0.373343 0.830285
v 3.7739 -3.9798 0.73163
vn 0.0491757 0.501453 0.863786
v 3.7739 -3.9942 0.74589
vn 0.318123 0.667089 0.673639
v 3.7966 -3.9942 0.73517
vn 0.0889369 0.41763 0.904254
v 3.7966 -3.9715 0.73339
vn -0.544789 0.0680173 0.83581
v 3.7656 -3.9488 0.70892
vn -0.328393 0.291555 0.898417
v 3.7512 -3.9488 0.70368
vn -0.271017 0.609801 0.744777
v 3.7512 -3.9552 0.70892
vn -0.22185 0.499172 0.837621
v 3.7672 -3.9261 0.70892
vn -0.388459 0.0274614 0.921057
v 3.7512 -3.9261 0.70079
vn -0.600897 -0.00702112 0.799295
v 3.7512 -3.8858 0.68622
vn -0.627638 0.734753 0.257312
v 3.7411 -3.9034 0.68622
vn -0.866696 0.412822 0.280028
v 3.7641 -3.8807 0.68622
vn -0.230747 0.839549 0.491848
v 3.7512 -3.9034 0.70161
vn -0.506625 0.321337 0.800046
v 3.7715 -3.9034 0.70892
vn -0.271722 0.437522 0.857171
v 3.7739 -3.9024 0.70892
vn 0.0762138 0.493296 0.866516
v 3.7739 -3.8807 0.68761
vn -0.0258444 0.911775 0.409876
v 3.7966 -3.8927 0.68622
vn 0.381683 0.831239 0.404178
v 3.7966 -3.8894 0.66351
vn 0.537695 0.834377 0.121242
v 3.7831 -3.8807 0.66351
vn 0.428455 0.897852 0.101428
v 3.7763 -3.8807 0.68622
vn 0.408168 0.817582 0.406151
v 3.7926 -3.9034 0.70892
vn 0.094683 0.656731 0.748157
v 3.7966 -3.9034 0.70609
vn 0.375188 0.781559 0.498397
v 3.8193 -3.919 0.70892
vn 0.279271 0.653357 0.703656
v 3.7739 -3.9488 0.71186
vn -0.531792 0.215216 0.819072
v 3.7739 -3.9261 0.71127
vn -0.427365 0.200679 0.881525
v 3.752 -3.9715 0.73163
vn 0.32576 0.869039 0.372361
v 3.7966 -3.9507 0.73163
vn -0.533826 0.229125 0.813961
v 3.7966 -3.9488 0.73142
vn -0.358045 0.294578 0.886018
v 3.7966 -3.9261 0.7236
vn -0.18935 0.430062 0.882719
v 3.8193 -3.9453 0.73163
vn 0.0497378 0.427085 0.902843
v 3.8193 -3.9261 0.71908
vn 0.149027 0.646259 0.748425
v 3.8193 -3.9488 0.73246
vn -0.0368516 0.230586 0.972354
v 3.7739 -3.8793 0.66351
vn 0 0.99998 -0.00635099
v 3.7832 -3.8807 0.57269
vn 0.354514 0.93494 0.0143855
v 3.7783 -3.8807 0.54998
vn 0.26454 0.960995 -0.080663
v 3.7766 -3.8796 0.55751
vn 0.347574 0.934158 -0.0808709
v 3.5923 -4.1854 -1.0621
vn -0.289055 0.162076 0.943493
v 3.5696 -4.1758 -1.0675
vn -0.102547 0.107157 0.98894
v 3.5696 -4.1531 -1.0695
vn -0.0328082 0.0920287 0.995216
v 3.5923 -4.1531 -1.0678
vn -0.201584 0.132748 0.970434
v 3.5967 -4.1758 -1.0621
vn -0.338826 0.191466 0.921161
v 3.5468 -4.1304 -1.071
vn 0.00874586 0.0746777 0.997169
v 3.5468 -4.1758 -1.0686
vn -0.0184052 0.063295 0.997825
v 3.5696 -4.1304 -1.0715
vn 0.0218382 0.0877443 0.995904
v 3.6323 -4.1985 -1.0394
vn -0.561491 0.209613 0.800494
v 3.615 -4.1985 -1.0498
vn -0.431957 0.177685 0.884218
v 3.6377 -4.1985 -1.0352
vn -0.672605 0.194104 0.714091
v 3.5923 -4.1985 -1.0601
vn -0.409258 0.13771 0.901967
v 3.615 -4.1758 -1.0545
vn -0.381749 0.200085 0.902349
v 3.63845 -4.1785 -1.0394
vn -0.656613 0.189354 0.730072
v 3.6564 -4.1985 -1.0167
vn -0.709718 0.16809 0.684139
v 3.6454 -4.1531 -1.0394
vn -0.623989 0.170333 0.762643
v 3.6377 -4.1531 -1.045
vn -0.580756 0.158299 0.798539
v 3.6689 -4.1985 -0.99397
vn -0.853879 0.0986637 0.511034
v 3.7966 -4.1444 -0.99397
vn 0.124435 0.614054 0.779393
v 3.7966 -4.1304 -1.005
vn 0.124435 0.614054 0.779393
v 3.6426 -4.0623 -0.6988
vn -0.988267 0.148105 -0.0373265
v 3.6453 -4.085 -0.6988
vn -0.983609 -0.147318 -0.103975
v 3.6355 -4.0623 -0.63068
vn -0.863099 0.15182 -0.481675
v 3.6377 -4.0623 -0.63665
vn -0.952536 0.114268 -0.282168
v 3.6323 -4.085 -0.63068
vn -0.839197 0.169791 -0.516642
v 3.6377 -4.085 -0.64422
vn -0.959689 0.0859608 -0.267598
v 3.615 -4.081 -0.60798
vn -0.730895 0.239555 -0.639066
v 3.6146 -4.085 -0.60835
vn -0.7269 0.124921 -0.675286
v 3.6217 -4.0623 -0.60798
vn -0.791393 0.285415 -0.540588
v 3.6428 -4.085 -0.67609
vn -0.996621 -0.0318419 -0.0757158
v 3.6412 -4.0623 -0.65339
vn -0.978493 0.150471 -0.141103
v 3.6398 -4.085 -0.65339
vn -0.985611 0.0607867 -0.157723
v 3.615 -4.0623 -0.60202
vn -0.646403 0.451572 -0.615017
v 3.6831 -4.085 -0.49249
vn -0.205938 0.137017 0.968925
v 3.6792 -4.0623 -0.47175
vn -0.852917 -0.342659 0.39385
v 3.6831 -4.0684 -0.47175
vn -0.776178 -0.559237 0.291208
v 3.7058 -4.085 -0.48835
vn -0.108569 0.067939 0.991765
v 3.7058 -4.1077 -0.48845
vn -0.0365388 -0.00440175 0.999323
v 3.6802 -4.0623 -0.44904
vn -0.971154 -0.227237 -0.0722722
v 3.6831 -4.0701 -0.44904
vn -0.818107 -0.551458 -0.163081
v 3.6757 -4.0623 -0.42634
vn -0.97063 -0.138857 -0.196458
v 3.6831 -4.0801 -0.42634
vn -0.843084 -0.49912 -0.200223
v 3.6978 -4.085 -0.44904
vn -0.700498 -0.691083 -0.178062
v 3.8932 -4.0169 -1.0167
vn -0.708009 -0.119577 0.696007
v 3.8874 -4.0169 -1.0226
vn -0.708009 -0.119577 0.696007
v 3.8874 -4.0396 -1.0265
vn -0.708009 -0.119577 0.696007
v 3.8204 -4.01535 -1.0394
vn 0.198925 0.138643 0.970158
v 3.842 -4.0169 -1.0432
vn -0.00839206 -0.0653827 0.997825
v 3.842 -3.9942 -1.0421
vn 0.0168694 -0.0630404 0.997868
v 3.8193 -3.9942 -1.0413
vn 0.0351989 -0.03085 0.998904
v 3.8555 -3.9942 -1.0394
vn -0.151068 -0.119051 0.981328
v 3.8647 -4.0024 -1.0394
vn -0.096484 -0.108252 0.98943
v 3.842 -3.9879 -1.0394
vn -0.0481883 -0.39346 0.918078
v 3.7417 -3.7899 -0.92585
vn -0.989569 -0.0087097 0.143793
v 3.745 -3.7899 -0.90314
vn -0.989569 -0.0087097 0.143793
v 3.7448 -3.7672 -0.90314
vn -0.989569 -0.0087097 0.143793
v 3.6377 -4.0543 -0.63068
vn -0.883204 0.334219 -0.32901
v 3.6341 -4.0396 -0.60798
vn -0.679101 0.562812 -0.471238
v 3.6377 -4.0396 -0.61612
vn -0.78348 0.505807 -0.360997
v 3.6377 -4.035 -0.60798
vn -0.706579 0.64122 -0.299305
v 3.6496 -4.0396 -0.67609
vn -0.925709 0.377954 -0.0146313
v 3.6607 -4.0174 -0.67609
vn -0.865551 0.500662 -0.0126321
v 3.649 -4.0396 -0.65339
vn -0.910598 0.395203 -0.12094
v 3.6604 -4.0169 -0.65613
vn -0.869191 0.490719 -0.0608424
v 3.6435 -4.0396 -0.63068
vn -0.839578 0.500249 -0.211801
v 3.6573 -4.0169 -0.63068
vn -0.836759 0.53237 -0.128123
v 3.6547 -4.0169 -0.60798
vn -0.703459 0.686564 -0.183778
v 3.6604 -4.0136 -0.63068
vn -0.74614 0.664697 -0.0381187
v 3.6788 -3.9942 -0.63068
vn -0.725519 0.688133 -0.00978054
v 3.6778 -3.9942 -0.65339
vn -0.75925 0.65027 -0.0262353
v 3.6604 -4.0119 -0.60798
vn -0.704001 0.708304 -0.0518529
v 3.6174 -4.0396 -0.58527
vn -0.607665 0.569767 -0.553272
v 3.5965 -4.0623 -0.58527
vn -0.605801 0.558858 -0.566288
v 3.6377 -4.0252 -0.58527
vn -0.617533 0.733159 -0.284836
v 3.5923 -4.0462 -0.56257
vn -0.61885 0.582136 -0.527391
v 3.615 -4.0396 -0.58253
vn -0.631056 0.578223 -0.517132
v 3.5923 -4.0623 -0.58095
vn -0.561031 0.622679 -0.545449
v 3.6377 -4.0099 -0.56257
vn -0.139301 0.515212 -0.845667
v 3.6377 -4.0169 -0.57079
vn -0.34213 0.795275 -0.500485
v 3.6171 -4.0169 -0.56257
vn -0.162766 0.461473 -0.872095
v 3.5624 -4.0169 -0.51716
vn -0.924615 -0.35453 0.139267
v 3.5635 -4.0169 -0.53986
vn -0.926711 -0.375534 -0.0134433
v 3.5696 -4.0268 -0.51716
vn -0.848881 -0.519422 0.0979871
v 3.5696 -4.0302 -0.53986
vn -0.907185 -0.416091 0.0623192
v 3.615 -4.0182 -0.56257
vn -0.102828 0.32237 -0.941012
v 3.5923 -4.0169 -0.55986
vn -0.127091 0.355696 -0.92592
v 3.5696 -3.9942 -0.54038
vn -0.500536 0.636201 -0.587122
v 3.5923 -3.9844 -0.53986
vn -0.286725 0.780971 -0.554863
v 3.5923 -3.9942 -0.55024
vn -0.211718 0.512215 -0.832353
v 3.5571 -3.9942 -0.51716
vn -0.990953 0.124494 0.050143
v 3.5696 -3.9749 -0.51716
vn -0.556854 0.795209 -0.239911
v 3.615 -3.9942 -0.55425
vn -0.0803055 0.432114 -0.898236
v 3.6377 -3.9942 -0.55408
vn -0.0517108 0.545758 -0.836346
v 3.615 -3.9775 -0.53986
vn -0.14375 0.785795 -0.60155
v 3.5923 -3.9735 -0.51716
vn -0.0599085 0.995632 0.0716154
v 3.6377 -3.9715 -0.53959
vn -0.0529363 0.260268 -0.964084
v 3.6445 -3.9715 -0.53986
vn -0.0778558 0.521935 -0.849425
v 3.6507 -4.0169 -0.58527
vn -0.483466 0.840647 -0.244076
v 3.6604 -4.011 -0.58527
vn -0.548317 0.819187 -0.168169
v 3.6604 -4.0019 -0.56257
vn -0.347705 0.742349 -0.57273
v 3.7285 -3.9295 -0.51716
vn -0.14475 0.447259 0.882614
v 3.7285 -3.9261 -0.5209
vn -0.827432 0.0627793 0.558046
v 3.7058 -3.9423 -0.51716
vn -0.385061 0.682877 0.620811
v 3.8193 -3.9854 -0.51716
vn 0.274534 0.801227 0.531664
v 3.8198 -3.9715 -0.53986
vn 0.454516 0.736897 0.500398
v 3.7966 -3.9715 -0.52377
vn 0.459614 0.638621 0.617186
v 3.8333 -3.9715 -0.56257
vn 0.402109 0.883837 0.239039
v 3.7299 -3.9261 -0.51716
vn -0.208781 -0.0963293 0.973207
v 3.8193 -3.9569 -0.56257
vn 0.577624 0.690765 0.434964
v 3.7966 -3.9521 -0.53986
vn 0.537784 0.605948 0.586187
v 3.7739 -3.9568 -0.51716
vn 0.537578 0.5383 0.649032
v 3.5696 -4.0169 -0.49936
vn -0.895488 -0.350317 0.274552
v 3.6179 -4.0169 -0.49445
vn -0.323986 -0.301497 0.896735
v 3.615 -4.0396 -0.51356
vn -0.452164 -0.540389 0.709596
v 3.6377 -4.0335 -0.49445
vn -0.451038 -0.426127 0.784206
v 3.6377 -4.0169 -0.48909
vn -0.438836 -0.237001 0.866749
v 3.5616 -3.9942 -0.49445
vn -0.934234 -0.0470435 0.353546
v 3.5696 -4.0134 -0.49445
vn -0.598141 -0.372481 0.709568
v 3.5696 -3.98 -0.49445
vn -0.366624 0.824084 0.431825
v 3.5923 -3.9842 -0.49445
vn 0.167581 0.697388 0.696826
v 3.6332 -3.9942 -0.49445
vn -0.308074 0.420626 0.853325
v 3.6604 -4.0396 -0.48142
vn -0.61213 -0.300856 0.731289
v 3.6693 -4.0396 -0.47175
vn -0.843828 -0.226925 0.486271
v 3.6604 -4.0169 -0.47675
vn -0.570959 -0.148133 0.807504
v 3.667 -4.0169 -0.47175
vn -0.749791 0.222272 0.623225
v 3.6632 -3.9715 -0.49445
vn -0.485531 0.485531 0.726993
v 3.6604 -3.9743 -0.49445
vn -0.485531 0.485531 0.726993
v 3.6831 -3.9942 -0.46948
vn -0.505113 0.37604 0.776824
v 3.6604 -3.9942 -0.48213
vn -0.461798 0.254294 0.849751
v 3.6772 -4.0396 -0.44904
vn -0.983214 -0.155075 0.0961298
v 3.676 -4.0396 -0.42634
vn -0.988888 0.0130762 -0.148087
v 3.6831 -4.0155 -0.44904
vn -0.828326 0.43408 0.35419
v 3.6831 -4.0169 -0.44646
vn -0.89881 0.38527 0.209061
v 3.6292 -3.9715 -0.51716
vn -0.286261 0.839083 0.462595
v 3.6377 -3.9715 -0.5119
vn -0.286261 0.839083 0.462595
v 3.6377 -3.9686 -0.51716
vn -0.286261 0.839083 0.462595
v 3.7058 -3.8807 -0.51581
vn -0.675041 -0.176347 0.716395
v 3.7285 -3.8807 -0.49652
vn -0.5099 -0.571624 0.642844
v 3.6704 -4.0396 -0.40363
vn -0.95908 0.02957 -0.281585
v 3.6831 -4.0185 -0.42634
vn -0.862044 0.48498 -0.147223
v 3.6831 -4.0169 -0.42107
vn -0.862044 0.48498 -0.147223
v 3.7058 -3.9726 -0.42558
vn -0.433463 0.512236 -0.741433
v 3.7084 -3.9715 -0.42634
vn -0.433463 0.512236 -0.741433
v 3.6831 -3.9997 -0.40363
vn -0.881475 0.283333 -0.377789
v 3.6831 -3.9942 -0.39943
vn -0.903273 0.297417 -0.309257
v 3.6848 -3.9715 -0.38093
vn -0.896587 0.400892 -0.188197
v 3.692 -3.9715 -0.40363
vn -0.904103 0.297761 -0.306492
v 3.6604 -4.024 -0.35822
vn -0.962388 0.25899 -0.0820562
v 3.6604 -4.0211 -0.33552
vn -0.964707 0.260031 0.0415241
v 3.684 -3.9715 -0.35822
vn -0.927007 0.374446 -0.0211576
v 3.6746 -3.9942 -0.35822
vn -0.932195 0.355354 -0.0688204
v 3.677 -3.9942 -0.38093
vn -0.941847 0.320962 -0.0995413
v 3.7285 -3.9358 -0.33552
vn 0.0154373 0.99982 0.0110097
v 3.7285 -3.936 -0.35822
vn 0.280959 0.957022 -0.0719088
v 3.7058 -3.942 -0.35822
vn -0.286864 0.957637 0.0253111
v 3.7058 -3.9434 -0.33552
vn -0.331768 0.941399 0.060807
v 3.7966 -4.0215 -0.47175
vn 0.212076 0.708744 0.672834
v 3.7966 -4.0169 -0.4774
vn 0.19623 0.722953 0.662445
v 3.7796 -4.0169 -0.47175
vn 0.206148 0.728823 0.652932
v 3.8193 -4.0294 -0.47175
vn 0.328423 0.661236 0.674467
v 3.8193 -4.0169 -0.48351
vn 0.178645 0.68806 0.70332
v 3.7739 -3.9942 -0.4956
vn 0.284853 0.666908 0.688543
v 3.74925 -3.9735 -0.49445
vn 0.404227 0.394108 0.825396
v 3.7739 -3.9715 -0.50968
vn 0.391055 0.485126 0.782131
v 3.7512 -4.0023 -0.47175
vn 0.497451 0.786113 0.366836
v 3.7512 -3.9942 -0.48247
vn 0.450698 0.71223 0.538145
v 3.7384 -3.9942 -0.47175
vn 0.553217 0.787296 0.272242
v 3.7739 -4.0148 -0.47175
vn 0.282112 0.731127 0.621181
v 3.7966 -4.0007 -0.49445
vn 0.178684 0.718111 0.672598
v 3.7966 -3.9942 -0.50173
vn 0.19868 0.709312 0.676315
v 3.8193 -4.0054 -0.49445
vn 0.148856 0.703103 0.695333
v 3.8193 -3.9942 -0.50611
vn 0.150267 0.727899 0.669016
v 3.7871 -3.9715 -0.51716
vn 0.407149 0.623851 0.667113
v 3.7966 -3.9777 -0.51716
vn 0.282812 0.655143 0.700575
v 3.8193 -4.0396 -0.45235
vn 0.540957 0.757846 0.36474
v 3.8154 -4.0396 -0.44904
vn 0.360155 0.830788 0.424358
v 3.7512 -4.0098 -0.44904
vn 0.557145 0.796937 0.233411
v 3.7285 -3.9929 -0.44904
vn 0.601304 0.770875 0.210203
v 3.7285 -3.9867 -0.47175
vn 0.593578 0.775704 0.214354
v 3.7739 -4.0169 -0.46876
vn 0.288661 0.783495 0.550282
v 3.842 -4.0477 -0.47175
vn -0.0214185 0.598083 0.801148
v 3.842 -4.0396 -0.4757
vn -0.104242 0.551785 0.827446
v 3.834 -4.0396 -0.47175
vn 0.476601 0.641963 0.600612
v 3.8446 -4.0396 -0.47175
vn -0.310583 0.50722 0.803907
v 3.842 -4.0169 -0.48908
vn 0.0655004 0.611884 0.788231
v 3.8647 -4.0338 -0.47175
vn 0.0124919 0.668773 0.743362
v 3.8647 -4.0169 -0.48772
vn 0.0942099 0.716471 0.691226
v 3.8874 -4.0169 -0.51716
vn 0.491553 0.823478 0.283302
v 3.8814 -4.0169 -0.49445
vn 0.293577 0.799605 0.523875
v 3.8874 -4.0207 -0.49445
vn 0.488807 0.776474 0.397689
v 3.88725 -4.0398 -0.47175
vn 0.261889 0.603537 0.753099
v 3.842 -4.0106 -0.49445
vn 0.123152 0.72429 0.678409
v 3.842 -3.9942 -0.51187
vn 0.171361 0.71733 0.675331
v 3.8647 -4.0119 -0.49445
vn 0.282047 0.826479 0.487218
v 3.842 -4.0587 -0.44904
vn 0.452183 0.791085 0.411965
v 3.8647 -4.0623 -0.4587
vn 0.121652 0.566187 0.81525
v 3.8647 -4.0396 -0.46693
vn 0.0362594 0.340952 0.939381
v 3.8874 -4.0623 -0.46659
vn 0.261425 0.275277 0.925138
v 3.7512 -3.9034 -0.51182
vn -0.131166 -0.109669 0.985276
v 3.7325 -3.8807 -0.49445
vn -0.205453 -0.377324 0.903004
v 3.739 -3.9715 -0.42634
vn 0.277828 0.572008 -0.771763
v 3.7285 -3.9715 -0.43012
vn 0.277828 0.572008 -0.771763
v 3.7285 -3.9664 -0.42634
vn 0.277828 0.572008 -0.771763
v 3.7512 -3.9467 -0.35822
vn 0.423818 0.899132 -0.109269
v 3.7512 -3.9488 -0.37255
vn 0.425769 0.897498 -0.114968
v 3.7285 -3.939 -0.38093
vn 0.427183 0.897784 -0.107233
v 3.7497 -3.9488 -0.38093
vn 0.418427 0.905158 -0.074892
v 3.7512 -3.9443 -0.33552
vn 0.376241 0.925006 -0.0529668
v 3.7058 -3.858 -0.51356
vn -0.742034 0.0269121 0.669822
v 3.7216 -3.858 -0.49445
vn -0.737932 -0.0145884 0.674717
v 3.7285 -3.8778 -0.49445
vn -0.616715 -0.266832 0.740583
v 3.7285 -3.8353 -0.49166
vn -0.676225 0.196428 0.710026
v 3.7285 -3.858 -0.48783
vn -0.436118 -0.158069 0.885898
v 3.7285 -3.8302 -0.49445
vn -0.663119 0.408974 0.626908
v 3.7512 -3.8807 -0.49154
vn -0.186174 -0.535685 0.823639
v 3.7512 -3.858 -0.47901
vn -0.345644 -0.298617 0.889583
v 3.7512 -3.8353 -0.4763
vn -0.353993 0.226801 0.907331
v 3.74 -3.8126 -0.49445
vn -0.613509 0.421011 0.668099
v 3.7512 -3.8029 -0.49445
vn -0.186088 0.927831 0.323266
v 3.7739 -3.8032 -0.49445
vn 0.0131123 0.9924 0.122356
v 3.7512 -3.8126 -0.48503
vn 0.0526622 0.233588 0.970908
v 3.7739 -3.8353 -0.48662
vn 0.260217 0.193964 0.945867
v 3.7739 -3.8126 -0.4872
vn 0.0951297 0.0254257 0.99514
v 3.6639 -4.0169 -0.31281
vn -0.952641 0.287433 0.099288
v 3.7285 -3.9367 -0.31281
vn -0.110104 0.991759 0.0655147
v 3.7058 -3.9455 -0.31281
vn -0.370596 0.924464 0.0895811
v 3.7285 -3.9385 -0.29011
vn -0.128508 0.986988 0.0966499
v 3.7058 -3.9488 -0.28514
vn -0.473185 0.874608 0.105625
v 3.7285 -3.9418 -0.2674
vn 0.0238968 0.987583 0.155271
v 3.7109 -3.9488 -0.2674
vn -0.378695 0.917367 0.122592
v 3.7285 -3.9472 -0.2447
vn 0.0384188 0.980862 0.190878
v 3.7233 -3.9488 -0.2447
vn -0.33928 0.911284 0.233345
v 3.6764 -3.9942 -0.22199
vn -0.998373 0.018685 0.0538656
v 3.7285 -3.9508 -0.22199
vn -0.200178 0.977213 0.0706002
v 3.7285 -3.9488 -0.23666
vn -0.1972 0.968867 0.149699
v 3.7058 -3.9602 -0.22199
vn -0.376539 0.921349 0.0966125
v 3.7058 -3.9566 -0.2447
vn -0.373531 0.91192 0.16993
v 3.7285 -3.9515 -0.19929
vn -0.15781 0.987253 0.0206928
v 3.7058 -3.9612 -0.19929
vn -0.395462 0.918357 0.0151653
v 3.7285 -3.9522 -0.15387
vn -0.201103 0.979528 0.00907864
v 3.7512 -3.943 -0.31281
vn 0.331371 0.943459 0.00885712
v 3.7589 -3.9488 -0.31281
vn 0.58782 0.808663 -0.0230488
v 3.7568 -3.9488 -0.33552
vn 0.600732 0.797518 -0.0555496
v 3.7512 -3.9431 -0.29011
vn 0.317703 0.946482 0.0568883
v 3.7596 -3.9488 -0.29011
vn 0.561483 0.827429 0.00989049
v 3.7512 -3.9449 -0.2674
vn 0.181966 0.972786 0.143439
v 3.7512 -3.9509 -0.22199
vn 0.247958 0.965782 0.0760422
v 3.7739 -3.9671 -0.22199
vn 0.590813 0.804359 0.0628305
v 3.7512 -3.9522 -0.19929
vn 0.41342 0.909395 0.0456591
v 3.7739 -3.9692 -0.19929
vn 0.598805 0.799585 0.0457803
v 3.7512 -3.9527 -0.17658
vn 0.120875 0.992595 0.0119841
v 3.7058 -3.9622 -0.15387
vn -0.396353 0.918094 0.0026952
v 3.7285 -3.9526 -0.10846
vn -0.215097 0.97656 -0.00798638
v 3.7058 -3.9621 -0.10846
vn -0.385905 0.9221 -0.0284278
v 3.7285 -3.9521 -0.085759
vn -0.0816622 0.996613 -0.00965818
v 3.7058 -3.9608 -0.085759
vn -0.371845 0.927566 -0.0367754
v 3.7285 -3.9513 -0.063054
vn -0.020761 0.999761 -0.00692124
v 3.7058 -3.9589 -0.063054
vn -0.317416 0.948056 -0.0208812
v 3.7285 -3.9508 -0.040349
vn 0.00440709 0.999819 -0.0184922
v 3.7058 -3.9587 -0.040349
vn -0.324959 0.945703 -0.00694135
v 3.7285 -3.951 -0.017643
vn 0.02972 0.999553 -0.00330098
v 3.7512 -3.9529 -0.13117
vn 0.0286205 0.999503 0.013206
v 3.7512 -3.9536 -0.10846
vn 0.0731958 0.997007 0.0248866
v 3.7512 -3.9551 -0.085759
vn 0.165017 0.985729 0.0332868
v 3.7512 -3.9567 -0.063054
vn 0.231281 0.972206 0.0363946
v 3.7512 -3.9568 -0.040349
vn 0.247466 0.96852 -0.0270149
v 3.7512 -3.9553 -0.017643
vn 0.209462 0.976992 -0.04016
v 3.7512 -3.9538 0.0050616
vn 0.120963 0.992503 -0.0174847
v 3.7285 -3.9518 0.0050616
vn 0.0761286 0.997059 0.00878413
v 3.7512 -3.9533 0.027767
vn 0.0644724 0.99791 -0.00439404
v 3.7285 -3.9521 0.027767
vn 0.063016 0.997974 -0.00879219
v 3.7512 -3.9532 0.050472
vn 0.0732092 0.997042 -0.0234206
v 3.7285 -3.9513 0.050472
vn 0.0833719 0.995975 -0.0329023
v 3.7512 -3.9525 0.073177
vn 0.0833777 0.996045 -0.0307081
v 3.7512 -3.9509 0.095882
vn 0.0736539 0.996865 -0.0289005
v 3.7285 -3.9488 0.07834
vn 0.0707796 0.997005 -0.0311494
v 3.7285 -3.9469 0.107236
vn 0.153987 0.986787 -0.0503929
v 3.7512 -3.9488 0.12561
vn 0.0591166 0.994098 -0.0909615
v 3.7311 -3.9488 0.11859
vn 0.0766494 0.993961 -0.0785223
v 3.7512 -3.9479 0.14129
vn 0.161048 0.986381 -0.0334043
v 3.7285 -3.9448 0.14129
vn 0.119367 0.99059 -0.0669471
v 3.753 -3.9488 0.14129
vn 0.447104 0.894171 -0.0235855
v 3.7512 -3.9475 0.164
vn 0.17101 0.985255 0.00533733
v 3.7285 -3.9441 0.164
vn 0.148129 0.988958 0.00435641
v 3.7538 -3.9488 0.164
vn 0.440779 0.897467 0.0163438
v 3.6851 -4.1531 -0.99397
vn -0.753568 0.591729 0.286342
v 3.6809 -4.1304 -1.0167
vn -0.608115 0.281756 0.742165
v 3.6604 -4.1304 -1.0331
vn -0.588195 0.348329 0.729858
v 3.6528 -4.1304 -1.0394
vn -0.599039 0.344886 0.722638
v 3.6831 -4.1272 -1.0167
vn -0.640594 0.447 0.624364
v 3.6831 -4.1077 -1.0285
vn -0.494671 0.441778 0.74842
v 3.7021 -4.1077 -1.0167
vn -0.50538 0.528354 0.682227
v 3.6912 -4.0623 -1.0394
vn -0.352104 0.0609765 0.933972
v 3.7058 -4.1054 -1.0167
vn -0.0934223 0.548274 0.831064
v 3.7058 -4.085 -1.0284
vn -0.271622 0.35353 0.895119
v 3.7285 -4.1028 -1.0167
vn -0.0132564 0.511397 0.859242
v 3.7285 -4.085 -1.0259
vn 0.04224 0.365268 0.929944
v 3.7058 -4.0623 -1.0339
vn -0.149812 0.143154 0.978296
v 3.7285 -4.0623 -1.0321
vn -0.0289741 0.223198 0.974342
v 3.7018 -4.1304 -0.99397
vn -0.64126 0.521936 0.562466
v 3.7058 -4.127 -0.99397
vn -0.242975 0.73442 0.633712
v 3.7058 -4.1077 -1.0146
vn -0.134953 0.739686 0.659282
v 3.7285 -4.1223 -0.99397
vn 0.0645303 0.862478 0.501963
v 3.7285 -4.1077 -1.0121
vn 0.0320598 0.753509 0.656656
v 3.7058 -4.1367 -0.97126
vn -0.535201 0.769811 0.347781
v 3.7058 -4.1304 -0.98782
vn -0.550202 0.775429 0.309819
v 3.7239 -4.1304 -0.97126
vn -0.265249 0.921838 0.282591
v 3.7285 -4.1299 -0.97126
vn 0 0.964612 0.263675
v 3.7285 -4.1531 -0.92803
vn -0.154478 0.718 0.678684
v 3.7058 -4.15 -0.94855
vn -0.558007 0.670797 0.488528
v 3.7285 -4.135 -0.94855
vn -0.183131 0.863778 0.469415
v 3.7512 -4.1134 -1.0167
vn 0.260431 0.699541 0.665445
v 3.7512 -4.1077 -1.0203
vn 0.153682 0.400723 0.903218
v 3.7404 -4.1077 -1.0167
vn 0.239158 0.54477 0.80376
v 3.7739 -4.12 -1.0167
vn -0.0542901 0.548391 0.834458
v 3.7739 -4.1077 -1.0224
vn -0.0949624 0.309925 0.946007
v 3.7966 -4.109 -1.0167
vn -0.285856 0.319262 0.903525
v 3.7512 -4.085 -1.0293
vn 0.105089 0.3343 0.936589
v 3.7739 -4.085 -1.0282
vn -0.170335 0.243938 0.954715
v 3.7966 -4.085 -1.0212
vn -0.276763 0.173878 0.945076
v 3.8104 -4.085 -1.0167
vn -0.304174 0.176715 0.936082
v 3.8193 -4.075 -1.0167
vn 0.0264064 0.292873 0.955787
v 3.8193 -4.0623 -1.0203
vn 0.0964739 0.280849 0.954891
v 3.7966 -4.0623 -1.0227
vn -0.165594 0.139407 0.976291
v 3.7739 -4.1304 -1.0063
vn 0.201639 0.743133 0.63804
v 3.7416 -4.1304 -0.97126
vn 0.238604 0.942147 0.235432
v 3.8193 -4.1428 -0.99397
vn -0.0266714 0.378334 0.925285
v 3.8193 -4.1304 -0.99904
vn -0.150041 0.413092 0.898244
v 3.8193 -4.1077 -1.0075
vn -0.194034 0.33831 0.920813
v 3.8193 -4.085 -1.0138
vn -0.0287035 0.282825 0.958742
v 3.8647 -4.0937 -1.0167
vn 0.114898 0.398952 0.909745
v 3.8647 -4.085 -1.0202
vn 0.0144504 0.310244 0.950547
v 3.8443 -4.08385 -1.0167
vn 0.14824 0.382486 0.911992
v 3.842 -4.0623 -1.026
vn 0.173741 0.380116 0.908474
v 3.8647 -4.0623 -1.0284
vn -0.0505189 0.306333 0.950583
v 3.8874 -4.0968 -1.0167
vn -0.0297737 0.333456 0.942295
v 3.8874 -4.085 -1.0201
vn -0.121055 0.201459 0.971988
v 3.8874 -4.0623 -1.0249
vn -0.16666 0.194724 0.966596
v 3.842 -4.1077 -1.0055
vn 0.0443388 0.398652 0.91603
v 3.842 -4.085 -1.0154
vn 0.0211809 0.350771 0.936222
v 3.8647 -4.1077 -1.0095
vn 0.106703 0.438227 0.892509
v 3.8874 -4.1077 -1.012
vn 0.0303256 0.395774 0.917847
v 3.7512 -4.1531 -0.92989
vn 0.255678 0.68274 0.684466
v 3.7512 -4.1399 -0.94855
vn 0.264832 0.83163 0.488115
v 3.7638 -4.1531 -0.94855
vn 0.649965 0.620427 0.438881
v 3.6507 -4.0623 -0.83503
vn -0.823242 -0.566364 -0.0387979
v 3.5468 -3.9942 -0.99457
vn 0.421699 0.693819 0.583769
v 3.5468 -3.9753 -1.0167
vn 0.349968 0.712944 0.607646
v 3.5696 -3.9715 -1.0294
vn 0.326749 0.233965 0.915694
v 3.5696 -3.9942 -1.0236
vn 0.326749 0.233965 0.915694
v 3.6377 -3.9942 -1.0344
vn -0.015793 -0.124405 0.992106
v 3.615 -3.9715 -1.0363
vn 0.070559 0.128088 0.98925
v 3.5923 -3.9715 -1.0338
vn 0.108765 0.113116 0.987611
v 3.5632 -3.9942 -1.0167
vn 0.659071 0.571898 0.488424
v 3.678 -4.0396 -1.0394
vn -0.216278 -0.283966 0.934124
v 3.6831 -4.0433 -1.0394
vn -0.207868 -0.132372 0.969159
v 3.6604 -4.0169 -1.0361
vn -0.114739 -0.293126 0.949164
v 3.7058 -4.0396 -1.0353
vn -0.156567 -0.00422814 0.987658
v 3.7285 -4.0396 -1.035
vn -0.0460034 0.0941905 0.994491
v 3.6513 -3.9715 -1.0394
vn 0.0883055 0.261096 0.961265
v 3.6831 -3.9839 -1.0394
vn 0.0416714 0.171995 0.984216
v 3.6831 -3.9942 -1.0376
vn 0.0408009 0.175868 0.983568
v 3.7058 -3.9942 -1.0385
vn 0.0398683 0.180011 0.982856
v 3.5757 -3.9488 -1.0394
vn 0.0923983 0.316367 0.944126
v 3.62635 -3.96365 -1.0394
vn 0.0859015 0.284869 0.95471
v 3.5923 -3.9843 -0.92585
vn -0.791552 -0.573969 -0.209775
v 3.5923 -3.9926 -0.90314
vn -0.804237 -0.528138 0.272532
v 3.577 -3.9715 -0.90314
vn -0.942281 0.237718 0.235788
v 3.5923 -3.9715 -0.88286
vn -0.666421 0.156214 0.729027
v 3.5955 -3.9715 -0.88044
vn -0.639655 0.518086 0.567827
v 3.6058 -3.9942 -0.88044
vn -0.733583 -0.308105 0.605745
v 3.6831 -3.9879 -0.88044
vn 0.00149273 0.531208 -0.84724
v 3.6831 -3.9942 -0.88439
vn -0.286449 0.237189 -0.928272
v 3.6604 -3.9942 -0.88443
vn 0.00149273 0.531208 -0.84724
v 3.6831 -4.0169 -0.88785
vn -0.363512 0.140373 -0.920953
v 3.7058 -3.9942 -0.89335
vn -0.452735 0.0680153 -0.889047
v 3.7145 -3.9715 -0.90314
vn -0.550712 -0.160351 -0.819148
v 3.7058 -3.9715 -0.89611
vn -0.620926 -0.154868 -0.768418
v 3.5923 -3.9583 -0.92585
vn -0.599964 0.777114 -0.190099
v 3.5923 -3.9715 -0.93395
vn -0.31231 0.496862 -0.809686
v 3.5713 -3.9715 -0.92585
vn -0.514505 0.818538 -0.255499
v 3.5923 -3.9556 -0.90314
vn -0.139351 0.985631 0.0954658
v 3.615 -3.9624 -0.90314
vn -0.10056 0.989431 0.104475
v 3.615 -3.9715 -0.90941
vn 0.392719 0.763091 -0.513288
v 3.603 -3.9715 -0.92585
vn 0.472675 0.810888 -0.345021
v 3.615 -3.9593 -0.88044
vn -0.131197 0.990649 -0.0374339
v 3.63765 -3.97155 -0.88044
vn 0.126508 0.972692 -0.194594
v 3.6193 -3.9715 -0.90314
vn 0.44361 0.821775 -0.357625
v 3.7285 -3.9488 -0.92657
vn -0.518161 -0.324135 -0.791483
v 3.7274 -3.9488 -0.92585
vn -0.644559 -0.448798 -0.61897
v 3.7132 -3.9261 -0.92585
vn -0.518161 -0.324135 -0.791483
v 3.7156 -3.8807 -0.92585
vn -0.95252 0.190237 -0.237729
v 3.7223 -3.8807 -0.94855
vn -0.957075 0.127652 -0.260214
v 3.7232 -3.9034 -0.94855
vn -0.930471 0.0512389 -0.362765
v 3.7122 -3.9034 -0.92585
vn -0.960257 0.147479 -0.236973
v 3.706 -3.9488 -0.90314
vn -0.607802 -0.293688 -0.737783
v 3.7285 -3.9715 -0.91019
vn -0.597451 -0.371469 -0.710678
v 3.7058 -3.9261 -0.9063
vn -0.997489 -0.0167445 -0.0688117
v 3.7058 -3.9261 -0.88065
vn -0.997267 0.0694534 0.0252023
v 3.706 -3.935 -0.89172
vn -0.999067 0.0383154 -0.0199269
v 3.7058 -3.9316 -0.88044
vn -0.973783 0.212452 -0.0813026
v 3.707 -3.9261 -0.88044
vn -0.962204 0.260086 0.0807403
v 3.7083 -3.9034 -0.90314
vn -0.98778 0.15584 -0.00217302
v 3.7058 -3.9219 -0.90314
vn -0.983041 0.179762 0.0362739
v 3.7123 -3.8807 -0.90314
vn -0.975394 0.219854 0.016468
v 3.7121 -3.9034 -0.88044
vn -0.967979 0.18598 0.168608
v 3.7168 -3.8807 -0.88044
vn -0.935039 0.24813 0.253248
v 3.7966 -4.0396 -1.025
vn 0.0405797 0.241327 0.969595
v 3.8193 -4.0396 -1.0293
vn 0.221188 0.370847 0.901969
v 3.842 -4.0317 -1.0394
vn -0.00307044 0.280947 0.959718
v 3.8647 -4.025 -1.0394
vn -0.344635 0.126705 0.930146
v 3.8647 -4.0169 -1.0405
vn -0.14969 0 0.988733
v 3.842 -4.0396 -1.036
vn 0.0976181 0.367515 0.92488
v 3.8647 -4.0396 -1.0352
vn -0.188995 0.288946 0.938505
v 3.8671 -4.0169 -1.0394
vn -0.619198 0 0.785235
v 3.7625 -3.9261 -1.0394
vn -0.613838 -0.101957 0.782821
v 3.7512 -3.9261 -1.0466
vn -0.419114 -0.0215649 0.907678
v 3.7512 -3.9488 -1.045
vn -0.460081 0.0100081 0.88782
v 3.7646 -3.9488 -1.0394
vn -0.442094 -0.0408982 0.896036
v 3.7739 -3.9488 -1.0338
vn -0.565242 -0.343268 0.750112
v 3.7739 -3.9261 -1.0255
vn -0.783353 -0.250277 0.568963
v 3.7966 -3.9715 -1.0326
vn -0.397829 -0.431566 0.809619
v 3.7966 -3.9488 -1.0205
vn -0.393498 -0.45152 0.800805
v 3.8087 -3.9488 -1.0167
vn -0.263862 -0.473737 0.840209
v 3.7806 -3.9261 -1.0167
vn -0.595746 -0.384061 0.705396
v 3.7966 -3.9433 -1.0167
vn -0.444074 -0.464285 0.766315
v 3.7285 -3.9034 -1.0537
vn -0.308024 -0.0104763 0.951321
v 3.7285 -3.9261 -1.0523
vn -0.243105 0.0597099 0.96816
v 3.7512 -3.9034 -1.0447
vn -0.479153 -0.0934232 0.872745
v 3.7577 -3.9034 -1.0394
vn -0.769348 -0.247154 0.589082
v 3.7512 -3.8786 -1.0394
vn -0.756366 -0.226432 0.613709
v 3.7698 -3.9034 -1.0167
vn -0.896938 -0.364888 0.249717
v 3.7739 -3.9138 -1.0167
vn -0.81799 -0.337003 0.466177
v 3.7605 -3.8807 -1.0167
vn -0.914679 -0.404153 0.00479843
v 3.7512 -3.88068 -0.99396
vn -0.757749 -0.422267 -0.4975
v 3.7677 -3.9034 -0.99397
vn -0.794955 -0.482962 -0.367144
v 3.7427 -3.9034 -0.97126
vn -0.616946 -0.403381 -0.675768
v 3.7512 -3.9034 -0.97902
vn -0.676138 -0.401537 -0.617742
v 3.7512 -3.9164 -0.97126
vn -0.645157 -0.472799 -0.600195
v 3.7341 -3.8807 -0.97126
vn -0.805101 -0.234297 -0.544902
v 3.7285 -3.9209 -0.94855
vn -0.55193 -0.344901 -0.759221
v 3.7285 -3.9034 -0.9565
vn -0.601112 -0.414852 -0.683054
v 3.7512 -3.9261 -0.96269
vn -0.601112 -0.414852 -0.683054
v 3.615 -3.7398 -1.0394
vn 0.0742469 -0.421057 0.90399
v 3.615 -3.7217 -1.03
vn -0.0727768 -0.482014 0.873136
v 3.5923 -3.7353 -1.0394
vn -0.0727768 -0.482014 0.873136
v 3.5923 -3.7217 -1.0313
vn -0.106209 -0.567028 0.816823
v 3.5923 -3.7026 -1.0167
vn -0.177517 -0.613 0.769882
v 3.615 -3.708 -1.0167
vn -0.14298 -0.601055 0.786314
v 3.5923 -3.699 -1.01
vn -0.661028 -0.660984 0.355165
v 3.5887 -3.699 -1.0167
vn -0.661028 -0.660984 0.355165
v 3.7253 -3.858 -0.94855
vn -0.970438 0.170421 -0.170901
v 3.7285 -3.858 -0.9624
vn -0.971294 0.0763095 -0.225311
v 3.7285 -3.8807 -0.96247
vn -0.929517 0.0174343 -0.368366
v 3.7285 -3.8423 -0.94855
vn -0.976217 0.191413 -0.101789
v 3.7226 -3.858 -0.92585
vn -0.951097 0.262729 -0.162442
v 3.7285 -3.8432 -0.92585
vn -0.957001 0.285521 -0.0512557
v 3.7196 -3.858 -0.90314
vn -0.94204 0.334534 0.0254533
v 3.7285 -3.8451 -0.88044
vn -0.84499 0.434816 0.31133
v 3.7285 -3.8396 -0.90314
vn -0.875738 0.468857 0.11514
v 3.7237 -3.858 -0.88044
vn -0.904617 0.3137 0.288549
v 3.7512 -3.858 -1.0202
vn -0.941149 -0.311042 0.132256
v 3.7387 -3.8126 -1.0167
vn -0.937722 -0.303555 0.168912
v 3.7392 -3.8353 -1.0394
vn -0.927272 -0.279423 0.249177
v 3.7285 -3.784 -1.0167
vn -0.927488 -0.271841 0.256647
v 3.7285 -3.7899 -1.0228
vn -0.893958 -0.316411 0.317368
v 3.7285 -3.8073 -1.0394
vn -0.891643 -0.321278 0.318988
v 3.7437 -3.858 -0.99397
vn -0.866282 -0.18796 -0.462845
v 3.7512 -3.858 -1.0128
vn -0.916138 -0.265649 -0.300204
v 3.7401 -3.8353 -0.99397
vn -0.928517 -0.132249 -0.34694
v 3.7315 -3.858 -0.97126
vn -0.906842 -0.0556682 -0.417779
v 3.7325 -3.8353 -0.97126
vn -0.98439 0.102881 -0.142799
v 3.7353 -3.8126 -0.94855
vn -0.990394 0.137432 -0.0152636
v 3.7337 -3.8126 -0.97126
vn -0.996143 0.0526577 0.0701829
v 3.7382 -3.7899 -0.94855
vn -0.987483 0.0413059 0.152221
v 3.7387 -3.8126 -0.92585
vn -0.967031 0.227219 0.114988
v 3.7345 -3.8353 -0.88044
vn -0.838631 0.449978 0.306949
v 3.731 -3.8353 -0.90314
vn -0.904671 0.409556 0.11762
v 3.741 -3.8126 -0.90314
vn -0.937024 0.300566 0.177894
v 3.7467 -3.8126 -0.88044
vn -0.827948 0.402127 0.390891
v 3.7512 -3.8001 -0.88044
vn -0.907167 0.228809 0.353121
v 3.7531 -3.7899 -0.88044
vn -0.918438 0.155174 0.363857
v 3.7347 -3.7899 -0.97126
vn -0.9872 -0.0478405 0.152144
v 3.7371 -3.7672 -0.94855
vn -0.9872 -0.0478405 0.152144
v 3.6367 -4.0396 -0.85773
vn -0.919875 -0.378862 0.101456
v 3.6377 -4.0396 -0.86006
vn -0.796456 -0.459016 -0.393653
v 3.6377 -4.0407 -0.85773
vn -0.824453 -0.558622 -0.0906557
v 3.6235 -4.0169 -0.85773
vn -0.924708 -0.365232 0.107329
v 3.6377 -4.0218 -0.88044
vn -0.795309 -0.456577 -0.398773
v 3.6356 -4.0396 -0.83503
vn -0.968486 -0.247976 0.0232964
v 3.6377 -4.0445 -0.83503
vn -0.832491 -0.553764 0.0174299
v 3.6311 -4.0169 -0.83503
vn -0.940495 -0.102869 0.323864
v 3.615 -4.0032 -0.88044
vn -0.870332 -0.417772 0.260748
v 3.615 -3.9942 -0.86602
vn -0.805606 -0.0982683 0.584245
v 3.6197 -3.9942 -0.85773
vn -0.844784 0.248555 0.473877
v 3.615 -3.9715 -0.86728
vn -0.544513 0.104495 0.832218
v 3.6282 -3.978 -0.8673
vn -0.561465 0.44975 0.694609
v 3.6346 -3.9715 -0.85773
vn -0.75244 0.493889 0.435784
v 3.6377 -3.9942 -0.83335
vn -0.823619 0.244133 0.511909
v 3.6377 -3.992 -0.83503
vn -0.716038 0.462516 0.522846
v 3.6377 -4.0396 -0.82278
vn -0.938342 -0.307967 0.157067
v 3.6377 -4.0169 -0.81857
vn -0.906571 0.158053 0.391343
v 3.64 -4.0396 -0.81232
vn -0.96789 -0.160594 0.193386
v 3.6404 -4.0169 -0.81232
vn -0.934244 0.204622 0.292092
v 3.6485 -4.0169 -0.78962
vn -0.903246 0.335144 0.268002
v 3.65 -3.9942 -0.81232
vn -0.8553 0.358358 0.374221
v 3.6604 -3.9942 -0.78502
vn -0.868341 0.395577 0.299171
v 3.6831 -3.9715 -0.83679
vn -0.334429 0.892033 -0.304031
v 3.7176 -3.9034 -0.85773
vn -0.952803 0.197276 0.230757
v 3.7285 -3.8862 -0.81232
vn -0.829733 0.558028 -0.0121306
v 3.7316 -3.8807 -0.83503
vn -0.845141 0.529447 0.0736316
v 3.7192 -3.9034 -0.83503
vn -0.84913 0.525766 -0.0504739
v 3.7165 -3.9034 -0.81232
vn -0.803276 0.594129 -0.0419337
v 3.7285 -3.8871 -0.78962
vn -0.751896 0.656955 0.0553331
v 3.715 -3.9034 -0.78962
vn -0.747582 0.662831 0.0421434
v 3.6548 -4.0169 -0.76691
vn -0.899262 0.395676 0.186466
v 3.6594 -4.0169 -0.74421
vn -0.890483 0.436335 0.129044
v 3.6604 -4.0057 -0.76691
vn -0.877716 0.428133 0.215214
v 3.6707 -3.9942 -0.74421
vn -0.895148 0.437542 0.0852508
v 3.6713 -3.9942 -0.7215
vn -0.903094 0.429139 0.0161593
v 3.7285 -3.8919 -0.76691
vn -0.616403 0.770615 0.161864
v 3.7164 -3.9034 -0.76691
vn -0.700014 0.70756 0.0966432
v 3.7196 -3.9034 -0.74421
vn -0.710398 0.702319 0.0456393
v 3.7058 -3.9198 -0.74421
vn -0.764784 0.64353 0.0312197
v 3.7285 -3.8964 -0.74421
vn -0.523412 0.842166 0.129601
v 3.7213 -3.9034 -0.7215
vn -0.656251 0.752387 0.0569991
v 3.7058 -3.9182 -0.7215
vn -0.716267 0.697564 0.0191177
v 3.7285 -3.8985 -0.7215
vn -0.442703 0.892551 0.0858277
v 3.7235 -3.9034 -0.6988
vn -0.62107 0.780511 0.0712288
v 3.7058 -3.9198 -0.6988
vn -0.683638 0.727452 0.0587673
v 3.7285 -3.9002 -0.6988
vn -0.411849 0.906344 0.0944509
v 3.7332 -3.8807 -0.81232
vn -0.697209 0.704004 0.135196
v 3.7364 -3.8807 -0.78962
vn -0.561144 0.810832 0.166338
v 3.7461 -3.8807 -0.76691
vn -0.512322 0.823159 0.244816
v 3.7512 -3.8839 -0.74421
vn -0.475465 0.863443 0.168522
v 3.7512 -3.8807 -0.75839
vn -0.454545 0.858644 0.236893
v 3.7512 -3.8879 -0.7215
vn -0.44031 0.889768 0.12017
v 3.7512 -3.891 -0.6988
vn -0.320854 0.942911 0.0892844
v 3.7285 -3.872 -0.85773
vn -0.879537 0.317 0.354858
v 3.7285 -3.858 -0.86896
vn -0.866453 0.31444 0.387797
v 3.7348 -3.858 -0.85773
vn -0.794317 0.44193 0.416843
v 3.7512 -3.8302 -0.85773
vn -0.759466 0.439288 0.479832
v 3.7456 -3.858 -0.83503
vn -0.81013 0.477663 0.339894
v 3.7285 -3.8807 -0.84699
vn -0.835027 0.440268 0.32999
v 3.7512 -3.8499 -0.83503
vn -0.732224 0.54595 0.40717
v 3.7512 -3.8353 -0.8529
vn -0.730731 0.513577 0.449746
v 3.7646 -3.8353 -0.83503
vn -0.674096 0.522548 0.522052
v 3.7608 -3.8126 -0.85773
vn -0.721705 0.427739 0.544225
v 3.7739 -3.8252 -0.83503
vn -0.574287 0.528805 0.624948
v 3.7512 -3.8626 -0.81232
vn -0.655448 0.701641 0.279441
v 3.7512 -3.858 -0.82201
vn -0.749738 0.615691 0.242523
v 3.7575 -3.858 -0.81232
vn -0.561376 0.76883 0.3062
v 3.7512 -3.8709 -0.78962
vn -0.590954 0.778277 0.212268
v 3.6764 -3.9942 -0.67609
vn -0.810928 0.584948 0.0152053
v 3.72865 -3.9036 -0.676605
vn -0.493798 0.85951 0.131933
v 3.7058 -3.94925 -0.632315
vn -0.917485 0.320635 -0.235403
v 3.7512 -3.8929 -0.67609
vn -0.325884 0.943748 0.0560229
v 3.7739 -3.891 -0.67609
vn -0.0950106 0.995475 -0.00146355
v 3.7512 -3.8923 -0.65339
vn -0.340987 0.934141 -0.105396
v 3.7326 -3.9034 -0.65339
vn -0.497905 0.867211 -0.00598331
v 3.7739 -3.8896 -0.65339
vn -0.0938474 0.983305 -0.155895
v 3.7302 -3.9034 -0.63068
vn -0.682764 0.704103 -0.195122
v 3.7285 -3.9071 -0.65339
vn -0.668286 0.740545 -0.0706225
v 3.7512 -3.8868 -0.63068
vn -0.331915 0.905212 -0.265374
v 3.7285 -3.9034 -0.62555
vn -0.523055 0.686123 -0.505618
v 3.7285 -3.8853 -0.60798
vn -0.439695 0.594427 -0.673294
v 3.7285 -3.8807 -0.60495
vn -0.519333 0.486259 -0.702742
v 3.7169 -3.858 -0.58527
vn -0.301006 0.556854 -0.77415
v 3.6911 -3.9715 -0.063054
vn -0.727512 0.6847 -0.0437272
v 3.6927 -3.9715 -0.085759
vn -0.727251 0.684455 -0.0512496
v 3.6964 -3.9715 0.027767
vn -0.686569 0.724595 0.0598792
v 3.6912 -3.9715 -0.017643
vn -0.691297 0.717879 0.0822108
v 3.6831 -3.9793 -0.017643
vn -0.691297 0.717879 0.0822108
v 3.6683 -3.9942 0.20941
vn -0.872941 0.486551 -0.0352345
v 3.6703 -3.9942 0.1867
vn -0.878219 0.471963 -0.0773457
v 3.6604 -4.0089 0.20941
vn -0.879605 0.472707 -0.053316
v 3.6571 -4.0623 0.66351
vn -0.943334 0.25765 0.209134
v 3.6519 -4.0623 0.64081
vn -0.942643 0.240844 0.231125
v 3.6505 -4.085 0.66351
vn -0.939864 0.273262 0.2049
v 3.6651 -4.1077 0.70892
vn -0.803015 -0.356572 0.477517
v 3.6604 -4.1077 0.70127
vn -0.90649 -0.211723 0.365306
v 3.6831 -4.1306 0.70913
vn -0.640131 -0.559687 0.526292
v 3.6552 -4.085 0.68622
vn -0.968563 0.116652 0.219721
v 3.66065 -4.085 0.708035
vn -0.946023 -0.132707 0.295684
v 3.6684 -3.9942 0.23211
vn -0.851186 0.524792 0.00874673
v 3.6604 -4.0075 0.23211
vn -0.865486 0.500852 -0.00897938
v 3.67 -3.9942 0.27752
vn -0.836223 0.547739 0.0266938
v 3.6604 -4.0075 0.25482
vn -0.841296 0.540163 0.0211107
v 3.6604 -4.0094 0.30023
vn -0.854259 0.519796 0.00741245
v 3.6703 -3.9942 0.30023
vn -0.829351 0.558728 3.84929e-05
v 3.67005 -3.9942 0.334285
vn -0.797742 0.602998 -0.00111973
v 3.6604 -4.00815 0.334285
vn -0.838101 0.545431 -0.0095881
v 3.6703 -3.9942 0.39105
vn -0.809719 0.580968 0.0826479
v 3.6604 -4.008 0.39105
vn -0.809745 0.581027 0.081977
v 3.6604 -4.0112 0.41375
vn -0.803777 0.590352 0.0736626
v 3.675 -3.9942 0.43646
vn -0.794767 0.606852 0.00878679
v 3.6604 -4.0133 0.43646
vn -0.794468 0.607293 -0.00401114
v 3.6739 -3.9942 0.45916
vn -0.774866 0.626387 -0.0849804
v 3.6604 -4.0109 0.45916
vn -0.786719 0.611476 -0.0846756
v 3.6604 -4.0061 0.48187
vn -0.791067 0.592784 -0.151063
v 3.6528 -4.0169 0.48187
vn -0.841764 0.501922 -0.198765
v 3.615 -4.0542 0.52728
vn -0.649792 0.665839 -0.366644
v 3.615 -4.0623 0.51257
vn -0.649792 0.665839 -0.366644
v 3.6067 -4.0623 0.52728
vn -0.652671 0.735876 -0.180299
v 3.6042 -4.0623 0.54998
vn -0.642751 0.762797 -0.0707891
v 3.615 -4.0532 0.54998
vn -0.764555 0.624775 0.158469
v 3.6314 -4.0396 0.57269
vn -0.806055 0.534282 0.254594
v 3.6257 -4.0396 0.54998
vn -0.830172 0.522239 0.195144
v 3.615 -4.0623 0.56926
vn -0.793163 0.526879 0.305435
v 3.6177 -4.0623 0.57269
vn -0.709968 0.428478 0.558885
v 3.6377 -4.0275 0.57269
vn -0.849735 0.460352 0.256957
v 3.639 -4.0169 0.54998
vn -0.826214 0.536865 0.170725
v 3.6468 -4.0169 0.50457
vn -0.84963 0.477175 -0.224573
v 3.6377 -4.0396 0.49657
vn -0.872395 0.430994 -0.23059
v 3.6436 -4.0169 0.57269
vn -0.808671 0.545309 0.220656
v 3.6604 -3.9934 0.57269
vn -0.788159 0.568332 0.236228
v 3.6559 -3.9942 0.54998
vn -0.798959 0.582501 0.149521
v 3.6527 -4.0169 0.5954
vn -0.848441 0.418447 0.324114
v 3.642 -4.0396 0.5954
vn -0.848228 0.387551 0.360991
v 3.6602 -4.0169 0.61887
vn -0.888073 0.398182 0.229734
v 3.651 -4.0396 0.6181
vn -0.920207 0.304537 0.245918
v 3.6604 -4.0046 0.5954
vn -0.790516 0.537412 0.293723
v 3.6573 -4.0396 0.64081
vn -0.94297 0.226766 0.243692
v 3.6604 -4.0272 0.64081
vn -0.924321 0.320055 0.207835
v 3.6604 -4.0041 0.70892
vn -0.826088 0.563542 0.000282516
v 3.6604 -4.0131 0.68622
vn -0.875674 0.443094 -0.191995
v 3.6535 -4.0169 0.70892
vn -0.887205 0.459512 -0.041419
v 3.6589 -4.0169 0.68622
vn -0.908195 0.35848 -0.216044
v 3.6604 -4.0073 0.73163
vn -0.792416 0.589038 0.158466
v 3.6555 -4.0169 0.73163
vn -0.887962 0.453221 0.0781943
v 3.673 -3.9942 0.73163
vn -0.728659 0.640149 0.243444
v 3.6809 -3.9942 0.75433
vn -0.662073 0.692797 0.285817
v 3.6604 -4.0169 0.74741
vn -0.732636 0.611203 0.299457
v 3.663 -4.0169 0.75433
vn -0.80118 0.441226 0.404265
v 3.6749 -4.0169 0.77704
vn -0.815357 0.389851 0.42803
v 3.6704 -4.0396 0.77704
vn -0.86235 0.170957 0.476577
v 3.6831 -4.0169 0.7907
vn -0.685918 0.484019 0.543361
v 3.6831 -4.0045 0.77704
vn -0.707796 0.555927 0.435856
v 3.6831 -3.9942 0.75867
vn -0.744433 0.563683 0.357885
v 3.7058 -3.9942 0.78768
vn -0.545313 0.620318 0.563773
v 3.6948 -3.9942 0.77704
vn -0.545589 0.620307 0.563517
v 3.692 -4.0169 0.79974
vn -0.471229 0.126512 0.872891
v 3.7058 -4.0396 0.81048
vn -0.471229 0.126512 0.872891
v 3.7058 -4.0169 0.80719
vn -0.471229 0.126512 0.872891
v 3.653 -4.1077 0.68622
vn -0.929934 -0.305836 0.204174
v 3.6604 -4.1303 0.68607
vn -0.762284 -0.531338 0.369598
v 3.6377 -4.0518 0.48187
vn -0.919975 0.30163 -0.25033
v 3.6417 -4.0396 0.48187
vn -0.919975 0.30163 -0.25033
v 3.7058 -3.9715 0.71468
vn -0.446733 0.894533 0.0155141
v 3.7372 -3.9261 0.68622
vn -0.717051 0.105456 0.688996
v 3.5468 -3.9715 -1.0215
vn 0.125668 0.649283 0.750093
v 3.5468 -3.9488 -1.0373
vn 0.0325251 0.570977 0.820322
v 3.6174 -4.1304 -0.51716
vn -0.650417 0.346885 0.675743
v 3.615 -4.1349 -0.51716
vn -0.650417 0.346885 0.675743
v 3.6537 -4.1077 -0.49445
vn -0.517821 0.380052 0.766435
v 3.6377 -4.1077 -0.50526
vn -0.517821 0.380052 0.766435
v 3.6377 -4.12995 -0.49429
vn -0.582829 0.320242 0.74683
v 3.7739 -3.9089 -0.99397
vn -0.662372 -0.746672 -0.0611954
v 3.6377 -3.7444 -1.0473
vn 0.237314 -0.370864 0.897854
v 3.7455 -3.858 -1.0394
vn -0.666445 -0.0164167 0.745374
v 3.7285 -3.858 -1.0546
vn -0.69981 -0.0484425 0.712685
v 3.7285 -3.8807 -1.0551
vn -0.666445 -0.0164167 0.745374
v 3.7285 -3.8353 -1.0514
vn -0.743108 -0.0934103 0.66262
v 3.6604 -3.979 -0.81232
vn -0.822376 0.562672 0.0842419
v 3.6604 -3.9756 -0.83503
vn -0.665613 0.697202 0.266212
v 3.6831 -3.8633 -0.56257
vn -0.996122 0.0538322 -0.0695892
v 3.6604 -3.9562 -0.51716
vn -0.431545 0.78999 0.435529
v 3.6905 -3.9715 -0.040349
vn -0.697806 0.716283 0.00220007
v 3.5923 -4.1304 -0.53986
vn -0.996141 -0.0877705 0
v 3.5943 -4.1531 -0.53986
vn -0.996141 -0.0877705 0
v 3.6377 -4.184 -0.51716
vn -0.546005 -0.769518 0.331243
v 3.64 -4.1758 -0.49445
vn -0.536826 -0.737009 0.410652
v 3.6252 -4.1758 -0.51716
vn -0.516106 -0.786733 0.338653
v 3.6604 -4.191 -0.49445
vn -0.541889 -0.730031 0.416427
v 3.6604 -4.1758 -0.47366
vn -0.515437 -0.691758 0.505763
v 3.6831 -4.1777 -0.47175
vn -0.0722234 -0.513113 0.855277
v 3.6831 -4.1758 -0.47061
vn -0.0722234 -0.513113 0.855277
v 3.6696 -4.1758 -0.47175
vn -0.0722234 -0.513113 0.855277
v 3.7153 -4.1077 -0.49445
vn 0.569321 0.313229 0.760106
v 3.7058 -4.1304 -0.47798
vn 0.569321 0.313229 0.760106
v 3.7263 -4.1304 -0.49445
vn 0.599324 0.290415 0.745969
v 3.615 -3.9744 -0.51716
vn -0.0492981 0.968985 0.242153
v 3.6754 -3.9942 -0.56257
vn -0.42316 0.699388 -0.576014
v 3.6831 -3.9942 -0.5781
vn -0.49036 0.836921 -0.243126
v 3.6831 -3.9886 -0.56257
vn -0.564652 0.776396 -0.27996
v 3.6604 -3.9942 -0.55587
vn -0.225282 0.555835 -0.800185
v 3.6604 -3.9715 -0.54258
vn -0.146047 0.499822 -0.853726
v 3.6831 -3.9715 -0.55101
vn -0.349199 0.516578 -0.781797
v 3.7739 -3.9488 -0.52137
vn 0.61314 0.367895 0.69908
v 3.678 -4.0169 -0.40363
vn -0.906173 0.288434 -0.309282
v 3.6694 -4.0169 -0.38093
vn -0.907312 0.319468 -0.27336
v 3.6634 -4.0169 -0.35822
vn -0.894535 0.433303 -0.109799
v 3.662 -4.0169 -0.33552
vn -0.893719 0.448519 0.00983984
v 3.6739 -3.9942 -0.33552
vn -0.897185 0.441646 -0.00293588
v 3.6848 -3.9715 -0.33552
vn -0.904147 0.427041 0.012394
v 3.7966 -4.041 -0.42634
vn 0.494481 0.845266 0.202518
v 3.7966 -4.0396 -0.43098
vn 0.484717 0.833562 0.264999
v 3.8193 -4.0521 -0.42634
vn 0.516705 0.745061 0.421783
v 3.7739 -4.0257 -0.42634
vn 0.558104 0.819101 0.132639
v 3.7603 -4.0169 -0.44904
vn 0.595298 0.762973 0.251978
v 3.7901 -4.0396 -0.40363
vn 0.55594 0.824839 0.102815
v 3.7966 -4.0487 -0.40363
vn 0.518663 0.752566 0.40575
v 3.8193 -4.0623 -0.41585
vn 0.601241 0.572889 0.557052
v 3.8306 -4.0623 -0.42634
vn 0.543306 0.601901 0.585263
v 3.6741 -3.9942 -0.31281
vn -0.914992 0.401429 0.0405471
v 3.6751 -3.9942 -0.29011
vn -0.934005 0.354154 0.0470075
v 3.6758 -3.9942 -0.2674
vn -0.947634 0.315611 0.0487841
v 3.6831 -3.9768 -0.2674
vn -0.918725 0.393513 0.0330299
v 3.6848 -3.9715 -0.29011
vn -0.845724 0.53249 0.0347262
v 3.6761 -3.9942 -0.2447
vn -0.982625 0.179497 0.0472235
v 3.6831 -3.9791 -0.2447
vn -0.914997 0.402594 0.0264408
v 3.6859 -3.9715 -0.2674
vn -0.88359 0.466796 0.0369996
v 3.6789 -3.9942 -0.17658
vn -0.993236 0.10828 0.0419288
v 3.6831 -3.9864 -0.17658
vn -0.879358 0.473492 0.0503413
v 3.6755 -3.9942 -0.10846
vn -0.956044 0.270351 -0.113531
v 3.6831 -3.9839 0.027767
vn -0.750469 0.659959 0.0353675
v 3.6831 -3.9841 0.050472
vn -0.705332 0.708794 -0.0108575
v 3.66115 -4.01875 0.164
vn -0.911925 0.408763 -0.0361409
v 3.6628 -4.0169 0.14129
vn -0.886595 0.462527 0.00425289
v 3.6747 -3.9942 0.14129
vn -0.885673 0.464292 -0.00390143
v 3.6736 -3.9942 0.11859
vn -0.879548 0.472707 0.0542497
v 3.6604 -4.0169 0.10945
vn -0.944423 0.323211 0.0600029
v 3.6734 -3.9942 0.164
vn -0.888057 0.457716 -0.0430171
v 3.6604 -4.01545 0.1821
vn -0.930982 0.353409 -0.0915163
v 3.6573 -4.0169 0.20941
vn -0.930052 0.358346 -0.0811905
v 3.6436 -4.0623 0.6181
vn -0.902021 0.271959 0.335255
v 3.6377 -4.052 0.5954
vn -0.883236 0.287393 0.370541
v 3.6377 -4.085 0.6197
vn -0.917021 0.207416 0.340663
v 3.6447 -4.085 0.64081
vn -0.936224 0.225487 0.269519
v 3.6456 -4.1077 0.66351
vn -0.955247 0.189374 0.227247
v 3.6402 -4.1077 0.64081
vn -0.955247 0.189374 0.227247
v 3.6557 -4.0169 0.39105
vn -0.876814 0.476842 0.0618029
v 3.6573 -4.0169 0.41375
vn -0.873924 0.483552 0.0493409
v 3.6583 -4.0169 0.43646
vn -0.863163 0.503493 0.0380053
v 3.6339 -4.0623 0.5954
vn -0.852705 0.314598 0.417041
v 3.6564 -4.0396 0.70892
vn -0.989214 -0.126371 -0.0740676
v 3.627 -4.0623 -1.0621
vn -0.195642 -0.0689531 0.978248
v 3.615 -4.0623 -1.0645
vn -0.195642 -0.0689531 0.978248
v 3.615 -4.085 -1.0661
vn -0.195642 -0.0689531 0.978248
v 3.5848 -4.1077 -0.56257
vn -0.896839 -0.0181416 0.441984
v 3.5923 -4.1077 -0.54524
vn -0.917548 0.0206417 0.397089
v 3.5923 -4.085 -0.54642
vn -0.889434 0.00839748 0.456986
v 3.5833 -4.085 -0.56257
vn -0.892437 0.0484535 0.448562
v 3.5923 -4.0623 -0.54931
vn -0.8988 0.108208 0.424793
v 3.5874 -4.0623 -0.56257
vn -0.924827 0.167034 0.341753
v 3.615 -4.165 -0.51716
vn -0.57256 -0.197274 0.795775
v 3.615 -4.1531 -0.51421
vn -0.584038 0 0.811727
v 3.6109 -4.1531 -0.51716
vn -0.584038 0 0.811727
v 3.6604 -3.9906 -0.78962
vn -0.783034 0.532715 0.321048
v 3.6672 -3.9942 -0.76691
vn -0.798219 0.549242 0.247346
v 3.6768 -3.9715 -0.78962
vn -0.737685 0.596889 0.315506
v 3.6738 -3.9942 -0.6988
vn -0.851429 0.520109 0.0674937
v 3.7001 -3.9942 -0.44904
vn -0.665721 0.531323 0.523939
v 3.6955 -3.9942 -0.42634
vn -0.861161 0.374279 -0.343971
v 3.6848 -3.9715 -0.31281
vn -0.870693 0.491446 0.0193795
v 3.6831 -3.9811 -0.22199
vn -0.872279 0.487236 0.041592
v 3.6831 -3.9875 -0.15387
vn -0.868175 0.496091 -0.012848
v 3.6831 -3.986 -0.13117
vn -0.828633 0.556547 -0.0601877
v 3.5979 -4.1077 -0.53986
vn -0.566032 0.11953 0.815672
v 3.615 -4.1077 -0.52911
vn -0.594522 0.228884 0.770815
v 3.6285 -4.1077 -0.51716
vn -0.682789 0.333872 0.649868
v 3.6031 -4.085 -0.53986
vn -0.523397 0.119901 0.843611
v 3.7966 -3.9261 -1.0048
vn -0.362559 -0.67138 0.646375
v 3.7966 -3.9161 -0.99397
vn -0.226951 -0.715528 0.660691
v 3.7058 -3.7615 -1.0394
vn -0.709634 -0.324105 0.6256
v 3.7058 -3.7444 -1.0289
vn -0.762485 -0.334636 0.553747
v 3.6957 -3.7444 -1.0394
vn -0.663115 -0.391673 0.637864
v 3.7141 -3.7444 -1.0167
vn -0.786003 -0.310267 0.534728
v 3.7231 -3.7672 -1.0167
vn -0.788782 -0.316575 0.52688
v 3.7285 -3.7543 -0.99397
vn -0.947372 -0.258358 0.189045
v 3.7285 -3.7444 -0.98044
vn -0.947372 -0.258358 0.189045
v 3.7258 -3.7444 -0.99397
vn -0.947372 -0.258358 0.189045
v 3.6377 -3.9715 -0.86147
vn -0.203627 0.977692 -0.0515145
v 3.6377 -3.9712 -0.857335
vn -0.153274 0.954014 0.257612
v 3.6579 -3.9715 -0.85773
vn 0.00674424 0.996266 0.0860736
v 3.6831 -3.9762 -0.85773
vn 0.00393073 0.89213 -0.451761
v 3.6604 -3.9876 -0.88044
vn 0.00393073 0.89213 -0.451761
v 3.6604 -3.9763 -0.85773
vn -0.0902074 0.96287 -0.254449
v 3.6717 -3.9715 -0.81232
vn -0.400248 0.915788 0.0336772
v 3.6831 -3.9694 -0.76691
vn -0.861566 0.498045 0.0982629
v 3.6831 -3.9715 -0.75135
vn -0.890241 0.4521 0.0554616
v 3.6849 -3.9715 -0.7215
vn -0.891232 0.449217 0.0625267
v 3.6831 -3.9796 -0.6988
vn -0.862046 0.495752 0.105389
v 3.6869 -3.9715 -0.6988
vn -0.897266 0.430312 0.0987172
v 3.6927 -3.9488 -0.74421
vn -0.922431 0.385838 0.0157986
v 3.6936 -3.9488 -0.76691
vn -0.907147 0.420811 0.00175746
v 3.6831 -3.9847 -0.67609
vn -0.850745 0.516244 0.0986187
v 3.6831 -3.9878 -0.65339
vn -0.837181 0.541897 0.0740016
v 3.6899 -3.9715 -0.67609
vn -0.911774 0.392133 0.122067
v 3.6931 -3.9715 -0.65339
vn -0.908377 0.391965 0.14565
v 3.70395 -3.9446 -0.65339
vn -0.904822 0.375469 0.2008
v 3.6971 -3.9488 -0.67609
vn -0.928496 0.331317 0.167705
v 3.6831 -3.9715 -0.48348
vn -0.386379 0.47938 0.787976
v 3.7058 -3.9774 -0.47175
vn -0.212233 0.686718 0.695253
v 3.7058 -3.9891 -0.44904
vn -0.80922 0.572024 -0.133981
v 3.6831 -3.9574 -0.49445
vn -0.460623 0.733906 0.499208
v 3.6831 -3.9488 -0.50946
vn -0.411484 0.790812 0.453098
v 3.6991 -3.9488 -0.38093
vn -0.817189 0.514801 -0.259197
v 3.6879 -3.9715 -0.2447
vn -0.758076 0.648846 0.0657294
v 3.6913 -3.9715 -0.21064
vn -0.804212 0.590707 0.0656392
v 3.6937 -3.9715 -0.17658
vn -0.809147 0.585673 0.0476152
v 3.6944 -3.9715 -0.15387
vn -0.8097 0.586834 0.00343364
v 3.6944 -3.9715 -0.13117
vn -0.777293 0.628614 -0.0257039
v 3.6939 -3.9715 -0.10846
vn -0.748848 0.661874 -0.0338912
v 3.5859 -4.1985 -1.0621
vn -0.226405 0.101502 0.96873
v 3.5696 -4.1985 -1.0658
vn -0.220419 0.0919924 0.971058
v 3.5468 -4.1985 -1.0673
vn -0.0481132 0.0571123 0.997208
v 3.615 -4.085 -0.53431
vn -0.615372 0.123075 0.778569
v 3.704 -4.1531 -0.47175
vn 0.183843 -0.0806375 0.979642
v 3.6831 -4.1531 -0.46832
vn 0.168372 -0.105804 0.980029
v 3.6888 -4.1758 -0.47175
vn 0.168372 -0.105804 0.980029
v 3.7058 -4.1531 -0.47258
vn 0.409283 0.211158 0.887637
v 3.6838 -4.085 -0.40363
vn -0.651957 -0.745094 -0.140668
v 3.6887 -4.085 -0.42634
vn -0.651957 -0.745094 -0.140668
v 3.6964 -3.9715 -0.88044
vn -0.834406 0.363477 -0.414309
v 3.7017 -3.9488 -0.88044
vn -0.970411 0.188249 -0.15121
v 3.8104 -3.9942 -1.0394
vn 0.198409 -0.171441 0.965009
v 3.8193 -3.9839 -1.0394
vn 0.0329071 -0.350153 0.936114
v 3.8193 -3.9715 -1.0319
vn -0.0425365 -0.540155 0.84049
v 3.8874 -4.0068 -1.0167
vn -0.567526 -0.412594 0.712517
v 3.8874 -3.9942 -1.0084
vn -0.506965 -0.461598 0.727952
v 3.8778 -3.9942 -1.0167
vn -0.553762 -0.532094 0.640486
v 3.8849 -3.9715 -0.99397
vn -0.453808 -0.53896 0.709634
v 3.8647 -3.9715 -1.007
vn -0.478663 -0.542649 0.690227
v 3.8574 -3.9488 -0.99397
vn -0.487358 -0.555914 0.673381
v 3.8647 -3.9552 -0.99397
vn -0.448236 -0.561495 0.695563
v 3.8647 -3.9488 -0.98826
vn -0.433125 -0.600059 0.672556
v 3.8874 -3.9488 -0.97465
vn -0.436729 -0.56477 0.700216
v 3.7285 -3.7672 -1.0016
vn -0.953841 -0.200752 0.223353
v 3.7058 -3.7217 -1.0035
vn -0.765363 -0.50893 0.393966
v 3.7332 -3.7899 -0.99397
vn -0.975518 -0.14701 0.16356
v 3.7344 -3.7672 -0.97126
vn -0.982251 -0.146791 0.116774
v 3.7306 -3.7444 -0.94855
vn -0.955461 -0.272381 0.113589
v 3.7401 -3.7672 -0.92585
vn -0.984838 -0.0621876 0.161949
v 3.6907 -3.9715 -0.85773
vn -0.81356 0.54787 -0.194831
v 3.7011 -3.9488 -0.85773
vn -0.928102 0.359292 -0.0976549
v 3.7058 -3.937 -0.85773
vn -0.939938 0.341335 -0.00283237
v 3.7095 -3.9261 -0.85773
vn -0.949563 0.30291 0.0810888
v 3.6991 -3.9488 -0.83503
vn -0.843092 0.518161 -0.143893
v 3.7058 -3.9354 -0.83503
vn -0.906027 0.419512 -0.0558981
v 3.7093 -3.9261 -0.83503
vn -0.931694 0.360044 -0.0481092
v 3.6831 -3.9633 -0.81232
vn -0.731756 0.676961 -0.0790999
v 3.6831 -3.9643 -0.78962
vn -0.82113 0.568565 0.0497935
v 3.6961 -3.9488 -0.81232
vn -0.82143 0.564594 -0.080538
v 3.7058 -3.9321 -0.81232
vn -0.892489 0.444489 -0.0767577
v 3.6944 -3.9488 -0.78962
vn -0.842894 0.53598 -0.0474917
v 3.7058 -3.9261 -0.78619
vn -0.911053 0.40488 -0.0778046
v 3.7047 -3.9241 -0.76691
vn -0.903894 0.42024 -0.0798356
v 3.7018 -3.9261 -0.74421
vn -0.909344 0.412268 -0.0559352
v 3.6923 -3.9488 -0.7215
vn -0.947839 0.317341 0.0299192
v 3.7004 -3.9261 -0.7215
vn -0.908431 0.41797 -0.00737186
v 3.6933 -3.9488 -0.6988
vn -0.946955 0.303695 0.105094
v 3.7015 -3.9261 -0.6988
vn -0.920628 0.375331 0.107563
v 3.7062 -3.9261 -0.67738
vn -0.788011 0.582393 0.199641
v 3.7124 -3.9261 -0.65339
vn -0.772667 0.613266 0.163983
v 3.7007 -3.9715 -0.56257
vn -0.888664 0.080571 -0.451425
v 3.7007 -3.9488 -0.58527
vn -0.992317 -0.00184922 -0.123708
v 3.7058 -3.9478 -0.60798
vn -0.957897 0.199475 -0.206502
v 3.6985 -3.9715 -0.60798
vn -0.992455 0.120234 -0.0240318
v 3.7022 -3.9715 -0.58527
vn -0.99666 -0.0658543 0.0482884
v 3.6969 -3.9261 -0.58527
vn -0.898791 -0.298618 -0.320939
v 3.7058 -3.9261 -0.59695
vn -0.926242 0.0142945 -0.376657
v 3.6997 -3.9488 -0.56257
vn -0.921216 0.106355 -0.374233
v 3.6887 -3.9261 -0.56257
vn -0.843214 -0.442958 -0.304595
v 3.6831 -3.9172 -0.56257
vn -0.853941 -0.355968 -0.379569
v 3.6831 -3.9034 -0.57126
vn -0.866469 -0.266019 -0.422451
v 3.6831 -3.9508 -0.53986
vn -0.314235 0.642659 -0.698746
v 3.6604 -3.9678 -0.53986
vn -0.327377 0.466949 -0.821452
v 3.6763 -3.9488 -0.51716
vn -0.15748 0.985678 0.0603258
v 3.6831 -3.9488 -0.51841
vn -0.247821 0.96551 -0.0798402
v 3.687 -3.9488 -0.53986
vn -0.50763 0.829124 -0.234235
v 3.7058 -3.9417 -0.53986
vn -0.525013 0.849231 -0.0562849
v 3.7285 -3.9715 -0.48579
vn 0.33318 0.575483 0.746867
v 3.7058 -3.9522 -0.49445
vn 0.00493004 0.635176 0.772352
v 3.7058 -3.9488 -0.49893
vn -0.122544 0.898216 0.422126
v 3.7285 -3.9561 -0.49445
vn 0.242531 0.445325 0.861896
v 3.7285 -3.9488 -0.49844
vn -0.0163456 0.733575 0.679412
v 3.7058 -3.9518 -0.2674
vn -0.697004 0.70409 0.135801
v 3.6964 -3.9715 0.050472
vn -0.684855 0.728673 0.00320984
v 3.6831 -4.1469 0.68622
vn -0.521617 -0.709748 0.47347
v 3.6604 -4.1444 0.66351
vn -0.529061 -0.719688 0.449603
v 3.6831 -3.9799 0.27752
vn -0.731984 0.681299 -0.00551189
v 3.7058 -3.9488 0.49594
vn -0.681922 0.589368 -0.433161
v 3.6938 -4.0623 0.79974
vn -0.257311 -0.298767 0.918983
v 3.7058 -4.0623 0.8031
vn -0.257311 -0.298767 0.918983
v 3.6083 -4.0623 -0.53986
vn -0.581754 -0.25324 0.772937
v 3.5468 -3.9423 -1.0394
vn 0.0459696 0.271892 0.961229
v 3.5468 -3.9261 -1.0434
vn 0.0773252 0.19923 0.976897
v 3.5468 -3.9034 -1.0482
vn 0.0963098 0.205915 0.973819
v 3.5696 -3.9261 -1.0452
vn 0.0770069 0.206263 0.975462
v 3.8647 -3.9942 -1.0339
vn -0.645599 -0.425395 0.634225
v 3.8874 -3.9715 -0.99237
vn -0.444964 -0.529683 0.72211
v 3.7368 -3.8126 -0.99397
vn -0.982314 -0.109062 -0.152199
v 3.7153 -3.9261 -0.63068
vn -0.800197 0.583399 -0.139036
v 3.7175 -3.9034 -0.60798
vn -0.702029 0.371036 -0.607855
v 3.596 -4.0396 -0.56257
vn -0.690173 0.463118 -0.556043
v 3.5696 -4.0169 -0.55125
vn -0.528308 0.294281 -0.796423
v 3.5844 -4.0396 -0.53986
vn -0.919023 -0.0266822 -0.393299
v 3.5923 -4.0396 -0.55832
vn -0.914812 -0.106797 -0.389503
v 3.5923 -4.045 -0.53986
vn -0.701987 -0.580068 0.413202
v 3.5955 -4.0492 -0.55208
vn -0.912073 -0.133075 0.387833
v 3.7058 -3.9034 -0.59384
vn -0.766652 0.0992055 -0.634353
v 3.7058 -3.8807 -0.59029
vn -0.599684 0.28492 -0.747796
v 3.6964 -3.9034 -0.58527
vn -0.690034 0.0435115 -0.722468
v 3.6831 -3.8807 -0.5712
vn -0.664087 0.189948 -0.723124
v 3.6992 -3.8807 -0.58527
vn -0.647713 0.176481 -0.741163
v 3.7058 -3.8689 -0.58527
vn -0.560718 0.369519 -0.74098
v 3.686 -3.858 -0.56257
vn -0.584224 0.523995 -0.619767
v 3.679 -3.8807 -0.56257
vn -0.970132 0.228599 -0.081163
v 3.7427 -3.9942 0.77704
vn 0.470059 0.79464 0.384177
v 3.7512 -3.9942 0.76664
vn 0.470059 0.79464 0.384177
v 3.7285 -3.9858 0.77704
vn 0.470059 0.79464 0.384177
v 3.5468 -4.1077 -1.0718
vn 0.0351406 0.0132061 0.999295
v 3.5696 -4.1077 -1.0724
vn 0.00146511 0.013216 0.999912
v 3.7307 -3.7672 -0.99397
vn -0.955517 -0.105235 0.275523
v 3.7297 -3.7444 -0.97126
vn -0.973382 -0.220043 0.0641054
v 3.7285 -3.7411 -0.97126
vn -0.937979 -0.341145 0.0617739
v 3.6309 -4.0169 -0.88044
vn -0.638472 -0.740995 -0.208039
v 3.6808 -3.9034 -0.56257
vn -0.937376 -0.0367087 -0.34638
v 3.6974 -3.9488 -0.35822
vn -0.860754 0.508117 0.0303309
v 3.7355 -3.9488 -0.40363
vn 0.405857 0.877966 -0.253884
v 3.6619 -3.83607 -1.06205
vn 0.0528629 -0.0693482 0.996191
v 3.6831 -3.858 -1.0629
vn -0.0211007 -0.000812758 0.999777
v 3.6831 -3.8353 -1.0626
vn 0.00533048 -0.0196463 0.999793
v 3.7058 -3.858 -1.0618
vn -0.175578 0.0263238 0.984114
v 3.6831 -3.8907 -1.0621
vn -0.0697421 0.0413422 0.996708
v 3.7058 -3.8353 -1.0618
vn -0.198298 -0.0535201 0.978679
v 3.6831 -3.81825 -1.06175
vn -0.00539557 -0.081696 0.996643
v 3.7058 -3.9034 -1.058
vn -0.199095 0.0945338 0.97541
v 3.7058 -3.9261 -1.0552
vn -0.155984 0.0909894 0.98356
v 3.7058 -3.8807 -1.0604
vn -0.22209 0.049526 0.973768
v 3.6604 -3.8126 -1.0596
vn 0.0706331 -0.0876024 0.993648
v 3.6377 -3.7899 -1.0543
vn 0.159178 -0.144836 0.976568
v 3.6377 -3.8126 -1.0582
vn 0.102126 -0.1282 0.986476
v 3.6604 -3.7899 -1.0576
vn 0.0834695 -0.125568 0.988567
v 3.6831 -3.7899 -1.0594
vn -0.0296195 -0.14636 0.988788
v 3.7058 -3.8126 -1.0592
vn -0.144661 -0.144462 0.978879
v 3.7058 -3.7899 -1.0528
vn -0.269482 -0.261322 0.926871
v 3.615 -3.7672 -1.0492
vn 0.0600081 -0.222884 0.972996
v 3.615 -3.7899 -1.0544
vn 0.0600081 -0.222884 0.972996
v 3.6377 -3.7672 -1.0506
vn 0.148609 -0.178277 0.972694
v 3.6604 -3.7672 -1.0551
vn 0.13205 -0.132917 0.982291
v 3.6831 -3.7672 -1.055
vn 0.0369927 -0.150155 0.98797
v 3.6604 -3.7444 -1.0515
vn 0.19216 -0.153056 0.969355
v 3.7158 -3.7217 -0.97126
vn -0.819494 -0.538155 0.197026
v 3.7103 -3.7217 -0.99397
vn -0.817603 -0.545254 0.184997
v 3.7316 -3.8353 -0.92585
vn -0.96582 0.254306 0.0502079
v 3.7285 -3.8126 -1.0426
vn -0.55785 -0.326931 0.762837
v 3.7199 -3.7899 -1.0394
vn -0.652127 -0.322315 0.686181
v 3.6976 -3.7217 -1.0167
vn -0.590772 -0.668747 0.451404
v 3.7058 -3.7303 -1.0167
vn -0.716055 -0.520479 0.465153
v 3.6831 -3.7052 -0.99397
vn -0.507081 -0.830586 0.230209
v 3.6831 -3.7115 -1.0167
vn -0.517853 -0.814672 0.261032
v 3.6831 -3.9798 0.164
vn -0.819413 0.566202 -0.0893172
v 3.6831 -3.9826 0.14129
vn -0.819301 0.57036 -0.0586123
v 3.6831 -3.9764 0.1867
vn -0.810863 0.583089 -0.0500788
v 3.6831 -3.9759 0.20941
vn -0.788678 0.614701 -0.0113897
v 3.6593 -4.0623 0.68622
vn -0.979223 0.176869 0.0991949
v 3.6591 -4.0714 0.69948
vn -0.978545 0.112023 0.172916
v 3.6831 -3.9776 0.23211
vn -0.758457 0.650952 0.0317035
v 3.6831 -3.9791 0.25482
vn -0.736871 0.675363 0.03011
v 3.6701 -3.9942 0.36834
vn -0.709836 0.704339 0.00625234
v 3.6831 -3.9813 0.39105
vn -0.709082 0.703591 0.046507
v 3.6831 -3.9841 0.41375
vn -0.698279 0.711878 0.0750696
v 3.6831 -3.9862 0.43646
vn -0.702625 0.71142 0.0140967
v 3.6831 -3.985 0.45916
vn -0.709598 0.697421 -0.100372
v 3.6695 -3.9942 0.48187
vn -0.743944 0.648312 -0.161984
v 3.6831 -3.9798 0.48187
vn -0.717308 0.677451 -0.162878
v 3.7058 -3.9646 0.45916
vn -0.601576 0.781972 -0.163176
v 3.70345 -3.96975 0.43646
vn -0.602319 0.794556 -0.0767616
v 3.6345 -4.0396 0.50457
vn -0.814848 0.492016 -0.306501
v 3.6213 -4.0623 0.50457
vn -0.769078 0.447212 -0.45664
v 3.627 -4.0396 0.52728
vn -0.762316 0.583894 -0.27918
v 3.6405 -4.0169 0.52728
vn -0.822366 0.521087 -0.228436
v 3.6641 -3.9942 0.50457
vn -0.758556 0.625434 -0.182827
v 3.6604 -3.9942 0.51846
vn -0.77356 0.595717 -0.216163
v 3.70605 -3.9261 0.528035
vn -0.732819 0.633502 -0.248296
v 3.7213 -3.9034 0.54998
vn -0.713642 0.675507 -0.185488
v 3.7285 -3.8963 0.54998
vn -0.644834 0.736726 -0.203526
v 3.7189 -3.9261 0.6181
vn -0.77626 0.591434 0.218236
v 3.7058 -3.9479 0.619495
vn -0.859371 0.429685 0.277222
v 3.7285 -3.9191 0.64081
vn -0.830003 0.55083 0.087645
v 3.6727 -3.9942 0.70892
vn -0.576094 0.812263 -0.0913428
v 3.6802 -3.9942 0.68622
vn -0.618263 0.750751 -0.232644
v 3.6831 -3.988 0.70892
vn -0.510388 0.856128 -0.0809247
v 3.7285 -3.9585 0.70892
vn -0.227162 0.817512 0.529218
v 3.7285 -3.9488 0.68929
vn -0.515678 0.767943 0.37992
v 3.7285 -3.9461 0.68622
vn -0.554375 0.316569 0.769709
v 3.7058 -3.953 -0.40363
vn -0.723346 0.539587 -0.430831
v 3.7058 -3.9488 -0.39639
vn -0.757154 0.564919 -0.328001
v 3.6831 -3.9835 0.073177
vn -0.712696 0.701178 -0.020326
v 3.6948 -3.9715 0.073177
vn -0.704462 0.708916 -0.0342063
v 3.6831 -3.9827 0.095882
vn -0.734598 0.678503 0.000664444
v 3.6721 -3.9942 0.095882
vn -0.714466 0.699625 0.0078897
v 3.6831 -3.983 0.11859
vn -0.767942 0.640518 -0.00125745
v 3.6937 -3.9715 0.095882
vn -0.715068 0.6986 -0.025234
v 3.6933 -3.9715 0.11859
vn -0.72864 0.68463 -0.0191374
v 3.7058 -3.9592 0.095882
vn -0.556886 0.829118 -0.0494037
v 3.7058 -3.9607 0.073177
vn -0.602708 0.796451 -0.0490806
v 3.7244 -3.9488 0.095882
vn -0.446111 0.892312 -0.0690244
v 3.7058 -3.9588 0.11859
vn -0.640449 0.767106 -0.037044
v 3.7221 -3.9488 0.11859
vn -0.468532 0.882065 -0.0493781
v 3.6921 -3.9715 0.14129
vn -0.735374 0.675833 -0.0497438
v 3.6899 -3.9715 0.164
vn -0.710009 0.701763 -0.0584461
v 3.6876 -3.9715 0.1867
vn -0.667152 0.744811 -0.0127901
v 3.6877 -3.9715 0.20941
vn -0.646832 0.761667 0.0383499
v 3.7058 -3.9558 0.164
vn -0.646589 0.761558 -0.0441847
v 3.7187 -3.9488 0.14129
vn -0.475095 0.878389 -0.0521246
v 3.7168 -3.9488 0.164
vn -0.480182 0.877002 -0.0170944
v 3.7058 -3.9555 0.1867
vn -0.613311 0.789841 -0.000138612
v 3.718 -3.9488 0.1867
vn -0.419158 0.906913 0.0426098
v 3.7058 -3.9567 0.20941
vn -0.577622 0.814419 0.0554508
v 3.7214 -3.9488 0.20941
vn -0.41983 0.904993 0.0687796
v 3.6604 -4.0623 0.70892
vn -0.988796 -0.149 0.00903332
v 3.6901 -3.9715 0.23211
vn -0.630202 0.773841 0.0633634
v 3.6921 -3.9715 0.25482
vn -0.62931 0.776382 0.0346468
v 3.6926 -3.9715 0.27752
vn -0.625531 0.780168 -0.00694013
v 3.7058 -3.9591 0.23211
vn -0.530765 0.844443 0.072136
v 3.7247 -3.9488 0.23211
vn -0.460297 0.886388 0.0494214
v 3.7285 -3.9474 0.23211
vn -0.052576 0.998578 0.00879488
v 3.7058 -3.9607 0.25482
vn -0.559881 0.828377 0.0180309
v 3.7259 -3.9488 0.25482
vn -0.479414 0.8775 0.0124891
v 3.7285 -3.9477 0.27752
vn 0.0203148 0.999763 0.00778095
v 3.7259 -3.9488 0.27752
vn -0.502902 0.864239 0.0134395
v 3.7058 -3.9611 0.30023
vn -0.540633 0.841215 0.00858021
v 3.6831 -3.97845 0.334285
vn -0.734359 0.678761 0.000987313
v 3.691 -3.9715 0.32293
vn -0.604939 0.796224 -0.00868733
v 3.691 -3.9715 0.34564
vn -0.610828 0.79144 0.0226104
v 3.6831 -3.9793 0.36834
vn -0.715006 0.698207 0.0356761
v 3.6929 -3.9715 0.36834
vn -0.563468 0.821796 0.084592
v 3.7058 -3.961 0.32293
vn -0.48771 0.87274 0.0215493
v 3.7285 -3.9504 0.32293
vn -0.198092 0.977555 0.0717389
v 3.7058 -3.9615 0.34564
vn -0.481209 0.875812 0.0373065
v 3.7285 -3.9518 0.34564
vn -0.170463 0.984934 0.029125
v 3.7058 -3.9634 0.36834
vn -0.481383 0.873463 0.0730313
v 3.7285 -3.9525 0.36834
vn -0.278231 0.959889 0.0346649
v 3.7058 -3.9661 0.39105
vn -0.520174 0.851366 0.0677857
v 3.7347 -3.9488 0.27752
vn 0.0654203 0.997728 0.0161138
v 3.7512 -3.95 0.30023
vn 0.0496509 0.997783 0.0443085
v 3.7512 -3.9518 0.32293
vn 0.0574982 0.996175 0.0658022
v 3.7512 -3.9527 0.34564
vn 0.0396072 0.999215 0
v 3.7005 -3.9715 0.41375
vn -0.559995 0.8273 0.0444907
v 3.6982 -3.9715 0.45916
vn -0.654457 0.747617 -0.112939
v 3.6915 -3.9715 0.48187
vn -0.696314 0.670046 -0.257266
v 3.6594 -3.99305 0.52728
vn -0.777377 0.619896 -0.106832
v 3.6764 -3.9715 0.52728
vn -0.784407 0.599363 -0.159594
v 3.6604 -3.9888 0.54998
vn -0.799454 0.600722 0.00267428
v 3.6734 -3.9715 0.54998
vn -0.835333 0.549247 -0.0233754
v 3.6753 -3.9715 0.57269
vn -0.819469 0.539975 0.192089
v 3.6831 -3.961 0.52728
vn -0.811718 0.542218 -0.217056
v 3.701 -3.9488 0.50457
vn -0.750081 0.5651 -0.343569
v 3.6907 -3.9488 0.52728
vn -0.812038 0.535663 -0.231644
v 3.687 -3.9488 0.54998
vn -0.850159 0.52413 -0.0501683
v 3.6879 -3.9488 0.57269
vn -0.847767 0.505763 0.15967
v 3.7018 -3.9261 0.54998
vn -0.825474 0.562359 -0.0484283
v 3.703 -3.9261 0.57269
vn -0.78799 0.608003 0.0969729
v 3.7058 -3.9211 0.54998
vn -0.757542 0.652525 -0.0184708
v 3.668 -3.9942 0.5954
vn -0.784535 0.547725 0.290692
v 3.6761 -3.9942 0.6181
vn -0.778627 0.583474 0.230864
v 3.6831 -3.9857 0.6181
vn -0.786175 0.558808 0.263937
v 3.6925 -3.9715 0.6181
vn -0.826454 0.476324 0.300147
v 3.6648 -4.0169 0.64081
vn -0.817539 0.562983 0.12116
v 3.6604 -4.0374 0.66351
vn -0.991471 0.127985 0.0246031
v 3.665 -4.0169 0.66351
vn -0.850661 0.523588 -0.0472323
v 3.68265 -3.99375 0.64081
vn -0.778909 0.598976 0.185816
v 3.6835 -3.9948 0.66351
vn -0.770873 0.636989 0
v 3.6831 -3.9942 0.64668
vn -0.782061 0.620135 0.0617487
v 3.6991 -3.9715 0.64081
vn -0.812276 0.555732 0.177118
v 3.7027 -3.9715 0.66351
vn -0.769161 0.635602 0.0663478
v 3.6952 -3.9488 0.5954
vn -0.824939 0.470974 0.312506
v 3.7058 -3.9325 0.5954
vn -0.800346 0.522496 0.294015
v 3.7058 -3.9597 0.64081
vn -0.840979 0.492255 0.224589
v 3.7119 -3.9488 0.64081
vn -0.846695 0.476698 0.23636
v 3.7242 -3.9261 0.64081
vn -0.863028 0.460708 0.207195
v 3.7058 -3.9674 0.66351
vn -0.82424 0.549025 0.138564
v 3.7184 -3.9488 0.66351
vn -0.82719 0.51416 0.226709
v 3.6596 -4.0396 0.68622
vn -0.997284 -0.0283842 -0.0679563
v 3.6604 -4.0169 0.68142
vn -0.914211 0.351283 -0.202037
v 3.6831 -3.9942 0.67584
vn -0.702395 0.701948 -0.117941
v 3.7058 -3.9709 0.68622
vn -0.687386 0.721919 0.0795803
v 3.6831 -3.9876 0.73163
vn -0.55657 0.824318 0.103581
v 3.70675 -3.97195 0.73163
vn -0.427528 0.887839 0.170181
v 3.7058 -3.9778 0.75433
vn -0.38554 0.866192 0.317916
v 3.7285 -3.97165 0.753935
vn 0.0837235 0.897312 0.433384
v 3.7285 -3.9642 0.73163
vn -0.0994577 0.943566 0.315898
v 3.7512 -3.9837 0.75433
vn 0.381307 0.802465 0.458971
v 3.7058 -3.9878 0.77704
vn -0.17401 0.86115 0.477641
v 3.7285 -3.9942 0.78657
vn -0.0210465 0.806059 0.59146
v 3.6669 -4.085 -0.81232
vn -0.62084 -0.747283 -0.236911
v 3.6026 -4.1531 -0.56257
vn -0.63525 -0.617174 -0.464278
v 3.615 -4.1724 -0.53986
vn -0.661698 -0.709697 -0.241838
v 3.5923 -4.1304 -0.57181
vn -0.600502 -0.524346 -0.603704
v 3.615 -4.1409 -0.58527
vn -0.594527 -0.529917 -0.604753
v 3.615 -4.1531 -0.57424
vn -0.572426 -0.5499 -0.608226
v 3.6056 -4.1304 -0.58527
vn -0.599994 -0.537133 -0.59287
v 3.6831 -4.1429 -0.47175
vn 0.0348357 0.34775 0.93694
v 3.6831 -4.1304 -0.47755
vn -0.0385332 0.420591 0.906432
v 3.6604 -4.1304 -0.47991
vn -0.165545 0.43423 0.88546
v 3.6604 -4.0807 0.050472
vn -0.641697 -0.761064 -0.0949062
v 3.6604 -4.0747 0.027767
vn -0.6654 -0.724641 -0.179272
v 3.6655 -4.085 0.050472
vn -0.662819 -0.736456 -0.13529
v 3.6712 -4.085 0.027767
vn -0.680026 -0.713035 -0.170721
v 3.6659 -4.085 0.073177
vn -0.644565 -0.764465 0.0113574
v 3.615 -3.9942 -0.89718
vn -0.652746 -0.667254 -0.358741
v 3.7327 -3.9261 -0.94855
vn -0.565585 -0.456851 -0.686586
v 3.7285 -3.9261 -0.94509
vn -0.565585 -0.456851 -0.686586
v 3.6831 -3.7444 -1.048
vn -0.145818 -0.290359 0.945743
v 3.6831 -3.9897 -0.63068
vn -0.798691 0.598101 0.0660926
v 3.6831 -3.9914 -0.60798
vn -0.720327 0.687504 0.0920187
v 3.6964 -3.9715 -0.63068
vn -0.867099 0.487298 0.103349
v 3.7112 -3.9261 -0.60798
vn -0.925866 0.255524 -0.278351
v 3.6841 -3.9942 -0.58527
vn -0.682694 0.730704 0
v 3.6831 -3.9942 -0.60082
vn -0.704898 0.704895 0.0790048
v 3.7172 -3.9488 -0.40363
vn -0.184553 0.817451 -0.545632
v 3.7285 -3.94825 -0.404575
vn 0 0.86075 -0.509028
v 3.7058 -3.9437 -0.38093
vn -0.311813 0.935415 -0.166649
v 3.6994 -3.9488 -0.33552
vn -0.785353 0.616731 0.0535112
v 3.7739 -4.0247 -0.44904
vn 0.419274 0.889992 0.179231
v 3.7017 -3.9488 -0.31281
vn -0.758371 0.648551 0.0652382
v 3.7058 -3.9598 -0.017643
vn -0.493499 0.868249 0.0510131
v 3.7058 -3.962 0.0050616
vn -0.518706 0.852742 0.0614478
v 3.7058 -3.9636 0.027767
vn -0.540568 0.841145 0.0161601
v 3.7058 -3.963 0.050472
vn -0.538683 0.841104 -0.0486348
v 3.7966 -4.0348 -0.44904
vn 0.259633 0.848426 0.461263
v 3.8441 -4.0623 -0.44904
vn 0.412118 0.240393 0.878846
v 3.7512 -4.0623 -1.0331
vn -0.0788072 0.077932 0.993839
v 3.7739 -4.0623 -1.0299
vn -0.189241 0.0611612 0.980024
v 3.615 -4.103 -0.60798
vn -0.67927 -0.0858124 -0.728854
v 3.5908 -4.1077 -0.58527
vn -0.943739 -0.164441 -0.286906
v 3.5923 -4.1077 -0.58724
vn -0.674666 -0.169374 -0.718427
v 3.5923 -4.1114 -0.58527
vn -0.82189 -0.330847 -0.46372
v 3.5897 -4.1304 -0.56257
vn -0.982155 -0.142991 0.122165
v 3.5923 -4.1384 -0.56257
vn -0.928629 -0.342976 -0.141477
v 3.6173 -4.1077 -0.60798
vn -0.591144 -0.299387 -0.748944
v 3.5877 -4.085 -0.58527
vn -0.954875 0.00168364 -0.297004
v 3.5923 -4.085 -0.59118
vn -0.651682 0.0724278 -0.755026
v 3.5923 -4.0687 -0.58527
vn -0.850905 0.25803 -0.457581
v 3.6337 -4.1531 -0.49445
vn -0.737239 -0.0886354 0.669792
v 3.6377 -4.172 -0.49445
vn -0.756488 -0.218975 0.616259
v 3.6377 -4.1531 -0.48983
vn -0.628996 0.0483127 0.775906
v 3.6604 -4.1531 -0.47198
vn -0.394798 0.129142 0.909647
v 3.6558 -4.0623 0.027767
vn -0.982874 -0.0789148 -0.166526
v 3.6604 -4.0623 0.0099587
vn -0.935202 -0.332454 -0.12195
v 3.6526 -4.0623 0.050472
vn -0.981395 -0.186651 -0.0450105
v 3.6532 -4.0623 0.073177
vn -0.982573 -0.181085 0.0419376
v 3.6604 -4.0796 0.073177
vn -0.871933 -0.488045 0.0393037
v 3.6547 -4.0623 0.095882
vn -0.983858 -0.170675 0.053798
v 3.6604 -4.0768 0.095882
vn -0.873929 -0.484051 0.0440852
v 3.6675 -4.085 0.095882
vn -0.741186 -0.669779 0.0451608
v 3.6559 -4.0623 0.11859
vn -0.993593 -0.111925 0.0156914
v 3.6604 -4.0753 0.11859
vn -0.909325 -0.416077 -0.00278868
v 3.6677 -4.085 0.11859
vn -0.787745 -0.615722 -0.0185646
v 3.6552 -4.0623 0.14129
vn -0.991212 -0.113164 -0.0685009
v 3.6604 -4.0778 0.14129
vn -0.898265 -0.431964 -0.0807882
v 3.6659 -4.085 0.14129
vn -0.78451 -0.611236 -0.104566
v 3.6526 -4.0623 0.164
vn -0.983383 -0.146549 -0.107148
v 3.6604 -4.085 0.17199
vn -0.834524 -0.536401 -0.125873
v 3.6576 -4.085 0.1867
vn -0.920491 -0.358719 -0.154973
v 3.6604 -4.0953 0.20941
vn -0.849566 -0.515766 -0.110558
v 3.6498 -4.0623 0.1867
vn -0.982928 -0.142891 -0.115906
v 3.6541 -4.085 0.20941
vn -0.928117 -0.358497 -0.100391
v 3.6477 -4.0623 0.20941
vn -0.994733 -0.0847192 -0.0576889
v 3.5468 -3.8807 -1.0548
vn 0.10912 0.229402 0.967196
v 3.5468 -3.858 -1.0588
vn 0.0863441 0.107649 0.990432
v 3.5468 -3.8353 -1.0599
vn 0.0457715 0.0150616 0.998838
v 3.5468 -3.8126 -1.0601
vn 0.0197739 -0.0066076 0.999783
v 3.5468 -3.7899 -1.0596
vn 0.00658462 -0.049146 0.99877
v 3.5468 -3.7672 -1.0573
vn -0.0162231 -0.123418 0.992222
v 3.5468 -3.7444 -1.0534
vn -0.0873321 -0.144496 0.985644
v 3.5468 -3.7217 -1.0503
vn -0.237137 -0.127277 0.963103
v 3.5468 -3.699 -1.0487
vn -0.354038 -0.0768501 0.932068
v 3.6085 -3.8807 -1.0621
vn 0.0675871 0.105324 0.992138
v 3.6377 -3.8955 -1.0621
vn 0.0479183 0.105113 0.993305
v 3.6377 -3.8807 -1.0632
vn 0.0141597 0.0137351 0.999805
v 3.6532 -3.9034 -1.0621
vn 0.0325969 0.168352 0.985188
v 3.672 -3.9034 -1.0621
vn -0.0169505 0.138485 0.990219
v 3.6604 -3.8807 -1.0632
vn -0.00638213 0.0160809 0.99985
v 3.615 -3.858 -1.0625
vn 0.0132396 -0.0213176 0.999685
v 3.59265 -3.858 -1.0621
vn 0.0460234 0.00314891 0.998935
v 3.62635 -3.84905 -1.0621
vn 0.0124826 -0.0641182 0.997864
v 3.6604 -3.858 -1.0629
vn 0.00801264 -0.028407 0.999564
v 3.6831 -4.0169 -1.0359
vn -0.0264601 -0.0328908 0.999109
v 3.7058 -4.0169 -1.0361
vn 0.0102523 0.0688481 0.997574
v 3.7285 -4.0169 -1.0363
vn -0.0562841 0.0752895 0.995572
v 3.6831 -3.9715 -1.0423
vn 0.0720519 0.286055 0.9555
v 3.6604 -3.9942 -1.0359
vn 0.0556645 0.0937975 0.994034
v 3.7058 -3.9715 -1.0434
vn -0.00115807 0.252245 0.967663
v 3.7285 -3.99065 -1.03885
vn -0.0757544 0.148624 0.985988
v 3.7285 -3.9715 -1.0426
vn -0.089877 0.23262 0.968406
v 3.5923 -3.9261 -1.0475
vn 0.1165 0.283283 0.951934
v 3.615 -3.9488 -1.0433
vn 0.101005 0.305462 0.946832
v 3.6377 -3.9488 -1.0452
vn 0.0965705 0.325512 0.940593
v 3.615 -3.9261 -1.0509
vn 0.128258 0.318576 0.93918
v 3.6377 -3.9261 -1.0539
vn 0.107804 0.324058 0.939875
v 3.5696 -3.9034 -1.0512
vn 0.125839 0.271143 0.954278
v 3.5923 -3.9034 -1.0546
vn 0.140035 0.269613 0.952733
v 3.5696 -3.8807 -1.0577
vn 0.119498 0.207414 0.970927
v 3.5923 -3.8807 -1.0605
vn 0.098111 0.154959 0.983037
v 3.615 -3.9034 -1.0585
vn 0.129171 0.256102 0.957981
v 3.6377 -3.9034 -1.061
vn 0.0906545 0.257776 0.961942
v 3.6604 -3.9488 -1.0476
vn 0.0942742 0.332957 0.938217
v 3.6831 -3.9488 -1.0497
vn 0.0245609 0.305509 0.951872
v 3.6604 -3.9261 -1.0566
vn 0.065871 0.301868 0.951071
v 3.6831 -3.9261 -1.0574
vn -0.0538341 0.228186 0.972128
v 3.7058 -3.9488 -1.0498
vn -0.0436476 0.233635 0.971344
v 3.7285 -3.9488 -1.0486
vn -0.119766 0.20327 0.97177
v 3.6831 -3.9034 -1.0614
vn -0.119389 0.130674 0.984211
v 3.7512 -4.0396 -1.034
vn -0.089436 0.0394578 0.995211
v 3.7739 -4.0396 -1.0294
vn -0.156567 0.0292012 0.987236
v 3.7512 -4.0169 -1.0339
vn -0.146829 0.0329741 0.988612
v 3.7739 -4.0169 -1.0294
vn -0.0877129 0.0350853 0.995528
v 3.7966 -4.0169 -1.0299
vn 0.151734 0.18222 0.97148
v 3.75005 -3.9705 -1.0394
vn -0.228952 0.190817 0.954552
v 3.7512 -3.9942 -1.0352
vn -0.158174 0.110723 0.981184
v 3.7739 -3.9942 -1.031
vn -0.0393884 0.107223 0.993454
v 3.7739 -3.9715 -1.0338
vn -0.130451 0.0755226 0.988574
v 3.7966 -3.9942 -1.0345
vn 0.160451 0.073453 0.984307
v 3.5696 -3.858 -1.0608
vn 0.0651158 0.0470716 0.996767
v 3.5696 -3.8353 -1.0607
vn 0.0219677 -0.0176144 0.999603
v 3.5923 -3.8353 -1.0609
vn 0.00743897 -0.0520287 0.998618
v 3.615 -3.8353 -1.0608
vn -0.00401263 -0.0983957 0.995139
v 3.6377 -3.8353 -1.0611
vn 0.0329571 -0.106843 0.99373
v 3.5696 -3.8126 -1.06
vn -0.00878219 -0.0339331 0.999386
v 3.5923 -3.8126 -1.0592
vn -0.0409348 -0.0840633 0.995619
v 3.5696 -3.7899 -1.059
vn -0.0531896 -0.08909 0.994602
v 3.5923 -3.7899 -1.0569
vn -0.0983468 -0.142457 0.984903
v 3.615 -3.8126 -1.0583
vn -0.0392721 -0.131776 0.990501
v 3.5696 -3.7672 -1.0562
vn -0.100424 -0.177156 0.979046
v 3.5923 -3.7672 -1.0527
vn -0.159928 -0.249771 0.955007
v 3.5696 -3.7444 -1.0507
vn -0.220097 -0.277383 0.935209
v 3.5923 -3.7444 -1.0444
vn -0.171576 -0.365193 0.914984
v 3.5696 -3.7217 -1.0434
vn -0.321194 -0.28007 0.904652
v 3.5775 -3.7217 -1.0394
vn -0.393257 -0.332004 0.857393
v 3.5678 -3.699 -1.0381
vn -0.642571 -0.206632 0.737838
v 3.5696 -3.7079 -1.0394
vn -0.483471 -0.282452 0.828539
v 3.672 -4.0623 -0.063054
vn -0.857738 -0.498843 -0.124264
v 3.6684 -4.0623 -0.040349
vn -0.901791 -0.414999 -0.120617
v 3.6604 -4.0515 -0.017643
vn -0.971651 -0.212133 -0.104376
v 3.6656 -4.0623 -0.017643
vn -0.847335 -0.514762 -0.130552
v 3.6589 -4.0396 0.0050616
vn -0.99698 -0.0117075 -0.0767696
v 3.656 -4.0396 0.027767
vn -0.98808 0.07783 -0.132814
v 3.6536 -4.0396 0.050472
vn -0.983981 0.162772 -0.0727037
v 3.653 -4.0396 0.073177
vn -0.993687 0.112065 0.00525064
v 3.6536 -4.0396 0.095882
vn -0.990979 0.126704 0.0436596
v 3.65995 -4.01575 0.095882
vn -0.929523 0.366802 0.0379942
v 3.6549 -4.0396 0.11859
vn -0.992397 0.113124 0.0484838
v 3.6556 -4.0396 0.14129
vn -0.995335 0.0934733 -0.0239111
v 3.6604 -4.0236 0.14129
vn -0.954792 0.297249 -0.00393906
v 3.6539 -4.0396 0.164
vn -0.979022 0.185468 -0.0843612
v 3.6517 -4.0396 0.1867
vn -0.974044 0.206929 -0.0917552
v 3.65 -4.0396 0.20941
vn -0.977373 0.203789 -0.0566781
v 3.6831 -4.075 -0.063054
vn -0.751138 -0.653877 -0.0907587
v 3.6526 -4.085 0.23211
vn -0.944825 -0.326735 -0.0234498
v 3.6604 -4.0985 0.23211
vn -0.870674 -0.490928 -0.0302685
v 3.647 -4.0623 0.23211
vn -0.997205 -0.0746822 0.00219375
v 3.6526 -4.085 0.25482
vn -0.947004 -0.321104 0.00866228
v 3.6604 -4.0995 0.25482
vn -0.884918 -0.465736 -0.0031043
v 3.6478 -4.0623 0.25482
vn -0.998497 -0.0490195 0.0244995
v 3.6531 -4.085 0.30023
vn -0.947253 -0.320485 -0.000219429
v 3.6604 -4.0998 0.30023
vn -0.895625 -0.444773 -0.00575477
v 3.6485 -4.0623 0.27752
vn -0.996176 -0.0871387 0.00626862
v 3.6482 -4.0623 0.30023
vn -0.996525 -0.0768234 -0.0321886
v 3.6526 -4.085 0.32293
vn -0.962194 -0.269273 -0.0409204
v 3.6471 -4.0623 0.32293
vn -0.994382 -0.0846901 -0.0634984
v 3.6454 -4.0623 0.34564
vn -0.994437 -0.0730124 -0.0759244
v 3.651 -4.085 0.34564
vn -0.967919 -0.237362 -0.0824125
v 3.6485 -4.085 0.36834
vn -0.947288 -0.304853 -0.0985363
v 3.6604 -4.1077 0.36266
vn -0.89109 -0.431806 -0.139652
v 3.6437 -4.0623 0.36834
vn -0.998365 -0.0373797 -0.0432343
v 3.6466 -4.085 0.39105
vn -0.960127 -0.266464 -0.084573
v 3.656 -4.1077 0.39105
vn -0.909193 -0.397857 -0.12279
v 3.6433 -4.0623 0.39105
vn -0.999612 -0.0158497 -0.022894
v 3.6371 -4.085 0.45916
vn -0.962184 -0.0363165 -0.269968
v 3.6377 -4.1045 0.45916
vn -0.95052 -0.168651 -0.260899
v 3.6377 -4.0797 0.45916
vn -0.961702 0.143434 -0.233572
v 3.6273 -4.085 0.48187
vn -0.870735 0.105396 -0.480325
v 3.6377 -4.1077 0.46513
vn -0.8743 -0.350937 -0.335325
v 3.6285 -4.1077 0.48187
vn -0.811464 -0.132836 -0.569106
v 3.6342 -4.0623 0.48187
vn -0.828875 0.303864 -0.469716
v 3.6377 -4.0623 0.47175
vn -0.931143 0.240088 -0.274462
v 3.6446 -4.085 0.41375
vn -0.976264 -0.189237 -0.105344
v 3.6522 -4.1077 0.41375
vn -0.93023 -0.336029 -0.147502
v 3.6434 -4.0623 0.41375
vn -0.997054 0.0746663 -0.0175662
v 3.6417 -4.085 0.43646
vn -0.982719 -0.0708144 -0.171024
v 3.6472 -4.1077 0.43646
vn -0.933389 -0.274913 -0.230669
v 3.6429 -4.0623 0.43646
vn -0.98351 0.165834 -0.0721667
v 3.6403 -4.0623 0.45916
vn -0.968257 0.205238 -0.142671
v 3.5923 -4.0792 0.52728
vn -0.746747 0.579846 -0.325802
v 3.5923 -4.085 0.52178
vn -0.799078 0.0251447 -0.600702
v 3.5894 -4.085 0.52728
vn -0.968852 -0.137984 -0.205637
v 3.615 -4.085 0.49814
vn -0.749959 0.0591963 -0.658831
v 3.611 -4.1077 0.50457
vn -0.761829 -0.240186 -0.601604
v 3.615 -4.0725 0.50457
vn -0.737043 0.398971 -0.545518
v 3.5923 -4.0853 0.52728
vn -0.762798 -0.109728 -0.637259
v 3.595 -4.1077 0.52728
vn -0.789329 -0.331903 -0.516526
v 3.5839 -4.085 0.54998
vn -0.996865 0.0501915 0.0611616
v 3.5919 -4.1077 0.54998
vn -0.964324 -0.237154 -0.117628
v 3.5923 -4.1077 0.52851
vn -0.959407 -0.129663 -0.250452
v 3.5923 -4.0738 0.54998
vn -0.716669 0.683326 0.139467
v 3.5923 -4.1077 0.5509
vn -0.85549 -0.299448 0.422454
v 3.5923 -4.085 0.56688
vn -0.838847 0.205707 0.504005
v 3.615 -4.067 0.57269
vn -0.719152 0.370323 0.587947
v 3.6011 -4.085 0.57269
vn -0.594722 0.571332 0.565584
v 3.6349 -4.1077 0.6181
vn -0.943415 -0.0113259 0.331422
v 3.6273 -4.1077 0.5954
vn -0.901601 -0.0544102 0.429133
v 3.6377 -4.1225 0.6181
vn -0.945199 -0.22118 0.240161
v 3.6271 -4.085 0.5954
vn -0.859942 0.157631 0.48544
v 3.615 -4.085 0.5811
vn -0.688094 0.202471 0.696802
v 3.6377 -4.1077 0.62856
vn -0.968063 -0.00583952 0.250637
v 3.6445 -4.1304 0.64081
vn -0.916918 -0.347498 0.196232
v 3.6417 -4.1304 0.6181
vn -0.886816 -0.449002 0.109338
v 3.6495 -4.1304 0.66351
vn -0.887789 -0.342628 0.307307
v 3.6604 -4.1497 0.64081
vn -0.763449 -0.628952 0.146849
v 3.6831 -4.1077 0.73273
vn -0.728464 -0.467674 0.500621
v 3.6689 -4.085 0.73163
vn -0.853855 -0.375556 0.360401
v 3.662 -4.0623 0.73163
vn -0.959268 -0.21773 0.179994
v 3.6782 -4.085 0.75433
vn -0.79855 -0.49163 0.347301
v 3.6831 -4.0904 0.75433
vn -0.77053 -0.524471 0.362235
v 3.6658 -4.0623 0.75433
vn -0.905282 -0.312281 0.288003
v 3.6831 -4.085 0.76428
vn -0.816265 -0.491542 0.303476
v 3.6737 -4.0623 0.77704
vn -0.869438 -0.331159 0.366621
v 3.6831 -4.0789 0.77704
vn -0.810133 -0.458754 0.365007
v 3.6831 -4.0623 0.79281
vn -0.792589 -0.21173 0.571815
v 3.6492 -4.0396 0.23211
vn -0.985908 0.167213 -0.00506764
v 3.6565 -4.0169 0.23211
vn -0.953414 0.301357 -0.0136482
v 3.6496 -4.0396 0.25482
vn -0.974641 0.223268 0.0150242
v 3.6564 -4.0169 0.25482
vn -0.958271 0.285652 0.0109049
v 3.6501 -4.0396 0.27752
vn -0.982745 0.184725 0.00937876
v 3.6498 -4.0396 0.30023
vn -0.980703 0.193682 -0.0266359
v 3.657 -4.0169 0.30023
vn -0.955154 0.295945 -0.00981511
v 3.6487 -4.0396 0.32293
vn -0.977165 0.206636 -0.0494919
v 3.6564 -4.0169 0.32293
vn -0.948613 0.314814 -0.0320339
v 3.6472 -4.0396 0.34564
vn -0.972647 0.226368 -0.0521195
v 3.6558 -4.0169 0.34564
vn -0.938631 0.3432 -0.0344452
v 3.6461 -4.0396 0.36834
vn -0.975784 0.216658 -0.030087
v 3.6554 -4.0169 0.36834
vn -0.927438 0.373838 -0.0102135
v 3.6463 -4.0396 0.39105
vn -0.968566 0.248085 0.0182803
v 3.6476 -4.0396 0.41375
vn -0.953799 0.298317 0.0357053
v 3.6483 -4.0396 0.43646
vn -0.936453 0.349966 -0.0240591
v 3.6462 -4.0396 0.45916
vn -0.941427 0.308955 -0.13514
v 3.6566 -4.0169 0.45916
vn -0.906469 0.40998 -0.101145
v 3.7739 -3.9585 0.41375
vn 0.603652 0.777919 -0.174489
v 3.7926 -3.9034 0.52728
vn 0.573916 0.650434 -0.497551
v 3.6562 -4.0396 0.73163
vn -0.987459 -0.09337 0.127309
v 3.6588 -4.0523 0.718
vn -0.980378 -0.196543 0.0151567
v 3.6604 -4.0578 0.73163
vn -0.964157 -0.226616 0.13801
v 3.66095 -4.0396 0.752475
vn -0.953022 -0.080636 0.291971
v 3.6831 -4.0396 0.79852
vn -0.84921 0.0245153 0.527486
v 3.6845 -4.0396 0.79974
vn -0.523035 -0.00752528 0.852278
v 3.7058 -4.0052 0.79974
vn -0.36078 0.663794 0.655145
v 3.6208 -4.1178 0.50373
vn -0.650554 -0.588598 -0.479928
v 3.6604 -4.0075 0.36834
vn -0.829941 0.557847 0.00211868
v 3.7739 -3.9531 0.43646
vn 0.689029 0.705076 -0.167652
v 3.7966 -3.8982 0.54998
vn 0.666288 0.707408 -0.235868
v 3.7966 -3.9034 0.53747
vn 0.643894 0.710517 -0.283842
v 3.8104 -3.9034 0.68622
vn 0.553315 0.7789 0.295223
v 3.7285 -4.0156 0.79974
vn 0.235445 0.513885 0.824917
v 3.7637 -3.9942 0.75433
vn 0.515963 0.615055 0.596229
v 3.8074 -3.9569 0.73121
vn 0.0825401 0.0764628 0.99365
v 3.8151 -3.9715 0.73163
vn 0.09097 0.0809106 0.992561
f 1//1 2//2 3//3
f 4//4 2//2 1//1
f 5//5 3//3 2//2
f 6//6 5//5 4//4
f 4//4 5//5 2//2
f 7//7 8//8 9//9
f 9//9 8//8 10//10
f 9//9 10//10 11//11
f 11//11 12//12 9//9
f 11//11 13//13 5//5
f 15//15 16//16 14//14
f 17//17 18//18 15//15
f 17//17 15//15 14//14
f 19//19 17//17 20//20
f 21//21 18//18 17//17
f 17//17 19//19 21//21
f 18//18 21//21 22//22
f 4//4 23//23 6//6
f 6//6 23//23 24//24
f 27//27 28//28 29//29
f 27//27 29//29 25//25
f 30//30 31//31 32//32
f 32//32 29//29 33//33
f 33//33 29//29 28//28
f 34//34 20//20 35//35
f 35//35 36//36 34//34
f 35//35 37//37 36//36
f 38//38 19//19 20//20
f 20//20 34//34 38//38
f 39//39 22//22 38//38
f 38//38 22//22 21//21
f 38//38 21//21 19//19
f 34//34 36//36 38//38
f 38//38 36//36 40//40
f 41//41 40//40 42//42
f 42//42 40//40 36//36
f 42//42 36//36 37//37
f 38//38 40//40 39//39
f 43//43 39//39 40//40
f 43//43 40//40 41//41
f 42//42 44//44 41//41
f 41//41 44//44 43//43
f 45//45 46//46 47//47
f 44//44 42//42 48//48
f 43//43 44//44 49//49
f 49//49 44//44 48//48
f 50//50 51//51 52//52
f 53//53 52//52 51//51
f 51//51 54//54 53//53
f 56//56 53//53 55//55
f 55//55 53//53 54//54
f 57//57 55//55 54//54
f 54//54 58//58 57//57
f 59//59 56//56 57//57
f 57//57 56//56 55//55
f 60//60 57//57 58//58
f 61//61 59//59 60//60
f 60//60 59//59 57//57
f 62//62 63//63 64//64
f 65//65 66//66 63//63
f 63//63 67//67 65//65
f 64//64 68//68 62//62
f 69//69 70//70 71//71
f 69//69 71//71 72//72
f 71//71 70//70 73//73
f 72//72 75//75 69//69
f 77//77 78//78 79//79
f 79//79 80//80 77//77
f 81//81 82//82 83//83
f 83//83 82//82 84//84
f 85//85 81//81 83//83
f 83//83 86//86 85//85
f 83//83 84//84 87//87
f 87//87 84//84 88//88
f 86//86 83//83 87//87
f 87//87 89//89 86//86
f 90//90 85//85 86//86
f 86//86 91//91 90//90
f 92//92 90//90 91//91
f 91//91 93//93 92//92
f 91//91 86//86 89//89
f 94//94 7//7 9//9
f 9//9 95//95 94//94
f 95//95 9//9 12//12
f 96//96 97//97 98//98
f 99//99 100//100 101//101
f 97//97 102//102 99//99
f 102//102 103//103 99//99
f 99//99 103//103 100//100
f 98//98 30//30 32//32
f 32//32 104//104 98//98
f 96//96 98//98 105//105
f 105//105 98//98 104//104
f 52//52 53//53 106//106
f 107//107 106//106 53//53
f 53//53 56//56 107//107
f 108//108 107//107 59//59
f 59//59 107//107 56//56
f 109//109 108//108 61//61
f 61//61 108//108 59//59
f 110//110 109//109 61//61
f 112//112 113//113 65//65
f 114//114 115//115 116//116
f 117//117 118//118 119//119
f 120//120 119//119 121//121
f 121//121 119//119 118//118
f 122//122 119//119 120//120
f 123//123 120//120 121//121
f 124//124 115//115 122//122
f 124//124 122//122 125//125
f 125//125 122//122 120//120
f 125//125 120//120 123//123
f 126//126 127//127 128//128
f 129//129 130//130 131//131
f 130//130 129//129 132//132
f 133//133 134//134 135//135
f 136//136 137//137 138//138
f 139//139 137//137 136//136
f 116//116 115//115 142//142
f 143//143 144//144 145//145
f 143//143 145//145 141//141
f 145//145 144//144 136//136
f 146//146 142//142 115//115
f 147//147 148//148 143//143
f 147//147 143//143 142//142
f 147//147 142//142 146//146
f 149//149 144//144 143//143
f 150//150 151//151 139//139
f 150//150 139//139 149//149
f 149//149 139//139 136//136
f 149//149 136//136 144//144
f 152//152 151//151 150//150
f 143//143 148//148 149//149
f 153//153 150//150 149//149
f 153//153 149//149 148//148
f 153//153 148//148 154//154
f 155//155 152//152 153//153
f 153//153 152//152 150//150
f 156//156 127//127 157//157
f 158//158 128//128 156//156
f 156//156 128//128 127//127
f 156//156 159//159 160//160
f 161//161 160//160 159//159
f 159//159 137//137 161//161
f 161//161 137//137 162//162
f 163//163 162//162 139//139
f 139//139 162//162 137//137
f 139//139 151//151 163//163
f 152//152 163//163 151//151
f 164//164 165//165 155//155
f 155//155 165//165 152//152
f 166//166 165//165 164//164
f 167//167 168//168 169//169
f 65//65 170//170 112//112
f 169//169 171//171 172//172
f 174//174 175//175 173//173
f 168//168 173//173 175//175
f 176//176 170//170 65//65
f 176//176 65//65 67//67
f 177//177 178//178 75//75
f 75//75 74//74 177//177
f 69//69 75//75 178//178
f 179//179 177//177 76//76
f 76//76 177//177 74//74
f 180//180 135//135 134//134
f 154//154 181//181 153//153
f 153//153 181//181 155//155
f 182//182 179//179 183//183
f 183//183 179//179 76//76
f 183//183 76//76 184//184
f 185//185 182//182 186//186
f 186//186 182//182 183//183
f 186//186 183//183 184//184
f 184//184 187//187 186//186
f 185//185 188//188 182//182
f 188//188 185//185 189//189
f 190//190 185//185 186//186
f 190//190 186//186 78//78
f 78//78 186//186 187//187
f 191//191 189//189 190//190
f 190//190 189//189 185//185
f 192//192 190//190 78//78
f 78//78 77//77 192//192
f 193//193 191//191 192//192
f 192//192 191//191 190//190
f 194//194 192//192 77//77
f 77//77 195//195 194//194
f 196//196 193//193 194//194
f 194//194 193//193 192//192
f 197//197 194//194 195//195
f 195//195 82//82 197//197
f 198//198 196//196 194//194
f 194//194 197//197 198//198
f 199//199 197//197 82//82
f 82//82 81//81 199//199
f 200//200 198//198 197//197
f 197//197 199//199 200//200
f 201//201 199//199 85//85
f 85//85 199//199 81//81
f 202//202 200//200 201//201
f 201//201 200//200 199//199
f 200//200 202//202 203//203
f 204//204 205//205 206//206
f 207//207 201//201 90//90
f 90//90 201//201 85//85
f 208//208 202//202 201//201
f 201//201 207//207 208//208
f 209//209 207//207 92//92
f 92//92 207//207 90//90
f 210//210 208//208 209//209
f 209//209 208//208 207//207
f 202//202 208//208 211//211
f 212//212 209//209 213//213
f 213//213 209//209 92//92
f 214//214 210//210 212//212
f 212//212 210//210 209//209
f 215//215 214//214 212//212
f 212//212 216//216 215//215
f 217//217 218//218 219//219
f 220//220 217//217 221//221
f 221//221 217//217 219//219
f 222//222 215//215 216//216
f 216//216 223//223 222//222
f 225//225 222//222 224//224
f 224//224 222//222 223//223
f 226//226 220//220 221//221
f 227//227 228//228 225//225
f 225//225 228//228 222//222
f 229//229 225//225 230//230
f 230//230 225//225 224//224
f 231//231 229//229 230//230
f 232//232 227//227 229//229
f 229//229 227//227 225//225
f 233//233 232//232 229//229
f 229//229 231//231 233//233
f 235//235 233//233 234//234
f 234//234 233//233 231//231
f 236//236 234//234 237//237
f 236//236 235//235 234//234
f 238//238 239//239 240//240
f 240//240 239//239 241//241
f 82//82 195//195 242//242
f 195//195 77//77 242//242
f 77//77 80//80 242//242
f 80//80 84//84 242//242
f 84//84 82//82 242//242
f 213//213 92//92 243//243
f 92//92 93//93 243//243
f 245//245 238//238 240//240
f 246//246 238//238 245//245
f 247//247 248//248 249//249
f 250//250 251//251 252//252
f 252//252 253//253 250//250
f 253//253 255//255 250//250
f 256//256 255//255 257//257
f 260//260 261//261 262//262
f 260//260 262//262 263//263
f 264//264 249//249 261//261
f 261//261 249//249 248//248
f 265//265 260//260 263//263
f 263//263 266//266 265//265
f 267//267 261//261 260//260
f 260//260 265//265 267//267
f 268//268 264//264 267//267
f 267//267 264//264 261//261
f 266//266 269//269 265//265
f 270//270 267//267 265//265
f 270//270 265//265 269//269
f 270//270 269//269 251//251
f 271//271 272//272 270//270
f 271//271 270//270 250//250
f 250//250 270//270 251//251
f 273//273 270//270 272//272
f 274//274 272//272 271//271
f 275//275 272//272 274//274
f 250//250 255//255 271//271
f 276//276 277//277 274//274
f 276//276 274//274 271//271
f 276//276 271//271 256//256
f 256//256 271//271 255//255
f 278//278 279//279 274//274
f 278//278 274//274 277//277
f 274//274 279//279 275//275
f 280//280 277//277 276//276
f 281//281 277//277 280//280
f 256//256 259//259 276//276
f 282//282 280//280 276//276
f 282//282 276//276 259//259
f 283//283 281//281 280//280
f 283//283 280//280 282//282
f 282//282 284//284 283//283
f 283//283 284//284 285//285
f 286//286 284//284 287//287
f 288//288 289//289 290//290
f 290//290 289//289 286//286
f 293//293 292//292 294//294
f 294//294 292//292 295//295
f 295//295 292//292 296//296
f 297//297 292//292 293//293
f 292//292 298//298 296//296
f 296//296 298//298 299//299
f 292//292 297//297 301//301
f 302//302 298//298 292//292
f 292//292 301//301 302//302
f 303//303 304//304 300//300
f 303//303 300//300 302//302
f 302//302 300//300 298//298
f 306//306 301//301 297//297
f 307//307 302//302 306//306
f 306//306 302//302 301//301
f 308//308 303//303 307//307
f 307//307 303//303 302//302
f 309//309 307//307 310//310
f 310//310 307//307 306//306
f 311//311 312//312 307//307
f 311//311 307//307 309//309
f 307//307 312//312 308//308
f 313//313 314//314 315//315
f 315//315 316//316 317//317
f 315//315 317//317 313//313
f 313//313 317//317 318//318
f 319//319 320//320 321//321
f 322//322 323//323 319//319
f 324//324 309//309 325//325
f 325//325 309//309 310//310
f 326//326 311//311 324//324
f 324//324 311//311 309//309
f 325//325 323//323 327//327
f 328//328 327//327 322//322
f 322//322 327//327 323//323
f 325//325 327//327 324//324
f 329//329 330//330 328//328
f 328//328 330//330 326//326
f 328//328 326//326 327//327
f 327//327 326//326 324//324
f 331//331 332//332 333//333
f 333//333 334//334 331//331
f 337//337 336//336 335//335
f 335//335 336//336 331//331
f 335//335 331//331 329//329
f 329//329 331//331 334//334
f 329//329 334//334 330//330
f 321//321 314//314 319//319
f 319//319 314//314 338//338
f 319//319 338//338 322//322
f 322//322 338//338 339//339
f 341//341 342//342 338//338
f 341//341 338//338 314//314
f 341//341 314//314 313//313
f 339//339 338//338 343//343
f 343//343 338//338 342//342
f 344//344 345//345 343//343
f 344//344 343//343 342//342
f 313//313 318//318 341//341
f 342//342 346//346 344//344
f 322//322 339//339 328//328
f 328//328 339//339 329//329
f 335//335 339//339 343//343
f 335//335 343//343 337//337
f 337//337 343//343 345//345
f 299//299 298//298 290//290
f 304//304 288//288 300//300
f 300//300 288//288 298//298
f 298//298 288//288 290//290
f 347//347 312//312 311//311
f 333//333 312//312 347//347
f 330//330 347//347 326//326
f 326//326 347//347 311//311
f 334//334 333//333 347//347
f 347//347 330//330 334//334
f 348//348 349//349 350//350
f 349//349 285//285 350//350
f 289//289 288//288 350//350
f 288//288 348//348 350//350
f 348//348 288//288 304//304
f 353//353 352//352 354//354
f 1//1 354//354 355//355
f 355//355 354//354 351//351
f 356//356 357//357 353//353
f 353//353 358//358 356//356
f 3//3 353//353 354//354
f 1//1 3//3 354//354
f 351//351 362//362 360//360
f 351//351 360//360 363//363
f 355//355 363//363 1//1
f 359//359 361//361 364//364
f 366//366 367//367 364//364
f 14//14 364//364 365//365
f 365//365 364//364 361//361
f 364//364 14//14 16//16
f 16//16 366//366 364//364
f 365//365 368//368 14//14
f 17//17 14//14 368//368
f 20//20 17//17 368//368
f 369//369 370//370 46//46
f 371//371 61//61 372//372
f 372//372 61//61 60//60
f 373//373 374//374 375//375
f 375//375 374//374 376//376
f 379//379 373//373 375//375
f 379//379 375//375 377//377
f 377//377 375//375 378//378
f 380//380 371//371 372//372
f 381//381 371//371 380//380
f 380//380 382//382 381//381
f 382//382 376//376 381//381
f 381//381 376//376 374//374
f 377//377 383//383 379//379
f 63//63 62//62 67//67
f 62//62 68//68 384//384
f 385//385 67//67 386//386
f 386//386 67//67 62//62
f 384//384 68//68 387//387
f 387//387 68//68 388//388
f 389//389 385//385 386//386
f 386//386 390//390 389//389
f 391//391 389//389 390//390
f 390//390 392//392 391//391
f 390//390 386//386 393//393
f 392//392 390//390 393//393
f 70//70 391//391 392//392
f 392//392 73//73 70//70
f 394//394 395//395 396//396
f 397//397 398//398 399//399
f 397//397 399//399 400//400
f 401//401 399//399 398//398
f 401//401 398//398 402//402
f 403//403 400//400 399//399
f 403//403 399//399 401//401
f 404//404 405//405 406//406
f 61//61 371//371 110//110
f 109//109 110//110 111//111
f 407//407 374//374 373//373
f 408//408 409//409 379//379
f 379//379 409//409 407//407
f 379//379 407//407 373//373
f 410//410 409//409 408//408
f 411//411 110//110 371//371
f 412//412 111//111 110//110
f 110//110 411//411 412//412
f 413//413 411//411 371//371
f 371//371 381//381 413//413
f 413//413 414//414 411//411
f 411//411 414//414 412//412
f 415//415 413//413 407//407
f 407//407 413//413 381//381
f 407//407 381//381 374//374
f 416//416 414//414 413//413
f 413//413 415//415 416//416
f 407//407 409//409 415//415
f 417//417 416//416 415//415
f 417//417 415//415 409//409
f 417//417 409//409 410//410
f 418//418 414//414 416//416
f 419//419 420//420 418//418
f 418//418 420//420 414//414
f 421//421 418//418 416//416
f 416//416 417//417 421//421
f 421//421 419//419 418//418
f 422//422 383//383 423//423
f 422//422 408//408 383//383
f 383//383 408//408 379//379
f 424//424 410//410 408//408
f 408//408 422//422 424//424
f 425//425 426//426 423//423
f 425//425 423//423 427//427
f 423//423 426//426 422//422
f 428//428 429//429 430//430
f 431//431 432//432 433//433
f 433//433 432//432 434//434
f 438//438 439//439 437//437
f 432//432 431//431 440//440
f 441//441 437//437 440//440
f 441//441 438//438 437//437
f 442//442 435//435 436//436
f 436//436 439//439 442//442
f 430//430 435//435 442//442
f 430//430 442//442 428//428
f 428//428 442//442 443//443
f 444//444 443//443 442//442
f 445//445 444//444 438//438
f 444//444 446//446 447//447
f 448//448 417//417 424//424
f 424//424 417//417 410//410
f 449//449 421//421 417//417
f 417//417 448//448 449//449
f 450//450 449//449 448//448
f 450//450 448//448 429//429
f 450//450 429//429 428//428
f 428//428 443//443 450//450
f 451//451 452//452 453//453
f 121//121 452//452 123//123
f 454//454 455//455 456//456
f 457//457 455//455 132//132
f 130//130 132//132 454//454
f 454//454 132//132 455//455
f 458//458 452//452 451//451
f 455//455 459//459 460//460
f 461//461 456//456 460//460
f 460//460 456//456 455//455
f 458//458 123//123 452//452
f 115//115 124//124 146//146
f 433//433 462//462 431//431
f 463//463 464//464 465//465
f 465//465 464//464 170//170
f 465//465 466//466 463//463
f 467//467 440//440 462//462
f 467//467 462//462 468//468
f 462//462 440//440 431//431
f 469//469 441//441 440//440
f 440//440 467//467 469//469
f 470//470 445//445 469//469
f 469//469 445//445 441//441
f 468//468 172//172 467//467
f 169//169 168//168 171//171
f 169//169 172//172 468//468
f 467//467 172//172 469//469
f 469//469 172//172 470//470
f 470//470 172//172 171//171
f 471//471 174//174 463//463
f 463//463 174//174 173//173
f 470//470 171//171 175//175
f 465//465 170//170 176//176
f 67//67 472//472 176//176
f 473//473 472//472 385//385
f 385//385 472//472 67//67
f 176//176 472//472 465//465
f 465//465 472//472 466//466
f 466//466 472//472 474//474
f 475//475 474//474 473//473
f 473//473 474//474 472//472
f 478//478 479//479 475//475
f 480//480 473//473 385//385
f 385//385 389//389 480//480
f 480//480 475//475 473//473
f 481//481 480//480 391//391
f 391//391 480//480 389//389
f 482//482 478//478 475//475
f 484//484 485//485 486//486
f 125//125 487//487 124//124
f 123//123 488//488 125//125
f 125//125 488//488 487//487
f 489//489 481//481 391//391
f 391//391 70//70 489//489
f 178//178 489//489 70//70
f 70//70 69//69 178//178
f 496//496 497//497 495//495
f 495//495 497//497 494//494
f 498//498 178//178 177//177
f 499//499 498//498 179//179
f 179//179 498//498 177//177
f 500//500 496//496 501//501
f 501//501 496//496 502//502
f 503//503 504//504 505//505
f 505//505 506//506 503//503
f 507//507 508//508 509//509
f 510//510 511//511 507//507
f 507//507 511//511 508//508
f 515//515 516//516 517//517
f 519//519 520//520 512//512
f 521//521 522//522 520//520
f 520//520 519//519 521//521
f 523//523 520//520 524//524
f 524//524 520//520 454//454
f 454//454 520//520 522//522
f 509//509 508//508 519//519
f 509//509 519//519 512//512
f 509//509 512//512 518//518
f 519//519 508//508 511//511
f 511//511 521//521 519//519
f 526//526 525//525 510//510
f 527//527 515//515 517//517
f 517//517 528//528 527//527
f 528//528 517//517 529//529
f 518//518 530//530 509//509
f 531//531 532//532 533//533
f 534//534 532//532 531//531
f 533//533 532//532 535//535
f 533//533 535//535 510//510
f 510//510 535//535 511//511
f 536//536 537//537 535//535
f 536//536 535//535 532//532
f 536//536 532//532 534//534
f 538//538 539//539 540//540
f 541//541 540//540 539//539
f 541//541 539//539 536//536
f 536//536 539//539 537//537
f 542//542 543//543 522//522
f 522//522 521//521 542//542
f 544//544 131//131 130//130
f 544//544 130//130 542//542
f 521//521 511//511 542//542
f 542//542 511//511 535//535
f 542//542 535//535 544//544
f 544//544 535//535 537//537
f 539//539 538//538 544//544
f 544//544 538//538 131//131
f 544//544 537//537 539//539
f 545//545 533//533 525//525
f 545//545 546//546 531//531
f 531//531 546//546 547//547
f 531//531 547//547 534//534
f 510//510 525//525 533//533
f 534//534 547//547 536//536
f 541//541 547//547 548//548
f 548//548 547//547 546//546
f 536//536 547//547 541//541
f 451//451 180//180 134//134
f 451//451 134//134 458//458
f 458//458 134//134 549//549
f 549//549 123//123 458//458
f 550//550 488//488 123//123
f 551//551 552//552 553//553
f 554//554 555//555 504//504
f 504//504 555//555 556//556
f 556//556 555//555 557//557
f 558//558 554//554 504//504
f 504//504 503//503 558//558
f 124//124 487//487 146//146
f 146//146 487//487 559//559
f 560//560 559//559 487//487
f 560//560 487//487 561//561
f 561//561 487//487 488//488
f 146//146 559//559 147//147
f 562//562 154//154 147//147
f 562//562 147//147 560//560
f 560//560 147//147 559//559
f 561//561 563//563 560//560
f 560//560 563//563 562//562
f 564//564 181//181 154//154
f 564//564 154//154 562//562
f 561//561 488//488 550//550
f 550//550 565//565 563//563
f 550//550 563//563 561//561
f 563//563 565//565 566//566
f 562//562 563//563 567//567
f 567//567 563//563 566//566
f 568//568 181//181 564//564
f 569//569 164//164 181//181
f 569//569 181//181 568//568
f 570//570 166//166 569//569
f 569//569 166//166 164//164
f 564//564 562//562 567//567
f 564//564 567//567 568//568
f 568//568 567//567 571//571
f 571//571 567//567 572//572
f 572//572 573//573 571//571
f 188//188 499//499 179//179
f 179//179 182//182 188//188
f 499//499 188//188 574//574
f 189//189 574//574 188//188
f 575//575 503//503 506//506
f 506//506 576//576 575//575
f 577//577 575//575 576//576
f 576//576 578//578 577//577
f 579//579 577//577 580//580
f 580//580 577//577 578//578
f 581//581 579//579 582//582
f 198//198 583//583 196//196
f 200//200 583//583 198//198
f 584//584 585//585 586//586
f 586//586 585//585 587//587
f 587//587 585//585 582//582
f 582//582 585//585 581//581
f 588//588 584//584 586//586
f 590//590 588//588 589//589
f 591//591 558//558 503//503
f 503//503 575//575 591//591
f 592//592 593//593 591//591
f 594//594 591//591 577//577
f 577//577 591//591 575//575
f 595//595 592//592 594//594
f 594//594 592//592 591//591
f 596//596 594//594 579//579
f 579//579 594//594 577//577
f 204//204 595//595 594//594
f 594//594 596//596 204//204
f 205//205 596//596 581//581
f 581//581 596//596 579//579
f 205//205 204//204 596//596
f 597//597 205//205 585//585
f 585//585 584//584 597//597
f 598//598 206//206 205//205
f 598//598 205//205 597//597
f 581//581 585//585 205//205
f 599//599 597//597 588//588
f 588//588 597//597 584//584
f 600//600 598//598 599//599
f 599//599 598//598 597//597
f 601//601 599//599 588//588
f 601//601 600//600 599//599
f 588//588 590//590 601//601
f 603//603 590//590 602//602
f 602//602 604//604 603//603
f 605//605 603//603 606//606
f 606//606 603//603 604//604
f 607//607 605//605 608//608
f 609//609 607//607 610//610
f 610//610 607//607 608//608
f 611//611 609//609 610//610
f 612//612 601//601 590//590
f 613//613 612//612 603//603
f 603//603 612//612 590//590
f 614//614 613//613 605//605
f 605//605 613//613 603//603
f 615//615 614//614 607//607
f 607//607 614//614 605//605
f 616//616 615//615 607//607
f 607//607 609//609 616//616
f 617//617 616//616 609//609
f 609//609 611//611 617//617
f 618//618 617//617 611//611
f 611//611 619//619 618//618
f 620//620 618//618 619//619
f 619//619 621//621 620//620
f 622//622 620//620 621//621
f 621//621 623//623 622//622
f 624//624 622//622 623//623
f 628//628 625//625 629//629
f 629//629 625//625 626//626
f 629//629 626//626 627//627
f 630//630 628//628 631//631
f 631//631 628//628 629//629
f 632//632 628//628 630//630
f 633//633 630//630 631//631
f 631//631 634//634 633//633
f 635//635 632//632 633//633
f 633//633 632//632 630//630
f 239//239 633//633 241//241
f 241//241 633//633 634//634
f 633//633 239//239 635//635
f 22//22 636//636 18//18
f 637//637 638//638 15//15
f 639//639 638//638 26//26
f 640//640 641//641 638//638
f 640//640 638//638 637//637
f 642//642 641//641 640//640
f 25//25 641//641 27//27
f 643//643 33//33 28//28
f 644//644 645//645 642//642
f 642//642 645//645 641//641
f 641//641 645//645 27//27
f 27//27 645//645 28//28
f 646//646 647//647 645//645
f 645//645 644//644 646//646
f 28//28 645//645 643//643
f 643//643 645//645 648//648
f 648//648 645//645 649//649
f 649//649 645//645 647//647
f 15//15 18//18 640//640
f 640//640 637//637 15//15
f 650//650 640//640 18//18
f 18//18 636//636 650//650
f 651//651 652//652 642//642
f 651//651 642//642 650//650
f 650//650 642//642 640//640
f 653//653 654//654 652//652
f 652//652 651//651 653//653
f 655//655 656//656 22//22
f 22//22 656//656 636//636
f 636//636 656//656 650//650
f 657//657 656//656 655//655
f 650//650 656//656 651//651
f 658//658 653//653 657//657
f 657//657 653//653 656//656
f 656//656 653//653 651//651
f 642//642 652//652 644//644
f 644//644 652//652 654//654
f 654//654 646//646 644//644
f 43//43 659//659 39//39
f 660//660 655//655 22//22
f 22//22 39//39 660//660
f 661//661 658//658 657//657
f 661//661 657//657 655//655
f 661//661 655//655 660//660
f 660//660 39//39 659//659
f 659//659 661//661 660//660
f 662//662 663//663 664//664
f 665//665 666//666 662//662
f 662//662 666//666 663//663
f 666//666 665//665 667//667
f 664//664 663//663 668//668
f 664//664 668//668 647//647
f 664//664 647//647 646//646
f 668//668 663//663 666//666
f 666//666 669//669 668//668
f 649//649 647//647 668//668
f 669//669 666//666 670//670
f 670//670 666//666 667//667
f 671//671 670//670 667//667
f 672//672 673//673 674//674
f 672//672 674//674 671//671
f 671//671 674//674 670//670
f 47//47 662//662 653//653
f 653//653 662//662 664//664
f 653//653 664//664 654//654
f 47//47 675//675 662//662
f 662//662 675//675 665//665
f 45//45 47//47 676//676
f 676//676 47//47 653//653
f 676//676 653//653 658//658
f 677//677 678//678 369//369
f 369//369 678//678 370//370
f 665//665 675//675 370//370
f 370//370 667//667 665//665
f 667//667 370//370 679//679
f 679//679 370//370 678//678
f 646//646 654//654 664//664
f 667//667 679//679 671//671
f 671//671 679//679 680//680
f 671//671 680//680 672//672
f 681//681 682//682 683//683
f 683//683 684//684 672//672
f 672//672 684//684 673//673
f 683//683 682//682 685//685
f 683//683 685//685 684//684
f 686//686 687//687 681//681
f 681//681 687//687 682//682
f 685//685 682//682 688//688
f 688//688 682//682 687//687
f 679//679 678//678 689//689
f 680//680 679//679 690//690
f 690//690 679//679 689//689
f 683//683 690//690 689//689
f 683//683 689//689 681//681
f 681//681 689//689 691//691
f 672//672 680//680 683//683
f 683//683 680//680 690//690
f 681//681 691//691 686//686
f 686//686 691//691 692//692
f 49//49 693//693 43//43
f 43//43 693//693 659//659
f 694//694 45//45 676//676
f 694//694 676//676 661//661
f 661//661 676//676 658//658
f 661//661 659//659 694//694
f 694//694 659//659 693//693
f 694//694 693//693 695//695
f 52//52 696//696 50//50
f 699//699 700//700 100//100
f 102//102 97//97 96//96
f 96//96 701//701 102//102
f 102//102 701//701 103//103
f 103//103 702//702 703//703
f 702//702 103//103 701//701
f 698//698 697//697 704//704
f 705//705 104//104 32//32
f 705//705 32//32 33//33
f 705//705 33//33 706//706
f 105//105 104//104 705//705
f 105//105 707//707 96//96
f 706//706 33//33 643//643
f 643//643 648//648 708//708
f 643//643 708//708 706//706
f 706//706 708//708 705//705
f 708//708 648//648 709//709
f 709//709 648//648 649//649
f 711//711 712//712 713//713
f 715//715 702//702 710//710
f 716//716 717//717 718//718
f 717//717 719//719 718//718
f 720//720 719//719 721//721
f 721//721 719//719 717//717
f 722//722 723//723 724//724
f 725//725 723//723 726//726
f 727//727 726//726 728//728
f 729//729 730//730 731//731
f 732//732 729//729 718//718
f 718//718 729//729 731//731
f 718//718 719//719 732//732
f 733//733 734//734 732//732
f 732//732 734//734 735//735
f 736//736 733//733 720//720
f 720//720 733//733 719//719
f 719//719 733//733 732//732
f 737//737 738//738 736//736
f 739//739 740//740 741//741
f 742//742 743//743 744//744
f 744//744 745//745 742//742
f 746//746 740//740 747//747
f 746//746 747//747 727//727
f 727//727 728//728 746//746
f 749//749 748//748 750//750
f 751//751 752//752 750//750
f 753//753 745//745 754//754
f 755//755 742//742 745//745
f 745//745 753//753 755//755
f 748//748 749//749 754//754
f 756//756 753//753 754//754
f 756//756 754//754 752//752
f 752//752 754//754 749//749
f 757//757 755//755 756//756
f 756//756 755//755 753//753
f 758//758 674//674 673//673
f 673//673 759//759 758//758
f 760//760 398//398 397//397
f 761//761 762//762 398//398
f 398//398 760//760 761//761
f 759//759 673//673 684//684
f 684//684 763//763 759//759
f 763//763 684//684 685//685
f 685//685 764//764 763//763
f 760//760 763//763 764//764
f 764//764 761//761 760//760
f 765//765 762//762 761//761
f 764//764 685//685 396//396
f 396//396 685//685 688//688
f 761//761 764//764 396//396
f 761//761 396//396 395//395
f 761//761 395//395 765//765
f 402//402 398//398 762//762
f 402//402 762//762 765//765
f 395//395 402//402 765//765
f 766//766 767//767 768//768
f 768//768 769//769 766//766
f 769//769 770//770 766//766
f 766//766 770//770 771//771
f 772//772 773//773 770//770
f 774//774 773//773 772//772
f 775//775 771//771 770//770
f 775//775 770//770 776//776
f 776//776 770//770 773//773
f 776//776 773//773 774//774
f 777//777 778//778 767//767
f 767//767 779//779 777//777
f 780//780 779//779 767//767
f 767//767 766//766 780//780
f 779//779 780//780 781//781
f 782//782 780//780 783//783
f 783//783 780//780 771//771
f 771//771 780//780 766//766
f 780//780 782//782 784//784
f 783//783 771//771 775//775
f 785//785 784//784 786//786
f 786//786 784//784 782//782
f 787//787 788//788 789//789
f 790//790 785//785 788//788
f 786//786 788//788 785//785
f 791//791 792//792 793//793
f 793//793 792//792 789//789
f 794//794 795//795 796//796
f 796//796 795//795 797//797
f 798//798 797//797 799//799
f 798//798 800//800 801//801
f 802//802 803//803 804//804
f 804//804 743//743 802//802
f 805//805 803//803 802//802
f 806//806 802//802 743//743
f 743//743 742//742 806//806
f 807//807 805//805 802//802
f 802//802 806//806 807//807
f 808//808 806//806 742//742
f 742//742 755//755 808//808
f 757//757 808//808 755//755
f 809//809 810//810 808//808
f 808//808 811//811 809//809
f 784//784 812//812 781//781
f 813//813 814//814 812//812
f 815//815 816//816 813//813
f 813//813 816//816 817//817
f 818//818 819//819 785//785
f 785//785 819//819 784//784
f 784//784 819//819 812//812
f 820//820 813//813 819//819
f 820//820 819//819 818//818
f 819//819 813//813 812//812
f 821//821 818//818 790//790
f 790//790 818//818 785//785
f 822//822 820//820 821//821
f 821//821 820//820 818//818
f 790//790 804//804 821//821
f 821//821 804//804 803//803
f 805//805 822//822 803//803
f 803//803 822//822 821//821
f 823//823 824//824 822//822
f 822//822 805//805 823//823
f 404//404 825//825 826//826
f 827//827 828//828 810//810
f 810//810 809//809 827//827
f 829//829 826//826 828//828
f 405//405 404//404 829//829
f 829//829 404//404 826//826
f 830//830 829//829 827//827
f 827//827 829//829 828//828
f 831//831 832//832 405//405
f 831//831 405//405 829//829
f 831//831 829//829 830//830
f 833//833 825//825 834//834
f 835//835 836//836 837//837
f 838//838 839//839 836//836
f 838//838 836//836 835//835
f 840//840 835//835 837//837
f 837//837 841//841 840//840
f 842//842 838//838 835//835
f 835//835 840//840 842//842
f 843//843 844//844 721//721
f 845//845 844//844 838//838
f 838//838 844//844 843//843
f 721//721 844//844 846//846
f 846//846 720//720 721//721
f 846//846 844//844 847//847
f 844//844 845//845 847//847
f 845//845 848//848 847//847
f 849//849 845//845 842//842
f 842//842 845//845 838//838
f 850//850 848//848 845//845
f 850//850 845//845 849//849
f 841//841 851//851 840//840
f 840//840 851//851 842//842
f 842//842 851//851 852//852
f 842//842 852//852 849//849
f 841//841 837//837 696//696
f 853//853 851//851 52//52
f 52//52 851//851 696//696
f 696//696 851//851 841//841
f 854//854 852//852 853//853
f 853//853 852//852 851//851
f 106//106 853//853 52//52
f 855//855 854//854 106//106
f 106//106 854//854 853//853
f 856//856 849//849 852//852
f 852//852 854//854 856//856
f 857//857 856//856 855//855
f 855//855 856//856 854//854
f 720//720 846//846 736//736
f 859//859 757//757 756//756
f 860//860 861//861 862//862
f 862//862 863//863 860//860
f 864//864 860//860 863//863
f 863//863 865//865 864//864
f 866//866 855//855 107//107
f 107//107 855//855 106//106
f 867//867 866//866 108//108
f 108//108 866//866 107//107
f 868//868 857//857 855//855
f 868//868 855//855 866//866
f 867//867 868//868 866//866
f 868//868 867//867 869//869
f 108//108 109//109 867//867
f 870//870 869//869 109//109
f 109//109 869//869 867//867
f 111//111 870//870 109//109
f 871//871 864//864 865//865
f 865//865 872//872 871//871
f 873//873 872//872 874//874
f 875//875 871//871 872//872
f 872//872 873//873 875//875
f 876//876 873//873 877//877
f 877//877 873//873 874//874
f 878//878 875//875 876//876
f 876//876 875//875 873//873
f 879//879 876//876 880//880
f 880//880 876//876 877//877
f 881//881 878//878 879//879
f 879//879 878//878 876//876
f 882//882 861//861 860//860
f 883//883 882//882 864//864
f 864//864 882//882 860//860
f 884//884 883//883 871//871
f 871//871 883//883 864//864
f 885//885 886//886 875//875
f 875//875 886//886 871//871
f 871//871 886//886 884//884
f 887//887 885//885 875//875
f 875//875 878//878 887//887
f 888//888 887//887 878//878
f 878//878 881//881 888//888
f 889//889 890//890 757//757
f 757//757 890//890 811//811
f 811//811 890//890 809//809
f 891//891 890//890 889//889
f 892//892 827//827 809//809
f 892//892 809//809 891//891
f 891//891 809//809 890//890
f 893//893 891//891 894//894
f 893//893 894//894 861//861
f 894//894 891//891 889//889
f 895//895 896//896 891//891
f 895//895 891//891 893//893
f 891//891 896//896 892//892
f 897//897 896//896 895//895
f 892//892 830//830 827//827
f 898//898 830//830 892//892
f 898//898 831//831 830//830
f 899//899 898//898 897//897
f 897//897 898//898 892//892
f 897//897 892//892 896//896
f 900//900 901//901 882//882
f 882//882 901//901 861//861
f 861//861 901//901 893//893
f 902//902 901//901 900//900
f 893//893 901//901 895//895
f 901//901 897//897 895//895
f 903//903 900//900 882//882
f 882//882 883//883 903//903
f 903//903 902//902 900//900
f 886//886 903//903 884//884
f 884//884 903//903 883//883
f 420//420 904//904 414//414
f 414//414 904//904 412//412
f 879//879 905//905 881//881
f 907//907 888//888 881//881
f 907//907 881//881 905//905
f 888//888 907//907 908//908
f 909//909 907//907 910//910
f 910//910 907//907 905//905
f 911//911 908//908 909//909
f 909//909 908//908 907//907
f 912//912 910//910 913//913
f 914//914 909//909 912//912
f 912//912 909//909 910//910
f 126//126 911//911 914//914
f 914//914 911//911 909//909
f 157//157 127//127 916//916
f 916//916 127//127 915//915
f 915//915 127//127 914//914
f 915//915 914//914 912//912
f 914//914 127//127 126//126
f 916//916 917//917 157//157
f 138//138 137//137 918//918
f 918//918 137//137 159//159
f 157//157 917//917 159//159
f 919//919 920//920 220//220
f 226//226 919//919 220//220
f 921//921 922//922 923//923
f 924//924 925//925 926//926
f 927//927 928//928 929//929
f 930//930 931//931 932//932
f 933//933 927//927 929//929
f 933//933 931//931 934//934
f 930//930 934//934 931//931
f 935//935 924//924 936//936
f 936//936 924//924 926//926
f 937//937 935//935 938//938
f 938//938 935//935 936//936
f 938//938 939//939 937//937
f 940//940 937//937 939//939
f 941//941 940//940 942//942
f 944//944 945//945 943//943
f 946//946 943//943 945//945
f 945//945 947//947 946//946
f 948//948 946//946 949//949
f 949//949 946//946 947//947
f 950//950 949//949 951//951
f 950//950 948//948 949//949
f 952//952 953//953 954//954
f 954//954 955//955 956//956
f 957//957 958//958 956//956
f 957//957 956//956 959//959
f 957//957 959//959 960//960
f 961//961 962//962 958//958
f 958//958 957//957 961//961
f 963//963 951//951 964//964
f 963//963 950//950 951//951
f 962//962 961//961 965//965
f 966//966 967//967 965//965
f 965//965 967//967 962//962
f 968//968 965//965 961//961
f 968//968 961//961 969//969
f 970//970 968//968 971//971
f 972//972 966//966 965//965
f 972//972 965//965 968//968
f 973//973 971//971 928//928
f 974//974 970//970 971//971
f 974//974 971//971 973//973
f 927//927 973//973 928//928
f 975//975 976//976 977//977
f 977//977 976//976 978//978
f 979//979 975//975 977//977
f 977//977 980//980 979//979
f 975//975 979//979 981//981
f 982//982 981//981 983//983
f 982//982 983//983 984//984
f 983//983 981//981 979//979
f 985//985 984//984 986//986
f 987//987 985//985 986//986
f 988//988 989//989 985//985
f 985//985 989//989 984//984
f 984//984 989//989 982//982
f 985//985 987//987 988//988
f 987//987 990//990 991//991
f 987//987 991//991 988//988
f 992//992 993//993 994//994
f 997//997 964//964 998//998
f 1000//1000 320//320 323//323
f 319//319 323//323 320//320
f 1000//1000 323//323 325//325
f 980//980 983//983 979//979
f 801//801 797//797 798//798
f 704//704 699//699 698//698
f 698//698 699//699 1001//1001
f 364//364 360//360 359//359
f 1//1 363//363 367//367
f 367//367 363//363 364//364
f 366//366 16//16 639//639
f 639//639 16//16 638//638
f 15//15 638//638 16//16
f 1005//1005 1006//1006 1007//1007
f 100//100 703//703 699//699
f 703//703 100//100 103//103
f 701//701 96//96 707//707
f 786//786 782//782 1008//1008
f 1010//1010 1011//1011 1012//1012
f 814//814 1013//1013 1011//1011
f 813//813 817//817 814//814
f 1014//1014 1015//1015 856//856
f 856//856 1015//1015 850//850
f 856//856 850//850 849//849
f 444//444 442//442 438//438
f 438//438 442//442 439//439
f 140//140 141//141 1016//1016
f 142//142 140//140 116//116
f 486//486 485//485 1017//1017
f 1018//1018 919//919 226//226
f 922//922 1018//1018 923//923
f 1021//1021 1022//1022 1023//1023
f 1024//1024 1022//1022 1021//1021
f 1024//1024 1025//1025 1022//1022
f 1026//1026 1027//1027 1028//1028
f 1029//1029 388//388 1030//1030
f 1030//1030 1031//1031 1029//1029
f 447//447 443//443 444//444
f 1032//1032 444//444 445//445
f 484//484 446//446 444//444
f 484//484 444//444 1032//1032
f 1033//1033 1034//1034 450//450
f 1035//1035 1034//1034 1033//1033
f 450//450 443//443 1036//1036
f 450//450 1036//1036 1033//1033
f 447//447 1037//1037 1036//1036
f 1033//1033 1036//1036 1038//1038
f 486//486 446//446 484//484
f 486//486 447//447 446//446
f 461//461 1039//1039 135//135
f 463//463 173//173 464//464
f 468//468 462//462 169//169
f 470//470 1032//1032 445//445
f 471//471 485//485 484//484
f 471//471 484//484 174//174
f 174//174 484//484 1032//1032
f 463//463 466//466 471//471
f 485//485 471//471 477//477
f 471//471 466//466 479//479
f 479//479 466//466 474//474
f 475//475 479//479 474//474
f 479//479 477//477 471//471
f 479//479 476//476 477//477
f 482//482 475//475 480//480
f 490//490 483//483 481//481
f 481//481 483//483 480//480
f 480//480 483//483 482//482
f 1040//1040 491//491 489//489
f 489//489 491//491 481//481
f 481//481 491//491 490//490
f 1041//1041 1040//1040 489//489
f 489//489 178//178 1041//1041
f 494//494 491//491 1040//1040
f 502//502 495//495 494//494
f 502//502 494//494 1041//1041
f 1041//1041 494//494 1040//1040
f 1042//1042 1041//1041 498//498
f 498//498 1041//1041 178//178
f 1043//1043 1042//1042 499//499
f 499//499 1042//1042 498//498
f 501//501 502//502 1041//1041
f 1041//1041 1042//1042 501//501
f 1044//1044 501//501 1042//1042
f 1042//1042 1043//1043 1044//1044
f 1045//1045 500//500 501//501
f 501//501 1044//1044 1045//1045
f 1048//1048 1047//1047 1046//1046
f 1046//1046 1047//1047 1049//1049
f 1050//1050 515//515 527//527
f 1052//1052 1053//1053 1048//1048
f 1052//1052 1048//1048 1046//1046
f 1051//1051 1046//1046 1049//1049
f 1048//1048 1053//1053 1054//1054
f 574//574 1043//1043 499//499
f 1055//1055 1044//1044 574//574
f 574//574 1044//1044 1043//1043
f 1055//1055 1045//1045 1044//1044
f 1056//1056 1055//1055 189//189
f 189//189 1055//1055 574//574
f 1057//1057 1056//1056 191//191
f 191//191 1056//1056 189//189
f 1058//1058 1059//1059 1056//1056
f 1056//1056 1057//1057 1058//1058
f 1060//1060 1057//1057 193//193
f 193//193 1057//1057 191//191
f 1061//1061 1058//1058 1057//1057
f 1057//1057 1060//1060 1061//1061
f 1059//1059 1058//1058 1062//1062
f 583//583 1060//1060 196//196
f 196//196 1060//1060 193//193
f 1063//1063 583//583 200//200
f 583//583 1063//1063 1064//1064
f 203//203 1063//1063 200//200
f 1065//1065 211//211 208//208
f 208//208 210//210 1065//1065
f 219//219 1065//1065 210//210
f 219//219 218//218 1065//1065
f 228//228 227//227 923//923
f 232//232 233//233 1066//1066
f 1067//1067 1066//1066 233//233
f 233//233 235//235 1067//1067
f 1070//1070 1071//1071 1069//1069
f 1069//1069 1071//1071 1072//1072
f 1073//1073 1070//1070 1069//1069
f 1069//1069 1068//1068 1073//1073
f 926//926 1074//1074 1075//1075
f 926//926 925//925 1074//1074
f 1076//1076 1077//1077 1078//1078
f 1079//1079 1076//1076 1078//1078
f 1080//1080 1079//1079 1081//1081
f 1082//1082 1083//1083 945//945
f 947//947 945//945 1083//1083
f 1083//1083 1084//1084 947//947
f 1077//1077 969//969 957//957
f 957//957 969//969 961//961
f 971//971 969//969 1077//1077
f 971//971 1077//1077 1076//1076
f 971//971 968//968 969//969
f 977//977 978//978 1086//1086
f 980//980 977//977 1086//1086
f 1087//1087 1088//1088 1089//1089
f 1090//1090 1091//1091 1092//1092
f 1092//1092 1093//1093 1090//1090
f 1093//1093 1092//1092 1094//1094
f 1094//1094 1095//1095 1093//1093
f 1096//1096 1097//1097 1098//1098
f 1098//1098 1097//1097 1004//1004
f 1099//1099 1014//1014 856//856
f 856//856 857//857 1099//1099
f 1100//1100 857//857 868//868
f 1100//1100 1101//1101 857//857
f 857//857 1101//1101 1099//1099
f 869//869 1100//1100 868//868
f 1102//1102 870//870 111//111
f 904//904 1102//1102 412//412
f 412//412 1102//1102 111//111
f 477//477 476//476 485//485
f 1103//1103 478//478 482//482
f 483//483 1103//1103 482//482
f 496//496 495//495 502//502
f 494//494 1104//1104 491//491
f 491//491 1104//1104 490//490
f 566//566 572//572 567//567
f 1105//1105 1045//1045 1055//1055
f 1059//1059 1105//1105 1056//1056
f 1056//1056 1105//1105 1055//1055
f 1106//1106 1061//1061 1060//1060
f 1060//1060 583//583 1106//1106
f 1107//1107 1064//1064 1063//1063
f 1063//1063 203//203 1107//1107
f 1108//1108 1107//1107 211//211
f 211//211 1107//1107 203//203
f 218//218 1108//1108 1065//1065
f 1065//1065 1108//1108 211//211
f 221//221 228//228 226//226
f 923//923 226//226 228//228
f 1066//1066 923//923 227//227
f 227//227 232//232 1066//1066
f 1109//1109 1091//1091 1019//1019
f 1004//1004 1003//1003 1019//1019
f 1019//1019 1003//1003 1110//1110
f 1110//1110 1109//1109 1019//1019
f 1111//1111 1110//1110 1003//1003
f 1112//1112 1092//1092 1109//1109
f 1109//1109 1092//1092 1091//1091
f 1109//1109 1110//1110 1112//1112
f 1007//1007 1003//1003 1004//1004
f 1007//1007 1006//1006 1003//1003
f 1003//1003 1006//1006 1111//1111
f 776//776 1113//1113 775//775
f 774//774 1113//1113 776//776
f 1008//1008 775//775 1113//1113
f 1008//1008 1113//1113 1114//1114
f 1115//1115 1116//1116 1117//1117
f 1118//1118 1116//1116 1119//1119
f 1119//1119 1116//1116 1115//1115
f 1120//1120 1121//1121 1122//1122
f 848//848 1123//1123 847//847
f 1123//1123 737//737 847//847
f 737//737 846//846 847//847
f 850//850 1124//1124 848//848
f 1125//1125 737//737 1123//1123
f 1126//1126 722//722 1127//1127
f 1127//1127 1128//1128 1126//1126
f 1015//1015 1125//1125 1124//1124
f 1015//1015 1124//1124 850//850
f 1015//1015 858//858 1128//1128
f 1129//1129 858//858 1015//1015
f 1015//1015 1014//1014 1129//1129
f 1101//1101 1129//1129 1014//1014
f 1014//1014 1099//1099 1101//1101
f 737//737 736//736 846//846
f 848//848 1124//1124 1123//1123
f 1125//1125 1123//1123 1124//1124
f 1130//1130 1101//1101 1100//1100
f 869//869 1131//1131 1100//1100
f 1100//1100 1131//1131 1130//1130
f 1132//1132 1131//1131 869//869
f 869//869 870//870 1132//1132
f 1133//1133 1132//1132 870//870
f 870//870 1102//1102 1133//1133
f 1132//1132 1133//1133 1134//1134
f 1135//1135 1136//1136 1131//1131
f 1131//1131 1136//1136 1130//1130
f 1132//1132 1135//1135 1131//1131
f 1137//1137 1133//1133 1102//1102
f 1102//1102 904//904 1137//1137
f 1138//1138 1137//1137 904//904
f 1139//1139 1134//1134 1133//1133
f 1133//1133 1137//1137 1139//1139
f 1140//1140 1139//1139 1137//1137
f 1137//1137 1138//1138 1140//1140
f 1141//1141 1142//1142 1140//1140
f 1140//1140 1142//1142 1139//1139
f 1140//1140 906//906 1141//1141
f 122//122 115//115 114//114
f 478//478 1143//1143 479//479
f 479//479 1143//1143 476//476
f 1143//1143 478//478 1144//1144
f 1145//1145 1144//1144 1103//1103
f 1103//1103 1144//1144 478//478
f 1104//1104 1103//1103 483//483
f 1104//1104 483//483 490//490
f 492//492 1145//1145 1104//1104
f 1104//1104 1145//1145 1103//1103
f 1146//1146 1147//1147 1017//1017
f 1146//1146 1017//1017 476//476
f 497//497 492//492 1104//1104
f 497//497 1104//1104 494//494
f 1148//1148 497//497 496//496
f 1149//1149 1062//1062 1058//1058
f 1058//1058 1061//1061 1149//1149
f 1062//1062 1149//1149 587//587
f 1150//1150 1149//1149 1061//1061
f 1061//1061 1106//1106 1150//1150
f 1064//1064 1106//1106 583//583
f 1151//1151 1150//1150 1106//1106
f 1106//1106 1064//1064 1151//1151
f 1152//1152 1151//1151 1064//1064
f 1064//1064 1107//1107 1152//1152
f 1153//1153 1152//1152 1108//1108
f 1108//1108 1152//1152 1107//1107
f 1154//1154 1153//1153 218//218
f 218//218 1153//1153 1108//1108
f 920//920 1154//1154 217//217
f 217//217 1154//1154 218//218
f 220//220 920//920 217//217
f 923//923 1018//1018 226//226
f 923//923 1066//1066 921//921
f 357//357 1157//1157 352//352
f 351//351 352//352 1155//1155
f 1155//1155 352//352 1156//1156
f 353//353 357//357 352//352
f 5//5 1089//1089 11//11
f 31//31 1089//1089 6//6
f 6//6 1089//1089 5//5
f 1089//1089 31//31 1087//1087
f 1155//1155 362//362 351//351
f 6//6 24//24 31//31
f 30//30 1087//1087 31//31
f 1112//1112 1110//1110 1158//1158
f 66//66 1158//1158 1111//1111
f 1111//1111 1158//1158 1110//1110
f 65//65 113//113 1158//1158
f 1158//1158 66//66 65//65
f 1159//1159 1160//1160 1161//1161
f 1161//1161 1160//1160 1027//1027
f 1159//1159 1162//1162 1030//1030
f 1163//1163 392//392 1164//1164
f 1087//1087 30//30 98//98
f 718//718 731//731 716//716
f 1165//1165 728//728 726//726
f 1165//1165 726//726 722//722
f 722//722 726//726 723//723
f 1166//1166 746//746 728//728
f 728//728 1165//1165 1166//1166
f 751//751 746//746 1166//1166
f 752//752 749//749 750//750
f 1167//1167 400//400 1168//1168
f 1168//1168 1169//1169 772//772
f 1168//1168 772//772 1167//1167
f 1168//1168 400//400 403//403
f 1169//1169 1168//1168 403//403
f 1170//1170 395//395 394//394
f 1170//1170 1171//1171 1172//1172
f 1173//1173 1174//1174 1171//1171
f 1171//1171 1174//1174 1172//1172
f 774//774 772//772 1169//1169
f 1175//1175 1174//1174 1176//1176
f 1176//1176 1177//1177 1175//1175
f 1176//1176 1174//1174 1173//1173
f 1173//1173 1178//1178 1176//1176
f 1176//1176 1178//1178 1177//1177
f 1119//1119 816//816 815//815
f 815//815 1179//1179 1119//1119
f 1120//1120 1118//1118 1119//1119
f 1122//1122 1180//1180 1118//1118
f 1181//1181 1179//1179 815//815
f 834//834 1182//1182 833//833
f 1182//1182 834//834 1183//1183
f 1184//1184 834//834 825//825
f 825//825 404//404 1184//1184
f 406//406 1184//1184 404//404
f 1128//1128 858//858 1126//1126
f 1185//1185 1165//1165 1126//1126
f 1126//1126 1165//1165 722//722
f 1126//1126 858//858 1185//1185
f 1186//1186 1166//1166 1165//1165
f 1165//1165 1185//1185 1186//1186
f 1187//1187 751//751 1166//1166
f 1166//1166 1186//1186 1187//1187
f 1188//1188 752//752 751//751
f 751//751 1187//1187 1188//1188
f 1189//1189 1186//1186 1185//1185
f 1189//1189 1185//1185 858//858
f 1190//1190 1187//1187 1189//1189
f 1189//1189 1187//1187 1186//1186
f 1191//1191 1188//1188 1190//1190
f 1190//1190 1188//1188 1187//1187
f 859//859 756//756 1188//1188
f 1188//1188 756//756 752//752
f 862//862 859//859 1191//1191
f 1191//1191 859//859 1188//1188
f 858//858 1129//1129 1192//1192
f 1193//1193 1192//1192 1101//1101
f 1101//1101 1192//1192 1129//1129
f 1194//1194 1189//1189 1192//1192
f 1192//1192 1189//1189 858//858
f 1195//1195 1190//1190 1194//1194
f 1194//1194 1190//1190 1189//1189
f 1195//1195 1191//1191 1190//1190
f 1196//1196 1194//1194 1192//1192
f 1192//1192 1193//1193 1196//1196
f 1197//1197 1195//1195 1196//1196
f 1196//1196 1195//1195 1194//1194
f 1197//1197 1191//1191 1195//1195
f 863//863 862//862 1191//1191
f 865//865 863//863 1191//1191
f 1191//1191 1197//1197 865//865
f 1130//1130 1193//1193 1101//1101
f 1136//1136 1196//1196 1193//1193
f 1193//1193 1130//1130 1136//1136
f 1198//1198 1197//1197 1136//1136
f 1136//1136 1197//1197 1196//1196
f 1199//1199 1198//1198 1136//1136
f 1136//1136 1135//1135 1199//1199
f 1198//1198 865//865 1197//1197
f 874//874 1198//1198 1199//1199
f 1200//1200 1135//1135 1132//1132
f 1201//1201 1199//1199 1135//1135
f 1135//1135 1200//1200 1201//1201
f 1202//1202 1200//1200 1134//1134
f 1134//1134 1200//1200 1132//1132
f 1203//1203 1201//1201 1200//1200
f 1200//1200 1202//1202 1203//1203
f 877//877 874//874 1201//1201
f 1201//1201 874//874 1199//1199
f 880//880 877//877 1201//1201
f 1201//1201 1203//1203 880//880
f 1142//1142 1202//1202 1139//1139
f 1139//1139 1202//1202 1134//1134
f 1142//1142 1204//1204 1203//1203
f 1142//1142 1203//1203 1202//1202
f 1141//1141 1204//1204 1142//1142
f 1204//1204 1141//1141 1205//1205
f 1203//1203 1204//1204 880//880
f 1204//1204 905//905 880//880
f 880//880 905//905 879//879
f 913//913 905//905 1205//1205
f 1205//1205 905//905 1204//1204
f 430//430 429//429 424//424
f 430//430 424//424 426//426
f 430//430 426//426 435//435
f 426//426 424//424 422//422
f 1094//1094 425//425 1095//1095
f 424//424 429//429 448//448
f 1035//1035 1038//1038 1206//1206
f 1207//1207 1208//1208 1209//1209
f 1209//1209 1210//1210 1207//1207
f 1211//1211 1212//1212 1207//1207
f 1207//1207 1212//1212 1208//1208
f 1213//1213 1207//1207 1206//1206
f 1206//1206 1207//1207 1210//1210
f 1214//1214 1211//1211 1213//1213
f 1213//1213 1211//1211 1207//1207
f 1215//1215 1216//1216 1211//1211
f 1215//1215 1211//1211 1214//1214
f 1217//1217 1038//1038 1218//1218
f 1218//1218 1038//1038 1037//1037
f 1219//1219 1220//1220 1217//1217
f 1221//1221 1213//1213 1038//1038
f 1221//1221 1038//1038 1217//1217
f 1038//1038 1213//1213 1206//1206
f 1222//1222 1213//1213 1221//1221
f 1217//1217 1220//1220 1221//1221
f 453//453 1222//1222 1221//1221
f 453//453 1221//1221 1220//1220
f 453//453 121//121 1222//1222
f 910//910 905//905 913//913
f 524//524 456//456 523//523
f 523//523 456//456 461//461
f 529//529 1223//1223 1144//1144
f 476//476 1143//1143 1146//1146
f 1224//1224 1225//1225 1146//1146
f 1146//1146 1225//1225 1147//1147
f 1226//1226 1227//1227 1224//1224
f 1224//1224 1227//1227 1225//1225
f 1219//1219 1147//1147 453//453
f 453//453 1147//1147 1225//1225
f 453//453 1225//1225 1227//1227
f 1227//1227 451//451 453//453
f 1146//1146 1143//1143 1224//1224
f 1224//1224 1143//1143 1144//1144
f 1224//1224 1144//1144 1223//1223
f 1223//1223 1226//1226 1224//1224
f 504//504 556//556 505//505
f 512//512 514//514 513//513
f 518//518 516//516 515//515
f 517//517 516//516 1223//1223
f 517//517 1223//1223 529//529
f 1223//1223 516//516 513//513
f 513//513 516//516 512//512
f 513//513 180//180 1226//1226
f 1226//1226 180//180 1227//1227
f 135//135 180//180 461//461
f 461//461 180//180 514//514
f 514//514 180//180 513//513
f 451//451 1227//1227 180//180
f 1226//1226 1223//1223 513//513
f 461//461 514//514 523//523
f 550//550 123//123 549//549
f 550//550 549//549 565//565
f 1228//1228 578//578 1062//1062
f 1062//1062 578//578 1059//1059
f 587//587 1228//1228 1062//1062
f 582//582 579//579 580//580
f 586//586 589//589 588//588
f 1151//1151 1152//1152 602//602
f 1152//1152 1153//1153 602//602
f 604//604 602//602 1153//1153
f 1153//1153 1154//1154 604//604
f 606//606 604//604 1154//1154
f 1154//1154 920//920 606//606
f 1229//1229 921//921 1066//1066
f 1066//1066 1067//1067 1229//1229
f 928//928 1076//1076 1079//1079
f 929//929 928//928 1079//1079
f 1230//1230 996//996 1231//1231
f 932//932 996//996 1230//1230
f 940//940 1232//1232 937//937
f 257//257 255//255 1233//1233
f 1233//1233 255//255 253//253
f 928//928 971//971 1076//1076
f 335//335 329//329 339//339
f 1234//1234 1235//1235 993//993
f 354//354 352//352 351//351
f 351//351 363//363 355//355
f 364//364 363//363 360//360
f 1//1 367//367 23//23
f 1//1 23//23 4//4
f 639//639 23//23 366//366
f 366//366 23//23 367//367
f 26//26 25//25 24//24
f 26//26 24//24 23//23
f 26//26 23//23 639//639
f 638//638 641//641 26//26
f 26//26 641//641 25//25
f 29//29 24//24 25//25
f 1236//1236 1094//1094 1112//1112
f 1112//1112 1158//1158 1236//1236
f 1236//1236 1158//1158 113//113
f 1111//1111 1006//1006 66//66
f 699//699 714//714 1002//1002
f 1237//1237 1002//1002 714//714
f 1239//1239 1238//1238 1240//1240
f 402//402 1241//1241 401//401
f 1172//1172 1241//1241 402//402
f 1172//1172 402//402 1170//1170
f 1173//1173 1171//1171 1242//1242
f 1243//1243 813//813 820//820
f 1181//1181 815//815 813//813
f 813//813 1243//1243 1181//1181
f 824//824 1243//1243 822//822
f 822//822 1243//1243 820//820
f 824//824 1181//1181 1243//1243
f 912//912 913//913 1244//1244
f 1244//1244 913//913 1205//1205
f 1245//1245 915//915 1244//1244
f 1244//1244 915//915 912//912
f 916//916 915//915 1245//1245
f 1246//1246 426//426 425//425
f 435//435 426//426 1246//1246
f 432//432 1247//1247 434//434
f 1248//1248 436//436 1249//1249
f 1250//1250 1249//1249 1251//1251
f 1246//1246 425//425 1251//1251
f 425//425 1094//1094 1251//1251
f 1094//1094 1236//1236 1251//1251
f 1236//1236 1250//1250 1251//1251
f 1246//1246 1249//1249 436//436
f 112//112 1250//1250 1236//1236
f 112//112 1236//1236 113//113
f 432//432 437//437 1247//1247
f 439//439 436//436 1247//1247
f 1247//1247 437//437 439//439
f 1245//1245 1252//1252 1253//1253
f 1245//1245 1253//1253 916//916
f 916//916 1253//1253 917//917
f 1254//1254 1216//1216 1255//1255
f 1255//1255 1256//1256 1254//1254
f 918//918 159//159 917//917
f 918//918 917//917 1257//1257
f 1257//1257 917//917 1253//1253
f 1258//1258 138//138 1016//1016
f 1016//1016 138//138 1257//1257
f 1016//1016 1257//1257 1255//1255
f 1255//1255 1257//1257 1256//1256
f 145//145 138//138 1258//1258
f 136//136 138//138 145//145
f 116//116 1016//1016 1259//1259
f 141//141 145//145 1258//1258
f 157//157 159//159 156//156
f 518//518 512//512 516//516
f 929//929 1079//1079 1080//1080
f 1260//1260 1261//1261 1262//1262
f 358//358 353//353 3//3
f 1263//1263 356//356 1264//1264
f 1264//1264 356//356 358//358
f 1264//1264 358//358 13//13
f 13//13 358//358 3//3
f 13//13 3//3 5//5
f 8//8 1263//1263 1264//1264
f 1264//1264 10//10 8//8
f 10//10 1264//1264 13//13
f 13//13 11//11 10//10
f 31//31 24//24 29//29
f 32//32 31//31 29//29
f 1005//1005 63//63 1006//1006
f 1006//1006 63//63 66//66
f 1122//1122 1118//1118 1120//1120
f 1120//1120 1119//1119 1179//1179
f 1265//1265 1179//1179 1181//1181
f 1266//1266 1121//1121 1182//1182
f 1267//1267 1121//1121 1266//1266
f 1183//1183 1266//1266 1182//1182
f 1183//1183 1267//1267 1266//1266
f 838//838 843//843 1268//1268
f 889//889 757//757 859//859
f 440//440 437//437 432//432
f 1259//1259 1255//1255 1269//1269
f 1269//1269 1255//1255 1216//1216
f 1256//1256 1253//1253 1254//1254
f 1254//1254 1253//1253 1252//1252
f 1016//1016 1255//1255 1259//1259
f 1257//1257 1253//1253 1256//1256
f 1257//1257 138//138 918//918
f 140//140 1016//1016 116//116
f 165//165 163//163 152//152
f 1145//1145 529//529 1144//1144
f 1045//1045 1270//1270 500//500
f 542//542 130//130 543//543
f 543//543 130//130 454//454
f 557//557 1271//1271 556//556
f 964//964 951//951 998//998
f 1272//1272 1273//1273 1274//1274
f 1275//1275 1273//1273 1276//1276
f 1277//1277 1274//1274 1273//1273
f 1273//1273 1275//1275 1277//1277
f 1272//1272 1274//1274 1278//1278
f 1279//1279 1280//1280 777//777
f 777//777 1280//1280 778//778
f 1281//1281 1279//1279 1012//1012
f 1012//1012 1279//1279 777//777
f 1012//1012 777//777 779//779
f 779//779 781//781 1012//1012
f 784//784 781//781 780//780
f 1276//1276 1281//1281 1275//1275
f 1275//1275 1281//1281 1011//1011
f 1011//1011 1281//1281 1012//1012
f 1277//1277 1275//1275 1011//1011
f 1011//1011 1013//1013 1277//1277
f 1278//1278 1282//1282 1272//1272
f 1283//1283 1284//1284 1285//1285
f 1285//1285 1284//1284 1282//1282
f 1285//1285 1282//1282 1286//1286
f 1286//1286 1282//1282 1278//1278
f 1277//1277 1287//1287 1278//1278
f 1286//1286 1278//1278 1287//1287
f 1287//1287 1288//1288 1286//1286
f 1289//1289 1290//1290 1291//1291
f 1291//1291 1283//1283 1292//1292
f 1292//1292 1283//1283 1285//1285
f 1292//1292 1285//1285 1293//1293
f 1293//1293 1285//1285 1286//1286
f 1294//1294 1291//1291 1292//1292
f 1295//1295 1296//1296 1121//1121
f 1295//1295 1121//1121 1267//1267
f 1121//1121 1296//1296 1122//1122
f 811//811 808//808 757//757
f 1010//1010 1012//1012 781//781
f 781//781 812//812 1010//1010
f 833//833 1181//1181 824//824
f 1182//1182 1265//1265 1181//1181
f 1181//1181 833//833 1182//1182
f 1182//1182 1120//1120 1265//1265
f 805//805 807//807 1297//1297
f 823//823 833//833 824//824
f 1297//1297 823//823 805//805
f 445//445 438//438 441//441
f 1269//1269 1216//1216 1215//1215
f 117//117 1259//1259 1269//1269
f 1016//1016 141//141 1258//1258
f 143//143 141//141 140//140
f 142//142 143//143 140//140
f 1017//1017 485//485 476//476
f 523//523 514//514 520//520
f 933//933 929//929 995//995
f 1278//1278 1274//1274 1277//1277
f 714//714 699//699 703//703
f 1287//1287 1277//1277 1013//1013
f 1013//1013 1298//1298 1287//1287
f 1299//1299 1288//1288 817//817
f 817//817 1288//1288 1287//1287
f 817//817 1287//1287 1298//1298
f 794//794 1289//1289 1009//1009
f 1009//1009 1289//1289 1291//1291
f 1009//1009 1291//1291 1294//1294
f 1294//1294 1292//1292 1293//1293
f 1293//1293 1286//1286 1288//1288
f 1288//1288 1115//1115 1293//1293
f 1300//1300 1116//1116 1301//1301
f 1301//1301 1116//1116 1118//1118
f 1301//1301 1180//1180 1300//1300
f 1118//1118 1180//1180 1301//1301
f 1302//1302 1303//1303 1180//1180
f 1180//1180 1303//1303 1300//1300
f 1011//1011 1010//1010 814//814
f 1182//1182 1121//1121 1120//1120
f 872//872 865//865 1198//1198
f 874//874 872//872 1198//1198
f 1215//1215 117//117 1269//1269
f 116//116 1259//1259 114//114
f 114//114 1259//1259 117//117
f 1215//1215 118//118 117//117
f 456//456 524//524 454//454
f 586//586 587//587 1149//1149
f 1149//1149 1150//1150 586//586
f 589//589 602//602 590//590
f 1304//1304 1305//1305 1073//1073
f 1073//1073 1305//1305 1070//1070
f 1306//1306 1304//1304 925//925
f 925//925 1304//1304 1073//1073
f 1307//1307 1306//1306 925//925
f 925//925 924//924 1307//1307
f 1308//1308 927//927 933//933
f 1308//1308 933//933 1309//1309
f 933//933 934//934 1309//1309
f 1310//1310 1307//1307 924//924
f 924//924 935//935 1310//1310
f 1311//1311 1310//1310 935//935
f 935//935 937//937 1311//1311
f 1232//1232 1311//1311 937//937
f 1312//1312 943//943 1313//1313
f 1314//1314 1313//1313 943//943
f 1315//1315 1314//1314 946//946
f 946//946 1314//1314 943//943
f 1316//1316 1315//1315 946//946
f 946//946 948//948 1316//1316
f 1317//1317 948//948 950//950
f 1318//1318 1316//1316 1317//1317
f 1317//1317 1316//1316 948//948
f 252//252 269//269 1319//1319
f 1319//1319 269//269 1320//1320
f 1320//1320 269//269 266//266
f 251//251 269//269 252//252
f 1321//1321 964//964 1322//1322
f 1323//1323 1321//1321 953//953
f 1323//1323 953//953 952//952
f 953//953 1321//1321 1322//1322
f 963//963 964//964 1321//1321
f 1324//1324 963//963 1321//1321
f 1325//1325 950//950 963//963
f 1325//1325 1317//1317 950//950
f 1325//1325 1318//1318 1317//1317
f 1324//1324 1326//1326 963//963
f 963//963 1326//1326 1325//1325
f 258//258 259//259 1327//1327
f 1327//1327 259//259 257//257
f 257//257 259//259 256//256
f 1328//1328 258//258 1327//1327
f 258//258 1328//1328 1329//1329
f 282//282 259//259 258//258
f 287//287 284//284 1329//1329
f 1329//1329 284//284 258//258
f 258//258 284//284 282//282
f 289//289 285//285 286//286
f 286//286 285//285 284//284
f 970//970 972//972 968//968
f 293//293 1330//1330 297//297
f 1332//1332 297//297 1330//1330
f 1333//1333 1334//1334 975//975
f 975//975 1334//1334 976//976
f 1334//1334 1333//1333 1335//1335
f 981//981 1333//1333 975//975
f 981//981 1335//1335 1333//1333
f 297//297 1332//1332 306//306
f 310//310 306//306 1332//1332
f 321//321 320//320 1336//1336
f 1336//1336 320//320 1337//1337
f 1338//1338 1337//1337 320//320
f 1338//1338 320//320 1000//1000
f 991//991 989//989 988//988
f 1119//1119 1115//1115 1299//1299
f 1119//1119 1299//1299 816//816
f 808//808 807//807 806//806
f 1120//1120 1179//1179 1265//1265
f 1339//1339 492//492 497//497
f 1148//1148 1340//1340 497//497
f 497//497 1340//1340 1339//1339
f 496//496 500//500 1270//1270
f 520//520 514//514 512//512
f 454//454 522//522 543//543
f 181//181 164//164 155//155
f 1341//1341 1067//1067 235//235
f 1342//1342 1229//1229 1067//1067
f 1067//1067 1341//1341 1342//1342
f 1343//1343 1341//1341 1344//1344
f 1344//1344 1341//1341 235//235
f 1345//1345 1343//1343 1071//1071
f 1071//1071 1343//1343 1344//1344
f 1346//1346 1342//1342 1341//1341
f 1341//1341 1343//1343 1346//1346
f 1347//1347 1346//1346 1343//1343
f 1343//1343 1345//1345 1347//1347
f 1348//1348 1349//1349 1346//1346
f 1346//1346 1349//1349 1342//1342
f 1350//1350 626//626 1348//1348
f 1348//1348 626//626 1349//1349
f 627//627 626//626 1350//1350
f 1351//1351 1348//1348 1346//1346
f 1346//1346 1347//1347 1351//1351
f 1352//1352 1350//1350 1348//1348
f 1348//1348 1351//1351 1352//1352
f 1350//1350 1352//1352 627//627
f 1305//1305 1345//1345 1070//1070
f 1070//1070 1345//1345 1071//1071
f 1353//1353 1347//1347 1345//1345
f 1345//1345 1305//1305 1353//1353
f 1354//1354 1353//1353 1304//1304
f 1304//1304 1353//1353 1305//1305
f 1355//1355 1354//1354 1306//1306
f 1306//1306 1354//1354 1304//1304
f 1356//1356 1355//1355 1307//1307
f 1307//1307 1355//1355 1306//1306
f 1357//1357 1351//1351 1353//1353
f 1353//1353 1351//1351 1347//1347
f 1358//1358 1352//1352 1351//1351
f 1351//1351 1357//1357 1358//1358
f 631//631 627//627 1352//1352
f 1352//1352 1358//1358 631//631
f 1353//1353 1354//1354 1357//1357
f 1359//1359 1358//1358 1357//1357
f 634//634 631//631 1358//1358
f 1358//1358 1359//1359 634//634
f 1360//1360 1357//1357 1354//1354
f 1354//1354 1355//1355 1360//1360
f 1361//1361 1359//1359 1360//1360
f 1360//1360 1359//1359 1357//1357
f 241//241 634//634 1361//1361
f 1361//1361 634//634 1359//1359
f 1362//1362 1360//1360 1355//1355
f 1355//1355 1356//1356 1362//1362
f 1363//1363 1361//1361 1362//1362
f 1362//1362 1361//1361 1360//1360
f 1363//1363 241//241 1361//1361
f 625//625 624//624 626//626
f 1364//1364 1308//1308 1309//1309
f 934//934 1364//1364 1309//1309
f 1365//1365 1356//1356 1310//1310
f 1310//1310 1356//1356 1307//1307
f 1366//1366 1365//1365 1311//1311
f 1311//1311 1365//1365 1310//1310
f 1367//1367 1366//1366 1311//1311
f 1311//1311 1232//1232 1367//1367
f 1368//1368 1362//1362 1365//1365
f 1365//1365 1362//1362 1356//1356
f 1369//1369 1363//1363 1368//1368
f 1368//1368 1363//1363 1362//1362
f 1370//1370 241//241 1369//1369
f 1369//1369 241//241 1363//1363
f 1371//1371 1368//1368 1365//1365
f 1365//1365 1366//1366 1371//1371
f 1372//1372 1369//1369 1371//1371
f 1371//1371 1369//1369 1368//1368
f 1373//1373 1370//1370 1372//1372
f 1372//1372 1370//1370 1369//1369
f 1367//1367 1371//1371 1366//1366
f 1374//1374 1372//1372 1371//1371
f 1372//1372 1374//1374 1373//1373
f 1375//1375 1371//1371 1367//1367
f 244//244 1374//1374 1375//1375
f 1375//1375 1374//1374 1371//1371
f 244//244 1373//1373 1374//1374
f 1376//1376 1232//1232 941//941
f 941//941 1232//1232 940//940
f 1377//1377 1367//1367 1232//1232
f 1232//1232 1376//1376 1377//1377
f 1378//1378 1377//1377 1376//1376
f 1379//1379 1376//1376 941//941
f 941//941 1312//1312 1379//1379
f 1313//1313 1379//1379 1312//1312
f 1380//1380 1378//1378 1379//1379
f 1379//1379 1378//1378 1376//1376
f 1313//1313 1380//1380 1379//1379
f 1381//1381 1375//1375 1367//1367
f 1367//1367 1377//1377 1381//1381
f 1382//1382 244//244 1381//1381
f 1381//1381 244//244 1375//1375
f 1383//1383 1381//1381 1377//1377
f 1377//1377 1378//1378 1383//1383
f 1384//1384 1382//1382 1381//1381
f 1381//1381 1383//1383 1384//1384
f 1385//1385 1383//1383 1380//1380
f 1380//1380 1383//1383 1378//1378
f 1386//1386 1384//1384 1383//1383
f 1383//1383 1385//1385 1386//1386
f 1387//1387 1385//1385 1380//1380
f 262//262 1386//1386 1385//1385
f 1385//1385 1387//1387 262//262
f 245//245 240//240 1370//1370
f 1373//1373 245//245 1370//1370
f 245//245 1388//1388 246//246
f 1388//1388 245//245 1373//1373
f 1389//1389 246//246 1388//1388
f 1388//1388 244//244 1389//1389
f 244//244 1388//1388 1373//1373
f 1390//1390 1389//1389 244//244
f 1390//1390 244//244 1382//1382
f 1391//1391 1390//1390 1384//1384
f 1384//1384 1390//1390 1382//1382
f 247//247 1391//1391 1384//1384
f 1384//1384 1386//1386 247//247
f 248//248 247//247 262//262
f 262//262 247//247 1386//1386
f 1392//1392 1380//1380 1314//1314
f 1314//1314 1380//1380 1313//1313
f 1320//1320 1392//1392 1314//1314
f 1314//1314 1315//1315 1320//1320
f 1393//1393 1320//1320 1315//1315
f 1315//1315 1316//1316 1393//1393
f 1394//1394 1393//1393 1316//1316
f 1316//1316 1318//1318 1394//1394
f 1392//1392 1387//1387 1380//1380
f 263//263 262//262 1387//1387
f 1387//1387 1392//1392 263//263
f 266//266 263//263 1320//1320
f 1320//1320 263//263 1392//1392
f 1320//1320 1393//1393 1319//1319
f 253//253 1319//1319 1394//1394
f 1394//1394 1319//1319 1393//1393
f 253//253 252//252 1319//1319
f 1324//1324 1321//1321 1323//1323
f 956//956 952//952 954//954
f 958//958 1323//1323 952//952
f 952//952 956//956 958//958
f 962//962 1324//1324 958//958
f 958//958 1324//1324 1323//1323
f 254//254 1318//1318 1325//1325
f 1395//1395 1326//1326 1324//1324
f 1396//1396 254//254 1325//1325
f 1396//1396 1325//1325 1326//1326
f 1396//1396 1326//1326 1395//1395
f 254//254 1394//1394 1318//1318
f 967//967 1395//1395 1324//1324
f 1324//1324 962//962 967//967
f 1397//1397 1395//1395 967//967
f 1398//1398 1396//1396 1397//1397
f 1397//1397 1396//1396 1395//1395
f 966//966 1397//1397 967//967
f 1399//1399 1398//1398 1397//1397
f 1397//1397 966//966 1399//1399
f 1400//1400 254//254 1396//1396
f 1401//1401 1233//1233 1394//1394
f 1401//1401 1394//1394 254//254
f 1394//1394 1233//1233 253//253
f 257//257 1233//1233 1401//1401
f 1402//1402 1401//1401 1400//1400
f 1400//1400 1401//1401 254//254
f 1327//1327 1401//1401 1402//1402
f 1327//1327 257//257 1401//1401
f 1403//1403 1400//1400 1398//1398
f 1398//1398 1400//1400 1396//1396
f 1404//1404 1403//1403 1398//1398
f 1398//1398 1399//1399 1404//1404
f 1403//1403 1402//1402 1400//1400
f 1405//1405 1327//1327 1402//1402
f 1405//1405 1402//1402 1403//1403
f 1406//1406 1405//1405 1404//1404
f 1404//1404 1405//1405 1403//1403
f 1407//1407 1327//1327 1405//1405
f 1328//1328 1327//1327 1407//1407
f 1406//1406 1407//1407 1405//1405
f 295//295 1328//1328 1407//1407
f 1407//1407 1406//1406 295//295
f 296//296 1329//1329 1328//1328
f 1328//1328 295//295 296//296
f 262//262 261//261 248//248
f 299//299 287//287 296//296
f 296//296 287//287 1329//1329
f 290//290 286//286 299//299
f 299//299 286//286 287//287
f 1408//1408 966//966 972//972
f 1408//1408 291//291 1399//1399
f 1408//1408 1399//1399 966//966
f 1409//1409 1408//1408 972//972
f 972//972 970//970 1409//1409
f 1410//1410 291//291 1408//1408
f 1408//1408 1409//1409 1410//1410
f 291//291 1410//1410 1411//1411
f 1412//1412 970//970 974//974
f 1413//1413 973//973 927//927
f 1413//1413 974//974 973//973
f 1414//1414 1412//1412 974//974
f 974//974 1413//1413 1414//1414
f 1415//1415 1409//1409 1412//1412
f 1412//1412 1409//1409 970//970
f 1415//1415 1410//1410 1409//1409
f 1416//1416 1417//1417 1414//1414
f 1414//1414 1417//1417 1412//1412
f 1412//1412 1417//1417 1415//1415
f 1418//1418 1411//1411 1410//1410
f 1410//1410 1415//1415 1418//1418
f 1419//1419 1418//1418 1417//1417
f 1419//1419 1417//1417 1416//1416
f 1417//1417 1418//1418 1415//1415
f 1399//1399 291//291 1404//1404
f 1420//1420 1404//1404 291//291
f 1421//1421 294//294 1404//1404
f 1421//1421 1404//1404 1420//1420
f 1404//1404 294//294 1406//1406
f 293//293 294//294 1421//1421
f 1331//1331 1420//1420 1411//1411
f 1411//1411 1420//1420 291//291
f 1331//1331 1421//1421 1420//1420
f 1330//1330 293//293 1421//1421
f 1421//1421 1331//1331 1330//1330
f 294//294 295//295 1406//1406
f 1422//1422 1331//1331 1411//1411
f 1422//1422 1411//1411 1418//1418
f 1423//1423 1331//1331 1422//1422
f 1424//1424 1330//1330 1423//1423
f 1423//1423 1330//1330 1331//1331
f 1425//1425 1422//1422 1418//1418
f 1418//1418 1419//1419 1425//1425
f 1426//1426 1423//1423 1422//1422
f 1422//1422 1425//1425 1426//1426
f 1426//1426 305//305 1424//1424
f 1426//1426 1424//1424 1423//1423
f 1330//1330 1424//1424 1332//1332
f 1424//1424 305//305 1332//1332
f 1427//1427 1413//1413 1308//1308
f 1308//1308 1413//1413 927//927
f 978//978 1428//1428 1427//1427
f 1427//1427 1428//1428 1413//1413
f 1413//1413 1428//1428 1414//1414
f 1086//1086 1427//1427 1364//1364
f 1364//1364 1427//1427 1308//1308
f 1086//1086 978//978 1427//1427
f 1334//1334 1429//1429 976//976
f 976//976 1429//1429 1428//1428
f 1428//1428 1429//1429 1414//1414
f 1414//1414 1429//1429 1416//1416
f 1335//1335 1429//1429 1334//1334
f 1430//1430 1419//1419 1429//1429
f 1429//1429 1419//1419 1416//1416
f 999//999 1430//1430 1335//1335
f 1335//1335 1430//1430 1429//1429
f 1431//1431 1335//1335 981//981
f 982//982 1431//1431 981//981
f 1432//1432 999//999 1431//1431
f 1431//1431 999//999 1335//1335
f 1433//1433 1432//1432 1431//1431
f 1431//1431 982//982 1433//1433
f 1433//1433 1434//1434 1432//1432
f 1430//1430 1425//1425 1419//1419
f 1337//1337 1426//1426 1430//1430
f 1430//1430 1426//1426 1425//1425
f 1338//1338 305//305 1426//1426
f 1426//1426 1337//1337 1338//1338
f 1336//1336 1337//1337 1430//1430
f 1336//1336 1430//1430 999//999
f 1435//1435 1336//1336 999//999
f 1435//1435 999//999 1432//1432
f 1432//1432 1434//1434 1435//1435
f 310//310 1332//1332 305//305
f 315//315 314//314 340//340
f 1436//1436 340//340 1434//1434
f 1436//1436 315//315 340//340
f 305//305 1338//1338 1000//1000
f 325//325 310//310 1000//1000
f 1000//1000 310//310 305//305
f 340//340 321//321 1435//1435
f 1435//1435 321//321 1336//1336
f 340//340 314//314 321//321
f 1435//1435 1434//1434 340//340
f 1437//1437 1433//1433 991//991
f 991//991 1433//1433 989//989
f 989//989 1433//1433 982//982
f 1262//1262 1434//1434 1433//1433
f 1433//1433 1437//1437 1262//1262
f 991//991 990//990 1437//1437
f 1437//1437 990//990 1438//1438
f 1438//1438 1262//1262 1437//1437
f 1262//1262 1436//1436 1434//1434
f 51//51 50//50 1439//1439
f 1020//1020 1440//1440 1441//1441
f 1440//1440 1442//1442 1443//1443
f 1440//1440 1443//1443 1444//1444
f 1443//1443 1442//1442 1445//1445
f 1446//1446 1447//1447 1448//1448
f 1005//1005 1448//1448 64//64
f 1159//1159 1030//1030 1446//1446
f 1446//1446 1030//1030 1447//1447
f 393//393 1164//1164 392//392
f 1449//1449 1450//1450 1451//1451
f 1451//1451 1450//1450 1452//1452
f 1453//1453 1449//1449 1451//1451
f 1002//1002 1001//1001 699//699
f 721//721 1454//1454 843//843
f 1455//1455 1456//1456 791//791
f 817//817 816//816 1299//1299
f 1293//1293 1457//1457 1294//1294
f 1288//1288 1299//1299 1115//1115
f 810//810 807//807 808//808
f 812//812 814//814 1010//1010
f 817//817 1298//1298 814//814
f 814//814 1298//1298 1013//1013
f 825//825 833//833 823//823
f 826//826 823//823 1297//1297
f 826//826 825//825 823//823
f 828//828 1297//1297 810//810
f 810//810 1297//1297 807//807
f 828//828 826//826 1297//1297
f 861//861 894//894 862//862
f 862//862 894//894 859//859
f 859//859 894//894 889//889
f 904//904 420//420 1138//1138
f 1458//1458 1138//1138 420//420
f 420//420 419//419 1458//1458
f 1459//1459 419//419 421//421
f 1459//1459 1458//1458 419//419
f 1460//1460 1140//1140 1458//1458
f 1458//1458 1140//1140 1138//1138
f 1209//1209 1460//1460 1458//1458
f 1458//1458 1459//1459 1209//1209
f 1460//1460 906//906 1140//1140
f 1244//1244 1205//1205 1141//1141
f 1244//1244 1141//1141 906//906
f 1208//1208 906//906 1209//1209
f 1209//1209 906//906 1460//1460
f 1461//1461 1244//1244 906//906
f 1461//1461 906//906 1208//1208
f 1245//1245 1244//1244 1461//1461
f 1249//1249 1246//1246 1251//1251
f 1462//1462 1463//1463 449//449
f 449//449 1463//1463 421//421
f 421//421 1463//1463 1459//1459
f 450//450 1034//1034 449//449
f 449//449 1034//1034 1462//1462
f 1210//1210 1209//1209 1463//1463
f 1210//1210 1463//1463 1462//1462
f 1463//1463 1209//1209 1459//1459
f 1206//1206 1210//1210 1034//1034
f 1206//1206 1034//1034 1035//1035
f 1034//1034 1210//1210 1462//1462
f 447//447 1036//1036 443//443
f 1033//1033 1038//1038 1035//1035
f 1038//1038 1036//1036 1037//1037
f 1208//1208 1212//1212 1461//1461
f 1254//1254 1252//1252 1211//1211
f 1211//1211 1252//1252 1212//1212
f 1461//1461 1212//1212 1252//1252
f 1252//1252 1245//1245 1461//1461
f 1211//1211 1216//1216 1254//1254
f 1218//1218 1037//1037 447//447
f 1017//1017 1218//1218 447//447
f 1017//1017 447//447 486//486
f 1219//1219 1217//1217 1017//1017
f 1017//1017 1217//1217 1218//1218
f 1222//1222 118//118 1213//1213
f 1213//1213 118//118 1214//1214
f 121//121 118//118 1222//1222
f 453//453 1220//1220 1219//1219
f 453//453 452//452 121//121
f 1214//1214 118//118 1215//1215
f 154//154 148//148 147//147
f 175//175 174//174 1032//1032
f 175//175 1032//1032 470//470
f 528//528 529//529 1145//1145
f 493//493 552//552 1145//1145
f 493//493 1145//1145 492//492
f 1145//1145 552//552 528//528
f 1017//1017 1147//1147 1219//1219
f 553//553 552//552 493//493
f 1464//1464 1465//1465 553//553
f 1464//1464 553//553 493//493
f 1464//1464 493//493 1339//1339
f 1339//1339 493//493 492//492
f 1339//1339 1340//1340 1464//1464
f 1466//1466 1340//1340 1148//1148
f 556//556 1465//1465 1464//1464
f 556//556 1464//1464 1340//1340
f 556//556 1340//1340 1466//1466
f 1270//1270 1148//1148 496//496
f 505//505 1466//1466 1148//1148
f 1148//1148 1270//1270 505//505
f 505//505 556//556 1466//1466
f 1467//1467 1270//1270 1045//1045
f 506//506 505//505 1467//1467
f 1467//1467 505//505 1270//1270
f 1468//1468 507//507 509//509
f 1049//1049 1047//1047 1468//1468
f 1050//1050 530//530 515//515
f 515//515 530//530 518//518
f 1271//1271 551//551 553//553
f 1271//1271 553//553 1465//1465
f 556//556 1271//1271 1465//1465
f 568//568 571//571 569//569
f 569//569 571//571 573//573
f 573//573 570//570 569//569
f 1469//1469 1467//1467 1105//1105
f 1105//1105 1467//1467 1045//1045
f 576//576 506//506 1469//1469
f 1469//1469 506//506 1467//1467
f 578//578 1469//1469 1059//1059
f 1059//1059 1469//1469 1105//1105
f 578//578 576//576 1469//1469
f 580//580 578//578 1228//1228
f 582//582 580//580 587//587
f 587//587 580//580 1228//1228
f 589//589 586//586 1150//1150
f 1151//1151 589//589 1150//1150
f 602//602 589//589 1151//1151
f 608//608 606//606 920//920
f 920//920 919//919 608//608
f 608//608 605//605 606//606
f 610//610 608//608 919//919
f 919//919 1018//1018 610//610
f 1470//1470 610//610 1018//1018
f 1018//1018 922//922 1470//1470
f 610//610 1470//1470 611//611
f 1471//1471 1470//1470 922//922
f 922//922 921//921 1471//1471
f 619//619 611//611 1470//1470
f 1470//1470 1471//1471 619//619
f 1472//1472 1471//1471 921//921
f 621//621 619//619 1471//1471
f 1471//1471 1472//1472 621//621
f 1473//1473 1472//1472 1229//1229
f 1229//1229 1472//1472 921//921
f 623//623 621//621 1473//1473
f 1473//1473 621//621 1472//1472
f 1349//1349 1473//1473 1342//1342
f 1342//1342 1473//1473 1229//1229
f 626//626 623//623 1349//1349
f 1349//1349 623//623 1473//1473
f 623//623 626//626 624//624
f 46//46 675//675 47//47
f 46//46 370//370 675//675
f 397//397 400//400 1167//1167
f 1008//1008 782//782 783//783
f 1008//1008 783//783 775//775
f 526//526 510//510 1474//1474
f 1474//1474 510//510 507//507
f 1048//1048 525//525 526//526
f 545//545 531//531 533//533
f 1475//1475 546//546 545//545
f 1054//1054 545//545 1048//1048
f 1048//1048 545//545 525//525
f 352//352 1157//1157 1156//1156
f 668//668 1476//1476 649//649
f 1476//1476 668//668 1477//1477
f 1477//1477 668//668 669//669
f 1477//1477 669//669 674//674
f 674//674 669//669 670//670
f 1478//1478 378//378 375//375
f 1098//1098 1020//1020 1441//1441
f 1441//1441 1096//1096 1098//1098
f 1096//1096 1441//1441 1023//1023
f 1479//1479 1480//1480 1481//1481
f 1482//1482 1442//1442 1483//1483
f 1090//1090 1479//1479 1481//1481
f 1090//1090 1481//1481 1442//1442
f 1090//1090 1442//1442 1482//1482
f 1481//1481 1480//1480 1484//1484
f 1483//1483 1442//1442 1440//1440
f 1445//1445 1442//1442 1481//1481
f 1485//1485 1486//1486 1480//1480
f 1480//1480 1479//1479 1485//1485
f 1487//1487 1486//1486 1485//1485
f 1093//1093 1485//1485 1090//1090
f 1090//1090 1485//1485 1479//1479
f 1095//1095 427//427 1487//1487
f 1095//1095 1487//1487 1093//1093
f 1093//1093 1487//1487 1485//1485
f 1478//1478 1484//1484 1480//1480
f 1478//1478 1480//1480 1486//1486
f 1478//1478 1486//1486 378//378
f 423//423 383//383 1487//1487
f 1487//1487 383//383 1486//1486
f 1486//1486 383//383 377//377
f 1486//1486 377//377 378//378
f 1487//1487 427//427 423//423
f 1483//1483 1019//1019 1482//1482
f 1482//1482 1019//1019 1091//1091
f 1091//1091 1090//1090 1482//1482
f 1020//1020 1019//1019 1483//1483
f 1020//1020 1483//1483 1440//1440
f 1004//1004 1019//1019 1020//1020
f 1004//1004 1020//1020 1098//1098
f 1112//1112 1094//1094 1092//1092
f 1488//1488 1097//1097 1096//1096
f 1488//1488 1096//1096 1023//1023
f 1488//1488 1023//1023 1489//1489
f 1489//1489 1023//1023 1022//1022
f 1489//1489 1490//1490 1488//1488
f 1022//1022 1025//1025 1489//1489
f 1489//1489 1025//1025 1490//1490
f 1490//1490 1025//1025 1491//1491
f 1025//1025 1028//1028 1491//1491
f 1028//1028 1027//1027 1160//1160
f 1160//1160 1491//1491 1028//1028
f 1007//1007 1004//1004 1488//1488
f 1488//1488 1004//1004 1097//1097
f 1488//1488 1490//1490 1007//1007
f 1007//1007 1490//1490 1448//1448
f 1448//1448 1490//1490 1491//1491
f 1446//1446 1448//1448 1491//1491
f 1007//1007 1448//1448 1005//1005
f 64//64 1448//1448 68//68
f 68//68 1448//1448 1447//1447
f 68//68 1447//1447 388//388
f 388//388 1447//1447 1030//1030
f 64//64 63//63 1005//1005
f 1491//1491 1160//1160 1446//1446
f 1446//1446 1160//1160 1159//1159
f 1492//1492 1493//1493 1450//1450
f 1494//1494 1492//1492 1450//1450
f 1450//1450 1449//1449 1494//1494
f 1495//1495 1494//1494 1496//1496
f 1496//1496 1494//1494 1449//1449
f 1496//1496 1449//1449 1453//1453
f 1497//1497 1495//1495 1498//1498
f 1498//1498 1495//1495 1496//1496
f 1498//1498 1496//1496 1499//1499
f 1499//1499 1496//1496 1453//1453
f 1500//1500 1497//1497 1501//1501
f 1501//1501 1497//1497 1498//1498
f 1501//1501 1498//1498 1502//1502
f 1502//1502 1498//1498 1499//1499
f 1503//1503 1500//1500 1501//1501
f 1501//1501 1504//1504 1503//1503
f 1504//1504 1501//1501 1502//1502
f 1502//1502 1505//1505 1504//1504
f 1506//1506 1503//1503 1504//1504
f 1504//1504 1507//1507 1506//1506
f 1507//1507 1504//1504 1505//1505
f 1508//1508 1507//1507 1509//1509
f 1510//1510 1506//1506 1507//1507
f 1510//1510 1507//1507 1508//1508
f 1511//1511 1508//1508 1509//1509
f 1512//1512 1510//1510 1511//1511
f 1511//1511 1510//1510 1508//1508
f 1523//1523 1524//1524 1522//1522
f 1525//1525 1527//1527 1523//1523
f 1523//1523 1527//1527 1524//1524
f 1276//1276 1527//1527 1526//1526
f 1526//1526 1527//1527 1525//1525
f 1528//1528 1529//1529 1522//1522
f 1528//1528 1522//1522 1524//1524
f 1529//1529 1528//1528 1530//1530
f 1528//1528 1524//1524 1527//1527
f 1527//1527 1531//1531 1528//1528
f 1531//1531 1527//1527 1273//1273
f 1273//1273 1527//1527 1276//1276
f 1530//1530 1528//1528 1531//1531
f 1531//1531 1272//1272 1530//1530
f 1272//1272 1531//1531 1273//1273
f 701//701 710//710 702//702
f 705//705 1532//1532 105//105
f 105//105 1532//1532 707//707
f 1532//1532 705//705 708//708
f 708//708 1533//1533 1532//1532
f 1533//1533 708//708 709//709
f 709//709 1534//1534 1533//1533
f 711//711 1535//1535 710//710
f 707//707 1536//1536 701//701
f 1536//1536 707//707 1532//1532
f 1532//1532 712//712 1536//1536
f 710//710 701//701 1536//1536
f 710//710 1536//1536 711//711
f 711//711 1536//1536 712//712
f 713//713 1537//1537 711//711
f 711//711 1537//1537 1535//1535
f 1538//1538 1539//1539 1537//1537
f 1537//1537 713//713 1538//1538
f 712//712 1532//1532 1533//1533
f 1533//1533 713//713 712//712
f 713//713 1533//1533 1534//1534
f 1534//1534 1538//1538 713//713
f 714//714 1240//1240 1237//1237
f 1237//1237 1240//1240 1238//1238
f 714//714 1540//1540 1240//1240
f 714//714 703//703 715//715
f 715//715 1541//1541 714//714
f 715//715 1542//1542 1541//1541
f 1540//1540 714//714 1541//1541
f 1541//1541 1543//1543 1540//1540
f 1543//1543 1541//1541 1542//1542
f 1542//1542 1544//1544 1543//1543
f 715//715 703//703 702//702
f 1240//1240 1545//1545 1239//1239
f 1545//1545 1240//1240 1540//1540
f 1540//1540 1546//1546 1545//1545
f 1513//1513 1239//1239 1545//1545
f 1545//1545 1547//1547 1513//1513
f 1547//1547 1545//1545 1546//1546
f 1546//1546 1548//1548 1547//1547
f 1546//1546 1540//1540 1543//1543
f 1543//1543 1549//1549 1546//1546
f 1549//1549 1543//1543 1544//1544
f 1544//1544 1550//1550 1549//1549
f 1522//1522 1548//1548 1546//1546
f 1522//1522 1546//1546 1549//1549
f 1522//1522 1549//1549 1523//1523
f 1523//1523 1549//1549 1550//1550
f 710//710 1551//1551 1542//1542
f 710//710 1542//1542 715//715
f 1551//1551 710//710 1535//1535
f 1535//1535 1552//1552 1551//1551
f 1544//1544 1542//1542 1551//1551
f 1551//1551 1553//1553 1544//1544
f 1553//1553 1551//1551 1552//1552
f 1552//1552 1554//1554 1553//1553
f 1552//1552 1535//1535 1537//1537
f 1537//1537 1555//1555 1552//1552
f 1555//1555 1537//1537 1556//1556
f 1556//1556 1537//1537 1539//1539
f 1554//1554 1552//1552 1280//1280
f 1280//1280 1552//1552 1555//1555
f 1280//1280 1555//1555 778//778
f 778//778 1555//1555 1556//1556
f 1525//1525 1550//1550 1544//1544
f 1525//1525 1544//1544 1553//1553
f 1525//1525 1553//1553 1526//1526
f 1526//1526 1553//1553 1554//1554
f 1526//1526 1554//1554 1557//1557
f 1523//1523 1550//1550 1525//1525
f 1526//1526 1557//1557 1276//1276
f 1557//1557 1554//1554 1279//1279
f 1279//1279 1554//1554 1280//1280
f 1276//1276 1557//1557 1279//1279
f 1276//1276 1279//1279 1281//1281
f 741//741 1456//1456 739//739
f 744//744 792//792 791//791
f 743//743 804//804 792//792
f 792//792 744//744 743//743
f 745//745 744//744 791//791
f 745//745 791//791 741//741
f 741//741 791//791 1456//1456
f 746//746 748//748 741//741
f 746//746 741//741 740//740
f 748//748 746//746 750//750
f 746//746 751//751 750//750
f 754//754 745//745 741//741
f 754//754 741//741 748//748
f 709//709 649//649 1558//1558
f 1558//1558 649//649 1476//1476
f 1558//1558 1476//1476 1559//1559
f 1559//1559 1476//1476 1477//1477
f 1534//1534 709//709 1560//1560
f 1560//1560 709//709 1558//1558
f 1560//1560 1558//1558 1559//1559
f 1559//1559 1561//1561 1560//1560
f 1559//1559 1477//1477 758//758
f 758//758 1477//1477 674//674
f 1561//1561 1559//1559 1562//1562
f 1562//1562 1559//1559 758//758
f 1562//1562 758//758 759//759
f 759//759 397//397 1562//1562
f 1563//1563 1539//1539 1538//1538
f 1538//1538 1534//1534 1564//1564
f 1564//1564 1534//1534 1560//1560
f 1564//1564 1560//1560 1565//1565
f 1565//1565 1560//1560 1561//1561
f 1538//1538 1564//1564 1563//1563
f 1563//1563 1564//1564 1566//1566
f 1566//1566 1564//1564 1565//1565
f 1565//1565 1561//1561 1562//1562
f 1562//1562 1567//1567 1565//1565
f 1167//1167 1567//1567 1562//1562
f 1167//1167 1562//1562 397//397
f 1566//1566 1565//1565 1567//1567
f 1567//1567 772//772 1566//1566
f 1167//1167 772//772 1567//1567
f 397//397 759//759 760//760
f 760//760 759//759 763//763
f 1563//1563 768//768 1556//1556
f 1563//1563 1556//1556 1539//1539
f 769//769 768//768 1563//1563
f 778//778 1556//1556 767//767
f 767//767 1556//1556 768//768
f 1563//1563 1566//1566 769//769
f 769//769 1566//1566 770//770
f 770//770 1566//1566 772//772
f 788//788 787//787 790//790
f 789//789 792//792 787//787
f 787//787 792//792 790//790
f 790//790 792//792 804//804
f 1514//1514 1513//1513 1547//1547
f 1547//1547 1568//1568 1514//1514
f 1568//1568 1547//1547 1548//1548
f 1548//1548 1529//1529 1568//1568
f 1515//1515 1514//1514 1568//1568
f 1568//1568 1569//1569 1515//1515
f 1569//1569 1568//1568 1570//1570
f 1570//1570 1568//1568 1529//1529
f 1548//1548 1522//1522 1529//1529
f 1530//1530 1571//1571 1570//1570
f 1530//1530 1570//1570 1529//1529
f 1530//1530 1572//1572 1571//1571
f 1516//1516 1515//1515 1573//1573
f 1573//1573 1515//1515 1569//1569
f 1573//1573 1569//1569 1570//1570
f 1570//1570 1574//1574 1573//1573
f 1517//1517 1516//1516 1573//1573
f 1573//1573 1575//1575 1517//1517
f 1575//1575 1573//1573 1574//1574
f 1574//1574 1576//1576 1575//1575
f 1574//1574 1570//1570 1571//1571
f 1571//1571 1577//1577 1574//1574
f 1577//1577 1571//1571 1284//1284
f 1284//1284 1571//1571 1572//1572
f 1576//1576 1574//1574 1577//1577
f 1577//1577 1290//1290 1576//1576
f 1290//1290 1577//1577 1284//1284
f 1284//1284 1283//1283 1290//1290
f 1572//1572 1530//1530 1272//1272
f 1284//1284 1572//1572 1282//1282
f 1282//1282 1572//1572 1272//1272
f 1518//1518 1517//1517 1575//1575
f 1575//1575 1578//1578 1518//1518
f 1578//1578 1575//1575 1576//1576
f 1576//1576 1579//1579 1578//1578
f 1519//1519 1518//1518 1578//1578
f 1578//1578 1580//1580 1519//1519
f 1580//1580 1578//1578 1579//1579
f 1579//1579 1581//1581 1580//1580
f 1579//1579 1576//1576 1290//1290
f 1290//1290 1289//1289 1579//1579
f 1291//1291 1290//1290 1283//1283
f 1581//1581 1579//1579 1289//1289
f 1289//1289 794//794 1581//1581
f 1520//1520 1519//1519 1580//1580
f 1580//1580 1582//1582 1520//1520
f 1583//1583 1582//1582 1580//1580
f 1583//1583 1580//1580 796//796
f 796//796 1580//1580 1581//1581
f 1584//1584 1521//1521 1585//1585
f 1585//1585 1521//1521 1520//1520
f 1585//1585 1520//1520 1582//1582
f 1585//1585 1582//1582 1583//1583
f 796//796 797//797 1583//1583
f 801//801 1584//1584 1585//1585
f 801//801 1585//1585 797//797
f 797//797 1585//1585 1583//1583
f 796//796 1581//1581 794//794
f 425//425 427//427 1095//1095
f 591//591 593//593 558//558
f 216//216 212//212 1586//1586
f 1586//1586 212//212 213//213
f 223//223 216//216 1587//1587
f 1587//1587 216//216 1586//1586
f 1588//1588 224//224 223//223
f 1588//1588 223//223 1587//1587
f 1588//1588 1587//1587 1589//1589
f 1590//1590 224//224 1588//1588
f 1588//1588 1493//1493 1590//1590
f 1493//1493 1588//1588 1589//1589
f 230//230 224//224 1590//1590
f 1591//1591 1590//1590 1493//1493
f 1591//1591 1493//1493 1492//1492
f 231//231 230//230 1591//1591
f 1591//1591 230//230 1590//1590
f 1592//1592 1591//1591 1492//1492
f 1492//1492 1494//1494 1592//1592
f 1592//1592 234//234 231//231
f 1592//1592 231//231 1591//1591
f 1593//1593 1592//1592 1494//1494
f 1494//1494 1495//1495 1593//1593
f 237//237 234//234 1592//1592
f 1592//1592 1593//1593 237//237
f 1594//1594 1593//1593 1495//1495
f 1495//1495 1497//1497 1594//1594
f 1595//1595 237//237 1594//1594
f 1594//1594 237//237 1593//1593
f 1596//1596 1594//1594 1497//1497
f 1497//1497 1500//1500 1596//1596
f 1596//1596 1072//1072 1594//1594
f 1594//1594 1072//1072 1595//1595
f 1597//1597 1596//1596 1500//1500
f 1500//1500 1503//1503 1597//1597
f 1598//1598 1072//1072 1596//1596
f 1596//1596 1597//1597 1598//1598
f 1072//1072 1598//1598 1069//1069
f 1599//1599 1597//1597 1503//1503
f 1503//1503 1506//1506 1599//1599
f 1068//1068 1598//1598 1599//1599
f 1599//1599 1598//1598 1597//1597
f 1068//1068 1069//1069 1598//1598
f 1600//1600 1599//1599 1506//1506
f 1506//1506 1510//1510 1600//1600
f 1600//1600 1074//1074 1599//1599
f 1599//1599 1074//1074 1068//1068
f 1601//1601 1600//1600 1510//1510
f 1510//1510 1512//1512 1601//1601
f 1075//1075 1074//1074 1600//1600
f 1600//1600 1601//1601 1075//1075
f 1586//1586 213//213 243//243
f 93//93 1602//1602 243//243
f 1602//1602 1586//1586 243//243
f 1589//1589 1587//1587 1602//1602
f 1587//1587 1586//1586 1602//1602
f 1603//1603 1511//1511 1509//1509
f 1509//1509 1604//1604 1603//1603
f 1605//1605 1512//1512 1603//1603
f 1603//1603 1512//1512 1511//1511
f 1606//1606 1603//1603 1604//1604
f 1604//1604 1607//1607 1606//1606
f 1608//1608 1605//1605 1603//1603
f 1603//1603 1606//1606 1608//1608
f 1609//1609 1606//1606 1607//1607
f 1607//1607 1610//1610 1609//1609
f 1611//1611 1608//1608 1606//1606
f 1606//1606 1609//1609 1611//1611
f 1612//1612 1611//1611 1609//1609
f 1613//1613 1609//1609 1610//1610
f 1614//1614 1612//1612 1613//1613
f 1613//1613 1612//1612 1609//1609
f 1615//1615 1614//1614 1616//1616
f 1616//1616 1614//1614 1613//1613
f 1619//1619 1615//1615 1617//1617
f 1617//1617 1615//1615 1616//1616
f 1620//1620 1617//1617 1621//1621
f 1621//1621 1617//1617 1618//1618
f 1622//1622 1619//1619 1620//1620
f 1620//1620 1619//1619 1617//1617
f 1626//1626 1623//1623 1627//1627
f 1626//1626 1627//1627 1628//1628
f 1627//1627 1623//1623 1624//1624
f 1629//1629 1630//1630 1626//1626
f 1626//1626 1630//1630 1625//1625
f 1626//1626 1625//1625 1623//1623
f 1631//1631 1620//1620 1632//1632
f 1632//1632 1620//1620 1621//1621
f 1633//1633 1622//1622 1631//1631
f 1631//1631 1622//1622 1620//1620
f 1634//1634 1631//1631 1635//1635
f 1635//1635 1631//1631 1632//1632
f 1636//1636 1633//1633 1634//1634
f 1634//1634 1633//1633 1631//1631
f 1624//1624 1623//1623 1634//1634
f 1624//1624 1634//1634 1635//1635
f 1624//1624 1635//1635 1627//1627
f 1637//1637 1636//1636 1625//1625
f 1625//1625 1636//1636 1634//1634
f 1625//1625 1634//1634 1623//1623
f 1625//1625 1630//1630 1637//1637
f 1638//1638 1639//1639 1640//1640
f 1628//1628 1642//1642 1641//1641
f 1641//1641 1626//1626 1628//1628
f 1322//1322 1629//1629 1643//1643
f 1643//1643 1629//1629 1626//1626
f 1643//1643 1626//1626 1641//1641
f 1644//1644 1639//1639 1645//1645
f 1645//1645 1639//1639 1642//1642
f 1642//1642 1639//1639 1641//1641
f 954//954 953//953 1643//1643
f 954//954 1643//1643 1638//1638
f 1638//1638 1643//1643 1639//1639
f 1639//1639 1643//1643 1641//1641
f 1643//1643 953//953 1322//1322
f 1646//1646 1640//1640 1647//1647
f 1647//1647 1640//1640 1648//1648
f 1648//1648 1640//1640 1644//1644
f 1649//1649 1638//1638 1646//1646
f 1646//1646 1638//1638 1640//1640
f 1647//1647 1650//1650 1646//1646
f 1646//1646 1650//1650 1651//1651
f 1646//1646 1651//1651 1649//1649
f 1645//1645 1648//1648 1644//1644
f 955//955 954//954 1649//1649
f 1649//1649 954//954 1638//1638
f 1652//1652 959//959 955//955
f 1652//1652 955//955 1653//1653
f 1653//1653 955//955 1649//1649
f 1653//1653 1649//1649 1651//1651
f 960//960 959//959 1652//1652
f 1654//1654 1655//1655 1656//1656
f 1657//1657 1658//1658 1655//1655
f 1653//1653 1658//1658 1652//1652
f 1085//1085 960//960 1652//1652
f 1085//1085 1652//1652 1657//1657
f 1657//1657 1652//1652 1658//1658
f 1078//1078 1657//1657 1654//1654
f 1654//1654 1657//1657 1655//1655
f 1078//1078 1077//1077 1657//1657
f 1657//1657 1077//1077 1085//1085
f 1656//1656 1659//1659 1654//1654
f 1654//1654 1659//1659 1078//1078
f 1081//1081 1659//1659 1660//1660
f 1660//1660 1659//1659 1656//1656
f 1660//1660 1656//1656 1661//1661
f 1662//1662 1660//1660 1231//1231
f 1231//1231 1660//1660 1663//1663
f 1080//1080 1081//1081 1660//1660
f 1660//1660 1662//1662 1080//1080
f 1079//1079 1078//1078 1659//1659
f 1659//1659 1081//1081 1079//1079
f 1231//1231 996//996 1662//1662
f 995//995 1080//1080 1662//1662
f 995//995 1662//1662 996//996
f 996//996 931//931 995//995
f 932//932 931//931 996//996
f 995//995 929//929 1080//1080
f 995//995 931//931 933//933
f 1664//1664 930//930 932//932
f 1665//1665 934//934 930//930
f 930//930 1664//1664 1665//1665
f 1666//1666 1364//1364 934//934
f 1666//1666 934//934 1665//1665
f 1667//1667 1665//1665 1668//1668
f 1668//1668 1665//1665 1664//1664
f 1669//1669 1666//1666 1665//1665
f 1665//1665 1667//1667 1669//1669
f 1668//1668 1670//1670 1667//1667
f 1671//1671 1669//1669 1670//1670
f 1671//1671 1670//1670 1672//1672
f 1670//1670 1669//1669 1667//1667
f 1672//1672 1673//1673 1671//1671
f 1674//1674 1601//1601 1512//1512
f 1512//1512 1605//1605 1674//1674
f 1675//1675 1075//1075 1601//1601
f 1601//1601 1674//1674 1675//1675
f 1676//1676 1674//1674 1608//1608
f 1608//1608 1674//1674 1605//1605
f 1677//1677 1675//1675 1676//1676
f 1676//1676 1675//1675 1674//1674
f 1678//1678 1676//1676 1608//1608
f 1608//1608 1611//1611 1678//1678
f 1676//1676 1678//1678 1677//1677
f 1679//1679 1678//1678 1611//1611
f 1611//1611 1612//1612 1679//1679
f 1680//1680 1677//1677 1678//1678
f 1678//1678 1679//1679 1680//1680
f 1681//1681 1679//1679 1612//1612
f 1612//1612 1614//1614 1681//1681
f 1682//1682 1680//1680 1679//1679
f 1679//1679 1681//1681 1682//1682
f 1683//1683 1681//1681 1614//1614
f 1614//1614 1615//1615 1683//1683
f 1684//1684 1682//1682 1681//1681
f 1681//1681 1683//1683 1684//1684
f 1685//1685 1683//1683 1615//1615
f 1615//1615 1619//1619 1685//1685
f 1686//1686 1684//1684 1683//1683
f 1683//1683 1685//1685 1686//1686
f 1687//1687 1685//1685 1619//1619
f 1619//1619 1622//1622 1687//1687
f 1082//1082 1686//1686 1687//1687
f 1687//1687 1686//1686 1685//1685
f 997//997 1630//1630 1629//1629
f 1688//1688 1687//1687 1633//1633
f 1633//1633 1687//1687 1622//1622
f 1083//1083 1082//1082 1688//1688
f 1688//1688 1082//1082 1687//1687
f 1689//1689 1688//1688 1636//1636
f 1636//1636 1688//1688 1633//1633
f 1084//1084 1083//1083 1689//1689
f 1689//1689 1083//1083 1688//1688
f 1690//1690 1689//1689 1636//1636
f 1636//1636 1637//1637 1690//1690
f 1691//1691 1084//1084 1689//1689
f 1689//1689 1690//1690 1691//1691
f 997//997 1690//1690 1630//1630
f 1630//1630 1690//1690 1637//1637
f 951//951 1691//1691 1690//1690
f 1322//1322 964//964 997//997
f 1322//1322 997//997 1629//1629
f 955//955 959//959 956//956
f 1692//1692 249//249 264//264
f 268//268 1692//1692 264//264
f 273//273 272//272 275//275
f 278//278 277//277 281//281
f 1693//1693 281//281 283//283
f 1077//1077 957//957 960//960
f 1077//1077 960//960 1085//1085
f 976//976 1428//1428 978//978
f 1694//1694 1086//1086 1695//1695
f 1086//1086 1364//1364 1695//1695
f 1364//1364 1696//1696 1695//1695
f 1696//1696 1694//1694 1695//1695
f 1696//1696 1364//1364 1666//1666
f 1086//1086 1694//1694 980//980
f 1696//1696 1697//1697 1694//1694
f 1669//1669 1697//1697 1696//1696
f 1669//1669 1696//1696 1666//1666
f 1694//1694 1697//1697 983//983
f 983//983 980//980 1694//1694
f 984//984 983//983 1697//1697
f 986//986 1697//1697 1669//1669
f 1669//1669 1671//1671 986//986
f 986//986 984//984 1697//1697
f 1671//1671 1673//1673 986//986
f 986//986 1673//1673 1698//1698
f 986//986 1698//1698 987//987
f 1699//1699 1698//1698 1673//1673
f 1673//1673 1234//1234 1699//1699
f 992//992 987//987 1699//1699
f 1699//1699 987//987 1698//1698
f 1700//1700 990//990 987//987
f 1700//1700 987//987 992//992
f 1700//1700 1438//1438 990//990
f 993//993 1699//1699 1234//1234
f 1699//1699 993//993 992//992
f 992//992 994//994 1700//1700
f 1262//1262 1438//1438 1260//1260
f 1645//1645 1642//1642 1701//1701
f 1642//1642 1628//1628 1701//1701
f 211//211 203//203 202//202
f 210//210 214//214 219//219
f 221//221 219//219 214//214
f 214//214 215//215 221//221
f 228//228 221//221 215//215
f 215//215 222//222 228//228
f 1595//1595 236//236 237//237
f 1344//1344 235//235 236//236
f 236//236 1595//1595 1344//1344
f 1071//1071 1344//1344 1072//1072
f 1072//1072 1344//1344 1595//1595
f 925//925 1073//1073 1074//1074
f 1074//1074 1073//1073 1068//1068
f 936//936 926//926 1675//1675
f 1675//1675 926//926 1075//1075
f 938//938 936//936 1675//1675
f 1675//1675 1677//1677 938//938
f 939//939 938//938 1677//1677
f 1677//1677 1680//1680 939//939
f 942//942 939//939 1682//1682
f 1682//1682 939//939 1680//1680
f 942//942 940//940 939//939
f 1684//1684 942//942 1682//1682
f 1702//1702 942//942 1686//1686
f 1686//1686 942//942 1684//1684
f 1312//1312 941//941 1702//1702
f 1702//1702 941//941 942//942
f 944//944 1702//1702 1686//1686
f 1686//1686 1082//1082 944//944
f 943//943 1312//1312 1702//1702
f 1702//1702 944//944 943//943
f 945//945 944//944 1082//1082
f 949//949 947//947 1691//1691
f 1691//1691 947//947 1084//1084
f 951//951 949//949 1691//1691
f 1703//1703 1692//1692 268//268
f 1704//1704 1705//1705 285//285
f 1704//1704 285//285 349//349
f 285//285 1705//1705 283//283
f 283//283 1705//1705 1693//1693
f 348//348 1704//1704 349//349
f 332//332 331//331 1706//1706
f 337//337 1706//1706 336//336
f 331//331 336//336 1706//1706
f 1707//1707 1438//1438 1700//1700
f 1700//1700 994//994 1707//1707
f 1262//1262 1261//1261 1436//1436
f 631//631 629//629 627//627
f 1708//1708 316//316 315//315
f 1708//1708 315//315 1436//1436
f 342//342 341//341 1709//1709
f 341//341 1710//1710 1709//1709
f 1710//1710 341//341 318//318
f 1436//1436 1261//1261 1708//1708
f 998//998 1690//1690 997//997
f 1690//1690 998//998 951//951
