# Created by Open3D 
# object name: cluster25
# number of vertices: 1654
# number of triangles: 3000
v -0.47196 2.4541 -1.0253
vn -0.109968 -0.0604553 0.992095
v -0.44926 2.4541 -1.0222
vn -0.169491 -0.0970444 0.980742
v -0.47196 2.4768 -1.0241
vn -0.114986 -0.0187546 0.99319
v -0.44926 2.4768 -1.0209
vn -0.181907 0.0064986 0.983294
v -0.47196 2.4995 -1.0242
vn -0.0474638 0.0457106 0.997827
v -0.44926 2.4995 -1.0225
vn -0.125103 0.0755204 0.989265
v -0.47196 2.5222 -1.0249
vn -0.00293526 0.0293557 0.999565
v -0.44926 2.5222 -1.0261
vn 0.0361849 0.0866204 0.995584
v -0.47196 2.5449 -1.026
vn 0.0468791 0.0454201 0.997867
v -0.44926 2.5449 -1.0286
vn 0.113513 0.0698544 0.991078
v -0.47196 2.5676 -1.0267
vn 0.0498176 -0.036651 0.998086
v -0.47196 2.5903 -1.0228
vn 0.0362166 -0.234759 0.971379
v -0.47196 2.6095 -1.0167
vn 0.0390061 -0.341224 0.939172
v -0.47196 2.613 -1.015
vn 0.0395743 -0.436572 0.898798
v -0.47196 2.671 -0.85773
vn 0.072463 -0.997369 -0.0021946
v -0.47196 2.6709 -0.83503
vn 0.0688199 -0.99756 -0.0117173
v -0.47196 2.6705 -0.81232
vn 0.0658811 -0.997354 -0.0307485
v -0.47196 2.6695 -0.78962
vn 0.05713 -0.997893 -0.0307674
v -0.47196 2.6691 -0.76691
vn 0.0308136 -0.999523 0.00220147
v -0.47196 2.6691 -0.74421
vn -1.29459e-06 -0.999845 -0.0176126
v -0.47196 2.6682 -0.7215
vn -0.0234699 -0.99925 -0.0308127
v -0.47196 2.6674 -0.6988
vn -0.0352104 -0.99937 0.00440228
v -0.47196 2.6684 -0.67609
vn -0.00660359 -0.999104 0.0418052
v -0.47196 2.67 -0.65339
vn 0.0088052 -0.999957 -0.00293636
v -0.47196 2.6685 -0.63068
vn -0.0452293 -0.994035 -0.0992455
v -0.47196 2.6652 -0.60798
vn -0.0828466 -0.990257 -0.11193
v -0.47196 2.663 -0.58527
vn -0.0862855 -0.996253 -0.00586195
v -0.47196 2.6639 -0.56257
vn -0.0519251 -0.994408 0.0919615
v -0.44926 2.6618 -0.56257
vn -0.0914782 -0.98884 0.117588
v -0.47196 2.6674 -0.53986
vn 0.0255617 -0.995083 0.0956906
v -0.44926 2.6663 -0.53986
vn -0.0425339 -0.985389 0.164924
v -0.47196 2.6688 -0.51716
vn 0.076811 -0.996572 0.0307296
v -0.44926 2.6697 -0.51716
vn 0.020498 -0.996999 0.0746538
v -0.47196 2.6688 -0.49445
vn 0.100777 -0.994899 -0.00438539
v -0.44926 2.6707 -0.49445
vn 0.0556928 -0.998306 0.0168602
v -0.47196 2.6683 -0.47175
vn 0.0989571 -0.994089 -0.0446615
v -0.44926 2.6702 -0.47175
vn 0.0727182 -0.996331 -0.0451311
v -0.47196 2.6665 -0.44904
vn 0.0982699 -0.991634 -0.0837006
v -0.44926 2.6684 -0.44904
vn 0.101867 -0.991272 -0.0836863
v -0.47196 2.6642 -0.42634
vn 0.0846235 -0.993844 -0.0715015
v -0.44926 2.6662 -0.42634
vn 0.112832 -0.991686 -0.0618747
v -0.47196 2.6634 -0.40363
vn 0.0680997 -0.99756 -0.0153762
v -0.44926 2.6653 -0.40363
vn 0.103337 -0.994201 -0.0297759
v -0.47196 2.6636 -0.38093
vn 0.0571593 -0.998326 0.00879729
v -0.44926 2.6649 -0.38093
vn 0.0819399 -0.996599 -0.00877638
v -0.4228 2.4541 -1.0167
vn -0.207301 -0.221623 0.952843
v -0.43196 2.4768 -1.0167
vn -0.250977 -0.0296228 0.96754
v -0.42655 2.4589 -1.0167
vn -0.278984 -0.129348 0.951544
v -0.40385 2.4541 -1.0102
vn -0.398682 -0.44114 0.80402
v -0.42655 2.4768 -1.0138
vn -0.542972 -0.294823 0.786296
v -0.40385 2.4768 -0.99479
vn -0.54326 -0.649862 0.531552
v -0.38114 2.4541 -1.0018
vn -0.204099 -0.598152 0.774956
v -0.35844 2.4541 -0.99596
vn -0.0880943 -0.659213 0.746778
v -0.38114 2.4609 -0.99397
vn -0.337876 -0.780992 0.525253
v -0.35844 2.4556 -0.99397
vn -0.0965879 -0.887804 0.449972
v -0.39069 2.4768 -0.97126
vn -0.610541 -0.701713 0.367203
v -0.38114 2.4724 -0.97126
vn -0.270495 -0.881169 0.387781
v -0.35844 2.4669 -0.97126
vn -0.166564 -0.917789 0.360444
v -0.26762 2.4422 -1.0167
vn 0.117029 -0.615644 0.779286
v -0.33573 2.4541 -0.99506
vn 0.0105975 -0.684904 0.728556
v -0.31303 2.4541 -0.99663
vn 0.0826315 -0.697753 0.711557
v -0.33573 2.4548 -0.99397
vn 0.00198078 -0.900395 0.435069
v -0.31303 2.4557 -0.99397
vn 0.023713 -0.907254 0.419915
v -0.33573 2.4656 -0.97126
vn -0.0216516 -0.936329 0.350456
v -0.31303 2.4656 -0.97126
vn 0.0115912 -0.939971 0.341059
v -0.29032 2.4541 -0.99875
vn 0.101791 -0.781292 0.615809
v -0.26762 2.4541 -1.0037
vn 0.151223 -0.780749 0.606269
v -0.29032 2.4565 -0.99397
vn 0.0561239 -0.914934 0.399683
v -0.26762 2.4594 -0.99397
vn 0.141726 -0.90478 0.401604
v -0.29032 2.4659 -0.97126
vn 0.0645584 -0.945701 0.318561
v -0.26762 2.4687 -0.97126
vn 0.160999 -0.940151 0.300326
v -0.38114 2.4768 -0.95784
vn -0.472602 -0.826502 0.305845
v -0.37411 2.4768 -0.94855
vn -0.22419 -0.950427 0.215472
v -0.35844 2.4733 -0.94855
vn -0.102631 -0.959766 0.261374
v -0.35844 2.4768 -0.93444
vn -0.121025 -0.971132 0.205562
v -0.33573 2.472 -0.94855
vn -0.0434695 -0.969768 0.240125
v -0.31303 2.4716 -0.94855
vn -0.00676731 -0.973175 0.229968
v -0.335305 2.4768 -0.92585
vn -0.0587368 -0.983724 0.169813
v -0.31303 2.4768 -0.92032
vn -0.00517145 -0.984726 0.174036
v -0.29032 2.4718 -0.94855
vn 0.0666174 -0.974691 0.213399
v -0.26762 2.4744 -0.94855
vn 0.135912 -0.966084 0.219566
v -0.29032 2.47655 -0.924515
vn 0.0307448 -0.982507 0.183672
v -0.28221 2.4768 -0.92585
vn 0.0859974 -0.981233 0.172588
v -0.26762 2.4768 -0.93562
vn 0.145873 -0.974806 0.168741
v -0.24491 2.4461 -1.0167
vn 0.0774752 -0.513744 0.854438
v -0.22221 2.4497 -1.0167
vn 0.0851514 -0.483875 0.870985
v -0.19803 2.4541 -1.0167
vn 0.125233 -0.570509 0.811687
v -0.1768 2.4541 -1.0202
vn 0.127702 -0.414662 0.90097
v -0.1768 2.4611 -1.0167
vn 0.192019 -0.630924 0.751708
v -0.24491 2.4541 -1.0095
vn 0.128636 -0.754383 0.643708
v -0.22221 2.4541 -1.0134
vn 0.124602 -0.762081 0.635379
v -0.24491 2.4643 -0.99397
vn 0.186228 -0.872148 0.452412
v -0.22221 2.4699 -0.99397
vn 0.178527 -0.803101 0.568469
v -0.24491 2.4735 -0.97126
vn 0.19909 -0.925148 0.323209
v -0.22998 2.4768 -0.97126
vn 0.210502 -0.937777 0.27616
v -0.22221 2.4768 -0.97763
vn 0.223027 -0.915163 0.335762
v -0.1995 2.4756 -0.99397
vn 0.184287 -0.722277 0.666598
v -0.19547 2.4768 -0.99397
vn 0.223792 -0.870394 0.438556
v -0.1768 2.4768 -1.0014
vn 0.173844 -0.756189 0.630838
v -0.15409 2.4541 -1.0234
vn 0.100209 -0.426358 0.898986
v -0.13139 2.4541 -1.0247
vn 0.039667 -0.446535 0.893886
v -0.15409 2.4661 -1.0167
vn 0.101457 -0.609153 0.786536
v -0.13139 2.4685 -1.0167
vn 0.0295305 -0.543529 0.838871
v -0.10868 2.4541 -1.0247
vn 0.0106303 -0.450353 0.892787
v -0.085977 2.4541 -1.0251
vn -0.00671198 -0.456646 0.889623
v -0.10868 2.4692 -1.0167
vn 0.013474 -0.552982 0.833084
v -0.085977 2.4694 -1.0167
vn -0.01423 -0.588346 0.808484
v -0.15409 2.4768 -1.0064
vn 0.0950156 -0.802959 0.588412
v -0.13139 2.4768 -1.0091
vn 0.0454487 -0.782452 0.62105
v -0.10868 2.4768 -1.0098
vn 0.0111589 -0.777379 0.628933
v -0.085977 2.4768 -1.01
vn -0.00550606 -0.806053 0.591818
v -0.249845 2.47775 -0.94855
vn 0.191659 -0.963466 0.187082
v -0.24491 2.4768 -0.95819
vn 0.199984 -0.955149 0.218397
v -0.063271 2.4541 -1.0249
vn -0.0519929 -0.452274 0.890362
v -0.017861 2.4541 -1.0209
vn -0.0569122 -0.469986 0.880837
v -0.063271 2.4681 -1.0167
vn -0.0520967 -0.568434 0.821078
v -0.040566 2.4647 -1.0167
vn -0.0793136 -0.571726 0.816602
v 0.0048442 2.4541 -1.0199
vn -0.0557891 -0.484792 0.872848
v -0.017861 2.4615 -1.0167
vn -0.0693455 -0.563165 0.823429
v 0.0048442 2.4593 -1.0167
vn -0.0785946 -0.613197 0.78601
v -0.063271 2.4768 -1.0089
vn -0.0362958 -0.776741 0.628774
v -0.040566 2.4768 -1.0067
vn -0.0555957 -0.732298 0.678711
v -0.017861 2.4768 -1.0048
vn -0.0747138 -0.680281 0.729134
v 0.0048442 2.4768 -1.0012
vn -0.118028 -0.700059 0.704264
v 0.027549 2.4541 -1.0182
vn -0.0580578 -0.481232 0.874669
v 0.05486 2.4544 -1.0167
vn -0.0479942 -0.624892 0.779234
v 0.027549 2.4565 -1.0167
vn -0.0896088 -0.690528 0.717734
v 0.095665 2.4504 -1.0167
vn -0.0445766 -0.478822 0.87678
v 0.027549 2.4768 -0.99645
vn -0.116915 -0.720551 0.683475
v 0.0497165 2.47675 -0.99397
vn -0.0469195 -0.790375 0.610824
v 0.072959 2.4541 -1.0159
vn -0.0544565 -0.708081 0.704028
v 0.095665 2.4541 -1.0139
vn -0.0479456 -0.695515 0.71691
v 0.072959 2.4756 -0.99397
vn -0.040607 -0.717702 0.695165
v 0.095665 2.4748 -0.99397
vn -0.048445 -0.726567 0.685386
v 0.072959 2.4768 -0.99173
vn -0.0397423 -0.918028 0.394519
v 0.095665 2.4768 -0.99032
vn -0.044444 -0.918276 0.393438
v 0.11837 2.4495 -1.0167
vn 0.00917464 -0.486943 0.873386
v 0.14108 2.4513 -1.0167
vn 0.0557312 -0.498159 0.865293
v 0.1575 2.4541 -1.0167
vn 0.113946 -0.488308 0.865201
v 0.18649 2.4541 -1.0202
vn 0.126899 -0.35608 0.925799
v 0.16378 2.4557 -1.0167
vn 0.203337 -0.587981 0.7829
v 0.18649 2.4641 -1.0167
vn 0.224626 -0.504422 0.833727
v 0.11837 2.4541 -1.0129
vn 0.00931661 -0.705537 0.708612
v 0.14108 2.4541 -1.0144
vn 0.0667479 -0.72328 0.687321
v 0.11837 2.4725 -0.99397
vn -0.0298279 -0.749263 0.6616
v 0.14108 2.4729 -0.99397
vn 0.0781368 -0.737391 0.670932
v 0.11837 2.4768 -0.98704
vn -0.0269289 -0.912204 0.408852
v 0.14108 2.4768 -0.98773
vn 0.0807699 -0.906771 0.413814
v 0.15711 2.4768 -0.99397
vn 0.244363 -0.85184 0.463308
v 0.16378 2.4768 -0.99721
vn 0.271313 -0.681766 0.6794
v 0.18649 2.4768 -1.0077
vn 0.248189 -0.712562 0.656245
v 0.20919 2.4541 -1.0243
vn 0.158958 -0.344307 0.925303
v 0.2319 2.4541 -1.0284
vn 0.155808 -0.285695 0.94557
v 0.21641 2.4768 -1.0167
vn 0.211501 -0.540971 0.814013
v 0.2319 2.4768 -1.0203
vn 0.248843 -0.321055 0.913784
v 0.2546 2.4541 -1.0306
vn 0.0205813 -0.130985 0.991171
v 0.27731 2.4541 -1.0305
vn -0.0395389 -0.05976 0.997429
v 0.2546 2.4768 -1.0271
vn 0.19615 -0.189126 0.962162
v 0.27731 2.4768 -1.0287
vn 0.0036585 -0.0819586 0.996629
v 0.30001 2.4541 -1.0293
vn 0.00108995 -0.0451707 0.998979
v -0.41027 2.4995 -0.99397
vn -0.641776 -0.189 0.743238
v -0.40385 2.4777 -0.99397
vn -0.695917 -0.379671 0.609548
v -0.40385 2.493 -0.97126
vn -0.727278 -0.590798 0.34932
v -0.4032 2.4995 -0.94855
vn -0.654011 -0.754074 0.0603535
v -0.40385 2.4995 -0.9571
vn -0.688506 -0.672244 0.272116
v -0.38114 2.4789 -0.94855
vn -0.628248 -0.768185 0.123273
v -0.40307 2.4995 -0.92585
vn -0.61204 -0.789533 0.0452159
v -0.38114 2.4825 -0.92585
vn -0.423357 -0.898827 0.113482
v -0.35844 2.4783 -0.92585
vn -0.122299 -0.980213 0.155642
v -0.38114 2.485 -0.90314
vn -0.271489 -0.954668 0.122074
v -0.35844 2.4818 -0.90314
vn -0.101447 -0.983135 0.152164
v -0.40385 2.4995 -0.88001
vn -0.350532 -0.936418 0.0157539
v -0.38114 2.4878 -0.88044
vn -0.254177 -0.957102 0.139101
v -0.35844 2.4856 -0.88044
vn -0.0808365 -0.980756 0.177716
v -0.26762 2.4782 -0.92585
vn 0.154321 -0.975596 0.156196
v -0.33573 2.4803 -0.90314
vn -0.0405045 -0.985114 0.16706
v -0.31303 2.4796 -0.90314
vn 0 -0.98409 0.177669
v -0.33573 2.4843 -0.88044
vn -0.0406096 -0.980925 0.190099
v -0.31303 2.484 -0.88044
vn 0.00800042 -0.977716 0.20978
v -0.29032 2.4803 -0.90314
vn 0.0449277 -0.982519 0.180659
v -0.26762 2.482 -0.90314
vn 0.142845 -0.97042 0.194629
v -0.29032 2.4847 -0.88044
vn 0.0698029 -0.97033 0.231489
v -0.26762 2.4876 -0.88044
vn 0.158093 -0.957207 0.242408
v -0.22221 2.4784 -0.97126
vn 0.212589 -0.952906 0.216276
v -0.1768 2.4807 -0.99397
vn 0.15508 -0.903817 0.39883
v -0.1995 2.4836 -0.97126
vn 0.23499 -0.936013 0.262029
v -0.1768 2.4901 -0.97126
vn 0.205912 -0.927198 0.312896
v -0.15409 2.4839 -0.99397
vn 0.110343 -0.897761 0.426439
v -0.13139 2.4856 -0.99397
vn 0.0506972 -0.899709 0.433536
v -0.15409 2.494 -0.97126
vn 0.0992441 -0.945458 0.310257
v -0.13139 2.4949 -0.97126
vn 0.0409585 -0.94887 0.313
v -0.10868 2.4866 -0.99397
vn 0.0234414 -0.89302 0.449406
v -0.085977 2.487 -0.99397
vn 0.00637913 -0.892101 0.451791
v -0.10868 2.4956 -0.97126
vn 0.0294519 -0.938089 0.34514
v -0.085977 2.4964 -0.97126
vn 0.0261448 -0.927528 0.372837
v -0.22221 2.4834 -0.94855
vn 0.222221 -0.951989 0.21056
v -0.24491 2.4827 -0.92585
vn 0.21165 -0.960897 0.178554
v -0.22221 2.4887 -0.92585
vn 0.247083 -0.948181 0.199755
v -0.1995 2.4893 -0.94855
vn 0.254662 -0.941188 0.222064
v -0.1768 2.4958 -0.94855
vn 0.194785 -0.956625 0.216627
v -0.1995 2.4945 -0.92585
vn 0.248157 -0.947485 0.20172
v -0.1768 2.4995 -0.93008
vn 0.209088 -0.96022 0.185095
v -0.24491 2.487 -0.90314
vn 0.226731 -0.953319 0.199442
v -0.22221 2.493 -0.90314
vn 0.25365 -0.946433 0.199816
v -0.24491 2.492 -0.88044
vn 0.218509 -0.948231 0.23046
v -0.22221 2.4995 -0.87449
vn 0.257957 -0.940062 0.22303
v -0.1995 2.49935 -0.90253
vn 0.246461 -0.948646 0.198313
v -0.1768 2.5042 -0.90314
vn 0.196402 -0.960614 0.196586
v -0.21769 2.4995 -0.88044
vn 0.259823 -0.941616 0.214131
v -0.1995 2.5044 -0.88044
vn 0.231115 -0.946209 0.226438
v -0.1768 2.5095 -0.88044
vn 0.195826 -0.952754 0.23219
v -0.15409 2.4995 -0.94631
vn 0.130904 -0.968126 0.213532
v -0.14742 2.4995 -0.94855
vn 0.062562 -0.965621 0.252312
v -0.13139 2.4995 -0.95302
vn 0.0572918 -0.97078 0.233032
v -0.15409 2.5043 -0.92585
vn 0.14799 -0.968543 0.20006
v -0.13139 2.507 -0.92585
vn 0.0881837 -0.965929 0.24332
v -0.10868 2.4995 -0.95806
vn 0.0443969 -0.966463 0.25294
v -0.085977 2.4995 -0.96169
vn 0.040287 -0.962239 0.269207
v -0.10868 2.5017 -0.94855
vn 0.0515666 -0.963157 0.26395
v -0.085977 2.5028 -0.94855
vn 0.0441901 -0.963192 0.265156
v -0.10868 2.5083 -0.92585
vn 0.0572286 -0.962559 0.264961
v -0.085977 2.5094 -0.92585
vn 0.0444677 -0.961542 0.271036
v -0.15409 2.5086 -0.90314
vn 0.162876 -0.964734 0.206785
v -0.13139 2.5123 -0.90314
vn 0.123183 -0.964489 0.233637
v -0.15409 2.5136 -0.88044
vn 0.174471 -0.955562 0.237614
v -0.13139 2.5179 -0.88044
vn 0.135111 -0.959469 0.247313
v -0.10868 2.5145 -0.90314
vn 0.0604071 -0.963186 0.261963
v -0.10868 2.5207 -0.88044
vn 0.0738943 -0.962827 0.259815
v -0.085977 2.5222 -0.87939
vn 0.0437937 -0.968579 0.244821
v -0.063271 2.4869 -0.99397
vn -0.00193601 -0.877536 0.479506
v -0.040566 2.4869 -0.99397
vn -0.0166789 -0.870313 0.492217
v -0.063271 2.4973 -0.97126
vn 0.0201639 -0.914593 0.403873
v -0.040566 2.4978 -0.97126
vn -0.0200323 -0.909733 0.41471
v -0.017861 2.4865 -0.99397
vn -0.0928867 -0.865793 0.491705
v 0.0048442 2.4828 -0.99397
vn -0.153566 -0.876425 0.456395
v -0.017861 2.4963 -0.97126
vn -0.0805546 -0.926584 0.36736
v 0.0048442 2.4929 -0.97126
vn -0.144103 -0.934309 0.32604
v 0.027549 2.4785 -0.99397
vn -0.112193 -0.900539 0.420049
v 0.027549 2.4889 -0.97126
vn -0.130297 -0.924493 0.358239
v 0.050254 2.4866 -0.97126
vn -0.074549 -0.932445 0.353538
v 0.072959 2.4851 -0.97126
vn -0.0488655 -0.947573 0.315782
v 0.095665 2.4841 -0.97126
vn -0.0370209 -0.950976 0.307042
v -0.063271 2.4995 -0.96499
vn 0.0236166 -0.962267 0.271079
v -0.040566 2.4995 -0.96633
vn -0.033872 -0.963482 0.265622
v -0.063271 2.5038 -0.94855
vn 0.0202609 -0.963873 0.265589
v -0.040566 2.5039 -0.94855
vn -0.0584833 -0.96946 0.238172
v -0.063271 2.5104 -0.92585
vn 0.0134208 -0.962042 0.272571
v -0.040566 2.5099 -0.92585
vn -0.0781895 -0.959547 0.270473
v -0.017861 2.4995 -0.95911
vn -0.112548 -0.966204 0.231911
v 0.0048442 2.4995 -0.94515
vn -0.118026 -0.968135 0.220871
v -0.017861 2.5015 -0.94855
vn -0.107584 -0.972883 0.204755
v -0.017861 2.5065 -0.92585
vn -0.129059 -0.960496 0.246557
v 0.0048442 2.5033 -0.92585
vn -0.106476 -0.965108 0.239226
v -0.063271 2.5167 -0.90314
vn 0.0219557 -0.963007 0.26858
v -0.040566 2.5165 -0.90314
vn -0.0682542 -0.955335 0.287533
v -0.063271 2.5222 -0.88269
vn 0.0236794 -0.970611 0.239486
v -0.040566 2.5222 -0.88435
vn -0.00884559 -0.968614 0.24841
v -0.017861 2.5131 -0.90314
vn -0.140033 -0.945314 0.294572
v 0.0048442 2.5101 -0.90314
vn -0.131492 -0.952847 0.273482
v -0.026771 2.5222 -0.88044
vn -0.111793 -0.960227 0.255865
v -0.017861 2.5209 -0.88044
vn -0.15735 -0.938603 0.307027
v 0.0048442 2.5169 -0.88044
vn -0.168716 -0.954347 0.246488
v 0.027549 2.4962 -0.94855
vn -0.116472 -0.955471 0.271128
v 0.050254 2.4939 -0.94855
vn -0.106686 -0.959796 0.259632
v 0.027549 2.4995 -0.93533
vn -0.0940653 -0.970375 0.22254
v 0.049544 2.4995 -0.92538
vn -0.143548 -0.970689 0.19276
v 0.027549 2.5016 -0.92585
vn -0.0835986 -0.967781 0.237511
v 0.072959 2.4915 -0.94855
vn -0.0761015 -0.968911 0.235416
v 0.095665 2.4901 -0.94855
vn -0.0407865 -0.974878 0.218974
v 0.072959 2.4959 -0.92585
vn -0.10554 -0.978802 0.175522
v 0.095665 2.4943 -0.92585
vn -0.0521054 -0.985983 0.158504
v 0.027549 2.5074 -0.90314
vn -0.134012 -0.963908 0.230046
v 0.050254 2.5033 -0.90314
vn -0.17487 -0.967056 0.184996
v 0.027549 2.5127 -0.88044
vn -0.164903 -0.960018 0.226211
v 0.050254 2.5082 -0.88044
vn -0.187826 -0.954754 0.230577
v 0.072945 2.4995 -0.90314
vn -0.112643 -0.98078 0.159316
v 0.095665 2.4973 -0.90314
vn -0.0662533 -0.987532 0.1428
v 0.095665 2.5009 -0.88044
vn -0.0581459 -0.976664 0.206754
v 0.072959 2.5034 -0.88044
vn -0.145263 -0.964147 0.222078
v 0.11837 2.4833 -0.97126
vn -0.00992781 -0.950389 0.310906
v 0.14108 2.4835 -0.97126
vn 0.0878384 -0.949705 0.300574
v 0.18649 2.486 -0.99397
vn 0.252547 -0.890831 0.377676
v 0.16378 2.4875 -0.97126
vn 0.195524 -0.937119 0.2891
v 0.18649 2.4924 -0.97126
vn 0.179433 -0.962362 0.204116
v 0.2319 2.4874 -1.0167
vn 0.431865 -0.496056 0.753273
v 0.24001 2.4995 -1.0167
vn 0.510028 -0.0881339 0.855631
v 0.2546 2.4995 -1.0231
vn 0.272692 -0.0697472 0.95957
v 0.27731 2.4995 -1.0273
vn 0.0713824 -0.012087 0.997376
v 0.2546 2.5222 -1.0238
vn 0.267199 0.0755734 0.960673
v 0.23701 2.5222 -1.0167
vn 0.87651 -0.0834503 0.474095
v 0.27731 2.5222 -1.0289
vn 0.139477 0.158462 0.977464
v 0.2546 2.5449 -1.028
vn 0.272448 0.197401 0.941703
v 0.27731 2.5449 -1.0344
vn 0.115287 0.256496 0.959645
v 0.27496 2.5676 -1.0394
vn 0.356842 0.149607 0.922107
v 0.2546 2.5676 -1.0316
vn 0.351331 0.144874 0.924974
v 0.27731 2.5641 -1.0394
vn 0.209019 0.205982 0.955972
v 0.20919 2.4927 -0.99397
vn 0.298534 -0.860375 0.413076
v 0.2319 2.4995 -1.0041
vn 0.828966 -0.459992 0.318154
v 0.22766 2.4995 -0.99397
vn 0.357651 -0.932058 0.0579141
v 0.2319 2.5026 -0.99397
vn 0.882023 -0.470152 0.0314946
v 0.20919 2.4947 -0.97126
vn 0.18135 -0.975828 0.12195
v 0.22719 2.4995 -0.97126
vn 0.300323 -0.947206 0.112284
v 0.2319 2.5017 -0.97126
vn 0.79847 -0.600785 -0.03876
v 0.23976 2.5222 -0.99397
vn 0.903732 -0.415049 -0.104895
v 0.24676 2.5222 -0.97126
vn 0.807506 -0.585338 -0.0728992
v 0.27731 2.5903 -1.044
vn 0.285579 0.12127 0.950651
v 0.2662 2.5903 -1.0394
vn 0.358274 0.0872691 0.929529
v 0.27731 2.613 -1.0439
vn 0.250245 -0.102252 0.962768
v 0.26344 2.613 -1.0394
vn 0.277524 -0.0407036 0.959856
v 0.2546 2.5903 -1.0348
vn 0.339063 0.0891881 0.936526
v 0.2546 2.613 -1.037
vn 0.260874 0.09312 0.960871
v 0.27731 2.6257 -1.0394
vn 0.121158 -0.313436 0.941848
v 0.2546 2.6357 -1.0325
vn 0.120989 -0.444399 0.887621
v 0.26428 2.6584 -1.0167
vn 0.066626 -0.636417 0.768463
v 0.27731 2.6357 -1.0343
vn 0.0407706 -0.571604 0.819516
v 0.27731 2.6597 -1.0167
vn 0.0719803 -0.659235 0.748484
v 0.11837 2.4896 -0.94855
vn -0.0243777 -0.976909 0.21226
v 0.14108 2.4892 -0.94855
vn 0.0729728 -0.974597 0.211745
v 0.11837 2.4934 -0.92585
vn -0.0267942 -0.986741 0.160076
v 0.14108 2.4926 -0.92585
vn 0.0830945 -0.982281 0.167986
v 0.16378 2.4926 -0.94855
vn 0.176375 -0.966745 0.185191
v 0.18649 2.4969 -0.94855
vn 0.1217 -0.97449 0.18857
v 0.16378 2.4965 -0.92585
vn 0.183738 -0.965813 0.182881
v 0.17735 2.4995 -0.92585
vn 0.220999 -0.951069 0.215931
v 0.18649 2.4995 -0.93541
vn 0.139029 -0.968086 0.208518
v 0.18649 2.5016 -0.92585
vn 0.146975 -0.955042 0.257476
v 0.11837 2.4965 -0.90314
vn -0.0129933 -0.988464 0.1509
v 0.14108 2.4967 -0.90314
vn 0.0471632 -0.983641 0.173859
v 0.11837 2.4995 -0.88482
vn 0.0105508 -0.983263 0.181888
v 0.14108 2.4995 -0.88993
vn 0.12935 -0.965793 0.224752
v 0.11837 2.5004 -0.88044
vn 0.0232932 -0.961638 0.273332
v 0.14108 2.502 -0.88044
vn 0.13624 -0.949881 0.281362
v 0.15603 2.4995 -0.90314
vn 0.241188 -0.941458 0.235552
v 0.16378 2.4995 -0.91211
vn 0.22208 -0.949965 0.219653
v 0.18649 2.5082 -0.90314
vn 0.195442 -0.944474 0.264141
v 0.16378 2.5081 -0.88044
vn 0.252024 -0.929016 0.270949
v 0.18649 2.5144 -0.88044
vn 0.183212 -0.951462 0.247293
v 0.20919 2.4991 -0.94666
vn 0.0992047 -0.974349 0.201998
v 0.21361 2.4995 -0.94855
vn 0.279225 -0.937629 0.207089
v 0.2319 2.5057 -0.94855
vn 0.52227 -0.835423 0.171179
v 0.20919 2.5044 -0.92585
vn 0.178203 -0.948109 0.263311
v 0.2319 2.5111 -0.92585
vn 0.358544 -0.899325 0.250321
v 0.20919 2.5111 -0.90314
vn 0.215619 -0.937053 0.274662
v 0.2319 2.518 -0.90314
vn 0.347428 -0.895796 0.277206
v 0.20919 2.5179 -0.88044
vn 0.190635 -0.949999 0.247304
v 0.22459 2.5222 -0.88044
vn 0.308286 -0.916854 0.25365
v 0.2319 2.5222 -0.88998
vn 0.335106 -0.903667 0.266628
v 0.23781 2.5222 -0.90314
vn 0.61572 -0.758781 0.212463
v 0.24442 2.5222 -0.92585
vn 0.651369 -0.734694 0.189589
v 0.2319 2.5253 -0.88044
vn 0.377072 -0.889184 0.25917
v 0.27731 2.6797 -0.99397
vn 0.110585 -0.748835 0.653466
v 0.2546 2.6811 -0.98097
vn 0.173603 -0.914253 0.366066
v 0.27731 2.6811 -0.99174
vn 0.169032 -0.913465 0.370149
v 0.2546 2.6878 -0.94855
vn 0.250875 -0.949558 0.188152
v -0.40908 2.5222 -0.83503
vn -0.861815 -0.484657 0.149607
v -0.40978 2.5222 -0.85773
vn -0.87131 -0.489996 0.0268685
v -0.40385 2.5129 -0.83503
vn -0.503443 -0.751507 0.42636
v -0.40078 2.4995 -0.85773
vn -0.386923 -0.884667 0.260105
v -0.38114 2.4923 -0.85773
vn -0.17493 -0.947138 0.268941
v -0.35844 2.49 -0.85773
vn -0.0550981 -0.952287 0.300191
v -0.38114 2.4995 -0.84013
vn -0.30904 -0.863957 0.397583
v -0.3659 2.4995 -0.83503
vn -0.117026 -0.873629 0.47231
v -0.35844 2.4988 -0.83503
vn -0.0404346 -0.889266 0.455599
v -0.38114 2.5018 -0.83503
vn -0.291685 -0.80299 0.519737
v -0.40385 2.5222 -0.82357
vn -0.601878 -0.619329 0.504158
v -0.39223 2.5222 -0.81232
vn -0.410402 -0.749041 0.520104
v -0.38114 2.5177 -0.81232
vn -0.181089 -0.8047 0.565389
v -0.35844 2.5137 -0.81232
vn -0.10359 -0.82079 0.561759
v -0.38114 2.5222 -0.8064
vn -0.166377 -0.844465 0.509114
v -0.35844 2.5222 -0.80016
vn -0.104329 -0.85737 0.504015
v -0.40385 2.5314 -0.81232
vn -0.490818 -0.732572 0.471631
v -0.40385 2.5437 -0.78962
vn -0.456582 -0.786259 0.41633
v -0.38114 2.5306 -0.78962
vn -0.303366 -0.874525 0.378384
v -0.35844 2.5275 -0.78962
vn -0.0970339 -0.930436 0.353375
v -0.33573 2.4894 -0.85773
vn -0.00365184 -0.957628 0.287985
v -0.31303 2.4899 -0.85773
vn 0.0327557 -0.944639 0.326472
v -0.33573 2.4983 -0.83503
vn 0.00461897 -0.896009 0.444012
v -0.3145 2.4995 -0.83503
vn 0.0452665 -0.903635 0.425905
v -0.29032 2.4908 -0.85773
vn 0.0875388 -0.94305 0.320925
v -0.26762 2.4937 -0.85773
vn 0.157392 -0.943427 0.291846
v -0.29032 2.5009 -0.83503
vn 0.0675737 -0.895174 0.440566
v -0.26762 2.4995 -0.84325
vn 0.135639 -0.910898 0.3897
v -0.26762 2.5033 -0.83503
vn 0.124269 -0.87891 0.460516
v -0.33573 2.5122 -0.81232
vn -0.0363582 -0.843704 0.535576
v -0.31303 2.5121 -0.81232
vn 0.0281773 -0.864059 0.502602
v -0.33573 2.5222 -0.79625
vn -0.0447165 -0.867084 0.496152
v -0.31303 2.5222 -0.79556
vn 0.0128851 -0.877182 0.479985
v -0.29032 2.5134 -0.81232
vn 0.0723328 -0.867887 0.491467
v -0.26762 2.5158 -0.81232
vn 0.127768 -0.866079 0.483303
v -0.29032 2.5222 -0.79735
vn 0.0600669 -0.871767 0.486224
v -0.26762 2.5222 -0.80115
vn 0.11539 -0.877594 0.465311
v -0.33573 2.5253 -0.78962
vn -0.0333288 -0.934213 0.355155
v -0.31303 2.525 -0.78962
vn 0.0143555 -0.931267 0.364054
v -0.29032 2.526 -0.78962
vn 0.066097 -0.918506 0.389844
v -0.26762 2.528 -0.78962
vn 0.0954273 -0.909522 0.404554
v -0.40385 2.5449 -0.78684
vn -0.456294 -0.867999 0.19589
v -0.40453 2.5449 -0.78962
vn -0.850959 -0.482226 0.208151
v -0.39947 2.5449 -0.76691
vn -0.374452 -0.927245 -0.00165226
v -0.38114 2.5373 -0.76691
vn -0.256252 -0.959267 0.118914
v -0.35844 2.5349 -0.76691
vn -0.0927171 -0.979084 0.181103
v -0.40289 2.5449 -0.74421
vn -0.3586 -0.931496 -0.0610064
v -0.38114 2.537 -0.74421
vn -0.202362 -0.976765 -0.0705681
v -0.35844 2.5361 -0.74421
vn -0.0591854 -0.995351 -0.0759833
v -0.40385 2.5458 -0.74421
vn -0.680354 -0.725681 -0.102502
v -0.40385 2.5449 -0.74146
vn -0.338997 -0.933315 -0.118341
v -0.38114 2.5327 -0.7215
vn -0.136365 -0.982946 -0.123376
v -0.35844 2.532 -0.7215
vn -0.0551785 -0.989102 -0.136499
v -0.38114 2.5312 -0.6988
vn -0.231373 -0.971415 0.0531051
v -0.40385 2.5415 -0.6988
vn -0.434479 -0.899075 0.0537832
v -0.35844 2.5294 -0.6988
vn -0.0651848 -0.997846 -0.00732779
v -0.33573 2.5332 -0.76691
vn -0.0446189 -0.974165 0.221384
v -0.31303 2.5334 -0.76691
vn 0.0336472 -0.972314 0.231245
v -0.33573 2.5345 -0.74421
vn -0.0383146 -0.998298 -0.0439735
v -0.31303 2.5345 -0.74421
vn 0.0613341 -0.994745 -0.0819814
v -0.29032 2.5356 -0.76691
vn 0.0909688 -0.96819 0.233095
v -0.26762 2.5375 -0.76691
vn 0.0918251 -0.969704 0.226368
v -0.29032 2.5371 -0.74421
vn 0.0999442 -0.993719 -0.0503312
v -0.26762 2.539 -0.74421
vn 0.105803 -0.994078 -0.024807
v -0.33573 2.5306 -0.7215
vn -0.0363035 -0.989156 -0.142309
v -0.31303 2.5301 -0.7215
vn 0.0544714 -0.989432 -0.134375
v -0.33573 2.5282 -0.6988
vn -0.0378385 -0.998836 -0.029915
v -0.31303 2.5275 -0.6988
vn 0.0431207 -0.999014 0.0105557
v -0.29032 2.533 -0.7215
vn 0.129915 -0.98326 -0.127758
v -0.26762 2.5358 -0.7215
vn 0.140412 -0.986017 -0.0897446
v -0.29032 2.5309 -0.6988
vn 0.15021 -0.988628 -0.00725663
v -0.26762 2.5349 -0.6988
vn 0.1735 -0.984738 0.0137371
v -0.24491 2.498 -0.85773
vn 0.189125 -0.945623 0.264631
v -0.23862 2.4995 -0.85773
vn 0.236491 -0.9271 0.290787
v -0.22221 2.5036 -0.85773
vn 0.24421 -0.911552 0.330807
v -0.24491 2.4995 -0.85364
vn 0.182831 -0.909787 0.372639
v -0.24491 2.5074 -0.83503
vn 0.192201 -0.880701 0.432925
v -0.22221 2.5131 -0.83503
vn 0.217823 -0.888667 0.403514
v -0.1995 2.5102 -0.85773
vn 0.228969 -0.928844 0.291242
v -0.1768 2.5154 -0.85773
vn 0.18466 -0.944802 0.270648
v -0.1995 2.5185 -0.83503
vn 0.19788 -0.915228 0.351001
v -0.18012 2.5222 -0.83503
vn 0.148427 -0.939868 0.307599
v -0.24491 2.5201 -0.81232
vn 0.168929 -0.858093 0.484911
v -0.23511 2.5222 -0.81232
vn 0.157683 -0.883367 0.44136
v -0.22221 2.5222 -0.81751
vn 0.145407 -0.90765 0.393737
v -0.1995 2.5222 -0.82644
vn 0.158501 -0.915201 0.370519
v -0.24491 2.5312 -0.78962
vn 0.114519 -0.91512 0.386576
v -0.22221 2.5337 -0.78962
vn 0.104003 -0.928777 0.355748
v -0.1995 2.5273 -0.81232
vn 0.122528 -0.925548 0.358256
v -0.1768 2.5306 -0.81232
vn 0.110054 -0.941032 0.319917
v -0.1995 2.5361 -0.78962
vn 0.0875409 -0.94651 0.310574
v -0.1768 2.5379 -0.78962
vn 0.058919 -0.961072 0.269944
v -0.15409 2.5222 -0.84809
vn 0.172331 -0.951837 0.253589
v -0.13139 2.5222 -0.86424
vn 0.126055 -0.962618 0.239743
v -0.10868 2.5222 -0.87425
vn 0.0766803 -0.970016 0.230627
v -0.15409 2.5258 -0.83503
vn 0.125582 -0.949456 0.287684
v -0.13139 2.5293 -0.83503
vn 0.111164 -0.966258 0.232353
v -0.10868 2.526 -0.85773
vn 0.0749182 -0.971142 0.226431
v -0.085977 2.5271 -0.85773
vn 0.0421078 -0.974991 0.218218
v -0.10868 2.5312 -0.83503
vn 0.0566769 -0.97738 0.203753
v -0.085977 2.532 -0.83503
vn 0.0395149 -0.978617 0.201859
v -0.15409 2.5325 -0.81232
vn 0.0776029 -0.96105 0.265256
v -0.13139 2.534 -0.81232
vn 0.0593874 -0.974727 0.215363
v -0.15409 2.5386 -0.78962
vn 0.0388372 -0.963732 0.264029
v -0.13139 2.5392 -0.78962
vn 0.039436 -0.966755 0.252646
v -0.10868 2.5354 -0.81232
vn 0.0516848 -0.97793 0.202438
v -0.085977 2.5366 -0.81232
vn 0.0438319 -0.978866 0.199751
v -0.10868 2.5404 -0.78962
vn 0.0414737 -0.97318 0.226276
v -0.085977 2.541 -0.78962
vn 0.0228543 -0.979145 0.201874
v -0.24491 2.5395 -0.76691
vn 0.0900043 -0.973086 0.21214
v -0.22221 2.5413 -0.76691
vn 0.0786148 -0.975037 0.207658
v -0.24491 2.5415 -0.74421
vn 0.121887 -0.992127 0.0287517
v -0.22221 2.5443 -0.74421
vn 0.116291 -0.987489 0.106496
v -0.1995 2.5422 -0.76691
vn 0.0610481 -0.974023 0.218066
v -0.155265 2.5449 -0.76719
vn 0.056252 -0.969054 0.240355
v -0.21604 2.5449 -0.74421
vn 0.101132 -0.986713 0.127161
v -0.1995 2.5449 -0.7533
vn 0.0668532 -0.982572 0.173446
v -0.1995 2.5464 -0.74421
vn 0.0828686 -0.985398 0.148742
v -0.1768 2.5482 -0.74421
vn 0.0763952 -0.983654 0.163061
v -0.24491 2.5395 -0.7215
vn 0.198547 -0.979249 -0.0406259
v -0.22221 2.5449 -0.73353
vn 0.180076 -0.983541 0.0148405
v -0.223275 2.54515 -0.7215
vn 0.223762 -0.973029 0.0560819
v -0.24491 2.5394 -0.6988
vn 0.237872 -0.969708 0.0555338
v -0.22911 2.5449 -0.6988
vn 0.293364 -0.953207 0.0730375
v -0.22221 2.547 -0.6988
vn 0.221759 -0.970874 0.0907004
v -0.1995 2.5497 -0.7215
vn 0.134026 -0.984869 0.109867
v -0.1768 2.5517 -0.7215
vn 0.0875933 -0.986206 0.140443
v -0.1995 2.5521 -0.6988
vn 0.170106 -0.977754 0.122727
v -0.1768 2.5549 -0.6988
vn 0.104563 -0.98236 0.155034
v -0.13139 2.5449 -0.77192
vn 0.032403 -0.956619 0.289535
v -0.13139 2.5464 -0.76691
vn 0.0466076 -0.972117 0.229816
v -0.15409 2.5499 -0.74421
vn 0.0710462 -0.979963 0.18608
v -0.13139 2.5517 -0.74421
vn 0.0474731 -0.979814 0.194194
v -0.10868 2.5449 -0.77335
vn 0.0162465 -0.964893 0.262139
v -0.085977 2.5454 -0.769335
vn -0.00829504 -0.975583 0.219473
v -0.10868 2.5466 -0.76691
vn -0.00955925 -0.971461 0.237008
v -0.10868 2.5522 -0.74421
vn -1.84473e-06 -0.980509 0.196473
v -0.085977 2.5512 -0.74421
vn -0.00929038 -0.973299 0.229354
v -0.15409 2.5535 -0.7215
vn 0.0767566 -0.986476 0.144821
v -0.13139 2.5553 -0.7215
vn 0.0472181 -0.989605 0.13584
v -0.15409 2.5565 -0.6988
vn 0.0651113 -0.985566 0.15627
v -0.13139 2.5577 -0.6988
vn 0.049284 -0.987343 0.150746
v -0.10868 2.5559 -0.7215
vn 0.0296304 -0.989536 0.141208
v -0.085977 2.5563 -0.7215
vn 0.0350875 -0.978516 0.203165
v -0.10868 2.5591 -0.6988
vn 0.0655999 -0.982091 0.176621
v -0.085977 2.5612 -0.6988
vn 0.086082 -0.974684 0.206349
v -0.40385 2.5449 -0.68319
vn -0.54926 -0.825416 0.130388
v -0.40746 2.5449 -0.6988
vn -0.67714 -0.718998 0.156597
v -0.41537 2.5676 -0.67609
vn -0.885341 -0.463847 0.0318937
v -0.41439 2.5676 -0.6988
vn -0.895902 -0.442567 -0.0386602
v -0.40385 2.5466 -0.67609
vn -0.847348 -0.522218 0.0963839
v -0.40385 2.5504 -0.65339
vn -0.697864 -0.708046 0.107963
v -0.38114 2.5353 -0.67609
vn -0.282514 -0.942012 0.181108
v -0.35844 2.5317 -0.67609
vn -0.0986545 -0.980998 0.167065
v -0.39375 2.5449 -0.65339
vn -0.420801 -0.898039 0.128268
v -0.38114 2.5402 -0.65339
vn -0.198264 -0.96761 0.156279
v -0.35844 2.5366 -0.65339
vn -0.10792 -0.973661 0.20084
v -0.38884 2.5449 -0.63068
vn -0.408301 -0.90781 0.0957698
v -0.38114 2.5428 -0.63068
vn -0.120489 -0.989165 0.0838797
v -0.35844 2.5408 -0.63068
vn -0.0661058 -0.989589 0.127846
v -0.40385 2.5527 -0.63068
vn -0.463141 -0.880613 0.100105
v -0.38384 2.5449 -0.60798
vn -0.409687 -0.906412 0.10283
v -0.38114 2.5442 -0.60798
vn -0.0899686 -0.993555 0.0689509
v -0.35844 2.5426 -0.60798
vn -0.0345685 -0.994819 0.0956093
v -0.40385 2.5555 -0.60798
vn -0.456404 -0.883565 0.104922
v -0.33573 2.5302 -0.67609
vn -0.0354642 -0.988803 0.144952
v -0.31303 2.5297 -0.67609
vn 0.0729834 -0.986337 0.147693
v -0.33573 2.5349 -0.65339
vn -0.0387301 -0.977113 0.209163
v -0.31303 2.5351 -0.65339
vn 0.0490287 -0.973987 0.221236
v -0.29032 2.5327 -0.67609
vn 0.147937 -0.9783 0.145068
v -0.26762 2.5369 -0.67609
vn 0.209917 -0.965157 0.156229
v -0.29032 2.5373 -0.65339
vn 0.144078 -0.964518 0.221238
v -0.26762 2.5415 -0.65339
vn 0.205196 -0.953911 0.218972
v -0.33573 2.5399 -0.63068
vn -0.0137068 -0.982577 0.185351
v -0.31303 2.5406 -0.63068
vn 0.0751503 -0.978378 0.192687
v -0.33573 2.5429 -0.60798
vn 0.0231957 -0.991769 0.125919
v -0.31303 2.5443 -0.60798
vn 0.0684118 -0.985543 0.155001
v -0.29032 2.543 -0.63068
vn 0.125751 -0.965971 0.226023
v -0.28 2.5449 -0.63068
vn 0.181932 -0.963499 0.196391
v -0.26762 2.5449 -0.64124
vn 0.210022 -0.948062 0.23889
v -0.26762 2.5474 -0.63068
vn 0.21914 -0.961188 0.167616
v -0.30692 2.5449 -0.60798
vn 0.114803 -0.979294 0.166741
v -0.29032 2.5449 -0.62091
vn 0.140247 -0.976595 0.163074
v -0.26762 2.5507 -0.60798
vn 0.185225 -0.973198 0.136299
v -0.38114 2.5449 -0.60042
vn -0.274361 -0.954286 0.118591
v -0.35844 2.5449 -0.58966
vn -0.0257481 -0.989325 0.143431
v -0.40385 2.5577 -0.58527
vn -0.411717 -0.853197 0.320225
v -0.38114 2.547 -0.58527
vn -0.202122 -0.900025 0.386136
v -0.35844 2.5457 -0.58527
vn -0.0119258 -0.902795 0.429906
v -0.39535 2.5676 -0.56257
vn -0.35834 -0.490233 0.794521
v -0.40385 2.5676 -0.56892
vn -0.460443 -0.638845 0.616335
v -0.38114 2.5605 -0.56257
vn -0.247476 -0.766267 0.592951
v -0.35844 2.5578 -0.56257
vn -0.0333623 -0.839727 0.541983
v -0.38114 2.5676 -0.55858
vn -0.198413 -0.28912 0.936505
v -0.35844 2.5676 -0.55475
vn -0.126132 -0.422948 0.897333
v -0.33573 2.5449 -0.5923
vn 0.0485088 -0.986633 0.155572
v -0.31303 2.5449 -0.60334
vn 0.0854507 -0.983095 0.161932
v -0.33573 2.5464 -0.58527
vn 0.0396182 -0.912177 0.407876
v -0.31303 2.5485 -0.58527
vn 0.0821877 -0.942075 0.325176
v -0.33573 2.5578 -0.56257
vn 0.0198608 -0.837612 0.545905
v -0.31303 2.5585 -0.56257
vn 0.038271 -0.87008 0.491422
v -0.29032 2.5508 -0.58527
vn 0.101852 -0.960828 0.257752
v -0.26762 2.5531 -0.58527
vn 0.127261 -0.968513 0.213978
v -0.29032 2.5597 -0.56257
vn 0.0507277 -0.899633 0.43369
v -0.26762 2.5612 -0.56257
vn 0.0660248 -0.921066 0.383769
v -0.33573 2.5676 -0.55281
vn -0.120075 -0.534748 0.836437
v -0.31303 2.5676 -0.55113
vn -0.0566117 -0.72929 0.681859
v -0.29032 2.5676 -0.54965
vn -0.00803621 -0.830441 0.557048
v -0.26762 2.5676 -0.55014
vn 0.0415653 -0.858677 0.510828
v -0.40385 2.5796 -0.56257
vn -0.356122 -0.19556 0.913747
v -0.40385 2.5903 -0.56159
vn -0.345917 -0.085573 0.934355
v -0.40599 2.5903 -0.56257
vn -0.41491 -0.0829826 0.906071
v -0.38114 2.5903 -0.55337
vn -0.248873 -0.177513 0.95213
v -0.35844 2.5903 -0.5474
vn -0.227528 -0.21213 0.950385
v -0.35844 2.613 -0.54732
vn -0.339686 -0.0352391 0.939879
v -0.35844 2.6357 -0.54597
vn -0.389163 -0.0546858 0.919544
v -0.38114 2.613 -0.55813
vn -0.429331 -0.0536159 0.901554
v -0.328 2.5903 -0.53986
vn -0.240268 -0.344848 0.907387
v -0.31303 2.5822 -0.53986
vn -0.171698 -0.53391 0.827925
v -0.33866 2.613 -0.53986
vn -0.383656 -0.0562967 0.921758
v -0.33573 2.6014 -0.53986
vn -0.325411 -0.109508 0.93921
v -0.31303 2.5903 -0.53599
vn -0.256221 -0.335529 0.906516
v -0.31303 2.613 -0.52846
vn -0.392516 -0.27597 0.877366
v -0.29032 2.576 -0.53986
vn -0.100911 -0.652656 0.750904
v -0.26762 2.5743 -0.53986
vn -0.0293051 -0.728568 0.684346
v -0.29032 2.5903 -0.52921
vn -0.240708 -0.540411 0.806236
v -0.26762 2.5903 -0.52411
vn -0.0638688 -0.726154 0.684559
v -0.29525 2.613 -0.51716
vn -0.653522 -0.447028 0.610798
v -0.29032 2.6084 -0.51716
vn -0.372517 -0.528283 0.762986
v -0.26762 2.5973 -0.51716
vn -0.237173 -0.708542 0.664618
v -0.34116 2.6357 -0.53986
vn -0.349516 -0.0463056 0.935785
v -0.33573 2.6357 -0.53756
vn -0.403206 -0.0423462 0.914129
v -0.30852 2.6357 -0.51716
vn -0.72888 -0.508855 0.458041
v -0.24491 2.5427 -0.67609
vn 0.258338 -0.952634 0.160469
v -0.23812 2.5449 -0.67609
vn 0.289173 -0.945368 0.150526
v -0.22221 2.5495 -0.67609
vn 0.252645 -0.957281 0.140656
v -0.25499 2.5449 -0.65339
vn 0.250427 -0.94421 0.213902
v -0.24491 2.5449 -0.66615
vn 0.256749 -0.946171 0.197081
v -0.22221 2.5538 -0.65339
vn 0.263469 -0.94281 0.204189
v -0.1995 2.5554 -0.67609
vn 0.204851 -0.962338 0.178722
v -0.1768 2.5593 -0.67609
vn 0.117106 -0.972785 0.199941
v -0.1995 2.5604 -0.65339
vn 0.211445 -0.95401 0.2125
v -0.1768 2.5642 -0.65339
vn 0.112202 -0.968783 0.221064
v -0.24491 2.5529 -0.63068
vn 0.245326 -0.951489 0.185699
v -0.22221 2.5592 -0.63068
vn 0.256561 -0.952343 0.164981
v -0.24491 2.5561 -0.60798
vn 0.223151 -0.971269 0.082702
v -0.22221 2.5616 -0.60798
vn 0.238592 -0.969827 0.0500992
v -0.1995 2.5652 -0.63068
vn 0.235654 -0.963289 0.128617
v -0.18811 2.5676 -0.63068
vn 0.208531 -0.964088 0.164469
v -0.1768 2.5676 -0.63885
vn 0.128978 -0.968694 0.212123
v -0.1995 2.5676 -0.59708
vn 0.265327 -0.961322 0.073906
v -0.19721 2.5676 -0.60798
vn 0.271697 -0.957884 0.0929413
v -0.15409 2.5609 -0.67609
vn 0.0613739 -0.975432 0.21158
v -0.13139 2.5619 -0.67609
vn 0.0548826 -0.975677 0.212231
v -0.15409 2.56695 -0.650925
vn 0.0794875 -0.967652 0.239438
v -0.13457 2.5676 -0.65339
vn 0.0435555 -0.968118 0.246678
v -0.10868 2.5636 -0.67609
vn 0.0867273 -0.975672 0.20135
v -0.085977 2.5676 -0.66759
vn 0.087526 -0.976103 0.198903
v -0.10868 2.5681 -0.65555
vn 0.0619256 -0.969419 0.23747
v -0.1768 2.5739 -0.60798
vn 0.217762 -0.960776 0.171726
v -0.085977 2.5705 -0.65339
vn 0.074231 -0.969056 0.235416
v -0.15409 2.5721 -0.63068
vn 0.108574 -0.96652 0.232487
v -0.13139 2.5737 -0.63068
vn 0.0554483 -0.966236 0.251623
v -0.15409 2.5779 -0.60798
vn 0.123119 -0.969469 0.212067
v -0.13139 2.5796 -0.60798
vn 0.0537645 -0.976523 0.208596
v -0.10868 2.5747 -0.63068
vn 0.0574174 -0.96574 0.253081
v -0.085977 2.5763 -0.63068
vn 0.0681909 -0.967645 0.242925
v -0.10868 2.5806 -0.60798
vn 0.0417584 -0.981014 0.189386
v -0.085977 2.5816 -0.60798
vn 0.0484206 -0.984531 0.168389
v -0.24491 2.5563 -0.58527
vn 0.171543 -0.973674 0.150106
v -0.22221 2.5617 -0.58527
vn 0.237269 -0.962841 0.129001
v -0.24491 2.5625 -0.56257
vn 0.138597 -0.944283 0.298531
v -0.22221 2.5664 -0.56257
vn 0.179004 -0.957845 0.2247
v -0.201095 2.56815 -0.58527
vn 0.328258 -0.930795 0.160831
v -0.21762 2.5676 -0.56257
vn 0.281611 -0.906812 0.313667
v -0.24491 2.5676 -0.55277
vn 0.111489 -0.856307 0.50429
v -0.22221 2.5676 -0.56012
vn 0.17361 -0.852586 0.492907
v -0.1768 2.5778 -0.58527
vn 0.275134 -0.94713 0.165064
v -0.1995 2.5734 -0.56257
vn 0.295576 -0.901563 0.315941
v -0.1768 2.5818 -0.56257
vn 0.246308 -0.928064 0.279337
v -0.24491 2.5761 -0.53986
vn 0.0664457 -0.783041 0.618411
v -0.22221 2.58 -0.53986
vn 0.153262 -0.837263 0.524882
v -0.24491 2.5903 -0.52267
vn 0.0341989 -0.80108 0.59758
v -0.22221 2.5903 -0.52438
vn 0.0704065 -0.851607 0.519432
v -0.24491 2.5943 -0.51716
vn -0.0867881 -0.825269 0.558031
v -0.22221 2.5944 -0.51716
vn 0.0375718 -0.875335 0.482054
v -0.1995 2.5841 -0.53986
vn 0.232774 -0.880689 0.412556
v -0.17698 2.59033 -0.53992
vn 0.214571 -0.893219 0.39512
v -0.1995 2.5903 -0.52865
vn 0.167095 -0.866702 0.470007
v -0.1995 2.5962 -0.51716
vn 0.106653 -0.887749 0.447803
v -0.1768 2.6012 -0.51716
vn 0.180216 -0.89613 0.405553
v -0.15409 2.5821 -0.58527
vn 0.123264 -0.976328 0.177735
v -0.13139 2.5832 -0.58527
vn 0.0339923 -0.985238 0.167782
v -0.15409 2.5865 -0.56257
vn 0.101454 -0.965619 0.239347
v -0.13139 2.5876 -0.56257
vn 0.0234322 -0.971075 0.23762
v -0.10868 2.5834 -0.58527
vn 0.0268068 -0.987082 0.157957
v -0.085977 2.5844 -0.58527
vn 0.0409223 -0.985455 0.164934
v -0.10868 2.5879 -0.56257
vn 0.032825 -0.972594 0.230183
v -0.085977 2.589 -0.56257
vn 0.0404476 -0.975576 0.215906
v -0.15409 2.5903 -0.55238
vn 0.135633 -0.920303 0.366941
v -0.13139 2.5903 -0.55624
vn 0.0329746 -0.921466 0.387057
v -0.15409 2.5955 -0.53986
vn 0.169687 -0.901095 0.399041
v -0.13139 2.5974 -0.53986
vn 0.0329072 -0.924675 0.379332
v -0.15409 2.6055 -0.51716
vn 0.094651 -0.925465 0.366818
v -0.13139 2.6063 -0.51716
vn 0.0312217 -0.93066 0.364551
v -0.10868 2.5903 -0.5571
vn 0.00545676 -0.927107 0.374757
v -0.085977 2.5903 -0.55837
vn 0.0238042 -0.944964 0.326307
v -0.10868 2.5975 -0.53986
vn 0.00332932 -0.918933 0.3944
v -0.085977 2.5968 -0.53986
vn -0.0001767 -0.91871 0.394932
v -0.10868 2.6073 -0.51716
vn 0.02616 -0.926166 0.376209
v -0.085977 2.6076 -0.51716
vn 0.00437489 -0.916212 0.40067
v -0.42655 2.6698 -0.51716
vn -0.00291112 -0.992828 0.11952
v -0.42655 2.6656 -0.53986
vn -0.0374004 -0.979673 0.197083
v -0.40385 2.6694 -0.51716
vn -0.0597078 -0.988448 0.139306
v -0.40385 2.6641 -0.53986
vn -0.12786 -0.957103 0.260012
v -0.38114 2.6669 -0.51716
vn -0.134967 -0.970247 0.201009
v -0.37874 2.6584 -0.53986
vn -0.337167 -0.78661 0.517265
v -0.35844 2.6584 -0.53203
vn -0.100363 -0.939183 0.328424
v -0.35844 2.6636 -0.51716
vn -0.117539 -0.972486 0.201138
v -0.33573 2.6584 -0.52759
vn -0.0759939 -0.948532 0.307427
v -0.33573 2.6614 -0.51716
vn -0.177153 -0.978599 0.104696
v -0.017861 2.5222 -0.87532
vn -0.162149 -0.96653 0.198816
v 0.0017862 2.5222 -0.85773
vn -0.179489 -0.962784 0.202067
v -0.063271 2.528 -0.85773
vn 0.0268644 -0.975476 0.218459
v -0.040566 2.5283 -0.85773
vn -0.0506738 -0.974628 0.218018
v -0.063271 2.5329 -0.83503
vn 0.0315625 -0.977304 0.209476
v -0.040566 2.5335 -0.83503
vn -0.027886 -0.974075 0.2245
v -0.017861 2.5255 -0.85773
vn -0.135534 -0.968489 0.20895
v -0.017861 2.531 -0.83503
vn -0.133974 -0.956203 0.260244
v 0.0048442 2.5222 -0.85471
vn -0.170914 -0.957824 0.231001
v 0.0048442 2.5268 -0.83503
vn -0.135186 -0.936971 0.322197
v -0.063271 2.5377 -0.81232
vn 0.0338293 -0.980633 0.192912
v -0.040566 2.5383 -0.81232
vn 0.00863568 -0.980188 0.197881
v -0.063271 2.5417 -0.78962
vn 0.0319934 -0.983188 0.179772
v -0.040566 2.5425 -0.78962
vn 0.0320318 -0.981449 0.189026
v -0.017861 2.5376 -0.81232
vn -0.0559016 -0.963887 0.260379
v 0.0048442 2.5355 -0.81232
vn -0.0785773 -0.938947 0.33497
v -0.017861 2.5431 -0.78962
vn 0.00534785 -0.97491 0.222535
v 0.0048442 2.5433 -0.78962
vn -0.0251033 -0.956532 0.290545
v 0.027549 2.5172 -0.85773
vn -0.165273 -0.962025 0.217241
v 0.050254 2.5139 -0.85773
vn -0.135524 -0.946813 0.291853
v 0.027549 2.5222 -0.8395
vn -0.130128 -0.952646 0.274831
v 0.047543 2.5222 -0.83503
vn -0.0610907 -0.907472 0.415646
v 0.072959 2.5098 -0.85773
vn -0.13427 -0.92849 0.346233
v 0.095665 2.5073 -0.85773
vn -0.0635207 -0.936521 0.34481
v 0.072959 2.5203 -0.83503
vn -0.0972881 -0.910878 0.401043
v 0.095665 2.5186 -0.83503
vn -0.0366232 -0.889301 0.455853
v 0.027549 2.5236 -0.83503
vn -0.0982062 -0.911622 0.399126
v 0.072959 2.5222 -0.83166
vn -0.059279 -0.883334 0.46498
v 0.095665 2.5222 -0.82892
vn -0.0253271 -0.878319 0.477404
v 0.027549 2.5341 -0.81232
vn -0.0523278 -0.918441 0.392083
v 0.050254 2.5337 -0.81232
vn -0.0430114 -0.910865 0.410458
v 0.027549 2.5431 -0.78962
vn -0.0284963 -0.943288 0.33075
v 0.050254 2.5424 -0.78962
vn -0.0309153 -0.941771 0.334832
v 0.072959 2.5322 -0.81232
vn -0.0412284 -0.905912 0.421455
v 0.095665 2.5312 -0.81232
vn 0.0184594 -0.88962 0.456329
v 0.072959 2.5413 -0.78962
vn -0.0259349 -0.937414 0.347251
v 0.095665 2.5414 -0.78962
vn 0.0340702 -0.920976 0.388126
v -0.063271 2.5449 -0.77245
vn 0.0298166 -0.978622 0.203492
v -0.017861 2.5449 -0.78196
vn 0.0349824 -0.97464 0.221025
v -0.063271 2.5461 -0.76691
vn 0.0303107 -0.972116 0.232532
v -0.040566 2.5475 -0.76691
vn 0.0627674 -0.964915 0.254951
v -0.063271 2.5518 -0.74421
vn 0.0596046 -0.966652 0.249061
v -0.040566 2.5539 -0.74421
vn 0.0480309 -0.966296 0.252914
v 0.0048442 2.5449 -0.78367
vn 0.00194342 -0.97188 0.235468
v -0.017861 2.5487 -0.76691
vn 0.0126279 -0.971272 0.237637
v 0.0048442 2.5488 -0.76691
vn -0.0182652 -0.980899 0.19366
v -0.017861 2.5544 -0.74421
vn -0.0447162 -0.976164 0.212377
v 0.0048442 2.5529 -0.74421
vn -0.0664821 -0.984334 0.163297
v -0.063271 2.5579 -0.7215
vn 0.0802617 -0.967607 0.239362
v -0.040566 2.5599 -0.7215
vn 0.0243511 -0.975549 0.218428
v -0.063271 2.5632 -0.6988
vn 0.0672935 -0.976421 0.20512
v -0.040566 2.5644 -0.6988
vn 0.00865224 -0.982083 0.18825
v -0.017861 2.5594 -0.7215
vn -0.0738089 -0.976283 0.203528
v 0.0048442 2.5562 -0.7215
vn -0.12859 -0.978672 0.160203
v -0.017861 2.5636 -0.6988
vn -0.071205 -0.980048 0.185567
v 0.0048442 2.5602 -0.6988
vn -0.167466 -0.96997 0.176388
v 0.027549 2.5449 -0.78244
vn -0.0193895 -0.973721 0.226919
v 0.050254 2.5449 -0.78057
vn -0.017013 -0.966126 0.257511
v 0.027549 2.5482 -0.76691
vn -0.0087534 -0.984187 0.176919
v 0.050254 2.5485 -0.76691
vn 0.00199302 -0.984397 0.17595
v 0.027549 2.5512 -0.74421
vn -0.0356396 -0.99363 0.10691
v 0.050254 2.5512 -0.74421
vn 0.0122931 -0.996797 0.0790256
v 0.072959 2.5449 -0.77891
vn -0.000366792 -0.956845 0.290599
v 0.095665 2.5449 -0.77994
vn 0.0411216 -0.952007 0.303301
v 0.072959 2.5485 -0.76691
vn 0.0123728 -0.98388 0.1784
v 0.095665 2.5488 -0.76691
vn 0.0307782 -0.97873 0.202829
v 0.072959 2.5519 -0.74421
vn 0.0124589 -0.99849 0.0535047
v 0.095665 2.5524 -0.74421
vn 0.0182429 -0.999821 -0.0050334
v 0.027549 2.5533 -0.7215
vn -0.106695 -0.988783 0.104518
v 0.050254 2.5513 -0.7215
vn -0.0515067 -0.998457 0.0207317
v 0.027549 2.556 -0.6988
vn -0.150985 -0.979449 0.133728
v 0.050254 2.5528 -0.6988
vn -0.123471 -0.987119 0.101737
v 0.072959 2.5503 -0.7215
vn -0.0254894 -0.997887 -0.0597692
v 0.095665 2.5496 -0.7215
vn -0.033334 -0.996035 -0.0824774
v 0.072959 2.5499 -0.6988
vn -0.089756 -0.994076 0.0612958
v 0.095665 2.5479 -0.6988
vn -0.0483783 -0.998603 0.0212588
v 0.11837 2.5072 -0.85773
vn 0.0299006 -0.931806 0.361722
v 0.14108 2.5092 -0.85773
vn 0.165417 -0.902624 0.397376
v 0.11837 2.5188 -0.83503
vn 0.0730547 -0.874044 0.480323
v 0.13973 2.5222 -0.83503
vn 0.159057 -0.832227 0.53113
v 0.16378 2.515 -0.85773
vn 0.207334 -0.926987 0.312581
v 0.18649 2.5194 -0.85773
vn 0.16922 -0.957032 0.235487
v 0.16378 2.5222 -0.84291
vn 0.144315 -0.874045 0.463916
v 0.18649 2.5222 -0.84874
vn 0.132089 -0.92134 0.36563
v 0.16378 2.5271 -0.83503
vn 0.120117 -0.831478 0.542416
v 0.18649 2.5282 -0.83503
vn 0.063317 -0.862532 0.502025
v 0.11837 2.5222 -0.82983
vn 0.0925896 -0.846258 0.524666
v 0.11837 2.5331 -0.81232
vn 0.116655 -0.887841 0.445117
v 0.14108 2.5376 -0.81232
vn 0.168411 -0.852772 0.494385
v 0.11837 2.5434 -0.78962
vn 0.0983634 -0.912675 0.396671
v 0.12814 2.5449 -0.78962
vn 0.161222 -0.928563 0.334333
v 0.14108 2.5449 -0.79643
vn 0.198539 -0.896871 0.395227
v 0.14108 2.5474 -0.78962
vn 0.211216 -0.940953 0.264566
v 0.16378 2.542 -0.81232
vn 0.073272 -0.84226 0.534068
v 0.18649 2.5424 -0.81232
vn 0.0631716 -0.846866 0.52804
v 0.16378 2.5449 -0.80705
vn 0.129762 -0.895713 0.425277
v 0.18649 2.5449 -0.80851
vn 0.0837059 -0.859156 0.504821
v 0.16378 2.5529 -0.78962
vn 0.164546 -0.926508 0.33839
v 0.18649 2.5562 -0.78962
vn 0.166054 -0.911864 0.375407
v 0.2045 2.5222 -0.85773
vn 0.155079 -0.95412 0.256134
v 0.20919 2.5222 -0.86129
vn 0.295709 -0.923821 0.243126
v 0.20919 2.5231 -0.85773
vn 0.309966 -0.903529 0.295901
v 0.2319 2.5316 -0.85773
vn 0.423382 -0.852897 0.305474
v 0.20919 2.5308 -0.83503
vn 0.240213 -0.871282 0.427979
v 0.2319 2.5415 -0.83503
vn 0.529033 -0.770092 0.356486
v 0.24441 2.5449 -0.85773
vn 0.78845 -0.525901 0.319022
v 0.23529 2.5449 -0.83503
vn 0.822122 -0.433741 0.368761
v 0.24567 2.5676 -0.83503
vn 0.83894 -0.410217 0.357634
v 0.20919 2.5446 -0.81232
vn 0.0881312 -0.841831 0.532497
v 0.21021 2.5449 -0.81232
vn 0.428918 -0.748063 0.50639
v 0.2319 2.5449 -0.82984
vn 0.57563 -0.660442 0.482148
v 0.2319 2.5588 -0.81232
vn 0.627852 -0.613867 0.478507
v 0.20919 2.5595 -0.78962
vn 0.307877 -0.811579 0.496539
v 0.2319 2.5676 -0.80324
vn 0.794492 -0.445899 0.412257
v 0.22267 2.5676 -0.78962
vn 0.613567 -0.663656 0.427897
v 0.23658 2.5676 -0.81232
vn 0.866567 -0.290775 0.405599
v 0.2319 2.5796 -0.78962
vn 0.894178 -0.365316 0.258823
v 0.23815 2.5903 -0.81232
vn 0.95342 -0.188637 0.235386
v 0.23508 2.5903 -0.78962
vn 0.947916 -0.281717 0.148632
v 0.11837 2.5449 -0.78517
vn 0.0846007 -0.950735 0.298239
v 0.11837 2.5502 -0.76691
vn 0.0837357 -0.974943 0.206094
v 0.14108 2.5532 -0.76691
vn 0.173284 -0.96809 0.181037
v 0.11837 2.5531 -0.74421
vn 0.0709803 -0.997069 -0.0285436
v 0.14108 2.555 -0.74421
vn 0.151339 -0.986426 -0.063718
v 0.16378 2.5586 -0.76691
vn 0.200303 -0.967645 0.153433
v 0.18649 2.5636 -0.76691
vn 0.226174 -0.966227 0.12349
v 0.16378 2.5591 -0.74421
vn 0.192796 -0.976456 -0.0967647
v 0.18649 2.5639 -0.74421
vn 0.235178 -0.96588 -0.108478
v 0.11837 2.5494 -0.7215
vn 0.0256192 -0.99311 -0.114352
v 0.14108 2.5509 -0.7215
vn 0.108416 -0.984674 -0.136611
v 0.11837 2.5473 -0.6988
vn 0.0264078 -0.999302 0.0264061
v 0.14108 2.5487 -0.6988
vn 0.092082 -0.99564 -0.0149128
v 0.16378 2.5544 -0.7215
vn 0.168739 -0.974047 -0.150863
v 0.18649 2.5585 -0.7215
vn 0.258139 -0.951189 -0.169126
v 0.16378 2.5518 -0.6988
vn 0.15802 -0.987426 0.00434966
v 0.18649 2.5561 -0.6988
vn 0.25659 -0.966419 -0.0139819
v 0.20293 2.5676 -0.76691
vn 0.260001 -0.950811 0.1684
v 0.20919 2.5676 -0.77263
vn 0.444697 -0.79582 0.410992
v 0.19869 2.5676 -0.74421
vn 0.305766 -0.94852 -0.0825617
v 0.20919 2.5676 -0.72339
vn 0.524903 -0.831247 -0.183045
v 0.20919 2.5671 -0.7215
vn 0.35273 -0.929665 -0.106325
v 0.2102 2.5676 -0.7215
vn 0.587666 -0.795378 -0.1484
v 0.20919 2.5646 -0.6988
vn 0.343707 -0.939057 -0.0060437
v 0.21548 2.5676 -0.6988
vn 0.600618 -0.7958 -0.0771986
v 0.20919 2.5695 -0.76691
vn 0.638036 -0.763314 0.101304
v 0.2319 2.5903 -0.77246
vn 0.718156 -0.599602 0.353171
v 0.23095 2.5903 -0.76691
vn 0.678154 -0.733846 0.0397169
v 0.20919 2.5712 -0.74421
vn 0.601882 -0.79813 -0.0269439
v 0.23079 2.5903 -0.74421
vn 0.662283 -0.748962 -0.0209097
v 0.2319 2.5854 -0.7215
vn 0.701005 -0.696793 -0.151893
v 0.2319 2.5903 -0.73682
vn 0.664643 -0.729445 -0.161739
v 0.2319 2.582 -0.6988
vn 0.73142 -0.681374 -0.027483
v 0.23399 2.5903 -0.7215
vn 0.91658 -0.39095 -0.0838951
v 0.23538 2.5903 -0.6988
vn 0.922293 -0.386028 -0.0189101
v -0.064609 2.5676 -0.67657
vn 0.049753 -0.980129 0.192019
v -0.040566 2.5686 -0.67609
vn 0.0124608 -0.978735 0.204748
v -0.017861 2.56775 -0.67673
vn -0.0369422 -0.974332 0.222062
v -0.014736 2.5676 -0.67609
vn -0.157215 -0.967054 0.200226
v 0.0048442 2.5648 -0.67609
vn -0.193998 -0.965071 0.176074
v 0.0048442 2.5676 -0.65824
vn -0.252914 -0.956899 0.142752
v 0.027549 2.5591 -0.67609
vn -0.191485 -0.970275 0.147986
v 0.050254 2.5558 -0.67609
vn -0.121153 -0.982401 0.142163
v 0.027549 2.5625 -0.65339
vn -0.200793 -0.97278 0.115678
v 0.050254 2.5589 -0.65339
vn -0.0971728 -0.98796 0.120387
v 0.072959 2.553 -0.67609
vn -0.0948623 -0.979036 0.180249
v 0.095665 2.5509 -0.67609
vn -0.0697986 -0.98027 0.18493
v 0.072959 2.5576 -0.65339
vn -0.0520326 -0.984591 0.166955
v 0.095665 2.5564 -0.65339
vn -0.0471671 -0.973678 0.222995
v 0.017258 2.5676 -0.63068
vn -0.289538 -0.948763 0.126557
v 0.027549 2.5648 -0.63068
vn -0.189397 -0.974961 0.116533
v 0.050254 2.5609 -0.63068
vn -0.087913 -0.989743 0.11261
v 0.028176 2.5676 -0.60798
vn -0.242302 -0.951732 0.188402
v 0.050254 2.5639 -0.60798
vn -0.103453 -0.981909 0.158596
v 0.072959 2.5606 -0.63068
vn -0.00612109 -0.992033 0.125829
v 0.095665 2.5612 -0.63068
vn 0.00434527 -0.987428 0.15801
v 0.072959 2.5638 -0.60798
vn 0.00512521 -0.985697 0.168448
v 0.095665 2.5642 -0.60798
vn 0.00435077 -0.988342 0.152189
v -0.063271 2.5721 -0.65339
vn 0.0704867 -0.971625 0.225778
v -0.040566 2.574 -0.65339
vn 0.0320421 -0.970078 0.240671
v -0.017861 2.574 -0.65339
vn -0.13296 -0.967288 0.216044
v -0.063271 2.5782 -0.63068
vn 0.0726849 -0.970769 0.228745
v -0.040566 2.58 -0.63068
vn -0.00361336 -0.985316 0.170704
v -0.063271 2.5825 -0.60798
vn 0.0370181 -0.988924 0.14373
v -0.040566 2.5828 -0.60798
vn -0.0371072 -0.99126 0.1266
v -0.017861 2.5789 -0.63068
vn -0.153166 -0.975106 0.160337
v 0.0048442 2.572 -0.63068
vn -0.286983 -0.945147 0.156006
v -0.017861 2.5806 -0.60798
vn -0.147608 -0.980894 0.126724
v 0.0048442 2.5752 -0.60798
vn -0.273288 -0.948072 0.162704
v 0.050254 2.5676 -0.59164
vn -0.100067 -0.965929 0.238678
v 0.072959 2.5676 -0.5904
vn -0.0023768 -0.972935 0.231065
v 0.095665 2.5676 -0.5917
vn 0.000135302 -0.97634 0.216242
v -0.063271 2.5853 -0.58527
vn 0.0235002 -0.988185 0.151451
v -0.040566 2.5856 -0.58527
vn -0.0231161 -0.984196 0.175569
v -0.063271 2.5898 -0.56257
vn 0.024655 -0.979743 0.198734
v -0.040566 2.5903 -0.56178
vn -0.0132686 -0.96191 0.273043
v -0.017861 2.584 -0.58527
vn -0.113696 -0.974148 0.195217
v 0.0048442 2.5798 -0.58527
vn -0.198428 -0.945145 0.259475
v -0.017861 2.5892 -0.56257
vn -0.0651758 -0.9728 0.22229
v 0.0048442 2.5871 -0.56257
vn -0.122266 -0.946188 0.299632
v -0.063271 2.5903 -0.56079
vn 0.0368888 -0.946222 0.321408
v -0.063271 2.5971 -0.53986
vn 0.0381772 -0.929632 0.366506
v -0.040566 2.5987 -0.53986
vn 0.0368953 -0.91724 0.396622
v -0.063271 2.6079 -0.51716
vn 0.042499 -0.908263 0.416235
v -0.040566 2.6097 -0.51716
vn 0.07051 -0.898579 0.433109
v -0.017861 2.5903 -0.55916
vn -0.0337022 -0.915983 0.3998
v 0.0048442 2.5903 -0.55522
vn -0.05505 -0.872225 0.485998
v -0.017861 2.5997 -0.53986
vn 0.0282296 -0.881943 0.47051
v 0.0048442 2.6001 -0.53986
vn 0.0464018 -0.82206 0.567507
v -0.017861 2.612 -0.51716
vn 0.0914825 -0.908048 0.408755
v -0.0090675 2.613 -0.51716
vn 0.127077 -0.880129 0.457411
v 0.0048442 2.6153 -0.51716
vn 0.204212 -0.816179 0.540508
v 0.027549 2.5739 -0.58527
vn -0.207088 -0.920909 0.330213
v 0.050254 2.5695 -0.58527
vn -0.0907518 -0.904221 0.417312
v 0.027549 2.5841 -0.56257
vn -0.123452 -0.891158 0.436575
v 0.050254 2.5815 -0.56257
vn -0.0458845 -0.856266 0.514494
v 0.072959 2.569 -0.58527
vn 0.0102814 -0.889268 0.457272
v 0.095665 2.5694 -0.58527
vn 0.0070932 -0.863023 0.505116
v 0.072959 2.5825 -0.56257
vn 0.043435 -0.821988 0.567846
v 0.095665 2.5842 -0.56257
vn 0.0273532 -0.794526 0.606614
v 0.027549 2.5903 -0.55263
vn -0.0269094 -0.80973 0.586185
v 0.050254 2.5903 -0.55155
vn 0.0142017 -0.743311 0.668796
v 0.027549 2.6012 -0.53986
vn 0.0576658 -0.720834 0.690705
v 0.050254 2.6036 -0.53986
vn 0.100164 -0.629956 0.770145
v 0.027549 2.613 -0.52671
vn 0.156339 -0.727159 0.66843
v 0.050254 2.613 -0.53232
vn 0.245119 -0.466796 0.849717
v 0.072959 2.5903 -0.55375
vn 0.0957866 -0.651777 0.752338
v 0.095665 2.5903 -0.55639
vn 0.0730731 -0.601477 0.795541
v 0.072959 2.6089 -0.53986
vn 0.14394 -0.588218 0.79579
v 0.089913 2.613 -0.53986
vn 0.111754 -0.409425 0.905473
v 0.072959 2.613 -0.53731
vn 0.176305 -0.330105 0.927333
v 0.027549 2.6249 -0.51716
vn 0.379811 -0.683644 0.623197
v 0.038714 2.6357 -0.51716
vn 0.688046 -0.446535 0.572013
v 0.050254 2.6357 -0.52486
vn 0.388299 -0.149225 0.909371
v 0.046624 2.6584 -0.51716
vn 0.859325 -0.382401 0.339603
v 0.050254 2.6584 -0.52259
vn 0.446892 -0.227737 0.865115
v 0.072959 2.6357 -0.53032
vn 0.153875 -0.170713 0.973232
v 0.095665 2.6357 -0.53318
vn 0.111991 -0.201274 0.973112
v 0.072959 2.6584 -0.53133
vn 0.210334 -0.303039 0.929477
v 0.095665 2.6584 -0.53137
vn 0.0954039 -0.220321 0.970751
v 0.11837 2.5497 -0.67609
vn -0.0017367 -0.986282 0.16506
v 0.14108 2.5511 -0.67609
vn 0.0975368 -0.981176 0.166676
v 0.11837 2.5553 -0.65339
vn 0.00711413 -0.969537 0.24484
v 0.14108 2.5568 -0.65339
vn 0.08682 -0.969509 0.229161
v 0.16378 2.5546 -0.67609
vn 0.155113 -0.973758 0.166542
v 0.18649 2.5585 -0.67609
vn 0.219897 -0.969428 0.108884
v 0.16378 2.5594 -0.65339
vn 0.0923226 -0.982652 0.160849
v 0.18649 2.5612 -0.65339
vn 0.164452 -0.983687 0.0729095
v 0.11837 2.5613 -0.63068
vn 0.00379748 -0.985104 0.171919
v 0.14108 2.5618 -0.63068
vn 0.016055 -0.993624 0.111599
v 0.11837 2.564 -0.60798
vn -0.019747 -0.986947 0.159829
v 0.14108 2.5633 -0.60798
vn -0.0281983 -0.986964 0.158452
v 0.16378 2.5619 -0.63068
vn 0.0140807 -0.998893 0.0448736
v 0.18649 2.5617 -0.63068
vn 0.130011 -0.991467 0.00954035
v 0.16378 2.5617 -0.60798
vn -0.0177892 -0.992275 0.122772
v 0.18649 2.5618 -0.60798
vn 0.131187 -0.981919 0.136472
v 0.20919 2.5649 -0.67609
vn 0.295229 -0.953592 0.0591796
v 0.21534 2.5676 -0.67609
vn 0.620448 -0.783568 0.0326426
v 0.20919 2.5667 -0.65339
vn 0.24607 -0.967345 0.0607706
v 0.21165 2.5676 -0.65339
vn 0.544008 -0.83809 0.0407537
v 0.209132 2.56762 -0.631895
vn 0.364453 -0.930813 0.0276016
v 0.20919 2.568 -0.60798
vn 0.381775 -0.917889 0.108291
v 0.2319 2.5827 -0.67609
vn 0.78155 -0.623772 0.00943583
v 0.2319 2.5826 -0.65339
vn 0.722868 -0.690986 -0.000913851
v 0.23503 2.5903 -0.67609
vn 0.91569 -0.401857 -0.00481642
v 0.23569 2.5903 -0.65339
vn 0.968483 -0.236381 -0.0785132
v 0.2319 2.5813 -0.63068
vn 0.591815 -0.806058 0.00511488
v 0.2319 2.5815 -0.60798
vn 0.600714 -0.789173 0.127866
v 0.23783 2.5903 -0.63068
vn 0.951934 -0.294099 -0.0856052
v 0.23741 2.613 -0.65339
vn 0.985462 -0.110702 -0.128878
v 0.24121 2.613 -0.63068
vn 0.974861 -0.177934 -0.134113
v 0.23947 2.5903 -0.60798
vn 0.929531 -0.368636 0.00896605
v 0.24514 2.613 -0.60798
vn 0.96544 -0.241149 -0.0988612
v 0.11837 2.5676 -0.58942
vn -0.0229921 -0.978069 0.207009
v 0.14108 2.5681 -0.58527
vn -0.00341539 -0.92035 0.39108
v 0.16378 2.5676 -0.58728
vn -0.0158588 -0.965628 0.259443
v 0.18649 2.5676 -0.58823
vn 0.126034 -0.952957 0.275659
v 0.11837 2.5686 -0.58527
vn -0.0242326 -0.859145 0.511159
v 0.11837 2.584 -0.56257
vn -0.00237617 -0.794022 0.607884
v 0.14108 2.5847 -0.56257
vn 0.0557658 -0.758486 0.649299
v 0.16378 2.5683 -0.58527
vn 0.0584294 -0.764059 0.642495
v 0.18649 2.5687 -0.58527
vn 0.0880311 -0.731506 0.676128
v 0.16378 2.5886 -0.56257
vn 0.114379 -0.58493 0.802979
v 0.17342 2.5903 -0.56257
vn 0.0721874 -0.605704 0.792408
v 0.18649 2.5903 -0.56436
vn 0.134523 -0.688561 0.712592
v 0.18649 2.5927 -0.56257
vn 0.116043 -0.49287 0.86233
v 0.11837 2.5903 -0.55733
vn 0.0614313 -0.547736 0.834393
v 0.14108 2.5903 -0.55883
vn 0.0925037 -0.491055 0.866203
v 0.11837 2.613 -0.54328
vn 0.0957758 -0.490865 0.865955
v 0.14108 2.613 -0.54661
vn 0.12571 -0.407373 0.904569
v 0.16378 2.613 -0.55024
vn 0.11628 -0.367311 0.922801
v 0.18649 2.613 -0.55227
vn 0.100606 -0.367668 0.924499
v 0.11837 2.6234 -0.53986
vn 0.13136 -0.292934 0.947066
v 0.14228 2.6357 -0.53986
vn 0.149421 -0.23653 0.960066
v 0.11837 2.6357 -0.53637
vn 0.140935 -0.192059 0.971211
v 0.11837 2.6584 -0.53254
vn 0.104098 -0.203981 0.973425
v 0.14108 2.6584 -0.53601
vn 0.160497 -0.216193 0.963069
v 0.16378 2.6357 -0.54338
vn 0.137503 -0.183944 0.973272
v 0.18649 2.6357 -0.54589
vn 0.109956 -0.178617 0.977755
v 0.16081 2.6584 -0.53986
vn 0.152097 -0.188075 0.970306
v 0.18649 2.6584 -0.54392
vn 0.133311 -0.100051 0.986011
v 0.20919 2.5739 -0.58527
vn 0.337288 -0.810928 0.478155
v 0.2319 2.5882 -0.58527
vn 0.586712 -0.770525 0.249119
v 0.20919 2.5903 -0.56865
vn 0.268128 -0.650159 0.710915
v 0.2319 2.5903 -0.5819
vn 0.526822 -0.555009 0.643757
v 0.20919 2.5985 -0.56257
vn 0.265177 -0.511943 0.817065
v 0.22944 2.613 -0.56257
vn 0.382316 -0.492413 0.781898
v 0.2319 2.613 -0.56425
vn 0.755823 -0.372811 0.538278
v 0.2342 2.5903 -0.58527
vn 0.844818 -0.475554 0.245217
v 0.24586 2.613 -0.58527
vn 0.896681 -0.273221 0.348301
v 0.2319 2.6187 -0.56257
vn 0.673038 -0.154899 0.723206
v 0.2447 2.6357 -0.58527
vn 0.887813 -0.0590382 0.456403
v 0.2357 2.6357 -0.56257
vn 0.855445 -0.16086 0.492278
v 0.20919 2.613 -0.55509
vn 0.239269 -0.331279 0.912691
v 0.20919 2.6357 -0.54843
vn 0.28734 -0.164207 0.943648
v 0.2319 2.6357 -0.55899
vn 0.500453 -0.0863898 0.861443
v 0.20919 2.6584 -0.54711
vn 0.289469 -0.187827 0.938578
v 0.2319 2.6584 -0.55825
vn 0.507088 -0.283773 0.81384
v 0.23554 2.6584 -0.56257
vn 0.730509 -0.166223 0.662364
v 0.050254 2.6627 -0.51716
vn 0.49232 -0.766469 0.412487
v 0.072959 2.6772 -0.51716
vn 0.478795 -0.82481 0.300738
v 0.081712 2.6811 -0.51716
vn 0.26053 -0.791401 0.552999
v 0.095665 2.6811 -0.52432
vn 0.222031 -0.462132 0.858566
v 0.095665 2.6848 -0.51716
vn 0.18994 -0.954448 0.230111
v 0.2546 2.6864 -0.6988
vn 0.542713 -0.838222 -0.0533557
v 0.2546 2.6843 -0.67609
vn 0.549469 -0.835093 -0.0265268
v 0.24797 2.6811 -0.67609
vn 0.434186 -0.899563 -0.0476242
v 0.2486 2.6811 -0.65339
vn 0.465429 -0.884742 0.0246497
v 0.2546 2.6844 -0.65339
vn 0.553409 -0.831844 0.042133
v 0.2546 2.6866 -0.63068
vn 0.528579 -0.848869 0.00509367
v 0.2546 2.6855 -0.60798
vn 0.528803 -0.84571 -0.0717067
v 0.11837 2.6811 -0.52664
vn 0.0823209 -0.499638 0.862314
v 0.14108 2.6811 -0.52874
vn 0.0927139 -0.489534 0.867041
v 0.16378 2.6811 -0.53043
vn 0.0668767 -0.651644 0.755571
v 0.16378 2.6608 -0.53986
vn 0.162898 -0.415669 0.894809
v 0.18649 2.6697 -0.53986
vn 0.162898 -0.415669 0.894809
v 0.18649 2.6811 -0.53165
vn 0.0450533 -0.875388 0.481318
v 0.2546 2.6825 -0.58527
vn 0.559235 -0.828959 -0.00912683
v 0.253 2.6811 -0.58527
vn 0.634685 -0.771085 0.051016
v 0.24966 2.6811 -0.56257
vn 0.67585 -0.522318 0.52001
v 0.2546 2.685 -0.56257
vn 0.525097 -0.839419 0.140173
v 0.22205 2.6811 -0.53986
vn 0.269553 -0.74169 0.614196
v 0.2319 2.6811 -0.54387
vn 0.570614 -0.43947 0.693733
v 0.20919 2.6811 -0.53565
vn 0.101426 -0.892593 0.439306
v 0.2319 2.6844 -0.53986
vn 0.323922 -0.886008 0.331759
v 0.30001 2.4995 -1.0267
vn 0.087717 0.0236913 0.995864
v 0.30001 2.5222 -1.0287
vn 0.0957166 0.166147 0.981445
v 0.30001 2.557 -1.0394
vn 0.16738 0.36888 0.914282
v 0.30001 2.5676 -1.0444
vn 0.195517 0.288701 0.937243
v 0.30001 2.5449 -1.0351
vn 0.140751 0.276989 0.950509
v 0.30001 2.6292 -1.0394
vn 0.0912632 -0.677537 0.729804
v 0.30001 2.6357 -1.0342
vn 0.0373221 -0.581657 0.812578
v 0.30001 2.6584 -1.0191
vn 0.0263849 -0.563869 0.825442
v 0.30001 2.6622 -1.0167
vn 0.108692 -0.661148 0.742341
v 0.28294 2.6811 -0.99397
vn 0.162198 -0.816387 0.55426
v 0.30001 2.6811 -0.99886
vn 0.160864 -0.721439 0.673534
v 0.30001 2.6845 -0.99397
vn 0.158969 -0.890662 0.42597
v -0.26762 2.613 -0.49737
vn -0.359228 -0.757442 0.545195
v -0.29032 2.613 -0.51297
vn -0.372672 -0.74133 0.558163
v -0.32052 2.6584 -0.49445
vn -0.381762 -0.923738 0.0310732
v -0.32105 2.6584 -0.51716
vn -0.386813 -0.922114 0.00902692
v -0.31303 2.6521 -0.49445
vn -0.743579 -0.661084 0.10029
v -0.31935 2.6584 -0.47175
vn -0.41995 -0.906608 0.0412714
v -0.31303 2.6535 -0.47175
vn -0.715901 -0.691376 0.097391
v -0.30132 2.6357 -0.49445
vn -0.742648 -0.648309 0.16784
v -0.29032 2.6251 -0.49445
vn -0.533995 -0.764813 0.360431
v -0.26762 2.6146 -0.49445
vn -0.354451 -0.858007 0.371738
v -0.29577 2.6357 -0.47175
vn -0.672934 -0.723435 0.154276
v -0.29032 2.6322 -0.47175
vn -0.348486 -0.912704 0.213375
v -0.26762 2.6241 -0.47175
vn -0.2785 -0.917433 0.284175
v -0.31587 2.6584 -0.44904
vn -0.367455 -0.928816 0.0477284
v -0.31303 2.6563 -0.44904
vn -0.65106 -0.749172 0.121915
v -0.31303 2.6584 -0.42073
vn -0.440968 -0.895954 0.0530483
v -0.29032 2.6357 -0.45052
vn -0.472064 -0.867068 0.159212
v -0.26762 2.629 -0.44904
vn -0.260327 -0.951989 0.16108
v -0.28009 2.6357 -0.42634
vn -0.356401 -0.922327 0.149301
v -0.26762 2.6322 -0.42634
vn -0.217974 -0.967412 0.128845
v -0.29032 2.6413 -0.42634
vn -0.583494 -0.802113 0.127079
v -0.26997 2.6357 -0.40363
vn -0.349432 -0.92403 0.15513
v -0.26762 2.635 -0.40363
vn -0.197984 -0.972839 0.119944
v -0.31109 2.6584 -0.40363
vn -0.542358 -0.837891 0.061531
v -0.29032 2.6448 -0.40363
vn -0.508669 -0.85152 0.127161
v -0.26103 2.613 -0.49445
vn -0.168132 -0.842526 0.511744
v -0.24491 2.6093 -0.49445
vn -0.144243 -0.835772 0.529791
v -0.22221 2.6063 -0.49445
vn -0.0240888 -0.89079 0.453777
v -0.24491 2.613 -0.48766
vn -0.171102 -0.913976 0.367928
v -0.22221 2.613 -0.4777
vn -0.0695692 -0.942248 0.32761
v -0.1995 2.6071 -0.49445
vn 0.102339 -0.918373 0.382254
v -0.1768 2.6109 -0.49445
vn 0.146341 -0.917001 0.371071
v -0.1995 2.613 -0.47753
vn 0.0488265 -0.974725 0.218006
v -0.1768 2.613 -0.488
vn 0.116975 -0.96104 0.250439
v -0.24491 2.6183 -0.47175
vn -0.196671 -0.949212 0.245597
v -0.22221 2.6143 -0.47175
vn -0.0707905 -0.978256 0.194944
v -0.1768 2.6159 -0.47175
vn 0.0845111 -0.979297 0.183943
v -0.24491 2.6237 -0.44904
vn -0.201146 -0.958093 0.203955
v -0.22221 2.619 -0.44904
vn -0.110725 -0.966881 0.229959
v -0.24491 2.6275 -0.42634
vn -0.187087 -0.971033 0.148635
v -0.22221 2.6247 -0.42634
vn -0.112485 -0.969788 0.216467
v -0.1995 2.6181 -0.44904
vn 0.0329758 -0.976522 0.21288
v -0.1768 2.6205 -0.44904
vn 0.1043 -0.966591 0.234142
v -0.1995 2.6243 -0.42634
vn 0.0350975 -0.965939 0.256378
v -0.1768 2.6265 -0.42634
vn 0.112814 -0.960627 0.253906
v -0.16253 2.613 -0.49445
vn 0.118237 -0.951814 0.282966
v -0.15409 2.613 -0.49715
vn 0.0430764 -0.965887 0.255356
v -0.13139 2.613 -0.49922
vn 0.0344488 -0.943763 0.328824
v -0.10868 2.613 -0.50192
vn 0.0317982 -0.945076 0.325301
v -0.085977 2.613 -0.50343
vn 0.0174688 -0.944003 0.329475
v -0.13139 2.6142 -0.49445
vn 0.0433333 -0.975406 0.216113
v -0.15409 2.6178 -0.47175
vn 0.0761605 -0.975025 0.208627
v -0.13139 2.6195 -0.47175
vn 0.0598505 -0.970636 0.232987
v -0.10868 2.6151 -0.49445
vn 0.0285397 -0.968051 0.249124
v -0.10868 2.6208 -0.47175
vn 0.037098 -0.971872 0.232571
v -0.085977 2.6214 -0.47175
vn 0.0313238 -0.969763 0.242031
v -0.15409 2.6234 -0.44904
vn 0.0949045 -0.964853 0.245057
v -0.13139 2.6249 -0.44904
vn 0.0485203 -0.972038 0.229755
v -0.15409 2.6294 -0.42634
vn 0.072412 -0.967008 0.244239
v -0.13139 2.6301 -0.42634
vn 0.0385795 -0.9734 0.225841
v -0.10868 2.6258 -0.44904
vn 0.0421489 -0.973271 0.22576
v -0.085977 2.627 -0.44904
vn 0.0504747 -0.968499 0.243848
v -0.10868 2.6312 -0.42634
vn 0.0569436 -0.969647 0.237787
v -0.085977 2.6329 -0.42634
vn 0.0483371 -0.96842 0.244593
v -0.24491 2.6306 -0.40363
vn -0.194873 -0.972657 0.126345
v -0.42655 2.6716 -0.49445
vn 0.012464 -0.999353 0.0337396
v -0.40385 2.6711 -0.49445
vn -0.042508 -0.998397 0.0373795
v -0.42655 2.6715 -0.47175
vn 0.023484 -0.999707 -0.0058734
v -0.40385 2.6715 -0.47175
vn -0.0299283 -0.999364 0.0193693
v -0.38114 2.6693 -0.49445
vn -0.0935713 -0.992834 0.0743344
v -0.35844 2.667 -0.49445
vn -0.130593 -0.988335 0.0783549
v -0.38114 2.6703 -0.47175
vn -0.0811628 -0.996133 0.0336377
v -0.35844 2.668 -0.47175
vn -0.135911 -0.990107 0.0348826
v -0.42655 2.6708 -0.44904
vn 0.0731305 -0.996291 -0.045345
v -0.40385 2.6719 -0.44904
vn 0.00176403 -0.999952 -0.00968823
v -0.42655 2.6696 -0.42634
vn 0.101987 -0.992426 -0.0684765
v -0.40385 2.6713 -0.42634
vn 0.00219857 -0.998604 -0.0527819
v -0.38114 2.6709 -0.44904
vn -0.0721661 -0.997383 -0.00439524
v -0.35844 2.6687 -0.44904
vn -0.118089 -0.993003 -0.000724836
v -0.38114 2.6697 -0.42634
vn -0.0665786 -0.996749 -0.0453658
v -0.35844 2.6681 -0.42634
vn -0.0768434 -0.997036 -0.00365468
v -0.33573 2.6636 -0.49445
vn -0.19257 -0.978269 0.0768586
v -0.33573 2.664 -0.47175
vn -0.232775 -0.97213 0.0279184
v -0.33573 2.6648 -0.44904
vn -0.236054 -0.971032 0.0370916
v -0.33573 2.6657 -0.42634
vn -0.219174 -0.975366 0.0249687
v -0.42655 2.6681 -0.40363
vn 0.113611 -0.992198 -0.0513391
v -0.40385 2.6695 -0.40363
vn 0.0109843 -0.997908 -0.0637078
v -0.42655 2.6673 -0.38093
vn 0.113708 -0.993167 -0.0262503
v -0.38114 2.669 -0.40363
vn -0.0396033 -0.999085 -0.0161339
v -0.35844 2.6684 -0.40363
vn -0.0549619 -0.998401 0.0131859
v -0.33573 2.6665 -0.40363
vn -0.203652 -0.978436 0.0344808
v -0.31303 2.6595 -0.40363
vn -0.311712 -0.948217 0.0609867
v -0.063271 2.613 -0.50456
vn 0.0407971 -0.941448 0.334681
v -0.040566 2.613 -0.509
vn 0.0838649 -0.937034 0.33902
v -0.063271 2.616 -0.49445
vn 0.0378127 -0.963407 0.265362
v -0.040566 2.6176 -0.49445
vn 0.0873148 -0.955608 0.281406
v -0.063271 2.6222 -0.47175
vn 0.0587564 -0.964439 0.257694
v -0.040566 2.6242 -0.47175
vn 0.107827 -0.960123 0.257949
v -0.017861 2.6204 -0.49445
vn 0.16319 -0.93211 0.323326
v 0.0048442 2.6266 -0.49445
vn 0.3013 -0.887746 0.34803
v -0.017861 2.6279 -0.47175
vn 0.19647 -0.951063 0.23849
v 0.013914 2.6357 -0.47175
vn 0.292824 -0.929941 0.222404
v -0.063271 2.6281 -0.44904
vn 0.0498361 -0.969864 0.238497
v -0.040566 2.6292 -0.44904
vn 0.0900872 -0.973961 0.208049
v -0.063271 2.6335 -0.42634
vn 0.0286281 -0.97497 0.220484
v -0.040566 2.6338 -0.42634
vn 0.0782195 -0.980419 0.180721
v -0.017861 2.6324 -0.44904
vn 0.145198 -0.97382 0.174905
v -0.0018172 2.6357 -0.44904
vn 0.210015 -0.966086 0.15024
v 0.0048442 2.6357 -0.45975
vn 0.263681 -0.948328 0.176486
v 0.0048442 2.6374 -0.44904
vn 0.296627 -0.946818 0.124694
v -0.0179687 2.6357 -0.426433
vn 0.164688 -0.983814 0.0706289
v 0.0048442 2.6401 -0.42634
vn 0.249668 -0.960715 0.121213
v 0.027549 2.6357 -0.50028
vn 0.586061 -0.698429 0.410767
v 0.025293 2.6357 -0.49445
vn 0.424661 -0.884328 0.193976
v 0.027549 2.6377 -0.49445
vn 0.756645 -0.638446 0.140981
v 0.044447 2.6584 -0.49445
vn 0.766411 -0.630572 0.122447
v 0.027549 2.642 -0.47175
vn 0.599619 -0.798039 0.0599153
v 0.050254 2.6601 -0.47175
vn 0.601434 -0.787132 -0.136747
v 0.027549 2.6449 -0.44904
vn 0.405889 -0.909151 0.0932626
v 0.050254 2.6584 -0.46455
vn 0.563039 -0.823354 -0.0712335
v 0.050254 2.6561 -0.44904
vn 0.456167 -0.880268 -0.130538
v 0.0536 2.6584 -0.44904
vn 0.596596 -0.792154 -0.128705
v 0.050254 2.6641 -0.49445
vn 0.577276 -0.815863 -0.0334578
v 0.072959 2.6785 -0.49445
vn 0.496942 -0.867429 -0.0248346
v 0.079928 2.6811 -0.49445
vn 0.305263 -0.951802 -0.0297781
v 0.095665 2.6847 -0.49445
vn 0.228538 -0.973321 -0.0204153
v 0.072959 2.6759 -0.47175
vn 0.511263 -0.851596 -0.115735
v 0.08583 2.6811 -0.47175
vn 0.319628 -0.944832 -0.0716223
v 0.095665 2.6832 -0.47175
vn 0.249951 -0.967867 -0.027526
v 0.072959 2.6732 -0.44904
vn 0.521307 -0.847709 -0.098121
v 0.088965 2.6811 -0.44904
vn 0.33545 -0.941021 -0.0441852
v 0.095665 2.6827 -0.44904
vn 0.274623 -0.961319 -0.0211636
v 0.27446 2.6811 -0.33552
vn -0.299563 -0.565758 -0.768231
v 0.27731 2.6799 -0.33552
vn -0.32543 -0.772929 -0.544679
v 0.24157 2.6811 -0.31281
vn -0.329577 -0.891606 -0.310513
v 0.2546 2.6811 -0.32664
vn -0.271832 -0.813146 -0.514685
v 0.2546 2.6766 -0.31281
vn -0.31201 -0.903458 -0.293961
v 0.27731 2.6643 -0.31281
vn -0.327862 -0.778704 -0.534908
v -0.44926 2.6666 -0.63068
vn -0.0761388 -0.987634 -0.13705
v -0.44926 2.6636 -0.60798
vn -0.0376439 -0.993848 -0.104159
v -0.44926 2.6616 -0.58527
vn -0.0351857 -0.998597 -0.0395845
v -0.40878 2.6584 -0.56257
vn -0.196833 -0.973878 0.11322
v -0.41153 2.6584 -0.58527
vn -0.212992 -0.976781 -0.023095
v -0.40385 2.6549 -0.58527
vn -0.706469 -0.705287 0.0589226
v -0.40385 2.6571 -0.56257
vn -0.7206 -0.665057 0.196046
v -0.3925 2.6357 -0.58527
vn -0.762937 -0.615234 0.198532
v -0.38246 2.6357 -0.56257
vn -0.709166 -0.545909 0.446169
v -0.40385 2.5961 -0.56257
vn -0.304483 0.266944 0.914347
v -0.38872 2.613 -0.56257
vn -0.39096 0.222356 0.893145
v -0.40385 2.6584 -0.55834
vn -0.289262 -0.922435 0.255815
v -0.38114 2.6357 -0.56126
vn -0.460697 -0.563973 0.685341
v -0.38114 2.6584 -0.54102
vn -0.24109 -0.903093 0.355385
v -0.42655 2.6614 -0.58527
vn -0.0552489 -0.996826 -0.0573268
v -0.42655 2.6641 -0.60798
vn -0.0656565 -0.990865 -0.117798
v -0.42655 2.661 -0.56257
vn -0.101236 -0.99155 0.0811137
v 0.20919 2.6764 -0.53986
vn 0.135686 -0.495045 0.858207
v -0.1995 2.6297 -0.40363
vn 0.0840397 -0.964196 0.251521
v -0.22221 2.6292 -0.40363
vn 0.036146 -0.971445 0.234497
v -0.15409 2.6356 -0.403275
vn 0.0678288 -0.967024 0.245486
v -0.22221 2.6342 -0.38093
vn 0.0434456 -0.972384 0.229306
v -0.20045 2.6357 -0.38093
vn 0.0899226 -0.96842 0.232545
v -0.1768 2.6357 -0.39398
vn 0.122452 -0.958445 0.257661
v -0.1768 2.6387 -0.38093
vn 0.107498 -0.968585 0.224248
v -0.24491 2.6357 -0.37777
vn -0.0429015 -0.978073 0.203794
v -0.25068 2.6357 -0.38093
vn -0.0968447 -0.979465 0.176833
v -0.22221 2.6357 -0.3754
vn 0.0279643 -0.977108 0.210899
v -0.24491 2.6391 -0.35822
vn -0.00460103 -0.983166 0.182656
v -0.22221 2.6394 -0.35822
vn 0.0388311 -0.979642 0.196963
v -0.24491 2.6431 -0.33552
vn 0.00868605 -0.986246 0.165059
v -0.22221 2.644 -0.33552
vn 0.0569796 -0.982611 0.176717
v -0.1995 2.6409 -0.35822
vn 0.0949513 -0.972504 0.212651
v -0.1768 2.6441 -0.35822
vn 0.1097 -0.970406 0.215124
v -0.1995 2.6457 -0.33552
vn 0.108148 -0.975709 0.190514
v -0.1768 2.6487 -0.33552
vn 0.08289 -0.981934 0.170104
v -0.13139 2.635 -0.40363
vn -0.00509964 -0.977936 0.208841
v -0.15409 2.6407 -0.38093
vn 0.0227906 -0.97381 0.226219
v -0.13139 2.6401 -0.38093
vn -0.0287643 -0.976184 0.215029
v -0.10868 2.63535 -0.401825
vn 0.00883572 -0.982398 0.186589
v -0.097034 2.6357 -0.40363
vn 0.0605861 -0.985992 0.155399
v -0.085977 2.6357 -0.41007
vn 0.0643753 -0.985196 0.158886
v -0.10868 2.6394 -0.38093
vn 0.00505389 -0.980944 0.194223
v -0.085977 2.64 -0.38093
vn 0.0440939 -0.98403 0.172457
v -0.15409 2.6461 -0.35822
vn 0.0173212 -0.983039 0.182578
v -0.13139 2.6454 -0.35822
vn -0.0374818 -0.981977 0.185247
v -0.15409 2.6495 -0.33552
vn -0.0167662 -0.99295 0.117343
v -0.13139 2.6485 -0.33552
vn -0.0379328 -0.993821 0.104315
v -0.10868 2.6442 -0.35822
vn -0.0179332 -0.982938 0.183059
v -0.085977 2.644 -0.35822
vn 0.0390495 -0.985104 0.167467
v -0.10868 2.6477 -0.33552
vn -0.0244884 -0.99311 0.114601
v -0.085977 2.6477 -0.33552
vn 0.0336749 -0.991062 0.129082
v -0.29032 2.6534 -0.31281
vn -0.209003 -0.961801 0.176793
v -0.29032 2.6569 -0.29011
vn -0.190774 -0.968424 0.160498
v -0.29554 2.6584 -0.29011
vn -0.251503 -0.954966 0.157434
v -0.26762 2.6529 -0.29011
vn -0.128073 -0.965695 0.225898
v -0.26762 2.6479 -0.31281
vn -0.0996717 -0.973499 0.205827
v -0.29032 2.6584 -0.28264
vn -0.15394 -0.972213 0.176366
v -0.26762 2.6584 -0.27232
vn -0.0623378 -0.958257 0.279031
v -0.26762 2.6444 -0.33552
vn -0.0608541 -0.987144 0.147793
v -0.24491 2.6464 -0.31281
vn -0.00722015 -0.983423 0.181181
v -0.22221 2.6476 -0.31281
vn 0.0717079 -0.976861 0.201496
v -0.24491 2.6521 -0.29011
vn 0.00107606 -0.963828 0.266521
v -0.22221 2.653 -0.29011
vn 0.0729764 -0.963241 0.258538
v -0.1995 2.6501 -0.31281
vn 0.098839 -0.975704 0.195532
v -0.1768 2.652 -0.31281
vn 0.0273115 -0.986513 0.161386
v -0.1995 2.655 -0.29011
vn 0.0710498 -0.969794 0.233347
v -0.1768 2.6563 -0.29011
vn 0.00913083 -0.96735 0.253281
v -0.24491 2.6595 -0.2674
vn 0.00408032 -0.954556 0.298004
v -0.22221 2.6584 -0.2736
vn 0.0546049 -0.953194 0.297386
v -0.1995 2.6584 -0.27983
vn 0.0689218 -0.950238 0.303806
v -0.15409 2.6517 -0.31281
vn -0.0444527 -0.989473 0.137718
v -0.13139 2.6501 -0.31281
vn -0.042881 -0.990089 0.133733
v -0.15409 2.6554 -0.29011
vn -0.0389276 -0.978455 0.202759
v -0.13139 2.6541 -0.29011
vn -0.0302232 -0.973536 0.226524
v -0.10868 2.6492 -0.31281
vn -0.0072825 -0.992368 0.123099
v -0.085977 2.65 -0.31281
vn 0.0684814 -0.982026 0.175887
v -0.10868 2.6542 -0.29011
vn 0.0260676 -0.968933 0.245944
v -0.085977 2.6559 -0.29011
vn 0.0894204 -0.95881 0.269607
v -0.15409 2.6584 -0.27985
vn -0.0448501 -0.953768 0.297177
v -0.13139 2.6584 -0.27621
vn -0.00905622 -0.948021 0.31808
v -0.10868 2.6584 -0.27808
vn 0.0540464 -0.939506 0.338242
v -0.085977 2.6584 -0.28363
vn 0.0856962 -0.930531 0.356044
v -0.31303 2.6642 -0.2674
vn -0.124198 -0.979307 0.159792
v -0.31303 2.6625 -0.29011
vn -0.205672 -0.974431 0.0904671
v -0.29032 2.6612 -0.2674
vn -0.0734722 -0.969205 0.235038
v -0.26762 2.66 -0.2674
vn -0.035012 -0.956687 0.289006
v -0.31303 2.6677 -0.2447
vn -0.0348042 -0.987893 0.151183
v -0.29032 2.6668 -0.2447
vn -0.0460596 -0.980424 0.191437
v -0.26762 2.6667 -0.2447
vn -0.01929 -0.973318 0.228648
v -0.33573 2.6696 -0.2447
vn -0.0241545 -0.99708 0.072442
v -0.24491 2.6663 -0.2447
vn 0.00932676 -0.977157 0.212315
v -0.22221 2.6672 -0.2447
vn 0.0614653 -0.97369 0.219431
v -0.1995 2.6622 -0.2674
vn 0.0630523 -0.95542 0.288437
v -0.1768 2.6633 -0.2674
vn 0.00714362 -0.956509 0.291616
v -0.1995 2.6689 -0.2447
vn 0.0537126 -0.975641 0.212697
v -0.1768 2.6698 -0.2447
vn 0.0242216 -0.98193 0.187687
v -0.15409 2.6625 -0.2674
vn -0.0295712 -0.945551 0.324128
v -0.13139 2.6615 -0.2674
vn 0 -0.937462 0.348087
v -0.15409 2.67 -0.2447
vn 0.00429332 -0.974909 0.222561
v -0.13139 2.6701 -0.2447
vn 0.0175603 -0.956832 0.29011
v -0.10868 2.6625 -0.2674
vn 0.0584545 -0.932689 0.355912
v -0.10868 2.6713 -0.2447
vn 0.0777499 -0.929107 0.361546
v -0.085977 2.6736 -0.2447
vn 0.0765059 -0.930576 0.358016
v 0.027549 2.647 -0.42634
vn 0.360019 -0.928376 0.0922211
v 0.050254 2.6569 -0.42634
vn 0.420595 -0.905567 0.0552108
v 0.053122 2.6584 -0.42634
vn 0.584647 -0.80941 0.0551672
v -0.063271 2.6357 -0.41648
vn 0.0231576 -0.983239 0.180845
v -0.040566 2.6357 -0.41697
vn 0.0344283 -0.985014 0.169002
v -0.063271 2.6379 -0.40363
vn 0.040512 -0.986225 0.160372
v -0.040566 2.6379 -0.40363
vn 0.0166227 -0.984637 0.173819
v -0.063271 2.6417 -0.38093
vn 0.0433508 -0.984276 0.171233
v -0.040566 2.6422 -0.38093
vn 0.0259758 -0.982986 0.181833
v -0.017861 2.6387 -0.40363
vn 0.0966683 -0.984171 0.148533
v 0.0048442 2.6424 -0.40363
vn 0.233324 -0.963174 0.133628
v -0.017861 2.6426 -0.38093
vn 0.0890854 -0.978759 0.184645
v 0.0048442 2.6461 -0.38093
vn 0.221487 -0.960971 0.165768
v -0.063271 2.6456 -0.35822
vn 0.0527417 -0.984315 0.168353
v -0.040566 2.6466 -0.35822
vn 0.0368135 -0.983417 0.177581
v -0.063271 2.6493 -0.33552
vn 0.0602106 -0.988317 0.140013
v -0.040566 2.6502 -0.33552
vn 0.041304 -0.987154 0.154342
v -0.017861 2.6475 -0.35822
vn 0.0799916 -0.981678 0.172943
v 0.0048442 2.6501 -0.35822
vn 0.193843 -0.969354 0.150922
v -0.017861 2.6508 -0.33552
vn 0.0793756 -0.983052 0.16525
v 0.0048442 2.6539 -0.33552
vn 0.162462 -0.973199 0.162757
v 0.027549 2.65 -0.40363
vn 0.341217 -0.931831 0.12354
v 0.050254 2.6584 -0.41358
vn 0.498262 -0.858677 0.120035
v 0.047523 2.6584 -0.40363
vn 0.497962 -0.861945 0.0953139
v 0.027549 2.6532 -0.38093
vn 0.292131 -0.947785 0.127919
v 0.042625 2.6584 -0.38093
vn 0.377956 -0.920215 0.101754
v 0.027549 2.6558 -0.35822
vn 0.255371 -0.959258 0.120869
v 0.036022 2.6584 -0.35822
vn 0.346837 -0.929907 0.122378
v 0.027549 2.6584 -0.33966
vn 0.303921 -0.942672 0.137847
v 0.025318 2.6584 -0.33552
vn 0.210652 -0.967554 0.139514
v 0.072959 2.6733 -0.42634
vn 0.535691 -0.842369 0.0587301
v 0.089129 2.6811 -0.42634
vn 0.35305 -0.93339 0.0643316
v 0.095665 2.6828 -0.42634
vn 0.287525 -0.956683 0.0456904
v 0.050254 2.6623 -0.38093
vn 0.526174 -0.848432 0.0574801
v 0.072959 2.6764 -0.40363
vn 0.543896 -0.83681 0.0626601
v 0.081946 2.6811 -0.40363
vn 0.385279 -0.919616 0.0765952
v 0.095665 2.6854 -0.40363
vn 0.284497 -0.956541 0.063963
v 0.072959 2.6761 -0.38093
vn 0.497738 -0.86714 0.0180445
v 0.081758 2.6811 -0.38093
vn 0.40973 -0.912186 0.00614657
v 0.095665 2.6864 -0.38093
vn 0.295909 -0.954908 0.0242468
v 0.050254 2.6645 -0.35822
vn 0.452547 -0.888112 0.0803672
v 0.050254 2.6674 -0.33552
vn 0.377075 -0.92019 0.105192
v 0.072959 2.6761 -0.35822
vn 0.450025 -0.892095 0.0405358
v 0.081872 2.6811 -0.35822
vn 0.400136 -0.916444 0.00459734
v 0.095665 2.6864 -0.35822
vn 0.30175 -0.953357 0.00754133
v 0.072959 2.6773 -0.33552
vn 0.392012 -0.917961 0.0606206
v 0.081102 2.6811 -0.33552
vn 0.375589 -0.9267 0.0126759
v 0.095665 2.6867 -0.33552
vn 0.285995 -0.95821 -0.00632893
v -0.063271 2.6523 -0.31281
vn 0.0797359 -0.975747 0.203861
v -0.040566 2.6541 -0.31281
vn 0.0508416 -0.978308 0.200819
v -0.062419 2.6584 -0.28992
vn 0.0752962 -0.95019 0.302439
v -0.040566 2.6597 -0.29011
vn 0.053085 -0.958875 0.278821
v -0.017861 2.6551 -0.31281
vn 0.0898628 -0.977187 0.192432
v 0.0048442 2.6584 -0.30864
vn 0.113005 -0.974923 0.191714
v -0.017861 2.6584 -0.29894
vn 0.0676434 -0.969436 0.235837
v 0.0097027 2.6584 -0.31281
vn 0.197975 -0.962655 0.184668
v -0.017861 2.6607 -0.29011
vn 0.0530254 -0.951478 0.303114
v 0.0048442 2.6627 -0.29011
vn 0.133055 -0.950207 0.281786
v -0.063271 2.6666 -0.2674
vn 0.0641614 -0.934522 0.350074
v -0.040566 2.6676 -0.2674
vn 0.0324873 -0.945865 0.32293
v -0.063271 2.675 -0.2447
vn 0.0290778 -0.943178 0.331013
v -0.040566 2.6747 -0.2447
vn 0.0112245 -0.955535 0.294664
v -0.017861 2.6683 -0.2674
vn 0.0586021 -0.950368 0.305559
v 0.0048442 2.6706 -0.2674
vn 0.149661 -0.940389 0.305403
v -0.017861 2.6751 -0.2447
vn 0.0769638 -0.953154 0.292531
v 0.0048442 2.6779 -0.2447
vn 0.136501 -0.943073 0.303285
v 0.027549 2.6621 -0.31281
vn 0.280398 -0.946909 0.157292
v 0.050254 2.6696 -0.31281
vn 0.340187 -0.93058 0.135252
v 0.027549 2.6674 -0.29011
vn 0.232427 -0.937486 0.259033
v 0.050254 2.6739 -0.29011
vn 0.266004 -0.94324 0.198849
v 0.072959 2.6788 -0.31281
vn 0.337212 -0.936441 0.0967819
v 0.079648 2.6811 -0.31281
vn 0.298287 -0.954082 0.0274341
v 0.095665 2.6861 -0.31281
vn 0.281822 -0.959278 -0.0190365
v 0.072959 2.6811 -0.28436
vn 0.241266 -0.965635 0.0966406
v 0.075332 2.6811 -0.29011
vn 0.242935 -0.968376 0.0568321
v 0.095665 2.6858 -0.29011
vn 0.224018 -0.974507 0.0123237
v 0.027549 2.6752 -0.2674
vn 0.203615 -0.93632 0.286089
v 0.050254 2.6811 -0.26217
vn 0.169987 -0.954505 0.245
v 0.023591 2.6811 -0.2447
vn 0.170284 -0.951329 0.25686
v 0.050254 2.6851 -0.2447
vn 0.130219 -0.973994 0.185416
v 0.058955 2.6811 -0.2674
vn 0.15538 -0.970568 0.183997
v 0.095665 2.6867 -0.2674
vn 0.14594 -0.984494 0.0973322
v 0.072959 2.6878 -0.2447
vn 0.0988039 -0.983079 0.154251
v 0.095665 2.6889 -0.2447
vn 0.0519373 -0.996712 0.0621888
v 0.27731 2.6815 -0.29011
vn -0.149732 -0.841772 0.518652
v 0.2546 2.6811 -0.29779
vn -0.262454 -0.869996 0.417402
v 0.2546 2.6853 -0.29011
vn -0.125806 -0.901101 0.414958
v 0.28476 2.6584 -0.31281
vn -0.562322 -0.790733 0.241941
v 0.30001 2.6584 -0.33165
vn -0.434314 -0.741391 -0.511576
v 0.30001 2.6454 -0.31281
vn -0.547117 -0.836944 0.0137244
v 0.31151 2.6584 -0.33552
vn -0.403436 -0.690972 -0.599831
v 0.30001 2.6584 -0.30498
vn -0.198467 -0.58466 0.786628
v 0.30001 2.6674 -0.33552
vn -0.439321 -0.719867 -0.53739
v 0.28182 2.6811 -0.29011
vn -0.129924 -0.768452 0.626579
v 0.30001 2.6798 -0.29011
vn -0.0640281 -0.541137 0.838493
v 0.30001 2.6811 -0.28897
vn -0.0166641 -0.829228 0.558662
v 0.30001 2.6811 -0.34348
vn -0.21397 -0.669693 -0.711146
v 0.19782 2.6357 -1.0167
vn 0.56971 -0.494477 0.656447
v 0.20919 2.6357 -1.0242
vn 0.325098 -0.469863 0.820695
v 0.20919 2.6488 -1.0167
vn 0.368811 -0.54144 0.755528
v 0.2319 2.6357 -1.0302
vn 0.192539 -0.522317 0.830731
v 0.2319 2.656 -1.0167
vn 0.182791 -0.587936 0.787984
v 0.19406 2.6584 -0.99397
vn 0.60766 -0.683898 0.403773
v 0.20919 2.6584 -1.0085
vn 0.275372 -0.729631 0.625947
v 0.2319 2.6584 -1.0143
vn 0.153946 -0.782917 0.602778
v 0.20919 2.6695 -0.99397
vn 0.336853 -0.84414 0.417082
v 0.2319 2.6735 -0.99397
vn 0.154495 -0.85394 0.496908
v 0.18798 2.6584 -0.97126
vn 0.645438 -0.74401 0.172799
v 0.20919 2.6768 -0.97126
vn 0.41179 -0.883283 0.224145
v 0.21281 2.6811 -0.94855
vn 0.189299 -0.969854 0.153456
v 0.23156 2.68115 -0.97126
vn 0.156874 -0.970265 0.184328
v 0.2319 2.6859 -0.92585
vn 0.177342 -0.982284 0.0605546
v 0.2319 2.6873 -0.90314
vn 0.170235 -0.982863 0.0707127
v 0.20919 2.6832 -0.90314
vn 0.198911 -0.977182 0.0744905
v 0.20919 2.6852 -0.88044
vn 0.179291 -0.980879 0.0757043
v 0.20401 2.6811 -0.90314
vn 0.374457 -0.923666 0.081384
v 0.2319 2.6888 -0.88044
vn 0.13933 -0.988788 0.0537072
v 0.2319 2.613 -0.70553
vn 0.989351 0.141212 -0.0352814
v 0.23214 2.613 -0.6988
vn 0.987577 0.140959 -0.0694389
v 0.20919 2.6869 -0.85773
vn 0.115909 -0.993257 0.00218767
v 0.20919 2.686 -0.83503
vn 0.0897169 -0.993943 -0.0634733
v 0.2319 2.6882 -0.83503
vn 0.100666 -0.993956 -0.0437835
v 0.20919 2.684 -0.81232
vn 0.0830512 -0.992703 -0.0874283
v 0.2319 2.6859 -0.81232
vn 0.0830512 -0.992703 -0.0874283
v 0.20005 2.6584 -0.74421
vn 0.911524 -0.406687 -0.0610693
v 0.19787 2.6584 -0.76691
vn 0.902724 -0.422151 -0.0829301
v 0.20919 2.6811 -0.75924
vn 0.7185 -0.691333 -0.0762567
v 0.21745 2.6811 -0.74421
vn 0.152469 -0.983907 -0.0931662
v 0.2319 2.6836 -0.76691
vn 0.0908929 -0.994342 -0.0549844
v 0.20919 2.6769 -0.7215
vn 0.438924 -0.89388 -0.0912404
v 0.2319 2.6811 -0.72232
vn 0.135395 -0.988598 -0.0658949
v 0.2319 2.6793 -0.6988
vn 0.181306 -0.98035 -0.0777295
v 0.23397 2.613 -0.67609
vn 0.986832 0.140852 -0.0795199
v 0.2319 2.6357 -0.64575
vn 0.938323 0.195518 -0.285171
v 0.23648 2.6357 -0.63068
vn 0.94718 0.197363 -0.252782
v 0.24198 2.6357 -0.60798
vn 0.973492 0.164034 -0.15939
v 0.24045 2.6584 -0.58527
vn 0.97618 0.182765 -0.116918
v 0.20997 2.6584 -0.63068
vn 0.564687 -0.732765 -0.379715
v 0.20919 2.6584 -0.63184
vn 0.572814 -0.746513 -0.33853
v 0.2319 2.6753 -0.63068
vn 0.454859 -0.879029 -0.142867
v 0.20919 2.6681 -0.65339
vn 0.455688 -0.871901 -0.17927
v 0.2319 2.6747 -0.65339
vn 0.334606 -0.94203 0.0248828
v 0.2441 2.6811 -0.63068
vn 0.429237 -0.902877 0.0238486
v -0.40728 2.5222 -0.99397
vn -0.963725 0.102228 0.246543
v -0.41811 2.5222 -1.0167
vn -0.89645 0.118079 0.427125
v -0.40475 2.5222 -0.97126
vn -0.991363 0.0686629 0.111733
v -0.40556 2.4995 -0.97126
vn -0.984176 0.0823758 0.15688
v -0.40385 2.5266 -0.97126
vn -0.973236 0.199081 0.114794
v -0.42655 2.5903 -1.0243
vn -0.273624 -0.109451 0.955589
v -0.42655 2.5676 -1.0281
vn -0.317266 -0.156575 0.935322
v -0.40385 2.5676 -1.0204
vn -0.285749 -0.10358 0.95269
v -0.40385 2.5903 -1.019
vn -0.258816 -0.0594592 0.964095
v -0.39824 2.5903 -1.0167
vn -0.378727 -0.0569711 0.923753
v -0.40385 2.6007 -1.0167
vn -0.394102 -0.334124 0.85618
v -0.40385 2.613 -1.0119
vn -0.395247 -0.326295 0.858668
v -0.4222 2.613 -1.0167
vn -0.17366 -0.391779 0.903521
v -0.38114 2.613 -0.9978
vn -0.492048 -0.224118 0.841225
v -0.37479 2.5903 -0.99397
vn -0.705719 -0.0807532 0.703874
v -0.40385 2.6357 -1.0034
vn -0.243034 -0.382928 0.891236
v -0.42655 2.6357 -1.0058
vn -0.0907416 -0.505146 0.85825
v -0.42655 2.6524 -0.99397
vn -0.0143006 -0.545081 0.838261
v -0.40385 2.6542 -0.99397
vn -0.21704 -0.521849 0.824965
v -0.40385 2.6584 -0.98961
vn -0.152731 -0.842488 0.516612
v -0.38012 2.6357 -0.99397
vn -0.520608 -0.120533 0.845245
v -0.38114 2.6381 -0.99397
vn -0.345783 -0.470384 0.811894
v -0.38114 2.6584 -0.97999
vn -0.28815 -0.756954 0.586506
v -0.4023 2.5222 -0.94855
vn -0.998672 0.0371621 0.035674
v -0.40385 2.5222 -0.96489
vn -0.99424 0.0443792 0.097555
v -0.4028 2.5222 -0.92585
vn -0.999415 0.0230829 -0.025234
v -0.40504 2.5222 -0.90314
vn -0.994089 0.0518684 -0.0953811
v -0.40385 2.5222 -0.91501
vn -0.997637 -0.00583386 -0.0684506
v -0.40385 2.5013 -0.90314
vn -0.997981 -0.0313626 -0.0552217
v -0.40385 2.53 -0.90314
vn -0.981723 0.172702 -0.0799622
v -0.40385 2.5387 -0.88044
vn -0.974863 0.202761 -0.0923599
v -0.40703 2.5222 -0.88044
vn -0.978989 0.181163 -0.0935985
v -0.40385 2.6666 -0.97126
vn -0.163474 -0.973889 0.157533
v -0.38114 2.6619 -0.97126
vn -0.30467 -0.949146 0.0793587
v -0.37413 2.6584 -0.97126
vn -0.445913 -0.893101 0.0594266
v -0.40385 2.6686 -0.94855
vn -0.225564 -0.971096 0.0780536
v -0.42655 2.6676 -0.94855
vn 0.043848 -0.995186 0.087647
v -0.38114 2.6616 -0.94855
vn -0.342162 -0.939016 0.0342678
v -0.37695 2.6584 -0.94855
vn -0.540806 -0.840717 -0.0269215
v -0.40385 2.6708 -0.92585
vn -0.334553 -0.937984 0.0908863
v -0.38114 2.6627 -0.92585
vn -0.419761 -0.9047 0.0729263
v -0.37697 2.6584 -0.92585
vn -0.685218 -0.72761 0.0325731
v -0.38114 2.6649 -0.90314
vn -0.557362 -0.8287 0.0510351
v -0.37506 2.6584 -0.90314
vn -0.726824 -0.686077 0.0320092
v -0.38114 2.6644 -0.88044
vn -0.738475 -0.667084 -0.0982562
v -0.37572 2.6584 -0.88044
vn -0.736002 -0.673294 -0.0705423
v -0.40385 2.5449 -0.86414
vn -0.968933 0.219014 -0.1149
v -0.40772 2.5449 -0.83503
vn -0.98915 0.138569 -0.048804
v -0.40385 2.5659 -0.78962
vn -0.999464 0.0323633 -0.00498992
v -0.40385 2.5624 -0.81232
vn -0.990624 0.120932 0.0635557
v -0.40787 2.5449 -0.81232
vn -0.964747 0.221614 0.14195
v -0.38919 2.6584 -0.83503
vn -0.514228 -0.840149 -0.172391
v -0.38114 2.6584 -0.85901
vn -0.628036 -0.757028 -0.180221
v -0.38114 2.6575 -0.85773
vn -0.860222 -0.42054 -0.288383
v -0.40527 2.5676 -0.74421
vn -0.985506 -0.0641943 -0.157028
v -0.40385 2.5676 -0.75074
vn -0.981895 -0.0669922 -0.177184
v -0.40139 2.5676 -0.76691
vn -0.985187 -0.0833276 -0.14988
v -0.40385 2.6714 -0.85773
vn -0.497087 -0.851548 -0.166645
v 0.2319 2.613 -1.0335
vn 0.16721 -0.00868636 0.985883
v 0.2319 2.5903 -1.0287
vn 0.254271 0.20008 0.946211
v 0.2546 2.6574 -1.0167
vn 0.0353604 -0.573345 0.818551
v 0.24691 2.5222 -0.94855
vn 0.898347 -0.433601 0.0704405
v 0.24724 2.5449 -0.94855
vn 0.995098 -0.0980371 -0.0130033
v 0.25047 2.5449 -0.92585
vn 0.988556 -0.145872 -0.0384565
v 0.25018 2.5449 -0.90314
vn 0.948664 -0.28914 0.128196
v 0.24813 2.5676 -0.90314
vn 0.999377 0.0344951 0.00748333
v 0.24817 2.5449 -0.88044
vn 0.928689 -0.360306 0.0878439
v 0.24992 2.5676 -0.88044
vn 0.995993 -0.0767831 -0.0458408
v 0.2546 2.675 -0.99397
vn 0.0556657 -0.842468 0.535862
v 0.2319 2.6837 -0.94855
vn 0.150727 -0.981083 0.121477
v 0.2546 2.6838 -0.97126
vn 0.14455 -0.979518 0.140178
v 0.25022 2.5676 -0.85773
vn 0.974801 -0.191373 0.114624
v 0.23847 2.5903 -0.83503
vn 0.972065 0.120544 0.20139
v 0.22948 2.613 -0.76691
vn 0.998124 0.0611192 0.00351748
v 0.22948 2.613 -0.74421
vn 0.996281 0.0680678 -0.0528331
v 0.2319 2.6104 -0.78962
vn 0.971574 0.153712 0.180047
v 0.2319 2.591 -0.7215
vn 0.994884 0.0650704 -0.0772791
v 0.23117 2.613 -0.7215
vn 0.997497 0.0541144 -0.0455161
v 0.19391 2.6584 -0.78962
vn 0.864823 -0.478894 -0.150802
v 0.20648 2.6811 -0.78962
vn 0.883627 -0.453105 -0.117895
v 0.20919 2.673 -0.67609
vn 0.212878 -0.966915 -0.140563
v 0.2319 2.6764 -0.67609
vn 0.147653 -0.986278 -0.0738589
v 0.20919 2.613 -1.0276
vn 0.252686 -0.0269853 0.967172
v 0.2546 2.6584 -1.0157
vn 0.0625921 -0.793103 0.605864
v 0.2319 2.6845 -0.78962
vn 0.192125 -0.980114 -0.0496442
v 0.2319 2.6824 -0.74421
vn 0.205173 -0.977191 -0.0547888
v 0.2546 2.6889 -0.76691
vn 0.367813 -0.929659 -0.0211553
v 0.2546 2.6889 -0.74421
vn 0.368969 -0.929174 -0.0223276
v 0.20274 2.6584 -0.6988
vn 0.930843 -0.363576 -0.0366611
v 0.20154 2.6584 -0.7215
vn 0.93098 -0.361738 -0.0492151
v 0.20919 2.675 -0.6988
vn 0.571861 -0.815538 -0.0887333
v 0.2546 2.6884 -0.7215
vn 0.421579 -0.905448 -0.0493515
v 0.24008 2.6811 -0.6988
vn 0.296471 -0.949624 -0.101586
v 0.20342 2.6584 -0.67609
vn 0.928674 -0.367016 -0.0535095
v 0.24738 2.6811 -0.60798
vn 0.647006 -0.751084 -0.13136
v -0.44926 2.5676 -1.029
vn 0.0306907 -0.0898989 0.995478
v -0.44926 2.5903 -1.0245
vn 0.0507209 -0.212387 0.975868
v -0.47196 2.6357 -1.0029
vn 0.0236639 -0.504738 0.862948
v -0.47196 2.6483 -0.99397
vn 0.0146601 -0.70671 0.707351
v -0.47196 2.6584 -0.9822
vn 0.0172969 -0.827524 0.561164
v -0.47196 2.6637 -0.97126
vn 0.016165 -0.953832 0.299904
v -0.47196 2.6709 -0.92585
vn 0.102872 -0.994153 0.0328297
v -0.47196 2.6715 -0.90314
vn 0.0761161 -0.997099 1.93059e-06
v -0.47196 2.6712 -0.88044
vn 0.0729069 -0.997314 -0.00702681
v -0.44926 2.6723 -0.90314
vn 0.0352232 -0.999292 -0.0132034
v -0.44926 2.6678 -0.67609
vn -0.0264125 -0.999106 0.0330057
v -0.44926 2.6683 -0.65339
vn -0.0648438 -0.997822 -0.0120862
v -0.42655 2.5222 -1.0212
vn -0.463123 0.176069 0.868629
v -0.42666 2.49975 -1.0167
vn -0.603585 0.258626 0.754187
v 0.2319 2.5676 -1.0237
vn 0.345939 0.181518 0.920531
v 0.21663 2.5676 -1.0167
vn 0.408604 0.196331 0.891345
v -0.40547 2.6584 -0.60798
vn -0.278945 -0.959417 -0.0413447
v -0.40385 2.6584 -0.61891
vn -0.445865 -0.893213 -0.0580978
v -0.40385 2.6575 -0.60798
vn -0.823424 -0.565513 -0.0465671
v -0.38988 2.6357 -0.60798
vn -0.841127 -0.539014 -0.0443851
v -0.42655 2.6657 -0.63068
vn -0.0999383 -0.990895 -0.0902177
v 0.20406 2.6811 -0.81232
vn 0.491454 -0.869326 -0.0523927
v 0.20919 2.6828 -0.78962
vn 0.124285 -0.991058 -0.0485525
v -0.47196 2.6629 -0.35822
vn 0.0627639 -0.997611 -0.0288754
v -0.44926 2.6646 -0.35822
vn 0.0986109 -0.995109 -0.00584405
v -0.47196 2.6619 -0.33552
vn 0.0768288 -0.996803 -0.0219496
v -0.44926 2.6646 -0.33552
vn 0.129769 -0.991537 0.00374744
v -0.47196 2.6619 -0.31281
vn 0.0939333 -0.995337 0.0219182
v -0.44926 2.6652 -0.31281
vn 0.143019 -0.989 0.03775
v -0.47196 2.6633 -0.29011
vn 0.126428 -0.989745 0.0664831
v -0.44926 2.6664 -0.29011
vn 0.117934 -0.99175 0.0502279
v -0.47196 2.6654 -0.2674
vn 0.10363 -0.993999 0.0350194
v -0.44926 2.6674 -0.2674
vn 0.0782984 -0.996926 -0.00293081
v -0.44926 2.6667 -0.2447
vn 0.0614366 -0.996478 -0.0570633
v -0.40331 2.4995 -0.90314
vn -0.51873 -0.854433 0.0293731
v -0.40385 2.502 -0.85773
vn -0.615255 -0.755515 0.225077
v -0.40833 2.5449 -0.7215
vn -0.682797 -0.72832 -0.0577803
v -0.40385 2.5407 -0.7215
vn -0.407552 -0.908049 -0.0966804
v -0.41577 2.5676 -0.65339
vn -0.815717 -0.577954 0.0239762
v -0.41494 2.5676 -0.63068
vn -0.791508 -0.609403 0.046295
v -0.41393 2.5676 -0.60798
vn -0.757882 -0.650981 0.0428728
v -0.41298 2.5676 -0.58527
vn -0.828764 -0.419261 0.370635
v -0.41919 2.5903 -0.58527
vn -0.85318 -0.213295 0.476014
v -0.35844 2.6515 -0.53986
vn -0.256155 -0.4779 0.840236
v -0.31303 2.6357 -0.52346
vn -0.546736 -0.28867 0.785971
v 0.23305 2.6584 -0.60798
vn 0.815222 -0.514635 -0.265638
v -0.26762 2.6357 -0.39956
vn -0.281216 -0.949626 0.138302
v -0.3093 2.6584 -0.38093
vn -0.502424 -0.863501 0.043991
v -0.29032 2.6472 -0.38093
vn -0.403175 -0.909864 0.0979633
v -0.30989 2.6584 -0.35822
vn -0.442293 -0.896867 0.0023519
v -0.29032 2.6489 -0.35822
vn -0.375685 -0.924809 0.0599116
v -0.26762 2.6416 -0.35822
vn -0.205135 -0.969729 0.132461
v -0.30885 2.6584 -0.33552
vn -0.387717 -0.92029 0.052359
v -0.29032 2.6507 -0.33552
vn -0.305616 -0.946853 0.100346
v -0.40385 2.67 -0.38093
vn 0.0740065 -0.996704 0.0332396
v -0.38114 2.671 -0.38093
vn 0.00752887 -0.996745 0.0802705
v -0.35844 2.6705 -0.38093
vn -0.0910038 -0.993387 0.0699972
v -0.42655 2.6678 -0.35822
vn 0.143084 -0.989454 0.022513
v -0.40385 2.6713 -0.35822
vn 0.106472 -0.993506 0.0401137
v -0.42655 2.6682 -0.33552
vn 0.15021 -0.988537 0.0152423
v -0.40385 2.6716 -0.33552
vn 0.106351 -0.994319 0.00438035
v -0.38114 2.6729 -0.35822
vn 0.0168681 -0.998983 0.0418025
v -0.35844 2.6721 -0.35822
vn -0.085036 -0.995211 0.0482125
v -0.38114 2.6736 -0.33552
vn 0.0154132 -0.999879 0.00220488
v -0.35844 2.6723 -0.33552
vn -0.113764 -0.993429 -0.0125021
v -0.33573 2.6677 -0.38093
vn -0.226001 -0.973363 0.0385858
v -0.31303 2.6606 -0.38093
vn -0.346442 -0.937995 0.0119974
v -0.33573 2.6683 -0.35822
vn -0.225251 -0.974233 0.0114427
v -0.31303 2.6601 -0.35822
vn -0.333988 -0.942555 -0.00649643
v -0.33573 2.6676 -0.33552
vn -0.260554 -0.965276 -0.018831
v -0.31303 2.6601 -0.33552
vn -0.333 -0.942695 0.0209029
v -0.30444 2.6584 -0.31281
vn -0.315494 -0.94461 0.0904204
v -0.42655 2.6684 -0.31281
vn 0.127924 -0.991727 0.010612
v -0.40385 2.6715 -0.31281
vn 0.0920775 -0.995565 -0.0192957
v -0.42655 2.6688 -0.29011
vn 0.0929476 -0.995484 0.0192886
v -0.40385 2.6709 -0.29011
vn 0.0855695 -0.996315 -0.00585315
v -0.38114 2.673 -0.31281
vn 0.00367116 -0.999605 -0.0278808
v -0.35844 2.6714 -0.31281
vn -0.138911 -0.990022 -0.023671
v -0.38114 2.6722 -0.29011
vn 0.00629098 -0.999709 -0.0232752
v -0.35844 2.671 -0.29011
vn -0.0986085 -0.995105 -0.00657145
v -0.42655 2.669 -0.2674
vn 0.0812003 -0.996472 -0.0212152
v -0.40385 2.6708 -0.2674
vn 0.058901 -0.998059 -0.0202199
v -0.42655 2.6678 -0.2447
vn 0.0773568 -0.994111 -0.0758898
v -0.40385 2.67 -0.2447
vn 0.0701687 -0.995758 -0.0595192
v -0.38114 2.6717 -0.2674
vn -0.00220471 -0.999704 -0.024217
v -0.35844 2.6707 -0.2674
vn -0.0622744 -0.998058 -0.00146236
v -0.38114 2.6711 -0.2447
vn 1.93812e-06 -0.99925 -0.0387321
v -0.35844 2.6705 -0.2447
vn -0.0246437 -0.999274 -0.0290441
v -0.33573 2.6667 -0.31281
vn -0.217533 -0.976039 0.00515924
v -0.31303 2.6611 -0.31281
vn -0.276982 -0.960426 0.0293895
v -0.33573 2.6672 -0.29011
vn -0.185294 -0.982194 0.0310014
v -0.33573 2.6682 -0.2674
vn -0.135765 -0.989038 0.0580736
v -0.47196 2.666 -0.2447
vn 0.0308009 -0.999129 -0.0281597
v -0.31303 2.651 -0.51716
vn -0.844534 -0.466166 0.263536
v 0.2319 2.6584 -0.60983
vn 0.77026 -0.492227 -0.405478
v 0.20919 2.6811 -0.94177
vn 0.141326 -0.985347 0.0954913
v 0.20041 2.6811 -0.83503
vn 0.773578 -0.621384 -0.124331
v 0.19067 2.6584 -0.81232
vn 0.854055 -0.503783 -0.129585
v -0.44926 2.6678 -0.7215
vn -0.0315379 -0.999173 -0.0256758
v -0.44926 2.6674 -0.6988
vn -0.0220146 -0.999758 0
v -0.40385 2.6726 -0.90314
vn -0.320984 -0.946697 0.0271041
v -0.44926 2.6684 -0.74421
vn -0.0307979 -0.999177 -0.0264027
v -0.42655 2.6677 -0.74421
vn -0.0395758 -0.998597 -0.0351831
v -0.42655 2.6667 -0.7215
vn -0.0483631 -0.998421 -0.028585
v -0.42655 2.6664 -0.6988
vn -0.0450864 -0.998982 0.00110145
v -0.42655 2.6668 -0.67609
vn -0.0439867 -0.99901 0.0065984
v -0.42655 2.6667 -0.65339
vn -0.0560364 -0.998109 -0.0252772
v -0.44951 2.61305 -1.0167
vn 0.0257782 -0.419582 0.907352
v -0.44926 2.6357 -1.0043
vn 0.0426208 -0.500981 0.864408
v -0.42655 2.5449 -1.026
vn -0.237032 0.128901 0.962912
v -0.40385 2.5507 -1.0167
vn -0.396179 0.0845794 0.91427
v -0.42655 2.614 -1.0167
vn 0.0110763 -0.388162 0.921524
v -0.44926 2.6494 -0.99397
vn 0.0807243 -0.673548 0.734722
v -0.42655 2.6584 -0.98611
vn 0.0828065 -0.87444 0.478015
v -0.44926 2.6584 -0.98237
vn 0.0705999 -0.881433 0.467003
v -0.44926 2.6633 -0.97126
vn 0.0464754 -0.959451 0.278018
v -0.42655 2.6644 -0.97126
vn 0.0502824 -0.966867 0.25028
v -0.44926 2.6682 -0.94855
vn -0.0141654 -0.989963 0.140612
v -0.44926 2.6709 -0.92585
vn -0.0408941 -0.994917 0.0920169
v -0.42655 2.6697 -0.92585
vn -0.0208079 -0.994693 0.100766
v -0.42655 2.6719 -0.90314
vn 0.00376632 -0.998429 0.0559054
v -0.44926 2.6724 -0.88044
vn -0.00293845 -0.999991 0.00293339
v -0.42655 2.6725 -0.88044
vn 0.0113209 -0.999849 -0.0132099
v -0.40385 2.6732 -0.88044
vn -0.175539 -0.984129 -0.0260056
v 0.2319 2.534 -1.0167
vn 0.372059 0.166281 0.913194
v -0.41144 2.5676 -0.7215
vn -0.976703 -0.190896 -0.098029
v -0.44926 2.6719 -0.85773
vn -0.00440217 -0.999318 -0.0366722
v -0.42655 2.6717 -0.85773
vn -0.0140718 -0.998507 -0.0527735
v -0.44926 2.6707 -0.83503
vn -0.0205153 -0.998154 -0.0571554
v -0.42655 2.6701 -0.83503
vn -0.0208818 -0.998147 -0.0571502
v -0.44926 2.6696 -0.81232
vn -0.0205311 -0.998946 -0.0410604
v -0.42655 2.6692 -0.81232
vn -0.0286102 -0.999454 -0.0165075
v -0.44926 2.6688 -0.78962
vn 0.0088051 -0.999831 -0.016145
v -0.42655 2.6693 -0.78962
vn -0.00880183 -0.999939 -0.00660576
v -0.40385 2.6669 -0.81232
vn -0.100805 -0.994896 0.00438875
v -0.44926 2.6684 -0.76691
vn 0.0220064 -0.999603 -0.0176093
v -0.42655 2.6689 -0.76691
vn 0.0220064 -0.999603 -0.0176093
v -0.4027 2.6584 -0.63068
vn -0.803562 -0.594914 -0.0191098
v -0.40303 2.6584 -0.65339
vn -0.796399 -0.604663 0.0114502
v -0.3866 2.6357 -0.63068
vn -0.817968 -0.572266 -0.058651
v -0.40385 2.6589 -0.65339
vn -0.314043 -0.949309 -0.0137226
v -0.40385 2.659 -0.63068
vn -0.298509 -0.954314 -0.013344
v -0.47196 2.6687 -0.94855
vn 0.0370675 -0.990125 0.135195
f 3//3 1//1 2//2
f 2//2 4//4 3//3
f 5//5 3//3 6//6
f 6//6 3//3 4//4
f 7//7 5//5 8//8
f 8//8 5//5 6//6
f 9//9 7//7 8//8
f 8//8 10//10 9//9
f 11//11 9//9 10//10
f 28//28 27//27 29//29
f 30//30 28//28 31//31
f 31//31 28//28 29//29
f 32//32 30//30 33//33
f 33//33 30//30 31//31
f 34//34 32//32 33//33
f 33//33 35//35 34//34
f 36//36 34//34 35//35
f 35//35 37//37 36//36
f 38//38 36//36 37//37
f 37//37 39//39 38//38
f 40//40 38//38 39//39
f 39//39 41//41 40//40
f 42//42 40//40 41//41
f 41//41 43//43 42//42
f 44//44 42//42 45//45
f 45//45 42//42 43//43
f 47//47 4//4 2//2
f 47//47 2//2 48//48
f 48//48 2//2 46//46
f 48//48 50//50 47//47
f 46//46 49//49 48//48
f 48//48 49//49 50//50
f 50//50 49//49 51//51
f 54//54 51//51 49//49
f 54//54 49//49 52//52
f 54//54 52//52 53//53
f 53//53 55//55 54//54
f 56//56 51//51 54//54
f 54//54 57//57 56//56
f 57//57 54//54 58//58
f 58//58 54//54 55//55
f 55//55 53//53 60//60
f 60//60 62//62 55//55
f 62//62 60//60 63//63
f 63//63 60//60 61//61
f 58//58 55//55 64//64
f 64//64 55//55 62//62
f 64//64 62//62 63//63
f 63//63 65//65 64//64
f 63//63 61//61 68//68
f 68//68 61//61 66//66
f 68//68 66//66 69//69
f 69//69 66//66 67//67
f 65//65 63//63 68//68
f 68//68 70//70 65//65
f 70//70 68//68 69//69
f 69//69 71//71 70//70
f 57//57 72//72 56//56
f 73//73 72//72 58//58
f 73//73 58//58 74//74
f 58//58 72//72 57//57
f 74//74 75//75 73//73
f 74//74 58//58 64//64
f 64//64 76//76 74//74
f 76//76 64//64 77//77
f 77//77 64//64 65//65
f 76//76 78//78 75//75
f 75//75 74//74 76//76
f 78//78 76//76 77//77
f 78//78 77//77 79//79
f 77//77 65//65 70//70
f 70//70 80//80 77//77
f 80//80 70//70 71//71
f 71//71 81//81 80//80
f 79//79 77//77 80//80
f 80//80 82//82 79//79
f 82//82 80//80 83//83
f 83//83 80//80 84//84
f 84//84 80//80 81//81
f 87//87 88//88 89//89
f 85//85 90//90 59//59
f 59//59 90//90 67//67
f 86//86 91//91 90//90
f 90//90 85//85 86//86
f 69//69 67//67 92//92
f 92//92 67//67 90//90
f 92//92 90//90 91//91
f 91//91 93//93 92//92
f 71//71 69//69 92//92
f 92//92 94//94 71//71
f 94//94 92//92 95//95
f 95//95 92//92 96//96
f 96//96 92//92 93//93
f 91//91 86//86 87//87
f 93//93 91//91 87//87
f 87//87 97//97 93//93
f 97//97 87//87 98//98
f 98//98 87//87 89//89
f 98//98 89//89 99//99
f 97//97 98//98 93//93
f 93//93 98//98 96//96
f 89//89 88//88 100//100
f 100//100 102//102 89//89
f 102//102 100//100 101//101
f 101//101 103//103 102//102
f 103//103 101//101 104//104
f 104//104 106//106 103//103
f 106//106 104//104 105//105
f 105//105 107//107 106//106
f 102//102 108//108 99//99
f 99//99 89//89 102//102
f 103//103 109//109 102//102
f 102//102 109//109 108//108
f 106//106 110//110 109//109
f 109//109 103//103 106//106
f 107//107 111//111 110//110
f 110//110 106//106 107//107
f 81//81 71//71 112//112
f 112//112 71//71 113//113
f 113//113 71//71 94//94
f 95//95 113//113 94//94
f 112//112 84//84 81//81
f 107//107 105//105 116//116
f 116//116 105//105 114//114
f 116//116 114//114 117//117
f 117//117 114//114 115//115
f 117//117 115//115 119//119
f 119//119 115//115 120//120
f 120//120 115//115 118//118
f 116//116 121//121 107//107
f 107//107 121//121 111//111
f 117//117 122//122 116//116
f 116//116 122//122 121//121
f 119//119 123//123 117//117
f 117//117 123//123 122//122
f 120//120 124//124 123//123
f 123//123 119//119 120//120
f 120//120 118//118 125//125
f 125//125 127//127 120//120
f 127//127 125//125 126//126
f 127//127 129//129 124//124
f 124//124 120//120 127//127
f 130//130 129//129 127//127
f 130//130 127//127 126//126
f 128//128 131//131 126//126
f 128//128 132//132 131//131
f 130//130 126//126 133//133
f 133//133 126//126 131//131
f 133//133 131//131 132//132
f 132//132 134//134 133//133
f 133//133 135//135 130//130
f 134//134 136//136 135//135
f 135//135 133//133 134//134
f 141//141 139//139 140//140
f 140//140 142//142 141//141
f 137//137 143//143 128//128
f 128//128 143//143 132//132
f 138//138 144//144 143//143
f 143//143 137//137 138//138
f 134//134 132//132 145//145
f 145//145 132//132 143//143
f 145//145 143//143 146//146
f 146//146 143//143 144//144
f 145//145 147//147 136//136
f 136//136 134//134 145//145
f 146//146 148//148 145//145
f 145//145 148//148 147//147
f 139//139 144//144 138//138
f 146//146 144//144 139//139
f 146//146 139//139 149//149
f 149//149 139//139 150//150
f 150//150 139//139 141//141
f 142//142 151//151 150//150
f 150//150 141//141 142//142
f 149//149 148//148 146//146
f 142//142 140//140 152//152
f 152//152 154//154 142//142
f 154//154 152//152 153//153
f 154//154 153//153 155//155
f 155//155 153//153 158//158
f 158//158 153//153 156//156
f 158//158 156//156 159//159
f 159//159 156//156 157//157
f 151//151 142//142 154//154
f 159//159 157//157 160//160
f 47//47 6//6 4//4
f 161//161 50//50 162//162
f 162//162 50//50 51//51
f 163//163 162//162 56//56
f 56//56 162//162 51//51
f 164//164 165//165 166//166
f 166//166 165//165 72//72
f 72//72 165//165 56//56
f 56//56 165//165 163//163
f 166//166 72//72 73//73
f 167//167 164//164 168//168
f 168//168 164//164 166//166
f 168//168 166//166 73//73
f 168//168 73//73 75//75
f 168//168 75//75 169//169
f 170//170 167//167 168//168
f 170//170 168//168 171//171
f 171//171 168//168 169//169
f 173//173 170//170 174//174
f 174//174 170//170 171//171
f 169//169 75//75 78//78
f 83//83 84//84 175//175
f 171//171 169//169 78//78
f 78//78 176//176 171//171
f 176//176 78//78 79//79
f 176//176 79//79 177//177
f 174//174 171//171 178//178
f 178//178 171//171 176//176
f 178//178 176//176 179//179
f 179//179 176//176 177//177
f 177//177 79//79 180//180
f 180//180 79//79 82//82
f 180//180 82//82 83//83
f 180//180 83//83 181//181
f 181//181 83//83 175//175
f 179//179 177//177 180//180
f 180//180 182//182 179//179
f 182//182 180//180 181//181
f 181//181 183//183 182//182
f 95//95 96//96 184//184
f 98//98 99//99 185//185
f 184//184 96//96 186//186
f 186//186 96//96 98//98
f 186//186 98//98 187//187
f 187//187 98//98 185//185
f 185//185 99//99 188//188
f 188//188 99//99 108//108
f 188//188 108//108 189//189
f 189//189 108//108 109//109
f 187//187 185//185 188//188
f 188//188 190//190 187//187
f 190//190 188//188 189//189
f 189//189 191//191 190//190
f 189//189 109//109 192//192
f 192//192 109//109 110//110
f 192//192 110//110 111//111
f 111//111 193//193 192//192
f 191//191 189//189 192//192
f 192//192 194//194 191//191
f 194//194 192//192 193//193
f 193//193 195//195 194//194
f 112//112 113//113 196//196
f 196//196 113//113 95//95
f 196//196 95//95 184//184
f 175//175 84//84 197//197
f 197//197 84//84 112//112
f 197//197 112//112 196//196
f 196//196 198//198 197//197
f 196//196 184//184 186//186
f 186//186 199//199 196//196
f 199//199 186//186 187//187
f 187//187 200//200 199//199
f 198//198 196//196 199//199
f 199//199 201//201 198//198
f 201//201 199//199 202//202
f 202//202 199//199 200//200
f 181//181 175//175 197//197
f 197//197 203//203 181//181
f 203//203 197//197 198//198
f 198//198 204//204 203//203
f 183//183 181//181 203//203
f 203//203 205//205 183//183
f 205//205 203//203 204//204
f 204//204 206//206 205//205
f 204//204 198//198 201//201
f 201//201 207//207 204//204
f 207//207 201//201 202//202
f 207//207 202//202 208//208
f 206//206 204//204 209//209
f 209//209 204//204 207//207
f 209//209 207//207 210//210
f 210//210 207//207 208//208
f 210//210 208//208 211//211
f 200//200 187//187 190//190
f 190//190 212//212 200//200
f 212//212 190//190 213//213
f 213//213 190//190 191//191
f 213//213 191//191 214//214
f 200//200 212//212 202//202
f 215//215 202//202 212//212
f 215//215 212//212 213//213
f 215//215 213//213 216//216
f 194//194 217//217 191//191
f 191//191 217//217 214//214
f 195//195 218//218 194//194
f 194//194 218//218 217//217
f 213//213 214//214 219//219
f 219//219 214//214 217//217
f 219//219 217//217 220//220
f 220//220 217//217 218//218
f 216//216 213//213 219//219
f 219//219 221//221 216//216
f 221//221 219//219 220//220
f 220//220 222//222 221//221
f 208//208 202//202 215//215
f 215//215 223//223 208//208
f 223//223 215//215 216//216
f 216//216 224//224 223//223
f 211//211 208//208 223//223
f 223//223 225//225 211//211
f 225//225 223//223 224//224
f 224//224 226//226 225//225
f 224//224 216//216 221//221
f 221//221 227//227 224//224
f 227//227 221//221 222//222
f 226//226 224//224 227//227
f 227//227 228//228 226//226
f 227//227 229//229 228//228
f 193//193 111//111 121//121
f 121//121 230//230 193//193
f 230//230 121//121 122//122
f 122//122 231//231 230//230
f 195//195 193//193 230//230
f 230//230 232//232 195//195
f 232//232 230//230 231//231
f 231//231 233//233 232//232
f 231//231 122//122 123//123
f 123//123 234//234 231//231
f 234//234 123//123 124//124
f 124//124 235//235 234//234
f 233//233 231//231 236//236
f 236//236 231//231 234//234
f 236//236 234//234 237//237
f 237//237 234//234 235//235
f 235//235 124//124 129//129
f 129//129 238//238 235//235
f 238//238 129//129 130//130
f 237//237 235//235 239//239
f 239//239 235//235 238//238
f 239//239 238//238 240//240
f 240//240 238//238 130//130
f 240//240 130//130 135//135
f 135//135 241//241 240//240
f 241//241 135//135 136//136
f 136//136 242//242 241//241
f 232//232 243//243 195//195
f 195//195 243//243 218//218
f 233//233 244//244 232//232
f 232//232 244//244 243//243
f 220//220 218//218 245//245
f 245//245 218//218 243//243
f 245//245 243//243 246//246
f 246//246 243//243 244//244
f 222//222 220//220 245//245
f 245//245 247//247 222//222
f 247//247 245//245 248//248
f 248//248 245//245 246//246
f 236//236 249//249 244//244
f 244//244 233//233 236//236
f 250//250 249//249 237//237
f 237//237 249//249 236//236
f 246//246 244//244 249//249
f 249//249 251//251 246//246
f 251//251 249//249 250//250
f 248//248 246//246 252//252
f 252//252 246//246 251//251
f 252//252 251//251 250//250
f 252//252 250//250 253//253
f 227//227 222//222 247//247
f 247//247 254//254 227//227
f 254//254 247//247 255//255
f 255//255 247//247 248//248
f 229//229 227//227 254//254
f 229//229 254//254 256//256
f 255//255 257//257 254//254
f 254//254 257//257 256//256
f 255//255 248//248 258//258
f 258//258 248//248 252//252
f 258//258 252//252 259//259
f 259//259 252//252 253//253
f 260//260 257//257 255//255
f 260//260 255//255 258//258
f 260//260 258//258 261//261
f 261//261 258//258 262//262
f 262//262 258//258 259//259
f 250//250 237//237 263//263
f 263//263 237//237 239//239
f 263//263 239//239 264//264
f 264//264 239//239 240//240
f 263//263 265//265 250//250
f 266//266 265//265 264//264
f 264//264 265//265 263//263
f 253//253 250//250 265//265
f 265//265 267//267 253//253
f 267//267 265//265 266//266
f 264//264 240//240 268//268
f 268//268 240//240 241//241
f 268//268 241//241 269//269
f 269//269 241//241 242//242
f 266//266 264//264 270//270
f 270//270 264//264 268//268
f 270//270 268//268 271//271
f 271//271 268//268 269//269
f 259//259 253//253 272//272
f 272//272 253//253 267//267
f 272//272 267//267 266//266
f 272//272 266//266 273//273
f 262//262 259//259 274//274
f 274//274 259//259 272//272
f 274//274 272//272 275//275
f 275//275 272//272 273//273
f 276//276 266//266 270//270
f 276//276 270//270 277//277
f 277//277 270//270 271//271
f 273//273 266//266 276//276
f 277//277 278//278 276//276
f 275//275 273//273 279//279
f 279//279 273//273 276//276
f 279//279 276//276 278//278
f 242//242 136//136 147//147
f 147//147 280//280 242//242
f 280//280 147//147 148//148
f 148//148 281//281 280//280
f 149//149 150//150 282//282
f 282//282 150//150 151//151
f 281//281 148//148 283//283
f 283//283 148//148 149//149
f 283//283 149//149 282//282
f 282//282 284//284 283//283
f 154//154 155//155 285//285
f 285//285 155//155 158//158
f 285//285 158//158 286//286
f 286//286 158//158 287//287
f 287//287 158//158 288//288
f 288//288 158//158 159//159
f 286//286 287//287 289//289
f 289//289 290//290 286//286
f 289//289 287//287 288//288
f 288//288 291//291 289//289
f 292//292 289//289 291//291
f 291//291 293//293 292//292
f 294//294 295//295 296//296
f 296//296 295//295 292//292
f 296//296 292//292 293//293
f 282//282 151//151 297//297
f 297//297 151//151 154//154
f 297//297 154//154 285//285
f 297//297 285//285 298//298
f 297//297 298//298 299//299
f 299//299 298//298 300//300
f 284//284 282//282 297//297
f 297//297 301//301 284//284
f 301//301 297//297 299//299
f 299//299 302//302 301//301
f 302//302 299//299 303//303
f 303//303 299//299 300//300
f 286//286 298//298 285//285
f 300//300 298//298 304//304
f 304//304 298//298 290//290
f 290//290 298//298 286//286
f 303//303 300//300 304//304
f 304//304 305//305 303//303
f 294//294 296//296 306//306
f 306//306 307//307 294//294
f 307//307 306//306 308//308
f 308//308 309//309 307//307
f 307//307 310//310 295//295
f 295//295 294//294 307//307
f 309//309 311//311 310//310
f 310//310 307//307 309//309
f 312//312 313//313 309//309
f 314//314 313//313 315//315
f 314//314 315//315 316//316
f 269//269 242//242 317//317
f 317//317 242//242 280//280
f 317//317 280//280 318//318
f 318//318 280//280 281//281
f 271//271 269//269 319//319
f 319//319 269//269 317//317
f 319//319 317//317 320//320
f 320//320 317//317 318//318
f 318//318 281//281 283//283
f 283//283 321//321 318//318
f 321//321 283//283 284//284
f 284//284 322//322 321//321
f 320//320 318//318 321//321
f 321//321 323//323 320//320
f 323//323 321//321 324//324
f 324//324 321//321 325//325
f 325//325 321//321 322//322
f 324//324 325//325 326//326
f 277//277 271//271 327//327
f 327//327 271//271 319//319
f 327//327 319//319 328//328
f 328//328 319//319 320//320
f 327//327 329//329 278//278
f 278//278 277//277 327//327
f 328//328 330//330 327//327
f 327//327 330//330 329//329
f 329//329 331//331 278//278
f 331//331 329//329 332//332
f 332//332 329//329 330//330
f 328//328 320//320 333//333
f 333//333 320//320 334//334
f 334//334 320//320 323//323
f 324//324 334//334 323//323
f 333//333 334//334 335//335
f 335//335 334//334 324//324
f 335//335 324//324 326//326
f 333//333 330//330 328//328
f 332//332 330//330 336//336
f 336//336 330//330 333//333
f 336//336 333//333 335//335
f 335//335 337//337 336//336
f 322//322 284//284 301//301
f 301//301 338//338 322//322
f 338//338 301//301 339//339
f 339//339 301//301 302//302
f 339//339 302//302 340//340
f 340//340 302//302 303//303
f 322//322 338//338 325//325
f 326//326 325//325 341//341
f 341//341 325//325 338//338
f 341//341 338//338 339//339
f 341//341 339//339 342//342
f 342//342 339//339 340//340
f 340//340 303//303 305//305
f 335//335 326//326 341//341
f 341//341 343//343 335//335
f 343//343 341//341 342//342
f 342//342 344//344 343//343
f 337//337 335//335 343//343
f 343//343 345//345 337//337
f 345//345 343//343 346//346
f 346//346 343//343 347//347
f 347//347 343//343 344//344
f 344//344 342//342 348//348
f 348//348 342//342 349//349
f 348//348 347//347 344//344
f 346//346 347//347 350//350
f 351//351 314//314 316//316
f 355//355 356//356 357//357
f 358//358 172//172 173//173
f 358//358 173//173 359//359
f 359//359 173//173 174//174
f 174//174 360//360 359//359
f 359//359 361//361 358//358
f 362//362 361//361 359//359
f 362//362 359//359 360//360
f 362//362 360//360 363//363
f 357//357 358//358 361//361
f 357//357 361//361 364//364
f 364//364 361//361 362//362
f 357//357 365//365 355//355
f 366//366 365//365 357//357
f 366//366 357//357 364//364
f 366//366 364//364 367//367
f 367//367 364//364 362//362
f 367//367 362//362 368//368
f 368//368 362//362 363//363
f 367//367 369//369 366//366
f 368//368 370//370 369//369
f 369//369 367//367 368//368
f 371//371 365//365 366//366
f 372//372 371//371 373//373
f 373//373 371//371 366//366
f 373//373 366//366 369//369
f 373//373 369//369 370//370
f 370//370 374//374 373//373
f 360//360 174//174 375//375
f 375//375 174//174 178//178
f 375//375 178//178 179//179
f 179//179 376//376 375//375
f 363//363 360//360 377//377
f 377//377 360//360 375//375
f 377//377 375//375 378//378
f 378//378 375//375 376//376
f 376//376 179//179 182//182
f 182//182 379//379 376//376
f 379//379 182//182 183//183
f 183//183 380//380 379//379
f 379//379 381//381 376//376
f 376//376 381//381 378//378
f 380//380 382//382 379//379
f 379//379 382//382 381//381
f 383//383 381//381 382//382
f 368//368 363//363 384//384
f 384//384 363//363 377//377
f 384//384 377//377 385//385
f 385//385 377//377 378//378
f 384//384 386//386 370//370
f 370//370 368//368 384//384
f 385//385 387//387 386//386
f 386//386 384//384 385//385
f 385//385 378//378 381//381
f 381//381 388//388 385//385
f 388//388 381//381 389//389
f 389//389 381//381 383//383
f 388//388 390//390 385//385
f 385//385 390//390 387//387
f 389//389 391//391 388//388
f 388//388 391//391 390//390
f 374//374 370//370 386//386
f 386//386 392//392 374//374
f 392//392 386//386 387//387
f 387//387 393//393 392//392
f 393//393 387//387 394//394
f 394//394 387//387 390//390
f 394//394 390//390 395//395
f 395//395 390//390 391//391
f 372//372 396//396 397//397
f 398//398 396//396 399//399
f 399//399 396//396 373//373
f 373//373 396//396 372//372
f 399//399 373//373 400//400
f 400//400 373//373 374//374
f 401//401 398//398 402//402
f 402//402 398//398 399//399
f 402//402 399//399 403//403
f 403//403 399//399 400//400
f 404//404 398//398 401//401
f 402//402 405//405 401//401
f 406//406 402//402 403//403
f 403//403 407//407 406//406
f 406//406 408//408 409//409
f 408//408 406//406 407//407
f 407//407 410//410 408//408
f 400//400 374//374 411//411
f 411//411 374//374 392//392
f 411//411 392//392 412//412
f 412//412 392//392 393//393
f 403//403 400//400 413//413
f 413//413 400//400 411//411
f 413//413 411//411 412//412
f 412//412 414//414 413//413
f 412//412 393//393 394//394
f 394//394 415//415 412//412
f 415//415 394//394 395//395
f 395//395 416//416 415//415
f 414//414 412//412 415//415
f 415//415 417//417 414//414
f 417//417 415//415 416//416
f 416//416 418//418 417//417
f 407//407 403//403 413//413
f 413//413 419//419 407//407
f 419//419 413//413 414//414
f 414//414 420//420 419//419
f 410//410 407//407 419//419
f 419//419 421//421 410//410
f 421//421 419//419 420//420
f 420//420 422//422 421//421
f 420//420 414//414 423//423
f 423//423 414//414 417//417
f 423//423 417//417 424//424
f 424//424 417//417 418//418
f 422//422 420//420 425//425
f 425//425 420//420 423//423
f 425//425 423//423 426//426
f 426//426 423//423 424//424
f 380//380 183//183 205//205
f 205//205 427//427 380//380
f 427//427 205//205 428//428
f 428//428 205//205 206//206
f 428//428 206//206 429//429
f 427//427 430//430 380//380
f 380//380 430//430 382//382
f 428//428 430//430 427//427
f 383//383 382//382 431//431
f 431//431 382//382 430//430
f 431//431 430//430 428//428
f 431//431 428//428 429//429
f 431//431 429//429 432//432
f 429//429 206//206 433//433
f 433//433 206//206 210//210
f 210//210 206//206 209//209
f 433//433 210//210 211//211
f 211//211 434//434 433//433
f 432//432 429//429 433//433
f 433//433 435//435 432//432
f 435//435 433//433 436//436
f 436//436 433//433 434//434
f 389//389 383//383 431//431
f 431//431 437//437 389//389
f 437//437 431//431 438//438
f 438//438 431//431 432//432
f 438//438 432//432 439//439
f 437//437 438//438 389//389
f 389//389 438//438 391//391
f 435//435 440//440 432//432
f 432//432 440//440 439//439
f 436//436 440//440 435//435
f 395//395 391//391 441//441
f 441//441 391//391 438//438
f 441//441 438//438 442//442
f 442//442 438//438 439//439
f 443//443 439//439 440//440
f 443//443 440//440 444//444
f 444//444 440//440 436//436
f 442//442 439//439 443//443
f 443//443 445//445 442//442
f 445//445 443//443 444//444
f 444//444 446//446 445//445
f 434//434 211//211 225//225
f 225//225 447//447 434//434
f 447//447 225//225 448//448
f 448//448 225//225 226//226
f 434//434 447//447 436//436
f 228//228 449//449 226//226
f 226//226 449//449 448//448
f 228//228 229//229 449//449
f 450//450 436//436 447//447
f 450//450 447//447 451//451
f 451//451 447//447 448//448
f 452//452 448//448 449//449
f 452//452 449//449 453//453
f 453//453 449//449 229//229
f 451//451 448//448 452//452
f 452//452 454//454 451//451
f 454//454 452//452 453//453
f 453//453 455//455 454//454
f 444//444 436//436 450//450
f 450//450 456//456 444//444
f 456//456 450//450 451//451
f 451//451 457//457 456//456
f 446//446 444//444 456//456
f 456//456 458//458 446//446
f 458//458 456//456 457//457
f 457//457 459//459 458//458
f 457//457 451//451 454//454
f 454//454 460//460 457//457
f 460//460 454//454 455//455
f 455//455 461//461 460//460
f 459//459 457//457 460//460
f 460//460 462//462 459//459
f 462//462 460//460 461//461
f 461//461 463//463 462//462
f 416//416 395//395 441//441
f 441//441 464//464 416//416
f 464//464 441//441 442//442
f 442//442 465//465 464//464
f 418//418 416//416 464//464
f 464//464 466//466 418//418
f 466//466 464//464 465//465
f 465//465 467//467 466//466
f 465//465 442//442 445//445
f 445//445 468//468 465//465
f 468//468 445//445 446//446
f 446//446 469//469 468//468
f 467//467 465//465 470//470
f 470//470 465//465 471//471
f 471//471 465//465 468//468
f 470//470 471//471 472//472
f 472//472 471//471 473//473
f 473//473 471//471 468//468
f 424//424 418//418 474//474
f 474//474 418//418 466//466
f 474//474 466//466 475//475
f 474//474 475//475 476//476
f 475//475 466//466 467//467
f 426//426 424//424 477//477
f 477//477 424//424 474//474
f 477//477 474//474 478//478
f 478//478 474//474 476//476
f 478//478 476//476 479//479
f 470//470 475//475 467//467
f 476//476 475//475 480//480
f 480//480 475//475 470//470
f 480//480 470//470 472//472
f 480//480 472//472 473//473
f 473//473 481//481 480//480
f 479//479 476//476 480//480
f 480//480 482//482 479//479
f 482//482 480//480 481//481
f 481//481 483//483 482//482
f 469//469 446//446 458//458
f 459//459 484//484 458//458
f 458//458 484//484 469//469
f 485//485 469//469 484//484
f 473//473 468//468 486//486
f 486//486 468//468 469//469
f 486//486 469//469 485//485
f 485//485 487//487 486//486
f 462//462 488//488 459//459
f 459//459 488//488 484//484
f 463//463 489//489 488//488
f 488//488 462//462 463//463
f 485//485 484//484 490//490
f 490//490 484//484 488//488
f 490//490 488//488 489//489
f 487//487 485//485 490//490
f 490//490 491//491 487//487
f 491//491 490//490 492//492
f 492//492 490//490 489//489
f 481//481 473//473 486//486
f 486//486 493//493 481//481
f 493//493 486//486 487//487
f 487//487 494//494 493//493
f 483//483 481//481 493//493
f 493//493 495//495 483//483
f 495//495 493//493 494//494
f 494//494 496//496 495//495
f 494//494 487//487 491//491
f 491//491 497//497 494//494
f 497//497 491//491 498//498
f 498//498 491//491 492//492
f 496//496 494//494 497//497
f 497//497 499//499 496//496
f 499//499 497//497 498//498
f 498//498 500//500 499//499
f 409//409 501//501 502//502
f 503//503 504//504 501//501
f 503//503 501//501 505//505
f 506//506 503//503 505//505
f 507//507 501//501 408//408
f 408//408 501//501 409//409
f 507//507 408//408 508//508
f 508//508 408//408 410//410
f 509//509 501//501 507//507
f 507//507 510//510 509//509
f 510//510 507//507 511//511
f 511//511 507//507 508//508
f 506//506 505//505 501//501
f 501//501 509//509 506//506
f 512//512 509//509 510//510
f 510//510 513//513 512//512
f 513//513 510//510 514//514
f 514//514 510//510 511//511
f 515//515 506//506 509//509
f 509//509 512//512 515//515
f 516//516 512//512 513//513
f 513//513 517//517 516//516
f 517//517 513//513 518//518
f 518//518 513//513 514//514
f 519//519 515//515 512//512
f 512//512 516//516 519//519
f 508//508 410//410 520//520
f 520//520 410//410 421//421
f 520//520 421//421 422//422
f 422//422 521//521 520//520
f 511//511 508//508 522//522
f 522//522 508//508 520//520
f 522//522 520//520 523//523
f 523//523 520//520 521//521
f 521//521 422//422 425//425
f 425//425 524//524 521//521
f 524//524 425//425 426//426
f 426//426 525//525 524//524
f 523//523 521//521 524//524
f 524//524 526//526 523//523
f 526//526 524//524 525//525
f 525//525 527//527 526//526
f 514//514 511//511 528//528
f 528//528 511//511 522//522
f 528//528 522//522 523//523
f 523//523 529//529 528//528
f 518//518 514//514 530//530
f 530//530 514//514 528//528
f 530//530 528//528 529//529
f 529//529 531//531 530//530
f 529//529 523//523 526//526
f 526//526 532//532 529//529
f 532//532 526//526 533//533
f 533//533 526//526 534//534
f 534//534 526//526 527//527
f 533//533 534//534 535//535
f 531//531 529//529 536//536
f 536//536 529//529 537//537
f 537//537 529//529 532//532
f 533//533 537//537 532//532
f 538//538 537//537 533//533
f 538//538 533//533 535//535
f 517//517 539//539 516//516
f 518//518 540//540 539//539
f 539//539 517//517 518//518
f 541//541 519//519 539//539
f 541//541 539//539 542//542
f 539//539 519//519 516//516
f 542//542 539//539 540//540
f 540//540 543//543 542//542
f 544//544 545//545 541//541
f 544//544 541//541 546//546
f 546//546 541//541 542//542
f 546//546 542//542 547//547
f 547//547 542//542 543//543
f 546//546 548//548 544//544
f 547//547 549//549 546//546
f 546//546 549//549 548//548
f 530//530 550//550 518//518
f 518//518 550//550 540//540
f 531//531 551//551 530//530
f 530//530 551//551 550//550
f 543//543 540//540 552//552
f 552//552 540//540 550//550
f 552//552 550//550 553//553
f 553//553 550//550 551//551
f 547//547 543//543 552//552
f 552//552 554//554 547//547
f 554//554 552//552 553//553
f 553//553 555//555 554//554
f 536//536 551//551 531//531
f 553//553 551//551 536//536
f 553//553 536//536 556//556
f 556//556 536//536 537//537
f 556//556 537//537 538//538
f 538//538 557//557 556//556
f 555//555 553//553 556//556
f 556//556 558//558 555//555
f 558//558 556//556 557//557
f 557//557 559//559 558//558
f 554//554 560//560 549//549
f 549//549 547//547 554//554
f 555//555 561//561 560//560
f 560//560 554//554 555//555
f 558//558 562//562 561//561
f 561//561 555//555 558//558
f 559//559 563//563 562//562
f 562//562 558//558 559//559
f 564//564 545//545 544//544
f 564//564 565//565 566//566
f 544//544 548//548 567//567
f 544//544 567//567 564//564
f 564//564 567//567 565//565
f 567//567 548//548 549//549
f 549//549 568//568 567//567
f 569//569 567//567 568//568
f 570//570 571//571 569//569
f 568//568 549//549 560//560
f 560//560 572//572 568//568
f 572//572 560//560 573//573
f 573//573 560//560 561//561
f 574//574 569//569 575//575
f 575//575 569//569 568//568
f 575//575 568//568 572//572
f 573//573 576//576 572//572
f 572//572 576//576 577//577
f 572//572 577//577 575//575
f 575//575 577//577 574//574
f 573//573 561//561 578//578
f 578//578 561//561 562//562
f 578//578 562//562 579//579
f 579//579 562//562 563//563
f 578//578 580//580 573//573
f 573//573 580//580 576//576
f 579//579 581//581 580//580
f 580//580 578//578 579//579
f 582//582 577//577 583//583
f 583//583 577//577 580//580
f 580//580 577//577 576//576
f 583//583 580//580 584//584
f 584//584 580//580 581//581
f 585//585 570//570 569//569
f 569//569 574//574 585//585
f 586//586 585//585 574//574
f 586//586 574//574 577//577
f 577//577 582//582 587//587
f 525//525 426//426 477//477
f 477//477 588//588 525//525
f 588//588 477//477 589//589
f 589//589 477//477 478//478
f 589//589 478//478 590//590
f 590//590 478//478 479//479
f 527//527 525//525 591//591
f 591//591 525//525 592//592
f 592//592 525//525 588//588
f 589//589 592//592 588//588
f 591//591 592//592 593//593
f 593//593 592//592 589//589
f 593//593 589//589 590//590
f 590//590 479//479 482//482
f 482//482 594//594 590//590
f 594//594 482//482 483//483
f 483//483 595//595 594//594
f 593//593 590//590 594//594
f 594//594 596//596 593//593
f 596//596 594//594 595//595
f 595//595 597//597 596//596
f 591//591 534//534 527//527
f 535//535 534//534 598//598
f 598//598 534//534 591//591
f 598//598 591//591 593//593
f 593//593 599//599 598//598
f 538//538 535//535 598//598
f 598//598 600//600 538//538
f 600//600 598//598 599//599
f 599//599 601//601 600//600
f 599//599 593//593 596//596
f 596//596 602//602 599//599
f 602//602 596//596 603//603
f 603//603 596//596 604//604
f 604//604 596//596 597//597
f 601//601 599//599 602//602
f 602//602 605//605 601//601
f 605//605 602//602 606//606
f 606//606 602//602 603//603
f 595//595 483//483 495//495
f 495//495 607//607 595//595
f 607//607 495//495 496//496
f 496//496 608//608 607//607
f 597//597 595//595 607//607
f 607//607 609//609 597//597
f 609//609 607//607 610//610
f 610//610 607//607 608//608
f 608//608 496//496 499//499
f 499//499 611//611 608//608
f 611//611 499//499 500//500
f 500//500 612//612 611//611
f 611//611 613//613 608//608
f 608//608 613//613 610//610
f 611//611 612//612 613//613
f 597//597 609//609 604//604
f 606//606 603//603 614//614
f 614//614 603//603 604//604
f 615//615 613//613 612//612
f 616//616 604//604 609//609
f 616//616 609//609 617//617
f 617//617 609//609 610//610
f 614//614 604//604 616//616
f 616//616 618//618 614//614
f 618//618 616//616 617//617
f 617//617 619//619 618//618
f 617//617 610//610 613//613
f 613//613 620//620 617//617
f 620//620 613//613 615//615
f 615//615 621//621 620//620
f 619//619 617//617 620//620
f 620//620 622//622 619//619
f 622//622 620//620 621//621
f 621//621 623//623 622//622
f 557//557 538//538 600//600
f 600//600 624//624 557//557
f 624//624 600//600 601//601
f 601//601 625//625 624//624
f 559//559 557//557 624//624
f 624//624 626//626 559//559
f 626//626 624//624 625//625
f 625//625 627//627 626//626
f 625//625 601//601 605//605
f 625//625 605//605 628//628
f 627//627 625//625 629//629
f 629//629 625//625 628//628
f 626//626 630//630 559//559
f 559//559 630//630 563//563
f 627//627 631//631 626//626
f 626//626 631//631 630//630
f 629//629 631//631 627//627
f 628//628 605//605 632//632
f 632//632 605//605 614//614
f 614//614 605//605 606//606
f 629//629 628//628 633//633
f 633//633 628//628 632//632
f 632//632 634//634 633//633
f 579//579 563//563 635//635
f 635//635 563//563 630//630
f 635//635 630//630 636//636
f 636//636 630//630 631//631
f 635//635 637//637 581//581
f 581//581 579//579 635//635
f 636//636 638//638 637//637
f 637//637 635//635 636//636
f 584//584 581//581 639//639
f 639//639 581//581 637//637
f 639//639 637//637 640//640
f 640//640 637//637 638//638
f 636//636 631//631 629//629
f 636//636 629//629 633//633
f 636//636 633//633 641//641
f 641//641 633//633 634//634
f 641//641 634//634 642//642
f 641//641 643//643 636//636
f 636//636 643//643 638//638
f 642//642 643//643 641//641
f 640//640 638//638 644//644
f 644//644 638//638 643//643
f 644//644 643//643 645//645
f 645//645 643//643 642//642
f 632//632 614//614 618//618
f 618//618 646//646 632//632
f 646//646 618//618 619//619
f 619//619 647//647 646//646
f 634//634 632//632 646//646
f 646//646 648//648 634//634
f 648//648 646//646 647//647
f 647//647 649//649 648//648
f 647//647 619//619 622//622
f 622//622 650//650 647//647
f 650//650 622//622 623//623
f 623//623 651//651 650//650
f 649//649 647//647 650//650
f 650//650 652//652 649//649
f 652//652 650//650 651//651
f 651//651 653//653 652//652
f 648//648 654//654 634//634
f 634//634 654//654 642//642
f 649//649 655//655 648//648
f 648//648 655//655 654//654
f 656//656 642//642 654//654
f 656//656 654//654 657//657
f 657//657 654//654 655//655
f 645//645 642//642 656//656
f 656//656 658//658 645//645
f 657//657 659//659 658//658
f 652//652 660//660 649//649
f 649//649 660//660 655//655
f 653//653 661//661 652//652
f 652//652 661//661 660//660
f 657//657 655//655 662//662
f 662//662 655//655 660//660
f 662//662 660//660 663//663
f 663//663 660//660 661//661
f 659//659 657//657 662//662
f 662//662 664//664 659//659
f 664//664 662//662 665//665
f 665//665 662//662 663//663
f 33//33 31//31 666//666
f 666//666 31//31 667//667
f 666//666 667//667 668//668
f 668//668 667//667 669//669
f 668//668 669//669 670//670
f 670//670 669//669 671//671
f 670//670 672//672 673//673
f 673//673 672//672 674//674
f 674//674 675//675 673//673
f 261//261 676//676 260//260
f 677//677 676//676 262//262
f 262//262 676//676 261//261
f 453//453 229//229 678//678
f 678//678 229//229 256//256
f 678//678 256//256 257//257
f 257//257 679//679 678//678
f 455//455 453//453 678//678
f 678//678 680//680 455//455
f 680//680 678//678 679//679
f 679//679 681//681 680//680
f 679//679 257//257 260//260
f 679//679 260//260 682//682
f 682//682 260//260 676//676
f 682//682 676//676 677//677
f 681//681 679//679 683//683
f 683//683 679//679 682//682
f 683//683 682//682 677//677
f 683//683 677//677 684//684
f 683//683 684//684 685//685
f 461//461 455//455 680//680
f 680//680 686//686 461//461
f 686//686 680//680 681//681
f 681//681 687//687 686//686
f 463//463 461//461 686//686
f 686//686 688//688 463//463
f 688//688 686//686 687//687
f 687//687 689//689 688//688
f 687//687 681//681 690//690
f 690//690 681//681 683//683
f 690//690 683//683 691//691
f 691//691 683//683 685//685
f 689//689 687//687 692//692
f 692//692 687//687 690//690
f 692//692 690//690 693//693
f 693//693 690//690 691//691
f 677//677 262//262 694//694
f 694//694 262//262 274//274
f 694//694 274//274 695//695
f 695//695 274//274 275//275
f 694//694 696//696 684//684
f 684//684 677//677 694//694
f 697//697 696//696 695//695
f 695//695 696//696 694//694
f 695//695 275//275 698//698
f 698//698 275//275 279//279
f 698//698 279//279 699//699
f 699//699 279//279 278//278
f 697//697 695//695 700//700
f 700//700 695//695 698//698
f 700//700 698//698 701//701
f 701//701 698//698 699//699
f 685//685 684//684 696//696
f 696//696 702//702 685//685
f 702//702 696//696 697//697
f 700//700 703//703 697//697
f 701//701 704//704 703//703
f 703//703 700//700 701//701
f 691//691 685//685 705//705
f 705//705 685//685 702//702
f 705//705 702//702 697//697
f 705//705 697//697 706//706
f 693//693 691//691 707//707
f 707//707 691//691 705//705
f 707//707 705//705 708//708
f 708//708 705//705 706//706
f 706//706 697//697 703//703
f 703//703 709//709 706//706
f 709//709 703//703 704//704
f 704//704 710//710 709//709
f 708//708 706//706 711//711
f 711//711 706//706 709//709
f 711//711 709//709 712//712
f 712//712 709//709 710//710
f 688//688 713//713 463//463
f 463//463 713//713 489//489
f 689//689 714//714 688//688
f 688//688 714//714 713//713
f 715//715 489//489 713//713
f 715//715 713//713 716//716
f 716//716 713//713 714//714
f 492//492 489//489 715//715
f 715//715 717//717 492//492
f 717//717 715//715 716//716
f 716//716 718//718 717//717
f 692//692 714//714 689//689
f 693//693 719//719 692//692
f 692//692 719//719 714//714
f 716//716 714//714 720//720
f 720//720 714//714 721//721
f 721//721 714//714 719//719
f 718//718 716//716 720//720
f 720//720 722//722 718//718
f 722//722 720//720 723//723
f 723//723 720//720 721//721
f 498//498 492//492 717//717
f 717//717 724//724 498//498
f 724//724 717//717 718//718
f 718//718 725//725 724//724
f 500//500 498//498 724//724
f 724//724 726//726 500//500
f 726//726 724//724 725//725
f 725//725 727//727 726//726
f 725//725 718//718 728//728
f 728//728 718//718 722//722
f 728//728 722//722 729//729
f 729//729 722//722 723//723
f 727//727 725//725 730//730
f 730//730 725//725 728//728
f 730//730 728//728 731//731
f 731//731 728//728 729//729
f 707//707 732//732 719//719
f 719//719 693//693 707//707
f 708//708 733//733 732//732
f 732//732 707//707 708//708
f 721//721 719//719 732//732
f 732//732 734//734 721//721
f 734//734 732//732 733//733
f 733//733 735//735 734//734
f 723//723 721//721 736//736
f 736//736 721//721 734//734
f 736//736 734//734 735//735
f 735//735 737//737 736//736
f 711//711 738//738 733//733
f 733//733 708//708 711//711
f 712//712 739//739 711//711
f 711//711 739//739 738//738
f 735//735 733//733 738//738
f 738//738 740//740 735//735
f 740//740 738//738 741//741
f 741//741 738//738 739//739
f 737//737 735//735 740//740
f 740//740 742//742 737//737
f 742//742 740//740 741//741
f 741//741 743//743 742//742
f 729//729 723//723 744//744
f 744//744 723//723 736//736
f 744//744 736//736 745//745
f 745//745 736//736 737//737
f 731//731 729//729 746//746
f 746//746 729//729 744//744
f 746//746 744//744 747//747
f 747//747 744//744 745//745
f 745//745 737//737 742//742
f 742//742 748//748 745//745
f 748//748 742//742 743//743
f 743//743 749//749 748//748
f 747//747 745//745 750//750
f 750//750 745//745 748//748
f 750//750 748//748 749//749
f 749//749 751//751 750//750
f 699//699 278//278 752//752
f 752//752 278//278 331//331
f 752//752 331//331 332//332
f 332//332 753//753 752//752
f 701//701 699//699 752//752
f 752//752 754//754 701//701
f 754//754 752//752 753//753
f 754//754 753//753 755//755
f 753//753 332//332 336//336
f 336//336 756//756 753//753
f 756//756 336//336 337//337
f 337//337 757//757 756//756
f 756//756 758//758 753//753
f 753//753 758//758 755//755
f 757//757 759//759 756//756
f 756//756 759//759 758//758
f 760//760 755//755 758//758
f 760//760 758//758 761//761
f 761//761 758//758 759//759
f 754//754 762//762 701//701
f 701//701 762//762 704//704
f 755//755 762//762 754//754
f 710//710 704//704 762//762
f 762//762 763//763 710//710
f 763//763 762//762 764//764
f 764//764 762//762 755//755
f 712//712 710//710 763//763
f 763//763 765//765 712//712
f 765//765 763//763 766//766
f 766//766 763//763 764//764
f 766//766 764//764 767//767
f 766//766 767//767 768//768
f 764//764 755//755 760//760
f 760//760 769//769 764//764
f 769//769 760//760 761//761
f 761//761 770//770 769//769
f 769//769 771//771 764//764
f 764//764 771//771 767//767
f 770//770 772//772 769//769
f 769//769 772//772 771//771
f 768//768 767//767 773//773
f 773//773 767//767 771//771
f 773//773 771//771 772//772
f 772//772 774//774 773//773
f 757//757 337//337 775//775
f 775//775 337//337 345//345
f 775//775 345//345 776//776
f 346//346 776//776 345//345
f 775//775 759//759 757//757
f 775//775 776//776 777//777
f 777//777 776//776 778//778
f 778//778 776//776 346//346
f 778//778 346//346 350//350
f 761//761 759//759 779//779
f 779//779 759//759 775//775
f 779//779 775//775 777//777
f 779//779 777//777 778//778
f 778//778 780//780 779//779
f 780//780 778//778 781//781
f 781//781 782//782 780//780
f 782//782 781//781 783//783
f 770//770 761//761 779//779
f 779//779 784//784 770//770
f 784//784 779//779 785//785
f 785//785 779//779 786//786
f 786//786 779//779 780//780
f 785//785 786//786 787//787
f 770//770 784//784 772//772
f 774//774 772//772 788//788
f 788//788 772//772 784//784
f 788//788 784//784 785//785
f 788//788 785//785 787//787
f 788//788 787//787 789//789
f 788//788 789//789 790//790
f 782//782 786//786 780//780
f 787//787 786//786 783//783
f 787//787 783//783 791//791
f 783//783 786//786 782//782
f 791//791 789//789 787//787
f 790//790 789//789 792//792
f 792//792 789//789 793//793
f 792//792 793//793 794//794
f 793//793 789//789 791//791
f 765//765 795//795 712//712
f 712//712 795//795 739//739
f 766//766 795//795 765//765
f 741//741 739//739 796//796
f 796//796 739//739 795//795
f 796//796 795//795 766//766
f 796//796 766//766 797//797
f 797//797 766//766 768//768
f 743//743 741//741 796//796
f 796//796 798//798 743//743
f 798//798 796//796 797//797
f 797//797 799//799 798//798
f 797//797 768//768 773//773
f 773//773 800//800 797//797
f 800//800 773//773 774//774
f 774//774 801//801 800//800
f 799//799 797//797 800//800
f 800//800 802//802 799//799
f 802//802 800//800 801//801
f 801//801 803//803 802//802
f 749//749 743//743 804//804
f 804//804 743//743 798//798
f 804//804 798//798 805//805
f 805//805 798//798 799//799
f 751//751 749//749 804//804
f 804//804 806//806 751//751
f 806//806 804//804 807//807
f 807//807 804//804 805//805
f 805//805 799//799 808//808
f 808//808 799//799 802//802
f 808//808 802//802 809//809
f 809//809 802//802 803//803
f 807//807 805//805 810//810
f 810//810 805//805 808//808
f 810//810 808//808 811//811
f 811//811 808//808 809//809
f 801//801 774//774 812//812
f 812//812 774//774 813//813
f 813//813 774//774 788//788
f 790//790 813//813 788//788
f 803//803 801//801 814//814
f 814//814 801//801 812//812
f 809//809 803//803 814//814
f 809//809 814//814 815//815
f 809//809 815//815 816//816
f 816//816 815//815 817//817
f 811//811 809//809 816//816
f 816//816 818//818 811//811
f 818//818 816//816 817//817
f 817//817 819//819 818//818
f 812//812 813//813 820//820
f 820//820 813//813 821//821
f 820//820 821//821 822//822
f 821//821 813//813 790//790
f 821//821 790//790 792//792
f 814//814 812//812 823//823
f 823//823 812//812 820//820
f 823//823 820//820 822//822
f 822//822 824//824 823//823
f 794//794 821//821 792//792
f 823//823 815//815 814//814
f 817//817 815//815 825//825
f 825//825 815//815 826//826
f 826//826 815//815 823//823
f 826//826 823//823 824//824
f 819//819 817//817 825//825
f 825//825 827//827 819//819
f 825//825 826//826 828//828
f 827//827 825//825 829//829
f 829//829 825//825 828//828
f 612//612 500//500 830//830
f 830//830 500//500 726//726
f 727//727 831//831 726//726
f 726//726 831//831 830//830
f 730//730 832//832 831//831
f 831//831 727//727 730//730
f 833//833 832//832 730//730
f 833//833 730//730 731//731
f 833//833 731//731 834//834
f 834//834 835//835 833//833
f 834//834 731//731 836//836
f 836//836 731//731 746//746
f 836//836 746//746 837//837
f 837//837 746//746 747//747
f 838//838 835//835 836//836
f 836//836 835//835 834//834
f 838//838 836//836 839//839
f 839//839 836//836 837//837
f 837//837 747//747 750//750
f 750//750 840//840 837//837
f 840//840 750//750 841//841
f 841//841 750//750 751//751
f 839//839 837//837 842//842
f 842//842 837//837 840//840
f 842//842 840//840 843//843
f 843//843 840//840 841//841
f 844//844 835//835 838//838
f 838//838 845//845 844//844
f 845//845 838//838 846//846
f 846//846 838//838 839//839
f 845//845 847//847 844//844
f 848//848 847//847 845//845
f 848//848 845//845 846//846
f 846//846 839//839 849//849
f 849//849 839//839 842//842
f 849//849 842//842 850//850
f 850//850 842//842 843//843
f 848//848 846//846 851//851
f 851//851 846//846 849//849
f 851//851 849//849 850//850
f 850//850 852//852 851//851
f 615//615 612//612 853//853
f 853//853 612//612 830//830
f 853//853 830//830 831//831
f 831//831 854//854 853//853
f 854//854 831//831 855//855
f 855//855 831//831 832//832
f 855//855 832//832 833//833
f 855//855 833//833 835//835
f 621//621 615//615 853//853
f 853//853 856//856 621//621
f 856//856 853//853 854//854
f 854//854 857//857 856//856
f 623//623 621//621 856//856
f 856//856 858//858 623//623
f 858//858 856//856 857//857
f 857//857 859//859 858//858
f 857//857 854//854 860//860
f 860//860 854//854 855//855
f 860//860 855//855 861//861
f 861//861 855//855 835//835
f 859//859 857//857 862//862
f 862//862 857//857 860//860
f 862//862 860//860 863//863
f 863//863 860//860 861//861
f 835//835 844//844 861//861
f 863//863 861//861 844//844
f 863//863 844//844 847//847
f 848//848 864//864 847//847
f 851//851 865//865 864//864
f 864//864 848//848 851//851
f 852//852 866//866 851//851
f 851//851 866//866 865//865
f 651//651 623//623 858//858
f 858//858 867//867 651//651
f 867//867 858//858 859//859
f 859//859 868//868 867//867
f 653//653 651//651 869//869
f 869//869 651//651 867//867
f 869//869 867//867 868//868
f 868//868 870//870 869//869
f 868//868 859//859 871//871
f 871//871 859//859 862//862
f 871//871 862//862 872//872
f 872//872 862//862 863//863
f 870//870 868//868 873//873
f 873//873 868//868 871//871
f 873//873 871//871 874//874
f 874//874 871//871 872//872
f 869//869 875//875 653//653
f 653//653 875//875 661//661
f 869//869 870//870 875//875
f 663//663 661//661 876//876
f 876//876 661//661 875//875
f 876//876 875//875 877//877
f 877//877 875//875 870//870
f 665//665 663//663 878//878
f 878//878 663//663 876//876
f 878//878 876//876 877//877
f 877//877 879//879 878//878
f 873//873 880//880 870//870
f 874//874 881//881 880//880
f 880//880 873//873 874//874
f 877//877 870//870 880//880
f 880//880 882//882 877//877
f 882//882 880//880 881//881
f 881//881 883//883 882//882
f 879//879 877//877 882//882
f 882//882 884//884 879//879
f 884//884 882//882 885//885
f 885//885 882//882 883//883
f 885//885 883//883 886//886
f 872//872 863//863 887//887
f 887//887 863//863 847//847
f 887//887 847//847 864//864
f 887//887 864//864 888//888
f 874//874 872//872 889//889
f 889//889 872//872 887//887
f 889//889 887//887 890//890
f 890//890 887//887 888//888
f 888//888 864//864 865//865
f 865//865 891//891 888//888
f 891//891 865//865 866//866
f 866//866 892//892 891//891
f 890//890 888//888 891//891
f 891//891 893//893 890//890
f 893//893 891//891 892//892
f 892//892 894//894 893//893
f 889//889 895//895 881//881
f 881//881 874//874 889//889
f 890//890 896//896 889//889
f 889//889 896//896 895//895
f 883//883 881//881 895//895
f 895//895 897//897 883//883
f 897//897 895//895 896//896
f 896//896 898//898 897//897
f 897//897 899//899 883//883
f 883//883 899//899 886//886
f 898//898 900//900 897//897
f 897//897 900//900 899//899
f 893//893 901//901 890//890
f 890//890 901//901 896//896
f 894//894 902//902 893//893
f 893//893 902//902 901//901
f 898//898 896//896 901//901
f 901//901 903//903 898//898
f 903//903 901//901 904//904
f 904//904 901//901 902//902
f 903//903 905//905 900//900
f 900//900 898//898 903//903
f 904//904 905//905 903//903
f 899//899 906//906 886//886
f 906//906 899//899 900//900
f 906//906 900//900 907//907
f 907//907 900//900 908//908
f 907//907 908//908 909//909
f 909//909 908//908 910//910
f 908//908 900//900 911//911
f 911//911 900//900 905//905
f 904//904 912//912 911//911
f 904//904 911//911 905//905
f 910//910 908//908 913//913
f 913//913 908//908 911//911
f 913//913 911//911 914//914
f 914//914 911//911 912//912
f 841//841 751//751 915//915
f 915//915 751//751 806//806
f 915//915 806//806 916//916
f 916//916 806//806 807//807
f 843//843 841//841 917//917
f 917//917 841//841 915//915
f 917//917 915//915 916//916
f 916//916 918//918 917//917
f 916//916 807//807 810//810
f 810//810 919//919 916//916
f 919//919 810//810 811//811
f 811//811 920//920 919//919
f 918//918 916//916 919//919
f 919//919 921//921 918//918
f 921//921 919//919 920//920
f 920//920 922//922 921//921
f 850//850 843//843 923//923
f 923//923 843//843 917//917
f 923//923 917//917 918//918
f 918//918 924//924 923//923
f 852//852 850//850 923//923
f 923//923 925//925 852//852
f 925//925 923//923 926//926
f 926//926 923//923 924//924
f 924//924 918//918 921//921
f 921//921 927//927 924//924
f 927//927 921//921 922//922
f 922//922 928//928 927//927
f 926//926 924//924 929//929
f 929//929 924//924 927//927
f 929//929 927//927 928//928
f 928//928 930//930 929//929
f 920//920 811//811 818//818
f 818//818 931//931 920//920
f 931//931 818//818 819//819
f 819//819 932//932 931//931
f 922//922 920//920 931//931
f 931//931 933//933 922//922
f 933//933 931//931 934//934
f 934//934 931//931 932//932
f 928//928 922//922 935//935
f 935//935 922//922 933//933
f 934//934 935//935 933//933
f 930//930 928//928 936//936
f 936//936 928//928 935//935
f 932//932 819//819 827//827
f 827//827 937//937 932//932
f 934//934 932//932 938//938
f 938//938 932//932 937//937
f 937//937 827//827 829//829
f 829//829 939//939 937//937
f 938//938 937//937 939//939
f 939//939 940//940 938//938
f 941//941 935//935 934//934
f 941//941 934//934 938//938
f 936//936 935//935 941//941
f 941//941 942//942 936//936
f 941//941 938//938 943//943
f 943//943 938//938 940//940
f 943//943 940//940 944//944
f 944//944 945//945 943//943
f 942//942 941//941 943//943
f 943//943 946//946 942//942
f 946//946 943//943 945//945
f 945//945 947//947 946//946
f 925//925 948//948 866//866
f 866//866 852//852 925//925
f 926//926 949//949 948//948
f 948//948 925//925 926//926
f 929//929 950//950 926//926
f 926//926 950//950 949//949
f 930//930 951//951 929//929
f 929//929 951//951 950//950
f 936//936 951//951 930//930
f 892//892 866//866 948//948
f 948//948 952//952 892//892
f 952//952 948//948 949//949
f 894//894 892//892 953//953
f 953//953 892//892 952//952
f 953//953 952//952 949//949
f 949//949 954//954 953//953
f 950//950 955//955 949//949
f 955//955 950//950 956//956
f 956//956 950//950 951//951
f 954//954 949//949 955//955
f 955//955 957//957 954//954
f 957//957 955//955 958//958
f 958//958 955//955 956//956
f 958//958 956//956 959//959
f 958//958 959//959 960//960
f 953//953 961//961 894//894
f 894//894 961//961 902//902
f 954//954 962//962 953//953
f 953//953 962//962 961//961
f 904//904 902//902 963//963
f 963//963 902//902 961//961
f 963//963 961//961 964//964
f 964//964 961//961 962//962
f 962//962 954//954 957//957
f 964//964 962//962 965//965
f 965//965 962//962 957//957
f 960//960 966//966 958//958
f 958//958 966//966 965//965
f 958//958 965//965 957//957
f 963//963 967//967 904//904
f 967//967 963//963 964//964
f 964//964 968//968 967//967
f 967//967 969//969 912//912
f 912//912 904//904 967//967
f 969//969 967//967 968//968
f 914//914 912//912 970//970
f 970//970 912//912 969//969
f 970//970 969//969 971//971
f 971//971 969//969 968//968
f 968//968 964//964 965//965
f 968//968 965//965 972//972
f 972//972 965//965 973//973
f 973//973 965//965 966//966
f 968//968 972//972 974//974
f 974//974 972//972 975//975
f 975//975 972//972 973//973
f 974//974 971//971 968//968
f 956//956 951//951 976//976
f 976//976 951//951 936//936
f 976//976 936//936 942//942
f 942//942 977//977 976//976
f 976//976 978//978 959//959
f 959//959 956//956 976//976
f 977//977 979//979 976//976
f 976//976 979//979 978//978
f 960//960 959//959 978//978
f 978//978 980//980 960//960
f 980//980 978//978 979//979
f 980//980 979//979 981//981
f 981//981 979//979 982//982
f 977//977 942//942 946//946
f 946//946 983//983 977//977
f 983//983 946//946 984//984
f 984//984 946//946 947//947
f 983//983 979//979 977//977
f 984//984 982//982 979//979
f 979//979 983//983 984//984
f 985//985 982//982 984//984
f 985//985 984//984 986//986
f 985//985 986//986 987//987
f 980//980 988//988 966//966
f 966//966 960//960 980//980
f 981//981 988//988 980//980
f 973//973 966//966 989//989
f 989//989 966//966 988//988
f 985//985 990//990 989//989
f 985//985 989//989 988//988
f 985//985 988//988 981//981
f 975//975 973//973 991//991
f 991//991 973//973 989//989
f 991//991 989//989 992//992
f 992//992 989//989 990//990
f 987//987 990//990 985//985
f 993//993 992//992 990//990
f 990//990 987//987 993//993
f 994//994 910//910 913//913
f 913//913 995//995 994//994
f 995//995 913//913 996//996
f 996//996 913//913 914//914
f 996//996 914//914 997//997
f 996//996 997//997 998//998
f 999//999 1000//1000 1001//1001
f 1002//1002 1001//1001 1000//1000
f 1000//1000 1003//1003 1002//1002
f 1004//1004 1002//1002 1003//1003
f 997//997 914//914 1006//1006
f 1006//1006 914//914 970//970
f 1006//1006 970//970 1007//1007
f 1007//1007 970//970 971//971
f 998//998 997//997 1006//1006
f 974//974 1008//1008 1007//1007
f 974//974 1007//1007 971//971
f 1008//1008 1009//1009 1010//1010
f 1005//1005 1012//1012 1013//1013
f 1014//1014 1013//1013 1015//1015
f 1015//1015 1013//1013 1012//1012
f 1016//1016 991//991 992//992
f 1016//1016 992//992 1017//1017
f 1014//1014 1017//1017 992//992
f 992//992 993//993 1014//1014
f 288//288 159//159 160//160
f 160//160 1020//1020 288//288
f 291//291 288//288 1021//1021
f 1021//1021 288//288 1020//1020
f 1022//1022 1023//1023 296//296
f 293//293 291//291 1021//1021
f 1021//1021 1024//1024 293//293
f 296//296 293//293 1022//1022
f 1022//1022 293//293 1024//1024
f 1023//1023 306//306 296//296
f 312//312 308//308 1025//1025
f 1025//1025 1026//1026 315//315
f 315//315 312//312 1025//1025
f 316//316 315//315 1027//1027
f 1027//1027 315//315 1026//1026
f 1027//1027 1028//1028 316//316
f 351//351 316//316 1029//1029
f 1029//1029 316//316 1028//1028
f 1029//1029 1028//1028 1030//1030
f 1029//1029 1030//1030 1031//1031
f 1029//1029 353//353 351//351
f 584//584 1032//1032 1033//1033
f 1033//1033 583//583 584//584
f 1034//1034 1035//1035 1036//1036
f 1037//1037 1034//1034 1036//1036
f 1036//1036 1038//1038 1037//1037
f 1039//1039 587//587 1040//1040
f 1040//1040 587//587 582//582
f 1040//1040 582//582 1033//1033
f 1040//1040 1033//1033 1032//1032
f 1032//1032 1041//1041 1040//1040
f 587//587 1039//1039 1036//1036
f 1042//1042 1039//1039 1040//1040
f 1040//1040 1043//1043 1042//1042
f 1043//1043 1040//1040 1044//1044
f 1044//1044 1040//1040 1041//1041
f 1038//1038 1036//1036 1039//1039
f 1039//1039 1042//1042 1038//1038
f 1045//1045 1037//1037 1038//1038
f 1038//1038 1046//1046 1045//1045
f 1047//1047 1045//1045 1046//1046
f 1043//1043 1048//1048 1042//1042
f 1049//1049 1048//1048 1043//1043
f 1049//1049 1043//1043 1044//1044
f 1046//1046 1038//1038 1042//1042
f 1046//1046 1042//1042 1048//1048
f 1050//1050 1048//1048 1049//1049
f 1049//1049 1051//1051 1050//1050
f 1047//1047 1046//1046 1052//1052
f 1052//1052 1046//1046 1048//1048
f 1048//1048 1050//1050 1052//1052
f 1053//1053 1050//1050 1051//1051
f 1051//1051 1054//1054 1053//1053
f 1055//1055 1047//1047 1056//1056
f 1056//1056 1047//1047 1052//1052
f 1056//1056 1052//1052 1050//1050
f 1050//1050 1053//1053 1056//1056
f 1057//1057 1032//1032 584//584
f 1057//1057 584//584 639//639
f 1057//1057 639//639 1058//1058
f 1058//1058 639//639 1059//1059
f 1059//1059 639//639 640//640
f 1058//1058 1060//1060 1057//1057
f 1059//1059 1061//1061 1060//1060
f 1060//1060 1058//1058 1059//1059
f 1059//1059 640//640 644//644
f 644//644 1062//1062 1059//1059
f 1062//1062 644//644 645//645
f 645//645 1063//1063 1062//1062
f 1062//1062 1064//1064 1061//1061
f 1061//1061 1059//1059 1062//1062
f 1063//1063 1065//1065 1062//1062
f 1062//1062 1065//1065 1064//1064
f 1041//1041 1032//1032 1057//1057
f 1044//1044 1041//1041 1057//1057
f 1044//1044 1057//1057 1060//1060
f 1044//1044 1060//1060 1066//1066
f 1066//1066 1060//1060 1061//1061
f 1061//1061 1067//1067 1066//1066
f 1067//1067 1061//1061 1064//1064
f 1068//1068 1064//1064 1065//1065
f 1049//1049 1044//1044 1069//1069
f 1069//1069 1044//1044 1066//1066
f 1069//1069 1066//1066 1070//1070
f 1070//1070 1066//1066 1067//1067
f 1051//1051 1049//1049 1071//1071
f 1071//1071 1049//1049 1069//1069
f 1071//1071 1069//1069 1072//1072
f 1072//1072 1069//1069 1070//1070
f 1070//1070 1067//1067 1073//1073
f 1073//1073 1067//1067 1064//1064
f 1073//1073 1064//1064 1068//1068
f 1068//1068 1074//1074 1073//1073
f 1072//1072 1070//1070 1075//1075
f 1075//1075 1070//1070 1073//1073
f 1075//1075 1073//1073 1074//1074
f 1074//1074 1076//1076 1075//1075
f 1063//1063 645//645 1077//1077
f 1077//1077 645//645 658//658
f 1077//1077 658//658 1078//1078
f 659//659 1079//1079 658//658
f 658//658 1079//1079 1078//1078
f 1077//1077 1065//1065 1063//1063
f 664//664 1080//1080 659//659
f 659//659 1080//1080 1079//1079
f 665//665 1081//1081 664//664
f 664//664 1081//1081 1080//1080
f 1082//1082 1078//1078 1079//1079
f 1068//1068 1065//1065 1077//1077
f 1068//1068 1077//1077 1083//1083
f 1083//1083 1077//1077 1078//1078
f 1083//1083 1078//1078 1082//1082
f 1082//1082 1084//1084 1083//1083
f 1082//1082 1079//1079 1085//1085
f 1085//1085 1079//1079 1080//1080
f 1085//1085 1080//1080 1081//1081
f 1084//1084 1082//1082 1085//1085
f 1085//1085 1086//1086 1084//1084
f 1085//1085 1087//1087 1086//1086
f 1074//1074 1068//1068 1083//1083
f 1083//1083 1088//1088 1074//1074
f 1088//1088 1083//1083 1084//1084
f 1084//1084 1089//1089 1088//1088
f 1076//1076 1074//1074 1088//1088
f 1088//1088 1090//1090 1076//1076
f 1090//1090 1088//1088 1089//1089
f 1089//1089 1091//1091 1090//1090
f 1089//1089 1084//1084 1086//1086
f 1086//1086 1092//1092 1089//1089
f 1092//1092 1086//1086 1087//1087
f 1087//1087 1093//1093 1092//1092
f 1091//1091 1089//1089 1092//1092
f 1092//1092 1094//1094 1091//1091
f 1094//1094 1092//1092 1093//1093
f 1093//1093 1095//1095 1094//1094
f 1054//1054 1051//1051 1096//1096
f 1096//1096 1051//1051 1071//1071
f 35//35 33//33 666//666
f 666//666 1097//1097 35//35
f 1097//1097 666//666 668//668
f 668//668 1098//1098 1097//1097
f 37//37 35//35 1097//1097
f 1097//1097 1099//1099 37//37
f 1099//1099 1097//1097 1098//1098
f 1098//1098 1100//1100 1099//1099
f 1098//1098 668//668 1101//1101
f 1101//1101 668//668 670//670
f 1101//1101 670//670 1102//1102
f 1102//1102 670//670 673//673
f 1100//1100 1098//1098 1103//1103
f 1103//1103 1098//1098 1101//1101
f 1103//1103 1101//1101 1102//1102
f 1102//1102 1104//1104 1103//1103
f 39//39 37//37 1105//1105
f 1105//1105 37//37 1099//1099
f 1105//1105 1099//1099 1106//1106
f 1106//1106 1099//1099 1100//1100
f 41//41 39//39 1107//1107
f 1107//1107 39//39 1105//1105
f 1107//1107 1105//1105 1108//1108
f 1108//1108 1105//1105 1106//1106
f 1106//1106 1100//1100 1109//1109
f 1109//1109 1100//1100 1103//1103
f 1109//1109 1103//1103 1104//1104
f 1104//1104 1110//1110 1109//1109
f 1108//1108 1106//1106 1109//1109
f 1109//1109 1111//1111 1108//1108
f 1111//1111 1109//1109 1110//1110
f 1110//1110 1112//1112 1111//1111
f 1102//1102 673//673 1113//1113
f 1113//1113 673//673 675//675
f 1113//1113 675//675 1034//1034
f 1034//1034 675//675 1035//1035
f 1104//1104 1102//1102 1114//1114
f 1114//1114 1102//1102 1113//1113
f 1114//1114 1113//1113 1034//1034
f 1034//1034 1037//1037 1114//1114
f 1110//1110 1104//1104 1115//1115
f 1115//1115 1104//1104 1114//1114
f 1115//1115 1114//1114 1037//1037
f 1037//1037 1045//1045 1115//1115
f 1112//1112 1110//1110 1116//1116
f 1116//1116 1110//1110 1115//1115
f 1116//1116 1115//1115 1045//1045
f 1045//1045 1047//1047 1116//1116
f 43//43 41//41 1117//1117
f 1117//1117 41//41 1107//1107
f 1117//1117 1107//1107 1118//1118
f 1118//1118 1107//1107 1108//1108
f 45//45 43//43 1119//1119
f 1119//1119 43//43 1117//1117
f 1118//1118 1108//1108 1111//1111
f 1111//1111 1120//1120 1118//1118
f 1120//1120 1111//1111 1112//1112
f 1112//1112 1121//1121 1120//1120
f 1121//1121 1112//1112 1122//1122
f 1122//1122 1112//1112 1116//1116
f 1122//1122 1116//1116 1047//1047
f 1122//1122 1047//1047 1123//1123
f 1123//1123 1047//1047 1055//1055
f 878//878 1124//1124 665//665
f 665//665 1124//1124 1081//1081
f 879//879 1125//1125 878//878
f 878//878 1125//1125 1124//1124
f 879//879 884//884 1125//1125
f 1085//1085 1081//1081 1126//1126
f 1126//1126 1081//1081 1124//1124
f 1126//1126 1124//1124 1127//1127
f 1127//1127 1124//1124 1125//1125
f 1087//1087 1085//1085 1126//1126
f 1126//1126 1128//1128 1087//1087
f 1128//1128 1126//1126 1127//1127
f 1127//1127 1129//1129 1128//1128
f 1127//1127 1125//1125 1130//1130
f 1130//1130 1125//1125 884//884
f 1130//1130 884//884 885//885
f 1130//1130 885//885 1131//1131
f 1131//1131 885//885 886//886
f 1129//1129 1127//1127 1130//1130
f 1130//1130 1132//1132 1129//1129
f 1132//1132 1130//1130 1131//1131
f 1131//1131 1133//1133 1132//1132
f 1093//1093 1087//1087 1128//1128
f 1128//1128 1134//1134 1093//1093
f 1134//1134 1128//1128 1129//1129
f 1129//1129 1135//1135 1134//1134
f 1095//1095 1093//1093 1134//1134
f 1134//1134 1136//1136 1095//1095
f 1136//1136 1134//1134 1135//1135
f 1135//1135 1137//1137 1136//1136
f 1135//1135 1129//1129 1132//1132
f 1132//1132 1138//1138 1135//1135
f 1138//1138 1132//1132 1139//1139
f 1139//1139 1132//1132 1140//1140
f 1140//1140 1132//1132 1133//1133
f 1139//1139 1140//1140 1141//1141
f 1137//1137 1135//1135 1138//1138
f 1137//1137 1138//1138 1142//1142
f 1139//1139 1142//1142 1138//1138
f 1143//1143 1142//1142 1139//1139
f 1143//1143 1139//1139 1141//1141
f 1131//1131 886//886 906//906
f 1131//1131 906//906 1144//1144
f 1131//1131 1144//1144 1145//1145
f 907//907 1144//1144 906//906
f 1145//1145 1144//1144 1146//1146
f 1146//1146 1144//1144 1147//1147
f 1147//1147 1144//1144 907//907
f 1147//1147 907//907 909//909
f 1133//1133 1131//1131 1145//1145
f 1133//1133 1145//1145 1148//1148
f 1148//1148 1145//1145 1146//1146
f 1148//1148 1146//1146 1147//1147
f 1147//1147 1149//1149 1148//1148
f 1141//1141 1140//1140 1150//1150
f 1150//1150 1140//1140 1133//1133
f 1150//1150 1133//1133 1148//1148
f 1150//1150 1148//1148 1151//1151
f 1150//1150 1151//1151 1152//1152
f 1151//1151 1148//1148 1149//1149
f 1143//1143 1141//1141 1150//1150
f 1152//1152 1151//1151 1153//1153
f 1147//1147 909//909 1154//1154
f 1154//1154 909//909 994//994
f 1149//1149 1147//1147 1154//1154
f 1154//1154 994//994 995//995
f 995//995 1155//1155 1154//1154
f 1155//1155 995//995 1156//1156
f 1156//1156 995//995 996//996
f 1156//1156 996//996 1157//1157
f 1157//1157 996//996 998//998
f 1149//1149 1154//1154 1158//1158
f 1158//1158 1154//1154 1155//1155
f 1158//1158 1155//1155 1156//1156
f 1156//1156 1159//1159 1158//1158
f 1159//1159 1156//1156 1157//1157
f 1157//1157 1160//1160 1159//1159
f 1153//1153 1151//1151 1161//1161
f 1161//1161 1151//1151 1158//1158
f 1158//1158 1151//1151 1149//1149
f 1161//1161 1158//1158 1159//1159
f 1159//1159 1162//1162 1161//1161
f 1162//1162 1159//1159 1160//1160
f 1160//1160 1163//1163 1162//1162
f 1166//1166 1167//1167 1168//1168
f 1169//1169 1164//1164 1165//1165
f 26//26 25//25 1170//1170
f 1170//1170 1171//1171 26//26
f 27//27 26//26 1171//1171
f 1171//1171 1172//1172 27//27
f 29//29 27//27 1172//1172
f 1173//1173 1174//1174 1175//1175
f 1175//1175 1176//1176 1173//1173
f 1176//1176 1175//1175 1177//1177
f 1177//1177 1178//1178 1176//1176
f 566//566 565//565 1179//1179
f 1179//1179 567//567 1180//1180
f 1180//1180 567//567 571//571
f 1176//1176 1181//1181 1173//1173
f 1180//1180 571//571 1178//1178
f 1178//1178 571//571 1182//1182
f 1178//1178 1181//1181 1176//1176
f 671//671 1183//1183 1182//1182
f 671//671 1182//1182 570//570
f 658//658 656//656 657//657
f 1172//1172 1171//1171 1184//1184
f 1184//1184 1171//1171 1185//1185
f 1184//1184 1185//1185 1174//1174
f 29//29 1172//1172 1184//1184
f 1184//1184 1186//1186 29//29
f 1186//1186 1184//1184 1174//1174
f 1174//1174 1173//1173 1186//1186
f 667//667 29//29 1186//1186
f 667//667 1186//1186 1173//1173
f 667//667 1173//1173 1181//1181
f 669//669 1181//1181 1183//1183
f 675//675 674//674 1035//1035
f 981//981 982//982 985//985
f 1009//1009 974//974 975//975
f 975//975 1010//1010 1009//1009
f 1009//1009 1008//1008 974//974
f 1010//1010 1011//1011 1008//1008
f 1010//1010 975//975 991//991
f 991//991 1187//1187 1010//1010
f 1187//1187 1018//1018 1011//1011
f 1011//1011 1010//1010 1187//1187
f 1075//1075 1188//1188 1189//1189
f 1188//1188 1075//1075 1076//1076
f 1076//1076 1190//1190 1188//1188
f 1191//1191 1189//1189 1192//1192
f 1192//1192 1189//1189 1188//1188
f 1190//1190 1193//1193 1188//1188
f 1188//1188 1193//1193 1192//1192
f 1194//1194 1192//1192 1193//1193
f 1191//1191 1197//1197 1195//1195
f 1198//1198 1196//1196 1195//1195
f 1198//1198 1195//1195 1197//1197
f 1197//1197 1199//1199 1198//1198
f 1200//1200 1198//1198 1199//1199
f 1199//1199 1201//1201 1200//1200
f 1192//1192 1197//1197 1191//1191
f 1199//1199 1197//1197 1202//1202
f 1202//1202 1197//1197 1192//1192
f 1202//1202 1192//1192 1194//1194
f 1194//1194 1203//1203 1202//1202
f 1201//1201 1199//1199 1202//1202
f 1202//1202 1204//1204 1201//1201
f 1204//1204 1202//1202 1203//1203
f 1203//1203 1205//1205 1204//1204
f 1190//1190 1076//1076 1090//1090
f 1190//1190 1090//1090 1091//1091
f 1091//1091 1206//1206 1190//1190
f 1194//1194 1193//1193 1190//1190
f 1190//1190 1207//1207 1194//1194
f 1207//1207 1190//1190 1206//1206
f 1206//1206 1208//1208 1207//1207
f 1206//1206 1091//1091 1094//1094
f 1094//1094 1209//1209 1206//1206
f 1209//1209 1094//1094 1210//1210
f 1210//1210 1094//1094 1211//1211
f 1211//1211 1094//1094 1095//1095
f 1208//1208 1206//1206 1209//1209
f 1209//1209 1212//1212 1208//1208
f 1212//1212 1209//1209 1210//1210
f 1212//1212 1210//1210 1213//1213
f 1203//1203 1194//1194 1207//1207
f 1207//1207 1214//1214 1203//1203
f 1214//1214 1207//1207 1215//1215
f 1215//1215 1207//1207 1208//1208
f 1205//1205 1203//1203 1214//1214
f 1214//1214 1216//1216 1205//1205
f 1216//1216 1214//1214 1217//1217
f 1217//1217 1214//1214 1215//1215
f 1215//1215 1208//1208 1218//1218
f 1218//1218 1208//1208 1212//1212
f 1218//1218 1212//1212 1213//1213
f 1213//1213 1219//1219 1218//1218
f 1217//1217 1215//1215 1220//1220
f 1220//1220 1215//1215 1218//1218
f 1220//1220 1218//1218 1221//1221
f 1221//1221 1218//1218 1219//1219
f 1222//1222 1223//1223 1224//1224
f 1223//1223 1222//1222 1225//1225
f 1225//1225 1222//1222 1226//1226
f 1223//1223 1227//1227 1224//1224
f 1225//1225 1228//1228 1227//1227
f 1227//1227 1223//1223 1225//1225
f 1226//1226 1229//1229 1230//1230
f 1230//1230 1229//1229 1200//1200
f 1230//1230 1200//1200 1201//1201
f 1201//1201 1231//1231 1230//1230
f 1225//1225 1226//1226 1232//1232
f 1232//1232 1226//1226 1230//1230
f 1232//1232 1230//1230 1231//1231
f 1231//1231 1233//1233 1232//1232
f 1231//1231 1201//1201 1204//1204
f 1204//1204 1234//1234 1231//1231
f 1234//1234 1204//1204 1205//1205
f 1205//1205 1235//1235 1234//1234
f 1233//1233 1231//1231 1234//1234
f 1234//1234 1236//1236 1233//1233
f 1236//1236 1234//1234 1235//1235
f 1235//1235 1237//1237 1236//1236
f 1232//1232 1238//1238 1228//1228
f 1228//1228 1225//1225 1232//1232
f 1233//1233 1239//1239 1232//1232
f 1232//1232 1239//1239 1238//1238
f 1236//1236 1240//1240 1233//1233
f 1233//1233 1240//1240 1239//1239
f 1236//1236 1237//1237 1240//1240
f 1235//1235 1205//1205 1216//1216
f 1216//1216 1241//1241 1235//1235
f 1241//1241 1216//1216 1242//1242
f 1242//1242 1216//1216 1217//1217
f 1237//1237 1235//1235 1243//1243
f 1243//1243 1235//1235 1241//1241
f 1243//1243 1241//1241 1244//1244
f 1244//1244 1241//1241 1242//1242
f 1242//1242 1217//1217 1245//1245
f 1245//1245 1217//1217 1220//1220
f 1245//1245 1220//1220 1221//1221
f 1221//1221 1246//1246 1245//1245
f 1244//1244 1242//1242 1247//1247
f 1247//1247 1242//1242 1245//1245
f 1247//1247 1245//1245 1246//1246
f 1246//1246 1248//1248 1247//1247
f 1243//1243 1249//1249 1237//1237
f 1244//1244 1250//1250 1249//1249
f 1249//1249 1243//1243 1244//1244
f 1247//1247 1251//1251 1244//1244
f 1244//1244 1251//1251 1250//1250
f 1248//1248 1252//1252 1247//1247
f 1247//1247 1252//1252 1251//1251
f 1253//1253 1254//1254 1227//1227
f 1253//1253 1227//1227 1255//1255
f 1227//1227 1254//1254 1224//1224
f 1255//1255 1227//1227 1228//1228
f 1228//1228 1256//1256 1255//1255
f 1257//1257 1253//1253 1258//1258
f 1258//1258 1253//1253 1255//1255
f 1258//1258 1255//1255 1259//1259
f 1259//1259 1255//1255 1256//1256
f 1256//1256 1228//1228 1238//1238
f 1259//1259 1256//1256 1238//1238
f 1238//1238 1261//1261 1259//1259
f 1261//1261 1238//1238 1239//1239
f 1239//1239 1262//1262 1261//1261
f 1263//1263 1239//1239 1240//1240
f 1263//1263 1240//1240 1237//1237
f 1237//1237 1264//1264 1263//1263
f 1262//1262 1239//1239 1263//1263
f 1263//1263 1265//1265 1262//1262
f 1265//1265 1263//1263 1264//1264
f 1264//1264 1266//1266 1265//1265
f 1264//1264 1237//1237 1249//1249
f 1249//1249 1267//1267 1264//1264
f 1267//1267 1249//1249 1250//1250
f 1250//1250 1268//1268 1267//1267
f 1266//1266 1264//1264 1269//1269
f 1269//1269 1264//1264 1267//1267
f 1269//1269 1267//1267 1270//1270
f 1270//1270 1267//1267 1268//1268
f 1268//1268 1250//1250 1271//1271
f 1271//1271 1250//1250 1251//1251
f 1271//1271 1251//1251 1252//1252
f 1270//1270 1268//1268 1271//1271
f 1271//1271 1272//1272 1270//1270
f 1272//1272 1271//1271 1252//1252
f 1252//1252 1273//1273 1272//1272
f 1150//1150 1274//1274 1143//1143
f 1274//1274 1150//1150 1152//1152
f 1152//1152 1275//1275 1274//1274
f 1275//1275 1152//1152 1153//1153
f 1153//1153 1276//1276 1275//1275
f 1136//1136 1277//1277 1095//1095
f 1095//1095 1277//1277 1211//1211
f 1137//1137 1278//1278 1136//1136
f 1136//1136 1278//1278 1277//1277
f 1210//1210 1211//1211 1279//1279
f 1279//1279 1211//1211 1277//1277
f 1279//1279 1277//1277 1280//1280
f 1280//1280 1277//1277 1278//1278
f 1213//1213 1210//1210 1279//1279
f 1279//1279 1281//1281 1213//1213
f 1281//1281 1279//1279 1280//1280
f 1280//1280 1282//1282 1281//1281
f 1142//1142 1278//1278 1137//1137
f 1280//1280 1278//1278 1283//1283
f 1283//1283 1278//1278 1142//1142
f 1283//1283 1142//1142 1143//1143
f 1143//1143 1284//1284 1283//1283
f 1282//1282 1280//1280 1283//1283
f 1283//1283 1285//1285 1282//1282
f 1285//1285 1283//1283 1284//1284
f 1284//1284 1286//1286 1285//1285
f 1219//1219 1213//1213 1281//1281
f 1281//1281 1287//1287 1219//1219
f 1287//1287 1281//1281 1282//1282
f 1282//1282 1288//1288 1287//1287
f 1221//1221 1219//1219 1287//1287
f 1287//1287 1289//1289 1221//1221
f 1289//1289 1287//1287 1288//1288
f 1288//1288 1290//1290 1289//1289
f 1288//1288 1282//1282 1285//1285
f 1285//1285 1291//1291 1288//1288
f 1291//1291 1285//1285 1286//1286
f 1286//1286 1292//1292 1291//1291
f 1290//1290 1288//1288 1291//1291
f 1291//1291 1293//1293 1290//1290
f 1293//1293 1291//1291 1292//1292
f 1292//1292 1294//1294 1293//1293
f 1284//1284 1143//1143 1274//1274
f 1274//1274 1295//1295 1284//1284
f 1295//1295 1274//1274 1296//1296
f 1295//1295 1296//1296 1297//1297
f 1296//1296 1274//1274 1275//1275
f 1286//1286 1284//1284 1295//1295
f 1295//1295 1298//1298 1286//1286
f 1298//1298 1295//1295 1299//1299
f 1299//1299 1295//1295 1297//1297
f 1276//1276 1296//1296 1275//1275
f 1292//1292 1286//1286 1298//1298
f 1298//1298 1300//1300 1292//1292
f 1300//1300 1298//1298 1301//1301
f 1301//1301 1298//1298 1299//1299
f 1294//1294 1292//1292 1302//1302
f 1294//1294 1302//1302 1303//1303
f 1302//1302 1292//1292 1300//1300
f 1301//1301 1302//1302 1300//1300
f 1276//1276 1153//1153 1304//1304
f 1304//1304 1153//1153 1161//1161
f 1304//1304 1161//1161 1162//1162
f 1162//1162 1305//1305 1304//1304
f 1305//1305 1162//1162 1163//1163
f 1163//1163 1306//1306 1305//1305
f 1299//1299 1297//1297 1307//1307
f 1297//1297 1296//1296 1308//1308
f 1308//1308 1296//1296 1304//1304
f 1304//1304 1296//1296 1276//1276
f 1308//1308 1304//1304 1309//1309
f 1309//1309 1304//1304 1305//1305
f 1309//1309 1305//1305 1310//1310
f 1310//1310 1305//1305 1306//1306
f 1307//1307 1297//1297 1308//1308
f 1308//1308 1311//1311 1307//1307
f 1311//1311 1308//1308 1312//1312
f 1312//1312 1308//1308 1309//1309
f 1312//1312 1309//1309 1310//1310
f 1310//1310 1313//1313 1312//1312
f 1301//1301 1299//1299 1314//1314
f 1314//1314 1299//1299 1307//1307
f 1315//1315 1302//1302 1301//1301
f 1315//1315 1301//1301 1314//1314
f 1314//1314 1307//1307 1311//1311
f 1311//1311 1316//1316 1314//1314
f 1316//1316 1311//1311 1312//1312
f 1312//1312 1317//1317 1316//1316
f 1317//1317 1312//1312 1313//1313
f 1313//1313 1318//1318 1317//1317
f 1315//1315 1314//1314 1316//1316
f 1316//1316 1319//1319 1315//1315
f 1319//1319 1316//1316 1320//1320
f 1320//1320 1316//1316 1317//1317
f 1320//1320 1317//1317 1318//1318
f 1318//1318 1321//1321 1320//1320
f 1246//1246 1221//1221 1289//1289
f 1289//1289 1322//1322 1246//1246
f 1322//1322 1289//1289 1290//1290
f 1290//1290 1323//1323 1322//1322
f 1248//1248 1246//1246 1322//1322
f 1322//1322 1324//1324 1248//1248
f 1324//1324 1322//1322 1325//1325
f 1325//1325 1322//1322 1323//1323
f 1323//1323 1290//1290 1293//1293
f 1293//1293 1326//1326 1323//1323
f 1326//1326 1293//1293 1294//1294
f 1294//1294 1327//1327 1326//1326
f 1326//1326 1328//1328 1323//1323
f 1323//1323 1328//1328 1325//1325
f 1326//1326 1327//1327 1328//1328
f 1248//1248 1324//1324 1252//1252
f 1327//1327 1294//1294 1329//1329
f 1329//1329 1294//1294 1303//1303
f 1330//1330 1325//1325 1328//1328
f 1330//1330 1328//1328 1331//1331
f 1331//1331 1328//1328 1327//1327
f 1332//1332 1252//1252 1324//1324
f 1332//1332 1324//1324 1333//1333
f 1333//1333 1324//1324 1325//1325
f 1273//1273 1252//1252 1332//1332
f 1332//1332 1334//1334 1273//1273
f 1334//1334 1332//1332 1333//1333
f 1333//1333 1335//1335 1334//1334
f 1333//1333 1325//1325 1330//1330
f 1330//1330 1336//1336 1333//1333
f 1336//1336 1330//1330 1331//1331
f 1331//1331 1337//1337 1336//1336
f 1335//1335 1333//1333 1336//1336
f 1336//1336 1338//1338 1335//1335
f 1338//1338 1336//1336 1337//1337
f 1337//1337 1339//1339 1338//1338
f 1329//1329 1303//1303 1340//1340
f 1340//1340 1303//1303 1302//1302
f 1340//1340 1302//1302 1315//1315
f 1315//1315 1341//1341 1340//1340
f 1331//1331 1327//1327 1329//1329
f 1331//1331 1329//1329 1342//1342
f 1342//1342 1329//1329 1340//1340
f 1342//1342 1340//1340 1341//1341
f 1341//1341 1343//1343 1342//1342
f 1341//1341 1315//1315 1319//1319
f 1319//1319 1344//1344 1341//1341
f 1344//1344 1319//1319 1345//1345
f 1345//1345 1319//1319 1320//1320
f 1345//1345 1320//1320 1346//1346
f 1346//1346 1320//1320 1321//1321
f 1343//1343 1341//1341 1344//1344
f 1344//1344 1347//1347 1343//1343
f 1347//1347 1344//1344 1348//1348
f 1348//1348 1344//1344 1345//1345
f 1348//1348 1345//1345 1349//1349
f 1349//1349 1345//1345 1346//1346
f 1337//1337 1331//1331 1342//1342
f 1342//1342 1350//1350 1337//1337
f 1350//1350 1342//1342 1343//1343
f 1343//1343 1351//1351 1350//1350
f 1339//1339 1337//1337 1352//1352
f 1352//1352 1337//1337 1350//1350
f 1350//1350 1351//1351 1352//1352
f 1351//1351 1353//1353 1352//1352
f 1351//1351 1343//1343 1354//1354
f 1354//1354 1343//1343 1347//1347
f 1354//1354 1347//1347 1355//1355
f 1355//1355 1347//1347 1349//1349
f 1349//1349 1347//1347 1348//1348
f 1353//1353 1351//1351 1354//1354
f 1353//1353 1354//1354 1356//1356
f 1356//1356 1354//1354 1355//1355
f 1355//1355 1357//1357 1356//1356
f 1168//1168 1167//1167 1169//1169
f 1169//1169 1167//1167 1164//1164
f 1169//1169 1358//1358 1359//1359
f 1359//1359 1168//1168 1169//1169
f 1360//1360 1359//1359 1358//1358
f 1361//1361 1362//1362 1363//1363
f 1363//1363 1362//1362 1364//1364
f 1363//1363 1365//1365 1361//1361
f 1169//1169 1165//1165 1366//1366
f 1169//1169 1366//1366 1361//1361
f 1367//1367 1358//1358 1169//1169
f 1367//1367 1169//1169 1361//1361
f 1367//1367 1361//1361 1365//1365
f 1367//1367 1365//1365 1368//1368
f 1368//1368 1369//1369 1367//1367
f 1165//1165 1164//1164 1370//1370
f 1371//1371 1372//1372 1373//1373
f 1373//1373 1372//1372 1374//1374
f 1374//1374 1375//1375 1373//1373
f 1376//1376 1371//1371 1373//1373
f 1376//1376 1373//1373 1377//1377
f 1375//1375 1378//1378 1377//1377
f 1377//1377 1373//1373 1375//1375
f 1376//1376 1377//1377 1379//1379
f 1379//1379 1377//1377 1380//1380
f 1380//1380 1377//1377 1378//1378
f 1381//1381 1376//1376 1382//1382
f 1382//1382 1376//1376 1379//1379
f 1382//1382 1379//1379 1380//1380
f 1383//1383 1382//1382 1384//1384
f 1385//1385 1386//1386 1387//1387
f 1388//1388 1389//1389 1387//1387
f 1388//1388 1387//1387 1386//1386
f 1386//1386 1390//1390 1388//1388
f 829//829 1391//1391 1392//1392
f 1393//1393 1388//1388 1390//1390
f 1394//1394 1393//1393 1395//1395
f 1396//1396 1394//1394 1397//1397
f 1398//1398 1399//1399 1400//1400
f 1401//1401 1400//1400 1402//1402
f 1403//1403 1398//1398 1400//1400
f 1403//1403 1400//1400 1401//1401
f 1403//1403 1401//1401 1404//1404
f 1405//1405 1403//1403 1404//1404
f 1406//1406 829//829 1392//1392
f 945//945 1407//1407 1408//1408
f 947//947 945//945 1409//1409
f 1409//1409 945//945 1408//1408
f 986//986 947//947 1409//1409
f 986//986 1409//1409 1410//1410
f 1411//1411 1412//1412 1413//1413
f 1413//1413 1412//1412 1414//1414
f 1413//1413 1414//1414 1415//1415
f 1413//1413 1415//1415 1416//1416
f 1417//1417 1418//1418 161//161
f 1419//1419 1417//1417 1420//1420
f 1420//1420 1417//1417 161//161
f 1417//1417 1419//1419 1421//1421
f 1422//1422 1423//1423 1424//1424
f 1424//1424 1425//1425 1422//1422
f 1426//1426 1425//1425 1424//1424
f 1427//1427 1428//1428 1429//1429
f 1427//1427 1430//1430 1428//1428
f 1429//1429 1428//1428 1432//1432
f 1429//1429 1432//1432 1433//1433
f 1434//1434 1433//1433 1432//1432
f 1432//1432 1435//1435 1434//1434
f 1435//1435 1436//1436 1434//1434
f 1432//1432 1428//1428 1430//1430
f 1430//1430 1437//1437 1432//1432
f 1430//1430 1431//1431 1437//1437
f 1435//1435 1432//1432 1438//1438
f 1438//1438 1432//1432 1437//1437
f 1438//1438 1439//1439 1435//1435
f 1435//1435 1439//1439 1436//1436
f 1440//1440 1441//1441 165//165
f 165//165 164//164 1440//1440
f 1442//1442 1440//1440 164//164
f 164//164 167//167 1442//1442
f 1419//1419 1441//1441 1421//1421
f 1443//1443 1444//1444 1445//1445
f 1445//1445 1444//1444 167//167
f 167//167 1444//1444 1442//1442
f 1446//1446 1444//1444 1443//1443
f 1447//1447 1446//1446 1448//1448
f 1448//1448 1446//1446 1443//1443
f 1449//1449 1436//1436 1439//1439
f 1439//1439 1450//1450 1449//1449
f 1450//1450 1439//1439 1451//1451
f 1449//1449 1452//1452 1453//1453
f 1452//1452 1449//1449 1454//1454
f 1454//1454 1449//1449 1450//1450
f 1454//1454 1450//1450 1455//1455
f 1455//1455 1450//1450 1451//1451
f 1456//1456 1452//1452 1457//1457
f 1457//1457 1452//1452 1454//1454
f 1457//1457 1454//1454 1458//1458
f 1458//1458 1454//1454 1455//1455
f 1459//1459 1456//1456 1457//1457
f 1459//1459 1457//1457 1460//1460
f 1460//1460 1457//1457 1458//1458
f 1461//1461 1459//1459 1462//1462
f 1462//1462 1459//1459 1460//1460
f 356//356 1463//1463 1447//1447
f 356//356 1447//1447 1448//1448
f 1464//1464 1463//1463 356//356
f 356//356 355//355 1464//1464
f 1465//1465 1466//1466 397//397
f 397//397 1466//1466 1467//1467
f 1468//1468 1469//1469 1470//1470
f 1471//1471 1472//1472 404//404
f 404//404 1472//1472 398//398
f 398//398 1472//1472 1473//1473
f 405//405 1471//1471 404//404
f 1462//1462 1469//1469 1461//1461
f 1468//1468 1474//1474 1469//1469
f 1475//1475 1476//1476 310//310
f 310//310 311//311 1475//1475
f 1374//1374 1475//1475 313//313
f 313//313 1475//1475 311//311
f 1375//1375 1374//1374 1477//1477
f 1378//1378 1375//1375 1477//1477
f 305//305 1478//1478 340//340
f 342//342 340//340 1478//1478
f 1478//1478 349//349 342//342
f 1478//1478 305//305 1479//1479
f 349//349 1478//1478 1479//1479
f 1479//1479 1480//1480 349//349
f 348//348 349//349 1481//1481
f 1481//1481 349//349 1480//1480
f 1481//1481 1480//1480 1482//1482
f 350//350 347//347 1483//1483
f 1483//1483 347//347 1481//1481
f 1481//1481 347//347 348//348
f 1483//1483 1481//1481 1482//1482
f 1482//1482 1484//1484 1483//1483
f 1380//1380 1378//1378 1485//1485
f 1485//1485 352//352 1380//1380
f 1380//1380 352//352 1384//1384
f 1383//1383 1384//1384 1486//1486
f 1486//1486 1384//1384 1487//1487
f 1487//1487 354//354 1486//1486
f 1385//1385 1486//1486 354//354
f 778//778 350//350 1483//1483
f 1483//1483 781//781 778//778
f 781//781 1483//1483 1488//1488
f 1488//1488 1483//1483 1484//1484
f 783//783 781//781 1488//1488
f 791//791 783//783 1489//1489
f 1489//1489 793//793 791//791
f 1397//1397 1394//1394 1395//1395
f 1382//1382 1380//1380 1384//1384
f 824//824 822//822 1490//1490
f 1490//1490 1491//1491 824//824
f 1492//1492 821//821 794//794
f 1493//1493 826//826 1494//1494
f 1494//1494 826//826 1491//1491
f 1491//1491 826//826 824//824
f 1494//1494 1391//1391 1493//1493
f 829//829 1493//1493 1391//1391
f 1399//1399 1495//1495 1496//1496
f 1496//1496 1400//1400 1399//1399
f 940//940 939//939 1406//1406
f 984//984 947//947 986//986
f 987//987 986//986 1410//1410
f 1414//1414 1497//1497 1415//1415
f 1415//1415 1497//1497 1498//1498
f 1370//1370 1366//1366 1165//1165
f 1361//1361 1366//1366 1362//1362
f 1476//1476 1475//1475 1499//1499
f 1372//1372 1499//1499 1374//1374
f 1374//1374 1499//1499 1475//1475
f 312//312 315//315 313//313
f 309//309 313//313 311//311
f 1477//1477 313//313 314//314
f 1485//1485 1500//1500 314//314
f 1485//1485 314//314 351//351
f 351//351 353//353 1485//1485
f 1485//1485 353//353 352//352
f 1487//1487 1384//1384 352//352
f 1501//1501 1396//1396 1397//1397
f 1401//1401 1402//1402 1502//1502
f 1402//1402 1501//1501 1503//1503
f 1502//1502 1402//1402 1504//1504
f 1504//1504 1402//1402 1503//1503
f 1502//1502 1404//1404 1401//1401
f 1505//1505 1506//1506 1507//1507
f 1508//1508 1404//1404 1504//1504
f 1504//1504 1404//1404 1502//1502
f 1404//1404 1509//1509 1405//1405
f 1509//1509 1404//1404 1508//1508
f 1508//1508 999//999 1509//1509
f 909//909 910//910 994//994
f 1510//1510 1505//1505 1497//1497
f 1497//1497 1505//1505 1507//1507
f 1497//1497 1507//1507 1498//1498
f 1498//1498 1507//1507 1405//1405
f 1414//1414 1510//1510 1497//1497
f 1498//1498 1405//1405 1509//1509
f 1509//1509 1001//1001 1498//1498
f 1001//1001 1509//1509 999//999
f 1416//1416 1002//1002 1004//1004
f 1511//1511 1413//1413 1416//1416
f 1511//1511 1416//1416 1004//1004
f 1004//1004 1005//1005 1511//1511
f 1511//1511 1013//1013 1410//1410
f 1013//1013 1511//1511 1005//1005
f 993//993 1410//1410 1014//1014
f 1014//1014 1410//1410 1013//1013
f 1187//1187 991//991 1016//1016
f 1364//1364 1362//1362 1366//1366
f 10//10 1512//1512 11//11
f 12//12 11//11 1513//1513
f 1513//1513 11//11 1512//1512
f 13//13 12//12 1513//1513
f 1520//1520 1519//1519 1521//1521
f 23//23 22//22 1522//1522
f 24//24 23//23 1523//1523
f 1523//1523 23//23 1522//1522
f 25//25 24//24 1523//1523
f 1523//1523 1170//1170 25//25
f 1418//1418 1524//1524 1525//1525
f 1512//1512 10//10 1423//1423
f 1513//1513 1512//1512 1423//1423
f 292//292 295//295 1526//1526
f 1527//1527 1526//1526 1476//1476
f 1476//1476 1526//1526 295//295
f 295//295 310//310 1476//1476
f 309//309 308//308 312//312
f 1477//1477 1374//1374 313//313
f 1477//1477 1500//1500 1378//1378
f 314//314 1500//1500 1477//1477
f 1485//1485 1378//1378 1500//1500
f 401//401 405//405 404//404
f 1528//1528 1529//1529 1530//1530
f 1530//1530 1529//1529 1531//1531
f 1171//1171 1170//1170 1532//1532
f 1532//1532 1185//1185 1171//1171
f 1185//1185 1532//1532 1529//1529
f 1185//1185 1529//1529 1528//1528
f 1496//1496 1533//1533 1396//1396
f 1396//1396 1534//1534 1496//1496
f 1534//1534 1396//1396 1501//1501
f 1400//1400 1496//1496 1534//1534
f 1400//1400 1534//1534 1402//1402
f 1402//1402 1534//1534 1501//1501
f 1016//1016 1017//1017 1019//1019
f 1016//1016 1018//1018 1187//1187
f 1535//1535 44//44 1536//1536
f 1536//1536 44//44 45//45
f 1537//1537 1535//1535 1538//1538
f 1538//1538 1535//1535 1536//1536
f 1539//1539 1537//1537 1538//1538
f 1538//1538 1540//1540 1539//1539
f 1541//1541 1539//1539 1540//1540
f 1540//1540 1542//1542 1541//1541
f 1543//1543 1541//1541 1542//1542
f 1542//1542 1544//1544 1543//1543
f 1545//1545 1543//1543 1544//1544
f 163//163 161//161 162//162
f 1546//1546 167//167 170//170
f 173//173 172//172 1546//1546
f 173//173 1546//1546 170//170
f 1547//1547 172//172 358//358
f 357//357 1547//1547 358//358
f 1548//1548 405//405 1549//1549
f 502//502 1548//1548 1549//1549
f 1549//1549 409//409 502//502
f 1549//1549 405//405 402//402
f 1549//1549 402//402 406//406
f 409//409 1549//1549 406//406
f 501//501 504//504 502//502
f 1550//1550 503//503 506//506
f 1551//1551 1550//1550 515//515
f 515//515 1550//1550 506//506
f 1552//1552 1551//1551 519//519
f 519//519 1551//1551 515//515
f 1553//1553 1552//1552 541//541
f 541//541 1552//1552 519//519
f 541//541 545//545 1553//1553
f 566//566 1554//1554 564//564
f 564//564 1554//1554 1553//1553
f 564//564 1553//1553 545//545
f 1179//1179 565//565 567//567
f 1178//1178 1182//1182 1181//1181
f 1181//1181 1182//1182 1183//1183
f 671//671 570//570 1555//1555
f 1555//1555 672//672 671//671
f 1555//1555 570//570 585//585
f 577//577 1556//1556 586//586
f 585//585 586//586 674//674
f 585//585 674//674 1555//1555
f 1555//1555 674//674 672//672
f 1035//1035 674//674 1556//1556
f 1556//1556 674//674 586//586
f 587//587 1556//1556 577//577
f 1183//1183 671//671 669//669
f 670//670 671//671 672//672
f 822//822 821//821 1490//1490
f 1490//1490 821//821 1492//1492
f 939//939 829//829 1406//1406
f 1406//1406 944//944 940//940
f 1410//1410 993//993 987//987
f 1410//1410 1557//1557 1511//1511
f 583//583 1033//1033 582//582
f 1054//1054 1558//1558 1053//1053
f 1559//1559 1055//1055 1056//1056
f 1056//1056 1560//1560 1559//1559
f 1560//1560 1056//1056 1558//1558
f 1558//1558 1056//1056 1053//1053
f 1561//1561 1559//1559 1562//1562
f 1562//1562 1559//1559 1560//1560
f 1562//1562 1560//1560 1563//1563
f 1563//1563 1560//1560 1558//1558
f 1564//1564 1561//1561 1562//1562
f 1562//1562 1565//1565 1564//1564
f 1565//1565 1562//1562 1229//1229
f 1229//1229 1562//1562 1563//1563
f 1096//1096 1071//1071 1189//1189
f 1189//1189 1071//1071 1072//1072
f 1196//1196 1558//1558 1096//1096
f 1196//1196 1096//1096 1195//1195
f 1096//1096 1558//1558 1054//1054
f 1195//1195 1096//1096 1191//1191
f 1191//1191 1096//1096 1189//1189
f 1189//1189 1072//1072 1075//1075
f 1563//1563 1558//1558 1196//1196
f 1563//1563 1196//1196 1198//1198
f 1229//1229 1563//1563 1200//1200
f 1200//1200 1563//1563 1198//1198
f 1119//1119 1117//1117 1566//1566
f 1566//1566 1117//1117 1118//1118
f 1566//1566 1118//1118 1120//1120
f 1120//1120 1567//1567 1566//1566
f 1567//1567 1120//1120 1121//1121
f 1121//1121 1568//1568 1567//1567
f 1536//1536 45//45 1119//1119
f 1119//1119 1569//1569 1536//1536
f 1569//1569 1119//1119 1566//1566
f 1566//1566 1570//1570 1569//1569
f 1538//1538 1536//1536 1569//1569
f 1569//1569 1571//1571 1538//1538
f 1571//1571 1569//1569 1570//1570
f 1570//1570 1572//1572 1571//1571
f 1570//1570 1566//1566 1567//1567
f 1567//1567 1573//1573 1570//1570
f 1573//1573 1567//1567 1574//1574
f 1574//1574 1567//1567 1568//1568
f 1572//1572 1570//1570 1573//1573
f 1573//1573 1575//1575 1572//1572
f 1575//1575 1573//1573 1576//1576
f 1576//1576 1573//1573 1574//1574
f 1568//1568 1121//1121 1577//1577
f 1577//1577 1121//1121 1122//1122
f 1577//1577 1122//1122 1123//1123
f 1123//1123 1578//1578 1577//1577
f 1578//1578 1123//1123 1055//1055
f 1055//1055 1559//1559 1578//1578
f 1574//1574 1568//1568 1579//1579
f 1579//1579 1568//1568 1577//1577
f 1579//1579 1577//1577 1580//1580
f 1580//1580 1577//1577 1578//1578
f 1576//1576 1574//1574 1579//1579
f 1579//1579 1581//1581 1576//1576
f 1581//1581 1579//1579 1580//1580
f 1580//1580 1582//1582 1581//1581
f 1580//1580 1578//1578 1561//1561
f 1561//1561 1578//1578 1559//1559
f 1582//1582 1580//1580 1561//1561
f 1561//1561 1564//1564 1582//1582
f 1583//1583 1564//1564 1565//1565
f 1565//1565 1222//1222 1583//1583
f 1222//1222 1565//1565 1226//1226
f 1226//1226 1565//1565 1229//1229
f 1224//1224 1583//1583 1222//1222
f 1540//1540 1538//1538 1571//1571
f 1571//1571 1584//1584 1540//1540
f 1584//1584 1571//1571 1572//1572
f 1572//1572 1585//1585 1584//1584
f 1542//1542 1540//1540 1584//1584
f 1584//1584 1586//1586 1542//1542
f 1586//1586 1584//1584 1587//1587
f 1587//1587 1584//1584 1585//1585
f 1585//1585 1572//1572 1588//1588
f 1588//1588 1572//1572 1575//1575
f 1588//1588 1575//1575 1576//1576
f 1576//1576 1589//1589 1588//1588
f 1587//1587 1585//1585 1590//1590
f 1590//1590 1585//1585 1588//1588
f 1590//1590 1588//1588 1589//1589
f 1589//1589 1591//1591 1590//1590
f 1544//1544 1542//1542 1586//1586
f 1586//1586 1592//1592 1544//1544
f 1592//1592 1586//1586 1587//1587
f 1587//1587 1593//1593 1592//1592
f 1545//1545 1544//1544 1594//1594
f 1594//1594 1544//1544 1592//1592
f 1594//1594 1592//1592 1595//1595
f 1595//1595 1592//1592 1593//1593
f 1593//1593 1587//1587 1590//1590
f 1590//1590 1596//1596 1593//1593
f 1596//1596 1590//1590 1591//1591
f 1591//1591 1597//1597 1596//1596
f 1595//1595 1593//1593 1596//1596
f 1596//1596 1598//1598 1595//1595
f 1598//1598 1596//1596 1597//1597
f 1597//1597 1599//1599 1598//1598
f 1589//1589 1576//1576 1581//1581
f 1581//1581 1600//1600 1589//1589
f 1600//1600 1581//1581 1601//1601
f 1601//1601 1581//1581 1582//1582
f 1591//1591 1589//1589 1602//1602
f 1602//1602 1589//1589 1600//1600
f 1602//1602 1600//1600 1254//1254
f 1254//1254 1600//1600 1601//1601
f 1601//1601 1582//1582 1564//1564
f 1564//1564 1583//1583 1601//1601
f 1254//1254 1601//1601 1583//1583
f 1583//1583 1224//1224 1254//1254
f 1597//1597 1591//1591 1603//1603
f 1603//1603 1591//1591 1602//1602
f 1603//1603 1602//1602 1253//1253
f 1253//1253 1602//1602 1254//1254
f 1599//1599 1597//1597 1260//1260
f 1260//1260 1597//1597 1603//1603
f 1260//1260 1603//1603 1257//1257
f 1257//1257 1603//1603 1253//1253
f 1168//1168 1359//1359 1166//1166
f 1604//1604 1543//1543 1545//1545
f 1525//1525 6//6 47//47
f 1525//1525 1524//1524 6//6
f 6//6 1524//1524 8//8
f 47//47 50//50 1525//1525
f 161//161 1525//1525 50//50
f 1420//1420 161//161 163//163
f 163//163 165//165 1420//1420
f 357//357 356//356 1547//1547
f 397//397 1467//1467 372//372
f 372//372 1467//1467 371//371
f 571//571 567//567 569//569
f 1182//1182 571//571 570//570
f 1035//1035 1556//1556 1605//1605
f 1605//1605 1556//1556 587//587
f 31//31 29//29 667//667
f 667//667 1181//1181 669//669
f 1557//1557 1606//1606 1511//1511
f 1511//1511 1606//1606 1413//1413
f 1036//1036 1035//1035 1605//1605
f 1036//1036 1605//1605 587//587
f 1385//1385 1607//1607 1486//1486
f 1608//1608 1533//1533 1609//1609
f 1533//1533 1608//1608 1394//1394
f 1394//1394 1396//1396 1533//1533
f 1495//1495 1609//1609 1533//1533
f 1533//1533 1496//1496 1495//1495
f 22//22 21//21 1610//1610
f 1610//1610 1611//1611 22//22
f 1522//1522 22//22 1611//1611
f 1612//1612 1456//1456 1459//1459
f 1461//1461 1612//1612 1459//1459
f 1610//1610 1613//1613 1614//1614
f 1614//1614 1615//1615 1610//1610
f 1611//1611 1610//1610 1616//1616
f 1616//1616 1610//1610 1615//1615
f 1522//1522 1611//1611 1616//1616
f 1616//1616 1617//1617 1522//1522
f 1523//1523 1522//1522 1618//1618
f 1618//1618 1522//1522 1617//1617
f 1170//1170 1523//1523 1618//1618
f 1618//1618 1532//1532 1170//1170
f 10//10 8//8 1621//1621
f 1621//1621 8//8 1524//1524
f 1418//1418 1621//1621 1524//1524
f 1423//1423 10//10 1621//1621
f 1622//1622 1423//1423 1621//1621
f 161//161 1418//1418 1525//1525
f 1423//1423 1422//1422 1513//1513
f 1619//1619 1513//1513 1623//1623
f 1623//1623 1513//1513 1422//1422
f 1429//1429 1623//1623 1422//1422
f 1429//1429 1422//1422 1427//1427
f 1427//1427 1422//1422 1425//1425
f 1427//1427 1425//1425 1426//1426
f 1623//1623 1433//1433 1620//1620
f 1620//1620 1619//1619 1623//1623
f 1429//1429 1433//1433 1623//1623
f 1624//1624 1620//1620 1433//1433
f 1433//1433 1434//1434 1624//1624
f 1434//1434 1625//1625 1624//1624
f 1624//1624 1625//1625 1626//1626
f 1434//1434 1436//1436 1625//1625
f 1448//1448 1445//1445 172//172
f 1445//1445 167//167 1546//1546
f 1546//1546 172//172 1445//1445
f 1627//1627 1626//1626 1628//1628
f 1628//1628 1626//1626 1625//1625
f 1628//1628 1625//1625 1449//1449
f 1449//1449 1625//1625 1436//1436
f 1629//1629 1627//1627 1628//1628
f 1628//1628 1453//1453 1629//1629
f 1453//1453 1628//1628 1449//1449
f 1630//1630 1629//1629 1631//1631
f 1631//1631 1629//1629 1453//1453
f 1521//1521 1630//1630 1632//1632
f 1632//1632 1630//1630 1631//1631
f 1632//1632 1631//1631 1456//1456
f 1456//1456 1612//1612 1632//1632
f 1633//1633 1521//1521 1632//1632
f 1632//1632 1634//1634 1633//1633
f 1634//1634 1632//1632 1612//1612
f 1612//1612 1635//1635 1634//1634
f 1635//1635 1612//1612 1461//1461
f 290//290 289//289 1636//1636
f 1636//1636 289//289 292//292
f 356//356 1448//1448 1547//1547
f 1547//1547 1448//1448 172//172
f 1467//1467 1464//1464 371//371
f 371//371 1464//1464 365//365
f 365//365 1464//1464 355//355
f 397//397 396//396 1465//1465
f 1637//1637 405//405 1548//1548
f 504//504 1637//1637 502//502
f 502//502 1637//1637 1548//1548
f 1638//1638 1633//1633 1634//1634
f 1634//1634 1639//1639 1638//1638
f 1639//1639 1634//1634 1474//1474
f 1474//1474 1634//1634 1635//1635
f 1640//1640 1638//1638 1639//1639
f 1639//1639 1641//1641 1640//1640
f 1641//1641 1639//1639 1474//1474
f 1474//1474 1635//1635 1461//1461
f 1474//1474 1461//1461 1469//1469
f 1642//1642 1640//1640 1641//1641
f 1641//1641 1643//1643 1642//1642
f 1644//1644 1642//1642 1643//1643
f 1643//1643 1645//1645 1644//1644
f 1645//1645 1643//1643 1646//1646
f 1647//1647 1644//1644 1645//1645
f 1645//1645 1648//1648 1647//1647
f 1649//1649 1650//1650 1651//1651
f 1531//1531 1529//1529 1651//1651
f 1651//1651 1529//1529 1649//1649
f 1618//1618 1617//1617 1652//1652
f 1532//1532 1618//1618 1652//1652
f 1652//1652 1653//1653 1532//1532
f 1529//1529 1532//1532 1653//1653
f 1653//1653 1652//1652 1650//1650
f 1650//1650 1649//1649 1653//1653
f 1649//1649 1529//1529 1653//1653
f 1415//1415 1498//1498 1001//1001
f 1001//1001 1002//1002 1415//1415
f 1416//1416 1415//1415 1002//1002
f 13//13 1513//1513 1619//1619
f 1619//1619 14//14 13//13
f 1619//1619 1620//1620 14//14
f 14//14 1620//1620 1514//1514
f 1515//1515 1514//1514 1620//1620
f 1620//1620 1624//1624 1515//1515
f 1624//1624 1626//1626 1516//1516
f 1516//1516 1515//1515 1624//1624
f 1517//1517 1516//1516 1627//1627
f 1627//1627 1516//1516 1626//1626
f 1654//1654 1517//1517 1629//1629
f 1629//1629 1517//1517 1627//1627
f 1518//1518 1654//1654 1630//1630
f 1630//1630 1654//1654 1629//1629
f 1519//1519 1518//1518 1630//1630
f 1630//1630 1521//1521 1519//1519
f 1521//1521 1633//1633 1520//1520
f 15//15 1520//1520 1633//1633
f 1633//1633 1638//1638 15//15
f 16//16 15//15 1640//1640
f 1640//1640 15//15 1638//1638
f 17//17 16//16 1640//1640
f 1640//1640 1642//1642 17//17
f 18//18 17//17 1642//1642
f 1642//1642 1644//1644 18//18
f 19//19 18//18 1644//1644
f 1644//1644 1647//1647 19//19
f 20//20 19//19 1647//1647
f 1647//1647 1613//1613 20//20
f 21//21 20//20 1613//1613
f 1613//1613 1610//1610 21//21
f 1420//1420 165//165 1441//1441
f 1441//1441 1419//1419 1420//1420
f 1448//1448 1443//1443 1445//1445
f 1473//1473 1465//1465 396//396
f 1473//1473 396//396 398//398
f 1613//1613 1647//1647 1648//1648
f 1648//1648 1614//1614 1613//1613
