# Created by Open3D 
# object name: cluster32
# number of vertices: 1543
# number of triangles: 2785
v -1.7661 -3.2449 -0.15387
vn 0.965976 0.107217 -0.235359
v -1.7662 -3.2449 -0.15428
vn 0.965976 0.107217 -0.235359
v -1.7662 -3.244 -0.15387
vn 0.965976 0.107217 -0.235359
v -1.7661 -3.2449 -0.13117
vn 0.953152 -0.238004 0.186698
v -1.7662 -3.2449 -0.13066
vn 0.953152 -0.238004 0.186698
v -1.7662 -3.2453 -0.13117
vn 0.953152 -0.238004 0.186698
v -1.7662 -3.2203 -0.13117
vn 0.987633 0.103857 0.117455
v -1.7662 -3.2222 -0.12949
vn 0.987633 0.103857 0.117455
v -1.766 -3.2222 -0.13117
vn 0.987633 0.103857 0.117455
v -1.7793 -3.1087 -0.085759
vn 0.972512 -0.147806 0.179927
v -1.7776 -3.1314 -0.10846
vn 0.977596 -0.107667 0.180868
v -1.7751 -3.1087 -0.10846
vn 0.972512 -0.147806 0.179927
v -1.7749 -3.086 -0.085759
vn 0.965924 -0.187228 0.178709
v -1.7844 -3.1314 -0.017643
vn 0.992478 0.122421 0
v -1.7844 -3.1314 0.0050616
vn 0.992478 0.122421 0
v -1.7816 -3.1541 0.0050616
vn 0.992478 0.122421 0
v -1.5845 -3.0194 -0.017643
vn 0.461939 -0.862345 -0.207302
v -1.5845 -3.0179 -0.023462
vn 0.46046 -0.859584 -0.221564
v -1.5817 -3.0179 -0.017643
vn 0.466097 -0.860531 -0.205525
v -1.5636 -3.0179 0.027767
vn 0.569744 -0.79677 -0.201366
v -1.5718 -3.0179 0.0050616
vn 0.53512 -0.820261 -0.202036
v -1.5618 -3.0102 0.0050616
vn 0.626095 -0.75653 -0.188858
v -1.5618 -3.0163 0.027767
vn 0.643333 -0.740462 -0.194524
v -1.5391 -2.9952 0.021976
vn 0.631786 -0.756305 -0.169848
v -1.5391 -2.9963 0.027767
vn 0.664974 -0.729509 -0.160085
v -1.5432 -2.9952 0.0050616
vn 0.599716 -0.786899 -0.145364
v -1.5391 -2.9929 0.0050616
vn 0.485864 -0.866064 -0.117768
v -1.7794 -3.2449 0.20941
vn 0.629765 -0.0938152 0.7711
v -1.7662 -3.2449 0.19328
vn 0.849602 0.0133301 0.527256
v -1.7651 -3.2449 0.1867
vn 0.994023 0.107806 0.0172092
v -1.7655 -3.2449 0.164
vn 0.992328 0.12239 -0.0174784
v -1.7662 -3.2222 0.1983
vn 0.766409 -0.138702 0.627199
v -1.5845 -3.2254 0.164
vn 0.276168 -0.854389 0.440171
v -1.5845 -3.2371 0.14129
vn 0.545603 -0.789771 0.280319
v -1.5746 -3.2222 0.164
vn 0.545603 -0.789771 0.280319
v -1.5682 -3.2222 0.14129
vn 0.662821 -0.725105 0.186792
v -1.5964 -3.2222 0.164
vn -0.113221 -0.33428 0.935648
v -1.5845 -3.2222 0.16544
vn -0.113221 -0.33428 0.935648
v -1.5845 -3.1995 0.17355
vn 0.0549749 -0.42314 0.904395
v -1.6072 -3.1825 0.1867
vn 0.19358 -0.590942 0.783144
v -1.5898 -3.1768 0.1867
vn 0.233811 -0.707209 0.667224
v -1.6072 -3.1768 0.19629
vn 0.312819 -0.838468 0.446224
v -1.6072 -3.1717 0.20941
vn 0.392718 -0.857175 0.333202
v -1.5845 -3.1613 0.20941
vn 0.322164 -0.840517 0.435593
v -1.5845 -3.1231 0.11859
vn 0.471748 -0.157252 -0.867598
v -1.5845 -3.1087 0.11598
vn 0.464762 -0.231081 -0.85475
v -1.5797 -3.1087 0.11859
vn 0.557321 -0.218767 -0.800958
v -1.5845 -3.0651 0.095882
vn 0.529922 -0.618219 -0.580507
v -1.5845 -3.0633 0.093965
vn 0.529922 -0.618219 -0.580507
v -1.5824 -3.0633 0.095882
vn 0.66343 -0.492674 -0.563145
v -1.5845 -3.086 0.10856
vn 0.638193 -0.313396 -0.703201
v -1.5718 -3.086 0.11859
vn 0.603555 -0.227329 -0.764227
v -1.5626 -3.0633 0.11859
vn 0.667349 -0.348265 -0.658298
v -1.5618 -3.0179 0.032886
vn 0.669596 -0.717693 -0.191202
v -1.5558 -3.0179 0.050472
vn 0.691347 -0.687227 -0.223065
v -1.5391 -3.0011 0.050472
vn 0.69879 -0.692237 -0.180281
v -1.5488 -3.0179 0.073177
vn 0.712502 -0.674186 -0.194456
v -1.5391 -3.0068 0.073177
vn 0.738525 -0.653935 -0.164164
v -1.5618 -3.0406 0.095121
vn 0.691894 -0.639151 -0.335811
v -1.5618 -3.041 0.095882
vn 0.707753 -0.526465 -0.471083
v -1.5618 -3.0615 0.11859
vn 0.708986 -0.516775 -0.479877
v -1.5504 -3.0406 0.11859
vn 0.805823 -0.439539 -0.396804
v -1.5378 -2.9952 0.027767
vn 0.664073 -0.735348 -0.135169
v -1.5164 -2.9758 0.027767
vn 0.679595 -0.724467 -0.115322
v -1.5333 -2.9952 0.050472
vn 0.688904 -0.714073 -0.124543
v -1.5164 -2.9785 0.050472
vn 0.701561 -0.703084 -0.116125
v -1.5287 -2.9952 0.073177
vn 0.710059 -0.689741 -0.141682
v -1.5164 -2.9826 0.073177
vn 0.709381 -0.692495 -0.131261
v -1.5243 -2.9952 0.095882
vn 0.70879 -0.691918 -0.137357
v -1.5773 -3.0209 0.0050616
vn 0.468738 -0.862494 -0.190761
v -1.6072 -3.1668 0.34564
vn 0.295386 -0.837934 0.458926
v -1.6072 -3.1715 0.32293
vn 0.379211 -0.906109 0.187524
v -1.5845 -3.162 0.32293
vn 0.375988 -0.899979 0.220613
v -1.59 -3.1541 0.34564
vn 0.353343 -0.853703 0.382544
v -1.5845 -3.1541 0.34056
vn 0.353343 -0.853703 0.382544
v -1.6072 -3.1541 0.3547
vn 0.108028 -0.577352 0.809318
v -1.6299 -3.1541 0.35773
vn 0.108028 -0.577352 0.809318
v -1.5431 -3.1087 0.34564
vn 0.206494 -0.735527 0.64526
v -1.5391 -3.1275 0.32293
vn 0.206494 -0.735527 0.64526
v -1.5391 -3.1087 0.34436
vn 0.206494 -0.735527 0.64526
v -1.7331 -3.2222 -0.29011
vn 0.363296 -0.137641 0.921451
v -1.7207 -3.2222 -0.29494
vn 0.347456 -0.139148 0.927314
v -1.7245 -3.1995 -0.29011
vn 0.357113 -0.138988 0.923663
v -1.7207 -3.1995 -0.29135
vn 0.192647 -0.131712 0.972388
v -1.7207 -3.1898 -0.29011
vn 0.211523 -0.112302 0.9709
v -1.7435 -3.1995 -0.28256
vn 0.455955 -0.0712827 0.887144
v -1.7593 -3.1995 -0.2674
vn 0.680666 -0.00647555 0.732565
v -1.7435 -3.1768 -0.28188
vn 0.456514 -0.0441298 0.888621
v -1.7596 -3.1768 -0.2674
vn 0.649806 0.0189708 0.759863
v -1.7207 -3.1768 -0.28877
vn 0.166469 -0.133007 0.977035
v -1.7435 -3.1541 -0.28154
vn 0.410893 -0.0368467 0.910938
v -1.7617 -3.1541 -0.2674
vn 0.612536 0.0566659 0.788409
v -1.7207 -3.1541 -0.28525
vn 0.161985 -0.122046 0.979217
v -1.698 -3.1995 -0.29422
vn 0.101374 -0.177525 0.978881
v -1.698 -3.1797 -0.29011
vn 0.0727369 -0.163476 0.983862
v -1.698 -3.1768 -0.28953
vn 0.0330674 -0.15315 0.98765
v -1.7662 -3.128 -0.2674
vn 0.715129 0.0108354 0.698908
v -1.7662 -3.1087 -0.26765
vn 0.447215 0 0.894427
v -1.7663 -3.1087 -0.2674
vn 0.907842 0 0.419312
v -1.7768 -3.1087 -0.2447
vn 0.938156 -0.135174 0.318735
v -1.7207 -3.1314 -0.28131
vn 0.158301 -0.168857 0.972845
v -1.7435 -3.1087 -0.2788
vn 0.437077 -0.107305 0.893
v -1.7662 -3.1314 -0.26602
vn 0.648821 0.286171 0.705079
v -1.7647 -3.1314 -0.2674
vn 0.648821 0.286171 0.705079
v -1.7662 -3.1073 -0.2674
vn 0.680925 -0.207881 0.702229
v -1.7662 -3.086 -0.25932
vn 0.814457 -0.307451 0.492072
v -1.7721 -3.086 -0.2447
vn 0.936667 -0.293749 0.1907
v -1.7662 -3.0749 -0.2447
vn 0.819401 -0.532298 0.212699
v -1.756 -3.086 -0.2674
vn 0.489749 -0.337567 0.803862
v -1.7738 -3.086 -0.22199
vn 0.948021 -0.311763 0.0637182
v -1.7662 -3.0697 -0.22199
vn 0.886516 -0.453144 0.0935371
v -1.7771 -3.1087 -0.19929
vn 0.993305 -0.0918967 0.0699951
v -1.7773 -3.1087 -0.22199
vn 0.991786 -0.126709 0.0174741
v -1.7748 -3.086 -0.19929
vn 0.973159 -0.222457 0.0589481
v -1.7662 -3.0641 -0.19929
vn 0.889626 -0.443271 0.109893
v -1.7609 -3.0633 -0.22199
vn 0.763131 -0.628416 0.150747
v -1.7656 -3.0633 -0.19929
vn 0.789356 -0.591782 0.163433
v -1.7793 -3.1087 -0.17658
vn 0.997198 -0.0746765 -0.00439174
v -1.7776 -3.086 -0.17658
vn 0.996131 -0.0877661 -0.00438442
v -1.7769 -3.1087 -0.15387
vn 0.984861 -0.0911086 -0.147469
v -1.7746 -3.086 -0.15387
vn 0.967869 -0.150343 -0.201559
v -1.6526 -3.103 -0.2447
vn 0.0255729 -0.449168 0.893081
v -1.6299 -3.086 -0.2368
vn 0.026117 -0.409173 0.912083
v -1.6526 -3.086 -0.23615
vn 0.0481214 -0.416051 0.908067
v -1.6526 -3.0633 -0.22537
vn 0.0867208 -0.411719 0.907175
v -1.6299 -3.0633 -0.22754
vn 0.0787866 -0.368154 0.926421
v -1.6526 -3.0548 -0.22199
vn 0.136455 -0.331348 0.933589
v -1.6299 -3.0443 -0.22199
vn 0.148781 -0.321652 0.935096
v -1.6526 -3.0406 -0.21612
vn 0.256035 -0.506491 0.823355
v -1.6526 -3.0187 -0.19929
vn 0.193336 -0.615163 0.764327
v -1.6753 -3.0256 -0.19929
vn 0.252393 -0.814544 0.522318
v -1.6508 -3.0179 -0.19929
vn 0.423056 -0.718249 0.552396
v -1.6299 -3.0179 -0.21135
vn 0.422959 -0.505871 0.751798
v -1.6299 -3.0406 -0.22096
vn 0.212148 -0.380977 0.899916
v -1.6299 -3.007 -0.19929
vn 0.483016 -0.746136 0.458231
v -1.6753 -3.0196 -0.17658
vn 0.260152 -0.933536 0.246642
v -1.6692 -3.0179 -0.17658
vn 0.290911 -0.927932 0.233053
v -1.6526 -3.0179 -0.19785
vn 0.29486 -0.924539 0.241423
v -1.6526 -3.0127 -0.17658
vn 0.386319 -0.892841 0.231502
v -1.6148 -3.0179 -0.22199
vn 0.551323 -0.3501 0.75728
v -1.6277 -3.0406 -0.22199
vn 0.530362 -0.31712 0.786226
v -1.6072 -3.0179 -0.22864
vn 0.594438 -0.430259 0.679353
v -1.6072 -3.0074 -0.22199
vn 0.575031 -0.594006 0.56258
v -1.6072 -2.9952 -0.20572
vn 0.575517 -0.685374 0.446142
v -1.6104 -2.9952 -0.19929
vn 0.500433 -0.829183 0.249044
v -1.5981 -2.9952 -0.22199
vn 0.731428 -0.545573 0.4091
v -1.6072 -2.9933 -0.19929
vn 0.377836 -0.925428 -0.0286878
v -1.5845 -2.9782 -0.19929
vn 0.72236 -0.690709 -0.0334168
v -1.5845 -2.9782 -0.22199
vn 0.791583 -0.611062 0
v -1.5801 -2.9725 -0.22199
vn 0.72236 -0.690709 -0.0334168
v -1.578 -2.9725 -0.19929
vn 0.658078 -0.750484 -0.0608861
v -1.6072 -2.9943 -0.17658
vn 0.371784 -0.927421 -0.0408346
v -1.5845 -2.9852 -0.17658
vn 0.461166 -0.854827 -0.237899
v -1.5618 -2.9817 -0.15387
vn 0.48781 -0.805028 -0.337596
v -1.5618 -2.9725 -0.17117
vn 0.570274 -0.682797 -0.456702
v -1.5657 -2.9725 -0.17658
vn 0.53581 -0.750805 -0.386263
v -1.5466 -2.9725 -0.15387
vn 0.568994 -0.665392 -0.483218
v -1.7207 -2.885 -0.19929
vn -0.0615374 -0.643064 0.763336
v -1.698 -2.8817 -0.19468
vn -0.0615374 -0.643064 0.763336
v -1.7207 -2.8817 -0.19651
vn -0.0615374 -0.643064 0.763336
v -1.5618 -2.969 -0.17658
vn 0.700817 -0.59893 -0.387476
v -1.5463 -2.9498 -0.17658
vn 0.633933 -0.564147 -0.529024
v -1.5391 -2.9498 -0.16875
vn 0.691884 -0.486972 -0.533062
v -1.6753 -2.8681 -0.19929
vn 0.458521 -0.763274 0.455161
v -1.6526 -2.868 -0.22199
vn 0.458521 -0.763274 0.455161
v -1.6526 -2.8589 -0.20673
vn 0.458521 -0.763274 0.455161
v -1.5044 -2.8589 -0.2447
vn 0.728526 -0.502915 0.465108
v -1.4937 -2.8589 -0.26146
vn 0.728526 -0.502915 0.465108
v -1.4937 -2.8434 -0.2447
vn 0.728526 -0.502915 0.465108
v -1.489 -2.8362 -0.2447
vn 0.726444 -0.62937 0.275992
v -1.5391 -2.9679 -0.15387
vn 0.711015 -0.516635 -0.477019
v -1.5291 -2.9498 -0.15387
vn 0.75444 -0.416826 -0.507027
v -1.5164 -2.8535 -0.22199
vn -0.0558304 -0.682905 0.728371
v -1.5164 -2.8362 -0.20577
vn -0.0558304 -0.682905 0.728371
v -1.5391 -2.8362 -0.20751
vn -0.0558304 -0.682905 0.728371
v -1.4902 -2.8362 -0.22199
vn 0.704534 -0.676275 0.215135
v -1.4937 -2.84 -0.22199
vn 0.734984 -0.676971 0.0388393
v -1.4937 -2.8362 -0.21591
vn 0.644796 -0.668179 0.37118
v -1.7721 -3.1087 -0.13117
vn 0.966145 -0.1213 -0.227706
v -1.7687 -3.086 -0.13117
vn 0.957262 -0.147467 -0.248805
v -1.7662 -3.0704 -0.13117
vn 0.963377 -0.201012 -0.177482
v -1.7662 -3.0633 -0.13971
vn 0.949748 -0.251741 -0.186024
v -1.7689 -3.0633 -0.15387
vn 0.946222 -0.26853 -0.18043
v -1.7645 -3.0633 -0.13117
vn 0.971817 -0.232658 -0.03797
v -1.7662 -3.0684 -0.10846
vn 0.972314 -0.232777 0.0205009
v -1.7662 -3.0564 -0.15387
vn 0.916892 -0.358805 -0.174837
v -1.7863 -3.1087 0.0050616
vn 0.996516 0.0834067 0
v -1.5618 -2.9881 -0.13117
vn 0.458391 -0.878662 -0.133534
v -1.5391 -2.9725 -0.14259
vn 0.476618 -0.839608 -0.260565
v -1.5391 -2.9757 -0.13117
vn 0.491689 -0.860458 -0.133615
v -1.5845 -3.0022 -0.10846
vn 0.447393 -0.884833 -0.13004
v -1.5845 -2.9982 -0.13117
vn 0.424596 -0.891658 -0.157049
v -1.5782 -2.9952 -0.13117
vn 0.436709 -0.891307 -0.12189
v -1.5723 -2.9952 -0.10846
vn 0.475852 -0.874504 -0.09385
v -1.5618 -2.9899 -0.10846
vn 0.466976 -0.882773 -0.0514419
v -1.5391 -2.9778 -0.10846
vn 0.500702 -0.863317 -0.0630995
v -1.6072 -3.0157 -0.085759
vn 0.40914 -0.901682 -0.139907
v -1.6072 -3.0122 -0.10846
vn 0.404542 -0.904721 -0.133511
v -1.5845 -3.0054 -0.085759
vn 0.453065 -0.881683 -0.131787
v -1.6032 -3.0179 -0.063054
vn 0.40664 -0.894593 -0.185331
v -1.6072 -3.0179 -0.071725
vn 0.403458 -0.901237 -0.158093
v -1.5845 -3.0094 -0.063054
vn 0.49417 -0.854334 -0.160964
v -1.5693 -2.9952 -0.085759
vn 0.535211 -0.838534 -0.102025
v -1.5618 -2.9908 -0.085759
vn 0.470767 -0.87781 -0.0884779
v -1.5391 -2.9789 -0.085759
vn 0.499395 -0.863776 -0.0670484
v -1.5641 -2.9952 -0.063054
vn 0.550116 -0.824345 -0.13352
v -1.5618 -2.9938 -0.063054
vn 0.463141 -0.877168 -0.126792
v -1.5391 -2.982 -0.063054
vn 0.498352 -0.857225 -0.129657
v -1.5929 -3.0179 -0.040349
vn 0.409639 -0.892787 -0.187425
v -1.5845 -3.014 -0.040349
vn 0.525193 -0.829518 -0.189926
v -1.5618 -2.9952 -0.055319
vn 0.512966 -0.840749 -0.173226
v -1.5618 -2.9991 -0.040349
vn 0.541765 -0.81553 -0.203474
v -1.5562 -2.9952 -0.040349
vn 0.517066 -0.838048 -0.174122
v -1.5391 -2.986 -0.040349
vn 0.487819 -0.859275 -0.153879
v -1.5618 -3.0046 -0.017643
vn 0.555492 -0.806059 -0.204198
v -1.549 -2.9952 -0.017643
vn 0.539935 -0.823396 -0.174611
v -1.7648 -3.2222 0.1867
vn 0.999627 -0.0132078 0.0238981
v -1.5345 -2.9725 -0.13117
vn 0.582349 -0.807315 -0.0954576
v -1.532 -2.9725 -0.10846
vn 0.588596 -0.806776 -0.0516382
v -1.53 -2.9725 -0.085759
vn 0.574081 -0.81352 -0.0928219
v -1.5257 -2.9725 -0.063054
vn 0.573769 -0.809326 -0.125621
v -1.7435 -3.1314 -0.28048
vn 0.541166 0.00081232 0.840916
v -1.7435 -3.086 -0.2729
vn 0.124326 -0.249603 0.960334
v -1.7207 -3.1087 -0.27787
vn -0.0394476 -0.251358 0.96709
v -1.7701 -3.0633 -0.17658
vn 0.942575 -0.329852 0.0524415
v -1.7662 -3.0633 -0.19767
vn 0.917066 -0.360402 0.17059
v -1.7435 -3.0476 -0.22199
vn 0.663551 -0.735408 0.137386
v -1.5845 -2.9926 -0.15387
vn 0.418016 -0.870548 -0.259632
v -1.5845 -2.9952 -0.14305
vn 0.423048 -0.881029 -0.211704
v -1.6072 -3.0195 -0.063054
vn 0.366057 -0.915143 -0.168868
v -1.6072 -3.0235 -0.040349
vn 0.359067 -0.914502 -0.186432
v -1.6072 -3.0289 -0.017643
vn 0.356019 -0.909123 -0.216208
v -1.5845 -3.1623 0.30023
vn 0.386031 -0.922405 0.0121972
v -1.7435 -3.0433 -0.063054
vn 0.392035 -0.91691 -0.0747229
v -1.7435 -3.0414 -0.085759
vn 0.386872 -0.918922 -0.0768955
v -1.7416 -3.0406 -0.085759
vn 0.3914 -0.917053 -0.0762944
v -1.7372 -3.0406 -0.063054
vn 0.404771 -0.911783 -0.0693652
v -1.7662 -3.0633 -0.019802
vn 0.745188 -0.665021 0.0494237
v -1.78 -3.086 -0.040349
vn 0.836138 -0.546863 0.0425851
v -1.7662 -3.0649 -0.040349
vn 0.825049 -0.563356 0.0438694
v -1.7645 -3.0633 -0.040349
vn 0.656361 -0.752491 0.0542992
v -1.7831 -3.1314 0.027767
vn 0.995826 0.0526413 -0.0745585
v -1.7835 -3.1087 0.027767
vn 0.994583 0.0361462 -0.0974609
v -1.7435 -3.0451 -0.040349
vn 0.560154 -0.828376 0.0044787
v -1.7338 -3.0406 -0.040349
vn 0.420003 -0.905341 -0.0628913
v -1.6072 -3.0071 -0.13117
vn 0.394899 -0.896399 -0.201305
v -1.7702 -3.2222 0.11859
vn 0.998095 0.00439766 -0.0615346
v -1.7716 -3.2222 0.095882
vn 0.998095 0.00439766 -0.0615346
v -1.7717 -3.1995 0.095882
vn 0.998095 0.00439766 -0.0615346
v -1.7742 -3.1541 0.073177
vn 0.9936 0.091924 -0.0656372
v -1.7727 -3.1541 0.095882
vn 0.995469 0.0888082 -0.033973
v -1.7714 -3.1768 0.095882
vn 0.997198 0.0571123 -0.0483061
v -1.7707 -3.1768 0.11859
vn 0.996328 0.0855937 -0.00219153
v -1.7733 -3.1541 0.11859
vn 0.993161 0.113762 0.0262461
v -1.5845 -3.2222 0.13409
vn 0.369559 -0.404286 -0.836647
v -1.7806 -3.1314 0.050472
vn 0.992485 0.0360712 -0.116929
v -1.7812 -3.1087 0.050472
vn 0.994343 0.0262865 -0.102915
v -1.7771 -3.1314 0.073177
vn 0.98899 0.100207 -0.108893
v -1.7788 -3.1087 0.073177
vn 0.990415 0.0501756 -0.128685
v -1.6072 -3.0772 0.095882
vn 0.276995 -0.519651 -0.80823
v -1.6072 -3.1682 0.23211
vn 0.412487 -0.900325 0.138816
v -1.7826 -3.086 0.0050616
vn 0.849105 -0.523673 -0.0691831
v -1.7833 -3.086 -0.017643
vn 0.826383 -0.562446 0.0272981
v -1.7686 -3.0633 0.0050616
vn 0.84721 -0.53114 -0.0112163
v -1.7664 -3.0633 -0.017643
vn 0.800124 -0.594803 0.0775255
v -1.7796 -3.086 0.027767
vn 0.914531 -0.39885 -0.0674645
v -1.7685 -3.0633 0.027767
vn 0.891787 -0.451436 -0.0303588
v -1.7662 -3.063 -0.017643
vn 0.643021 -0.759961 0.0947809
v -1.7435 -3.0449 -0.017643
vn 0.559396 -0.828001 0.0386037
v -1.7333 -3.0406 -0.017643
vn 0.388447 -0.921461 0.00427573
v -1.7662 -3.0602 0.0050616
vn 0.627381 -0.777252 0.047665
v -1.7662 -3.0599 0.027767
vn 0.611862 -0.790947 -0.0053941
v -1.7435 -3.0437 0.0050616
vn 0.590104 -0.806944 0.0248752
v -1.7343 -3.0406 0.0050616
vn 0.388394 -0.921335 0.0171072
v -1.7435 -3.0431 0.027767
vn 0.594889 -0.803806 -0.0017725
v -1.5391 -2.9897 -0.017643
vn 0.595484 -0.796194 -0.107118
v -1.5845 -3.1718 0.1867
vn 0.74236 -0.608146 0.281176
v -1.57 -3.1541 0.1867
vn 0.658785 -0.731547 0.175615
v -1.5732 -3.1541 0.20941
vn 0.551032 -0.834372 0.0137069
v -1.7778 -3.086 0.050472
vn 0.957597 -0.281235 -0.0625617
v -1.7678 -3.0633 0.050472
vn 0.911487 -0.410117 -0.0315484
v -1.7767 -3.086 0.073177
vn 0.95247 -0.302106 -0.0391546
v -1.7672 -3.0633 0.073177
vn 0.917695 -0.396545 -0.0242501
v -1.7662 -3.0607 0.050472
vn 0.618977 -0.784115 -0.0450729
v -1.7662 -3.0617 0.073177
vn 0.594681 -0.801818 -0.0586676
v -1.7435 -3.0438 0.050472
vn 0.595844 -0.801918 -0.0435575
v -1.7435 -3.046 0.073177
vn 0.577222 -0.813841 -0.0669088
v -1.7435 -3.0484 0.095882
vn 0.566701 -0.819359 -0.0866064
v -1.5615 -3.0406 0.095882
vn 0.731254 -0.59626 -0.331273
v -1.5422 -3.0179 0.095882
vn 0.749097 -0.610296 -0.257668
v -1.5391 -3.0179 0.10445
vn 0.775095 -0.57876 -0.253504
v -1.5391 -3.0235 0.11859
vn 0.809633 -0.545699 -0.216118
v -1.5391 -3.0138 0.095882
vn 0.758647 -0.615185 -0.214481
v -1.5618 -3.1455 0.20941
vn 0.662259 -0.742912 -0.0974406
v -1.5618 -3.1372 0.1867
vn 0.862239 -0.475726 -0.173864
v -1.5586 -3.1314 0.1867
vn 0.689503 -0.654861 -0.309423
v -1.5461 -3.1314 0.20941
vn 0.65663 -0.731149 -0.185088
v -1.5212 -2.9725 -0.040349
vn 0.608963 -0.785324 -0.111491
v -1.5179 -2.9725 -0.017643
vn 0.627964 -0.774009 -0.0810707
v -1.5164 -2.9725 -0.0031691
vn 0.639522 -0.763293 -0.091629
v -1.5164 -2.9735 0.0050616
vn 0.652474 -0.752674 -0.0880859
v -1.5351 -3.0179 0.11859
vn 0.804483 -0.548645 -0.227587
v -1.5164 -2.987 0.095882
vn 0.713588 -0.687487 -0.134732
v -1.5198 -2.9952 0.11859
vn 0.790152 -0.588649 -0.170741
v -1.5164 -2.9915 0.11859
vn 0.722007 -0.680352 -0.125805
v -1.5172 -2.9952 0.14129
vn 0.747411 -0.664354 0.00329238
v -1.5164 -2.9943 0.14129
vn 0.741338 -0.671103 0.00625473
v -1.52 -2.9952 0.164
vn 0.740953 -0.665351 0.0910874
v -1.5164 -2.9912 0.164
vn 0.74021 -0.666198 0.0909361
v -1.5164 -2.9499 -0.040349
vn 0.783741 -0.619411 -0.0456034
v -1.5164 -2.9498 -0.042047
vn 0.706074 -0.706916 -0.0415895
v -1.5163 -2.9498 -0.040349
vn 0.706105 -0.706948 -0.0405074
v -1.5164 -2.9516 -0.017643
vn 0.788665 -0.613383 -0.0420681
v -1.515 -2.9498 -0.017643
vn 0.786361 -0.616335 -0.0420283
v -1.5139 -2.9498 0.0050616
vn 0.788787 -0.613478 -0.0382135
v -1.5845 -3.1612 0.23211
vn 0.490747 -0.871257 0.00884864
v -1.5713 -3.1541 0.23211
vn 0.542992 -0.839732 -0.00309084
v -1.5845 -3.1603 0.25482
vn 0.480737 -0.876177 0.0347242
v -1.5732 -3.1541 0.25482
vn 0.5116 -0.85824 0.0411071
v -1.5724 -3.1541 0.32293
vn 0.547628 -0.823829 0.14632
v -1.5708 -3.1541 0.30023
vn 0.54712 -0.836165 0.038567
v -1.5618 -3.1475 0.23211
vn 0.677137 -0.735826 0.00672555
v -1.5458 -3.1314 0.23211
vn 0.724061 -0.689684 0.00843715
v -1.5618 -3.146 0.25482
vn 0.664648 -0.746426 0.0330192
v -1.5476 -3.1314 0.25482
vn 0.742064 -0.670325 -0.0023231
v -1.5391 -3.1187 0.25482
vn 0.818128 -0.571064 -0.0674664
v -1.5618 -3.1461 0.27752
vn 0.698469 -0.715161 -0.0261934
v -1.546 -3.1314 0.27752
vn 0.708615 -0.702319 -0.0679202
v -1.5391 -3.1237 0.27752
vn 0.781779 -0.61223 -0.118305
v -1.5431 -3.1314 0.30023
vn 0.653435 -0.756975 -0.00332578
v -1.5391 -3.1276 0.30023
vn 0.753744 -0.654375 -0.0605241
v -1.5618 -3.1464 0.32293
vn 0.604255 -0.726651 0.326887
v -1.5435 -3.1314 0.32293
vn 0.609758 -0.686969 0.395308
v -1.5618 -3.1314 0.34176
vn 0.578556 -0.61775 0.532595
v -1.5279 -3.1087 0.27752
vn 0.793467 -0.591105 -0.144934
v -1.5235 -3.1087 0.30023
vn 0.778522 -0.62361 -0.070817
v -1.5164 -3.0991 0.30023
vn 0.800303 -0.591894 -0.0957937
v -1.5225 -3.1087 0.32293
vn 0.764988 -0.643163 -0.0336974
v -1.5164 -3.1005 0.32293
vn 0.762932 -0.636241 0.114593
v -1.5227 -3.086 0.34564
vn 0.510122 -0.653742 0.558924
v -1.5164 -3.086 0.33989
vn 0.510122 -0.653742 0.558924
v -1.4854 -2.8589 -0.2674
vn 0.645617 -0.499833 0.577361
v -1.5164 -2.8589 -0.22947
vn 0.724953 -0.384931 0.571202
v -1.5164 -2.8815 -0.2447
vn 0.724953 -0.384931 0.571202
v -1.7721 -3.2449 -0.10846
vn 0.970062 -0.0392967 0.239657
v -1.7777 -3.2449 -0.085759
vn 0.986505 -0.0124173 0.163258
v -1.7805 -3.2449 -0.063054
vn 0.992139 -0.0262256 0.122361
v -1.7712 -3.2222 -0.10846
vn 0.970113 -0.0384638 0.239586
v -1.777 -3.2222 -0.085759
vn 0.980378 -0.0331112 0.194328
v -1.7791 -3.2222 -0.063054
vn 0.993178 -0.0459448 0.107174
v -1.7755 -3.1314 -0.13117
vn 0.98557 -0.128083 0.110665
v -1.7806 -3.1314 -0.085759
vn 0.997988 0.0351723 0.0527438
v -1.7818 -3.1314 -0.063054
vn 0.997928 0.0556856 0.0322298
v -1.781 -3.1541 -0.063054
vn 0.999138 0.0352128 0.022001
v -1.7808 -3.1541 -0.040349
vn 0.997583 0.0659205 0.0219668
v -1.783 -3.1314 -0.040349
vn 0.995421 0.0767415 0.0569917
v -1.7843 -3.1087 -0.040349
vn 0.990833 -0.0733309 0.113454
v -1.787 -3.1087 -0.017643
vn 0.992718 -0.0240539 0.118039
v -1.7771 -3.086 -0.063054
vn 0.974881 -0.184674 0.124512
v -1.773 -3.1768 0.073177
vn 0.991891 0.0524329 -0.115769
v -1.7767 -3.1768 0.050472
vn 0.98375 0.0606714 -0.168979
v -1.7783 -3.1541 0.050472
vn 0.979435 0.097084 -0.176867
v -1.77 -3.1995 0.11859
vn 0.996737 0.0307362 -0.0746317
v -1.7683 -3.1995 0.14129
vn 0.996828 0.0329323 -0.0724556
v -1.7691 -3.1768 0.14129
vn 0.993695 0.0875488 -0.0700414
v -1.7723 -3.1541 0.14129
vn 0.989054 0.137978 -0.05229
v -1.776 -3.1314 0.14129
vn 0.986043 0.160723 -0.0434452
v -1.771 -3.086 -0.10846
vn 0.974028 -0.194151 0.116514
v -1.764 -3.0633 -0.10846
vn 0.789895 -0.612138 -0.036792
v -1.7662 -3.0648 -0.085759
vn 0.918782 -0.392974 0.0375519
v -1.7662 -3.0642 -0.063054
vn 0.899073 -0.43699 0.0266161
v -1.7652 -3.0633 -0.085759
vn 0.711809 -0.702304 -0.00987024
v -1.7654 -3.0633 -0.063054
vn 0.670609 -0.741366 -0.0257101
v -1.7488 -3.0406 -0.13117
vn 0.780876 -0.618428 -0.0881983
v -1.7451 -3.0406 -0.10846
vn 0.736397 -0.667111 -0.11262
v -1.7435 -3.0367 -0.13117
vn 0.591655 -0.800481 -0.0957839
v -1.7435 -3.0394 -0.10846
vn 0.597593 -0.79683 -0.0891346
v -1.7435 -3.0406 -0.096305
vn 0.734312 -0.678514 -0.0200879
v -1.7703 -3.2449 0.095882
vn 0.996478 0.0570711 -0.0614349
v -1.5302 -2.9952 0.1867
vn 0.705008 -0.634515 0.316788
v -1.7207 -3.2449 -0.29595
vn 0.341363 0.0411378 0.939031
v -1.7363 -3.2449 -0.29011
vn 0.392436 0.0506498 0.918384
v -1.7662 -3.2449 -0.25608
vn 0.942378 0.0919048 0.321678
v -1.7692 -3.2449 -0.2447
vn 0.986847 0.0882962 0.135414
v -1.7612 -3.2449 -0.2674
vn 0.780928 0.0318789 0.623807
v -1.7435 -3.2449 -0.28628
vn 0.673679 0.0237534 0.738643
v -1.7702 -3.2222 -0.2447
vn 0.983191 0.0317202 0.179803
v -1.7662 -3.2222 -0.25755
vn 0.922107 0.00335494 0.386919
v -1.7662 -3.1995 -0.25706
vn 0.910358 0.00761991 0.413752
v -1.7706 -3.1995 -0.2447
vn 0.982668 0.0350198 0.182038
v -1.7435 -3.2222 -0.28502
vn 0.646108 -0.0513235 0.761518
v -1.7608 -3.2222 -0.2674
vn 0.762629 -0.0394436 0.645632
v -1.7715 -3.1768 -0.2447
vn 0.971129 0.0556535 0.231971
v -1.7662 -3.1768 -0.25867
vn 0.887752 0.0494784 0.457656
v -1.7732 -3.1541 -0.2447
vn 0.965529 0.0742527 0.249482
v -1.7662 -3.1541 -0.26209
vn 0.886624 0.0775269 0.455947
v -1.7709 -3.2449 -0.22199
vn 0.995335 0.0922433 0.0282864
v -1.7697 -3.2449 -0.19929
vn 0.994075 0.100722 -0.0408722
v -1.7724 -3.2222 -0.22199
vn 0.996576 0.0614579 0.0553016
v -1.7737 -3.1995 -0.22199
vn 0.987607 0.0565563 0.146405
v -1.7718 -3.2222 -0.19929
vn 0.995655 0.0862578 -0.035088
v -1.7741 -3.1995 -0.19929
vn 0.994563 0.100762 -0.0262872
v -1.7754 -3.1768 -0.22199
vn 0.984244 0.0679295 0.163244
v -1.7767 -3.1541 -0.22199
vn 0.990348 0.0567169 0.126467
v -1.7754 -3.1314 -0.2447
vn 0.966723 0.0672903 0.246816
v -1.7771 -3.1314 -0.22199
vn 0.998739 0.024199 0.0439861
v -1.7772 -3.1314 -0.19929
vn 0.999789 1.10301e-06 0.0205506
v -1.7787 -3.1314 -0.17658
vn 0.998965 0.0161369 0.0425199
v -1.7779 -3.1314 -0.15387
vn 0.996429 -0.0204793 -0.0819122
v -1.6526 -3.1443 -0.2674
vn -0.0550969 -0.456605 0.887962
v -1.6526 -3.1541 -0.27204
vn -0.0639935 -0.412499 0.908708
v -1.6299 -3.1474 -0.2674
vn -0.0631 -0.433893 0.898752
v -1.6299 -3.1541 -0.27025
vn -0.0723728 -0.390403 0.917795
v -1.6299 -3.1314 -0.2592
vn -0.0395828 -0.47604 0.878532
v -1.6526 -3.1314 -0.26034
vn -0.0437889 -0.48765 0.87194
v -1.6526 -3.1087 -0.24749
vn -0.027472 -0.472442 0.880934
v -1.6299 -3.1087 -0.24705
vn 0.0383339 -0.455514 0.889403
v -1.6299 -3.1036 -0.2447
vn 0.0426945 -0.417075 0.907869
v -1.6072 -3.1087 -0.25576
vn 0.329076 -0.395184 0.857635
v -1.6065 -3.0633 -0.2447
vn 0.743431 -0.185858 0.64247
v -1.6072 -3.0633 -0.24389
vn 0.743431 -0.185858 0.64247
v -1.6072 -3.0661 -0.2447
vn 0.743431 -0.185858 0.64247
v -1.517 -3.0179 -0.29011
vn 0.286684 -0.0688004 0.955551
v -1.5164 -3.0179 -0.29029
vn 0.286684 -0.0688004 0.955551
v -1.5164 -3.0154 -0.29011
vn 0.286684 -0.0688004 0.955551
v -1.5618 -2.8902 -0.22199
vn 0.537246 0.391885 0.746855
v -1.5618 -2.8817 -0.22645
vn 0.537246 0.391885 0.746855
v -1.568 -2.8817 -0.22199
vn 0.537246 0.391885 0.746855
v -1.5391 -2.8569 -0.22199
vn 0.0996202 -0.581031 0.807761
v -1.5475 -2.8589 -0.22199
vn 0.135231 -0.567932 0.81189
v -1.4886 -2.8817 -0.2674
vn 0.345357 -0.0479788 0.937244
v -1.4937 -2.8817 -0.26464
vn 0.696693 -0.225197 0.681105
v -1.5391 -2.8589 -0.22399
vn 0.132139 -0.781353 0.60994
v -1.4901 -2.8135 -0.19929
vn 0.353405 -0.823186 0.444376
v -1.7814 -3.1087 -0.063054
vn 0.993539 -0.0685692 0.0904355
v -1.7763 -3.1768 -0.19929
vn 0.997058 0.067353 0.0366035
v -1.7774 -3.1541 -0.19929
vn 0.999575 0.019083 0.0220155
v -1.6146 -3.086 -0.2447
vn 0.426147 -0.370457 0.825324
v -1.5845 -3.0012 -0.2447
vn 0.77108 -0.324909 0.547603
v -1.5845 -2.9952 -0.24114
vn 0.707804 -0.496328 0.502666
v -1.5618 -2.9501 -0.22199
vn 0.762297 -0.581419 0.284351
v -1.5618 -2.9613 -0.2447
vn 0.764374 -0.578273 0.285188
v -1.5531 -2.9498 -0.2447
vn 0.762297 -0.581419 0.284351
v -1.5615 -2.9498 -0.22199
vn 0.684095 -0.684095 0.253036
v -1.5324 -2.9498 -0.2674
vn 0.576077 -0.448815 0.683154
v -1.5391 -2.9498 -0.26175
vn 0.576077 -0.448815 0.683154
v -1.5391 -2.9584 -0.2674
vn 0.576077 -0.448815 0.683154
v -1.4921 -2.9044 -0.2674
vn 0.455433 -0.0757497 0.887042
v -1.4937 -2.9044 -0.26672
vn 0.389751 -0.0840313 0.917078
v -1.7781 -3.1995 -0.085759
vn 0.996963 0.0285497 0.0724495
v -1.7793 -3.1995 -0.063054
vn 0.999897 0.00770846 0.0121139
v -1.7805 -3.2449 -0.040349
vn 0.999213 -0.0330135 -0.0220048
v -1.7797 -3.2449 -0.017643
vn 0.999707 -0.0132134 -0.0202579
v -1.7793 -3.2449 0.0050616
vn 0.999196 0.0227427 -0.0330062
v -1.7781 -3.2449 0.027767
vn 0.994583 0.0507001 -0.0907388
v -1.7792 -3.2222 -0.040349
vn 0.999782 -0.0205553 -0.00366914
v -1.7792 -3.1995 -0.040349
vn 0.99995 0.00792838 0.00616554
v -1.7793 -3.2222 -0.017643
vn 0.99999 -4.51961e-08 0.00440229
v -1.7796 -3.1995 -0.017643
vn 0.999794 0.0132153 0.0154117
v -1.7795 -3.1768 -0.040349
vn 0.999684 0.0231204 0.00991052
v -1.7798 -3.1768 -0.017643
vn 0.999275 0.0344854 0.0161382
v -1.7812 -3.1541 -0.017643
vn 0.995306 0.0935359 0.0248392
v -1.7795 -3.2222 0.0050616
vn 0.99975 0.016883 -0.0146773
v -1.78 -3.1995 0.0050616
vn 0.999842 0.0154178 -0.00880778
v -1.7787 -3.2222 0.027767
vn 0.997246 0.0237239 -0.0702734
v -1.7792 -3.1995 0.027767
vn 0.996918 0.0190313 -0.076105
v -1.7802 -3.1768 0.0050616
vn 0.999151 0.0402425 -0.00880334
v -1.7796 -3.1768 0.027767
vn 0.995108 0.0394531 -0.0905769
v -1.781 -3.1541 0.027767
vn 0.994426 0.0781231 -0.0708042
v -1.7748 -3.2449 0.050472
vn 0.987086 0.0768212 -0.140567
v -1.7716 -3.2449 0.073177
vn 0.990899 0.0880319 -0.101832
v -1.7692 -3.2449 0.11859
vn 0.990449 0.128754 -0.0493235
v -1.7759 -3.2222 0.050472
vn 0.991556 0.0305788 -0.126024
v -1.7765 -3.1995 0.050472
vn 0.992008 0.0174801 -0.124959
v -1.7731 -3.2222 0.073177
vn 0.994391 0.0365057 -0.0992694
v -1.7735 -3.1995 0.073177
vn 0.993079 0.00437467 -0.117364
v -1.5391 -3.1102 0.20941
vn 0.869268 -0.23935 -0.432532
v -1.5501 -3.1087 0.1867
vn 0.867064 -0.241217 -0.435906
v -1.5391 -3.1087 0.20858
vn 0.869268 -0.23935 -0.432532
v -1.5388 -3.1087 0.20941
vn 0.924168 -0.184951 -0.334227
v -1.5104 -3.086 0.30023
vn 0.955191 -0.0673272 -0.288231
v -1.5164 -3.0739 0.27752
vn 0.955191 -0.0673272 -0.288231
v -1.5088 -3.0633 0.30023
vn 0.963852 0.144523 -0.223838
v -1.5189 -3.0633 0.34564
vn 0.565357 -0.143488 0.81227
v -1.5164 -3.0633 0.3439
vn 0.859492 -0.0889183 0.503355
v -1.5056 -3.0633 0.32293
vn 0.966801 0.143798 0.211227
v -1.5164 -3.046 0.30023
vn 0.908017 0.398898 -0.128005
v -1.5391 -3.0388 0.34564
vn 0.178947 0.248546 0.951947
v -1.5391 -3.0406 0.34611
vn 0.178947 0.248546 0.951947
v -1.5366 -3.0406 0.34564
vn 0.178947 0.248546 0.951947
v -1.768 -3.2449 -0.17658
vn 0.995021 0.0743274 -0.0663922
v -1.7703 -3.2222 -0.17658
vn 0.988424 0.121271 -0.0911631
v -1.7737 -3.1995 -0.17658
vn 0.98909 0.135074 -0.0587951
v -1.7676 -3.2222 -0.15387
vn 0.982671 0.114833 -0.145505
v -1.7714 -3.1995 -0.15387
vn 0.979995 0.172112 -0.0999366
v -1.7765 -3.1768 -0.17658
vn 0.995759 0.0908645 -0.0144054
v -1.7782 -3.1541 -0.17658
vn 0.999204 0.0369749 0.0149577
v -1.7753 -3.1768 -0.15387
vn 0.989482 0.127135 -0.0690018
v -1.7775 -3.1541 -0.15387
vn 0.997498 0.054195 -0.0453938
v -1.6072 -3.0406 -0.23717
vn 0.624442 -0.259373 0.736748
v -1.6008 -3.0406 -0.2447
vn 0.741586 -0.228244 0.630837
v -1.5924 -3.0179 -0.2447
vn 0.705863 -0.349696 0.616011
v -1.5618 -2.9538 -0.19929
vn 0.746779 -0.618017 -0.245717
v -1.5589 -2.9498 -0.19929
vn 0.778954 -0.572489 -0.255903
v -1.7662 -3.2222 -0.14889
vn 0.993833 0.0939691 -0.0588696
v -1.7694 -3.1995 -0.13117
vn 0.983847 0.176483 0.0299965
v -1.7733 -3.1995 -0.10846
vn 0.975236 0.11368 0.189713
v -1.7736 -3.1768 -0.13117
vn 0.988967 0.145944 0.0254083
v -1.7761 -3.1541 -0.13117
vn 0.998631 0.0521645 -0.0037691
v -1.7761 -3.1768 -0.10846
vn 0.986299 0.0963109 0.133936
v -1.778 -3.1541 -0.10846
vn 0.993889 0.0218933 0.108189
v -1.7795 -3.1768 -0.085759
vn 0.994998 0.054062 0.084003
v -1.7805 -3.1541 -0.085759
vn 0.997969 0.0281384 0.0571439
v -1.78 -3.1768 -0.063054
vn 0.999123 0.0418151 0.00219884
v -1.7684 -3.2222 0.14129
vn 0.996933 0.0102475 -0.0775887
v -1.6072 -3.1087 0.11252
vn 0.191909 -0.321168 -0.927374
v -1.6072 -3.086 0.10184
vn 0.258748 -0.411221 -0.87404
v -1.5618 -3.1678 0.14129
vn 0.884796 -0.0193706 -0.465575
v -1.5618 -3.1541 0.14072
vn 0.884796 -0.0193706 -0.465575
v -1.5615 -3.1541 0.14129
vn 0.884796 -0.0193706 -0.465575
v -1.5531 -3.0633 0.14129
vn 0.921318 -0.285486 -0.263951
v -1.5618 -3.086 0.13339
vn 0.903382 -0.217635 -0.369508
v -1.5618 -3.0633 0.12002
vn 0.903382 -0.217635 -0.369508
v -1.5492 -3.0633 0.164
vn 0.95076 -0.293189 -0.100476
v -1.5446 -3.0406 0.14129
vn 0.95076 -0.293189 -0.100476
v -1.5437 -3.0406 0.164
vn 0.971159 -0.235308 -0.0384884
v -1.5057 -2.9725 0.14129
vn 0.908949 -0.406228 0.0937615
v -1.509 -2.9725 0.164
vn 0.921466 -0.364654 0.133892
v -1.5248 -2.9498 -0.13117
vn 0.928751 -0.364127 -0.0695155
v -1.5231 -2.9498 -0.10846
vn 0.928751 -0.364127 -0.0695155
v -1.5209 -2.9498 -0.085759
vn 0.946797 -0.304477 -0.104252
v -1.5184 -2.9498 -0.063054
vn 0.952646 -0.275318 -0.129092
v -1.5164 -3.0864 0.27752
vn 0.899416 -0.224854 -0.374822
v -1.5164 -3.086 0.27728
vn 0.899416 -0.224854 -0.374822
v -1.5163 -3.086 0.27752
vn 0.899416 -0.224854 -0.374822
v -1.5391 -3.106 0.34564
vn 0.759214 -0.278798 0.588104
v -1.5088 -3.086 0.32293
vn 0.823243 -0.431486 0.368904
v -1.5618 -3.2449 -0.27523
vn 0.0873056 0.37247 0.923929
v -1.5391 -3.2449 -0.27896
vn 0.197899 0.2491 0.948043
v -1.4773 -3.2449 -0.29011
vn 0.237412 0.0672332 0.96908
v -1.5164 -3.2449 -0.28279
vn 0.17445 0.143337 0.974177
v -1.4937 -3.2449 -0.28618
vn 0.173228 0.111667 0.978531
v -1.4862 -3.2222 -0.29011
vn 0.157786 0.0636327 0.985421
v -1.4937 -3.209 -0.29011
vn 0.140829 0.0656698 0.987854
v -1.4937 -3.1995 -0.29078
vn 0.0980434 0.0446945 0.994178
v -1.4985 -3.1995 -0.29011
vn 0.186521 0.0418167 0.981561
v -1.4937 -3.1768 -0.2916
vn 0.0965997 0.0175309 0.995169
v -1.5016 -3.1768 -0.29011
vn 0.226153 0.0065079 0.97407
v -1.4937 -3.1541 -0.29176
vn 0.0891047 0.00616162 0.996003
v -1.5022 -3.1541 -0.29011
vn 0.230412 0.00922397 0.97305
v -1.5391 -3.2222 -0.28118
vn 0.181443 0.0621147 0.981438
v -1.5164 -3.2222 -0.28556
vn 0.179444 0.0704732 0.981241
v -1.4937 -3.2222 -0.28882
vn 0.146034 0.108801 0.983278
v -1.5391 -3.1995 -0.2805
vn 0.234664 -0.00513885 0.972063
v -1.5164 -3.1995 -0.28653
vn 0.227923 0.0189868 0.973494
v -1.5164 -3.1768 -0.28588
vn 0.266955 -0.0177227 0.963546
v -1.4937 -3.1314 -0.29215
vn 0.0633194 0.0110351 0.997932
v -1.795 -2.9271 -0.2447
vn -0.484609 0.840199 0.243349
v -1.8116 -2.9271 -0.25536
vn -0.364594 0.73806 0.567749
v -1.8116 -2.9353 -0.2447
vn -0.41231 0.834653 0.365177
v -1.8343 -2.8589 -0.28007
vn -0.626982 -0.0852454 0.774356
v -1.8467 -2.8589 -0.29011
vn -0.626982 -0.0852454 0.774356
v -1.8436 -2.8817 -0.29011
vn -0.626982 -0.0852454 0.774356
v -1.7893 -2.9271 -0.22199
vn -0.544319 0.828034 0.134453
v -1.8116 -2.9417 -0.22199
vn -0.497228 0.84833 0.181934
v -1.7889 -2.9266 -0.22199
vn -0.714399 0.686738 0.134255
v -1.7889 -2.9233 -0.2447
vn -0.697154 0.70918 0.105074
v -1.7664 -2.9044 -0.22199
vn -0.697385 0.697231 0.165899
v -1.7718 -2.9044 -0.2447
vn -0.715886 0.684913 0.135648
v -1.7662 -2.9039 -0.22199
vn -0.90577 0.362438 0.219589
v -1.7889 -2.9271 -0.21891
vn -0.776903 0.621485 0.100883
v -1.7662 -2.9044 -0.2216
vn -0.838152 0.335381 0.43014
v -1.7411 -2.8135 -0.19929
vn -0.656615 -0.0759071 0.750396
v -1.7435 -2.8135 -0.20139
vn -0.656615 -0.0759071 0.750396
v -1.7435 -2.8362 -0.20279
vn -0.657807 -0.0463641 0.751758
v -1.4937 -2.9065 -0.2674
vn 0.374844 -0.285601 0.882
v -1.5647 -3.1995 0.164
vn 0.851194 -0.243633 0.464879
v -1.5635 -3.1995 0.14129
vn 0.989395 -0.143501 0.0224532
v -1.5618 -3.1819 0.164
vn 0.833644 -0.213486 0.509374
v -1.5618 -3.1768 0.14484
vn 0.997321 -0.0650403 -0.0334795
v -1.5621 -3.1768 0.14129
vn 0.995025 -0.0533584 -0.0841338
v -1.5611 -3.1768 0.164
vn 0.997204 -0.0700659 -0.0259719
v -1.5594 -3.1541 0.164
vn 0.997777 -0.0633591 0.0206741
v -1.5618 -3.1768 0.16557
vn 0.858461 -0.145294 0.491869
v -1.5845 -3.1768 0.1841
vn 0.585313 -0.324032 0.743244
v -1.5618 -3.1541 0.1725
vn 0.960362 -0.0646597 0.271152
v -1.813 -3.0406 0.1867
vn -0.513086 0.506317 0.693098
v -1.8343 -3.0406 0.17357
vn -0.432654 0.403307 0.806321
v -1.8343 -3.0625 0.1867
vn -0.543331 0.523975 0.655929
v -1.8368 -3.0179 0.164
vn -0.565252 0.207617 0.798364
v -1.8343 -3.0179 0.16577
vn -0.364125 0.234404 0.90137
v -1.8116 -3.0398 0.1867
vn -0.314218 0.48233 0.817695
v -1.8116 -3.0179 0.17418
vn -0.36814 0.32554 0.870917
v -1.8348 -3.0633 0.1867
vn -0.676085 0.422578 0.603603
v -1.8343 -3.0633 0.18726
vn -0.6423 0.439571 0.627876
v -1.8116 -3.0622 0.20941
vn -0.531568 0.603226 0.594604
v -1.8116 -3.0406 0.18757
vn -0.461992 0.649774 0.60362
v -1.8126 -3.0633 0.20941
vn -0.644578 0.437674 0.626866
v -1.8343 -3.0038 0.164
vn -0.364774 0.0887847 0.926853
v -1.8116 -2.9952 0.17212
vn -0.360935 0.0750163 0.929569
v -1.8331 -2.9952 0.164
vn -0.352886 0.0492383 0.93437
v -1.7889 -3.0249 0.1867
vn -0.375856 0.568221 0.732023
v -1.7889 -3.0179 0.18267
vn -0.322018 0.472362 0.820475
v -1.7797 -3.0179 0.1867
vn -0.354912 0.466457 0.810219
v -1.7889 -3.044 0.20941
vn -0.519591 0.648236 0.556611
v -1.7889 -3.0406 0.20509
vn -0.470679 0.652338 0.594067
v -1.7834 -3.0406 0.20941
vn -0.436941 0.706843 0.556287
v -1.7642 -2.9952 0.1867
vn -0.352315 0.128103 0.927073
v -1.7662 -2.9952 0.18594
vn -0.352315 0.128103 0.927073
v -1.7662 -3.0007 0.1867
vn -0.352315 0.128103 0.927073
v -1.5611 -3.1314 0.14129
vn 0.991339 -0.0480416 -0.122225
v -1.5583 -3.1314 0.164
vn 0.998746 -0.0484005 -0.0128025
v -1.8466 -2.9498 -0.085759
vn -0.709771 0.703433 0.0375152
v -1.8454 -2.9498 -0.063054
vn -0.70999 0.703649 0.0281441
v -1.8343 -2.9386 -0.063054
vn -0.70999 0.703649 0.0281441
v -1.7879 -2.9271 -0.063054
vn 0 1 0
v -1.7889 -2.9271 -0.064916
vn 0 1 0
v -1.7889 -2.9271 -0.063054
vn 0 1 0
v -1.8448 -2.9498 -0.040349
vn -0.710146 0.703804 0.0187656
v -1.8116 -2.9266 -0.017643
vn -0.272256 0.92576 -0.262385
v -1.8116 -2.9271 -0.019407
vn -0.272256 0.92576 -0.262385
v -1.8133 -2.9271 -0.017643
vn -0.272256 0.92576 -0.262385
v -1.8343 -2.9341 0.0050616
vn -0.799347 0.600776 -0.0105826
v -1.8343 -2.9362 -0.017643
vn -0.784753 0.618689 -0.0372521
v -1.8461 -2.9498 0.0050616
vn -0.790639 0.612272 -0.00361018
v -1.8456 -2.9498 -0.017643
vn -0.769041 0.638975 -0.0169346
v -1.8343 -2.9354 0.027767
vn -0.793891 0.606563 0.0426496
v -1.8454 -2.9498 0.027767
vn -0.788139 0.613427 0.0504408
v -1.7889 -2.9273 -0.040349
vn -0.06637 0.995392 -0.069208
v -1.7889 -2.9271 -0.037472
vn -0.06637 0.995392 -0.069208
v -1.7859 -2.9271 -0.040349
vn -0.06637 0.995392 -0.069208
v -1.8343 -2.938 0.050472
vn -0.785922 0.614939 0.0646274
v -1.8437 -2.9498 0.050472
vn -0.78082 0.622015 0.0584559
v -1.7918 -2.9271 0.164
vn -0.212933 0.882156 0.420072
v -1.7889 -2.9271 0.16547
vn -0.212933 0.882156 0.420072
v -1.7889 -2.9264 0.164
vn -0.212933 0.882156 0.420072
v -1.7996 -3.086 0.23211
vn -0.604559 0.263122 0.751848
v -1.8116 -3.086 0.22263
vn -0.594789 0.281735 0.752895
v -1.8057 -3.1087 0.23211
vn -0.569347 0.152991 0.807736
v -1.7889 -3.064 0.23211
vn -0.651353 0.328058 0.68419
v -1.7889 -3.0633 0.23167
vn -0.525528 0.63824 0.562557
v -1.8116 -3.0633 0.21046
vn -0.591101 0.472919 0.653411
v -1.7883 -3.0633 0.23211
vn -0.685677 0.587706 0.429475
v -1.7889 -3.1087 0.24293
vn -0.535828 0.143984 0.83196
v -1.7744 -3.0633 0.25482
vn -0.688546 0.590166 0.421436
v -1.7686 -3.0406 0.23211
vn -0.687209 0.6344 0.35395
v -1.7662 -3.0406 0.23677
vn -0.799439 0.55355 0.23341
v -1.7662 -3.038 0.23211
vn -0.687209 0.6344 0.35395
v -1.7613 -3.0406 0.25482
vn -0.827563 0.555465 0.0812297
v -1.7662 -3.0479 0.25482
vn -0.827563 0.555465 0.0812297
v -1.7419 -3.0179 0.25482
vn -0.720406 0.678071 0.145723
v -1.7435 -3.0179 0.24691
vn -0.731063 0.639441 0.238037
v -1.7435 -3.0196 0.25482
vn -0.720406 0.678071 0.145723
v -1.7486 -3.0179 0.23211
vn -0.732061 0.63281 0.252265
v -1.7435 -3.012 0.23211
vn -0.732061 0.63281 0.252265
v -1.7622 -3.0406 0.27752
vn -0.829857 0.557005 -0.0328985
v -1.7435 -3.0188 0.27752
vn -0.679728 0.679728 -0.275574
v -1.7435 -3.0179 0.27974
vn -0.679728 0.679728 -0.275574
v -1.7426 -3.0179 0.27752
vn -0.679728 0.679728 -0.275574
v -1.7207 -3.1314 0.34312
vn 0.0547373 -0.0136348 0.998408
v -1.7207 -3.1087 0.34343
vn 0.0837088 -0.00233909 0.996488
v -1.7435 -3.1087 0.34468
vn 0.0547165 -0.0307642 0.998028
v -1.7435 -3.0902 0.34564
vn 0.102617 -0.00108303 0.99472
v -1.7207 -3.086 0.34231
vn 0.14384 0.0206525 0.989385
v -1.7421 -3.086 0.34564
vn 0.145794 0 0.989315
v -1.7435 -3.0763 0.34564
vn -0.00479028 0.0298246 0.999544
v -1.7435 -3.0633 0.34533
vn -0.0495953 0.0238103 0.998486
v -1.7662 -3.0633 0.33995
vn -0.230556 0.0231974 0.972783
v -1.7662 -3.086 0.33668
vn -0.407705 0.117687 0.905498
v -1.7463 -3.086 0.34564
vn -0.350565 0.10071 0.931108
v -1.7207 -3.0633 0.34221
vn 0.142415 0.0113673 0.989742
v -1.7435 -3.086 0.34567
vn 0 0 1
v -1.7662 -3.0377 0.32293
vn -0.836075 0.547806 0.0297854
v -1.7662 -3.0391 0.30023
vn -0.835969 0.547737 -0.033781
v -1.7681 -3.0406 0.32293
vn -0.836075 0.547806 0.0297854
v -1.7662 -3.0406 0.32782
vn -0.795481 0.521209 0.309115
v -1.72 -2.9952 0.25482
vn -0.647501 0.755289 0.101398
v -1.7207 -2.9952 0.25035
vn -0.647501 0.755289 0.101398
v -1.7207 -2.9958 0.25482
vn -0.647501 0.755289 0.101398
v -1.7207 -2.9958 0.27752
vn -0.641783 0.748619 -0.166387
v -1.7207 -2.9952 0.28022
vn -0.641783 0.748619 -0.166387
v -1.72 -2.9952 0.27752
vn -0.641783 0.748619 -0.166387
v -1.8159 -3.086 0.21599
vn -0.69259 0.291893 0.659634
v -1.6299 -3.2449 -0.28624
vn -0.224214 0.118184 0.967347
v -1.6072 -3.2449 -0.28132
vn -0.236442 0.206223 0.949509
v -1.5845 -3.2449 -0.27664
vn -0.11958 0.266415 0.956412
v -1.6072 -3.2222 -0.2831
vn -0.161892 0.0369252 0.986117
v -1.5845 -3.2222 -0.27997
vn -0.120641 0.0460866 0.991626
v -1.6072 -3.1995 -0.28209
vn -0.123054 -0.0775804 0.989363
v -1.5845 -3.1995 -0.27942
vn -0.0789144 -0.0719796 0.994279
v -1.5618 -3.2222 -0.27849
vn 0.0319853 0.0540783 0.998024
v -1.5618 -3.1995 -0.27799
vn 0.0119624 -0.0568205 0.998313
v -1.6072 -3.1768 -0.27831
vn -0.0711048 -0.173938 0.982186
v -1.5845 -3.1768 -0.27718
vn -0.0177103 -0.133266 0.990922
v -1.6072 -3.1541 -0.27227
vn -0.000215569 -0.211616 0.977353
v -1.5845 -3.1541 -0.27339
vn 0.0841527 -0.160724 0.983405
v -1.5618 -3.1768 -0.27638
vn 0.0701735 -0.0623517 0.995584
v -1.5391 -3.1768 -0.27883
vn 0.227732 -0.0324963 0.973181
v -1.5618 -3.1541 -0.27472
vn 0.121417 -0.076513 0.989648
v -1.5391 -3.1541 -0.27851
vn 0.216338 0.000516417 0.976318
v -1.5845 -3.1314 -0.26843
vn 0.169242 -0.210388 0.962857
v -1.5618 -3.1314 -0.27242
vn 0.226168 -0.0912102 0.969809
v -1.5391 -3.1314 -0.27969
vn 0.296449 0.0162861 0.95491
v -1.5767 -3.1087 -0.2674
vn 0.306037 -0.00964484 0.951971
v -1.5618 -3.1087 -0.27219
vn 0.327557 0.018427 0.944652
v -1.5391 -3.1087 -0.28055
vn 0.330474 0.0386346 0.943024
v -1.5618 -3.086 -0.27333
vn 0.340009 0.0411813 0.93952
v -1.5391 -3.086 -0.2814
vn 0.323383 0.0388811 0.945469
v -1.5164 -3.1541 -0.28607
vn 0.297439 0.0250302 0.954413
v -1.5051 -3.1314 -0.29011
vn 0.217574 0.0360326 0.975378
v -1.4937 -3.1087 -0.29296
vn 0.100748 0.0433799 0.993966
v -1.5091 -3.1087 -0.29011
vn 0.208519 0.0372289 0.97731
v -1.4937 -3.086 -0.29394
vn 0.124761 0.0471663 0.991065
v -1.5126 -3.086 -0.29011
vn 0.212096 0.0397049 0.976442
v -1.4937 -3.0633 -0.29515
vn 0.118098 0.0409837 0.992156
v -1.5164 -3.0647 -0.29011
vn 0.285343 0.0431092 0.957455
v -1.5164 -3.0633 -0.29018
vn 0.213623 0.048789 0.975697
v -1.5164 -3.1314 -0.28723
vn 0.295996 0.0433576 0.954205
v -1.5164 -3.1087 -0.28825
vn 0.306052 0.0377246 0.951267
v -1.5164 -3.086 -0.28906
vn 0.315339 0.039584 0.948153
v -1.5391 -3.0633 -0.28245
vn 0.321845 0.0437473 0.945781
v -1.4937 -3.0406 -0.29579
vn 0.0479522 0.0206766 0.998636
v -1.758 -2.8817 -0.22199
vn -0.670636 0.163065 0.723641
v -1.7662 -2.8817 -0.24012
vn -0.863551 0.318964 0.390566
v -1.7435 -2.9044 -0.2119
vn -0.399029 0.147387 0.905016
v -1.7435 -2.8817 -0.20798
vn -0.694847 -0.00304809 0.719151
v -1.7581 -2.8589 -0.22199
vn -0.694847 -0.00304809 0.719151
v -1.7373 -2.9952 0.20941
vn -0.682162 0.469936 0.560192
v -1.7435 -2.9952 0.20186
vn -0.682162 0.469936 0.560192
v -1.7435 -3.0042 0.20941
vn -0.682162 0.469936 0.560192
v -1.8363 -2.9498 0.14129
vn -0.810017 0.522599 0.266012
v -1.8343 -2.9498 0.14738
vn -0.810017 0.522599 0.266012
v -1.8343 -2.9467 0.14129
vn -0.810017 0.522599 0.266012
v -1.5845 -2.9099 0.073177
vn -0.0234852 0.999569 0.0176056
v -1.5845 -2.9102 0.050472
vn 0.00881094 0.999874 -0.0132187
v -1.6072 -2.91 0.050472
vn -0.0154157 0.999821 0.0110028
v -1.6072 -2.9108 0.073177
vn -0.0395963 0.998671 0.0329861
v -1.5845 -2.9106 0.095882
vn -0.0395991 0.998741 0.0307913
v -1.5674 -2.9498 0.20941
vn 0.238038 0.740076 0.628987
v -1.5618 -2.9323 0.1867
vn 0.238038 0.740076 0.628987
v -1.5845 -2.9443 0.20941
vn 0.235275 0.741667 0.628153
v -1.5839 -2.9271 0.1867
vn 0.149834 0.78626 0.599454
v -1.5845 -2.9271 0.18685
vn 0.149834 0.78626 0.599454
v -1.5845 -2.918 0.164
vn 0.230264 0.933398 0.275222
v -1.5618 -2.9271 0.17587
vn 0.230264 0.933398 0.275222
v -1.5618 -2.9236 0.164
vn 0.230264 0.933398 0.275222
v -1.7889 -3.086 0.24094
vn -0.608024 0.295719 0.736788
v -1.7662 -3.0406 0.29589
vn -0.851215 0.491522 -0.183953
v -1.767 -3.0406 0.30023
vn -0.880646 0.469715 -0.0618861
v -1.7662 -3.0475 0.27752
vn -0.850191 0.492855 -0.185118
v -1.5618 -3.0056 0.25482
vn 0.526396 0.759221 0.382741
v -1.5618 -2.9952 0.23419
vn 0.557646 0.717943 0.416641
v -1.5768 -2.9952 0.25482
vn 0.559677 0.721916 0.406939
v -1.5845 -2.9752 0.23211
vn 0.573007 0.695459 0.433589
v -1.5618 -2.9934 0.23211
vn 0.51845 0.646634 0.55953
v -1.5881 -2.9725 0.23211
vn 0.533659 0.47288 0.701137
v -1.5845 -2.9725 0.22937
vn 0.533659 0.47288 0.701137
v -1.5845 -2.9498 0.21406
vn 0.533659 0.47288 0.701137
v -1.6299 -3.2222 -0.2861
vn -0.1308 -0.0577709 0.989724
v -1.6299 -3.1995 -0.28359
vn -0.0983429 -0.0769272 0.992175
v -1.6072 -3.1391 -0.2674
vn 0.092823 -0.278235 0.956017
v -1.5908 -3.1314 -0.2674
vn 0.164154 -0.286817 0.943816
v -1.6072 -3.1314 -0.26438
vn 0.169483 -0.352405 0.920373
v -1.5845 -3.1259 -0.2674
vn 0.263413 -0.157671 0.951711
v -1.5845 -3.1087 -0.26476
vn 0.367217 -0.085424 0.926204
v -1.5845 -3.086 -0.26372
vn 0.368231 -0.0425503 0.92876
v -1.5767 -3.086 -0.2674
vn 0.349016 0.0151383 0.936995
v -1.5766 -3.0633 -0.2674
vn 0.418815 -0.0317469 0.907516
v -1.5618 -3.0633 -0.27376
vn 0.375266 -0.00777218 0.926885
v -1.5729 -3.0406 -0.2674
vn 0.43856 -0.0913516 0.894047
v -1.5618 -3.0406 -0.27252
vn 0.420761 -0.106261 0.900927
v -1.5391 -3.0406 -0.28247
vn 0.380455 -0.0470903 0.9236
v -1.5634 -3.0179 -0.2674
vn 0.419693 -0.171456 0.891325
v -1.5618 -3.0179 -0.26826
vn 0.458764 -0.168294 0.872475
v -1.5391 -3.0179 -0.28018
vn 0.413944 -0.10605 0.904104
v -1.5845 -3.0406 -0.26016
vn 0.527511 -0.0859831 0.845186
v -1.5618 -3.0141 -0.2674
vn 0.455852 -0.196471 0.8681
v -1.5167 -3.0633 -0.29011
vn 0.317699 0.0460826 0.947071
v -1.5164 -3.0406 -0.29116
vn 0.218675 0.0297142 0.975345
v -1.5199 -3.0406 -0.29011
vn 0.362438 -0.0217124 0.931755
v -1.7889 -2.9044 -0.26581
vn -0.627043 0.516823 0.582848
v -1.7929 -2.9044 -0.2674
vn -0.388286 0.661428 0.641675
v -1.7889 -2.8977 -0.2674
vn -0.723071 0.159498 0.672107
v -1.6554 -2.9271 -0.15387
vn -0.255647 0.949779 0.180457
v -1.6753 -2.9271 -0.16948
vn -0.30768 0.870239 0.384728
v -1.6753 -2.9314 -0.15387
vn -0.210511 0.974199 0.0813753
v -1.6368 -2.9044 -0.17658
vn -0.470302 0.759369 0.449639
v -1.6526 -2.9044 -0.19466
vn -0.496792 0.758553 0.421659
v -1.6526 -2.9139 -0.17658
vn -0.405834 0.80259 0.437205
v -1.6299 -2.9003 -0.17658
vn -0.262858 0.785722 0.559952
v -1.6299 -2.8863 -0.19929
vn -0.507447 0.739944 0.441566
v -1.6526 -2.9022 -0.19929
vn -0.534634 0.76329 0.362706
v -1.6526 -2.926 -0.15387
vn -0.395266 0.890851 0.223942
v -1.6753 -2.9236 -0.17658
vn -0.35789 0.83753 0.412865
v -1.6299 -2.9144 -0.15387
vn -0.335287 0.879561 0.337573
v -1.6299 -2.9044 -0.17056
vn -0.203017 0.835793 0.510131
v -1.6241 -2.8817 -0.19929
vn -0.158344 0.705813 0.690474
v -1.6299 -2.8817 -0.2042
vn -0.50093 0.631602 0.591732
v -1.5845 -2.8927 -0.19929
vn 0.48565 0.625307 0.610849
v -1.5845 -2.8817 -0.20855
vn 0.573438 0.289534 0.766381
v -1.5998 -2.8817 -0.19929
vn 0.356601 0.457349 0.814658
v -1.5845 -2.9086 -0.17658
vn 0.510653 0.802446 0.308731
v -1.5845 -2.9044 -0.18532
vn 0.454109 0.740572 0.495316
v -1.5911 -2.9044 -0.17658
vn 0.385745 0.842978 0.374952
v -1.6072 -2.8966 -0.17658
vn 0.152148 0.801725 0.578003
v -1.6072 -2.8817 -0.19727
vn 0 0.793792 0.60819
v -1.6072 -2.9087 -0.15387
vn 0.0446022 0.96426 0.261176
v -1.6072 -2.9044 -0.16329
vn 0.0772091 0.885303 0.45856
v -1.5845 -2.9165 -0.15387
vn 0.282953 0.935332 0.212346
v -1.6072 -2.8792 -0.19929
vn 0 0.353999 0.935246
v -1.6072 -2.8589 -0.2059
vn 0.0895922 0.319048 0.943494
v -1.5845 -2.8589 -0.21011
vn 0.345789 -0.0105086 0.938253
v -1.5618 -2.8638 -0.22199
vn 0.432847 -0.149927 0.888913
v -1.5845 -2.8362 -0.20979
vn 0.00769697 -0.14727 0.989066
v -1.5618 -2.8362 -0.20978
vn 0.057434 -0.189144 0.980268
v -1.5618 -2.8589 -0.21772
vn 0.301697 -0.31478 0.89994
v -1.5845 -2.8135 -0.2046
vn 0.0231781 -0.290313 0.956651
v -1.5618 -2.8135 -0.20515
vn -0.0582391 -0.254629 0.965283
v -1.5391 -2.8135 -0.20035
vn -0.214347 -0.277877 0.936397
v -1.5391 -2.8085 -0.19929
vn -0.198931 -0.18965 0.961488
v -1.5362 -2.8135 -0.19929
vn -0.200786 -0.300617 0.93237
v -1.5164 -2.8246 -0.19929
vn -0.0975594 -0.338715 0.935817
v -1.5164 -2.8135 -0.195
vn -0.0379441 -0.276356 0.960306
v -1.4937 -2.8154 -0.19929
vn 0.142714 -0.368808 0.918484
v -1.4937 -2.8135 -0.19836
vn 0.149247 -0.360596 0.920704
v -1.8507 -3.0633 0.164
vn -0.729075 0.455699 0.510674
v -1.698 -2.929 -0.13117
vn 0.0271938 0.985583 -0.166993
v -1.698 -2.9271 -0.11598
vn -0.00774371 0.9919 -0.126785
v -1.6753 -2.9271 -0.11626
vn -0.0627632 0.982705 -0.174216
v -1.6753 -2.9303 -0.13117
vn -0.127343 0.986656 -0.101456
v -1.6554 -2.9271 -0.13117
vn -0.158154 0.98082 -0.113928
v -1.6753 -2.9258 -0.10846
vn -0.0769529 0.996343 -0.037136
v -1.698 -2.9264 -0.10846
vn -0.0335974 0.999301 -0.0163741
v -1.6526 -2.9263 -0.13117
vn -0.305504 0.950073 -0.0634682
v -1.6299 -2.919 -0.13117
vn -0.296859 0.954906 0.00540589
v -1.6526 -2.9228 -0.10846
vn -0.20854 0.976198 -0.0595662
v -1.6299 -2.9173 -0.10846
vn -0.249135 0.968384 -0.0127925
v -1.7123 -2.9271 -0.085759
vn -0.0573457 0.998065 0.0240503
v -1.7207 -2.9271 -0.10065
vn -0.0337706 0.999248 0.0190504
v -1.7207 -2.9276 -0.085759
vn -0.0593776 0.997639 0.0344991
v -1.698 -2.9271 -0.063054
vn -0.0567078 0.998029 0.0268657
v -1.698 -2.9271 -0.063436
vn -0.0556556 0.99727 0.0485343
v -1.7207 -2.9284 -0.063054
vn -0.0580083 0.99812 0.0197859
v -1.698 -2.926 -0.085759
vn -0.0403811 0.998998 0.019287
v -1.6753 -2.9255 -0.085759
vn -0.0514069 0.998198 0.0309541
v -1.6753 -2.927 -0.063054
vn -0.0475585 0.99875 0.0153958
v -1.6925 -2.9271 -0.063054
vn -0.0137713 0.999607 0.0244148
v -1.6526 -2.9233 -0.085759
vn -0.169165 0.984633 0.0433671
v -1.6299 -2.9181 -0.085759
vn -0.25063 0.967016 0.0454346
v -1.6526 -2.9252 -0.063054
vn -0.134549 0.99058 0.0254497
v -1.6299 -2.9196 -0.063054
vn -0.240149 0.970008 0.0375936
v -1.6072 -2.9131 -0.13117
vn -0.0213741 0.998911 0.0414819
v -1.5845 -2.9154 -0.13117
vn 0.100528 0.992157 -0.074288
v -1.6072 -2.9114 -0.10846
vn -0.0949713 0.994913 -0.0335925
v -1.5845 -2.9131 -0.10846
vn 0.0832587 0.994728 -0.0598675
v -1.6072 -2.9117 -0.085759
vn -0.140357 0.989487 0.0348694
v -1.5845 -2.913 -0.085759
vn 0.0451028 0.99888 0.0143003
v -1.6072 -2.913 -0.063054
vn -0.129828 0.990624 0.04254
v -1.5845 -2.9128 -0.063054
vn -0.00881137 0.999922 -0.00880941
v -1.703 -2.9271 -0.040349
vn -0.102999 0.992259 -0.0693838
v -1.698 -2.9271 -0.055575
vn -0.0500796 0.998615 -0.016112
v -1.7207 -2.9285 -0.040349
vn -0.0693929 0.997287 -0.0245644
v -1.7202 -2.9271 -0.017643
vn -0.105855 0.991081 -0.0809505
v -1.7207 -2.9271 -0.017643
vn 0 0.998105 -0.0615406
v -1.698 -2.9265 -0.040349
vn -0.0323807 0.996568 -0.0761872
v -1.6753 -2.9262 -0.040349
vn -0.0450097 0.99617 -0.0749636
v -1.698 -2.9242 -0.017643
vn -0.0714776 0.990845 -0.114531
v -1.6753 -2.9228 -0.017643
vn -0.055169 0.988707 -0.139336
v -1.6526 -2.9247 -0.040349
vn -0.127328 0.989872 -0.0627765
v -1.6299 -2.9196 -0.040349
vn -0.219205 0.975679 0
v -1.6526 -2.9219 -0.017643
vn -0.0393205 0.991715 -0.122293
v -1.7207 -2.9271 -0.016991
vn -0.128891 0.986716 -0.0988827
v -1.7073 -2.9271 0.050472
vn -0.147854 0.988007 0.044521
v -1.7163 -2.9271 0.027767
vn -0.127933 0.990082 0.0580581
v -1.7207 -2.929 0.050472
vn -0.13329 0.990166 0.0424944
v -1.7207 -2.9275 0.027767
vn -0.090355 0.993744 0.0656467
v -1.7 -2.9271 0.073177
vn -0.155373 0.987477 0.0273427
v -1.7207 -2.9295 0.073177
vn -0.121343 0.992441 0.0183644
v -1.698 -2.9265 0.073177
vn -0.142708 0.989369 0.0279998
v -1.698 -2.9248 0.050472
vn -0.176096 0.981531 0.0747416
v -1.6753 -2.9233 0.073177
vn -0.139459 0.989269 0.0435726
v -1.7005 -2.9271 0.095882
vn -0.154098 0.987164 -0.0419688
v -1.698 -2.9264 0.095882
vn -0.143405 0.988767 -0.0421347
v -1.6753 -2.9236 0.095882
vn -0.119748 0.992093 -0.0375736
v -1.698 -2.9245 0.11859
vn -0.128184 0.990266 -0.0542455
v -1.7133 -2.9271 0.11859
vn -0.167268 0.98433 -0.0558234
v -1.6753 -2.9223 0.11859
vn -0.0971216 0.994603 -0.036507
v -1.6526 -2.9205 0.11859
vn -0.0963512 0.994181 -0.0481747
v -1.6526 -2.9209 0.095882
vn -0.0985656 0.994434 -0.0372218
v -1.698 -2.9241 0.14129
vn -0.117603 0.99219 0.0415824
v -1.6753 -2.9215 0.14129
vn -0.110827 0.99306 0.0393616
v -1.698 -2.927 0.164
vn -0.111843 0.985274 0.129328
v -1.6982 -2.9271 0.164
vn -0.443899 0.888858 0.113509
v -1.6753 -2.9245 0.164
vn -0.1173 0.980071 0.160315
v -1.6526 -2.9189 0.14129
vn -0.114485 0.993168 0.0225978
v -1.6299 -2.9162 0.14129
vn -0.102086 0.993149 0.0568568
v -1.6299 -2.9179 0.11859
vn -0.115652 0.990676 -0.0720136
v -1.6526 -2.9215 0.164
vn -0.115254 0.974852 0.190738
v -1.6299 -2.919 0.164
vn -0.0893361 0.97032 0.22472
v -1.6299 -2.9272 0.1867
vn -0.106541 0.805457 0.582999
v -1.6299 -2.9271 0.18647
vn -0.0810505 0.923352 0.375301
v -1.6526 -2.9303 0.1867
vn -0.110694 0.812617 0.572189
v -1.6526 -2.9271 0.18152
vn -0.0960756 0.93686 0.336248
v -1.6299 -2.9437 0.20941
vn -0.0583479 0.799326 0.598059
v -1.698 -2.9271 0.16414
vn -0.107762 0.955622 0.27418
v -1.6753 -2.9271 0.17327
vn -0.113653 0.951752 0.285047
v -1.6072 -2.9174 0.164
vn -0.0351964 0.952353 0.302961
v -1.6072 -2.9427 0.20941
vn 0.00488481 0.787398 0.616426
v -1.6072 -2.9271 0.18824
vn 0.0178212 0.803905 0.59449
v -1.6284 -2.9271 0.1867
vn -0.0442247 0.875151 0.481824
v -1.6072 -2.9264 0.1867
vn -0.00302004 0.92901 0.370044
v -1.5845 -2.927 0.1867
vn 0.0245677 0.929321 0.368456
v -1.646 -2.9725 0.23211
vn -0.312804 0.714518 0.625793
v -1.6526 -2.9725 0.22783
vn -0.264724 0.873657 0.408221
v -1.6526 -2.9745 0.23211
vn -0.264724 0.873657 0.408221
v -1.6072 -2.9786 0.25482
vn 0.357563 0.891833 0.277098
v -1.6072 -2.9725 0.24348
vn 0.176441 0.830209 0.528793
v -1.6299 -2.9773 0.25482
vn 0.0176732 0.907573 0.419523
v -1.6299 -2.9725 0.24258
vn -0.108912 0.864484 0.49072
v -1.5845 -2.9903 0.25482
vn 0.442267 0.861702 0.248735
v -1.5618 -2.9725 0.21384
vn 0.462785 0.589446 0.662106
v -1.5845 -2.9901 0.27752
vn 0.430367 0.895868 -0.110479
v -1.6072 -2.9805 0.27752
vn 0.396759 0.914382 -0.0805435
v -1.5845 -2.9847 0.30023
vn 0.443885 0.884778 -0.141894
v -1.6072 -2.9762 0.30023
vn 0.345281 0.922116 -0.174592
v -1.5618 -3.0061 0.27752
vn 0.619391 0.779618 -0.0924659
v -1.5766 -2.9952 0.27752
vn 0.55706 0.824031 -0.103234
v -1.5495 -3.0179 0.27752
vn 0.692201 0.72153 0.0158916
v -1.5618 -2.9991 0.30023
vn 0.573671 0.812688 -0.102171
v -1.5671 -2.9952 0.30023
vn 0.519012 0.84908 -0.098437
v -1.5618 -2.9982 0.32293
vn 0.501134 0.785096 0.363991
v -1.5665 -2.9952 0.32293
vn 0.463654 0.797495 0.386039
v -1.5845 -2.9871 0.32293
vn 0.44826 0.879884 0.157694
v -1.5845 -2.9952 0.33492
vn 0.413929 0.665209 0.621417
v -1.5618 -3.0179 0.34078
vn 0.431312 0.611165 0.663662
v -1.6299 -2.9653 0.23211
vn -0.1397 0.743754 0.653692
v -1.6299 -2.9498 0.21748
vn -0.0885344 0.712701 0.695858
v -1.6072 -2.9636 0.23211
vn 0.102808 0.701746 0.704971
v -1.6072 -2.9498 0.21767
vn 0.0388807 0.744274 0.666742
v -1.8116 -2.9356 -0.17658
vn -0.260908 0.950593 -0.168225
v -1.8116 -2.9387 -0.19929
vn -0.3681 0.928184 -0.0545585
v -1.8343 -2.9498 -0.18417
vn -0.490277 0.852266 -0.182404
v -1.8343 -2.9464 -0.17658
vn -0.398268 0.837112 -0.375001
v -1.8292 -2.9498 -0.19929
vn -0.52502 0.832462 -0.17709
v -1.7207 -2.9095 -0.19929
vn -0.158966 0.72305 0.672256
v -1.7207 -2.9044 -0.20153
vn -0.0652065 0.101181 0.992729
v -1.7435 -2.9149 -0.19929
vn -0.134099 0.816899 0.560975
v -1.73 -2.8817 -0.19929
vn -0.176678 -0.0947193 0.979701
v -1.7889 -2.9336 -0.17658
vn -0.176563 0.984289 -0.000483577
v -1.7889 -2.9296 -0.19929
vn -0.378932 0.911396 0.160525
v -1.7662 -2.9292 -0.17658
vn -0.09934 0.994934 0.0154132
v -1.7662 -2.9271 -0.18497
vn -0.186886 0.898876 0.396352
v -1.7837 -2.9271 -0.19929
vn -0.295222 0.904245 0.30852
v -1.7889 -2.931 -0.15387
vn -0.0939641 0.986525 -0.133937
v -1.8116 -2.9318 -0.15387
vn -0.0592301 0.98421 -0.1668
v -1.7662 -2.9286 -0.15387
vn -0.0570468 0.996143 -0.0666632
v -1.7435 -2.9276 -0.17658
vn -0.050348 0.997368 0.0521801
v -1.7435 -2.9271 -0.17872
vn -0.0938348 0.887841 0.450481
v -1.7246 -2.9271 -0.17658
vn -0.0652712 0.936572 0.344343
v -1.7435 -2.9284 -0.15387
vn -0.00377942 0.999953 -0.008907
v -1.7207 -2.9294 -0.15387
vn 0.0398071 0.999168 0.00883533
v -1.7207 -2.9271 -0.17606
vn -0.0298336 0.987761 0.153097
v -1.7662 -2.9184 -0.19929
vn -0.251059 0.827267 0.502593
v -1.7207 -2.9269 -0.17658
vn -0.059845 0.795167 0.60343
v -1.7207 -2.8589 -0.19467
vn -0.116929 -0.0382113 0.992405
v -1.7379 -2.8589 -0.19929
vn -0.259409 -0.00212758 0.965765
v -1.7207 -2.8362 -0.19462
vn -0.127268 -0.0558655 0.990294
v -1.7385 -2.8362 -0.19929
vn -0.251882 -0.121805 0.960062
v -1.7207 -2.8135 -0.19174
vn -0.13308 -0.161293 0.977893
v -1.6754 -2.9044 -0.19929
vn 0.1711 0.0415235 0.984378
v -1.6753 -2.9044 -0.20021
vn 0.236102 0.185369 0.953884
v -1.681 -2.8817 -0.19929
vn 0.279845 -0.0297673 0.959584
v -1.6753 -2.8817 -0.20385
vn 0.28806 0.076545 0.954548
v -1.6633 -2.9044 -0.19929
vn -0.214594 0.735921 0.642161
v -1.6753 -2.9053 -0.19929
vn 0.0555803 0.767038 0.63919
v -1.698 -2.9306 -0.15387
vn 0.0374594 0.997574 0.0586756
v -1.698 -2.9271 -0.17152
vn -0.0116273 0.975572 0.219372
v -1.698 -2.9251 -0.17658
vn -0.114463 0.750536 0.650841
v -1.698 -2.9044 -0.19623
vn -0.00801459 0.448061 0.893967
v -1.7157 -2.9044 -0.19929
vn -0.180739 -0.0364424 0.982856
v -1.574 -2.9044 -0.19929
vn 0.649528 0.582906 0.488195
v -1.6688 -2.8589 -0.19929
vn 0.248334 -0.15652 0.955945
v -1.6526 -2.8362 -0.19947
vn 0.23992 -0.295725 0.924654
v -1.6299 -2.8362 -0.20536
vn 0.0901031 -0.0778562 0.992885
v -1.6299 -2.8589 -0.20661
vn -0.0869164 0.0705339 0.993716
v -1.698 -2.8589 -0.19371
vn 0.0747214 -0.0549508 0.995689
v -1.6753 -2.8589 -0.19744
vn 0.18016 -0.12608 0.975523
v -1.698 -2.8362 -0.19312
vn -0.0107004 -0.130224 0.991427
v -1.6753 -2.8362 -0.19502
vn 0.144439 -0.145401 0.978773
v -1.6532 -2.8362 -0.19929
vn 0.188112 -0.129275 0.973603
v -1.698 -2.8135 -0.18898
vn -0.0488882 -0.203952 0.977759
v -1.6753 -2.8135 -0.18947
vn 0.0963227 -0.256201 0.961812
v -1.6526 -2.8135 -0.19344
vn 0.165076 -0.286076 0.943881
v -1.6072 -2.8362 -0.20854
vn 0.159613 0.114039 0.980571
v -1.8116 -2.9268 -0.10846
vn -0.0803786 0.996764 0
v -1.8116 -2.9271 -0.12227
vn -0.0720077 0.996657 -0.0386022
v -1.8137 -2.9271 -0.10846
vn -0.14139 0.989954 0
v -1.8116 -2.9271 -0.10075
vn -0.0846833 0.995147 0.0501203
v -1.8041 -2.9271 -0.13117
vn -0.0726943 0.991153 -0.111046
v -1.7889 -2.9271 -0.13666
vn -0.0630658 0.977025 -0.203582
v -1.8116 -2.9278 -0.13117
vn -0.0919273 0.984931 -0.146491
v -1.7662 -2.9271 -0.1452
vn -0.0327335 0.984471 -0.17247
v -1.7435 -2.9271 -0.13999
vn 0.0448113 0.99243 -0.114341
v -1.7207 -2.9275 -0.13117
vn 0.064145 0.995958 -0.0628802
v -1.7275 -2.9271 -0.13117
vn 0.050085 0.997837 -0.0425782
v -1.7207 -2.9271 -0.11744
vn 0.027197 0.998772 -0.0414196
v -1.7889 -2.9259 -0.13117
vn -0.0682685 0.995168 -0.0705742
v -1.7662 -2.9245 -0.13117
vn -0.00304458 0.997576 -0.0695119
v -1.7889 -2.9251 -0.10846
vn -0.054114 0.998531 0.00266884
v -1.7662 -2.9248 -0.10846
vn 0.0372381 0.998884 0.0290642
v -1.7435 -2.926 -0.13117
vn 0.0693038 0.997551 -0.00942894
v -1.7435 -2.9265 -0.10846
vn 0.0471587 0.998692 0.0197777
v -1.7207 -2.927 -0.10846
vn -0.000705279 0.999855 -0.0169985
v -1.8022 -2.9271 -0.085759
vn -0.0880157 0.994875 0.0497746
v -1.8116 -2.9283 -0.085759
vn -0.126232 0.988838 0.0791519
v -1.7435 -2.9277 -0.085759
vn 0.0127317 0.9993 0.0351679
v -1.7435 -2.9271 -0.097175
vn 0.0361041 0.998253 0.0467784
v -1.75 -2.9271 -0.085759
vn 0.090654 0.995365 0.0320876
v -1.7435 -2.9283 -0.063054
vn 0.0354392 0.99932 0.010197
v -1.7554 -2.9271 -0.063054
vn 0.0895762 0.995882 0.0139647
v -1.7889 -2.9259 -0.085759
vn -0.0345741 0.998467 0.0432185
v -1.7662 -2.9256 -0.085759
vn 0.0216858 0.999159 0.0348084
v -1.7662 -2.9262 -0.063054
vn 0.025122 0.999474 0.0204892
v -1.7435 -2.9282 -0.040349
vn 0.0456783 0.99865 -0.0247445
v -1.7575 -2.9271 -0.040349
vn 0.0776201 0.996948 -0.00837891
v -1.7435 -2.9271 -0.021682
vn 0.068691 0.99591 -0.0586899
v -1.7381 -2.9271 -0.017643
vn 0.0145303 0.998841 -0.0458904
v -1.7662 -2.9265 -0.040349
vn 0.068783 0.997544 0.0131879
v -1.7207 -2.9265 0.0050616
vn -0.0529408 0.998556 -0.00914303
v -1.7435 -2.926 0.0050616
vn 0.0261009 0.999572 -0.0132106
v -1.7435 -2.9268 -0.017643
vn 0.0554235 0.997844 -0.0351545
v -1.7207 -2.9271 0.020184
vn -0.121175 0.991956 0.0365955
v -1.6299 -2.918 -0.017643
vn -0.198164 0.977893 -0.0667568
v -1.698 -2.923 0.0050616
vn -0.131728 0.990783 -0.0315599
v -1.6753 -2.92 0.0050616
vn -0.0904232 0.993177 -0.0736362
v -1.698 -2.9232 0.027767
vn -0.180062 0.982878 0.0390988
v -1.6753 -2.9189 0.027767
vn -0.100804 0.994893 0.00511206
v -1.6526 -2.9194 0.0050616
vn -0.0867788 0.993226 -0.0772814
v -1.6299 -2.9165 0.0050616
vn -0.17043 0.98359 -0.0592023
v -1.6526 -2.9179 0.027767
vn -0.0993217 0.994689 -0.0270173
v -1.6299 -2.9152 0.027767
vn -0.179741 0.983154 -0.0331994
v -1.6072 -2.9133 -0.040349
vn -0.16689 0.985823 -0.01737
v -1.5845 -2.9122 -0.040349
vn -0.045464 0.99869 -0.0234621
v -1.6072 -2.9127 -0.017643
vn -0.133781 0.990262 -0.038524
v -1.5845 -2.9118 -0.017643
vn -0.0220188 0.999547 -0.0205405
v -1.6072 -2.9116 0.0050616
vn -0.0876966 0.995341 -0.040081
v -1.5845 -2.9119 0.0050616
vn 0.0132109 0.999852 -0.0110084
v -1.6072 -2.9104 0.027767
vn -0.066764 0.997054 -0.0377642
v -1.5845 -2.9113 0.027767
vn 0.105039 0.993505 -0.0437562
v -1.6753 -2.9209 0.050472
vn -0.149691 0.984919 0.0867585
v -1.6526 -2.9183 0.050472
vn -0.121546 0.991278 0.0509335
v -1.6299 -2.915 0.050472
vn -0.177002 0.984003 0.0202211
v -1.6526 -2.9199 0.073177
vn -0.149226 0.986604 0.0659071
v -1.6299 -2.916 0.073177
vn -0.190645 0.979842 0.0596987
v -1.6299 -2.9175 0.095882
vn -0.175266 0.984072 0.0297212
v -1.5618 -2.9177 0.050472
vn 0.313598 0.949167 -0.0271698
v -1.5618 -2.9175 0.073177
vn 0.316227 0.94868 0.00278266
v -1.6072 -2.9125 0.095882
vn -0.152952 0.987308 0.0427577
v -1.6072 -2.9129 0.11859
vn -0.147523 0.989052 -0.00373319
v -1.5845 -2.9108 0.11859
vn 0.0589103 0.998002 0.0228586
v -1.5618 -2.9172 0.11859
vn 0.271289 0.962216 0.0233108
v -1.6072 -2.9124 0.14129
vn -0.0731427 0.988387 0.133199
v -1.5845 -2.9117 0.14129
vn 0.0318054 0.996012 0.0833582
v -1.6526 -2.8987 -0.22199
vn 0.682022 0.565676 0.463526
v -1.6667 -2.8817 -0.22199
vn 0.798682 0.411238 0.439306
v -1.7662 -3.0179 0.19668
vn -0.608026 0.469615 0.64013
v -1.7552 -3.0179 0.20941
vn -0.707381 0.645026 0.289054
v -1.8343 -2.9346 -0.13117
vn -0.52375 0.84614 -0.098659
v -1.8343 -2.9393 -0.15387
vn -0.819746 0.558193 -0.128206
v -1.845 -2.9498 -0.13117
vn -0.812118 0.57726 -0.0850571
v -1.8411 -2.9498 -0.15387
vn -0.830763 0.538015 -0.142732
v -1.8343 -2.9333 -0.10846
vn -0.559242 0.829004 0.00104417
v -1.8469 -2.9498 -0.10846
vn -0.783612 0.621251 0.000480289
v -1.8343 -2.9355 -0.085759
vn -0.510081 0.855745 0.0867088
v -1.8116 -2.9309 -0.063054
vn -0.313948 0.946017 0.0805569
v -1.8343 -2.9392 -0.040349
vn -0.549725 0.834247 -0.0428257
v -1.8116 -2.931 -0.040349
vn -0.344904 0.936371 -0.0651912
v -1.8219 -2.9271 0.0050616
vn -0.405817 0.913098 -0.0395564
v -1.82 -2.9271 0.027767
vn -0.45237 0.889337 0.0666482
v -1.8116 -2.9242 0.0050616
vn -0.271579 0.961349 -0.0453203
v -1.8116 -2.9247 0.027767
vn -0.244066 0.969161 0.0340533
v -1.8162 -2.9271 0.050472
vn -0.44533 0.895158 0.0193319
v -1.8343 -2.9397 0.073177
vn -0.718139 0.695666 0.018024
v -1.8416 -2.9498 0.073177
vn -0.809237 0.584879 0.0552469
v -1.8177 -2.9271 0.073177
vn -0.534957 0.844491 -0.0256141
v -1.8116 -2.9256 0.050472
vn -0.214656 0.97668 -0.00430232
v -1.8116 -2.9245 0.073177
vn -0.258697 0.963307 -0.0715256
v -1.8343 -2.9399 0.095882
vn -0.746867 0.664611 0.0219541
v -1.8406 -2.9498 0.095882
vn -0.833469 0.552028 0.0243786
v -1.8204 -2.9271 0.095882
vn -0.616912 0.786994 0.00773992
v -1.8343 -2.9412 0.11859
vn -0.705504 0.69946 0.114102
v -1.8399 -2.9498 0.11859
vn -0.835175 0.543069 0.0869466
v -1.8181 -2.9271 0.11859
vn -0.577943 0.808057 0.114132
v -1.8116 -2.9226 0.095882
vn -0.304604 0.952375 -0.0140769
v -1.8116 -2.924 0.11859
vn -0.307807 0.946097 0.100771
v -1.7889 -2.9211 0.050472
vn -0.212227 0.976509 -0.0372734
v -1.7889 -2.9187 0.073177
vn -0.247899 0.964669 -0.0892224
v -1.7889 -2.9167 0.095882
vn -0.251491 0.967576 -0.0234381
v -1.7889 -2.9176 0.11859
vn -0.268593 0.958651 0.094054
v -1.8116 -2.9278 0.14129
vn -0.614662 0.734698 0.287071
v -1.8116 -2.9271 0.13813
vn -0.471806 0.86503 0.170654
v -1.8116 -2.9365 0.164
vn -0.563162 0.737505 0.37274
v -1.8247 -2.9498 0.164
vn -0.610708 0.601529 0.514975
v -1.8116 -2.9498 0.1743
vn -0.527944 0.520009 0.671465
v -1.81 -2.9271 0.14129
vn -0.391399 0.867749 0.306299
v -1.7889 -2.9208 0.14129
vn -0.282381 0.949756 0.135
v -1.7207 -2.9377 0.1867
vn -0.042424 0.883501 0.466503
v -1.7207 -2.9298 0.164
vn -0.0551316 0.937251 0.344269
v -1.7435 -2.9297 0.164
vn -0.00412659 0.941827 0.336072
v -1.7435 -2.938 0.1867
vn -0.0113732 0.864564 0.502395
v -1.7207 -2.9597 0.20941
vn -0.204371 0.449855 0.869404
v -1.7207 -2.9498 0.20362
vn -0.0905559 0.727436 0.680174
v -1.7435 -2.9498 0.19859
vn -0.167621 0.604328 0.778904
v -1.732 -2.9725 0.20941
vn -0.339454 0.299674 0.891609
v -1.7207 -2.9285 0.095882
vn -0.0605018 0.997204 -0.0438636
v -1.7207 -2.9272 0.11859
vn -0.0135245 0.99946 -0.029951
v -1.7178 -2.9271 0.14129
vn -0.128603 0.990821 0.0416437
v -1.698 -2.9363 0.1867
vn -0.087845 0.87991 0.46695
v -1.6753 -2.9338 0.1867
vn -0.102187 0.819876 0.563348
v -1.698 -2.956 0.20941
vn -0.0564421 0.546455 0.835585
v -1.698 -2.9498 0.2055
vn -0.0635884 0.752768 0.655208
v -1.6753 -2.9537 0.20941
vn -0.0899714 0.517448 0.850972
v -1.6753 -2.9498 0.20739
vn -0.0753531 0.749965 0.657172
v -1.6639 -2.9498 0.20941
vn -0.167853 0.672748 0.72058
v -1.6526 -2.9475 0.20941
vn -0.140091 0.780844 0.608816
v -1.7662 -3.0283 0.20941
vn -0.657479 0.698026 0.283693
v -1.7267 -2.9952 0.23211
vn -0.679593 0.680536 0.273905
v -1.7207 -2.9901 0.23211
vn -0.741456 0.518699 0.42567
v -1.7207 -2.9725 0.2149
vn -0.706637 0.440693 0.553583
v -1.7725 -3.0633 0.27752
vn -0.928858 0.37038 -0.00652759
v -1.7498 -3.0179 0.30023
vn -0.778954 0.623567 -0.0662896
v -1.774 -3.0633 0.30023
vn -0.947397 0.313016 -0.066778
v -1.7756 -3.0633 0.32293
vn -0.947397 0.313016 -0.066778
v -1.749 -3.0179 0.32293
vn -0.737389 0.647327 0.19294
v -1.7435 -3.0179 0.33095
vn -0.569158 0.476787 0.669875
v -1.7435 -3.0406 0.34376
vn -0.521724 0.419274 0.742976
v -1.6753 -2.9786 0.23211
vn -0.0687083 0.923604 0.377139
v -1.6753 -2.9725 0.2211
vn -0.113575 0.635265 0.763898
v -1.698 -2.9725 0.22099
vn -0.0391238 0.698732 0.714313
v -1.698 -2.9797 0.23211
vn -0.0343723 0.952801 0.301643
v -1.6753 -2.9843 0.25482
vn -0.00628036 0.998007 0.0627938
v -1.698 -2.9847 0.25482
vn -0.01755 0.995796 0.0899055
v -1.6526 -2.9848 0.25482
vn -0.174437 0.963904 0.20115
v -1.6753 -2.9821 0.27752
vn -0.0217583 0.987764 -0.154429
v -1.698 -2.9838 0.27752
vn -0.0554939 0.994479 -0.0890656
v -1.6753 -2.978 0.30023
vn -0.0613857 0.995328 0.0745255
v -1.698 -2.9808 0.30023
vn -0.0724163 0.996206 0.0482664
v -1.6526 -2.9837 0.27752
vn -0.0566323 0.988863 -0.137634
v -1.6299 -2.9786 0.27752
vn -0.0788095 0.993942 -0.0766083
v -1.6526 -2.978 0.30023
vn -0.0678813 0.994127 0.0842861
v -1.6299 -2.9749 0.30023
vn -0.047202 0.9922 0.11537
v -1.6753 -2.9855 0.32293
vn 0.008056 0.910924 0.412497
v -1.698 -2.9848 0.32293
vn 0.0511834 0.86204 0.504248
v -1.698 -2.9952 0.33383
vn 0.125651 0.456877 0.880611
v -1.698 -3.0179 0.34278
vn 0.128032 0.363773 0.922647
v -1.6753 -3.0179 0.33963
vn 0.0795429 0.369158 0.925956
v -1.6753 -2.9952 0.33053
vn 0.0563735 0.503427 0.862197
v -1.6526 -2.9876 0.32293
vn -0.0365256 0.829272 0.557651
v -1.6299 -2.9828 0.32293
vn -0.132102 0.855867 0.50004
v -1.6526 -3.0179 0.34023
vn -0.0899963 0.40016 0.912016
v -1.6526 -2.9952 0.32922
vn -0.101241 0.537505 0.837161
v -1.6299 -2.9952 0.3352
vn -0.148667 0.512863 0.8455
v -1.6299 -3.0179 0.34392
vn -0.133818 0.355366 0.925099
v -1.6072 -2.981 0.32293
vn 0.102013 0.906985 0.408621
v -1.6072 -3.0143 0.34564
vn 0.00276244 0.315873 0.948798
v -1.6072 -2.9952 0.33876
vn 0.0299694 0.557933 0.829345
v -1.6152 -3.0179 0.34564
vn -0.13429 0.341594 0.930204
v -1.5916 -3.0179 0.34564
vn 0.120211 0.358838 0.925627
v -1.5845 -3.0179 0.34474
vn 0.148033 0.392665 0.90769
v -1.6072 -3.0179 0.34605
vn 0.0261036 0.11312 0.993238
v -1.6526 -2.9498 0.21171
vn -0.214769 0.635326 0.741779
v -1.5845 -3.0179 -0.25219
vn 0.608937 -0.262774 0.748429
v -1.4937 -3.0179 -0.29474
vn 0.111625 -0.0552352 0.992214
v -1.509 -2.9952 -0.29011
vn 0.178417 -0.104378 0.978403
v -1.4937 -2.9952 -0.2929
vn 0.0814182 -0.0996414 0.991687
v -1.4937 -2.9745 -0.29011
vn 0.0609644 -0.146051 0.987397
v -1.8267 -2.9498 -0.2447
vn -0.702371 0.684505 0.195263
v -1.8303 -2.9498 -0.2674
vn -0.770627 0.353634 0.530167
v -1.8319 -2.9271 -0.2674
vn -0.427523 0.323653 0.844081
v -1.8116 -2.9124 -0.2674
vn -0.345144 0.49913 0.794824
v -1.8116 -2.9044 -0.27235
vn -0.308748 0.264011 0.913769
v -1.8343 -2.9044 -0.28002
vn -0.372178 0.244343 0.895422
v -1.8411 -2.9044 -0.29011
vn -0.753535 -0.0165967 0.657198
v -1.8343 -2.8817 -0.28174
vn -0.470508 -0.012944 0.882301
v -1.8116 -2.8817 -0.27627
vn -0.271532 0.00803747 0.962396
v -1.8116 -2.8589 -0.27306
vn -0.29528 -0.147188 0.944005
v -1.806 -2.8362 -0.2674
vn -0.272022 -0.167128 0.947667
v -1.8116 -2.8362 -0.2689
vn -0.25429 -0.184647 0.949338
v -1.7946 -2.8589 -0.2674
vn -0.307533 -0.137692 0.941523
v -1.7889 -2.8589 -0.26486
vn -0.405357 -0.0905651 0.909661
v -1.7889 -2.8362 -0.2626
vn -0.287904 -0.147444 0.946241
v -1.8116 -2.8298 -0.2674
vn -0.236438 -0.206879 0.949367
v -1.7889 -2.8135 -0.2583
vn -0.253876 -0.189024 0.948587
v -1.8234 -2.9498 -0.22199
vn -0.565885 0.824376 -0.0133396
v -1.8362 -2.9498 -0.17658
vn -0.857869 0.479374 -0.185096
v -1.7435 -2.8589 -0.20297
vn -0.555447 -0.0701116 0.828591
v -1.636 -2.8817 -0.22199
vn -0.795365 0.121914 0.593744
v -1.4937 -2.9498 -0.28343
vn 0.0104726 -0.309163 0.950951
v -1.4937 -2.9725 -0.28973
vn 0.00509305 -0.267421 0.963566
v -1.4937 -2.9271 -0.27412
vn 0.0739762 -0.378417 0.922674
v -1.8311 -2.9725 0.164
vn -0.452199 0.0959166 0.886745
v -1.7889 -2.9952 0.17818
vn -0.296557 0.0284123 0.954593
v -1.8116 -2.9725 0.17484
vn -0.401695 -0.0358071 0.915073
v -1.7889 -2.9725 0.18188
vn -0.315812 -0.124737 0.940587
v -1.7711 -2.9725 0.1867
vn -0.258198 -0.155419 0.953509
v -1.7435 -2.9725 0.20238
vn -0.514327 0.136203 0.846709
v -1.8435 -2.9725 0.14129
vn -0.884197 0.253007 0.392663
v -1.8343 -2.9725 0.16042
vn -0.844236 0.253485 0.472241
v -1.7889 -2.9498 0.18366
vn -0.345097 0.385378 0.855799
v -1.7788 -2.9498 0.1867
vn -0.28233 0.413653 0.865552
v -1.7662 -2.9498 0.19081
vn -0.309735 0.278717 0.909055
v -1.7662 -2.9412 0.1867
vn -0.28233 0.413653 0.865552
v -1.7662 -2.9725 0.18868
vn -0.427445 0.0330332 0.903438
v -1.8398 -3.0791 0.18498
vn -0.706662 0.146086 0.692306
v -1.698 -3.0406 0.34153
vn 0.0992738 -0.0159979 0.994932
v -1.6753 -3.0406 0.34015
vn 0.0132108 0.022899 0.99965
v -1.6526 -3.0406 0.34093
vn -0.0404792 0.0281601 0.998783
v -1.6299 -3.0406 0.34231
vn -0.114502 -0.0399441 0.99262
v -1.6072 -3.0327 0.34564
vn -0.017496 -0.0545259 0.998359
v -1.5845 -3.0406 0.34374
vn 0.0778864 -0.0589403 0.995218
v -1.8343 -2.9952 0.16301
vn -0.711718 0.0726362 0.6987
v -1.8435 -3.0406 0.164
vn -0.705121 0.20812 0.677857
v -1.6531 -3.1314 0.34564
vn -0.189304 0.473146 0.860405
v -1.6526 -3.1314 0.34575
vn -0.189304 0.473146 0.860405
v -1.6526 -3.1312 0.34564
vn -0.189304 0.473146 0.860405
v -1.5427 -3.0406 0.34564
vn -0.125324 0.250632 0.959936
v -1.7889 -2.8817 -0.26894
vn -0.33557 0 0.942015
v -1.7867 -2.8817 -0.2674
vn -0.75427 0 0.656565
v -1.7678 -2.8817 -0.2447
vn -0.786139 0.0683621 0.614258
v -1.8343 -2.8362 -0.27645
vn -0.440315 -0.202958 0.874603
v -1.8536 -2.8362 -0.29011
vn -0.566455 -0.196448 0.800336
v -1.857 -2.8292 -0.29011
vn -0.527879 -0.304591 0.792823
v -1.857 -2.8135 -0.28392
vn -0.483663 -0.274153 0.83121
v -1.8688 -2.8135 -0.29011
vn -0.441564 -0.310614 0.841748
v -1.8343 -2.8135 -0.27125
vn -0.43962 -0.228522 0.868627
v -1.8255 -2.8135 -0.2674
vn -0.321167 -0.228347 0.919081
v -1.8116 -2.8135 -0.26365
vn -0.23549 -0.217899 0.947135
v -1.7889 -2.8697 -0.2674
vn -0.435378 -0.143416 0.888751
v -1.7656 -2.8362 -0.2447
vn -0.916701 0.0583761 0.395287
v -1.7662 -2.8362 -0.24545
vn -0.780941 0 0.624604
v -1.7662 -2.8449 -0.2447
vn -0.923304 0.0730436 0.37706
v -1.7662 -2.8231 -0.2447
vn -0.780443 -0.0357374 0.624205
v -1.7565 -2.8362 -0.22199
vn -0.857724 0.0266657 0.513418
v -1.7662 -2.8589 -0.24126
vn -0.917723 0.0947824 0.385748
v -1.7573 -2.8135 -0.22199
vn -0.829056 -0.0318242 0.558259
v -1.6526 -2.8356 -0.19929
vn 0.276223 -0.276114 0.920577
v -1.5165 -2.8817 -0.2447
vn 0.284351 -0.142176 0.948119
v -1.5164 -2.8817 -0.24473
vn 0.284351 -0.142176 0.948119
v -1.7662 -2.9752 0.1867
vn -0.123959 -0.03768 0.991572
v -1.7889 -2.9241 -0.017643
vn -0.104702 0.988743 -0.10689
v -1.7889 -2.9219 0.0050616
vn -0.100668 0.993534 -0.0525083
v -1.7889 -2.9217 0.027767
vn 0.0352173 0.999353 -0.00733869
v -1.7662 -2.9239 0.050472
vn 0.151675 0.987521 -0.0423874
v -1.7662 -2.9236 0.027767
vn 0.148756 0.988788 0.0130618
v -1.7662 -2.9214 0.073177
vn 0.195624 0.975545 -0.100214
v -1.755 -2.9271 0.050472
vn 0.291651 0.954483 -0.0624611
v -1.749 -2.9271 0.073177
vn 0.30357 0.948019 -0.0954254
v -1.7435 -2.9271 0.088806
vn 0.238427 0.966661 -0.0933716
v -1.7435 -2.9284 0.073177
vn 0.229288 0.970008 -0.08069
v -1.7662 -2.9191 0.095882
vn 0.196305 0.979297 -0.0494104
v -1.7662 -2.919 0.11859
vn 0.139271 0.987925 0.0678841
v -1.7435 -2.9263 0.095882
vn 0.288788 0.954548 -0.0737522
v -1.7391 -2.9271 0.095882
vn 0.136326 0.989051 -0.0565131
v -1.7435 -2.9253 0.11859
vn 0.220405 0.975221 0.0191194
v -1.7286 -2.9271 0.11859
vn 0.0712589 0.997451 -0.00368269
v -1.7207 -2.9272 0.14129
vn 0.0022372 0.998853 0.0478329
v -1.7362 -2.9271 0.14129
vn 0.0370891 0.996313 0.077367
v -1.7435 -2.9271 0.14496
vn 0.173152 0.972175 0.157781
v -1.7601 -2.9271 0.164
vn 0.102605 0.938212 0.3305
v -1.7662 -2.9214 0.14129
vn 0.128585 0.980274 0.150099
v -1.7662 -2.926 0.164
vn 0.0212319 0.973931 0.225851
v -1.7435 -2.9266 0.14129
vn 0.186239 0.980223 0.0669117
v -1.7662 -2.9271 0.16709
vn 0.0283874 0.830589 0.556162
v -1.5164 -2.9495 -0.040349
vn 0.947168 0.315848 -0.0557906
v -1.8516 -2.8589 -0.29585
vn -0.756517 -0.102857 0.645834
v -1.7435 -3.0117 0.30023
vn -0.676106 0.728812 -0.108227
v -1.7246 -2.9952 0.30023
vn -0.644055 0.764741 -0.0190939
v -1.7207 -2.9925 0.30023
vn -0.445813 0.894735 0.0264438
v -1.7207 -3.0406 0.34432
vn 0.0664608 0.0031058 0.997784
v -1.7207 -3.0179 0.34282
vn -0.198491 0.358802 0.912065
v -1.7435 -3.0123 0.32293
vn -0.617804 0.72586 0.3024
v -1.7232 -2.9952 0.32293
vn -0.623964 0.776489 0.087947
v -1.7207 -2.9936 0.32293
vn -0.379738 0.920154 0.0954758
v -1.7207 -2.9952 0.32625
vn -0.36701 0.603433 0.707935
v -1.8496 -3.0179 0.14129
vn -0.84371 0.249025 0.475542
v -1.7662 -2.9248 -0.017643
vn 0.0546334 0.995648 -0.0754939
v -1.7435 -2.9274 0.027767
vn 0.0031833 0.997151 0.0753579
v -1.7435 -2.9271 0.023925
vn 0.0892413 0.994799 0.0491038
v -1.7461 -2.9271 0.027767
vn 0.171554 0.98235 0.0745546
v -1.7662 -2.9232 0.0050616
vn 0.0892219 0.995728 -0.0237549
v -1.7435 -2.9293 0.050472
vn 0.0651797 0.997713 0.0179184
v -1.8267 -2.9725 -0.22199
vn -0.979523 0.142395 0.142333
v -1.7775 -3.086 0.25482
vn -0.768495 0.104946 0.631191
v -1.7756 -3.1314 0.095882
vn 0.993199 0.116381 -0.00349982
v -1.7777 -3.1087 0.095882
vn 0.999781 0.0144731 -0.0150966
v -1.7766 -3.1314 0.11859
vn 0.994296 0.100741 0.0350312
v -1.7781 -3.1087 0.11859
vn 0.999845 2.62534e-06 0.0176151
v -1.7762 -3.086 0.095882
vn 0.997822 -0.0659304 -0.00219496
v -1.8498 -2.9725 -0.085759
vn -0.980903 0.19445 -0.00431835
v -1.8512 -2.9725 -0.063054
vn -0.968238 0.247391 -0.0362485
v -1.8515 -2.9725 -0.040349
vn -0.964664 0.263476 -0.00212465
v -1.8512 -2.9725 -0.017643
vn -0.970884 0.239511 -0.00427419
v -1.8504 -2.9725 0.050472
vn -0.956636 0.282346 0.0716183
v -1.8465 -2.9725 0.11859
vn -0.952598 0.276962 0.12589
v -1.8466 -2.9952 0.14129
vn -0.873466 0.117197 0.472569
v -1.698 -3.0633 0.33877
vn 0.171827 -0.0597783 0.983312
v -1.698 -3.086 0.33729
vn 0.215492 -0.0635319 0.974437
v -1.6526 -2.8706 -0.2674
vn 0.712223 -0.672432 0.201431
v -1.6526 -2.8638 -0.2447
vn 0.726566 -0.685974 0.0392755
v -1.6695 -2.8817 -0.2447
vn 0.718621 -0.695393 0.00356715
v -1.5618 -2.9271 -0.18313
vn 0.710445 0.652118 0.264594
v -1.5618 -2.9288 -0.17658
vn 0.795185 0.586918 0.152344
v -1.5618 -2.9297 -0.15387
vn 0.497452 0.867425 -0.010741
v -1.5637 -2.9271 -0.17658
vn 0.593672 0.787761 0.164276
v -1.5669 -2.9271 -0.15387
vn 0.486085 0.873415 -0.0294504
v -1.5396 -3.0406 0.1867
vn 0.992144 -0.0406974 -0.118299
v -1.5391 -3.0406 0.18838
vn 0.981245 0.0398892 -0.188593
v -1.5419 -3.0633 0.1867
vn 0.914272 -0.0834259 -0.396417
v -1.5391 -3.0633 0.19263
vn 0.969006 -0.0150516 -0.246579
v -1.5391 -3.0203 0.20941
vn 0.977768 0.208256 -0.0244897
v -1.5393 -3.0289 0.19752
vn 0.999955 0.00924679 -0.00203577
v -1.5391 -3.0361 0.1867
vn 0.988309 -0.107781 0.107838
v -1.5391 -3.0179 0.20451
vn 0.972334 0.0247036 0.232285
v -1.5398 -3.0179 0.20941
vn 0.959919 0.2521 0.122475
v -1.5464 -2.9952 0.20941
vn 0.790703 0.334812 0.512533
v -1.5391 -2.9952 0.19963
vn 0.87695 -0.0259907 0.479878
v -1.5391 -2.9725 0.19977
vn 0.624187 0.172914 0.7619
v -1.5545 -2.9725 0.20941
vn 0.5159 0.202675 0.832328
v -1.5347 -3.086 0.20941
vn 0.966826 -0.0569818 -0.248998
v -1.5391 -3.086 0.1971
vn 0.947985 -0.0758734 -0.309141
v -1.5344 -3.0633 0.20941
vn 0.981784 0.0423892 -0.185214
v -1.5359 -3.0406 0.20941
vn 0.988927 0.107633 -0.102172
v -1.5369 -3.0179 0.1867
vn 0.955928 -0.107646 0.273156
v -1.5618 -2.9271 -0.13389
vn 0.435319 0.890446 -0.132679
v -1.5391 -2.9347 -0.13117
vn 0.357216 0.926067 -0.121641
v -1.56 -2.9271 -0.13117
vn 0.338711 0.931442 -0.133003
v -1.5391 -2.9324 -0.10846
vn 0.402465 0.91243 -0.0741123
v -1.5515 -2.9271 -0.10846
vn 0.358953 0.928438 -0.0956786
v -1.5618 -2.9264 -0.13117
vn 0.42782 0.894558 -0.129364
v -1.5618 -2.9234 -0.10846
vn 0.399806 0.911398 -0.0975103
v -1.5391 -2.9311 -0.085759
vn 0.433078 0.899445 -0.058673
v -1.5474 -2.9271 -0.085759
vn 0.382312 0.922191 -0.0583204
v -1.5391 -2.9295 -0.063054
vn 0.430231 0.900197 -0.0674354
v -1.5441 -2.9271 -0.063054
vn 0.378754 0.92351 -0.0606159
v -1.5618 -2.9215 -0.085759
vn 0.365824 0.929309 -0.0505743
v -1.5618 -2.9203 -0.063054
vn 0.340134 0.939163 -0.0477629
v -1.5391 -2.9277 -0.040349
vn 0.418259 0.905977 -0.0653039
v -1.5404 -2.9271 -0.040349
vn 0.376663 0.924569 -0.0574271
v -1.5391 -2.9271 -0.029756
vn 0.370498 0.927733 -0.0452
v -1.5618 -2.9187 -0.040349
vn 0.327616 0.943384 -0.0519022
v -1.5618 -2.9175 -0.017643
vn 0.301568 0.95334 -0.0141376
v -1.5391 -2.9266 -0.017643
vn 0.36986 0.929087 -0.000244456
v -1.5618 -2.918 0.0050616
vn 0.323711 0.946125 0.00764003
v -1.5391 -2.9266 0.0050616
vn 0.36498 0.930995 -0.00610197
v -1.5618 -2.9182 0.027767
vn 0.303086 0.95291 -0.0100722
v -1.5391 -2.9263 0.027767
vn 0.34914 0.937012 -0.0104522
v -1.5391 -2.9259 0.050472
vn 0.356878 0.93409 -0.0106652
v -1.5391 -2.9258 0.073177
vn 0.357663 0.933851 -0.000581181
v -1.5618 -2.9174 0.095882
vn 0.327198 0.944953 -0.00249643
v -1.5391 -2.9261 0.095882
vn 0.375115 0.926906 0.0115486
v -1.5391 -2.9268 0.11859
vn 0.392308 0.919363 0.0294288
v -1.5391 -2.9277 0.14129
vn 0.350159 0.924878 0.148286
v -1.5391 -2.9271 0.12712
vn 0.378587 0.924199 0.0502843
v -1.5408 -2.9271 0.14129
vn 0.366075 0.92331 0.116135
v -1.5391 -2.9316 0.164
vn 0.426693 0.845249 0.321693
v -1.5508 -2.9271 0.164
vn 0.355214 0.896193 0.265822
v -1.5618 -2.9187 0.14129
vn 0.317738 0.937164 0.144106
v -1.5391 -2.9431 0.1867
vn 0.418777 0.789698 0.448333
v -1.5618 -2.956 0.20941
vn 0.442945 0.248749 0.86135
v -1.5618 -2.9498 0.20708
vn 0.383988 0.638826 0.666674
v -1.5391 -2.9498 0.19311
vn 0.475378 0.47297 0.741832
v -1.5384 -2.9271 -0.017643
vn 0.560061 0.828415 -0.00779044
v -1.5383 -2.9271 0.0050616
vn 0.527257 0.849659 -0.00890217
v -1.5378 -2.9271 0.027767
vn 0.496012 0.868158 -0.0165424
v -1.5368 -2.9271 0.050472
vn 0.462074 0.886793 -0.00929505
v -1.5366 -2.9271 0.073177
vn 0.461284 0.887243 0.00406274
v -1.5372 -2.9271 0.095882
vn 0.463875 0.885737 0.0170244
v -1.5386 -2.9271 0.11859
vn 0.478849 0.877439 0.0283656
v -1.5314 -2.9498 0.1867
vn 0.629217 0.382958 0.676335
v -1.5228 -2.9725 0.1867
vn 0.608704 0.23061 0.759143
v -1.5391 -3.0256 0.23211
vn 0.964836 0.261175 0.0296627
v -1.543 -3.0179 0.23211
vn 0.849439 0.43899 0.292817
v -1.56 -2.9952 0.23211
vn 0.712298 0.545554 0.441591
v -1.5311 -3.0633 0.23211
vn 0.988379 0.103057 -0.111738
v -1.5348 -3.0406 0.23211
vn 0.977108 0.206056 -0.0529221
v -1.5337 -3.0406 0.25482
vn 0.963375 0.264065 -0.0466655
v -1.5391 -3.0301 0.25482
vn 0.934584 0.355519 0.0125889
v -1.5845 -3.1995 0.12801
vn 0.530097 -0.123008 -0.838967
v -1.5845 -3.1768 0.12406
vn 0.613119 -0.0928037 -0.78452
v -1.5845 -3.1541 0.1218
vn 0.64284 -0.0548276 -0.764035
v -1.5618 -3.1314 0.13992
vn 0.655368 -0.0562457 -0.753212
v -1.5845 -3.1314 0.11956
vn 0.665719 -0.0768574 -0.742234
v -1.5618 -3.1087 0.13937
vn 0.742481 -0.199154 -0.639577
v -1.5147 -2.9725 0.027767
vn 0.887857 -0.457335 -0.050541
v -1.5133 -2.9725 0.050472
vn 0.886644 -0.457816 -0.0653156
v -1.5112 -2.9725 0.073177
vn 0.886036 -0.456556 -0.0806102
v -1.5092 -2.9725 0.095882
vn 0.890804 -0.446545 -0.0840628
v -1.507 -2.9725 0.11859
vn 0.893659 -0.442578 -0.0741451
v -1.5391 -3.1171 0.23211
vn 0.905476 -0.424228 -0.0119686
v -1.5305 -3.086 0.23211
vn 0.902309 -0.353769 -0.246345
v -1.5243 -3.086 0.25482
vn 0.887379 -0.384045 -0.255083
v -1.5332 -3.1087 0.25482
vn 0.906154 -0.355277 -0.229486
v -1.6338 -2.8135 -0.19929
vn 0.247345 -0.210412 0.945805
v -1.5164 -2.9725 0.17977
vn 0.720224 0.282479 0.633627
v -1.5164 -2.9498 0.16965
vn 0.626053 0.558542 0.54414
v -1.5164 -2.9466 0.164
vn 0.730908 0.593842 0.336341
v -1.5138 -2.9498 0.164
vn 0.730908 0.593842 0.336341
v -1.6299 -3.1768 -0.27813
vn 0.04628 -0.292824 0.955046
v -1.6072 -3.086 -0.24962
vn 0.560591 -0.146167 0.815091
v -1.5845 -3.0633 -0.26307
vn 0.568662 -0.0937961 0.817206
v -1.5548 -2.9271 -0.19929
vn 0.951615 -0.144313 0.271298
v -1.5445 -2.9271 -0.22199
vn 0.843771 0.0134655 0.536534
v -1.5618 -2.9167 -0.19929
vn 0.70602 0.562472 0.430304
v -1.5618 -2.9044 -0.21209
vn 0.667101 0.410651 0.621565
v -1.5473 -2.9044 -0.22199
vn 0.562508 0.0693844 0.823876
v -1.6299 -2.8094 -0.19929
vn 0.291282 -0.33328 0.896705
v -1.6299 -2.8135 -0.20094
vn 0.166292 -0.188462 0.967899
v -1.6072 -2.8135 -0.20484
vn 0.166292 -0.188462 0.967899
v -1.6753 -3.086 0.33537
vn 0.0180572 -0.0114509 0.999771
v -1.6753 -3.1087 0.33511
vn 0.0180572 -0.0114509 0.999771
v -1.6526 -3.086 0.33496
vn 0.0180572 -0.0114509 0.999771
v -1.5391 -3.0136 0.32293
vn 0.441461 0.619575 0.649029
v -1.5391 -3.0179 0.33246
vn 0.699857 0.651079 0.293763
v -1.5351 -3.0179 0.32293
vn 0.699857 0.651079 0.293763
v -1.5563 -3.1087 0.164
vn 0.954754 -0.142996 -0.260763
v -1.5529 -3.086 0.164
vn 0.931942 -0.175166 -0.31749
v -1.5444 -3.086 0.1867
vn 0.927374 -0.157255 -0.339483
v -1.5391 -3.0184 0.30023
vn 0.809417 0.519572 -0.27366
v -1.5391 -3.0278 0.27752
vn 0.658299 0.696254 -0.286134
v -1.5397 -3.0179 0.30023
vn 0.634953 0.737402 -0.230376
v -1.5391 -3.0179 0.30045
vn 0.714641 0.684719 -0.142996
v -1.5164 -2.9471 -0.017643
vn 0.705965 0.705815 -0.0586413
v -1.5158 -2.9725 0.0050616
vn 0.995025 -0.0832819 -0.0546723
v -1.5164 -2.9454 0.0050616
vn 0.691462 0.721653 -0.0331308
v -1.5131 -2.9498 0.027767
vn 0.997416 0.0560033 -0.0449928
v -1.5164 -2.9442 0.027767
vn 0.683132 0.729444 -0.0352467
v -1.5121 -2.9498 0.050472
vn 0.992847 0.103916 -0.0587919
v -1.5164 -2.9427 0.050472
vn 0.743043 0.667795 -0.0440119
v -1.5109 -2.9498 0.073177
vn 0.964124 0.262491 -0.0395478
v -1.5164 -2.9416 0.073177
vn 0.830348 0.556941 -0.0183958
v -1.51 -2.9498 0.095882
vn 0.973586 0.222542 -0.0510459
v -1.5164 -2.9412 0.095882
vn 0.8112 0.584448 -0.019384
v -1.5089 -2.9498 0.11859
vn 0.961102 0.273859 -0.035846
v -1.5164 -2.9406 0.11859
vn 0.783637 0.621101 -0.0120931
v -1.5089 -2.9498 0.14129
vn 0.960771 0.265258 0.0809806
v -1.5164 -2.9412 0.14129
vn 0.759843 0.647598 0.0570491
v -1.6485 -3.2449 -0.29011
vn -0.218941 0 0.975738
v -1.6526 -3.2449 -0.29103
vn -0.218941 0 0.975738
v -1.6526 -3.2289 -0.29011
vn -0.164486 -0.109592 0.980272
v -1.6526 -3.2222 -0.28923
vn -0.144284 -0.146138 0.978686
v -1.6571 -3.2222 -0.29011
vn -0.204099 -0.145615 0.96806
v -1.6526 -3.1995 -0.28572
vn -0.146749 -0.136448 0.979718
v -1.673 -3.1995 -0.29011
vn -0.208133 -0.145786 0.967175
v -1.6526 -2.9005 -0.2447
vn 0.201451 0.979329 0.0182458
v -1.6526 -2.8989 -0.2674
vn -0.0506039 0.996247 0.0702213
v -1.6658 -2.8817 -0.2674
vn 0.764409 0.639128 0.0848227
v -1.6343 -2.8817 -0.2447
vn -0.716569 0.697513 -0.00224783
v -1.5174 -2.9044 -0.2447
vn 0.723822 -0.0286987 0.68939
v -1.5164 -2.9044 -0.24575
vn 0.669091 -0.0501675 0.741485
v -1.5391 -2.8817 -0.23421
vn 0.29575 -0.4662 0.833781
v -1.5609 -3.1087 0.14129
vn 0.905425 -0.00797861 -0.424432
v -1.5582 -3.086 0.14129
vn 0.90459 -0.108593 -0.412219
v -1.6753 -3.0633 0.33796
vn 0.0355443 -0.0805236 0.996119
v -1.6072 -3.086 0.3343
vn -0.125165 -0.120174 0.984831
v -1.6072 -3.0633 0.33707
vn -0.141713 -0.110219 0.983753
v -1.6299 -3.0633 0.33602
vn -0.0458665 -0.120999 0.991592
v -1.5845 -3.086 0.33902
vn -0.18842 -0.104533 0.97651
v -1.5845 -3.0633 0.34111
vn -0.174505 -0.0902747 0.980509
v -1.698 -3.1541 0.34151
vn -0.0973232 -0.0380869 0.994524
v -1.698 -3.1314 0.34295
vn 0.0339007 0.0905131 0.995318
v -1.6753 -3.1415 0.34564
vn -0.14009 0.142224 0.979871
v -1.6753 -3.1314 0.34205
vn -0.0243104 0.306008 0.951718
v -1.6794 -3.1541 0.34564
vn -0.204772 0.066632 0.976539
v -1.698 -3.1087 0.33753
vn 0.161826 0.139014 0.976979
v -1.6526 -3.1087 0.33646
vn -0.0753076 0.269863 0.959949
v -1.6299 -3.1257 0.34564
vn -0.0150439 0.421529 0.90669
v -1.6299 -3.1087 0.33739
vn -0.0241159 0.239108 0.970694
v -1.6753 -3.1541 0.34627
vn -0.221327 0.0486987 0.973983
v -1.6526 -3.1541 0.35173
vn -0.156952 0.210439 0.964926
v -1.6299 -3.1314 0.34937
vn -0.0948494 0.369269 0.92447
v -1.6072 -3.13 0.34564
vn 0.0734929 0.398491 0.914223
v -1.6072 -3.1087 0.33731
vn -0.0582528 0.241382 0.96868
v -1.5979 -3.1314 0.34564
vn -0.0281689 0.280954 0.959308
v -1.5845 -3.1314 0.34457
vn 0.0781778 0.188046 0.979044
v -1.5845 -3.1087 0.34021
vn -0.140126 0.147906 0.979024
v -1.6299 -3.086 0.33325
vn -0.0461863 0.0301305 0.998478
v -1.564 -3.086 0.34564
vn -0.299296 0.00670716 0.954137
v -1.5661 -3.0633 0.34564
vn -0.221256 -0.0465478 0.974104
v -1.6072 -3.1314 0.34635
vn 0.117826 0.449159 0.885648
v -1.5618 -3.086 0.34629
vn -0.283308 -0.0152078 0.958908
v -1.5618 -3.0633 0.34665
vn -0.191973 0.0386904 0.980637
v -1.6526 -3.0633 0.3376
vn 0.0167808 -0.170849 0.985154
v -1.5618 -3.0459 0.34564
vn -0.0961922 0.0960427 0.990718
v -1.5618 -3.0406 0.34505
vn 0.0216379 0.106414 0.994086
v -1.5391 -3.0633 0.35042
vn -0.0909139 0.140489 0.985899
v -1.698 -3.2449 -0.2976
vn -0.0974408 0.202606 0.9744
v -1.6753 -3.2449 -0.29533
vn -0.120647 0.116164 0.985875
v -1.6526 -3.1768 -0.28042
vn -0.0942174 -0.344776 0.933944
v -1.5542 -2.9952 -0.2674
vn 0.550448 -0.194735 0.811841
v -1.5391 -2.9952 -0.2768
vn 0.532794 -0.147767 0.833244
v -1.5467 -2.9725 -0.2674
vn 0.603621 -0.230383 0.763259
v -1.5391 -2.9725 -0.27277
vn 0.564909 -0.204216 0.799483
v -1.5618 -2.9952 -0.26181
vn 0.615634 -0.288461 0.733338
v -1.5814 -2.9952 -0.2447
vn 0.631238 -0.336903 0.698595
v -1.5692 -2.9725 -0.2447
vn 0.719869 -0.401475 0.566221
v -1.5618 -2.9725 -0.25325
vn 0.663634 -0.327 0.672801
v -1.5164 -2.9725 -0.28416
vn 0.300952 -0.248565 0.920676
v -1.5164 -2.9952 -0.28792
vn 0.28026 -0.156865 0.94702
v -1.5391 -2.9345 -0.2447
vn 0.608137 -0.599108 0.520806
v -1.5391 -2.9271 -0.23255
vn 0.685398 -0.626245 0.371548
v -1.5164 -2.9498 -0.27668
vn 0.364713 -0.362397 0.857702
v -1.5164 -2.9338 -0.2674
vn 0.555479 -0.531479 0.63951
v -1.5096 -2.9271 -0.2674
vn 0.477398 -0.425223 0.768945
v -1.5319 -2.9271 -0.2447
vn 0.630526 -0.559023 0.538451
v -1.5164 -2.9271 -0.26215
vn 0.625291 -0.481331 0.614273
v -1.6072 -3.0406 0.34337
vn -0.016189 -0.115075 0.993225
v -1.5618 -3.1143 0.34564
vn -0.0919126 0.0314848 0.995269
v -1.5636 -3.1087 0.34564
vn -0.249662 -0.00512411 0.96832
v -1.5618 -3.1087 0.34598
vn 0 -0.0136552 0.999907
v -1.5391 -3.086 0.34988
vn -0.143936 -0.072404 0.986935
v -1.536 -3.1087 0.23211
vn 0.931933 -0.343946 -0.114901
v -1.5164 -3.0406 0.32844
vn 0.575394 0.458036 0.677587
v -1.5164 -3.0389 0.32293
vn 0.80437 0.567717 0.175175
v -1.5152 -3.0406 0.32293
vn 0.80437 0.567717 0.175175
v -1.698 -3.2222 -0.29767
vn -0.0118694 -0.0634503 0.997914
v -1.6753 -3.2222 -0.29444
vn -0.174207 -0.110032 0.978542
v -1.6753 -3.1995 -0.29081
vn -0.160124 -0.160356 0.973985
v -1.6753 -3.1959 -0.29011
vn -0.188092 -0.198143 0.961957
v -1.6753 -3.1768 -0.28637
vn -0.189408 -0.188958 0.963545
v -1.6328 -2.8817 -0.2674
vn -0.655185 0.754227 -0.0432945
v -1.5321 -3.0179 0.14129
vn 0.809055 -0.577926 -0.106924
v -1.5391 -2.9044 -0.22674
vn 0.684673 -0.0429306 0.727585
v -1.5164 -3.0406 0.30583
vn 0.929878 0.343778 -0.130934
v -1.5391 -2.9388 -0.15387
vn 0.542753 0.810055 -0.221878
v -1.5262 -3.0633 0.25482
vn 0.927561 0.201528 -0.31467
v -1.5183 -3.0633 0.27752
vn 0.877786 0.350589 -0.326465
v -1.5164 -3.0633 0.28117
vn 0.856221 0.353658 -0.376579
v -1.5297 -3.0406 0.27752
vn 0.836974 0.423779 -0.346245
v -1.5391 -3.0297 0.14129
vn 0.935512 -0.352716 0.0201922
v -1.5391 -3.0284 0.164
vn 0.950454 -0.310854 0.00264711
v -1.5344 -3.0179 0.164
vn 0.890348 -0.408974 0.200052
v -1.549 -3.0179 0.25482
vn 0.742537 0.665585 0.0750717
v -1.5204 -3.0406 0.30023
vn 0.741611 0.59224 -0.315064
f 1//1 2//2 3//3
f 4//4 5//5 6//6
f 7//7 8//8 9//9
f 10//10 11//11 12//12
f 10//10 12//12 13//13
f 14//14 15//15 16//16
f 17//17 18//18 19//19
f 20//20 21//21 22//22
f 22//22 23//23 20//20
f 23//23 22//22 24//24
f 23//23 24//24 25//25
f 24//24 22//22 26//26
f 27//27 24//24 26//26
f 28//28 29//29 32//32
f 33//33 34//34 35//35
f 35//35 34//34 36//36
f 37//37 38//38 39//39
f 40//40 39//39 41//41
f 41//41 42//42 40//40
f 43//43 42//42 44//44
f 44//44 42//42 41//41
f 45//45 46//46 47//47
f 48//48 49//49 50//50
f 47//47 46//46 51//51
f 51//51 52//52 47//47
f 52//52 51//51 53//53
f 53//53 51//51 50//50
f 23//23 54//54 20//20
f 55//55 54//54 56//56
f 56//56 54//54 25//25
f 25//25 54//54 23//23
f 57//57 55//55 56//56
f 56//56 58//58 57//57
f 50//50 59//59 60//60
f 53//53 50//50 61//61
f 61//61 50//50 60//60
f 61//61 60//60 62//62
f 25//25 24//24 63//63
f 63//63 24//24 64//64
f 56//56 25//25 65//65
f 65//65 25//25 63//63
f 65//65 63//63 64//64
f 64//64 66//66 65//65
f 58//58 56//56 67//67
f 67//67 56//56 65//65
f 67//67 65//65 66//66
f 66//66 68//68 67//67
f 69//69 67//67 68//68
f 17//17 19//19 70//70
f 19//19 21//21 70//70
f 21//21 20//20 70//70
f 71//71 72//72 73//73
f 74//74 73//73 75//75
f 71//71 76//76 77//77
f 78//78 79//79 80//80
f 81//81 82//82 83//83
f 83//83 82//82 84//84
f 83//83 84//84 85//85
f 83//83 86//86 81//81
f 87//87 86//86 88//88
f 88//88 89//89 87//87
f 85//85 90//90 88//88
f 85//85 88//88 86//86
f 85//85 86//86 83//83
f 89//89 88//88 91//91
f 91//91 92//92 89//89
f 91//91 88//88 93//93
f 93//93 88//88 90//90
f 85//85 84//84 94//94
f 94//94 95//95 85//85
f 90//90 85//85 95//95
f 93//93 90//90 96//96
f 97//97 98//98 99//99
f 100//100 97//97 99//99
f 101//101 91//91 93//93
f 97//97 102//102 98//98
f 97//97 103//103 104//104
f 99//99 98//98 105//105
f 100//100 99//99 105//105
f 100//100 105//105 106//106
f 100//100 106//106 107//107
f 107//107 106//106 108//108
f 105//105 98//98 102//102
f 105//105 102//102 109//109
f 109//109 106//106 105//105
f 108//108 106//106 109//109
f 110//110 100//100 107//107
f 110//110 107//107 108//108
f 108//108 111//111 110//110
f 112//112 113//113 114//114
f 114//114 113//113 110//110
f 114//114 110//110 111//111
f 111//111 115//115 114//114
f 111//111 108//108 116//116
f 115//115 111//111 116//116
f 116//116 117//117 115//115
f 118//118 112//112 119//119
f 119//119 112//112 114//114
f 120//120 118//118 119//119
f 119//119 121//121 120//120
f 122//122 123//123 124//124
f 125//125 124//124 126//126
f 126//126 124//124 123//123
f 127//127 125//125 126//126
f 126//126 128//128 127//127
f 129//129 127//127 128//128
f 129//129 130//130 131//131
f 130//130 129//129 132//132
f 132//132 129//129 133//133
f 133//133 129//129 134//134
f 132//132 133//133 135//135
f 136//136 131//131 137//137
f 137//137 131//131 138//138
f 138//138 131//131 130//130
f 132//132 138//138 130//130
f 137//137 138//138 139//139
f 139//139 132//132 135//135
f 140//140 133//133 141//141
f 141//141 133//133 134//134
f 140//140 142//142 143//143
f 135//135 133//133 143//143
f 135//135 143//143 144//144
f 135//135 144//144 145//145
f 143//143 133//133 140//140
f 146//146 144//144 143//143
f 145//145 144//144 147//147
f 148//148 149//149 150//150
f 150//150 151//151 148//148
f 152//152 147//147 153//153
f 154//154 153//153 155//155
f 155//155 153//153 156//156
f 154//154 155//155 157//157
f 158//158 159//159 160//160
f 161//161 155//155 156//156
f 157//157 155//155 162//162
f 157//157 162//162 163//163
f 162//162 155//155 161//161
f 164//164 165//165 166//166
f 167//167 168//168 169//169
f 171//171 163//163 172//172
f 173//173 174//174 175//175
f 170//170 176//176 177//177
f 179//179 120//120 121//121
f 121//121 180//180 179//179
f 180//180 121//121 181//181
f 181//181 121//121 182//182
f 182//182 121//121 183//183
f 181//181 182//182 184//184
f 185//185 181//181 184//184
f 186//186 182//182 183//183
f 15//15 14//14 187//187
f 188//188 154//154 189//189
f 188//188 189//189 190//190
f 189//189 154//154 157//157
f 191//191 192//192 193//193
f 193//193 194//194 191//191
f 194//194 193//193 188//188
f 188//188 195//195 194//194
f 195//195 188//188 196//196
f 196//196 188//188 190//190
f 197//197 198//198 199//199
f 199//199 198//198 191//191
f 200//200 201//201 202//202
f 202//202 201//201 199//199
f 199//199 201//201 197//197
f 199//199 191//191 194//194
f 194//194 203//203 199//199
f 203//203 194//194 195//195
f 195//195 204//204 203//203
f 204//204 195//195 205//205
f 205//205 195//195 196//196
f 202//202 199//199 203//203
f 203//203 206//206 202//202
f 206//206 203//203 204//204
f 204//204 207//207 206//206
f 207//207 204//204 208//208
f 208//208 204//204 205//205
f 209//209 200//200 202//202
f 202//202 210//210 209//209
f 210//210 18//18 209//209
f 210//210 202//202 211//211
f 210//210 211//211 212//212
f 211//211 202//202 206//206
f 212//212 211//211 213//213
f 207//207 211//211 206//206
f 213//213 211//211 214//214
f 214//214 211//211 208//208
f 208//208 211//211 207//207
f 19//19 18//18 215//215
f 215//215 18//18 210//210
f 215//215 210//210 212//212
f 215//215 212//212 213//213
f 213//213 216//216 215//215
f 216//216 213//213 214//214
f 21//21 19//19 215//215
f 215//215 22//22 21//21
f 22//22 215//215 216//216
f 30//30 31//31 217//217
f 29//29 30//30 217//217
f 190//190 189//189 218//218
f 196//196 190//190 218//218
f 218//218 219//219 196//196
f 205//205 196//196 219//219
f 219//219 220//220 205//205
f 208//208 205//205 220//220
f 220//220 221//221 208//208
f 214//214 208//208 221//221
f 171//171 189//189 157//157
f 92//92 91//91 222//222
f 222//222 104//104 92//92
f 104//104 222//222 97//97
f 97//97 222//222 102//102
f 109//109 102//102 223//223
f 223//223 102//102 224//224
f 119//119 114//114 225//225
f 225//225 114//114 226//226
f 226//226 114//114 115//115
f 121//121 119//119 225//225
f 117//117 226//226 115//115
f 117//117 116//116 227//227
f 228//228 153//153 154//154
f 154//154 229//229 228//228
f 225//225 183//183 121//121
f 183//183 225//225 186//186
f 230//230 201//201 200//200
f 231//231 230//230 200//200
f 200//200 209//209 231//231
f 232//232 231//231 209//209
f 233//233 73//73 72//72
f 234//234 235//235 236//236
f 236//236 237//237 234//234
f 238//238 239//239 240//240
f 241//241 238//238 240//240
f 242//242 16//16 15//15
f 242//242 15//15 243//243
f 243//243 15//15 187//187
f 244//244 234//234 237//237
f 237//237 245//245 244//244
f 244//244 238//238 241//241
f 198//198 246//246 191//191
f 192//192 229//229 193//193
f 193//193 229//229 188//188
f 188//188 229//229 154//154
f 232//232 209//209 18//18
f 232//232 18//18 17//17
f 247//247 248//248 249//249
f 250//250 251//251 252//252
f 253//253 252//252 251//251
f 251//251 254//254 253//253
f 34//34 255//255 36//36
f 256//256 242//242 243//243
f 243//243 257//257 256//256
f 258//258 256//256 259//259
f 259//259 256//256 257//257
f 251//251 250//250 258//258
f 49//49 48//48 260//260
f 48//48 51//51 260//260
f 50//50 51//51 48//48
f 261//261 43//43 44//44
f 262//262 263//263 264//264
f 264//264 263//263 265//265
f 266//266 262//262 264//264
f 264//264 267//267 266//266
f 265//265 238//238 268//268
f 268//268 238//238 269//269
f 269//269 238//238 244//244
f 269//269 244//244 245//245
f 245//245 270//270 269//269
f 264//264 265//265 268//268
f 268//268 271//271 264//264
f 267//267 264//264 271//271
f 271//271 272//272 267//267
f 271//271 268//268 269//269
f 269//269 273//273 271//271
f 274//274 269//269 270//270
f 272//272 271//271 273//273
f 273//273 275//275 272//272
f 214//214 276//276 216//216
f 216//216 26//26 22//22
f 26//26 216//216 276//276
f 276//276 27//27 26//26
f 44//44 277//277 278//278
f 278//278 279//279 44//44
f 266//266 280//280 257//257
f 280//280 266//266 267//267
f 267//267 281//281 280//280
f 259//259 257//257 280//280
f 280//280 282//282 259//259
f 282//282 280//280 281//281
f 281//281 283//283 282//282
f 281//281 267//267 284//284
f 284//284 267//267 272//272
f 283//283 281//281 285//285
f 285//285 281//281 284//284
f 284//284 272//272 286//286
f 286//286 272//272 275//275
f 285//285 284//284 287//287
f 287//287 284//284 286//286
f 288//288 285//285 287//287
f 60//60 59//59 289//289
f 289//289 59//59 290//290
f 62//62 60//60 289//289
f 62//62 289//289 291//291
f 62//62 291//291 292//292
f 291//291 289//289 290//290
f 290//290 57//57 293//293
f 293//293 57//57 58//58
f 293//293 291//291 290//290
f 279//279 278//278 294//294
f 294//294 295//295 296//296
f 296//296 297//297 294//294
f 221//221 298//298 214//214
f 276//276 214//214 298//298
f 298//298 299//299 276//276
f 27//27 276//276 300//300
f 27//27 300//300 301//301
f 300//300 276//276 299//299
f 64//64 24//24 301//301
f 301//301 24//24 27//27
f 292//292 291//291 302//302
f 293//293 58//58 69//69
f 69//69 58//58 67//67
f 68//68 303//303 69//69
f 302//302 291//291 304//304
f 304//304 291//291 69//69
f 69//69 291//291 293//293
f 304//304 69//69 305//305
f 305//305 69//69 303//303
f 306//306 304//304 307//307
f 307//307 304//304 305//305
f 308//308 306//306 307//307
f 307//307 309//309 308//308
f 310//310 311//311 312//312
f 313//313 310//310 314//314
f 314//314 310//310 312//312
f 315//315 313//313 314//314
f 316//316 44//44 279//279
f 279//279 317//317 316//316
f 318//318 316//316 319//319
f 319//319 316//316 317//317
f 71//71 73//73 74//74
f 73//73 233//233 320//320
f 320//320 233//233 321//321
f 320//320 75//75 73//73
f 74//74 76//76 71//71
f 317//317 279//279 294//294
f 294//294 322//322 317//317
f 322//322 294//294 323//323
f 323//323 294//294 297//297
f 319//319 317//317 324//324
f 324//324 317//317 322//322
f 324//324 322//322 325//325
f 325//325 322//322 323//323
f 325//325 323//323 326//326
f 327//327 324//324 325//325
f 325//325 328//328 327//327
f 328//328 325//325 329//329
f 329//329 325//325 326//326
f 330//330 328//328 331//331
f 331//331 328//328 329//329
f 320//320 321//321 332//332
f 330//330 333//333 332//332
f 333//333 330//330 79//79
f 79//79 330//330 331//331
f 332//332 334//334 75//75
f 332//332 75//75 320//320
f 333//333 334//334 332//332
f 78//78 334//334 333//333
f 78//78 333//333 79//79
f 329//329 326//326 335//335
f 331//331 329//329 336//336
f 336//336 329//329 335//335
f 336//336 335//335 337//337
f 79//79 331//331 336//336
f 336//336 338//338 79//79
f 338//338 336//336 339//339
f 339//339 336//336 337//337
f 340//340 339//339 341//341
f 167//167 343//343 344//344
f 177//177 167//167 169//169
f 345//345 5//5 8//8
f 8//8 348//348 345//345
f 346//346 345//345 349//349
f 349//349 345//345 348//348
f 347//347 346//346 350//350
f 350//350 346//346 349//349
f 11//11 351//351 12//12
f 12//12 351//351 179//179
f 352//352 353//353 354//354
f 355//355 354//354 353//353
f 353//353 356//356 355//355
f 14//14 356//356 357//357
f 357//357 358//358 14//14
f 359//359 239//239 357//357
f 358//358 357//357 263//263
f 263//263 357//357 239//239
f 263//263 239//239 238//238
f 263//263 238//238 265//265
f 360//360 361//361 250//250
f 250//250 361//361 362//362
f 252//252 360//360 250//250
f 363//363 249//249 253//253
f 253//253 249//249 252//252
f 364//364 363//363 253//253
f 253//253 365//365 364//364
f 365//365 253//253 366//366
f 366//366 253//253 254//254
f 250//250 362//362 258//258
f 366//366 254//254 367//367
f 113//113 100//100 110//110
f 173//173 343//343 177//177
f 177//177 169//169 170//170
f 12//12 179//179 368//368
f 368//368 179//179 180//180
f 368//368 180//180 181//181
f 181//181 185//185 368//368
f 184//184 369//369 185//185
f 13//13 12//12 368//368
f 13//13 368//368 185//185
f 185//185 370//370 13//13
f 359//359 13//13 371//371
f 371//371 13//13 370//370
f 370//370 185//185 369//369
f 369//369 372//372 370//370
f 371//371 370//370 372//372
f 372//372 373//373 371//371
f 184//184 182//182 374//374
f 369//369 184//184 374//374
f 374//374 375//375 369//369
f 375//375 374//374 376//376
f 376//376 377//377 375//375
f 372//372 369//369 378//378
f 372//372 378//378 235//235
f 378//378 369//369 375//375
f 377//377 378//378 375//375
f 373//373 372//372 234//234
f 234//234 372//372 235//235
f 239//239 359//359 240//240
f 240//240 359//359 371//371
f 240//240 371//371 373//373
f 373//373 241//241 240//240
f 241//241 373//373 244//244
f 244//244 373//373 234//234
f 247//247 379//379 248//248
f 258//258 362//362 256//256
f 380//380 308//308 309//309
f 382//382 381//381 81//81
f 81//81 381//381 82//82
f 384//384 383//383 387//387
f 387//387 383//383 388//388
f 387//387 388//388 389//389
f 389//389 390//390 387//387
f 385//385 386//386 391//391
f 391//391 392//392 385//385
f 81//81 391//391 382//382
f 382//382 391//391 386//386
f 392//392 391//391 86//86
f 86//86 87//87 392//392
f 81//81 86//86 391//391
f 392//392 388//388 385//385
f 385//385 388//388 383//383
f 87//87 389//389 392//392
f 392//392 389//389 388//388
f 390//390 389//389 393//393
f 393//393 389//389 394//394
f 393//393 394//394 395//395
f 395//395 394//394 396//396
f 89//89 394//394 87//87
f 87//87 394//394 389//389
f 92//92 396//396 89//89
f 89//89 396//396 394//394
f 397//397 384//384 387//387
f 387//387 399//399 397//397
f 399//399 387//387 390//390
f 390//390 400//400 399//399
f 398//398 397//397 401//401
f 401//401 397//397 399//399
f 401//401 399//399 402//402
f 400//400 390//390 393//393
f 393//393 403//403 400//400
f 403//403 393//393 395//395
f 395//395 404//404 403//403
f 84//84 82//82 94//94
f 395//395 396//396 405//405
f 405//405 396//396 103//103
f 405//405 103//103 97//97
f 405//405 97//97 100//100
f 104//104 103//103 92//92
f 92//92 103//103 396//396
f 404//404 395//395 405//405
f 405//405 406//406 404//404
f 406//406 405//405 100//100
f 100//100 113//113 406//406
f 407//407 406//406 113//113
f 113//113 112//112 407//407
f 408//408 407//407 112//112
f 112//112 118//118 408//408
f 409//409 408//408 118//118
f 118//118 120//120 409//409
f 410//410 411//411 412//412
f 412//412 411//411 413//413
f 412//412 414//414 410//410
f 410//410 414//414 415//415
f 416//416 415//415 414//414
f 414//414 417//417 416//416
f 122//122 416//416 418//418
f 418//418 416//416 417//417
f 418//418 417//417 419//419
f 418//418 123//123 122//122
f 420//420 421//421 422//422
f 423//423 424//424 425//425
f 426//426 427//427 428//428
f 429//429 175//175 430//430
f 344//344 432//432 167//167
f 167//167 432//432 168//168
f 342//342 168//168 431//431
f 431//431 168//168 432//432
f 169//169 168//168 342//342
f 429//429 433//433 173//173
f 173//173 433//433 343//343
f 175//175 429//429 173//173
f 177//177 178//178 174//174
f 351//351 409//409 120//120
f 120//120 179//179 351//351
f 352//352 11//11 10//10
f 353//353 352//352 435//435
f 435//435 352//352 10//10
f 435//435 10//10 359//359
f 359//359 10//10 13//13
f 356//356 353//353 435//435
f 435//435 357//357 356//356
f 357//357 435//435 359//359
f 187//187 14//14 358//358
f 187//187 358//358 263//263
f 263//263 262//262 187//187
f 243//243 187//187 262//262
f 262//262 266//266 243//243
f 257//257 243//243 266//266
f 402//402 399//399 400//400
f 402//402 400//400 403//403
f 403//403 436//436 402//402
f 436//436 403//403 404//404
f 404//404 437//437 436//436
f 437//437 404//404 406//406
f 406//406 407//407 437//437
f 417//417 414//414 419//419
f 438//438 123//123 418//418
f 146//146 439//439 440//440
f 146//146 440//440 149//149
f 441//441 442//442 443//443
f 443//443 444//444 441//441
f 445//445 446//446 447//447
f 431//431 432//432 448//448
f 448//448 432//432 449//449
f 350//350 349//349 450//450
f 450//450 451//451 350//350
f 452//452 347//347 350//350
f 350//350 456//456 452//452
f 456//456 350//350 451//451
f 451//451 457//457 456//456
f 453//453 452//452 456//456
f 456//456 458//458 453//453
f 458//458 456//456 457//457
f 457//457 459//459 458//458
f 457//457 451//451 460//460
f 459//459 457//457 460//460
f 460//460 461//461 459//459
f 461//461 460//460 355//355
f 355//355 462//462 461//461
f 454//454 453//453 458//458
f 458//458 463//463 454//454
f 463//463 458//458 459//459
f 459//459 464//464 463//463
f 455//455 454//454 463//463
f 463//463 465//465 455//455
f 465//465 463//463 464//464
f 464//464 466//466 465//465
f 464//464 459//459 461//461
f 461//461 467//467 464//464
f 467//467 461//461 462//462
f 462//462 16//16 467//467
f 466//466 464//464 467//467
f 467//467 468//468 466//466
f 468//468 467//467 469//469
f 469//469 467//467 16//16
f 462//462 355//355 356//356
f 356//356 14//14 462//462
f 16//16 462//462 14//14
f 469//469 16//16 242//242
f 470//470 455//455 473//473
f 473//473 455//455 465//465
f 473//473 465//465 466//466
f 466//466 474//474 473//473
f 471//471 470//470 475//475
f 475//475 470//470 473//473
f 475//475 473//473 476//476
f 476//476 473//473 474//474
f 474//474 466//466 468//468
f 468//468 361//361 474//474
f 361//361 468//468 362//362
f 362//362 468//468 469//469
f 476//476 474//474 361//361
f 361//361 360//360 476//476
f 379//379 471//471 248//248
f 248//248 471//471 475//475
f 248//248 475//475 249//249
f 249//249 475//475 476//476
f 249//249 476//476 360//360
f 360//360 252//252 249//249
f 44//44 41//41 277//277
f 362//362 469//469 256//256
f 256//256 469//469 242//242
f 477//477 478//478 479//479
f 477//477 479//479 480//480
f 481//481 482//482 483//483
f 484//484 341//341 485//485
f 486//486 485//485 341//341
f 486//486 483//483 487//487
f 488//488 489//489 490//490
f 491//491 398//398 401//401
f 401//401 492//492 491//491
f 492//492 401//401 493//493
f 493//493 401//401 402//402
f 3//3 2//2 491//491
f 3//3 491//491 492//492
f 3//3 492//492 494//494
f 494//494 492//492 495//495
f 495//495 492//492 493//493
f 493//493 402//402 496//496
f 496//496 402//402 436//436
f 496//496 436//436 437//437
f 437//437 497//497 496//496
f 495//495 493//493 498//498
f 498//498 493//493 496//496
f 498//498 496//496 499//499
f 499//499 496//496 497//497
f 497//497 437//437 407//407
f 407//407 408//408 497//497
f 499//499 497//497 408//408
f 408//408 409//409 499//499
f 422//422 421//421 126//126
f 422//422 126//126 438//438
f 438//438 126//126 123//123
f 128//128 126//126 500//500
f 128//128 500//500 141//141
f 500//500 126//126 421//421
f 501//501 500//500 421//421
f 421//421 420//420 501//501
f 141//141 500//500 140//140
f 140//140 500//500 142//142
f 502//502 142//142 500//500
f 500//500 501//501 502//502
f 143//143 142//142 502//502
f 143//143 502//502 146//146
f 146//146 502//502 439//439
f 147//147 144//144 148//148
f 148//148 144//144 146//146
f 148//148 146//146 149//149
f 153//153 147//147 148//148
f 153//153 148//148 151//151
f 151//151 156//156 153//153
f 442//442 441//441 150//150
f 151//151 150//150 503//503
f 503//503 150//150 441//441
f 503//503 441//441 504//504
f 504//504 441//441 444//444
f 156//156 151//151 161//161
f 161//161 151//151 503//503
f 161//161 503//503 162//162
f 162//162 503//503 504//504
f 1//1 4//4 6//6
f 494//494 505//505 3//3
f 7//7 505//505 506//506
f 506//506 505//505 495//495
f 495//495 505//505 494//494
f 348//348 8//8 7//7
f 348//348 7//7 507//507
f 507//507 7//7 506//506
f 4//4 1//1 3//3
f 4//4 3//3 505//505
f 4//4 505//505 9//9
f 9//9 505//505 7//7
f 9//9 8//8 5//5
f 5//5 4//4 9//9
f 506//506 495//495 508//508
f 508//508 495//495 498//498
f 508//508 498//498 509//509
f 509//509 498//498 499//499
f 507//507 506//506 508//508
f 508//508 510//510 507//507
f 510//510 508//508 509//509
f 509//509 511//511 510//510
f 349//349 348//348 507//507
f 507//507 450//450 349//349
f 450//450 507//507 510//510
f 510//510 512//512 450//450
f 512//512 510//510 511//511
f 511//511 513//513 512//512
f 451//451 450//450 512//512
f 512//512 514//514 451//451
f 514//514 512//512 513//513
f 513//513 354//354 514//514
f 460//460 451//451 514//514
f 460//460 514//514 355//355
f 355//355 514//514 354//354
f 509//509 499//499 409//409
f 409//409 351//351 509//509
f 511//511 509//509 351//351
f 351//351 11//11 511//511
f 513//513 511//511 352//352
f 352//352 511//511 11//11
f 354//354 513//513 352//352
f 472//472 379//379 247//247
f 249//249 363//363 247//247
f 515//515 472//472 247//247
f 515//515 247//247 363//363
f 363//363 364//364 515//515
f 45//45 516//516 46//46
f 51//51 46//46 516//516
f 516//516 517//517 51//51
f 518//518 519//519 520//520
f 521//521 522//522 523//523
f 524//524 521//521 525//525
f 525//525 526//526 524//524
f 309//309 307//307 527//527
f 527//527 528//528 309//309
f 529//529 530//530 219//219
f 531//531 532//532 221//221
f 298//298 221//221 532//532
f 298//298 532//532 311//311
f 298//298 311//311 310//310
f 299//299 298//298 313//313
f 313//313 298//298 310//310
f 533//533 534//534 535//535
f 536//536 80//80 338//338
f 537//537 341//341 339//339
f 546//546 545//545 547//547
f 547//547 548//548 546//546
f 548//548 547//547 549//549
f 549//549 550//550 548//548
f 551//551 539//539 541//541
f 541//541 552//552 551//551
f 552//552 541//541 542//542
f 542//542 553//553 552//552
f 554//554 551//551 552//552
f 552//552 555//555 554//554
f 546//546 555//555 544//544
f 544//544 555//555 552//552
f 544//544 552//552 553//553
f 543//543 553//553 542//542
f 542//542 540//540 543//543
f 556//556 554//554 555//555
f 548//548 556//556 555//555
f 555//555 546//546 548//548
f 556//556 548//548 550//550
f 550//550 549//549 557//557
f 558//558 559//559 560//560
f 561//561 562//562 563//563
f 564//564 558//558 565//565
f 565//565 558//558 560//560
f 566//566 567//567 564//564
f 564//564 567//567 558//558
f 568//568 569//569 566//566
f 566//566 569//569 567//567
f 570//570 569//569 568//568
f 564//564 571//571 566//566
f 568//568 572//572 570//570
f 573//573 574//574 575//575
f 448//448 449//449 576//576
f 35//35 36//36 577//577
f 577//577 36//36 578//578
f 577//577 578//578 579//579
f 579//579 578//578 580//580
f 580//580 578//578 581//581
f 579//579 580//580 582//582
f 518//518 580//580 581//581
f 582//582 580//580 518//518
f 582//582 518//518 583//583
f 577//577 39//39 35//35
f 579//579 584//584 585//585
f 579//579 585//585 39//39
f 579//579 39//39 577//577
f 582//582 584//584 579//579
f 583//583 586//586 584//584
f 584//584 582//582 583//583
f 587//587 588//588 589//589
f 590//590 588//588 591//591
f 592//592 593//593 587//587
f 587//587 593//593 588//588
f 588//588 593//593 591//591
f 594//594 595//595 589//589
f 596//596 597//597 587//587
f 596//596 587//587 589//589
f 596//596 589//589 598//598
f 598//598 589//589 595//595
f 587//587 597//597 592//592
f 590//590 591//591 599//599
f 599//599 591//591 593//593
f 599//599 593//593 600//600
f 599//599 600//600 601//601
f 602//602 603//603 593//593
f 593//593 592//592 602//602
f 604//604 603//603 602//602
f 605//605 606//606 596//596
f 596//596 606//606 597//597
f 607//607 606//606 605//605
f 592//592 597//597 602//602
f 602//602 597//597 606//606
f 608//608 609//609 610//610
f 611//611 612//612 583//583
f 612//612 586//586 583//583
f 613//613 614//614 615//615
f 616//616 617//617 618//618
f 619//619 615//615 614//614
f 620//620 621//621 622//622
f 623//623 624//624 625//625
f 625//625 624//624 626//626
f 627//627 623//623 625//625
f 625//625 628//628 627//627
f 629//629 630//630 631//631
f 632//632 627//627 628//628
f 628//628 633//633 632//632
f 634//634 635//635 636//636
f 637//637 638//638 639//639
f 640//640 641//641 642//642
f 640//640 642//642 637//637
f 637//637 642//642 638//638
f 643//643 641//641 640//640
f 639//639 644//644 637//637
f 645//645 643//643 640//640
f 598//598 642//642 596//596
f 596//596 642//642 605//605
f 605//605 642//642 641//641
f 646//646 647//647 648//648
f 649//649 647//647 650//650
f 651//651 652//652 653//653
f 654//654 652//652 655//655
f 656//656 649//649 650//650
f 657//657 658//658 659//659
f 660//660 661//661 662//662
f 663//663 662//662 661//661
f 663//663 661//661 664//664
f 663//663 664//664 665//665
f 666//666 667//667 668//668
f 666//666 669//669 670//670
f 665//665 664//664 666//666
f 666//666 664//664 671//671
f 666//666 671//671 667//667
f 663//663 672//672 670//670
f 665//665 672//672 663//663
f 670//670 672//672 666//666
f 666//666 672//672 665//665
f 673//673 674//674 675//675
f 675//675 676//676 673//673
f 677//677 678//678 679//679
f 680//680 681//681 682//682
f 642//642 598//598 683//683
f 687//687 684//684 685//685
f 687//687 685//685 688//688
f 688//688 685//685 686//686
f 689//689 687//687 688//688
f 688//688 690//690 689//689
f 688//688 686//686 691//691
f 691//691 686//686 538//538
f 691//691 538//538 539//539
f 539//539 551//551 691//691
f 690//690 688//688 691//691
f 691//691 692//692 690//690
f 692//692 691//691 554//554
f 554//554 691//691 551//551
f 693//693 689//689 690//690
f 690//690 694//694 693//693
f 695//695 693//693 694//694
f 694//694 696//696 695//695
f 694//694 690//690 692//692
f 692//692 697//697 694//694
f 697//697 692//692 554//554
f 554//554 698//698 697//697
f 696//696 694//694 699//699
f 699//699 694//694 697//697
f 699//699 697//697 700//700
f 700//700 697//697 698//698
f 701//701 696//696 702//702
f 702//702 696//696 699//699
f 702//702 699//699 703//703
f 703//703 699//699 700//700
f 704//704 702//702 705//705
f 705//705 702//702 703//703
f 703//703 706//706 705//705
f 707//707 705//705 706//706
f 706//706 708//708 707//707
f 544//544 545//545 546//546
f 544//544 553//553 543//543
f 698//698 554//554 556//556
f 700//700 698//698 709//709
f 709//709 698//698 556//556
f 550//550 709//709 556//556
f 557//557 710//710 550//550
f 710//710 557//557 711//711
f 711//711 712//712 710//710
f 712//712 711//711 713//713
f 713//713 714//714 712//712
f 714//714 713//713 715//715
f 714//714 715//715 716//716
f 716//716 715//715 717//717
f 703//703 700//700 709//709
f 709//709 718//718 703//703
f 710//710 718//718 709//709
f 709//709 550//550 710//710
f 706//706 703//703 718//718
f 718//718 719//719 706//706
f 712//712 719//719 718//718
f 718//718 710//710 712//712
f 708//708 706//706 719//719
f 719//719 720//720 708//708
f 714//714 720//720 719//719
f 719//719 712//712 714//714
f 716//716 721//721 708//708
f 716//716 708//708 720//720
f 723//723 724//724 570//570
f 570//570 725//725 723//723
f 723//723 726//726 727//727
f 728//728 729//729 730//730
f 731//731 732//732 733//733
f 734//734 735//735 736//736
f 736//736 737//737 734//734
f 738//738 734//734 737//737
f 739//739 740//740 741//741
f 741//741 742//742 743//743
f 744//744 745//745 746//746
f 637//637 747//747 640//640
f 674//674 748//748 749//749
f 750//750 748//748 656//656
f 675//675 674//674 749//749
f 751//751 752//752 753//753
f 753//753 752//752 754//754
f 754//754 752//752 755//755
f 756//756 757//757 758//758
f 759//759 684//684 687//687
f 760//760 759//759 687//687
f 687//687 689//689 760//760
f 761//761 695//695 696//696
f 761//761 696//696 762//762
f 762//762 696//696 701//701
f 762//762 763//763 761//761
f 764//764 765//765 419//419
f 764//764 419//419 762//762
f 762//762 419//419 763//763
f 764//764 701//701 702//702
f 764//764 702//702 704//704
f 766//766 419//419 765//765
f 704//704 705//705 767//767
f 767//767 705//705 707//707
f 767//767 707//707 768//768
f 768//768 707//707 769//769
f 769//769 707//707 708//708
f 708//708 721//721 769//769
f 768//768 769//769 770//770
f 770//770 769//769 771//771
f 771//771 769//769 772//772
f 772//772 769//769 721//721
f 770//770 771//771 773//773
f 773//773 771//771 774//774
f 774//774 771//771 775//775
f 775//775 771//771 772//772
f 770//770 776//776 768//768
f 777//777 774//774 775//775
f 778//778 721//721 716//716
f 716//716 720//720 714//714
f 778//778 717//717 779//779
f 779//779 780//780 778//778
f 779//779 717//717 715//715
f 715//715 722//722 779//779
f 780//780 779//779 423//423
f 423//423 779//779 424//424
f 780//780 772//772 721//721
f 721//721 778//778 780//780
f 423//423 775//775 780//780
f 780//780 775//775 772//772
f 567//567 781//781 782//782
f 567//567 782//782 558//558
f 558//558 782//782 559//559
f 569//569 781//781 567//567
f 782//782 781//781 783//783
f 569//569 783//783 781//781
f 784//784 785//785 786//786
f 787//787 788//788 789//789
f 790//790 791//791 787//787
f 787//787 791//791 788//788
f 788//788 791//791 792//792
f 793//793 789//789 784//784
f 784//784 789//789 785//785
f 785//785 789//789 794//794
f 795//795 796//796 787//787
f 795//795 787//787 789//789
f 795//795 789//789 793//793
f 787//787 796//796 790//790
f 797//797 798//798 791//791
f 799//799 800//800 801//801
f 799//799 426//426 800//800
f 800//800 426//426 428//428
f 802//802 803//803 804//804
f 805//805 806//806 797//797
f 805//805 797//797 790//790
f 790//790 797//797 791//791
f 804//804 803//803 805//805
f 805//805 803//803 799//799
f 805//805 799//799 801//801
f 805//805 801//801 806//806
f 807//807 808//808 795//795
f 795//795 808//808 796//796
f 809//809 802//802 804//804
f 809//809 804//804 808//808
f 809//809 808//808 807//807
f 790//790 796//796 805//805
f 805//805 796//796 808//808
f 805//805 808//808 804//804
f 810//810 811//811 797//797
f 801//801 800//800 812//812
f 801//801 812//812 811//811
f 801//801 811//811 810//810
f 813//813 812//812 428//428
f 428//428 812//812 800//800
f 814//814 812//812 815//815
f 815//815 812//812 816//816
f 817//817 814//814 818//818
f 818//818 814//814 815//815
f 818//818 815//815 175//175
f 175//175 819//819 818//818
f 820//820 818//818 819//819
f 797//797 806//806 810//810
f 810//810 806//806 801//801
f 821//821 819//819 175//175
f 821//821 175//175 822//822
f 820//820 819//819 821//821
f 822//822 823//823 821//821
f 824//824 825//825 823//823
f 823//823 822//822 824//824
f 821//821 823//823 820//820
f 589//589 826//826 594//594
f 827//827 828//828 829//829
f 829//829 830//830 827//827
f 831//831 784//784 830//830
f 830//830 784//784 786//786
f 830//830 829//829 831//831
f 832//832 829//829 828//828
f 828//828 833//833 832//832
f 834//834 793//793 784//784
f 784//784 831//831 834//834
f 835//835 795//795 793//793
f 793//793 834//834 835//835
f 836//836 834//834 831//831
f 836//836 831//831 829//829
f 836//836 829//829 832//832
f 837//837 835//835 836//836
f 836//836 835//835 834//834
f 838//838 839//839 840//840
f 841//841 842//842 838//838
f 841//841 838//838 843//843
f 843//843 838//838 840//840
f 844//844 833//833 838//838
f 838//838 833//833 839//839
f 845//845 832//832 833//833
f 833//833 844//844 845//845
f 838//838 842//842 844//844
f 846//846 845//845 847//847
f 847//847 845//845 844//844
f 847//847 844//844 842//842
f 848//848 836//836 832//832
f 832//832 845//845 848//848
f 849//849 837//837 836//836
f 836//836 848//848 849//849
f 850//850 848//848 845//845
f 845//845 846//846 850//850
f 851//851 849//849 848//848
f 848//848 850//850 851//851
f 852//852 807//807 795//795
f 795//795 835//835 852//852
f 853//853 809//809 852//852
f 852//852 809//809 807//807
f 854//854 852//852 835//835
f 835//835 837//837 854//854
f 855//855 853//853 852//852
f 852//852 854//854 855//855
f 856//856 854//854 837//837
f 837//837 849//849 856//856
f 857//857 855//855 854//854
f 854//854 856//856 857//857
f 858//858 856//856 849//849
f 849//849 851//851 858//858
f 859//859 857//857 858//858
f 858//858 857//857 856//856
f 860//860 861//861 862//862
f 862//862 861//861 843//843
f 843//843 861//861 841//841
f 863//863 860//860 862//862
f 862//862 864//864 863//863
f 865//865 861//861 860//860
f 866//866 846//846 847//847
f 866//866 847//847 861//861
f 866//866 861//861 865//865
f 867//867 865//865 860//860
f 860//860 863//863 867//867
f 868//868 866//866 867//867
f 867//867 866//866 865//865
f 869//869 850//850 866//866
f 866//866 850//850 846//846
f 870//870 851//851 869//869
f 869//869 851//851 850//850
f 871//871 869//869 868//868
f 868//868 869//869 866//866
f 872//872 867//867 863//863
f 873//873 874//874 875//875
f 875//875 874//874 876//876
f 877//877 873//873 878//878
f 878//878 873//873 875//875
f 879//879 880//880 877//877
f 877//877 880//880 873//873
f 880//880 879//879 881//881
f 882//882 877//877 878//878
f 883//883 879//879 877//877
f 877//877 882//882 883//883
f 884//884 881//881 879//879
f 879//879 883//883 884//884
f 885//885 883//883 882//882
f 882//882 886//886 885//885
f 887//887 884//884 885//885
f 885//885 884//884 883//883
f 888//888 889//889 887//887
f 887//887 889//889 884//884
f 890//890 885//885 886//886
f 891//891 887//887 890//890
f 890//890 887//887 885//885
f 892//892 890//890 893//893
f 894//894 891//891 890//890
f 890//890 892//892 894//894
f 895//895 888//888 891//891
f 891//891 888//888 887//887
f 896//896 897//897 895//895
f 895//895 897//897 888//888
f 898//898 895//895 891//891
f 891//891 894//894 898//898
f 899//899 896//896 895//895
f 895//895 898//898 899//899
f 900//900 901//901 902//902
f 902//902 901//901 903//903
f 904//904 900//900 902//902
f 892//892 905//905 894//894
f 894//894 905//905 906//906
f 894//894 906//906 898//898
f 898//898 906//906 903//903
f 898//898 903//903 899//899
f 899//899 903//903 901//901
f 896//896 899//899 907//907
f 908//908 909//909 910//910
f 908//908 910//910 904//904
f 904//904 910//910 900//900
f 741//741 743//743 909//909
f 909//909 908//908 741//741
f 911//911 907//907 910//910
f 910//910 907//907 899//899
f 910//910 899//899 901//901
f 907//907 911//911 912//912
f 910//910 909//909 911//911
f 913//913 914//914 915//915
f 916//916 917//917 918//918
f 918//918 917//917 919//919
f 920//920 754//754 756//756
f 920//920 756//756 917//917
f 920//920 917//917 916//916
f 755//755 921//921 754//754
f 754//754 921//921 757//757
f 753//753 754//754 920//920
f 922//922 920//920 923//923
f 923//923 920//920 916//916
f 924//924 922//922 923//923
f 923//923 925//925 924//924
f 926//926 751//751 927//927
f 927//927 751//751 753//753
f 751//751 926//926 928//928
f 927//927 753//753 920//920
f 920//920 922//922 927//927
f 929//929 926//926 930//930
f 930//930 926//926 927//927
f 930//930 927//927 924//924
f 924//924 927//927 922//922
f 931//931 929//929 932//932
f 932//932 929//929 930//930
f 932//932 930//930 933//933
f 933//933 930//930 924//924
f 932//932 934//934 935//935
f 932//932 935//935 931//931
f 933//933 934//934 932//932
f 936//936 937//937 913//913
f 913//913 919//919 936//936
f 938//938 939//939 937//937
f 937//937 936//936 938//938
f 756//756 758//758 938//938
f 938//938 758//758 939//939
f 904//904 937//937 939//939
f 939//939 908//908 904//904
f 908//908 939//939 758//758
f 758//758 741//741 908//908
f 936//936 919//919 917//917
f 917//917 938//938 936//936
f 938//938 917//917 756//756
f 940//940 941//941 942//942
f 940//940 942//942 943//943
f 942//942 941//941 944//944
f 945//945 946//946 947//947
f 948//948 946//946 158//158
f 949//949 950//950 941//941
f 941//941 940//940 949//949
f 951//951 952//952 949//949
f 949//949 952//952 953//953
f 949//949 953//953 950//950
f 954//954 949//949 955//955
f 955//955 949//949 940//940
f 956//956 951//951 954//954
f 954//954 951//951 949//949
f 957//957 958//958 951//951
f 951//951 958//958 952//952
f 959//959 958//958 957//957
f 960//960 957//957 951//951
f 951//951 956//956 960//960
f 961//961 962//962 959//959
f 961//961 959//959 960//960
f 960//960 959//959 957//957
f 953//953 952//952 963//963
f 963//963 952//952 947//947
f 947//947 952//952 958//958
f 964//964 945//945 959//959
f 959//959 945//945 947//947
f 959//959 947//947 958//958
f 948//948 160//160 965//965
f 966//966 965//965 967//967
f 968//968 967//967 969//969
f 970//970 971//971 972//972
f 972//972 971//971 973//973
f 974//974 971//971 975//975
f 974//974 973//973 971//971
f 976//976 977//977 961//961
f 961//961 977//977 962//962
f 786//786 785//785 976//976
f 976//976 785//785 977//977
f 978//978 979//979 945//945
f 978//978 945//945 964//964
f 945//945 979//979 980//980
f 794//794 975//975 979//979
f 794//794 979//979 978//978
f 979//979 975//975 970//970
f 980//980 979//979 159//159
f 980//980 159//159 158//158
f 972//972 159//159 979//979
f 979//979 970//970 972//972
f 964//964 962//962 978//978
f 978//978 962//962 977//977
f 978//978 977//977 794//794
f 794//794 977//977 785//785
f 789//789 788//788 974//974
f 789//789 974//974 794//794
f 794//794 974//974 975//975
f 974//974 788//788 792//792
f 799//799 803//803 981//981
f 972//972 973//973 164//164
f 164//164 166//166 982//982
f 983//983 166//166 984//984
f 984//984 166//166 985//985
f 965//965 160//160 159//159
f 159//159 986//986 965//965
f 164//164 987//987 986//986
f 164//164 986//986 972//972
f 972//972 986//986 159//159
f 967//967 965//965 986//986
f 986//986 988//988 967//967
f 988//988 986//986 989//989
f 989//989 986//986 987//987
f 990//990 989//989 982//982
f 982//982 989//989 987//987
f 969//969 967//967 988//988
f 988//988 991//991 969//969
f 991//991 988//988 992//992
f 992//992 988//988 989//989
f 989//989 993//993 992//992
f 797//797 811//811 985//985
f 797//797 985//985 798//798
f 984//984 985//985 811//811
f 811//811 994//994 984//984
f 994//994 811//811 812//812
f 995//995 996//996 997//997
f 997//997 998//998 995//995
f 999//999 1000//1000 955//955
f 999//999 955//955 1001//1001
f 955//955 1000//1000 954//954
f 954//954 1000//1000 1002//1002
f 1002//1002 956//956 954//954
f 1001//1001 996//996 999//999
f 956//956 1002//1002 960//960
f 960//960 1002//1002 1003//1003
f 1004//1004 961//961 1005//1005
f 1005//1005 961//961 1003//1003
f 1003//1003 961//961 960//960
f 1005//1005 1006//1006 1004//1004
f 1007//1007 1000//1000 999//999
f 1008//1008 1002//1002 1000//1000
f 1000//1000 1007//1007 1008//1008
f 1009//1009 1007//1007 999//999
f 1009//1009 999//999 996//996
f 1009//1009 996//996 995//995
f 1010//1010 1008//1008 1009//1009
f 1009//1009 1008//1008 1007//1007
f 1011//1011 1003//1003 1008//1008
f 1008//1008 1003//1003 1002//1002
f 1005//1005 1003//1003 1011//1011
f 1012//1012 1011//1011 1010//1010
f 1010//1010 1011//1011 1008//1008
f 1013//1013 1006//1006 1012//1012
f 1012//1012 1006//1006 1005//1005
f 1012//1012 1005//1005 1011//1011
f 1014//1014 998//998 1015//1015
f 1016//1016 1017//1017 1018//1018
f 840//840 839//839 1017//1017
f 1017//1017 1016//1016 840//840
f 1019//1019 1016//1016 1018//1018
f 1018//1018 1020//1020 1019//1019
f 843//843 840//840 1016//1016
f 1016//1016 1019//1019 843//843
f 1021//1021 1009//1009 1014//1014
f 1014//1014 1009//1009 998//998
f 998//998 1009//1009 995//995
f 1022//1022 1010//1010 1021//1021
f 1021//1021 1010//1010 1009//1009
f 1014//1014 617//617 1021//1021
f 1023//1023 1022//1022 617//617
f 1023//1023 617//617 616//616
f 617//617 1022//1022 1021//1021
f 1018//1018 1017//1017 1010//1010
f 1018//1018 1010//1010 1022//1022
f 1010//1010 1017//1017 1012//1012
f 1012//1012 1017//1017 839//839
f 839//839 1013//1013 1012//1012
f 1020//1020 1018//1018 1022//1022
f 1022//1022 1023//1023 1020//1020
f 1024//1024 1019//1019 1020//1020
f 1020//1020 1025//1025 1024//1024
f 862//862 843//843 1019//1019
f 1019//1019 1024//1024 862//862
f 1025//1025 1026//1026 1024//1024
f 864//864 862//862 1027//1027
f 1027//1027 862//862 1024//1024
f 1027//1027 1024//1024 1026//1026
f 1025//1025 1020//1020 1023//1023
f 1023//1023 1028//1028 1025//1025
f 1027//1027 872//872 864//864
f 1029//1029 872//872 1027//1027
f 1029//1029 1027//1027 1030//1030
f 1030//1030 1027//1027 1031//1031
f 1032//1032 1029//1029 1030//1030
f 827//827 976//976 961//961
f 961//961 1004//1004 827//827
f 830//830 786//786 976//976
f 976//976 827//827 830//830
f 1004//1004 1006//1006 827//827
f 827//827 1006//1006 828//828
f 833//833 828//828 1013//1013
f 1013//1013 828//828 1006//1006
f 839//839 833//833 1013//1013
f 1033//1033 870//870 871//871
f 871//871 870//870 869//869
f 874//874 1032//1032 876//876
f 1034//1034 867//867 872//872
f 1034//1034 872//872 1029//1029
f 1035//1035 868//868 1034//1034
f 1034//1034 868//868 867//867
f 1036//1036 1034//1034 1032//1032
f 1036//1036 1032//1032 874//874
f 1032//1032 1034//1034 1029//1029
f 1037//1037 1035//1035 1036//1036
f 1036//1036 1035//1035 1034//1034
f 1038//1038 871//871 1035//1035
f 1035//1035 871//871 868//868
f 1039//1039 1033//1033 1038//1038
f 1038//1038 1033//1033 871//871
f 1040//1040 1038//1038 1037//1037
f 1037//1037 1038//1038 1035//1035
f 1041//1041 1039//1039 1040//1040
f 1040//1040 1039//1039 1038//1038
f 1042//1042 858//858 851//851
f 851//851 870//870 1042//1042
f 1043//1043 859//859 1042//1042
f 1042//1042 859//859 858//858
f 1044//1044 1042//1042 1033//1033
f 1033//1033 1042//1042 870//870
f 1045//1045 1043//1043 1044//1044
f 1044//1044 1043//1043 1042//1042
f 1046//1046 1044//1044 1039//1039
f 1039//1039 1044//1044 1033//1033
f 1047//1047 1045//1045 1046//1046
f 1046//1046 1045//1045 1044//1044
f 1048//1048 1046//1046 1041//1041
f 1041//1041 1046//1046 1039//1039
f 1049//1049 1047//1047 1046//1046
f 1046//1046 1048//1048 1049//1049
f 880//880 1036//1036 873//873
f 873//873 1036//1036 874//874
f 1050//1050 1037//1037 1036//1036
f 1036//1036 880//880 1050//1050
f 881//881 1050//1050 880//880
f 1051//1051 1040//1040 1037//1037
f 1037//1037 1050//1050 1051//1051
f 1052//1052 1041//1041 1040//1040
f 1040//1040 1051//1051 1052//1052
f 1053//1053 1051//1051 1050//1050
f 1050//1050 881//881 1053//1053
f 1054//1054 1052//1052 1051//1051
f 1051//1051 1053//1053 1054//1054
f 889//889 1053//1053 881//881
f 881//881 884//884 889//889
f 1055//1055 1054//1054 1053//1053
f 1053//1053 889//889 1055//1055
f 897//897 1055//1055 888//888
f 888//888 1055//1055 889//889
f 736//736 1048//1048 1041//1041
f 1041//1041 1052//1052 736//736
f 735//735 1049//1049 1048//1048
f 1048//1048 736//736 735//735
f 737//737 736//736 1052//1052
f 1052//1052 1054//1054 737//737
f 1049//1049 735//735 1056//1056
f 1057//1057 1056//1056 735//735
f 735//735 734//734 1057//1057
f 1058//1058 737//737 1054//1054
f 1054//1054 1055//1055 1058//1058
f 737//737 1058//1058 738//738
f 1059//1059 1058//1058 1055//1055
f 1055//1055 897//897 1059//1059
f 1060//1060 738//738 1058//1058
f 1058//1058 1059//1059 1060//1060
f 738//738 1057//1057 734//734
f 738//738 1060//1060 1061//1061
f 1062//1062 1059//1059 896//896
f 896//896 1059//1059 897//897
f 1063//1063 1060//1060 1059//1059
f 1059//1059 1062//1062 1063//1063
f 907//907 1062//1062 896//896
f 744//744 1063//1063 1062//1062
f 1062//1062 907//907 744//744
f 1063//1063 1061//1061 1060//1060
f 912//912 744//744 907//907
f 742//742 745//745 744//744
f 742//742 744//744 912//912
f 762//762 701//701 764//764
f 974//974 1064//1064 1065//1065
f 974//974 1065//1065 973//973
f 164//164 973//973 1065//1065
f 730//730 729//729 1066//1066
f 730//730 1066//1066 1067//1067
f 1066//1066 729//729 610//610
f 1068//1068 1069//1069 1070//1070
f 1070//1070 1069//1069 1071//1071
f 1001//1001 955//955 1068//1068
f 1072//1072 1068//1068 1070//1070
f 1070//1070 1073//1073 1072//1072
f 997//997 996//996 1072//1072
f 1072//1072 996//996 1068//1068
f 1068//1068 996//996 1001//1001
f 1074//1074 1072//1072 1073//1073
f 1073//1073 613//613 1074//1074
f 1015//1015 998//998 1074//1074
f 1074//1074 998//998 1072//1072
f 1072//1072 998//998 997//997
f 615//615 1074//1074 613//613
f 1075//1075 1015//1015 1074//1074
f 1074//1074 615//615 1075//1075
f 1076//1076 615//615 619//619
f 1077//1077 1075//1075 615//615
f 615//615 1076//1076 1077//1077
f 624//624 1076//1076 626//626
f 626//626 1076//1076 619//619
f 622//622 621//621 624//624
f 624//624 621//621 1077//1077
f 624//624 1077//1077 1076//1076
f 1078//1078 622//622 624//624
f 624//624 623//623 1078//1078
f 1079//1079 1078//1078 627//627
f 627//627 1078//1078 623//623
f 1080//1080 620//620 622//622
f 622//622 1078//1078 1080//1080
f 1081//1081 1080//1080 1078//1078
f 1078//1078 1079//1079 1081//1081
f 1082//1082 1079//1079 632//632
f 632//632 1079//1079 627//627
f 1083//1083 632//632 633//633
f 633//633 1084//1084 1083//1083
f 1085//1085 1082//1082 632//632
f 632//632 1083//1083 1085//1085
f 1086//1086 1081//1081 1082//1082
f 1082//1082 1081//1081 1079//1079
f 1087//1087 1086//1086 1082//1082
f 1082//1082 1085//1085 1087//1087
f 1088//1088 1083//1083 1089//1089
f 1089//1089 1083//1083 1084//1084
f 1090//1090 1085//1085 1083//1083
f 1083//1083 1088//1088 1090//1090
f 1091//1091 1088//1088 1089//1089
f 1089//1089 1092//1092 1091//1091
f 1093//1093 1090//1090 1091//1091
f 1091//1091 1090//1090 1088//1088
f 1094//1094 1087//1087 1085//1085
f 1085//1085 1090//1090 1094//1094
f 1095//1095 1094//1094 1093//1093
f 1093//1093 1094//1094 1090//1090
f 1081//1081 1086//1086 1096//1096
f 1097//1097 1096//1096 1087//1087
f 1087//1087 1096//1096 1086//1086
f 1098//1098 1097//1097 1094//1094
f 1094//1094 1097//1097 1087//1087
f 1099//1099 1098//1098 1094//1094
f 1094//1094 1095//1095 1099//1099
f 733//733 1091//1091 1092//1092
f 1092//1092 731//731 733//733
f 1100//1100 1101//1101 733//733
f 733//733 1101//1101 1091//1091
f 1091//1091 1101//1101 1093//1093
f 1102//1102 1100//1100 732//732
f 1102//1102 732//732 1103//1103
f 732//732 1100//1100 733//733
f 1093//1093 1101//1101 1095//1095
f 1103//1103 1104//1104 1102//1102
f 634//634 1105//1105 1102//1102
f 1102//1102 1105//1105 1100//1100
f 1106//1106 1099//1099 1101//1101
f 1106//1106 1101//1101 1105//1105
f 1101//1101 1099//1099 1095//1095
f 1107//1107 1108//1108 1109//1109
f 1109//1109 1110//1110 1107//1107
f 1111//1111 1112//1112 1113//1113
f 1111//1111 1113//1113 1114//1114
f 1110//1110 1113//1113 1107//1107
f 1107//1107 1113//1113 1112//1112
f 878//878 1115//1115 882//882
f 886//886 882//882 1115//1115
f 1115//1115 1116//1116 886//886
f 1117//1117 886//886 1116//1116
f 886//886 1117//1117 890//890
f 893//893 890//890 1117//1117
f 1118//1118 905//905 893//893
f 1118//1118 893//893 1108//1108
f 1118//1118 1108//1108 1107//1107
f 1119//1119 906//906 1118//1118
f 1118//1118 906//906 905//905
f 1120//1120 1121//1121 1112//1112
f 1112//1112 1111//1111 1120//1120
f 1122//1122 1123//1123 1121//1121
f 1121//1121 1120//1120 1122//1122
f 1107//1107 1112//1112 1118//1118
f 1118//1118 1112//1112 1121//1121
f 1118//1118 1121//1121 1119//1119
f 1119//1119 1121//1121 1123//1123
f 902//902 903//903 1119//1119
f 1119//1119 903//903 906//906
f 1124//1124 1123//1123 1122//1122
f 1125//1125 902//902 1124//1124
f 1124//1124 902//902 1119//1119
f 1124//1124 1119//1119 1123//1123
f 902//902 1125//1125 904//904
f 646//646 607//607 643//643
f 648//648 1126//1126 646//646
f 646//646 1126//1126 607//607
f 645//645 647//647 643//643
f 643//643 647//647 646//646
f 654//654 1067//1067 1126//1126
f 1126//1126 648//648 654//654
f 653//653 652//652 649//649
f 649//649 652//652 647//647
f 647//647 652//652 654//654
f 647//647 654//654 648//648
f 655//655 730//730 1067//1067
f 1067//1067 654//654 655//655
f 1127//1127 728//728 655//655
f 655//655 728//728 730//730
f 1128//1128 1129//1129 728//728
f 1128//1128 728//728 1127//1127
f 679//679 678//678 651//651
f 651//651 678//678 652//652
f 652//652 678//678 1127//1127
f 652//652 1127//1127 655//655
f 750//750 650//650 1130//1130
f 650//650 750//750 656//656
f 1131//1131 656//656 748//748
f 1131//1131 748//748 674//674
f 1132//1132 1133//1133 675//675
f 1134//1134 1131//1131 673//673
f 673//673 1131//1131 674//674
f 673//673 676//676 1134//1134
f 1134//1134 676//676 1135//1135
f 1135//1135 676//676 1136//1136
f 1137//1137 1138//1138 1139//1139
f 1139//1139 1140//1140 1137//1137
f 1141//1141 1137//1137 1140//1140
f 1140//1140 1142//1142 1141//1141
f 915//915 914//914 1137//1137
f 1137//1137 914//914 1138//1138
f 1143//1143 915//915 1137//1137
f 1137//1137 1141//1141 1143//1143
f 918//918 919//919 1143//1143
f 1143//1143 919//919 913//913
f 1143//1143 913//913 915//915
f 1144//1144 1141//1141 1145//1145
f 1145//1145 1141//1141 1142//1142
f 1146//1146 1144//1144 1147//1147
f 1147//1147 1144//1144 1145//1145
f 1148//1148 1143//1143 1141//1141
f 1141//1141 1144//1144 1148//1148
f 1149//1149 918//918 1143//1143
f 1143//1143 1148//1148 1149//1149
f 1150//1150 1148//1148 1144//1144
f 1144//1144 1146//1146 1150//1150
f 1151//1151 1149//1149 1150//1150
f 1150//1150 1149//1149 1148//1148
f 923//923 916//916 1149//1149
f 1149//1149 916//916 918//918
f 925//925 923//923 1149//1149
f 1149//1149 1151//1151 925//925
f 1152//1152 1146//1146 1147//1147
f 1147//1147 1153//1153 1152//1152
f 1154//1154 1155//1155 1156//1156
f 1156//1156 1157//1157 1154//1154
f 1153//1153 1154//1154 1157//1157
f 1157//1157 1152//1152 1153//1153
f 1158//1158 1150//1150 1152//1152
f 1152//1152 1150//1150 1146//1146
f 1159//1159 1151//1151 1150//1150
f 1150//1150 1158//1158 1159//1159
f 1157//1157 1156//1156 1160//1160
f 1160//1160 1161//1161 1157//1157
f 1161//1161 1160//1160 1162//1162
f 1162//1162 1160//1160 1163//1163
f 1152//1152 1157//1157 1158//1158
f 1158//1158 1157//1157 1161//1161
f 1158//1158 1161//1161 1159//1159
f 1159//1159 1161//1161 1162//1162
f 1164//1164 925//925 1151//1151
f 1151//1151 1159//1159 1164//1164
f 933//933 924//924 1164//1164
f 1164//1164 924//924 925//925
f 1165//1165 1166//1166 1167//1167
f 1167//1167 1166//1166 1162//1162
f 1167//1167 1162//1162 1163//1163
f 1168//1168 1169//1169 934//934
f 1168//1168 934//934 1166//1166
f 1168//1168 1166//1166 1165//1165
f 1159//1159 1162//1162 1164//1164
f 1164//1164 1162//1162 1166//1166
f 1164//1164 1166//1166 933//933
f 933//933 1166//1166 934//934
f 935//935 934//934 1169//1169
f 1165//1165 1170//1170 1168//1168
f 1114//1114 1129//1129 1111//1111
f 1139//1139 1120//1120 1111//1111
f 1120//1120 1139//1139 1138//1138
f 1138//1138 1122//1122 1120//1120
f 1122//1122 1138//1138 1124//1124
f 1124//1124 1138//1138 914//914
f 1124//1124 914//914 1171//1171
f 913//913 937//937 1171//1171
f 913//913 1171//1171 914//914
f 1124//1124 1171//1171 1125//1125
f 1125//1125 1171//1171 904//904
f 904//904 1171//1171 937//937
f 501//501 776//776 1172//1172
f 770//770 1172//1172 776//776
f 424//424 779//779 1173//1173
f 1173//1173 779//779 722//722
f 1174//1174 1173//1173 1175//1175
f 1174//1174 1175//1175 1176//1176
f 560//560 559//559 1177//1177
f 1177//1177 559//559 1178//1178
f 1178//1178 559//559 1179//1179
f 1180//1180 1181//1181 1182//1182
f 1180//1180 1182//1182 1179//1179
f 1183//1183 1182//1182 1184//1184
f 1184//1184 563//563 1183//1183
f 1184//1184 1182//1182 1185//1185
f 1185//1185 1182//1182 1181//1181
f 1179//1179 559//559 1180//1180
f 563//563 1184//1184 561//561
f 561//561 1184//1184 1185//1185
f 1185//1185 1186//1186 561//561
f 1187//1187 1188//1188 1186//1186
f 1186//1186 1189//1189 1187//1187
f 1189//1189 1190//1190 1191//1191
f 1191//1191 1187//1187 1189//1189
f 1192//1192 1188//1188 1187//1187
f 1187//1187 1191//1191 1193//1193
f 1187//1187 1193//1193 1192//1192
f 565//565 560//560 1177//1177
f 1177//1177 1194//1194 565//565
f 941//941 565//565 1194//1194
f 1069//1069 943//943 1071//1071
f 1071//1071 943//943 1195//1195
f 955//955 940//940 1069//1069
f 1069//1069 940//940 943//943
f 950//950 571//571 941//941
f 941//941 571//571 565//565
f 565//565 571//571 564//564
f 953//953 571//571 950//950
f 963//963 572//572 571//571
f 963//963 571//571 953//953
f 571//571 572//572 568//568
f 571//571 568//568 566//566
f 947//947 725//725 963//963
f 963//963 725//725 572//572
f 947//947 946//946 725//725
f 570//570 572//572 725//725
f 948//948 726//726 725//725
f 948//948 725//725 946//946
f 966//966 1196//1196 726//726
f 726//726 948//948 966//966
f 968//968 575//575 1196//1196
f 1196//1196 966//966 968//968
f 575//575 968//968 573//573
f 965//965 966//966 948//948
f 967//967 968//968 966//966
f 969//969 573//573 968//968
f 980//980 946//946 945//945
f 975//975 971//971 970//970
f 158//158 946//946 980//980
f 792//792 1064//1064 974//974
f 791//791 798//798 1197//1197
f 791//791 1197//1197 1064//1064
f 791//791 1064//1064 792//792
f 1197//1197 798//798 985//985
f 1197//1197 985//985 165//165
f 812//812 814//814 994//994
f 430//430 175//175 815//815
f 430//430 815//815 816//816
f 817//817 994//994 814//814
f 822//822 175//175 174//174
f 589//589 588//588 826//826
f 601//601 600//600 1201//1201
f 1126//1126 1066//1066 604//604
f 1126//1126 604//604 602//602
f 1126//1126 602//602 607//607
f 607//607 602//602 606//606
f 1067//1067 1066//1066 1126//1126
f 600//600 593//593 1202//1202
f 1202//1202 593//593 603//603
f 610//610 1202//1202 604//604
f 604//604 1202//1202 603//603
f 1203//1203 600//600 1202//1202
f 1202//1202 1204//1204 1203//1203
f 1205//1205 1204//1204 1202//1202
f 604//604 1066//1066 610//610
f 1114//1114 1206//1206 728//728
f 1068//1068 955//955 1069//1069
f 1207//1207 1208//1208 732//732
f 732//732 731//731 1207//1207
f 1103//1103 732//732 1208//1208
f 1208//1208 1201//1201 1103//1103
f 1201//1201 1203//1203 1103//1103
f 1103//1103 1203//1203 1104//1104
f 1105//1105 1101//1101 1100//1100
f 1204//1204 1209//1209 1104//1104
f 1102//1102 1104//1104 1209//1209
f 1102//1102 1209//1209 634//634
f 1210//1210 1211//1211 1212//1212
f 1211//1211 1213//1213 1113//1113
f 1113//1113 1213//1213 1206//1206
f 1114//1114 1113//1113 1206//1206
f 1110//1110 1211//1211 1113//1113
f 911//911 909//909 743//743
f 743//743 912//912 911//911
f 598//598 595//595 1214//1214
f 643//643 607//607 605//605
f 643//643 605//605 641//641
f 650//650 647//647 645//645
f 728//728 1129//1129 1114//1114
f 1130//1130 650//650 645//645
f 1132//1132 748//748 750//750
f 657//657 653//653 649//649
f 649//649 656//656 657//657
f 659//659 651//651 653//653
f 653//653 657//657 659//659
f 1131//1131 658//658 656//656
f 656//656 658//658 657//657
f 680//680 679//679 651//651
f 651//651 659//659 680//680
f 675//675 749//749 1132//1132
f 676//676 675//675 1133//1133
f 676//676 668//668 1136//1136
f 1145//1145 1142//1142 682//682
f 1147//1147 1145//1145 681//681
f 681//681 1145//1145 682//682
f 1155//1155 1215//1215 1156//1156
f 1156//1156 1215//1215 1216//1216
f 1156//1156 1216//1216 1217//1217
f 1217//1217 1160//1160 1156//1156
f 1160//1160 1217//1217 1218//1218
f 1218//1218 1163//1163 1160//1160
f 1167//1167 1163//1163 1218//1218
f 1167//1167 1218//1218 1219//1219
f 1219//1219 1220//1220 1168//1168
f 1168//1168 1220//1220 1169//1169
f 1219//1219 1170//1170 1167//1167
f 1168//1168 1170//1170 1219//1219
f 943//943 942//942 1195//1195
f 601//601 1221//1221 599//599
f 1201//1201 1208//1208 1221//1221
f 1221//1221 601//601 1201//1201
f 1222//1222 588//588 590//590
f 1201//1201 600//600 1203//1203
f 912//912 743//743 742//742
f 637//637 644//644 747//747
f 645//645 640//640 747//747
f 1132//1132 750//750 1130//1130
f 1133//1133 668//668 676//676
f 1223//1223 1224//1224 1225//1225
f 1226//1226 489//489 488//488
f 638//638 642//642 683//683
f 782//782 1181//1181 1180//1180
f 783//783 1227//1227 1185//1185
f 783//783 1185//1185 1181//1181
f 783//783 1181//1181 782//782
f 1228//1228 1227//1227 783//783
f 559//559 782//782 1180//1180
f 1229//1229 1228//1228 783//783
f 1229//1229 783//783 569//569
f 562//562 561//561 1230//1230
f 1230//1230 1231//1231 562//562
f 1230//1230 561//561 1186//1186
f 1186//1186 1188//1188 1230//1230
f 1232//1232 1233//1233 1234//1234
f 1231//1231 1230//1230 1232//1232
f 1232//1232 1230//1230 1233//1233
f 1233//1233 1230//1230 1235//1235
f 1236//1236 1235//1235 1230//1230
f 1236//1236 1230//1230 1192//1192
f 1192//1192 1230//1230 1188//1188
f 1192//1192 1237//1237 1236//1236
f 1189//1189 1186//1186 1238//1238
f 1238//1238 1186//1186 1185//1185
f 1238//1238 1185//1185 1227//1227
f 1238//1238 1227//1227 1228//1228
f 1238//1238 1190//1190 1189//1189
f 1229//1229 1238//1238 1228//1228
f 1239//1239 1240//1240 1241//1241
f 1192//1192 1193//1193 1237//1237
f 1242//1242 1240//1240 1239//1239
f 570//570 724//724 569//569
f 569//569 724//724 1229//1229
f 723//723 725//725 726//726
f 1243//1243 1239//1239 1241//1241
f 1243//1243 1241//1241 727//727
f 727//727 1241//1241 1244//1244
f 727//727 1196//1196 1243//1243
f 1243//1243 1196//1196 575//575
f 1243//1243 575//575 1245//1245
f 1245//1245 575//575 574//574
f 990//990 983//983 1246//1246
f 1247//1247 1248//1248 344//344
f 826//826 588//588 1222//1222
f 610//610 609//609 1202//1202
f 1205//1205 1202//1202 609//609
f 1205//1205 609//609 1249//1249
f 1249//1249 609//609 608//608
f 621//621 620//620 1250//1250
f 1251//1251 1250//1250 1080//1080
f 1080//1080 1250//1250 620//620
f 1252//1252 1251//1251 1080//1080
f 1253//1253 1254//1254 1252//1252
f 1252//1252 1096//1096 1253//1253
f 1255//1255 1253//1253 1096//1096
f 1096//1096 1097//1097 1255//1255
f 1254//1254 1253//1253 1256//1256
f 1257//1257 1256//1256 1255//1255
f 1255//1255 1256//1256 1253//1253
f 1257//1257 1258//1258 1259//1259
f 1260//1260 1255//1255 1097//1097
f 1097//1097 1098//1098 1260//1260
f 1261//1261 1260//1260 1099//1099
f 1099//1099 1260//1260 1098//1098
f 1262//1262 1258//1258 1257//1257
f 1262//1262 1257//1257 1260//1260
f 1260//1260 1257//1257 1255//1255
f 1263//1263 1258//1258 1262//1262
f 1264//1264 1262//1262 1260//1260
f 1260//1260 1261//1261 1264//1264
f 1265//1265 1263//1263 1264//1264
f 1264//1264 1263//1263 1262//1262
f 731//731 1092//1092 1207//1207
f 1266//1266 1116//1116 1265//1265
f 1265//1265 1267//1267 1266//1266
f 1109//1109 1268//1268 1269//1269
f 1108//1108 1266//1266 1267//1267
f 1108//1108 1267//1267 1109//1109
f 1109//1109 1267//1267 1268//1268
f 1270//1270 1261//1261 1106//1106
f 1106//1106 1261//1261 1099//1099
f 636//636 1106//1106 634//634
f 634//634 1106//1106 1105//1105
f 1271//1271 1270//1270 636//636
f 636//636 1270//1270 1106//1106
f 1272//1272 1264//1264 1270//1270
f 1270//1270 1264//1264 1261//1261
f 1267//1267 1265//1265 1264//1264
f 1264//1264 1272//1272 1267//1267
f 1269//1269 1268//1268 1270//1270
f 1269//1269 1270//1270 1271//1271
f 1270//1270 1268//1268 1272//1272
f 1272//1272 1268//1268 1267//1267
f 1210//1210 1209//1209 1204//1204
f 1204//1204 1205//1205 1210//1210
f 634//634 1209//1209 635//635
f 1212//1212 1273//1273 635//635
f 1212//1212 635//635 1210//1210
f 1210//1210 635//635 1209//1209
f 1205//1205 1213//1213 1211//1211
f 1211//1211 1210//1210 1205//1205
f 1110//1110 1109//1109 1269//1269
f 1110//1110 1269//1269 1212//1212
f 1212//1212 1269//1269 1273//1273
f 636//636 635//635 1271//1271
f 1271//1271 635//635 1273//1273
f 1271//1271 1273//1273 1269//1269
f 1116//1116 1266//1266 1117//1117
f 893//893 1117//1117 1108//1108
f 1108//1108 1117//1117 1266//1266
f 312//312 311//311 1274//1274
f 563//563 562//562 1275//1275
f 1127//1127 678//678 1128//1128
f 1276//1276 658//658 1131//1131
f 1277//1277 681//681 1276//1276
f 1276//1276 681//681 658//658
f 658//658 681//681 659//659
f 659//659 681//681 680//680
f 1278//1278 681//681 1277//1277
f 1136//1136 668//668 667//667
f 1136//1136 667//667 1279//1279
f 1279//1279 667//667 671//671
f 1135//1135 1136//1136 1280//1280
f 1280//1280 1136//1136 1279//1279
f 1281//1281 1276//1276 1131//1131
f 1131//1131 1134//1134 1281//1281
f 1282//1282 1277//1277 1281//1281
f 1281//1281 1277//1277 1276//1276
f 1283//1283 1278//1278 1282//1282
f 1282//1282 1278//1278 1277//1277
f 1134//1134 1135//1135 1281//1281
f 1281//1281 1135//1135 1280//1280
f 1281//1281 1280//1280 1284//1284
f 1281//1281 1284//1284 1282//1282
f 1282//1282 1284//1284 1283//1283
f 1140//1140 1139//1139 1129//1129
f 1129//1129 1128//1128 1140//1140
f 1142//1142 1140//1140 1128//1128
f 1142//1142 1128//1128 678//678
f 1142//1142 678//678 677//677
f 682//682 677//677 679//679
f 679//679 680//680 682//682
f 682//682 1142//1142 677//677
f 1147//1147 681//681 1278//1278
f 1279//1279 671//671 1215//1215
f 1280//1280 1279//1279 1215//1215
f 1215//1215 1155//1155 1280//1280
f 1153//1153 1147//1147 1278//1278
f 1278//1278 1283//1283 1153//1153
f 1284//1284 1280//1280 1154//1154
f 1154//1154 1280//1280 1155//1155
f 1283//1283 1284//1284 1153//1153
f 1153//1153 1284//1284 1154//1154
f 1111//1111 1129//1129 1139//1139
f 1194//1194 944//944 941//941
f 590//590 1285//1285 1222//1222
f 618//618 617//617 1075//1075
f 1075//1075 617//617 1014//1014
f 1075//1075 1014//1014 1015//1015
f 629//629 618//618 1075//1075
f 1075//1075 1077//1077 629//629
f 631//631 616//616 629//629
f 629//629 616//616 618//618
f 1077//1077 621//621 630//630
f 630//630 629//629 1077//1077
f 1028//1028 1023//1023 631//631
f 631//631 1023//1023 616//616
f 1250//1250 630//630 621//621
f 1286//1286 1028//1028 631//631
f 1286//1286 631//631 630//630
f 1286//1286 630//630 1250//1250
f 1031//1031 1026//1026 1286//1286
f 1286//1286 1026//1026 1025//1025
f 1286//1286 1025//1025 1028//1028
f 1027//1027 1026//1026 1031//1031
f 1287//1287 1288//1288 1289//1289
f 876//876 1032//1032 1288//1288
f 1288//1288 1287//1287 876//876
f 1290//1290 1286//1286 1250//1250
f 1250//1250 1251//1251 1290//1290
f 1080//1080 1081//1081 1252//1252
f 1254//1254 1290//1290 1252//1252
f 1252//1252 1290//1290 1251//1251
f 1030//1030 1031//1031 1286//1286
f 1286//1286 1290//1290 1030//1030
f 1289//1289 1288//1288 1254//1254
f 1254//1254 1288//1288 1290//1290
f 1290//1290 1288//1288 1030//1030
f 1030//1030 1288//1288 1032//1032
f 1291//1291 1287//1287 1289//1289
f 1289//1289 1256//1256 1291//1291
f 875//875 876//876 1287//1287
f 1287//1287 1291//1291 875//875
f 1259//1259 1291//1291 1257//1257
f 1257//1257 1291//1291 1256//1256
f 878//878 875//875 1291//1291
f 1291//1291 1259//1259 878//878
f 1096//1096 1252//1252 1081//1081
f 1256//1256 1289//1289 1254//1254
f 1115//1115 878//878 1258//1258
f 1115//1115 1258//1258 1263//1263
f 1258//1258 878//878 1259//1259
f 1116//1116 1115//1115 1265//1265
f 1265//1265 1115//1115 1263//1263
f 1104//1104 1203//1203 1204//1204
f 1212//1212 1211//1211 1110//1110
f 595//595 594//594 1214//1214
f 594//594 826//826 1214//1214
f 749//749 748//748 1132//1132
f 1194//1194 1177//1177 1292//1292
f 645//645 747//747 1293//1293
f 258//258 1294//1294 251//251
f 1294//1294 258//258 1295//1295
f 1295//1295 258//258 259//259
f 254//254 251//251 1294//1294
f 1294//1294 1296//1296 254//254
f 1296//1296 1294//1294 1295//1295
f 1295//1295 1297//1297 1296//1296
f 1295//1295 259//259 282//282
f 282//282 1298//1298 1295//1295
f 1297//1297 1295//1295 1298//1298
f 614//614 613//613 1299//1299
f 1299//1299 1300//1300 614//614
f 619//619 614//614 1301//1301
f 1301//1301 614//614 1300//1300
f 626//626 619//619 1301//1301
f 1301//1301 1302//1302 626//626
f 625//625 626//626 1302//1302
f 633//633 628//628 1303//1303
f 1207//1207 1092//1092 1304//1304
f 599//599 1305//1305 1285//1285
f 599//599 1285//1285 590//590
f 1208//1208 1207//1207 1305//1305
f 671//671 664//664 1306//1306
f 1306//1306 664//664 1307//1307
f 1215//1215 671//671 1306//1306
f 910//910 901//901 900//900
f 1308//1308 1309//1309 1310//1310
f 1065//1065 1310//1310 165//165
f 165//165 1310//1310 1309//1309
f 162//162 1311//1311 1312//1312
f 802//802 1311//1311 803//803
f 1313//1313 1312//1312 1314//1314
f 1314//1314 1315//1315 1313//1313
f 1314//1314 1311//1311 802//802
f 1315//1315 1314//1314 809//809
f 809//809 1314//1314 802//802
f 1316//1316 1317//1317 1318//1318
f 1318//1318 1317//1317 1319//1319
f 1320//1320 1317//1317 1321//1321
f 1317//1317 1316//1316 1321//1321
f 1316//1316 1322//1322 1321//1321
f 1322//1322 1323//1323 1321//1321
f 1323//1323 1324//1324 1321//1321
f 1324//1324 1320//1320 1321//1321
f 1324//1324 1323//1323 1325//1325
f 1325//1325 1323//1323 1326//1326
f 1325//1325 1326//1326 1327//1327
f 1327//1327 1328//1328 1325//1325
f 480//480 479//479 1329//1329
f 1329//1329 479//479 1330//1330
f 1329//1329 1330//1330 1331//1331
f 1331//1331 1330//1330 1319//1319
f 1331//1331 1319//1319 1332//1332
f 1332//1332 1319//1319 1317//1317
f 1323//1323 1322//1322 1333//1333
f 1317//1317 1320//1320 1332//1332
f 380//380 1326//1326 1333//1333
f 1333//1333 1326//1326 1323//1323
f 380//380 1327//1327 1326//1326
f 847//847 842//842 841//841
f 1315//1315 1334//1334 1313//1313
f 1335//1335 1334//1334 1336//1336
f 1337//1337 1335//1335 1338//1338
f 1338//1338 1335//1335 1336//1336
f 1339//1339 1334//1334 853//853
f 853//853 1334//1334 1315//1315
f 853//853 1315//1315 809//809
f 1340//1340 1339//1339 853//853
f 853//853 855//855 1340//1340
f 1338//1338 1336//1336 1340//1340
f 1340//1340 1336//1336 1339//1339
f 1341//1341 1337//1337 1342//1342
f 1342//1342 1337//1337 1338//1338
f 1343//1343 1341//1341 1344//1344
f 1344//1344 1341//1341 1342//1342
f 1345//1345 1340//1340 855//855
f 855//855 857//857 1345//1345
f 1342//1342 1338//1338 1345//1345
f 1345//1345 1338//1338 1340//1340
f 1346//1346 1345//1345 857//857
f 857//857 859//859 1346//1346
f 1344//1344 1342//1342 1346//1346
f 1346//1346 1342//1342 1345//1345
f 841//841 861//861 847//847
f 1347//1347 1343//1343 1348//1348
f 1348//1348 1343//1343 1344//1344
f 1348//1348 1349//1349 1347//1347
f 1350//1350 1346//1346 859//859
f 859//859 1043//1043 1350//1350
f 1348//1348 1344//1344 1350//1350
f 1350//1350 1344//1344 1346//1346
f 1351//1351 1350//1350 1043//1043
f 1043//1043 1045//1045 1351//1351
f 1352//1352 1349//1349 1351//1351
f 1351//1351 1349//1349 1350//1350
f 1350//1350 1349//1349 1348//1348
f 1353//1353 1351//1351 1047//1047
f 1047//1047 1351//1351 1045//1045
f 1354//1354 1352//1352 1353//1353
f 1353//1353 1352//1352 1351//1351
f 1355//1355 1353//1353 1047//1047
f 1047//1047 1049//1049 1355//1355
f 1356//1356 1354//1354 1353//1353
f 1353//1353 1355//1355 1356//1356
f 1056//1056 1355//1355 1049//1049
f 1357//1357 1356//1356 1056//1056
f 1056//1056 1356//1356 1355//1355
f 1358//1358 1357//1357 1056//1056
f 1056//1056 1057//1057 1358//1358
f 1359//1359 1057//1057 738//738
f 1360//1360 1358//1358 1359//1359
f 1359//1359 1358//1358 1057//1057
f 1061//1061 1359//1359 738//738
f 1361//1361 1360//1360 1061//1061
f 1061//1061 1360//1360 1359//1359
f 1362//1362 1363//1363 1364//1364
f 1365//1365 1362//1362 1366//1366
f 1366//1366 1362//1362 1364//1364
f 1367//1367 1061//1061 1063//1063
f 1364//1364 1363//1363 1367//1367
f 1367//1367 1363//1363 1061//1061
f 1061//1061 1363//1363 1361//1361
f 746//746 1367//1367 744//744
f 744//744 1367//1367 1063//1063
f 1366//1366 1364//1364 1367//1367
f 1367//1367 746//746 1366//1366
f 740//740 745//745 742//742
f 1368//1368 1365//1365 1366//1366
f 1368//1368 1366//1366 745//745
f 1368//1368 745//745 740//740
f 1369//1369 1370//1370 739//739
f 1328//1328 1327//1327 1369//1369
f 1369//1369 1327//1327 1371//1371
f 1369//1369 1371//1371 1370//1370
f 739//739 1370//1370 740//740
f 741//741 740//740 742//742
f 740//740 1370//1370 1371//1371
f 1371//1371 1368//1368 740//740
f 746//746 745//745 1366//1366
f 1372//1372 1349//1349 1352//1352
f 1373//1373 1372//1372 1354//1354
f 1354//1354 1372//1372 1352//1352
f 1374//1374 1373//1373 1356//1356
f 1356//1356 1373//1373 1354//1354
f 1375//1375 1374//1374 1357//1357
f 1357//1357 1374//1374 1356//1356
f 1376//1376 1375//1375 1358//1358
f 1358//1358 1375//1375 1357//1357
f 1377//1377 1376//1376 1358//1358
f 1358//1358 1360//1360 1377//1377
f 1378//1378 1377//1377 1360//1360
f 1360//1360 1361//1361 1378//1378
f 1361//1361 1363//1363 1378//1378
f 1379//1379 1365//1365 1368//1368
f 1379//1379 1371//1371 1327//1327
f 1327//1327 1380//1380 1379//1379
f 1368//1368 1371//1371 1379//1379
f 1381//1381 1320//1320 1382//1382
f 1382//1382 1320//1320 1324//1324
f 1382//1382 1324//1324 1325//1325
f 1325//1325 1383//1383 1382//1382
f 1383//1383 1325//1325 755//755
f 755//755 1325//1325 921//921
f 921//921 1325//1325 1328//1328
f 752//752 1382//1382 1383//1383
f 1384//1384 1329//1329 1331//1331
f 1384//1384 1331//1331 1385//1385
f 1385//1385 1331//1331 1332//1332
f 1385//1385 1332//1332 1381//1381
f 1381//1381 1332//1332 1320//1320
f 1386//1386 1384//1384 1385//1385
f 1386//1386 1385//1385 1387//1387
f 1387//1387 1385//1385 1381//1381
f 739//739 758//758 1369//1369
f 1369//1369 758//758 921//921
f 1369//1369 921//921 1328//1328
f 741//741 758//758 739//739
f 36//36 255//255 1388//1388
f 1388//1388 578//578 36//36
f 578//578 1388//1388 581//581
f 581//581 1388//1388 1389//1389
f 581//581 1389//1389 518//518
f 518//518 1389//1389 1390//1390
f 518//518 1390//1390 519//519
f 1391//1391 519//519 1390//1390
f 1390//1390 1392//1392 1391//1391
f 47//47 1393//1393 45//45
f 45//45 1391//1391 1392//1392
f 47//47 522//522 1393//1393
f 294//294 278//278 295//295
f 297//297 296//296 478//478
f 297//297 478//478 477//477
f 64//64 301//301 1394//1394
f 66//66 64//64 1395//1395
f 1395//1395 64//64 1394//1394
f 68//68 66//66 1396//1396
f 1396//1396 66//66 1395//1395
f 303//303 68//68 1397//1397
f 1397//1397 68//68 1396//1396
f 305//305 303//303 1398//1398
f 1398//1398 303//303 1397//1397
f 307//307 305//305 527//527
f 527//527 305//305 1398//1398
f 218//218 189//189 529//529
f 529//529 189//189 172//172
f 219//219 218//218 529//529
f 220//220 219//219 530//530
f 530//530 531//531 220//220
f 221//221 220//220 531//531
f 323//323 297//297 1399//1399
f 1400//1400 1401//1401 1402//1402
f 335//335 1402//1402 1401//1401
f 335//335 1401//1401 533//533
f 337//337 335//335 533//533
f 337//337 533//533 481//481
f 537//537 337//337 481//481
f 1246//1246 984//984 1403//1403
f 1379//1379 1404//1404 1405//1405
f 1379//1379 1405//1405 1365//1365
f 1406//1406 1405//1405 1407//1407
f 754//754 757//757 756//756
f 1167//1167 1170//1170 1165//1165
f 413//413 1408//1408 695//695
f 695//695 1408//1408 693//693
f 419//419 414//414 763//763
f 704//704 765//765 764//764
f 1409//1409 419//419 766//766
f 422//422 1409//1409 1410//1410
f 1410//1410 1409//1409 766//766
f 767//767 766//766 765//765
f 765//765 704//704 767//767
f 768//768 1410//1410 766//766
f 766//766 767//767 768//768
f 504//504 444//444 1411//1411
f 1411//1411 444//444 1412//1412
f 1413//1413 1414//1414 981//981
f 1411//1411 1412//1412 1413//1413
f 1413//1413 1412//1412 1414//1414
f 1414//1414 1412//1412 1415//1415
f 981//981 1414//1414 799//799
f 799//799 1414//1414 426//426
f 1312//1312 1311//1311 1314//1314
f 162//162 504//504 1311//1311
f 1311//1311 504//504 1411//1411
f 803//803 1311//1311 1413//1413
f 803//803 1413//1413 981//981
f 1413//1413 1311//1311 1411//1411
f 982//982 166//166 990//990
f 990//990 166//166 983//983
f 1246//1246 983//983 984//984
f 982//982 987//987 164//164
f 1246//1246 993//993 989//989
f 1246//1246 989//989 990//990
f 1403//1403 993//993 1246//1246
f 1416//1416 993//993 1403//1403
f 1417//1417 984//984 1418//1418
f 1419//1419 1420//1420 1421//1421
f 931//931 935//935 1422//1422
f 1422//1422 1423//1423 1424//1424
f 478//478 1425//1425 1426//1426
f 1426//1426 1427//1427 478//478
f 1427//1427 1426//1426 524//524
f 524//524 1318//1318 1427//1427
f 1318//1318 1319//1319 1427//1427
f 1318//1318 524//524 526//526
f 526//526 1316//1316 1318//1318
f 1316//1316 526//526 1322//1322
f 751//751 1382//1382 752//752
f 1428//1428 1429//1429 1430//1430
f 1430//1430 1429//1429 928//928
f 1430//1430 928//928 929//929
f 929//929 928//928 926//926
f 1422//1422 1431//1431 1430//1430
f 1422//1422 1430//1430 929//929
f 1422//1422 935//935 1423//1423
f 1424//1424 1428//1428 1431//1431
f 1424//1424 1431//1431 1422//1422
f 1336//1336 1334//1334 1339//1339
f 532//532 531//531 1343//1343
f 1274//1274 311//311 1347//1347
f 1347//1347 311//311 1343//1343
f 1343//1343 311//311 532//532
f 1432//1432 1274//1274 1349//1349
f 1432//1432 1349//1349 1372//1372
f 1349//1349 1274//1274 1347//1347
f 314//314 312//312 1274//1274
f 1274//1274 1432//1432 314//314
f 313//313 300//300 299//299
f 1433//1433 300//300 315//315
f 315//315 300//300 313//313
f 1434//1434 1432//1432 1372//1372
f 1372//1372 1373//1373 1434//1434
f 315//315 314//314 1432//1432
f 1432//1432 1434//1434 315//315
f 1394//1394 1433//1433 315//315
f 315//315 1435//1435 1394//1394
f 1436//1436 1434//1434 1373//1373
f 1373//1373 1374//1374 1436//1436
f 1435//1435 315//315 1434//1434
f 1434//1434 1436//1436 1435//1435
f 1395//1395 1394//1394 1435//1435
f 1435//1435 1437//1437 1395//1395
f 1438//1438 1436//1436 1374//1374
f 1437//1437 1435//1435 1436//1436
f 1436//1436 1438//1438 1437//1437
f 1396//1396 1395//1395 1437//1437
f 1437//1437 1439//1439 1396//1396
f 1439//1439 1437//1437 1438//1438
f 1438//1438 1440//1440 1439//1439
f 1397//1397 1396//1396 1441//1441
f 1441//1441 1396//1396 1439//1439
f 1441//1441 1439//1439 1442//1442
f 1442//1442 1439//1439 1440//1440
f 1398//1398 1397//1397 1443//1443
f 1443//1443 1397//1397 1441//1441
f 1443//1443 1441//1441 1444//1444
f 1444//1444 1441//1441 1442//1442
f 527//527 1398//1398 1445//1445
f 1445//1445 1398//1398 1443//1443
f 1445//1445 1443//1443 1446//1446
f 1446//1446 1443//1443 1444//1444
f 528//528 527//527 1445//1445
f 1445//1445 1407//1407 528//528
f 1407//1407 1445//1445 1406//1406
f 1406//1406 1445//1445 1446//1446
f 1449//1449 1448//1448 1447//1447
f 1449//1449 1450//1450 1451//1451
f 1449//1449 759//759 1450//1450
f 1451//1451 1450//1450 1452//1452
f 1452//1452 1453//1453 1451//1451
f 1452//1452 1450//1450 759//759
f 759//759 760//760 1452//1452
f 1454//1454 1455//1455 1456//1456
f 1456//1456 1310//1310 1454//1454
f 1455//1455 1454//1454 1457//1457
f 1065//1065 1454//1454 1310//1310
f 1197//1197 1457//1457 1454//1454
f 428//428 427//427 813//813
f 430//430 816//816 813//813
f 1458//1458 1459//1459 1247//1247
f 1247//1247 1459//1459 1248//1248
f 1248//1248 1459//1459 432//432
f 432//432 1459//1459 449//449
f 344//344 1248//1248 432//432
f 344//344 343//343 1460//1460
f 344//344 1460//1460 1247//1247
f 1460//1460 343//343 433//433
f 583//583 518//518 520//520
f 520//520 519//519 611//611
f 611//611 519//519 1391//1391
f 45//45 1393//1393 1391//1391
f 611//611 1391//1391 1393//1393
f 1393//1393 1461//1461 611//611
f 583//583 520//520 611//611
f 1462//1462 1393//1393 522//522
f 1306//1306 1307//1307 1463//1463
f 1464//1464 1465//1465 1466//1466
f 1465//1465 1464//1464 1467//1467
f 1467//1467 1468//1468 1465//1465
f 1215//1215 1306//1306 1216//1216
f 1216//1216 1306//1306 1463//1463
f 277//277 585//585 584//584
f 277//277 584//584 278//278
f 278//278 584//584 586//586
f 278//278 586//586 295//295
f 1469//1469 1470//1470 660//660
f 1471//1471 1472//1472 1470//1470
f 1471//1471 1470//1470 1469//1469
f 1471//1471 1469//1469 1473//1473
f 661//661 660//660 1470//1470
f 1470//1470 1474//1474 661//661
f 1474//1474 1470//1470 1472//1472
f 1472//1472 1420//1420 1474//1474
f 1223//1223 1472//1472 1471//1471
f 1225//1225 1475//1475 1223//1223
f 1223//1223 1475//1475 1472//1472
f 1472//1472 1475//1475 1420//1420
f 1476//1476 1477//1477 1475//1475
f 1475//1475 1225//1225 1476//1476
f 664//664 661//661 1474//1474
f 1474//1474 1307//1307 664//664
f 1307//1307 1474//1474 1420//1420
f 1420//1420 1419//1419 1307//1307
f 1463//1463 1307//1307 1419//1419
f 1421//1421 1420//1420 1475//1475
f 1421//1421 1475//1475 1477//1477
f 1463//1463 1419//1419 1421//1421
f 1473//1473 1478//1478 1471//1471
f 1471//1471 1478//1478 1479//1479
f 1471//1471 1479//1479 1223//1223
f 1223//1223 1479//1479 1224//1224
f 1224//1224 1479//1479 1480//1480
f 1225//1225 1224//1224 1480//1480
f 1480//1480 1476//1476 1225//1225
f 1481//1481 1482//1482 1476//1476
f 1476//1476 1482//1482 1477//1477
f 1483//1483 1484//1484 1485//1485
f 1483//1483 1485//1485 1482//1482
f 1483//1483 1482//1482 1481//1481
f 1486//1486 1477//1477 1464//1464
f 1464//1464 1477//1477 1482//1482
f 1464//1464 1482//1482 1467//1467
f 1467//1467 1482//1482 1485//1485
f 1466//1466 1486//1486 1464//1464
f 1487//1487 1467//1467 1485//1485
f 1488//1488 1468//1468 1467//1467
f 1467//1467 1487//1487 1488//1488
f 1476//1476 1480//1480 1481//1481
f 1481//1481 1480//1480 1489//1489
f 1487//1487 1490//1490 1491//1491
f 1491//1491 1488//1488 1487//1487
f 1216//1216 1463//1463 1492//1492
f 1492//1492 1217//1217 1216//1216
f 1218//1218 1492//1492 1466//1466
f 1493//1493 1494//1494 1220//1220
f 1493//1493 1220//1220 1488//1488
f 1488//1488 1220//1220 1468//1468
f 1226//1226 1494//1494 1493//1493
f 1169//1169 1220//1220 1494//1494
f 1494//1494 935//935 1169//1169
f 488//488 1423//1423 1226//1226
f 1226//1226 1423//1423 935//935
f 1226//1226 935//935 1494//1494
f 1488//1488 1491//1491 1493//1493
f 1493//1493 1491//1491 1495//1495
f 1493//1493 1495//1495 1226//1226
f 1226//1226 1495//1495 489//489
f 490//490 1423//1423 488//488
f 490//490 489//489 1495//1495
f 1449//1449 1497//1497 1448//1448
f 1447//1447 684//684 1449//1449
f 1449//1449 684//684 759//759
f 411//411 1498//1498 1408//1408
f 1408//1408 413//413 411//411
f 1408//1408 760//760 689//689
f 689//689 693//693 1408//1408
f 412//412 413//413 695//695
f 695//695 761//761 412//412
f 761//761 763//763 414//414
f 414//414 412//412 761//761
f 418//418 419//419 438//438
f 438//438 419//419 1409//1409
f 438//438 1409//1409 422//422
f 422//422 1410//1410 420//420
f 420//420 1410//1410 501//501
f 501//501 1410//1410 776//776
f 1172//1172 502//502 501//501
f 768//768 776//776 1410//1410
f 773//773 1172//1172 770//770
f 502//502 1172//1172 439//439
f 773//773 774//774 777//777
f 777//777 775//775 1499//1499
f 1499//1499 775//775 1500//1500
f 1499//1499 1500//1500 1501//1501
f 1501//1501 1500//1500 1502//1502
f 439//439 1172//1172 1503//1503
f 439//439 1503//1503 1504//1504
f 1503//1503 1172//1172 777//777
f 777//777 1172//1172 773//773
f 1499//1499 1503//1503 777//777
f 1504//1504 1503//1503 1505//1505
f 1505//1505 1503//1503 1506//1506
f 1501//1501 1506//1506 1499//1499
f 1499//1499 1506//1506 1503//1503
f 149//149 440//440 1505//1505
f 149//149 1505//1505 150//150
f 1505//1505 440//440 1504//1504
f 1176//1176 1199//1199 1507//1507
f 1176//1176 1507//1507 1174//1174
f 1174//1174 1507//1507 1508//1508
f 1242//1242 1191//1191 1240//1240
f 1501//1501 1502//1502 447//447
f 1505//1505 1506//1506 442//442
f 442//442 1506//1506 447//447
f 442//442 447//447 443//443
f 443//443 447//447 446//446
f 447//447 1506//1506 1501//1501
f 443//443 446//446 1509//1509
f 1064//1064 1454//1454 1065//1065
f 1454//1454 1064//1064 1197//1197
f 444//444 443//443 1412//1412
f 1412//1412 443//443 1510//1510
f 1510//1510 443//443 1509//1509
f 426//426 1414//1414 1415//1415
f 813//813 427//427 430//430
f 430//430 427//427 1460//1460
f 430//430 1460//1460 433//433
f 813//813 816//816 812//812
f 447//447 1507//1507 1511//1511
f 447//447 1511//1511 445//445
f 1511//1511 1507//1507 1198//1198
f 1198//1198 1507//1507 1199//1199
f 445//445 1511//1511 1512//1512
f 1512//1512 1511//1511 1513//1513
f 1513//1513 1511//1511 1200//1200
f 1200//1200 1511//1511 1198//1198
f 1509//1509 446//446 445//445
f 1509//1509 445//445 1512//1512
f 1509//1509 1512//1512 1514//1514
f 1514//1514 1512//1512 1515//1515
f 1513//1513 1515//1515 1512//1512
f 1513//1513 1200//1200 576//576
f 576//576 449//449 1459//1459
f 576//576 1459//1459 1513//1513
f 1514//1514 1510//1510 1509//1509
f 1247//1247 1460//1460 1458//1458
f 174//174 173//173 177//177
f 822//822 174//174 178//178
f 178//178 824//824 822//822
f 824//824 178//178 434//434
f 434//434 825//825 824//824
f 35//35 39//39 38//38
f 295//295 586//586 612//612
f 295//295 612//612 296//296
f 296//296 612//612 1425//1425
f 1425//1425 478//478 296//296
f 128//128 134//134 129//129
f 141//141 134//134 128//128
f 1468//1468 1220//1220 1516//1516
f 663//663 669//669 662//662
f 76//76 74//74 1483//1483
f 893//893 905//905 892//892
f 1380//1380 1404//1404 1379//1379
f 1480//1480 1479//1479 77//77
f 1484//1484 1483//1483 74//74
f 1517//1517 1485//1485 1484//1484
f 1517//1517 334//334 78//78
f 1485//1485 1518//1518 1487//1487
f 1480//1480 77//77 76//76
f 76//76 1489//1489 1480//1480
f 1483//1483 1489//1489 76//76
f 1518//1518 1519//1519 1490//1490
f 1490//1490 1487//1487 1518//1518
f 536//536 1520//1520 78//78
f 78//78 1520//1520 1490//1490
f 78//78 1490//1490 1519//1519
f 1491//1491 1490//1490 1520//1520
f 1520//1520 1495//1495 1491//1491
f 1402//1402 1399//1399 1521//1521
f 484//484 485//485 1522//1522
f 1522//1522 490//490 484//484
f 1523//1523 1522//1522 1524//1524
f 1495//1495 484//484 490//490
f 82//82 381//381 1525//1525
f 1525//1525 381//381 1496//1496
f 1525//1525 1496//1496 1497//1497
f 1497//1497 1526//1526 1525//1525
f 94//94 82//82 1525//1525
f 94//94 1525//1525 1526//1526
f 1526//1526 1527//1527 94//94
f 1451//1451 1526//1526 1449//1449
f 1449//1449 1526//1526 1497//1497
f 1453//1453 1527//1527 1526//1526
f 1526//1526 1451//1451 1453//1453
f 95//95 94//94 1528//1528
f 1528//1528 94//94 1527//1527
f 1528//1528 1527//1527 1453//1453
f 95//95 96//96 90//90
f 1528//1528 1529//1529 95//95
f 95//95 1529//1529 96//96
f 1453//1453 1452//1452 1528//1528
f 1528//1528 1452//1452 1498//1498
f 1528//1528 1498//1498 1529//1529
f 1498//1498 1452//1452 760//760
f 760//760 1408//1408 1498//1498
f 1504//1504 440//440 439//439
f 1457//1457 1530//1530 1455//1455
f 430//430 433//433 429//429
f 177//177 343//343 167//167
f 176//176 178//178 177//177
f 35//35 38//38 33//33
f 301//301 300//300 1433//1433
f 1531//1531 292//292 302//302
f 172//172 189//189 171//171
f 326//326 323//323 1399//1399
f 78//78 80//80 536//536
f 326//326 1399//1399 1402//1402
f 335//335 326//326 1402//1402
f 338//338 80//80 79//79
f 339//339 337//337 537//537
f 536//536 338//338 340//340
f 340//340 338//338 339//339
f 1403//1403 1417//1417 1416//1416
f 1481//1481 1489//1489 1483//1483
f 716//716 717//717 778//778
f 425//425 424//424 1173//1173
f 425//425 1173//1173 1174//1174
f 425//425 1508//1508 775//775
f 425//425 775//775 423//423
f 775//775 1508//1508 1500//1500
f 1174//1174 1508//1508 425//425
f 1502//1502 1500//1500 1507//1507
f 1507//1507 1500//1500 1508//1508
f 150//150 1505//1505 442//442
f 1412//1412 1510//1510 1532//1532
f 1532//1532 1415//1415 1412//1412
f 1415//1415 1532//1532 1460//1460
f 1415//1415 1460//1460 426//426
f 426//426 1460//1460 427//427
f 1403//1403 984//984 1417//1417
f 1418//1418 984//984 994//994
f 1418//1418 994//994 817//817
f 1416//1416 1417//1417 1418//1418
f 447//447 1502//1502 1507//1507
f 1514//1514 1515//1515 1459//1459
f 1459//1459 1458//1458 1514//1514
f 1513//1513 1459//1459 1515//1515
f 1458//1458 1532//1532 1514//1514
f 1514//1514 1532//1532 1510//1510
f 1458//1458 1460//1460 1532//1532
f 529//529 172//172 1335//1335
f 530//530 529//529 1335//1335
f 1335//1335 1337//1337 530//530
f 531//531 530//530 1341//1341
f 1341//1341 530//530 1337//1337
f 1343//1343 531//531 1341//1341
f 1374//1374 1375//1375 1438//1438
f 1440//1440 1438//1438 1375//1375
f 1375//1375 1376//1376 1440//1440
f 1442//1442 1440//1440 1376//1376
f 1376//1376 1377//1377 1442//1442
f 1444//1444 1442//1442 1377//1377
f 1377//1377 1378//1378 1444//1444
f 1446//1446 1444//1444 1363//1363
f 1446//1446 1363//1363 1362//1362
f 1363//1363 1444//1444 1378//1378
f 1406//1406 1446//1446 1365//1365
f 1365//1365 1446//1446 1362//1362
f 1407//1407 1405//1405 528//528
f 528//528 1405//1405 1404//1404
f 74//74 75//75 1484//1484
f 75//75 334//334 1484//1484
f 1518//1518 1485//1485 1517//1517
f 1517//1517 1484//1484 334//334
f 1517//1517 1519//1519 1518//1518
f 78//78 1519//1519 1517//1517
f 481//481 533//533 535//535
f 481//481 535//535 482//482
f 537//537 481//481 483//483
f 483//483 486//486 537//537
f 340//340 341//341 484//484
f 341//341 537//537 486//486
f 340//340 1520//1520 536//536
f 484//484 1495//1495 340//340
f 340//340 1495//1495 1520//1520
f 486//486 487//487 1533//1533
f 486//486 1533//1533 1524//1524
f 1524//1524 1522//1522 486//486
f 486//486 1522//1522 485//485
f 959//959 962//962 964//964
f 172//172 163//163 1534//1534
f 380//380 309//309 1404//1404
f 380//380 1404//1404 1380//1380
f 528//528 1404//1404 309//309
f 1380//1380 1327//1327 380//380
f 1335//1335 1534//1534 1334//1334
f 864//864 872//872 863//863
f 1335//1335 172//172 1534//1534
f 1365//1365 1405//1405 1406//1406
f 755//755 752//752 1383//1383
f 1402//1402 1521//1521 1400//1400
f 1401//1401 1400//1400 1535//1535
f 533//533 1401//1401 534//534
f 482//482 534//534 1401//1401
f 482//482 1401//1401 1535//1535
f 482//482 1535//1535 1536//1536
f 535//535 534//534 482//482
f 1536//1536 1537//1537 482//482
f 483//483 482//482 1537//1537
f 1536//1536 1535//1535 1538//1538
f 487//487 1537//1537 1538//1538
f 1538//1538 1537//1537 1536//1536
f 483//483 1537//1537 487//487
f 490//490 1522//1522 1423//1423
f 1534//1534 163//163 162//162
f 1534//1534 162//162 1312//1312
f 1534//1534 1312//1312 1313//1313
f 164//164 1065//1065 165//165
f 612//612 611//611 1461//1461
f 1461//1461 1425//1425 612//612
f 1461//1461 1393//1393 1462//1462
f 1462//1462 522//522 521//521
f 1425//1425 1461//1461 1462//1462
f 1462//1462 1426//1426 1425//1425
f 1426//1426 1462//1462 521//521
f 521//521 524//524 1426//1426
f 1427//1427 1330//1330 478//478
f 478//478 1330//1330 479//479
f 1427//1427 1319//1319 1330//1330
f 1539//1539 1540//1540 526//526
f 1322//1322 526//526 1540//1540
f 1531//1531 1541//1541 1540//1540
f 1322//1322 1540//1540 1333//1333
f 1333//1333 1540//1540 1541//1541
f 1333//1333 1541//1541 380//380
f 380//380 1541//1541 308//308
f 1334//1334 1534//1534 1313//1313
f 1399//1399 297//297 477//477
f 1387//1387 1381//1381 1542//1542
f 1542//1542 1381//1381 1382//1382
f 1542//1542 1382//1382 751//751
f 1429//1429 1387//1387 1542//1542
f 1542//1542 928//928 1429//1429
f 928//928 1542//1542 751//751
f 1477//1477 1486//1486 1421//1421
f 1421//1421 1492//1492 1463//1463
f 1492//1492 1421//1421 1466//1466
f 1466//1466 1421//1421 1486//1486
f 1217//1217 1492//1492 1218//1218
f 1430//1430 1431//1431 1428//1428
f 1422//1422 929//929 931//931
f 1399//1399 477//477 1521//1521
f 1521//1521 477//477 480//480
f 1521//1521 480//480 1329//1329
f 1329//1329 1400//1400 1521//1521
f 1400//1400 1329//1329 1384//1384
f 1535//1535 1400//1400 1384//1384
f 1535//1535 1384//1384 1386//1386
f 1538//1538 1535//1535 1386//1386
f 1538//1538 1386//1386 1429//1429
f 1429//1429 1386//1386 1387//1387
f 487//487 1538//1538 1543//1543
f 1543//1543 1538//1538 1429//1429
f 1429//1429 1428//1428 1543//1543
f 1543//1543 1533//1533 487//487
f 1523//1523 1533//1533 1424//1424
f 1424//1424 1533//1533 1428//1428
f 1428//1428 1533//1533 1543//1543
f 1524//1524 1533//1533 1523//1523
f 1423//1423 1522//1522 1424//1424
f 1424//1424 1522//1522 1523//1523
f 921//921 758//758 757//757
f 41//41 39//39 585//585
f 41//41 585//585 277//277
f 610//610 729//729 608//608
f 52//52 522//522 47//47
f 53//53 523//523 52//52
f 52//52 523//523 522//522
f 61//61 523//523 53//53
f 521//521 523//523 61//61
f 521//521 61//61 62//62
f 521//521 62//62 525//525
f 525//525 62//62 1539//1539
f 1539//1539 62//62 292//292
f 526//526 525//525 1539//1539
f 1394//1394 301//301 1433//1433
f 1539//1539 292//292 1531//1531
f 1540//1540 1539//1539 1531//1531
f 1531//1531 302//302 304//304
f 304//304 306//306 1531//1531
f 1541//1541 1531//1531 308//308
f 308//308 1531//1531 306//306
f 1218//1218 1466//1466 1516//1516
f 1516//1516 1466//1466 1465//1465
f 1219//1219 1218//1218 1516//1516
f 1219//1219 1516//1516 1220//1220
