# Created by Open3D 
# object name: cluster24
# number of vertices: 1671
# number of triangles: 3000
v -2.1164 -4.5845 -0.60798
vn 0.52673 0.809964 0.2579
v -2.1294 -4.5675 -0.63068
vn 0.501244 0.804645 0.318279
v -2.1294 -4.5766 -0.60798
vn 0.525556 0.821833 0.219956
v -2.1294 -4.5886 -0.56257
vn 0.622315 0.720086 0.306921
v -2.1294 -4.5845 -0.57219
vn 0.594288 0.755401 0.276029
v -2.1235 -4.5845 -0.58527
vn 0.595489 0.781981 0.184115
v -2.1174 -4.6527 -0.19929
vn 0.879309 0.472797 0.0572629
v -2.1294 -4.5932 -0.53986
vn 0.682817 0.716048 0.14504
v -2.1174 -4.5164 -0.47175
vn 0.966243 -0.250631 -0.059654
v -2.1294 -4.5243 -0.49445
vn 0.709626 -0.691637 -0.134426
v -2.1217 -4.5164 -0.49445
vn 0.884094 -0.436268 -0.167476
v -2.1151 -4.5164 -0.44904
vn 0.968205 -0.230137 -0.098058
v -2.1294 -4.5391 -0.46295
vn 0.866212 -0.491915 -0.0877283
v -2.1143 -4.4937 -0.49445
vn 0.972093 -0.218402 -0.0856509
v -2.1146 -4.4937 -0.47175
vn 0.990491 -0.122175 0.0632528
v -2.1172 -4.4937 -0.44904
vn 0.990876 0.0942595 0.0963343
v -2.136 -4.3121 -0.38093
vn 0.96831 0.247412 0.0341185
v -2.1366 -4.3121 -0.40363
vn 0.962037 0.255652 -0.0955287
v -2.14495 -4.27805 -0.38093
vn 0.964371 0.262794 0.0304755
v -2.1483 -4.2667 -0.40363
vn 0.969227 0.2418 -0.0461701
v -2.1382 -4.3121 -0.35822
vn 0.972277 0.217016 0.0870679
v -2.1429 -4.2894 -0.35822
vn 0.969585 0.23151 0.079427
v -2.141 -4.3121 -0.33552
vn 0.978714 0.176946 0.10397
v -2.1453 -4.2894 -0.33552
vn 0.969964 0.195132 0.145239
v -2.1593 -4.244 -0.33552
vn 0.956307 0.268249 0.116275
v -2.1538 -4.244 -0.38093
vn 0.974369 0.204892 0.0928698
v -2.1459 -4.3348 -0.2674
vn 0.914118 0.385281 0.126279
v -2.1487 -4.3348 -0.2447
vn 0.919266 0.385682 0.0787382
v -2.1382 -4.3575 -0.2447
vn 0.902748 0.417563 0.103374
v -2.1445 -4.3121 -0.31281
vn 0.95059 0.2429 0.193333
v -2.139 -4.3348 -0.31281
vn 0.962325 0.233167 0.13987
v -2.1496 -4.2894 -0.31281
vn 0.940694 0.263526 0.213655
v -2.1421 -4.3348 -0.29011
vn 0.937777 0.299674 0.175411
v -2.1548 -4.3121 -0.2674
vn 0.916106 0.353531 0.189119
v -2.1406 -4.3575 -0.22199
vn 0.925934 0.368471 0.0829146
v -2.1505 -4.33095 -0.22199
vn 0.935043 0.353458 0.0276024
v -2.1441 -4.3575 -0.19929
vn 0.975664 0.19984 0.0902394
v -2.1492 -4.3348 -0.19929
vn 0.962932 0.268008 0.0305516
v -2.1478 -4.3802 -0.17658
vn 0.9884 -0.133779 0.0718891
v -2.1521 -4.3936 -0.15387
vn 0.948937 -0.297491 0.104965
v -2.144 -4.3802 -0.19929
vn 0.990703 -0.0283705 0.133052
v -2.1464 -4.3575 -0.17658
vn 0.994996 0.0262987 0.0963892
v -2.1468 -4.3575 -0.15387
vn 0.996002 -0.081173 0.0372824
v -2.1442 -4.6072 -0.15387
vn 0.799648 0.597112 0.063402
v -2.1521 -4.5994 -0.13117
vn 0.791993 0.605403 0.0789574
v -2.1294 -4.6299 -0.13027
vn 0.815334 0.571691 0.091646
v -2.1521 -4.6073 -0.0867155
vn 0.850989 0.52048 0.0701246
v -2.1652 -4.5618 -0.13117
vn 0.989513 0.143849 -0.0130685
v -2.1649 -4.5618 -0.10846
vn 0.989513 0.143849 -0.0130685
v -2.1616 -4.5845 -0.10846
vn 0.989513 0.143849 -0.0130685
v -2.1662 -4.5391 -0.10846
vn 0.997949 0.0615477 0.0175871
v -2.1666 -4.5391 -0.085759
vn 0.993125 0.115835 -0.0168854
v -2.1654 -4.5618 -0.063054
vn 0.997195 0.0741156 -0.0103935
v -2.1692 -4.4256 -0.13117
vn 0.969902 -0.235003 0.0637435
v -2.17475 -4.4483 -0.13041
vn 0.969902 -0.235003 0.0637435
v -2.15188 -4.38225 -0.130148
vn 0.968569 -0.203467 0.143093
v -2.1577 -4.5391 -0.56257
vn 0.900058 -0.434508 -0.033148
v -2.1572 -4.5391 -0.58527
vn 0.900376 -0.434662 0.0198306
v -2.1521 -4.5275 -0.56257
vn 0.769596 -0.630585 -0.100423
v -2.1442 -4.5164 -0.58527
vn 0.642552 -0.75252 -0.144362
v -2.1391 -4.5164 -0.56257
vn 0.64233 -0.75226 -0.146686
v -2.1409 -4.5845 -0.53986
vn 0.696701 0.691545 0.190716
v -2.1521 -4.572 -0.53986
vn 0.774819 0.602546 0.191295
v -2.1521 -4.5618 -0.56693
vn 0.801641 0.551473 0.230756
v -2.1521 -4.5778 -0.51716
vn 0.813018 0.557192 0.168936
v -2.1616 -4.5618 -0.51716
vn 0.993254 0.0157953 0.11488
v -2.1581 -4.5618 -0.53986
vn 0.99874 -0.0233537 0.0444235
v -2.1459 -4.5845 -0.51716
vn 0.718833 0.665193 0.201984
v -2.1521 -4.532 -0.53986
vn 0.772998 -0.622541 -0.122134
v -2.1549 -4.5391 -0.51716
vn 0.969061 -0.243837 -0.0382692
v -2.1575 -4.5391 -0.53986
vn 0.958928 -0.258846 -0.116
v -2.1521 -4.5391 -0.50223
vn 0.839715 -0.541343 -0.0427269
v -2.1658 -4.5618 -0.49445
vn 0.973409 0.128527 0.189621
v -2.1521 -4.5845 -0.5
vn 0.828172 0.522089 0.203847
v -2.1157 -4.5391 -0.35822
vn 0.924722 0.325575 0.197204
v -2.1444 -4.5845 -0.2447
vn 0.877549 0.401073 0.262769
v -2.1512 -4.5845 -0.22199
vn 0.930758 0.327231 0.163125
v -2.1404 -4.6072 -0.22199
vn 0.886851 0.417721 0.197498
v -2.152 -4.5618 -0.24431
vn 0.949786 0.206633 0.234965
v -2.1572 -4.5618 -0.22199
vn 0.960708 0.240171 0.139134
v -2.1536 -4.5845 -0.19929
vn 0.950252 0.307916 0.047002
v -2.1443 -4.6072 -0.19929
vn 0.912235 0.402553 0.0760178
v -2.1589 -4.5618 -0.19929
vn 0.977382 0.201037 0.065634
v -2.159 -4.5391 -0.22199
vn 0.984596 0.125781 0.121447
v -2.1618 -4.5391 -0.19929
vn 0.990626 0.0729535 0.115487
v -2.1598 -4.5164 -0.22199
vn 0.990435 0.0436382 0.130895
v -2.153 -4.58725 -0.17658
vn 0.946162 0.320956 0.0420093
v -2.1445 -4.6072 -0.17658
vn 0.914656 0.404154 0.00805642
v -2.1601 -4.5618 -0.17658
vn 0.972974 0.210028 0.0959708
v -2.1599 -4.5845 -0.13117
vn 0.963791 0.24903 0.0953497
v -2.1647 -4.5391 -0.17658
vn 0.981952 0.147078 0.118908
v -2.1633 -4.5618 -0.15387
vn 0.978866 0.180031 0.097001
v -2.1667 -4.5391 -0.15387
vn 0.990797 0.122214 0.0581873
v -2.1611 -4.4937 -0.22199
vn 0.994562 0.0262821 0.100772
v -2.16515 -4.4937 -0.187935
vn 0.98943 0.0350728 0.140708
v -2.1662 -4.5164 -0.17658
vn 0.990924 0.0305572 0.130902
v -2.1631 -4.471 -0.19929
vn 0.969761 -0.071199 0.233439
v -2.1677 -4.471 -0.17658
vn 0.980374 -0.00143813 0.197142
v -2.1696 -4.50505 -0.15387
vn 0.986968 0.0576027 0.150251
v -2.1721 -4.471 -0.15387
vn 0.981294 0.0302599 0.190124
v -2.1661 -4.4483 -0.17658
vn 0.959787 -0.135302 0.245971
v -2.1589 -4.4483 -0.19929
vn 0.926255 -0.199943 0.319491
v -2.1618 -4.4256 -0.17658
vn 0.934992 -0.269339 0.230751
v -2.1521 -4.42455 -0.19985
vn 0.911211 -0.256074 0.322679
v -2.1719 -4.4483 -0.15387
vn 0.97497 -0.038656 0.21895
v -2.1661 -4.4256 -0.15387
vn 0.940326 -0.289974 0.17805
v -2.1521 -4.40125 -0.17911
vn 0.944108 -0.280041 0.17389
v -2.1668 -4.5391 -0.13117
vn 0.995314 0.0955158 0.0150511
v -2.1289 -4.4483 -0.63068
vn 0.993154 0.11681 0.000991413
v -2.1332 -4.4256 -0.63068
vn 0.979088 0.201152 -0.0304192
v -2.1287 -4.4483 -0.60798
vn 0.993329 0.115304 0.00174171
v -2.1331 -4.4256 -0.60798
vn 0.988007 0.148634 0.0418331
v -2.1288 -4.471 -0.63068
vn 0.997793 -0.0636619 0.0188718
v -2.1278 -4.471 -0.60798
vn 0.99393 0.0888315 -0.0649052
v -2.1485 -4.5618 -0.58527
vn 0.698499 0.692242 0.181382
v -2.1244 -4.4937 -0.56257
vn 0.985958 0.165723 -0.0205531
v -2.1269 -4.4937 -0.58527
vn 0.999961 5.25135e-06 0.00880644
v -2.1271 -4.471 -0.56257
vn 0.995715 0.0648647 0.0659138
v -2.1242 -4.471 -0.58527
vn 0.989879 0.133047 0.0493856
v -2.1298 -4.4495 -0.58527
vn 0.949339 0.251542 0.188369
v -2.1294 -4.4483 -0.59367
vn 0.984567 0.174575 0.0122696
v -2.135 -4.4256 -0.58527
vn 0.982573 0.127566 0.135195
v -2.1294 -4.471 -0.55522
vn 0.934207 0.314435 0.16849
v -2.136 -4.4483 -0.56257
vn 0.940805 0.240476 0.238868
v -2.1393 -4.4256 -0.56257
vn 0.982197 0.0370831 0.184155
v -2.13065 -4.4727 -0.53986
vn 0.917811 0.397018 0
v -2.1294 -4.471 -0.52338
vn 0.870076 0.406829 -0.278314
v -2.1235 -4.4937 -0.53986
vn 0.949932 0.302737 -0.0773237
v -2.1185 -4.4937 -0.51716
vn 0.969179 0.0749222 -0.234688
v -2.1424 -4.4483 -0.53986
vn 0.965261 0.2528 0.0660475
v -2.1438 -4.4256 -0.53986
vn 0.996246 -0.0131685 0.0855577
v -2.1398 -4.4483 -0.51716
vn 0.917018 0.30475 -0.257304
v -2.1432 -4.4256 -0.51716
vn 0.991697 0.0174749 -0.127401
v -2.1351 -4.4029 -0.60798
vn 0.99815 0.0461626 0.0395625
v -2.136 -4.4029 -0.58527
vn 0.99367 6.43673e-07 0.112338
v -2.1352 -4.3802 -0.58527
vn 0.994297 -0.0350362 0.100723
v -2.1388 -4.4029 -0.56257
vn 0.99362 -0.0236401 0.110275
v -2.1389 -4.3802 -0.56257
vn 0.995514 0.0164566 0.0931707
v -2.1418 -4.4029 -0.53986
vn 0.995098 -0.0745225 0.0650099
v -2.1399 -4.3802 -0.53986
vn 0.999876 -0.00754207 0.0138394
v -2.1413 -4.4029 -0.51716
vn 0.986128 -0.0861568 -0.141877
v -2.1385 -4.3802 -0.51716
vn 0.994611 0.00939226 -0.103255
v -2.141 -4.3575 -0.56257
vn 0.996156 0.0811855 0.0328958
v -2.1415 -4.3575 -0.53986
vn 0.995335 0.086817 -0.0420885
v -2.1385 -4.3575 -0.49445
vn 0.988856 0.125747 -0.0796962
v -2.14245 -4.3348 -0.505805
vn 0.989654 0.139439 -0.0337802
v -2.1438 -4.3348 -0.53986
vn 0.997644 0.0680492 -0.00871336
v -2.1451 -4.3121 -0.51716
vn 0.995298 0.0964668 -0.00876866
v -2.1294 -4.5164 -0.52414
vn 0.857425 -0.485787 -0.169804
v -2.1196 -4.471 -0.49445
vn 0.931111 0.315516 -0.182979
v -2.1187 -4.471 -0.47175
vn 0.975248 0.215528 0.049393
v -2.1294 -4.4483 -0.49411
vn 0.885195 0.312039 -0.345052
v -2.1366 -4.4256 -0.49445
vn 0.942888 0.0843313 -0.32226
v -2.12905 -4.4256 -0.47383
vn 0.984415 0.109558 -0.137567
v -2.1248 -4.4483 -0.47175
vn 0.969457 0.243084 -0.0326146
v -2.1216 -4.471 -0.44904
vn 0.965046 0.208174 0.159213
v -2.1169 -4.5164 -0.42634
vn 0.962865 0.195121 0.186599
v -2.12805 -4.471 -0.419485
vn 0.961387 0.194084 0.195106
v -2.1264 -4.4483 -0.44904
vn 0.980237 0.127585 0.15119
v -2.1326 -4.4256 -0.42634
vn 0.98178 0.0211719 0.18884
v -2.1289 -4.4256 -0.44904
vn 0.997416 -0.00623812 0.0715654
v -2.1294 -4.51755 -0.3362
vn 0.891731 0.261662 0.369254
v -2.1214 -4.5164 -0.40363
vn 0.971176 0.217152 0.0982973
v -2.1228 -4.5164 -0.35822
vn 0.95363 0.262674 0.146942
v -2.123 -4.5391 -0.33552
vn 0.889935 0.25997 0.374741
v -2.1311 -4.471 -0.40363
vn 0.963476 0.239165 0.120479
v -2.1282 -4.48925 -0.38093
vn 0.959811 0.265407 0.0912235
v -2.1337 -4.471 -0.38093
vn 0.961361 0.238933 0.136729
v -2.1254 -4.4937 -0.40363
vn 0.96507 0.20291 0.165734
v -2.1354 -4.4483 -0.40363
vn 0.97165 0.16858 0.165759
v -2.1391 -4.4483 -0.38093
vn 0.96053 0.228501 0.158647
v -2.1375 -4.471 -0.35822
vn 0.936283 0.259503 0.236713
v -2.1372 -4.4937 -0.33552
vn 0.850923 0.274456 0.447888
v -2.1448 -4.471 -0.33552
vn 0.9169 0.206894 0.341305
v -2.1294 -4.4937 -0.35711
vn 0.941192 0.276162 0.19466
v -2.1429 -4.4483 -0.35822
vn 0.951538 0.173959 0.253603
v -2.1477 -4.4483 -0.33552
vn 0.950476 0.12143 0.286094
v -2.1228 -4.5845 -0.31281
vn 0.888644 0.277955 0.364764
v -2.13195 -4.5391 -0.317835
vn 0.867615 0.267763 0.418984
v -2.1439 -4.5164 -0.31281
vn 0.854883 0.299237 0.423831
v -2.1383 -4.5618 -0.29011
vn 0.909295 0.256582 0.327639
v -2.1441 -4.5391 -0.29011
vn 0.906225 0.27269 0.323105
v -2.15215 -4.5164 -0.290255
vn 0.940794 0.269429 0.205704
v -2.1176 -4.5618 -0.33552
vn 0.874244 0.21046 0.437498
v -2.1452 -4.5618 -0.2674
vn 0.923442 0.268249 0.274405
v -2.1369 -4.5845 -0.2674
vn 0.900114 0.329122 0.285436
v -2.1521 -4.53605 -0.263755
vn 0.958691 0.195325 0.206786
v -2.1561 -4.5164 -0.2674
vn 0.967191 0.225839 0.116351
v -2.158 -4.5164 -0.2447
vn 0.981911 0.131312 0.13641
v -2.1518 -4.4909 -0.312125
vn 0.86796 0.247761 0.430419
v -2.15325 -4.471 -0.315415
vn 0.948085 0.0120794 0.317787
v -2.1586 -4.4937 -0.29011
vn 0.963967 0.233565 0.127341
v -2.1607 -4.4937 -0.2674
vn 0.990242 0.133057 0.0414338
v -2.1606 -4.4937 -0.2447
vn 0.99974 0.022754 0.00146622
v -2.1611 -4.471 -0.2674
vn 0.978376 -0.193211 -0.0738165
v -2.1587 -4.471 -0.2447
vn 0.983666 -0.178406 -0.0239459
v -2.1501 -4.4483 -0.2447
vn 0.951103 -0.308669 -0.0112815
v -2.1521 -4.44805 -0.267
vn 0.954419 -0.288686 -0.0757944
v -2.1442 -4.4256 -0.2447
vn 0.980049 -0.196379 0.0306511
v -2.1594 -4.471 -0.22199
vn 0.96899 -0.212251 0.126525
v -2.1521 -4.4483 -0.22199
vn 0.929761 -0.289918 0.226918
v -2.1455 -4.4256 -0.22199
vn 0.956594 -0.198031 0.213802
v -2.136 -4.4029 -0.49445
vn 0.968058 -0.0394939 -0.247597
v -2.1358 -4.3802 -0.49445
vn 0.973303 0.0895457 -0.211336
v -2.1289 -4.4029 -0.47423
vn 0.979204 -0.00661875 -0.202769
v -2.1294 -4.37995 -0.471925
vn 0.971398 0.0917968 -0.218997
v -2.135 -4.3575 -0.47175
vn 0.953198 0.236744 -0.188057
v -2.141 -4.3348 -0.47175
vn 0.967296 0.23366 -0.0986969
v -2.1294 -4.4053 -0.42142
vn 0.98392 -0.142949 0.107081
v -2.1268 -4.4029 -0.44904
vn 0.996746 -0.0801102 0.00889678
v -2.126 -4.3802 -0.44904
vn 0.995384 0.058718 -0.0759097
v -2.1258 -4.3802 -0.42634
vn 0.999399 0.0215046 0.0271792
v -2.1294 -4.35855 -0.44713
vn 0.965021 0.226438 -0.132137
v -2.1376 -4.3348 -0.44904
vn 0.943441 0.288815 -0.162803
v -2.1287 -4.35345 -0.42634
vn 0.985854 0.163658 -0.0361664
v -2.1335 -4.3348 -0.42634
vn 0.957938 0.257324 -0.127039
v -2.1456 -4.3121 -0.49445
vn 0.993342 0.114874 0.00874622
v -2.1462 -4.3121 -0.47175
vn 0.989731 0.142639 -0.009342
v -2.1467 -4.2894 -0.49445
vn 0.994885 0.0810796 0.0602546
v -2.1483 -4.2894 -0.47175
vn 0.992217 0.119286 0.0357228
v -2.1471 -4.2667 -0.51716
vn 0.992994 0.0918612 0.0743291
v -2.1488 -4.2667 -0.49445
vn 0.993152 0.0918758 0.0721725
v -2.1446 -4.3121 -0.44904
vn 0.966568 0.223548 -0.125585
v -2.1482 -4.2894 -0.44904
vn 0.988781 0.135033 -0.0638675
v -2.1455 -4.2894 -0.42634
vn 0.970476 0.196667 -0.139636
v -2.1341 -4.4029 -0.38093
vn 0.987072 -0.12219 0.103723
v -2.1294 -4.3943 -0.40363
vn 0.979087 -0.157324 0.12899
v -2.128 -4.3802 -0.40363
vn 0.994048 -0.0249398 0.106054
v -2.1311 -4.3802 -0.38093
vn 0.992918 -0.0506034 0.107487
v -2.13035 -4.3405 -0.40363
vn 0.984191 0.176541 -0.0142256
v -2.12895 -4.3575 -0.39736
vn 0.996411 0.036964 0.0761534
v -2.132 -4.3348 -0.38093
vn 0.988183 0.133101 0.0760159
v -2.1355 -4.4029 -0.35822
vn 0.993326 -0.112312 0.0262523
v -2.133 -4.3802 -0.35822
vn 0.996644 -0.0667387 0.0474065
v -2.1358 -4.4029 -0.33552
vn 0.992885 -0.118088 0.0153054
v -2.1331 -4.3802 -0.33552
vn 0.999229 -0.0390653 0.00385207
v -2.1332 -4.3575 -0.35822
vn 0.996144 0.0394928 0.0783432
v -2.1351 -4.3348 -0.35822
vn 0.986783 0.124618 0.103585
v -2.1343 -4.3575 -0.33552
vn 0.994705 0.0937738 0.0420602
v -2.1362 -4.4029 -0.31281
vn 0.988756 -0.149539 0
v -2.1324 -4.3802 -0.31281
vn 0.999176 -0.0396161 -0.00880283
v -2.1327 -4.3802 -0.29011
vn 0.997628 -0.0452265 0.0518961
v -2.1344 -4.3575 -0.31281
vn 0.991932 0.125472 0.0180981
v -2.1352 -4.3575 -0.29011
vn 0.980241 0.186401 0.066201
v -2.1494 -4.434 -0.29011
vn 0.953294 -0.301608 0.0162082
v -2.14 -4.4029 -0.2674
vn 0.963634 -0.263712 0.0431855
v -2.1355 -4.3802 -0.2447
vn 0.995884 -0.0504528 0.0753028
v -2.1367 -4.3575 -0.2674
vn 0.968846 0.234748 0.0789403
v -2.1417 -4.4029 -0.22199
vn 0.97544 -0.154692 0.156806
v -2.1386 -4.3802 -0.22199
vn 0.987803 -0.0290124 0.152985
v -2.1294 -4.5618 -0.63636
vn 0.712065 0.496825 0.496113
v -2.1341 -4.5618 -0.63068
vn 0.751906 0.519514 0.405885
v -2.1456 -4.5618 -0.60798
vn 0.747664 0.62518 0.223938
v -2.1454 -4.5391 -0.63068
vn 0.880889 0.241129 0.407299
v -2.1427 -4.5164 -0.63068
vn 0.922626 -0.339587 0.18287
v -2.1521 -4.5503 -0.60798
vn 0.914976 0.36112 0.18003
v -2.155 -4.5391 -0.60798
vn 0.954431 0.0411117 0.295586
v -2.1521 -4.5221 -0.60798
vn 0.907131 -0.298335 0.296831
v -2.1464 -4.5164 -0.60798
vn 0.829475 -0.558478 -0.00855605
v -2.1325 -4.4937 -0.63068
vn 0.948557 -0.313791 0.0421407
v -2.1325 -4.4937 -0.60798
vn 0.898211 -0.439441 -0.0103784
v -2.1294 -4.4828 -0.60798
vn 0.978167 -0.187141 -0.0903685
v -2.1294 -4.4937 -0.59407
vn 0.891473 -0.417527 -0.175915
v -2.1294 -4.4987 -0.58527
vn 0.815433 -0.545008 -0.195025
v -2.1294 -4.5056 -0.56257
vn 0.842394 -0.521668 -0.135036
v -2.1105 -4.5618 -0.35822
vn 0.939865 0.173896 0.293961
v -2.1144 -4.5845 -0.33552
vn 0.917318 0.2344 0.321846
v -2.1235 -4.6072 -0.2674
vn 0.823494 0.488189 0.289014
v -2.1178 -4.6299 -0.2447
vn 0.817124 0.495924 0.293883
v -2.1259 -4.6299 -0.22199
vn 0.823951 0.489001 0.286328
v -2.1303 -4.6313 -0.19929
vn 0.860063 0.499167 0.10547
v -2.1294 -4.6336 -0.17658
vn 0.871374 0.486325 -0.06477
v -2.1294 -4.6287 -0.15387
vn 0.863864 0.495894 -0.0884742
v -2.1177 -4.6527 -0.15387
vn 0.894367 0.442422 -0.0661092
v -2.1192 -4.6527 -0.17658
vn 0.887891 0.453767 -0.0758004
v -2.13025 -4.5845 -0.292745
vn 0.879867 0.379373 0.2862
v -2.1118 -4.6072 -0.31281
vn 0.866707 0.41999 0.269122
v -2.1175 -4.6072 -0.29011
vn 0.843399 0.475791 0.249603
v -2.1104 -4.6754 -0.10846
vn 0.858537 0.48872 0.155135
v -2.1191 -4.6527 -0.13117
vn 0.891298 0.433091 0.134238
v -2.1229 -4.6527 -0.10846
vn 0.887591 0.431315 0.161709
v -2.1355 -4.6299 -0.085759
vn 0.911549 0.388768 0.13393
v -2.1157 -4.6754 -0.085759
vn 0.825048 0.531738 0.191182
v -2.1294 -4.6447 -0.085759
vn 0.918467 0.370919 0.13725
v -2.1195 -4.5391 -0.44904
vn 0.905864 0.141994 -0.399058
v -2.1129 -4.5391 -0.42634
vn 0.931851 0.32642 -0.158438
v -2.15178 -4.2648 -0.435885
vn 0.982852 0.174816 -0.0586617
v -2.1521 -4.2612 -0.47175
vn 0.989783 0.131966 0.0539858
v -2.1553 -4.244 -0.44904
vn 0.99288 0.110556 -0.0443535
v -2.15235 -4.24555 -0.40363
vn 0.989515 0.143195 -0.0188441
v -2.1566 -4.244 -0.35822
vn 0.968498 0.214027 0.1273
v -2.1525 -4.2667 -0.33817
vn 0.94487 0.2949 0.142321
v -2.1549 -4.2213 -0.40363
vn 0.992562 0.120024 -0.0203771
v -2.1573 -4.2213 -0.44904
vn 0.988867 0.140118 -0.0500869
v -2.1582 -4.1985 -0.40363
vn 0.987479 0.156867 0.016679
v -2.1573 -4.2213 -0.38093
vn 0.979746 0.152169 0.13016
v -2.16215 -4.18715 -0.38093
vn 0.982342 0.150581 0.111043
v -2.1666 -4.1531 -0.40363
vn 0.98444 0.174194 0.0231261
v -2.1604 -4.1985 -0.44904
vn 0.989347 0.145488 -0.00501057
v -2.1679 -4.1531 -0.38093
vn 0.988352 0.140391 0.058748
v -2.1615 -4.2213 -0.35822
vn 0.97344 0.169724 0.153651
v -2.1647 -4.2213 -0.33552
vn 0.980171 0.138851 0.141369
v -2.1672 -4.1985 -0.33552
vn 0.990146 0.0768889 0.117041
v -2.16715 -4.1758 -0.34687
vn 0.992613 0.08487 0.0867033
v -2.1701 -4.1531 -0.33552
vn 0.989109 0.126919 0.0745326
v -2.1748 -4.1077 -0.3605
vn 0.991681 0.0961725 0.0855516
v -2.1748 -4.1243 -0.33552
vn 0.980728 0.170112 0.0960976
v -2.1773 -4.1077 -0.33552
vn 0.987114 0.10893 0.117223
v -2.1762 -4.085 -0.35822
vn 0.992832 0.0512444 0.107978
v -2.1748 -4.085 -0.3691
vn 0.995459 0.0337266 0.0890218
v -2.17185 -4.1304 -0.369575
vn 0.989983 0.130163 0.0546898
v -2.1734 -4.1077 -0.38093
vn 0.995923 0.0589944 0.068247
v -2.1596 -4.2894 -0.2674
vn 0.951294 0.247434 0.183894
v -2.162 -4.2667 -0.29011
vn 0.944497 0.273809 0.181534
v -2.1636 -4.244 -0.31281
vn 0.958986 0.226019 0.171058
v -2.1675 -4.244 -0.29011
vn 0.970248 0.20582 0.127505
v -2.1588 -4.3121 -0.2447
vn 0.951071 0.291299 0.102996
v -2.1626 -4.2894 -0.2447
vn 0.973455 0.20298 0.105757
v -2.17 -4.244 -0.2674
vn 0.977869 0.169883 0.122116
v -2.1678 -4.2667 -0.2447
vn 0.963907 0.231228 0.131975
v -2.17395 -4.2394 -0.2447
vn 0.970122 0.177841 0.165035
v -2.176 -4.24935 -0.22199
vn 0.963003 0.214477 0.16317
v -2.1748 -4.2667 -0.2028
vn 0.95191 0.264572 0.154498
v -2.1799 -4.244 -0.19929
vn 0.9834 0.150102 0.101954
v -2.1602 -4.3121 -0.22199
vn 0.949182 0.313556 0.027147
v -2.165 -4.2894 -0.22199
vn 0.960823 0.259149 0.0982923
v -2.1521 -4.326 -0.19929
vn 0.910064 0.414423 -0.00603086
v -2.1595 -4.3121 -0.19929
vn 0.938097 0.346286 0.00770006
v -2.1674 -4.2894 -0.19929
vn 0.927767 0.359127 0.101367
v -2.1592 -4.3121 -0.17658
vn 0.900069 0.435114 0.0234868
v -2.1748 -4.2806 -0.17658
vn 0.903135 0.412616 0.118724
v -2.1521 -4.3256 -0.15387
vn 0.877108 0.47743 0.0523642
v -2.1748 -4.2849 -0.15387
vn 0.914099 0.401669 0.0555463
v -2.17535 -4.1531 -0.292815
vn 0.969646 0.136106 0.203129
v -2.1748 -4.20235 -0.27026
vn 0.98661 0.080073 0.142088
v -2.1806 -4.1985 -0.2447
vn 0.966524 0.138389 0.216057
v -2.1748 -4.1758 -0.28387
vn 0.980993 0.084323 0.174764
v -2.1818 -4.1531 -0.2674
vn 0.945914 0.181698 0.268762
v -2.1844 -4.1758 -0.2447
vn 0.955176 0.175889 0.238123
v -2.1893 -4.1531 -0.2447
vn 0.936611 0.216616 0.275386
v -2.1679 -4.2213 -0.31281
vn 0.985108 0.120043 0.123094
v -2.1703 -4.1758 -0.31281
vn 0.991445 0.0575097 0.117173
v -2.1722 -4.1531 -0.31281
vn 0.986559 0.106385 0.124029
v -2.1748 -4.1374 -0.31281
vn 0.970457 0.190767 0.147719
v -2.1811 -4.1077 -0.31281
vn 0.957489 0.215337 0.191949
v -2.1805 -4.1304 -0.29011
vn 0.945157 0.226658 0.235167
v -2.1871 -4.1077 -0.29011
vn 0.927132 0.260373 0.269504
v -2.1864 -4.085 -0.31281
vn 0.943069 0.220191 0.249271
v -2.1962 -4.12475 -0.2447
vn 0.924419 0.247905 0.289814
v -2.1976 -4.1077 -0.25643
vn 0.925356 0.267284 0.268841
v -2.2044 -4.085 -0.2447
vn 0.974574 0.180318 0.133005
v -2.1811 -4.2213 -0.22199
vn 0.9834 0.141472 0.113622
v -2.18685 -4.18715 -0.22199
vn 0.966306 0.176639 0.18722
v -2.2023 -4.1077 -0.22199
vn 0.979271 0.181187 0.0905531
v -2.1976 -4.1196 -0.19929
vn 0.979926 0.163411 -0.114201
v -2.1959 -4.1077 -0.17658
vn 0.978168 0.158385 -0.134541
v -2.1625 -4.3121 -0.13117
vn 0.880976 0.466663 0.0781416
v -2.174 -4.28735 -0.13117
vn 0.932818 0.359636 0.0226167
v -2.1982 -4.085 -0.13117
vn 0.997886 0.0489757 -0.0427195
v -2.1965 -4.1077 -0.10846
vn 0.999847 0.01334 -0.0113021
v -2.1966 -4.085 -0.10846
vn 0.997028 -0.0628617 -0.0445281
v -2.19745 -4.109 -0.085759
vn 0.998654 -0.0509718 0.00959662
v -2.1976 -4.1189 -0.040349
vn 0.831677 -0.549488 -0.079857
v -2.1976 -4.1156 -0.063054
vn 0.893491 -0.425677 -0.143083
v -2.1902 -4.1077 -0.040349
vn 0.942264 -0.270497 -0.197408
v -2.1959 -4.1077 -0.063054
vn 0.959758 -0.144271 -0.240938
v -2.193 -4.085 -0.063054
vn 0.962544 -0.122964 -0.241637
v -2.19735 -4.10775 -0.017643
vn 0.122157 -0.609911 0.782998
v -2.1833 -4.0396 -0.040349
vn 0.921272 0.316557 0.225941
v -2.1888 -4.0396 -0.063054
vn 0.921846 0.316754 -0.223309
v -2.1911 -4.0169 -0.040349
vn 0.915531 0.262816 0.304516
v -2.20425 -4.02825 -0.017643
vn 0.856375 0.0673619 0.511942
v -2.1976 -4.0396 -0.027173
vn 0.783961 0.138356 0.605197
v -2.1976 -4.0169 -0.030231
vn 0.859199 0.0683086 0.507061
v -2.2049 -3.9488 -0.017643
vn 0.949407 -0.0397319 0.311526
v -2.145 -4.2894 -0.51716
vn 0.998588 0.0219886 0.048366
v -2.1558 -4.2213 -0.49445
vn 0.994356 0.0956133 0.0459878
v -2.1603 -4.18715 -0.47175
vn 0.99323 0.10089 0.0575828
v -2.1617 -4.1531 -0.49445
vn 0.993935 0.0879341 0.0660352
v -2.1639 -4.1531 -0.47175
vn 0.992475 0.0929052 0.0797666
v -2.1656 -4.1531 -0.44904
vn 0.993387 0.107904 0.0392343
v -2.1644 -4.1077 -0.47175
vn 0.989314 0.0708132 0.127451
v -2.1613 -4.1077 -0.49445
vn 0.983485 0.121311 0.134315
v -2.1641 -4.085 -0.49445
vn 0.987091 0.106537 0.119588
v -2.1665 -4.085 -0.47175
vn 0.987652 0.119653 0.101125
v -2.1649 -4.1304 -0.47175
vn 0.993888 0.0262718 0.10722
v -2.1674 -4.1304 -0.44904
vn 0.995715 0.0570206 0.0728023
v -2.1675 -4.1077 -0.44904
vn 0.994178 0.0287821 0.103833
v -2.1695 -4.1304 -0.414985
vn 0.993664 0.0944616 0.0609057
v -2.1708 -4.1077 -0.414985
vn 0.99651 0.0264944 0.0791564
v -2.1684 -4.085 -0.44904
vn 0.994972 0.0868006 0.0499556
v -2.1724 -4.0623 -0.47175
vn 0.983274 0.181928 0.00866083
v -2.1709 -4.0623 -0.44904
vn 0.991855 0.109238 -0.0655075
v -2.1695 -4.085 -0.42634
vn 0.997043 -0.0285485 0.071348
v -2.1735 -4.085 -0.38093
vn 0.995195 -0.031703 0.0926416
v -2.1698 -4.0623 -0.40363
vn 0.993257 -0.0612583 0.098427
v -2.1726 -4.0623 -0.38093
vn 0.992493 -0.0502814 0.111492
v -2.1783 -4.2667 -0.17658
vn 0.977083 0.190651 0.0946597
v -2.1799 -4.2667 -0.15387
vn 0.967477 0.243603 0.0681633
v -2.1855 -4.1985 -0.19929
vn 0.988318 0.152212 0.00763599
v -2.1834 -4.2213 -0.17658
vn 0.994115 0.0888525 0.0619774
v -2.1853 -4.1985 -0.17658
vn 0.991237 0.12939 0.0265827
v -2.1847 -4.244 -0.14252
vn 0.991214 0.0960375 0.0909496
v -2.1871 -4.2213 -0.14252
vn 0.989833 0.0909737 0.109333
v -2.1867 -4.1985 -0.15387
vn 0.990958 0.0929272 0.0967808
v -2.1928 -4.1531 -0.15387
vn 0.989669 0.105164 0.0974425
v -2.1873 -4.244 -0.10846
vn 0.97728 0.174358 0.120516
v -2.1906 -4.244 -0.085759
vn 0.976462 0.174935 0.126172
v -2.1855 -4.2667 -0.085759
vn 0.966011 0.217035 0.140425
v -2.1914 -4.2213 -0.10846
vn 0.982637 0.120588 0.141004
v -2.1942 -4.1985 -0.10846
vn 0.988012 0.115996 0.101868
v -2.1932 -4.1758 -0.13117
vn 0.978537 0.112919 0.172381
v -2.19745 -4.17435 -0.10846
vn 0.986178 0.120265 0.113967
v -2.198 -4.1531 -0.11203
vn 0.99125 0.0407506 0.12555
v -2.1955 -4.1985 -0.085759
vn 0.994927 0.0829089 0.0569695
v -2.1984 -4.1758 -0.085759
vn 0.99092 0.130645 0.0317558
v -2.202 -4.0169 -0.10846
vn 0.892885 0.393743 -0.218456
v -2.1976 -4.0169 -0.090476
vn 0.919578 0.275483 -0.280151
v -2.1976 -4.0331 -0.10846
vn 0.939214 0.255095 -0.229791
v -2.1976 -3.999 -0.063054
vn 0.858616 0.451943 -0.241923
v -2.2006 -3.9942 -0.063054
vn 0.773548 0.51167 -0.37392
v -2.1895 -4.0169 -0.063054
vn 0.906666 0.410269 -0.098159
v -2.2011 -3.9715 -0.040349
vn 0.895285 0.203307 -0.396398
v -2.1998 -3.9488 -0.040349
vn 0.988998 -0.0566431 -0.136655
v -2.1976 -4.0798 -0.017643
vn 0.821123 0.161424 0.547449
v -2.1976 -4.0623 -0.024569
vn 0.805698 0.0682829 0.588378
v -2.2021 -4.0623 -0.017643
vn 0.831166 0.132326 0.540048
v -2.1902 -4.085 -0.017643
vn 0.568638 0.809208 0.14776
v -2.1843 -4.085 -0.040349
vn 0.806614 0.190095 0.559676
v -2.1814 -4.0623 -0.040349
vn 0.695008 -0.0887867 0.713499
v -2.1937 -4.0396 -0.085759
vn 0.977297 0.133753 -0.164322
v -2.19785 -3.9953 -0.040349
vn 0.964861 0.204445 0.165061
v -2.2063 -3.9942 -0.017643
vn 0.933885 0.0518503 0.353793
v -2.2067 -3.9715 -0.017643
vn 0.960172 -0.0397618 0.276567
v -2.198 -4.10735 1.1176
vn 0.658217 -0.752376 0.0260976
v -2.19775 -4.1073 1.0949
vn 0.891485 -0.452884 -0.0122993
v -2.1997 -4.1077 1.1403
vn 0.657973 -0.752098 0.037684
v -2.1801 -4.085 -0.33552
vn 0.963039 0.137175 0.231817
v -2.1817 -4.0623 -0.33552
vn 0.945598 0.110391 0.306038
v -2.1901 -4.0623 -0.31281
vn 0.927127 0.15112 0.342925
v -2.1976 -4.096 -0.2674
vn 0.949559 0.212685 0.230439
v -2.1959 -4.085 -0.283795
vn 0.942455 0.214689 0.256297
v -2.1928 -4.1531 -0.22199
vn 0.982824 0.176898 0.0525647
v -2.1927 -4.1531 -0.187935
vn 0.992884 0.118589 -0.0108619
v -2.19735 -4.12945 -0.22199
vn 0.978805 0.204212 0.0154415
v -2.2042 -4.085 -0.19929
vn 0.978411 0.163886 -0.125911
v -2.2066 -4.085 -0.22199
vn 0.99002 0.103217 -0.0959477
v -2.2059 -4.0623 -0.19929
vn 0.993876 0.0612965 -0.0919441
v -2.194 -4.1304 -0.17658
vn 0.994481 0.0901898 -0.0536072
v -2.1935 -4.1304 -0.15387
vn 0.998689 0.0403308 0.0315219
v -2.1951 -4.1077 -0.15387
vn 0.997074 0.0763959 0.00255971
v -2.18 -4.2667 -0.13117
vn 0.970721 0.236367 0.042785
v -2.1812 -4.2667 -0.10846
vn 0.964077 0.233091 0.127378
v -2.17512 -4.29058 -0.11291
vn 0.957853 0.250217 0.141098
v -2.1814 -4.2894 -0.085759
vn 0.954055 0.19133 0.23059
v -2.1883 -4.2894 -0.063054
vn 0.936977 0.145647 0.317585
v -2.1918 -4.2667 -0.063054
vn 0.958183 0.137604 0.250898
v -2.1938 -4.244 -0.063054
vn 0.977069 0.101431 0.187209
v -2.1975 -4.28873 -0.04
vn 0.903368 0.163845 0.396335
v -2.1976 -4.3121 -0.03075
vn 0.88097 0.172734 0.440517
v -2.1976 -4.2667 -0.044791
vn 0.950667 0.0429356 0.307228
v -2.1994 -4.2667 -0.040349
vn 0.923586 0.0831256 0.374271
v -2.1953 -4.1531 -0.13117
vn 0.993448 0.034007 0.109111
v -2.19715 -4.18715 -0.063054
vn 0.989693 0.0961525 0.106127
v -2.1948 -4.1304 -0.13117
vn 0.996715 0.00900119 0.0804838
v -2.1957 -4.1077 -0.13117
vn 0.998024 0.0370981 0.0507145
v -2.19735 -4.1304 -0.106065
vn 0.995588 -0.041204 0.084301
v -2.19935 -4.1304 -0.0744065
vn 0.995811 -0.0863315 0.0301091
v -2.1984 -4.2213 -0.040349
vn 0.970303 0.014561 0.241453
v -2.2012 -4.1758 -0.040349
vn 0.981 0.0745139 0.179129
v -2.1976 -4.1985 -0.048251
vn 0.985753 0.0741677 0.150967
v -2.1945 -4.2213 -0.063054
vn 0.989238 0.0438761 0.139579
v -2.2007 -4.1531 -0.063054
vn 0.997111 0.00549296 0.0757532
v -2.2024 -4.1531 -0.040349
vn 0.997091 -0.0153737 0.0746522
v -2.2005 -4.1304 -0.040349
vn 0.996464 -0.0636487 0.0548553
v -2.1976 -4.0652 -0.29011
vn 0.954742 0.147554 0.258256
v -2.2026 -4.0623 -0.2674
vn 0.970973 0.122703 0.20532
v -2.1999 -4.085 -0.17658
vn 0.989199 0.107022 -0.100159
v -2.2019 -4.0623 -0.17658
vn 0.990379 0.0167263 -0.13737
v -2.1976 -4.0935 -0.15387
vn 0.991669 0.12494 -0.0313413
v -2.2001 -4.0623 -0.15387
vn 0.997795 0.0274755 -0.0604134
v -2.1588 -4.3348 -0.10846
vn 0.901643 0.307137 0.304477
v -2.1536 -4.3575 -0.112315
vn 0.939925 -0.00469102 0.341349
v -2.1521 -4.33365 -0.129735
vn 0.914521 0.293146 0.278778
v -2.2063 -4.0396 -0.22199
vn 0.99225 -0.0786822 -0.0961708
v -2.2041 -4.0396 -0.19929
vn 0.988978 -0.0638959 -0.133565
v -2.2011 -4.0396 -0.17658
vn 0.997311 -0.0109801 -0.072459
v -2.2002 -4.0396 -0.15387
vn 0.998447 0.0557124 -3.77108e-06
v -2.2016 -4.0169 -0.17658
vn 0.996502 0.0812084 0.0197412
v -2.2034 -4.0169 -0.15387
vn 0.987175 0.139154 0.078236
v -2.1521 -4.523 -0.58527
vn 0.966301 -0.257273 0.00852965
v -2.1089 -4.5845 -0.35822
vn 0.927945 0.287544 0.237144
v -2.1086 -4.6527 -0.2447
vn 0.906843 0.36872 0.204163
v -2.1109 -4.6299 -0.2674
vn 0.864847 0.436325 0.248315
v -2.1134 -4.6527 -0.22199
vn 0.876431 0.435681 0.20506
v -2.1521 -4.5948 -0.15387
vn 0.884792 0.458939 0.0807369
v -2.1083 -4.6981 -0.063054
vn 0.769043 0.53431 0.350837
v -2.1294 -4.6527 -0.072876
vn 0.936285 0.306697 0.171197
v -2.124 -4.6754 -0.063054
vn 0.83957 0.459919 0.289131
v -2.137 -4.6299 -0.063054
vn 0.920588 0.388324 0.0414911
v -2.1521 -4.6072 -0.06973
vn 0.86561 0.498619 -0.045814
v -2.1185 -4.6981 -0.040349
vn 0.843748 0.480395 0.239397
v -2.111 -4.7208 -0.017643
vn 0.88794 0.441052 0.130519
v -2.1218 -4.6981 -0.017643
vn 0.910585 0.407055 0.0717058
v -2.1123 -4.7208 0.0050616
vn 0.916899 0.391641 0.0768995
v -2.1214 -4.6981 0.0050616
vn 0.918783 0.390368 0.0587463
v -2.127 -4.6981 0.050472
vn 0.915129 0.389175 0.105266
v -2.1294 -4.6753 -0.040349
vn 0.939353 0.318725 0.12661
v -2.1337 -4.6527 -0.040349
vn 0.977232 0.193676 0.0866441
v -2.13025 -4.67765 0.0050616
vn 0.944428 0.323037 0.0608481
v -2.1357 -4.6527 -0.017643
vn 0.967353 0.230754 0.104789
v -2.1375 -4.6299 -0.040349
vn 0.952613 0.294661 0.0755232
v -2.1505 -4.6044 -0.040349
vn 0.893844 0.44713 -0.0334257
v -2.1405 -4.6299 -0.017643
vn 0.941679 0.298877 0.15464
v -2.1487 -4.6072 -0.017643
vn 0.92705 0.369967 0.0608498
v -2.1399 -4.6527 0.0050616
vn 0.935213 0.309687 0.171668
v -2.1294 -4.6868 0.027767
vn 0.915607 0.386845 0.109612
v -2.1437 -4.6527 0.027767
vn 0.928013 0.351564 0.123266
v -2.1465 -4.6299 0.0050616
vn 0.934621 0.282874 0.21556
v -2.1521 -4.6072 0.0008535
vn 0.904751 0.348272 0.24522
v -2.1519 -4.6299 0.029015
vn 0.921366 0.328517 0.207752
v -2.1606 -4.6072 0.027767
vn 0.876566 0.412493 0.247955
v -2.1629 -4.5845 -0.085759
vn 0.930501 0.365773 0.0194363
v -2.1626 -4.5845 -0.063054
vn 0.962363 0.266918 -0.0511125
v -2.1643 -4.5845 0.0050616
vn 0.879803 0.382921 0.281637
v -2.1727 -4.5618 0.0050616
vn 0.916849 0.217934 0.334503
v -2.1815 -4.5618 0.027767
vn 0.926729 0.253456 0.277368
v -2.1748 -4.5164 -0.007864
vn 0.927007 0.109741 0.358628
v -2.1857 -4.5391 0.027767
vn 0.941478 0.162419 0.295361
v -2.1603 -4.5845 -0.040349
vn 0.948291 0.310748 -0.0646591
v -2.164 -4.5618 -0.040349
vn 0.989958 0.139554 -0.0225278
v -2.1593 -4.5845 -0.017643
vn 0.928184 0.363897 0.0777991
v -2.1655 -4.5618 -0.017643
vn 0.959119 0.159379 0.233856
v -2.1654 -4.5391 -0.040349
vn 0.998423 0.0555204 -0.00826697
v -2.1716 -4.5164 -0.017643
vn 0.96054 0.0830288 0.265461
v -2.1818 -4.4937 0.0050616
vn 0.92709 0.071394 0.367977
v -2.1856 -4.4483 0.0050616
vn 0.911819 0.112723 0.394815
v -2.1748 -4.4707 -0.0175425
vn 0.995959 0.0304225 0.0845048
v -2.1176 -4.7208 0.050472
vn 0.91618 0.379395 0.129127
v -2.1407 -4.66405 0.050472
vn 0.926884 0.372519 0.0459993
v -2.1288 -4.6981 0.0845295
vn 0.943287 0.33196 0.00333372
v -2.141 -4.66405 0.073177
vn 0.93402 0.356983 -0.0129961
v -2.15365 -4.63315 0.050472
vn 0.91075 0.404818 0.0815912
v -2.1748 -4.5909 0.050472
vn 0.891849 0.442675 0.092973
v -2.1521 -4.6364 0.073177
vn 0.901462 0.430737 -0.042792
v -2.1677 -4.6072 0.073177
vn 0.901523 0.427568 -0.0666487
v -2.1361 -4.6754 0.095882
vn 0.94748 0.316889 -0.0431605
v -2.1426 -4.6527 0.11859
vn 0.93315 0.356855 -0.043427
v -2.1279 -4.6981 0.11859
vn 0.964091 0.262295 -0.0415928
v -2.1344 -4.6754 0.11859
vn 0.94628 0.319502 -0.049714
v -2.1521 -4.6299 0.113
vn 0.918859 0.390422 -0.0571808
v -2.1637 -4.6072 0.095882
vn 0.906105 0.40375 -0.126334
v -2.1604 -4.6072 0.11859
vn 0.926675 0.370194 -0.0650384
v -2.1228 -4.7208 0.14129
vn 0.981582 0.190254 0.0172995
v -2.1224 -4.7208 0.11859
vn 0.977021 0.213044 -0.00645459
v -2.1272 -4.6981 0.14129
vn 0.972467 0.232241 -0.0192859
v -2.1325 -4.6754 0.164
vn 0.944029 0.327565 -0.0388712
v -2.1416 -4.6527 0.164
vn 0.922259 0.385033 -0.0344664
v -2.1273 -4.6981 0.20941
vn 0.984485 0.173769 0.0243772
v -2.1518 -4.62952 0.152645
vn 0.931805 0.362634 -0.0153548
v -2.15965 -4.6072 0.152645
vn 0.926262 0.376836 -0.00574488
v -2.1314 -4.6754 0.1867
vn 0.965694 0.259261 -0.0147752
v -2.1398 -4.6527 0.1867
vn 0.9246 0.3796 -0.0319087
v -2.1316 -4.6754 0.20941
vn 0.961947 0.264605 0.068128
v -2.1397 -4.6527 0.20941
vn 0.917579 0.394931 0.0455848
v -2.15145 -4.6284 0.1867
vn 0.916898 0.399089 -0.0050755
v -2.1609 -4.6072 0.20941
vn 0.917342 0.397739 0.0169585
v -2.1521 -4.62895 0.21775
vn 0.910861 0.410845 0.0392292
v -2.1783 -4.5845 0.050472
vn 0.914152 0.385234 0.126176
v -2.1865 -4.5618 0.050472
vn 0.95854 0.255938 0.125285
v -2.176 -4.5873 0.073177
vn 0.922195 0.379163 -0.0760982
v -2.1857 -4.5618 0.073177
vn 0.952425 0.29934 -0.0572897
v -2.1905 -4.5391 0.050472
vn 0.977172 0.199454 0.0731643
v -2.1916 -4.5391 0.073177
vn 0.967839 0.251561 -0.00213423
v -2.1748 -4.581 0.095882
vn 0.912597 0.387218 -0.131255
v -2.1831 -4.5618 0.095882
vn 0.931366 0.35598 -0.0763891
v -2.1704 -4.5845 0.11859
vn 0.902944 0.424945 -0.0641426
v -2.182 -4.5618 0.11859
vn 0.92542 0.378273 -0.0225212
v -2.1904 -4.5391 0.095882
vn 0.955644 0.287678 -0.0631337
v -2.1897 -4.5391 0.11859
vn 0.945091 0.326611 -0.011317
v -2.19805 -4.4937 0.0474335
vn 0.964546 0.167217 0.20418
v -2.1938 -4.5164 0.050472
vn 0.965304 0.20492 0.161854
v -2.1925 -4.4937 0.027767
vn 0.941019 0.102371 0.322497
v -2.1976 -4.471 0.034924
vn 0.943373 0.106945 0.314021
v -2.1976 -4.44535 0.028762
vn 0.938848 0.0904222 0.332247
v -2.1931 -4.5164 0.11859
vn 0.980698 0.172809 -0.0914764
v -2.1976 -4.4924 0.11591
vn 0.989807 0.126667 -0.0650935
v -2.19817 -4.471 0.12922
vn 0.996962 0.0388666 -0.067502
v -2.1697 -4.5845 0.14129
vn 0.896338 0.443267 0.00962634
v -2.18165 -4.5618 0.152645
vn 0.922413 0.386191 0.00332772
v -2.19 -4.5391 0.1867
vn 0.943121 0.332361 -0.00766006
v -2.171 -4.5845 0.1867
vn 0.90028 0.435201 0.00980852
v -2.1822 -4.5618 0.1867
vn 0.928375 0.371601 -0.00568782
v -2.17275 -4.5803 0.20941
vn 0.905993 0.420607 -0.0476049
v -2.1818 -4.5618 0.20941
vn 0.933433 0.347495 -0.0891613
v -2.1889 -4.5391 0.20941
vn 0.949616 0.306786 -0.0641262
v -2.19515 -4.4937 0.152645
vn 0.994572 0.0766778 -0.0703346
v -2.1962 -4.4483 0.14129
vn 0.996154 0.0233959 -0.0844422
v -2.197 -4.4256 0.14129
vn 0.993414 0.0863087 -0.0753588
v -2.19807 -4.44122 0.191115
vn 0.992655 0.0964615 0.0730165
v -2.1971 -4.4256 0.164
vn 0.989849 0.108598 0.0916818
v -2.1955 -4.4483 0.164
vn 0.993927 0.0762571 0.0793354
v -2.1951 -4.471 0.20941
vn 0.993565 0.11228 0.0148708
v -2.1954 -4.471 0.1867
vn 0.995717 0.0915822 0.0126301
v -2.2019 -4.4256 0.22076
vn 0.993201 0.109303 0.0400521
v -2.204 -4.3802 0.027767
vn 0.964839 0.157522 0.210412
v -2.1976 -4.41425 0.016947
vn 0.958571 0.0998759 0.266772
v -2.2075 -4.3802 0.050472
vn 0.984398 0.161052 0.0708689
v -2.2066 -4.2894 0.11859
vn 0.986731 -0.0434758 -0.156436
v -2.2045 -4.4029 0.095882
vn 0.986232 0.145867 -0.0779083
v -2.2008 -4.4029 0.164
vn 0.98482 0.154487 0.0791453
v -2.13 -4.6981 0.24704
vn 0.982619 0.174365 0.0636893
v -2.1261 -4.7208 0.23211
vn 0.99018 0.124686 0.0632203
v -2.1282 -4.7208 0.27752
vn 0.991274 0.130085 0.0213006
v -2.1314 -4.6981 0.27752
vn 0.978017 0.208234 -0.0109822
v -2.12965 -4.7024 0.30343
vn 0.990757 0.127932 -0.0451071
v -2.1281 -4.7208 0.32293
vn 0.997478 0.0704997 -0.00825267
v -2.1439 -4.6527 0.25482
vn 0.931669 0.357874 0.0626124
v -2.1362 -4.6754 0.25482
vn 0.958753 0.276242 0.0669549
v -2.1613 -4.6072 0.23211
vn 0.943915 0.330039 0.00995024
v -2.1535 -4.6299 0.25482
vn 0.929136 0.369287 0.0182718
v -2.1614 -4.6072 0.27752
vn 0.950295 0.311274 -0.00697089
v -2.137 -4.6754 0.27752
vn 0.958805 0.282994 -0.0246333
v -2.1442 -4.6527 0.27752
vn 0.939334 0.337295 -0.062312
v -2.1353 -4.6754 0.30023
vn 0.965233 0.248537 -0.0809629
v -2.1526 -4.63105 0.27752
vn 0.929822 0.363582 -0.056919
v -2.1605 -4.6072 0.30023
vn 0.926819 0.375504 0.00185141
v -2.1288 -4.6981 0.32293
vn 0.994807 0.099892 -0.0195101
v -2.1287 -4.7208 0.34564
vn 0.999014 0.00333308 0.0442682
v -2.1286 -4.6981 0.34564
vn 0.995343 0.0938791 0.0218957
v -2.1325 -4.7208 0.39105
vn 0.995208 0.0228221 0.0950817
v -2.13 -4.6981 0.36297
vn 0.992343 0.0683921 0.102848
v -2.1336 -4.6981 0.39105
vn 0.991352 0.0924425 0.0931478
v -2.133 -4.6754 0.32293
vn 0.970328 0.233195 -0.0638952
v -2.1397 -4.6527 0.32293
vn 0.943325 0.321085 -0.0839245
v -2.132 -4.6754 0.34564
vn 0.974162 0.225195 0.0171649
v -2.1383 -4.6527 0.34564
vn 0.950659 0.309754 -0.0173115
v -2.1489 -4.6299 0.32293
vn 0.914349 0.399985 -0.0630717
v -2.1703 -4.5845 0.34564
vn 0.903728 0.428067 -0.00589644
v -2.1462 -4.6299 0.36834
vn 0.93112 0.363387 -0.0310748
v -2.1555 -4.61375 0.34564
vn 0.890464 0.451722 -0.0549593
v -2.1338 -4.6754 0.36834
vn 0.978057 0.185396 0.0950394
v -2.139 -4.6527 0.36834
vn 0.967299 0.245013 0.0655818
v -2.1367 -4.6754 0.39105
vn 0.984412 0.159013 0.0751535
v -2.1407 -4.6527 0.39105
vn 0.977319 0.209075 0.0337019
v -2.15445 -4.6116 0.36834
vn 0.885558 0.46146 -0.053307
v -2.1459 -4.6299 0.39105
vn 0.959124 0.282987 -0.000415929
v -2.1521 -4.6136 0.39105
vn 0.928951 0.369804 -0.0171669
v -2.1551 -4.6072 0.4024
vn 0.86497 0.500467 -0.03689
v -2.1785 -4.5618 0.23211
vn 0.927868 0.359612 -0.0986934
v -2.1748 -4.5645 0.25482
vn 0.937505 0.347055 -0.0252356
v -2.1858 -4.5391 0.23211
vn 0.947173 0.301824 -0.108469
v -2.1844 -4.5391 0.25482
vn 0.936427 0.350644 -0.0123726
v -2.1784 -4.5618 0.30023
vn 0.929507 0.365248 0.051094
v -2.1872 -4.5391 0.288875
vn 0.933799 0.351341 0.0676667
v -2.1926 -4.5164 0.27752
vn 0.953467 0.285614 0.0965653
v -2.1954 -4.5164 0.30023
vn 0.949534 0.306744 0.0655195
v -2.1689 -4.5845 0.23211
vn 0.930409 0.363449 -0.047367
v -2.1678 -4.5845 0.25482
vn 0.950373 0.310887 -0.0118665
v -2.1687 -4.5845 0.27752
vn 0.942451 0.333076 0.0290883
v -2.1976 -4.471 0.27747
vn 1 0 0
v -2.1724 -4.5788 0.32293
vn 0.921114 0.388872 0.018095
v -2.1806 -4.5618 0.34564
vn 0.927122 0.372963 0.0366567
v -2.189 -4.5391 0.32293
vn 0.943227 0.331816 0.0148336
v -2.197 -4.514 0.32293
vn 0.969798 0.243836 -0.00595516
v -2.1889 -4.5391 0.34564
vn 0.961684 0.272553 -0.0296496
v -2.1963 -4.5107 0.34564
vn 0.971469 0.221902 -0.0837126
v -2.17255 -4.58045 0.36834
vn 0.882688 0.469928 -0.00536041
v -2.182 -4.5618 0.379695
vn 0.936908 0.349518 0.00632848
v -2.1748 -4.5765 0.39105
vn 0.863959 0.502708 -0.029332
v -2.188 -4.5391 0.36834
vn 0.979282 0.202041 -0.0136568
v -2.1916 -4.5164 0.36834
vn 0.978715 0.191139 -0.0747207
v -2.1884 -4.5391 0.4024
vn 0.980755 0.195136 0.00648229
v -2.1907 -4.5164 0.39105
vn 0.99211 0.125293 -0.00437171
v -2.19765 -4.47205 0.36834
vn 0.992177 0.0473109 -0.115525
v -2.1338 -4.7208 0.41375
vn 0.999225 0.0352155 0.0176039
v -2.1349 -4.6981 0.41375
vn 0.995612 0.093565 -0.00146021
v -2.1342 -4.7208 0.45916
vn 0.999106 -0.0373653 0.0197864
v -2.1338 -4.6981 0.43646
vn 0.998574 0.0358235 -0.0395851
v -2.1324 -4.6981 0.45916
vn 0.999988 0.0044007 0.00219987
v -2.1366 -4.7208 0.48187
vn 0.977837 -0.0976461 0.185203
v -2.1339 -4.6981 0.48187
vn 0.990673 -0.00872886 0.135978
v -2.1375 -4.6754 0.41375
vn 0.989036 0.143054 -0.0366558
v -2.1411 -4.6527 0.41375
vn 0.978262 0.206969 -0.0129167
v -2.1398 -4.6527 0.43646
vn 0.976082 0.213803 -0.0393839
v -2.1461 -4.6299 0.425105
vn 0.958009 0.286623 -0.00811174
v -2.15325 -4.6097 0.43646
vn 0.908718 0.417389 0.00428951
v -2.1344 -4.6754 0.45916
vn 0.991659 0.128872 -0.002185
v -2.1391 -4.6527 0.45916
vn 0.973341 0.228358 0.0214535
v -2.1359 -4.6754 0.48187
vn 0.971684 0.159812 0.174039
v -2.1414 -4.6527 0.48187
vn 0.951234 0.254365 0.174503
v -2.1458 -4.6299 0.45916
vn 0.95181 0.302433 0.0509122
v -2.1535 -4.6103 0.45916
vn 0.913716 0.404821 0.0352622
v -2.15035 -4.62465 0.48187
vn 0.948011 0.294444 0.12074
v -2.1565 -4.6072 0.48187
vn 0.914192 0.402908 0.0437962
v -2.1412 -4.7208 0.50457
vn 0.970636 -0.0598632 0.232987
v -2.1398 -4.6981 0.50457
vn 0.967417 0.0134956 0.252828
v -2.1461 -4.6981 0.52728
vn 0.965308 0.0946058 0.243372
v -2.1425 -4.6754 0.50457
vn 0.946976 0.163387 0.27666
v -2.1469 -4.6527 0.50457
vn 0.958286 0.187886 0.215374
v -2.1499 -4.6754 0.52728
vn 0.97225 0.136713 0.18984
v -2.1521 -4.65145 0.52728
vn 0.991033 0.0691702 0.114317
v -2.1521 -4.6299 0.51012
vn 0.976566 0.196789 0.0871334
v -2.1573 -4.6072 0.50457
vn 0.942856 0.3332 0.000216421
v -2.15295 -4.6299 0.53863
vn 0.997391 0.0710995 0.0124969
v -2.1562 -4.6072 0.52728
vn 0.958527 0.284093 -0.0227377
v -2.149 -4.6981 0.54998
vn 0.991975 0.120167 0.039322
v -2.1521 -4.6736 0.54998
vn 0.994865 0.100387 0.0128923
v -2.1533 -4.6527 0.54998
vn 0.999671 0.0250051 0.00563676
v -2.1491 -4.6981 0.57269
vn 0.999298 0.0286135 -0.0242002
v -2.1521 -4.6527 0.57833
vn 0.996481 0.0731695 -0.0408868
v -2.1554 -4.6072 0.54998
vn 0.976131 0.217155 -0.00358072
v -2.1532 -4.6299 0.57269
vn 0.997517 0.0683885 0.0168429
v -2.1558 -4.6072 0.57269
vn 0.961385 0.270345 0.0515028
v -2.1748 -4.5733 0.425105
vn 0.859344 0.509784 -0.0405877
v -2.1818 -4.5618 0.41375
vn 0.926821 0.374639 -0.0254764
v -2.1913 -4.5164 0.43646
vn 0.991065 0.128745 0.0348475
v -2.1884 -4.5391 0.43646
vn 0.969727 0.2441 0.00671184
v -2.1803 -4.5618 0.45916
vn 0.887609 0.460335 0.0155437
v -2.1818 -4.5618 0.48187
vn 0.894499 0.440875 0.0741668
v -2.1898 -4.5391 0.45916
vn 0.951859 0.290743 0.0971217
v -2.1939 -4.5164 0.45916
vn 0.975589 0.176209 0.131056
v -2.1933 -4.5391 0.48187
vn 0.91505 0.393014 0.0906797
v -2.1668 -4.5845 0.43646
vn 0.857823 0.512613 -0.0369807
v -2.1664 -4.5845 0.45916
vn 0.88341 0.468481 0.0106187
v -2.1666 -4.5845 0.50457
vn 0.865376 0.500912 -0.0145477
v -2.1977 -4.42617 0.43443
vn 0.980594 0.170582 0.0966263
v -2.182 -4.5618 0.52728
vn 0.816881 0.576784 -0.00499332
v -2.1826 -4.5618 0.50457
vn 0.868618 0.495383 0.00989385
v -2.1945 -4.5391 0.50457
vn 0.885542 0.464228 0.0175515
v -2.1942 -4.5391 0.52728
vn 0.885618 0.464268 -0.0116964
v -2.16525 -4.5845 0.53863
vn 0.882626 0.469957 -0.0105768
v -2.1657 -4.5845 0.57269
vn 0.84605 0.53227 0.0297932
v -2.1976 -4.4719 0.54867
vn 0.990877 0.105275 0.0841375
v -2.2075 -4.2894 0.25482
vn 0.99604 0.087757 0.0142557
v -2.2048 -4.3121 0.25482
vn 0.992658 0.118074 0.026231
v -2.2061 -4.3121 0.27752
vn 0.995006 0.0942439 0.0328775
v -2.1507 -4.7208 0.5954
vn 0.994695 -0.102087 0.0126849
v -2.1499 -4.7208 0.57269
vn 0.997945 -0.0637433 0.00659517
v -2.1486 -4.6981 0.5954
vn 0.999434 -0.0334626 -0.00352197
v -2.1521 -4.7272 0.64081
vn 0.989702 -0.143144 0.00076762
v -2.1521 -4.7287 0.6181
vn 0.988613 -0.15019 0.00931124
v -2.1488 -4.6981 0.64081
vn 0.999269 -0.0381458 0.00245998
v -2.1478 -4.6981 0.674865
vn 0.997945 -0.0590151 -0.0249669
v -2.1492 -4.6754 0.5954
vn 0.997329 0.0706746 -0.0184141
v -2.1521 -4.6491 0.5954
vn 0.98934 0.14376 0.0232414
v -2.1498 -4.6754 0.64081
vn 0.996958 0.0777319 0.005634
v -2.1546 -4.6299 0.5954
vn 0.990295 0.122672 0.0653229
v -2.1581 -4.6072 0.5954
vn 0.956638 0.273933 0.099014
v -2.1565 -4.6299 0.6181
vn 0.980707 0.182598 0.0697922
v -2.1614 -4.6072 0.6181
vn 0.95166 0.28717 0.10898
v -2.1521 -4.658 0.64081
vn 0.985497 0.169647 -0.00395336
v -2.1491 -4.6754 0.66351
vn 0.993694 0.0964314 -0.0572039
v -2.1521 -4.6527 0.663525
vn 0.987436 0.146238 -0.059868
v -2.1578 -4.6299 0.64081
vn 0.971421 0.235732 0.0277848
v -2.1637 -4.6072 0.64081
vn 0.943253 0.324113 0.0722803
v -2.1571 -4.6299 0.66351
vn 0.964881 0.257692 -0.0509908
v -2.1641 -4.6072 0.66351
vn 0.933233 0.358899 -0.0163955
v -2.1521 -4.7266 0.68622
vn 0.984225 -0.176698 0.00889867
v -2.1521 -4.7208 0.71699
vn 0.982184 -0.181031 0.0504311
v -2.1476 -4.6981 0.70892
vn 0.994741 -0.0970431 0.0327613
v -2.1492 -4.6981 0.73163
vn 0.990752 -0.116349 0.0698031
v -2.1473 -4.6754 0.68622
vn 0.997944 0.0483604 -0.0420719
v -2.1501 -4.6527 0.68622
vn 0.980637 0.183147 -0.0693428
v -2.1467 -4.6754 0.70892
vn 0.99953 0.0286229 0.0110048
v -2.1489 -4.6527 0.70892
vn 0.983846 0.178993 -0.00296357
v -2.1551 -4.6299 0.69757
vn 0.948265 0.315841 -0.0322041
v -2.1626 -4.6072 0.720275
vn 0.938373 0.343015 -0.0423913
v -2.1478 -4.6754 0.73163
vn 0.998933 0.0237606 0.0395928
v -2.1482 -4.6754 0.75433
vn 0.997732 0.0038682 -0.067197
v -2.1493 -4.6527 0.75433
vn 0.988984 0.13343 -0.064088
v -2.15765 -4.61855 0.74298
vn 0.956314 0.291298 -0.024662
v -2.1543 -4.6299 0.75433
vn 0.968136 0.248025 -0.0345775
v -2.1748 -4.5729 0.5954
vn 0.795526 0.604791 0.0369494
v -2.1839 -4.5618 0.57269
vn 0.776422 0.630206 -0.00310115
v -2.1838 -4.5618 0.5954
vn 0.776493 0.629604 0.0256476
v -2.1748 -4.5761 0.6181
vn 0.816403 0.567009 0.109485
v -2.1854 -4.5618 0.6181
vn 0.832598 0.544383 0.10212
v -2.17395 -4.58295 0.64081
vn 0.872731 0.481904 0.0781628
v -2.1887 -4.5618 0.64081
vn 0.88008 0.466821 0.0868138
v -2.1748 -4.5839 0.66351
vn 0.873956 0.485677 -0.0178321
v -2.19 -4.5618 0.66351
vn 0.862962 0.505268 -0.00031393
v -2.1976 -4.53925 0.64035
vn 0.958959 0.279136 0.0497997
v -2.196 -4.5391 0.6181
vn 0.91343 0.394374 0.100574
v -2.1979 -4.5409 0.66351
vn 0.979755 0.19846 0.0263436
v -2.1667 -4.5845 0.5954
vn 0.90177 0.420459 0.100126
v -2.1884 -4.5618 0.68622
vn 0.901575 0.410136 -0.137664
v -2.1748 -4.5797 0.70892
vn 0.898846 0.430002 -0.0847014
v -2.1969 -4.5391 0.68131
vn 0.936812 0.33209 -0.109995
v -2.1907 -4.5391 0.70892
vn 0.956784 0.240249 -0.163845
v -2.1976 -4.5229 0.68622
vn 0.988294 0.116266 -0.0987824
v -2.1748 -4.5722 0.73163
vn 0.92309 0.37212 -0.0971169
v -2.17655 -4.565 0.75433
vn 0.910289 0.403043 0.094502
v -2.1793 -4.5618 0.73163
vn 0.915524 0.39616 -0.0698031
v -2.1682 -4.5845 0.75433
vn 0.937606 0.347393 -0.014601
v -2.1483 -4.6981 0.77704
vn 0.991552 -0.0917278 -0.0917088
v -2.1453 -4.6981 0.811095
vn 0.992375 -0.0983624 -0.0742757
v -2.14305 -4.6754 0.811095
vn 0.998104 -0.0155498 -0.0595608
v -2.1452 -4.6527 0.79974
vn 0.986275 0.144451 -0.0799669
v -2.1521 -4.6299 0.78601
vn 0.950036 0.30301 -0.0749424
v -2.1605 -4.6072 0.77704
vn 0.944648 0.327978 -0.00845741
v -2.1606 -4.6072 0.79974
vn 0.909839 0.414922 -0.00565253
v -2.1439 -4.6527 0.82245
vn 0.988753 0.148494 -0.0177822
v -2.1435 -4.6981 0.84515
vn 0.992015 -0.120187 -0.0382324
v -2.1417 -4.6754 0.856505
vn 0.999769 0.0166653 -0.0135773
v -2.1491 -4.6299 0.82245
vn 0.941538 0.335164 -0.0342242
v -2.1599 -4.6072 0.82245
vn 0.868596 0.49551 -0.00336309
v -2.149 -4.6299 0.84515
vn 0.961652 0.27378 0.0164547
v -2.1557 -4.61455 0.856505
vn 0.903714 0.428078 0.00710633
v -2.1595 -4.6072 0.84515
vn 0.868738 0.494507 -0.0275098
v -2.1423 -4.6981 0.89056
vn 0.990483 -0.137564 0.00433448
v -2.1482 -4.7208 0.86786
vn 0.969621 -0.24348 -0.0234943
v -2.1481 -4.7208 0.89056
vn 0.970177 -0.240408 0.0309804
v -2.1494 -4.7208 0.91327
vn 0.970433 -0.2223 0.0940304
v -2.1442 -4.6981 0.91327
vn 0.987283 -0.11992 0.104359
v -2.1473 -4.6981 0.93597
vn 0.989472 -0.0842579 0.11767
v -2.144 -4.6527 0.86786
vn 0.981736 0.186997 0.0350109
v -2.1415 -4.6754 0.89056
vn 0.997085 0.057828 0.0497697
v -2.1455 -4.6527 0.89056
vn 0.965777 0.241842 0.0937402
v -2.15105 -4.62695 0.86786
vn 0.945589 0.318014 0.0687649
v -2.1521 -4.6299 0.88581
vn 0.942565 0.309005 0.126835
v -2.1606 -4.6072 0.89056
vn 0.933115 0.347984 0.0905767
v -2.1432 -4.6754 0.91327
vn 0.98709 0.106101 0.119986
v -2.1521 -4.6527 0.93869
vn 0.959833 0.248484 0.130291
v -2.147 -4.6754 0.93597
vn 0.986629 0.0926015 0.134124
v -2.15415 -4.6359 0.91327
vn 0.945911 0.303135 0.115596
v -2.1627 -4.6072 0.91327
vn 0.953086 0.296663 0.0601464
v -2.1583 -4.6299 0.93597
vn 0.960224 0.268444 0.0768633
v -2.17205 -4.57875 0.77704
vn 0.897837 0.431582 0.087325
v -2.1832 -4.5618 0.78839
vn 0.893132 0.42799 0.138345
v -2.17355 -4.58215 0.79974
vn 0.876146 0.473002 0.0929417
v -2.1866 -4.5391 0.75433
vn 0.920859 0.35902 0.152061
v -2.1909 -4.5391 0.77704
vn 0.913548 0.375815 0.155539
v -2.1976 -4.5164 0.77803
vn 0.943826 0.270019 0.190481
v -2.1976 -4.527 0.82245
vn 0.990415 0.11214 -0.0806442
v -2.19715 -4.5164 0.84117
vn 0.991573 0.0668256 -0.110988
v -2.1948 -4.5391 0.84515
vn 0.990252 0.082892 -0.111937
v -2.1875 -4.5618 0.82245
vn 0.885903 0.461721 0.0445982
v -2.1876 -4.5618 0.84515
vn 0.85524 0.510751 -0.0877413
v -2.1978 -4.471 0.84681
vn 0.98728 0.0173502 -0.158042
v -2.1732 -4.5816 0.86786
vn 0.870162 0.487162 -0.0741053
v -2.184 -4.5618 0.86786
vn 0.872445 0.474944 -0.115186
v -2.1725 -4.5794 0.89056
vn 0.910378 0.413239 -0.0210937
v -2.17265 -4.5788 0.91327
vn 0.937389 0.347091 0.0288038
v -2.1783 -4.56935 0.947325
vn 0.94183 0.329762 0.0649179
v -2.1519 -4.7208 0.98138
vn 0.985592 -0.162055 -0.0484394
v -2.1485 -4.6981 0.98138
vn 0.996662 -0.0368978 -0.0728309
v -2.1465 -4.6981 1.0041
vn 0.993423 -0.0911662 -0.0692715
v -2.1502 -4.7208 1.0268
vn 0.978835 -0.200507 -0.0409686
v -2.1453 -4.6981 1.0268
vn 0.996 -0.0833598 -0.0321814
v -2.1492 -4.6981 0.95868
vn 0.998542 0.0296914 0.0450768
v -2.15 -4.6754 0.95868
vn 0.993532 0.0989833 0.0556378
v -2.1532 -4.6581 0.95868
vn 0.976298 0.206754 0.063984
v -2.1499 -4.6754 0.98138
vn 0.987621 0.147669 -0.0529032
v -2.1575 -4.6413 0.98138
vn 0.96939 0.245411 -0.00747176
v -2.1652 -4.6072 0.95868
vn 0.962204 0.267918 0.0488261
v -2.1663 -4.6072 0.98138
vn 0.966578 0.255487 0.0212794
v -2.1449 -4.6754 1.0268
vn 0.990694 0.111616 -0.0778963
v -2.1521 -4.6537 1.00605
vn 0.962213 0.251822 -0.103596
v -2.1498 -4.6527 1.0268
vn 0.959384 0.271357 -0.0771182
v -2.1595 -4.6299 1.0041
vn 0.95584 0.285317 -0.0704531
v -2.1662 -4.6072 1.0041
vn 0.954775 0.293577 -0.0470932
v -2.16115 -4.61855 1.0268
vn 0.949165 0.309329 -0.0583224
v -2.1455 -4.6981 1.0495
vn 0.998898 -0.0404798 0.0237632
v -2.14605 -4.6981 1.08355
vn 0.999431 -0.0290242 0.0171819
v -2.1492 -4.7208 1.0722
vn 0.989577 -0.143858 -0.00653754
v -2.14845 -4.7208 1.10625
vn 0.995407 -0.0953617 0.00841774
v -2.14685 -4.6981 1.12895
vn 0.999155 0.0216295 0.0349591
v -2.1447 -4.6754 1.0495
vn 0.994512 0.0937555 0.0464402
v -2.1488 -4.6527 1.0495
vn 0.963014 0.269375 0.00641034
v -2.1466 -4.6754 1.0722
vn 0.993528 0.0919147 0.0667299
v -2.1507 -4.6527 1.0722
vn 0.967845 0.235414 0.0886393
v -2.171 -4.5845 1.0495
vn 0.936805 0.349772 -0.00740258
v -2.1645 -4.6072 1.0722
vn 0.952009 0.297152 0.0733479
v -2.1486 -4.6754 1.0949
vn 0.984981 0.165425 0.0494715
v -2.1521 -4.65555 1.08915
vn 0.960856 0.259122 0.0980367
v -2.1521 -4.6652 1.1176
vn 0.965062 0.256103 0.055374
v -2.1682 -4.6072 1.1176
vn 0.960122 0.276127 0.0438208
v -2.1748 -4.58345 0.967035
vn 0.931634 0.360812 0.0432761
v -2.1837 -4.5618 0.98138
vn 0.932388 0.361458 0
v -2.17465 -4.58412 0.996905
vn 0.932278 0.357776 -0.0534262
v -2.1748 -4.58585 1.11
vn 0.935867 0.348557 0.0515903
v -2.1719 -4.5845 1.0722
vn 0.928427 0.366324 0.0618941
v -2.1854 -4.5618 1.1176
vn 0.921269 0.385046 0.0547995
v -2.1491 -4.7208 1.1403
vn 0.994415 -0.0912206 0.0530893
v -2.1521 -4.7208 1.1875
vn 0.995351 -0.0717132 0.064289
v -2.1521 -4.7301 1.163
vn 0.98187 -0.179494 0.0609284
v -2.1488 -4.6981 1.163
vn 0.995216 0.0692166 0.0689537
v -2.15235 -4.6981 1.20575
vn 0.997212 -0.0014532 0.074608
v -2.1504 -4.6754 1.1403
vn 0.980337 0.193205 0.0401292
v -2.1562 -4.6527 1.1403
vn 0.966458 0.256523 0.0124162
v -2.1521 -4.6754 1.1705
vn 0.982273 0.180247 0.0514798
v -2.15915 -4.6413 1.163
vn 0.975299 0.220768 -0.00727347
v -2.1684 -4.6072 1.1403
vn 0.962289 0.271395 -0.018556
v -2.1665 -4.6072 1.17435
vn 0.966528 0.251893 -0.0487195
v -2.1543 -4.6754 1.2084
vn 0.990399 0.127755 0.0528104
v -2.1568 -4.6527 1.1857
vn 0.98642 0.163497 0.0156009
v -2.15715 -4.6527 1.21975
vn 0.992662 0.119216 0.0202488
v -2.16305 -4.61855 1.19705
vn 0.977328 0.210364 -0.0240255
v -2.16265 -4.61855 1.21975
vn 0.983263 0.182002 -0.0083407
v -2.1548 -4.7208 1.24245
vn 0.999666 -0.0161455 0.0201808
v -2.1548 -4.6981 1.2538
vn 0.999423 0.0188968 0.0282409
v -2.1549 -4.7208 1.2765
vn 0.999874 -0.0132165 -0.00880569
v -2.1545 -4.6981 1.2765
vn 0.998637 0.0198065 -0.0482836
v -2.1562 -4.6754 1.2538
vn 0.996819 0.0772112 0.0197484
v -2.15765 -4.6527 1.26515
vn 0.992103 0.124627 -0.0141369
v -2.16065 -4.6299 1.24245
vn 0.987595 0.156782 0.00870869
v -2.1555 -4.6754 1.2765
vn 0.995739 0.0731291 -0.0561697
v -2.1513 -4.6981 1.322
vn 0.997191 0.0032346 -0.0748282
v -2.1513 -4.6754 1.322
vn 0.993633 0.0759272 -0.0832327
v -2.1553 -4.6527 1.31065
vn 0.978693 0.192935 -0.0702557
v -2.16305 -4.61855 1.2765
vn 0.986795 0.161763 0.00830392
v -2.1611 -4.6299 1.2993
vn 0.980525 0.195834 -0.0148067
v -2.1697 -4.5845 1.2993
vn 0.980039 0.197529 0.0224948
v -2.1748 -4.5873 1.1403
vn 0.93758 0.343789 -0.0524753
v -2.1853 -4.5618 1.1403
vn 0.92621 0.369343 -0.0756393
v -2.17345 -4.5806 1.1857
vn 0.945339 0.318579 -0.0695765
v -2.17545 -4.5633 1.2538
vn 0.917176 0.39605 -0.0439508
v -2.1782 -4.5618 1.21975
vn 0.913668 0.404394 -0.0409419
v -2.1906 -4.5391 1.163
vn 0.968389 0.242713 -0.0575605
v -2.188 -4.5391 1.2084
vn 0.929948 0.365972 -0.0355041
v -2.1703 -4.5845 1.21975
vn 0.963466 0.263913 -0.0456366
v -2.1881 -4.5391 1.2311
vn 0.913591 0.406493 -0.0107309
v -2.1886 -4.5391 1.2538
vn 0.891123 0.453419 -0.017666
v -2.17545 -4.5634 1.2765
vn 0.926347 0.375808 -0.0254753
v -2.1756 -4.56415 1.2993
vn 0.947789 0.318868 0.00445242
v -2.1853 -4.5391 1.2993
vn 0.910113 0.409068 -0.0660072
v -2.1876 -4.5391 1.2765
vn 0.888468 0.450104 -0.0896179
v -2.1685 -4.5845 1.2538
vn 0.973743 0.226759 -0.0201246
v -2.1685 -4.5845 1.2765
vn 0.971315 0.236755 0.0222371
v -2.1526 -4.6527 1.3447
vn 0.978241 0.181775 -0.100007
v -2.1494 -4.6754 1.3447
vn 0.991548 0.0857287 -0.0973769
v -2.1623 -4.61855 1.33335
vn 0.972158 0.225648 -0.0631717
v -2.17 -4.5845 1.322
vn 0.975527 0.219168 -0.0176948
v -2.1623 -4.6072 1.3674
vn 0.966242 0.243583 -0.0839229
v -2.1469 -4.6754 1.3674
vn 0.99261 0.0611932 -0.104791
v -2.1471 -4.6981 1.3674
vn 0.994188 -0.0087607 -0.107302
v -2.1497 -4.6527 1.3674
vn 0.972834 0.209519 -0.0984647
v -2.1748 -4.5677 1.322
vn 0.951989 0.305937 -0.0109042
v -2.1748 -4.5655 1.3447
vn 0.948107 0.306659 -0.0839861
v -2.184 -4.5391 1.3447
vn 0.935948 0.344167 -0.0744974
v -2.169 -4.5845 1.3447
vn 0.967892 0.244669 -0.0576394
v -2.1672 -4.5845 1.3674
vn 0.969338 0.236287 -0.0674692
v -2.17415 -4.55985 1.3674
vn 0.955562 0.289734 -0.0543594
v -2.1976 -4.4037 0.89056
vn 0.998996 0.0439216 -0.00878162
v -2.1976 -4.3789 0.91327
vn 0.975142 0.147053 -0.165752
v -2.1976 -4.4483 1.1206
vn 0.999011 0.0294198 -0.0333453
v -2.1976 -4.471 1.2538
vn 0 0 0
v -2.1966 -4.3767 0.95868
vn 0.945799 0.27021 0.180139
v -2.1976 -4.3866 0.97528
vn 0.98093 0.142841 0.131804
v -2.19735 -4.3348 1.18455
vn 0.976631 -0.0829872 -0.198253
v -2.1976 -4.3575 1.2045
vn 0.974315 -0.187375 -0.124902
v -2.1975 -4.31075 1.1857
vn 0.973698 0.0720557 -0.216148
v -2.1976 -4.26805 1.27835
vn 1 0 0
v -2.1976 -4.08925 1.183
vn 0.981067 -0.103852 -0.163471
v -2.1976 -4.1985 1.2141
vn 0.998074 0.0511911 -0.035026
v -2.1976 -4.1818 1.2311
vn 0.988464 0.0659081 -0.136362
v -2.1976 -4.1192 1.2311
vn 0.973278 -0.204103 -0.105222
v -2.1826 -4.5391 1.3674
vn 0.930458 0.357287 -0.081206
v -2.1976 -4.2504 1.2993
vn 0.998426 0.00781019 -0.0555416
v -2.1976 -4.2213 1.2892
vn 0.997854 -0.0326002 -0.0567833
v -2.1976 -4.1985 1.3723
vn 0.905362 -0.362159 0.22172
v -2.2002 -4.0623 1.163
vn 0.986713 0.10395 -0.12487
v -2.1932 -4.0623 1.2084
vn 0.977346 0.161613 -0.136664
v -2.1977 -4.0396 1.2084
vn 0.985839 0.164437 -0.0329057
v -2.1956 -4.0396 1.2993
vn 0.972467 0.216602 0.0859778
v -2.1764 -4.4256 -0.085759
vn 0.991711 -0.0603628 0.11343
v -2.1748 -4.4256 -0.10221
vn 0.974151 -0.177105 0.14023
v -2.17505 -4.40193 -0.0862362
vn 0.972858 -0.0753569 0.218791
v -2.1595 -4.3802 -0.10846
vn 0.911939 -0.19607 0.360449
v -2.1485 -4.3575 -0.13117
vn 0.973975 0.00260682 0.226641
v -2.1695 -4.3348 -0.085759
vn 0.886282 0.183522 0.425233
v -2.17715 -4.3348 -0.0688835
vn 0.911929 0.142112 0.384955
v -2.17605 -4.3575 -0.0662775
vn 0.907776 0.0844114 0.410874
v -2.1748 -4.315 -0.088618
vn 0.896951 0.252123 0.363198
v -2.1976 -4.3802 0.0049829
vn 0.972563 0.114043 0.20277
v -2.202 -4.3575 0.0050616
vn 0.933283 0.228867 0.276771
v -2.1875 -4.3348 -0.040349
vn 0.880334 0.212314 0.424188
v -2.1976 -4.3377 -0.017643
vn 0.87922 0.218722 0.423241
v -2.2042 -4.3121 -0.017643
vn 0.872353 0.192145 0.449533
v -2.2002 -4.1531 -0.085759
vn 0.998952 0.0131201 0.0438549
v -2.2071 -4.1304 -0.017643
vn 0.868204 -0.153911 0.471735
v -2.2007 -4.471 0.5954
vn 0.997353 0.0601571 0.0408499
v -2.2017 -4.471 0.6181
vn 0.995557 0.0833273 0.0438539
v -2.19975 -4.4937 0.629455
vn 0.995589 0.0912226 0.0219319
v -2.1921 -4.5164 0.73163
vn 0.969987 0.21334 -0.116667
v -2.1976 -4.5032 0.70892
vn 0.994278 0.089209 -0.058766
v -2.19775 -4.4946 0.750235
vn 0.970621 0.192133 0.144845
v -2.1976 -4.5264 0.79974
vn 0.972541 0.229435 0.0390217
v -2.1997 -4.5164 0.79974
vn 0.99339 0.114756 0.00262439
v -2.1937 -4.5391 0.79974
vn 0.963568 0.259498 0.0647958
v -2.1953 -4.5391 0.82245
vn 0.982135 0.186666 0.0237872
v -2.2013 -4.4937 0.77704
vn 0.991754 0.0987041 0.0817373
v -2.2002 -4.471 0.75433
vn 0.996679 0.0197586 0.078994
v -2.2022 -4.471 0.77704
vn 0.998939 -0.0052788 0.0457596
v -2.2019 -4.4937 0.79974
vn 0.997722 0.0671618 -0.00631212
v -2.2025 -4.471 0.79974
vn 0.999373 -0.0290545 -0.0202461
v -2.2007 -4.4483 0.77704
vn 0.999013 -0.0369643 0.0246408
v -2.20065 -4.4483 0.74298
vn 0.999471 0.0324473 0.00220535
v -2.2006 -4.4256 0.77704
vn 0.99789 0.059329 -0.026364
v -2.201 -4.4483 0.79974
vn 0.997523 -0.0600595 -0.0366099
v -2.2004 -4.4937 0.82245
vn 0.99508 0.0525506 -0.0839925
v -2.2009 -4.471 0.82245
vn 0.995831 -0.0108684 -0.0905642
v -2.1998 -4.4483 0.82245
vn 0.996688 -0.0296396 -0.0757238
v -2.2003 -4.4256 0.79974
vn 0.998481 -0.0263961 -0.0483661
v -2.1977 -4.4256 0.84515
vn 0.999248 -0.00420205 -0.0385464
v -2.1976 -4.4483 0.85282
vn 0.995703 0.0198706 -0.0904423
v -2.1915 -4.5391 0.86786
vn 0.978499 0.147989 -0.143661
v -2.1943 -4.5164 0.86786
vn 0.993859 0.0459374 -0.100668
v -2.1872 -4.5391 0.89056
vn 0.970596 0.200955 -0.132516
v -2.1919 -4.5164 0.89056
vn 0.98716 0.126837 -0.0970992
v -2.19 -4.5164 0.91327
vn 0.988364 0.146585 -0.0406257
v -2.1932 -4.4937 0.89056
vn 0.99804 0.0318761 -0.0538495
v -2.1927 -4.4937 0.91327
vn 0.998142 0.0609266 -0.000628852
v -2.1935 -4.45965 0.89056
vn 0.998561 0.0146147 -0.0515897
v -2.1929 -4.471 0.91327
vn 0.999438 -0.00586973 0.0330173
v -2.191 -4.5164 0.93597
vn 0.975229 0.203204 0.0873849
v -2.1937 -4.4937 0.93597
vn 0.994489 0.0627975 0.0839518
v -2.1943 -4.471 0.93597
vn 0.996385 -0.00439008 0.0848363
v -2.1924 -4.4483 0.91327
vn 0.999561 -0.0220149 0.0198114
v -2.1935 -4.4483 0.93597
vn 0.996161 -0.0278305 0.0829923
v -2.2063 -4.3575 0.60675
vn 0.989448 0.143836 -0.0174381
v -2.2042 -4.3802 0.79974
vn 0.992218 0.0881403 -0.0879459
v -2.206 -4.3802 0.77704
vn 0.994412 0.0939439 -0.0481639
v -2.20225 -4.36885 0.82245
vn 0.994984 0.0739546 -0.0673619
v -2.207 -4.3575 0.77704
vn 0.997019 0.0407718 -0.0655061
v -2.2044 -4.3348 0.82245
vn 0.99809 0.0571597 -0.0234472
v -2.2015 -4.36885 0.84515
vn 0.996 0.0865022 -0.0224034
v -2.2046 -4.3348 0.84515
vn 0.997696 0.0665537 -0.0131829
v -2.2057 -4.3121 0.82245
vn 0.998687 0.0498592 0.0117374
v -2.20635 -4.30075 0.84515
vn 0.999055 0.0308059 -0.0306517
v -2.20315 -4.34615 0.86786
vn 0.996771 0.0676935 -0.0431766
v -2.2013 -4.3575 0.89056
vn 0.995415 0.0733194 -0.0614194
v -2.2009 -4.3348 0.91327
vn 0.998099 0.031878 -0.0527435
v -2.192 -4.4256 0.91327
vn 0.984534 0.112381 -0.134399
v -2.1951 -4.4256 0.89056
vn 0.984534 0.112381 -0.134399
v -2.20515 -4.30075 0.86786
vn 0.99686 0.0241569 -0.0754058
v -2.2026 -4.2894 0.89056
vn 0.995755 0.0244224 -0.0887438
v -2.2068 -4.2667 0.84515
vn 0.997826 -5.24002e-06 -0.065907
v -2.2052 -4.2667 0.86786
vn 0.997439 0.0131763 -0.070295
v -2.2036 -4.2667 0.89056
vn 0.99721 0.032946 -0.0669878
v -2.2047 -4.244 0.89056
vn 0.999179 0.0307699 -0.0263396
v -2.2016 -4.2894 0.91327
vn 0.999353 0.0343288 0.0107746
v -2.2019 -4.3348 0.947325
vn 0.997513 0.0531572 0.0462757
v -2.2035 -4.2894 0.93597
vn 0.997286 0.054915 0.0490431
v -2.205 -4.244 0.91327
vn 0.997403 0.0527217 0.0490656
v -2.20452 -4.28372 0.947325
vn 0.998592 0.0457445 0.0268565
v -2.2059 -4.244 0.93597
vn 0.999776 0.0209223 -0.00330068
v -2.2056 -4.2213 0.91327
vn 0.999797 0.0175432 -0.00992074
v -2.20575 -4.2099 0.93597
vn 0.99948 -0.0109049 -0.0303356
v -2.1943 -4.5164 0.95868
vn 0.983098 0.134264 0.124469
v -2.1882 -4.5391 0.95868
vn 0.95637 0.256992 0.138969
v -2.1968 -4.5164 0.98138
vn 0.995746 0.0783047 0.0485607
v -2.1973 -4.5164 1.0041
vn 0.996501 0.0835789 0
v -2.1926 -4.5391 1.0041
vn 0.977046 0.212331 -0.017211
v -2.1901 -4.5391 1.0495
vn 0.970936 0.236672 -0.0356361
v -2.1964 -4.5164 1.03815
vn 0.98878 0.14539 -0.0342929
v -2.1961 -4.4937 0.95868
vn 0.9954 0.0381216 0.0878986
v -2.19703 -4.45965 0.969017
vn 0.997397 -0.00104954 0.0721032
v -2.19815 -4.47995 0.99274
vn 0.999263 0.0266446 0.0276204
v -2.1976 -4.4314 0.98359
vn 0.995656 -0.0241929 0.0899144
v -2.19735 -4.4937 1.03745
vn 0.998471 0.0501628 -0.0232085
v -2.1989 -4.471 1.0268
vn 0.998894 0.0457572 -0.0107823
v -2.1991 -4.43695 1.0041
vn 0.99895 0.000832746 0.0458059
v -2.1996 -4.4483 1.03815
vn 0.999596 0.0281815 -0.00377433
v -2.1996 -4.4256 1.0268
vn 0.999115 0.0343205 0.0243356
v -2.1905 -4.5391 1.0722
vn 0.967309 0.249994 0.0426163
v -2.1952 -4.5164 1.0722
vn 0.991448 0.129153 -0.0187198
v -2.1918 -4.5391 1.0949
vn 0.986922 0.160859 0.0104359
v -2.1933 -4.5164 1.1176
vn 0.997339 0.0633881 -0.0360225
v -2.19215 -4.5391 1.12895
vn 0.997477 0.0633197 -0.0320905
v -2.1953 -4.4937 1.0949
vn 0.997082 0.0671488 -0.0363066
v -2.1968 -4.471 1.1176
vn 0.997076 0.069364 -0.0320761
v -2.199 -4.4483 1.0722
vn 0.99749 0.066429 -0.0245252
v -2.2004 -4.4256 1.0722
vn 0.99509 0.0938615 0.0313856
v -2.19395 -4.4937 1.12895
vn 0.996368 0.0725785 -0.0445219
v -2.2005 -4.4256 1.0949
vn 0.991016 0.1312 -0.0259446
v -2.1924 -4.4937 1.163
vn 0.998503 0.0535029 -0.011371
v -2.1922 -4.5164 1.1857
vn 0.994909 0.0995538 0.0156532
v -2.1937 -4.5164 1.2084
vn 0.981965 0.170811 0.0810495
v -2.1947 -4.471 1.163
vn 0.99725 0.0683265 -0.0286907
v -2.1955 -4.4483 1.163
vn 0.998131 0.0507827 -0.0339895
v -2.1971 -4.4256 1.163
vn 0.992122 0.118811 -0.0397285
v -2.195 -4.471 1.1857
vn 0.996733 0.0592607 0.054878
v -2.1957 -4.4937 1.2084
vn 0.991615 0.0677183 0.110068
v -2.1972 -4.471 1.2114
vn 0.996114 0.0202142 0.0857185
v -2.1955 -4.4483 1.1857
vn 0.998406 0.0365133 0.0430344
v -2.1969 -4.4256 1.1857
vn 0.995417 0.0935109 0.0199937
v -2.19745 -4.4413 1.20975
vn 0.997519 0.0260385 0.0654063
v -2.1976 -4.5164 1.2451
vn 0.980826 0.177574 0.0803025
v -2.19785 -4.51745 1.2538
vn 0.974034 0.226403 0
v -2.1976 -4.5164 1.2692
vn 0.973953 0.192385 -0.120018
v -2.1918 -4.5164 1.2993
vn 0.969165 0.205736 -0.135613
v -2.19805 -4.4937 1.22645
vn 0.99588 0.0439332 0.079332
v -2.1987 -4.471 1.2311
vn 0.999939 -0.0100436 0.00458745
v -2.1991 -4.4937 1.2538
vn 0.999825 0.00418131 -0.0182225
v -2.1989 -4.4256 1.2311
vn 0.999747 0.0222781 0.00305616
v -2.1976 -4.4483 1.2511
vn 0.996526 0.0185537 -0.0811896
v -2.1984 -4.4256 1.2538
vn 0.996693 0.0348954 -0.0733823
v -2.1976 -4.4937 1.272
vn 0.99116 -0.0430792 -0.125487
v -2.1947 -4.471 1.2765
vn 0.993508 -0.0454718 -0.104282
v -2.1938 -4.4937 1.2993
vn 0.994657 0.0403481 -0.0950215
v -2.1926 -4.471 1.322
vn 0.998158 -0.0106295 -0.0597286
v -2.1942 -4.4483 1.2765
vn 0.997616 0.0127251 -0.0678235
v -2.194 -4.4256 1.2993
vn 0.994861 0.00379726 -0.101174
v -2.1936 -4.4256 0.95868
vn 0.983232 -0.0498071 0.175423
v -2.1976 -4.4029 0.98718
vn 0.989871 0.00607235 0.141842
v -2.1918 -4.4029 0.95868
vn 0.976293 -0.0774082 0.202138
v -2.20085 -4.3575 0.97003
vn 0.991155 0.10217 0.0846884
v -2.2033 -4.3348 0.98138
vn 0.997506 0.0424758 0.0563686
v -2.1993 -4.4029 1.0041
vn 0.996014 0.0560622 0.0693722
v -2.2041 -4.3575 1.0041
vn 0.991831 0.0926823 0.0876465
v -2.2008 -4.4029 1.0268
vn 0.993677 0.0959204 0.0583614
v -2.2051 -4.3348 1.0041
vn 0.998726 0.00989719 0.0494726
v -2.20585 -4.3575 1.03815
vn 0.99891 0.0254535 0.039135
v -2.2058 -4.30642 1.0268
vn 0.999967 0.00816384 0.000487609
v -2.20385 -4.30075 0.98138
vn 0.999467 0.01761 0.0274708
v -2.20445 -4.25535 0.98138
vn 0.999621 0.00843814 0.0262177
v -2.206 -4.244 1.0041
vn 0.998166 0.00330048 0.060442
v -2.2068 -4.25535 1.0268
vn 0.999873 0.0118193 -0.0107205
v -2.2046 -4.3802 1.0495
vn 0.992847 0.102052 0.0619628
v -2.2065 -4.3802 1.0722
vn 0.991467 0.115693 0.0600688
v -2.2057 -4.3348 1.06085
vn 0.999309 -0.0355708 0.0107896
v -2.2072 -4.3575 1.0722
vn 0.998803 -0.0198024 0.0447364
v -2.2045 -4.4029 1.0949
vn 0.987246 0.159053 0.00683477
v -2.20325 -4.4029 1.12895
vn 0.987593 0.142546 -0.0658869
v -2.2071 -4.3802 1.1176
vn 0.994866 0.0664768 -0.0763113
v -2.2066 -4.3348 1.0949
vn 0.997995 -0.0630172 0.00586289
v -2.2072 -4.3575 1.1176
vn 0.997967 -0.034072 -0.0538536
v -2.2049 -4.3121 1.0495
vn 0.999721 -0.0139442 -0.0190839
v -2.20515 -4.27805 1.0495
vn 0.998523 -0.00154028 -0.0543139
v -2.20415 -4.30075 1.0722
vn 0.999183 -0.0330129 -0.0233273
v -2.2051 -4.2213 1.0495
vn 0.995367 0.00884436 -0.0957367
v -2.203 -4.2667 1.0722
vn 0.997881 -0.0175854 -0.0626401
v -2.2045 -4.30075 1.1176
vn 0.998531 -0.0541468 -0.00201815
v -2.20245 -4.2667 1.10625
vn 0.998355 -0.0553341 -0.0150222
v -2.2013 -4.23265 1.0949
vn 0.996848 -0.0431283 -0.0665894
v -2.199 -4.2213 1.1176
vn 0.997486 -0.0599931 -0.0377196
v -2.2044 -4.2099 0.95868
vn 0.999219 -0.0208534 -0.0335698
v -2.2041 -4.2099 0.98138
vn 0.999176 -0.00585717 0.0401734
v -2.2042 -4.1758 0.98138
vn 0.99623 0.0241397 0.0833304
v -2.206 -4.1985 1.0041
vn 0.996978 0.018989 0.0753295
v -2.2073 -4.1985 1.0268
vn 0.999522 0.0305519 -0.00471703
v -2.207 -4.1758 1.0041
vn 0.993235 0.0554177 0.102047
v -2.205 -4.1531 0.98138
vn 0.987854 0.0478692 0.147831
v -2.2058 -4.1304 0.98138
vn 0.991168 -0.00873074 0.132326
v -2.2073 -4.1077 1.0041
vn 0.995603 -0.0822142 0.0449031
v -2.2058 -4.1077 1.0268
vn 0.986143 -0.107122 -0.126674
v -2.2053 -4.085 1.0041
vn 0.994985 -0.0876582 0.0481755
v -2.2062 -4.1985 1.0495
vn 0.992439 0.0625269 -0.105622
v -2.2026 -4.2213 1.0722
vn 0.996416 -0.00700997 -0.0842992
v -2.2029 -4.1985 1.0722
vn 0.990079 0.0260901 -0.138069
v -2.2045 -4.1758 1.0722
vn 0.983678 0.0450682 -0.174203
v -2.2041 -4.1531 1.0722
vn 0.980764 -0.0172852 -0.194431
v -2.1994 -4.1985 1.0949
vn 0.994601 -0.047988 -0.0920146
v -2.1983 -4.1985 1.1176
vn 0.999673 -0.0117144 -0.0227349
v -2.2 -4.1758 1.0949
vn 0.991167 0.0458514 -0.124439
v -2.198 -4.1758 1.1403
vn 0.999706 0.0124401 -0.0208013
v -2.20045 -4.11905 1.0722
vn 0.987901 -0.0864858 -0.12873
v -2.2004 -4.4029 1.163
vn 0.99277 0.107699 -0.0529967
v -2.2024 -4.3802 1.163
vn 0.994673 0.0401636 -0.0949394
v -2.2048 -4.34615 1.1403
vn 0.993892 -0.0169911 -0.109042
v -2.2019 -4.3575 1.163
vn 0.991181 -0.0436793 -0.125107
v -2.19995 -4.4029 1.19705
vn 0.998471 0.0552727 -0.000655111
v -2.201 -4.3802 1.1857
vn 0.995384 -0.0465389 -0.083937
v -2.1998 -4.3802 1.2084
vn 0.998062 -0.0455278 -0.0424266
v -2.1946 -4.3348 1.2084
vn 0.995968 -0.02763 -0.0853536
v -2.2036 -4.2894 1.1403
vn 0.996618 -0.055673 -0.0604442
v -2.2013 -4.2894 1.163
vn 0.991584 -0.0133476 -0.128774
v -2.1997 -4.23265 1.1403
vn 0.998904 -0.0443289 -0.0150214
v -2.2 -4.2667 1.163
vn 0.998058 -0.0300376 -0.0545787
v -2.1986 -4.2894 1.1857
vn 0.997208 0.0090939 -0.0741121
v -2.1953 -4.3121 1.2084
vn 0.996174 0.0572982 -0.0659916
v -2.19765 -4.2902 1.2084
vn 0.997541 0.0652808 -0.0254945
v -2.1987 -4.2667 1.1857
vn 0.999352 0.00924802 -0.034775
v -2.19785 -4.244 1.1918
vn 0.99805 -0.0417858 -0.0463628
v -2.1992 -4.4029 1.24245
vn 0.998808 -0.015628 -0.0462441
v -2.19725 -4.3833 1.2538
vn 0.989623 -0.115241 -0.0858271
v -2.194 -4.3575 1.24245
vn 0.989944 -0.121034 -0.0732208
v -2.191 -4.3348 1.2538
vn 0.998383 0.0113649 -0.0557003
v -2.19685 -4.4029 1.27075
vn 0.992444 -0.0365969 -0.117114
v -2.1943 -4.3802 1.2765
vn 0.990703 -0.0895985 -0.102367
v -2.1926 -4.39155 1.2993
vn 0.991987 -0.0477291 -0.11698
v -2.1908 -4.3348 1.2765
vn 0.99883 -0.0303352 -0.0376487
v -2.191 -4.3575 1.2993
vn 0.996816 -0.0366039 -0.0708328
v -2.1907 -4.3348 1.2993
vn 0.99865 0.0167207 -0.0491836
v -2.1949 -4.3121 1.2311
vn 0.994628 0.098509 -0.03181
v -2.193 -4.3121 1.2765
vn 0.9911 0.123926 -0.048603
v -2.1972 -4.2894 1.2538
vn 0.998969 0.0444514 -0.00924647
v -2.1965 -4.244 1.2311
vn 0.999369 -0.0350517 -0.00575402
v -2.1973 -4.2667 1.2311
vn 0.999829 -0.0122976 -0.0138121
v -2.1975 -4.244 1.25465
vn 0.999755 0.00582529 0.0213667
v -2.1963 -4.2894 1.2765
vn 0.991483 0.107919 -0.0729057
v -2.1918 -4.3121 1.2993
vn 0.995827 0.070835 -0.0575483
v -2.1918 -4.2894 1.322
vn 0.992256 0.101317 -0.0718514
v -2.1983 -4.244 1.2765
vn 0.999983 0.00577911 0.000293062
v -2.1944 -4.2667 1.322
vn 0.993204 0.0941673 -0.0684031
v -2.1982 -4.1985 1.163
vn 0.999793 -0.0200599 -0.00346278
v -2.1992 -4.2213 1.163
vn 0.999183 -0.0278173 -0.0293198
v -2.1984 -4.1758 1.163
vn 0.998316 0.0378246 0.0439796
v -2.1996 -4.1304 1.1176
vn 0.999536 0.0198267 0.0231161
v -2.2005 -4.1304 1.163
vn 0.998127 0.0250336 0.0558277
v -2.19775 -4.2213 1.18835
vn 0.998994 0.000875906 -0.0448363
v -2.1983 -4.1985 1.1857
vn 0.997703 0.0658723 0.015811
v -2.2017 -4.1531 1.1857
vn 0.99723 0.051382 0.0537789
v -2.2025 -4.1531 1.2084
vn 0.997536 0.0589173 -0.0380908
v -2.2019 -4.1304 1.1857
vn 0.998557 -0.043986 0.0307924
v -2.1997 -4.1077 1.1857
vn 0.995251 -0.0964523 -0.0131527
v -2.2003 -4.1077 1.163
vn 0.999612 -0.0088085 -0.0264153
v -2.2019 -4.1304 1.2084
vn 0.997113 -0.0585686 -0.0483194
v -2.1963 -4.2213 1.2084
vn 0.999961 -0.00881176 0
v -2.1972 -4.2213 1.2363
vn 0.999774 -0.0110613 0.018164
v -2.1982 -4.2213 1.2765
vn 0.999917 0.000335527 0.0128509
v -2.1976 -4.214 1.2538
vn 0.990733 -0.134577 -0.0183881
v -2.1957 -4.1985 1.2311
vn 0.987997 -0.152937 -0.021735
v -2.1938 -4.1985 1.2538
vn 0.968046 -0.237321 -0.0810238
v -2.1998 -4.1531 1.2311
vn 0.992853 0.0284294 -0.11591
v -2.1976 -4.2156 1.2765
vn 0.997052 -0.076709 0.00168999
v -2.1961 -4.1304 1.2538
vn 0.986776 -0.0959219 -0.130657
v -2.189 -4.5164 1.322
vn 0.987143 0.153206 -0.0455689
v -2.1882 -4.5164 1.3674
vn 0.990301 0.128696 -0.0523512
v -2.1891 -4.4937 1.3674
vn 0.997049 0.0275338 -0.0716613
v -2.1902 -4.471 1.3447
vn 0.992303 -0.0505818 -0.113032
v -2.1917 -4.4483 1.322
vn 0.990992 -0.0436579 -0.126603
v -2.1906 -4.4256 1.322
vn 0.980846 -0.0395064 -0.190739
v -2.1875 -4.4483 1.3447
vn 0.972021 -0.123466 -0.199826
v -2.1845 -4.4256 1.3447
vn 0.975195 -0.0315061 -0.219094
v -2.1871 -4.471 1.3674
vn 0.976588 -0.139819 -0.163483
v -2.1823 -4.4483 1.3674
vn 0.972592 -0.150673 -0.177095
v -2.1797 -4.4256 1.3674
vn 0.99416 -0.00613351 -0.10774
v -2.1899 -4.4029 1.322
vn 0.989566 -0.00799256 -0.14386
v -2.1876 -4.3802 1.3447
vn 0.996468 0.00667898 -0.0837068
v -2.1855 -4.4029 1.3447
vn 0.98283 0.0692738 -0.171017
v -2.1888 -4.3575 1.322
vn 0.997822 -0.00188195 -0.0659365
v -2.1891 -4.3348 1.322
vn 0.997857 0.0458602 -0.0466721
v -2.1882 -4.34615 1.3447
vn 0.999463 0.0311333 0.010218
v -2.1819 -4.4029 1.3674
vn 0.989472 0.116447 -0.0859321
v -2.186 -4.3802 1.3674
vn 0.986518 0.148485 -0.0688087
v -2.1891 -4.3575 1.3674
vn 0.997648 0.0678048 0.0100489
v -2.1904 -4.3348 1.3674
vn 0.999455 0.0228925 0.0237743
v -2.1896 -4.3121 1.3447
vn 0.999372 0.0343382 0.00880226
v -2.1908 -4.2894 1.3447
vn 0.996396 0.0826678 -0.0190222
v -2.1961 -4.244 1.322
vn 0.998029 0.0421522 -0.0464926
v -2.1941 -4.2667 1.3447
vn 0.98958 0.140982 0.0292546
v -2.1968 -4.244 1.3447
vn 0.986632 0.129918 0.098382
v -2.1899 -4.3121 1.3674
vn 0.999793 0.0188777 -0.00755012
v -2.1907 -4.2894 1.3674
vn 0.986846 0.158948 0.0294925
v -2.1976 -4.2614 1.3674
vn 0.974029 0.206737 0.0923404
v -2.2006 -4.244 1.3674
vn 0.99444 0.0651737 0.082715
v -2.1945 -4.2213 1.322
vn 0.992423 -0.08008 -0.0931918
v -2.2007 -4.2213 1.3674
vn 0.998818 0.00440609 0.048404
v -2.1899 -4.1758 1.3674
vn 0.963081 -0.185434 0.195165
v -2.1918 -4.1531 1.3674
vn 0.982271 0.0605808 0.177409
v -2.1956 -4.1304 1.3674
vn 0.996554 -0.018649 0.0808194
v -2.1948 -4.085 1.3674
vn 0.995826 0.0274359 0.0870506
v -2.202 -4.0396 1.3674
vn 0.983275 0.164595 0.0779721
v -2.1755 -4.471 -0.085759
vn 0.995263 0.0881705 -0.0409478
v -2.1762 -4.4483 -0.063054
vn 0.996488 0.0570606 -0.0612923
v -2.16995 -4.50505 -0.040349
vn 0.99171 0.127559 0.0155046
v -2.1676 -4.4029 -0.10846
vn 0.890402 -0.247042 0.382303
v -2.1748 -4.3802 -0.07697
vn 0.920104 -0.179528 0.348107
v -2.1976 -4.3575 -0.0073509
vn 0.887174 0.24861 0.388736
v -2.1961 -4.0623 -0.10846
vn 0.996828 -0.0329327 -0.0724524
v -2.1942 -4.0623 -0.085759
vn 0.99248 -0.0480942 -0.112565
v -2.1911 -4.0623 -0.063054
vn 0.984698 -0.0679588 -0.160471
v -2.2001 -4.4937 0.32293
vn 0.99949 0.0319234 -0.00110201
v -2.1983 -4.49945 0.30023
vn 0.987997 0.112543 0.105809
v -2.2 -4.471 0.30023
vn 0.999465 0.0220096 0.0242089
v -2.2006 -4.471 0.32293
vn 0.999755 0.0220196 -0.00220461
v -2.1983 -4.4937 0.351055
vn 0.992539 0.0727151 -0.0978712
v -2.1999 -4.471 0.34564
vn 0.998911 0.0066071 -0.0461897
v -2.19935 -4.43695 0.32293
vn 0.999008 -0.0241983 -0.0373743
v -2.1995 -4.4483 0.34564
vn 0.998452 -0.0175861 -0.0527683
v -2.1926 -4.4937 0.39105
vn 0.995895 0.0845041 -0.0324432
v -2.1953 -4.4937 0.36834
vn 0.98696 0.110185 -0.117344
v -2.1925 -4.4937 0.41375
vn 0.998872 0.0460551 -0.011589
v -2.1925 -4.4937 0.43646
vn 0.9996 0.00267772 0.028156
v -2.196 -4.5164 0.52728
vn 0.997923 -0.062438 -0.0158238
v -2.1958 -4.5164 0.54998
vn 0.999302 0.0163821 0.0335617
v -2.1949 -4.5391 0.54998
vn 0.995798 0.0767786 0.0499154
v -2.19565 -4.5391 0.584045
vn 0.978807 0.204528 0.0102656
v -2.19785 -4.5164 0.56995
vn 0.995189 0.016337 0.0965996
v -2.1974 -4.5164 0.50457
vn 0.994302 -0.103672 -0.0248198
v -2.1972 -4.5164 0.48187
vn 0.996477 -0.0834043 0.00878099
v -2.1953 -4.4937 0.48187
vn 0.995102 -0.0986375 -0.00657926
v -2.1948 -4.4937 0.50457
vn 0.993258 -0.107939 -0.0422867
v -2.1938 -4.4937 0.52728
vn 0.995336 -0.0964705 0
v -2.1948 -4.4937 0.54998
vn 0.997051 -0.0516767 0.0567293
v -2.1979 -4.4937 0.57027
vn 0.993712 0.0132072 0.111188
v -2.1999 -4.4483 0.54998
vn 0.99752 0.0694242 -0.0115562
v -2.19737 -4.4473 0.50904
vn 0.988294 0.139473 0.0618223
v -2.20095 -4.4256 0.515925
vn 0.992009 0.122091 0.0317975
v -2.1996 -4.471 0.57269
vn 0.999669 0.0150403 0.0208968
v -2.1998 -4.4256 0.57269
vn 0.998328 0.0293211 -0.0498224
v -2.2064 -4.3121 0.41375
vn 0.995196 0.0959238 0.0195975
v -2.2049 -4.3348 0.43646
vn 0.990162 0.138098 0.0225479
v -2.2048 -4.3348 0.50457
vn 0.990441 0.137304 0.0131945
v -2.2016 -4.3575 0.48187
vn 0.999879 0.0154025 -0.0019686
v -2.2021 -4.3575 0.50457
vn 0.998964 0.0185355 0.0415727
v -2.2025 -4.4029 0.49322
vn 0.99923 0.0344771 0.0187047
v -2.2034 -4.4029 0.52728
vn 0.999512 0.0201742 0.0238484
v -2.2069 -4.3348 0.54998
vn 0.991827 0.118044 0.0484169
v -2.2033 -4.4029 0.54998
vn 0.999215 0.0392308 -0.00544615
v -2.2015 -4.4029 0.57269
vn 0.991201 0.112441 -0.0698348
v -2.2039 -4.3802 0.57269
vn 0.996372 0.0846505 -0.00877495
v -2.2059 -4.3575 0.57269
vn 0.995247 0.0862137 0.0452924
v -2.1976 -4.5304 0.6181
vn 0.994692 0.102895 -0.00076569
v -2.1993 -4.5164 0.5954
vn 0.998525 0.0514203 0.0174201
v -2.19815 -4.5164 0.65216
vn 0.999419 0.0328837 -0.00901789
v -2.1999 -4.4483 0.5954
vn 0.998677 -0.0458736 0.0232487
v -2.1984 -4.4256 0.5954
vn 0.997477 -0.0659083 -0.0263584
v -2.2028 -4.4483 0.64081
vn 0.997216 -0.0634369 0.0392027
v -2.1986 -4.4256 0.6181
vn 0.993474 -0.106495 0.0408415
v -2.2029 -4.471 0.64081
vn 0.997597 0.0673787 0.0161097
v -2.1992 -4.4937 0.66351
vn 0.995745 0.0893729 -0.0224778
v -2.2024 -4.471 0.66351
vn 0.997512 0.0593285 -0.0380751
v -2.2005 -4.4256 0.66351
vn 0.995752 -0.0867731 0.0308119
v -2.2028 -4.4483 0.66351
vn 0.998884 -0.0418024 -0.0219954
v -2.2008 -4.471 0.68622
vn 0.99571 0.0789602 -0.0482362
v -2.1998 -4.471 0.70892
vn 0.998162 0.054168 -0.0271684
v -2.2018 -4.4483 0.68622
vn 0.999562 0.00495029 -0.0291663
v -2.2006 -4.4029 0.68622
vn 0.998661 -0.00253949 0.0516629
v -2.202 -4.4256 0.70892
vn 0.998837 0.0370925 0.0307952
v -2.1975 -4.4931 0.726865
vn 0.995811 0.0914304 -6.11715e-05
v -2.2028 -4.4256 0.73163
vn 0.996689 0.0812254 0.00365959
v -2.2018 -4.4256 0.75433
vn 0.995485 0.0869784 -0.0380012
v -2.1994 -4.4029 0.5954
vn 0.982199 0.164425 -0.090824
v -2.2032 -4.3802 0.5954
vn 0.987955 0.147975 -0.0452526
v -2.2009 -4.3802 0.64081
vn 0.987631 0.152597 -0.0360316
v -2.1992 -4.4029 0.66351
vn 0.999459 0.0190794 0.026781
v -2.2005 -4.3802 0.66351
vn 0.994892 0.0946676 0.0350505
v -2.2048 -4.3575 0.64081
vn 0.987031 0.150944 -0.0546489
v -2.2038 -4.3575 0.66351
vn 0.993498 0.113786 -0.00374827
v -2.2062 -4.3348 0.66351
vn 0.99571 0.0522128 -0.0763852
v -2.2074 -4.2894 0.66351
vn 0.99574 0.0734798 -0.055693
v -2.2022 -4.3802 0.68622
vn 0.992689 0.0889231 0.0816144
v -2.2045 -4.3802 0.70892
vn 0.99547 0.0599319 0.0738017
v -2.2044 -4.3575 0.68622
vn 0.996817 0.0606026 0.0518089
v -2.2051 -4.3348 0.68622
vn 0.999498 0.030823 0.00733992
v -2.2068 -4.3575 0.73163
vn 0.998451 0.0340877 0.0439728
v -2.2058 -4.3348 0.70892
vn 0.999206 -0.00440361 0.0396053
v -2.20505 -4.39155 0.73163
vn 0.997909 0.0585399 0.027394
v -2.2051 -4.39155 0.75433
vn 0.997141 0.0753961 -0.00511078
v -2.2073 -4.3348 0.73163
vn 0.998855 -0.00251537 0.0477654
v -2.2073 -4.3575 0.75433
vn 0.999309 0.0360996 0.00880444
v -2.2052 -4.3121 0.68622
vn 0.999308 0.018866 -0.032066
v -2.205 -4.3121 0.70892
vn 0.999191 -0.00704483 0.0396063
v -2.2057 -4.2894 0.70892
vn 0.998631 0.0521624 0.00377031
v -2.2062 -4.2894 0.73163
vn 0.998846 -0.00263489 0.0479506
v -2.2074 -4.2894 0.75433
vn 0.999777 -0.0125872 0.0169827
v -2.2074 -4.2667 0.73163
vn 0.999704 0.0185546 -0.0157285
v -2.2072 -4.244 0.75433
vn 0.999049 0.0364701 -0.0238896
v -2.2073 -4.085 0.73163
vn 0.987753 -0.150771 -0.0401647
v -2.2073 -4.3348 0.77704
vn 0.99844 0.0182185 -0.0527724
v -2.2064 -4.3121 0.79974
vn 0.997647 0.0404308 -0.0553628
v -2.2066 -4.2667 0.77704
vn 0.999738 -0.0220194 0.00628965
v -2.2068 -4.244 0.79974
vn 0.999439 0.0332891 -0.00357441
v -2.2073 -4.2667 0.79974
vn 0.999721 -0.0212822 0.0102755
v -2.2072 -4.2894 0.82245
vn 0.999455 0.0264171 -0.0198058
v -2.207 -4.244 0.82245
vn 0.999603 -0.0176143 -0.0220122
v -2.20575 -4.23265 0.84515
vn 0.997945 -0.024147 -0.0593491
v -2.2046 -4.2213 0.86786
vn 0.999664 -0.0203521 -0.0160258
v -2.2071 -4.2213 0.82245
vn 0.998767 0.0109861 -0.0484114
v -2.2072 -4.1985 0.82245
vn 0.99397 -0.00748143 -0.109394
v -2.2042 -4.1985 0.84515
vn 0.99325 -0.0669452 -0.0947284
v -2.2063 -4.1758 0.82245
vn 0.988445 -0.00787067 -0.151377
v -2.202 -4.1758 0.84515
vn 0.996277 -0.0219485 -0.083369
v -2.2036 -4.1531 0.84515
vn 0.996736 0.0563577 -0.0578026
v -2.2075 -4.1077 0.79974
vn 0.989368 -0.0813589 -0.120549
v -2.2061 -4.1304 0.82245
vn 0.991942 -0.0524412 -0.115332
v -2.2031 -4.085 0.82245
vn 0.998524 -0.0380704 -0.0387405
v -2.2044 -4.1304 0.84515
vn 0.999258 -0.0136232 0.0360351
v -2.2029 -4.07365 0.84515
vn 0.997782 -0.0181622 0.0640344
v -2.2033 -4.1985 0.86786
vn 0.997766 -0.0490186 0.0453809
v -2.2053 -4.1985 0.89056
vn 0.998292 0.00439172 0.0582499
v -2.202 -4.1758 0.86786
vn 0.996059 0.0386152 0.0798431
v -2.2047 -4.1531 0.86786
vn 0.993322 0.0707437 0.0911442
v -2.206 -4.1758 0.89056
vn 0.995159 0.0344441 0.0920468
v -2.2071 -4.1531 0.89056
vn 0.99891 0.0326851 0.0333099
v -2.2067 -4.1758 0.91327
vn 0.999895 0.0124784 -0.00733329
v -2.2059 -4.1304 0.86786
vn 0.995705 0.0421122 0.0824482
v -2.2067 -4.1077 0.86786
vn 0.994194 -0.00125176 0.107597
v -2.206 -4.085 0.86786
vn 0.993452 -0.042888 0.105893
v -2.2064 -4.0623 0.89056
vn 0.99847 -0.0446203 0.0326682
v -2.2069 -4.1304 0.91327
vn 0.997401 0.0439405 -0.0570999
v -2.2042 -4.1304 0.93597
vn 0.993845 0.0317019 -0.106143
v -2.2055 -4.0623 0.91327
vn 0.99692 -0.0395243 -0.0677442
v -2.2054 -4.085 0.93597
vn 0.995159 -0.0533375 -0.0825471
v -2.2019 -4.0623 0.95868
vn 0.99769 -0.0263674 -0.0626065
v -2.2047 -4.1077 0.95868
vn 0.998875 -0.0473001 -0.00329876
v -2.2036 -4.085 0.95868
vn 0.996691 -0.0746415 -0.0321916
v -2.2015 -4.0623 0.98138
vn 0.995327 -0.0964644 0.00438542
v -2.2072 -4.0396 0.70892
vn 0.986193 0.0130302 -0.165086
v -2.2025 -4.0396 0.84515
vn 0.995331 -0.00438016 0.0964164
v -2.2066 -4.0396 0.89056
vn 0.999217 0.00147279 0.0395342
v -2.2053 -4.0396 0.91327
vn 0.998449 -0.00878776 -0.0549698
v -2.20365 -4.0396 0.947325
vn 0.997947 0.0282055 -0.0574985
v -2.1927 -4.4937 0.198055
vn 0.99622 0.061441 -0.0614135
v -2.192 -4.5164 0.1867
vn 0.99622 0.061441 -0.0614135
v -2.19295 -4.48235 0.23211
vn 0.991474 0.129569 0.0138261
v -2.1926 -4.4937 0.25482
vn 0.988778 0.119785 0.0892745
v -2.1949 -4.471 0.25482
vn 0.991399 0.0918513 0.093228
v -2.1992 -4.4483 0.27752
vn 0.996557 0.0797469 0.0226771
v -2.1976 -4.4535 0.25482
vn 0.987794 0.15027 0.041007
v -2.2024 -4.4256 0.25482
vn 0.993103 0.116663 -0.0116649
v -2.2016 -4.4256 0.27752
vn 0.993321 0.098461 -0.0601531
v -2.2005 -4.4256 0.30023
vn 0.999354 0.0275236 -0.0231076
v -2.2021 -4.4029 0.198055
vn 0.995979 0.0627335 0.0639604
v -2.2044 -4.4029 0.23211
vn 0.994673 0.0964013 0.0365018
v -2.2052 -4.4029 0.25482
vn 0.99663 0.0746419 -0.0340188
v -2.2037 -4.4029 0.27752
vn 0.993635 0.0864514 -0.0722129
v -2.2046 -4.3802 0.27752
vn 0.999543 0.0146764 -0.0264139
v -2.2055 -4.3802 0.25482
vn 0.999445 -0.0233978 0.0236936
v -2.2009 -4.4029 0.30023
vn 0.988328 0.0914315 -0.121854
v -2.2038 -4.3575 0.25482
vn 0.997882 -0.0342268 0.0553127
v -2.2044 -4.3575 0.27752
vn 0.999612 -0.00880868 0.0264258
v -2.2072 -4.3121 0.30023
vn 0.993989 0.105099 0.0306515
v -2.2055 -4.3348 0.32293
vn 0.994168 0.105118 0.0240839
v -2.2059 -4.3348 0.34564
vn 0.994304 0.105132 0.017516
v -2.2072 -4.3121 0.36834
vn 0.999651 0 -0.0264164
v -2.19822 -4.0542 1.3526
vn 0.980529 0.170824 0.0968574
v -2.1141 -4.5391 -0.40363
vn 0.943358 0.324486 0.0691762
v -2.1372 -4.4256 -0.39228
vn 0.987032 -0.110794 0.116156
v -2.1407 -4.4256 -0.35822
vn 0.981853 -0.163634 0.0958535
v -2.143 -4.4256 -0.33552
vn 0.963324 -0.248272 0.101825
v -2.1613 -4.471 -0.29011
vn 0.986451 -0.043057 0.158305
v -2.1521 -4.4483 -0.31281
vn 0.973492 -0.189846 0.127559
v -2.1453 -4.4256 -0.31281
vn 0.945596 -0.311485 0.0939444
v -2.1544 -4.4483 -0.29011
vn 0.958938 -0.276255 0.0642021
v -2.1995 -4.1304 1.0949
vn 0.998017 -0.0615506 0.0131866
v -2.1976 -4.0736 1.1176
vn 0.984045 0.157254 0.0832321
v -2.1962 -4.085 1.1176
vn 0.986063 0.121093 0.11409
v -2.2027 -4.3121 0.14129
vn 0.980809 -0.0144015 -0.19444
v -2.2028 -4.2667 0.14129
vn 0.994527 0.00986232 -0.104015
v -2.2016 -4.2894 0.164
vn 0.999601 -0.0249539 -0.0132037
v -2.2008 -4.2667 0.164
vn 0.999373 -0.0352172 -0.00351978
v -2.2012 -4.244 0.164
vn 0.994001 0.0277369 -0.105798
v -2.2068 -4.2213 0.14129
vn 0.986597 0.0531788 -0.15427
v -2.2032 -4.2667 0.1867
vn 0.985243 -0.132393 0.108485
v -2.2 -4.244 0.1867
vn 0.997241 -0.0688293 0.0278182
v -2.2067 -4.2667 0.20941
vn 0.989334 -0.100255 0.10568
v -2.2017 -4.244 0.20941
vn 0.982075 -0.14133 0.124714
v -2.2075 -4.244 0.11859
vn 0.994524 0.0569546 -0.0876222
v -2.202 -4.2213 0.164
vn 0.986044 0.002169 -0.166471
v -2.2054 -4.1985 0.14129
vn 0.980967 -0.0183248 -0.193306
v -2.2011 -4.1985 0.164
vn 0.995047 0.00218382 -0.0993815
v -2.2013 -4.1758 0.164
vn 0.987959 0.0884908 -0.126912
v -2.2058 -4.1758 0.14129
vn 0.97004 0.146716 -0.193643
v -2.2062 -4.1531 0.164
vn 0.961365 0.20893 -0.179234
v -2.1993 -4.2213 0.1867
vn 0.998756 0.000731157 -0.0498517
v -2.201 -4.1758 0.1867
vn 0.998773 0.0468728 0.0159802
v -2.1997 -4.2213 0.20941
vn 0.997251 -0.00511531 0.0739195
v -2.2013 -4.1985 0.20941
vn 0.998153 0.053194 0.029336
v -2.2026 -4.1531 0.1867
vn 0.994782 0.10188 -0.00547627
v -2.2041 -4.1531 0.20941
vn 0.998258 0.05277 0.026379
v -2.2069 -4.2894 0.20941
vn 0.996044 0.0833777 0.0307254
v -2.2036 -4.3121 0.23211
vn 0.98399 0.1734 0.0411754
v -2.2053 -4.244 0.23211
vn 0.978205 -0.105571 0.1788
v -2.2029 -4.2213 0.23211
vn 0.984195 -0.0710597 0.162207
v -2.2013 -4.1985 0.23211
vn 0.994767 -0.0384957 0.0946354
v -2.2057 -4.1985 0.25482
vn 0.950527 -0.0807798 0.299954
v -2.2017 -4.1758 0.23211
vn 0.998215 0.0580464 0.0140716
v -2.2038 -4.1531 0.23211
vn 0.996844 0.0790466 0.00732086
v -2.2037 -4.1758 0.25482
vn 0.978034 -0.0161454 0.20782
v -2.206 -4.2667 0.11859
vn 0.990095 0.0508858 -0.130851
v -2.1978 -4.4483 0.3701
vn 0.992634 -0.0597048 -0.105419
v -2.198 -4.4256 0.352335
vn 0.996947 -0.0417821 -0.0659575
v -2.1931 -4.471 0.48187
vn 0.998364 -0.0527756 0.0219888
v -2.1936 -4.471 0.50457
vn 0.997609 0.0564138 0.0399098
v -2.19495 -4.4483 0.470515
vn 0.988328 0.145638 0.044697
v -2.1993 -4.4256 0.45916
vn 0.985475 0.166389 0.0339799
v -2.1943 -4.4029 0.0050616
vn 0.913261 0.170092 0.370167
v -2.1788 -4.4029 -0.063054
vn 0.978619 -0.0557299 0.197989
v -2.1786 -4.3802 -0.063054
vn 0.969465 -0.00134535 0.245224
v -2.1843 -4.3121 -0.063054
vn 0.924594 0.19505 0.327234
v -2.1687 -4.3121 -0.10846
vn 0.902856 0.290608 0.316857
v -2.183 -4.3802 -0.040349
vn 0.972784 0.0771354 0.218499
v -2.1814 -4.4029 -0.040349
vn 0.978992 0.069004 0.191869
v -2.1859 -4.4029 -0.017643
vn 0.944364 0.143109 0.296136
v -2.1891 -4.3802 -0.017643
vn 0.937874 0.13084 0.321362
v -2.1843 -4.3575 -0.040349
vn 0.952742 0.079745 0.293128
v -2.1925 -4.3575 -0.017643
vn 0.909256 0.167424 0.381082
v -2.1814 -4.4256 -0.017643
vn 0.924606 0.18329 0.333928
v -2.1768 -4.4483 -0.085759
vn 0.99515 -0.0175387 0.0967885
v -2.17445 -4.46655 -0.040349
vn 0.994734 0.0975204 0.03154
v -2.1772 -4.4483 -0.017643
vn 0.993381 0.107886 0.039436
v -2.1598 -4.4029 -0.13117
vn 0.901591 -0.367889 0.227576
v -2.191 -4.4256 0.93597
vn 0.998683 -0.0264015 -0.0439916
v -2.1904 -4.4029 0.93597
vn 0.991136 0.0522764 -0.122137
v -2.1497 -4.3348 -0.15387
vn 0.984782 0.167845 0.0450709
v -2.2062 -4.1985 0.095882
vn 0.994424 -0.0655853 -0.0825795
v -2.2064 -4.1985 0.11859
vn 0.998905 -0.038619 -0.0264126
v -2.2052 -4.1758 0.095882
vn 0.997707 0.0395579 -0.0549201
v -2.2067 -4.1758 0.11859
vn 0.996542 0.0812139 0.0175585
v -2.1976 -4.085 1.073
vn 0.992219 -0.00874354 -0.124194
v -2.1992 -4.0623 1.0722
vn 0.990132 0.0654229 -0.123932
v -2.1956 -4.085 1.0949
vn 0.993896 0.104613 0.0350238
v -2.1976 -4.066 1.0949
vn 0.986275 0.164308 0.0162394
v -2.1989 -4.085 1.1403
vn 0.987142 0.104365 0.121073
v -2.2013 -4.0623 1.1403
vn 0.987786 0.109022 0.111325
v -2.1903 -4.1758 1.2538
vn 0.935476 0.13912 -0.324855
v -2.1976 -4.1531 1.2425
vn 0.935476 0.13912 -0.324855
v -2.1941 -4.1531 1.2538
vn 0.943247 0.157898 -0.292153
v -2.1823 -4.1758 1.2993
vn 0.996058 0.0738795 -0.0491031
v -2.1846 -4.1758 1.2765
vn 0.963264 0.250362 -0.0971725
v -2.1882 -4.1531 1.2993
vn 0.965609 0.250971 -0.0679121
v -2.1936 -4.1077 1.2538
vn 0.984821 -0.108461 -0.135516
v -2.1934 -4.085 1.2084
vn 0.993454 0.0216025 -0.112171
v -2.1908 -4.085 1.2311
vn 0.998642 0.0373987 -0.0362673
v -2.1915 -4.0623 1.2311
vn 0.989746 0.131223 -0.0564286
v -2.191 -4.0623 1.2538
vn 0.994552 0.104054 -0.00620654
v -2.1899 -4.085 1.2765
vn 0.999809 0.00434541 -0.0190315
v -2.1909 -4.1077 1.2993
vn 0.9949 -0.0898556 -0.0458176
v -2.1925 -4.1077 1.2765
vn 0.991097 -0.113527 -0.069552
v -2.1894 -4.085 1.2993
vn 0.999612 0.0278167 -0.00146206
v -2.1911 -4.0623 1.2993
vn 0.990355 0.132603 0.0401639
v -2.1859 -4.1985 1.322
vn 0.981679 -0.190276 0.0100906
v -2.1871 -4.1985 1.2993
vn 0.977063 -0.206594 -0.051649
v -2.1817 -4.1758 1.322
vn 0.998652 0.0307952 0.0417928
v -2.1873 -4.1531 1.322
vn 0.97587 0.217531 0.0189166
v -2.1842 -4.1758 1.3447
vn 0.987787 0.0957334 0.12293
v -2.1879 -4.1531 1.3447
vn 0.977527 0.18517 0.100766
v -2.1918 -4.1304 1.322
vn 0.979144 0.200575 0.0323483
v -2.1927 -4.1304 1.3447
vn 0.990661 0.0982081 0.0945813
v -2.1903 -4.085 1.322
vn 0.997505 0.0357067 0.0609039
v -2.1928 -4.0623 1.322
vn 0.98258 0.162362 0.0904151
v -2.1964 -4.03445 1.2538
vn 0.969583 0.238851 -0.053467
v -2.2049 -4.0169 1.2084
vn 0.952718 0.302186 -0.0318002
v -2.2035 -4.0169 1.2311
vn 0.953243 0.288427 -0.090208
v -2.19605 -4.0325 1.2765
vn 0.976476 0.214302 0.0238417
v -2.2031 -4.0169 1.322
vn 0.969942 0.227377 0.0866773
v -2.1318 -4.3802 -0.63068
vn 0.970213 -0.231223 -0.0722702
v -2.1273 -4.3575 -0.63068
vn 0.992217 -0.121168 0.0287066
v -2.1319 -4.3802 -0.60798
vn 0.98196 -0.173009 0.0763081
v -2.1294 -4.3606 -0.60686
vn 0.986738 -0.0494207 0.154613
v -2.1294 -4.3467 -0.60798
vn 0.985282 0.0849617 0.148325
v -2.1294 -4.33475 -0.63044
vn 0.982379 0.15355 0.106556
v -2.1317 -4.3348 -0.60798
vn 0.881501 0.454636 0.127523
v -2.135 -4.3575 -0.58527
vn 0.971609 0.0173422 0.235955
v -2.1353 -4.3348 -0.58527
vn 0.951552 0.214063 0.220738
v -2.1419 -4.3348 -0.56257
vn 0.989623 0.0595842 0.13075
v -2.151 -4.3121 -0.60798
vn 0.756359 0.643076 0.119894
v -2.1455 -4.2894 -0.53986
vn 0.998973 0.0396085 0.0220127
v -2.17165 -4.50505 -0.10846
vn 0.990088 0.140434 0.00218236
v -2.1757 -4.471 -0.10846
vn 0.997162 0.0724111 0.0206291
v -2.1748 -4.471 -0.13117
vn 0.996166 0.0375658 0.0790032
v -2.1766 -4.4483 -0.10846
vn 0.999435 -0.00435432 0.0333288
v -2.1772 -4.4256 -0.063054
vn 0.996633 0.0692807 0.0438392
v -2.1728 -4.4937 -0.13117
vn 0.992127 0.109446 0.0608713
v -2.173 -4.4937 -0.085759
vn 0.990859 0.132502 -0.02535
v -2.1889 -4.5164 0.027767
vn 0.94459 0.140603 0.296615
v -2.1786 -4.4256 -0.040349
vn 0.988755 0.12051 0.0885446
v -2.1944 -4.5164 0.073177
vn 0.986974 0.159785 -0.0187638
v -2.20095 -4.45965 0.050472
vn 0.993934 0.0627748 0.0903062
v -2.1988 -4.4937 0.073177
vn 0.988094 0.153072 -0.0154726
v -2.2011 -4.471 0.073177
vn 0.998242 0.053033 -0.0264786
v -2.2041 -4.41425 0.050472
vn 0.991654 0.0886878 0.0935811
v -2.202 -4.4483 0.073177
vn 0.997741 0.0593355 -0.0314938
v -2.2037 -4.4256 0.073177
vn 0.993293 0.0955197 -0.0651576
v -2.2002 -4.4483 0.095882
vn 0.996887 0.0163076 -0.0771418
v -2.1929 -4.5164 0.152645
vn 0.994236 0.105541 -0.018843
v -2.1885 -4.5164 0.23211
vn 0.994165 0.0948075 -0.0514573
v -2.1959 -4.471 0.164
vn 0.999085 0.0161351 -0.0395992
v -2.2056 -4.4029 0.073177
vn 0.995444 0.0950124 -0.00803649
v -2.2065 -4.3802 0.11859
vn 0.993048 0.0962532 -0.0677565
v -2.2008 -4.4029 0.14129
vn 0.990015 0.133252 -0.045977
v -2.2022 -4.3802 0.164
vn 0.996052 0.0448882 -0.0765908
v -2.2033 -4.3575 0.14129
vn 0.987988 -0.0261208 -0.152307
v -2.2022 -4.3348 0.14129
vn 0.987422 -0.00579972 -0.157998
v -2.2003 -4.3575 0.164
vn 0.994804 -0.0606227 -0.0817865
v -2.1994 -4.3348 0.164
vn 0.998355 0.00440057 -0.0571623
v -2.2012 -4.3802 0.1867
vn 0.999299 -0.0371075 -0.00502941
v -2.2008 -4.36885 0.20941
vn 0.997824 -0.0459383 0.0472883
v -2.1996 -4.3575 0.1867
vn 0.999134 -0.0413732 -0.00440038
v -2.19955 -4.3348 0.198055
vn 0.998296 0.051292 0.027832
v -2.2007 -4.3121 0.164
vn 0.997909 0.0527521 -0.037355
v -2.20215 -4.3121 0.198055
vn 0.99127 0.120032 0.0545624
v -2.2042 -4.2894 0.1867
vn 0.992465 0.0524693 0.110723
v -2.1894 -4.5164 0.25482
vn 0.982663 0.175003 0.0612082
v -2.198 -4.4509 0.23211
vn 0.987019 0.160505 0.00561216
v -2.1944 -4.471 0.39105
vn 0.997216 0.0398742 -0.0630169
v -2.1948 -4.4483 0.39105
vn 0.996864 -0.00169932 -0.0791191
v -2.1945 -4.4256 0.39105
vn 0.997883 0.0580033 -0.0294183
v -2.1938 -4.4483 0.41375
vn 0.998645 0.0513645 0.0083116
v -2.1955 -4.4256 0.41375
vn 0.991241 0.109177 0.0743112
v -2.1938 -4.4483 0.43646
vn 0.994631 0.103237 0.00722239
v -2.1923 -4.471 0.45916
vn 0.999663 0.0183488 0.0183451
v -2.201 -4.3348 0.23211
vn 0.997105 0.0345078 0.0677571
v -2.2047 -4.3348 0.27752
vn 0.997258 0.0363139 0.0644848
v -2.2015 -4.3802 0.30023
vn 0.991089 0.064757 -0.1164
v -2.2034 -4.3575 0.30023
vn 0.994456 0.0854197 -0.0613198
v -2.2056 -4.3348 0.30023
vn 0.9976 0.0681173 0.0124456
v -2.1986 -4.4029 0.32293
vn 0.999326 0.0137401 -0.0340471
v -2.1988 -4.3802 0.32293
vn 0.996478 0.0614577 -0.0570571
v -2.1994 -4.3802 0.34564
vn 0.995203 0.0945704 0.0250441
v -2.2018 -4.3575 0.32293
vn 0.990705 0.132384 -0.0312682
v -2.2023 -4.3575 0.34564
vn 0.98929 0.140185 0.0406647
v -2.19765 -4.4041 0.36834
vn 0.996157 0.0863671 -0.0145569
v -2.201 -4.3802 0.36834
vn 0.989885 0.135912 0.0406909
v -2.1976 -4.403 0.39105
vn 0.988682 0.146672 0.0315618
v -2.2026 -4.36885 0.379695
vn 0.99219 0.121695 0.0273568
v -2.20595 -4.3348 0.379695
vn 0.997324 0.0721786 -0.0116119
v -2.2038 -4.3575 0.39105
vn 0.997286 0.0728511 -0.0106903
v -2.2071 -4.2894 0.36834
vn 0.999588 0.0242204 -0.0154087
v -2.2071 -4.2894 0.39105
vn 0.999129 0.0414953 -0.00440636
v -2.1985 -4.40835 0.41375
vn 0.985611 0.151443 0.0750773
v -2.2023 -4.3802 0.41375
vn 0.997178 0.0721639 0.0207024
v -2.2015 -4.4029 0.43646
vn 0.995114 0.0924599 0.0346384
v -2.2027 -4.3802 0.43646
vn 0.999936 0.0101307 -0.00506497
v -2.2028 -4.3575 0.43646
vn 0.998505 0.0515265 -0.0182191
v -2.1949 -4.471 0.86786
vn 0.990099 0.0264179 -0.13786
v -2.1972 -4.4201 0.86786
vn 0.997255 0.0512314 -0.0534672
v -2.1985 -4.4029 0.6181
vn 0.997292 0.0717596 -0.0161047
v -2.2064 -4.0623 0.70892
vn 0.994593 -0.0387008 -0.0963658
v -2.2054 -4.0623 0.73163
vn 0.999784 -0.0167322 -0.0123278
v -2.2058 -4.0623 0.75433
vn 0.999494 0.0289348 0.0132074
v -2.1987 -4.4029 0.84515
vn 0.996167 0.0751546 -0.0447599
v -2.1943 -4.3802 0.93597
vn 0.982521 0.182226 -0.0380195
v -2.19825 -4.3623 0.93597
vn 0.99081 0.135247 -0.00202702
v -2.2068 -4.085 0.77704
vn 0.996514 -0.0746247 -0.0373045
v -2.206 -4.0623 0.77704
vn 0.999004 0.0308061 -0.0322704
v -2.2054 -4.085 0.79974
vn 0.995137 -0.0526077 -0.0832767
v -2.205 -4.0623 0.79974
vn 0.996172 0.0263307 -0.0833573
v -2.2029 -4.0623 0.82245
vn 0.998425 0.013199 -0.0545285
v -2.2039 -4.1531 0.93597
vn 0.996599 -0.0154615 -0.0809379
v -2.203 -4.1758 0.95868
vn 0.999539 -0.0264176 -0.0149664
v -2.2031 -4.14175 0.95868
vn 0.999311 0.0262194 0.0262809
v -2.2027 -4.0623 1.0041
vn 0.999373 -0.0227409 0.0271373
v -2.204 -4.085 1.0268
vn 0.993762 -0.0346465 -0.106003
v -2.2033 -4.0623 1.0268
vn 0.997356 0.0724951 0.00512607
v -2.2 -4.1531 1.0949
vn 0.996443 -0.018813 -0.0821479
v -2.2017 -4.0623 1.0495
vn 0.989161 0.111843 -0.0951408
v -2.1994 -4.085 1.163
vn 0.998557 -0.00240666 -0.0536455
v -2.1908 -4.1985 1.2765
vn 0.949167 -0.279413 -0.144949
v -2.1898 -4.1531 1.2765
vn 0.972142 0.189862 -0.137451
v -2.194 -4.1304 1.2765
vn 0.994711 0.035822 -0.0962609
v -2.1922 -4.1304 1.2993
vn 0.9967 0.0592769 -0.0554521
v -2.1966 -4.2213 1.3447
vn 0.981402 -0.122197 0.148045
v -2.1896 -4.1985 1.3447
vn 0.939383 -0.276012 0.203414
v -2.207 -4.0396 0.73163
vn 0.994055 0.108853 0.00250211
v -2.2068 -4.0396 0.79974
vn 0.990149 0.111232 -0.0850375
v -2.2039 -4.0396 0.82245
vn 0.990267 0.105425 -0.0908622
v -2.2058 -4.0169 0.84515
vn 0.984942 0.17283 -0.0043422
v -2.2069 -4.0169 0.86786
vn 0.987116 0.150754 0.0536185
v -2.2064 -4.0169 0.93597
vn 0.989027 0.141914 -0.0410703
v -2.205 -4.0169 0.98138
vn 0.987972 0.154349 -0.00932065
v -2.2023 -4.0396 0.98138
vn 0.99759 0.0681177 0.0131769
v -2.2037 -4.0396 1.0041
vn 0.992726 0.0969392 0.0713977
v -2.2066 -4.0169 1.0041
vn 0.984405 0.154677 0.083802
v -2.2061 -4.0396 1.0268
vn 0.989304 0.128127 0.0697275
v -2.2064 -4.0396 1.0495
vn 0.984479 0.172858 -0.0303585
v -2.2045 -4.0396 1.0722
vn 0.976743 0.202848 -0.0694605
v -2.2036 -4.0396 1.0949
vn 0.986027 0.166511 -0.00506402
v -2.2068 -4.0169 1.0949
vn 0.98594 0.151294 -0.070941
v -2.2039 -4.0396 1.1176
vn 0.991801 0.126706 0.0166026
v -2.2058 -4.0169 1.1176
vn 0.993833 0.110539 -0.0087474
v -2.2059 -4.0169 1.163
vn 0.993747 0.111256 -0.00949062
v -2.2028 -4.0396 1.163
vn 0.986859 0.143444 -0.0743869
v -2.2003 -4.0396 1.1857
vn 0.967346 0.236112 -0.0921552
v -2.2058 -4.0169 1.1857
vn 0.983491 0.179082 -0.0259943
v -2.2059 -3.9942 1.2538
vn 0.979491 0.191292 -0.0632842
v -2.2051 -3.9942 1.2765
vn 0.976451 0.214365 0.0243225
v -2.2072 -3.9942 1.2993
vn 0.978135 0.197481 0.0652104
v -2.2037 -4.0169 1.3447
vn 0.986424 0.161509 0.0296928
v -2.2075 -3.9942 1.3447
vn 0.987529 0.157232 -0.00808126
v -2.2045 -4.0169 1.3674
vn 0.991322 0.123733 0.0443979
v -2.1802 -4.5618 0.89056
vn 0.944945 0.309554 -0.106088
v -2.18135 -4.55045 0.91327
vn 0.965284 0.259582 -0.0290678
v -2.1793 -4.5618 0.93597
vn 0.963676 0.260267 0.059908
v -2.1915 -4.5391 0.98138
vn 0.954442 0.287318 0.0805535
v -2.1839 -4.5618 1.0041
vn 0.924138 0.37916 -0.0469859
f 1//1 2//2 3//3
f 6//6 1//1 3//3
f 9//9 10//10 11//11
f 12//12 13//13 9//9
f 9//9 11//11 14//14
f 14//14 15//15 9//9
f 12//12 9//9 16//16
f 16//16 9//9 15//15
f 17//17 18//18 19//19
f 19//19 18//18 20//20
f 21//21 17//17 19//19
f 19//19 22//22 21//21
f 23//23 21//21 22//22
f 22//22 24//24 23//23
f 19//19 25//25 22//22
f 25//25 19//19 26//26
f 27//27 28//28 29//29
f 23//23 30//30 31//31
f 30//30 23//23 24//24
f 24//24 32//32 30//30
f 33//33 31//31 30//30
f 27//27 33//33 34//34
f 34//34 33//33 30//30
f 28//28 27//27 34//34
f 35//35 29//29 28//28
f 28//28 36//36 35//35
f 37//37 35//35 36//36
f 36//36 38//38 37//37
f 39//39 41//41 42//42
f 42//42 41//41 37//37
f 42//42 37//37 38//38
f 43//43 39//39 42//42
f 44//44 45//45 46//46
f 46//46 45//45 47//47
f 48//48 49//49 50//50
f 51//51 52//52 53//53
f 56//56 40//40 39//39
f 57//57 58//58 59//59
f 60//60 61//61 59//59
f 4//4 62//62 8//8
f 62//62 4//4 63//63
f 63//63 4//4 64//64
f 65//65 63//63 66//66
f 66//66 63//63 67//67
f 68//68 62//62 65//65
f 65//65 62//62 63//63
f 69//69 57//57 59//59
f 69//69 59//59 61//61
f 66//66 67//67 70//70
f 70//70 67//67 71//71
f 70//70 71//71 72//72
f 72//72 71//71 69//69
f 73//73 74//74 65//65
f 73//73 65//65 66//66
f 65//65 74//74 68//68
f 73//73 66//66 72//72
f 72//72 66//66 70//70
f 76//76 77//77 78//78
f 77//77 79//79 80//80
f 82//82 78//78 77//77
f 82//82 77//77 81//81
f 81//81 77//77 83//83
f 83//83 77//77 80//80
f 84//84 85//85 83//83
f 88//88 82//82 87//87
f 87//87 82//82 81//81
f 87//87 81//81 83//83
f 83//83 89//89 87//87
f 90//90 87//87 89//89
f 89//89 83//83 85//85
f 85//85 91//91 89//89
f 92//92 89//89 91//91
f 91//91 93//93 92//92
f 94//94 95//95 85//85
f 97//97 98//98 95//95
f 99//99 96//96 95//95
f 99//99 95//95 98//98
f 98//98 100//100 99//99
f 98//98 97//97 101//101
f 101//101 97//97 102//102
f 101//101 102//102 103//103
f 103//103 102//102 104//104
f 100//100 98//98 105//105
f 105//105 98//98 101//101
f 106//106 101//101 103//103
f 106//106 103//103 40//40
f 40//40 103//103 107//107
f 40//40 107//107 39//39
f 92//92 48//48 90//90
f 50//50 90//90 48//48
f 48//48 92//92 93//93
f 93//93 108//108 48//48
f 49//49 48//48 51//51
f 51//51 48//48 108//108
f 53//53 49//49 51//51
f 111//111 109//109 110//110
f 110//110 112//112 111//111
f 114//114 113//113 111//111
f 111//111 113//113 109//109
f 4//4 5//5 64//64
f 64//64 5//5 115//115
f 115//115 5//5 6//6
f 57//57 71//71 67//67
f 71//71 57//57 69//69
f 116//116 117//117 118//118
f 118//118 117//117 119//119
f 120//120 121//121 122//122
f 122//122 121//121 112//112
f 112//112 121//121 111//111
f 123//123 120//120 124//124
f 124//124 120//120 122//122
f 122//122 125//125 124//124
f 119//119 114//114 121//121
f 119//119 121//121 120//120
f 121//121 114//114 111//111
f 118//118 119//119 123//123
f 123//123 119//119 120//120
f 128//128 116//116 123//123
f 128//128 123//123 126//126
f 123//123 116//116 118//118
f 129//129 128//128 127//127
f 127//127 128//128 126//126
f 126//126 123//123 130//130
f 130//130 123//123 124//124
f 130//130 124//124 125//125
f 125//125 131//131 130//130
f 132//132 127//127 130//130
f 130//130 127//127 126//126
f 132//132 130//130 133//133
f 133//133 130//130 131//131
f 112//112 110//110 134//134
f 122//122 112//112 134//134
f 134//134 135//135 122//122
f 135//135 134//134 136//136
f 125//125 122//122 135//135
f 135//135 137//137 125//125
f 137//137 135//135 138//138
f 138//138 135//135 136//136
f 131//131 125//125 139//139
f 139//139 125//125 137//137
f 139//139 137//137 140//140
f 140//140 137//137 138//138
f 133//133 131//131 139//139
f 139//139 141//141 133//133
f 141//141 139//139 140//140
f 140//140 142//142 141//141
f 140//140 138//138 143//143
f 143//143 144//144 140//140
f 142//142 140//140 144//144
f 144//144 145//145 142//142
f 145//145 144//144 146//146
f 146//146 144//144 147//147
f 146//146 147//147 148//148
f 10//10 149//149 11//11
f 11//11 149//149 129//129
f 129//129 14//14 11//11
f 14//14 129//129 150//150
f 150//150 129//129 127//127
f 15//15 14//14 151//151
f 151//151 14//14 150//150
f 152//152 127//127 132//132
f 152//152 132//132 153//153
f 153//153 132//132 133//133
f 153//153 154//154 152//152
f 127//127 152//152 150//150
f 151//151 150//150 155//155
f 155//155 150//150 152//152
f 155//155 152//152 154//154
f 16//16 15//15 151//151
f 151//151 156//156 16//16
f 156//156 158//158 16//16
f 160//160 159//159 161//161
f 156//156 151//151 155//155
f 155//155 159//159 156//156
f 159//159 155//155 154//154
f 154//154 161//161 159//159
f 158//158 156//156 159//159
f 163//163 164//164 75//75
f 165//165 75//75 162//162
f 162//162 75//75 164//164
f 167//167 166//166 168//168
f 163//163 157//157 16//16
f 16//16 169//169 163//163
f 169//169 16//16 158//158
f 166//166 158//158 170//170
f 170//170 158//158 159//159
f 170//170 159//159 160//160
f 168//168 166//166 170//170
f 170//170 171//171 168//168
f 172//172 167//167 168//168
f 173//173 172//172 174//174
f 164//164 163//163 167//167
f 167//167 175//175 164//164
f 164//164 175//175 162//162
f 172//172 168//168 171//171
f 174//174 172//172 176//176
f 176//176 177//177 174//174
f 180//180 179//179 162//162
f 181//181 178//178 179//179
f 181//181 179//179 182//182
f 182//182 179//179 180//180
f 182//182 180//180 183//183
f 178//178 184//184 179//179
f 179//179 184//184 165//165
f 162//162 179//179 165//165
f 181//181 185//185 186//186
f 76//76 186//186 185//185
f 185//185 79//79 76//76
f 185//185 181//181 182//182
f 182//182 187//187 185//185
f 187//187 183//183 188//188
f 79//79 187//187 189//189
f 79//79 185//185 187//187
f 189//189 187//187 188//188
f 180//180 162//162 173//173
f 173//173 190//190 180//180
f 190//190 173//173 174//174
f 190//190 174//174 191//191
f 180//180 190//190 183//183
f 177//177 191//191 174//174
f 188//188 183//183 192//192
f 192//192 193//193 188//188
f 189//189 188//188 193//193
f 193//193 194//194 189//189
f 194//194 193//193 195//195
f 195//195 196//196 194//194
f 196//196 195//195 197//197
f 197//197 195//195 198//198
f 197//197 198//198 199//199
f 77//77 76//76 79//79
f 80//80 79//79 84//84
f 84//84 79//79 189//189
f 189//189 86//86 84//84
f 83//83 80//80 84//84
f 85//85 84//84 86//86
f 86//86 189//189 194//194
f 194//194 94//94 86//86
f 94//94 194//194 196//196
f 196//196 200//200 94//94
f 85//85 86//86 94//94
f 95//95 94//94 97//97
f 97//97 94//94 200//200
f 200//200 196//196 197//197
f 200//200 197//197 201//201
f 202//202 201//201 197//197
f 202//202 197//197 199//199
f 97//97 200//200 102//102
f 102//102 200//200 201//201
f 102//102 201//201 104//104
f 202//202 104//104 201//201
f 153//153 133//133 141//141
f 141//141 203//203 153//153
f 203//203 141//141 142//142
f 142//142 204//204 203//203
f 203//203 205//205 153//153
f 153//153 205//205 154//154
f 204//204 206//206 205//205
f 205//205 203//203 204//204
f 204//204 142//142 145//145
f 206//206 204//204 207//207
f 207//207 204//204 145//145
f 207//207 145//145 208//208
f 208//208 145//145 146//146
f 160//160 161//161 209//209
f 161//161 154//154 205//205
f 205//205 210//210 161//161
f 210//210 205//205 211//211
f 211//211 205//205 206//206
f 209//209 161//161 210//210
f 209//209 210//210 212//212
f 212//212 210//210 211//211
f 213//213 206//206 207//207
f 213//213 207//207 214//214
f 214//214 207//207 208//208
f 215//215 213//213 214//214
f 215//215 214//214 216//216
f 206//206 213//213 211//211
f 212//212 211//211 213//213
f 212//212 213//213 215//215
f 217//217 146//146 148//148
f 208//208 146//146 218//218
f 218//218 146//146 217//217
f 218//218 217//217 219//219
f 219//219 220//220 218//218
f 221//221 222//222 219//219
f 220//220 219//219 222//222
f 214//214 208//208 223//223
f 223//223 208//208 218//218
f 223//223 218//218 224//224
f 224//224 218//218 220//220
f 216//216 214//214 18//18
f 18//18 214//214 223//223
f 18//18 223//223 225//225
f 225//225 223//223 224//224
f 226//226 227//227 228//228
f 226//226 228//228 229//229
f 227//227 212//212 228//228
f 230//230 215//215 216//216
f 229//229 228//228 231//231
f 232//232 231//231 230//230
f 228//228 212//212 215//215
f 215//215 231//231 228//228
f 215//215 230//230 231//231
f 233//233 226//226 234//234
f 234//234 226//226 229//229
f 235//235 233//233 236//236
f 236//236 233//233 234//234
f 234//234 229//229 237//237
f 237//237 229//229 231//231
f 237//237 231//231 232//232
f 232//232 238//238 237//237
f 236//236 234//234 237//237
f 237//237 239//239 236//236
f 239//239 237//237 238//238
f 238//238 23//23 239//239
f 230//230 216//216 18//18
f 20//20 18//18 225//225
f 232//232 230//230 18//18
f 18//18 17//17 232//232
f 238//238 232//232 17//17
f 17//17 21//21 238//238
f 23//23 238//238 21//21
f 240//240 235//235 236//236
f 236//236 241//241 240//240
f 242//242 240//240 241//241
f 241//241 236//236 243//243
f 243//243 236//236 239//239
f 243//243 239//239 23//23
f 23//23 31//31 243//243
f 242//242 241//241 243//243
f 243//243 244//244 242//242
f 244//244 243//243 31//31
f 31//31 33//33 244//244
f 198//198 245//245 246//246
f 199//199 198//198 246//246
f 199//199 246//246 247//247
f 247//247 246//246 242//242
f 244//244 248//248 242//242
f 248//248 244//244 33//33
f 33//33 27//27 248//248
f 247//247 242//242 248//248
f 248//248 29//29 247//247
f 29//29 248//248 27//27
f 202//202 199//199 249//249
f 249//249 199//199 250//250
f 250//250 199//199 247//247
f 202//202 249//249 41//41
f 41//41 249//249 250//250
f 250//250 247//247 29//29
f 29//29 35//35 250//250
f 41//41 250//250 35//35
f 35//35 37//37 41//41
f 103//103 104//104 107//107
f 202//202 107//107 104//104
f 39//39 107//107 41//41
f 41//41 107//107 202//202
f 2//2 251//251 252//252
f 3//3 2//2 252//252
f 252//252 253//253 3//3
f 252//252 251//251 254//254
f 253//253 252//252 256//256
f 256//256 252//252 254//254
f 256//256 254//254 257//257
f 258//258 257//257 255//255
f 258//258 255//255 259//259
f 255//255 257//257 254//254
f 259//259 255//255 261//261
f 261//261 255//255 260//260
f 261//261 260//260 262//262
f 262//262 260//260 113//113
f 262//262 113//113 114//114
f 6//6 3//3 115//115
f 115//115 3//3 253//253
f 58//58 256//256 257//257
f 115//115 253//253 256//256
f 57//57 64//64 256//256
f 57//57 256//256 58//58
f 256//256 64//64 115//115
f 63//63 64//64 67//67
f 67//67 64//64 57//57
f 60//60 259//259 263//263
f 60//60 263//263 264//264
f 263//263 259//259 261//261
f 262//262 263//263 261//261
f 61//61 60//60 265//265
f 265//265 60//60 264//264
f 264//264 263//263 117//117
f 117//117 263//263 119//119
f 119//119 263//263 262//262
f 119//119 262//262 114//114
f 265//265 264//264 116//116
f 116//116 264//264 117//117
f 149//149 61//61 265//265
f 149//149 265//265 128//128
f 128//128 265//265 116//116
f 129//129 149//149 128//128
f 266//266 184//184 267//267
f 184//184 266//266 75//75
f 75//75 165//165 184//184
f 270//270 268//268 78//78
f 82//82 271//271 78//78
f 270//270 269//269 268//268
f 272//272 271//271 82//82
f 82//82 88//88 272//272
f 44//44 273//273 88//88
f 88//88 273//273 272//272
f 274//274 275//275 273//273
f 273//273 275//275 272//272
f 181//181 276//276 178//178
f 277//277 267//267 178//178
f 178//178 267//267 184//184
f 278//278 277//277 178//178
f 278//278 178//178 276//276
f 268//268 276//276 186//186
f 186//186 276//276 181//181
f 76//76 268//268 186//186
f 268//268 278//278 276//276
f 78//78 268//268 76//76
f 280//280 281//281 279//279
f 281//281 280//280 282//282
f 282//282 280//280 46//46
f 283//283 279//279 281//281
f 284//284 281//281 282//282
f 285//285 13//13 12//12
f 157//157 12//12 16//16
f 224//224 220//220 287//287
f 287//287 220//220 289//289
f 289//289 220//220 288//288
f 225//225 224//224 287//287
f 20//20 225//225 287//287
f 290//290 287//287 289//289
f 287//287 290//290 20//20
f 19//19 20//20 26//26
f 26//26 20//20 290//290
f 25//25 26//26 291//291
f 24//24 22//22 292//292
f 292//292 22//22 25//25
f 293//293 289//289 294//294
f 290//290 289//289 293//293
f 295//295 293//293 294//294
f 26//26 290//290 293//293
f 293//293 296//296 26//26
f 296//296 293//293 295//295
f 295//295 297//297 296//296
f 295//295 294//294 298//298
f 298//298 294//294 299//299
f 297//297 295//295 298//298
f 298//298 300//300 297//297
f 291//291 26//26 296//296
f 296//296 301//301 291//291
f 301//301 296//296 297//297
f 297//297 302//302 301//301
f 25//25 291//291 301//301
f 301//301 302//302 25//25
f 297//297 304//304 302//302
f 304//304 297//297 300//300
f 303//303 302//302 304//304
f 300//300 305//305 304//304
f 307//307 306//306 308//308
f 309//309 306//306 310//310
f 308//308 306//306 309//309
f 306//306 311//311 312//312
f 305//305 300//300 311//311
f 311//311 307//307 305//305
f 307//307 311//311 306//306
f 312//312 310//310 306//306
f 30//30 32//32 313//313
f 32//32 292//292 314//314
f 32//32 24//24 292//292
f 314//314 292//292 25//25
f 25//25 315//315 314//314
f 313//313 32//32 314//314
f 315//315 316//316 314//314
f 34//34 30//30 313//313
f 28//28 34//34 317//317
f 317//317 34//34 313//313
f 313//313 318//318 317//317
f 314//314 316//316 313//313
f 318//318 313//313 316//316
f 316//316 320//320 318//318
f 320//320 316//316 319//319
f 319//319 321//321 320//320
f 324//324 323//323 322//322
f 36//36 28//28 317//317
f 317//317 325//325 36//36
f 325//325 317//317 318//318
f 318//318 326//326 325//325
f 327//327 36//36 325//325
f 325//325 328//328 327//327
f 36//36 327//327 38//38
f 328//328 325//325 326//326
f 326//326 329//329 328//328
f 326//326 318//318 320//320
f 320//320 322//322 326//326
f 322//322 320//320 321//321
f 329//329 326//326 323//323
f 323//323 326//326 322//322
f 330//330 327//327 328//328
f 330//330 328//328 329//329
f 329//329 331//331 330//330
f 332//332 327//327 330//330
f 332//332 330//330 331//331
f 331//331 333//333 332//332
f 331//331 329//329 323//323
f 336//336 321//321 335//335
f 336//336 335//335 337//337
f 336//336 337//337 338//338
f 338//338 337//337 334//334
f 339//339 336//336 338//338
f 338//338 340//340 339//339
f 315//315 25//25 302//302
f 302//302 341//341 315//315
f 341//341 302//302 303//303
f 303//303 335//335 341//341
f 316//316 315//315 341//341
f 335//335 303//303 304//304
f 304//304 342//342 335//335
f 342//342 304//304 305//305
f 305//305 343//343 342//342
f 342//342 337//337 335//335
f 337//337 342//342 343//343
f 337//337 343//343 334//334
f 319//319 316//316 341//341
f 341//341 335//335 319//319
f 321//321 319//319 335//335
f 344//344 307//307 345//345
f 345//345 307//307 308//308
f 346//346 334//334 344//344
f 346//346 344//344 345//345
f 345//345 347//347 346//346
f 347//347 345//345 348//348
f 338//338 334//334 346//346
f 346//346 349//349 338//338
f 349//349 346//346 347//347
f 347//347 350//350 349//349
f 340//340 338//338 349//349
f 343//343 305//305 344//344
f 344//344 305//305 307//307
f 344//344 334//334 343//343
f 322//322 321//321 352//352
f 352//352 321//321 336//336
f 353//353 339//339 340//340
f 357//357 332//332 333//333
f 333//333 358//358 357//357
f 360//360 359//359 361//361
f 362//362 360//360 361//361
f 363//363 364//364 365//365
f 365//365 364//364 366//366
f 365//365 366//366 367//367
f 369//369 370//370 371//371
f 372//372 373//373 374//374
f 371//371 374//374 373//373
f 373//373 369//369 371//371
f 217//217 148//148 376//376
f 376//376 219//219 217//217
f 378//378 377//377 379//379
f 379//379 380//380 378//378
f 294//294 377//377 378//378
f 378//378 299//299 294//294
f 378//378 381//381 299//299
f 381//381 378//378 380//380
f 382//382 383//383 384//384
f 384//384 385//385 382//382
f 381//381 380//380 386//386
f 386//386 387//387 381//381
f 387//387 386//386 388//388
f 388//388 386//386 382//382
f 387//387 389//389 381//381
f 389//389 387//387 388//388
f 388//388 390//390 389//389
f 388//388 382//382 385//385
f 385//385 391//391 388//388
f 391//391 385//385 392//392
f 392//392 393//393 391//391
f 390//390 388//388 391//391
f 391//391 394//394 390//390
f 298//298 299//299 381//381
f 298//298 381//381 389//389
f 300//300 298//298 389//389
f 389//389 311//311 300//300
f 311//311 389//389 390//390
f 390//390 312//312 311//311
f 394//394 395//395 390//390
f 395//395 394//394 396//396
f 312//312 390//390 395//395
f 397//397 395//395 396//396
f 398//398 323//323 324//324
f 399//399 331//331 398//398
f 336//336 353//353 352//352
f 324//324 322//322 352//352
f 353//353 400//400 352//352
f 352//352 401//401 324//324
f 401//401 352//352 400//400
f 400//400 402//402 401//401
f 403//403 324//324 401//401
f 401//401 404//404 403//403
f 404//404 401//401 402//402
f 402//402 405//405 404//404
f 402//402 406//406 405//405
f 407//407 408//408 409//409
f 405//405 410//410 404//404
f 407//407 403//403 404//404
f 404//404 410//410 407//407
f 410//410 405//405 406//406
f 406//406 412//412 410//410
f 411//411 410//410 412//412
f 412//412 413//413 411//411
f 413//413 412//412 414//414
f 408//408 407//407 410//410
f 410//410 411//411 408//408
f 416//416 411//411 413//413
f 417//417 418//418 419//419
f 371//371 422//422 420//420
f 375//375 423//423 424//424
f 425//425 426//426 427//427
f 428//428 429//429 425//425
f 425//425 429//429 426//426
f 426//426 429//429 430//430
f 431//431 419//419 418//418
f 427//427 426//426 372//372
f 432//432 420//420 421//421
f 420//420 432//432 371//371
f 432//432 421//421 423//423
f 372//372 374//374 433//433
f 433//433 374//374 432//432
f 432//432 374//374 371//371
f 433//433 432//432 423//423
f 423//423 434//434 433//433
f 434//434 423//423 375//375
f 331//331 323//323 398//398
f 333//333 331//331 399//399
f 399//399 398//398 324//324
f 324//324 403//403 399//399
f 345//345 308//308 438//438
f 438//438 348//348 345//345
f 348//348 438//438 439//439
f 439//439 440//440 348//348
f 349//349 350//350 351//351
f 340//340 443//443 353//353
f 400//400 353//353 443//443
f 443//443 444//444 400//400
f 402//402 400//400 444//444
f 406//406 402//402 444//444
f 443//443 340//340 349//349
f 349//349 445//445 443//443
f 445//445 349//349 354//354
f 354//354 349//349 351//351
f 444//444 443//443 355//355
f 355//355 443//443 445//445
f 355//355 445//445 354//354
f 355//355 354//354 446//446
f 446//446 354//354 447//447
f 446//446 447//447 448//448
f 449//449 444//444 355//355
f 449//449 355//355 356//356
f 406//406 444//444 450//450
f 450//450 444//444 449//449
f 450//450 449//449 451//451
f 451//451 449//449 356//356
f 446//446 356//356 355//355
f 358//358 333//333 399//399
f 399//399 452//452 358//358
f 452//452 399//399 403//403
f 453//453 454//454 452//452
f 452//452 454//454 358//358
f 453//453 452//452 403//403
f 403//403 407//407 453//453
f 455//455 454//454 453//453
f 453//453 409//409 455//455
f 409//409 453//453 407//407
f 456//456 455//455 409//409
f 409//409 457//457 456//456
f 457//457 409//409 408//408
f 408//408 458//458 457//457
f 459//459 461//461 462//462
f 459//459 456//456 461//461
f 461//461 456//456 457//457
f 461//461 457//457 458//458
f 406//406 463//463 412//412
f 414//414 412//412 463//463
f 458//458 408//408 411//411
f 415//415 411//411 416//416
f 463//463 406//406 450//450
f 450//450 465//465 463//463
f 465//465 450//450 451//451
f 451//451 466//466 465//465
f 467//467 414//414 465//465
f 465//465 414//414 463//463
f 467//467 465//465 466//466
f 466//466 360//360 467//467
f 360//360 466//466 359//359
f 468//468 467//467 362//362
f 362//362 467//467 360//360
f 364//364 468//468 362//362
f 470//470 469//469 471//471
f 464//464 471//471 472//472
f 472//472 471//471 469//469
f 470//470 471//471 464//464
f 470//470 464//464 473//473
f 473//473 474//474 470//470
f 474//474 473//473 475//475
f 475//475 473//473 468//468
f 348//348 442//442 347//347
f 442//442 348//348 476//476
f 350//350 347//347 441//441
f 441//441 347//347 442//442
f 441//441 442//442 477//477
f 477//477 442//442 476//476
f 356//356 446//446 478//478
f 478//478 446//446 479//479
f 479//479 446//446 448//448
f 480//480 356//356 478//478
f 356//356 480//480 451//451
f 480//480 478//478 481//481
f 481//481 478//478 479//479
f 482//482 483//483 484//484
f 482//482 484//484 357//357
f 466//466 451//451 480//480
f 485//485 486//486 448//448
f 479//479 448//448 486//486
f 486//486 487//487 479//479
f 481//481 479//479 487//487
f 487//487 488//488 481//481
f 488//488 487//487 489//489
f 489//489 490//490 488//488
f 58//58 257//257 491//491
f 491//491 257//257 258//258
f 59//59 58//58 491//491
f 269//269 494//494 268//268
f 78//78 271//271 270//270
f 495//495 493//493 269//269
f 269//269 270//270 495//495
f 7//7 495//495 271//271
f 271//271 495//495 270//270
f 275//275 7//7 271//271
f 271//271 272//272 275//275
f 496//496 87//87 90//90
f 44//44 88//88 496//496
f 496//496 88//88 87//87
f 89//89 92//92 90//90
f 46//46 273//273 44//44
f 280//280 274//274 273//273
f 273//273 46//46 280//280
f 281//281 498//498 283//283
f 499//499 283//283 498//498
f 282//282 46//46 47//47
f 500//500 498//498 284//284
f 500//500 284//284 282//282
f 500//500 282//282 501//501
f 501//501 282//282 47//47
f 498//498 281//281 284//284
f 505//505 503//503 504//504
f 504//504 506//506 505//505
f 506//506 507//507 505//505
f 508//508 498//498 509//509
f 510//510 508//508 511//511
f 511//511 508//508 509//509
f 502//502 497//497 499//499
f 499//499 508//508 502//502
f 508//508 499//499 498//498
f 504//504 502//502 508//508
f 504//504 508//508 510//510
f 509//509 498//498 500//500
f 500//500 512//512 509//509
f 512//512 500//500 513//513
f 513//513 500//500 501//501
f 511//511 509//509 512//512
f 512//512 514//514 511//511
f 514//514 512//512 513//513
f 513//513 515//515 514//514
f 511//511 516//516 510//510
f 517//517 510//510 516//516
f 516//516 518//518 517//517
f 506//506 504//504 510//510
f 507//507 506//506 517//517
f 517//517 506//506 510//510
f 516//516 511//511 514//514
f 514//514 519//519 516//516
f 519//519 514//514 520//520
f 520//520 514//514 515//515
f 518//518 516//516 519//519
f 519//519 521//521 518//518
f 521//521 520//520 522//522
f 521//521 519//519 520//520
f 45//45 496//496 90//90
f 45//45 44//44 496//496
f 47//47 45//45 50//50
f 50//50 45//45 90//90
f 523//523 47//47 50//50
f 524//524 501//501 523//523
f 523//523 501//501 47//47
f 524//524 523//523 53//53
f 525//525 526//526 527//527
f 527//527 526//526 529//529
f 529//529 526//526 528//528
f 513//513 501//501 524//524
f 524//524 530//530 513//513
f 530//530 524//524 531//531
f 531//531 524//524 53//53
f 532//532 513//513 530//530
f 513//513 532//532 515//515
f 532//532 530//530 531//531
f 531//531 533//533 532//532
f 531//531 53//53 534//534
f 533//533 531//531 534//534
f 525//525 520//520 532//532
f 532//532 520//520 515//515
f 525//525 532//532 533//533
f 533//533 526//526 525//525
f 522//522 520//520 525//525
f 535//535 528//528 533//533
f 533//533 528//528 526//526
f 536//536 528//528 537//537
f 537//537 528//528 538//538
f 535//535 538//538 528//528
f 539//539 505//505 507//507
f 507//507 517//517 540//540
f 540//540 517//517 518//518
f 541//541 507//507 542//542
f 542//542 507//507 540//540
f 540//540 518//518 543//543
f 543//543 518//518 521//521
f 543//543 521//521 522//522
f 543//543 522//522 544//544
f 542//542 540//540 543//543
f 543//543 545//545 542//542
f 545//545 543//543 544//544
f 544//544 546//546 545//545
f 547//547 541//541 542//542
f 547//547 542//542 548//548
f 549//549 541//541 547//547
f 547//547 550//550 549//549
f 550//550 547//547 548//548
f 548//548 542//542 545//545
f 545//545 551//551 548//548
f 551//551 545//545 552//552
f 552//552 545//545 546//546
f 553//553 551//551 552//552
f 554//554 555//555 556//556
f 556//556 555//555 549//549
f 556//556 549//549 550//550
f 550//550 557//557 556//556
f 557//557 550//550 558//558
f 558//558 550//550 548//548
f 558//558 548//548 560//560
f 560//560 548//548 551//551
f 560//560 551//551 553//553
f 553//553 561//561 560//560
f 562//562 556//556 557//557
f 562//562 557//557 563//563
f 563//563 557//557 558//558
f 564//564 562//562 563//563
f 563//563 565//565 564//564
f 556//556 562//562 559//559
f 564//564 559//559 562//562
f 563//563 558//558 566//566
f 566//566 558//558 560//560
f 566//566 560//560 561//561
f 561//561 567//567 566//566
f 565//565 563//563 566//566
f 566//566 568//568 565//565
f 568//568 566//566 567//567
f 570//570 569//569 527//527
f 527//527 569//569 525//525
f 571//571 544//544 569//569
f 571//571 569//569 572//572
f 572//572 569//569 570//570
f 570//570 527//527 529//529
f 529//529 573//573 570//570
f 572//572 570//570 573//573
f 573//573 574//574 572//572
f 576//576 575//575 572//572
f 572//572 575//575 571//571
f 577//577 575//575 576//576
f 576//576 578//578 577//577
f 576//576 572//572 579//579
f 579//579 572//572 574//574
f 578//578 576//576 580//580
f 580//580 576//576 579//579
f 544//544 522//522 569//569
f 569//569 522//522 525//525
f 544//544 571//571 546//546
f 552//552 546//546 575//575
f 575//575 546//546 571//571
f 553//553 552//552 577//577
f 577//577 552//552 575//575
f 583//583 584//584 581//581
f 583//583 585//585 584//584
f 589//589 577//577 578//578
f 578//578 590//590 589//589
f 590//590 578//578 580//580
f 580//580 591//591 590//590
f 592//592 589//589 593//593
f 593//593 589//589 590//590
f 594//594 592//592 593//593
f 593//593 595//595 594//594
f 593//593 590//590 591//591
f 595//595 593//593 596//596
f 596//596 593//593 591//591
f 561//561 553//553 577//577
f 577//577 589//589 561//561
f 567//567 561//561 589//589
f 589//589 592//592 567//567
f 592//592 594//594 567//567
f 600//600 602//602 601//601
f 603//603 604//604 600//600
f 603//603 600//600 605//605
f 559//559 612//612 613//613
f 614//614 613//613 612//612
f 612//612 615//615 614//614
f 616//616 614//614 615//615
f 614//614 616//616 617//617
f 565//565 618//618 564//564
f 619//619 612//612 564//564
f 619//619 564//564 618//618
f 612//612 559//559 564//564
f 618//618 565//565 568//568
f 620//620 568//568 567//567
f 621//621 618//618 568//568
f 621//621 568//568 620//620
f 620//620 622//622 621//621
f 615//615 612//612 619//619
f 619//619 623//623 615//615
f 623//623 619//619 618//618
f 618//618 624//624 623//623
f 616//616 615//615 625//625
f 625//625 615//615 623//623
f 625//625 623//623 624//624
f 624//624 618//618 621//621
f 621//621 626//626 624//624
f 626//626 621//621 622//622
f 627//627 626//626 622//622
f 617//617 616//616 628//628
f 629//629 617//617 628//628
f 628//628 630//630 629//629
f 631//631 629//629 632//632
f 632//632 633//633 631//631
f 630//630 632//632 629//629
f 628//628 616//616 634//634
f 634//634 616//616 625//625
f 634//634 625//625 635//635
f 635//635 625//625 624//624
f 630//630 628//628 634//634
f 634//634 636//636 630//630
f 636//636 634//634 637//637
f 637//637 634//634 635//635
f 635//635 624//624 638//638
f 638//638 624//624 626//626
f 638//638 626//626 627//627
f 627//627 639//639 638//638
f 637//637 635//635 638//638
f 638//638 640//640 637//637
f 641//641 638//638 639//639
f 638//638 641//641 640//640
f 642//642 632//632 630//630
f 642//642 630//630 636//636
f 642//642 636//636 637//637
f 637//637 643//643 642//642
f 633//633 632//632 642//642
f 642//642 644//644 633//633
f 644//644 642//642 643//643
f 643//643 645//645 644//644
f 643//643 637//637 640//640
f 641//641 646//646 640//640
f 645//645 643//643 640//640
f 640//640 647//647 645//645
f 646//646 649//649 648//648
f 647//647 640//640 646//646
f 646//646 648//648 647//647
f 650//650 594//594 595//595
f 650//650 595//595 652//652
f 652//652 595//595 596//596
f 651//651 650//650 653//653
f 653//653 650//650 652//652
f 654//654 651//651 653//653
f 653//653 655//655 654//654
f 656//656 657//657 655//655
f 620//620 567//567 658//658
f 658//658 567//567 594//594
f 594//594 650//650 658//658
f 622//622 620//620 659//659
f 659//659 620//620 658//658
f 659//659 658//658 650//650
f 650//650 651//651 659//659
f 659//659 660//660 622//622
f 660//660 659//659 651//651
f 651//651 654//654 660//660
f 627//627 622//622 660//660
f 627//627 660//660 654//654
f 639//639 662//662 663//663
f 663//663 662//662 654//654
f 655//655 664//664 654//654
f 664//664 655//655 657//657
f 657//657 665//665 664//664
f 663//663 654//654 664//664
f 664//664 666//666 663//663
f 666//666 664//664 667//667
f 667//667 664//664 665//665
f 668//668 639//639 669//669
f 669//669 639//639 663//663
f 670//670 668//668 669//669
f 669//669 663//663 666//666
f 666//666 671//671 669//669
f 671//671 666//666 672//672
f 672//672 666//666 667//667
f 671//671 673//673 669//669
f 673//673 671//671 674//674
f 674//674 671//671 672//672
f 639//639 627//627 662//662
f 662//662 627//627 654//654
f 646//646 641//641 668//668
f 668//668 641//641 639//639
f 649//649 646//646 670//670
f 670//670 646//646 668//668
f 676//676 631//631 633//633
f 633//633 677//677 676//676
f 678//678 676//676 679//679
f 679//679 676//676 677//677
f 679//679 680//680 678//678
f 681//681 678//678 682//682
f 682//682 678//678 680//680
f 677//677 633//633 644//644
f 644//644 683//683 677//677
f 683//683 644//644 645//645
f 645//645 684//684 683//683
f 679//679 677//677 683//683
f 685//685 683//683 684//684
f 684//684 645//645 647//647
f 647//647 686//686 684//684
f 686//686 647//647 648//648
f 685//685 684//684 686//686
f 687//687 648//648 649//649
f 648//648 687//687 686//686
f 680//680 679//679 688//688
f 688//688 679//679 683//683
f 688//688 683//683 689//689
f 689//689 683//683 685//685
f 682//682 680//680 688//688
f 688//688 690//690 682//682
f 690//690 688//688 689//689
f 689//689 691//691 690//690
f 689//689 685//685 692//692
f 692//692 685//685 686//686
f 692//692 686//686 693//693
f 693//693 686//686 687//687
f 691//691 689//689 692//692
f 692//692 694//694 691//691
f 694//694 693//693 695//695
f 694//694 692//692 693//693
f 696//696 681//681 697//697
f 697//697 681//681 682//682
f 698//698 696//696 697//697
f 697//697 682//682 690//690
f 690//690 699//699 697//697
f 699//699 690//690 691//691
f 691//691 700//700 699//699
f 698//698 697//697 699//699
f 699//699 701//701 698//698
f 701//701 699//699 700//700
f 700//700 702//702 701//701
f 700//700 691//691 694//694
f 694//694 703//703 700//700
f 703//703 694//694 704//704
f 704//704 694//694 695//695
f 702//702 703//703 705//705
f 702//702 700//700 703//703
f 705//705 703//703 706//706
f 706//706 703//703 704//704
f 707//707 698//698 701//701
f 701//701 708//708 707//707
f 708//708 702//702 709//709
f 708//708 701//701 702//702
f 710//710 707//707 711//711
f 711//711 707//707 708//708
f 711//711 708//708 709//709
f 709//709 702//702 705//705
f 712//712 705//705 706//706
f 711//711 709//709 713//713
f 713//713 709//709 705//705
f 713//713 705//705 712//712
f 712//712 714//714 713//713
f 715//715 670//670 669//669
f 669//669 716//716 715//715
f 716//716 669//669 673//673
f 717//717 673//673 674//674
f 718//718 716//716 673//673
f 718//718 673//673 717//717
f 719//719 715//715 716//716
f 719//719 716//716 718//718
f 718//718 721//721 719//719
f 721//721 718//718 717//717
f 717//717 722//722 721//721
f 720//720 719//719 721//721
f 721//721 723//723 720//720
f 723//723 721//721 722//722
f 724//724 649//649 670//670
f 670//670 715//715 724//724
f 687//687 649//649 724//724
f 693//693 687//687 724//724
f 724//724 725//725 693//693
f 725//725 724//724 715//715
f 715//715 719//719 725//725
f 695//695 693//693 725//725
f 726//726 725//725 719//719
f 728//728 726//726 729//729
f 729//729 720//720 723//723
f 723//723 730//730 729//729
f 731//731 729//729 730//730
f 704//704 695//695 725//725
f 725//725 726//726 704//704
f 706//706 704//704 732//732
f 732//732 704//704 726//726
f 726//726 728//728 732//732
f 712//712 706//706 732//732
f 733//733 732//732 728//728
f 714//714 712//712 732//732
f 732//732 733//733 714//714
f 737//737 736//736 735//735
f 738//738 739//739 740//740
f 740//740 739//739 710//710
f 738//738 741//741 742//742
f 741//741 738//738 743//743
f 743//743 738//738 740//740
f 743//743 744//744 741//741
f 740//740 710//710 745//745
f 745//745 710//710 711//711
f 745//745 711//711 746//746
f 743//743 740//740 745//745
f 745//745 747//747 743//743
f 747//747 745//745 746//746
f 746//746 711//711 748//748
f 748//748 711//711 713//713
f 748//748 713//713 714//714
f 714//714 749//749 748//748
f 750//750 746//746 748//748
f 750//750 748//748 749//749
f 749//749 751//751 750//750
f 746//746 752//752 747//747
f 744//744 743//743 747//747
f 747//747 753//753 744//744
f 753//753 747//747 752//752
f 752//752 754//754 753//753
f 752//752 746//746 750//750
f 750//750 755//755 752//752
f 755//755 750//750 751//751
f 751//751 756//756 755//755
f 754//754 752//752 757//757
f 757//757 752//752 755//755
f 757//757 755//755 758//758
f 758//758 755//755 756//756
f 759//759 741//741 744//744
f 760//760 759//759 761//761
f 761//761 759//759 744//744
f 762//762 760//760 761//761
f 763//763 744//744 753//753
f 763//763 753//753 764//764
f 764//764 753//753 754//754
f 761//761 744//744 763//763
f 763//763 765//765 761//761
f 765//765 763//763 766//766
f 766//766 763//763 764//764
f 764//764 754//754 757//757
f 764//764 757//757 767//767
f 767//767 757//757 758//758
f 766//766 764//764 767//767
f 768//768 767//767 758//758
f 762//762 761//761 769//769
f 769//769 761//761 765//765
f 769//769 765//765 766//766
f 770//770 769//769 766//766
f 766//766 771//771 770//770
f 772//772 766//766 767//767
f 772//772 767//767 768//768
f 773//773 766//766 772//772
f 766//766 773//773 771//771
f 774//774 733//733 775//775
f 775//775 776//776 774//774
f 777//777 774//774 778//778
f 778//778 774//774 776//776
f 779//779 777//777 780//780
f 780//780 777//777 778//778
f 781//781 779//779 782//782
f 782//782 779//779 780//780
f 780//780 778//778 784//784
f 780//780 784//784 783//783
f 782//782 780//780 785//785
f 785//785 780//780 783//783
f 749//749 714//714 733//733
f 733//733 786//786 749//749
f 733//733 774//774 786//786
f 751//751 749//749 786//786
f 777//777 786//786 774//774
f 756//756 751//751 786//786
f 786//786 779//779 756//756
f 779//779 786//786 777//777
f 758//758 756//756 779//779
f 779//779 781//781 758//758
f 782//782 787//787 781//781
f 788//788 781//781 787//787
f 787//787 782//782 789//789
f 792//792 788//788 787//787
f 793//793 792//792 794//794
f 768//768 758//758 788//788
f 788//788 758//758 781//781
f 792//792 768//768 788//788
f 772//772 768//768 795//795
f 795//795 768//768 792//792
f 797//797 796//796 770//770
f 770//770 798//798 797//797
f 798//798 770//770 799//799
f 799//799 770//770 771//771
f 773//773 800//800 771//771
f 800//800 773//773 801//801
f 801//801 773//773 772//772
f 799//799 771//771 800//800
f 802//802 800//800 801//801
f 799//799 803//803 798//798
f 804//804 797//797 798//798
f 798//798 805//805 804//804
f 805//805 798//798 803//803
f 803//803 799//799 806//806
f 806//806 799//799 800//800
f 806//806 800//800 802//802
f 802//802 807//807 806//806
f 806//806 808//808 803//803
f 809//809 806//806 807//807
f 807//807 810//810 809//809
f 806//806 809//809 808//808
f 804//804 811//811 812//812
f 813//813 812//812 811//811
f 814//814 813//813 815//815
f 815//815 813//813 811//811
f 816//816 814//814 815//815
f 811//811 804//804 805//805
f 817//817 805//805 803//803
f 805//805 818//818 811//811
f 818//818 805//805 817//817
f 817//817 819//819 818//818
f 817//817 803//803 808//808
f 808//808 820//820 817//817
f 820//820 808//808 809//809
f 819//819 817//817 821//821
f 821//821 817//817 820//820
f 822//822 821//821 820//820
f 822//822 820//820 809//809
f 815//815 811//811 818//818
f 818//818 823//823 815//815
f 823//823 818//818 819//819
f 819//819 824//824 823//823
f 816//816 815//815 825//825
f 825//825 815//815 823//823
f 825//825 823//823 824//824
f 824//824 819//819 826//826
f 826//826 819//819 821//821
f 826//826 821//821 822//822
f 822//822 827//827 826//826
f 824//824 826//826 828//828
f 828//828 826//826 827//827
f 829//829 793//793 830//830
f 831//831 829//829 830//830
f 830//830 793//793 832//832
f 832//832 833//833 830//830
f 801//801 772//772 795//795
f 795//795 829//829 801//801
f 829//829 795//795 793//793
f 802//802 801//801 829//829
f 829//829 831//831 802//802
f 807//807 802//802 831//831
f 831//831 838//838 807//807
f 810//810 807//807 839//839
f 839//839 807//807 838//838
f 839//839 842//842 841//841
f 843//843 841//841 842//842
f 809//809 810//810 841//841
f 841//841 810//810 839//839
f 822//822 809//809 843//843
f 843//843 809//809 841//841
f 827//827 822//822 843//843
f 843//843 844//844 827//827
f 844//844 845//845 827//827
f 847//847 848//848 846//846
f 849//849 846//846 848//848
f 848//848 850//850 849//849
f 851//851 816//816 825//825
f 825//825 852//852 851//851
f 852//852 825//825 853//853
f 853//853 825//825 824//824
f 847//847 851//851 854//854
f 854//854 851//851 852//852
f 854//854 853//853 855//855
f 854//854 852//852 853//853
f 853//853 824//824 856//856
f 856//856 824//824 828//828
f 856//856 828//828 827//827
f 855//855 853//853 856//856
f 856//856 857//857 855//855
f 848//848 847//847 858//858
f 858//858 847//847 854//854
f 859//859 854//854 855//855
f 854//854 859//859 858//858
f 850//850 848//848 858//858
f 858//858 859//859 860//860
f 859//859 855//855 861//861
f 861//861 855//855 862//862
f 862//862 855//855 857//857
f 860//860 859//859 861//861
f 860//860 861//861 863//863
f 863//863 861//861 862//862
f 864//864 865//865 866//866
f 867//867 866//866 865//865
f 868//868 867//867 865//865
f 864//864 850//850 858//858
f 858//858 869//869 864//864
f 869//869 858//858 870//870
f 870//870 858//858 860//860
f 865//865 864//864 871//871
f 871//871 864//864 869//869
f 871//871 869//869 872//872
f 872//872 869//869 870//870
f 870//870 860//860 863//863
f 870//870 863//863 873//873
f 872//872 870//870 874//874
f 874//874 870//870 873//873
f 871//871 875//875 865//865
f 875//875 871//871 876//876
f 876//876 871//871 872//872
f 868//868 865//865 875//875
f 877//877 875//875 876//876
f 874//874 876//876 872//872
f 876//876 878//878 877//877
f 878//878 876//876 874//874
f 880//880 881//881 879//879
f 856//856 827//827 845//845
f 845//845 879//879 856//856
f 863//863 862//862 881//881
f 882//882 883//883 884//884
f 873//873 863//863 881//881
f 873//873 883//883 874//874
f 883//883 882//882 874//874
f 878//878 874//874 882//882
f 885//885 867//867 868//868
f 885//885 886//886 887//887
f 886//886 885//885 888//888
f 888//888 885//885 868//868
f 889//889 886//886 888//888
f 890//890 868//868 875//875
f 890//890 877//877 891//891
f 890//890 875//875 877//877
f 888//888 868//868 890//890
f 890//890 892//892 888//888
f 892//892 890//890 893//893
f 893//893 890//890 891//891
f 891//891 877//877 878//878
f 878//878 894//894 891//891
f 893//893 891//891 894//894
f 893//893 894//894 895//895
f 888//888 892//892 896//896
f 896//896 892//892 897//897
f 897//897 892//892 893//893
f 896//896 889//889 888//888
f 897//897 898//898 896//896
f 897//897 893//893 899//899
f 899//899 893//893 895//895
f 898//898 897//897 900//900
f 900//900 897//897 899//899
f 901//901 886//886 902//902
f 902//902 886//886 889//889
f 903//903 901//901 902//902
f 902//902 904//904 903//903
f 902//902 889//889 896//896
f 896//896 905//905 902//902
f 905//905 896//896 898//898
f 898//898 906//906 905//905
f 900//900 907//907 898//898
f 906//906 898//898 907//907
f 904//904 902//902 908//908
f 908//908 902//902 905//905
f 908//908 905//905 906//906
f 909//909 904//904 910//910
f 910//910 904//904 908//908
f 910//910 908//908 911//911
f 911//911 908//908 906//906
f 912//912 906//906 907//907
f 911//911 906//906 913//913
f 913//913 906//906 912//912
f 912//912 914//914 913//913
f 915//915 882//882 884//884
f 884//884 916//916 915//915
f 917//917 915//915 916//916
f 917//917 919//919 918//918
f 917//917 916//916 920//920
f 919//919 917//917 921//921
f 921//921 917//917 920//920
f 894//894 878//878 882//882
f 882//882 915//915 894//894
f 895//895 894//894 915//915
f 917//917 895//895 915//915
f 899//899 895//895 922//922
f 922//922 895//895 917//917
f 917//917 918//918 922//922
f 923//923 919//919 921//921
f 918//918 919//919 924//924
f 924//924 919//919 923//923
f 927//927 925//925 928//928
f 900//900 899//899 922//922
f 907//907 900//900 929//929
f 929//929 900//900 922//922
f 929//929 922//922 918//918
f 912//912 907//907 929//929
f 929//929 930//930 912//912
f 930//930 929//929 918//918
f 918//918 925//925 930//930
f 914//914 912//912 930//930
f 914//914 930//930 926//926
f 926//926 930//930 925//925
f 931//931 910//910 911//911
f 910//910 931//931 932//932
f 933//933 911//911 913//913
f 933//933 913//913 934//934
f 934//934 913//913 914//914
f 931//931 911//911 935//935
f 935//935 911//911 933//933
f 932//932 936//936 937//937
f 936//936 932//932 931//931
f 936//936 931//931 938//938
f 938//938 931//931 935//935
f 941//941 926//926 927//927
f 934//934 914//914 926//926
f 926//926 939//939 934//934
f 933//933 934//934 942//942
f 942//942 934//934 939//939
f 939//939 940//940 942//942
f 935//935 933//933 943//943
f 943//943 933//933 942//942
f 943//943 942//942 940//940
f 944//944 940//940 959//959
f 959//959 940//940 941//941
f 364//364 362//362 366//366
f 366//366 362//362 361//361
f 422//422 418//418 420//420
f 967//967 968//968 969//969
f 970//970 56//56 483//483
f 971//971 483//483 56//56
f 971//971 484//484 483//483
f 972//972 973//973 974//974
f 975//975 973//973 972//972
f 606//606 607//607 976//976
f 606//606 976//976 977//977
f 459//459 460//460 978//978
f 978//978 460//460 979//979
f 461//461 469//469 462//462
f 411//411 472//472 458//458
f 472//472 411//411 415//415
f 415//415 464//464 472//472
f 416//416 413//413 981//981
f 981//981 413//413 414//414
f 464//464 415//415 416//416
f 464//464 416//416 981//981
f 981//981 473//473 464//464
f 981//981 414//414 467//467
f 981//981 467//467 468//468
f 473//473 981//981 468//468
f 472//472 469//469 461//461
f 461//461 458//458 472//472
f 983//983 984//984 985//985
f 986//986 791//791 987//987
f 988//988 834//834 833//833
f 989//989 834//834 990//990
f 991//991 833//833 989//989
f 835//835 989//989 990//990
f 992//992 991//991 835//835
f 835//835 991//991 989//989
f 837//837 992//992 835//835
f 834//834 988//988 993//993
f 993//993 988//988 994//994
f 994//994 995//995 993//993
f 990//990 834//834 996//996
f 996//996 834//834 993//993
f 996//996 993//993 995//995
f 995//995 997//997 996//996
f 995//995 994//994 998//998
f 998//998 994//994 999//999
f 998//998 999//999 1000//1000
f 997//997 995//995 998//998
f 998//998 1001//1001 997//997
f 835//835 990//990 1002//1002
f 1002//1002 990//990 996//996
f 1002//1002 996//996 1003//1003
f 1003//1003 996//996 997//997
f 1002//1002 840//840 836//836
f 836//836 835//835 1002//1002
f 840//840 1002//1002 1003//1003
f 1003//1003 997//997 1001//1001
f 1001//1001 1004//1004 1003//1003
f 1005//1005 1006//1006 1004//1004
f 840//840 1003//1003 1004//1004
f 1004//1004 1007//1007 840//840
f 1008//1008 837//837 1009//1009
f 1009//1009 837//837 836//836
f 1010//1010 1008//1008 1011//1011
f 1011//1011 1008//1008 1009//1009
f 1012//1012 1010//1010 1011//1011
f 1009//1009 836//836 840//840
f 1011//1011 1009//1009 1013//1013
f 1012//1012 1011//1011 1014//1014
f 1014//1014 1011//1011 1013//1013
f 1014//1014 1013//1013 1015//1015
f 1015//1015 1016//1016 1014//1014
f 1017//1017 1012//1012 1014//1014
f 1014//1014 1018//1018 1017//1017
f 1018//1018 1014//1014 1016//1016
f 1016//1016 1019//1019 1018//1018
f 1016//1016 1015//1015 1020//1020
f 1019//1019 1016//1016 1021//1021
f 1021//1021 1016//1016 1020//1020
f 1023//1023 1000//1000 1024//1024
f 1025//1025 1023//1023 1026//1026
f 1025//1025 1026//1026 1027//1027
f 1028//1028 1025//1025 1029//1029
f 1029//1029 1025//1025 1027//1027
f 1029//1029 1027//1027 1030//1030
f 1030//1030 1031//1031 1029//1029
f 1032//1032 1033//1033 945//945
f 1032//1032 1028//1028 1029//1029
f 1033//1033 1032//1032 1034//1034
f 1035//1035 1036//1036 945//945
f 1033//1033 946//946 945//945
f 946//946 1033//1033 1034//1034
f 1032//1032 1029//1029 1037//1037
f 1037//1037 1029//1029 1031//1031
f 1034//1034 1032//1032 1038//1038
f 1038//1038 1032//1032 1037//1037
f 1037//1037 1031//1031 1039//1039
f 1039//1039 1040//1040 1037//1037
f 1038//1038 1037//1037 1041//1041
f 1041//1041 1037//1037 1040//1040
f 1041//1041 1040//1040 1042//1042
f 1043//1043 1034//1034 1038//1038
f 1044//1044 1034//1034 1043//1043
f 1043//1043 1045//1045 1044//1044
f 1046//1046 1038//1038 1041//1041
f 1046//1046 1047//1047 1045//1045
f 1046//1046 1048//1048 1047//1047
f 1048//1048 1046//1046 1049//1049
f 1049//1049 1050//1050 1048//1048
f 1017//1017 1051//1051 1052//1052
f 1053//1053 1054//1054 1055//1055
f 1056//1056 1055//1055 1057//1057
f 1057//1057 1055//1055 1054//1054
f 1051//1051 1017//1017 1018//1018
f 1018//1018 1058//1058 1051//1051
f 1058//1058 1018//1018 1019//1019
f 1019//1019 1059//1059 1058//1058
f 1053//1053 1051//1051 1058//1058
f 1058//1058 1060//1060 1053//1053
f 1060//1060 1058//1058 1059//1059
f 1059//1059 1019//1019 1021//1021
f 1061//1061 1059//1059 1021//1021
f 1054//1054 1053//1053 1060//1060
f 1060//1060 1062//1062 1054//1054
f 1057//1057 1054//1054 1062//1062
f 1063//1063 1062//1062 1060//1060
f 1059//1059 1064//1064 1060//1060
f 1064//1064 1059//1059 1061//1061
f 1063//1063 1060//1060 1064//1064
f 1064//1064 1065//1065 1063//1063
f 1065//1065 1064//1064 1066//1066
f 1067//1067 1056//1056 1068//1068
f 1068//1068 1056//1056 1057//1057
f 1067//1067 1069//1069 884//884
f 1069//1069 1067//1067 1068//1068
f 1068//1068 1070//1070 1069//1069
f 1071//1071 1069//1069 1070//1070
f 1068//1068 1057//1057 1062//1062
f 1062//1062 1072//1072 1068//1068
f 1063//1063 1073//1073 1062//1062
f 1073//1073 1063//1063 1065//1065
f 1065//1065 1074//1074 1073//1073
f 1074//1074 1065//1065 1075//1075
f 1075//1075 1065//1065 1066//1066
f 1070//1070 1068//1068 1072//1072
f 1073//1073 1072//1072 1062//1062
f 1072//1072 1076//1076 1070//1070
f 1076//1076 1072//1072 1073//1073
f 1077//1077 1074//1074 1075//1075
f 947//947 1073//1073 1074//1074
f 947//947 1074//1074 1077//1077
f 920//920 916//916 1071//1071
f 920//920 1071//1071 1078//1078
f 1079//1079 920//920 1078//1078
f 921//921 920//920 1079//1079
f 1079//1079 1080//1080 921//921
f 1071//1071 1070//1070 1076//1076
f 1073//1073 1081//1081 1076//1076
f 1078//1078 1071//1071 1076//1076
f 1078//1078 1076//1076 1081//1081
f 1081//1081 1073//1073 947//947
f 1081//1081 947//947 1082//1082
f 1083//1083 947//947 1077//1077
f 1082//1082 947//947 1083//1083
f 1078//1078 1084//1084 1079//1079
f 1084//1084 1078//1078 1081//1081
f 1080//1080 1079//1079 1084//1084
f 1084//1084 1085//1085 1080//1080
f 1084//1084 1086//1086 1085//1085
f 1084//1084 1081//1081 1082//1082
f 1082//1082 1087//1087 1084//1084
f 1087//1087 1082//1082 1088//1088
f 1088//1088 1082//1082 1083//1083
f 1086//1086 1084//1084 1087//1087
f 1087//1087 1089//1089 1086//1086
f 1089//1089 1087//1087 1088//1088
f 923//923 921//921 1080//1080
f 1080//1080 1090//1090 923//923
f 924//924 923//923 1090//1090
f 924//924 1090//1090 1091//1091
f 928//928 924//924 1092//1092
f 1092//1092 924//924 1091//1091
f 927//927 928//928 1093//1093
f 1093//1093 928//928 1092//1092
f 1090//1090 1080//1080 1094//1094
f 1094//1094 1080//1080 1085//1085
f 1095//1095 1094//1094 1086//1086
f 1085//1085 1086//1086 1094//1094
f 1091//1091 1090//1090 1096//1096
f 1096//1096 1090//1090 1094//1094
f 1096//1096 1094//1094 1095//1095
f 1096//1096 1095//1095 948//948
f 1095//1095 1086//1086 1097//1097
f 1097//1097 1086//1086 1089//1089
f 1097//1097 1089//1089 1088//1088
f 1097//1097 1098//1098 1095//1095
f 1095//1095 1098//1098 948//948
f 1098//1098 1097//1097 1099//1099
f 1096//1096 1100//1100 1092//1092
f 1092//1092 1091//1091 1096//1096
f 948//948 1100//1100 1096//1096
f 1101//1101 1100//1100 948//948
f 1093//1093 1092//1092 1102//1102
f 1102//1102 1092//1092 1100//1100
f 1102//1102 1100//1100 1101//1101
f 1101//1101 1103//1103 1102//1102
f 1101//1101 948//948 1098//1098
f 1098//1098 1104//1104 1101//1101
f 1104//1104 1098//1098 1099//1099
f 1103//1103 1101//1101 1104//1104
f 1105//1105 1104//1104 1099//1099
f 1061//1061 1106//1106 1107//1107
f 1107//1107 1106//1106 1108//1108
f 1044//1044 1110//1110 1109//1109
f 1107//1107 1111//1111 1064//1064
f 1111//1111 1107//1107 1112//1112
f 1112//1112 1107//1107 950//950
f 1066//1066 1064//1064 1111//1111
f 1111//1111 1113//1113 1066//1066
f 1113//1113 1111//1111 1112//1112
f 1112//1112 950//950 1109//1109
f 1112//1112 1109//1109 1110//1110
f 1110//1110 1114//1114 1112//1112
f 1112//1112 1115//1115 1113//1113
f 1115//1115 1112//1112 1114//1114
f 1114//1114 1116//1116 1115//1115
f 1045//1045 1047//1047 1044//1044
f 1110//1110 1044//1044 1047//1047
f 1047//1047 1117//1117 1110//1110
f 1117//1117 1047//1047 1048//1048
f 1048//1048 1118//1118 1117//1117
f 1118//1118 1048//1048 1050//1050
f 1114//1114 1110//1110 1117//1117
f 1117//1117 1118//1118 1114//1114
f 1116//1116 1114//1114 1118//1118
f 1118//1118 1120//1120 1116//1116
f 1120//1120 1118//1118 1119//1119
f 1113//1113 1075//1075 1066//1066
f 1113//1113 1121//1121 1075//1075
f 1122//1122 1075//1075 1121//1121
f 1121//1121 1113//1113 1115//1115
f 1123//1123 1115//1115 1116//1116
f 1122//1122 1121//1121 1115//1115
f 1115//1115 1124//1124 1122//1122
f 1124//1124 1115//1115 1123//1123
f 1077//1077 1075//1075 1122//1122
f 1122//1122 1125//1125 1077//1077
f 1125//1125 1126//1126 1077//1077
f 1126//1126 1125//1125 1127//1127
f 1128//1128 1124//1124 1123//1123
f 1116//1116 1130//1130 1123//1123
f 1116//1116 1131//1131 1130//1130
f 1130//1130 1132//1132 1123//1123
f 1132//1132 1130//1130 1131//1131
f 1131//1131 1116//1116 1120//1120
f 1131//1131 1120//1120 1133//1133
f 1131//1131 1134//1134 1132//1132
f 1134//1134 1131//1131 1133//1133
f 1128//1128 1123//1123 1135//1135
f 1135//1135 1123//1123 1132//1132
f 1132//1132 1136//1136 1135//1135
f 1129//1129 1128//1128 1135//1135
f 1136//1136 1132//1132 1134//1134
f 1134//1134 1137//1137 1136//1136
f 1137//1137 1138//1138 1136//1136
f 1118//1118 1050//1050 1139//1139
f 1139//1139 1140//1140 1118//1118
f 1140//1140 1139//1139 1141//1141
f 1119//1119 1118//1118 1140//1140
f 1140//1140 1142//1142 1119//1119
f 1119//1119 1143//1143 1120//1120
f 1143//1143 1119//1119 1142//1142
f 1142//1142 1140//1140 1141//1141
f 1141//1141 1144//1144 1142//1142
f 1144//1144 1141//1141 1145//1145
f 1143//1143 1142//1142 1144//1144
f 1133//1133 1120//1120 1143//1143
f 1133//1133 1143//1143 1150//1150
f 1133//1133 1151//1151 1134//1134
f 1151//1151 1133//1133 1152//1152
f 1152//1152 1133//1133 1150//1150
f 1152//1152 1150//1150 1153//1153
f 1137//1137 1134//1134 1151//1151
f 1137//1137 1151//1151 1152//1152
f 1152//1152 1155//1155 1137//1137
f 1138//1138 1137//1137 1155//1155
f 1155//1155 1156//1156 1138//1138
f 1157//1157 1152//1152 1153//1153
f 1157//1157 1158//1158 1156//1156
f 1083//1083 1077//1077 1126//1126
f 1160//1160 1083//1083 1126//1126
f 1160//1160 1126//1126 1161//1161
f 1161//1161 1126//1126 1127//1127
f 1129//1129 1162//1162 1127//1127
f 1161//1161 1127//1127 1162//1162
f 1162//1162 1163//1163 1161//1161
f 1162//1162 951//951 1163//1163
f 1088//1088 1083//1083 1160//1160
f 1160//1160 1164//1164 1088//1088
f 1164//1164 1160//1160 1165//1165
f 1165//1165 1160//1160 1161//1161
f 1166//1166 1164//1164 1165//1165
f 1165//1165 1161//1161 1163//1163
f 1165//1165 1163//1163 951//951
f 1166//1166 1165//1165 952//952
f 951//951 952//952 1165//1165
f 1167//1167 952//952 951//951
f 1162//1162 1129//1129 1135//1135
f 1135//1135 1168//1168 1162//1162
f 951//951 1162//1162 1169//1169
f 1169//1169 1162//1162 1168//1168
f 1168//1168 1135//1135 1136//1136
f 1168//1168 1136//1136 1138//1138
f 1138//1138 1170//1170 1168//1168
f 1168//1168 1171//1171 1169//1169
f 1171//1171 1168//1168 1170//1170
f 1169//1169 953//953 951//951
f 953//953 1169//1169 1172//1172
f 1167//1167 951//951 1173//1173
f 1173//1173 951//951 953//953
f 1174//1174 953//953 1172//1172
f 953//953 1174//1174 1173//1173
f 1172//1172 1169//1169 1171//1171
f 1171//1171 1175//1175 1172//1172
f 1171//1171 1176//1176 1175//1175
f 1174//1174 1172//1172 1175//1175
f 1097//1097 1088//1088 1164//1164
f 1164//1164 1177//1177 1097//1097
f 1177//1177 1164//1164 1166//1166
f 1166//1166 1178//1178 1177//1177
f 1099//1099 1097//1097 1177//1177
f 1178//1178 1166//1166 952//952
f 1178//1178 952//952 1179//1179
f 1179//1179 952//952 1167//1167
f 1167//1167 1180//1180 1179//1179
f 1177//1177 1181//1181 1099//1099
f 1178//1178 1181//1181 1177//1177
f 1182//1182 1181//1181 1178//1178
f 1105//1105 1099//1099 1181//1181
f 1181//1181 1183//1183 1105//1105
f 1183//1183 1181//1181 1182//1182
f 1182//1182 1178//1178 1179//1179
f 1179//1179 1184//1184 1182//1182
f 1184//1184 1179//1179 1180//1180
f 1183//1183 1182//1182 1184//1184
f 1184//1184 1185//1185 1183//1183
f 1184//1184 1186//1186 1185//1185
f 1180//1180 1167//1167 1187//1187
f 1187//1187 1167//1167 1173//1173
f 1187//1187 1173//1173 1174//1174
f 1188//1188 1180//1180 1187//1187
f 1188//1188 1187//1187 1189//1189
f 1189//1189 1187//1187 1174//1174
f 1189//1189 1174//1174 1191//1191
f 1189//1189 1191//1191 1192//1192
f 1192//1192 1191//1191 1190//1190
f 1184//1184 1180//1180 1188//1188
f 1189//1189 1193//1193 1188//1188
f 1186//1186 1184//1184 1194//1194
f 1194//1194 1184//1184 1188//1188
f 1194//1194 1188//1188 1195//1195
f 1195//1195 1188//1188 1193//1193
f 1193//1193 1189//1189 954//954
f 1196//1196 954//954 1192//1192
f 1189//1189 1192//1192 954//954
f 1195//1195 1193//1193 954//954
f 1195//1195 954//954 1197//1197
f 960//960 954//954 1196//1196
f 1197//1197 954//954 960//960
f 1170//1170 1138//1138 1156//1156
f 1156//1156 1198//1198 1170//1170
f 1170//1170 1199//1199 1171//1171
f 1199//1199 1170//1170 1198//1198
f 1198//1198 1156//1156 1158//1158
f 1158//1158 1200//1200 1198//1198
f 1201//1201 1202//1202 1200//1200
f 1176//1176 1171//1171 1199//1199
f 1199//1199 1203//1203 1176//1176
f 1203//1203 1199//1199 1198//1198
f 1198//1198 1204//1204 1203//1203
f 1204//1204 1198//1198 1200//1200
f 1200//1200 1205//1205 1204//1204
f 1205//1205 1200//1200 1202//1202
f 956//956 1204//1204 1206//1206
f 1206//1206 1204//1204 1205//1205
f 1202//1202 1207//1207 1205//1205
f 1207//1207 1202//1202 1208//1208
f 1208//1208 1202//1202 1209//1209
f 1206//1206 1205//1205 1210//1210
f 1210//1210 1205//1205 1207//1207
f 1210//1210 1207//1207 1208//1208
f 1208//1208 958//958 1210//1210
f 1211//1211 1212//1212 1190//1190
f 1192//1192 1212//1212 1213//1213
f 1214//1214 1212//1212 1215//1215
f 1214//1214 1215//1215 1216//1216
f 957//957 1206//1206 1217//1217
f 1196//1196 1192//1192 1213//1213
f 1213//1213 1212//1212 1218//1218
f 1218//1218 1212//1212 1214//1214
f 960//960 1196//1196 961//961
f 961//961 1196//1196 1213//1213
f 1217//1217 1206//1206 1210//1210
f 1210//1210 1219//1219 1217//1217
f 941//941 927//927 1220//1220
f 1220//1220 927//927 1093//1093
f 959//959 941//941 1221//1221
f 1221//1221 941//941 1220//1220
f 1220//1220 1093//1093 1102//1102
f 1222//1222 1220//1220 1102//1102
f 1222//1222 1102//1102 1223//1223
f 1223//1223 1102//1102 1103//1103
f 1104//1104 1224//1224 1103//1103
f 1224//1224 1104//1104 1105//1105
f 1105//1105 1225//1225 1224//1224
f 1223//1223 1103//1103 1224//1224
f 1224//1224 1226//1226 1223//1223
f 1226//1226 1224//1224 1225//1225
f 1225//1225 1227//1227 1226//1226
f 1221//1221 1220//1220 1222//1222
f 1223//1223 1228//1228 1222//1222
f 1228//1228 1223//1223 1226//1226
f 1226//1226 1229//1229 1228//1228
f 1229//1229 1226//1226 1227//1227
f 1227//1227 1230//1230 1229//1229
f 1225//1225 1105//1105 1183//1183
f 1183//1183 1231//1231 1225//1225
f 1183//1183 1232//1232 1231//1231
f 1227//1227 1225//1225 1233//1233
f 1233//1233 1225//1225 1231//1231
f 1233//1233 1231//1231 1232//1232
f 1232//1232 1183//1183 1185//1185
f 1185//1185 1234//1234 1232//1232
f 1234//1234 1185//1185 1186//1186
f 1186//1186 1235//1235 1234//1234
f 1234//1234 1236//1236 1232//1232
f 1236//1236 1234//1234 1235//1235
f 1230//1230 1227//1227 1237//1237
f 1237//1237 1227//1227 1233//1233
f 1237//1237 1233//1233 1238//1238
f 1238//1238 1233//1233 1232//1232
f 1238//1238 1232//1232 1239//1239
f 1239//1239 1232//1232 1236//1236
f 1236//1236 1240//1240 1239//1239
f 1235//1235 1186//1186 1194//1194
f 1235//1235 1194//1194 1195//1195
f 1235//1235 1241//1241 1236//1236
f 1241//1241 1235//1235 1242//1242
f 1242//1242 1235//1235 1195//1195
f 1197//1197 960//960 1243//1243
f 1242//1242 1195//1195 1244//1244
f 1244//1244 1195//1195 1197//1197
f 1244//1244 1197//1197 1243//1243
f 1243//1243 1245//1245 1244//1244
f 1240//1240 1236//1236 1241//1241
f 1241//1241 1246//1246 1240//1240
f 1246//1246 1241//1241 1242//1242
f 1242//1242 1247//1247 1246//1246
f 1247//1247 1242//1242 1244//1244
f 1244//1244 1248//1248 1247//1247
f 1248//1248 1245//1245 1249//1249
f 1248//1248 1244//1244 1245//1245
f 1243//1243 960//960 961//961
f 1243//1243 961//961 1250//1250
f 969//969 1260//1260 1261//1261
f 1261//1261 1260//1260 970//970
f 980//980 979//979 460//460
f 1263//1263 1264//1264 361//361
f 361//361 367//367 366//366
f 367//367 361//361 1264//1264
f 1264//1264 1265//1265 367//367
f 475//475 468//468 363//363
f 363//363 468//468 364//364
f 982//982 474//474 475//475
f 982//982 475//475 363//363
f 1265//1265 1264//1264 431//431
f 431//431 370//370 1265//1265
f 370//370 431//431 422//422
f 422//422 431//431 418//418
f 1266//1266 1267//1267 1268//1268
f 1268//1268 1269//1269 1266//1266
f 1270//1270 1266//1266 1271//1271
f 1271//1271 1266//1266 1269//1269
f 1272//1272 1273//1273 1271//1271
f 1274//1274 1275//1275 675//675
f 675//675 1271//1271 1273//1273
f 717//717 674//674 1274//1274
f 1274//1274 1276//1276 717//717
f 1276//1276 1277//1277 717//717
f 1278//1278 1279//1279 1280//1280
f 1280//1280 1279//1279 1282//1282
f 1283//1283 1284//1284 1285//1285
f 1285//1285 1286//1286 1283//1283
f 1278//1278 1283//1283 1286//1286
f 1286//1286 1287//1287 1278//1278
f 1279//1279 1278//1278 1288//1288
f 1288//1288 1278//1278 1287//1287
f 1288//1288 1289//1289 1282//1282
f 1290//1290 1291//1291 1292//1292
f 1293//1293 734//734 1290//1290
f 1293//1293 1290//1290 1294//1294
f 1298//1298 1299//1299 1300//1300
f 1300//1300 1301//1301 1292//1292
f 1301//1301 1300//1300 1299//1299
f 1297//1297 1302//1302 1299//1299
f 1290//1290 1292//1292 1301//1301
f 1301//1301 1303//1303 1290//1290
f 1294//1294 1290//1290 1303//1303
f 1303//1303 1304//1304 1294//1294
f 1304//1304 1303//1303 1305//1305
f 1303//1303 1301//1301 1299//1299
f 1299//1299 1306//1306 1303//1303
f 1306//1306 1299//1299 1302//1302
f 1305//1305 1303//1303 1306//1306
f 1307//1307 1280//1280 1308//1308
f 1308//1308 1280//1280 1282//1282
f 1307//1307 1281//1281 1280//1280
f 1309//1309 783//783 1307//1307
f 785//785 783//783 1309//1309
f 1308//1308 1282//1282 1289//1289
f 1289//1289 983//983 1308//1308
f 983//983 1289//1289 1293//1293
f 1307//1307 1308//1308 985//985
f 985//985 1308//1308 983//983
f 983//983 1293//1293 1310//1310
f 1310//1310 1293//1293 1294//1294
f 1294//1294 1311//1311 1310//1310
f 984//984 983//983 1312//1312
f 1312//1312 983//983 1310//1310
f 1312//1312 1310//1310 1313//1313
f 1313//1313 1310//1310 1311//1311
f 1309//1309 1307//1307 985//985
f 984//984 1314//1314 985//985
f 1315//1315 1309//1309 985//985
f 1315//1315 985//985 1314//1314
f 1314//1314 1316//1316 1315//1315
f 1314//1314 984//984 1312//1312
f 1317//1317 1312//1312 1313//1313
f 1316//1316 1314//1314 1312//1312
f 1312//1312 1318//1318 1316//1316
f 1318//1318 1312//1312 1317//1317
f 789//789 782//782 785//785
f 791//791 789//789 1309//1309
f 1309//1309 789//789 785//785
f 791//791 1309//1309 1315//1315
f 1315//1315 987//987 791//791
f 987//987 1315//1315 1319//1319
f 1319//1319 1315//1315 1316//1316
f 1320//1320 987//987 1319//1319
f 1319//1319 1316//1316 1321//1321
f 1321//1321 1316//1316 1318//1318
f 1321//1321 1318//1318 1317//1317
f 1317//1317 1322//1322 1321//1321
f 1320//1320 1319//1319 1321//1321
f 1320//1320 1321//1321 1323//1323
f 1323//1323 1321//1321 1322//1322
f 1320//1320 1324//1324 987//987
f 994//994 988//988 1324//1324
f 1324//1324 1320//1320 999//999
f 999//999 1320//1320 1323//1323
f 1323//1323 1325//1325 999//999
f 994//994 1324//1324 999//999
f 1326//1326 999//999 1325//1325
f 1000//1000 999//999 1326//1326
f 1327//1327 1304//1304 1328//1328
f 1328//1328 1304//1304 1305//1305
f 1328//1328 1305//1305 1022//1022
f 1022//1022 1305//1305 1306//1306
f 1329//1329 1328//1328 1022//1022
f 1329//1329 1331//1331 1330//1330
f 1332//1332 1329//1329 1022//1022
f 1331//1331 1329//1329 1333//1333
f 1333//1333 1329//1329 1332//1332
f 1333//1333 1332//1332 1334//1334
f 1322//1322 1317//1317 1330//1330
f 1322//1322 1330//1330 1331//1331
f 1331//1331 1336//1336 1322//1322
f 1322//1322 1337//1337 1323//1323
f 1337//1337 1322//1322 1336//1336
f 1336//1336 1331//1331 1333//1333
f 1333//1333 1338//1338 1336//1336
f 1338//1338 1333//1333 1339//1339
f 1339//1339 1333//1333 1334//1334
f 1337//1337 1336//1336 1338//1338
f 1338//1338 1340//1340 1337//1337
f 1340//1340 1338//1338 1339//1339
f 1339//1339 1341//1341 1340//1340
f 1325//1325 1323//1323 1337//1337
f 1337//1337 1342//1342 1325//1325
f 1326//1326 1325//1325 1343//1343
f 1343//1343 1325//1325 1342//1342
f 1342//1342 1337//1337 1340//1340
f 1341//1341 1344//1344 1340//1340
f 1343//1343 1342//1342 1340//1340
f 1340//1340 1345//1345 1343//1343
f 1345//1345 1340//1340 1344//1344
f 1339//1339 1334//1334 1346//1346
f 1346//1346 1334//1334 1335//1335
f 1341//1341 1339//1339 1346//1346
f 1346//1346 1347//1347 1341//1341
f 1347//1347 1346//1346 1348//1348
f 1348//1348 1346//1346 1335//1335
f 1344//1344 1341//1341 1347//1347
f 1347//1347 1349//1349 1344//1344
f 1349//1349 1347//1347 1348//1348
f 1349//1349 1348//1348 1351//1351
f 1350//1350 1349//1349 1351//1351
f 1000//1000 1326//1326 1024//1024
f 1024//1024 1326//1326 1343//1343
f 1024//1024 1343//1343 1026//1026
f 1026//1026 1343//1343 1345//1345
f 1023//1023 1024//1024 1026//1026
f 1354//1354 1355//1355 1026//1026
f 1027//1027 1026//1026 1355//1355
f 1356//1356 1350//1350 1351//1351
f 1356//1356 1351//1351 1352//1352
f 1352//1352 1357//1357 1356//1356
f 1358//1358 1356//1356 1357//1357
f 1027//1027 1355//1355 1030//1030
f 1031//1031 1030//1030 1359//1359
f 1031//1031 1359//1359 1039//1039
f 1360//1360 1361//1361 1039//1039
f 1040//1040 1039//1039 1361//1361
f 1361//1361 1362//1362 1040//1040
f 1042//1042 1040//1040 1362//1362
f 1360//1360 1357//1357 1363//1363
f 1361//1361 1360//1360 1363//1363
f 1361//1361 1363//1363 1364//1364
f 1364//1364 1365//1365 1361//1361
f 1365//1365 1364//1364 1366//1366
f 1366//1366 1367//1367 1365//1365
f 1367//1367 1366//1366 1368//1368
f 1369//1369 1371//1371 1370//1370
f 1368//1368 1366//1366 1372//1372
f 1372//1372 1366//1366 1370//1370
f 1372//1372 1370//1370 1371//1371
f 1371//1371 1373//1373 1372//1372
f 1362//1362 1361//1361 1365//1365
f 1365//1365 1374//1374 1362//1362
f 1042//1042 1362//1362 1375//1375
f 1375//1375 1362//1362 1374//1374
f 1374//1374 1365//1365 1367//1367
f 1367//1367 1376//1376 1374//1374
f 1376//1376 1367//1367 1368//1368
f 1368//1368 1377//1377 1376//1376
f 1375//1375 1374//1374 1378//1378
f 1378//1378 1374//1374 1376//1376
f 1378//1378 1376//1376 1377//1377
f 1377//1377 1379//1379 1378//1378
f 1049//1049 1375//1375 1378//1378
f 1378//1378 1380//1380 1049//1049
f 1380//1380 1378//1378 1379//1379
f 1377//1377 1368//1368 1372//1372
f 1372//1372 1381//1381 1377//1377
f 1381//1381 1372//1372 1382//1382
f 1379//1379 1377//1377 1381//1381
f 1382//1382 1372//1372 1383//1383
f 1383//1383 1372//1372 1373//1373
f 1384//1384 1383//1383 1373//1373
f 1380//1380 1379//1379 1385//1385
f 1387//1387 1389//1389 1388//1388
f 1390//1390 1386//1386 1388//1388
f 1388//1388 1391//1391 1390//1390
f 1391//1391 1388//1388 1389//1389
f 1147//1147 1390//1390 1149//1149
f 1149//1149 1390//1390 1391//1391
f 1149//1149 1391//1391 1392//1392
f 1392//1392 1391//1391 1389//1389
f 1394//1394 1395//1395 1373//1373
f 1384//1384 1373//1373 1395//1395
f 1387//1387 1384//1384 1395//1395
f 1395//1395 1396//1396 1387//1387
f 1389//1389 1387//1387 1397//1397
f 1397//1397 1387//1387 1396//1396
f 1400//1400 1402//1402 1401//1401
f 1401//1401 1267//1267 656//656
f 1267//1267 1401//1401 1402//1402
f 1267//1267 1402//1402 661//661
f 1403//1403 1404//1404 1405//1405
f 1405//1405 1406//1406 1403//1403
f 1268//1268 661//661 1403//1403
f 1268//1268 1403//1403 1407//1407
f 1407//1407 1403//1403 1406//1406
f 1272//1272 1268//1268 1407//1407
f 1408//1408 1409//1409 605//605
f 1405//1405 605//605 1409//1409
f 1409//1409 1410//1410 1405//1405
f 1406//1406 1405//1405 1411//1411
f 1411//1411 1405//1405 1410//1410
f 1411//1411 1410//1410 1412//1412
f 1412//1412 1410//1410 1413//1413
f 1414//1414 1406//1406 1411//1411
f 1415//1415 1416//1416 1412//1412
f 286//286 285//285 12//12
f 12//12 157//157 286//286
f 1422//1422 286//286 157//157
f 157//157 163//163 1422//1422
f 75//75 1422//1422 163//163
f 267//267 492//492 266//266
f 169//169 158//158 166//166
f 169//169 167//167 163//163
f 167//167 169//169 166//166
f 160//160 1423//1423 170//170
f 171//171 170//170 1423//1423
f 175//175 167//167 172//172
f 173//173 162//162 175//175
f 173//173 175//175 172//172
f 171//171 176//176 172//172
f 176//176 171//171 1424//1424
f 1424//1424 171//171 1423//1423
f 177//177 176//176 1425//1425
f 1425//1425 176//176 1424//1424
f 187//187 182//182 183//183
f 192//192 183//183 190//190
f 192//192 190//190 1426//1426
f 1426//1426 190//190 191//191
f 1427//1427 191//191 177//177
f 1427//1427 177//177 1428//1428
f 1428//1428 177//177 1425//1425
f 1426//1426 191//191 1429//1429
f 1429//1429 191//191 1427//1427
f 1429//1429 1427//1427 245//245
f 245//245 1427//1427 1428//1428
f 193//193 192//192 1426//1426
f 1426//1426 195//195 193//193
f 195//195 1426//1426 1429//1429
f 1429//1429 198//198 195//195
f 198//198 1429//1429 245//245
f 1423//1423 160//160 209//209
f 1423//1423 209//209 227//227
f 226//226 1423//1423 227//227
f 227//227 209//209 212//212
f 1424//1424 1423//1423 233//233
f 233//233 1423//1423 226//226
f 1425//1425 1424//1424 235//235
f 235//235 1424//1424 233//233
f 1428//1428 1425//1425 240//240
f 240//240 1425//1425 235//235
f 245//245 1428//1428 246//246
f 246//246 1428//1428 240//240
f 246//246 240//240 242//242
f 1201//1201 1430//1430 435//435
f 435//435 1430//1430 436//436
f 437//437 1201//1201 435//435
f 609//609 1434//1434 1433//1433
f 1434//1434 1436//1436 1435//1435
f 1436//1436 1434//1434 1437//1437
f 1437//1437 1434//1434 1438//1438
f 1439//1439 1435//1435 1436//1436
f 1439//1439 1436//1436 1440//1440
f 1440//1440 1436//1436 1437//1437
f 1441//1441 1439//1439 1442//1442
f 1442//1442 1439//1439 1440//1440
f 1437//1437 1438//1438 1444//1444
f 1444//1444 1438//1438 1445//1445
f 1445//1445 1446//1446 1444//1444
f 1446//1446 1445//1445 1447//1447
f 1447//1447 1445//1445 1448//1448
f 1447//1447 1448//1448 1449//1449
f 1440//1440 1437//1437 1450//1450
f 1450//1450 1437//1437 1444//1444
f 1450//1450 1444//1444 1446//1446
f 1446//1446 1451//1451 1450//1450
f 1442//1442 1440//1440 1452//1452
f 1452//1452 1440//1440 1450//1450
f 1452//1452 1450//1450 1451//1451
f 1451//1451 1453//1453 1452//1452
f 1451//1451 1446//1446 1447//1447
f 1451//1451 1447//1447 1454//1454
f 1454//1454 1447//1447 1449//1449
f 1453//1453 1451//1451 1454//1454
f 1454//1454 1455//1455 1453//1453
f 1458//1458 1441//1441 1442//1442
f 1458//1458 1442//1442 1459//1459
f 1459//1459 1442//1442 1452//1452
f 1459//1459 1452//1452 1453//1453
f 1453//1453 1460//1460 1459//1459
f 1461//1461 1459//1459 1460//1460
f 1460//1460 1453//1453 1462//1462
f 1462//1462 1453//1453 1463//1463
f 1463//1463 1453//1453 1455//1455
f 1461//1461 1460//1460 1464//1464
f 1464//1464 1460//1460 1462//1462
f 1464//1464 1462//1462 1463//1463
f 1434//1434 1465//1465 1438//1438
f 1438//1438 1465//1465 1443//1443
f 722//722 1284//1284 723//723
f 1284//1284 722//722 1285//1285
f 730//730 723//723 1284//1284
f 1284//1284 1283//1283 730//730
f 731//731 730//730 1278//1278
f 1278//1278 730//730 1283//1283
f 775//775 733//733 728//728
f 731//731 1280//1280 728//728
f 1280//1280 731//731 1278//1278
f 775//775 728//728 1280//1280
f 1280//1280 1281//1281 775//775
f 1468//1468 1469//1469 1286//1286
f 1287//1287 1286//1286 1469//1469
f 1469//1469 734//734 1287//1287
f 1470//1470 1291//1291 1469//1469
f 1291//1291 1471//1471 1292//1292
f 734//734 1469//1469 1291//1291
f 1288//1288 1287//1287 734//734
f 1282//1282 1279//1279 1288//1288
f 1293//1293 1289//1289 734//734
f 734//734 1289//1289 1288//1288
f 776//776 775//775 1281//1281
f 778//778 776//776 1281//1281
f 1281//1281 784//784 778//778
f 1311//1311 1294//1294 1327//1327
f 1327//1327 1294//1294 1304//1304
f 585//585 607//607 606//606
f 585//585 537//537 607//607
f 607//607 537//537 1472//1472
f 1473//1473 969//969 1261//1261
f 1473//1473 1261//1261 1474//1474
f 1474//1474 1261//1261 974//974
f 1261//1261 970//970 483//483
f 483//483 974//974 1261//1261
f 1475//1475 973//973 975//975
f 1475//1475 975//975 455//455
f 455//455 456//456 1475//1475
f 972//972 1476//1476 975//975
f 1474//1474 1477//1477 1478//1478
f 1479//1479 1478//1478 1477//1477
f 1477//1477 1480//1480 1479//1479
f 1477//1477 1474//1474 1481//1481
f 1481//1481 1474//1474 974//974
f 1481//1481 974//974 973//973
f 973//973 978//978 1481//1481
f 1480//1480 1477//1477 1481//1481
f 1481//1481 1482//1482 1480//1480
f 1482//1482 1481//1481 978//978
f 1482//1482 978//978 979//979
f 1472//1472 1483//1483 1479//1479
f 1472//1472 1479//1479 1480//1480
f 976//976 607//607 1472//1472
f 977//977 976//976 1262//1262
f 1482//1482 1262//1262 1480//1480
f 1480//1480 1262//1262 976//976
f 979//979 1262//1262 1482//1482
f 978//978 973//973 1475//1475
f 1475//1475 459//459 978//978
f 459//459 1475//1475 456//456
f 523//523 50//50 49//49
f 49//49 53//53 523//523
f 52//52 534//534 53//53
f 1484//1484 968//968 967//967
f 538//538 1485//1485 1486//1486
f 1487//1487 106//106 40//40
f 40//40 56//56 1487//1487
f 1260//1260 1487//1487 970//970
f 970//970 1487//1487 56//56
f 1260//1260 969//969 968//968
f 1488//1488 1035//1035 1489//1489
f 862//862 857//857 881//881
f 43//43 42//42 38//38
f 38//38 1490//1490 43//43
f 1490//1490 38//38 327//327
f 327//327 332//332 1490//1490
f 353//353 336//336 339//339
f 56//56 39//39 971//971
f 971//971 39//39 43//43
f 971//971 43//43 1490//1490
f 1490//1490 484//484 971//971
f 484//484 332//332 357//357
f 484//484 1490//1490 332//332
f 1476//1476 357//357 454//454
f 454//454 357//357 358//358
f 454//454 975//975 1476//1476
f 363//363 368//368 982//982
f 429//429 367//367 1265//1265
f 1265//1265 430//430 429//429
f 428//428 425//425 368//368
f 430//430 1265//1265 370//370
f 370//370 369//369 430//430
f 369//369 373//373 430//430
f 430//430 373//373 426//426
f 1434//1434 609//609 1465//1465
f 1492//1492 1491//1491 1494//1494
f 1494//1494 1491//1491 1493//1493
f 1492//1492 1445//1445 1438//1438
f 1445//1445 1492//1492 1494//1494
f 1494//1494 1448//1448 1445//1445
f 1431//1431 1497//1497 1498//1498
f 1499//1499 1432//1432 1500//1500
f 1500//1500 1432//1432 1431//1431
f 1501//1501 957//957 1502//1502
f 1502//1502 1503//1503 1501//1501
f 1504//1504 1505//1505 1506//1506
f 1509//1509 1508//1508 1510//1510
f 1511//1511 1509//1509 1510//1510
f 1512//1512 1509//1509 1511//1511
f 1513//1513 1514//1514 1512//1512
f 1512//1512 1515//1515 1513//1513
f 1515//1515 1512//1512 1516//1516
f 1516//1516 1512//1512 1511//1511
f 1517//1517 1518//1518 1504//1504
f 1504//1504 1519//1519 1517//1517
f 1519//1519 1504//1504 1520//1520
f 1520//1520 1504//1504 1506//1506
f 1521//1521 1517//1517 1519//1519
f 1521//1521 1519//1519 1520//1520
f 1520//1520 1522//1522 1521//1521
f 1252//1252 1521//1521 1522//1522
f 1522//1522 1520//1520 1523//1523
f 1523//1523 1524//1524 1522//1522
f 1525//1525 1515//1515 1516//1516
f 1516//1516 1526//1526 1525//1525
f 1255//1255 1525//1525 1526//1526
f 1253//1253 1522//1522 1524//1524
f 1510//1510 964//964 965//965
f 1510//1510 965//965 1527//1527
f 1511//1511 1510//1510 1527//1527
f 1530//1530 1511//1511 1527//1527
f 1516//1516 1511//1511 1530//1530
f 1530//1530 966//966 1516//1516
f 1526//1526 1516//1516 966//966
f 1421//1421 1526//1526 966//966
f 1255//1255 1421//1421 1256//1256
f 1534//1534 1532//1532 1533//1533
f 1533//1533 1535//1535 1534//1534
f 1536//1536 1537//1537 1538//1538
f 1535//1535 1533//1533 1536//1536
f 1536//1536 1533//1533 1537//1537
f 136//136 1534//1534 1535//1535
f 136//136 1535//1535 1539//1539
f 1539//1539 1535//1535 1536//1536
f 1539//1539 1536//1536 1540//1540
f 1540//1540 1536//1536 1538//1538
f 138//138 136//136 1539//1539
f 1539//1539 143//143 138//138
f 143//143 1539//1539 1540//1540
f 1540//1540 1541//1541 143//143
f 144//144 143//143 1541//1541
f 1541//1541 147//147 144//144
f 1540//1540 1538//1538 1542//1542
f 148//148 147//147 1543//1543
f 85//85 96//96 91//91
f 93//93 91//91 96//96
f 96//96 99//99 93//93
f 96//96 85//85 95//95
f 105//105 101//101 106//106
f 108//108 93//93 99//99
f 51//51 108//108 1544//1544
f 52//52 51//51 1544//1544
f 1545//1545 1546//1546 55//55
f 55//55 1547//1547 1545//1545
f 1547//1547 55//55 968//968
f 1257//1257 1545//1545 1547//1547
f 1547//1547 1484//1484 1257//1257
f 1484//1484 1547//1547 968//968
f 1484//1484 1258//1258 1257//1257
f 1258//1258 1484//1484 967//967
f 967//967 1548//1548 1258//1258
f 99//99 1549//1549 108//108
f 1549//1549 99//99 100//100
f 100//100 1546//1546 1549//1549
f 1544//1544 108//108 1549//1549
f 1544//1544 1549//1549 1545//1545
f 1545//1545 1549//1549 1546//1546
f 1546//1546 100//100 105//105
f 105//105 55//55 1546//1546
f 55//55 105//105 54//54
f 54//54 105//105 106//106
f 968//968 55//55 54//54
f 52//52 1544//1544 1550//1550
f 1550//1550 1544//1544 1545//1545
f 1545//1545 1257//1257 1550//1550
f 1550//1550 1259//1259 52//52
f 1259//1259 1550//1550 1257//1257
f 528//528 1551//1551 529//529
f 1259//1259 534//534 52//52
f 533//533 534//534 1259//1259
f 1259//1259 535//535 533//533
f 1485//1485 1257//1257 1258//1258
f 1485//1485 1258//1258 1548//1548
f 1486//1486 1485//1485 1548//1548
f 1486//1486 1548//1548 1552//1552
f 1552//1552 1483//1483 1486//1486
f 1551//1551 528//528 536//536
f 536//536 583//583 1551//1551
f 583//583 536//536 537//537
f 537//537 538//538 1486//1486
f 537//537 1486//1486 1483//1483
f 1483//1483 1472//1472 537//537
f 537//537 585//585 583//583
f 1259//1259 1257//1257 1485//1485
f 535//535 1259//1259 1485//1485
f 1485//1485 538//538 535//535
f 573//573 529//529 1551//1551
f 1551//1551 582//582 573//573
f 574//574 573//573 582//582
f 582//582 1553//1553 574//574
f 579//579 574//574 1553//1553
f 580//580 579//579 586//586
f 586//586 579//579 1553//1553
f 582//582 1551//1551 581//581
f 581//581 1551//1551 583//583
f 1554//1554 581//581 584//584
f 1553//1553 582//582 1555//1555
f 1555//1555 582//582 581//581
f 1555//1555 581//581 1554//1554
f 1554//1554 1556//1556 1555//1555
f 1554//1554 584//584 585//585
f 1554//1554 585//585 1557//1557
f 1557//1557 585//585 606//606
f 1554//1554 1558//1558 1556//1556
f 1558//1558 1554//1554 1557//1557
f 1557//1557 1559//1559 1558//1558
f 586//586 1553//1553 1555//1555
f 586//586 1555//1555 587//587
f 588//588 587//587 1556//1556
f 1556//1556 587//587 1555//1555
f 1560//1560 1556//1556 1558//1558
f 1560//1560 1558//1558 1559//1559
f 588//588 1556//1556 1560//1560
f 1560//1560 598//598 588//588
f 598//598 1560//1560 599//599
f 599//599 1560//1560 1559//1559
f 586//586 1561//1561 580//580
f 591//591 580//580 1561//1561
f 1399//1399 591//591 1561//1561
f 596//596 591//591 1562//1562
f 1562//1562 591//591 1399//1399
f 1561//1561 586//586 597//597
f 597//597 586//586 587//587
f 597//597 587//587 588//588
f 1563//1563 597//597 588//588
f 1563//1563 588//588 598//598
f 598//598 602//602 1563//1563
f 602//602 598//598 601//601
f 601//601 598//598 599//599
f 1399//1399 1561//1561 1398//1398
f 1398//1398 1561//1561 597//597
f 1398//1398 597//597 604//604
f 604//604 597//597 1563//1563
f 1562//1562 1399//1399 1398//1398
f 603//603 1398//1398 604//604
f 604//604 1563//1563 602//602
f 602//602 600//600 604//604
f 1548//1548 967//967 969//969
f 969//969 1473//1473 1548//1548
f 54//54 106//106 1487//1487
f 968//968 54//54 1260//1260
f 1260//1260 54//54 1487//1487
f 455//455 975//975 454//454
f 1552//1552 1548//1548 1473//1473
f 1473//1473 1478//1478 1552//1552
f 1478//1478 1473//1473 1474//1474
f 1483//1483 1552//1552 1478//1478
f 1478//1478 1479//1479 1483//1483
f 1472//1472 1480//1480 976//976
f 606//606 608//608 1557//1557
f 1557//1557 1564//1564 1559//1559
f 1564//1564 1557//1557 608//608
f 610//610 1559//1559 1564//1564
f 610//610 1564//1564 1565//1565
f 1565//1565 1564//1564 608//608
f 599//599 1559//1559 610//610
f 599//599 610//610 1566//1566
f 1566//1566 610//610 1567//1567
f 1567//1567 610//610 1565//1565
f 601//601 599//599 611//611
f 611//611 599//599 1566//1566
f 611//611 1566//1566 1567//1567
f 1567//1567 1565//1565 1568//1568
f 1568//1568 1570//1570 1567//1567
f 1570//1570 1568//1568 1569//1569
f 1569//1569 1571//1571 1570//1570
f 600//600 601//601 1408//1408
f 1408//1408 601//601 611//611
f 1408//1408 611//611 1572//1572
f 1572//1572 611//611 1567//1567
f 605//605 600//600 1408//1408
f 1573//1573 1408//1408 1572//1572
f 1572//1572 1567//1567 1570//1570
f 1570//1570 1574//1574 1572//1572
f 1574//1574 1570//1570 1571//1571
f 1571//1571 1575//1575 1574//1574
f 1573//1573 1572//1572 1574//1574
f 1573//1573 1574//1574 1575//1575
f 1571//1571 1569//1569 1576//1576
f 1576//1576 1569//1569 1433//1433
f 1576//1576 1433//1433 1435//1435
f 1435//1435 1433//1433 1434//1434
f 1575//1575 1571//1571 1576//1576
f 1576//1576 1577//1577 1575//1575
f 1577//1577 1576//1576 1435//1435
f 1435//1435 1578//1578 1577//1577
f 1578//1578 1456//1456 1577//1577
f 1578//1578 1435//1435 1439//1439
f 1456//1456 1578//1578 1441//1441
f 1441//1441 1578//1578 1439//1439
f 652//652 596//596 1562//1562
f 653//653 652//652 1579//1579
f 1579//1579 652//652 1562//1562
f 655//655 653//653 1579//1579
f 1579//1579 656//656 655//655
f 1400//1400 1562//1562 1398//1398
f 1400//1400 1398//1398 603//603
f 1579//1579 1562//1562 1400//1400
f 1400//1400 1401//1401 1579//1579
f 1400//1400 603//603 1580//1580
f 1580//1580 603//603 605//605
f 1402//1402 1400//1400 1580//1580
f 1580//1580 1404//1404 1402//1402
f 1404//1404 1580//1580 1405//1405
f 1405//1405 1580//1580 605//605
f 656//656 1579//1579 1401//1401
f 657//657 656//656 1267//1267
f 1268//1268 1267//1267 661//661
f 1403//1403 661//661 1404//1404
f 1404//1404 661//661 1402//1402
f 665//665 1267//1267 1266//1266
f 665//665 657//657 1267//1267
f 667//667 665//665 1266//1266
f 1266//1266 1270//1270 667//667
f 1269//1269 1268//1268 1272//1272
f 1271//1271 1269//1269 1272//1272
f 1272//1272 1467//1467 1273//1273
f 672//672 667//667 1270//1270
f 672//672 1270//1270 1275//1275
f 675//675 1270//1270 1271//1271
f 1275//1275 1270//1270 675//675
f 674//674 672//672 1274//1274
f 1274//1274 672//672 1275//1275
f 1274//1274 675//675 1581//1581
f 1273//1273 1466//1466 675//675
f 1466//1466 1273//1273 1467//1467
f 1581//1581 675//675 1466//1466
f 1466//1466 1582//1582 1581//1581
f 1582//1582 1466//1466 1583//1583
f 1583//1583 1466//1466 1467//1467
f 1276//1276 1274//1274 1581//1581
f 1582//1582 1584//1584 1581//1581
f 1584//1584 1582//1582 1583//1583
f 1583//1583 1585//1585 1584//1584
f 1276//1276 1581//1581 1586//1586
f 1586//1586 1581//1581 1584//1584
f 1586//1586 1584//1584 727//727
f 727//727 1584//1584 1585//1585
f 722//722 717//717 1277//1277
f 1587//1587 1277//1277 1276//1276
f 1285//1285 722//722 1277//1277
f 1285//1285 1277//1277 1468//1468
f 1468//1468 1277//1277 1587//1587
f 1587//1587 1276//1276 1586//1586
f 1586//1586 1470//1470 1587//1587
f 1470//1470 1586//1586 1471//1471
f 1471//1471 1586//1586 727//727
f 1468//1468 1587//1587 1470//1470
f 1286//1286 1285//1285 1468//1468
f 1469//1469 1468//1468 1470//1470
f 1291//1291 1470//1470 1471//1471
f 1290//1290 734//734 1291//1291
f 1409//1409 1408//1408 1413//1413
f 1413//1413 1408//1408 1573//1573
f 1410//1410 1409//1409 1413//1413
f 1413//1413 1573//1573 1415//1415
f 1415//1415 1573//1573 1588//1588
f 1588//1588 1573//1573 1575//1575
f 1588//1588 1589//1589 1415//1415
f 1407//1407 1406//1406 1414//1414
f 1414//1414 1411//1411 1590//1590
f 1590//1590 1411//1411 1412//1412
f 1412//1412 1413//1413 1415//1415
f 1416//1416 1415//1415 1589//1589
f 1590//1590 1412//1412 1591//1591
f 1591//1591 1412//1412 1416//1416
f 1591//1591 1416//1416 1592//1592
f 1592//1592 1416//1416 1589//1589
f 1588//1588 1575//1575 1577//1577
f 1577//1577 1457//1457 1588//1588
f 1457//1457 1577//1577 1456//1456
f 1589//1589 1588//1588 1457//1457
f 1457//1457 736//736 1589//1589
f 736//736 737//737 1589//1589
f 1592//1592 1589//1589 737//737
f 737//737 1417//1417 1592//1592
f 1272//1272 1407//1407 1414//1414
f 1414//1414 1593//1593 1272//1272
f 1593//1593 1414//1414 1594//1594
f 1594//1594 1414//1414 1590//1590
f 1467//1467 1272//1272 1593//1593
f 1595//1595 1593//1593 1594//1594
f 1594//1594 1590//1590 1596//1596
f 1596//1596 1590//1590 1591//1591
f 1596//1596 1591//1591 1418//1418
f 1418//1418 1591//1591 1592//1592
f 1595//1595 1594//1594 1596//1596
f 1596//1596 1597//1597 1595//1595
f 1597//1597 1596//1596 1418//1418
f 1418//1418 1419//1419 1597//1597
f 1598//1598 1467//1467 1593//1593
f 1598//1598 1593//1593 1595//1595
f 1595//1595 1599//1599 1598//1598
f 1583//1583 1467//1467 1598//1598
f 1598//1598 1600//1600 1583//1583
f 1600//1600 1598//1598 1599//1599
f 1599//1599 1601//1601 1600//1600
f 1599//1599 1595//1595 1597//1597
f 1597//1597 1601//1601 1599//1599
f 1601//1601 1597//1597 1419//1419
f 1419//1419 1602//1602 1601//1601
f 1603//1603 1601//1601 1602//1602
f 1418//1418 1592//1592 1417//1417
f 1602//1602 1419//1419 1420//1420
f 1420//1420 1605//1605 1602//1602
f 1605//1605 1420//1420 1604//1604
f 1585//1585 1583//1583 1606//1606
f 1606//1606 1583//1583 1600//1600
f 1606//1606 1600//1600 1601//1601
f 1601//1601 1607//1607 1606//1606
f 1608//1608 727//727 1606//1606
f 1606//1606 727//727 1585//1585
f 1608//1608 1606//1606 1607//1607
f 1607//1607 1609//1609 1608//1608
f 1607//1607 1601//1601 1603//1603
f 1295//1295 1603//1603 1602//1602
f 1609//1609 1607//1607 1610//1610
f 1610//1610 1607//1607 1603//1603
f 1610//1610 1603//1603 1296//1296
f 1296//1296 1603//1603 1295//1295
f 1471//1471 727//727 1608//1608
f 1608//1608 1300//1300 1471//1471
f 1300//1300 1608//1608 1609//1609
f 1609//1609 1298//1298 1300//1300
f 1610//1610 1298//1298 1609//1609
f 1298//1298 1610//1610 1296//1296
f 1296//1296 1297//1297 1298//1298
f 1295//1295 1602//1602 1605//1605
f 1292//1292 1471//1471 1300//1300
f 1299//1299 1298//1298 1297//1297
f 986//986 987//987 1324//1324
f 988//988 986//986 1324//1324
f 1611//1611 840//840 1007//1007
f 1612//1612 1007//1007 1006//1006
f 1313//1313 1311//1311 1613//1613
f 1613//1613 1311//1311 1327//1327
f 1613//1613 1327//1327 1329//1329
f 1329//1329 1327//1327 1328//1328
f 1317//1317 1313//1313 1330//1330
f 1330//1330 1313//1313 1613//1613
f 1330//1330 1613//1613 1329//1329
f 1614//1614 1615//1615 1353//1353
f 1615//1615 1616//1616 1353//1353
f 1612//1612 1006//1006 1617//1617
f 945//945 1617//1617 1032//1032
f 1032//1032 1617//1617 1028//1028
f 1612//1612 945//945 1036//1036
f 1035//1035 945//945 1489//1489
f 1489//1489 945//945 946//946
f 1618//1618 1489//1489 946//946
f 946//946 1619//1619 1618//1618
f 1043//1043 1038//1038 1046//1046
f 1046//1046 1041//1041 1042//1042
f 1045//1045 1043//1043 1046//1046
f 1620//1620 1353//1353 1616//1616
f 1616//1616 1621//1621 1620//1620
f 1620//1620 1622//1622 1369//1369
f 1622//1622 1620//1620 1621//1621
f 1621//1621 1623//1623 1622//1622
f 1371//1371 1369//1369 1622//1622
f 1371//1371 1622//1622 1623//1623
f 1623//1623 1624//1624 1371//1371
f 1373//1373 1371//1371 1624//1624
f 1042//1042 1049//1049 1046//1046
f 1049//1049 1042//1042 1375//1375
f 1050//1050 1049//1049 1380//1380
f 1380//1380 1625//1625 1050//1050
f 1625//1625 1380//1380 1385//1385
f 1385//1385 1386//1386 1625//1625
f 1061//1061 1021//1021 1106//1106
f 1108//1108 1489//1489 1618//1618
f 1618//1618 949//949 1108//1108
f 1107//1107 1108//1108 950//950
f 950//950 1108//1108 949//949
f 949//949 1619//1619 1109//1109
f 949//949 1618//1618 1619//1619
f 1109//1109 950//950 949//949
f 1139//1139 1050//1050 1625//1625
f 1625//1625 1626//1626 1139//1139
f 1625//1625 1627//1627 1626//1626
f 1141//1141 1139//1139 1626//1626
f 1141//1141 1626//1626 1627//1627
f 1627//1627 1145//1145 1141//1141
f 1627//1627 1625//1625 1386//1386
f 1386//1386 1390//1390 1627//1627
f 1627//1627 1146//1146 1145//1145
f 1146//1146 1627//1627 1390//1390
f 1390//1390 1147//1147 1146//1146
f 1392//1392 1628//1628 1149//1149
f 1148//1148 1147//1147 1149//1149
f 1149//1149 1629//1629 1148//1148
f 1629//1629 1149//1149 1628//1628
f 1628//1628 1630//1630 1629//1629
f 1155//1155 1152//1152 1157//1157
f 1157//1157 1153//1153 1154//1154
f 1154//1154 1631//1631 1157//1157
f 1156//1156 1155//1155 1157//1157
f 1158//1158 1157//1157 1631//1631
f 1148//1148 1159//1159 1154//1154
f 1159//1159 1148//1148 1629//1629
f 1632//1632 1629//1629 1630//1630
f 1629//1629 1495//1495 1159//1159
f 1495//1495 1629//1629 1496//1496
f 1496//1496 1629//1629 1632//1632
f 1631//1631 1154//1154 1159//1159
f 1159//1159 1430//1430 1631//1631
f 1159//1159 436//436 1430//1430
f 1158//1158 1631//1631 1201//1201
f 1201//1201 1631//1631 1430//1430
f 436//436 1159//1159 1495//1495
f 436//436 1495//1495 1497//1497
f 1498//1498 1495//1495 1496//1496
f 1497//1497 1495//1495 1498//1498
f 435//435 436//436 1432//1432
f 1432//1432 436//436 1497//1497
f 1432//1432 1497//1497 1431//1431
f 1175//1175 1191//1191 1174//1174
f 1176//1176 1191//1191 1175//1175
f 1190//1190 1191//1191 1176//1176
f 1200//1200 1158//1158 1201//1201
f 1190//1190 1176//1176 1211//1211
f 1211//1211 1176//1176 1203//1203
f 956//956 1203//1203 1204//1204
f 1211//1211 1203//1203 956//956
f 1202//1202 1201//1201 1209//1209
f 1209//1209 1201//1201 437//437
f 437//437 435//435 1432//1432
f 437//437 1432//1432 1499//1499
f 1209//1209 437//437 1499//1499
f 1499//1499 1633//1633 1209//1209
f 1633//1633 1499//1499 963//963
f 963//963 1499//1499 1500//1500
f 1208//1208 1209//1209 955//955
f 955//955 1209//1209 1633//1633
f 1633//1633 963//963 955//955
f 958//958 1208//1208 955//955
f 958//958 955//955 1508//1508
f 1508//1508 955//955 963//963
f 963//963 964//964 1508//1508
f 1212//1212 1211//1211 956//956
f 1212//1212 956//956 1215//1215
f 1192//1192 1190//1190 1212//1212
f 957//957 956//956 1206//1206
f 1215//1215 956//956 957//957
f 1216//1216 1215//1215 957//957
f 1216//1216 957//957 1501//1501
f 1217//1217 1502//1502 957//957
f 1218//1218 1214//1214 1634//1634
f 1634//1634 1214//1214 1216//1216
f 1218//1218 961//961 1213//1213
f 1518//1518 961//961 1634//1634
f 1634//1634 961//961 1218//1218
f 1634//1634 1216//1216 1501//1501
f 1501//1501 1505//1505 1634//1634
f 1505//1505 1501//1501 1635//1635
f 1635//1635 1501//1501 1503//1503
f 1518//1518 1634//1634 1505//1505
f 1505//1505 1504//1504 1518//1518
f 1506//1506 1505//1505 1635//1635
f 1219//1219 1210//1210 958//958
f 1502//1502 1217//1217 1219//1219
f 1503//1503 1502//1502 1219//1219
f 1507//1507 1219//1219 958//958
f 958//958 1508//1508 1509//1509
f 1510//1510 1508//1508 964//964
f 1507//1507 958//958 1509//1509
f 1635//1635 1503//1503 1636//1636
f 1636//1636 1503//1503 1219//1219
f 1636//1636 1219//1219 1507//1507
f 1507//1507 1514//1514 1636//1636
f 1506//1506 1635//1635 1637//1637
f 1637//1637 1635//1635 1636//1636
f 1637//1637 1636//1636 1514//1514
f 1514//1514 1513//1513 1637//1637
f 1514//1514 1507//1507 1509//1509
f 1509//1509 1512//1512 1514//1514
f 1250//1250 961//961 1518//1518
f 1518//1518 1517//1517 1250//1250
f 1245//1245 1243//1243 1638//1638
f 1638//1638 1243//1243 1250//1250
f 1638//1638 1250//1250 1639//1639
f 1639//1639 1250//1250 1517//1517
f 1639//1639 1517//1517 1521//1521
f 1249//1249 1245//1245 1638//1638
f 1638//1638 1251//1251 1249//1249
f 1251//1251 1638//1638 962//962
f 962//962 1638//1638 1639//1639
f 962//962 1639//1639 1252//1252
f 1252//1252 1639//1639 1521//1521
f 1522//1522 1253//1253 1252//1252
f 1520//1520 1506//1506 1523//1523
f 1523//1523 1506//1506 1637//1637
f 1523//1523 1637//1637 1513//1513
f 1513//1513 1525//1525 1523//1523
f 1524//1524 1523//1523 1525//1525
f 1525//1525 1513//1513 1515//1515
f 1524//1524 1525//1525 1255//1255
f 1526//1526 1421//1421 1255//1255
f 1524//1524 1254//1254 1253//1253
f 1254//1254 1524//1524 1255//1255
f 1615//1615 1614//1614 1640//1640
f 1640//1640 1614//1614 1393//1393
f 1616//1616 1615//1615 1640//1640
f 1623//1623 1621//1621 1641//1641
f 1624//1624 1623//1623 1642//1642
f 1642//1642 1623//1623 1641//1641
f 1373//1373 1624//1624 1394//1394
f 1394//1394 1624//1624 1642//1642
f 1394//1394 1642//1642 1643//1643
f 1395//1395 1394//1394 1643//1643
f 1643//1643 1644//1644 1395//1395
f 1397//1397 1396//1396 1645//1645
f 1645//1645 1646//1646 1397//1397
f 1392//1392 1389//1389 1647//1647
f 1647//1647 1389//1389 1397//1397
f 1647//1647 1397//1397 1646//1646
f 1628//1628 1392//1392 1647//1647
f 1647//1647 1648//1648 1628//1628
f 1648//1648 1647//1647 1646//1646
f 1646//1646 1649//1649 1648//1648
f 1630//1630 1628//1628 1648//1648
f 1648//1648 1650//1650 1630//1630
f 1650//1650 1648//1648 1649//1649
f 1632//1632 1630//1630 1651//1651
f 1651//1651 1630//1630 1650//1650
f 1496//1496 1632//1632 1652//1652
f 1652//1652 1632//1632 1651//1651
f 1498//1498 1496//1496 1652//1652
f 1652//1652 1653//1653 1498//1498
f 1653//1653 1652//1652 1654//1654
f 1431//1431 1498//1498 1653//1653
f 1653//1653 1655//1655 1431//1431
f 1655//1655 1653//1653 1656//1656
f 1656//1656 1653//1653 1654//1654
f 1500//1500 1431//1431 1655//1655
f 1655//1655 1657//1657 1500//1500
f 1657//1657 1655//1655 1656//1656
f 963//963 1500//1500 1658//1658
f 1658//1658 1500//1500 1657//1657
f 964//964 963//963 1658//1658
f 964//964 1658//1658 1659//1659
f 1659//1659 1658//1658 1660//1660
f 1660//1660 1658//1658 1657//1657
f 965//965 964//964 1659//1659
f 965//965 1659//1659 1528//1528
f 1528//1528 1659//1659 1660//1660
f 1527//1527 965//965 1528//1528
f 1527//1527 1528//1528 1529//1529
f 1527//1527 1529//1529 1661//1661
f 1530//1530 1527//1527 1662//1662
f 1662//1662 1527//1527 1661//1661
f 1662//1662 1663//1663 1530//1530
f 1531//1531 966//966 1530//1530
f 1421//1421 966//966 1531//1531
f 1531//1531 1664//1664 1421//1421
f 1531//1531 1530//1530 1663//1663
f 1256//1256 1421//1421 1664//1664
f 1664//1664 1666//1666 1256//1256
f 1666//1666 1664//1664 1665//1665
f 974//974 483//483 482//482
f 482//482 972//972 974//974
f 482//482 357//357 1476//1476
f 972//972 482//482 1476//1476
f 368//368 363//363 365//365
f 367//367 429//429 365//365
f 368//368 365//365 428//428
f 428//428 365//365 429//429
f 372//372 426//426 373//373
f 726//726 719//719 720//720
f 729//729 726//726 720//720
f 728//728 729//729 731//731
f 784//784 1281//1281 1307//1307
f 1307//1307 783//783 784//784
f 790//790 787//787 789//789
f 790//790 789//789 791//791
f 787//787 794//794 792//792
f 794//794 787//787 790//790
f 790//790 986//986 794//794
f 986//986 790//790 791//791
f 793//793 794//794 832//832
f 832//832 794//794 986//986
f 986//986 988//988 832//832
f 792//792 793//793 795//795
f 833//833 832//832 988//988
f 833//833 991//991 830//830
f 989//989 833//833 834//834
f 838//838 831//831 830//830
f 838//838 830//830 991//991
f 991//991 992//992 838//838
f 839//839 838//838 837//837
f 837//837 838//838 992//992
f 837//837 835//835 836//836
f 1001//1001 998//998 1000//1000
f 1000//1000 1005//1005 1001//1001
f 1004//1004 1001//1001 1005//1005
f 1007//1007 1004//1004 1006//1006
f 842//842 1667//1667 843//843
f 842//842 839//839 1008//1008
f 1008//1008 839//839 837//837
f 1667//1667 842//842 1010//1010
f 1010//1010 842//842 1008//1008
f 844//844 843//843 1667//1667
f 1667//1667 1668//1668 844//844
f 845//845 844//844 1669//1669
f 1669//1669 844//844 1668//1668
f 1668//1668 1667//1667 1010//1010
f 1668//1668 1010//1010 1012//1012
f 1668//1668 1017//1017 1669//1669
f 1017//1017 1668//1668 1012//1012
f 1009//1009 840//840 1611//1611
f 1013//1013 1009//1009 1015//1015
f 1015//1015 1009//1009 1611//1611
f 1015//1015 1611//1611 1007//1007
f 1015//1015 1007//1007 1036//1036
f 1036//1036 1007//1007 1612//1612
f 1020//1020 1015//1015 1035//1035
f 1035//1035 1015//1015 1036//1036
f 1021//1021 1020//1020 1488//1488
f 1488//1488 1020//1020 1035//1035
f 1005//1005 1000//1000 1023//1023
f 1006//1006 1005//1005 1617//1617
f 1617//1617 1005//1005 1023//1023
f 1617//1617 1023//1023 1025//1025
f 1028//1028 1617//1617 1025//1025
f 1612//1612 1617//1617 945//945
f 1619//1619 946//946 1034//1034
f 1034//1034 1044//1044 1619//1619
f 880//880 879//879 845//845
f 845//845 1669//1669 1017//1017
f 1017//1017 1052//1052 845//845
f 880//880 845//845 1052//1052
f 1052//1052 1670//1670 880//880
f 1670//1670 1052//1052 1051//1051
f 1051//1051 1053//1053 1670//1670
f 1671//1671 881//881 880//880
f 1671//1671 880//880 1670//1670
f 1670//1670 1055//1055 1671//1671
f 1055//1055 1670//1670 1053//1053
f 1056//1056 1671//1671 1055//1055
f 857//857 856//856 879//879
f 881//881 857//857 879//879
f 1106//1106 1021//1021 1488//1488
f 873//873 881//881 1671//1671
f 873//873 1671//1671 1056//1056
f 883//883 873//873 1056//1056
f 1056//1056 1067//1067 883//883
f 884//884 883//883 1067//1067
f 1069//1069 1071//1071 884//884
f 916//916 884//884 1071//1071
f 925//925 918//918 928//928
f 928//928 918//918 924//924
f 926//926 925//925 927//927
f 1106//1106 1488//1488 1108//1108
f 1108//1108 1488//1488 1489//1489
f 1109//1109 1619//1619 1044//1044
f 1064//1064 1061//1061 1107//1107
f 939//939 926//926 941//941
f 940//940 939//939 941//941
f 943//943 940//940 944//944
