# Created by Open3D 
# object name: cluster6
# number of vertices: 1838
# number of triangles: 2999
v 2.2527 -1.8145 -0.77077
vn 0.374371 0.846418 -0.378713
v 2.21855 -1.79373 -0.769828
vn 0.229933 0.885574 -0.403596
v 2.97032 -1.78613 -0.693123
vn -0.984566 0.1749 0.00632299
v 2.97176 -1.7918 -0.758398
vn -0.990351 0.134979 0.031403
v 2.9671 -1.8372 -0.6988
vn -0.965822 0.259176 -0.00399493
v 2.98023 -1.75485 -0.66474
vn -0.986359 0.163804 -0.0162685
v 2.9852 -1.701 -0.65339
vn -0.996896 0.0779121 -0.0113075
v 2.99738 -1.62155 -0.677972
vn -0.903905 0.420739 -0.0770389
v 2.98759 -1.64425 -0.84496
vn -0.979321 0.202229 0.00572799
v 3.00125 -1.61029 -0.818
vn -0.834347 0.550937 -0.0182664
v 2.9691 -1.8145 -0.65339
vn -0.979451 0.133754 -0.15095
v 2.96277 -1.80567 -0.613653
vn -0.951592 0.225727 -0.208615
v 2.97675 -1.7622 -0.63068
vn -0.956947 0.2513 -0.14526
v 2.9487 -1.8145 -0.56257
vn -0.942593 -0.323906 -0.0812659
v 2.9657 -1.7691 -0.57392
vn -0.932578 0.34709 -0.0991336
v 2.97523 -1.73505 -0.568245
vn -0.977285 0.183615 -0.105832
v 2.98325 -1.63858 -0.604874
vn -0.998515 -0.0239369 -0.0489401
v 2.97995 -1.6087 -0.615265
vn -0.884639 0.439434 -0.155925
v 2.6433 -1.1334 -0.272685
vn -0.560941 -0.379484 0.735756
v 2.61493 -1.1874 -0.318716
vn -0.302909 -0.153419 0.940589
v 2.78469 -1.257 -0.322623
vn -0.456247 -0.0577729 0.887976
v 2.8308 -1.26205 -0.290346
vn -0.545553 -0.194369 0.815226
v 2.6613 -1.18353 -0.30288
vn -0.0784226 -0.598461 0.797304
v 2.56482 -1.19538 0.15726
vn 0.184644 0.870246 -0.456704
v 2.5478 -1.1788 0.17961
vn 0.371111 0.866761 -0.333168
v 2.11843 -0.790222 -0.880435
vn -0.868604 0.464948 -0.171319
v 2.1083 -0.81548 -0.835025
vn -0.986395 0.1541 -0.0572618
v 2.11975 -0.81548 -0.914495
vn -0.973608 -0.202481 -0.105307
v 2.12615 -0.880467 -0.761237
vn -0.507967 -0.861316 0.0101932
v 2.1845 -0.91846 -0.77259
vn -0.643267 -0.765636 0.00306418
v 2.15755 -0.888055 -0.897465
vn -0.557931 -0.812377 -0.169576
v 2.1391 -0.84583 -0.94855
vn -0.811133 -0.556917 -0.178622
v 2.11441 -0.849672 -0.810035
vn -0.923697 -0.33835 -0.179729
v 2.0828 0.244865 -0.786779
vn -0.944229 -0.298129 0.139822
v 2.0937 0.22193 -0.88044
vn -0.778031 -0.62457 -0.06767
v 2.0256 -0.76472 -0.35822
vn -0.728908 0.0768295 -0.680286
v 2.0483 -0.75126 -0.35822
vn -0.227035 0.199502 -0.953234
v 2.37668 -0.213795 -0.250375
vn -0.988855 0.0244731 0.146855
v 2.35671 -0.197842 -0.299744
vn -0.703587 0.223867 0.674425
v 2.3764 -0.213795 -0.22199
vn -0.993818 -0.0940351 -0.0590203
v 2.0226 0.22029 -0.34687
vn -0.542185 0.735892 -0.405585
v 1.98378 0.194895 -0.332515
vn -0.505915 0.395957 -0.766334
v 2.00745 0.00474102 -0.313426
vn -0.677547 0.00363855 0.73547
v 2.03501 -0.0137069 -0.31109
vn 0.104235 0.0138428 0.994456
v 2.74059 -0.818896 -1.02491
vn -0.616645 -0.415277 0.6688
v 2.7522 -0.825797 -0.954232
vn -0.56575 -0.823962 -0.0318288
v 2.78633 -0.841017 -0.984817
vn -0.373777 -0.9275 -0.00587217
v 2.7976 -0.84832 -0.88044
vn -0.209364 -0.967324 -0.143005
v 2.7363 -0.81548 -0.92585
vn -0.888871 -0.453846 0.0627071
v 2.7976 -0.869395 -0.823675
vn -0.633549 -0.773475 -0.0187693
v 2.7439 -0.781425 -0.78962
vn -0.931091 -0.346021 -0.115495
v 2.756 -0.81548 -0.78962
vn -0.858336 -0.49479 0.135803
v 2.78903 -0.847817 -0.752765
vn -0.596331 -0.787641 -0.154956
v 2.74475 -0.85813 -0.693123
vn -0.825899 -0.453364 -0.335189
v 2.71435 -0.74737 -0.642035
vn -0.984131 0.168177 0.0565941
v 2.72247 -0.777346 -0.707313
vn -0.976942 -0.0824362 -0.196951
v 2.72433 -0.821158 -0.625007
vn -0.999655 -0.0151686 -0.0214235
v 2.72593 -0.770073 -0.596625
vn -0.952837 0.216755 0.212414
v 2.8203 -0.78209 -0.063054
vn -0.0318023 0.955321 0.293853
v 2.83165 -0.750267 -0.107
vn 0.0413159 0.536442 0.842925
v 2.69545 -0.100269 -0.33696
vn -0.39745 0.0658691 0.915256
v 2.5705 -0.20244 -0.32086
vn -0.193217 0.283723 0.939238
v 2.7068 -0.20244 -0.30345
vn -0.158604 0.0476516 0.986192
v 2.71755 -0.14568 -0.32121
vn -0.658597 0.0537224 0.750576
v 2.60455 -0.0264785 -0.3314
vn 0.127859 -0.0466823 0.990693
v 2.69545 0.047313 -0.33199
vn -0.393759 -0.0115417 0.919141
v 2.2527 -1.3698 -0.22199
vn -0.156257 0.887885 -0.432716
v 2.29919 -1.36845 -0.277474
vn -0.692938 0.716312 -0.0820549
v 2.37755 -1.2001 0.189447
vn 0.0909437 0.585015 0.805907
v 2.33215 -1.19155 0.192378
vn 0.244636 0.952323 0.182304
v 2.5251 -1.1561 -0.34527
vn -0.0460216 0.0773769 0.995939
v 2.17835 -1.03529 -0.660899
vn -0.630373 0.539841 0.557855
v 2.3829 -0.29326 -0.2447
vn -0.893687 -0.0222608 0.448139
v 2.7749 -0.887265 -0.68482
vn -0.21848 -0.886246 -0.408453
v 2.64129 -0.94036 -0.337042
vn -0.848612 -0.00484992 0.528994
v 2.65277 -1.0969 -0.2711
vn -0.805745 0.373521 0.459628
v 2.66873 -1.01414 -0.25605
vn -0.970507 -0.13475 0.199897
v 2.6569 -1.0425 -0.31281
vn -0.92171 0.0992487 0.374968
v 2.7514 -0.843998 -0.0423671
vn -0.495307 0.262595 0.828079
v 2.70667 -0.873782 -0.0611925
vn -0.687779 0.489237 0.536291
v 2.7068 0.104076 -0.333265
vn -0.612815 0.00506819 0.79021
v 2.6841 0.12678 -0.33988
vn -0.218914 -0.0908526 0.971505
v 2.76297 -0.043508 -0.280928
vn -0.622392 -0.0483754 0.781209
v 2.7068 -0.896645 1.24245
vn -0.305388 -0.942515 -0.135663
v 2.6845 -0.8836 1.3901
vn -0.791002 -0.591262 0.157243
v 2.7295 -0.90258 1.2765
vn -0.238923 -0.970736 0.0242241
v 2.7068 -0.89749 1.3901
vn -0.297734 -0.953718 0.042153
v 2.7068 -0.88119 1.4279
vn -0.612429 -0.593684 0.521987
v 2.1437 -1.38965 -0.60798
vn -0.618772 0.367396 -0.694364
v 2.1703 -1.42903 -0.62964
vn -0.279328 -0.193462 -0.940504
v 2.1845 -1.3535 -0.614408
vn -0.547655 0.576894 -0.606026
v 2.30503 -1.44858 -0.28443
vn 0.614277 0.768355 0.179707
v 2.28675 -1.40965 -0.309585
vn 0.305915 0.371448 0.876608
v 2.28712 -1.3831 -0.29772
vn -0.529433 -0.496569 0.687837
v 2.37905 -1.3377 -0.226443
vn -0.290322 0.942556 -0.165229
v 2.29332 -1.3635 -0.23658
vn -0.28687 0.944078 -0.162551
v 2.96265 -1.83152 -0.82935
vn -0.979523 0.184979 0.0794886
v 2.98185 -1.71802 -0.799322
vn -0.991445 0.126132 0.0335848
v 2.51375 -1.26221 -0.334094
vn -0.0791555 0.0294397 0.996427
v 2.59178 -1.37175 -0.327701
vn 0.0598416 0.0799188 0.995004
v 2.4797 -1.42283 -0.31818
vn 0.017733 0.177828 0.983902
v 2.47845 -1.35025 -0.334425
vn 0.0928405 0.0641281 0.993614
v 2.457 -1.3831 -0.32932
vn 0.00913623 0.168152 0.985719
v 2.52219 -1.32635 -0.333604
vn -0.126225 0.0144771 0.991896
v 2.55348 -1.43985 -0.319088
vn 0.0895898 -0.0546618 0.994478
v 2.01425 -0.699385 -0.232795
vn -0.692608 -0.264984 -0.670878
v 2.0483 -0.66188 -0.29011
vn -0.433873 -0.841511 -0.32189
v 2.34272 -0.354895 -0.266617
vn -0.548472 0.241597 0.800506
v 2.29334 -0.338672 -0.294833
vn -0.320015 0.1197 0.939821
v 2.2299 -0.12865 -0.304515
vn -0.00462001 -0.00482193 0.999978
v 2.19703 -0.304615 -0.313123
vn -0.111217 -0.047527 0.992659
v 2.3851 -0.164126 -0.0565176
vn -0.420502 0.0345405 0.906634
v 2.3617 -0.0539143 -0.0608088
vn -0.674261 -0.145703 0.723977
v 2.4116 -0.043508 -0.057205
vn 0.148807 0.0441588 0.98788
v 2.4116 -0.15703 -0.051866
vn 0.206163 0.0485914 0.977311
v 2.58156 -1.11995 -0.335192
vn -0.544743 0.330898 0.770559
v 2.8203 -0.842206 0.112111
vn -0.149084 -0.984938 0.0875852
v 2.8434 -0.861177 0.00646445
vn -0.244449 -0.964099 0.10372
v 2.68364 -0.825445 1.43608
vn -0.772746 -0.037067 0.633632
v 2.67017 -0.826835 1.40145
vn -0.97474 -0.0375551 0.220162
v 2.68382 -0.62249 1.43218
vn -0.72261 0.221581 0.65478
v 2.6661 -0.62249 1.39578
vn -0.946783 0.237346 0.217414
v 2.69545 -1.3377 -0.34271
vn 0.0602179 0.0209577 0.997965
v 2.0256 -0.17974 -0.30856
vn -0.0742964 -0.0171782 0.997088
v 2.00575 -0.140003 -0.318553
vn -0.351893 0.0246154 0.935716
v 2.36275 -0.29326 -0.285995
vn -0.662144 0.224801 0.714864
v 2.3889 0.13813 -0.30571
vn 0.221008 -0.0541677 0.973767
v 2.457 0.0586655 -0.324545
vn 0.0840682 -0.0732729 0.993762
v 2.52084 0.17219 -0.328407
vn 0.112498 0.0360119 0.992999
v 2.81179 -0.849839 -1.0283
vn -0.00341395 -0.853351 0.521326
v 2.8203 -0.664865 -0.687445
vn -0.364619 0.927143 -0.0863685
v 2.79535 -0.677195 -0.67609
vn -0.675755 0.735407 -0.0503166
v 2.7295 -0.72944 -0.65339
vn -0.525319 0.838763 -0.143234
v 2.73015 -0.745535 -0.721505
vn -0.749184 0.650304 -0.125814
v 2.75022 -0.721618 -0.6023
vn -0.71099 0.680554 0.177029
v 2.843 -0.66774 -0.6988
vn 0.217919 0.975748 -0.0206587
v 2.76455 0.203465 -0.772588
vn -0.287388 -0.957811 -0.00245508
v 2.7295 0.195895 -0.66474
vn -0.359496 -0.908782 -0.211845
v 2.7522 0.192755 -0.66474
vn -0.110164 -0.9897 -0.0914155
v 2.74965 -0.692443 -0.264714
vn -0.720068 0.41281 0.557754
v 2.75625 -0.645195 -0.27444
vn -0.867245 0.090846 0.489523
v 2.55915 0.00757932 -0.322807
vn 0.0262968 -0.0556088 0.998106
v 2.8291 -0.70196 0.82245
vn -0.870514 0.357603 -0.33812
v 2.4797 -1.2469 -0.33197
vn 0.22792 0.0580465 0.971948
v 2.27722 -1.05905 -0.988298
vn 0.504609 0.838533 0.205502
v 2.2527 -1.0447 -0.97126
vn -0.024448 0.951239 0.307483
v 2.2527 -1.0638 -0.92098
vn 0.310784 0.950431 -0.00970191
v 2.2278 -1.00361 -0.825388
vn -0.143953 0.798912 -0.583966
v 2.1151 0.198443 -0.76691
vn -0.505803 -0.846614 -0.165556
v 1.98681 0.16685 -0.236611
vn -0.317034 -0.915715 -0.246893
v 2.7436 -0.72466 -0.732855
vn -0.655797 0.752067 0.0657639
v 2.49652 -0.18235 -0.334865
vn -0.0289549 0.0530404 0.998172
v 2.62799 0.160351 -0.335409
vn 0.072411 0.0379329 0.996653
v 2.457 -0.043508 -0.33849
vn 0.00503914 -0.0731058 0.997311
v 2.1164 0.230605 -0.967095
vn -0.134588 -0.989519 -0.0523259
v 2.12661 0.274439 -0.977152
vn -0.143427 0.987994 -0.0574108
v 2.16747 0.28519 -0.795292
vn 0.135424 0.98984 0.0433291
v 2.1845 0.281245 -0.823675
vn 0.212097 0.976628 -0.0348072
v 2.36087 -0.378595 -0.2447
vn -0.715852 -0.145686 0.682884
v 2.36309 -0.44075 -0.277195
vn -0.43458 -0.486699 0.757802
v 2.37046 -0.094594 -0.326428
vn 0.104226 0.00583568 0.994537
v 2.4268 -0.142165 -0.31909
vn 0.237744 0.349168 0.906399
v 1.98385 0.151335 -0.205153
vn -0.748462 -0.183666 -0.637238
v 2.8203 -0.69492 -0.88044
vn -0.351358 0.877303 -0.326936
v 2.85435 -0.756403 -1.00583
vn 0.424313 0.555294 0.715267
v 2.92704 -0.722299 -1.04559
vn 0.227146 0.273676 0.934615
v 2.7749 -0.72303 -0.83503
vn -0.624219 0.741882 -0.24487
v 2.76745 -0.696283 -0.643185
vn -0.757475 0.611312 -0.229191
v 2.5024 -0.48296 -0.0062907
vn -0.0931877 0.983124 0.15743
v 2.4797 -0.50156 0.027767
vn -0.365368 0.847887 0.38418
v 2.53215 -0.52032 0.0612755
vn 0.256366 0.898697 0.355837
v 2.51091 -0.529176 0.0958409
vn -0.0210882 0.966362 0.256321
v 2.46835 -0.532752 0.17535
vn 0.0425812 0.987819 0.149667
v 2.5246 -0.54302 0.14638
vn 0.397527 0.871439 0.287343
v 2.46835 -0.556501 0.213086
vn -0.00455018 0.414403 0.910082
v 2.65565 -0.208117 -0.301268
vn -0.0597002 0.204534 0.977037
v 2.6159 -0.22515 -0.29823
vn -0.180411 0.119142 0.976349
v 2.84937 -0.529643 0.64081
vn -0.619193 0.613277 -0.4904
v 2.86205 -0.493995 0.66351
vn -0.587786 0.803484 -0.0944535
v 2.8884 -0.48291 0.674865
vn -0.279422 0.877199 -0.390441
v 2.89975 -0.572447 0.92333
vn -0.432159 0.62939 0.645838
v 2.69545 -0.592485 1.41585
vn -0.353589 0.831621 0.42823
v 2.7295 -0.57559 1.3901
vn -0.190112 0.942925 0.273404
v 2.10703 0.273709 -1.00822
vn -0.477677 0.674338 0.56311
v 2.0937 0.282207 -0.94677
vn -0.445015 0.641427 -0.624927
v 2.0967 0.273395 -0.67609
vn -0.326234 0.941284 -0.0869305
v 2.1479 0.301535 -0.85773
vn 0.167464 0.96022 0.223459
v 2.0936 0.276685 -0.823675
vn -0.263009 0.96245 0.0672027
v 2.14478 0.297305 -0.74421
vn -0.0640387 0.9931 -0.0982457
v 2.12805 0.297322 -0.66474
vn -0.354873 0.88855 -0.290763
v 2.1164 0.31152 -0.88044
vn 0.0233509 0.988297 0.150742
v 2.0937 0.30172 -0.89179
vn -0.635882 0.770086 0.0512107
v 2.32647 0.56953 -1.05463
vn -0.0185041 -0.0108751 0.99977
v 2.50169 0.457428 -1.05232
vn -0.0237149 -0.0228183 0.999458
v 2.53504 0.56953 -1.05127
vn 0.00316108 -0.00948863 0.99995
v 2.1164 0.33161 -0.63068
vn -0.504492 0.85477 -0.121882
v 2.15612 0.328227 -0.587997
vn 0.127503 0.981477 -0.142988
v 2.12775 0.335768 -0.517158
vn -0.0840888 0.955099 -0.284103
v 2.10221 0.322232 -0.540545
vn -0.568502 0.74573 -0.347407
v 2.0951 0.341885 -0.43769
vn -0.771769 0.59154 0.233354
v 2.0921 0.343245 -0.482652
vn -0.253131 0.932955 -0.255967
v 2.12775 0.352445 -0.42634
vn -0.150979 0.987753 0.0393611
v 2.08166 0.288216 -0.361793
vn -0.615718 0.655555 0.437194
v 2.12775 0.34469 -0.40363
vn -0.114686 0.870732 0.478198
v 2.29525 0.34936 -0.42957
vn 0.0398436 0.999121 0.013037
v 2.28675 0.347287 -0.392862
vn 0.0509383 0.918423 0.392306
v 2.33215 0.334175 -0.389778
vn 0.212545 0.869037 0.446766
v 2.33428 0.303469 -0.357213
vn 0.111157 0.546608 0.829978
v 2.4116 0.31751 -0.38093
vn 0.0888846 0.905992 0.413858
v 2.74085 0.293862 -1.00026
vn 0.133886 0.863763 0.485786
v 2.68302 0.26493 -0.90463
vn -0.907272 0.00634449 -0.420496
v 2.6837 0.228529 -0.88558
vn -0.929072 -0.369167 0.0232457
v 2.68475 0.29707 -0.841565
vn -0.85225 0.522534 0.0250638
v 2.7295 0.30649 -0.947025
vn -0.610421 0.738742 -0.285738
v 3.0019 0.20625 -1.0646
vn 0.0500142 0.0143395 0.998646
v 2.76355 0.20439 -0.823675
vn 0.0277424 -0.988123 -0.151141
v 2.7522 0.21045 -0.8689
vn -0.174262 -0.961007 -0.214704
v 2.7068 0.229837 -0.82993
vn -0.5951 -0.796181 0.109326
v 2.69985 0.29582 -0.805434
vn -0.518567 0.761493 0.388866
v 2.73518 0.293258 -0.782878
vn -0.219977 0.95299 0.208374
v 2.7002 0.27564 -0.732855
vn -0.710245 0.702468 -0.0457199
v 2.7113 0.23288 -0.74421
vn -0.844326 -0.531025 -0.0715996
v 2.68705 0.25166 -0.687445
vn -0.991325 -0.0710154 -0.110601
v 2.68466 0.22895 -0.632166
vn -0.971341 -0.0762619 -0.225124
v 2.76355 0.307575 -0.687445
vn -0.0647156 0.981547 -0.179938
v 2.7295 0.317475 -0.642035
vn -0.404343 0.889182 -0.214153
v 2.69545 0.191303 -0.564225
vn -0.656804 -0.699418 -0.28182
v 2.7295 0.17934 -0.58527
vn -0.440982 -0.848067 -0.293797
v 2.70245 0.298157 -0.624274
vn -0.848723 0.477432 -0.22744
v 2.6656 0.20625 -0.49445
vn -0.966161 -0.206175 -0.154997
v 2.66201 0.248839 -0.506532
vn -0.999487 -0.00967637 -0.0305427
v 2.6841 0.30969 -0.53986
vn -0.816787 0.576939 -0.000126472
v 2.63255 0.217642 -0.417435
vn -0.249404 0.673804 -0.695547
v 2.6159 0.28321 -0.35822
vn 0.103424 0.968869 -0.224938
v 2.60455 0.27653 -0.383895
vn 0.213368 0.96597 -0.146202
v 2.65917 0.2176 -0.43872
vn -0.882268 0.418134 -0.216256
v 2.6861 0.29707 -0.44217
vn -0.885475 0.449793 0.116703
v 2.66277 0.249835 -0.39925
vn -0.655237 0.65339 -0.379137
v 2.67475 0.285893 -0.36107
vn -0.347809 0.929862 -0.119942
v 2.61926 0.263899 -0.337809
vn -0.0981626 0.389126 0.915939
v 2.7749 0.104076 -0.27316
vn -0.592482 -0.187128 0.783548
v 2.52794 0.0983997 -0.32245
vn 0.0798971 0.0449264 0.99579
v 2.70972 0.163743 -0.319773
vn -0.689024 -0.232339 0.686487
v 2.7749 0.157155 -0.23667
vn -0.645289 -0.642415 0.413407
v 2.72676 0.196375 -0.27308
vn -0.918986 -0.300311 0.255496
v 2.64428 0.240305 -0.327683
vn -0.199243 0.0733574 0.977201
v 2.7522 0.2716 -0.30146
vn -0.176461 0.849527 0.497157
v 2.7068 0.25166 -0.30228
vn -0.686232 0.147573 0.712255
v 2.71531 0.296443 -0.346925
vn -0.0921804 0.85663 0.50763
v 2.728 0.24161 -0.267255
vn -0.852128 0.453723 0.260794
v 2.7522 0.20625 -0.1418
vn -0.70596 -0.619974 0.342423
v 2.7323 0.22895 -0.17658
vn -0.971813 -0.123388 0.200888
v 2.7749 0.17918 -0.165225
vn -0.374903 -0.825108 0.422663
v 2.7749 0.25266 -0.187935
vn 0.0548125 0.99708 0.053167
v 2.74825 0.253795 -0.2447
vn -0.150284 0.988032 0.0347501
v 2.7522 0.244125 -0.160112
vn -0.433202 0.766843 0.473591
v 2.47848 0.229817 -0.113255
vn -0.400014 0.792919 -0.45964
v 2.47401 0.186836 -0.15849
vn -0.341573 0.579389 -0.740024
v 2.5251 0.24688 -0.10846
vn -0.145551 0.989184 -0.0181656
v 2.55915 0.22514 -0.1549
vn -0.0831099 0.654763 -0.751251
v 2.5705 0.24409 -0.13117
vn -0.00102791 0.91768 -0.397319
v 2.48972 0.229897 -0.0799915
vn -0.367123 0.740354 0.563113
v 2.53645 0.231927 -0.0912778
vn 0.259122 0.251051 0.932646
v 2.6159 0.22895 -0.128985
vn 0.263455 0.943179 -0.202495
v 2.57645 0.23485 -0.10846
vn 0.115894 0.391829 0.91271
v 2.5932 0.501415 -1.0498
vn 0.0360992 0.0125671 0.999269
v 2.59568 0.337515 -1.05311
vn -0.0281122 -0.0192396 0.99942
v 2.72843 0.460263 -1.05383
vn 0.014179 0.00308389 0.999895
v 2.73518 0.37654 -1.0511
vn -0.0363374 0.11552 0.99264
v 2.84584 0.430465 -1.05935
vn 0.0394793 0.00606617 0.999202
v 2.86002 0.34532 -1.05262
vn 0.0727462 0.0390879 0.996584
v 2.8657 0.56953 -1.0532
vn 0.0265025 -0.0239876 0.999361
v 2.7068 0.310615 -0.86341
vn -0.346657 0.937644 -0.0255637
v 2.74332 0.317456 -0.883297
vn -0.0300089 0.997089 0.0700896
v 3.0019 0.385161 -1.06173
vn 0.0232096 -0.011885 0.99966
v 3.0019 0.56953 -1.0599
vn 0.00620442 -0.0254997 0.999656
v 2.7749 0.31177 -0.83503
vn -0.0139009 0.990593 0.136131
v 2.7965 0.301235 -0.790445
vn 0.24295 0.953718 0.177194
v 2.7749 0.29759 -0.74421
vn 0.140855 0.976428 0.163547
v 2.717 0.31771 -0.583506
vn -0.339835 0.931177 -0.131993
v 2.7522 0.31756 -0.60798
vn 0.0105486 0.999703 -0.021956
v 2.7068 0.31575 -0.433367
vn -0.518847 0.849973 0.091342
v 2.50098 0.287497 -0.352121
vn 0.0204644 0.580856 0.813749
v 2.5251 0.209525 -0.16149
vn -0.203271 0.461991 -0.863276
v 2.07145 0.2176 -0.70298
vn -0.841835 -0.469802 -0.265705
v 2.0486 0.22895 -0.63068
vn -0.913589 -0.398423 -0.0813275
v 2.38705 -0.175901 -0.23902
vn -0.788588 0.614047 0.0328088
v 2.37755 -0.14684 -0.31281
vn -0.251954 0.673851 0.694582
v 2.4185 -0.159595 -0.278102
vn -0.328675 0.922824 0.200919
v 2.46835 -0.140005 -0.331895
vn 0.047242 0.00466288 0.998873
v 2.03695 0.0586655 -0.235605
vn -0.209861 0.00617465 -0.977712
v 2.0483 0.13813 -0.23738
vn 0.0402566 -0.272469 -0.961322
v 1.9911 0.225857 -0.29949
vn -0.0184627 0.917484 -0.397345
v 1.99722 0.263967 -0.187935
vn 0.162039 0.985673 -0.0468301
v 1.96885 0.249415 -0.239023
vn -0.409136 0.883661 -0.227487
v 2.0289 0.211665 -0.310585
vn 0.559391 0.756605 0.338572
v 2.0483 0.23797 -0.15387
vn 0.128222 0.961236 0.2441
v 2.0937 0.229375 -0.17658
vn 0.230474 0.973067 0.00471601
v 2.03395 0.25625 -0.17658
vn 0.225546 0.94447 0.238967
v 2.3662 0.104076 -0.30145
vn -0.206839 -0.0749591 0.975499
v 2.35485 0.17219 -0.30299
vn -0.140669 0.153657 0.97806
v 2.19017 0.21503 -0.15387
vn 0.0993998 0.958156 -0.268433
v 2.27826 0.200392 -0.177199
vn 0.0215848 0.647222 -0.761996
v 2.1391 0.20625 -0.19229
vn 0.136766 0.785118 -0.604057
v 2.3287 0.211077 -0.15387
vn 0.136538 0.990388 0.0221137
v 2.3889 0.198252 -0.0976482
vn 0.211863 0.948442 -0.235737
v 2.3435 0.19784 -0.0971095
vn -0.163882 0.985546 -0.0429156
v 2.4343 0.16945 -0.160035
vn -0.0872286 0.894115 -0.439261
v 2.4116 0.17853 -0.15387
vn 0.0643362 0.847945 -0.526165
v 2.4383 0.185525 -0.0971095
vn -0.705456 0.692105 -0.152713
v 2.39858 0.194895 -0.0557595
vn 0.164069 0.456092 0.874678
v 2.29711 0.224374 -1.06061
vn 0.0195444 0.00051185 0.999809
v 2.17882 0.349579 -1.05572
vn 0.0799876 0.0403188 0.99598
v 2.39353 0.278622 -1.06106
vn -0.0295295 -0.00920124 0.999522
v 2.39387 0.395696 -1.05798
vn -0.0362138 -0.0214631 0.999114
v 2.1391 0.329925 -1.04475
vn 0.112791 0.25399 0.960608
v 2.1845 0.268687 -1.05468
vn 0.148796 0.00826856 0.988833
v 2.8203 -0.67925 -1.0502
vn 0.0978735 0.370297 0.923743
v 2.79713 -0.712428 -1.02786
vn 0.0442451 0.727327 0.684864
v 2.58334 -0.121557 -0.333351
vn 0.00433812 0.0527029 0.998601
v 2.457 0.0019031 -0.3294
vn 0.106015 -0.191644 0.975722
v 2.6615 0.0573765 -0.335271
vn 0.128096 0.0241076 0.991469
v 2.7522 0.024608 -0.28105
vn -0.663985 -0.0431846 0.746498
v 2.50195 0.14381 -0.17287
vn -0.24512 0.0812758 -0.96608
v 2.61298 -0.0660144 -0.056704
vn 0.199149 0.979944 0.00699367
v 2.6386 -0.056853 -0.0874072
vn -0.0824281 0.704691 0.70471
v 2.58251 -0.0886913 0.173805
vn 0.192559 0.911832 0.362606
v 2.59887 -0.059671 0.065044
vn 0.260451 0.940432 0.218525
v 2.55974 -0.0651326 0.101559
vn -0.252057 0.953681 0.164196
v 2.5478 -0.046364 -0.0744065
vn -0.100118 0.91254 0.396543
v 2.58045 -0.0445836 -0.0435783
vn 0.0699068 0.972013 -0.224285
v 2.5705 -0.043375 0.0164143
vn -0.434725 0.889318 0.141875
v 2.2272 -1.82427 -0.967396
vn 0.294448 0.892328 -0.342127
v 2.2072 -1.82243 -0.965582
vn -0.375541 0.893981 -0.244472
v 2.18417 -1.81168 -0.82436
vn -0.164795 0.976479 -0.139041
v 2.28035 -1.81067 -0.837471
vn 0.623627 0.730739 -0.277688
v 2.2754 -1.79917 -0.761238
vn 0.48217 0.847402 -0.222312
v 2.2901 -1.8075 -0.739864
vn 0.628837 0.77239 -0.0893229
v 2.08203 -1.3377 -0.236613
vn 0.258587 0.415303 -0.872156
v 2.0483 -1.369 -0.2674
vn -0.492581 0.869838 0.0273195
v 2.22157 -1.38563 -0.231528
vn -0.288008 0.901395 -0.323323
v 2.37313 -1.34145 -0.30146
vn 0.137767 0.976061 0.168302
v 2.40025 -1.3525 -0.271945
vn 0.462125 0.884246 -0.0674444
v 2.41105 -1.35472 -0.31578
vn 0.515765 0.664338 0.540964
v 2.4343 -1.3604 -0.32663
vn 0.0415296 0.00398286 0.999129
v 2.30945 -1.24122 0.0352788
vn 0.131986 0.202248 -0.9704
v 2.26405 -1.26685 0.0380837
vn -0.483805 0.300747 -0.821878
v 2.51375 -1.4739 -0.315355
vn 0.0860033 0.0149105 0.996183
v 2.17882 -0.890619 -0.90847
vn 0.10223 -0.917588 -0.384163
v 2.18875 -1.0441 -0.810253
vn -0.590386 0.619837 -0.516958
v 2.2072 -1.0495 -0.883047
vn -0.512333 0.825209 -0.237792
v 2.11425 0.211029 -0.898779
vn -0.370587 -0.87663 -0.306897
v 1.9833 -0.673575 -0.190863
vn -0.897675 -0.293502 -0.328688
v 1.9855 -0.599785 -0.307135
vn -0.960123 -0.171405 -0.220873
v 2.01125 -0.549825 -0.31281
vn -0.427131 0.609492 0.667891
v 2.04627 -0.552356 -0.30146
vn 0.248641 0.830993 0.497623
v 2.03695 -0.55453 -0.2674
vn -0.35485 0.770762 -0.529156
v 2.3919 -1.12094 0.0465861
vn 0.0733346 0.327033 -0.942163
v 2.41728 -1.08729 0.077554
vn 0.329772 0.75023 -0.573067
v 2.42031 -1.06662 0.112775
vn 0.305293 0.919227 -0.248631
v 2.0483 -0.088918 -0.23371
vn -0.145284 -0.0536424 -0.987935
v 2.01425 -0.0775655 -0.22797
vn -0.357465 -0.071026 -0.931222
v 2.2981 -0.19109 -0.327295
vn 0.0253037 0.0591981 0.997926
v 1.99994 0.145761 -0.324165
vn -0.841069 -0.49846 -0.210097
v 1.9979 -0.0548605 -0.33552
vn -0.724073 -0.00161949 -0.689722
v 2.0029 0.165443 -0.279515
vn 0.48585 -0.784939 0.384473
v 1.9528 0.19378 -0.219738
vn -0.926325 -0.346473 -0.147915
v 2.41365 0.0221007 -0.3124
vn 0.259751 -0.19569 0.94564
v 2.35182 -0.0351552 -0.314487
vn -0.16993 -0.111746 0.9791
v 2.11975 -0.315614 -0.0728013
vn 0.261839 0.940565 0.216283
v 2.16748 -0.319786 -0.0533998
vn -0.00535139 0.935541 -0.353177
v 2.25266 -0.328448 -0.085759
vn 0.0182477 0.999487 -0.0263137
v 2.26308 -0.320805 -0.0555875
vn 0.129831 0.813837 -0.566403
v 2.09904 -0.298405 -0.0167366
vn 0.285374 0.85628 0.430519
v 2.2572 -0.29326 -0.017643
vn 0.0200994 0.99678 0.0776278
v 2.2981 -0.33123 -0.063054
vn 0.153508 0.952509 -0.262985
v 2.33215 -0.32625 -0.028996
vn -0.0588577 0.993964 0.092578
v 2.35485 -0.31597 -0.0506045
vn -0.639354 0.428921 0.638164
v 2.35529 -0.225089 -0.0790205
vn -0.712103 0.110215 0.69337
v 2.3889 -0.282278 -0.0371637
vn -0.294026 0.21013 0.932413
v 2.4116 -0.2365 -0.0519915
vn 0.266327 0.0761296 0.960872
v 2.3889 -0.020802 -0.047542
vn -0.307659 0.142645 0.940744
v 2.3662 0.115426 -0.04368
vn -0.458098 -0.169945 0.872505
v 2.37912 0.0416844 -0.0652084
vn -0.105522 -0.194856 0.975139
v 2.3435 0.0302843 -0.0786017
vn -0.676472 -0.0872742 0.731279
v 2.33875 0.155163 -0.0582005
vn -0.698941 0.0351851 0.714313
v 2.3889 0.12678 -0.0427765
vn 0.052215 -0.250691 0.966658
v 2.87705 -1.1561 -1.03355
vn -0.0237577 -0.133393 0.990778
v 2.9111 -1.09925 -1.0326
vn 0.264039 -0.0485604 0.963289
v 3.0019 -0.829671 -1.0464
vn -0.125372 -0.0574005 0.990448
v 2.93972 -0.784261 -1.04281
vn 0.234896 -0.127988 0.963557
v 2.71829 -0.758971 -1.02787
vn -0.621119 0.295208 0.725992
v 3.0019 -0.72466 -1.053
vn 0.00771249 0.135228 0.990785
v 2.7522 -0.72612 -0.816075
vn -0.885015 0.465437 -0.0108151
v 2.75685 0.243835 -0.934342
vn 0.218194 -0.898527 -0.380842
v 2.72019 0.260575 -0.967547
vn -0.692442 -0.692151 -0.203597
v 2.80895 0.256481 -0.737109
vn 0.173965 0.460975 0.870194
v 2.7976 0.27436 -0.74647
vn 0.253326 0.657526 0.709568
v 2.5478 -0.599785 -0.29569
vn -0.0881746 0.311896 0.946016
v 2.58565 -0.6205 -0.297861
vn 0.184676 0.640911 0.745069
v 2.46835 -0.52283 -0.272354
vn -0.158848 -0.261514 0.952039
v 2.70521 -1.1392 0.215754
vn 0.464264 0.858127 0.219265
v 2.79082 -0.642863 0.0348503
vn -0.704097 -0.707102 -0.0652313
v 2.77631 -0.634334 0.256237
vn -0.944327 -0.329 -0.00223134
v 2.79286 -0.656856 0.22076
vn -0.612549 -0.790425 -0.00343761
v 2.34335 -1.21285 0.2342
vn 0.344285 0.419984 0.839691
v 2.6854 -1.13149 0.246302
vn 0.382119 0.923627 0.029959
v 2.5251 -0.163905 0.215055
vn -0.326117 -0.543644 0.773369
v 2.5032 -0.1637 0.197165
vn -0.682181 -0.675894 0.27892
v 2.69923 -1.135 0.324351
vn 0.414878 0.909104 -0.0375128
v 2.2527 -1.4202 -0.278755
vn 0.46581 0.860202 0.207542
v 2.22742 -1.3956 -0.300855
vn 0.0530049 0.892799 0.447327
v 2.19585 -1.40285 -0.277857
vn -0.231257 0.967543 -0.101885
v 2.3435 -1.4512 -0.33007
vn -0.621095 -0.097437 0.777655
v 2.3672 -1.4256 -0.31281
vn -0.459316 -0.327214 0.825808
v 2.59597 -1.22987 0.10663
vn -0.690932 0.383769 -0.612645
v 2.61585 -1.23555 0.0419575
vn -0.999732 -0.00314031 -0.0229168
v 2.6322 -1.2015 0.027767
vn -0.946217 0.283191 0.156449
v 2.63769 -1.14738 0.050472
vn -0.983494 0.178377 0.0303568
v 2.61861 -1.1914 0.128361
vn -0.876047 0.425918 -0.226131
v 2.59577 -1.1968 0.15446
vn -0.408404 0.791066 -0.455434
v 2.60554 -1.17161 0.198393
vn -0.543144 0.81568 -0.199149
v 2.55347 -1.17793 0.203732
vn -0.097359 0.977909 -0.184975
v 2.071 -0.88276 -0.35822
vn -0.998059 -0.0610423 -0.0122967
v 2.0927 -0.97442 -0.40363
vn -0.967867 -0.0453689 -0.247335
v 2.08263 -0.887854 -0.40931
vn -0.984543 0.015928 -0.17442
v 2.31046 -0.537375 -0.336839
vn -0.0337897 -0.0557495 0.997873
v 2.4343 -0.55715 0.095882
vn -0.242532 0.969907 0.0214273
v 2.4343 -0.52883 0.0050616
vn -0.358305 0.87123 0.335524
v 2.40025 -0.548 0.0646626
vn -0.0856688 0.991429 0.0986394
v 2.16274 -0.302489 -0.106793
vn 0.115076 0.464128 0.878261
v 2.28107 -0.302988 -0.110203
vn -0.060379 0.530403 0.845593
v 2.3337 -0.31597 -0.085759
vn -0.525666 0.683619 0.506301
v 2.2942 -0.318005 -0.017643
vn 0.265411 0.956192 -0.123507
v 2.6159 -1.05385 -0.349225
vn -0.249626 0.129241 0.959679
v 2.60455 -0.92617 -0.347937
vn -0.0387999 -0.103855 0.993835
v 2.58185 -0.968743 -0.352467
vn 0.0880308 -0.0572303 0.994472
v 2.63175 -1.05872 -0.336038
vn -0.642625 0.287175 0.710326
v 2.47119 -0.639518 -0.306429
vn -0.327915 -0.00239248 0.944704
v 2.49215 -0.684928 -0.28596
vn -0.62761 0.198035 0.75292
v 2.65118 -1.1327 0.232115
vn -0.392733 0.918552 -0.0449868
v 2.80869 -0.579256 0.872081
vn -0.246207 0.968246 0.043391
v 2.7976 -0.57707 0.77704
vn -0.275555 0.961195 0.0131591
v 2.9111 -0.48171 0.791229
vn -0.242615 0.970114 0.00417838
v 2.8884 -0.48577 0.70892
vn -0.212818 0.976424 -0.0361305
v 2.82304 -0.569786 0.74298
vn -0.512943 0.856708 0.0542299
v 2.843 -0.56573 0.80594
vn -0.712731 0.634459 0.299127
v 2.843 -0.58077 0.856505
vn 0.160184 0.978367 0.130916
v 2.86585 -0.53167 0.8338
vn -0.950662 0.232916 0.20492
v 2.8884 -0.48407 0.82245
vn -0.694381 0.719605 -0.00190703
v 2.87025 -0.58774 0.880837
vn -0.0225351 0.99676 0.0772167
v 2.8884 -0.514429 0.88206
vn -0.800596 0.418166 0.429166
v 2.85435 -0.574282 0.930295
vn 0.33454 0.910685 -0.242354
v 2.9111 -0.49802 0.88999
vn -0.525577 0.627077 0.574929
v 2.05719 -1.33509 -0.371414
vn -0.399762 0.0696553 -0.913968
v 2.3208 -1.41715 -0.32309
vn 0.384212 0.00753143 0.923214
v 2.22607 -1.31374 -0.0407754
vn -0.409001 0.0769644 0.909283
v 2.17875 -1.3831 -0.056631
vn -0.802915 0.120151 0.583859
v 2.21855 -1.37003 -0.0431013
vn -0.107457 -0.168929 0.979753
v 2.20722 -0.0179639 -0.32986
vn 0.0166903 0.165975 0.985989
v 2.27255 -0.0633742 -0.315751
vn -0.00989796 0.216597 0.976211
v 2.7068 0.240305 -1.03
vn -0.130831 -0.25865 0.95707
v 2.52372 -0.872245 -0.336615
vn 0.144079 -0.0228888 0.989301
v 2.55915 -0.92901 -0.343245
vn 0.12351 -0.108747 0.986367
v 2.49105 -0.883597 -0.328968
vn 0.201341 0.0429099 0.978581
v 2.46835 -0.92901 -0.32037
vn 0.252744 0.12505 0.959418
v 2.84243 -0.662785 -0.0369828
vn -0.268549 -0.962532 -0.0375951
v 2.61215 -1.25949 0.556022
vn -0.796537 -0.158176 0.583531
v 2.62491 -1.20631 0.565101
vn -0.630361 0.252134 0.734216
v 2.6386 -1.241 0.577034
vn -0.293826 -0.0474625 0.95468
v 2.78979 -0.6679 0.880207
vn -0.862893 -0.402478 -0.305659
v 2.1295 -1.8599 -0.596625
vn -0.976163 0.21389 -0.0368372
v 2.1487 -1.8798 -0.677959
vn -0.589455 -0.799322 -0.116739
v 2.13845 -1.88407 -0.55592
vn -0.800309 -0.599576 0.00359373
v 2.3096 -1.33834 -0.319213
vn -0.0550047 0.215112 0.975039
v 2.15393 0.236167 -1.04734
vn 0.385998 -0.176227 0.905511
v 2.071 -0.81548 -0.34779
vn 0.0622796 0.00172635 0.998057
v 2.29564 -0.444344 -0.307104
vn -0.292196 -0.231681 0.927871
v 2.28144 -1.1091 -0.085912
vn -0.866097 0.251966 0.431728
v 2.27046 -0.1173 -0.308619
vn 0.221236 -0.0746945 0.972356
v 2.66979 -0.818586 -1.05598
vn -0.29865 -0.0772557 0.951231
v 2.7749 0.29707 -1.0338
vn 0.306095 -0.12916 0.943199
v 2.77785 -0.598581 0.087733
vn -0.994824 0.10098 -0.0113367
v 2.79321 -0.658476 0.457744
vn -0.555661 -0.8314 -0.0039024
v 2.802 -0.710473 0.90953
vn -0.889758 -0.217092 0.401499
v 2.7522 -0.564355 1.33895
vn 0.175077 0.957772 0.228082
v 2.30378 -1.26678 -0.314926
vn -0.0299007 -0.135239 0.990362
v 2.07525 0.249487 -0.906095
vn -0.784363 -0.536608 -0.311171
v 2.12208 0.23597 -1.0249
vn -0.0128825 -0.916973 0.398741
v 2.1046 0.25166 -0.982615
vn -0.833673 -0.471084 -0.288219
v 2.0483 0.25379 -0.634245
vn -0.926601 0.352299 -0.131516
v 2.17315 -0.0733079 -0.323226
vn -0.087803 0.0691795 0.993733
v 2.071 0.20625 -0.32139
vn 0.0931003 -0.0179487 0.995495
v 2.0937 0.271205 -0.33661
vn -0.0496566 0.466003 0.883389
v 2.0537 0.236765 -0.33211
vn -0.176704 0.638155 0.749356
v 2.3889 0.0586655 -0.30527
vn 0.139221 -0.0408438 0.989419
v 3.0019 -0.586415 -1.05966
vn 0.0517565 -0.0319169 0.99815
v 2.77455 -0.635083 0.707483
vn -0.89077 -0.45444 0.00352219
v 2.78024 -0.598275 0.700408
vn -0.909427 0.415239 -0.022763
v 2.7068 -0.826835 1.45155
vn -0.541936 -0.0307157 0.839858
v 2.2413 -1.80425 -0.866246
vn -0.0821726 0.996483 -0.0164258
v 2.62272 -1.14969 -0.0492581
vn -0.867086 0.45395 0.205161
v 2.11888 -0.88045 -0.53841
vn -0.699451 -0.679739 -0.220733
v 2.16217 -0.917546 -0.548779
vn -0.660484 -0.576696 -0.480814
v 2.09937 -0.855215 -0.484083
vn -0.936296 -0.160134 -0.312581
v 2.09604 -0.95575 -0.449502
vn -0.970928 -0.105198 -0.215018
v 2.1058 -0.40679 -0.44904
vn -0.866383 -0.0252322 -0.498742
v 2.12537 -0.332998 -0.49445
vn -0.822749 -0.0284232 -0.567694
v 2.08145 -0.307452 -0.42634
vn -0.861688 -0.0166135 -0.507166
v 2.12917 -0.20812 -0.49445
vn -0.817478 -0.066648 -0.57209
v 2.0979 -0.19109 -0.443998
vn -0.817612 -0.0804051 -0.570128
v 2.06885 -0.0945935 -0.431795
vn -0.846858 -0.104081 -0.521535
v 2.04912 0.187885 -0.430595
vn -0.938443 -0.135951 -0.317556
v 1.96518 0.194895 -0.30052
vn -0.981983 -0.130319 -0.136845
v 2.33499 0.218853 -0.324009
vn -0.045892 0.380269 0.923737
v 2.44423 0.211925 -0.324073
vn 0.0633967 0.309444 0.948802
v 2.0483 -0.325735 0.00938955
vn 0.0690083 0.208816 0.975517
v 2.17882 -0.2365 -0.11853
vn 0.0227349 0.125268 0.991862
v 2.71045 0.285715 -1.0223
vn -0.782853 -0.202807 0.588226
v 2.74085 0.2585 -1.01795
vn 0.0905698 -0.879719 0.466789
v 2.6613 -1.11597 0.132468
vn -0.666109 0.732789 0.138993
v 2.78435 -0.81548 0.453487
vn -0.993244 -0.115413 0.0120648
v 2.79383 -0.788495 0.527279
vn -0.862977 0.504998 0.0157548
v 2.83146 -0.869839 1.16791
vn -0.187651 -0.930039 -0.315935
v 2.78658 -0.872245 1.19213
vn -0.192301 -0.540977 -0.818758
v 2.79888 -0.838825 1.15165
vn -0.876701 -0.447435 -0.176626
v 2.14303 0.285715 -1.02727
vn 0.700151 0.305656 0.645261
v 2.75656 -0.735504 -1.00714
vn -0.539145 0.736504 0.408516
v 2.63096 -1.16795 0.544305
vn -0.782636 0.547817 0.295596
v 2.6278 -1.1561 0.50457
vn -0.769503 0.634366 0.0737966
v 2.77638 -0.63384 0.47619
vn -0.924911 -0.380183 0.000969767
v 2.78961 -0.645483 0.978129
vn -0.90084 -0.426392 0.0817129
v 2.83165 -0.859058 1.11192
vn -0.441225 -0.897389 -0.00371761
v 2.80424 -0.83819 0.92746
vn -0.89685 -0.442224 -0.0099107
v 2.7932 -0.7976 1.15165
vn -0.968714 0.123855 -0.215064
v 2.78625 -0.767235 1.169
vn -0.546604 0.143686 -0.824972
v 2.83165 -0.863857 0.933137
vn -0.393467 -0.918843 -0.0301819
v 2.8526 -0.70196 1.0268
vn -0.699522 -0.704517 0.119685
v 2.79182 -0.646 1.1403
vn -0.868309 -0.496006 -0.00418426
v 2.76355 -0.56154 1.24655
vn 0.0958981 0.960074 -0.262794
v 2.7068 -0.55134 1.2765
vn -0.417099 0.908419 -0.0283254
v 2.13868 -1.84695 -0.35751
vn -0.681321 -0.0534233 0.730032
v 2.1618 -1.9021 -0.36804
vn -0.633812 -0.708694 0.309894
v 2.06805 -1.32635 -0.330575
vn 0.547125 0.439998 0.712079
v 2.08375 -1.3604 -0.301535
vn 0.362122 0.784368 0.503622
v 2.5251 -1.1897 -0.10846
vn -0.296753 0.560881 0.772884
v 2.09487 -0.997115 -0.337697
vn -0.394255 -0.0376595 0.918229
v 2.44705 0.18354 -0.066544
vn 0.139154 0.521863 0.841603
v 2.517 -0.81548 -0.086664
vn 0.0632819 0.0788764 0.994874
v 2.47155 -0.778586 -0.102118
vn 0.297842 0.479137 0.825662
v 2.50807 -0.760868 -0.11925
vn 0.0209041 0.494784 0.868764
v 2.58232 -0.520981 -0.112668
vn -0.361225 0.509852 0.780748
v 2.62611 -0.571607 -0.0882659
vn 0.456237 -0.0841881 0.885867
v 2.64995 -0.54302 -0.097699
vn 0.124883 -0.205847 0.970583
v 2.6159 -0.52032 -0.094482
vn -0.391471 -0.0307398 0.919677
v 2.5932 -0.56573 -0.065974
vn 0.113621 0.486655 0.866174
v 2.25774 -1.27467 0.25325
vn -0.476503 0.0228922 0.878875
v 2.28719 -1.30366 0.243529
vn 0.24602 -0.674764 0.695822
v 2.31135 -1.25825 0.25482
vn 0.334622 -0.208127 0.919082
v 2.5899 -1.162 0.308741
vn -0.342462 0.939477 0.0101414
v 2.59767 -1.21285 0.507411
vn -0.932141 0.331756 0.145088
v 2.79419 -0.657973 0.68409
vn -0.621541 -0.78332 0.00983967
v 2.77886 -0.62249 0.828123
vn -0.966501 -0.256514 -0.00876601
v 2.7976 -0.65069 0.79974
vn -0.727836 -0.680786 -0.0823696
v 2.78158 -0.599785 0.842315
vn -0.91305 0.405383 0.0447646
v 2.83165 -0.57271 0.98138
vn -0.0961162 0.994515 0.0412393
v 2.79693 -0.791246 1.02396
vn -0.989323 0.144615 -0.0180457
v 2.7646 -0.815485 1.18418
vn -0.326794 -0.125306 -0.936752
v 2.84205 -0.70196 1.1373
vn -0.728039 -0.637003 -0.253351
v 2.81198 -0.77575 0.938812
vn -0.966025 0.25153 0.0594063
v 2.02475 -0.988592 -0.35457
vn -0.807446 0.0498387 -0.587833
v 2.1099 -0.287585 -0.0921075
vn 0.538415 0.391718 0.746101
v 2.6529 -1.1106 -0.085759
vn -0.620542 0.503468 0.601206
v 2.65242 -1.0652 -0.082964
vn -0.392243 0.248177 0.88575
v 2.69545 -0.301885 -0.062855
vn -0.260676 -0.322207 0.910072
v 2.65008 -0.29326 -0.0782053
vn -0.63722 0.121431 0.761056
v 2.60115 -0.0213885 -0.112585
vn 0.146159 0.241761 0.959265
v 2.7749 -0.645195 1.17655
vn -0.75487 -0.279366 -0.593401
v 2.72872 -0.653201 1.185
vn -0.102645 0.101979 -0.989477
v 2.6841 -0.59161 1.2084
vn -0.201805 0.76997 -0.605327
v 2.67727 -0.582704 1.30923
vn -0.776145 0.629649 0.0337682
v 2.7068 -0.65087 1.44778
vn -0.373596 0.179708 0.910017
v 2.03252 0.18354 -0.30328
vn 0.663712 -0.265491 0.699286
v 2.63028 -0.41955 -0.112205
vn -0.745427 0.25748 0.614852
v 2.67695 -0.0548605 -0.091124
vn -0.0678259 0.2797 0.957689
v 2.7883 -0.80413 0.74298
vn -0.991793 0.0260288 0.125176
v 2.68465 -0.882905 1.2311
vn -0.874582 -0.466607 -0.131849
v 2.73518 -0.60118 1.2031
vn -0.137827 0.575528 -0.806084
v 2.78625 -0.583485 1.19883
vn -0.38716 0.720026 -0.575908
v 2.51115 -1.1786 0.180082
vn -0.324929 0.906873 0.268334
v 2.00858 0.200572 -0.114507
vn 0.175641 0.251089 0.951895
v 2.7749 -1.03115 -1.05095
vn -0.185669 0.0706509 0.980069
v 2.457 -0.0778448 -0.0799205
vn -0.467816 0.388246 0.793986
v 2.49105 -0.0681595 -0.0553918
vn -0.362287 0.764447 0.533263
v 2.50463 -0.0450368 -0.0857641
vn -0.253663 0.803041 0.539241
v 2.79601 -0.78994 0.884888
vn -0.965546 -0.0678781 0.251224
v 2.7978 -0.711365 0.870085
vn -0.99749 0.0598651 -0.0378194
v 2.0937 -1.12767 -0.35186
vn 0.148796 -0.0333045 0.988307
v 2.0696 -1.1106 -0.33822
vn 0.564365 0.0225123 0.825218
v 2.0937 -1.1788 -0.34575
vn 0.668882 -0.0563499 0.74123
v 2.0937 -0.58564 -0.31281
vn 0.278655 0.057604 0.958662
v 2.08235 -0.0775655 -0.32333
vn 0.138966 0.0505766 0.989005
v 2.071 0.0416368 -0.331228
vn 0.117622 0.0112411 0.992995
v 2.32367 -0.25353 -0.108095
vn -0.375523 0.129045 0.917785
v 2.28108 -0.335832 -0.00292613
vn 0.0391807 0.263447 0.963878
v 2.43492 -0.0537762 -0.091656
vn -0.00869237 0.676125 0.736736
v 2.43433 -0.155556 -0.0681017
vn 0.224654 0.107409 0.968501
v 2.1737 0.194603 -0.123548
vn 0.028253 0.44308 0.896037
v 2.29802 0.18354 -0.110857
vn -0.255932 0.449024 0.856082
v 2.01425 0.22396 -0.13117
vn -0.00804366 0.740535 0.67197
v 2.35485 0.197645 -0.0621153
vn -0.412056 0.748248 0.519938
v 2.78625 -0.730515 -0.988292
vn -0.137902 0.988084 -0.0683586
v 2.75485 -0.735998 -0.902558
vn -0.635757 0.758295 -0.144225
v 2.79215 0.205681 -0.80097
vn 0.347999 -0.924991 -0.152607
v 2.4752 -0.494002 -0.0318341
vn -0.0262453 0.996495 0.0794328
v 2.6613 0.18354 -0.48537
vn -0.980033 0.127547 -0.152536
v 2.5223 -0.088918 0.027767
vn -0.497253 0.842066 0.208962
v 2.5705 -0.043508 -0.1036
vn 0.303126 0.765474 0.567595
v 2.78197 -0.61114 1.01544
vn -0.975269 0.217907 0.0369728
v 2.1618 -1.0121 -0.7215
vn -0.771674 0.629778 0.0888735
v 2.43072 -0.781909 -0.0584838
vn 0.396296 0.00627475 0.918101
v 2.25957 0.268743 -0.339159
vn 0.0222105 0.165925 0.985888
v 2.23563 0.175029 -0.32991
vn 0.0336022 -0.0179273 0.999274
v 1.95186 0.0274461 -0.125978
vn -0.78793 -0.0241641 0.61529
v 1.93708 0.0159095 -0.15387
vn -0.950786 0.0441532 0.306685
v 2.96785 -1.03682 -1.05127
vn 0.191429 -0.0536126 0.980041
v 3.0019 -0.97442 -1.0455
vn 0.131474 -0.012056 0.991246
v 2.7295 -0.694675 -1.04915
vn -0.203196 0.359002 0.910949
v 2.6841 -1.12548 0.436457
vn -0.0942639 0.994393 0.0479325
v 2.62114 -1.16555 0.41659
vn -0.729237 0.683717 0.0272835
v 2.79282 -0.603645 1.14598
vn -0.881009 0.465746 -0.0830853
v 2.16605 -1.79172 -0.50973
vn -0.83722 0.521915 -0.163298
v 2.43998 -1.24122 -0.322824
vn 0.169893 0.0689192 0.98305
v 2.2356 -0.736015 -1.05232
vn 0.315154 0.119801 0.941449
v 2.19603 -0.818995 -1.0394
vn 0.476888 -0.442121 0.759675
v 2.2527 -0.97442 -0.31759
vn -0.0214545 0.0544774 0.998284
v 2.3435 -0.92901 -0.33725
vn -0.0911915 0.125458 0.987899
v 2.36904 -1.06555 -0.318199
vn -0.0067562 0.057368 0.99833
v 2.2981 0.024608 -0.33356
vn -0.0975827 0.0629913 0.993232
v 2.7068 -0.86089 1.1918
vn -0.23672 -0.0983573 -0.966587
v 2.7976 -0.71331 1.1772
vn -0.157597 0.0507658 -0.986198
v 2.3889 -1.315 -0.32942
vn -0.0898006 -0.00371288 0.995953
v 2.39741 -1.2015 -0.325271
vn 0.147097 -0.0425614 0.988206
v 2.55145 -1.17795 0.1867
vn 0.095705 0.992949 -0.0699527
v 2.22841 -1.04366 -1.01771
vn 0.0680301 0.963089 0.260446
v 2.08015 0.27436 -0.778265
vn -0.66794 0.736783 -0.104916
v 2.26405 -1.11417 -0.312145
vn 0.0192271 0.0852193 0.996177
v 2.2981 -1.17029 -0.308689
vn 0.00026561 -0.00885183 0.999961
v 2.37187 -0.585595 -0.313549
vn -0.441782 -0.115655 0.889636
v 2.3435 -0.52032 -0.32878
vn -0.378848 -0.202838 0.902957
v 2.3889 -0.49032 -0.29011
vn -0.369405 -0.312733 0.875065
v 2.04875 0.250795 -0.35822
vn -0.924649 0.377287 -0.0517586
v 2.00305 0.0283595 -0.33552
vn -0.881589 -0.020444 -0.471576
v 2.8485 -1.00337 -1.03124
vn -0.0303176 0.052872 0.998141
v 2.5705 0.25166 -1.0595
vn -0.0603987 -0.0257728 0.997842
v 2.67609 0.290977 -1.0438
vn -0.267983 0.133259 0.954163
v 2.74369 0.324279 -1.03315
vn -0.00549658 0.516805 0.856085
v 2.2699 -1.0879 -0.92585
vn 0.658145 0.509101 0.554672
v 2.26405 -0.11162 -1.0642
vn -0.00752625 -0.00187467 0.99997
v 2.28315 0.0480225 -1.06019
vn -0.00269424 -0.0163028 0.999863
v 2.071 -1.0732 -0.33552
vn 0.300111 0.898482 -0.320412
v 2.071 -1.09925 -0.36937
vn -0.60139 0.0985632 -0.792852
v 2.40583 -0.548698 -0.0221861
vn -0.985034 0.0663647 0.159069
v 2.26405 -0.282613 -0.309086
vn -0.100454 0.163463 0.981422
v 2.04037 -0.295128 -0.0139675
vn -0.391623 0.884251 0.254423
v 2.15094 0.0562658 -0.0939044
vn -0.00530101 0.266401 0.963848
v 2.19446 0.460265 -1.05621
vn 0.0263258 -0.0321529 0.999136
v 2.7757 -0.609445 0.280361
vn -0.99678 0.0801548 0.00229135
v 2.76355 -0.140005 -0.277005
vn -0.587329 0.0805895 0.805326
v 2.4797 -0.0955775 0.107235
vn -0.561482 0.827122 0.0246521
v 2.52277 -0.0852905 0.110073
vn -0.408328 0.912168 -0.0349006
v 2.79625 -0.818045 0.27752
vn -0.965052 -0.260535 -0.0282222
v 2.79343 -0.787817 0.248431
vn -0.916657 0.399512 -0.0114247
v 2.78537 -0.81548 0.632291
vn -0.971403 -0.237315 -0.00765525
v 2.8075 -0.753045 0.811095
vn -0.970295 0.163641 -0.178183
v 2.80538 -0.826835 0.794065
vn -0.950806 -0.309621 -0.0101489
v 2.0745 -1.31675 -0.35822
vn -0.768013 0.640433 -0.000595248
v 2.109 -1.315 -0.40363
vn -0.832054 0.0853793 -0.548085
v 2.19988 -1.31845 -0.063054
vn -0.790639 0.419579 0.445918
v 2.2754 -1.21334 -0.044782
vn -0.361086 0.101493 0.926993
v 2.24606 -1.22969 -0.0627414
vn -0.835087 0.310891 0.453847
v 2.297 -1.22847 -0.0424025
vn 0.123047 0.106898 0.986627
v 2.32453 -1.19133 -0.0476478
vn 0.432561 -0.283621 0.855833
v 2.6386 -1.23555 -0.326425
vn 0.0743937 -0.130675 0.98863
v 2.17031 -0.737265 -1.03012
vn -0.1281 0.766185 0.629723
v 2.2013 -0.74644 -1.02805
vn 0.484195 0.791896 0.372097
v 2.24416 -0.993275 -0.629206
vn -0.766378 0.483952 0.422441
v 2.14799 -0.705023 -0.565405
vn -0.895861 0.423063 -0.135835
v 2.11706 -0.757444 -0.609795
vn -0.836885 0.545798 -0.0415785
v 2.0834 -1.03115 -0.35822
vn -0.998506 0.0529778 -0.0133906
v 2.071 -0.54302 -0.25642
vn -0.0921943 0.427328 -0.899384
v 2.04755 -0.48824 -0.223925
vn -0.3661 0.425328 -0.827688
v 2.071 -0.441022 -0.224608
vn -0.265788 0.0998972 -0.958842
v 2.4414 -1.0663 0.242045
vn 0.331594 0.883603 0.330592
v 2.4116 -1.0598 0.20941
vn -0.152026 0.984024 0.0926574
v 2.42295 -0.54475 0.13267
vn -0.131052 0.973184 -0.189043
v 2.432 -0.54302 0.189105
vn -0.262889 0.947212 0.183516
v 2.81263 -1.0879 -1.03193
vn -0.231567 0.0478608 0.971641
v 2.843 -0.8836 -1.0447
vn -0.146499 -0.0262395 0.988863
v 2.91394 -0.869405 -1.04738
vn 0.0562339 0.115793 0.99168
v 2.8087 -0.672815 -0.78962
vn -0.288672 0.918961 -0.268663
v 2.843 -0.70196 -0.88511
vn 0.166035 0.935403 -0.312175
v 2.7295 -1.0879 -0.0022168
vn 0.326805 0.909954 0.255307
v 2.7295 -1.06295 -0.061216
vn 0.055924 0.543569 0.837499
v 2.70195 -1.06345 -0.056348
vn -0.188224 0.850127 0.491789
v 2.69079 -1.09548 0.0859487
vn 0.0852197 0.974363 0.208218
v 2.66307 -1.09263 0.0618245
vn -0.695569 0.704524 0.140818
v 2.6841 -1.1334 0.5442
vn -0.244899 0.939884 0.237998
v 2.17315 -1.20718 -0.332077
vn -0.225538 -0.110827 0.96791
v 2.4797 -1.315 -0.33249
vn 0.0934615 -0.0917138 0.99139
v 2.18091 -0.744378 -0.9372
vn -0.346864 0.926779 -0.144107
v 2.1428 -1.0879 -0.83503
vn -0.786822 0.517305 -0.33661
v 2.1728 -0.717237 -0.803371
vn -0.478736 0.865051 -0.149993
v 2.13954 -0.739504 -0.785154
vn -0.697465 0.709042 -0.103938
v 2.21168 -1.15215 -0.319365
vn -0.201112 -0.0410397 0.978708
v 1.98043 -0.58693 -0.23429
vn -0.728905 0.683797 -0.033459
v 1.97804 -0.589112 -0.172613
vn -0.917203 0.318409 -0.239488
v 2.12022 -0.738715 -0.460396
vn -0.929874 0.352429 -0.105486
v 2.40475 -0.45553 -0.25605
vn -0.439599 -0.705418 0.556002
v 2.17652 -1.38725 -0.20586
vn -0.371114 0.740052 -0.56089
v 2.3435 -0.98709 -0.043768
vn -0.503953 0.153129 0.850049
v 2.31513 -1.21281 0.242999
vn -0.0420177 0.53285 0.845166
v 2.2386 -1.8372 -1.0336
vn 0.344437 0.40313 0.84785
v 2.19736 -1.82667 -1.02239
vn 0.108472 0.888774 0.445325
v 2.1802 -1.81185 -0.642035
vn -0.697528 0.711726 -0.0830714
v 2.1993 -1.7464 -0.53986
vn -0.819244 0.496519 -0.286894
v 2.21855 -0.71485 -0.84638
vn 0.251956 0.953311 -0.166479
v 2.0937 -1.0652 -0.34345
vn -0.390808 0.171415 0.90437
v 2.3889 -1.07415 0.107236
vn -0.48164 0.873262 -0.0737259
v 2.8203 -0.73358 -0.99397
vn 0.135494 0.988625 -0.0652846
v 2.30853 -1.19026 0.153166
vn -0.446927 0.865309 0.226927
v 2.2072 -0.73732 -0.90314
vn 0.411441 0.901185 -0.136312
v 2.1391 -1.8145 -0.45903
vn -0.938322 0.189225 -0.28939
v 2.18822 -0.686415 -0.660612
vn -0.391109 0.885199 -0.251906
v 2.21855 -0.697272 -0.72718
vn -0.0979941 0.980348 -0.171215
v 2.44192 -0.738103 -0.0900217
vn 0.298553 0.416801 0.858571
v 2.3826 -0.764815 -0.063054
vn -0.313009 0.632219 0.708748
v 2.21855 -1.77827 -0.715825
vn -0.285856 0.932535 -0.220603
v 1.844 -0.309046 -1.06024
vn 0.00107317 -0.00735233 0.999972
v 2.05317 -0.380897 -1.06253
vn 0.00535338 -0.00010155 0.999986
v 2.08359 -0.0242556 -1.06167
vn 0.00524392 -0.00785946 0.999955
v 2.08955 -0.240966 -1.06087
vn 0.0171344 -0.0036883 0.999846
v 1.97736 -0.0798714 -1.05923
vn 0.0148953 0.00054196 0.999889
v 2.2593 -0.394887 -1.06257
vn -0.0032207 -0.00875794 0.999956
v 2.32527 -0.283601 -1.06122
vn -0.0153579 0.00236218 0.999879
v 2.53361 -0.369894 -1.05955
vn -0.0139583 -0.00439501 0.999893
v 2.55915 -0.105945 -1.05222
vn -0.0196518 0.00708967 0.999782
v 2.47509 0.0874015 -1.05845
vn -0.0213276 0.00165778 0.999771
v 2.27606 0.15658 -1.05868
vn -0.00298215 -0.0173674 0.999845
v 2.12208 0.176728 -0.670128
vn -0.29589 -0.902206 -0.313804
v 2.0557 0.20625 -0.60798
vn -0.827898 -0.560549 -0.0192194
v 2.09731 0.150921 -0.583854
vn -0.688607 -0.682071 -0.246172
v 2.022 -0.866567 -0.332545
vn -0.688462 -0.042934 0.724001
v 2.0247 -0.862835 -0.357856
vn -0.718483 -0.0523349 -0.693573
v 2.00985 -0.80413 -0.33552
vn -0.975666 -0.0303472 0.217151
v 1.98923 -1.05817 -0.15387
vn -0.994425 -0.0524313 -0.0914831
v 1.99572 -1.03046 -0.186503
vn -0.880394 -0.0512572 -0.471464
v 2.071 -0.679105 -0.335485
vn -0.89183 -0.289297 -0.347775
v 2.0864 -0.63384 -0.38093
vn -0.809615 -0.217307 -0.545253
v 2.022 -0.65655 -0.3352
vn -0.860847 -0.493136 0.125538
v 2.0256 -0.63384 -0.34804
vn -0.603703 -0.230496 -0.763161
v 2.04785 -0.661165 -0.324165
vn -0.159647 -0.870594 0.465381
v 2.08455 -0.645195 -0.316445
vn 0.460338 -0.361052 0.811005
v 2.0869 -0.675985 -0.324755
vn 0.530483 -0.240146 0.812969
v 1.97502 -0.736015 -0.15387
vn -0.998875 -0.0288868 0.0376028
v 1.97743 -0.625075 -0.221995
vn -0.985852 -0.151418 -0.0718921
v 2.1164 -0.65655 -0.33221
vn 0.0576554 -0.092283 0.994062
v 2.0937 -0.79278 -0.33901
vn -0.331624 -0.0437352 0.942397
v 1.99423 -0.98128 -0.130136
vn -0.655061 -0.0354248 0.754745
v 2.0029 -0.798455 -0.116678
vn -0.43041 -0.0217332 0.902372
v 2.0256 -0.815482 -0.113955
vn 0.0484958 0.00616781 0.998804
v 2.14761 -0.966603 -0.12298
vn 0.0417747 -0.0193042 0.998941
v 2.13342 -0.788519 -0.125089
vn 0.0571246 0.033694 0.997798
v 2.24415 -0.754464 -0.130594
vn -0.0838096 0.0641061 0.994418
v 2.39425 -0.84954 -0.060227
vn 0.244933 -0.413565 0.87691
v 2.3889 -0.80413 -0.0451885
vn -0.17509 0.0443648 0.983552
v 2.36596 -0.813827 -0.0611821
vn -0.765163 0.0713327 0.639873
v 1.9802 -0.54302 -0.1295
vn -0.815759 -0.0235898 0.577911
v 2.0256 -0.622488 -0.115123
vn 0.136765 0.0196139 0.990409
v 2.0029 -0.554375 -0.109335
vn -0.443981 -0.246809 0.861374
v 2.071 -0.58843 -0.13076
vn 0.111607 0.0437745 0.992788
v 1.99965 -0.503675 -0.085759
vn -0.949965 -0.26506 0.165255
v 2.071 -0.56573 -0.1281
vn 0.143796 -0.383874 0.91212
v 2.09075 -0.53167 -0.10846
vn 0.217314 -0.81796 0.53265
v 2.0256 -0.53797 -0.085759
vn -0.265561 -0.953468 0.142747
v 2.1019 -0.52032 -0.085759
vn 0.190714 -0.978509 -0.0784055
v 2.0566 -0.54302 -0.040349
vn 0.171997 -0.971654 -0.162191
v 1.9739 -0.33867 -0.13117
vn -0.849622 -0.0497553 0.52504
v 1.9979 -0.49761 -0.017643
vn -0.884245 -0.0344173 0.465754
v 1.9978 -0.350025 -0.017643
vn -0.997517 0.0161291 0.0685533
v 2.0031 -0.52032 -0.017643
vn -0.825068 -0.529118 0.198232
v 2.03695 -0.540785 -0.017643
vn -0.12495 -0.899277 0.419152
v 2.0256 -0.52032 0.0035238
vn -0.168392 -0.518291 0.838462
v 2.03695 -0.489096 0.00863734
vn 0.0117932 -0.0868558 0.996151
v 2.01902 -0.350025 0.00601312
vn -0.424238 -0.0049637 0.905537
v 2.3435 -0.65655 -0.13375
vn -0.0397101 0.0233008 0.99894
v 2.37755 -0.6679 -0.12586
vn -0.362121 -0.0158842 0.931996
v 2.41676 -0.654534 -0.0971095
vn -0.782559 -0.493937 0.378984
v 2.33215 -0.52032 -0.12797
vn -0.0155936 -0.209319 0.977723
v 2.21571 -0.513345 -0.115844
vn 0.0900256 -0.728043 0.679594
v 2.21885 -0.499952 -0.085759
vn 0.131137 -0.987192 -0.0908566
v 2.3889 -0.481275 -0.0744065
vn 0.151716 -0.986264 0.0653088
v 2.2129 -0.52032 -0.017643
vn 0.150508 -0.9735 0.17218
v 2.21574 -0.48626 -0.00162341
vn -0.0501202 -0.217054 0.974872
v 2.08257 -0.358768 0.00362162
vn 0.0418191 0.191981 0.980507
v 2.34918 -0.497293 -0.0233195
vn 0.225686 -0.970276 0.0873505
v 2.38905 -0.49741 -0.10846
vn -0.443256 -0.189901 0.876049
v 2.40525 -0.554375 -0.085759
vn -0.948119 0.0025195 0.317906
v 2.35485 -0.493545 -0.111625
vn 0.105573 -0.839916 0.532348
v 2.39771 -0.47491 -0.0333063
vn 0.486035 -0.757643 0.435599
v 2.3931 -0.56573 0.0556703
vn -0.82351 -0.539852 0.174332
v 2.4116 -0.5927 0.189225
vn -0.626283 -0.401424 0.668303
v 2.4107 -0.56206 0.187823
vn -0.723417 0.395823 0.565679
v 2.07951 -0.25211 -0.326244
vn 0.0871408 -0.0258584 0.99586
v 2.0256 0.13813 -0.31796
vn 0.28436 -0.129878 0.94988
v 1.95255 0.22895 -0.251803
vn -0.956092 0.199029 -0.215119
v 1.94017 0.166513 -0.13117
vn -0.997218 0.00314953 -0.0744749
v 1.9451 0.20625 -0.17658
vn -0.990767 -0.00770959 -0.135354
v 1.9955 -0.31754 -0.0971095
vn -0.919706 0.306813 0.244961
v 1.9802 -0.259205 -0.11404
vn -0.458858 0.0373409 0.887724
v 1.9575 -0.183431 -0.126662
vn -0.742388 -0.0543581 0.667762
v 2.02312 -0.279165 -0.090909
vn -0.632885 0.373413 0.678248
v 2.01875 -0.31597 -0.00717225
vn -0.682935 0.472475 0.557106
v 2.01884 -0.225301 -0.110844
vn -0.0441908 0.112493 0.992669
v 1.9802 -0.0999831 -0.111845
vn -0.14327 -0.0312879 0.989189
v 2.30378 -0.418198 0.0117034
vn -0.0830856 0.0806931 0.99327
v 2.51375 -0.650705 -0.0346723
vn 0.181728 -0.965586 0.18606
v 2.54901 -0.62677 -0.0340242
vn 0.749083 -0.591677 0.297982
v 2.52643 -0.63495 0.034286
vn 0.561034 -0.802303 0.203842
v 2.67211 -0.611307 -0.110393
vn 0.184008 -0.312984 0.931763
v 2.74085 -0.552322 -0.106095
vn -0.167389 -0.160574 0.972726
v 2.7749 -0.49761 -0.078321
vn -0.0126333 -0.514345 0.857491
v 2.76632 -0.640408 -0.104322
vn -0.436102 -0.353534 0.827544
v 2.77552 -0.602044 -0.0748658
vn -0.94613 0.0843369 0.312612
v 2.7877 -0.56573 -0.063054
vn -0.931758 0.299716 0.204933
v 2.7828 -0.54302 -0.085759
vn -0.637668 -0.00751419 0.770274
v 2.73549 -0.49761 -0.0664335
vn 0.226534 -0.538956 0.811301
v 2.71815 -0.457877 -0.0484892
vn 0.224937 -0.0344765 0.973763
v 2.54565 -0.590388 0.153096
vn 0.578483 -0.796213 0.177205
v 2.51942 -0.605253 0.169673
vn 0.40787 -0.864986 0.292302
v 2.5024 -0.577677 0.210815
vn 0.379586 -3.32853e-05 0.925157
v 2.63293 -0.216973 -0.0403485
vn -0.0366032 -0.998851 0.0309206
v 2.60455 -0.208763 -0.102785
vn 0.0384067 -0.976248 0.213226
v 2.6727 -0.23738 -0.0544693
vn -0.266611 -0.757673 0.595693
v 2.5221 -0.168325 0.0391195
vn -0.570571 -0.777847 0.263446
v 2.53104 -0.194427 -0.0325608
vn -0.583068 -0.70975 0.39533
v 2.5596 -0.20244 0.050472
vn -0.574627 -0.773147 0.268414
v 2.58185 -0.219675 0.027767
vn -0.295042 -0.955455 -0.00752861
v 2.56482 -0.217715 -0.0573778
vn 0.0481165 -0.97813 0.202353
v 2.6159 -0.22228 0.027767
vn 0.00696999 -0.928968 0.370094
v 2.67909 -0.19109 -0.0124216
vn 0.504142 -0.637626 0.582473
v 2.58185 -0.165015 0.089397
vn -0.33343 -0.70477 0.626198
v 2.47579 -0.145038 0.124265
vn -0.90063 -0.429161 0.0684628
v 2.5024 -0.16346 0.112911
vn -0.159836 -0.964343 -0.210937
v 2.55915 -0.147158 0.112913
vn -0.0528017 -0.966849 -0.249831
v 2.6386 -0.21193 0.027767
vn 0.557172 -0.773903 0.301054
v 2.62753 -0.181958 0.0901358
vn -0.0515519 -0.9696 0.239202
v 2.49204 -0.137965 0.0705479
vn -0.694763 -0.631788 -0.343726
v 2.5027 -0.11162 0.0290645
vn -0.911248 -0.118179 -0.394539
v 2.5325 -0.178989 0.17118
vn -0.00592663 -0.987181 -0.159496
v 2.6159 -0.15703 0.21537
vn 0.160214 -0.787612 0.594977
v 2.60455 -0.175655 0.152645
vn -0.156355 -0.960672 -0.229483
v 2.62158 -0.1728 0.17251
vn 0.248643 -0.955014 0.16163
v 2.66126 -0.183565 0.0387467
vn 0.65712 -0.710367 0.252135
v 2.65892 -0.162195 0.141105
vn 0.638414 -0.741668 0.205807
v 2.56482 -0.122975 0.222615
vn 0.0183838 0.334536 0.942204
v 2.60455 -0.13433 0.22214
vn 0.259554 -0.15784 0.952742
v 2.44849 -1.30649 -1.06511
vn -0.0125904 -0.0058209 0.999904
v 2.54425 -1.18021 -1.05874
vn 0.0177523 -0.131258 0.991189
v 2.25426 -1.23974 -1.05997
vn 0.0509262 -0.0246744 0.998398
v 2.2299 -1.1907 -0.85773
vn 0.313726 -0.910406 -0.269697
v 2.17315 -1.17609 -0.993441
vn 0.18646 -0.977981 0.0937375
v 2.2299 -1.1505 -0.94855
vn 0.633744 -0.772982 -0.0294451
v 2.1845 -1.194 -0.869085
vn -0.376063 -0.912963 -0.158351
v 2.30875 -1.16661 -1.04601
vn 0.144643 -0.384831 0.911583
v 2.41728 -1.14475 -1.04803
vn 0.0474876 -0.191172 0.980407
v 2.17965 -1.7237 -0.505805
vn -0.788267 0.0196089 -0.615021
v 2.25463 -1.19082 -0.812325
vn 0.474457 -0.838636 -0.267544
v 2.13435 -1.41681 -0.571081
vn -0.969403 -0.245186 0.0118847
v 2.13975 -1.4276 -0.60798
vn -0.906697 -0.214969 -0.362888
v 2.13865 -1.4079 -0.49445
vn -0.918691 -0.255662 -0.30107
v 2.13971 -1.8671 -0.4235
vn -0.959413 -0.282006 -0.000562726
v 2.13526 -1.53066 -0.458715
vn -0.897598 -0.0983809 -0.429697
v 2.13169 -1.6336 -0.403635
vn -0.999928 -0.00917785 -0.00767208
v 2.17315 -1.5865 -0.338855
vn -0.235199 -0.0847736 0.968243
v 2.15952 -1.55051 -0.324092
vn -0.954421 -0.249194 0.164267
v 2.1423 -1.5648 -0.35822
vn -0.937692 -0.0340062 0.3458
v 2.20452 -1.56613 -0.31281
vn -0.131468 -0.991004 0.0250602
v 2.1453 -1.53065 -0.233345
vn -0.989859 -0.140014 0.023996
v 2.17315 -1.57785 -0.233345
vn -0.498204 -0.865816 -0.0464266
v 2.32931 -1.5875 -0.331059
vn -0.0461699 -0.0691614 0.996537
v 2.29905 -1.54993 -0.267405
vn 0.504464 -0.809882 0.299345
v 2.24105 -1.57318 -0.239023
vn 0.230006 -0.972975 -0.0203999
v 2.1659 -1.5648 -0.19929
vn -0.801197 -0.294777 0.520759
v 2.1845 -1.5648 -0.18883
vn -0.158508 -0.391049 0.906618
v 2.24341 -1.55365 -0.212812
vn 0.433816 -0.625481 0.648519
v 2.33645 -1.542 -0.31281
vn 0.146555 -0.643462 0.751318
v 2.36465 -1.55195 -0.303037
vn -0.647491 -0.475182 0.595783
v 2.36464 -1.57529 -0.250407
vn -0.693188 -0.460743 -0.554262
v 2.36759 -1.54395 -0.233245
vn -0.922391 0.169778 0.346943
v 2.3889 -1.5627 -0.28544
vn 0.175173 -0.956117 -0.234849
v 2.3813 -1.58897 -0.219855
vn -0.0447726 -0.996075 0.0763525
v 2.42135 -1.57345 -0.22199
vn 0.533424 -0.715366 0.451342
v 2.39167 -1.54489 -0.199683
vn -0.753453 0.0316687 0.656739
v 2.41415 -1.5655 -0.198838
vn 0.314483 -0.359854 0.878411
v 2.43555 -1.53065 -0.198295
vn 0.413518 -0.295976 0.861046
v 2.1048 -1.38594 -0.400113
vn -0.749998 -0.396871 -0.529146
v 2.02465 -1.38663 -0.324973
vn -0.898069 -0.397913 0.187449
v 2.0256 -1.3831 -0.35219
vn -0.651523 -0.528234 -0.544506
v 2.08927 -1.41083 -0.34687
vn -0.143587 -0.986251 0.0818002
v 2.0256 -1.3377 -0.33274
vn -0.962767 -0.0328777 0.268327
v 2.02554 -1.24606 -0.35334
vn -0.854425 -0.0333926 -0.518501
v 2.0483 -1.4058 -0.30214
vn -0.410274 -0.90853 0.0790445
v 2.07325 -1.38485 -0.2674
vn 0.55281 -0.830283 -0.0709317
v 2.04751 -1.38835 -0.247535
vn -0.669725 -0.737749 -0.0848167
v 2.12179 -1.43602 -0.44921
vn -0.978996 -0.0903156 -0.182781
v 2.1258 -1.4512 -0.39228
vn -0.98076 -0.194501 0.016718
v 2.1208 -1.3192 -0.454717
vn -0.929547 -0.0515971 -0.365076
v 2.12605 -1.44761 -0.347448
vn -0.794924 -0.434339 0.423611
v 2.10505 -1.315 -0.344645
vn -0.0511961 0.24227 0.968857
v 2.2072 -1.34125 -0.336375
vn -0.118225 0.0737203 0.990247
v 2.1533 -1.42645 -0.30146
vn -0.925558 0.303784 0.22596
v 2.14535 -1.41715 -0.22199
vn -0.990009 0.134906 0.0410134
v 2.10717 -1.39225 -0.318703
vn 0.552749 -0.188966 0.81164
v 2.15414 -1.40601 -0.31863
vn -0.222413 0.468262 0.855139
v 2.1582 -1.4063 -0.187935
vn -0.764051 -0.0532402 0.642955
v 2.12657 -1.3896 -0.19929
vn -0.162789 -0.513483 -0.842517
v 2.25512 -1.40665 -0.18942
vn 0.335575 -0.927246 0.166145
v 2.22292 -1.41462 -0.14252
vn 0.133883 -0.93997 0.313897
v 2.37222 -1.41725 -0.281595
vn -0.887316 -0.444305 0.123547
v 2.3662 -1.4788 -0.31281
vn -0.91865 0.12467 0.374885
v 2.39108 -1.43357 -0.187935
vn -0.902525 -0.32605 0.281319
v 2.32647 -1.38837 -0.17658
vn 0.0104364 -0.999943 0.00216509
v 2.33215 -1.39145 -0.2674
vn -0.158203 -0.986877 -0.0323219
v 2.3615 -1.40023 -0.172321
vn -0.421696 -0.890982 0.168297
v 2.02267 -1.4162 -0.14252
vn -0.69504 -0.714935 0.0760681
v 2.0483 -1.4273 -0.14252
vn 0.0471848 -0.998884 -0.00225215
v 2.03695 -1.40012 -0.116203
vn -0.246729 -0.0535749 0.967602
v 2.00916 -1.31642 -0.132688
vn -0.736276 -0.0359693 0.675725
v 2.12775 -1.4185 -0.14252
vn 0.0537403 -0.970855 0.233564
v 2.0937 -1.4183 -0.15387
vn 0.0217527 -0.952431 -0.303978
v 2.1672 -1.3831 -0.10846
vn -0.473154 -0.0572321 0.879119
v 2.00402 -1.3456 -0.163015
vn -0.991322 -0.0883095 -0.0973783
v 2.13768 -1.23129 -0.119469
vn -0.0187225 0.0459682 0.998767
v 2.17882 -1.40429 -0.113342
vn -0.117858 -0.874161 0.471117
v 2.1629 -1.3377 -0.10846
vn -0.352049 0.144213 0.924805
v 2.1795 -1.4075 -0.0611283
vn -0.560235 -0.816599 0.138937
v 2.2413 -1.3895 -0.099608
vn 0.418764 -0.797957 0.433476
v 2.3662 -1.3925 -0.13117
vn 0.0784849 -0.696052 0.713689
v 2.20823 -1.40632 -0.061148
vn 0.508961 -0.761971 0.400449
v 2.26512 -1.30503 -0.040349
vn 0.280006 -0.247944 0.927427
v 2.35485 -1.3604 -0.118885
vn 0.283208 -0.0995769 0.953875
v 2.3208 -1.34825 -0.106745
vn 0.404925 -0.0505866 0.91295
v 2.42295 -1.379 -0.11673
vn -0.156555 -0.616948 0.771275
v 2.51375 -1.4058 -0.137803
vn 0.0171383 -0.733704 0.679253
v 2.4343 -1.3377 -0.069312
vn -0.317565 -0.318757 0.893055
v 2.4343 -1.3604 -0.081414
vn -0.119978 -0.717209 0.686453
v 2.21045 -1.27955 -0.10846
vn -0.760154 0.308838 0.57165
v 2.20721 -1.12342 -0.121151
vn -0.137743 0.0490576 0.989252
v 2.40205 -1.2696 -0.078838
vn -0.548452 -0.0393411 0.835256
v 2.4343 -1.2469 -0.066412
vn -0.375571 0.24739 0.893165
v 2.51096 -1.27931 -0.0562904
vn -0.130902 -0.0308461 0.990915
v 2.5002 -1.23458 -0.063054
vn -0.23344 0.346803 0.908423
v 2.23776 -1.28095 0.087368
vn -0.985443 -0.0497309 -0.162572
v 2.26401 -1.30143 0.0535327
vn -0.404808 -0.673151 -0.618868
v 2.2501 -1.3167 0.107236
vn -0.689855 -0.723237 -0.0320637
v 2.2351 -1.2923 0.23211
vn -0.875784 -0.481445 0.0348251
v 2.25085 -1.2437 0.073177
vn -0.803069 0.572015 -0.166973
v 2.27827 -1.21319 0.176771
vn -0.666859 0.743961 0.0426842
v 2.31508 -1.1615 0.106625
vn -0.780957 0.617779 0.0919478
v 2.23983 -1.26393 0.22261
vn -0.893597 0.348357 0.283077
v 2.2527 -1.3142 0.23211
vn -0.635989 -0.764471 0.105366
v 2.31113 -1.31247 0.0901164
vn 0.490111 -0.845535 -0.211804
v 2.30945 -1.29497 0.0541587
vn 0.533029 -0.699856 -0.475481
v 2.30925 -1.31091 0.186369
vn 0.369131 -0.926613 0.0716248
v 2.3278 -1.2923 0.073177
vn 0.636957 -0.72694 -0.256601
v 2.2754 -1.3242 0.095882
vn 0.158358 -0.98351 -0.0873582
v 2.3334 -1.28365 0.22076
vn 0.675807 -0.660531 0.327082
v 2.3438 -1.2923 0.164
vn 0.691489 -0.708346 0.141734
v 2.45669 -1.18705 0.194068
vn -0.145967 -0.868074 0.474491
v 2.47025 -1.2289 0.12994
vn -0.476068 -0.843719 -0.247987
v 2.58185 -1.34338 -1.0609
vn 0.00586733 -0.0199621 0.999784
v 2.63702 -1.2171 -1.0628
vn 0.0187286 -0.039519 0.999043
v 2.74936 -1.38826 -1.06249
vn -0.000976332 -0.0195414 0.999809
v 2.74249 -1.23839 -1.05818
vn -0.10727 -0.00689895 0.994206
v 2.60172 -1.09643 -1.04776
vn 0.0205708 -0.0868623 0.996008
v 2.80966 -1.35294 -1.06451
vn 0.0491328 -0.0458088 0.997741
v 2.81604 -1.19423 -1.0518
vn -0.0858348 -0.150494 0.984878
v 2.7295 -1.0879 -1.0483
vn -0.0590508 -0.0962462 0.993604
v 2.9684 -1.7237 -0.51716
vn -0.962892 -0.118588 -0.242437
v 2.9565 -1.6783 -0.50478
vn -0.918892 0.000497852 -0.394508
v 2.5521 -1.71336 -0.319492
vn 0.083865 -0.583267 0.807939
v 2.53769 -1.60494 -0.317394
vn 0.0771739 0.48418 0.871558
v 2.59783 -1.6783 -0.310634
vn 0.264074 -0.188023 0.945998
v 2.97372 -1.60502 -0.398309
vn -0.779174 0.516905 0.354539
v 2.83165 -1.4963 -0.34885
vn 0.422279 -0.184102 0.887573
v 2.78675 -1.46539 -0.339375
vn 0.0332689 0.0857379 0.995762
v 2.843 -1.4459 -0.33552
vn -0.0589281 -0.488083 0.870806
v 2.77892 -1.39972 -0.334434
vn -0.301868 -0.240967 0.922394
v 2.818 -1.4058 -0.30718
vn -0.684122 -0.483459 0.546117
v 2.8007 -1.3377 -0.315825
vn -0.684545 0.032134 0.728262
v 2.80895 -1.40428 -0.236503
vn -0.205219 -0.976546 -0.0651433
v 2.7295 -1.4058 -0.16553
vn 0.0722907 -0.816809 -0.57236
v 2.76267 -1.4055 -0.15387
vn -0.0466498 -0.992996 -0.108549
v 2.8203 -1.4135 -0.15387
vn -0.0160338 -0.999537 -0.0258571
v 2.843 -1.4058 -0.28071
vn 0.236715 -0.936342 0.259287
v 2.8346 -1.4058 -0.13117
vn 0.199756 -0.867283 0.455981
v 2.53204 -1.36817 -0.10846
vn 0.0907876 -0.771282 0.629985
v 2.5705 -1.40905 -0.163295
vn 0.032865 -0.969346 -0.243491
v 2.7295 -1.4024 -0.13117
vn 0.0186139 -0.575634 0.817496
v 2.56199 -1.33651 -0.0669315
vn -0.00218619 -0.598635 0.801019
v 2.65851 -1.3425 -0.103952
vn 0.0630623 -0.451583 0.889998
v 2.63275 -1.31883 -0.0532529
vn -0.0233148 -0.89731 0.440785
v 2.7295 -1.3377 -0.10318
vn 0.25571 -0.494391 0.830777
v 2.8203 -1.3831 -0.11495
vn -0.0805086 -0.0737111 0.994025
v 2.8203 -1.315 -0.11916
vn 0.117271 -0.0830953 0.989617
v 2.6159 -1.3014 -0.040349
vn -0.520202 -0.39807 0.755599
v 2.58925 -1.22446 -0.0353897
vn -0.756445 -0.0655329 0.650766
v 2.63738 -1.296 0.0164143
vn -0.907121 -0.376388 0.188315
v 2.68691 -1.31908 -0.0770855
vn 0.250424 -0.882743 0.397558
v 2.78625 -1.2957 -0.104045
vn 0.438218 -0.437253 0.78535
v 2.71305 -1.31775 0.0561482
vn 0.239125 -0.969985 -0.0441319
v 2.67102 -1.31944 0.0816914
vn -0.233621 -0.972328 -0.000406393
v 2.6353 -1.29785 0.095882
vn -0.898193 -0.417864 -0.136523
v 2.60574 -1.27714 0.124724
vn -0.509259 -0.753406 -0.415976
v 2.62666 -1.30187 0.151873
vn -0.519761 -0.851992 -0.062922
v 2.48375 -1.23555 0.172185
vn -0.774095 -0.577792 0.258715
v 2.51562 -1.26711 0.161159
vn -0.445533 -0.887569 -0.117141
v 2.5932 -1.2854 0.17535
vn -0.162546 -0.985399 -0.0506754
v 2.49622 -1.25827 0.277617
vn -0.825973 -0.563332 0.0206545
v 2.56057 -1.23735 0.117242
vn -0.0324738 -0.10019 -0.994438
v 2.71315 -1.31573 0.135618
vn 0.444848 -0.894973 0.0336764
v 2.64868 -1.31389 0.262622
vn -0.282214 -0.959334 -0.00574306
v 2.7068 -1.3149 0.25482
vn 0.201891 -0.979391 0.00580408
v 2.23905 -1.14684 -0.988581
vn 0.427229 -0.875223 0.226849
v 2.2787 -1.11505 -0.97126
vn 0.760146 -0.525797 0.381727
v 2.31023 -1.07655 -1.0164
vn 0.361379 0.564979 0.741757
v 2.32263 -1.11635 -1.01553
vn 0.423087 -0.110258 0.899356
v 2.41728 -1.08204 -1.04298
vn 0.172627 0.169638 0.970269
v 2.29095 -1.0917 -0.982615
vn 0.75974 0.166362 0.628585
v 2.22354 -0.838896 -1.05705
vn 0.208982 -0.101889 0.972597
v 2.0934 -0.86182 -0.71945
vn -0.695571 -0.713621 -0.0832209
v 2.33261 -0.953739 -0.0594918
vn -0.850257 0.230058 0.473431
v 2.0785 0.175898 -0.500128
vn -0.930885 -0.310839 -0.191918
v 2.70571 -0.92333 -0.0677073
vn -0.76854 -0.220762 0.600509
v 2.843 -0.70196 -0.12174
vn -0.102492 -0.26595 0.958523
v 2.79055 -0.641815 -0.0744065
vn -0.549316 -0.831894 0.0787647
v 2.50292 -0.623554 0.0677096
vn 0.105679 -0.698561 0.707704
v 2.5932 -1.28025 0.26617
vn -0.202569 -0.978849 -0.0286449
v 2.5251 -1.2857 0.30023
vn -0.121021 -0.989975 -0.0728294
v 2.503 -1.2469 0.32293
vn -0.889928 -0.0538146 0.452916
v 2.598 -1.27911 0.351312
vn -0.561408 -0.806626 0.184865
v 2.51755 -1.27645 0.32293
vn -0.253984 -0.935701 0.24486
v 2.56258 -1.25837 0.356505
vn -0.524416 -0.409624 0.746456
v 2.6841 -1.32175 0.413755
vn -0.0237293 -0.999427 -0.0241487
v 2.69765 -1.315 0.515925
vn 0.425655 -0.887444 0.176809
v 2.79495 -0.84044 0.464837
vn -0.613658 -0.787874 -0.0517615
v 2.8203 -0.846857 0.487542
vn -0.129113 -0.991459 -0.0184097
v 2.8203 -0.836143 0.265965
vn -0.34821 -0.937043 -0.026455
v 2.8657 -0.846273 0.436457
vn 0.187268 -0.982228 -0.012586
v 2.83165 -0.666925 0.379695
vn -0.0862446 -0.995983 -0.0240673
v 2.8203 -0.850212 0.649321
vn -0.193185 -0.979954 -0.0486751
v 2.79589 -0.839183 0.591493
vn -0.742344 -0.66997 0.00814204
v 2.80884 -0.846599 0.75639
vn -0.666502 -0.74394 0.0482519
v 2.85435 -0.862658 0.756072
vn 0.0574432 -0.994242 -0.0904631
v 2.88103 -0.836268 0.550444
vn 0.398695 -0.917073 -0.0043647
v 2.8336 -0.70196 0.77704
vn -0.841481 0.450773 -0.297848
v 2.8379 -0.67925 0.749735
vn -0.637756 -0.745907 -0.192068
v 2.1845 -1.9075 -0.56257
vn -0.317305 -0.946003 -0.0662977
v 2.2072 -1.8999 -0.732855
vn -0.0897085 -0.989333 -0.114773
v 2.2299 -1.90475 -0.65339
vn 0.0382263 -0.994999 -0.0922809
v 2.16522 -1.89581 -0.467488
vn -0.556995 -0.830505 -0.00418459
v 2.48927 -1.53919 -1.06298
vn 0.0145319 -0.011772 0.999825
v 2.46777 -1.4266 -1.06218
vn 0.0103316 0.0102587 0.999894
v 2.35769 -1.47816 -1.06007
vn 0.0530685 0.0124866 0.998513
v 2.28675 -1.39445 -1.0545
vn 0.0264548 0.0139738 0.999552
v 2.11072 -1.39871 -1.05806
vn -0.00633742 0.0181569 0.999815
v 2.13121 -1.15514 -1.03372
vn -0.70989 -0.382624 0.591317
v 2.16747 -1.19485 -1.04375
vn 0.111435 -0.602255 0.790488
v 2.21855 -1.7632 -0.620665
vn -0.680501 0.701482 -0.211759
v 2.1845 -1.9158 -0.40363
vn -0.308886 -0.951028 0.011644
v 2.21287 -1.92145 -0.38093
vn -0.152323 -0.969712 0.190936
v 2.32327 -1.92384 -0.39228
vn 0.0446804 -0.967115 0.250386
v 2.21855 -1.9066 -0.357865
vn 0.000242036 -0.693994 0.719981
v 2.56362 -1.8844 -0.353788
vn 0.0711376 -0.742034 0.666577
v 2.52085 -1.907 -0.40363
vn 0.100747 -0.993367 0.055432
v 2.58185 -1.8998 -0.38093
vn 0.098991 -0.948051 0.302323
v 2.14143 -1.71661 -0.456436
vn -0.911568 0.00134021 -0.411148
v 2.13237 -1.76768 -0.414985
vn -0.999036 0.00847327 0.0430749
v 2.19482 -1.81647 -0.33459
vn -0.0785774 -0.0257152 0.996576
v 2.17465 -1.6329 -0.498198
vn -0.761042 0.0106208 -0.648616
v 2.33582 -1.74317 -0.334254
vn -0.0405851 -0.0962487 0.99453
v 2.30945 -1.6556 -0.326045
vn -0.104992 -0.0472457 0.99335
v 2.40025 -1.69532 -0.318935
vn -0.098243 -0.18692 0.97745
v 2.4116 -1.6329 -0.31498
vn -0.0452074 0.132747 0.990118
v 2.43998 -1.5648 -0.33222
vn 0.0505473 0.0567927 0.997106
v 2.46673 -1.6305 -0.314875
vn -0.461997 0.137672 0.876131
v 2.45133 -1.5331 -0.318757
vn 0.234651 -0.553434 0.799155
v 2.44065 -1.21065 0.109335
vn 0.30417 -0.767166 -0.564745
v 2.58469 -1.712 -1.0669
vn 0.0358914 -0.0209978 0.999135
v 2.82075 -1.8257 -1.01664
vn 0.399824 -0.40446 0.822529
v 2.76246 -1.83076 -1.05608
vn -0.320016 -0.501533 0.803775
v 2.86002 -1.87125 -1.07137
vn -0.0430782 -0.182571 0.982248
v 2.843 -1.8372 -1.056
vn 0.123365 -0.560529 0.818895
v 2.8884 -1.8145 -1.0556
vn -0.0146095 -0.0939236 0.995472
v 2.9338 -1.84145 -1.0394
vn -0.669865 -0.0647432 0.739654
v 2.9456 -1.84855 -1.0167
vn -0.956604 0.235384 0.171766
v 2.96152 -1.8372 -0.914493
vn -0.982645 0.185108 0.0120009
v 2.63505 -1.44269 -1.06565
vn 0.019806 -0.0239359 0.999517
v 2.76355 -1.52784 -1.06842
vn 0.00666984 -0.0459851 0.99892
v 2.85512 -1.44978 -1.06296
vn -0.276848 -0.0108944 0.960852
v 2.8619 -1.2696 -1.0613
vn -0.143222 -0.1048 0.984126
v 2.88353 -1.41999 -1.04914
vn -0.44103 0.149511 0.884952
v 2.9483 -1.8826 -0.81232
vn -0.982765 0.183665 0.0209813
v 2.94182 -1.928 -0.749885
vn -0.971047 0.238776 -0.00734593
v 2.96516 -1.84855 -0.610815
vn -0.992629 -0.00264567 -0.121161
v 2.7068 -1.8778 -0.40363
vn 0.174463 -0.984663 -0.000764842
v 2.7295 -1.8756 -0.38093
vn 0.166886 -0.907484 0.385514
v 2.7991 -1.8384 -0.35822
vn 0.245367 -0.459 0.853882
v 2.50807 -1.57615 -0.327822
vn -0.00215004 0.180532 0.983567
v 2.5932 -1.5193 -0.33701
vn 0.0404935 -0.107104 0.993423
v 2.63576 -1.61216 -0.326345
vn 0.0543796 0.13341 0.989568
v 2.66119 -1.47106 -0.335358
vn 0.0419302 0.022093 0.998876
v 2.5024 -1.68335 -0.28631
vn -0.323724 -0.626385 0.709116
v 2.50807 -1.6415 -0.281387
vn -0.196743 0.238101 0.951105
v 2.51942 -1.51079 -0.323182
vn 0.11117 -0.186091 0.976223
v 2.71815 -1.525 -0.322502
vn -0.0177599 0.133276 0.99092
v 2.1391 -1.06675 -1.01975
vn -0.633323 0.729157 0.259293
v 2.28559 -1.14022 -1.00756
vn 0.30491 -0.814427 0.493699
v 2.27824 -0.720404 -1.05877
vn 0.0385696 0.000291367 0.999256
v 2.39209 -0.831744 -1.06537
vn 0.0395145 -0.0120403 0.999146
v 2.46693 -1.04818 -1.05403
vn -0.0182812 0.103863 0.994424
v 2.61717 -1.29247 0.481867
vn -0.823772 -0.565433 0.0410545
v 2.64995 -1.3189 0.521753
vn -0.4515 -0.891404 0.0393225
v 2.64995 -1.30129 0.557169
vn -0.208444 -0.641955 0.737865
v 2.1845 -1.8951 -0.74421
vn -0.368501 -0.919327 -0.138003
v 2.21695 -1.4739 -0.5751
vn -0.342262 -0.795935 -0.499343
v 2.17315 -1.45715 -0.584171
vn -0.356229 -0.849545 -0.389069
v 2.19017 -1.8826 -0.343963
vn -0.0654851 -0.204418 0.976691
v 2.36193 -1.84855 -0.339766
vn 0.0104278 -0.083622 0.996443
v 2.47679 -1.73508 -0.33457
vn 0.0110613 -0.326579 0.945105
v 2.53719 -1.75715 -0.337237
vn 0.00277703 -0.0811102 0.996701
v 2.47285 -1.67194 -0.317414
vn -0.352477 -0.325916 0.877234
v 2.33555 -1.51362 -0.318533
vn -0.0443072 0.408719 0.911584
v 2.05965 -1.40175 -0.1951
vn 0.252696 -0.851753 -0.458978
v 2.21725 -1.42765 -0.173092
vn 0.282398 -0.248757 0.926483
v 2.37187 -1.23555 -0.12083
vn -0.623598 0.331472 0.707992
v 2.9702 -1.4739 -1.0167
vn 0.470902 -0.135492 0.871719
v 3.0019 -1.3831 -1.0377
vn 0.365503 0.144637 0.919504
v 2.9702 -1.36074 -1.03334
vn 0.155398 0.193075 0.9688
v 2.59887 -1.84855 -0.338617
vn 0.033603 -0.206009 0.977973
v 2.72914 -1.65797 -0.334817
vn 0.130085 -0.0941722 0.987021
v 2.78341 -1.70242 -0.342073
vn 0.173066 -0.050457 0.983617
v 2.70537 -1.61587 -0.324895
vn 0.0133132 -0.0905598 0.995802
v 2.9808 -1.6556 -0.31281
vn -0.972966 0.0982515 0.209007
v 2.96605 -1.71311 -0.369575
vn -0.93039 0.0684603 0.360121
v 2.99657 -1.67429 -0.280727
vn -0.786226 0.0804272 0.612683
v 2.8014 -1.2015 -0.30146
vn -0.776786 -0.139181 0.614193
v 2.77667 -1.16688 -0.320626
vn -0.41804 -0.529172 0.73839
v 2.6841 -1.2923 0.55801
vn 0.274675 -0.570556 0.773963
v 2.85539 -0.861678 0.838521
vn -0.0381049 -0.999041 -0.0215519
v 2.08803 -1.6329 -1.06113
vn 0.00291294 -0.0348648 0.999388
v 1.844 -1.5875 -1.0518
vn 0.0109626 -0.0226618 0.999683
v 1.97452 -1.5747 -1.05668
vn 0.0160495 -0.0100209 0.999821
v 1.844 -1.39871 -1.05415
vn 0.00396708 -0.00503639 0.999979
v 2.13626 -1.4739 -1.05261
vn -0.00966464 -0.00701006 0.999929
v 2.10067 -1.81629 -1.06263
vn -0.0727796 0.0226083 0.997092
v 2.21858 -1.75315 -1.06225
vn -0.0100775 0.131118 0.991316
v 2.25622 -1.64709 -1.06017
vn 0.00726628 -0.0149459 0.999862
v 2.45604 -1.82831 -1.06335
vn 0.0393339 0.0150999 0.999112
v 2.46409 -1.64638 -1.06588
vn 0.0276362 0.0119855 0.999546
v 2.1524 -1.55588 -1.0556
vn 0.026083 -0.0471794 0.998546
v 1.844 -1.18731 -1.05988
vn -0.00699519 0.0275682 0.999595
v 2.18077 -1.86317 -0.869085
vn -0.593598 -0.797115 -0.110675
v 2.15965 -1.18257 -0.782483
vn -0.820691 -0.562667 -0.0993573
v 2.1512 -1.1334 -0.90314
vn -0.990846 -0.130274 0.0353899
v 2.15635 -1.16275 -0.92585
vn -0.685515 -0.725224 0.0641904
v 2.14429 -1.13173 -0.731437
vn -0.980201 -0.197281 0.0169239
v 2.13976 -1.14475 -0.78567
vn -0.957956 -0.286628 -0.0128198
v 2.16037 -1.20355 -0.66161
vn -0.911229 -0.368781 0.183474
v 2.0937 -1.2469 -0.37868
vn -0.786728 -0.0391523 -0.616057
v 2.071 -1.2242 -0.37144
vn -0.421691 -0.110605 -0.899969
v 2.18405 -1.4285 -0.17603
vn -0.396577 -0.0158444 0.917865
v 2.6159 -1.8372 -1.0756
vn 0.0581446 0.0228716 0.998046
v 2.70396 -1.78896 -1.0738
vn -0.0503101 -0.00661637 0.998712
v 2.8203 -1.66695 -1.0749
vn -0.069668 -0.0325394 0.997039
v 2.78314 -1.8021 -1.04195
vn -0.38054 0.149788 0.912553
v 2.8203 -1.701 -1.0728
vn -0.0934999 0.183436 0.978575
v 2.8203 -1.7924 -1.03985
vn -0.0414927 0.308658 0.950268
v 2.92245 -1.7237 -1.05605
vn -0.201606 -0.0271493 0.97909
v 2.87705 -1.63858 -1.05272
vn -0.419624 -0.129458 0.898419
v 2.95585 -1.7889 -1.0394
vn -0.579597 0.112051 0.807163
v 2.9571 -1.6537 -1.0394
vn -0.290891 -0.196919 0.936272
v 2.97845 -1.66315 -1.01905
vn -0.917983 0.179171 0.353842
v 2.97008 -1.76342 -1.0167
vn -0.970371 0.208999 0.12124
v 2.96721 -1.77761 -0.870505
vn -0.980076 0.198591 0.00339399
v 2.9111 -1.6102 -1.0285
vn -0.359231 -0.096746 0.928221
v 2.96785 -1.61587 -1.03232
vn -0.110515 0.0455924 0.992828
v 2.92352 -1.44553 -1.01755
vn -0.505195 0.191135 0.841573
v 3.0019 -1.2242 -1.0604
vn 0.194576 0.0713179 0.978291
v 2.94515 -1.4512 -1.01007
vn -0.102005 -0.00972644 0.994736
v 2.91961 -1.30507 -1.04826
vn -0.146074 -0.00805491 0.989241
v 2.9338 -1.1788 -1.0462
vn 0.191281 -0.0330463 0.980979
v 2.90969 -1.71193 -0.43769
vn -0.946468 0.263046 -0.187099
v 2.95185 -1.7237 -0.4831
vn -0.800441 -0.0323474 -0.598538
v 2.92505 -1.68445 -0.460395
vn -0.8522 0.0266547 -0.522536
v 2.5024 -1.4099 -0.184705
vn 0.168155 -0.970173 -0.174611
v 2.6841 -1.3898 -0.1805
vn 0.0420988 -0.507199 -0.8608
v 2.74855 -1.37175 -0.188245
vn -0.121866 -0.562252 -0.817937
v 2.69305 -1.1554 -0.281312
vn 0.28108 -0.914224 0.291871
v 2.74085 -1.15428 -0.317083
vn 0.0517884 -0.65725 0.751891
v 1.844 -0.999945 -1.06289
vn 0.040525 0.00832649 0.999144
v 2.13076 -1.03115 -1.0461
vn -0.192116 0.238745 0.951889
v 2.1345 -1.05385 -0.767748
vn -0.963915 0.220327 -0.149415
v 2.14159 -1.08065 -0.677293
vn -0.941187 0.10968 0.319588
v 2.0959 -0.858435 -0.593789
vn -0.948734 -0.314954 0.0265957
v 2.0256 -1.08084 -0.320743
vn -0.381245 0.0226379 0.924197
v 2.05082 -0.999947 -0.326389
vn 0.240452 0.0165355 0.97052
v 2.4116 -0.98577 -0.306415
vn -0.26266 -0.0740649 0.962042
v 2.06671 -0.670374 -0.276441
vn 0.0763162 -0.752467 -0.654193
v 2.40167 -0.704794 -0.324235
vn -0.193799 -0.0567432 0.979399
v 2.3208 -0.496875 0.004323
vn 0.15468 -0.449123 0.879979
v 2.38723 -0.57298 0.124265
vn -0.787806 -0.61171 -0.0719244
v 2.42295 -0.57629 0.095882
vn -0.145023 -0.964122 -0.222345
v 2.05965 -0.304615 -0.219225
vn -0.229252 -0.0723611 -0.970674
v 2.03695 -0.435167 -0.206632
vn -0.495048 0.0264031 -0.868464
v 2.0483 0.0019031 -0.24005
vn -0.225353 -0.0343176 -0.973673
v 2.03127 -0.032155 -0.23417
vn -0.218339 -0.050752 -0.974552
v 2.0338 0.18354 -0.25249
vn 0.514225 -0.499012 -0.697538
v 1.9575 0.22895 -0.16323
vn -0.659281 0.685549 0.308821
v 3.0019 -1.1015 -1.06532
vn 0.268148 -0.0972755 0.958454
v 2.83165 -0.872345 -0.77259
vn -0.0815145 -0.993866 0.0747402
v 2.8203 -0.86557 -0.7215
vn 0.155584 -0.982396 -0.103398
v 2.8884 0.21476 -1.05634
vn 0.0564386 0.0242188 0.998112
v 2.76355 -1.13985 -0.278755
vn -0.128649 -0.980373 0.14939
v 2.74085 -1.14225 -0.2447
vn 0.156362 -0.986021 -0.0575631
v 2.67184 -0.934682 -0.260077
vn -0.939492 0.148691 0.30862
v 2.72315 -0.75872 -0.25605
vn -0.888688 0.182077 0.420811
v 2.6953 -0.79278 -0.31281
vn -0.908804 0.279075 0.310149
v 2.67925 -0.837685 -0.278755
vn -0.927305 0.354385 0.120488
v 2.56134 -0.788004 -0.321657
vn -0.0370603 -0.694647 0.718395
v 2.5478 -0.75669 -0.2674
vn -0.171237 -0.860728 0.479401
v 2.48905 -0.739748 -0.31281
vn -0.319287 -0.436466 0.841162
v 2.5251 -0.70196 -0.25324
vn -0.639332 -0.00813363 0.768888
v 2.5932 -0.74737 -0.27981
vn 0.209679 -0.878308 0.429662
v 2.6613 -0.74267 -0.31281
vn 0.111875 -0.846357 0.520734
v 2.61973 -0.798731 -0.339333
vn 0.0429373 -0.253529 0.966374
v 2.65016 -0.791671 -0.337592
vn -0.220312 -0.189142 0.956916
v 2.68752 -0.758435 -0.315358
vn -0.495219 -0.336979 0.800752
v 2.66786 -0.843117 -0.323904
vn -0.762037 0.117609 0.636763
v 2.71815 -0.72466 -0.271585
vn -0.803412 0.201777 0.560191
v 2.73872 -0.734057 -0.227668
vn -0.820243 0.461411 0.338086
v 2.7295 -0.67925 -0.28863
vn -0.525308 0.511732 0.67984
v 2.7749 -0.690605 -0.230595
vn -0.774705 0.41686 0.475458
v 2.76615 -0.64143 -0.233345
vn -0.9617 -0.263033 0.0771087
v 2.5024 -0.554375 -0.281665
vn -0.0342941 -0.281014 0.959091
v 2.7832 -0.81548 -0.017643
vn -0.970482 -0.228025 0.0785405
v 2.5251 -0.60199 0.095882
vn -0.18868 -0.895683 0.402682
v 2.48965 -0.58576 0.11859
vn -0.192905 -0.954113 -0.229032
v 2.4623 -0.11162 0.095882
vn -0.964471 0.251934 0.0795324
v 2.4905 -0.122975 0.185145
vn -0.854237 0.264588 0.447519
v 2.514 -0.13433 0.216285
vn -0.633342 0.105586 0.766635
v 2.46835 -0.593912 0.212957
vn 0.010528 -0.601268 0.798978
v 2.17947 -1.88876 -1.0426
vn -0.059871 -0.483036 0.873551
v 2.00716 -1.32351 -1.05792
vn 0.0198394 0.0187167 0.999628
v 2.42295 -1.43735 -0.173157
vn -0.123403 -0.420909 0.89867
v 3.0019 -1.53065 -1.0436
vn 0.454387 -0.0225021 0.89052
v 3.0019 -1.60412 -1.03157
vn 0.030807 0.451702 0.891637
v 2.9709 -1.8145 -0.35822
vn -0.979276 0.0314976 0.200067
v 2.98405 -1.80122 -0.284432
vn -0.891226 0.0586085 0.449758
v 3.0019 -1.7918 -0.25805
vn -0.687456 0.0336482 0.725446
v 2.15535 -1.0851 -0.911656
vn -0.811095 0.579071 0.0824777
v 2.07658 0.272998 -0.89179
vn -0.868729 0.492921 0.0483692
v 2.4343 -1.0425 -0.31917
vn 0.253188 -0.20735 0.944935
v 2.49105 -1.0198 -0.335375
vn 0.235136 -0.0794427 0.96871
v 2.42528 -0.951621 -0.312884
vn -0.026295 0.0589794 0.997913
v 2.21576 -0.61114 -0.328023
vn 0.0606705 -0.02095 0.997938
v 2.0937 -0.54302 -0.32703
vn 0.0790867 0.0805803 0.993606
v 2.80163 -0.850565 -0.0187516
vn -0.387068 -0.519052 0.762079
v 2.57521 -1.18855 0.350663
vn -0.600763 0.580958 0.549156
v 2.5251 -1.2242 0.33993
vn -0.511926 0.245886 0.823087
v 2.96475 -1.93935 -0.31281
vn -0.987732 0.0889818 0.128327
v 2.95853 -1.84855 -0.398398
vn -0.934688 -0.151374 0.321626
v 2.9744 -2.01604 -0.283559
vn -0.762804 0.0384353 0.645486
v 2.73374 -1.83152 -0.346744
vn 0.0989223 -0.175508 0.979495
v 2.5388 -1.63211 -0.293915
vn 0.387113 0.458423 0.799995
v 2.94491 -1.80727 -0.390346
vn -0.693421 -0.302933 0.653757
v 2.08595 -0.83819 -0.71015
vn -0.98694 0.103421 -0.123505
v 2.10359 -0.781425 -0.747045
vn -0.866891 0.484858 -0.115811
v 1.95502 0.209057 -0.125585
vn -0.679792 0.462154 0.569471
v 2.45132 -0.778586 -0.320847
vn 0.125342 -0.053589 0.990665
v 2.46835 -0.83819 -0.326195
vn 0.268592 0.0289345 0.96282
v 2.74017 -0.917239 -0.036104
vn -0.30237 -0.231063 0.924761
v 2.31938 -1.84004 -1.05573
vn 0.0852664 0.0989466 0.991433
v 2.2883 -2.0613 -1.06198
vn 0.0169803 -0.0163129 0.999723
v 2.38486 -1.98906 -1.06058
vn 0.0128907 -0.0229664 0.999653
v 2.18271 -1.85075 -0.993636
vn -0.972086 -0.139515 0.188636
v 2.2072 -1.8645 -1.0167
vn 0.13165 -0.952481 0.274677
v 2.2072 -1.8701 -0.94855
vn -0.13031 -0.987337 -0.0904699
v 2.15479 -1.8599 -0.77956
vn -0.918989 -0.339925 -0.199775
v 2.60455 -1.91523 -1.07097
vn 0.0640423 -0.0189567 0.997767
v 2.60455 -1.9734 -1.07605
vn 0.069114 -0.0121638 0.997535
v 2.4797 -2.1324 -1.06555
vn 0.0539142 -0.000764452 0.998545
v 2.72382 -1.9848 -1.08248
vn 0.0295559 0.0111738 0.999501
v 2.8657 -1.9507 -1.0773
vn -0.142502 -0.0269586 0.989427
v 2.77064 -1.91097 -1.07291
vn -0.0107425 -0.071542 0.99738
v 2.80327 -2.1351 -1.08247
vn -0.0262172 -0.039428 0.998878
v 2.91425 -1.9053 -1.0621
vn -0.455781 -0.0514221 0.888606
v 2.841 -1.80882 -1.0421
vn 0.365517 0.619376 0.694817
v 2.95462 -1.9053 -0.466759
vn -0.999207 0.0396791 0.00326581
v 2.53024 -0.102337 0.199142
vn -0.215802 0.804154 0.553864
v 2.5955 -1.20933 0.413266
vn -0.954274 0.273915 0.119712
v 2.5949 -1.2469 0.52728
vn -0.938316 -0.344767 0.0264323
v 2.1845 -1.6102 -0.509
vn -0.75221 -0.00342363 -0.658915
v 2.1618 -1.542 -0.49168
vn -0.708348 -0.0687464 -0.702508
v 2.18175 -1.4739 -0.52851
vn -0.82187 -0.483857 -0.300686
v 2.6727 -1.226 -0.339423
vn 0.280398 -0.0554608 0.95828
v 2.45984 -1.21626 -0.0902727
vn -0.184953 0.743366 0.642805
v 2.61575 -1.1103 -0.108418
vn -0.300343 0.1762 0.937415
v 2.01751 -1.04535 -0.33552
vn -0.917069 0.0112617 0.39857
v 2.39941 -0.984338 -0.0693499
vn 0.678477 -0.506797 0.531814
v 2.39507 -0.951022 -0.0378617
vn 0.379282 -0.279437 0.882077
v 2.3566 -1.10443 0.073177
vn -0.724845 0.682488 -0.0938598
v 2.8884 -0.834536 0.246301
vn 0.17909 -0.983395 -0.0293605
v 2.88063 -0.833588 0.137744
vn 0.49226 -0.8704 0.0091397
v 2.67624 -0.745948 -0.124168
vn 0.0129598 0.01903 0.999735
v 2.7642 -0.782025 -0.111283
vn -0.295334 0.285838 0.911633
v 2.54795 -0.602478 0.0618245
vn 0.702905 -0.690011 0.172653
v 2.27397 -1.22295 0.23704
vn -0.63026 0.649092 0.425972
v 2.5893 -1.2469 0.408535
vn -0.915338 -0.0501561 0.399551
v 2.8657 -0.86268 1.163
vn 0.188861 -0.979758 -0.0663803
v 2.8394 -0.88186 1.2084
vn 0.295412 -0.897991 -0.326105
v 2.0872 -1.2696 -0.35822
vn 0.251127 -0.163889 0.953979
v 2.41121 -1.19496 -0.134355
vn -0.320629 0.583561 0.746092
v 2.93077 -1.69533 -0.413417
vn -0.652617 0.202267 0.730191
v 2.4116 -1.1561 -0.14966
vn -0.293881 0.133145 0.946523
v 2.42565 0.125987 -0.0744065
vn 0.593424 -0.331098 0.733636
v 2.61803 -0.869407 -0.128941
vn -0.191346 0.0721963 0.978864
v 2.51375 -0.89495 -0.14196
vn -0.0412838 -0.104889 0.993627
v 2.59036 -0.82116 -0.119782
vn 0.140758 -0.280367 0.949517
v 2.70379 -0.85592 -0.10846
vn -0.689773 0.603069 0.40065
v 2.5554 -0.319194 -0.133674
vn -0.580375 0.478081 0.659245
v 2.55915 -0.378405 -0.115
vn 0.00110469 -0.141397 0.989952
v 2.68367 -0.863565 1.20775
vn -0.620802 -0.442066 -0.647443
v 2.74652 -0.891247 1.20645
vn -0.0951402 -0.777705 -0.621388
v 2.68203 -0.760467 1.20425
vn -0.844733 -0.0509093 -0.53276
v 2.66855 -0.77007 1.2879
vn -0.987145 -0.126072 -0.0982416
v 2.65768 -0.645195 1.23943
vn -0.990943 0.0464133 -0.126009
v 2.74085 -0.891865 1.4128
vn 0.0672931 -0.813685 0.577398
v 2.3723 -1.3377 -0.13117
vn -0.267891 0.236559 0.933956
v 2.36623 -1.30365 -0.14328
vn -0.838509 -0.237611 0.49035
v 2.31512 -1.19898 0.0440585
vn -0.377121 0.319034 -0.869481
v 2.95555 -2.00185 -0.99398
vn -0.991798 -0.0706949 0.106481
v 2.9457 -1.9848 -1.0394
vn -0.784948 -0.0555505 0.617067
v 2.93802 -1.9053 -1.04045
vn -0.889978 -0.0586258 0.452219
v 2.9466 -1.93935 -0.999652
vn -0.987457 -0.143883 0.0650071
v 2.9459 -1.93935 -0.903145
vn -0.99506 -0.0990785 0.00617187
v 2.96023 -1.85416 -0.496069
vn -0.988633 -0.12863 -0.0778368
v 2.86015 -1.80315 -0.38093
vn 0.480012 -0.151334 0.86411
v 2.89975 -1.81625 -0.402702
vn -0.121557 -0.239659 0.963217
v 2.8524 -1.75775 -0.37327
vn 0.53039 0.00821734 0.847714
v 2.93417 -1.6465 -0.424989
vn -0.846033 0.357544 0.395461
v 2.7763 -1.37135 -0.208565
vn -0.869653 -0.125918 -0.477334
v 2.58002 -1.18415 -0.0673384
vn -0.51435 0.605902 0.606899
v 2.0483 -0.79278 -0.31857
vn 0.359331 0.0717476 0.930448
v 1.99145 -0.79278 -0.19929
vn -0.821073 -0.0282949 -0.570122
v 2.01985 -0.94036 -0.22199
vn -0.717904 -0.0446974 -0.694706
v 2.13578 -0.659386 -0.481487
vn -0.922759 -0.0223904 -0.384727
v 2.1549 -0.596365 -0.527643
vn -0.870051 -0.0030577 -0.492953
v 2.457 -0.83468 -0.089375
vn 0.310749 -0.440126 0.842451
v 2.3889 -0.92901 -0.029347
vn 0.00932496 0.164478 0.986337
v 2.3632 -0.904209 -0.038437
vn -0.456851 0.158797 0.875254
v 2.35792 -0.4522 0.00352705
vn 0.43699 -0.0454182 0.898319
v 2.457 -1.0425 -0.14307
vn -0.216233 0.0501028 0.975055
v 2.5024 -0.95171 -0.13819
vn -0.138662 0.0842033 0.986754
v 2.68977 -0.826835 -0.122195
vn -0.238148 0.126828 0.962912
v 2.58469 -0.75872 -0.109596
vn 0.0428105 0.363697 0.930533
v 2.58805 -0.638987 -0.0976507
vn 0.401444 -0.602294 0.689989
v 2.5741 -0.61114 -0.063054
vn 0.606219 -0.443896 0.65989
v 2.6841 -0.65655 -0.12328
vn -0.0979242 -0.136186 0.985832
v 2.58185 -0.276235 -0.14097
vn -0.542888 0.381971 0.747911
v 2.60396 -0.236318 -0.131653
vn -0.33882 -0.202825 0.918729
v 2.5705 -0.2365 -0.138035
vn -0.136833 -0.102187 0.985309
v 2.78019 -0.599785 0.497476
vn -0.962648 0.26974 0.0234224
v 2.79193 -0.90657 1.26393
vn 0.209488 -0.977714 0.0137792
v 2.8203 -0.895335 1.2538
vn 0.450144 -0.892882 0.0114922
v 2.7976 -0.89093 1.3447
vn 0.383613 -0.895707 0.224835
v 2.7522 -0.89837 1.3901
vn 0.0945469 -0.987393 0.126945
v 2.07103 -2.01492 -1.06176
vn -0.0198395 0.00924673 0.99976
v 2.0483 -2.1324 -1.05897
vn -0.00135799 0.021467 0.999769
v 1.97169 -1.88473 -1.06506
vn 0.033398 -0.0157331 0.999318
v 2.26684 -2.1324 -1.05865
vn 0.000637544 0.0119514 0.999928
v 2.20013 -1.928 -1.05463
vn 0.0136464 -0.118856 0.992818
v 2.1454 -1.84906 -1.04632
vn -0.438092 0.0419114 0.897953
v 2.2336 -1.8629 -1.0394
vn 0.22958 -0.26895 0.935392
v 1.9575 -1.7691 -1.0572
vn 0.0404283 -0.0333527 0.998626
v 2.12562 -1.21923 -1.05392
vn -0.0894771 -0.0735086 0.993273
v 2.17246 -1.83526 -0.86341
vn -0.89907 0.418908 -0.127237
v 2.1453 -1.83905 -0.704472
vn -0.805795 0.588138 -0.0691969
v 2.0483 -1.21285 -0.369285
vn -0.467074 -0.0432517 -0.88316
v 2.02062 -1.37743 -0.186232
vn -0.743564 -0.409229 -0.528814
v 2.1338 -1.25825 -0.4831
vn -0.809845 -0.0730915 -0.582073
v 2.62158 -2.087 -1.07222
vn 0.0387212 0.0242899 0.998955
v 3.0019 -1.5994 -0.31281
vn -0.780544 0.475167 0.406163
v 2.50761 -1.23466 0.116944
vn -0.0678855 -0.252929 -0.9651
v 2.48542 -1.19583 0.197791
vn -0.867123 -0.00373951 0.498079
v 2.19108 -0.8388 -0.989714
vn 0.230548 -0.89363 -0.385063
v 2.19585 -0.828985 -1.00534
vn 0.563249 -0.824247 -0.0580326
v 2.2097 -0.87748 -0.90882
vn 0.406784 -0.820638 -0.401347
v 2.17257 -0.860372 -0.95459
vn 0.043651 -0.85396 -0.518504
v 2.0483 -1.0198 -0.3732
vn -0.469055 0.0396527 -0.882278
v 2.10246 -1.13051 -0.44904
vn -0.993363 -0.0482582 -0.104408
v 2.35485 -0.83819 -0.339445
vn -0.179908 -0.00382657 0.983676
v 2.54354 -1.02549 -1.05054
vn -0.0417633 0.0802784 0.995897
v 2.843 -0.84691 -0.88044
vn 0.386228 -0.920246 -0.0630543
v 2.8203 -0.85072 -0.85773
vn 0.202709 -0.96841 -0.145228
v 2.75433 -0.362796 -1.05614
vn 0.00313359 0.00703303 0.99997
v 2.86286 -0.423817 -1.05345
vn -0.0172111 -0.0137507 0.999757
v 3.0019 -0.259205 -1.05255
vn 0.0248649 0.0382763 0.998958
v 3.0019 -0.395437 -1.05838
vn 0.12261 -0.00225125 0.992452
v 2.92671 -0.146392 -1.05833
vn 0.0376529 0.0115869 0.999224
v 2.57617 -1.0879 -0.346782
vn -0.0159333 0.139602 0.99008
v 2.50307 -1.1972 0.287353
vn -0.907069 0.358581 0.220558
v 2.8884 -0.669463 0.453487
vn 0.413406 -0.910474 -0.0114726
v 2.79875 -0.77133 0.73163
vn -0.760828 0.626297 -0.16998
v 2.7976 -0.57876 0.68622
vn -0.741329 0.67073 0.0234888
v 2.8884 -0.67308 0.57269
vn -0.125491 -0.991767 -0.0254821
v 2.89205 -0.68187 0.64937
vn -0.112912 -0.983716 -0.139837
v 2.86345 -0.70196 0.728705
vn -0.701487 -0.486589 -0.520718
v 1.9121 -2.0416 -1.06315
vn 0.00118123 0.0287827 0.999585
v 1.844 -2.1324 -1.0609
vn 0.0261028 -0.00814967 0.999626
v 1.844 -1.8599 -1.05725
vn 0.0445934 0.00602086 0.998987
v 2.13827 -1.83759 -0.548377
vn -0.924125 0.381568 -0.0199868
v 2.0483 -1.32635 -0.31891
vn -0.504646 0.252703 0.825514
v 2.3662 -1.1788 0.038442
vn 0.10982 -0.0620772 -0.992011
v 2.36615 -1.12196 0.0449825
vn -0.457787 0.387165 -0.800334
v 2.58185 -2.1324 -1.07335
vn 0.0625461 -0.0293753 0.99761
v 2.49105 -1.2015 0.114115
vn 0.183638 -0.139054 -0.973109
v 2.02466 -0.994857 -1.05996
vn -0.0353209 0.0215527 0.999144
v 2.21855 -0.951712 -1.05393
vn 0.0148157 0.0594322 0.998122
v 2.12208 -0.909142 -1.05624
vn -0.00720933 -0.0771297 0.996995
v 2.49779 -0.736014 -1.06738
vn 0.023481 -0.0266372 0.999369
v 2.1984 -0.90903 -0.6049
vn -0.431522 -0.858254 -0.277828
v 2.16052 -0.88406 -0.61708
vn -0.340055 -0.936233 -0.0884876
v 2.1188 -0.94036 -0.489905
vn -0.783302 -0.12972 -0.607955
v 2.17027 -0.654436 -0.570395
vn -0.882828 0.254026 -0.395077
v 2.07775 -0.783775 -0.35822
vn -0.983886 0.178237 -0.0141109
v 2.09375 -0.79363 -0.403442
vn -0.984927 0.108833 -0.13444
v 2.0256 -1.05385 -0.218025
vn -0.683163 -0.0523373 -0.728388
v 2.01875 -1.16745 -0.204395
vn -0.611411 -0.0331613 -0.790618
v 2.12205 -1.0879 -0.48548
vn -0.747537 -0.00400333 -0.664208
v 2.22992 -0.906305 -0.32937
vn 0.0601999 0.127996 0.989946
v 2.4116 -0.59411 -0.300282
vn -0.0569991 -0.202735 0.977573
v 2.843 -0.83739 -1.0203
vn 0.497266 -0.784423 0.370685
v 2.8884 -0.81394 -1.0394
vn 0.42137 -0.468166 0.776704
v 2.55356 -0.561471 -1.06037
vn -0.00387584 -0.0227189 0.999734
v 2.50524 -0.4522 -1.0573
vn -0.0199009 -0.00700236 0.999777
v 2.68689 -0.413883 -1.05687
vn -0.0290263 -0.0116868 0.99951
v 2.81179 -0.247853 -1.05742
vn -0.00228662 0.000314945 0.999997
v 2.63435 -0.276235 -1.05341
vn -0.00840327 -0.0270415 0.999599
v 2.80328 -0.148516 -1.05469
vn 0.0117871 -0.00481322 0.999919
v 2.7818 0.221605 -0.85773
vn 0.516333 -0.765305 -0.384329
v 2.53645 -1.0425 -0.34296
vn 0.19341 0.00387369 0.98111
v 2.68212 -0.872245 -0.258623
vn -0.879346 -0.0210421 0.475719
v 2.6528 -0.733671 -0.265496
vn 0.206292 -0.710447 0.672837
v 2.6613 -0.70196 -0.25358
vn 0.237327 -0.25776 0.936609
v 2.65795 -1.09615 -0.0517015
vn -0.773303 0.62904 0.0794473
v 2.86305 -0.87419 -0.028996
vn 0.285087 -0.750764 0.595885
v 2.8735 -0.844175 0.073177
vn 0.459047 -0.887239 0.0456457
v 2.7912 -0.56573 0.073177
vn -0.900109 0.435641 0.0045667
v 2.7804 -0.58843 0.20941
vn -0.939448 0.342677 0.00307142
v 2.90625 -0.65124 0.164
vn 0.50463 -0.862343 -0.0413919
v 2.8884 -0.66503 0.14129
vn 0.160192 -0.986618 0.0303939
v 2.7929 -0.56573 0.23211
vn -0.857315 0.51437 0.0208438
v 2.843 -0.659883 0.23779
vn -0.108501 -0.993984 0.0149568
v 2.89705 -0.662415 0.34564
vn 0.319601 -0.946992 -0.0325647
v 2.22827 -1.88552 -0.78804
vn -0.00709654 -0.981632 -0.190653
v 2.23846 -1.87646 -0.853477
vn 0.0553441 -0.99609 -0.0688616
v 2.90963 -2.1324 -1.06573
vn -0.410773 0.0187792 0.911544
v 2.9406 -2.1324 -1.0394
vn -0.814462 0.0431979 0.578606
v 2.9479 -2.1324 -1.0167
vn -0.991843 0.112159 0.0605565
v 2.9616 -2.0189 -0.81232
vn -0.99986 -0.0046539 -0.0160657
v 2.95577 -2.07139 -0.730016
vn -0.995746 0.0892806 -0.0227677
v 2.9467 -2.1324 -0.76691
vn -0.995087 0.0989713 0.00269734
v 2.9536 -2.1324 -0.65339
vn -0.999213 -0.0271683 -0.0288994
v 2.95249 -1.96458 -0.678519
vn -0.990707 -0.131432 0.0350063
v 2.95617 -2.00188 -0.602301
vn -0.999419 0.031393 -0.013265
v 2.9486 -2.1324 -0.57392
vn -0.998695 0.0198168 0.0470601
v 2.95025 -2.0643 -0.43769
vn -0.999156 -0.0410717 -0.00101763
v 2.95418 -1.89295 -0.593789
vn -0.979557 0.187731 0.0722926
v 2.95627 -1.99334 -0.441427
vn -0.9995 -0.00109047 0.0315931
v 2.9531 -2.1324 -0.38093
vn -0.999136 0.0229411 0.0346462
v 2.964 -2.1324 -0.29011
vn -0.95311 0.0267633 0.301438
v 3.00237 -2.02815 -0.267617
vn -0.282529 -0.0248818 0.958936
v 3.00024 -2.11591 -0.241837
vn -0.857057 0.228609 0.461726
v 3.00177 -2.12893 -0.170361
vn -0.931069 0.352325 0.0947493
v 2.1391 0.2176 -0.91176
vn 0.248664 -0.895854 -0.368255
v 2.1729 0.190164 -0.843139
vn 0.402375 -0.783552 -0.473434
v 2.19205 0.178745 -0.783942
vn 0.596098 -0.799177 0.077353
v 2.21288 0.20386 -0.778265
vn 0.785807 -0.61782 0.0283866
v 2.21125 0.20419 -0.73003
vn 0.580416 -0.813974 0.023766
v 1.94115 -0.122975 -0.15387
vn -0.985487 -0.0958826 0.140081
v 1.95975 -0.209775 -0.17658
vn -0.753281 -0.109576 -0.648506
v 1.9674 -0.32732 -0.15387
vn -0.991278 -0.112433 0.0687556
v 1.9802 -0.202445 -0.19613
vn -0.543557 -0.107502 -0.83246
v 2.13105 -0.13433 -0.49893
vn -0.603724 -0.0490392 -0.795684
v 2.08602 0.0217699 -0.461249
vn -0.870207 -0.110983 -0.480023
v 2.1079 0.0586655 -0.5
vn -0.69424 -0.0960823 -0.713302
v 2.10712 -1.07655 -1.04522
vn -0.439985 0.0605944 0.895958
v 2.2072 -1.2099 -0.78962
vn -0.118113 -0.96929 -0.215699
v 2.1834 -1.2247 -0.70604
vn -0.501609 -0.850426 -0.158632
v 2.21855 -1.23188 -0.693123
vn -0.14542 -0.98809 -0.0503068
v 2.15001 -1.35338 -0.5427
vn -0.840251 0.51015 -0.183645
v 2.14101 -1.3556 -0.49445
vn -0.947852 0.0913015 -0.305353
v 2.1845 -1.2196 -0.65339
vn -0.304356 -0.9238 0.232295
v 2.1845 -1.2015 -0.62326
vn -0.521978 -0.256141 0.813591
v 2.1618 -1.0879 -0.63338
vn -0.683761 0.179622 0.707253
v 2.23846 -1.22338 -0.642472
vn -0.291852 -0.820837 0.490968
v 2.2754 -1.235 -0.65339
vn -0.20397 -0.978959 -0.00598589
v 2.24284 -1.19396 -0.607565
vn -0.920766 -0.370788 0.12127
v 2.21875 -1.17404 -0.574155
vn -0.777942 -0.112403 -0.618201
v 2.2186 -1.1106 -0.58527
vn -0.99604 -0.0318377 -0.0830045
v 2.0386 -1.33896 -0.218963
vn -0.701937 0.256786 -0.664338
v 2.01925 -1.22184 -0.202606
vn -0.658886 -0.0401422 -0.751171
v 2.12485 -1.1788 -0.486505
vn -0.76255 -0.0521467 -0.644824
v 2.3208 -1.1106 -0.030052
vn -0.243123 0.0513299 0.968636
v 1.9348 -0.8836 -1.0677
vn -0.0163901 0.0245721 0.999564
v 1.844 -0.665064 -1.06385
vn 0.0228092 0.000250768 0.99974
v 2.06548 -0.849153 -1.05766
vn -0.225443 -0.0643035 0.972132
v 1.96317 -0.688478 -1.0658
vn -0.000230251 -0.017922 0.999839
v 2.07099 -0.730133 -1.06193
vn -0.210287 0.109749 0.97146
v 2.10575 -0.81548 -1.02805
vn -0.846704 -0.078174 0.52629
v 2.28959 -0.968743 -1.06125
vn 0.0382786 0.0489798 0.998066
v 2.44281 -0.926167 -1.06494
vn -0.0147542 0.090934 0.995748
v 2.1281 -1.0879 -1.0167
vn -0.982693 0.1166 0.143939
v 2.13 -1.122 -0.959905
vn -0.9691 -0.125508 0.21235
v 2.21855 -1.01692 -1.0417
vn 0.115284 0.524836 0.84336
v 2.32506 -1.01697 -1.05303
vn 0.0839996 0.297249 0.951098
v 2.18489 -1.06465 -0.911883
vn -0.363209 0.931169 -0.0316903
v 2.12709 -0.844062 -1.03827
vn -0.314315 -0.812364 0.491193
v 2.12529 -0.786853 -1.0036
vn -0.844441 0.485223 0.226888
v 2.08607 -0.572822 -1.06247
vn 0.0056274 1.8819e-05 0.999984
v 1.94757 -0.538839 -1.06106
vn -0.00329285 -0.0178647 0.999835
v 2.17315 -0.67925 -1.06015
vn -0.0117903 0.11541 0.993248
v 2.21574 -0.49903 -1.06429
vn 0.000725947 -0.00618518 0.999981
v 2.35321 -0.545861 -1.06261
vn -0.0122839 0.00678531 0.999902
v 2.13078 -0.736015 -1.04365
vn -0.410215 0.433611 0.802312
v 2.15054 -0.757335 -0.907111
vn -0.697574 0.712855 -0.0723006
v 2.0917 -0.82116 -0.547797
vn -0.99639 0.0558687 0.0639114
v 2.09474 -0.799262 -0.633521
vn -0.941289 0.33711 0.0182284
v 2.1988 -1.11062 -0.61181
vn -0.456007 0.0833111 0.886068
v 2.2221 -1.07655 -0.60798
vn -0.672319 0.214614 0.708469
v 2.2547 -0.980095 -0.59803
vn -0.91826 0.260549 -0.298181
v 2.23252 -0.961507 -0.575865
vn -0.76084 -0.0414845 -0.647612
v 2.0483 -0.903464 -0.364778
vn -0.377648 -0.033976 -0.925326
v 2.0483 -1.09927 -0.319542
vn -0.0500101 -0.00345291 0.998743
v 2.05838 -0.929008 -0.33461
vn 0.429293 0.00280719 0.903161
v 2.14761 -0.882178 -0.333798
vn -0.00849645 0.0220051 0.999722
v 2.3208 -0.724665 -0.33899
vn 0.0208396 -0.0336824 0.999215
v 2.09056 -0.56986 -0.426818
vn -0.888626 -0.0577619 -0.454981
v 2.071 -0.52032 -0.38588
vn -0.726805 -0.0778052 -0.682423
v 2.0159 -0.537345 -0.344638
vn -0.793649 0.0586005 -0.605547
v 2.0697 -0.40679 -0.383305
vn -0.789016 -0.016835 -0.614142
v 2.0256 -0.770072 -0.321685
vn -0.452517 0.0196631 0.891539
v 2.02256 -0.435171 -0.337324
vn -0.972662 0.0182843 0.231505
v 1.97955 -0.50045 -0.162481
vn -0.898561 -0.0294376 -0.437859
v 2.02675 -0.48744 -0.197838
vn -0.634235 0.130865 -0.761984
v 2.11159 -0.730337 -0.421892
vn -0.944006 -0.0173334 -0.329472
v 2.11485 -0.571405 -0.461495
vn -0.820327 -0.0587158 -0.568873
v 2.0937 -0.458615 -0.335945
vn -0.00148608 0.0555088 0.998457
v 2.0256 -1.07161 -0.116102
vn -0.0626699 -0.0148822 0.997923
v 2.32719 -0.950302 -0.085759
vn -0.79696 0.217629 0.563465
v 2.2846 -1.09925 -0.063054
vn -0.876643 0.276009 0.394101
v 2.35076 -1.09248 -0.0386395
vn 0.388018 -0.132034 0.912145
v 2.35835 -1.01697 -0.0428667
vn 0.120485 -0.103018 0.987355
v 2.30506 -0.966621 -0.10846
vn -0.517204 0.131967 0.845627
v 2.33888 -0.790057 -0.109225
vn -0.514128 0.204836 0.832895
v 2.3552 -0.83819 -0.085759
vn -0.783169 0.074796 0.617294
v 2.37996 -0.724319 -0.114972
vn -0.363157 0.393581 0.844518
v 2.4441 -0.684928 -0.10167
vn -0.158359 -0.625213 0.764219
v 2.47043 -0.718985 -0.113794
vn 0.368903 0.0245347 0.929144
v 2.42759 -0.62493 -0.0099685
vn -0.770113 -0.60346 0.206787
v 2.457 -0.64221 -0.017643
vn -0.193623 -0.936977 0.290833
v 2.48538 -0.648695 0.0334433
vn -0.0689203 -0.988432 0.135102
v 2.4142 -0.50284 -0.0517015
vn -0.532611 0.75568 0.381147
v 2.45375 -0.63384 0.0538205
vn -0.534136 -0.555647 0.637146
v 2.5478 -0.8836 -1.0686
vn -0.037006 0.0484663 0.998139
v 2.63293 -0.744529 -1.06715
vn -0.170477 0.0687051 0.982963
v 2.6841 -0.616812 -1.06298
vn -0.0390313 -0.00562096 0.999222
v 2.8657 -0.65655 -1.0621
vn 0.0423033 0.17616 0.983452
v 2.94858 -0.616813 -1.06108
vn -0.0228598 -0.0477578 0.998597
v 2.7976 -0.96808 -0.0685105
vn 0.268646 -0.597915 0.7552
v 2.7976 -0.9063 -0.028587
vn 0.0222915 -0.346187 0.937901
v 2.79352 -0.786705 0.0249287
vn -0.822682 0.567872 -0.0267585
v 2.79555 -0.792292 -0.046025
vn -0.72618 0.687418 0.0108958
v 2.79053 -0.81548 0.169675
vn -0.900198 -0.435472 0.00298256
v 2.54245 -0.655737 -0.0876195
vn 0.205012 -0.939138 0.275662
v 2.48995 -0.67925 -0.112525
vn 0.30005 -0.56367 0.769576
v 2.8203 -0.771975 0.0199733
vn -0.389122 0.912695 -0.124788
v 2.8203 -0.76231 0.164
vn -0.537624 0.842464 -0.0348553
v 2.8203 -0.667055 0.163995
vn -0.0508599 -0.995834 0.0756812
v 2.8138 -0.765395 0.20941
vn -0.662601 0.748666 0.0214372
v 2.8884 -0.66987 -0.0517015
vn -0.071217 -0.996233 -0.0494683
v 2.0483 -1.17313 -0.316387
vn -0.199655 -0.0153446 0.979746
v 2.05965 -1.20718 -0.11937
vn 0.0656799 0.0106518 0.997784
v 2.25135 -1.16177 -0.10694
vn -0.544702 0.155645 0.824059
v 2.36925 -1.1788 0.183465
vn -0.480903 0.344146 0.806409
v 2.28107 -0.954551 -0.117845
vn -0.18228 0.0438205 0.98227
v 2.4116 -0.601915 0.152645
vn -0.178089 -0.947214 -0.266589
v 2.4343 -0.60918 0.1867
vn -0.0412265 -0.996481 -0.072982
v 2.8657 -0.547865 -1.0616
vn 0.00612977 -0.0446377 0.998984
v 2.72666 -0.980376 -0.0739319
vn -0.230633 -0.185984 0.955101
v 2.7522 -1.00846 -0.077106
vn 0.0826187 -0.169033 0.982141
v 2.36647 -1.15982 0.243465
vn -0.701113 -0.711995 0.0387722
v 2.44594 -1.14475 0.272975
vn 0.175579 -0.343877 0.922454
v 2.8203 -0.769387 0.436545
vn -0.469555 0.882885 0.00577212
v 2.05965 -0.71331 -0.254115
vn -0.261287 -0.305146 -0.915759
v 2.1391 -0.52032 -0.50532
vn -0.771492 -0.000923698 -0.636238
v 2.34917 -1.13809 0.141532
vn -0.826993 0.365957 0.426799
v 2.36066 -1.12475 0.175073
vn -0.979688 0.191028 0.060998
v 2.3529 -1.1106 0.23211
vn -0.912687 0.404776 0.0562127
v 2.7055 -0.213795 -0.0481505
vn 0.396 -0.418512 0.817332
v 2.0029 -0.79278 -0.2118
vn -0.754081 -0.0260399 -0.656265
v 2.3662 -1.1106 0.2629
vn -0.683313 0.138459 0.716877
v 2.40025 -1.08145 0.260225
vn -0.267895 0.610556 0.745288
v 2.3889 -1.14475 0.27054
vn -0.212577 -0.196757 0.95713
v 2.44565 -1.11178 0.271733
vn 0.134419 0.294373 0.94619
v 2.8203 -0.763097 0.674865
vn -0.483861 0.8672 -0.117655
v 2.82988 -0.548698 0.674865
vn -0.782681 0.603967 0.150447
v 2.8884 -0.4953 0.765685
vn -0.82155 0.568088 0.0482857
v 3.0019 -1.6233 -0.99397
vn -0.859659 0.510836 0.00576285
v 2.18015 -0.906175 -0.822977
vn -0.201558 -0.970597 -0.131589
v 2.19205 -0.900965 -0.66474
vn -0.438797 -0.891628 0.111612
v 2.17875 -0.672155 -0.60798
vn -0.777315 0.58376 -0.234532
v 2.66703 -0.95739 -1.0535
vn -0.0140755 0.143901 0.989492
v 2.76355 -0.951715 -1.05455
vn -0.0897749 0.083147 0.992485
v 2.92954 -0.447942 -1.04755
vn 0.0403453 0.00500452 0.999173
v 2.94515 -0.354283 -1.05212
vn 0.0474472 0.0168801 0.998731
v 2.55915 -1.00846 -0.349695
vn 0.18144 -0.00231428 0.983399
v 2.49615 -0.97442 -0.337265
vn 0.225577 -0.0293119 0.973784
v 2.58185 -1.0425 -0.35357
vn 0.0369571 0.0632557 0.997313
v 2.52165 -0.944125 -0.33902
vn 0.176141 -0.110759 0.978114
v 2.5705 -0.67925 -0.24728
vn 0.0599764 0.551684 0.831894
v 2.78115 -0.795988 -0.0888885
vn -0.583225 0.652063 0.48442
v 2.8884 -0.68793 -0.10846
vn -0.152962 -0.867881 0.472637
v 2.65775 -1.13157 0.487545
vn -0.454565 0.890689 -0.00668011
v 2.79955 -1.3757 -0.278755
vn -0.97736 0.0841092 -0.194149
v 2.8203 -1.33745 -0.2899
vn -0.783918 0.579498 0.222834
v 2.19348 -0.99712 -0.781153
vn -0.695664 0.466633 -0.546174
v 2.1954 -0.973402 -0.71015
vn -0.745606 0.472651 0.469758
v 2.24605 -0.95171 -0.66721
vn -0.706218 0.256055 0.66007
v 2.25145 -0.929597 -0.642035
vn -0.815724 -0.489438 0.308293
v 2.2624 -0.95171 -0.616513
vn -0.961942 0.243156 -0.124669
v 2.6613 -1.1788 0.58176
vn -0.110773 0.443027 0.889638
v 2.79585 -0.58843 1.01859
vn -0.683884 0.729585 -0.00277451
v 2.0248 -0.29677 -0.313365
vn -0.100823 -0.0446238 0.993903
v 2.71355 -1.16925 -0.324165
vn 0.101508 -0.602452 0.791674
v 2.7295 -1.18245 -0.334445
vn -0.198973 -0.210227 0.957191
v 2.08349 0.285776 -0.617069
vn -0.724116 0.665183 -0.182175
v 2.06911 0.314225 -0.4831
vn -0.914505 0.383635 -0.128471
v 2.0761 0.28716 -0.51716
vn -0.876391 0.444211 -0.186054
v 2.05516 0.26301 -0.451881
vn -0.940379 0.340102 0.00421906
v 2.05965 -0.282005 -0.063054
vn -0.115221 0.909892 0.398523
v 1.9802 -0.3325 -0.17658
vn -0.622956 -0.0872325 -0.777378
v 2.73855 -0.8797 -0.641934
vn -0.728911 -0.586927 -0.352427
v 2.71875 -0.84954 -0.551215
vn -0.966856 0.227769 -0.115371
v 2.0029 0.104076 -0.3214
vn -0.561603 0.132277 0.816765
v 2.74425 -0.17974 -0.282865
vn -0.565463 0.238535 0.789527
v 2.6613 -0.64239 -0.31281
vn 0.292857 0.822571 0.487455
v 2.6613 -0.674055 -0.26366
vn 0.144923 0.753692 0.64105
v 2.6159 -0.67126 -0.2632
vn 0.100529 0.55033 0.828873
v 2.7494 -0.213795 -0.278925
vn -0.602322 -0.211027 0.769855
v 2.0925 -0.282324 -0.0715684
vn 0.345876 0.878298 0.330095
v 2.1529 -0.719905 -0.67609
vn -0.716874 0.690153 -0.0988979
v 2.23279 0.302747 -0.354892
vn -0.0258103 0.680811 0.732005
v 2.70367 -0.89274 -1.0621
vn -0.124467 -0.188137 0.974224
v 2.73669 -0.781425 -0.962746
vn -0.999407 0.00451715 0.0341468
v 2.5251 -1.18015 0.29435
vn -0.41225 0.823416 0.389917
v 2.42299 -1.20159 0.163475
vn -0.0133661 -0.908882 0.41684
v 2.2072 -0.49761 -0.32859
vn -0.0838378 -0.0903153 0.992378
v 2.4197 -0.492197 -0.075053
vn -0.843985 0.242016 0.478662
v 2.0256 -0.350025 -0.19152
vn -0.547974 -0.0137457 -0.836383
v 2.33215 -0.27056 -0.308715
vn -0.387187 0.185567 0.903134
v 2.56305 -0.252108 -1.05682
vn -0.0240118 -0.0332954 0.999157
v 2.68263 -0.148519 -1.05516
vn 0.000883969 0.0105075 0.999944
v 2.64144 0.0529896 -1.05389
vn 0.000890812 -0.00360959 0.999993
v 2.87563 -0.0227223 -1.05711
vn 0.036669 0.0454805 0.998292
v 3.0019 0.047313 -1.0687
vn 0.083252 -0.0253102 0.996207
v 2.88349 0.0994465 -1.06318
vn 0.0281872 -0.0481474 0.998442
v 3.0019 0.12678 -1.05855
vn 0.0215849 -0.0687814 0.997398
v 2.13139 0.182623 -0.831691
vn -0.231128 -0.942738 -0.240468
v 2.1618 0.169395 -0.78394
vn 0.192157 -0.980841 0.0320464
v 2.18268 0.186043 -0.71015
vn 0.295891 -0.953014 -0.0649122
v 2.15045 0.183697 -0.732997
vn -0.169754 -0.979802 0.105699
v 2.15045 0.14726 -0.642035
vn -0.325478 -0.801487 -0.501681
v 2.071 -0.378408 -0.330992
vn 0.0180609 -0.103547 0.994461
v 2.04479 -0.330157 -0.36703
vn -0.756241 -0.0193166 -0.654008
v 2.05327 -0.256367 -0.371306
vn -0.779705 -0.0267468 -0.625575
v 2.01156 -0.232009 -0.33552
vn -0.941183 -0.0919672 -0.32514
v 2.04998 -0.0584047 -0.381011
vn -0.860053 -0.0308802 -0.50927
v 2.1391 -0.31597 -0.32573
vn -0.130373 -0.0479936 0.990303
v 2.26253 -0.40111 -0.314205
vn -0.323195 -0.124857 0.93806
v 2.0937 0.11543 -0.50305
vn -0.826538 -0.319944 -0.463111
v 2.208 -0.043508 -0.085648
vn 0.138394 -0.457148 0.878557
v 2.72239 0.189218 -1.05081
vn 0.0625973 -0.141306 0.987985
v 2.80374 0.0673989 -1.06009
vn 0.0324148 -0.0186684 0.9993
v 2.09937 0.138135 -1.06028
vn 0.0152924 -0.0776572 0.996863
v 2.05922 0.0756942 -0.414985
vn -0.933159 -0.077981 -0.350904
v 2.0029 0.070018 -0.22235
vn -0.574287 0.0360396 -0.81786
v 1.9606 0.0520508 -0.187935
vn -0.769375 0.119708 -0.627481
v 2.12208 0.121105 -0.328462
vn 0.0209615 -0.0228767 0.999519
v 2.28959 0.189218 -0.327636
vn -0.193351 0.0101224 0.981077
v 2.08519 -0.241581 -0.104776
vn 0.0253691 0.307741 0.951132
v 2.06238 -0.11085 -0.113624
vn -0.0389202 -0.163216 0.985822
v 2.11072 -0.0666916 -0.0969499
vn 0.0253185 -0.431496 0.90176
v 2.17315 -0.122975 -0.124195
vn 0.0666942 -0.320112 0.945029
v 2.3208 -0.071333 -0.10846
vn -0.268863 -0.173867 0.947356
v 2.33945 -0.168385 -0.10846
vn -0.576339 0.020068 0.816964
v 2.14279 -0.0253623 -0.0785865
vn -0.0697998 -0.318338 0.945404
v 2.32494 0.00757932 -0.0874864
vn -0.0602576 -0.0327617 0.997645
v 2.19017 0.0019031 -0.0725318
vn 0.0818872 0.121879 0.989161
v 2.49891 -0.133726 -0.0194921
vn -0.911997 -0.227 0.341662
v 2.457 -1.315 -0.32403
vn 0.108382 -0.0569105 0.992479
v 2.05782 0.240305 -0.511482
vn -0.9718 0.235805 0.000562086
v 2.08545 0.00757932 -0.0889125
vn -0.191057 0.0726986 0.978883
v 2.071 0.070018 -0.093398
vn -0.0870424 0.0896157 0.992166
v 2.30998 0.127593 -0.0912138
vn -0.555047 -0.00796537 0.831781
v 1.844 0.240305 -1.0602
vn 0.0092539 -0.000105796 0.999957
v 2.01354 0.196314 -1.0539
vn -0.0910144 -0.066938 0.993597
v 1.844 0.56953 -1.0522
vn -0.00695026 -0.00876662 0.999937
v 2.03127 0.274364 -1.05166
vn -0.163014 0.189468 0.96826
v 2.08081 0.239356 -1.03184
vn -0.374836 -0.305969 0.875146
v 2.24698 -0.17974 -0.128727
vn -0.0690418 0.0154888 0.997494
v 1.96885 0.152322 -0.107026
vn -0.356841 0.00367919 0.934158
v 2.03695 0.12678 -0.10856
vn 0.0264043 0.199517 0.979539
v 1.92451 0.347448 -1.05464
vn 0.00323136 -0.0437607 0.999037
v 2.04404 0.467005 -1.05343
vn 0.0164603 -0.00857439 0.999828
v 2.0256 0.56953 -1.05085
vn 0.00759127 -0.0073409 0.999944
v 2.8348 -0.77007 0.027767
vn -0.0539651 0.990493 -0.126537
v 1.9575 0.0019031 -0.19321
vn -0.621156 0.000881041 -0.783686
v 1.9378 -0.00944945 -0.172535
vn -0.883765 -0.0361682 -0.46653
v 2.03342 0.148066 -0.371491
vn -0.819976 -0.00324012 -0.572389
v 2.1391 0.10887 -0.56257
vn -0.52982 -0.749396 -0.397109
v 2.6654 -0.81548 1.2879
vn -0.994737 -0.0925256 -0.0440186
v 2.67675 -0.62249 1.20293
vn -0.516641 0.187116 -0.835506
v 2.46835 -0.174729 -0.0700655
vn -0.256292 -0.116033 0.95961
v 2.03605 -0.71331 -0.33552
vn 0.391011 0.23916 0.888771
v 2.46315 -0.23241 -0.080952
vn 0.207896 -0.266512 0.941143
v 2.5478 -0.230585 -0.120248
vn 0.344728 -0.871467 0.348868
v 2.2072 -0.98263 -0.78962
vn -0.693842 0.354345 -0.626915
v 2.08802 -0.19109 -0.121675
vn 0.0872906 0.112826 0.989773
v 2.643 -0.2365 -0.101792
vn -0.808147 -0.115389 0.577568
v 2.5024 -0.22758 -0.082251
vn -0.0683878 -0.814228 0.576502
v 2.42421 -0.866567 -0.0887066
vn 0.375016 -0.216676 0.901341
v 2.5478 -0.42949 -0.12327
vn 0.278223 -0.27786 0.919449
v 2.6159 -0.40679 -0.12357
vn -0.110535 -0.164584 0.98015
v 2.4444 -1.0879 0.260915
vn 0.225145 0.488505 0.843014
v 2.8203 -0.768585 0.99274
vn -0.649061 0.760326 0.0249748
v 2.84602 -0.735936 0.998595
vn -0.9122 0.248969 0.325432
v 2.7295 -0.38408 -0.07518
vn -0.218016 -0.113023 0.969378
v 2.67164 -0.361377 -0.0968833
vn -0.408767 -0.180496 0.894612
v 2.5639 0.12678 -0.126185
vn -0.100962 -0.0236706 0.994609
v 2.52644 0.156334 -0.123673
vn 0.13895 -0.415423 0.898953
v 2.5276 0.0756942 -0.141085
vn -0.683165 0.0459819 0.728815
v 2.47209 0.153922 -0.0961129
vn 0.481808 -0.517592 0.707078
v 2.6613 0.17219 -0.11283
vn 0.0572776 0.0292399 0.99793
v 3.0019 -1.5935 -0.38093
vn -0.197282 0.980339 0.00390685
v 2.5024 -0.85609 -0.13117
vn 0.157779 -0.729179 0.665886
v 2.53076 -0.0240781 -0.103053
vn -0.308814 0.5911 0.745141
v 2.56482 0.0246081 -0.111621
vn -0.0848818 0.172419 0.98136
v 2.6727 -0.963065 -0.091452
vn -0.362231 0.165388 0.917298
v 2.5705 -0.463555 -0.130095
vn -0.0911445 0.0885377 0.991894
v 2.5932 -1.05953 -0.1182
vn -0.317537 0.0366488 0.947537
v 2.53595 -0.72466 -0.132725
vn 0.0834952 0.0582595 0.994804
v 2.5478 -0.4522 -0.12842
vn 0.109187 0.0720306 0.991408
v 2.69545 0.0302842 -0.117797
vn 0.311995 -0.0852926 0.946247
v 2.6386 -0.47491 -0.049483
vn -0.617172 -0.283674 0.733913
v 2.67216 -0.420492 -0.0658846
vn -0.332606 0.612482 0.717104
v 2.36897 -0.350025 -0.0189427
vn 0.25439 0.398897 0.881003
v 2.7068 -0.39863 -0.0690565
vn -0.281833 0.390835 0.876252
v 2.6841 -1.16745 0.57438
vn 0.0117576 0.4311 0.902228
v 2.8203 -0.57705 1.0495
vn -0.438562 0.897064 0.0542261
v 2.81218 -0.587497 1.15165
vn -0.38654 0.921973 -0.0235016
v 2.82638 -0.71331 1.16453
vn -0.519694 -0.140063 -0.842793
v 2.3282 -0.38408 0.0050616
vn 0.295699 0.172375 0.939601
v 2.41088 -0.37273 -0.0321997
vn 0.428314 -0.0108434 0.903565
v 2.4116 -0.012391 -0.063054
vn 0.431436 0.196376 0.880511
v 2.40635 0.070018 -0.0678365
vn 0.48732 -0.0954456 0.867991
v 2.6613 -0.463555 -0.04195
vn -0.180007 -0.00976529 0.983617
v 2.60757 -0.338672 -0.100613
vn -0.233848 -0.11638 0.965283
v 2.72038 -0.301778 -0.0656481
vn 0.132746 -0.0968552 0.986406
v 2.5168 0.0019031 -0.13117
vn -0.653224 0.291785 0.698684
v 2.69545 0.104076 -0.11461
vn 0.0565072 0.0143168 0.9983
v 2.6745 0.18354 -0.13117
vn 0.39202 0.336678 0.856135
v 2.7749 0.220507 -0.144095
vn -0.0467118 0.0972693 0.994161
v 2.4797 0.12771 -0.13117
vn 0.236365 -0.707842 0.665651
v 2.8884 -1.75492 -0.407772
vn -0.244992 0.402567 0.881997
v 2.55347 -0.689355 -0.128755
vn 0.0260043 -0.250637 0.967732
v 2.66172 -0.6679 1.36173
vn -0.997139 -0.067216 0.034572
v 2.662 -0.61114 1.2538
vn -0.935834 0.34795 -0.0560846
v 2.93679 -1.82919 -0.45472
vn -0.633325 -0.76987 -0.0787434
v 2.9792 -1.59275 -0.43769
vn -0.254235 0.957635 0.135276
v 2.457 -1.4494 -0.19929
vn 0.442921 -0.536131 0.718599
v 2.3208 -1.2696 -0.076916
vn 0.639727 -0.35973 0.679223
v 2.8203 -1.701 -0.3525
vn 0.435769 -0.0282903 0.899614
v 2.46835 -0.991445 -0.142178
vn -0.166053 0.0260729 0.985772
v 2.68387 -0.916812 -0.104128
vn -0.541601 0.223312 0.810432
v 2.40593 -1.17318 0.249142
vn -0.092716 -0.907004 0.410789
v 2.8657 -0.87112 0.958675
vn 0.0819134 -0.996627 0.00507542
v 2.8162 -0.766365 1.1403
vn -0.644328 0.730951 -0.22484
v 2.28675 -1.5258 -0.233715
vn 0.629105 -0.103689 0.770374
v 2.28675 -1.4739 -0.220595
vn 0.603821 -0.229215 0.763453
v 2.2431 -1.4512 -0.18992
vn 0.527753 -0.0505811 0.84789
v 2.28798 -1.31408 -0.072412
vn 0.650214 -0.397719 0.647334
v 2.3435 -1.2745 -0.15387
vn -0.536075 -0.445987 0.716742
v 2.319 -1.30365 -0.105915
vn 0.702766 -0.300565 0.64481
v 2.39823 -1.23431 0.115333
vn 0.577547 -0.815737 -0.0318243
v 2.42006 -1.0826 -0.152043
vn -0.407744 0.119788 0.905205
v 2.8203 -0.92901 -0.04714
vn 0.435429 -0.53193 0.726258
v 2.4758 -1.1561 0.20941
vn 0.721162 -0.652037 0.234037
v 2.3925 -1.2297 0.164
vn 0.755496 -0.504639 0.417811
v 2.81425 -1.8461 -0.38093
vn 0.384521 -0.733515 0.560446
v 2.89408 -1.821 -0.443368
vn -0.0989358 -0.994697 -0.0281044
v 2.8657 -1.81925 -0.39657
vn 0.442281 -0.441536 0.780662
v 2.76355 -1.34337 -0.337275
vn -0.16705 -0.0477655 0.984791
v 2.7068 -1.23555 -0.34946
vn -0.182784 0.0158724 0.983025
v 2.8657 -1.4129 -0.324725
vn 0.48535 -0.689677 0.537384
v 2.7325 -1.29627 -0.0460253
vn 0.569373 -0.821198 0.0380511
v 2.7295 -1.3021 0.11859
vn 0.652575 -0.753741 0.0775875
v 2.7295 -1.2954 0.25482
vn 0.638572 -0.767727 0.0531104
v 2.8884 -0.84791 0.73163
vn 0.49958 -0.859511 -0.107984
v 2.896 -0.83819 0.70892
vn 0.69938 -0.712166 -0.0607221
v 2.8884 -0.86085 0.933585
vn 0.355033 -0.934213 0.0345949
v 2.8948 -0.86089 0.91327
vn 0.437337 -0.898683 -0.0332453
v 2.3435 -1.1657 -0.063054
vn 0.775522 -0.330506 0.537895
v 2.76639 -1.53919 -0.324027
vn 0.220757 0.0264555 0.97497
v 2.4024 -1.0879 -0.17658
vn -0.912146 0.134253 0.387256
v 2.42959 -1.03026 -0.149245
vn -0.244607 -0.141672 0.959217
f 3//3 4//4 5//5
f 7//7 8//8 9//9
f 5//5 12//12 13//13
f 15//15 13//13 12//12
f 13//13 15//15 16//16
f 27//27 26//26 28//28
f 31//31 29//29 32//32
f 33//33 32//32 29//29
f 47//47 48//48 46//46
f 49//49 46//46 48//48
f 50//50 49//49 48//48
f 52//52 49//49 50//50
f 49//49 52//52 51//51
f 51//51 52//52 53//53
f 55//55 56//56 57//57
f 57//57 58//58 55//55
f 61//61 62//62 63//63
f 61//61 63//63 64//64
f 54//54 53//53 74//74
f 86//86 85//85 84//84
f 87//87 85//85 86//86
f 88//88 85//85 87//87
f 91//91 90//90 89//89
f 98//98 6//6 7//7
f 102//102 103//103 104//104
f 104//104 103//103 101//101
f 114//114 112//112 115//115
f 100//100 101//101 105//105
f 127//127 128//128 129//129
f 144//144 99//99 71//71
f 109//109 108//108 126//126
f 168//168 132//132 134//134
f 172//172 169//169 170//170
f 171//171 169//169 172//172
f 173//173 175//175 174//174
f 178//178 179//179 180//180
f 189//189 157//157 188//188
f 191//191 156//156 192//192
f 192//192 156//156 185//185
f 194//194 195//195 193//193
f 201//201 198//198 199//199
f 202//202 198//198 201//201
f 203//203 204//204 200//200
f 200//200 204//204 202//202
f 204//204 205//205 202//202
f 205//205 204//204 206//206
f 207//207 205//205 206//206
f 206//206 208//208 207//207
f 208//208 209//209 207//207
f 213//213 211//211 212//212
f 213//213 214//214 211//211
f 219//219 221//221 220//220
f 224//224 223//223 222//222
f 221//221 226//226 225//225
f 138//138 228//228 227//227
f 227//227 222//222 138//138
f 229//229 221//221 223//223
f 223//223 224//224 229//229
f 231//231 224//224 230//230
f 230//230 224//224 227//227
f 232//232 224//224 231//231
f 232//232 229//229 224//224
f 237//237 231//231 236//236
f 238//238 236//236 233//233
f 238//238 237//237 236//236
f 239//239 237//237 238//238
f 240//240 239//239 234//234
f 241//241 243//243 81//81
f 241//241 244//244 243//243
f 240//240 246//246 247//247
f 247//247 246//246 248//248
f 249//249 240//240 247//247
f 251//251 245//245 244//244
f 245//245 251//251 252//252
f 253//253 251//251 244//244
f 252//252 250//250 245//245
f 255//255 256//256 254//254
f 258//258 257//257 260//260
f 261//261 260//260 257//257
f 259//259 261//261 257//257
f 262//262 259//259 257//257
f 259//259 262//262 263//263
f 261//261 264//264 260//260
f 265//265 261//261 259//259
f 266//266 194//194 267//267
f 266//266 267//267 268//268
f 268//268 269//269 270//270
f 270//270 269//269 271//271
f 272//272 268//268 270//270
f 274//274 214//214 273//273
f 214//214 213//213 273//273
f 276//276 270//270 275//275
f 271//271 275//275 270//270
f 219//219 273//273 213//213
f 220//220 274//274 219//219
f 219//219 274//274 273//273
f 220//220 277//277 274//274
f 279//279 277//277 220//220
f 220//220 225//225 279//279
f 278//278 277//277 279//279
f 229//229 226//226 221//221
f 280//280 226//226 229//229
f 281//281 225//225 226//226
f 226//226 280//280 281//281
f 232//232 280//280 229//229
f 282//282 280//280 232//232
f 234//234 209//209 283//283
f 209//209 234//234 235//235
f 232//232 237//237 282//282
f 237//237 239//239 282//282
f 258//258 260//260 284//284
f 286//286 285//285 149//149
f 287//287 288//288 39//39
f 287//287 289//289 288//288
f 161//161 288//288 162//162
f 289//289 162//162 288//288
f 161//161 162//162 290//290
f 294//294 293//293 295//295
f 41//41 293//293 296//296
f 302//302 304//304 298//298
f 298//298 297//297 302//302
f 305//305 303//303 302//302
f 127//127 129//129 301//301
f 310//310 258//258 308//308
f 312//312 314//314 313//313
f 315//315 313//313 314//314
f 212//212 217//217 218//218
f 222//222 212//212 218//218
f 218//218 217//217 216//216
f 216//216 137//137 218//218
f 222//222 218//218 137//137
f 138//138 222//222 137//137
f 222//222 227//227 224//224
f 290//290 320//320 154//154
f 236//236 231//231 230//230
f 322//322 153//153 242//242
f 83//83 66//66 61//61
f 66//66 83//83 323//323
f 83//83 241//241 323//323
f 241//241 81//81 66//66
f 66//66 323//323 241//241
f 129//129 128//128 242//242
f 242//242 153//153 129//129
f 324//324 258//258 284//284
f 327//327 328//328 329//329
f 257//257 258//258 310//310
f 262//262 257//257 310//310
f 2//2 1//1 335//335
f 96//96 95//95 68//68
f 342//342 343//343 344//344
f 31//31 32//32 349//349
f 353//353 107//107 106//106
f 39//39 126//126 73//73
f 39//39 73//73 38//38
f 365//365 125//125 43//43
f 43//43 125//125 44//44
f 371//371 372//372 370//370
f 373//373 372//372 371//371
f 371//371 374//374 375//375
f 372//372 373//373 376//376
f 372//372 376//376 377//377
f 380//380 379//379 378//378
f 379//379 380//380 112//112
f 386//386 385//385 383//383
f 311//311 383//383 387//387
f 165//165 391//391 166//166
f 318//318 165//165 166//166
f 391//391 393//393 166//166
f 52//52 50//50 53//53
f 53//53 54//54 51//51
f 55//55 134//134 56//56
f 222//222 223//223 221//221
f 404//404 403//403 405//405
f 174//174 171//171 172//172
f 174//174 172//172 173//173
f 63//63 62//62 176//176
f 70//70 406//406 69//69
f 92//92 93//93 411//411
f 101//101 103//103 345//345
f 101//101 348//348 105//105
f 422//422 421//421 423//423
f 422//422 420//420 421//421
f 35//35 149//149 34//34
f 424//424 426//426 425//425
f 428//428 429//429 430//430
f 163//163 367//367 150//150
f 372//372 432//432 431//431
f 377//377 433//433 372//372
f 434//434 377//377 376//376
f 435//435 436//436 437//437
f 62//62 177//177 176//176
f 448//448 447//447 442//442
f 452//452 449//449 447//447
f 181//181 451//451 453//453
f 451//451 181//181 447//447
f 454//454 444//444 450//450
f 457//457 458//458 459//459
f 434//434 376//376 373//373
f 399//399 439//439 440//440
f 322//322 66//66 82//82
f 322//322 82//82 153//153
f 470//470 469//469 468//468
f 472//472 473//473 474//474
f 411//411 93//93 412//412
f 93//93 94//94 412//412
f 341//341 412//412 413//413
f 316//316 476//476 317//317
f 369//369 480//480 161//161
f 461//461 480//480 369//369
f 320//320 62//62 61//61
f 489//489 155//155 490//490
f 488//488 490//490 155//155
f 285//285 491//491 34//34
f 493//493 494//494 495//495
f 310//310 308//308 309//309
f 219//219 213//213 212//212
f 336//336 333//333 501//501
f 510//510 509//509 511//511
f 512//512 510//510 511//511
f 367//367 514//514 150//150
f 431//431 370//370 372//372
f 307//307 306//306 305//305
f 45//45 47//47 46//46
f 396//396 519//519 520//520
f 237//237 232//232 231//231
f 261//261 265//265 264//264
f 524//524 525//525 526//526
f 421//421 420//420 416//416
f 498//498 531//531 484//484
f 486//486 540//540 541//541
f 418//418 420//420 419//419
f 516//516 301//301 129//129
f 549//549 551//551 550//550
f 553//553 554//554 555//555
f 556//556 555//555 552//552
f 557//557 558//558 559//559
f 560//560 422//422 423//423
f 529//529 561//561 469//469
f 563//563 498//498 562//562
f 563//563 562//562 564//564
f 532//532 565//565 563//563
f 447//447 446//446 442//442
f 442//442 446//446 443//443
f 453//453 448//448 442//442
f 442//442 566//566 453//453
f 534//534 526//526 535//535
f 539//539 532//532 538//538
f 310//310 548//548 262//262
f 532//532 471//471 485//485
f 524//524 526//526 533//533
f 526//526 568//568 535//535
f 538//538 532//532 485//485
f 538//538 569//569 539//539
f 541//541 580//580 581//581
f 120//120 85//85 119//119
f 88//88 119//119 85//85
f 500//500 119//119 88//88
f 119//119 122//122 120//120
f 121//121 582//582 182//182
f 122//122 121//121 182//182
f 240//240 129//129 153//153
f 585//585 577//577 326//326
f 85//85 587//587 84//84
f 579//579 588//588 589//589
f 283//283 516//516 240//240
f 234//234 283//283 240//240
f 129//129 240//240 516//516
f 153//153 246//246 240//240
f 593//593 594//594 595//595
f 598//598 599//599 600//600
f 602//602 603//603 44//44
f 518//518 431//431 432//432
f 518//518 432//432 604//604
f 372//372 433//433 432//432
f 432//432 433//433 604//604
f 375//375 605//605 434//434
f 606//606 607//607 593//593
f 608//608 609//609 305//305
f 305//305 609//609 307//307
f 611//611 307//307 609//609
f 611//611 306//306 307//307
f 137//137 216//216 614//614
f 617//617 330//330 594//594
f 208//208 515//515 516//516
f 306//306 611//611 311//311
f 516//516 283//283 208//208
f 246//246 153//153 82//82
f 630//630 629//629 560//560
f 539//539 578//578 631//631
f 631//631 578//578 589//589
f 637//637 636//636 638//638
f 639//639 460//460 461//461
f 393//393 391//391 390//390
f 568//568 640//640 536//536
f 641//641 536//536 579//579
f 579//579 536//536 640//640
f 146//146 145//145 645//645
f 650//650 649//649 651//651
f 296//296 495//495 41//41
f 495//495 296//296 493//493
f 301//301 516//516 515//515
f 612//612 319//319 528//528
f 396//396 210//210 519//519
f 214//214 210//210 396//396
f 82//82 243//243 248//248
f 519//519 657//657 656//656
f 597//597 485//485 471//471
f 541//541 183//183 486//486
f 290//290 154//154 161//161
f 495//495 652//652 41//41
f 517//517 374//374 665//665
f 375//375 373//373 371//371
f 378//378 433//433 377//377
f 193//193 667//667 315//315
f 220//220 221//221 225//225
f 419//419 420//420 521//521
f 420//420 422//422 521//521
f 668//668 483//483 404//404
f 65//65 320//320 61//61
f 290//290 152//152 320//320
f 152//152 62//62 320//320
f 142//142 320//320 65//65
f 154//154 320//320 142//142
f 64//64 669//669 83//83
f 83//83 61//61 64//64
f 68//68 67//67 96//96
f 68//68 475//475 94//94
f 679//679 458//458 457//457
f 680//680 682//682 683//683
f 692//692 691//691 357//357
f 694//694 360//360 695//695
f 696//696 428//428 430//430
f 173//173 696//696 697//697
f 389//389 626//626 654//654
f 654//654 626//626 627//627
f 699//699 654//654 700//700
f 131//131 701//701 132//132
f 136//136 702//702 701//701
f 701//701 131//131 136//136
f 703//703 704//704 705//705
f 705//705 706//706 703//703
f 521//521 706//706 707//707
f 441//441 521//521 422//422
f 521//521 441//441 706//706
f 402//402 706//706 407//407
f 172//172 170//170 428//428
f 629//629 410//410 407//407
f 708//708 410//410 629//629
f 711//711 686//686 685//685
f 716//716 356//356 355//355
f 160//160 651//651 719//719
f 173//173 697//697 175//175
f 592//592 698//698 654//654
f 172//172 428//428 696//696
f 173//173 172//172 696//696
f 720//720 341//341 413//413
f 164//164 167//167 701//701
f 701//701 702//702 164//164
f 333//333 723//723 724//724
f 726//726 725//725 632//632
f 164//164 730//730 612//612
f 164//164 612//612 613//613
f 613//613 167//167 164//164
f 419//419 502//502 418//418
f 360//360 359//359 729//729
f 730//730 319//319 612//612
f 730//730 165//165 319//319
f 167//167 613//613 394//394
f 560//560 441//441 422//422
f 735//735 727//727 713//713
f 713//713 734//734 735//735
f 692//692 693//693 691//691
f 695//695 360//360 729//729
f 621//621 736//736 737//737
f 47//47 45//45 130//130
f 338//338 1//1 738//738
f 739//739 740//740 742//742
f 743//743 739//739 742//742
f 744//744 742//742 740//740
f 744//744 745//745 742//742
f 659//659 742//742 745//745
f 741//741 742//742 659//659
f 743//743 742//742 741//741
f 747//747 745//745 746//746
f 659//659 745//745 747//747
f 659//659 747//747 748//748
f 659//659 660//660 741//741
f 659//659 748//748 660//660
f 527//527 476//476 316//316
f 527//527 489//489 476//476
f 749//749 314//314 312//312
f 750//750 286//286 149//149
f 751//751 286//286 752//752
f 752//752 286//286 750//750
f 755//755 754//754 753//753
f 755//755 36//36 754//754
f 354//354 761//761 760//760
f 107//107 762//762 763//763
f 107//107 760//760 762//762
f 766//766 354//354 353//353
f 765//765 766//766 353//353
f 763//763 764//764 767//767
f 771//771 772//772 773//773
f 775//775 776//776 777//777
f 621//621 776//776 775//775
f 769//769 778//778 765//765
f 770//770 778//778 769//769
f 779//779 770//770 771//771
f 779//779 771//771 773//773
f 770//770 780//780 778//778
f 780//780 779//779 783//783
f 783//783 779//779 781//781
f 783//783 784//784 780//780
f 780//780 784//784 785//785
f 782//782 780//780 785//785
f 786//786 785//785 784//784
f 787//787 785//785 786//786
f 782//782 778//778 780//780
f 790//790 782//782 789//789
f 791//791 782//782 785//785
f 787//787 792//792 785//785
f 792//792 791//791 785//785
f 792//792 793//793 791//791
f 791//791 789//789 782//782
f 793//793 789//789 791//791
f 773//773 781//781 779//779
f 774//774 781//781 773//773
f 796//796 781//781 774//774
f 737//737 776//776 621//621
f 783//783 781//781 799//799
f 799//799 781//781 796//796
f 784//784 783//783 800//800
f 800//800 783//783 799//799
f 786//786 784//784 800//800
f 800//800 801//801 786//786
f 787//787 786//786 803//803
f 787//787 803//803 792//792
f 793//793 792//792 803//803
f 803//803 786//786 801//801
f 794//794 793//793 803//803
f 794//794 803//803 804//804
f 794//794 804//804 805//805
f 803//803 801//801 806//806
f 804//804 803//803 806//806
f 797//797 799//799 796//796
f 807//807 799//799 797//797
f 797//797 798//798 807//807
f 808//808 807//807 798//798
f 663//663 808//808 798//798
f 800//800 799//799 809//809
f 809//809 799//799 807//807
f 802//802 801//801 809//809
f 802//802 809//809 807//807
f 806//806 801//801 802//802
f 602//602 124//124 814//814
f 492//492 602//602 814//814
f 583//583 815//815 493//493
f 818//818 367//367 163//163
f 817//817 818//818 163//163
f 788//788 778//778 819//819
f 782//782 819//819 778//778
f 790//790 819//819 782//782
f 819//819 820//820 788//788
f 820//820 821//821 788//788
f 819//819 822//822 820//820
f 825//825 820//820 824//824
f 805//805 804//804 605//605
f 829//829 827//827 828//828
f 554//554 831//831 832//832
f 834//834 836//836 831//831
f 832//832 831//831 836//836
f 835//835 836//836 834//834
f 841//841 840//840 839//839
f 842//842 843//843 844//844
f 845//845 846//846 847//847
f 848//848 849//849 850//850
f 850//850 849//849 842//842
f 847//847 846//846 848//848
f 847//847 848//848 850//850
f 852//852 845//845 847//847
f 852//852 847//847 850//850
f 857//857 850//850 856//856
f 855//855 852//852 857//857
f 850//850 857//857 852//852
f 853//853 858//858 854//854
f 854//854 858//858 845//845
f 854//854 845//845 855//855
f 855//855 845//845 852//852
f 854//854 409//409 853//853
f 860//860 854//854 855//855
f 409//409 854//854 860//860
f 408//408 409//409 860//860
f 860//860 861//861 408//408
f 860//860 855//855 862//862
f 862//862 855//855 857//857
f 862//862 857//857 863//863
f 863//863 860//860 862//862
f 861//861 860//860 863//863
f 857//857 856//856 864//864
f 857//857 864//864 865//865
f 863//863 857//857 865//865
f 865//865 861//861 863//863
f 866//866 408//408 861//861
f 866//866 861//861 867//867
f 868//868 869//869 870//870
f 871//871 872//872 873//873
f 870//870 869//869 875//875
f 876//876 875//875 869//869
f 543//543 542//542 882//882
f 886//886 887//887 885//885
f 888//888 886//886 885//885
f 886//886 890//890 889//889
f 890//890 886//886 888//888
f 888//888 885//885 891//891
f 888//888 893//893 890//890
f 893//893 888//888 892//892
f 895//895 894//894 890//890
f 894//894 889//889 890//890
f 895//895 890//890 893//893
f 892//892 888//888 897//897
f 899//899 901//901 902//902
f 900//900 899//899 902//902
f 902//902 904//904 900//900
f 905//905 902//902 903//903
f 908//908 909//909 910//910
f 911//911 909//909 908//908
f 911//911 912//912 909//909
f 913//913 908//908 910//910
f 883//883 884//884 916//916
f 918//918 916//916 907//907
f 887//887 916//916 884//884
f 916//916 887//887 917//917
f 907//907 916//916 917//917
f 886//886 922//922 919//919
f 886//886 889//889 923//923
f 923//923 922//922 886//886
f 919//919 924//924 910//910
f 920//920 924//924 925//925
f 889//889 894//894 926//926
f 926//926 923//923 889//889
f 904//904 931//931 900//900
f 904//904 930//930 931//931
f 930//930 904//904 932//932
f 933//933 934//934 935//935
f 935//935 930//930 932//932
f 938//938 939//939 936//936
f 940//940 937//937 941//941
f 944//944 938//938 942//942
f 945//945 940//940 929//929
f 942//942 945//945 947//947
f 458//458 942//942 947//947
f 679//679 946//946 942//942
f 679//679 942//942 458//458
f 929//929 948//948 945//945
f 948//948 929//929 949//949
f 933//933 949//949 929//929
f 949//949 933//933 935//935
f 953//953 948//948 949//949
f 954//954 949//949 955//955
f 944//944 942//942 946//946
f 959//959 946//946 958//958
f 679//679 958//958 946//946
f 679//679 681//681 958//958
f 956//956 961//961 960//960
f 962//962 963//963 961//961
f 964//964 965//965 966//966
f 967//967 964//964 966//966
f 969//969 970//970 968//968
f 968//968 971//971 969//969
f 966//966 972//972 967//967
f 971//971 964//964 967//967
f 869//869 868//868 982//982
f 982//982 983//983 869//869
f 984//984 985//985 983//983
f 869//869 986//986 876//876
f 985//985 988//988 989//989
f 16//16 7//7 6//6
f 6//6 13//13 16//16
f 990//990 7//7 16//16
f 17//17 8//8 7//7
f 997//997 996//996 998//998
f 1005//1005 1004//1004 1002//1002
f 1000//1000 999//999 998//998
f 1006//1006 1000//1000 998//998
f 1002//1002 1000//1000 1006//1006
f 1005//1005 1002//1002 1006//1006
f 1007//1007 1005//1005 1006//1006
f 955//955 1008//1008 954//954
f 957//957 954//954 1008//1008
f 1008//1008 1011//1011 957//957
f 956//956 957//957 1011//1011
f 1008//1008 955//955 1010//1010
f 1008//1008 1010//1010 1012//1012
f 1011//1011 1008//1008 1012//1012
f 1010//1010 1004//1004 1007//1007
f 1005//1005 1007//1007 1004//1004
f 962//962 956//956 1011//1011
f 1011//1011 1017//1017 962//962
f 1017//1017 1011//1011 1013//1013
f 1018//1018 962//962 1017//1017
f 1018//1018 1017//1017 1019//1019
f 963//963 962//962 1018//1018
f 1023//1023 1013//1013 1022//1022
f 1019//1019 1017//1017 1023//1023
f 1023//1023 1017//1017 1013//1013
f 1024//1024 1026//1026 1025//1025
f 1027//1027 981//981 1028//1028
f 1029//1029 1028//1028 1025//1025
f 1030//1030 1027//1027 1028//1028
f 1029//1029 1025//1025 1026//1026
f 981//981 1027//1027 980//980
f 1024//1024 1019//1019 1023//1023
f 1026//1026 1024//1024 1023//1023
f 1022//1022 1032//1032 1023//1023
f 1033//1033 1026//1026 1023//1023
f 1033//1033 1023//1023 1034//1034
f 1038//1038 1039//1039 1037//1037
f 1038//1038 876//876 1039//1039
f 869//869 983//983 989//989
f 698//698 989//989 988//988
f 558//558 977//977 975//975
f 1049//1049 1028//1028 1029//1029
f 1050//1050 1028//1028 1049//1049
f 1050//1050 1030//1030 1028//1028
f 1026//1026 1033//1033 1049//1049
f 1049//1049 1029//1029 1026//1026
f 1049//1049 1052//1052 1050//1050
f 1053//1053 1030//1030 1050//1050
f 1053//1053 1051//1051 1030//1030
f 1056//1056 1055//1055 1034//1034
f 1058//1058 1059//1059 1060//1060
f 1065//1065 1062//1062 1066//1066
f 597//597 471//471 143//143
f 471//471 1068//1068 143//143
f 474//474 473//473 1069//1069
f 1072//1072 474//474 1069//1069
f 1069//1069 1070//1070 1071//1071
f 1074//1074 868//868 1075//1075
f 1076//1076 1075//1075 870//870
f 1075//1075 868//868 870//870
f 1073//1073 1074//1074 1075//1075
f 726//726 1080//1080 725//725
f 543//543 1072//1072 1081//1081
f 1082//1082 543//543 1081//1081
f 1081//1081 1083//1083 1082//1082
f 1083//1083 1085//1085 1084//1084
f 1086//1086 1087//1087 1083//1083
f 1087//1087 1085//1085 1083//1083
f 733//733 726//726 632//632
f 884//884 1088//1088 1089//1089
f 884//884 883//883 1088//1088
f 883//883 1091//1091 1088//1088
f 885//885 1090//1090 1092//1092
f 1093//1093 1092//1092 1094//1094
f 1092//1092 891//891 885//885
f 1092//1092 1093//1093 891//891
f 888//888 891//891 897//897
f 891//891 898//898 897//897
f 900//900 898//898 899//899
f 1095//1095 1096//1096 891//891
f 1096//1096 1095//1095 1097//1097
f 896//896 893//893 892//892
f 952//952 949//949 954//954
f 964//964 347//347 965//965
f 1104//1104 1103//1103 1105//1105
f 1109//1109 1073//1073 1100//1100
f 1074//1074 1073//1073 1109//1109
f 982//982 1074//1074 1109//1109
f 982//982 868//868 1074//1074
f 984//984 1109//1109 1110//1110
f 984//984 1110//1110 987//987
f 982//982 1109//1109 984//984
f 984//984 983//983 982//982
f 989//989 983//983 985//985
f 985//985 984//984 987//987
f 1111//1111 1112//1112 987//987
f 1087//1087 1086//1086 1117//1117
f 1117//1117 1118//1118 1087//1087
f 1087//1087 1118//1118 1085//1085
f 1119//1119 1085//1085 1118//1118
f 1122//1122 1121//1121 1120//1120
f 1122//1122 1123//1123 1121//1121
f 1097//1097 1124//1124 1125//1125
f 1096//1096 1097//1097 1120//1120
f 105//105 1121//1121 1123//1123
f 634//634 1041//1041 1130//1130
f 1044//1044 751//751 752//752
f 986//986 869//869 989//989
f 698//698 988//988 388//388
f 1135//1135 1133//1133 1134//1134
f 1089//1089 733//733 882//882
f 1089//1089 1088//1088 733//733
f 542//542 1089//1089 882//882
f 1139//1139 1090//1090 542//542
f 1090//1090 1139//1139 1140//1140
f 1092//1092 1140//1140 1141//1141
f 1141//1141 1140//1140 1142//1142
f 1094//1094 1092//1092 1141//1141
f 1143//1143 1094//1094 1141//1141
f 898//898 1144//1144 897//897
f 898//898 891//891 1096//1096
f 6//6 98//98 4//4
f 990//990 991//991 7//7
f 991//991 17//17 7//7
f 1141//1141 1124//1124 1143//1143
f 1124//1124 1141//1141 992//992
f 994//994 1125//1125 1124//1124
f 994//994 1142//1142 1152//1152
f 1154//1154 994//994 1152//1152
f 1160//1160 1135//1135 1056//1056
f 1069//1069 473//473 1136//1136
f 1069//1069 1136//1136 1070//1070
f 1165//1165 1163//1163 1164//1164
f 1166//1166 1164//1164 1162//1162
f 1169//1169 1168//1168 1170//1170
f 1171//1171 1169//1169 1170//1170
f 1172//1172 1162//1162 1169//1169
f 1166//1166 1165//1165 1164//1164
f 874//874 872//872 871//871
f 1175//1175 1176//1176 1177//1177
f 1178//1178 1179//1179 1175//1175
f 884//884 542//542 887//887
f 542//542 885//885 887//887
f 926//926 894//894 895//895
f 919//919 907//907 917//917
f 895//895 1183//1183 926//926
f 927//927 720//720 926//926
f 475//475 68//68 342//342
f 950//950 459//459 458//458
f 1171//1171 1170//1170 1100//1100
f 1100//1100 1184//1184 1185//1185
f 1186//1186 1185//1185 1188//1188
f 1188//1188 1185//1185 1189//1189
f 1185//1185 1186//1186 1100//1100
f 1186//1186 1188//1188 1190//1190
f 1191//1191 1111//1111 1186//1186
f 1110//1110 1186//1186 1111//1111
f 1188//1188 1189//1189 1190//1190
f 1192//1192 1193//1193 1190//1190
f 1194//1194 1192//1192 1195//1195
f 1194//1194 1193//1193 1192//1192
f 98//98 1194//1194 1195//1195
f 9//9 1194//1194 98//98
f 1193//1193 1186//1186 1190//1190
f 1186//1186 1193//1193 1191//1191
f 1191//1191 1193//1193 1197//1197
f 1193//1193 1198//1198 1197//1197
f 1111//1111 1191//1191 1197//1197
f 987//987 1110//1110 1111//1111
f 1199//1199 1111//1111 1197//1197
f 1111//1111 1199//1199 1113//1113
f 1202//1202 1111//1111 1113//1113
f 1113//1113 1150//1150 1202//1202
f 1112//1112 1111//1111 1202//1202
f 1200//1200 1202//1202 1150//1150
f 1202//1202 1203//1203 1112//1112
f 1203//1203 388//388 1112//1112
f 1203//1203 1202//1202 1200//1200
f 1204//1204 1206//1206 1205//1205
f 1206//1206 991//991 1205//1205
f 1003//1003 1208//1208 1209//1209
f 20//20 684//684 23//23
f 19//19 20//20 23//23
f 420//420 418//418 417//417
f 420//420 417//417 416//416
f 1214//1214 1178//1178 1215//1215
f 1215//1215 1178//1178 1180//1180
f 1216//1216 1042//1042 29//29
f 503//503 1216//1216 29//29
f 505//505 1216//1216 503//503
f 425//425 662//662 690//690
f 753//753 1217//1217 1218//1218
f 357//357 716//716 717//717
f 1223//1223 811//811 1224//1224
f 1225//1225 693//693 1226//1226
f 478//478 160//160 159//159
f 108//108 478//478 159//159
f 1230//1230 816//816 367//367
f 367//367 818//818 1230//1230
f 626//626 389//389 1231//1231
f 627//627 626//626 1231//1231
f 56//56 51//51 54//54
f 1233//1233 53//53 1232//1232
f 74//74 53//53 1233//1233
f 57//57 56//56 54//54
f 132//132 151//151 134//134
f 701//701 167//167 151//151
f 132//132 701//701 151//151
f 134//134 55//55 133//133
f 212//212 211//211 396//396
f 1236//1236 1210//1210 1235//1235
f 1211//1211 1235//1235 1210//1210
f 1235//1235 1211//1211 1159//1159
f 77//77 75//75 78//78
f 77//77 78//78 76//76
f 1237//1237 75//75 77//77
f 1238//1238 1239//1239 1240//1240
f 1242//1242 1243//1243 1241//1241
f 1242//1242 1241//1241 1245//1245
f 1245//1245 1241//1241 1246//1246
f 1246//1246 1247//1247 1248//1248
f 1246//1246 1248//1248 1249//1249
f 1239//1239 1249//1249 1250//1250
f 1249//1249 1239//1239 1251//1251
f 1252//1252 1251//1251 1238//1238
f 1252//1252 140//140 1251//1251
f 1252//1252 1254//1254 140//140
f 1258//1258 1259//1259 1224//1224
f 1261//1261 1260//1260 853//853
f 409//409 408//408 1262//1262
f 1172//1172 1166//1166 1162//1162
f 1073//1073 1169//1169 1171//1171
f 1172//1172 1169//1169 1075//1075
f 1073//1073 1075//1075 1169//1169
f 1166//1166 1077//1077 1165//1165
f 1265//1265 1165//1165 1077//1077
f 1172//1172 1076//1076 1166//1166
f 1077//1077 1166//1166 1076//1076
f 1076//1076 1172//1172 1075//1075
f 1090//1090 885//885 542//542
f 1089//1089 542//542 884//884
f 1092//1092 1090//1090 1140//1140
f 1095//1095 1094//1094 1143//1143
f 1097//1097 1095//1095 1143//1143
f 413//413 412//412 925//925
f 904//904 905//905 1266//1266
f 1266//1266 905//905 906//906
f 342//342 642//642 475//475
f 1100//1100 1073//1073 1171//1171
f 1109//1109 1100//1100 1186//1186
f 1186//1186 1110//1110 1109//1109
f 1197//1197 1201//1201 1199//1199
f 1199//1199 1150//1150 1113//1113
f 1097//1097 1143//1143 1124//1124
f 1155//1155 1270//1270 1157//1157
f 1271//1271 1157//1157 1270//1270
f 188//188 1273//1273 34//34
f 601//601 763//763 1277//1277
f 1278//1278 601//601 1277//1277
f 989//989 698//698 592//592
f 972//972 557//557 967//967
f 557//557 972//972 558//558
f 967//967 557//557 971//971
f 1280//1280 1281//1281 1054//1054
f 1140//1140 1139//1139 1085//1085
f 1145//1145 937//937 936//936
f 1284//1284 1269//1269 1282//1282
f 1270//1270 1269//1269 1284//1284
f 1140//1140 1085//1085 1151//1151
f 1142//1142 1140//1140 1151//1151
f 1151//1151 1085//1085 1119//1119
f 1285//1285 1151//1151 1119//1119
f 1285//1285 1152//1152 1151//1151
f 1142//1142 1151//1151 1152//1152
f 1142//1142 992//992 1141//1141
f 1283//1283 1282//1282 1269//1269
f 1269//1269 1287//1287 1283//1283
f 1287//1287 1269//1269 1156//1156
f 1271//1271 1270//1270 1284//1284
f 1288//1288 1289//1289 33//33
f 1290//1290 818//818 817//817
f 1174//1174 1297//1297 1298//1298
f 1300//1300 1174//1174 1136//1136
f 543//543 1082//1082 1084//1084
f 543//543 1084//1084 1139//1139
f 1084//1084 1082//1082 1083//1083
f 1139//1139 1084//1084 1085//1085
f 1306//1306 1304//1304 1305//1305
f 1303//1303 1170//1170 1296//1296
f 1189//1189 1309//1309 1105//1105
f 1283//1283 1310//1310 1282//1282
f 1153//1153 1285//1285 1119//1119
f 1261//1261 670//670 1260//1260
f 1311//1311 1261//1261 1262//1262
f 1134//1134 1056//1056 1135//1135
f 883//883 1315//1315 1091//1091
f 916//916 1316//1316 1315//1315
f 916//916 881//881 1316//1316
f 1142//1142 994//994 992//992
f 1155//1155 995//995 1156//1156
f 1155//1155 1156//1156 1269//1269
f 1270//1270 1155//1155 1269//1269
f 424//424 547//547 477//477
f 1048//1048 829//829 1328//1328
f 557//557 1329//1329 971//971
f 1330//1330 1054//1054 1052//1052
f 468//468 1313//1313 1133//1133
f 676//676 534//534 596//596
f 415//415 414//414 931//931
f 900//900 931//931 898//898
f 1147//1147 1318//1318 1334//1334
f 977//977 965//965 973//973
f 993//993 994//994 1122//1122
f 994//994 993//993 1286//1286
f 1010//1010 1009//1009 1004//1004
f 1336//1336 546//546 1319//1319
f 1289//1289 27//27 33//33
f 598//598 547//547 728//728
f 763//763 762//762 764//764
f 624//624 817//817 625//625
f 526//526 534//534 533//533
f 640//640 1345//1345 1344//1344
f 1346//1346 640//640 1344//1344
f 640//640 525//525 1345//1345
f 525//525 640//640 568//568
f 525//525 568//568 526//526
f 587//587 1344//1344 84//84
f 84//84 1344//1344 1345//1345
f 1344//1344 587//587 1346//1346
f 578//578 641//641 579//579
f 1346//1346 1347//1347 1348//1348
f 886//886 919//919 887//887
f 925//925 921//921 920//920
f 933//933 928//928 934//934
f 935//935 934//934 930//930
f 929//929 928//928 933//933
f 1350//1350 952//952 954//954
f 956//956 1351//1351 1350//1350
f 960//960 1147//1147 956//956
f 956//956 1147//1147 1351//1351
f 961//961 1147//1147 960//960
f 1318//1318 1147//1147 961//961
f 968//968 1352//1352 347//347
f 970//970 1323//1323 968//968
f 1356//1356 1355//1355 1354//1354
f 1354//1354 1353//1353 1356//1356
f 1107//1107 1356//1356 1357//1357
f 1108//1108 1107//1107 1357//1357
f 1114//1114 1108//1108 1357//1357
f 1124//1124 992//992 994//994
f 1283//1283 1358//1358 1310//1310
f 1119//1119 1359//1359 1361//1361
f 1360//1360 1287//1287 1156//1156
f 1335//1335 1156//1156 1362//1362
f 1004//1004 1209//1209 1363//1363
f 963//963 546//546 1318//1318
f 502//502 1364//1364 1018//1018
f 728//728 599//599 598//598
f 765//765 757//757 756//756
f 1222//1222 810//810 1373//1373
f 1374//1374 1336//1336 1319//1319
f 573//573 1319//1319 546//546
f 1338//1338 1339//1339 1375//1375
f 1340//1340 1339//1339 1338//1338
f 1377//1377 1340//1340 1326//1326
f 828//828 1378//1378 1379//1379
f 553//553 1379//1379 1378//1378
f 404//404 483//483 403//403
f 1381//1381 1382//1382 1383//1383
f 864//864 856//856 851//851
f 1330//1330 1280//1280 1054//1054
f 672//672 1057//1057 522//522
f 1057//1057 1063//1063 522//522
f 674//674 522//522 1063//1063
f 404//404 531//531 668//668
f 586//586 674//674 1063//1063
f 1063//1063 1064//1064 586//586
f 499//499 1384//1384 531//531
f 531//531 498//498 499//499
f 675//675 586//586 676//676
f 1388//1388 1385//1385 1387//1387
f 88//88 87//87 1349//1349
f 1349//1349 87//87 1388//1388
f 1167//1167 1391//1391 1389//1389
f 1389//1389 1390//1390 1392//1392
f 1393//1393 1389//1389 1392//1392
f 1295//1295 1393//1393 1392//1392
f 1167//1167 1389//1389 1393//1393
f 1393//1393 1264//1264 1167//1167
f 1394//1394 1167//1167 1264//1264
f 1396//1396 1391//1391 1167//1167
f 1167//1167 1162//1162 1396//1396
f 1162//1162 1164//1164 1396//1396
f 1297//1297 1394//1394 1264//1264
f 1167//1167 1394//1394 1168//1168
f 1168//1168 1394//1394 724//724
f 724//724 723//723 1168//1168
f 1167//1167 1169//1169 1162//1162
f 1169//1169 1167//1167 1168//1168
f 1168//1168 723//723 1294//1294
f 1265//1265 1077//1077 1076//1076
f 1397//1397 1265//1265 1076//1076
f 879//879 89//89 880//880
f 910//910 909//909 907//907
f 915//915 1145//1145 1401//1401
f 1401//1401 1145//1145 936//936
f 919//919 917//917 887//887
f 720//720 922//922 923//923
f 1107//1107 1106//1106 1355//1355
f 1114//1114 97//97 1108//1108
f 97//97 1114//1114 1115//1115
f 1404//1404 1155//1155 1157//1157
f 1028//1028 1405//1405 1025//1025
f 1025//1025 1405//1405 1031//1031
f 980//980 1027//1027 1406//1406
f 1027//1027 1030//1030 1406//1406
f 1129//1129 875//875 1038//1038
f 1038//1038 875//875 876//876
f 1410//1410 1407//1407 1409//1409
f 912//912 1411//1411 1400//1400
f 425//425 506//506 1412//1412
f 637//637 638//638 1219//1219
f 1422//1422 71//71 116//116
f 438//438 1422//1422 116//116
f 438//438 435//435 1422//1422
f 1423//1423 1406//1406 1030//1030
f 1051//1051 1423//1423 1030//1030
f 1053//1053 1054//1054 1281//1281
f 1281//1281 1051//1051 1053//1053
f 484//484 562//562 498//498
f 1427//1427 1428//1428 562//562
f 1431//1431 1430//1430 1391//1391
f 1391//1391 1430//1430 1389//1389
f 1430//1430 1431//1431 1390//1390
f 1430//1430 1390//1390 1389//1389
f 1432//1432 1431//1431 1391//1391
f 1392//1392 1296//1296 1295//1295
f 1296//1296 1392//1392 1303//1303
f 1264//1264 1393//1393 1395//1395
f 1294//1294 1295//1295 1296//1296
f 1393//1393 1295//1295 1294//1294
f 1395//1395 1393//1393 1294//1294
f 1296//1296 1170//1170 1294//1294
f 1163//1163 1432//1432 1396//1396
f 1391//1391 1396//1396 1432//1432
f 1396//1396 1164//1164 1163//1163
f 1297//1297 724//724 1394//1394
f 1297//1297 1264//1264 1298//1298
f 1298//1298 1264//1264 1395//1395
f 334//334 724//724 1297//1297
f 1398//1398 1297//1297 1174//1174
f 333//333 334//334 501//501
f 501//501 334//334 1398//1398
f 1398//1398 334//334 1297//1297
f 1165//1165 1265//1265 1173//1173
f 1035//1035 1079//1079 1129//1129
f 1399//1399 1300//1300 472//472
f 1433//1433 1399//1399 472//472
f 1433//1433 725//725 1399//1399
f 882//882 1433//1433 472//472
f 882//882 733//733 1433//1433
f 893//893 896//896 895//895
f 907//907 455//455 678//678
f 1333//1333 678//678 677//677
f 915//915 908//908 913//913
f 908//908 915//915 340//340
f 937//937 1145//1145 941//941
f 678//678 918//918 907//907
f 678//678 1181//1181 425//425
f 919//919 922//922 925//925
f 919//919 925//925 924//924
f 922//922 413//413 925//925
f 927//927 1145//1145 914//914
f 927//927 941//941 1145//1145
f 937//937 938//938 936//936
f 938//938 937//937 940//940
f 940//940 945//945 938//938
f 942//942 938//938 945//945
f 956//956 954//954 957//957
f 974//974 973//973 965//965
f 346//346 974//974 965//965
f 965//965 347//347 346//346
f 973//973 975//975 977//977
f 346//346 1352//1352 1435//1435
f 1436//1436 1435//1435 1352//1352
f 1437//1437 1302//1302 1303//1303
f 1302//1302 1437//1437 1403//1403
f 1170//1170 1303//1303 1301//1301
f 1301//1301 1184//1184 1170//1170
f 1304//1304 1302//1302 1403//1403
f 1301//1301 1302//1302 1306//1306
f 1306//1306 1302//1302 1304//1304
f 1301//1301 1306//1306 1185//1185
f 1306//1306 1305//1305 1103//1103
f 1103//1103 1305//1305 1308//1308
f 1308//1308 1354//1354 1355//1355
f 1107//1107 1355//1355 1356//1356
f 1357//1357 1115//1115 1114//1114
f 1104//1104 1185//1185 1306//1306
f 1306//1306 1103//1103 1104//1104
f 1105//1105 1103//1103 1308//1308
f 1308//1308 1106//1106 1105//1105
f 1308//1308 1355//1355 1106//1106
f 1268//1268 1198//1198 1194//1194
f 1198//1198 1268//1268 1267//1267
f 1267//1267 1148//1148 1198//1198
f 1011//1011 1012//1012 1020//1020
f 417//417 1018//1018 1019//1019
f 1019//1019 1024//1024 417//417
f 416//416 1025//1025 1031//1031
f 417//417 1025//1025 416//416
f 1025//1025 417//417 1024//1024
f 1438//1438 1405//1405 981//981
f 1129//1129 1079//1079 875//875
f 1441//1441 1439//1439 1440//1440
f 1440//1440 1041//1041 1441//1441
f 1130//1130 1041//1041 1131//1131
f 1130//1130 1131//1131 1442//1442
f 503//503 1444//1444 1443//1443
f 504//504 503//503 1443//1443
f 1446//1446 1368//1368 1369//1369
f 662//662 425//425 1181//1181
f 506//506 1451//1451 1412//1412
f 506//506 505//505 1451//1451
f 505//505 504//504 1445//1445
f 505//505 503//503 504//504
f 1274//1274 638//638 1275//1275
f 1219//1219 638//638 1274//1274
f 1276//1276 637//637 1219//1219
f 439//439 401//401 1453//1453
f 1453//1453 651//651 649//649
f 1453//1453 401//401 651//651
f 719//719 651//651 401//401
f 876//876 1132//1132 1039//1039
f 1132//1132 876//876 986//986
f 389//389 388//388 1203//1203
f 654//654 698//698 388//388
f 654//654 388//388 389//389
f 1455//1455 1454//1454 130//130
f 1416//1416 50//50 48//48
f 53//53 50//50 1232//1232
f 1232//1232 50//50 1416//1416
f 1459//1459 1417//1417 1418//1418
f 1459//1459 1418//1418 1419//1419
f 1459//1459 1419//1419 1421//1421
f 212//212 396//396 395//395
f 217//217 212//212 395//395
f 1462//1462 217//217 395//395
f 1462//1462 216//216 217//217
f 1247//1247 436//436 75//75
f 75//75 1248//1248 1247//1247
f 76//76 116//116 19//19
f 76//76 438//438 116//116
f 78//78 438//438 76//76
f 75//75 1237//1237 1250//1250
f 1240//1240 1250//1250 1237//1237
f 1464//1464 1240//1240 1237//1237
f 1250//1250 1248//1248 75//75
f 1240//1240 1239//1239 1250//1250
f 439//439 399//399 1256//1256
f 1246//1246 1249//1249 1251//1251
f 1238//1238 1251//1251 1239//1239
f 1246//1246 1251//1251 1465//1465
f 401//401 439//439 1256//1256
f 521//521 707//707 419//419
f 483//483 834//834 403//403
f 1470//1470 835//835 834//834
f 834//834 483//483 1470//1470
f 1471//1471 483//483 668//668
f 757//757 1449//1449 1450//1450
f 1061//1061 1475//1475 1473//1473
f 1476//1476 1473//1473 1472//1472
f 1473//1473 1476//1476 1061//1061
f 1477//1477 1070//1070 1136//1136
f 1298//1298 1395//1395 723//723
f 1298//1298 1299//1299 1174//1174
f 1299//1299 1478//1478 1174//1174
f 1478//1478 1477//1477 1174//1174
f 1174//1174 1477//1477 1136//1136
f 738//738 2//2 1399//1399
f 1399//1399 725//725 738//738
f 1080//1080 738//738 725//725
f 1304//1304 1437//1437 1307//1307
f 1437//1437 1304//1304 1403//1403
f 1305//1305 1304//1304 1307//1307
f 1305//1305 1307//1307 1479//1479
f 1354//1354 1305//1305 1479//1479
f 1305//1305 1354//1354 1308//1308
f 1479//1479 1480//1480 1354//1354
f 1483//1483 1482//1482 1481//1481
f 1481//1481 1354//1354 1480//1480
f 1353//1353 1354//1354 1481//1481
f 1482//1482 1353//1353 1481//1481
f 1357//1357 1356//1356 1353//1353
f 1353//1353 1482//1482 1357//1357
f 1483//1483 1481//1481 1484//1484
f 1483//1483 1484//1484 1485//1485
f 1486//1486 1357//1357 1482//1482
f 1483//1483 1486//1486 1482//1482
f 1487//1487 1486//1486 1483//1483
f 1486//1486 1115//1115 1357//1357
f 1488//1488 1483//1483 1485//1485
f 1483//1483 1488//1488 1487//1487
f 1490//1490 1486//1486 1487//1487
f 1490//1490 1115//1115 1486//1486
f 1490//1490 5//5 1115//1115
f 1310//1310 1490//1490 1487//1487
f 5//5 1490//1490 1116//1116
f 12//12 5//5 11//11
f 1489//1489 1491//1491 1488//1488
f 1491//1491 1487//1487 1488//1488
f 1487//1487 1491//1491 1310//1310
f 1310//1310 1358//1358 1490//1490
f 1282//1282 1310//1310 1491//1491
f 1492//1492 1491//1491 1489//1489
f 1492//1492 1282//1282 1491//1491
f 1282//1282 1492//1492 1493//1493
f 1284//1284 1282//1282 1493//1493
f 1284//1284 1495//1495 1494//1494
f 1492//1492 1489//1489 1488//1488
f 1493//1493 1495//1495 1284//1284
f 5//5 1116//1116 11//11
f 1501//1501 1499//1499 1500//1500
f 1502//1502 1503//1503 1504//1504
f 1507//1507 1508//1508 512//512
f 1397//1397 1078//1078 1509//1509
f 1078//1078 1397//1397 1079//1079
f 1079//1079 872//872 1078//1078
f 1177//1177 1078//1078 872//872
f 1035//1035 872//872 1079//1079
f 1175//1175 1177//1177 874//874
f 1179//1179 1176//1176 1175//1175
f 871//871 1510//1510 874//874
f 1511//1511 1175//1175 874//874
f 1511//1511 874//874 1510//1510
f 1510//1510 1512//1512 1511//1511
f 880//880 90//90 1138//1138
f 90//90 880//880 89//89
f 879//879 880//880 1138//1138
f 879//879 1138//1138 1316//1316
f 1316//1316 1138//1138 1137//1137
f 1513//1513 89//89 879//879
f 1513//1513 91//91 89//89
f 1514//1514 1513//1513 879//879
f 881//881 1514//1514 879//879
f 881//881 879//879 1316//1316
f 1180//1180 1175//1175 1511//1511
f 1511//1511 1515//1515 1180//1180
f 1180//1180 1178//1178 1175//1175
f 1516//1516 1180//1180 1515//1515
f 1180//1180 1516//1516 1517//1517
f 1517//1517 1215//1215 1180//1180
f 1515//1515 1511//1511 1512//1512
f 1518//1518 1515//1515 1512//1512
f 1516//1516 1515//1515 1518//1518
f 1518//1518 1520//1520 1516//1516
f 1522//1522 1520//1520 1521//1521
f 339//339 340//340 1523//1523
f 943//943 1523//1523 1401//1401
f 943//943 1524//1524 1523//1523
f 756//756 757//757 943//943
f 1524//1524 943//943 757//757
f 757//757 1450//1450 1524//1524
f 918//918 1402//1402 1514//1514
f 425//425 1412//1412 678//678
f 715//715 598//598 709//709
f 709//709 487//487 715//715
f 648//648 715//715 487//487
f 487//487 475//475 643//643
f 643//643 648//648 487//487
f 680//680 681//681 457//457
f 951//951 680//680 457//457
f 683//683 1526//1526 680//680
f 1352//1352 346//346 347//347
f 144//144 710//710 99//99
f 1527//1527 1212//1212 1439//1439
f 1528//1528 1212//1212 1527//1527
f 1439//1439 1529//1529 1527//1527
f 1527//1527 1530//1530 1528//1528
f 1531//1531 1527//1527 1529//1529
f 1397//1397 1439//1439 1173//1173
f 1397//1397 1509//1509 1439//1439
f 1173//1173 1439//1439 1212//1212
f 1439//1439 1509//1509 1213//1213
f 1531//1531 1529//1529 1532//1532
f 1131//1131 1533//1533 1534//1534
f 1535//1535 1509//1509 1078//1078
f 1535//1535 1128//1128 1509//1509
f 1536//1536 1535//1535 1078//1078
f 1078//1078 1177//1177 1536//1536
f 1535//1535 1536//1536 1128//1128
f 1509//1509 1128//1128 1213//1213
f 1128//1128 645//645 1213//1213
f 645//645 1537//1537 1213//1213
f 1440//1440 1213//1213 1537//1537
f 1533//1533 1537//1537 1538//1538
f 645//645 1128//1128 146//146
f 1176//1176 1536//1536 1177//1177
f 1272//1272 1128//1128 1536//1536
f 1536//1536 1176//1176 1272//1272
f 1272//1272 1539//1539 1128//1128
f 1529//1529 1439//1439 1441//1441
f 1440//1440 1537//1537 1533//1533
f 1441//1441 1540//1540 1529//1529
f 1540//1540 1441//1441 1041//1041
f 1041//1041 635//635 1540//1540
f 1540//1540 1408//1408 1407//1407
f 1408//1408 1540//1540 635//635
f 1529//1529 1540//1540 1532//1532
f 32//32 1540//1540 1407//1407
f 28//28 1532//1532 1540//1540
f 1540//1540 32//32 28//28
f 28//28 1541//1541 1532//1532
f 26//26 1541//1541 28//28
f 1530//1530 1527//1527 1531//1531
f 1531//1531 1542//1542 1530//1530
f 1542//1542 1531//1531 1544//1544
f 1544//1544 1545//1545 1542//1542
f 1547//1547 1531//1531 1532//1532
f 1532//1532 1541//1541 1547//1547
f 1541//1541 685//685 1547//1547
f 1531//1531 1547//1547 1544//1544
f 1544//1544 1547//1547 685//685
f 26//26 1548//1548 1541//1541
f 712//712 1272//1272 1176//1176
f 1214//1214 712//712 1176//1176
f 1214//1214 1176//1176 1179//1179
f 1214//1214 1179//1179 1178//1178
f 1517//1517 1516//1516 1551//1551
f 1215//1215 1517//1517 72//72
f 1516//1516 1520//1520 1551//1551
f 1517//1517 1551//1551 1552//1552
f 1522//1522 1551//1551 1520//1520
f 1522//1522 1552//1552 1551//1551
f 1448//1448 1549//1549 505//505
f 505//505 1549//1549 1216//1216
f 571//571 1555//1555 1411//1411
f 426//426 1448//1448 505//505
f 426//426 506//506 425//425
f 1556//1556 1218//1218 1217//1217
f 1320//1320 1217//1217 753//753
f 1365//1365 753//753 1557//1557
f 1558//1558 1452//1452 637//637
f 1558//1558 637//637 1413//1413
f 1559//1559 1558//1558 1413//1413
f 547//547 598//598 715//715
f 1558//1558 547//547 636//636
f 636//636 547//547 715//715
f 647//647 648//648 638//638
f 1275//1275 643//643 144//144
f 638//638 643//643 1275//1275
f 647//647 638//638 636//636
f 1452//1452 1558//1558 636//636
f 767//767 768//768 1558//1558
f 1413//1413 637//637 1276//1276
f 1413//1413 1276//1276 1221//1221
f 1291//1291 1221//1221 1276//1276
f 1561//1561 1560//1560 759//759
f 1560//1560 1561//1561 1563//1563
f 1564//1564 760//760 755//755
f 765//765 717//717 766//766
f 355//355 1562//1562 354//354
f 718//718 689//689 1549//1549
f 1549//1549 1448//1448 718//718
f 1568//1568 718//718 1448//1448
f 1277//1277 1558//1558 1559//1559
f 759//759 1560//1560 1568//1568
f 1568//1568 758//758 759//759
f 1277//1277 1559//1559 427//427
f 1559//1559 1413//1413 427//427
f 1558//1558 1277//1277 767//767
f 764//764 768//768 767//767
f 649//649 427//427 1413//1413
f 478//478 427//427 650//650
f 160//160 650//650 651//651
f 770//770 769//769 1571//1571
f 1571//1571 771//771 770//770
f 771//771 1571//1571 772//772
f 680//680 721//721 1573//1573
f 680//680 1526//1526 721//721
f 1575//1575 1526//1526 1574//1574
f 721//721 1526//1526 1575//1575
f 1576//1576 1578//1578 1577//1577
f 777//777 1577//1577 1578//1578
f 1372//1372 721//721 1322//1322
f 1322//1322 1371//1371 1372//1372
f 1323//1323 358//358 1436//1436
f 778//778 717//717 765//765
f 780//780 770//770 779//779
f 793//793 794//794 789//789
f 789//789 794//794 795//795
f 794//794 517//517 795//795
f 1579//1579 736//736 1580//1580
f 777//777 776//776 737//737
f 1580//1580 1583//1583 1582//1582
f 1582//1582 798//798 1580//1580
f 1583//1583 1584//1584 1582//1582
f 808//808 663//663 1585//1585
f 1582//1582 663//663 798//798
f 806//806 1222//1222 804//804
f 1586//1586 1582//1582 1584//1584
f 1582//1582 1586//1586 811//811
f 1586//1586 1258//1258 811//811
f 795//795 790//790 789//789
f 1534//1534 1587//1587 1131//1131
f 1442//1442 1131//1131 1587//1587
f 1442//1442 1587//1587 1588//1588
f 481//481 1588//1588 1587//1587
f 1588//1588 481//481 392//392
f 628//628 1588//1588 392//392
f 392//392 528//528 628//628
f 528//528 319//319 628//628
f 319//319 318//318 628//628
f 71//71 1463//1463 1275//1275
f 1467//1467 573//573 502//502
f 707//707 1467//1467 419//419
f 419//419 1467//1467 502//502
f 706//706 705//705 1467//1467
f 1467//1467 707//707 706//706
f 1592//1592 1593//1593 1293//1293
f 1594//1594 1595//1595 1257//1257
f 1279//1279 1593//1593 1468//1468
f 118//118 1279//1279 1468//1468
f 117//117 1279//1279 118//118
f 1469//1469 118//118 1468//1468
f 117//117 118//118 1469//1469
f 1469//1469 1325//1325 117//117
f 1597//1597 827//827 1580//1580
f 1583//1583 1580//1580 827//827
f 1584//1584 1583//1583 827//827
f 1584//1584 827//827 829//829
f 1599//1599 59//59 1595//1595
f 1594//1594 1599//1599 1595//1595
f 1584//1584 1048//1048 1586//1586
f 1048//1048 1584//1584 829//829
f 1600//1600 1599//1599 1594//1594
f 1601//1601 403//403 467//467
f 1602//1602 1594//1594 673//673
f 1602//1602 1600//1600 1594//1594
f 1048//1048 1258//1258 1586//1586
f 1603//1603 1601//1601 467//467
f 1603//1603 1473//1473 1601//1601
f 1475//1475 1601//1601 1473//1473
f 1173//1173 1265//1265 1397//1397
f 872//872 874//874 1177//1177
f 1401//1401 1523//1523 915//915
f 1434//1434 1604//1604 911//911
f 1315//1315 883//883 916//916
f 921//921 709//709 920//920
f 904//904 1266//1266 932//932
f 949//949 935//935 932//932
f 949//949 932//932 1266//1266
f 487//487 921//921 475//475
f 921//921 487//487 709//709
f 643//643 638//638 648//648
f 1605//1605 938//938 944//944
f 939//939 938//938 1571//1571
f 1571//1571 938//938 1605//1605
f 1571//1571 769//769 939//939
f 1606//1606 959//959 958//958
f 1606//1606 681//681 479//479
f 1573//1573 479//479 681//681
f 988//988 985//985 987//987
f 1112//1112 988//988 987//987
f 571//571 1320//1320 753//753
f 1217//1217 1320//1320 911//911
f 763//763 767//767 1277//1277
f 1278//1278 1277//1277 427//427
f 1605//1605 772//772 1571//1571
f 479//479 1576//1576 1606//1606
f 959//959 1606//1606 1576//1576
f 1608//1608 959//959 1576//1576
f 959//959 1608//1608 772//772
f 774//774 772//772 1608//1608
f 772//772 774//774 773//773
f 774//774 1608//1608 1576//1576
f 1577//1577 774//774 1576//1576
f 1579//1579 774//774 1577//1577
f 737//737 1579//1579 1577//1577
f 1223//1223 1224//1224 1609//1609
f 812//812 1223//1223 1609//1609
f 1610//1610 1609//1609 1224//1224
f 812//812 1609//1609 1610//1610
f 812//812 1610//1610 1263//1263
f 1588//1588 628//628 1589//1589
f 1611//1611 628//628 318//318
f 1420//1420 1591//1591 497//497
f 1612//1612 705//705 1613//1613
f 1612//1612 1613//1613 1592//1592
f 1293//1293 80//80 1045//1045
f 1612//1612 1592//1592 1293//1293
f 1279//1279 1293//1293 1593//1593
f 1293//1293 79//79 80//80
f 79//79 1293//1293 1279//1279
f 117//117 1257//1257 1279//1279
f 403//403 1047//1047 467//467
f 405//405 403//403 1601//1601
f 1610//1610 1224//1224 1259//1259
f 1259//1259 840//840 1610//1610
f 1258//1258 840//840 1259//1259
f 840//840 1258//1258 839//839
f 1263//1263 1610//1610 840//840
f 840//840 841//841 1263//1263
f 558//558 972//972 977//977
f 629//629 441//441 560//560
f 672//672 522//522 673//673
f 523//523 673//673 522//522
f 1061//1061 405//405 1601//1601
f 484//484 405//405 1061//1061
f 523//523 1616//1616 673//673
f 1061//1061 1601//1601 1475//1475
f 1427//1427 1061//1061 1424//1424
f 1294//1294 1170//1170 1168//1168
f 1076//1076 870//870 1397//1397
f 1079//1079 1397//1397 870//870
f 1079//1079 870//870 875//875
f 1300//1300 1398//1398 1174//1174
f 1399//1399 1398//1398 1300//1300
f 472//472 1300//1300 473//473
f 455//455 909//909 912//912
f 1333//1333 920//920 709//709
f 939//939 943//943 936//936
f 950//950 947//947 945//945
f 1318//1318 961//961 963//963
f 971//971 968//968 964//964
f 731//731 970//970 969//969
f 1100//1100 1170//1170 1184//1184
f 1364//1364 963//963 1018//1018
f 1440//1440 1439//1439 1213//1213
f 1440//1440 1533//1533 1041//1041
f 1131//1131 1041//1041 1533//1533
f 1320//1320 912//912 911//911
f 1320//1320 571//571 912//912
f 765//765 353//353 757//757
f 1366//1366 757//757 353//353
f 477//477 547//547 1558//1558
f 768//768 477//477 1558//1558
f 1617//1617 106//106 1220//1220
f 106//106 107//107 1220//1220
f 1569//1569 1369//1369 1368//1368
f 1569//1569 1618//1618 1369//1369
f 507//507 508//508 1618//1618
f 1618//1618 1569//1569 507//507
f 1576//1576 1572//1572 1578//1578
f 1043//1043 721//721 1372//1372
f 1620//1620 1323//1323 1619//1619
f 1621//1621 729//729 1620//1620
f 1323//1323 1620//1620 729//729
f 796//796 774//774 1579//1579
f 737//737 1577//1577 777//777
f 796//796 1579//1579 797//797
f 797//797 1579//1579 1580//1580
f 798//798 797//797 1580//1580
f 826//826 1222//1222 1373//1373
f 806//806 802//802 810//810
f 1442//1442 1589//1589 1456//1456
f 1458//1458 1418//1418 1417//1417
f 520//520 395//395 396//396
f 1046//1046 1327//1327 60//60
f 856//856 850//850 842//842
f 844//844 851//851 842//842
f 1622//1622 851//851 844//844
f 856//856 842//842 851//851
f 1366//1366 353//353 106//106
f 1329//1329 969//969 971//971
f 1281//1281 1423//1423 1051//1051
f 1133//1133 1330//1330 1052//1052
f 1313//1313 1330//1330 1133//1133
f 1621//1621 695//695 729//729
f 1625//1625 695//695 1621//1621
f 1625//1625 1621//1621 1624//1624
f 1624//1624 1626//1626 1627//1627
f 1627//1627 1626//1626 1615//1615
f 586//586 523//523 674//674
f 586//586 1425//1425 523//523
f 586//586 1067//1067 1425//1425
f 143//143 1067//1067 675//675
f 675//675 1067//1067 586//586
f 565//565 499//499 563//563
f 443//443 446//446 499//499
f 499//499 565//565 443//443
f 1067//1067 1429//1429 1425//1425
f 1068//1068 1428//1428 1429//1429
f 1068//1068 562//562 1428//1428
f 1429//1429 1067//1067 1068//1068
f 179//179 178//178 1629//1629
f 445//445 179//179 1630//1630
f 907//907 909//909 455//455
f 915//915 913//913 910//910
f 910//910 914//914 915//915
f 1145//1145 915//915 914//914
f 678//678 1412//1412 918//918
f 598//598 1333//1333 709//709
f 475//475 412//412 94//94
f 959//959 944//944 946//946
f 681//681 1606//1606 958//958
f 1303//1303 1302//1302 1301//1301
f 418//418 1018//1018 417//417
f 418//418 502//502 1018//1018
f 981//981 1405//1405 1028//1028
f 1632//1632 31//31 349//349
f 29//29 31//31 1632//1632
f 30//30 29//29 1632//1632
f 30//30 1633//1633 29//29
f 1444//1444 29//29 1633//1633
f 1633//1633 1443//1443 1444//1444
f 1634//1634 689//689 688//688
f 1446//1446 1634//1634 688//688
f 1368//1368 1446//1446 688//688
f 661//661 728//728 690//690
f 424//424 425//425 690//690
f 547//547 424//424 690//690
f 1367//1367 757//757 1366//1366
f 505//505 1445//1445 1451//1451
f 1368//1368 688//688 718//718
f 1605//1605 944//944 959//959
f 959//959 772//772 1605//1605
f 1414//1414 1132//1132 986//986
f 1635//1635 986//986 989//989
f 989//989 592//592 1635//1635
f 130//130 1416//1416 47//47
f 48//48 47//47 1416//1416
f 1415//1415 130//130 1454//1454
f 1416//1416 130//130 1415//1415
f 1637//1637 1591//1591 1420//1420
f 1638//1638 1637//1637 1420//1420
f 1640//1640 1463//1463 1639//1639
f 1639//1639 1463//1463 1641//1641
f 1640//1640 1639//1639 437//437
f 1642//1642 1640//1640 437//437
f 1244//1244 1243//1243 1242//1242
f 440//440 1244//1244 399//399
f 399//399 1244//1244 1643//1643
f 1047//1047 834//834 833//833
f 1047//1047 403//403 834//834
f 467//467 1047//1047 1645//1645
f 467//467 1645//1645 1603//1603
f 349//349 1409//1409 1632//1632
f 1054//1054 1053//1053 1052//1052
f 1646//1646 629//629 630//630
f 529//529 708//708 530//530
f 530//530 708//708 1646//1646
f 522//522 674//674 523//523
f 1616//1616 1602//1602 673//673
f 484//484 404//404 405//405
f 1384//1384 1471//1471 668//668
f 1384//1384 1474//1474 1471//1471
f 531//531 404//404 484//484
f 1384//1384 668//668 531//531
f 1426//1426 1474//1474 1384//1384
f 1476//1476 1424//1424 1061//1061
f 1061//1061 1427//1427 484//484
f 1384//1384 499//499 1426//1426
f 1510//1510 871//871 878//878
f 921//921 925//925 412//412
f 926//926 720//720 923//923
f 961//961 956//956 962//962
f 1200//1200 1150//1150 1149//1149
f 1112//1112 388//388 988//988
f 620//620 1649//1649 1214//1214
f 620//620 72//72 1650//1650
f 1517//1517 1552//1552 72//72
f 687//687 72//72 1552//1552
f 1522//1522 687//687 1552//1552
f 1553//1553 687//687 1522//1522
f 1522//1522 1554//1554 1553//1553
f 1651//1651 1650//1650 72//72
f 72//72 687//687 1651//1651
f 1653//1653 1651//1651 687//687
f 687//687 1553//1553 1653//1653
f 705//705 574//574 1467//1467
f 79//79 1595//1595 1644//1644
f 529//529 1654//1654 708//708
f 571//571 1411//1411 912//912
f 134//134 394//394 51//51
f 51//51 56//56 134//134
f 394//394 134//134 151//151
f 151//151 167//167 394//394
f 673//673 1594//1594 1257//1257
f 1257//1257 1596//1596 673//673
f 1596//1596 672//672 673//673
f 912//912 1400//1400 455//455
f 1276//1276 1219//1219 1274//1274
f 1231//1231 389//389 1203//1203
f 1231//1231 1203//1203 1200//1200
f 1641//1641 1422//1422 435//435
f 437//437 1641//1641 435//435
f 436//436 435//435 75//75
f 1257//1257 1595//1595 79//79
f 98//98 7//7 9//9
f 1463//1463 71//71 1422//1422
f 438//438 75//75 435//435
f 1243//1243 1291//1291 1241//1241
f 762//762 761//761 758//758
f 1246//1246 1241//1241 1247//1247
f 1248//1248 1250//1250 1249//1249
f 430//430 813//813 696//696
f 1641//1641 437//437 1639//1639
f 116//116 20//20 19//19
f 1245//1245 1246//1246 1465//1465
f 1660//1660 199//199 1661//1661
f 201//201 199//199 1660//1660
f 200//200 201//201 1660//1660
f 121//121 122//122 119//119
f 1146//1146 1183//1183 895//895
f 662//662 661//661 690//690
f 1447//1447 758//758 1568//1568
f 199//199 196//196 1659//1659
f 199//199 1659//1659 1661//1661
f 788//788 1566//1566 778//778
f 1412//1412 1525//1525 1402//1402
f 1412//1412 1451//1451 1525//1525
f 821//821 625//625 1502//1502
f 625//625 821//821 624//624
f 2//2 335//335 1399//1399
f 1665//1665 54//54 74//74
f 57//57 54//54 1665//1665
f 545//545 544//544 340//340
f 1211//1211 1658//1658 1159//1159
f 1666//1666 57//57 1665//1665
f 156//156 184//184 490//490
f 490//490 185//185 156//156
f 186//186 646//646 1659//1659
f 646//646 186//186 190//190
f 495//495 203//203 652//652
f 43//43 44//44 1667//1667
f 670//670 671//671 617//617
f 188//188 192//192 1273//1273
f 669//669 64//64 1668//1668
f 159//159 160//160 719//719
f 287//287 39//39 38//38
f 1668//1668 63//63 1672//1672
f 63//63 1668//1668 64//64
f 1663//1663 665//665 374//374
f 1663//1663 374//374 1673//1673
f 670//670 1311//1311 671//671
f 332//332 330//330 617//617
f 332//332 331//331 330//330
f 168//168 131//131 132//132
f 168//168 134//134 133//133
f 1634//1634 1674//1674 689//689
f 73//73 126//126 108//108
f 1643//1643 400//400 399//399
f 1671//1671 400//400 1643//1643
f 400//400 1671//1671 1670//1670
f 732//732 686//686 711//711
f 713//713 711//711 1548//1548
f 727//727 732//732 711//711
f 727//727 711//711 713//713
f 156//156 527//527 184//184
f 189//189 188//188 646//646
f 297//297 299//299 294//294
f 335//335 501//501 1398//1398
f 1105//1105 1190//1190 1189//1189
f 10//10 9//9 8//8
f 733//733 632//632 1433//1433
f 1193//1193 1194//1194 1198//1198
f 1631//1631 1268//1268 1194//1194
f 1194//1194 9//9 1631//1631
f 10//10 1631//1631 9//9
f 98//98 1196//1196 4//4
f 3//3 6//6 4//4
f 1284//1284 1494//1494 1271//1271
f 1434//1434 911//911 908//908
f 910//910 907//907 919//919
f 1102//1102 1104//1104 1101//1101
f 1199//1199 1201//1201 1150//1150
f 1150//1150 1201//1201 1148//1148
f 1539//1539 146//146 1128//1128
f 1651//1651 1653//1653 1652//1652
f 1554//1554 1653//1653 1553//1553
f 1634//1634 734//734 1674//1674
f 1556//1556 1217//1217 1604//1604
f 45//45 1676//1676 130//130
f 463//463 436//436 1247//1247
f 708//708 629//629 1646//1646
f 724//724 334//334 333//333
f 1333//1333 1181//1181 678//678
f 413//413 922//922 720//720
f 633//633 642//642 345//345
f 969//969 70//70 731//731
f 684//684 104//104 100//100
f 684//684 20//20 99//99
f 71//71 99//99 20//20
f 116//116 71//71 20//20
f 1550//1550 1289//1289 1288//1288
f 1550//1550 1288//1288 1216//1216
f 1216//1216 1549//1549 1550//1550
f 712//712 1539//1539 1272//1272
f 620//620 1214//1214 1215//1215
f 72//72 620//620 1215//1215
f 1674//1674 713//713 714//714
f 713//713 1674//1674 734//734
f 689//689 714//714 1289//1289
f 689//689 1289//1289 1550//1550
f 689//689 1674//1674 714//714
f 1549//1549 689//689 1550//1550
f 426//426 424//424 1447//1447
f 1447//1447 1448//1448 426//426
f 37//37 1555//1555 754//754
f 754//754 36//36 37//37
f 1218//1218 1557//1557 753//753
f 755//755 753//753 1564//1564
f 1564//1564 753//753 1365//1365
f 466//466 465//465 1276//1276
f 718//718 688//688 689//689
f 1291//1291 439//439 1221//1221
f 697//697 696//696 813//813
f 175//175 697//697 813//813
f 1587//1587 1635//1635 1676//1676
f 1676//1676 1635//1635 1636//1636
f 1676//1676 481//481 1587//1587
f 1587//1587 1534//1534 1635//1635
f 1636//1636 699//699 1676//1676
f 1676//1676 45//45 481//481
f 130//130 1676//1676 699//699
f 699//699 700//700 130//130
f 130//130 700//700 1455//1455
f 1677//1677 528//528 392//392
f 71//71 1275//1275 144//144
f 1291//1291 1243//1243 439//439
f 440//440 439//439 1243//1243
f 1244//1244 440//440 1243//1243
f 429//429 170//170 615//615
f 170//170 169//169 615//615
f 722//722 969//969 1329//1329
f 1329//1329 557//557 722//722
f 1678//1678 590//590 1423//1423
f 590//590 1678//1678 560//560
f 1280//1280 1678//1678 1281//1281
f 1280//1280 560//560 1678//1678
f 677//677 678//678 455//455
f 643//643 475//475 642//642
f 1679//1679 980//980 1614//1614
f 4//4 1196//1196 97//97
f 740//740 1542//1542 744//744
f 714//714 1548//1548 26//26
f 1548//1548 714//714 713//713
f 1555//1555 571//571 754//754
f 761//761 759//759 758//758
f 1561//1561 759//759 761//761
f 1562//1562 1561//1561 761//761
f 1563//1563 509//509 1560//1560
f 1561//1561 1562//1562 1563//1563
f 354//354 1562//1562 761//761
f 716//716 355//355 354//354
f 766//766 716//716 354//354
f 357//357 356//356 716//716
f 1562//1562 355//355 1565//1565
f 717//717 716//716 766//766
f 1566//1566 1567//1567 717//717
f 1567//1567 692//692 357//357
f 1567//1567 357//357 717//717
f 1664//1664 1567//1567 1566//1566
f 1664//1664 1226//1226 1567//1567
f 1567//1567 1226//1226 692//692
f 1226//1226 693//693 692//692
f 649//649 1413//1413 1221//1221
f 1453//1453 1221//1221 439//439
f 649//649 650//650 427//427
f 649//649 1221//1221 1453//1453
f 737//737 736//736 1579//1579
f 807//807 808//808 1681//1681
f 1664//1664 1682//1682 1226//1226
f 1682//1682 1225//1225 1226//1226
f 1682//1682 1664//1664 1225//1225
f 362//362 361//361 1225//1225
f 1683//1683 126//126 39//39
f 480//480 363//363 161//161
f 368//368 369//369 161//161
f 368//368 161//161 321//321
f 321//321 161//161 154//154
f 699//699 1636//1636 592//592
f 45//45 46//46 1677//1677
f 747//747 746//746 1684//1684
f 1460//1460 1417//1417 1459//1459
f 1460//1460 1685//1685 1684//1684
f 747//747 1684//1684 1685//1685
f 1685//1685 1460//1460 1461//1461
f 1461//1461 1460//1460 1459//1459
f 1685//1685 1461//1461 1686//1686
f 1419//1419 1418//1418 1638//1638
f 1419//1419 1638//1638 1420//1420
f 1421//1421 1461//1461 1459//1459
f 1687//1687 1461//1461 1421//1421
f 1690//1690 1687//1687 1688//1688
f 1687//1687 1690//1690 1689//1689
f 1690//1690 215//215 1234//1234
f 321//321 154//154 142//142
f 321//321 242//242 128//128
f 1281//1281 1678//1678 1423//1423
f 723//723 1395//1395 1294//1294
f 473//473 1300//1300 1136//1136
f 1333//1333 1182//1182 1181//1181
f 642//642 633//633 643//643
f 99//99 710//710 104//104
f 27//27 28//28 32//32
f 33//33 27//27 32//32
f 26//26 1289//1289 714//714
f 352//352 155//155 1497//1497
f 1691//1691 352//352 1497//1497
f 1691//1691 1497//1497 1498//1498
f 1498//1498 1692//1692 1691//1691
f 1499//1499 1692//1692 1498//1498
f 1499//1499 1693//1693 1692//1692
f 750//750 149//149 1694//1694
f 1692//1692 1693//1693 1694//1694
f 750//750 1694//1694 1693//1693
f 1693//1693 1499//1499 1501//1501
f 1693//1693 1695//1695 750//750
f 1565//1565 1563//1563 1562//1562
f 1570//1570 1696//1696 1565//1565
f 509//509 507//507 1560//1560
f 1570//1570 1278//1278 1680//1680
f 809//809 801//801 800//800
f 1585//1585 1681//1681 808//808
f 802//802 1681//1681 810//810
f 1224//1224 811//811 1258//1258
f 1697//1697 509//509 1563//1563
f 1563//1563 1565//1565 1697//1697
f 1697//1697 1698//1698 509//509
f 1697//1697 1565//1565 1699//1699
f 1698//1698 1697//1697 1699//1699
f 512//512 511//511 509//509
f 1700//1700 509//509 1698//1698
f 1700//1700 512//512 509//509
f 1225//1225 1664//1664 1505//1505
f 1699//1699 1656//1656 124//124
f 124//124 1656//1656 814//814
f 1503//1503 1505//1505 1664//1664
f 362//362 1225//1225 1505//1505
f 1570//1570 1680//1680 1696//1696
f 1680//1680 1701//1701 1696//1696
f 1701//1701 1680//1680 111//111
f 1701//1701 111//111 814//814
f 478//478 109//109 1702//1702
f 109//109 126//126 1683//1683
f 492//492 814//814 111//111
f 1508//1508 1507//1507 1703//1703
f 383//383 384//384 387//387
f 627//627 390//390 700//700
f 1455//1455 700//700 391//391
f 700//700 390//390 391//391
f 748//748 747//747 1685//1685
f 1705//1705 462//462 655//655
f 271//271 1705//1705 1706//1706
f 271//271 1706//1706 1234//1234
f 462//462 656//656 655//655
f 462//462 1705//1705 482//482
f 482//482 1705//1705 271//271
f 271//271 1234//1234 215//215
f 271//271 215//215 275//275
f 519//519 210//210 657//657
f 1330//1330 1312//1312 1280//1280
f 1280//1280 1312//1312 630//630
f 812//812 1263//1263 175//175
f 812//812 175//175 813//813
f 882//882 472//472 474//474
f 1072//1072 543//543 882//882
f 882//882 474//474 1072//1072
f 95//95 343//343 342//342
f 1201//1201 1197//1197 1148//1148
f 1148//1148 1197//1197 1198//1198
f 99//99 104//104 684//684
f 1407//1407 1410//1410 32//32
f 1707//1707 741//741 660//660
f 365//365 1700//1700 1698//1698
f 365//365 1698//1698 1699//1699
f 125//125 1699//1699 124//124
f 1699//1699 125//125 365//365
f 44//44 125//125 602//602
f 1507//1507 512//512 1708//1708
f 1708//1708 512//512 1700//1700
f 1700//1700 365//365 653//653
f 1709//1709 292//292 291//291
f 583//583 1229//1229 366//366
f 150//150 366//366 1229//1229
f 150//150 1229//1229 292//292
f 163//163 292//292 1709//1709
f 602//602 492//492 460//460
f 603//603 602//602 460//460
f 369//369 301//301 1712//1712
f 515//515 1712//1712 301//301
f 623//623 1712//1712 515//515
f 824//824 820//820 822//822
f 822//822 1713//1713 824//824
f 823//823 819//819 790//790
f 823//823 665//665 819//819
f 823//823 790//790 795//795
f 820//820 825//825 821//821
f 624//624 821//821 825//825
f 1717//1717 1718//1718 385//385
f 1718//1718 112//112 385//385
f 385//385 112//112 113//113
f 1704//1704 1715//1715 1716//1716
f 1704//1704 1716//1716 1720//1720
f 385//385 1720//1720 1717//1717
f 384//384 385//385 382//382
f 382//382 385//385 113//113
f 654//654 699//699 592//592
f 314//314 749//749 655//655
f 655//655 749//749 748//748
f 315//315 314//314 655//655
f 315//315 655//655 267//267
f 267//267 655//655 656//656
f 656//656 462//462 519//519
f 482//482 520//520 462//462
f 214//214 396//396 211//211
f 1241//1241 463//463 1247//1247
f 1257//1257 79//79 1279//1279
f 858//858 1722//1722 845//845
f 1722//1722 858//858 859//859
f 409//409 1261//1261 853//853
f 1262//1262 1261//1261 409//409
f 267//267 656//656 269//269
f 269//269 656//656 657//657
f 269//269 657//657 482//482
f 559//559 722//722 557//557
f 1217//1217 911//911 1604//1604
f 921//921 412//412 475//475
f 642//642 344//344 345//345
f 633//633 345//345 1723//1723
f 643//643 633//633 144//144
f 679//679 457//457 681//681
f 1607//1607 69//69 1614//1614
f 1301//1301 1185//1185 1184//1184
f 1102//1102 1185//1185 1104//1104
f 1101//1101 1189//1189 1187//1187
f 104//104 101//101 100//100
f 146//146 1539//1539 147//147
f 711//711 685//685 1541//1541
f 1724//1724 1659//1659 491//491
f 1661//1661 1659//1659 1724//1724
f 429//429 1585//1585 663//663
f 1585//1585 429//429 615//615
f 1660//1660 1661//1661 1724//1724
f 1662//1662 1660//1660 1724//1724
f 200//200 1660//1660 1662//1662
f 652//652 200//200 1662//1662
f 583//583 366//366 815//815
f 293//293 41//41 42//42
f 494//494 493//493 623//623
f 611//611 386//386 383//383
f 611//611 383//383 311//311
f 1414//1414 986//986 1635//1635
f 1635//1635 592//592 1636//1636
f 1635//1635 1534//1534 1414//1414
f 463//463 464//464 436//436
f 1291//1291 463//463 1241//1241
f 465//465 463//463 1292//1292
f 1291//1291 1292//1292 463//463
f 1//1 501//501 335//335
f 738//738 1//1 2//2
f 414//414 415//415 456//456
f 681//681 680//680 1573//1573
f 1101//1101 1187//1187 1102//1102
f 1309//1309 1104//1104 1105//1105
f 1106//1106 1192//1192 1105//1105
f 1107//1107 1192//1192 1106//1106
f 1195//1195 1192//1192 1107//1107
f 1108//1108 1195//1195 1107//1107
f 1190//1190 1105//1105 1192//1192
f 1196//1196 1195//1195 1108//1108
f 1196//1196 98//98 1195//1195
f 97//97 1196//1196 1108//1108
f 145//145 1537//1537 645//645
f 1039//1039 1538//1538 1537//1537
f 32//32 1410//1410 349//349
f 1543//1543 1530//1530 1542//1542
f 1543//1543 1528//1528 1530//1530
f 739//739 1528//1528 1543//1543
f 740//740 739//739 1543//1543
f 740//740 1543//1543 1542//1542
f 711//711 1541//1541 1548//1548
f 33//33 29//29 1042//1042
f 1728//1728 739//739 743//743
f 1728//1728 743//743 741//741
f 1729//1729 1728//1728 741//741
f 741//741 1707//1707 1729//1729
f 1273//1273 185//185 488//488
f 488//488 185//185 490//490
f 660//660 749//749 1707//1707
f 490//490 184//184 1732//1732
f 312//312 313//313 317//317
f 34//34 1273//1273 488//488
f 34//34 491//491 646//646
f 286//286 491//491 285//285
f 1659//1659 646//646 491//491
f 1724//1724 491//491 286//286
f 1452//1452 636//636 637//637
f 1291//1291 1276//1276 1292//1292
f 356//356 1278//1278 1570//1570
f 1680//1680 1278//1278 427//427
f 1680//1680 427//427 478//478
f 478//478 1702//1702 1680//1680
f 650//650 160//160 478//478
f 1573//1573 1572//1572 479//479
f 1043//1043 1572//1572 1573//1573
f 1573//1573 721//721 1043//1043
f 777//777 1578//1578 1043//1043
f 1043//1043 1578//1578 1572//1572
f 1372//1372 777//777 1043//1043
f 811//811 663//663 1582//1582
f 663//663 811//811 430//430
f 1565//1565 1656//1656 1699//1699
f 124//124 602//602 125//125
f 1680//1680 1702//1702 111//111
f 814//814 1696//1696 1701//1701
f 1683//1683 363//363 664//664
f 1683//1683 664//664 109//109
f 664//664 363//363 110//110
f 39//39 363//363 1683//1683
f 288//288 363//363 39//39
f 1662//1662 1724//1724 513//513
f 513//513 652//652 1662//1662
f 365//365 43//43 653//653
f 514//514 42//42 364//364
f 296//296 583//583 493//493
f 460//460 492//492 461//461
f 493//493 1711//1711 623//623
f 622//622 623//623 515//515
f 821//821 1504//1504 788//788
f 824//824 1714//1714 825//825
f 1720//1720 1716//1716 1717//1717
f 1733//1733 604//604 1718//1718
f 604//604 379//379 1718//1718
f 1718//1718 379//379 112//112
f 1717//1717 1733//1733 1718//1718
f 1715//1715 1719//1719 1714//1714
f 1725//1725 1714//1714 1719//1719
f 1714//1714 1725//1725 825//825
f 624//624 825//825 1734//1734
f 817//817 624//624 1734//1734
f 825//825 1726//1726 1734//1734
f 1726//1726 825//825 1725//1725
f 817//817 1734//1734 1290//1290
f 591//591 1290//1290 1734//1734
f 1704//1704 1719//1719 1715//1715
f 1719//1719 1721//1721 1725//1725
f 1721//1721 1719//1719 1704//1704
f 1726//1726 1725//1725 666//666
f 609//609 1720//1720 1727//1727
f 386//386 1727//1727 385//385
f 1738//1738 1736//1736 1737//1737
f 184//184 316//316 1731//1731
f 316//316 184//184 527//527
f 1677//1677 613//613 528//528
f 318//318 319//319 165//165
f 1590//1590 166//166 393//393
f 393//393 1591//1591 1590//1590
f 393//393 497//497 1591//1591
f 519//519 462//462 520//520
f 212//212 222//222 221//221
f 78//78 75//75 438//438
f 1292//1292 1276//1276 465//465
f 1596//1596 1257//1257 117//117
f 845//845 1722//1722 846//846
f 722//722 406//406 70//70
f 672//672 1596//1596 1059//1059
f 338//338 336//336 337//337
f 646//646 188//188 34//34
f 1181//1181 1182//1182 662//662
f 736//736 1581//1581 1580//1580
f 111//111 1702//1702 664//664
f 664//664 1702//1702 109//109
f 288//288 161//161 363//363
f 364//364 815//815 366//366
f 515//515 208//208 622//622
f 639//639 461//461 369//369
f 788//788 1504//1504 1566//1566
f 604//604 433//433 379//379
f 378//378 379//379 433//433
f 1733//1733 518//518 604//604
f 381//381 115//115 112//112
f 49//49 1677//1677 46//46
f 700//700 654//654 627//627
f 613//613 612//612 528//528
f 49//49 51//51 1677//1677
f 394//394 613//613 1677//1677
f 51//51 394//394 1677//1677
f 221//221 219//219 212//212
f 322//322 65//65 66//66
f 81//81 82//82 66//66
f 322//322 142//142 65//65
f 243//243 82//82 81//81
f 441//441 629//629 407//407
f 1730//1730 1728//1728 1736//1736
f 1707//1707 1732//1732 1729//1729
f 1736//1736 1728//1728 1729//1729
f 1729//1729 1732//1732 1731//1731
f 660//660 748//748 749//749
f 1732//1732 1707//1707 476//476
f 476//476 1707//1707 749//749
f 476//476 489//489 1732//1732
f 490//490 1732//1732 489//489
f 35//35 155//155 352//352
f 35//35 488//488 155//155
f 34//34 488//488 35//35
f 285//285 34//34 149//149
f 1724//1724 286//286 751//751
f 751//751 1044//1044 1724//1724
f 362//362 1505//1505 1740//1740
f 1502//1502 1741//1741 1503//1503
f 1741//1741 1740//1740 1503//1503
f 1505//1505 1503//1503 1740//1740
f 1618//1618 508//508 510//510
f 510//510 1506//1506 1618//1618
f 512//512 1506//1506 510//510
f 461//461 110//110 480//480
f 1708//1708 1700//1700 1742//1742
f 653//653 1742//1742 1700//1700
f 1742//1742 653//653 364//364
f 513//513 1724//1724 1044//1044
f 1708//1708 1742//1742 513//513
f 1742//1742 652//652 513//513
f 1742//1742 364//364 42//42
f 42//42 41//41 1742//1742
f 41//41 652//652 1742//1742
f 653//653 43//43 1667//1667
f 1667//1667 364//364 653//653
f 1667//1667 44//44 815//815
f 362//362 1740//1740 1228//1228
f 1740//1740 1227//1227 1228//1228
f 625//625 1741//1741 1502//1502
f 1740//1740 1741//1741 1710//1710
f 625//625 1710//1710 1741//1741
f 150//150 364//364 366//366
f 364//364 1667//1667 815//815
f 815//815 603//603 493//493
f 512//512 1508//1508 1506//1506
f 1711//1711 603//603 460//460
f 1711//1711 460//460 639//639
f 639//639 623//623 1711//1711
f 496//496 369//369 368//368
f 639//639 1712//1712 623//623
f 1712//1712 639//639 369//369
f 301//301 369//369 300//300
f 113//113 112//112 382//382
f 1736//1736 1729//1729 1731//1731
f 1731//1731 1737//1737 1736//1736
f 667//667 1737//1737 1731//1731
f 317//317 313//313 316//316
f 1731//1731 316//316 313//313
f 667//667 1731//1731 313//313
f 667//667 313//313 315//315
f 1685//1685 1686//1686 748//748
f 655//655 748//748 1686//1686
f 1461//1461 1687//1687 1686//1686
f 1706//1706 1686//1686 1687//1687
f 1705//1705 1686//1686 1706//1706
f 1686//1686 1705//1705 655//655
f 1419//1419 1688//1688 1421//1421
f 1421//1421 1688//1688 1687//1687
f 1687//1687 1689//1689 1706//1706
f 1234//1234 1706//1706 1689//1689
f 1234//1234 1689//1689 1690//1690
f 61//61 66//66 65//65
f 242//242 321//321 142//142
f 242//242 142//142 322//322
f 1311//1311 329//329 671//671
f 670//670 1261//1261 1311//1311
f 329//329 1311//1311 327//327
f 866//866 327//327 1311//1311
f 328//328 331//331 332//332
f 329//329 332//332 617//617
f 332//332 329//329 328//328
f 194//194 315//315 267//267
f 268//268 267//267 269//269
f 482//482 271//271 269//269
f 408//408 866//866 1262//1262
f 1311//1311 1262//1262 866//866
f 352//352 1691//1691 35//35
f 149//149 35//35 1691//1691
f 1691//1691 1694//1694 149//149
f 1694//1694 1691//1691 1692//1692
f 752//752 1695//1695 1743//1743
f 752//752 750//750 1695//1695
f 1659//1659 190//190 186//186
f 1743//1743 1703//1703 752//752
f 1044//1044 752//752 1703//1703
f 1044//1044 1703//1703 1507//1507
f 203//203 200//200 652//652
f 203//203 495//495 494//494
f 293//293 42//42 514//514
f 514//514 367//367 816//816
f 293//293 514//514 816//816
f 295//295 293//293 816//816
f 163//163 150//150 292//292
f 1230//1230 295//295 816//816
f 1230//1230 294//294 295//295
f 622//622 208//208 1675//1675
f 1290//1290 1230//1230 818//818
f 610//610 1230//1230 1290//1290
f 610//610 297//297 1230//1230
f 610//610 1290//1290 591//591
f 1738//1738 1730//1730 1736//1736
f 1738//1738 1737//1737 667//667
f 667//667 193//193 1738//1738
f 315//315 194//194 193//193
f 196//196 190//190 1659//1659
f 204//204 494//494 1675//1675
f 494//494 204//204 203//203
f 1675//1675 206//206 204//204
f 206//206 1675//1675 208//208
f 283//283 209//209 208//208
f 249//249 239//239 240//240
f 248//248 250//250 247//247
f 255//255 247//247 250//250
f 250//250 252//252 255//255
f 256//256 255//255 252//252
f 266//266 195//195 194//194
f 195//195 266//266 268//268
f 268//268 272//272 195//195
f 272//272 270//270 276//276
f 249//249 282//282 239//239
f 192//192 185//185 1273//1273
f 188//188 191//191 192//192
f 188//188 187//187 191//191
f 187//187 188//188 157//157
f 190//190 189//189 646//646
f 196//196 199//199 197//197
f 198//198 197//197 199//199
f 200//200 202//202 201//201
f 1399//1399 335//335 1398//1398
f 632//632 725//725 1433//1433
f 1447//1447 477//477 768//768
f 477//477 1365//1365 1557//1557
f 647//647 715//715 648//648
f 715//715 647//647 636//636
f 812//812 813//813 1223//1223
f 110//110 363//363 480//480
f 80//80 79//79 1644//1644
f 450//450 444//444 1630//1630
f 447//447 181//181 452//452
f 452//452 181//181 454//454
f 450//450 452//452 454//454
f 1744//1744 1346//1346 587//587
f 904//904 902//902 905//905
f 128//128 368//368 321//321
f 617//617 593//593 1722//1722
f 617//617 594//594 593//593
f 859//859 617//617 1722//1722
f 670//670 859//859 1260//1260
f 670//670 617//617 859//859
f 329//329 617//617 671//671
f 580//580 579//579 1745//1745
f 588//588 579//579 580//580
f 943//943 939//939 756//756
f 769//769 756//756 939//939
f 1132//1132 1534//1534 1533//1533
f 777//777 1372//1372 775//775
f 1656//1656 1565//1565 1696//1696
f 1708//1708 1044//1044 1507//1507
f 1708//1708 513//513 1044//1044
f 1675//1675 494//494 622//622
f 623//623 622//622 494//494
f 485//485 597//597 596//596
f 471//471 563//563 564//564
f 337//337 336//336 501//501
f 337//337 501//501 1//1
f 338//338 337//337 1//1
f 544//544 920//920 677//677
f 677//677 920//920 1333//1333
f 914//914 545//545 340//340
f 1364//1364 546//546 963//963
f 1039//1039 1132//1132 1538//1538
f 1533//1533 1538//1538 1132//1132
f 1534//1534 1132//1132 1414//1414
f 1544//1544 1546//1546 1545//1545
f 744//744 1542//1542 1545//1545
f 1544//1544 685//685 634//634
f 634//634 1130//1130 1544//1544
f 1544//1544 1130//1130 1546//1546
f 1216//1216 1288//1288 1042//1042
f 1288//1288 33//33 1042//1042
f 1289//1289 26//26 27//27
f 426//426 505//505 506//506
f 753//753 754//754 571//571
f 1564//1564 1365//1365 1747//1747
f 1565//1565 355//355 1570//1570
f 1560//1560 507//507 1569//1569
f 805//805 375//375 374//374
f 849//849 1749//1749 843//843
f 1330//1330 1313//1313 1312//1312
f 1312//1312 561//561 630//630
f 530//530 630//630 561//561
f 561//561 1312//1312 1313//1313
f 561//561 529//529 530//530
f 95//95 342//342 68//68
f 342//342 344//344 642//642
f 1101//1101 1309//1309 1189//1189
f 147//147 145//145 146//146
f 351//351 147//147 1539//1539
f 351//351 148//148 147//147
f 1037//1037 1537//1537 145//145
f 1537//1537 1037//1037 1039//1039
f 744//744 1545//1545 1546//1546
f 744//744 1546//1546 1457//1457
f 1546//1546 1130//1130 1442//1442
f 1546//1546 1442//1442 1456//1456
f 1539//1539 712//712 350//350
f 1539//1539 350//350 351//351
f 350//350 148//148 351//351
f 350//350 1649//1649 148//148
f 1214//1214 350//350 712//712
f 1214//1214 1649//1649 350//350
f 745//745 744//744 1457//1457
f 745//745 1457//1457 746//746
f 1731//1731 1732//1732 184//184
f 749//749 312//312 476//476
f 317//317 476//476 312//312
f 760//760 36//36 755//755
f 764//764 758//758 768//768
f 760//760 107//107 354//354
f 762//762 758//758 764//764
f 356//356 601//601 1278//1278
f 1568//1568 1368//1368 718//718
f 1560//1560 1368//1368 1568//1568
f 1368//1368 1560//1560 1569//1569
f 1696//1696 814//814 1656//1656
f 110//110 492//492 111//111
f 493//493 603//603 1711//1711
f 794//794 805//805 517//517
f 823//823 795//795 517//517
f 1713//1713 1751//1751 824//824
f 1714//1714 824//824 1751//1751
f 1713//1713 431//431 518//518
f 1751//1751 1713//1713 518//518
f 1733//1733 1716//1716 1751//1751
f 1733//1733 1751//1751 518//518
f 1751//1751 1716//1716 1714//1714
f 1715//1715 1714//1714 1716//1716
f 1733//1733 1717//1717 1716//1716
f 1726//1726 1735//1735 1734//1734
f 1735//1735 591//591 1734//1734
f 608//608 591//591 1735//1735
f 611//611 609//609 1727//1727
f 386//386 611//611 1727//1727
f 1442//1442 1588//1588 1589//1589
f 481//481 45//45 392//392
f 1677//1677 392//392 45//45
f 1589//1589 628//628 1611//1611
f 318//318 1590//1590 1611//1611
f 1457//1457 1546//1546 1456//1456
f 1456//1456 1458//1458 1457//1457
f 1611//1611 1418//1418 1589//1589
f 1458//1458 1589//1589 1418//1418
f 1589//1589 1458//1458 1456//1456
f 1611//1611 1590//1590 1591//1591
f 166//166 1590//1590 318//318
f 1591//1591 1418//1418 1611//1611
f 1591//1591 1637//1637 1418//1418
f 746//746 1457//1457 1458//1458
f 1684//1684 746//746 1458//1458
f 1458//1458 1460//1460 1684//1684
f 1460//1460 1458//1458 1417//1417
f 1418//1418 1637//1637 1638//1638
f 502//502 573//573 1364//1364
f 1644//1644 1327//1327 1341//1341
f 576//576 844//844 1752//1752
f 1753//1753 846//846 1746//1746
f 849//849 846//846 1753//1753
f 1722//1722 1746//1746 846//846
f 1746//1746 1722//1722 593//593
f 908//908 340//340 1434//1434
f 544//544 545//545 920//920
f 340//340 544//544 1434//1434
f 544//544 1604//1604 1434//1434
f 1333//1333 1604//1604 544//544
f 599//599 1556//1556 1604//1604
f 1323//1323 359//359 358//358
f 729//729 359//359 1323//1323
f 80//80 1644//1644 1341//1341
f 1046//1046 1326//1326 1327//1327
f 1343//1343 1755//1755 1756//1756
f 1625//1625 1627//1627 1757//1757
f 1757//1757 694//694 1625//1625
f 1646//1646 630//630 530//530
f 499//499 1629//1629 1426//1426
f 442//442 443//443 565//565
f 1629//1629 446//446 1630//1630
f 1630//1630 179//179 1629//1629
f 445//445 180//180 179//179
f 445//445 1630//1630 444//444
f 449//449 1630//1630 447//447
f 449//449 450//450 1630//1630
f 451//451 447//447 448//448
f 1759//1759 570//570 1758//1758
f 819//819 665//665 822//822
f 1663//1663 822//822 665//665
f 517//517 665//665 823//823
f 805//805 374//374 517//517
f 593//593 607//607 1746//1746
f 1761//1761 1760//1760 575//575
f 1762//1762 1763//1763 1764//1764
f 1763//1763 1762//1762 265//265
f 263//263 262//262 1765//1765
f 1766//1766 264//264 265//265
f 265//265 263//263 1763//1763
f 661//661 1556//1556 599//599
f 661//661 1218//1218 1556//1556
f 610//610 591//591 608//608
f 548//548 387//387 1337//1337
f 1383//1383 843//843 1749//1749
f 843//843 1383//1383 1382//1382
f 1762//1762 1764//1764 1770//1770
f 262//262 548//548 1765//1765
f 598//598 600//600 1333//1333
f 949//949 1266//1266 955//955
f 599//599 728//728 661//661
f 297//297 294//294 1230//1230
f 469//469 561//561 468//468
f 468//468 561//561 1313//1313
f 183//183 541//541 581//581
f 1679//1679 1099//1099 981//981
f 690//690 728//728 547//547
f 768//768 758//758 1447//1447
f 778//778 1566//1566 717//717
f 1319//1319 573//573 574//574
f 574//574 1773//1773 1319//1319
f 1598//1598 1581//1581 1774//1774
f 70//70 69//69 1607//1607
f 634//634 686//686 635//635
f 1756//1756 1772//1772 552//552
f 1777//1777 584//584 555//555
f 532//532 563//563 471//471
f 914//914 924//924 545//545
f 658//658 145//145 147//147
f 635//635 1041//1041 634//634
f 686//686 634//634 685//685
f 1447//1447 1568//1568 1448//1448
f 353//353 354//354 107//107
f 356//356 1570//1570 355//355
f 721//721 1575//1575 1322//1322
f 1663//1663 1713//1713 822//822
f 1673//1673 1713//1713 1663//1663
f 1713//1713 1673//1673 572//572
f 431//431 1713//1713 572//572
f 434//434 605//605 377//377
f 377//377 605//605 1779//1779
f 607//607 1748//1748 1746//1746
f 551//551 549//549 1377//1377
f 1774//1774 551//551 1377//1377
f 584//584 1756//1756 552//552
f 1780//1780 1761//1761 1778//1778
f 1753//1753 1746//1746 1748//1748
f 849//849 1753//1753 1749//1749
f 849//849 843//843 842//842
f 848//848 846//846 849//849
f 1769//1769 595//595 330//330
f 618//618 1770//1770 1769//1769
f 708//708 1654//1654 1781//1781
f 535//535 1758//1758 567//567
f 631//631 619//619 539//539
f 631//631 1655//1655 619//619
f 631//631 1783//1783 1655//1655
f 569//569 1784//1784 578//578
f 578//578 539//539 569//569
f 1784//1784 641//641 578//578
f 631//631 589//589 1783//1783
f 540//540 580//580 541//541
f 589//589 588//588 580//580
f 540//540 589//589 580//580
f 1664//1664 1566//1566 1504//1504
f 1504//1504 1503//1503 1664//1664
f 509//509 508//508 507//507
f 509//509 510//510 508//508
f 815//815 44//44 603//603
f 150//150 514//514 364//364
f 821//821 1502//1502 1504//1504
f 1785//1785 826//826 1373//1373
f 605//605 826//826 1785//1785
f 605//605 1785//1785 1779//1779
f 1786//1786 381//381 1779//1779
f 377//377 1779//1779 378//378
f 378//378 1779//1779 380//380
f 381//381 380//380 1779//1779
f 112//112 380//380 381//381
f 381//381 607//607 115//115
f 382//382 112//112 114//114
f 666//666 1725//1725 1721//1721
f 1721//1721 1704//1704 1720//1720
f 1735//1735 1726//1726 666//666
f 666//666 608//608 1735//1735
f 666//666 1721//1721 1720//1720
f 608//608 666//666 609//609
f 609//609 666//666 1720//1720
f 1720//1720 385//385 1727//1727
f 383//383 385//385 384//384
f 384//384 1787//1787 1788//1788
f 382//382 1787//1787 384//384
f 1788//1788 387//387 384//384
f 1337//1337 1765//1765 548//548
f 584//584 552//552 555//555
f 584//584 1777//1777 1778//1778
f 1789//1789 1777//1777 837//837
f 1789//1789 837//837 838//838
f 1778//1778 1777//1777 1789//1789
f 1778//1778 1789//1789 838//838
f 1761//1761 1780//1780 1760//1760
f 575//575 1760//1760 1791//1791
f 844//844 576//576 575//575
f 844//844 575//575 1791//1791
f 1622//1622 844//844 1791//1791
f 1769//1769 1770//1770 1792//1792
f 330//330 595//595 594//594
f 1792//1792 1770//1770 1764//1764
f 1762//1762 1770//1770 577//577
f 1762//1762 577//577 1776//1776
f 1776//1776 577//577 585//585
f 1776//1776 1793//1793 1762//1762
f 265//265 1762//1762 1766//1766
f 1766//1766 1762//1762 1793//1793
f 1793//1793 1794//1794 1766//1766
f 817//817 1710//1710 625//625
f 817//817 163//163 1710//1710
f 163//163 1709//1709 1710//1710
f 610//610 302//302 297//297
f 608//608 302//302 610//610
f 608//608 305//305 302//302
f 311//311 387//387 548//548
f 245//245 243//243 244//244
f 82//82 248//248 246//246
f 245//245 248//248 243//243
f 250//250 248//248 245//245
f 1795//1795 254//254 256//256
f 259//259 263//263 265//265
f 253//253 1795//1795 251//251
f 256//256 252//252 251//251
f 256//256 251//251 1795//1795
f 877//877 726//726 733//733
f 1088//1088 877//877 733//733
f 877//877 1088//1088 1091//1091
f 964//964 968//968 347//347
f 1286//1286 993//993 1125//1125
f 1286//1286 1125//1125 994//994
f 1581//1581 550//550 551//551
f 834//834 831//831 833//833
f 833//833 1046//1046 1645//1645
f 1047//1047 833//833 1645//1645
f 722//722 70//70 969//969
f 1423//1423 590//590 1406//1406
f 560//560 423//423 590//590
f 630//630 560//560 1280//1280
f 446//446 1629//1629 499//499
f 446//446 447//447 1630//1630
f 452//452 450//450 449//449
f 1782//1782 566//566 1655//1655
f 943//943 1401//1401 936//936
f 968//968 1436//1436 1352//1352
f 968//968 1323//1323 1436//1436
f 1797//1797 1360//1360 1335//1335
f 1360//1360 1156//1156 1335//1335
f 769//769 765//765 756//756
f 807//807 1681//1681 802//802
f 1598//1598 1774//1774 1798//1798
f 1755//1755 1772//1772 1756//1756
f 1790//1790 1343//1343 1756//1756
f 576//576 1752//1752 1382//1382
f 576//576 1382//1382 1381//1381
f 1342//1342 1790//1790 576//576
f 576//576 1790//1790 575//575
f 1381//1381 1342//1342 576//576
f 1761//1761 1756//1756 584//584
f 584//584 1778//1778 1761//1761
f 1790//1790 1756//1756 1761//1761
f 575//575 1790//1790 1761//1761
f 843//843 1382//1382 1752//1752
f 1260//1260 859//859 858//858
f 853//853 1260//1260 858//858
f 1763//1763 263//263 1765//1765
f 535//535 568//568 536//536
f 1346//1346 1744//1744 1347//1347
f 589//589 578//578 579//579
f 1800//1800 1745//1745 1348//1348
f 1347//1347 1799//1799 1348//1348
f 580//580 1745//1745 1800//1800
f 581//581 580//580 1800//1800
f 587//587 85//85 1744//1744
f 120//120 1744//1744 85//85
f 120//120 1347//1347 1744//1744
f 1347//1347 120//120 1799//1799
f 1348//1348 1799//1799 122//122
f 122//122 1800//1800 1348//1348
f 1799//1799 120//120 122//122
f 122//122 581//581 1800//1800
f 122//122 182//182 581//581
f 581//581 182//182 183//183
f 1334//1334 1318//1318 546//546
f 1801//1801 1283//1283 1287//1287
f 995//995 1362//1362 1156//1156
f 1155//1155 1404//1404 995//995
f 1767//1767 1802//1802 995//995
f 1404//1404 1767//1767 995//995
f 407//407 706//706 441//441
f 1327//1327 1644//1644 60//60
f 59//59 60//60 1644//1644
f 1644//1644 1595//1595 59//59
f 1625//1625 694//694 695//695
f 1628//1628 1616//1616 523//523
f 523//523 1425//1425 1628//1628
f 121//121 119//119 500//500
f 582//582 121//121 500//500
f 916//916 1514//1514 881//881
f 1514//1514 916//916 918//918
f 1402//1402 918//918 1412//1412
f 813//813 430//430 1223//1223
f 563//563 499//499 498//498
f 619//619 565//565 532//532
f 619//619 442//442 565//565
f 1655//1655 442//442 619//619
f 442//442 1655//1655 566//566
f 600//600 1604//1604 1333//1333
f 600//600 599//599 1604//1604
f 430//430 429//429 663//663
f 428//428 170//170 429//429
f 811//811 1223//1223 430//430
f 567//567 570//570 534//534
f 535//535 567//567 534//534
f 532//532 539//539 619//619
f 955//955 1266//1266 1803//1803
f 458//458 947//947 950//950
f 953//953 949//949 952//952
f 951//951 457//457 459//459
f 682//682 680//680 951//951
f 683//683 682//682 1804//1804
f 970//970 731//731 1619//1619
f 1607//1607 1619//1619 731//731
f 70//70 1607//1607 731//731
f 1619//1619 1607//1607 1620//1620
f 1614//1614 1620//1620 1607//1607
f 1013//1013 1011//1011 1020//1020
f 1572//1572 1576//1576 479//479
f 1371//1371 775//775 1372//1372
f 1619//1619 1323//1323 970//970
f 1620//1620 1614//1614 1621//1621
f 826//826 605//605 804//804
f 375//375 805//805 605//605
f 607//607 381//381 1748//1748
f 1374//1374 1319//1319 1773//1773
f 1375//1375 1374//1374 1773//1773
f 1375//1375 1773//1773 1338//1338
f 1807//1807 1338//1338 1771//1771
f 549//549 1370//1370 1768//1768
f 550//550 1370//1370 549//549
f 1338//1338 1326//1326 1340//1340
f 549//549 1768//1768 1340//1340
f 1376//1376 1338//1338 1807//1807
f 80//80 1341//1341 1807//1807
f 1045//1045 80//80 1807//1807
f 1341//1341 1376//1376 1807//1807
f 1326//1326 1338//1338 1376//1376
f 1341//1341 1327//1327 1376//1376
f 1774//1774 1377//1377 1326//1326
f 1798//1798 1774//1774 1326//1326
f 1377//1377 549//549 1340//1340
f 1598//1598 1580//1580 1581//1581
f 1597//1597 1580//1580 1598//1598
f 827//827 1597//1597 828//828
f 1798//1798 1378//1378 1598//1598
f 1378//1378 1798//1798 830//830
f 1598//1598 1378//1378 1597//1597
f 828//828 1597//1597 1378//1378
f 1326//1326 1376//1376 1327//1327
f 1326//1326 1380//1380 1798//1798
f 830//830 1798//1798 1380//1380
f 1380//1380 831//831 830//830
f 1380//1380 1326//1326 1046//1046
f 1046//1046 833//833 1380//1380
f 833//833 831//831 1380//1380
f 1258//1258 1048//1048 1328//1328
f 1258//1258 1328//1328 839//839
f 1342//1342 1343//1343 1790//1790
f 844//844 843//843 1752//1752
f 980//980 1808//1808 1614//1614
f 1808//1808 1626//1626 1614//1614
f 1808//1808 1615//1615 1626//1626
f 980//980 1615//1615 1808//1808
f 469//469 470//470 1654//1654
f 1624//1624 1621//1621 1614//1614
f 1614//1614 1626//1626 1624//1624
f 1058//1058 1057//1057 1059//1059
f 1057//1057 672//672 1059//1059
f 117//117 1324//1324 1059//1059
f 1064//1064 1063//1063 1062//1062
f 676//676 586//586 1064//1064
f 570//570 596//596 534//534
f 596//596 570//570 485//485
f 1345//1345 525//525 1332//1332
f 524//524 1332//1332 525//525
f 84//84 1345//1345 1385//1385
f 1385//1385 1345//1345 1332//1332
f 1385//1385 1332//1332 1386//1386
f 86//86 84//84 1385//1385
f 1388//1388 86//86 1385//1385
f 533//533 537//537 1809//1809
f 533//533 534//534 537//537
f 1331//1331 533//533 1809//1809
f 524//524 533//533 1331//1331
f 1810//1810 1758//1758 535//535
f 535//535 536//536 1810//1810
f 640//640 1346//1346 579//579
f 579//579 1346//1346 1745//1745
f 1348//1348 1745//1745 1346//1346
f 87//87 86//86 1388//1388
f 841//841 174//174 175//175
f 301//301 300//300 127//127
f 572//572 370//370 431//431
f 664//664 110//110 111//111
f 108//108 109//109 478//478
f 461//461 492//492 110//110
f 905//905 903//903 906//906
f 914//914 910//910 924//924
f 896//896 1811//1811 1812//1812
f 1146//1146 895//895 896//896
f 1146//1146 896//896 1813//1813
f 1812//1812 1813//1813 896//896
f 940//940 1183//1183 929//929
f 929//929 1183//1183 1146//1146
f 929//929 1146//1146 928//928
f 1144//1144 898//898 931//931
f 1803//1803 1266//1266 906//906
f 1814//1814 950//950 948//948
f 459//459 950//950 951//951
f 1814//1814 948//948 953//953
f 951//951 950//950 1814//1814
f 1147//1147 1815//1815 1351//1351
f 1816//1816 1814//1814 953//953
f 1814//1814 1816//1816 951//951
f 951//951 1804//1804 682//682
f 975//975 973//973 979//979
f 979//979 973//973 976//976
f 978//978 975//975 979//979
f 1679//1679 1817//1817 1099//1099
f 955//955 1803//1803 1207//1207
f 1207//1207 1009//1009 955//955
f 873//873 872//872 1035//1035
f 503//503 29//29 1444//1444
f 1336//1336 1374//1374 1818//1818
f 1574//1574 1526//1526 683//683
f 1222//1222 806//806 810//810
f 826//826 804//804 1222//1222
f 387//387 1788//1788 1337//1337
f 573//573 1467//1467 574//574
f 1612//1612 574//574 705//705
f 1613//1613 705//705 704//704
f 1771//1771 574//574 1612//1612
f 1593//1593 1592//1592 1819//1819
f 1468//1468 1593//1593 1819//1819
f 558//558 975//975 978//978
f 558//558 978//978 559//559
f 1820//1820 1615//1615 980//980
f 901//901 898//898 1098//1098
f 898//898 901//901 899//899
f 966//966 965//965 977//977
f 1817//1817 1679//1679 1821//1821
f 980//980 1679//1679 981//981
f 1821//1821 1679//1679 69//69
f 1614//1614 69//69 1679//1679
f 5//5 97//97 1115//1115
f 1358//1358 1116//1116 1490//1490
f 1358//1358 14//14 1116//1116
f 1822//1822 1119//1119 1118//1118
f 1120//1120 1126//1126 1096//1096
f 1098//1098 1096//1096 1126//1126
f 1801//1801 14//14 1358//1358
f 1823//1823 1360//1360 1824//1824
f 1822//1822 1359//1359 1119//1119
f 1360//1360 1823//1823 1287//1287
f 1287//1287 1823//1823 1801//1801
f 995//995 1802//1802 1362//1362
f 100//100 1123//1123 123//123
f 999//999 1825//1825 123//123
f 1317//1317 100//100 123//123
f 123//123 1826//1826 1317//1317
f 1826//1826 123//123 1825//1825
f 21//21 1826//1826 1825//1825
f 1826//1826 21//21 1658//1658
f 105//105 1126//1126 1121//1121
f 1648//1648 1001//1001 1647//1647
f 1647//1647 1001//1001 1000//1000
f 1002//1002 1647//1647 1000//1000
f 1004//1004 1009//1009 1003//1003
f 1002//1002 1363//1363 1647//1647
f 1004//1004 1363//1363 1002//1002
f 100//100 1317//1317 684//684
f 21//21 1825//1825 1001//1001
f 1001//1001 1648//1648 22//22
f 1001//1001 22//22 21//21
f 21//21 1159//1159 1658//1658
f 21//21 1158//1158 1159//1159
f 1006//1006 998//998 1827//1827
f 1020//1020 1014//1014 1021//1021
f 1828//1828 1020//1020 1021//1021
f 1022//1022 1013//1013 1020//1020
f 1022//1022 1020//1020 1828//1828
f 1040//1040 1038//1038 1037//1037
f 1036//1036 1038//1038 1040//1040
f 107//107 763//763 1220//1220
f 1375//1375 1806//1806 1374//1374
f 1773//1773 574//574 1338//1338
f 1338//1338 574//574 1771//1771
f 1771//1771 1612//1612 1045//1045
f 1771//1771 1045//1045 1807//1807
f 1045//1045 1612//1612 1293//1293
f 1328//1328 829//829 828//828
f 553//553 1378//1378 830//830
f 556//556 1379//1379 553//553
f 554//554 553//553 830//830
f 554//554 830//830 831//831
f 1777//1777 555//555 554//554
f 1777//1777 554//554 837//837
f 837//837 554//554 832//832
f 1830//1830 1034//1034 1032//1032
f 468//468 1135//1135 470//470
f 1055//1055 1056//1056 1134//1134
f 470//470 1135//1135 1654//1654
f 1625//1625 1624//1624 1627//1627
f 1065//1065 1066//1066 1831//1831
f 1831//1831 1833//1833 1065//1065
f 1161//1161 1065//1065 1833//1833
f 1161//1161 1809//1809 537//537
f 1809//1809 1161//1161 1833//1833
f 597//597 675//675 596//596
f 596//596 675//675 676//676
f 143//143 675//675 597//597
f 1759//1759 485//485 570//570
f 538//538 485//485 1759//1759
f 891//891 1093//1093 1095//1095
f 1098//1098 898//898 1096//1096
f 456//456 93//93 92//92
f 930//930 415//415 931//931
f 950//950 945//945 948//948
f 956//956 1350//1350 954//954
f 951//951 1816//1816 1804//1804
f 546//546 1336//1336 1334//1334
f 972//972 966//966 977//977
f 97//97 5//5 4//4
f 1125//1125 993//993 1097//1097
f 1120//1120 1097//1097 993//993
f 1126//1126 1120//1120 1121//1121
f 1120//1120 993//993 1122//1122
f 1358//1358 1283//1283 1801//1801
f 1127//1127 999//999 1123//1123
f 999//999 1127//1127 997//997
f 999//999 997//997 998//998
f 123//123 1123//1123 999//999
f 100//100 105//105 1123//1123
f 1836//1836 997//997 1127//1127
f 1001//1001 999//999 1000//1000
f 1825//1825 999//999 1001//1001
f 1009//1009 1010//1010 955//955
f 1010//1010 1014//1014 1012//1012
f 1007//1007 1015//1015 1010//1010
f 1014//1014 1010//1010 1016//1016
f 1014//1014 1016//1016 1021//1021
f 1016//1016 1010//1010 1015//1015
f 1364//1364 573//573 546//546
f 1020//1020 1012//1012 1014//1014
f 1034//1034 1023//1023 1032//1032
f 1324//1324 117//117 1325//1325
f 1052//1052 1049//1049 1033//1033
f 1134//1134 1052//1052 1033//1033
f 1053//1053 1050//1050 1052//1052
f 1134//1134 1033//1033 1055//1055
f 1055//1055 1033//1033 1034//1034
f 1654//1654 529//529 469//469
f 1063//1063 1057//1057 1058//1058
f 1058//1058 1062//1062 1063//1063
f 1324//1324 1060//1060 1059//1059
f 1060//1060 1066//1066 1058//1058
f 175//175 1263//1263 841//841
f 562//562 484//484 1427//1427
f 570//570 567//567 1758//1758
f 543//543 1139//1139 542//542
f 1095//1095 1093//1093 1094//1094
f 1523//1523 340//340 915//915
f 924//924 920//920 545//545
f 941//941 927//927 940//940
f 940//940 927//927 926//926
f 940//940 926//926 1183//1183
f 1101//1101 1104//1104 1309//1309
f 14//14 12//12 1116//1116
f 1152//1152 1153//1153 1805//1805
f 1836//1836 1152//1152 1805//1805
f 1836//1836 1805//1805 996//996
f 1127//1127 1122//1122 1154//1154
f 1123//1123 1122//1122 1127//1127
f 1127//1127 1154//1154 1836//1836
f 1836//1836 1154//1154 1152//1152
f 1836//1836 996//996 997//997
f 1036//1036 1035//1035 1129//1129
f 873//873 1035//1035 1036//1036
f 1036//1036 1129//1129 1038//1038
f 1557//1557 424//424 477//477
f 1838//1838 1818//1818 1374//1374
f 683//683 1835//1835 1574//1574
f 1322//1322 1575//1575 1321//1321
f 1339//1339 1340//1340 1768//1768
f 117//117 1059//1059 1596//1596
f 1133//1133 1052//1052 1134//1134
f 1062//1062 1058//1058 1066//1066
f 1068//1068 564//564 562//562
f 471//471 564//564 1068//1068
f 1187//1187 1185//1185 1102//1102
f 1189//1189 1185//1185 1187//1187
f 1152//1152 1285//1285 1153//1153
f 1119//1119 1805//1805 1153//1153
f 1122//1122 994//994 1154//1154
f 1119//1119 1361//1361 1805//1805
f 1658//1658 1317//1317 1826//1826
f 468//468 1133//1133 1135//1135
f 537//537 676//676 1064//1064
f 534//534 676//676 537//537
f 1064//1064 1062//1062 1065//1065
f 1065//1065 1161//1161 1064//1064
f 537//537 1064//1064 1161//1161
f 143//143 1068//1068 1067//1067
f 369//369 496//496 300//300
