# Created by Open3D 
# object name: cluster7
# number of vertices: 1791
# number of triangles: 2999
v -2.32813 0.671705 -0.99574
vn -0.0165711 -0.0144041 0.999759
v -2.26003 0.694411 -0.992872
vn -0.0173917 -0.0122145 0.999774
v -2.3302 0.75345 -0.99397
vn -0.0225183 -0.034611 0.999147
v -2.22312 0.731304 -0.991936
vn 0.00884749 -0.0164282 0.999826
v -2.2884 0.75117 -0.99206
vn -0.0347652 -0.0305841 0.998927
v -2.4927 0.61494 -0.99275
vn -0.00637384 -0.0140078 0.999882
v -2.62421 0.64463 -0.994608
vn -0.00288013 -0.0184631 0.999825
v -2.243 0.81929 -0.99087
vn -0.00623421 -0.0154825 0.999861
v -2.1748 0.67216 -0.85773
vn 0.0226162 -0.285762 0.958034
v -2.1976 0.68268 -0.856475
vn -0.107032 -0.43036 0.896289
v -2.1976 0.72847 -0.84474
vn 0.0635722 -0.172795 0.982904
v -2.1249 0.68306 -0.85773
vn 0.29416 -0.382856 0.875723
v -2.1521 0.77388 -0.83986
vn 0.113774 -0.156062 0.981173
v -2.1294 0.69441 -0.872575
vn 0.95812 -0.0709384 -0.277442
v -2.1067 0.69326 -0.85773
vn 0.395438 -0.493876 0.774413
v -2.1067 0.70576 -0.87524
vn 0.539754 -0.613584 -0.576351
v -2.09535 0.79658 -0.8452
vn 0.129519 -0.137739 0.981964
v -2.0341 0.749375 -0.85773
vn 0.3534 -0.860633 0.366632
v -2.0386 0.75117 -0.87825
vn 0.365701 -0.916808 -0.160396
v -2.1748 0.83064 -0.98938
vn -0.0105614 0.0053762 0.99993
v -2.14075 0.85902 -0.990745
vn 0.0625142 0.0304941 0.997578
v -2.2203 0.7551 -0.83503
vn 0.0830373 -0.301632 0.949802
v -2.2203 0.72847 -0.84662
vn 0.0524064 -0.28262 0.957799
v -2.243 0.75611 -0.83503
vn -0.0428237 -0.195811 0.979706
v -2.1521 0.79549 -0.83503
vn 0.111534 -0.152685 0.981961
v -2.243 0.807935 -0.82657
vn -0.0211913 -0.13347 0.990826
v -2.26653 0.7921 -0.83431
vn -0.312541 -0.212945 0.925728
v -2.0386 0.77388 -0.87495
vn 0.914232 0.0582668 -0.400981
v -1.9932 0.79658 -0.87681
vn 0.865564 -0.275455 -0.418239
v -1.94348 0.826247 -0.85773
vn 0.63019 -0.544986 0.553038
v -1.99145 0.77248 -0.85773
vn 0.420659 -0.40949 0.809546
v -1.9251 0.8647 -0.87823
vn 0.680676 -0.435962 -0.588743
v -2.2657 0.63765 -0.99231
vn -0.0406656 -0.000564766 0.999173
v -2.14359 0.614768 -0.994574
vn 0.0247596 -0.0152335 0.999577
v -2.3792 0.63765 -0.99361
vn 0.0198522 -0.0114644 0.999737
v -2.13508 0.73982 -0.993742
vn 0.0430012 -0.016627 0.998937
v -2.09033 0.824493 -0.993755
vn 0.048285 -0.00824526 0.9988
v -2.05563 0.788068 -0.996025
vn 0.0130026 -0.00083616 0.999915
v -1.96766 0.710019 -0.996283
vn 0.0282959 -0.0214333 0.99937
v -1.89672 0.768202 -0.998173
vn 0.0349811 -0.00221147 0.999386
v -1.91943 0.675962 -1.00154
vn 0.048132 -0.035921 0.998195
v -1.97617 0.800842 -0.997159
vn 0.0164633 0.0253148 0.999544
v -2.00739 0.886693 -0.995492
vn 0.0388561 -0.0149302 0.999133
v -1.95064 0.867534 -0.998096
vn -1.40394e-05 -0.00720744 0.999974
v -1.8797 0.85902 -0.999401
vn 0.0244882 -0.0231932 0.999431
v -2.11805 0.91011 -0.996135
vn 0.0257042 0.0174596 0.999517
v -2.05338 0.95552 -0.99315
vn -0.0191703 -0.0290886 0.999393
v -1.9024 0.90443 -0.99706
vn 0.01787 -0.015029 0.999727
v -1.9705 1.03495 -0.99682
vn 0.016072 -0.00298131 0.999866
v -2.0159 0.97822 -0.99287
vn 0.0138738 0.0399894 0.999104
v -1.92084 1.00233 -0.996299
vn 0.00134988 -0.0120687 0.999926
v -1.913 1.0098 -0.83503
vn 0.110057 -0.124177 0.986138
v -2.30818 1.1612 -0.790773
vn 0.0432047 -0.0588024 0.997334
v -2.22614 1.2235 -0.789645
vn 0.048796 -0.105935 0.993175
v -2.3451 1.1826 -0.78962
vn -0.091863 -0.00290422 0.995767
v -2.3338 1.1444 -0.78962
vn -0.0334645 -0.112212 0.993121
v -2.33515 1.2555 -0.78962
vn -0.0908125 0.00179952 0.995866
v -2.28272 1.26205 -0.785235
vn -0.0341566 -0.0828184 0.995979
v -2.3111 1.28475 -0.786175
vn -0.171038 -0.0069701 0.98524
v -2.3023 1.3415 -0.78962
vn -0.348804 0.102016 0.931627
v -2.16657 1.06843 -0.809978
vn 0.0726576 -0.105192 0.991794
v -2.09453 1.05728 -0.814515
vn 0.0656223 -0.102056 0.992612
v -2.03007 1.13338 -0.81232
vn 0.0909823 -0.0923405 0.991562
v -2.22597 1.15139 -0.796394
vn 0.0729312 -0.0938006 0.992916
v -2.09251 1.20814 -0.801681
vn 0.0954132 -0.10572 0.989808
v -2.0613 1.17692 -0.808175
vn 0.0818323 -0.0762305 0.993727
v -2.00313 1.0754 -0.821756
vn 0.0929426 -0.0858933 0.99196
v -1.93645 1.12585 -0.824765
vn 0.0826222 -0.0860578 0.992858
v -1.9932 1.1713 -0.81232
vn 0.0647934 -0.0896197 0.993866
v -1.94213 1.16557 -0.819235
vn 0.113744 -0.156932 0.981038
v -1.87402 1.19963 -0.81998
vn 0.0959392 -0.0918074 0.991144
v -1.93645 1.2068 -0.81232
vn 0.0816645 -0.0998565 0.991645
v -2.1294 1.2644 -0.78962
vn 0.0967427 -0.104501 0.989808
v -2.07325 1.32971 -0.790938
vn 0.0972651 -0.108571 0.989319
v -1.9478 1.2961 -0.80566
vn 0.0651496 -0.0922138 0.993606
v -1.86421 1.30318 -0.810784
vn 0.107315 -0.103283 0.988846
v -1.98185 1.41935 -0.78962
vn 0.0879377 -0.101675 0.990923
v -1.9024 1.42095 -0.79532
vn 0.0827175 -0.115317 0.989879
v -2.07265 1.41527 -0.7811
vn 0.111918 -0.0990268 0.988771
v -2.11195 1.51005 -0.76691
vn 0.112412 -0.0656762 0.991489
v -1.88018 1.4826 -0.78962
vn 0.0743609 -0.108719 0.991287
v -2.04995 1.46635 -0.78025
vn 0.102349 -0.081746 0.991384
v -1.82295 0.56953 -1.00775
vn 0.00420163 -0.0244113 0.999693
v -1.68665 0.56953 -1.00875
vn 0.0126745 -0.0578411 0.998245
v -1.82295 0.631973 -1.00608
vn 0.0223362 -0.0332396 0.999198
v -1.85274 0.698668 -1.00174
vn 0.0461251 -0.0281515 0.998539
v -1.69232 0.609265 -1.00557
vn 0.00190752 -0.0160362 0.99987
v -1.6299 0.56953 -1.0069
vn 0.00176272 -0.0764189 0.997074
v -1.5391 0.56953 -1.0087
vn 0.0281138 -0.0521639 0.998243
v -1.63061 0.633391 -1.00589
vn 8.74546e-05 -0.00609452 0.999981
v -1.55187 0.729887 -1.00685
vn -0.00684452 -0.0076505 0.999947
v -1.4029 0.56953 -1.0129
vn 0.000374052 -0.0222391 0.999753
v -1.46532 0.63765 -1.00677
vn 0.0278869 -0.0405723 0.998787
v -1.4029 0.637645 -1.0099
vn -0.0200286 -0.0259887 0.999462
v -1.3121 0.56953 -1.01
vn -0.00279047 -0.0644047 0.99792
v -1.1531 0.56953 -1.0133
vn 0.0325149 -0.0308473 0.998995
v -1.31493 0.654677 -1.007
vn -0.011213 -0.0218687 0.999698
v -1.23255 0.61494 -1.00835
vn 0.01699 -0.0310592 0.999373
v -1.84281 0.790906 -1.00065
vn 0.0325624 -0.0148752 0.999359
v -1.74912 0.70576 -1.00512
vn 0.021835 -0.024902 0.999451
v -1.7889 0.762525 -1.0008
vn 0.0372686 -0.010082 0.999254
v -1.7811 0.857603 -1.00245
vn 0.0429972 0.00663145 0.999053
v -1.7207 0.81929 -1.0053
vn 0.0142551 -0.00186273 0.999897
v -1.64693 0.717115 -1.00447
vn 0.0230747 -0.0092294 0.999691
v -1.59585 0.84199 -1.00505
vn -0.00300614 0.0157129 0.999872
v -1.6753 0.850507 -1.00517
vn 0.0101264 0.0134118 0.999859
v -1.471 0.796585 -1.0061
vn 0.0158456 0.0075423 0.999846
v -1.83714 0.93849 -0.998646
vn 0.031656 -0.022171 0.999253
v -1.77755 0.961191 -1.00168
vn 0.0604862 -0.0500165 0.996915
v -1.6753 0.93281 -1.0076
vn 0.014493 -0.00169104 0.999894
v -1.4256 0.78523 -1.00755
vn 0.0188541 -0.0021869 0.99982
v -1.39155 0.700085 -1.00937
vn -0.0216508 -0.0208436 0.999548
v -1.3348 0.72847 -1.005
vn -0.0390735 -0.00815953 0.999203
v -1.43695 0.870375 -1.0086
vn 0.0246563 0.0110894 0.999634
v -1.3802 0.84199 -1.0081
vn -0.0425859 0.00901232 0.999052
v -1.21836 0.742659 -1.00664
vn 0.0230679 -0.0186591 0.99956
v -1.28081 0.75685 -1.00409
vn 0.00301904 -0.0214081 0.999766
v -1.17012 0.69441 -1.00805
vn 0.0431704 0.00205434 0.999066
v -1.36034 0.910108 -1.00575
vn -0.042305 0.00275653 0.999101
v -1.2666 0.8874 -1.0049
vn 0.0372799 0.0244345 0.999006
v -1.89105 0.961195 -0.846032
vn 0.13937 -0.140399 0.980237
v -1.857 1.0009 -0.84674
vn 0.107618 -0.17886 0.977971
v -1.80025 1.05198 -0.842698
vn 0.129011 -0.172397 0.976543
v -1.8181 0.95552 -0.85773
vn 0.675627 -0.724934 0.13416
v -1.80025 0.98956 -0.87966
vn 0.557585 -0.599591 -0.574098
v -1.7662 0.99374 -0.85773
vn 0.940927 -0.295274 -0.165742
v -1.7222 1.02445 -0.85773
vn 0.136487 -0.195654 0.971129
v -1.07507 0.646163 -1.01411
vn 0.0496649 -0.0177937 0.998607
v -1.74064 1.24502 -0.993554
vn 0.0167023 -0.0287554 0.999447
v -1.80214 1.17956 -0.996261
vn -0.000936272 -0.0514608 0.998675
v -1.68665 1.17409 -0.996985
vn -0.00238042 -0.0406395 0.999171
v -1.69232 1.27624 -0.994301
vn 0.0421076 -0.00249423 0.99911
v -1.60153 1.17976 -0.998989
vn 0.0614852 0.0235745 0.99783
v -1.64693 1.33866 -0.996398
vn 0.0375921 0.00192708 0.999291
v -1.53626 1.35285 -0.998651
vn 0.0100293 -0.0197595 0.999754
v -1.6072 1.4096 -0.99909
vn -0.0156913 -0.0226229 0.999621
v -1.8109 1.09105 -0.83503
vn 0.106989 -0.122698 0.98666
v -1.7207 1.0463 -0.87911
vn 0.374807 -0.661412 -0.649657
v -1.71505 1.12016 -0.845274
vn 0.144355 -0.133181 0.980522
v -1.80025 1.20246 -0.825981
vn 0.0619315 -0.0858681 0.99438
v -1.7367 1.1599 -0.83503
vn 0.124318 -0.113142 0.985771
v -1.698 1.2283 -0.83503
vn 0.139763 -0.113498 0.983659
v -1.698 1.0348 -0.85773
vn 0.222935 -0.318846 0.921215
v -1.698 1.0463 -0.87952
vn 0.590499 -0.713736 -0.376685
v -1.6841 1.0463 -0.85773
vn 0.278911 -0.306931 0.909946
v -1.67185 1.0632 -0.85773
vn 0.59194 -0.280384 0.755639
v -1.6753 1.069 -0.87869
vn 0.935632 -0.172412 -0.308006
v -1.6753 1.1145 -0.87538
vn 0.795247 -0.0228539 -0.605855
v -1.6557 1.0968 -0.85773
vn 0.710253 -0.282004 0.644992
v -1.6526 1.1145 -0.8772
vn 0.839764 -0.239275 -0.487385
v -1.6413 1.1145 -0.85773
vn 0.56597 -0.25694 0.783365
v -1.68665 1.2053 -0.84087
vn 0.171095 -0.0926411 0.980889
v -1.6526 1.1372 -0.87506
vn 0.86392 0.0472688 -0.501405
v -1.62515 1.13125 -0.85773
vn 0.55239 -0.344611 0.759018
v -1.60385 1.17295 -0.85773
vn 0.633598 -0.258161 0.72932
v -1.6299 1.1372 -0.87594
vn 0.866347 -0.21253 -0.451966
v -1.6299 1.1599 -0.874
vn 0.669391 -0.317946 -0.671436
v -1.6072 1.1826 -0.87437
vn 0.777257 -0.349899 -0.522918
v -1.6072 1.228 -0.87218
vn 0.667852 -0.0905048 -0.738771
v -1.5845 1.2126 -0.85773
vn 0.500977 -0.335641 0.797726
v -1.8343 1.2734 -0.81982
vn 0.0729224 -0.0972953 0.99258
v -1.7889 1.33195 -0.81407
vn 0.0577159 -0.106401 0.992647
v -1.72784 1.29752 -0.824279
vn 0.120937 -0.0961107 0.987996
v -1.84565 1.4096 -0.80371
vn 0.0915146 -0.112957 0.989377
v -1.73479 1.42594 -0.809505
vn 0.0712915 -0.138626 0.987775
v -1.74518 1.37735 -0.8144
vn 0.149375 -0.104081 0.983287
v -1.698 1.3642 -0.82438
vn 0.108633 -0.128616 0.985727
v -1.6123 1.29392 -0.838283
vn 0.136565 -0.192542 0.97174
v -1.63558 1.4096 -0.81961
vn 0.0400961 -0.130693 0.990612
v -1.5697 1.228 -0.85773
vn 0.197655 -0.266818 0.943261
v -1.5845 1.228 -0.87361
vn 0.598448 -0.575132 -0.557748
v -1.5845 1.2507 -0.87219
vn 0.611175 -0.293605 -0.735025
v -1.52505 1.2531 -0.85773
vn 0.315657 -0.511859 0.798975
v -1.5391 1.2734 -0.8506
vn 0.122655 -0.194422 0.973219
v -1.58024 1.38406 -0.825653
vn 0.0618057 -0.15436 0.98608
v -1.50505 1.3415 -0.842045
vn 0.104272 -0.225188 0.96872
v -1.5329 1.3502 -0.83503
vn 0.105839 -0.212079 0.971504
v -1.5391 1.2507 -0.87289
vn 0.488809 -0.799875 -0.348231
v -1.5164 1.2734 -0.87262
vn 0.252671 -0.87967 -0.402912
v -1.4929 1.2734 -0.85773
vn 0.143463 -0.332497 0.932129
v -1.4937 1.2734 -0.87537
vn 0.0107668 -0.999798 -0.0169926
v -1.45965 1.282 -0.85773
vn 0.126264 -0.324972 0.937257
v -1.4483 1.2961 -0.87694
vn 0.215211 -0.930027 -0.297882
v -1.42495 1.29565 -0.85773
vn 0.230803 -0.751213 0.618392
v -1.4256 1.2961 -0.87942
vn 0.0331666 -0.99859 -0.0414367
v -1.4029 1.3078 -0.85773
vn 0.150784 -0.439464 0.885514
v -1.3802 1.3188 -0.88034
vn 0.104599 -0.957713 -0.268038
v -1.3575 1.3188 -0.85777
vn 0.115065 -0.756421 0.643884
v -2.58195 1.24953 0.515925
vn 0.610338 -0.791471 -0.0325735
v -2.5835 1.25565 0.43078
vn 0.553868 -0.829866 -0.0674755
v -2.55605 1.2734 0.470515
vn 0.718201 -0.695796 -0.0074132
v -2.5579 1.2734 0.57269
vn 0.750893 -0.660353 -0.00968102
v -2.58914 1.24731 0.591165
vn 0.561779 -0.826817 0.0279113
v -2.629 1.2249 0.601072
vn 0.425459 -0.903779 0.0465588
v -2.58377 1.25077 0.654345
vn 0.466162 -0.883922 0.0370876
v -2.5537 1.2734 0.66351
vn 0.693612 -0.719557 -0.0337738
v -2.5608 1.2961 -0.96111
vn 0.537479 -0.676654 0.503246
v -2.5381 1.3188 -0.96088
vn 0.683474 -0.630342 0.368148
v -2.5495 1.2961 -0.97126
vn 0.553666 -0.559915 0.6164
v -2.47 1.3282 -0.88044
vn 0.458869 -0.882739 -0.101045
v -2.44697 1.34113 -0.89298
vn 0.687441 -0.72577 -0.0261206
v -2.47 1.33073 -0.823675
vn 0.432257 -0.896606 0.0961808
v -2.4927 1.3375 -0.7215
vn 0.51768 -0.845023 0.133953
v -2.4927 1.34278 -0.666815
vn 0.470993 -0.8811 0.0427654
v -2.47 1.3415 -0.76525
vn 0.600985 -0.764879 0.2319
v -2.46672 1.36235 -0.71967
vn 0.868571 -0.466596 0.166951
v -2.4584 1.3869 -0.71015
vn 0.952363 -0.273215 0.135489
v -2.47535 1.36735 -0.647712
vn 0.849475 -0.52139 0.0809069
v -2.47508 1.37555 -0.610782
vn 0.95326 -0.273168 0.129127
v -2.45203 1.41528 -0.721502
vn 0.990041 -0.0541102 0.129964
v -2.46165 1.4096 -0.66474
vn 0.986988 -0.0416908 0.155295
v -2.45392 1.47202 -0.715825
vn 0.993454 0.0106363 0.113739
v -2.45257 1.5288 -0.73503
vn 0.987745 0.0735676 0.137654
v -2.4605 1.5345 -0.67609
vn 0.98073 0.0935418 0.17152
v -2.4673 1.5913 -0.6988
vn 0.980137 0.136406 0.143962
v -2.46157 1.47486 -0.653388
vn 0.987902 0.0146139 0.154389
v -2.4682 1.42095 -0.605573
vn 0.986057 -0.0456206 0.160033
v -2.47367 1.448 -0.579214
vn 0.98973 0.0248991 0.140767
v -2.47274 1.59698 -0.637704
vn 0.991497 0.0504002 0.119976
v -2.47242 1.51742 -0.61933
vn 0.981748 0.0525477 0.18278
v -2.4776 1.4096 -0.56257
vn 0.983404 -0.12773 0.128848
v -2.48055 1.4323 -0.505805
vn 0.992486 0.0395937 0.115776
v -2.4899 1.5231 -0.51716
vn 0.984979 0.0711529 0.157332
v -2.4797 1.5231 -0.56257
vn 0.987204 0.0425886 0.153673
v -2.48393 1.58279 -0.551215
vn 0.985592 0.0481934 0.162131
v -2.49543 1.59175 -0.47733
vn 0.994225 0.0306715 0.10284
v -2.47235 1.64805 -0.66474
vn 0.994075 0.00748741 0.108434
v -2.48364 1.6594 -0.565406
vn 0.984316 0.0116813 0.176026
v -2.4965 1.6821 -0.49445
vn 0.992369 0.00741382 0.123079
v -2.49049 1.46405 -0.457562
vn 0.986693 0.0736495 0.144955
v -2.4976 1.455 -0.42634
vn 0.98667 -0.083978 0.139395
v -2.4959 1.5004 -0.414985
vn 0.991033 -0.00434552 0.133545
v -2.4997 1.5402 -0.417822
vn 0.99285 0.0502563 0.108275
v -2.5038 1.455 -0.369575
vn 0.99332 0.0252744 0.112592
v -2.5099 1.5004 -0.33552
vn 0.993821 0.053017 0.0975105
v -2.50555 1.62535 -0.38093
vn 0.992254 0.037076 0.118567
v -2.51055 1.55725 -0.312815
vn 0.99403 0.0344089 0.103535
v -2.50037 1.6367 -0.434851
vn 0.993794 0.0234107 0.108748
v -2.49714 1.76439 -0.460394
vn 0.988652 -0.00655791 0.150083
v -2.5089 1.6821 -0.39228
vn 0.991302 0.0152743 0.130719
v -2.51764 1.62209 -0.283919
vn 0.993681 0.0329086 0.107312
v -2.51756 1.75871 -0.299736
vn 0.996133 -0.00783933 0.0875076
v -2.51078 1.76155 -0.369575
vn 0.990484 -0.0185368 0.136373
v -2.5148 1.5004 -0.280812
vn 0.985979 0.0367953 0.16276
v -2.5101 1.3869 -0.2674
vn 0.995044 0.022997 0.096735
v -2.5149 1.3869 -0.233345
vn 0.980653 0.0382506 0.191983
v -2.53351 1.57851 -0.182257
vn 0.986822 0.00254064 0.161791
v -2.51946 1.56576 -0.250394
vn 0.982662 0.0214114 0.184167
v -2.52652 1.45926 -0.204965
vn 0.97852 0.0487522 0.200307
v -2.5315 1.4096 -0.17658
vn 0.999581 -0.000193899 0.0289379
v -2.53148 1.47202 -0.17658
vn 0.999596 0.0201213 0.0200893
v -2.53532 1.55155 -0.15387
vn 0.999058 0.0360202 -0.0242088
v -2.5248 1.7048 -0.233345
vn 0.985357 0.0267315 0.168393
v -2.52945 1.64805 -0.199285
vn 0.983931 0.0112574 0.178194
v -2.53829 1.67359 -0.142214
vn 0.99801 0.0499334 0.038498
v -2.5425 1.73317 -0.14252
vn 0.997526 0.0377803 0.0592776
v -2.53781 1.74316 -0.17673
vn 0.980244 0.00514518 0.197726
v -2.52451 1.82114 -0.23902
vn 0.986549 0.0224791 0.161911
v -2.5608 1.28185 -0.0971095
vn 0.500597 -0.865678 -0.00206482
v -2.54065 1.3011 -0.10846
vn 0.844101 -0.53573 0.0220441
v -2.54567 1.2961 -0.046025
vn 0.668479 -0.743672 -0.00931042
v -2.5304 1.3415 -0.10846
vn 0.992516 -0.122049 0.003921
v -2.53282 1.34718 -0.0573778
vn 0.992623 -0.120442 0.0138645
v -2.5608 1.2792 0.027767
vn 0.556116 -0.830844 -0.0208165
v -2.5407 1.2961 0.050472
vn 0.771793 -0.635874 -0.000110949
v -2.5381 1.30295 0.0164143
vn 0.967597 -0.251494 -0.0224995
v -2.5304 1.35285 -0.0176434
vn 0.997625 -0.0594425 -0.0348026
v -2.5381 1.3182 -0.063054
vn 0.967254 -0.253721 -0.00667916
v -2.53015 1.42095 -0.028996
vn 0.999856 0.00946637 0.0140879
v -2.52855 1.3415 0.073177
vn 0.998816 0.0020143 -0.0485996
v -2.5299 1.3869 0.050472
vn 0.999986 0.0028956 -0.00444601
v -2.5451 1.2961 0.107236
vn 0.786887 -0.617039 -0.00843642
v -2.5357 1.31275 0.11859
vn 0.930607 -0.365812 -0.012357
v -2.52505 1.3415 0.17535
vn 0.993512 -0.112457 -0.0169695
v -2.5307 1.3869 0.095882
vn 0.998161 0.040642 -0.0449705
v -2.53883 1.29696 0.291883
vn 0.910324 -0.413613 -0.0152824
v -2.53095 1.3188 0.22076
vn 0.960857 -0.276686 0.0141007
v -2.52703 1.41527 0.152645
vn 0.995806 0.0637013 -0.0656775
v -2.5225 1.39257 0.226436
vn 0.999272 0.037631 -0.00623979
v -2.52918 1.42521 -0.111301
vn 0.999663 0.0151173 -0.0211264
v -2.53123 1.53449 -0.102787
vn 0.999589 0.02853 -0.00286347
v -2.53612 1.62535 -0.119815
vn 0.998301 0.0407337 -0.0416669
v -2.534 1.50607 -0.0346725
vn 0.998761 0.0463549 0.0180827
v -2.53422 1.57995 -0.0403485
vn 0.997737 0.0243083 0.0626839
v -2.5296 1.46635 0.027767
vn 0.999325 0.0290168 0.0225452
v -2.5352 1.5345 0.0220907
vn 0.997115 0.0757733 0.00440642
v -2.5381 1.6472 -0.017643
vn 0.998878 0.0457828 0.0120787
v -2.5346 1.5913 0.095882
vn 0.999459 0.0198708 -0.0261925
v -2.53847 1.69129 -0.0857585
vn 0.999517 0.026983 -0.0154202
v -2.54147 1.75587 -0.0971095
vn 0.995266 0.0432327 -0.0870411
v -2.5381 1.73735 -0.0744065
vn 0.999432 0.0296015 -0.0161043
v -2.54013 1.71899 -0.0119669
vn 0.99998 0.00225189 -0.00598611
v -2.5358 1.7048 0.107236
vn 0.99969 0.0110866 -0.0222909
v -2.53872 1.74723 0.0618245
vn 0.999585 0.0273078 -0.00912432
v -2.53304 1.49189 0.0902057
vn 0.999724 0.0217125 -0.00900985
v -2.53545 1.5459 0.0845295
vn 0.999114 0.0057619 -0.0416893
v -2.53115 1.55155 0.14129
vn 0.998837 0.0190155 -0.0442965
v -2.52656 1.44507 0.226437
vn 0.997525 0.0580148 -0.0397242
v -2.53089 1.52599 0.212245
vn 0.998637 0.0514793 -0.00856608
v -2.53204 1.57428 0.206569
vn 0.999224 0.0348341 0.0183775
v -2.53653 1.65372 0.073177
vn 0.999823 0.0186611 -0.0024878
v -2.5386 1.75533 0.140895
vn 0.997302 0.0705513 -0.0202833
v -2.53664 1.6821 0.166836
vn 0.999601 0.0277696 -0.00510765
v -2.53421 1.60407 0.251979
vn 0.999562 0.0263592 -0.0134311
v -2.53582 1.73885 0.226437
vn 0.999625 0.0183081 -0.0203579
v -2.4664 1.9091 -0.74421
vn 0.986741 0.0922243 0.133555
v -2.4704 1.9659 -0.724965
vn 0.985576 -0.0138955 0.168661
v -2.46981 1.83437 -0.674845
vn 0.983922 -0.015433 0.177931
v -2.4712 1.90195 -0.676923
vn 0.996914 0.0509559 0.0597142
v -2.49147 2.10226 -0.635052
vn 0.945508 0.288644 0.150663
v -2.49056 1.96088 -0.544261
vn 0.990778 0.0836888 0.106561
v -2.4905 2 -0.58527
vn 0.993264 0.0423104 0.107869
v -2.55483 2.1899 -0.86341
vn 0.686226 0.721732 0.0905365
v -2.5381 2.1691 -0.81232
vn 0.609015 0.790462 0.0653529
v -2.556 2.1816 -0.7215
vn 0.775168 0.631755 0.000196832
v -2.4872 2.13135 -0.81311
vn 0.858703 0.495175 0.132025
v -2.51725 2.1362 -0.553955
vn 0.803354 0.589191 0.0864648
v -2.54005 2.1594 -0.566508
vn 0.664857 0.744484 0.0608966
v -2.4902 1.75924 -0.511599
vn 0.992559 -0.0375132 0.115845
v -2.4907 1.92045 -0.52601
vn 0.98876 0.0321705 0.14601
v -2.50892 2.1135 -0.52851
vn 0.941152 0.326667 0.0867232
v -2.51555 2.0908 -0.405175
vn 0.992939 0.0903968 0.0768134
v -2.5205 2.1135 -0.386602
vn 0.973824 0.215974 0.0708674
v -2.51228 1.95339 -0.346988
vn 0.996869 0.00881514 0.0785789
v -2.51616 1.866 -0.310131
vn 0.993955 0.0110486 0.109226
v -2.5436 1.7956 -0.13117
vn 0.999775 0.00237455 0.0210865
v -2.54048 1.82345 -0.165289
vn 0.980873 0.0126202 0.194241
v -2.5258 2.0454 -0.22199
vn 0.98704 0.00817947 0.160263
v -2.53903 2.05107 -0.17658
vn 0.969197 0.0216813 0.245329
v -2.5288 2.07945 -0.22199
vn 0.975446 0.149999 0.161265
v -2.56161 2.1816 -0.409195
vn 0.888392 0.458724 -0.0182114
v -2.55925 2.2301 -0.30146
vn 0.99491 0.0696428 -0.0728272
v -2.5376 2.13697 -0.318305
vn 0.902311 0.427837 0.0528244
v -2.5643 2.2951 -0.22199
vn 0.987761 0.0890057 -0.128087
v -2.5454 1.841 -0.13117
vn 0.999535 0.0036978 -0.030275
v -2.54175 1.87505 -0.0687303
vn 0.999693 0.0185182 -0.0164331
v -2.53945 1.80128 0.0164143
vn 0.999064 0.0278738 0.0330769
v -2.54145 1.841 0.0334431
vn 0.999833 0.0177789 0.00416846
v -2.54383 1.91761 -0.00061445
vn 0.999426 0.013637 -0.0310039
v -2.54385 1.92045 -0.0517015
vn 0.998722 0.0319543 0.0391501
v -2.54252 1.87434 0.0930442
vn 0.999847 -0.0139534 0.010535
v -2.54083 1.94317 0.0533101
vn 0.99976 -0.0113876 -0.0187191
v -2.5433 1.7956 0.11859
vn 0.99774 0.0664611 -0.00987218
v -2.53784 1.78993 0.229275
vn 0.998837 0.0287023 -0.0387497
v -2.5439 1.8864 0.1867
vn 0.999677 0.0029872 -0.0252541
v -2.53894 1.86277 0.246301
vn 0.998739 0.031468 -0.0391164
v -2.5424 1.9091 0.20941
vn 0.998926 -0.0403536 -0.0227897
v -2.5399 1.9773 0.15832
vn 0.99964 0.0262495 -0.00560258
v -2.53794 1.95511 0.270329
vn 0.999754 -0.010717 -0.0193973
v -2.53861 1.99719 0.271846
vn 0.999696 0.0123307 -0.0213435
v -2.5421 2.05108 0.141293
vn 0.99995 0.00949533 0.00299138
v -2.5279 1.3415 0.30023
vn 0.991142 -0.132662 -0.00618303
v -2.52368 1.40676 0.317256
vn 0.999839 0.0148824 -0.0100647
v -2.55868 1.2734 0.379695
vn 0.585541 -0.810276 -0.0243662
v -2.5195 1.3642 0.41375
vn 0.997977 -0.0585438 -0.0247984
v -2.5183 1.3869 0.41375
vn 0.999008 0.00052611 -0.0445207
v -2.51855 1.3869 0.49322
vn 0.999394 0.0269325 0.0220335
v -2.5253 1.4777 0.25482
vn 0.996959 0.0681678 -0.0377625
v -2.52648 1.48337 0.31158
vn 0.997276 0.0730851 -0.00994907
v -2.52911 1.53166 0.344216
vn 0.998338 0.0456704 -0.0351624
v -2.5199 1.455 0.41375
vn 0.997926 0.0461733 -0.0448563
v -2.5244 1.5004 0.41375
vn 0.997667 0.0682394 -0.00177583
v -2.53 1.6594 0.39105
vn 0.999405 0.0344739 0.000571994
v -2.53626 1.71899 0.269009
vn 0.999762 0.0117516 -0.0183863
v -2.53325 1.64805 0.27752
vn 0.999498 0.0190411 -0.0253101
v -2.53356 1.68636 0.351314
vn 0.999121 0.0264931 -0.0324898
v -2.53392 1.78993 0.35699
vn 0.999814 0.0192677 0.000661525
v -2.52318 1.50607 0.527275
vn 0.99902 0.042301 -0.0130534
v -2.5286 1.5686 0.43646
vn 0.998747 0.0476085 0.0154391
v -2.5257 1.5459 0.45916
vn 0.997471 0.0687561 -0.0180041
v -2.521 1.3642 0.515925
vn 0.99911 -0.0369356 0.0203663
v -2.52286 1.44365 0.571271
vn 0.999345 0.00523572 0.0358029
v -2.52703 1.55724 0.544307
vn 0.997644 0.0685987 -0.0012858
v -2.53367 1.67217 0.467677
vn 0.999301 0.0364935 0.00805825
v -2.5319 1.614 0.50457
vn 0.998802 0.0457034 -0.0174818
v -2.53151 1.68494 0.532952
vn 0.998487 0.0495487 -0.0238395
v -2.53577 1.7729 0.442135
vn 0.998464 0.0399286 0.038421
v -2.53898 1.80411 0.501586
vn 0.998572 0.0534181 3.13356e-05
v -2.52862 1.59698 0.578365
vn 0.998462 0.0551584 -0.00560832
v -2.53136 1.63954 0.643648
vn 0.999549 0.0298662 -0.00319458
v -2.53737 1.79253 0.565936
vn 0.998338 0.0494585 -0.0295778
v -2.52382 1.3869 0.629455
vn 0.99961 0.0275385 0.00464442
v -2.52355 1.52029 0.60675
vn 0.999647 0.0158266 0.021342
v -2.52553 1.48337 0.629455
vn 0.999655 0.0155264 0.0211646
v -2.52638 1.49472 0.66351
vn 0.999706 0.00711699 -0.0231773
v -2.5268 1.5686 0.68622
vn 0.999034 0.0422964 -0.0119495
v -2.52468 1.43514 0.703245
vn 0.998451 0.0367368 -0.0417873
v -2.52146 1.45216 0.75717
vn 0.999335 0.0300917 -0.0206052
v -2.5262 1.5913 0.74298
vn 0.999032 0.0429783 -0.00935806
v -2.5256 1.5459 0.77704
vn 0.998928 0.0462048 0.0029062
v -2.53285 1.71615 0.612427
vn 0.999443 0.0245144 -0.0226404
v -2.53243 1.7048 0.66919
vn 0.999641 -0.00899133 -0.0252354
v -2.52955 1.71047 0.73163
vn 0.999605 0.0088935 -0.0266712
v -2.52922 1.6594 0.76001
vn 0.999333 0.0355588 -0.00835827
v -2.52959 1.73601 0.804001
vn 0.999794 0.00348095 -0.0199739
v -2.51915 1.455 0.799745
vn 0.995813 0.0781939 -0.0473467
v -2.52316 1.50324 0.867859
vn 0.997889 0.0622044 0.0186422
v -2.52468 1.56293 0.86218
vn 0.999244 0.0363431 -0.0138155
v -2.52 1.455 0.91327
vn 0.996802 0.0799091 1.2823e-05
v -2.52546 1.51742 0.950162
vn 0.999851 -0.0158181 -0.00687488
v -2.52365 1.57995 0.955837
vn 0.999431 0.0219137 -0.0256491
v -2.52835 1.66791 0.873535
vn 0.999529 0.0261398 -0.0160954
v -2.53053 1.6821 0.828122
vn 0.999785 0.0143529 -0.0149703
v -2.5299 1.6594 0.93597
vn 0.999079 0.0425116 -0.00585437
v -2.5269 1.7275 0.89056
vn 0.999571 0.0110436 0.0271395
v -2.5312 1.74453 0.947325
vn 0.999944 0.00428447 0.00965356
v -2.54195 1.2734 0.90759
vn 0.85309 -0.517416 -0.0672246
v -2.5366 1.27145 1.0041
vn 0.842516 -0.537951 -0.0278439
v -2.56035 1.2507 1.1326
vn 0.499071 -0.865925 -0.0331964
v -2.5381 1.27097 1.17768
vn 0.883686 -0.467298 -0.0270567
v -2.5946 1.228 1.2538
vn 0.481948 -0.875853 -0.0246601
v -2.6 1.22425 1.2084
vn 0.484002 -0.873659 -0.0496184
v -2.52235 1.48337 0.998415
vn 0.996056 0.0877356 -0.0132111
v -2.5222 1.5686 1.0041
vn 0.999774 0.00380882 0.0208967
v -2.52375 1.5345 1.01545
vn 0.999969 -0.00204355 0.0076445
v -2.5251 1.5686 1.1176
vn 0.999503 0.024467 -0.0198939
v -2.52565 1.60833 1.0495
vn 0.999559 0.0249587 0.0160815
v -2.5229 1.5686 1.163
vn 0.999899 0.0106695 -0.00940754
v -2.52655 1.6594 1.00125
vn 0.998739 0.0488712 -0.0114738
v -2.52815 1.71615 1.03815
vn 0.999817 0.00816809 -0.017326
v -2.52813 1.77858 1.00977
vn 0.999338 0.0219554 -0.0290218
v -2.52325 1.62535 1.12044
vn 0.998357 0.0115817 -0.0561184
v -2.5274 1.75871 1.08071
vn 0.9987 0.0463376 -0.0212437
v -2.52372 1.77432 1.16513
vn 0.99785 0.0315574 -0.057448
v -2.52363 1.55158 1.22543
vn 0.999659 -0.00366367 -0.0258456
v -2.52081 1.6821 1.19705
vn 0.999819 -0.0092068 -0.0166776
v -2.52315 1.614 1.2084
vn 0.998676 -0.0153385 -0.0491118
v -2.51601 1.61117 1.27039
vn 0.995475 -0.0324937 -0.089298
v -2.51776 1.68039 1.27022
vn 0.995965 0.0176908 -0.0879864
v -2.51533 1.58113 1.32129
vn 0.996689 -0.0568938 -0.0580826
v -2.51197 1.62535 1.322
vn 0.9974 -0.0573 -0.0437028
v -2.5113 1.6821 1.322
vn 0.998735 0.0359822 -0.0351205
v -2.52148 1.77787 1.23855
vn 0.998198 0.0147221 -0.058179
v -2.51577 1.73885 1.31786
vn 0.998156 0.0362617 -0.0486723
v -2.5381 1.2577 1.3674
vn 0.88846 -0.458818 -0.011189
v -2.53618 1.26594 1.43266
vn 0.849448 -0.527664 -0.00307129
v -2.5154 1.2961 1.4751
vn 0.914882 -0.401106 -0.0458791
v -2.50866 1.3188 1.43834
vn 0.956808 -0.289762 -0.0235917
v -2.5029 1.3415 1.3901
vn 0.997717 -0.0665153 0.0116741
v -2.50343 1.38122 1.39578
vn 0.99134 0.0690418 -0.111703
v -2.5055 1.3415 1.4582
vn 0.999333 -0.03479 0.0110636
v -2.5154 1.2898 1.5717
vn 0.928147 -0.37209 0.00957389
v -2.505 1.3188 1.5717
vn 0.979041 -0.203662 -0.00118323
v -2.50269 1.35285 1.57454
vn 0.999276 0.0223088 -0.0308251
v -2.50715 1.3869 1.53198
vn 0.999484 0.0317855 0.00471812
v -2.63355 1.21275 1.60575
vn 0.454924 -0.882877 -0.116503
v -2.5835 1.2424 1.5944
vn 0.460851 -0.884044 -0.0779978
v -2.5888 1.228 1.6398
vn 0.398238 -0.909039 -0.122695
v -2.6062 1.2203 1.6398
vn 0.381935 -0.918306 -0.104111
v -2.5154 1.2919 1.6171
vn 0.924756 -0.379439 0.02919
v -2.5258 1.2734 1.6398
vn 0.892335 -0.451352 -0.00443594
v -2.50574 1.33015 1.63696
vn 0.987141 -0.158769 0.0185939
v -2.50325 1.37555 1.67385
vn 0.999578 0.0179893 0.0227897
v -2.51181 1.455 1.38726
vn 0.989589 0.0948758 -0.108225
v -2.5028 1.4323 1.4355
vn 0.998571 0.0518771 0.0128453
v -2.5135 1.5004 1.41848
vn 0.998849 0.0471188 -0.00898099
v -2.507 1.46068 1.47523
vn 0.99739 0.0718045 -0.00760904
v -2.51686 1.57428 1.44969
vn 0.999368 0.0297737 -0.0194209
v -2.5169 1.5686 1.4128
vn 0.998619 -0.0264438 0.0453896
v -2.51175 1.50607 1.48374
vn 0.997634 0.0658565 -0.0197529
v -2.51325 1.57995 1.3674
vn 0.999611 -0.0175236 -0.0216798
v -2.51003 1.67075 1.46388
vn 0.998493 -0.0506583 0.0210864
v -2.51026 1.74736 1.44685
vn 0.999924 -0.0037309 0.0117709
v -2.5129 1.76723 1.40145
vn 0.998937 0.00079945 -0.0460992
v -2.51567 1.614 1.4485
vn 0.996047 -0.0863868 0.0207046
v -2.5139 1.7729 1.5036
vn 0.999699 0.0162587 0.0183909
v -2.50669 1.41244 1.58873
vn 0.99966 0.0240052 -0.0102049
v -2.50589 1.48763 1.60291
vn 0.999772 -0.0102893 -0.018711
v -2.5105 1.51742 1.56035
vn 0.995339 0.0700172 -0.0663183
v -2.5154 1.614 1.549
vn 0.998796 -0.020254 -0.0446833
v -2.50632 1.44081 1.70509
vn 0.999883 0.00359445 -0.0148547
v -2.50548 1.52314 1.69516
vn 0.999914 0.00404298 -0.01249
v -2.5048 1.5231 1.6171
vn 0.996877 0.046463 -0.0638576
v -2.50935 1.62535 1.6398
vn 0.998499 0.0404072 -0.0369657
v -2.51109 1.67075 1.5717
vn 0.9993 -0.0289031 -0.0237501
v -2.51043 1.61967 1.6852
vn 0.998232 0.0587062 0.0092744
v -2.5138 1.73885 1.59581
vn 0.999412 0.0104208 0.0326679
v -2.51675 1.7048 1.69655
vn 0.99998 0.00208553 0.00604891
v -2.51245 1.8183 1.64548
vn 0.999829 -0.0161413 0.00904461
v -2.6062 1.2213 1.7079
vn 0.358922 -0.930857 0.0684134
v -2.5892 1.228 1.7079
vn 0.372676 -0.925397 0.0689434
v -2.5154 1.2734 1.7657
vn 0.947461 -0.307534 -0.0879795
v -2.51 1.2961 1.7761
vn 0.964578 -0.254842 -0.0681551
v -2.50582 1.33015 1.73635
vn 0.993092 -0.112925 -0.0318772
v -2.49965 1.3415 1.81015
vn 0.999238 -0.00723026 -0.0383526
v -2.505 1.40393 1.77894
vn 0.998633 0.0201283 -0.0482324
v -2.5072 1.2961 1.7988
vn 0.968247 -0.234598 -0.086375
v -2.5122 1.2734 1.8215
vn 0.967514 -0.252791 -0.00355699
v -2.5071 1.2961 1.8442
vn 0.960972 -0.274563 0.0338939
v -2.5016 1.3188 1.81015
vn 0.985238 -0.169971 -0.020395
v -2.5055 1.2961 1.935
vn 0.950378 -0.306669 -0.0523108
v -2.4973 1.33015 1.935
vn 0.992535 -0.115643 -0.0387403
v -2.50159 1.43797 1.84136
vn 0.999557 0.00555986 -0.029254
v -2.50212 1.46635 1.7761
vn 0.999514 -0.0186928 -0.024939
v -2.5031 1.5231 1.7988
vn 0.99949 0.0222793 -0.0228814
v -2.50488 1.57995 1.73638
vn 0.998952 0.0365672 -0.0275152
v -2.50265 1.5686 1.87258
vn 0.999116 0.0414261 -0.00711616
v -2.51304 1.66508 1.73919
vn 0.995678 0.0928176 -0.00324713
v -2.517 1.76155 1.7307
vn 0.999978 -0.00547944 0.00364453
v -2.51494 1.74981 1.81766
vn 0.999786 -0.00206761 -0.0205906
v -2.50447 1.5913 1.82717
vn 0.990793 0.135363 0.00244573
v -2.5118 1.6367 1.7988
vn 0.997327 0.0730385 -0.00198927
v -2.51112 1.64805 1.85271
vn 0.998217 0.0591405 0.00804085
v -2.51108 1.69345 1.86122
vn 0.999078 0.0354553 -0.0241951
v -2.4967 1.455 1.935
vn 0.99882 0.0171997 -0.0454287
v -2.5028 1.5459 1.935
vn 0.995651 0.092062 0.0142809
v -2.51167 1.67926 1.935
vn 0.999544 0.0286336 0.00954103
v -2.53771 1.85802 0.317866
vn 0.999797 0.0201278 0.00111059
v -2.5402 1.8864 0.39105
vn 0.999325 0.0297948 0.0215043
v -2.53785 1.9716 0.373255
vn 0.999615 0.0140713 0.0239186
v -2.54201 2.05675 0.217921
vn 0.999735 0.0107581 -0.0203399
v -2.5384 2.0681 0.32293
vn 0.999705 0.0240679 -0.00338858
v -2.541 2.09648 0.26617
vn 0.999817 0.014402 -0.0125541
v -2.54207 2.12485 0.317255
vn 0.999367 0.0355644 -0.000232076
v -2.5413 2.1135 0.39105
vn 0.9993 0.0131328 -0.0350239
v -2.53895 1.83915 0.453236
vn 0.999962 0.00612766 0.00627243
v -2.543 1.8637 0.50457
vn 0.999894 0.00937466 0.0111394
v -2.537 1.9773 0.45916
vn 0.999889 -0.00443205 0.0142202
v -2.5416 1.9545 0.515925
vn 0.999165 -0.0213645 0.034838
v -2.53939 1.91566 0.589722
vn 0.996176 0.0153403 -0.0860078
v -2.54106 1.95169 0.57269
vn 0.999396 -0.00842185 -0.0337118
v -2.53885 2.02266 0.525586
vn 0.999921 -0.00376203 0.0119897
v -2.53815 2.09205 0.449675
vn 0.99967 0.0251515 0.00529786
v -2.54064 2.13052 0.53579
vn 0.998256 0.0586494 0.0067757
v -2.541 2.07094 0.586881
vn 0.999663 0.0259703 0.000232773
v -2.54128 2.13052 0.612425
vn 0.999752 0.0110133 -0.0193595
v -2.5419 2.1816 0.41375
vn 0.997499 0.0703498 0.00685922
v -2.54618 2.1816 0.5216
vn 0.994688 0.101653 0.0161922
v -2.53469 1.83816 0.657838
vn 0.999456 0.0201027 -0.0261536
v -2.53097 1.78425 0.716018
vn 0.99919 0.0373669 -0.0149596
v -2.533 1.9091 0.64081
vn 0.997208 0.0121656 -0.0736821
v -2.5333 1.9659 0.674865
vn 0.999787 -0.00669093 -0.0195418
v -2.53317 1.841 0.765685
vn 0.999542 0.0131574 -0.0272388
v -2.53116 1.86654 0.799745
vn 0.999851 0.0057486 -0.0162713
v -2.53245 1.94599 0.737302
vn 0.999994 -1.10647e-05 -0.00354302
v -2.53695 1.98825 0.62951
vn 0.997317 0.030804 -0.0664032
v -2.53765 2.02838 0.652815
vn 0.996351 0.020545 -0.0828416
v -2.53897 2.13617 0.663573
vn 0.98254 0.179792 -0.0478627
v -2.53216 2.03263 0.707503
vn 0.997789 -0.00773757 -0.0660114
v -2.53172 1.9773 0.782713
vn 0.999948 0.010079 0.00142031
v -2.5317 2.0908 0.70892
vn 0.998751 0.0451912 -0.0213078
v -2.53448 2.06242 0.782715
vn 0.999292 0.0365565 0.0089124
v -2.5351 2.12485 0.73163
vn 0.996604 0.078201 0.0257743
v -2.5296 1.841 0.856505
vn 0.999969 0.00747264 0.00242415
v -2.52995 1.8864 0.930297
vn 0.999975 0.00384134 -0.00594284
v -2.53106 1.95027 0.935972
vn 0.9999 0.0138891 -0.00254903
v -2.53012 1.7956 0.94165
vn 0.999894 0.0132541 -0.00601188
v -2.5324 1.841 0.947325
vn 0.999965 -0.0055255 0.00622017
v -2.5334 2.01135 0.896238
vn 0.999355 0.0338521 0.011953
v -2.53585 2.1135 0.808259
vn 0.99748 0.0709115 0.00246907
v -2.53468 2.08513 0.87921
vn 0.999406 0.0304602 0.0160925
v -2.53497 2.10783 0.930297
vn 0.999024 0.0439764 -0.00422851
v -2.5382 2.1353 0.86786
vn 0.996295 0.0856854 -0.00730613
v -2.54005 2.1589 0.901915
vn 0.995838 0.0892252 0.0185764
v -2.53896 2.1265 0.975384
vn 0.996011 0.0887312 0.00944148
v -2.53137 1.84668 1.01828
vn 0.999695 0.0218061 -0.0115763
v -2.531 1.9091 0.98138
vn 0.999523 0.0189279 -0.0244225
v -2.527 1.9091 1.0949
vn 0.999297 -0.0229975 -0.0296034
v -2.5291 1.841 1.1403
vn 0.998173 0.0134067 -0.0589099
v -2.52677 1.91761 1.14881
vn 0.999701 0.00487942 -0.0239412
v -2.5314 2.03405 1.0495
vn 0.999216 0.0310326 -0.024597
v -2.5337 2.0908 0.98138
vn 0.999861 0.00663379 -0.0153287
v -2.52868 1.97727 1.10767
vn 0.999016 0.0443497 -0.000544301
v -2.5225 1.88072 1.22543
vn 0.998956 0.0387615 -0.0241661
v -2.5208 1.8637 1.2765
vn 0.996633 0.0532397 -0.0623577
v -2.5123 1.80695 1.36173
vn 0.99839 -0.0123059 -0.0553745
v -2.5271 1.9318 1.24245
vn 0.996422 0.0843263 -0.00574329
v -2.53486 2.03547 1.13451
vn 0.995003 0.0930364 0.0362446
v -2.5377 2.10711 1.03248
vn 0.997514 0.0702913 0.00506627
v -2.5382 2.11918 1.06936
vn 0.995029 0.0874879 0.0475712
v -2.5608 2.2951 1.1226
vn 0.985908 0.118602 0.117977
v -2.56065 2.29554 1.2704
vn 0.991583 0.114904 -0.0596673
v -2.5129 1.841 1.3674
vn 0.996252 0.0774035 -0.0386175
v -2.51436 1.85344 1.4
vn 0.998019 0.049536 -0.0387932
v -2.51045 1.84809 1.46955
vn 0.998957 0.0354958 0.0287387
v -2.51435 1.9215 1.4809
vn 0.997762 0.0614368 -0.0264066
v -2.53755 2.0504 1.322
vn 0.988084 0.141601 -0.0603197
v -2.51299 1.81263 1.52914
vn 0.996725 0.0801628 0.0106125
v -2.5176 1.841 1.549
vn 0.997738 0.0669386 -0.00617342
v -2.51567 1.86937 1.51547
vn 0.996771 0.0139288 0.0790805
v -2.5113 1.80695 1.58305
vn 0.997986 0.0597465 -0.0213327
v -2.5166 1.9659 1.5036
vn 0.997098 0.0757111 0.00791237
v -2.51895 1.92045 1.60007
vn 0.999546 0.0297866 -0.0045034
v -2.51496 1.86417 1.6741
vn 0.998877 0.0412084 -0.0233591
v -2.51667 2.01223 1.71835
vn 0.993511 0.0738186 -0.0865209
v -2.53018 2.06101 1.45607
vn 0.992759 0.109352 -0.0497087
v -2.52417 2.00851 1.57737
vn 0.995154 0.0979567 0.00859228
v -2.53 2.0908 1.5263
vn 0.995152 0.098295 0.00311102
v -2.53471 2.12485 1.50927
vn 0.992745 0.119936 0.00856078
v -2.53833 2.13484 1.57871
vn 0.991885 0.124998 0.0232326
v -2.53382 2.09931 1.61284
vn 0.993139 0.112184 -0.0330127
v -2.52565 2.0454 1.6625
vn 0.995843 0.0805896 -0.0424464
v -2.5341 2.13006 1.65683
vn 0.989927 0.105886 -0.0939778
v -2.5382 2.17159 1.46956
vn 0.998355 0.0434552 -0.0374155
v -2.5425 2.2043 1.5717
vn 0.993632 0.0988225 0.0541258
v -2.541 2.227 1.53765
vn 0.996177 0.0796561 0.0358548
v -2.54217 2.19295 1.64548
vn 0.992809 0.116514 -0.0274787
v -2.54979 2.25538 1.68238
vn 0.993803 0.109659 -0.0181883
v -2.55135 2.2951 1.56035
vn 0.99382 0.109778 0.0164329
v -2.55255 2.2951 1.6966
vn 0.99891 0.0466088 0.00239523
v -2.51475 1.79509 1.73635
vn 0.995612 -0.093305 0.00719334
v -2.51085 1.83533 1.70793
vn 0.999093 -0.0247968 -0.0346261
v -2.50867 1.85235 1.81582
vn 0.999379 -0.0321076 0.0145284
v -2.5099 1.8637 1.7307
vn 0.99448 0.080779 -0.0669712
v -2.51455 1.91761 1.7263
vn 0.998406 0.0177958 -0.0535672
v -2.5131 1.9091 1.7761
vn 0.999784 0.0111003 -0.0175933
v -2.5099 1.9773 1.7534
vn 0.999022 -0.00973307 -0.0431284
v -2.51263 1.80695 1.79312
vn 0.99732 -0.0727322 0.00794017
v -2.51467 1.82681 1.88753
vn 0.998701 -0.0212984 0.0462907
v -2.50885 1.8637 1.78745
vn 0.998106 0.0406452 -0.0461776
v -2.5111 1.93747 1.8215
vn 0.998551 0.0534782 -0.00606797
v -2.51038 1.90343 1.86123
vn 0.998387 0.0132717 0.0551973
v -2.5147 2.0291 1.78745
vn 0.99221 0.123897 -0.0129644
v -2.52123 2.05107 1.7193
vn 0.986718 0.146921 -0.0692952
v -2.5279 2.0908 1.7193
vn 0.987287 0.158089 -0.0164749
v -2.53105 2.1135 1.74205
vn 0.997608 0.0575333 0.0383284
v -2.51624 2.03309 1.82406
vn 0.994796 0.070454 0.0735988
v -2.52077 2.01297 1.87652
vn 0.993367 0.07382 0.0881671
v -2.52165 2.07945 1.83285
vn 0.977607 0.202622 -0.0568238
v -2.5351 2.14898 1.82717
vn 0.993448 0.114001 0.00800125
v -2.5172 1.85235 1.935
vn 0.998413 0.0218466 0.0518983
v -2.5166 1.9318 1.935
vn 0.995996 0.0579681 0.0680608
v -2.5296 2.05675 1.935
vn 0.992742 0.0722932 0.0961096
v -2.52492 2.09648 1.87825
vn 0.992705 0.0714617 0.0971068
v -2.52847 2.12485 1.88392
vn 0.98859 0.147689 0.0296334
v -2.5316 2.17025 1.7079
vn 0.991061 0.120268 -0.0577306
v -2.5367 2.2043 1.7307
vn 0.975221 0.221102 -0.00767137
v -2.5381 2.2043 1.8041
vn 0.99136 0.128899 0.0243028
v -2.549 2.2497 1.7761
vn 0.992698 0.119224 -0.0183237
v -2.54449 2.23551 1.83569
vn 0.991845 0.126566 0.0149974
v -2.55035 2.2951 1.82717
vn 0.997007 0.0769708 0.00723599
v -2.53663 2.16815 1.89527
vn 0.990266 0.134387 -0.0362541
v -2.54885 2.26105 1.935
vn 0.987044 0.155684 -0.0388237
v -2.536 2.19485 1.935
vn 0.992049 0.0824191 -0.0951114
v -2.5519 2.2951 1.935
vn 0.999095 0.0425155 0.000855964
v -2.6382 1.2053 1.2084
vn 0.368405 -0.928969 -0.035981
v -2.629 1.2069 1.2993
vn 0.373238 -0.927727 -0.00395658
v -2.2203 0.72066 -0.85773
vn -0.388203 -0.34855 0.853118
v -1.9024 0.87586 -0.85773
vn 0.535995 -0.336653 0.774193
v -1.9251 0.8874 -0.87654
vn 0.81566 0.0429518 -0.576935
v -1.93361 0.934234 -0.845611
vn 0.12855 -0.15423 0.979637
v -2.08968 1.80128 -0.991903
vn -0.106139 0.00662624 0.994329
v -2.084 1.7275 -0.99133
vn -0.0246635 0.00616326 0.999677
v -2.0386 1.7275 -0.98978
vn -0.0665977 -0.028883 0.997362
v -2.0386 1.7502 -0.98838
vn -0.104357 -0.0816527 0.991182
v -2.0159 1.7048 -0.987
vn -0.0829102 0.0284355 0.996151
v -2.0159 1.7275 -0.98759
vn -0.0960142 -0.0177554 0.995222
v -2.4545 1.3415 -0.81232
vn 0.789567 -0.585238 0.184606
v -2.4927 1.3332 -0.76691
vn 0.199818 -0.973814 0.108437
v -2.45075 1.3642 -0.780715
vn 0.93531 -0.281934 0.213796
v -2.44312 1.3869 -0.797
vn 0.986027 -0.0162756 0.165791
v -2.4367 1.3642 -0.852058
vn 0.956031 -0.272661 0.107982
v -2.4307 1.37555 -0.90314
vn 0.97028 -0.222136 0.0959804
v -2.44385 1.51175 -0.789057
vn 0.989852 0.00228626 0.142084
v -2.4473 1.44365 -0.78911
vn 0.991791 -0.00294291 0.127834
v -2.45408 1.57995 -0.75556
vn 0.980835 0.0325076 0.19211
v -2.4246 1.4096 -0.9068
vn 0.982227 -0.0336939 0.184648
v -2.42677 1.44933 -0.894386
vn 0.984596 0.0442309 0.169157
v -2.43385 1.51175 -0.869085
vn 0.990597 0.0220982 0.135013
v -2.4364 1.5459 -0.84638
vn 0.989611 0.0266185 0.141282
v -2.44366 1.59698 -0.819269
vn 0.981924 0.0219093 0.188001
v -2.44521 1.66971 -0.805143
vn 0.983264 -0.0128005 0.181736
v -2.46445 1.64805 -0.7215
vn 0.975711 -0.00363623 0.21903
v -2.45836 1.71899 -0.732855
vn 0.978992 -0.0123474 0.203522
v -2.44685 1.7956 -0.78676
vn 0.983554 -0.00115223 0.180611
v -2.4706 1.76155 -0.680252
vn 0.991253 0.0118489 0.131439
v -2.4358 1.6594 -0.84638
vn 0.987724 0.000925608 0.156207
v -2.4422 1.7956 -0.88044
vn 0.999381 0.0054004 0.0347495
v -2.4442 1.7956 -0.81232
vn 0.996979 0.0081035 0.0772446
v -2.44092 1.71899 -0.854896
vn 0.99486 0.0550217 0.0850085
v -2.47439 1.73459 -0.627844
vn 0.991408 -0.00558606 0.130687
v -2.47875 1.69345 -0.596625
vn 0.988124 0.0168044 0.152736
v -2.48626 1.73947 -0.559807
vn 0.990129 -0.0157859 0.139267
v -2.565 1.2961 -0.52851
vn 0.518034 -0.854971 -0.0257796
v -2.5835 1.2866 -0.39228
vn 0.282133 -0.958478 -0.041487
v -2.55998 1.294 -0.399385
vn 0.451919 -0.889394 -0.0689056
v -2.6062 1.2824 -0.35822
vn 0.100065 -0.99331 -0.0576318
v -2.5608 1.2861 -0.32984
vn 0.263752 -0.960844 -0.0849369
v -2.53995 1.29746 -0.301944
vn 0.674913 -0.735683 -0.0571237
v -2.6062 1.2735 -0.29011
vn 0.172147 -0.98218 -0.0754203
v -2.5608 1.28115 -0.22767
vn 0.334173 -0.942486 -0.00691982
v -2.6062 1.2696 -0.19929
vn 0.188319 -0.982077 -0.00775979
v -2.53977 1.2961 -0.22928
vn 0.822917 -0.56477 0.0619841
v -2.5608 1.2837 -0.15387
vn 0.237264 -0.971445 0.000891231
v -2.6062 1.2705 -0.14252
vn 0.262793 -0.963941 -0.0419199
v -2.629 1.2583 0.027767
vn 0.291943 -0.956358 -0.0121835
v -2.629 1.2555 0.11859
vn 0.327492 -0.94481 -0.00909109
v -2.5608 1.2821 0.0845295
vn 0.44766 -0.894085 0.0145594
v -2.5608 1.28002 0.15832
vn 0.483664 -0.874048 -0.0459363
v -2.6233 1.25778 0.152645
vn 0.318331 -0.947689 -0.0234793
v -2.59485 1.25895 0.23779
vn 0.383894 -0.920569 -0.0719561
v -2.629 1.24837 0.219435
vn 0.275055 -0.955675 -0.105021
v -1.8557 0.90889 -0.85773
vn 0.331826 -0.183443 0.925332
v -1.88455 0.890695 -0.85773
vn 0.263012 -0.327337 0.907566
v -1.857 0.93281 -0.87742
vn 0.923906 -0.258723 -0.281886
v -1.857 1.614 -0.99065
vn 0.0330215 -0.00528273 0.999441
v -1.857 1.6367 -0.99053
vn 0.0252481 -0.00880801 0.999642
v -1.8797 1.6367 -0.98978
vn 0.0435626 -0.0193613 0.998863
v -1.8797 1.6594 -0.98882
vn 0.0645637 -0.0421644 0.997022
v -1.857 1.6594 -0.99029
vn 0.0542694 0.0196763 0.998332
v -1.8116 1.6367 -0.99181
vn 0.0475203 0.045686 0.997825
v -1.857 1.6821 -0.99078
vn 0.0695887 0.0262475 0.99723
v -1.7662 1.6594 -0.99697
vn 0.0597086 0.0692052 0.995814
v -1.7889 1.614 -0.99075
vn 0.0546561 0.0898078 0.994458
v -1.7435 1.6367 -0.99609
vn 0.0432546 0.100712 0.993975
v -1.698 1.6367 -0.99618
vn -0.0179681 0.0476878 0.998701
v -1.698 1.6594 -0.99691
vn -0.0331052 0.0372725 0.998757
v -1.8797 1.7048 -0.98962
vn 0.0392534 0.0119884 0.999157
v -1.84707 1.74169 -0.991916
vn 0.0672228 0.00268869 0.997734
v -1.74917 1.74452 -0.998695
vn 0.0159511 -0.027772 0.999487
v -1.7207 1.7275 -0.99861
vn -0.0732598 -0.0293959 0.99688
v -1.6526 1.6367 -0.99658
vn 0.030359 0.0409163 0.998701
v -1.6526 1.6821 -0.99758
vn 0.0563294 -0.0172517 0.998263
v -1.6753 1.6594 -0.99682
vn -0.0325799 -0.0178511 0.99931
v -1.66605 1.73317 -0.993195
vn 0.0714651 -0.0186333 0.997269
v -1.6299 1.7048 -0.99917
vn 0.137774 -0.0385862 0.989712
v -1.70517 1.77735 -0.993914
vn -0.0232122 -0.000807529 0.99973
v -1.6299 1.7275 -0.99897
vn 0.174464 -0.0148551 0.984551
v -1.6299 1.7502 -0.99917
vn 0.18527 0.0403708 0.981858
v -1.85274 1.57995 -0.783122
vn 0.0783938 -0.0583261 0.995215
v -1.7616 1.5652 -0.78962
vn 0.0695631 -0.076668 0.994627
v -1.6017 1.455 -0.81232
vn 0.0549428 -0.152105 0.986836
v -1.71508 1.47202 -0.804024
vn 0.0593702 -0.126507 0.990187
v -1.6299 1.5459 -0.80004
vn 0.0375014 -0.0747436 0.996497
v -1.68665 1.55725 -0.796985
vn 0.0878346 -0.0888923 0.992161
v -1.6526 1.5686 -0.79999
vn 0.150511 0.0552536 0.987063
v -1.61855 1.5686 -0.804285
vn -0.00491333 0.361961 0.93218
v -1.59585 1.5459 -0.80045
vn 0.026601 -0.0485272 0.998468
v -1.52775 1.5402 -0.806192
vn 0.0610285 -0.10577 0.992516
v -1.5845 1.5686 -0.80066
vn -0.030082 0.0855912 0.995876
v -1.68665 1.60265 -0.79443
vn 0.211819 0.0373944 0.976593
v -1.7147 1.6594 -0.78962
vn 0.203536 0.0407167 0.978221
v -1.7248 1.7048 -0.78962
vn 0.632989 0.506417 0.585548
v -1.72575 1.70115 -0.81232
vn 0.703764 0.709558 -0.0352615
v -1.7435 1.7155 -0.78962
vn 0.224957 0.502032 0.83508
v -1.8797 1.68778 -0.776005
vn 0.105442 -0.0366276 0.993751
v -1.78322 1.67075 -0.78417
vn 0.0371044 0.00597891 0.999294
v -1.8343 1.6821 -0.78206
vn 0.0755904 0.088627 0.993193
v -1.7172 1.6821 -0.78962
vn 0.560963 0.149306 0.814266
v -1.95739 1.70464 -0.767791
vn 0.0842995 -0.0583612 0.99473
v -1.857 1.7048 -0.77895
vn 0.347664 0.0591232 0.935753
v -1.8257 1.7048 -0.78962
vn 0.321573 0.398521 0.858936
v -1.90808 1.77858 -0.769335
vn 0.0895019 -0.0248998 0.995675
v -1.8797 1.76155 -0.772985
vn 0.257952 -0.0323863 0.965615
v -1.8496 1.7502 -0.78962
vn 0.823507 0.215682 0.524708
v -1.77755 1.7031 -0.78962
vn -0.0799371 0.241409 0.967125
v -1.68665 1.62535 -0.795895
vn 0.542372 0.244583 0.803749
v -1.65055 1.5938 -0.81232
vn 0.450191 0.387269 0.804581
v -1.61855 1.57785 -0.81232
vn 0.0798295 0.603749 0.793168
v -1.6731 1.62535 -0.81232
vn 0.697443 0.37836 0.608619
v -1.7094 1.6821 -0.81232
vn 0.851793 0.52101 -0.054743
v -1.698 1.6594 -0.8026
vn 0.688263 0.434045 0.581291
v -1.5845 1.5914 -0.81216
vn -0.352781 0.505049 0.7877
v -1.5618 1.5913 -0.80191
vn -0.112059 0.29219 0.949773
v -1.52775 1.5913 -0.80435
vn 0.155011 0.271583 0.949849
v -1.5618 1.6047 -0.81232
vn -0.117411 0.592805 0.796741
v -1.52775 1.6031 -0.81232
vn 0.106842 0.557792 0.823076
v -1.44115 1.5356 -0.81232
vn 0.121764 -0.0681785 0.990215
v -1.5164 1.5686 -0.80447
vn 0.120642 0.0594755 0.990913
v -1.4984 1.5913 -0.81232
vn 0.19548 0.256658 0.946527
v -2.3111 1.8637 -1.0059
vn 0.0439937 0.0195065 0.998841
v -2.3338 1.8864 -1.0046
vn 0.0644746 0.00292949 0.997915
v -2.2884 1.8864 -1.0066
vn 0.0102769 0.024953 0.999636
v -2.2884 1.8637 -1.006
vn -0.0544289 0.017619 0.998362
v -2.3338 1.9091 -1.0045
vn 0.0844942 0.00768013 0.996394
v -2.3565 1.8864 -1.0036
vn 0.0440121 -0.00440169 0.999021
v -2.3111 1.9091 -1.007
vn 0.0855707 0.0197465 0.996136
v -2.3338 1.9318 -1.0047
vn 0.0647583 0.00549907 0.997886
v -2.3111 1.9318 -1.0072
vn 0.041385 -0.0395509 0.99836
v -2.437 1.9091 -0.92585
vn 0.996555 0.0523063 0.0643581
v -2.4384 1.9091 -0.90314
vn 0.994488 0.0438109 0.0952544
v -2.4377 1.8864 -0.90314
vn 0.99175 0.0305824 0.124485
v -2.4398 1.9318 -0.90314
vn 0.995423 0.0567646 0.076884
v -2.442 1.8864 -0.88044
vn 0.982078 0.0302841 0.186027
v -2.448 2.11155 -0.973315
vn 0.727745 0.346051 0.592145
v -2.44901 2.03306 -0.924479
vn 0.986727 0.131503 0.0952714
v -2.4504 2.0227 -0.88044
vn 0.97639 0.188792 0.104979
v -2.4473 2.0015 -0.855895
vn 0.991414 0.0863785 0.0981728
v -2.44935 2.0908 -0.955435
vn 0.946044 0.110959 0.304448
v -2.4575 2.1135 -0.94855
vn 0.95104 0.25937 0.16808
v -2.47553 2.1362 -0.87476
vn 0.928421 0.343789 0.140866
v -2.3792 1.9318 -0.99761
vn 0.249472 0.0136741 0.968286
v -2.3565 2.01135 -1.00485
vn 0.127777 0.0192753 0.991616
v -2.40345 2.0271 -0.99397
vn 0.330044 0.0586995 0.942139
v -2.4246 2.0681 -0.98585
vn 0.59386 0.100434 0.798276
v -2.2884 1.98865 -1.00245
vn -0.056317 -0.0190907 0.99823
v -2.2884 1.9091 -1.0075
vn -0.0660096 -0.0437024 0.996861
v -2.32245 2.02838 -1.00595
vn -0.0523079 0.0228312 0.99837
v -2.2884 2.0681 -1.0034
vn -0.0334021 0.0557271 0.997887
v -2.4324 2 -0.97126
vn 0.879275 0.110007 0.463436
v -2.44095 2.07945 -0.97126
vn 0.791399 0.118487 0.599706
v -2.3338 2.0681 -1.0064
vn 0.0699977 0.04584 0.996493
v -2.39055 2.13053 -1.00382
vn 0.197468 0.0422048 0.9794
v -2.43595 2.12568 -0.990235
vn 0.441239 0.237423 0.865412
v -2.3565 2.1362 -1.0102
vn 0.0239577 0.0199495 0.999514
v -2.25435 2.12485 -1.00905
vn 0.0307435 0.0712593 0.996984
v -2.4385 1.9773 -0.94855
vn 0.979273 0.132474 0.153213
v -2.4399 1.9545 -0.92585
vn 0.994303 0.0806484 0.0696983
v -2.4427 1.9318 -0.88044
vn 0.99387 0.0177299 0.109128
v -2.11805 1.88462 -0.995643
vn -0.0753666 0.0399319 0.996356
v -2.09535 1.94882 -0.99661
vn -0.0757574 0.0130137 0.997041
v -2.0386 1.7729 -0.98543
vn -0.141265 -0.089362 0.98593
v -2.0159 1.80695 -0.98191
vn -0.0679893 0.0213892 0.997457
v -2.0159 1.7729 -0.98322
vn -0.0878999 -0.0826498 0.992695
v -2.04995 1.87505 -0.99003
vn -0.127793 0.0269131 0.991436
v -1.95064 1.78425 -0.983792
vn 0.0585098 0.00199587 0.998285
v -1.85729 1.78993 -0.990879
vn 0.068122 0.0177228 0.99752
v -1.9251 1.82965 -0.98706
vn 0.0359513 0.0403362 0.998539
v -2.0159 1.8637 -0.98666
vn 0.0335169 0.0391063 0.998673
v -2.04995 1.9602 -0.989835
vn -0.114496 0.0107406 0.993366
v -2.00455 1.94317 -0.987573
vn 0.025705 -0.00190343 0.999668
v -1.9705 1.87505 -0.98978
vn -0.00404834 0.0219902 0.99975
v -1.857 1.9278 -0.993865
vn 0.0349752 -0.0128159 0.999306
v -1.94851 1.97018 -0.989774
vn 0.00460662 -0.0504969 0.998714
v -2.16345 2.00568 -1.00137
vn 0.0089082 0.0498858 0.998715
v -2.1294 2 -0.99859
vn -0.11844 0.0558744 0.991388
v -2.1748 1.9318 -1.00135
vn -0.0334688 0.00596836 0.999422
v -2.0737 2.01135 -0.992164
vn -0.083841 0.00831543 0.996444
v -2.22881 2.07377 -1.0063
vn 0.0356126 0.0928327 0.995045
v -2.1521 2.07945 -1.00777
vn 0.00376787 0.100743 0.994905
v -2.19474 2.11918 -1.00954
vn 0.00900998 0.0880471 0.996076
v -2.09535 2.07296 -0.999729
vn -0.106424 0.100157 0.989264
v -2.1294 2.1362 -1.0119
vn -0.145756 0.0398618 0.988517
v -2.04995 2.07945 -0.99785
vn -0.085288 0.0527659 0.994958
v -2.01857 2.01414 -0.990673
vn -0.0536383 0.0425165 0.997655
v -1.95347 2.03405 -0.986022
vn -0.0479982 -0.0120367 0.998775
v -1.90808 2.01135 -0.98544
vn -0.0105579 -0.0684286 0.9976
v -1.9251 2.07945 -0.985185
vn -0.0730207 0.0133118 0.997242
v -1.9024 2.1135 -0.984462
vn 0.0192902 0.00823129 0.99978
v -2.55975 2.227 -0.97046
vn 0.522477 0.384092 0.761243
v -2.463 2.1362 -0.97126
vn 0.734888 0.55521 0.389463
v -2.49837 2.18727 -0.981957
vn 0.358062 0.269226 0.894041
v -2.50132 2.1719 -0.97126
vn 0.557949 0.663661 0.498244
v -2.45516 2.171 -0.99314
vn 0.245966 0.175503 0.953257
v -2.48577 2.23401 -0.992606
vn 0.246575 0.0919073 0.964756
v -2.4473 2.227 -1.0001
vn 0.122452 0.0674907 0.990177
v -2.5656 2.2497 -0.97126
vn 0.42782 0.0830243 0.900043
v -2.56365 2.2951 -0.972755
vn 0.568946 0.021513 0.822094
v -2.50405 2.2951 -0.993605
vn 0.204342 0.0401705 0.978075
v -2.52907 2.18497 -0.94855
vn 0.554637 0.820022 0.141214
v -2.5608 2.2095 -0.94855
vn 0.723984 0.66065 0.198466
v -2.5381 2.1741 -0.85773
vn 0.505275 0.846505 0.167712
v -2.5779 2.227 -0.914495
vn 0.870224 0.487452 0.0714275
v -2.47 2.13685 -0.942635
vn 0.839444 0.533698 0.102467
v -2.4914 2.1608 -0.9372
vn 0.57468 0.817762 0.031762
v -2.48768 2.1599 -0.89179
vn 0.727221 0.682448 0.0735815
v -2.5154 2.1731 -0.90314
vn 0.423697 0.898669 0.11347
v -2.4927 2.1639 -0.90314
vn 0.374254 0.91558 0.147129
v -2.5768 2.23835 -0.94855
vn 0.895434 0.262699 0.359426
v -2.5831 2.2497 -0.92585
vn 0.992682 0.116765 0.0308021
v -2.5822 2.2951 -0.94855
vn 0.962845 0.0192266 0.269369
v -2.58375 2.298 -0.914495
vn 0.999891 0.00585211 -0.013573
v -2.57905 2.227 -0.86341
vn 0.959688 0.281014 -0.00544689
v -2.5812 2.2497 -0.84638
vn 0.998032 0.0121397 -0.0615128
v -2.57993 2.2951 -0.840705
vn 0.999079 0.0145461 -0.0403743
v -2.4019 2.19295 -1.0017
vn 0.116599 0.0411678 0.992325
v -2.3792 2.21565 -1.00392
vn 0.0567398 -0.0607799 0.996537
v -2.2884 2.17025 -1.0078
vn 0.0374582 -0.000537074 0.999298
v -2.29975 2.23268 -1.0064
vn 0.125523 -0.0807663 0.988798
v -2.243 2.2043 -1.0201
vn 0.176767 0.0492296 0.983021
v -2.4246 2.2951 -1.0016
vn -0.0105031 -0.0417581 0.999073
v -2.34515 2.2497 -1.0017
vn -0.025022 -0.121291 0.992302
v -2.3659 2.2968 -0.996635
vn -0.157534 -0.231691 0.959949
v -2.25435 2.2447 -1.0137
vn 0.142701 -0.248759 0.957995
v -2.3111 2.2951 -0.98925
vn -0.0339513 -0.279179 0.959639
v -2.257 2.29647 -0.996935
vn 0.163378 -0.306328 0.937801
v -2.2203 2.2043 -1.0228
vn -0.0272008 0.0844613 0.996055
v -2.1862 2.16128 -1.01528
vn 0.00597373 0.111496 0.993747
v -2.1521 2.17558 -1.01345
vn -0.116934 0.011159 0.993077
v -2.15778 2.23072 -1.015
vn -0.0978477 -0.00613043 0.995183
v -2.07194 2.17167 -1.00293
vn -0.130426 0.0431884 0.990517
v -2.2203 2.227 -1.0213
vn -0.000797159 -0.140449 0.990088
v -2.1976 2.2951 -1.0081
vn 0.132985 -0.218791 0.966667
v -2.14075 2.2951 -1.01003
vn -0.000626668 -0.0987077 0.995116
v -2.09535 2.26105 -1.01085
vn -0.0668473 0.0165409 0.997626
v -2.03576 2.2951 -1.00994
vn -0.0517398 0.0652595 0.996526
v -1.9705 2.1816 -0.98933
vn -0.111756 0.0229961 0.99347
v -1.98752 2.21565 -0.994952
vn -0.102137 0.11599 0.987985
v -1.89672 2.2043 -0.987405
vn -0.0697299 0.0909285 0.993413
v -2.04995 2.2497 -1.00385
vn -0.0874593 0.103641 0.990762
v -1.97617 2.26672 -1.00175
vn -0.0930853 0.100702 0.990552
v -1.91659 2.29572 -0.994416
vn -0.125398 0.0278221 0.991716
v -2.4496 1.841 -0.81232
vn 0.992318 0.119211 0.0330802
v -2.4478 1.841 -0.83503
vn 0.985951 0.15003 0.0734256
v -2.4484 1.83105 -0.788825
vn 0.990257 0.105816 0.0905231
v -2.4473 1.9318 -0.83781
vn 0.989528 0.00974153 0.144014
v -2.4515 1.9091 -0.81232
vn 0.985481 -0.0194819 0.168667
v -2.453 1.8864 -0.81232
vn 0.987487 0.0868211 0.131652
v -2.4551 1.94315 -0.78962
vn 0.98102 0.0112901 0.193578
v -2.4618 1.841 -0.71015
vn 0.984632 0.0969872 0.145233
v -2.4745 1.9773 -0.67609
vn 0.990899 0.0683903 0.115942
v -2.4547 2.0227 -0.823675
vn 0.987812 0.15059 0.0393812
v -2.458 2 -0.78962
vn 0.987046 0.0421886 0.154789
v -2.4596 2.0454 -0.76691
vn 0.991459 0.0368999 0.125087
v -2.46838 2.08518 -0.834101
vn 0.962469 0.263302 0.0657656
v -2.46348 2.0681 -0.77259
vn 0.967559 0.244241 0.0646248
v -2.49293 2.137 -0.734425
vn 0.812912 0.581559 0.0310304
v -2.46718 2.01135 -0.72479
vn 0.986727 -0.0294887 0.159686
v -2.4709 2.0681 -0.70398
vn 0.978984 0.0561308 0.19606
v -2.47338 2.0908 -0.72718
vn 0.944656 0.318255 0.0796105
v -2.48578 2.11548 -0.704472
vn 0.896649 0.427999 0.113301
v -2.47442 1.82965 -0.63636
vn 0.994256 -0.018661 0.105388
v -2.47205 1.89775 -0.63068
vn 0.996866 0.00308565 0.0790491
v -2.47796 1.8637 -0.593787
vn 0.985105 0.000628975 0.171955
v -2.4739 1.9318 -0.63068
vn 0.9828 0.13412 0.126946
v -2.48823 1.83533 -0.522832
vn 0.992419 0.00992977 0.122501
v -2.4828 2.0227 -0.65339
vn 0.981852 0.00943033 0.189414
v -2.49249 2.06882 -0.573918
vn 0.989292 0.0790153 0.122713
v -2.5023 2.0227 -0.47175
vn 0.992233 0.0681136 0.104091
v -2.50424 2.0908 -0.508642
vn 0.973657 0.199616 0.110207
v -2.50535 2.0681 -0.474585
vn 0.989078 0.0792082 0.124304
v -1.91375 1.8637 -0.763085
vn 0.0699807 0.00536873 0.997534
v -1.9478 1.8183 -0.76869
vn -0.050006 -0.0543393 0.99727
v -1.908 1.8864 -0.76691
vn 0.22684 0.383017 0.895456
v -1.9024 1.8787 -0.78962
vn 0.722361 0.59413 -0.353843
v -1.9478 1.8747 -0.76691
vn -0.137784 0.0543954 0.988967
v -2.5707 2.2043 -0.80097
vn 0.893031 0.449587 0.0191544
v -2.4927 2.15875 -0.85829
vn 0.560916 0.787761 0.25457
v -2.5154 2.1667 -0.85773
vn 0.334932 0.926305 0.172568
v -2.5154 2.1628 -0.83503
vn 0.460369 0.878109 0.130327
v -2.57675 2.227 -0.75556
vn 0.997145 0.0749937 -0.00884875
v -2.5761 2.2724 -0.78962
vn 0.999547 -0.0181305 -0.0240254
v -2.5381 2.16285 -0.72718
vn 0.589854 0.806879 0.0319014
v -2.56977 2.2043 -0.704472
vn 0.907326 0.419863 -0.0217956
v -2.5154 2.15307 -0.732855
vn 0.517363 0.853257 0.0654875
v -2.5 2.1362 -0.687445
vn 0.677345 0.733092 0.0614841
v -2.57832 2.26105 -0.715825
vn 0.999245 0.0352045 -0.0164332
v -2.57913 2.2951 -0.68177
vn 0.99763 0.0687116 -0.00354961
v -2.57605 2.227 -0.698795
vn 0.989227 0.1409 -0.0397255
v -2.5381 2.1649 -0.66474
vn 0.726261 0.686977 0.0246354
v -2.569 2.2043 -0.60798
vn 0.932575 0.359795 -0.0291857
v -2.50485 2.1362 -0.63636
vn 0.75761 0.646184 0.092046
v -2.5747 2.23268 -0.61933
vn 0.993564 0.113192 0.00429769
v -2.5815 2.2951 -0.58527
vn 0.992667 0.082911 -0.0879713
v -2.556 2.1816 -0.56257
vn 0.857112 0.514778 -0.0190234
v -2.5641 2.2043 -0.54554
vn 0.975566 0.219409 -0.0114623
v -2.55849 2.18175 -0.497538
vn 0.908634 0.414996 0.0465118
v -2.56747 2.24403 -0.534187
vn 0.993004 0.104342 -0.0552843
v -2.57046 2.2951 -0.480262
vn 0.997517 0.0542445 -0.0449194
v -2.49872 1.89208 -0.44904
vn 0.98618 0.0138889 0.165092
v -2.504 1.7956 -0.42634
vn 0.989311 0.0106929 0.145426
v -2.49925 1.98297 -0.460395
vn 0.988451 0.0568954 0.140451
v -2.51097 1.80695 -0.352548
vn 0.996168 0.00629669 0.0872385
v -2.51017 1.88072 -0.38093
vn 0.993807 0.0113944 0.110534
v -2.50952 1.99999 -0.412148
vn 0.993465 0.0413088 0.106398
v -2.5143 2.0454 -0.33552
vn 0.996396 0.0577411 0.0621406
v -2.52132 2.07945 -0.307137
vn 0.987214 0.139967 0.076279
v -2.52166 1.94032 -0.261727
vn 0.991407 -0.0137108 0.130093
v -2.54195 1.87505 -0.15387
vn 0.986945 -0.011563 0.160643
v -2.52951 1.95169 -0.21064
vn 0.980258 -0.00340546 0.197694
v -2.5286 2.1135 -0.29011
vn 0.95515 0.283023 0.0870955
v -2.54285 2.0227 -0.15387
vn 0.99959 0.00793688 0.0275104
v -2.5416 2.10215 -0.17658
vn 0.994125 0.0625825 0.0883074
v -2.5479 2.1589 -0.44904
vn 0.799573 0.599719 0.0319462
v -2.56685 2.2043 -0.43769
vn 0.994861 0.101112 -0.0052417
v -2.56687 2.24402 -0.440529
vn 0.998901 0.0294141 -0.0364858
v -2.54885 2.1589 -0.31849
vn 0.896197 0.443611 -0.00630309
v -2.55638 2.1816 -0.31849
vn 0.974918 0.21093 -0.0710125
v -2.5661 2.2951 -0.39228
vn 0.997755 0.0668665 0.00375924
v -2.56485 2.2724 -0.324165
vn 0.995713 0.0877368 -0.0292795
v -2.5478 2.1589 -0.2674
vn 0.951031 0.306792 0.0376579
v -2.5435 2.1362 -0.19929
vn 0.989186 0.145904 0.014968
v -2.55145 2.1816 -0.25605
vn 0.99103 0.124004 -0.0498207
v -2.56087 2.26331 -0.278755
vn 0.992398 0.121203 -0.0213666
v -2.56585 2.2951 -0.27308
vn 0.992976 0.116602 -0.0200846
v -2.55359 2.23835 -0.170905
vn 0.997541 0.0569987 -0.0407922
v -2.54894 2.17167 -0.11414
vn 0.997268 0.0735061 0.00727916
v -2.5544 2.2951 -0.15387
vn 0.997412 0.0603884 -0.0390308
v -2.54165 1.93182 -0.114138
vn 0.999642 -0.0241988 0.0113855
v -2.54213 2.07945 -0.0914342
vn 0.999841 0.0176139 0.00295082
v -2.54458 2.1135 -0.0573778
vn 0.998382 0.0567871 0.00290501
v -2.54304 2.00284 0.0164144
vn 0.999855 0.00372445 -0.0166114
v -2.54504 2.13053 0.00789997
vn 0.998141 0.0409823 -0.0451119
v -2.54155 2.03831 0.0738865
vn 0.999805 0.00854089 -0.0177792
v -2.54223 2.15323 0.0618245
vn 0.999163 0.0162871 -0.0375343
v -2.54126 2.14471 0.141293
vn 0.999856 0.016652 -0.00332252
v -2.54955 2.227 -0.0517015
vn 0.999661 0.022518 -0.0130493
v -2.54985 2.17025 -0.0460253
vn 0.999278 0.0376074 -0.00536397
v -2.5528 2.2951 -0.040349
vn 0.997561 0.0698006 3.04944e-05
v -2.54809 2.19579 0.00506195
vn 0.997417 0.0596941 -0.0399413
v -2.55495 2.2951 0.0277668
vn 0.997928 0.0622561 0.0162544
v -2.5451 2.19579 0.073177
vn 0.994109 0.107788 -0.0113148
v -2.54878 2.23835 0.127101
vn 0.995376 0.0938786 -0.0203458
v -2.552 2.2951 0.12994
vn 0.997534 0.0695366 -0.00954152
v -2.5424 2.1816 0.17535
vn 0.998025 0.062609 -0.00502743
v -2.54939 2.26672 0.291711
vn 0.995213 0.0974999 0.00663403
v -1.77755 1.8183 -0.995405
vn 0.00628508 -0.0152805 0.999863
v -1.7339 1.88072 -0.993364
vn 0.0620507 -0.0128114 0.997991
v -1.7889 1.9091 -0.99234
vn 0.00215606 -0.0668981 0.997757
v -1.70654 1.93724 -0.994896
vn 0.0493534 -0.0696554 0.99635
v -1.68097 1.78993 -0.99463
vn 0.107491 0.0886424 0.990247
v -1.6299 1.7729 -1.0001
vn 0.126831 0.110089 0.985796
v -1.6526 1.8183 -1.0026
vn 0.037767 -0.00274356 0.999283
v -1.6072 1.7729 -1.0016
vn 0.0289552 0.0454514 0.998547
v -1.56464 1.81263 -1.00406
vn -0.00368406 -0.0149502 0.999881
v -1.62139 1.91478 -0.999103
vn 0.022425 -0.057759 0.998079
v -1.55045 1.8864 -1.0016
vn 0.00609014 -0.0469952 0.998877
v -1.57883 1.95251 -0.99693
vn 0.00090388 -0.0945522 0.995519
v -1.85133 1.98297 -0.988485
vn -0.0199766 -0.087966 0.995923
v -1.82863 2.02838 -0.986315
vn 0.00238231 -0.0111004 0.999936
v -1.77187 2.05107 -0.983532
vn -0.0273853 -0.052083 0.998267
v -1.7321 2 -0.986985
vn 0.0300475 -0.0805336 0.996299
v -1.85416 2.13336 -0.986479
vn -0.0349852 -0.0144594 0.999283
v -1.82295 2.2043 -0.981415
vn -0.0552978 0.0032225 0.998465
v -1.72075 2.1135 -0.98109
vn 0.0167644 -0.0177026 0.999703
v -1.65544 2.12485 -0.982919
vn 0.0226817 -0.0425709 0.998836
v -1.6526 1.9602 -0.993068
vn 0.0306907 -0.0993667 0.994577
v -1.62706 2.05817 -0.98776
vn 0.0264489 -0.0609086 0.997793
v -1.8343 2.2951 -0.98607
vn -0.0689597 0.0447267 0.996616
v -1.3575 2.2951 -0.98691
vn 0.0268568 -0.00461095 0.999629
v -1.39155 2.227 -0.98652
vn 0.0247714 -0.0203588 0.999486
v -1.85445 1.7956 -0.78479
vn 0.798019 0.0300877 0.60188
v -1.8797 1.8183 -0.76962
vn 0.299097 0.0141658 0.954118
v -1.8726 1.841 -0.78962
vn 0.755361 0.375336 0.537171
v -1.8859 1.85235 -0.769965
vn 0.782459 0.33901 0.522332
v -1.8284 1.7048 -0.81232
vn 0.796587 0.598898 -0.0822816
v -1.8534 1.7729 -0.80454
vn 0.991549 0.0502304 -0.119612
v -2.56358 1.2734 0.271847
vn 0.58308 -0.812197 -0.0188087
v -2.6062 1.2503 0.358632
vn 0.423249 -0.904189 -0.0574742
v -2.53841 1.29783 0.436282
vn 0.848525 -0.5282 0.0317811
v -2.5237 1.3415 0.41375
vn 0.964605 -0.263691 0.00203956
v -2.53595 1.3141 0.52728
vn 0.894364 -0.447198 0.0112515
v -2.526 1.3415 0.49322
vn 0.959979 -0.279683 -0.0147634
v -2.53385 1.31035 0.5954
vn 0.90166 -0.431406 -0.0299798
v -2.52297 1.3415 0.618103
vn 0.984568 -0.174992 -0.00185965
v -2.52245 1.3642 0.674865
vn 0.999831 0.0153177 -0.0102026
v -2.5345 1.30727 0.660139
vn 0.920233 -0.389242 -0.0407696
v -2.58262 1.25078 0.708925
vn 0.434864 -0.899404 -0.0443494
v -2.5608 1.262 0.73163
vn 0.529106 -0.848555 -0.000791937
v -2.629 1.22485 0.765685
vn 0.400326 -0.914931 -0.0513858
v -2.54868 1.2734 0.765685
vn 0.705735 -0.707841 0.0299765
v -2.5381 1.2875 0.75433
vn 0.911618 -0.411009 0.0049653
v -2.5213 1.3415 0.70892
vn 0.971928 -0.234197 -0.0225212
v -2.51893 1.37555 0.725953
vn 0.999705 -0.021055 -0.0121334
v -2.5209 1.3415 0.79974
vn 0.96206 -0.272665 -0.00972526
v -2.58817 1.247 0.81961
vn 0.53681 -0.843418 -0.0219171
v -2.5381 1.2954 0.82245
vn 0.895138 -0.445787 -0.00133614
v -2.6062 1.23417 0.86218
vn 0.440254 -0.896478 -0.0500308
v -2.54982 1.2734 0.839477
vn 0.71074 -0.700905 -0.0598465
v -2.5164 1.3689 0.828122
vn 0.997761 -0.0182988 -0.0643221
v -2.51839 1.41491 0.81693
vn 0.997591 0.000888506 -0.0693583
v -2.51915 1.3415 0.87921
vn 0.989312 -0.145254 0.0127744
v -2.5835 1.244 0.89056
vn 0.536385 -0.84131 -0.0669981
v -2.629 1.2183 0.95868
vn 0.448106 -0.893501 -0.0292652
v -2.5608 1.25561 0.955839
vn 0.54139 -0.840298 -0.028203
v -2.5256 1.3188 0.89056
vn 0.941391 -0.335031 -0.0392035
v -2.51505 1.40393 0.87689
vn 0.999216 -0.00625846 0.0390825
v -2.52035 1.3415 0.92462
vn 0.992597 -0.120747 0.0130594
v -2.5184 1.3642 0.947325
vn 0.999616 -0.013337 -0.0242937
v -2.51694 1.4364 0.882049
vn 0.998248 0.052013 0.0281962
v -2.5608 1.255 1.0495
vn 0.503377 -0.863931 -0.0153524
v -2.6349 1.21345 1.03625
vn 0.428311 -0.902604 -0.0430718
v -2.52416 1.30745 1.01261
vn 0.965228 -0.259834 -0.0286621
v -2.5177 1.3415 1.0722
vn 0.993705 -0.108408 -0.028266
v -2.51586 1.42059 1.03389
vn 0.999503 0.0225864 -0.0220122
v -2.629 1.2144 1.0722
vn 0.480064 -0.877073 -0.0167533
v -2.53801 1.2716 1.08922
vn 0.895439 -0.445168 0.00373087
v -2.6332 1.21225 1.10625
vn 0.442781 -0.896453 -0.017815
v -2.51821 1.3203 1.14314
vn 0.958673 -0.282878 -0.0304383
v -2.5137 1.42095 1.1176
vn 0.999972 0.00258622 -0.00701544
v -2.51378 1.37555 1.13179
vn 0.99977 0.0158032 -0.0145
v -2.6325 1.21085 1.15165
vn 0.442765 -0.895318 -0.0486381
v -2.55755 1.24855 1.2084
vn 0.612864 -0.789121 -0.0410564
v -2.5158 1.3188 1.2614
vn 0.941645 -0.336023 -0.0198448
v -2.5173 1.42095 1.1857
vn 0.996691 0.0751323 0.0310084
v -2.5128 1.3415 1.2538
vn 0.999384 -0.0335401 -0.0102962
v -2.51168 1.37555 1.20273
vn 0.998652 0.0516083 -0.00550749
v -2.5381 1.2701 1.2538
vn 0.857602 -0.513738 -0.0243211
v -2.5608 1.23875 1.35605
vn 0.454416 -0.890779 0.00440786
v -2.5431 1.2507 1.3674
vn 0.670202 -0.742158 0.0056383
v -2.5123 1.3188 1.32768
vn 0.949435 -0.309654 -0.0518388
v -2.50857 1.34718 1.322
vn 0.998203 -0.00995492 -0.0590849
v -2.51264 1.39836 1.27797
vn 0.996877 0.0747731 -0.0253966
v -2.51935 1.47347 1.08355
vn 0.994541 0.100354 -0.0285745
v -2.52059 1.47142 1.15449
vn 0.996789 0.070993 0.0370264
v -2.5211 1.455 1.2084
vn 0.996194 0.0779898 -0.0389303
v -2.51616 1.45216 1.322
vn 0.997678 0.0478581 -0.0484633
v -2.629 1.21 1.4582
vn 0.44752 -0.893409 0.0393277
v -2.5567 1.24836 1.44827
vn 0.54496 -0.835399 0.0715994
v -2.5933 1.228 1.42415
vn 0.461772 -0.884944 0.0603346
v -2.6062 1.2218 1.4582
vn 0.508996 -0.860313 0.0280092
v -2.6062 1.2225 1.4809
vn 0.496003 -0.867996 0.0237419
v -2.59681 1.23018 1.53765
vn 0.48034 -0.875564 0.0515919
v -2.53465 1.26985 1.48658
vn 0.681634 -0.731679 -0.00457123
v -2.6062 1.2231 1.5036
vn 0.507319 -0.861443 0.0233131
v -2.629 1.2117 1.5036
vn 0.447089 -0.894177 0.0236339
v -2.5569 1.2507 1.549
vn 0.488779 -0.872254 0.0163578
v -2.6062 1.2239 1.5263
vn 0.489071 -0.870184 0.0599092
v -2.5327 1.26845 1.5717
vn 0.685892 -0.727375 -0.0218536
v -2.629 1.214 1.549
vn 0.483406 -0.87365 0.0552651
v -2.5608 1.2507 1.592
vn 0.360442 -0.930865 0.0597688
v -2.543 2.1816 0.35699
vn 0.997211 0.0744138 0.0056975
v -2.55387 2.2951 0.33996
vn 0.991353 0.128229 0.0278684
v -2.5573 2.2951 0.41375
vn 0.990967 0.133787 0.00920709
v -2.55025 2.2497 0.44781
vn 0.993129 0.115858 0.0165038
v -2.5494 2.227 0.53863
vn 0.995075 0.098025 0.0147062
v -2.5576 2.2951 0.50457
vn 0.990369 0.13433 0.0335229
v -2.553 2.227 0.6181
vn 0.992305 0.123383 -0.0104033
v -2.5608 2.3101 0.52728
vn 0.992623 0.120628 0.0122165
v -2.54862 2.19863 0.64081
vn 0.991364 0.120835 -0.0509463
v -2.5493 2.2497 0.69757
vn 0.990915 0.116537 -0.0671294
v -2.5608 2.30665 0.65216
vn 0.990126 0.137785 -0.025795
v -2.54345 2.21565 0.73163
vn 0.994682 0.102853 -0.00534204
v -2.5572 2.2951 0.68622
vn 0.986367 0.159269 -0.0413921
v -2.54093 2.19295 0.86218
vn 0.997856 0.0638566 0.0143619
v -2.54503 2.23693 0.836639
vn 0.991631 0.12909 0.00176281
v -2.5526 2.2951 0.89056
vn 0.994341 0.10598 -0.00734396
v -2.54634 2.21849 0.938811
vn 0.996813 0.0796894 0.00369699
v -2.5504 2.2951 0.93597
vn 0.995862 0.0908166 0.00333247
v -2.54668 2.15039 1.14314
vn 0.99317 0.0923247 0.071337
v -2.52343 1.9659 1.32768
vn 0.993802 0.0839153 -0.0729138
v -2.52985 1.9773 1.2311
vn 0.99459 0.103877 -0.000329347
v -2.5429 2.10215 1.163
vn 0.990835 0.127116 0.0456814
v -2.54079 2.06359 1.24245
vn 0.99319 0.11649 -0.00206037
v -2.5486 2.1362 1.2538
vn 0.994705 0.0848603 -0.0579767
v -2.54435 2.13691 1.30353
vn 0.996415 0.0724825 -0.0436379
v -2.5445 2.20998 1.0268
vn 0.994124 0.0989696 0.0438409
v -2.5563 2.2951 1.0495
vn 0.991205 0.121948 0.0514018
v -2.5526 2.2497 1.1176
vn 0.988725 0.110111 0.101484
v -2.5566 2.2951 1.0949
vn 0.992518 0.115628 0.03921
v -2.55581 2.22416 1.17435
vn 0.995374 0.0905101 0.032212
v -2.55183 2.17025 1.22542
vn 0.997069 0.0726132 -0.0241092
v -2.5616 2.2951 1.163
vn 0.997553 0.0630473 -0.0302036
v -2.5608 2.3045 1.1857
vn 0.997734 0.0575735 -0.0348035
v -2.55565 2.23835 1.24245
vn 0.99592 0.0834633 -0.0343146
v -2.5168 1.9318 1.3901
vn 0.9981 0.0537371 -0.0301307
v -2.52165 1.98865 1.4128
vn 0.990513 0.134557 -0.0279177
v -2.54192 2.10783 1.35038
vn 0.996761 0.0742157 -0.0309646
v -2.53883 2.10385 1.40848
vn 0.992378 0.103637 -0.0666765
v -2.54438 2.19862 1.41848
vn 0.996829 0.0720393 -0.0337994
v -2.5521 2.2724 1.3447
vn 0.995065 0.0870091 -0.0477015
v -2.55215 2.2951 1.40145
vn 0.996262 0.07699 -0.039168
v -2.54987 2.25538 1.43834
vn 0.994459 0.103065 -0.0206993
v -2.54045 2.21565 1.4809
vn 0.987714 0.134987 -0.0787324
v -2.5532 2.2951 1.5036
vn 0.997051 0.0767086 0.00215742
v -0.94877 1.7956 -1.00775
vn 0.0273617 -0.022851 0.999364
v -1.56464 2.01135 -0.990209
vn 0.00852692 -0.0535755 0.998527
v -1.48802 2.0681 -0.99049
vn 0.0358988 -0.0457174 0.998309
v -1.49938 2.12201 -0.986919
vn 0.0319588 -0.0454293 0.998456
v -1.47029 1.82681 -1.00324
vn 0.00755592 -0.0164413 0.999836
v -1.43695 1.92613 -1.00071
vn 0.0359201 -0.0491872 0.998143
v -1.50647 1.93464 -0.99753
vn 0.0184789 -0.0713805 0.997278
v -1.39155 1.87789 -1.00337
vn 0.0120815 -0.0252164 0.999609
v -1.49938 2.01135 -0.991437
vn 0.0526086 -0.0580552 0.996926
v -1.37453 2.03405 -0.995782
vn 0.0476877 -0.0472304 0.997745
v -1.36318 2.12224 -0.993134
vn 0.048258 -0.0530543 0.997425
v -1.23539 2.01703 -1.00022
vn -0.00564383 -0.0165182 0.999848
v -1.27795 1.9659 -1.00275
vn 0.0277469 -0.0116121 0.999548
v -1.21553 1.95735 -1.00235
vn -0.02176 -0.0291425 0.999338
v -1.1077 2.03405 -0.996885
vn 0.0198537 -0.0513402 0.998484
v -1.36176 1.973 -1.00079
vn 0.025147 -0.0479514 0.998533
v -1.30355 2.09648 -0.996819
vn 0.0437478 -0.0278762 0.998654
v -1.17012 2.08512 -0.998523
vn -0.0500125 -0.00645368 0.998728
v -1.20418 2.12485 -0.999795
vn -0.0017084 -0.0299605 0.99955
v -1.73494 2.19862 -0.980715
vn 0.00160352 0.0103913 0.999945
v -1.7321 2.2951 -0.984445
vn -0.0313205 0.0571007 0.997877
v -1.698 2.2497 -0.98066
vn -0.0150245 -0.00409797 0.999879
v -1.5845 2.21565 -0.98028
vn 0.0230419 -0.026367 0.999387
v -1.5164 2.21565 -0.984755
vn 0.0529746 -0.00137981 0.998595
v -1.59301 2.26105 -0.981116
vn 0.0330721 0.00469617 0.999442
v -1.6526 2.2951 -0.97807
vn -0.0204321 0.0166706 0.999652
v -1.5164 2.2951 -0.983258
vn 0.025355 -0.046317 0.998605
v -1.5391 2.2724 -0.98469
vn 0.0234461 -0.0193609 0.999538
v -1.32345 2.2497 -0.989145
vn 0.0596121 -0.00763046 0.998192
v -1.30921 2.16895 -0.99228
vn 0.0631849 -0.0542807 0.996525
v -1.21836 2.21849 -0.995849
vn 0.0409354 -0.0220127 0.998919
v -1.11621 2.16032 -0.996762
vn -0.00503687 0.00748813 0.999959
v -1.2893 2.2951 -0.99226
vn 0.0568684 -0.0214289 0.998152
v -1.07365 2.2951 -0.999995
vn 0.0455159 0.00893702 0.998924
v -1.0623 1.85235 -1.00345
vn 0.049583 -0.0187784 0.998593
v -0.99419 1.841 -1.0081
vn 0.0254724 -0.00529549 0.999662
v -1.12189 1.9716 -1.0013
vn 0.00655359 -0.0386885 0.99923
v -1.1985 1.9091 -0.99984
vn -0.0146406 0.0165314 0.999756
v -1.11905 1.90342 -1.00028
vn 0.0304183 -0.00860912 0.9995
v -1.07365 1.94882 -1.00295
vn 0.0252353 -0.0342802 0.999094
v -0.94877 1.8864 -1.0072
vn -0.0136207 -0.0662524 0.99771
v -1.02825 1.93747 -1.00375
vn 0.00494797 -0.0466031 0.998901
v -0.94877 1.9659 -0.999075
vn -0.00190209 -0.024154 0.999706
v -0.98283 2.07945 -0.99925
vn -0.0076409 -0.01167 0.999903
v -1.1304 2.0908 -0.99518
vn -0.00835269 -0.00304082 0.99996
v -1.05095 2.08513 -0.997425
vn 0.0281106 -0.0172929 0.999455
v -1.0396 2.14755 -0.996405
vn 0.0414188 0.0229473 0.998878
v -0.94877 2.12485 -1.0025
vn 0.0551943 0.0170702 0.99833
v -1.05237 2.21565 -0.999988
vn 0.0411501 0.0280552 0.998759
v -1.09635 2.23268 -0.997525
vn 0.0237048 0.0167656 0.999578
v -0.94877 2.19863 -1.00288
vn 0.0450036 0.0266455 0.998631
v -0.98283 2.23835 -1.002
vn 0.0319434 0.0400194 0.998688
v -1.01122 2.2951 -1.00435
vn 0.0605052 0.0441912 0.997189
v -0.94877 2.2951 -1.0074
vn 0.0468923 0.0322406 0.99838
v -2.3792 0.77388 -0.99283
vn 0.00530928 -0.00960165 0.99994
v -2.8106 0.56953 -0.99441
vn 0.0101407 -0.0114939 0.999883
v -2.6517 0.56953 -0.99721
vn 0.00170563 -0.0250859 0.999684
v -2.76996 0.60359 -0.994038
vn 0.0127242 -0.0033286 0.999914
v -2.73682 0.660351 -0.994942
vn -0.00157833 -0.0049918 0.999986
v -2.8114 0.72724 -0.99397
vn 0.0260569 0.0164916 0.999524
v -2.822 0.762525 -0.99397
vn 0.0519551 -0.000479321 0.998649
v -2.8106 0.79658 -0.99434
vn 0.00456401 -0.0205474 0.999778
v -2.8106 0.863675 -0.991545
vn 0.00434532 -0.0519742 0.998639
v -2.69994 0.714276 -0.995183
vn -0.00885896 0.0176902 0.999804
v -2.75385 0.75117 -0.997335
vn 0.0187519 -0.00133129 0.999823
v -2.62422 0.725972 -0.994609
vn -0.0287956 0.030876 0.999108
v -2.66873 0.78523 -0.995237
vn 0.00760702 -0.0291087 0.999547
v -2.75953 0.91011 -0.989297
vn 0.0157606 -0.0308341 0.9994
v -2.64035 0.881725 -0.996275
vn 0.00329767 -0.00502919 0.999982
v -2.71696 0.928555 -0.990694
vn 0.0367032 -0.0108819 0.999267
v -2.6744 0.96687 -0.993365
vn 0.0205481 -0.027723 0.999404
v -2.56647 0.56953 -0.995108
vn -0.00834633 -0.00466849 0.999954
v -2.37069 0.56953 -0.9959
vn 0.00311075 -0.00809167 0.999962
v -2.5608 0.61494 -0.99586
vn -0.0174052 -0.00454775 0.999838
v -2.50214 0.686263 -0.993951
vn -0.00212132 -0.0233999 0.999724
v -2.2394 0.56953 -0.99397
vn -0.0188656 -0.0175391 0.999668
v -2.06698 0.56953 -0.99703
vn 0.0187685 -0.00858553 0.999787
v -2.00455 0.56953 -0.998465
vn 0.0535759 -0.0369269 0.997881
v -1.8797 0.56953 -1.0043
vn 0.0380041 -0.039676 0.99849
v -2.04995 0.67738 -0.995967
vn 0.0235054 -0.00500316 0.999711
v -1.93077 0.620617 -1.00138
vn 0.0494762 -0.0324007 0.99825
v -2.5835 0.70576 -0.99102
vn -0.00139674 -0.0140413 0.9999
v -2.5835 0.762525 -0.994185
vn -0.044534 0.012768 0.998926
v -2.44215 0.75117 -0.994055
vn 0.00617838 0.00299656 0.999976
v -2.54945 0.810775 -0.99193
vn -0.0166861 -0.010434 0.999806
v -2.4473 0.84199 -0.99338
vn 0.0126269 -1.32895e-05 0.99992
v -2.59485 0.97822 -0.993495
vn -0.0358122 -0.0571501 0.997723
v -2.14359 0.666028 -0.992821
vn 0.0200849 -0.00320095 0.999793
v -2.2884 0.87516 -0.83503
vn -0.404223 -0.334077 0.851467
v -2.2657 0.8874 -0.8178
vn -0.198932 -0.153166 0.96797
v -2.2884 0.91854 -0.81232
vn -0.0476085 -0.140404 0.988949
v -2.3037 0.947763 -0.81232
vn -0.231855 -0.0992521 0.967674
v -2.2301 0.940795 -0.81232
vn 0.0831072 -0.0951714 0.991986
v -2.3111 1.0463 -0.80191
vn -0.214982 -0.126245 0.968424
v -2.3338 1.0502 -0.81232
vn -0.379207 -0.204577 0.902414
v -2.29975 1.04914 -0.800948
vn 0.0263531 -0.0882673 0.995748
v -2.20895 0.870375 -0.822388
vn 0.0658187 -0.076172 0.99492
v -1.9932 0.8874 -0.84459
vn 0.152279 -0.136158 0.978914
v -2.0159 0.75667 -0.85773
vn 0.101035 -0.140672 0.984887
v -2.1748 0.91011 -0.82374
vn 0.111093 -0.0912504 0.989612
v -2.18348 0.985725 -0.814728
vn 0.118878 -0.0828909 0.989443
v -2.1294 1.01225 -0.81976
vn 0.0676667 -0.106994 0.991954
v -2.07833 0.95551 -0.82671
vn 0.0445767 -0.103694 0.99361
v -2.03607 0.87379 -0.838133
vn 0.158804 -0.120392 0.979942
v -1.98325 0.946285 -0.83503
vn 0.129984 -0.141857 0.981316
v -2.1067 0.944165 -0.826305
vn 0.0862435 -0.0875442 0.99242
v -2.04427 1.00091 -0.824105
vn 0.0941845 -0.0893625 0.991536
v -2.5381 1.1599 -0.98834
vn 0.0805894 0.0512963 0.995427
v -2.5381 1.1372 -0.98752
vn 0.0542066 0.0256652 0.9982
v -2.5154 1.1372 -0.98881
vn 0.0654317 0.0447932 0.996851
v -2.5154 1.1599 -0.99003
vn 0.0741359 0.0535189 0.995811
v -1.9024 0.8874 -0.87925
vn 0.616162 -0.694117 -0.372217
v -2.20895 0.551755 -0.99397
vn -0.000186841 -0.0389188 0.999242
v -2.1842 0.56953 -0.99397
vn 0.022633 -0.0174813 0.999591
v -2.4473 0.8874 -0.99416
vn 0.00415033 0.00457801 0.999981
v -2.47 0.91011 -0.99292
vn 0.00724752 -0.0536136 0.998535
v -2.47 0.93281 -0.99136
vn -0.00836716 -0.0286148 0.999555
v -2.4927 0.95552 -0.99181
vn 0.0214701 0.0145264 0.999664
v -2.4356 0.8647 -0.99397
vn 0.015669 0.0203475 0.99967
v -2.09536 0.847379 -0.83503
vn 0.0832054 -0.121454 0.989104
v -2.5154 1.069 -0.98792
vn 0.0202146 -0.0125082 0.999717
v -2.4927 0.97822 -0.99303
vn 0.0470462 -0.0203841 0.998685
v -2.4927 1.0463 -0.98817
vn 0.00748897 -0.024001 0.999684
v -2.8106 0.97822 -0.9897
vn 0.0137425 -0.00136874 0.999905
v -2.74392 1.07751 -0.988603
vn -0.0105596 0.00735523 0.999917
v -2.6971 1.0236 -0.98902
vn 0.00536408 -0.0316169 0.999486
v -2.62045 1.0236 -0.988618
vn -0.0226386 -0.0900904 0.995676
v -2.5608 0.87605 -0.993425
vn -0.0170892 0.0129516 0.99977
v -2.5381 0.944165 -0.98973
vn -0.0213678 -0.0358269 0.99913
v -2.4246 0.91482 -0.99397
vn 0.0301928 -0.0506793 0.998258
v -2.4473 0.91011 -0.99312
vn 0.0281203 -0.0576366 0.997942
v -2.54945 0.97822 -0.990735
vn -0.017485 -0.0343076 0.999258
v -2.5835 1.05765 -0.984915
vn 0.0194118 -0.0281904 0.999414
v -2.4927 1.0236 -0.98985
vn 0.0245159 -0.108862 0.993755
v -2.47 1.0009 -0.99209
vn -0.0162586 -0.0698949 0.997422
v -2.4473 0.93281 -0.99179
vn 0.0494547 -0.0584192 0.997066
v -2.8106 1.05765 -0.98697
vn 0.0404596 -0.0113729 0.999116
v -2.8106 1.24502 -0.986525
vn 0.0686313 -0.00567216 0.997626
v -2.7652 1.17125 -0.99074
vn 0.0562591 0.0123138 0.99834
v -2.6744 1.10026 -0.985842
vn -0.0538038 0.00466909 0.998541
v -2.64035 1.1372 -0.98457
vn -0.00387695 -0.00720386 0.999967
v -2.73115 1.15422 -0.990592
vn -0.0299713 -0.00114069 0.99955
v -2.77087 1.2507 -0.988745
vn 0.0328091 -0.0386689 0.998713
v -2.68859 1.19962 -0.98853
vn -0.0127058 0.033008 0.999374
v -2.8106 1.3188 -0.98451
vn 0.0257663 -0.0552724 0.998139
v -2.6971 1.2507 -0.99136
vn -0.0212728 -0.0734059 0.997075
v -2.72831 1.30745 -0.982084
vn -0.103827 -0.190782 0.976126
v -2.6105 1.24503 -0.986811
vn -0.0188804 -0.145769 0.989138
v -2.68007 1.2734 -0.986685
vn -0.0694864 -0.214694 0.974206
v -2.62905 1.29608 -0.97123
vn -0.177161 -0.508507 0.842635
v -2.7652 1.33582 -0.982105
vn -0.0773031 -0.12536 0.989095
v -2.7425 1.3821 -0.97126
vn -0.176199 -0.193826 0.965083
v -2.7276 1.3642 -0.97126
vn -0.328107 -0.202394 0.922704
v -2.67875 1.3188 -0.970305
vn -0.225444 -0.456516 0.860679
v -2.6517 1.3297 -0.94855
vn -0.337202 -0.734027 0.589491
v -2.6744 1.3452 -0.94855
vn -0.447673 -0.59288 0.66939
v -2.629 1.3254 -0.92585
vn -0.409637 -0.883284 0.228049
v -2.5608 1.19395 -0.98792
vn 0.0174025 0.0253654 0.999527
v -2.5154 1.0917 -0.98807
vn 0.0416378 0.0109708 0.999073
v -2.5154 1.1145 -0.98837
vn 0.0483783 0.0154569 0.998709
v -2.4927 1.1145 -0.98849
vn 0.00528515 0.0131561 0.999899
v -2.5608 1.228 -0.98978
vn 0.0820477 -0.0335784 0.996063
v -2.5608 1.2507 -0.98833
vn 0.124527 -0.228723 0.965494
v -2.5381 1.2507 -0.9924
vn 0.153292 -0.0413729 0.987314
v -2.5303 1.228 -0.99397
vn 0.130962 -0.0253229 0.991064
v -2.5835 1.27785 -0.97437
vn -0.0336604 -0.465007 0.884667
v -2.5493 1.3188 -0.92585
vn 0.833153 -0.55302 -0.00492454
v -2.5294 1.3415 -0.94855
vn 0.77613 -0.520866 0.355416
v -2.5307 1.3188 -0.97126
vn 0.676309 -0.539977 0.50103
v -2.5154 1.33955 -0.969665
vn 0.550565 -0.560301 0.618822
v -2.5214 1.3642 -0.92585
vn 0.813534 -0.566607 -0.130842
v -2.5332 1.3415 -0.90314
vn 0.818254 -0.565026 -0.105856
v -2.5242 1.3415 -0.85773
vn 0.469276 -0.876225 -0.109588
v -2.5154 1.3521 -0.88044
vn 0.627038 -0.769012 -0.124276
v -2.4278 1.5231 -0.92585
vn 0.981402 0.0501079 0.185309
v -2.4246 1.5004 -0.93582
vn 0.955872 0.0760679 0.283764
v -2.4194 1.4323 -0.92585
vn 0.973052 0.0500926 0.225079
v -2.4308 1.5004 -0.90314
vn 0.991118 0.05025 0.123127
v -2.4246 1.5459 -0.93372
vn 0.945829 -0.0103929 0.3245
v -2.4278 1.5913 -0.92585
vn 0.972483 0.0118825 0.232671
v -2.4332 1.5913 -0.90314
vn 0.994688 -0.0120396 0.102229
v -2.433 1.6594 -0.90314
vn 0.997181 0.0601682 0.0448302
v -2.4365 1.7275 -0.90314
vn 0.992052 0.0499262 0.115502
v -2.4327 1.7502 -0.92585
vn 0.97353 0.0793409 0.214345
v -2.4397 1.7729 -0.90314
vn 0.985411 0.0688952 0.155622
v -2.54092 1.32214 -0.82935
vn 0.744426 -0.667029 -0.0300425
v -2.56315 1.2961 -0.75556
vn 0.574458 -0.816708 -0.0546463
v -2.5835 1.3025 -0.81232
vn 0.0524966 -0.993086 -0.104992
v -2.51992 1.34165 -0.806647
vn 0.597832 -0.801578 -0.00837835
v -2.53914 1.32217 -0.756977
vn 0.680326 -0.732447 -0.0260131
v -2.5638 1.2961 -0.65339
vn 0.615174 -0.786328 0.0570052
v -2.53842 1.322 -0.661901
vn 0.628954 -0.777417 0.00626139
v -2.5154 1.33665 -0.732855
vn 0.304808 -0.952367 0.00949546
v -2.5154 1.3397 -0.67609
vn 0.410427 -0.91103 -0.0396697
v -2.2657 1.3188 -0.77865
vn -0.0936977 -0.0506717 0.99431
v -2.2884 1.3415 -0.78118
vn -0.260994 0.0166358 0.965197
v -2.2657 1.4096 -0.77411
vn -0.31175 -0.0541022 0.948622
v -2.5608 1.30475 -0.596625
vn 0.538117 -0.842853 -0.00532547
v -2.5822 1.2958 -0.58527
vn 0.268921 -0.963126 -0.00836076
v -2.53002 1.32119 -0.569714
vn 0.513893 -0.856908 -0.0402845
v -2.4927 1.34155 -0.618103
vn 0.540398 -0.839962 -0.0493228
v -2.50078 1.3415 -0.534187
vn 0.635333 -0.77206 0.0166012
v -2.49845 1.34594 -0.51432
vn 0.862438 -0.497103 0.095342
v -2.48625 1.37555 -0.545538
vn 0.974129 -0.201705 0.101918
v -2.52222 1.32405 -0.488775
vn 0.629834 -0.776103 0.031215
v -2.243 1.30745 -0.77997
vn 0.0431758 -0.0873405 0.995242
v -2.14075 1.33583 -0.783492
vn 0.0635515 -0.104634 0.992478
v -2.22597 1.37271 -0.776692
vn 0.0105855 -0.101537 0.994775
v -2.1976 1.4414 -0.76691
vn 0.0402053 -0.113085 0.992772
v -2.2884 1.4135 -0.78962
vn -0.537187 0.132394 0.833008
v -2.2855 1.455 -0.78962
vn -0.690532 -0.0484952 0.721674
v -2.2689 1.4736 -0.76691
vn -0.366994 -0.264341 0.891874
v -2.28495 1.5143 -0.76691
vn -0.216818 -0.0729604 0.973482
v -2.2657 1.54018 -0.75995
vn -0.167414 -0.109361 0.979802
v -2.2884 1.5686 -0.76316
vn -0.486662 -0.0669759 0.871019
v -2.2884 1.6821 -0.75117
vn -0.419445 -0.118746 0.899981
v -2.2764 1.6821 -0.74421
vn -0.218264 -0.149649 0.964347
v -2.20895 1.55723 -0.756523
vn 0.0415468 -0.0832512 0.995662
v -2.243 1.59414 -0.752262
vn 0.00799086 -0.100856 0.994869
v -2.11805 1.61684 -0.76176
vn 0.125263 -0.0730631 0.98943
v -2.084 1.58285 -0.768255
vn 0.104764 -0.058885 0.992752
v -2.25043 1.71893 -0.739635
vn 0.0409522 -0.104106 0.993723
v -2.629 1.2611 -0.063054
vn 0.169951 -0.984192 -0.0498214
v -2.6517 1.2583 -0.040349
vn 0.0745954 -0.99608 -0.0475326
v -2.6517 1.2507 0.13627
vn 0.212052 -0.973393 -0.0868341
v -2.53555 1.31695 -0.42634
vn 0.664163 -0.747023 -0.0290505
v -2.49435 1.3642 -0.48479
vn 0.95303 -0.276426 0.123783
v -2.4848 1.4096 -0.4831
vn 0.980262 -0.140407 0.139183
v -2.51397 1.33925 -0.414985
vn 0.853026 -0.52109 0.0284967
v -2.5053 1.3642 -0.40363
vn 0.961945 -0.265323 0.0653096
v -2.4979 1.3978 -0.423389
vn 0.988613 -0.07361 0.131245
v -2.52545 1.3188 -0.34687
vn 0.788661 -0.613205 -0.0446452
v -2.5053 1.3642 -0.35822
vn 0.962935 -0.265654 0.0467243
v -2.5049 1.3869 -0.335515
vn 0.996375 -0.0371745 0.0765228
v -2.51615 1.34189 -0.294562
vn 0.965148 -0.256789 0.0504867
v -2.52505 1.3188 -0.28443
vn 0.898688 -0.438351 0.0144106
v -2.5158 1.36193 -0.233345
vn 0.972447 -0.164452 0.165237
v -2.629 1.2706 -0.2674
vn 0.0748103 -0.99577 -0.0533379
v -2.629 1.2662 -0.15387
vn 0.173279 -0.984005 -0.0413293
v -2.52908 1.35285 -0.170903
vn 0.988659 -0.116976 0.0941789
v -2.4352 1.7729 -0.92585
vn 0.974244 0.0965644 0.203773
v -2.4408 1.7956 -0.90314
vn 0.995098 0.0219159 0.0964308
v -2.4373 1.8183 -0.92585
vn 0.986205 0.0130306 0.165015
v -2.4428 1.8183 -0.88044
vn 0.995903 0.0219426 0.0877275
v -2.6517 1.233 0.39105
vn 0.219674 -0.973839 -0.0581529
v -2.629 1.2408 0.36834
vn 0.291692 -0.955737 -0.0385043
v -2.629 1.2359 0.41375
vn 0.282598 -0.95349 -0.104862
v -1.5845 1.5004 -0.99187
vn 0.010713 -0.0322869 0.999421
v -1.5845 1.4777 -0.99282
vn 0.0220698 -0.0471288 0.998645
v -1.5391 1.5231 -0.99212
vn 0.0175852 -0.0261014 0.999505
v -1.5618 1.5231 -0.99194
vn 0.00792946 -0.00484427 0.999957
v -1.5164 1.5231 -0.99282
vn 0.0386474 -0.0541373 0.997785
v -1.4937 1.5686 -0.99293
vn 0.0431124 0.0223428 0.99882
v -1.4937 1.5231 -0.99361
vn 0.0108857 -0.0277929 0.999554
v -1.48235 1.58725 -0.994475
vn 0.0268029 0.042295 0.998746
v -1.43979 1.55158 -0.994294
vn 0.0430298 0.0171149 0.998927
v -1.4256 1.6821 -0.99818
vn 0.0440978 0.125741 0.991083
v -1.4256 1.6367 -0.99431
vn 0.0278696 0.0524255 0.998236
v -1.4029 1.6821 -0.99926
vn 0.0520549 0.120073 0.991399
v -1.3348 1.71615 -1.00425
vn 0.0214858 0.0114722 0.999703
v -1.4029 1.7048 -1.0018
vn 0.0204182 0.0452547 0.998767
v -1.3348 1.6821 -1.0028
vn 0.00762949 0.0375188 0.999267
v -1.33054 1.79276 -1.00286
vn 0.0100643 0.00530309 0.999935
v -1.26092 1.73317 -1.00282
vn -0.044892 -0.0154847 0.998872
v -1.2439 1.5881 -0.85773
vn 0.483926 0.65122 0.584575
v -1.2439 1.5686 -0.84399
vn 0.256855 0.371671 0.892125
v -1.2212 1.5725 -0.85773
vn 0.368052 0.535563 0.760073
v -1.27798 1.7956 -0.999992
vn -0.0413431 0.0222744 0.998897
v -1.5164 1.26772 -1.00305
vn 0.0350057 -0.0280735 0.998993
v -1.46532 1.31313 -0.99982
vn 0.0129696 -0.0466414 0.998827
v -1.47667 1.37271 -0.99792
vn 0.00896296 -0.0253567 0.999638
v -1.37169 1.3869 -0.998706
vn 0.0303229 -0.0563387 0.997951
v -1.3121 1.3642 -1.0034
vn 0.0279662 -0.0316962 0.999106
v -1.31775 1.2507 -1.00413
vn 0.0118514 -0.00608952 0.999911
v -1.23822 1.2734 -1.00558
vn 0.0238961 -0.0319223 0.999205
v -1.23822 1.21665 -1.00958
vn 0.0364282 -0.0578438 0.997661
v -1.10203 1.21097 -1.01107
vn 0.0260978 -0.0444038 0.998673
v -1.14742 1.2734 -1.0062
vn 0.0221968 -0.0311632 0.999268
v -1.24674 1.42662 -0.999581
vn 0.0170244 -0.0392193 0.999086
v -1.17296 1.38122 -1.0054
vn 0.0549174 -0.0345738 0.997892
v -1.6072 1.455 -0.99482
vn -0.0151804 -0.0580227 0.9982
v -1.6072 1.5004 -0.99309
vn -0.017614 -0.0155014 0.999725
v -1.50505 1.46068 -0.995912
vn 0.0122068 -0.0297121 0.999484
v -1.5391 1.5459 -0.99149
vn -0.027529 0.0238591 0.999336
v -1.5845 1.5686 -0.99333
vn -0.0292043 0.0151842 0.999458
v -1.5618 1.5686 -0.99264
vn -0.0338082 0.0395 0.998647
v -1.5618 1.5862 -0.99397
vn -0.0276365 0.075323 0.996776
v -1.5391 1.5946 -0.99397
vn -0.0341383 0.0843464 0.995852
v -1.36956 1.44081 -0.997096
vn 0.0164184 -0.00908943 0.999824
v -1.43979 1.49047 -0.995442
vn 0.0267158 -0.0246651 0.999339
v -1.34047 1.51745 -0.998568
vn 0.0290641 0.0169588 0.999434
v -1.27227 1.55725 -1.00053
vn 0.0200323 -0.0345764 0.999201
v -1.25525 1.49472 -0.99877
vn 0.0390881 0.0268911 0.998874
v -1.19283 1.48337 -1.00298
vn 0.0867624 0.0158819 0.996102
v -1.1531 1.455 -1.0075
vn 0.021005 -0.0111209 0.999718
v -1.18147 1.56576 -1.0044
vn 0.0370929 -0.0204853 0.999102
v -1.4483 1.614 -0.99505
vn 0.0188348 -0.0209111 0.999604
v -1.35182 1.62535 -0.99742
vn 0.0302004 0.00901164 0.999503
v -1.4483 1.6367 -0.99465
vn -0.00110096 -0.0314818 0.999504
v -1.2666 1.614 -0.99594
vn 0.00945155 0.0296203 0.999517
v -1.1758 1.62535 -1.00435
vn 0.0537616 0.0101175 0.998503
v -1.23255 1.6821 -1.00133
vn 0.0139795 0.0161166 0.999772
v -1.16445 1.6821 -1.00595
vn 0.0398468 0.0292764 0.998777
v -1.1531 1.7275 -1.0064
vn 0.0752907 -0.0451558 0.996139
v -1.2212 1.7729 -0.99724
vn -0.0230465 -0.0111426 0.999672
v -1.19283 1.76155 -0.99969
vn 0.0782066 -0.0471042 0.995824
v -1.5391 1.2734 -0.87141
vn 0.271426 -0.398762 -0.875966
v -1.1758 1.17125 -1.01275
vn -0.00680492 -0.014409 0.999873
v -1.0396 1.17125 -1.01074
vn 0.00626829 0.00473457 0.999969
v -1.02399 1.07467 -1.01205
vn -0.0043741 -0.0176795 0.999834
v -0.94877 1.10026 -1.01215
vn 0.0106886 -0.00142207 0.999942
v -0.94877 1.228 -1.0128
vn 0.0204282 -0.00462712 0.999781
v -1.04528 1.33015 -1.01185
vn 0.0416579 -0.00169776 0.99913
v -1.02825 1.2734 -1.01105
vn 3.56197e-05 0.00145748 0.999999
v -1.1077 1.3642 -1.0074
vn 0.0420912 0.00529768 0.9991
v -1.07365 1.42095 -1.01
vn 0.0472521 -0.0148991 0.998772
v -0.98567 1.38406 -1.01226
vn 0.00669773 -0.0177236 0.99982
v -0.94877 1.2961 -1.01215
vn -0.00425664 0.00304206 0.999986
v -1.11196 1.4912 -1.00578
vn 0.040799 -0.0113902 0.999102
v -0.992768 1.46351 -1.00962
vn 0.00124672 -0.0223522 0.999749
v -1.05663 1.5288 -1.01015
vn 0.0212499 -0.00233004 0.999771
v -1.11337 1.65372 -1.00525
vn 0.0370249 -0.00406308 0.999306
v -1.03534 1.57711 -1.00859
vn -0.0120688 -0.00920031 0.999885
v -0.97148 1.5686 -1.0057
vn -0.0098077 0.00941608 0.999908
v -0.94877 1.5459 -1.0068
vn 0.0130697 -0.0273822 0.99954
v -0.98283 1.614 -1.00915
vn 0.000397129 0.0462677 0.998929
v -1.05095 1.68778 -1.00725
vn 0.0402034 -0.0135504 0.9991
v -0.98851 1.67359 -1.0098
vn 0.0191247 -0.0100502 0.999767
v -1.08216 1.73318 -1.00644
vn 0.00180704 -0.0157654 0.999874
v -0.99418 1.73318 -1.00738
vn 0.0316054 -0.0235571 0.999223
v -0.94877 1.64805 -1.0097
vn -0.0219363 0.00577459 0.999743
v -1.3007 1.91478 -1.00015
vn 0.000880141 -0.011831 0.99993
v -1.31778 1.9659 -1.00098
vn -0.0184963 -0.00565051 0.999813
v -1.24957 1.88924 -1.0024
vn -0.0171048 0.0203995 0.999646
v -1.1531 1.85235 -1.00115
vn 0.0436508 -0.00289447 0.999043
v -1.11338 1.7956 -1.00398
vn 0.0442711 -0.0368545 0.99834
v -1.9932 1.1372 -0.99757
vn -0.0329369 0.0718009 0.996875
v -1.9932 1.1145 -0.99589
vn -0.0234947 0.0627997 0.99775
v -1.9705 1.1599 -0.99841
vn -0.0329415 0.0698357 0.997014
v -1.92395 1.2507 -0.994065
vn -0.084301 -0.0211303 0.996216
v -1.88537 1.23935 -0.991635
vn -0.0659986 -0.0271918 0.997449
v -1.9024 1.2734 -0.99317
vn -0.0748057 0.0225484 0.996943
v -1.9932 1.7502 -0.98408
vn -0.0314261 -0.0496437 0.998272
v -2.0159 1.7502 -0.98572
vn -0.0869171 -0.0667763 0.993975
v -1.9705 1.7048 -0.9862
vn 0.0572692 -0.0425927 0.99745
v -1.9932 1.6821 -0.98582
vn 0.0540683 -0.037365 0.997838
v -1.9705 1.6821 -0.98705
vn 0.0540683 -0.037365 0.997838
v -1.857 1.3415 -0.99148
vn 0.0658194 0.057105 0.996196
v -1.857 1.3642 -0.99309
vn 0.0405322 0.0462211 0.998109
v -1.8797 1.3642 -0.99195
vn 0.0500317 0.0706581 0.996245
v -1.8116 1.3642 -0.99147
vn 0.0294717 -0.0250576 0.999251
v -1.8343 1.3642 -0.99255
vn -0.0475022 -0.0307875 0.998397
v -1.7889 1.3869 -0.99088
vn 0.0438111 -0.0489398 0.99784
v -1.7662 1.3869 -0.99215
vn 0.0665206 -0.0167203 0.997645
v -1.71541 1.37386 -0.995584
vn 0.0413911 0.0295272 0.998707
v -1.40858 1.24502 -1.0047
vn 0.00127209 -0.0438832 0.999036
v -1.29642 1.18544 -1.00739
vn 0.0242794 -0.0374486 0.999004
v -1.7521 1.4096 -0.99397
vn 0.0574349 0.016106 0.998219
v -1.6526 1.4096 -0.99789
vn 0.0317665 -0.00242524 0.999492
v -1.4937 1.2961 -0.8734
vn 0.712905 -0.539342 -0.448192
v -1.1758 1.455 -0.85776
vn 0.651419 0.00367557 -0.75871
v -1.1758 1.4286 -0.85773
vn 0.260969 -0.114125 0.958577
v -1.1985 1.455 -0.87725
vn 0.651419 0.00367557 -0.75871
v -1.11621 1.13577 -1.0111
vn -0.0146879 -0.0111212 0.99983
v -2.10215 1.0236 -0.993715
vn 0.0400064 -0.0386799 0.99845
v -2.1067 0.97822 -0.99596
vn -0.00629181 -0.016792 0.999839
v -2.08875 1.05265 -0.99397
vn 0.0295465 -0.0299773 0.999114
v -2.05173 1.0678 -0.99397
vn 0.0208691 -0.0480602 0.998626
v -2.03375 1.0917 -0.99379
vn 0.0309461 -0.00709268 0.999496
v -1.9024 1.05623 -0.996354
vn 0.0223753 0.00673718 0.999727
v -2.0159 1.1145 -0.99545
vn 0.0220586 0.0479361 0.998607
v -1.91375 1.12301 -0.997589
vn 0.0265271 0.00530554 0.999634
v -1.9251 1.2053 -0.99653
vn -0.0316661 -0.0500073 0.998247
v -1.9233 1.2734 -0.99397
vn -0.0041223 -0.0485625 0.998812
v -1.9024 1.2961 -0.99278
vn -0.0186873 -0.0464045 0.998748
v -1.9251 1.2961 -0.99216
vn 0.023509 -0.103391 0.994363
v -1.9478 1.2961 -0.99179
vn 0.0192171 -0.129279 0.991422
v -1.9478 1.3188 -0.98868
vn 0.0157935 -0.0892057 0.995888
v -1.9705 1.3188 -0.98855
vn 0.00571428 -0.0657157 0.997822
v -1.9705 1.3415 -0.98867
vn 0.00572658 0.00528547 0.99997
v -1.9251 1.3188 -0.9895
vn 0.0263684 -0.122809 0.99208
v -2.0386 1.6594 -0.98781
vn -0.111192 -0.01182 0.993729
v -2.0386 1.6821 -0.98754
vn -0.0972418 0.0432552 0.99432
v -2.0613 1.6821 -0.99008
vn -0.085565 0.0229269 0.996069
v -2.084 1.7048 -0.99128
vn -0.0339024 -0.00220174 0.999423
v -2.084 1.6821 -0.99133
vn -0.0444491 0.00836105 0.998977
v -2.0159 1.6821 -0.98578
vn -0.075228 0.0535146 0.995729
v -1.9932 1.7048 -0.98533
vn -0.021691 0.00704712 0.99974
v -1.9932 1.6594 -0.98723
vn 0.0430767 -0.0509883 0.99777
v -1.9705 1.6594 -0.98821
vn 0.0632276 -0.0509336 0.996699
v -1.9478 1.6821 -0.98895
vn 0.0718958 -0.0219643 0.99717
v -1.9251 1.6821 -0.99006
vn 0.0536654 -0.00263901 0.998555
v -1.9251 1.7048 -0.99011
vn 0.0306679 -0.0370381 0.998843
v -0.94877 0.8874 -1.0151
vn -0.0132083 -0.0103481 0.999859
v -1.5391 1.1599 -1.0008
vn 0.0661291 0.0219259 0.99757
v -1.857 1.2961 -0.98965
vn -0.0758707 0.00445357 0.997108
v -1.81728 1.28475 -0.990215
vn 0.0388063 0.032939 0.998704
v -1.8343 1.3869 -0.99288
vn -0.0237775 0.0145306 0.999612
v -1.45965 1.14287 -1.00658
vn 0.0779141 -0.00930178 0.996917
v -1.471 1.19395 -1.0071
vn 0.0355316 -0.0238855 0.999083
v -1.4029 1.1599 -1.0083
vn -0.0159494 -0.0241844 0.99958
v -1.43695 1.09175 -1.00945
vn 0.0348564 -0.0105819 0.999336
v -1.28933 1.09459 -1.0083
vn 0.0248501 -0.00443233 0.999681
v -1.3802 1.19395 -1.0054
vn -0.00799602 -0.0296747 0.999528
v -1.22404 1.12015 -1.01176
vn 0.0315548 -0.0051081 0.999489
v -1.11905 1.01792 -1.0126
vn -0.000722212 -0.00929885 0.999957
v -1.1304 1.069 -1.0106
vn -0.00622114 -0.00712529 0.999955
v -1.5845 1.7048 -0.99987
vn 0.0131855 0.0628645 0.997935
v -1.6072 1.7275 -1.001
vn 0.0355222 0.0319215 0.998859
v -1.6072 1.7502 -1.0014
vn 0.0331441 0.0213501 0.999223
v -1.4256 1.3188 -0.87645
vn 0.508343 -0.640458 -0.575674
v -1.4256 1.6074 -0.83503
vn 0.00328303 0.666915 0.745126
v -1.4256 1.57995 -0.818165
vn 0.0926012 0.403813 0.910143
v -1.4029 1.5913 -0.82072
vn 0.00328303 0.666915 0.745126
v -1.0623 1.01793 -1.01408
vn 0.0101118 -0.0210514 0.999727
v -2.39595 1.9318 -0.99072
vn 0.421163 0.0358438 0.906276
v -2.2657 1.841 -1.0037
vn -0.128829 -0.0262016 0.991321
v -2.2657 1.8864 -1.0038
vn -0.105067 0.0372112 0.993769
v -2.4421 1.9091 -0.88044
vn 0.991598 0.0262036 0.126675
v -2.1976 1.841 -0.99961
vn 0.0534117 0.157468 0.986079
v -2.1976 1.8183 -0.99594
vn 0.0553337 0.159356 0.985669
v -2.1521 1.8183 -0.99824
vn -0.0153997 0.0645275 0.997797
v -2.16345 1.85235 -1.00106
vn -0.0578916 0.053995 0.996862
v -2.243 1.841 -1.0007
vn -0.106935 0.00877635 0.994227
v -2.2657 1.9091 -1.005
vn -0.0933295 0.0290743 0.995211
v -1.5164 1.7275 -1.0034
vn 0.0176592 0.0207309 0.999629
v -2.1976 0.91011 -0.99186
vn -0.0149025 0.0343296 0.999299
v -2.1748 0.93281 -0.99227
vn 0.0539926 0.0329549 0.997997
v -2.2203 0.93281 -0.99244
vn -0.00376936 0.00616773 0.999974
v -2.1748 0.95552 -0.99276
vn 0.0637481 0.00487679 0.997954
v -2.14075 0.9744 -0.99453
vn 0.0461071 -0.014582 0.99883
v -1.9478 1.1826 -0.99814
vn -0.0386887 0.0262311 0.998907
v -1.9705 1.1826 -0.99891
vn -0.0338943 0.0220094 0.999183
v -1.9478 1.2053 -0.99822
vn -0.0663727 -0.00439496 0.997785
v -2.1294 1.7753 -0.993655
vn -0.000467681 0.0750979 0.997176
v -2.2884 1.7095 -0.74421
vn -0.137411 -0.0836845 0.986973
v -2.2884 1.8183 -0.73002
vn -0.129815 -0.121347 0.984085
v -1.96341 1.51745 -0.780665
vn 0.0697973 -0.0953324 0.992995
v -2.0613 1.55725 -0.772515
vn 0.0525667 -0.0905299 0.994505
v -2.00455 1.62505 -0.76691
vn 0.0607575 -0.0644026 0.996073
v -1.93645 1.60833 -0.775195
vn 0.0798318 -0.0646069 0.994712
v -2.1521 1.68494 -0.750966
vn 0.0871267 -0.100229 0.991142
v -2.07265 1.6821 -0.761857
vn 0.0591243 -0.0443321 0.997266
v -2.1521 1.7374 -0.74421
vn 0.110462 -0.100253 0.988811
v -2.1805 1.78425 -0.739682
vn 0.0704915 -0.027196 0.997142
v -2.07265 1.7729 -0.756145
vn 0.140285 -0.0506299 0.988816
v -1.9932 1.7729 -0.7614
vn 0.0772637 0.00574091 0.996994
v -1.698 0.96687 -1.00605
vn 0.0276659 -0.0626691 0.997651
v -1.68381 1.01651 -1.00179
vn 0.00784151 -0.0666819 0.997743
v -1.77043 1.07754 -0.997989
vn 0.0122711 -0.0141171 0.999825
v -1.57315 0.955517 -1.00591
vn 0.00699538 -0.0352078 0.999356
v -1.50505 0.924299 -1.0063
vn 0.0279747 0.0126779 0.999528
v -1.64125 0.97822 -1.00305
vn -0.0166633 -0.0678606 0.997556
v -1.5845 1.069 -0.99604
vn 0.00356184 -0.0522422 0.998628
v -1.5391 1.01225 -1.0038
vn 0.0393677 -0.0580081 0.99754
v -1.52208 1.08035 -0.998935
vn 0.0992393 -0.0504176 0.993786
v -1.18147 0.841995 -1.01133
vn 0.0741013 0.0275933 0.996869
v -1.471 1.0009 -1.0091
vn 0.0261929 -0.0040568 0.999649
v -1.34615 0.98956 -1.00705
vn 0.00109907 0.00774209 0.999969
v -1.39722 1.04063 -1.00919
vn -0.029114 0.00244094 0.999573
v -1.25525 0.961183 -1.00803
vn 0.032817 0.0132286 0.999374
v -1.17013 1.0009 -1.00965
vn 0.0152307 0.0160997 0.999754
v -1.3121 1.0463 -1.0067
vn 0.00360161 0.0014637 0.999992
v -1.22404 1.04063 -1.01158
vn 0.036949 0.0372276 0.998623
v -1.11337 0.826382 -1.01381
vn 0.0169365 -0.0194392 0.999668
v -1.0396 0.8874 -1.0144
vn 0.00923068 -0.0172736 0.999808
v -0.94877 0.84199 -1.0132
vn -0.00649712 0.00291667 0.999975
v -1.10203 0.917202 -1.01152
vn 0.0306461 -0.00674263 0.999508
v -1.05095 0.949842 -1.01517
vn 0.0337766 0.00199424 0.999427
v -0.99418 0.97822 -1.0148
vn -0.0215335 -0.0298809 0.999321
v -1.7321 1.10876 -0.999099
vn 0.00121536 -0.0156526 0.999877
v -1.68097 1.09743 -0.997108
vn -0.0227352 -0.0256363 0.999413
v -1.60153 1.13153 -0.996573
vn 0.0214893 0.0337318 0.9992
v -1.5391 1.1145 -0.99741
vn 0.0760177 0.0549981 0.995589
v -1.8343 1.2507 -0.98936
vn 0.0241817 -0.0466606 0.998618
v -1.5618 1.7275 -1.0015
vn 0.0325315 0.0556544 0.99792
v -1.5391 1.7048 -1.0013
vn 0.0483099 0.061485 0.996938
v -1.5164 1.7048 -1.0023
vn 0.0373628 0.0549431 0.99779
v -1.471 1.7275 -1.0027
vn -0.0108966 -0.000373742 0.999941
v -1.4483 1.7048 -1.0004
vn 0.0124519 0.0746721 0.99713
v -1.4483 1.3879 -0.83503
vn 0.0753751 -0.173856 0.981882
v -1.3121 1.3231 -0.85773
vn 0.531192 -0.738239 0.41574
v -1.3121 1.3415 -0.88003
vn 0.524683 -0.656631 -0.541797
v -1.2893 1.3415 -0.85795
vn 0.524683 -0.656631 -0.541797
v -1.2212 1.4096 -0.87937
vn 0.573409 -0.527288 -0.627033
v -1.2439 1.3642 -0.85798
vn 0.568317 -0.563298 -0.599759
v -1.2666 1.3642 -0.87966
vn 0.571345 -0.561861 -0.598228
v -1.2212 1.3869 -0.85796
vn 0.564886 -0.565546 -0.600885
v -1.48235 1.48337 -0.817113
vn 0.0964464 -0.166074 0.981386
v -1.4029 1.3986 -0.83503
vn 0.133445 -0.145082 0.980379
v -1.34615 1.43798 -0.84162
vn 0.166326 -0.146839 0.975076
v -1.32415 1.5231 -0.83381
vn 0.172965 -0.0621863 0.982963
v -1.471 1.5754 -0.81232
vn 0.269517 0.494063 0.826597
v -1.39155 1.55725 -0.82081
vn 0.165221 0.047515 0.985111
v -1.36318 1.55725 -0.827312
vn 0.254796 0.140654 0.956711
v -1.3364 1.56795 -0.83503
vn 0.242949 0.314271 0.91772
v -1.3197 1.49077 -0.836443
vn 0.123129 -0.0717097 0.989796
v -1.27227 1.45784 -0.844678
vn 0.0919224 -0.088868 0.991793
v -1.2212 1.47486 -0.848174
vn 0.12187 -0.063699 0.9905
v -1.2102 1.3869 -0.85773
vn 0.194412 -0.167383 0.966534
v -1.19683 1.40745 -0.85785
vn 0.667703 -0.464292 -0.581898
v -1.1985 1.4323 -0.87952
vn 0.635266 -0.340862 -0.693001
v -1.2666 1.5459 -0.84017
vn 0.115478 -0.0404923 0.992484
v -1.3121 1.5459 -0.83687
vn 0.0542658 -0.0961897 0.993883
v -1.3121 1.5686 -0.837
vn 0.081396 0.021334 0.996453
v -1.3348 1.567 -0.85773
vn 0.376367 0.92639 -0.01225
v -1.2619 1.5913 -0.83503
vn 0.31086 0.0318876 0.949921
v -1.1531 1.5004 -0.85571
vn 0.0805515 -0.0553069 0.995215
v -1.20985 1.5459 -0.84723
vn 0.110535 0.0258121 0.993537
v -1.1985 1.5729 -0.854235
vn -0.0813029 0.430698 0.898827
v -1.1758 1.5686 -0.84826
vn 0.000405384 0.0848037 0.996398
v -1.4937 1.5827 -0.83503
vn 0.491246 0.846549 -0.205019
v -1.38215 1.60362 -0.83503
vn 0.773473 0.352125 0.527018
v -1.4029 1.614 -0.82109
vn 0.60398 0.0732242 0.793629
v -1.3884 1.6367 -0.83503
vn 0.597202 0.106711 0.79496
v -1.4029 1.6367 -0.82463
vn 0.578203 0.125719 0.806149
v -1.31385 1.58565 -0.83503
vn -0.137992 -0.0488236 0.989229
v -1.2685 1.6116 -0.83503
vn 0.22905 0.134148 0.964127
v -1.2666 1.6059 -0.85773
vn 0.786251 0.592324 0.17596
v -1.31585 1.64235 -0.83503
vn -0.0601932 0.0715712 0.995618
v -1.291 1.63295 -0.83503
vn 0.0619642 0.0792491 0.994927
v -1.12935 1.4543 -0.85773
vn 0.0303625 -0.0384647 0.998799
v -1.093 1.5004 -0.85773
vn 0.205016 -0.178755 0.962297
v -1.1077 1.5231 -0.87842
vn 0.216015 -0.716707 -0.663075
v -1.085 1.5108 -0.85773
vn 0.755527 -0.561203 0.33798
v -1.085 1.5231 -0.87966
vn 0.809882 0 -0.586593
v -1.11905 1.5459 -0.85316
vn 0.0950726 -0.000878463 0.99547
v -1.14175 1.5686 -0.85081
vn 0.136365 0.0264669 0.990305
v -1.0869 1.5422 -0.85773
vn 0.677779 0.452873 0.579242
v -1.1077 1.5459 -0.87405
vn 0.58357 0.611361 -0.534495
v -1.1173 1.5686 -0.85773
vn 0.532873 0.35793 0.766767
v -1.1304 1.55725 -0.87219
vn 0.648814 0.248961 -0.719068
v -1.17855 1.5913 -0.85416
vn -0.217127 0.167416 0.96168
v -1.1531 1.5913 -0.85005
vn 0.304655 0.412488 0.85851
v -1.1304 1.5827 -0.85773
vn 0.402838 0.368106 0.837986
v -2.4019 1.9545 -0.98864
vn 0.520528 0.0607367 0.851682
v -2.4265 1.9773 -0.973125
vn 0.636473 0.115112 0.76266
v -2.2657 1.9545 -1.0021
vn -0.0110006 -0.0332806 0.999386
v -2.243 1.8183 -1.0008
vn -0.111574 0.0323779 0.993229
v -2.2203 1.8183 -0.99741
vn -0.0548385 0.0657471 0.996328
v -2.1709 1.7956 -0.99397
vn 0.069956 0.131538 0.98884
v -2.20895 1.86937 -1.00188
vn 0.0191242 0.0201169 0.999615
v -2.2657 1.841 -0.72476
vn -0.0317161 -0.0633616 0.997487
v -2.243 1.841 -0.72544
vn 0.134762 -0.067045 0.988607
v -2.2203 1.8183 -0.73186
vn 0.192344 -0.0433304 0.98037
v -2.2203 1.841 -0.73231
vn 0.413902 0.160323 0.896093
v -2.1748 1.8202 -0.74421
vn 0.117755 0.177571 0.977037
v -2.2036 1.841 -0.74421
vn 0.474659 0.357331 0.804371
v -2.12778 1.80695 -0.742882
vn 0.162041 -0.0291917 0.986352
v -2.1067 1.8637 -0.74587
vn 0.182511 0.00960973 0.983157
v -2.1521 1.8183 -0.74025
vn 0.0245685 0.0431484 0.998767
v -2.1521 1.8352 -0.74421
vn -0.0558955 0.103499 0.993058
v -2.243 1.8637 -0.72826
vn 0.345779 0.382958 0.856609
v -2.2214 1.8625 -0.74421
vn 0.523575 0.684331 0.507504
v -2.243 1.8715 -0.74421
vn 0.323438 0.850047 0.415702
v -2.1294 1.861 -0.74507
vn 0.012094 0.137569 0.990418
v -2.084 1.8637 -0.75075
vn 0.335447 0.143189 0.931113
v -2.1067 1.8864 -0.74959
vn 0.161507 0.182298 0.969888
v -2.08045 1.8864 -0.76151
vn 0.620117 0.420578 0.662245
v -2.02725 1.7956 -0.759565
vn 0.139687 0.109439 0.984129
v -1.9912 1.7967 -0.766668
vn 0.104849 0.238431 0.965483
v -2.0434 1.841 -0.76691
vn 0.676366 0.558433 0.480293
v -2.0386 1.8262 -0.78962
vn 0.686941 0.672284 -0.275948
v -2.0556 1.841 -0.78962
vn 0.619226 0.711268 -0.332651
v -2.05563 1.82965 -0.757622
vn 0.282493 0.109891 0.952954
v -2.0198 1.8151 -0.76691
vn 0.587133 0.62394 0.515726
v -1.9705 1.7956 -0.76875
vn -0.00502872 0.103051 0.994663
v -2.0613 1.8697 -0.76691
vn 0.545512 0.366358 0.753789
v -2.084 1.8864 -0.77705
vn 0.567206 0.793655 -0.219975
v -1.3805 1.5869 -0.84201
vn 0.602501 0.383161 -0.700129
v -1.4029 1.614 -0.84639
vn 0.514966 0.276375 -0.811435
v -1.3948 1.6257 -0.83787
vn 0.52058 0.236932 -0.82028
v -2.2156 1.8461 -0.75579
vn 0.685025 0.563547 -0.461687
v -2.6517 1.2102 0.93597
vn 0.3703 -0.927598 -0.0493848
v -2.6517 1.2225 0.68622
vn 0.385762 -0.92049 0.0623339
v -2.2884 0.79658 -0.99281
vn -0.0240555 0.0116159 0.999643
v -2.2657 0.79658 -0.99202
vn -0.0275183 -0.0179341 0.99946
v -2.2657 0.81929 -0.9915
vn -0.0257552 -0.0248627 0.999359
v -2.243 0.84199 -0.99133
vn -0.000349271 0.00981806 0.999952
v -2.2203 0.8647 -0.99164
vn -0.0360837 0.0222218 0.999102
v -2.2203 0.8874 -0.99216
vn -0.0597739 0.0322263 0.997692
v -1.9024 0.91011 -0.87711
vn 0.335093 -0.493235 -0.802765
v -1.8797 0.91011 -0.87845
vn 0.429536 -0.71275 -0.554514
v -2.0613 0.75117 -0.87631
vn 0.503251 -0.567137 -0.651992
v -2.0159 0.77388 -0.87658
vn 0.424473 -0.668671 -0.610494
v -2.8106 1.4376 -0.97126
vn -0.113139 -0.144463 0.983021
v -2.7759 1.4096 -0.97126
vn -0.135676 -0.168847 0.97626
v -2.6971 1.3415 -0.96512
vn -0.363455 -0.404833 0.839053
v -2.6517 1.3383 -0.92585
vn -0.548031 -0.788919 0.277972
v -2.6971 1.3642 -0.95583
vn -0.407168 -0.28283 0.868459
v -2.6744 1.3606 -0.92585
vn -0.659822 -0.621828 0.421858
v -2.629 1.3258 -0.90314
vn -0.358852 -0.932876 -0.0310988
v -2.7425 1.4096 -0.96441
vn -0.199637 -0.227484 0.953098
v -2.6429 1.3188 -0.732855
vn -0.441287 -0.896794 -0.0320516
v -2.629 1.3188 -0.79807
vn -0.39388 -0.914886 -0.0885554
v -2.629 1.31255 -0.73853
vn -0.441529 -0.896607 -0.033878
v -2.629 1.3129 -0.67609
vn -0.371371 -0.927093 -0.0508259
v -2.6517 1.3212 -0.67918
vn -0.394637 -0.91314 -0.102162
v -2.6517 1.3072 -0.58527
vn -0.41017 -0.902214 -0.133309
v -2.629 1.3056 -0.63068
vn -0.348911 -0.921665 -0.169692
v -2.6726 1.3188 -0.58527
vn -0.479404 -0.87017 -0.113914
v -2.628 1.2964 -0.58527
vn -0.32442 -0.937784 -0.123745
v -2.63142 1.29227 -0.502967
vn -0.255465 -0.963997 -0.0738072
v -2.6517 1.3031 -0.53986
vn -0.393769 -0.915998 -0.0767663
v -2.6517 1.301 -0.51716
vn -0.358486 -0.928661 -0.0952664
v -2.6744 1.3101 -0.51716
vn -0.370729 -0.924792 -0.0855531
v -2.5381 1.2053 -0.9911
vn 0.112678 0.066602 0.991397
v -2.5835 1.2977 -0.95152
vn -0.191765 -0.863889 0.46575
v -2.5835 1.3065 -0.92585
vn -0.0990165 -0.977253 0.187544
v -2.5608 1.309 -0.92585
vn 0.302566 -0.952949 0.0184728
v -2.5835 1.3077 -0.85773
vn -0.180073 -0.983032 -0.0349556
v -2.6062 1.3124 -0.81232
vn -0.324186 -0.944246 -0.0574717
v -2.4927 1.3415 -0.89705
vn -0.298711 -0.916315 -0.266717
v -2.5835 1.2961 -0.78473
vn -0.134684 -0.981365 -0.137048
v -2.4927 1.3321 -0.83503
vn -0.242364 -0.970175 -0.00452376
v -2.5077 1.3415 -0.83503
vn -0.382924 -0.923769 -0.00448027
v -2.5154 1.34245 -0.781235
vn -0.140093 -0.987808 -0.0678931
v -2.5972 1.2961 -0.721505
vn -0.305357 -0.952238 0.000488753
v -2.5835 1.2907 -0.74421
vn -0.00201452 -0.999989 0.00430196
v -2.6051 1.2961 -0.63068
vn -0.171492 -0.983759 -0.0530032
v -2.5835 1.2915 -0.65339
vn -0.0133639 -0.999509 0.028351
v -2.6062 1.28845 -0.52851
vn -0.0127055 -0.998275 -0.0573172
v -2.5835 1.2908 -0.53986
vn 0.181459 -0.982033 -0.0518087
v -2.6627 1.2961 -0.44904
vn -0.292077 -0.951137 -0.100152
v -2.6517 1.2909 -0.42634
vn -0.211139 -0.97292 -0.0940629
v -2.629 1.2831 -0.38093
vn -0.0818117 -0.992819 -0.0872815
v -2.6477 1.27435 -0.29011
vn -0.183863 -0.978027 -0.0982782
v -2.6517 1.2555 0.027767
vn 0.116617 -0.99277 -0.0284204
v -2.6517 1.228 0.43795
vn 0.18936 -0.978006 -0.0874491
v -2.6517 1.2193 0.515925
vn 0.202363 -0.976252 -0.0773402
v -2.629 1.22225 0.53863
vn 0.286756 -0.955127 -0.0741825
v -2.6517 1.21755 0.58972
vn 0.261188 -0.965177 0.0146198
v -2.6517 1.21694 0.774199
vn 0.345433 -0.936876 -0.0542072
v -2.6062 1.23255 0.53863
vn 0.458614 -0.88753 -0.0443185
v -1.07365 0.705765 -1.0146
vn 0.0592536 0.00626246 0.998223
v -1.0169 0.72279 -1.01835
vn 0.0497425 0.0020303 0.99876
v -0.94877 0.68306 -1.0205
vn 0.0196205 -0.0210437 0.999586
v -1.38587 1.3642 -0.846202
vn 0.0700385 -0.162209 0.984268
v -1.3575 1.3415 -0.87734
vn 0.325439 -0.644609 -0.691787
v -1.254 1.3415 -0.85773
vn 0.215078 -0.313971 0.924751
v -1.7662 1.0236 -0.8784
vn 0.571704 -0.551369 -0.607575
v -1.698 1.069 -0.87701
vn 0.841584 0.0593618 -0.536854
v -2.1984 0.68306 -0.85773
vn -0.496949 -0.308679 0.811023
v -1.0821 0.56953 -1.0167
vn 0.0550417 -0.0053836 0.99847
v -1.0623 0.55072 -1.0167
vn 0.0284299 0.0390017 0.998835
v -1.0623 0.56953 -1.0174
vn 0.0161144 -0.0144731 0.999765
v -0.94877 0.56953 -1.0207
vn 0.0393015 -0.00320733 0.999222
v -1.6526 1.4323 -0.99682
vn 0.0214467 -0.0756828 0.996901
v -1.6299 1.455 -0.99514
vn 0.000876706 -0.102829 0.994699
v -1.5164 1.614 -0.99517
vn 0.0211825 0.0627209 0.997806
v -1.4937 1.614 -0.99534
vn 0.00635319 0.0205607 0.999768
v -1.5164 1.5686 -0.99179
vn 0.0418308 0.0803453 0.995889
v -1.4937 1.6367 -0.99551
vn 0.00792877 0.013655 0.999875
v -1.471 1.6367 -0.99583
vn -0.000219207 0.0198207 0.999804
v -1.2893 1.3642 -0.8786
vn 0.219977 -0.662047 -0.716452
v -1.3152 1.5913 -0.85773
vn -0.955098 -0.295813 -0.0168327
f 3//3 1//1 2//2
f 11//11 10//10 9//9
f 11//11 9//9 13//13
f 13//13 9//9 12//12
f 15//15 13//13 12//12
f 17//17 13//13 15//15
f 23//23 25//25 22//22
f 25//25 23//23 11//11
f 24//24 26//26 27//27
f 24//24 22//22 26//26
f 25//25 11//11 13//13
f 18//18 19//19 28//28
f 29//29 30//30 31//31
f 30//30 29//29 32//32
f 33//33 2//2 1//1
f 5//5 3//3 2//2
f 5//5 2//2 4//4
f 8//8 4//4 36//36
f 20//20 8//8 36//36
f 36//36 37//37 20//20
f 37//37 36//36 38//38
f 40//40 39//39 41//41
f 43//43 37//37 38//38
f 43//43 38//38 42//42
f 42//42 38//38 39//39
f 42//42 39//39 40//40
f 42//42 44//44 43//43
f 44//44 42//42 40//40
f 40//40 45//45 44//44
f 21//21 37//37 46//46
f 46//46 37//37 43//43
f 47//47 46//46 43//43
f 45//45 48//48 44//44
f 49//49 43//43 44//44
f 50//50 43//43 49//49
f 44//44 51//51 49//49
f 48//48 51//51 44//44
f 55//55 56//56 57//57
f 57//57 56//56 53//53
f 53//53 58//58 57//57
f 54//54 58//58 53//53
f 57//57 59//59 60//60
f 59//59 57//57 58//58
f 54//54 53//53 64//64
f 64//64 61//61 62//62
f 65//65 64//64 62//62
f 66//66 62//62 63//63
f 65//65 62//62 66//66
f 54//54 64//64 65//65
f 68//68 67//67 52//52
f 69//69 66//66 63//63
f 63//63 67//67 68//68
f 69//69 63//63 70//70
f 70//70 63//63 68//68
f 70//70 68//68 71//71
f 70//70 72//72 69//69
f 72//72 70//70 71//71
f 65//65 66//66 69//69
f 74//74 73//73 65//65
f 74//74 65//65 69//69
f 69//69 75//75 74//74
f 72//72 71//71 76//76
f 75//75 69//69 72//72
f 75//75 72//72 76//76
f 77//77 74//74 75//75
f 78//78 75//75 76//76
f 77//77 79//79 74//74
f 75//75 78//78 77//77
f 78//78 81//81 77//77
f 82//82 79//79 77//77
f 80//80 79//79 82//82
f 83//83 84//84 87//87
f 83//83 87//87 85//85
f 87//87 84//84 88//88
f 87//87 88//88 90//90
f 90//90 88//88 89//89
f 90//90 89//89 93//93
f 91//91 90//90 93//93
f 93//93 89//89 94//94
f 94//94 89//89 92//92
f 95//95 94//94 92//92
f 95//95 97//97 94//94
f 98//98 95//95 96//96
f 97//97 95//95 98//98
f 40//40 41//41 86//86
f 86//86 99//99 40//40
f 99//99 86//86 100//100
f 85//85 100//100 86//86
f 100//100 85//85 87//87
f 100//100 101//101 99//99
f 45//45 40//40 99//99
f 101//101 102//102 99//99
f 100//100 103//103 101//101
f 101//101 103//103 102//102
f 100//100 87//87 90//90
f 90//90 103//103 100//100
f 103//103 90//90 104//104
f 104//104 90//90 91//91
f 104//104 105//105 103//103
f 106//106 103//103 105//105
f 104//104 91//91 105//105
f 99//99 102//102 45//45
f 45//45 108//108 48//48
f 108//108 45//45 102//102
f 103//103 106//106 102//102
f 109//109 108//108 102//102
f 106//106 110//110 102//102
f 91//91 107//107 105//105
f 93//93 111//111 91//91
f 111//111 93//93 94//94
f 94//94 112//112 111//111
f 97//97 113//113 112//112
f 107//107 91//91 111//111
f 111//111 112//112 113//113
f 111//111 114//114 107//107
f 111//111 115//115 114//114
f 115//115 111//111 113//113
f 112//112 94//94 97//97
f 98//98 116//116 97//97
f 97//97 117//117 113//113
f 117//117 97//97 116//116
f 98//98 118//118 116//116
f 113//113 119//119 115//115
f 119//119 113//113 117//117
f 116//116 120//120 117//117
f 52//52 121//121 122//122
f 124//124 125//125 126//126
f 98//98 96//96 128//128
f 118//118 98//98 128//128
f 129//129 130//130 131//131
f 131//131 132//132 129//129
f 134//134 132//132 133//133
f 136//136 134//134 135//135
f 122//122 137//137 52//52
f 137//137 122//122 123//123
f 137//137 68//68 52//52
f 137//137 123//123 127//127
f 139//139 137//137 127//127
f 71//71 68//68 140//140
f 140//140 68//68 137//137
f 141//141 137//137 139//139
f 140//140 137//137 141//141
f 143//143 144//144 145//145
f 145//145 127//127 143//143
f 139//139 127//127 145//145
f 139//139 145//145 146//146
f 146//146 147//147 148//148
f 148//148 149//149 146//146
f 149//149 150//150 151//151
f 149//149 139//139 146//146
f 139//139 152//152 141//141
f 151//151 150//150 153//153
f 151//151 139//139 149//149
f 152//152 139//139 151//151
f 152//152 151//151 155//155
f 155//155 151//151 154//154
f 142//142 141//141 152//152
f 154//154 156//156 157//157
f 157//157 155//155 154//154
f 155//155 157//157 158//158
f 155//155 158//158 159//159
f 159//159 160//160 155//155
f 161//161 71//71 140//140
f 76//76 71//71 161//161
f 163//163 140//140 141//141
f 163//163 141//141 142//142
f 140//140 162//162 161//161
f 162//162 140//140 163//163
f 76//76 161//161 162//162
f 164//164 76//76 162//162
f 165//165 164//164 162//162
f 166//166 162//162 163//163
f 166//166 163//163 167//167
f 142//142 152//152 160//160
f 168//168 142//142 160//160
f 169//169 142//142 168//168
f 160//160 152//152 155//155
f 168//168 160//160 170//170
f 160//160 171//171 170//170
f 168//168 170//170 174//174
f 174//174 170//170 173//173
f 167//167 163//163 169//169
f 169//169 163//163 142//142
f 176//176 168//168 174//174
f 176//176 177//177 168//168
f 169//169 168//168 177//177
f 175//175 169//169 177//177
f 173//173 179//179 180//180
f 180//180 179//179 181//181
f 174//174 173//173 180//180
f 182//182 183//183 184//184
f 184//184 183//183 185//185
f 176//176 174//174 180//180
f 176//176 180//180 182//182
f 176//176 182//182 184//184
f 186//186 176//176 184//184
f 186//186 187//187 188//188
f 76//76 164//164 78//78
f 165//165 162//162 166//166
f 189//189 190//190 191//191
f 191//191 192//192 189//189
f 193//193 189//189 192//192
f 195//195 194//194 193//193
f 195//195 193//193 192//192
f 192//192 196//196 195//195
f 198//198 197//197 199//199
f 202//202 200//200 201//201
f 205//205 206//206 203//203
f 206//206 204//204 203//203
f 209//209 206//206 207//207
f 208//208 206//206 209//209
f 211//211 210//210 212//212
f 214//214 213//213 215//215
f 209//209 207//207 211//211
f 211//211 207//207 210//210
f 211//211 212//212 216//216
f 217//217 211//211 216//216
f 209//209 211//211 217//217
f 216//216 218//218 217//217
f 216//216 212//212 213//213
f 213//213 214//214 216//216
f 215//215 219//219 214//214
f 220//220 216//216 214//214
f 216//216 220//220 218//218
f 214//214 219//219 220//220
f 209//209 217//217 221//221
f 218//218 221//221 217//217
f 222//222 221//221 218//218
f 218//218 223//223 222//222
f 220//220 224//224 218//218
f 220//220 219//219 224//224
f 219//219 225//225 224//224
f 223//223 218//218 224//224
f 225//225 223//223 224//224
f 226//226 223//223 225//225
f 219//219 228//228 225//225
f 226//226 225//225 229//229
f 229//229 225//225 228//228
f 230//230 222//222 223//223
f 231//231 230//230 232//232
f 230//230 223//223 233//233
f 233//233 223//223 226//226
f 232//232 230//230 233//233
f 234//234 231//231 232//232
f 232//232 233//233 234//234
f 233//233 236//236 234//234
f 235//235 234//234 236//236
f 236//236 237//237 235//235
f 238//238 226//226 229//229
f 238//238 229//229 239//239
f 240//240 238//238 239//239
f 233//233 226//226 238//238
f 236//236 233//233 238//238
f 238//238 240//240 236//236
f 240//240 241//241 236//236
f 236//236 241//241 237//237
f 240//240 242//242 241//241
f 242//242 240//240 243//243
f 245//245 235//235 244//244
f 246//246 245//245 244//244
f 244//244 235//235 237//237
f 237//237 248//248 244//244
f 247//247 244//244 248//248
f 249//249 246//246 244//244
f 250//250 249//249 251//251
f 249//249 244//244 247//247
f 251//251 249//249 247//247
f 252//252 251//251 247//247
f 241//241 248//248 237//237
f 242//242 253//253 241//241
f 241//241 254//254 248//248
f 247//247 248//248 254//254
f 247//247 255//255 252//252
f 255//255 247//247 254//254
f 255//255 254//254 256//256
f 256//256 254//254 257//257
f 254//254 241//241 253//253
f 257//257 253//253 258//258
f 254//254 253//253 257//257
f 261//261 259//259 260//260
f 261//261 265//265 264//264
f 263//263 267//267 268//268
f 267//267 263//263 269//269
f 266//266 268//268 267//267
f 267//267 270//270 266//266
f 270//270 267//267 271//271
f 265//265 273//273 272//272
f 273//273 265//265 266//266
f 273//273 266//266 270//270
f 270//270 274//274 273//273
f 275//275 270//270 271//271
f 276//276 273//273 277//277
f 277//277 273//273 274//274
f 274//274 270//270 278//278
f 279//279 274//274 278//278
f 280//280 250//250 251//251
f 263//263 262//262 269//269
f 269//269 262//262 280//280
f 269//269 280//280 281//281
f 280//280 251//251 281//281
f 281//281 251//251 252//252
f 282//282 281//281 252//252
f 281//281 283//283 269//269
f 271//271 267//267 269//269
f 269//269 285//285 271//271
f 285//285 269//269 283//283
f 283//283 281//281 284//284
f 285//285 283//283 286//286
f 286//286 283//283 284//284
f 284//284 287//287 286//286
f 287//287 288//288 286//286
f 255//255 282//282 252//252
f 289//289 282//282 255//255
f 281//281 282//282 289//289
f 284//284 281//281 289//289
f 289//289 287//287 284//284
f 289//289 255//255 290//290
f 290//290 255//255 256//256
f 291//291 289//289 290//290
f 289//289 292//292 287//287
f 292//292 289//289 291//291
f 287//287 292//292 293//293
f 271//271 285//285 295//295
f 275//275 271//271 295//295
f 295//295 285//285 286//286
f 296//296 286//286 288//288
f 295//295 286//286 296//296
f 295//295 296//296 297//297
f 270//270 275//275 278//278
f 278//278 275//275 295//295
f 298//298 278//278 295//295
f 279//279 278//278 298//298
f 297//297 300//300 299//299
f 298//298 295//295 299//299
f 299//299 295//295 297//297
f 287//287 301//301 288//288
f 297//297 296//296 288//288
f 293//293 292//292 294//294
f 301//301 287//287 293//293
f 294//294 302//302 293//293
f 297//297 288//288 303//303
f 300//300 297//297 303//303
f 303//303 288//288 301//301
f 303//303 304//304 300//300
f 303//303 301//301 293//293
f 303//303 293//293 302//302
f 302//302 305//305 303//303
f 315//315 314//314 313//313
f 257//257 326//326 256//256
f 326//326 257//257 327//327
f 258//258 327//327 257//257
f 290//290 256//256 326//326
f 327//327 335//335 326//326
f 326//326 336//336 290//290
f 336//336 326//326 335//335
f 291//291 290//290 336//336
f 292//292 291//291 337//337
f 337//337 291//291 338//338
f 338//338 291//291 336//336
f 294//294 292//292 337//337
f 339//339 336//336 340//340
f 336//336 339//339 338//338
f 341//341 338//338 339//339
f 337//337 343//343 294//294
f 343//343 337//337 341//341
f 341//341 337//337 338//338
f 302//302 294//294 343//343
f 339//339 342//342 341//341
f 344//344 302//302 343//343
f 345//345 343//343 341//341
f 344//344 343//343 345//345
f 346//346 344//344 345//345
f 305//305 302//302 344//344
f 345//345 341//341 347//347
f 347//347 341//341 342//342
f 347//347 342//342 348//348
f 349//349 347//347 348//348
f 348//348 350//350 349//349
f 352//352 277//277 274//274
f 352//352 274//274 279//279
f 276//276 277//277 352//352
f 353//353 352//352 279//279
f 355//355 352//352 353//353
f 353//353 356//356 355//355
f 356//356 357//357 355//355
f 358//358 298//298 299//299
f 298//298 353//353 279//279
f 353//353 298//298 358//358
f 358//358 359//359 353//353
f 359//359 358//358 299//299
f 299//299 360//360 359//359
f 360//360 299//299 304//304
f 361//361 353//353 359//359
f 353//353 361//361 356//356
f 362//362 361//361 359//359
f 362//362 359//359 360//360
f 300//300 304//304 299//299
f 303//303 364//364 304//304
f 365//365 304//304 364//364
f 364//364 303//303 305//305
f 366//366 365//365 364//364
f 304//304 366//366 360//360
f 363//363 360//360 366//366
f 366//366 304//304 365//365
f 366//366 364//364 344//344
f 344//344 367//367 366//366
f 357//357 356//356 361//361
f 361//361 362//362 357//357
f 362//362 368//368 357//357
f 362//362 360//360 369//369
f 369//369 360//360 363//363
f 370//370 362//362 369//369
f 368//368 362//362 370//370
f 372//372 357//357 368//368
f 371//371 357//357 372//372
f 370//370 373//373 368//368
f 374//374 369//369 363//363
f 369//369 374//374 375//375
f 370//370 369//369 375//375
f 363//363 366//366 367//367
f 377//377 363//363 367//367
f 374//374 363//363 377//377
f 377//377 378//378 374//374
f 373//373 370//370 375//375
f 375//375 374//374 376//376
f 379//379 373//373 375//375
f 379//379 375//375 376//376
f 376//376 380//380 379//379
f 376//376 374//374 378//378
f 372//372 384//384 382//382
f 384//384 372//372 383//383
f 383//383 372//372 368//368
f 383//383 368//368 373//373
f 383//383 373//373 379//379
f 385//385 384//384 383//383
f 383//383 386//386 385//385
f 386//386 383//383 379//379
f 387//387 384//384 385//385
f 388//388 387//387 385//385
f 388//388 385//385 389//389
f 389//389 385//385 386//386
f 389//389 390//390 388//388
f 386//386 379//379 380//380
f 376//376 391//391 380//380
f 391//391 376//376 381//381
f 391//391 392//392 380//380
f 391//391 393//393 392//392
f 389//389 386//386 380//380
f 389//389 380//380 393//393
f 394//394 389//389 393//393
f 393//393 380//380 392//392
f 388//388 390//390 397//397
f 396//396 388//388 397//397
f 389//389 398//398 390//390
f 397//397 390//390 398//398
f 400//400 397//397 401//401
f 401//401 397//397 398//398
f 402//402 389//389 394//394
f 398//398 389//389 402//402
f 394//394 403//403 402//402
f 393//393 403//403 394//394
f 403//403 393//393 395//395
f 402//402 404//404 398//398
f 402//402 403//403 395//395
f 395//395 405//405 402//402
f 404//404 402//402 406//406
f 406//406 402//402 405//405
f 401//401 414//414 400//400
f 415//415 413//413 400//400
f 415//415 400//400 414//414
f 415//415 417//417 416//416
f 419//419 398//398 404//404
f 401//401 398//398 419//419
f 401//401 419//419 414//414
f 419//419 417//417 414//414
f 419//419 404//404 406//406
f 406//406 420//420 419//419
f 420//420 406//406 421//421
f 415//415 414//414 417//417
f 419//419 420//420 417//417
f 422//422 417//417 420//420
f 417//417 422//422 416//416
f 420//420 424//424 422//422
f 424//424 420//420 423//423
f 418//418 416//416 422//422
f 422//422 426//426 418//418
f 427//427 418//418 426//426
f 425//425 418//418 427//427
f 422//422 424//424 426//426
f 427//427 428//428 425//425
f 429//429 427//427 426//426
f 430//430 425//425 428//428
f 430//430 428//428 431//431
f 428//428 427//427 429//429
f 424//424 433//433 426//426
f 429//429 426//426 433//433
f 432//432 428//428 429//429
f 433//433 434//434 429//429
f 437//437 436//436 438//438
f 441//441 438//438 439//439
f 438//438 443//443 437//437
f 443//443 438//438 441//441
f 441//441 444//444 443//443
f 444//444 441//441 445//445
f 442//442 437//437 443//443
f 449//449 446//446 447//447
f 449//449 447//447 448//448
f 452//452 443//443 444//444
f 450//450 442//442 443//443
f 443//443 452//452 450//450
f 453//453 452//452 444//444
f 440//440 455//455 439//439
f 455//455 440//440 454//454
f 441//441 439//439 455//455
f 457//457 455//455 454//454
f 445//445 455//455 457//457
f 458//458 456//456 459//459
f 457//457 454//454 460//460
f 460//460 454//454 456//456
f 460//460 456//456 458//458
f 431//431 428//428 432//432
f 461//461 430//430 431//431
f 459//459 461//461 462//462
f 431//431 462//462 461//461
f 462//462 431//431 432//432
f 432//432 429//429 434//434
f 463//463 432//432 434//434
f 463//463 434//434 464//464
f 459//459 462//462 465//465
f 459//459 465//465 458//458
f 432//432 463//463 462//462
f 463//463 466//466 462//462
f 445//445 441//441 455//455
f 467//467 445//445 457//457
f 457//457 468//468 467//467
f 469//469 457//457 460//460
f 468//468 457//457 469//469
f 469//469 460//460 470//470
f 444//444 445//445 467//467
f 453//453 444//444 467//467
f 467//467 471//471 453//453
f 471//471 467//467 468//468
f 468//468 472//472 471//471
f 468//468 469//469 473//473
f 473//473 469//469 474//474
f 474//474 469//469 470//470
f 472//472 468//468 473//473
f 472//472 473//473 474//474
f 470//470 460//460 458//458
f 465//465 470//470 458//458
f 470//470 465//465 462//462
f 462//462 475//475 470//470
f 475//475 462//462 466//466
f 466//466 476//476 475//475
f 466//466 477//477 476//476
f 474//474 470//470 475//475
f 475//475 476//476 474//474
f 478//478 477//477 479//479
f 480//480 449//449 448//448
f 448//448 481//481 480//480
f 482//482 451//451 483//483
f 483//483 451//451 450//450
f 483//483 450//450 452//452
f 484//484 452//452 453//453
f 452//452 484//484 483//483
f 453//453 486//486 484//484
f 485//485 484//484 486//486
f 484//484 490//490 483//483
f 490//490 484//484 485//485
f 487//487 483//483 490//490
f 488//488 487//487 490//490
f 489//489 488//488 490//490
f 491//491 489//489 490//490
f 490//490 492//492 491//491
f 492//492 490//490 485//485
f 492//492 485//485 493//493
f 453//453 471//471 486//486
f 471//471 494//494 486//486
f 494//494 471//471 472//472
f 495//495 494//494 472//472
f 493//493 486//486 494//494
f 493//493 485//485 486//486
f 472//472 496//496 495//495
f 493//493 494//494 495//495
f 495//495 497//497 493//493
f 497//497 495//495 496//496
f 474//474 476//476 472//472
f 498//498 476//476 478//478
f 496//496 472//472 476//476
f 496//496 476//476 498//498
f 478//478 476//476 477//477
f 498//498 478//478 499//499
f 499//499 500//500 498//498
f 498//498 501//501 496//496
f 498//498 502//502 501//501
f 497//497 496//496 501//501
f 503//503 501//501 502//502
f 502//502 498//498 500//500
f 502//502 504//504 503//503
f 504//504 502//502 500//500
f 492//492 493//493 505//505
f 493//493 497//497 505//505
f 505//505 497//497 506//506
f 501//501 503//503 497//497
f 497//497 503//503 506//506
f 503//503 507//507 506//506
f 504//504 507//507 503//503
f 364//364 305//305 344//344
f 367//367 344//344 346//346
f 346//346 345//345 347//347
f 347//347 349//349 346//346
f 346//346 508//508 367//367
f 509//509 367//367 508//508
f 349//349 508//508 346//346
f 509//509 508//508 510//510
f 349//349 510//510 508//508
f 512//512 350//350 511//511
f 512//512 513//513 514//514
f 510//510 349//349 350//350
f 512//512 515//515 510//510
f 515//515 512//512 514//514
f 350//350 512//512 510//510
f 378//378 377//377 516//516
f 377//377 367//367 509//509
f 516//516 377//377 509//509
f 517//517 516//516 518//518
f 381//381 378//378 517//517
f 381//381 376//376 378//378
f 378//378 516//516 517//517
f 519//519 517//517 518//518
f 520//520 381//381 517//517
f 520//520 517//517 521//521
f 521//521 517//517 519//519
f 516//516 509//509 510//510
f 516//516 510//510 518//518
f 518//518 510//510 515//515
f 515//515 523//523 518//518
f 518//518 523//523 522//522
f 519//519 518//518 522//522
f 521//521 519//519 522//522
f 522//522 523//523 525//525
f 525//525 523//523 524//524
f 524//524 526//526 525//525
f 523//523 515//515 527//527
f 527//527 524//524 523//523
f 524//524 527//527 528//528
f 391//391 381//381 529//529
f 529//529 530//530 391//391
f 529//529 381//381 520//520
f 520//520 531//531 529//529
f 391//391 530//530 393//393
f 395//395 393//393 530//530
f 533//533 530//530 529//529
f 532//532 529//529 531//531
f 532//532 535//535 534//534
f 533//533 529//529 532//532
f 533//533 532//532 534//534
f 536//536 520//520 521//521
f 536//536 521//521 522//522
f 531//531 520//520 536//536
f 532//532 531//531 536//536
f 532//532 536//536 537//537
f 536//536 522//522 525//525
f 537//537 536//536 525//525
f 537//537 525//525 526//526
f 526//526 538//538 537//537
f 532//532 539//539 535//535
f 539//539 532//532 537//537
f 539//539 540//540 535//535
f 537//537 541//541 539//539
f 541//541 537//537 538//538
f 540//540 539//539 541//541
f 542//542 541//541 543//543
f 530//530 533//533 395//395
f 405//405 395//395 544//544
f 544//544 395//395 533//533
f 544//544 533//533 534//534
f 544//544 534//534 545//545
f 545//545 534//534 535//535
f 535//535 546//546 545//545
f 547//547 405//405 544//544
f 406//406 405//405 547//547
f 544//544 548//548 547//547
f 548//548 544//544 545//545
f 546//546 535//535 540//540
f 549//549 540//540 542//542
f 542//542 540//540 541//541
f 543//543 550//550 542//542
f 551//551 542//542 550//550
f 540//540 549//549 546//546
f 542//542 551//551 549//549
f 552//552 551//551 550//550
f 552//552 549//549 551//551
f 541//541 538//538 543//543
f 550//550 543//543 553//553
f 552//552 550//550 553//553
f 552//552 553//553 554//554
f 555//555 552//552 554//554
f 547//547 421//421 406//406
f 421//421 547//547 548//548
f 548//548 556//556 421//421
f 545//545 557//557 548//548
f 546//546 557//557 545//545
f 556//556 548//548 557//557
f 423//423 420//420 421//421
f 423//423 421//421 556//556
f 559//559 423//423 556//556
f 557//557 558//558 556//556
f 559//559 556//556 558//558
f 557//557 546//546 549//549
f 549//549 561//561 557//557
f 561//561 549//549 552//552
f 552//552 562//562 561//561
f 557//557 563//563 558//558
f 563//563 557//557 561//561
f 560//560 558//558 563//563
f 423//423 559//559 424//424
f 558//558 560//560 559//559
f 559//559 564//564 424//424
f 564//564 559//559 560//560
f 433//433 424//424 564//564
f 434//434 433//433 566//566
f 433//433 565//565 566//566
f 565//565 433//433 564//564
f 566//566 565//565 573//573
f 464//464 434//434 566//566
f 463//463 464//464 574//574
f 574//574 575//575 463//463
f 578//578 466//466 463//463
f 578//578 463//463 575//575
f 579//579 578//578 580//580
f 580//580 578//578 575//575
f 477//477 466//466 578//578
f 578//578 581//581 477//477
f 580//580 575//575 576//576
f 582//582 580//580 576//576
f 583//583 579//579 580//580
f 583//583 580//580 582//582
f 581//581 479//479 477//477
f 581//581 578//578 579//579
f 581//581 584//584 479//479
f 581//581 579//579 583//583
f 584//584 581//581 583//583
f 584//584 583//583 585//585
f 588//588 582//582 586//586
f 587//587 582//582 588//588
f 589//589 590//590 588//588
f 582//582 587//587 583//583
f 585//585 583//583 592//592
f 592//592 583//583 587//587
f 591//591 587//587 588//588
f 591//591 588//588 590//590
f 592//592 587//587 591//591
f 592//592 591//591 593//593
f 590//590 589//589 595//595
f 595//595 597//597 590//590
f 591//591 590//590 597//597
f 597//597 593//593 591//591
f 598//598 595//595 599//599
f 597//597 595//595 598//598
f 599//599 600//600 598//598
f 499//499 478//478 601//601
f 479//479 602//602 478//478
f 602//602 479//479 584//584
f 601//601 478//478 602//602
f 500//500 499//499 601//601
f 602//602 603//603 601//601
f 604//604 602//602 584//584
f 603//603 602//602 604//604
f 604//604 584//584 605//605
f 606//606 604//604 605//605
f 608//608 500//500 601//601
f 608//608 601//601 603//603
f 609//609 608//608 603//603
f 604//604 610//610 603//603
f 610//610 604//604 606//606
f 606//606 605//605 607//607
f 606//606 611//611 610//610
f 603//603 610//610 611//611
f 612//612 603//603 611//611
f 605//605 584//584 585//585
f 607//607 605//605 585//585
f 585//585 592//592 614//614
f 614//614 592//592 615//615
f 613//613 585//585 614//614
f 613//613 607//607 585//585
f 613//613 617//617 607//607
f 611//611 606//606 607//607
f 607//607 617//617 611//611
f 618//618 611//611 617//617
f 613//613 614//614 615//615
f 615//615 619//619 613//613
f 619//619 615//615 620//620
f 620//620 615//615 616//616
f 617//617 613//613 619//619
f 608//608 609//609 500//500
f 507//507 504//504 609//609
f 609//609 504//504 500//500
f 507//507 609//609 621//621
f 609//609 603//603 612//612
f 611//611 622//622 612//612
f 621//621 609//609 622//622
f 609//609 612//612 622//622
f 622//622 611//611 618//618
f 623//623 622//622 618//618
f 617//617 624//624 618//618
f 624//624 617//617 619//619
f 624//624 619//619 625//625
f 624//624 625//625 618//618
f 623//623 618//618 625//625
f 597//597 626//626 593//593
f 592//592 593//593 626//626
f 615//615 592//592 626//626
f 616//616 615//615 626//626
f 626//626 628//628 616//616
f 628//628 626//626 627//627
f 627//627 597//597 598//598
f 627//627 626//626 597//597
f 598//598 629//629 627//627
f 629//629 598//598 600//600
f 630//630 620//620 628//628
f 620//620 616//616 628//628
f 628//628 627//627 629//629
f 631//631 629//629 600//600
f 630//630 628//628 629//629
f 630//630 629//629 631//631
f 632//632 620//620 630//630
f 625//625 619//619 620//620
f 625//625 620//620 632//632
f 623//623 625//625 632//632
f 632//632 634//634 623//623
f 633//633 632//632 630//630
f 633//633 634//634 632//632
f 633//633 630//630 631//631
f 633//633 631//631 635//635
f 638//638 11//11 23//23
f 30//30 32//32 639//639
f 639//639 32//32 640//640
f 52//52 641//641 121//121
f 642//642 643//643 644//644
f 646//646 647//647 644//644
f 645//645 644//644 647//647
f 202//202 201//201 648//648
f 202//202 205//205 649//649
f 205//205 202//202 648//648
f 203//203 649//649 205//205
f 205//205 648//648 650//650
f 205//205 650//650 206//206
f 207//207 206//206 650//650
f 648//648 201//201 652//652
f 651//651 652//652 653//653
f 652//652 650//650 648//648
f 650//650 652//652 651//651
f 650//650 651//651 210//210
f 210//210 651//651 655//655
f 655//655 212//212 210//210
f 212//212 655//655 654//654
f 207//207 650//650 210//210
f 213//213 654//654 656//656
f 212//212 654//654 213//213
f 656//656 215//215 213//213
f 651//651 653//653 657//657
f 658//658 651//651 657//657
f 651//651 658//658 659//659
f 655//655 651//651 659//659
f 659//659 654//654 655//655
f 654//654 659//659 660//660
f 660//660 661//661 654//654
f 656//656 654//654 661//661
f 656//656 661//661 662//662
f 662//662 663//663 656//656
f 215//215 656//656 663//663
f 663//663 227//227 215//215
f 663//663 662//662 664//664
f 664//664 662//662 665//665
f 661//661 667//667 662//662
f 668//668 669//669 670//670
f 662//662 667//667 670//670
f 670//670 669//669 662//662
f 669//669 665//665 662//662
f 219//219 215//215 227//227
f 227//227 663//663 664//664
f 227//227 664//664 666//666
f 671//671 227//227 666//666
f 672//672 227//227 671//671
f 228//228 219//219 672//672
f 672//672 219//219 227//227
f 671//671 673//673 672//672
f 672//672 673//673 228//228
f 229//229 228//228 673//673
f 677//677 675//675 678//678
f 678//678 675//675 676//676
f 678//678 681//681 680//680
f 682//682 680//680 681//681
f 681//681 684//684 682//682
f 684//684 681//681 683//683
f 229//229 673//673 319//319
f 239//239 229//229 319//319
f 240//240 239//239 243//243
f 685//685 684//684 259//259
f 259//259 264//264 686//686
f 687//687 686//686 264//264
f 688//688 687//687 264//264
f 688//688 264//264 265//265
f 272//272 688//688 265//265
f 689//689 688//688 272//272
f 689//689 690//690 688//688
f 272//272 276//276 689//689
f 273//273 276//276 272//272
f 121//121 694//694 693//693
f 124//124 695//695 125//125
f 124//124 121//121 693//693
f 122//122 121//121 124//124
f 122//122 124//124 126//126
f 123//123 122//122 127//127
f 127//127 122//122 126//126
f 696//696 697//697 698//698
f 699//699 698//698 700//700
f 700//700 698//698 697//697
f 700//700 697//697 701//701
f 701//701 702//702 700//700
f 704//704 703//703 701//701
f 702//702 701//701 703//703
f 703//703 705//705 706//706
f 706//706 707//707 703//703
f 709//709 708//708 702//702
f 702//702 703//703 709//709
f 709//709 703//703 710//710
f 707//707 711//711 703//703
f 710//710 703//703 711//711
f 712//712 713//713 714//714
f 711//711 707//707 714//714
f 715//715 714//714 713//713
f 715//715 713//713 716//716
f 717//717 711//711 714//714
f 714//714 715//715 717//717
f 718//718 715//715 716//716
f 718//718 719//719 715//715
f 81//81 721//721 720//720
f 165//165 166//166 167//167
f 165//165 167//167 169//169
f 165//165 169//169 722//722
f 723//723 165//165 722//722
f 724//724 723//723 722//722
f 169//169 175//175 722//722
f 725//725 723//723 724//724
f 726//726 725//725 724//724
f 724//724 727//727 726//726
f 729//729 724//724 722//722
f 728//728 724//724 729//729
f 727//727 724//724 728//728
f 727//727 728//728 730//730
f 730//730 728//728 729//729
f 733//733 734//734 735//735
f 721//721 737//737 720//720
f 738//738 736//736 720//720
f 738//738 720//720 737//737
f 732//732 721//721 731//731
f 737//737 721//721 732//732
f 741//741 736//736 738//738
f 738//738 742//742 741//741
f 743//743 740//740 744//744
f 744//744 740//740 736//736
f 744//744 736//736 741//741
f 745//745 741//741 742//742
f 738//738 746//746 742//742
f 746//746 738//738 737//737
f 739//739 737//737 732//732
f 746//746 737//737 735//735
f 735//735 737//737 739//739
f 733//733 735//735 739//739
f 731//731 725//725 726//726
f 726//726 748//748 731//731
f 748//748 726//726 749//749
f 749//749 726//726 727//727
f 750//750 747//747 731//731
f 750//750 731//731 748//748
f 732//732 731//731 747//747
f 732//732 747//747 752//752
f 751//751 752//752 750//750
f 750//750 752//752 747//747
f 749//749 727//727 730//730
f 753//753 730//730 754//754
f 730//730 755//755 754//754
f 754//754 756//756 753//753
f 756//756 754//754 755//755
f 755//755 757//757 756//756
f 732//732 752//752 751//751
f 732//732 751//751 739//739
f 739//739 751//751 734//734
f 734//734 733//733 739//739
f 729//729 722//722 758//758
f 730//730 729//729 759//759
f 755//755 730//730 759//759
f 760//760 755//755 759//759
f 757//757 755//755 760//760
f 763//763 761//761 764//764
f 765//765 766//766 762//762
f 765//765 762//762 761//761
f 761//761 767//767 765//765
f 768//768 765//765 767//767
f 767//767 769//769 768//768
f 767//767 761//761 763//763
f 770//770 771//771 772//772
f 770//770 773//773 771//771
f 774//774 772//772 771//771
f 778//778 776//776 777//777
f 780//780 779//779 775//775
f 779//779 780//780 776//776
f 777//777 776//776 780//780
f 780//780 781//781 777//777
f 784//784 782//782 783//783
f 783//783 782//782 768//768
f 786//786 768//768 769//769
f 787//787 786//786 769//769
f 768//768 788//788 783//783
f 788//788 768//768 786//786
f 789//789 788//788 786//786
f 785//785 791//791 790//790
f 792//792 784//784 783//783
f 793//793 794//794 784//784
f 791//791 785//785 775//775
f 775//775 785//785 794//794
f 785//785 784//784 794//794
f 793//793 784//784 792//792
f 792//792 795//795 793//793
f 792//792 783//783 788//788
f 792//792 788//788 789//789
f 795//795 792//792 789//789
f 795//795 789//789 796//796
f 790//790 779//779 797//797
f 797//797 776//776 798//798
f 776//776 797//797 779//779
f 773//773 770//770 798//798
f 773//773 778//778 799//799
f 778//778 773//773 798//798
f 778//778 798//798 776//776
f 779//779 790//790 791//791
f 775//775 779//779 791//791
f 642//642 801//801 800//800
f 642//642 644//644 645//645
f 645//645 802//802 642//642
f 802//802 803//803 642//642
f 803//803 802//802 804//804
f 805//805 642//642 803//803
f 808//808 806//806 807//807
f 801//801 642//642 805//805
f 809//809 805//805 803//803
f 809//809 803//803 806//806
f 810//810 805//805 809//809
f 809//809 811//811 810//810
f 806//806 812//812 809//809
f 812//812 806//806 808//808
f 811//811 809//809 812//812
f 812//812 814//814 811//811
f 814//814 812//812 808//808
f 808//808 813//813 814//814
f 816//816 817//817 801//801
f 801//801 818//818 816//816
f 815//815 817//817 816//816
f 789//789 786//786 815//815
f 815//815 819//819 789//789
f 815//815 820//820 819//819
f 796//796 789//789 819//819
f 819//819 821//821 796//796
f 820//820 821//821 819//819
f 820//820 815//815 816//816
f 822//822 816//816 818//818
f 823//823 820//820 816//816
f 823//823 816//816 822//822
f 810//810 801//801 805//805
f 801//801 810//810 818//818
f 818//818 810//810 825//825
f 825//825 810//810 811//811
f 825//825 811//811 814//814
f 814//814 826//826 825//825
f 826//826 814//814 827//827
f 824//824 822//822 825//825
f 822//822 818//818 825//825
f 824//824 825//825 828//828
f 828//828 825//825 826//826
f 827//827 829//829 826//826
f 828//828 826//826 829//829
f 831//831 775//775 794//794
f 831//831 832//832 833//833
f 831//831 794//794 832//832
f 832//832 794//794 834//834
f 833//833 832//832 830//830
f 834//834 836//836 835//835
f 834//834 835//835 832//832
f 830//830 832//832 837//837
f 837//837 839//839 838//838
f 832//832 835//835 837//837
f 837//837 835//835 839//839
f 839//839 835//835 836//836
f 830//830 841//841 840//840
f 842//842 840//840 841//841
f 313//313 841//841 843//843
f 313//313 842//842 841//841
f 780//780 775//775 831//831
f 831//831 844//844 780//780
f 844//844 831//831 845//845
f 845//845 831//831 833//833
f 846//846 844//844 845//845
f 845//845 833//833 840//840
f 840//840 833//833 830//830
f 781//781 780//780 844//844
f 781//781 844//844 846//846
f 840//840 842//842 847//847
f 847//847 845//845 840//840
f 848//848 847//847 842//842
f 841//841 830//830 849//849
f 849//849 830//830 837//837
f 843//843 841//841 849//849
f 849//849 850//850 843//843
f 850//850 851//851 852//852
f 837//837 851//851 849//849
f 851//851 837//837 838//838
f 850//850 849//849 851//851
f 853//853 843//843 850//850
f 850//850 854//854 853//853
f 852//852 854//854 850//850
f 855//855 854//854 852//852
f 856//856 834//834 794//794
f 856//856 794//794 793//793
f 836//836 834//834 856//856
f 856//856 793//793 857//857
f 857//857 793//793 795//795
f 858//858 795//795 796//796
f 857//857 795//795 858//858
f 858//858 859//859 857//857
f 859//859 858//858 860//860
f 861//861 836//836 856//856
f 856//856 857//857 861//861
f 839//839 836//836 861//861
f 857//857 862//862 861//861
f 862//862 863//863 861//861
f 862//862 857//857 859//859
f 864//864 859//859 860//860
f 862//862 865//865 863//863
f 865//865 862//862 859//859
f 865//865 859//859 866//866
f 866//866 859//859 864//864
f 867//867 868//868 869//869
f 870//870 867//867 869//869
f 796//796 860//860 858//858
f 796//796 867//867 860//860
f 820//820 868//868 821//821
f 867//867 796//796 868//868
f 868//868 796//796 821//821
f 868//868 820//820 823//823
f 869//869 868//868 823//823
f 871//871 823//823 822//822
f 869//869 823//823 871//871
f 870//870 869//869 871//871
f 872//872 860//860 867//867
f 864//864 860//860 872//872
f 872//872 867//867 870//870
f 866//866 864//864 873//873
f 872//872 873//873 864//864
f 872//872 874//874 873//873
f 871//871 875//875 870//870
f 874//874 872//872 870//870
f 874//874 870//870 875//875
f 875//875 876//876 874//874
f 824//824 871//871 822//822
f 871//871 824//824 877//877
f 824//824 828//828 877//877
f 878//878 871//871 877//877
f 879//879 877//877 828//828
f 879//879 828//828 829//829
f 878//878 877//877 879//879
f 875//875 871//871 880//880
f 880//880 871//871 878//878
f 881//881 880//880 878//878
f 876//876 875//875 880//880
f 876//876 880//880 881//881
f 881//881 878//878 879//879
f 879//879 882//882 881//881
f 876//876 881//881 882//882
f 883//883 888//888 885//885
f 889//889 887//887 886//886
f 308//308 665//665 885//885
f 308//308 885//885 890//890
f 666//666 664//664 665//665
f 890//890 885//885 888//888
f 890//890 888//888 306//306
f 306//306 888//888 887//887
f 891//891 306//306 307//307
f 665//665 669//669 883//883
f 883//883 885//885 665//665
f 892//892 778//778 777//777
f 889//889 886//886 778//778
f 778//778 893//893 889//889
f 893//893 778//778 892//892
f 892//892 894//894 893//893
f 777//777 895//895 892//892
f 895//895 777//777 781//781
f 896//896 892//892 895//895
f 896//896 895//895 316//316
f 316//316 897//897 896//896
f 887//887 889//889 307//307
f 307//307 889//889 893//893
f 306//306 887//887 307//307
f 307//307 893//893 898//898
f 898//898 893//893 894//894
f 891//891 307//307 898//898
f 894//894 892//892 896//896
f 900//900 896//896 897//897
f 896//896 899//899 894//894
f 899//899 898//898 894//894
f 899//899 896//896 900//900
f 778//778 886//886 799//799
f 665//665 308//308 666//666
f 902//902 666//666 308//308
f 671//671 666//666 902//902
f 308//308 890//890 309//309
f 308//308 903//903 902//902
f 903//903 308//308 309//309
f 306//306 309//309 890//890
f 309//309 306//306 891//891
f 309//309 891//891 903//903
f 904//904 902//902 903//903
f 891//891 905//905 903//903
f 673//673 671//671 906//906
f 906//906 671//671 902//902
f 906//906 902//902 904//904
f 673//673 906//906 319//319
f 320//320 904//904 903//903
f 320//320 903//903 905//905
f 906//906 904//904 320//320
f 891//891 898//898 899//899
f 899//899 907//907 891//891
f 311//311 905//905 891//891
f 312//312 891//891 907//907
f 311//311 891//891 312//312
f 900//900 310//310 899//899
f 310//310 900//900 901//901
f 908//908 907//907 899//899
f 312//312 907//907 908//908
f 908//908 899//899 310//310
f 320//320 905//905 311//311
f 909//909 311//311 312//312
f 908//908 310//310 910//910
f 310//310 321//321 910//910
f 312//312 908//908 909//909
f 908//908 911//911 909//909
f 911//911 908//908 910//910
f 916//916 912//912 914//914
f 315//315 313//313 917//917
f 917//917 313//313 843//843
f 781//781 846//846 918//918
f 781//781 316//316 895//895
f 316//316 781//781 918//918
f 919//919 918//918 846//846
f 919//919 920//920 918//918
f 918//918 920//920 316//316
f 917//917 843//843 853//853
f 853//853 921//921 917//917
f 921//921 853//853 854//854
f 922//922 854//854 855//855
f 921//921 854//854 922//922
f 923//923 314//314 315//315
f 924//924 315//315 917//917
f 897//897 316//316 925//925
f 925//925 316//316 920//920
f 925//925 920//920 314//314
f 314//314 923//923 925//925
f 901//901 897//897 926//926
f 926//926 897//897 925//925
f 901//901 900//900 897//897
f 924//924 917//917 921//921
f 855//855 928//928 922//922
f 927//927 921//921 922//922
f 921//921 929//929 924//924
f 929//929 921//921 927//927
f 927//927 922//922 928//928
f 930//930 923//923 315//315
f 315//315 924//924 930//930
f 924//924 931//931 930//930
f 926//926 925//925 930//930
f 930//930 925//925 923//923
f 932//932 310//310 901//901
f 932//932 901//901 926//926
f 932//932 926//926 930//930
f 930//930 318//318 932//932
f 927//927 928//928 929//929
f 931//931 924//924 929//929
f 929//929 933//933 931//931
f 933//933 929//929 928//928
f 928//928 934//934 933//933
f 935//935 318//318 930//930
f 935//935 930//930 931//931
f 931//931 936//936 935//935
f 935//935 937//937 318//318
f 935//935 936//936 937//937
f 317//317 932//932 318//318
f 321//321 310//310 317//317
f 317//317 310//310 932//932
f 938//938 931//931 933//933
f 936//936 931//931 938//938
f 938//938 933//933 934//934
f 939//939 938//938 934//934
f 239//239 319//319 906//906
f 906//906 940//940 239//239
f 941//941 239//239 940//940
f 940//940 906//906 320//320
f 940//940 320//320 311//311
f 311//311 942//942 940//940
f 243//243 239//239 941//941
f 941//941 943//943 243//243
f 941//941 944//944 943//943
f 242//242 243//243 943//943
f 944//944 941//941 940//940
f 944//944 940//940 942//942
f 943//943 944//944 325//325
f 944//944 324//324 325//325
f 942//942 311//311 909//909
f 945//945 942//942 909//909
f 945//945 909//909 911//911
f 910//910 322//322 911//911
f 322//322 910//910 323//323
f 323//323 910//910 321//321
f 942//942 945//945 944//944
f 324//324 944//944 945//945
f 945//945 946//946 324//324
f 322//322 945//945 911//911
f 946//946 945//945 322//322
f 946//946 322//322 323//323
f 323//323 947//947 946//946
f 943//943 325//325 242//242
f 325//325 258//258 242//242
f 253//253 242//242 258//258
f 325//325 324//324 948//948
f 258//258 325//325 948//948
f 950//950 258//258 948//948
f 327//327 258//258 949//949
f 949//949 258//258 950//950
f 328//328 324//324 946//946
f 948//948 324//324 328//328
f 328//328 946//946 947//947
f 323//323 951//951 947//947
f 947//947 330//330 328//328
f 330//330 947//947 951//951
f 952//952 949//949 329//329
f 950//950 948//948 328//328
f 950//950 329//329 949//949
f 328//328 329//329 950//950
f 952//952 329//329 953//953
f 330//330 329//329 328//328
f 330//330 953//953 329//329
f 937//937 936//936 955//955
f 954//954 318//318 937//937
f 954//954 937//937 331//331
f 331//331 937//937 955//955
f 318//318 954//954 317//317
f 323//323 321//321 317//317
f 955//955 936//936 938//938
f 955//955 938//938 956//956
f 938//938 939//939 956//956
f 957//957 954//954 331//331
f 333//333 954//954 957//957
f 957//957 331//331 958//958
f 958//958 331//331 955//955
f 955//955 332//332 958//958
f 317//317 333//333 323//323
f 333//333 317//317 954//954
f 939//939 959//959 956//956
f 956//956 332//332 955//955
f 332//332 956//956 960//960
f 960//960 956//956 959//959
f 961//961 333//333 957//957
f 961//961 957//957 963//963
f 963//963 957//957 958//958
f 963//963 958//958 332//332
f 962//962 961//961 963//963
f 951//951 323//323 333//333
f 961//961 951//951 333//333
f 965//965 960//960 959//959
f 964//964 332//332 960//960
f 964//964 960//960 965//965
f 963//963 332//332 964//964
f 964//964 965//965 963//963
f 951//951 961//961 962//962
f 962//962 330//330 951//951
f 962//962 963//963 966//966
f 953//953 330//330 962//962
f 967//967 962//962 966//966
f 966//966 963//963 965//965
f 965//965 334//334 966//966
f 968//968 966//966 334//334
f 335//335 327//327 949//949
f 335//335 949//949 969//969
f 949//949 952//952 969//969
f 336//336 335//335 969//969
f 340//340 336//336 969//969
f 952//952 970//970 969//969
f 970//970 952//952 953//953
f 953//953 967//967 970//970
f 967//967 971//971 970//970
f 339//339 340//340 969//969
f 339//339 969//969 972//972
f 970//970 972//972 969//969
f 342//342 339//339 972//972
f 970//970 971//971 972//972
f 974//974 972//972 971//971
f 971//971 973//973 974//974
f 972//972 974//974 342//342
f 974//974 348//348 342//342
f 974//974 351//351 348//348
f 351//351 974//974 976//976
f 976//976 974//974 975//975
f 351//351 511//511 348//348
f 350//350 348//348 511//511
f 976//976 511//511 351//351
f 967//967 953//953 962//962
f 978//978 967//967 977//977
f 977//977 967//967 966//966
f 977//977 966//966 968//968
f 968//968 979//979 977//977
f 967//967 978//978 971//971
f 973//973 971//971 978//978
f 980//980 978//978 977//977
f 973//973 978//978 980//980
f 977//977 981//981 980//980
f 981//981 977//977 979//979
f 974//974 973//973 975//975
f 975//975 973//973 980//980
f 982//982 975//975 980//980
f 976//976 975//975 982//982
f 982//982 983//983 976//976
f 982//982 980//980 983//983
f 983//983 980//980 981//981
f 984//984 983//983 981//981
f 985//985 976//976 983//983
f 986//986 983//983 984//984
f 807//807 709//709 987//987
f 987//987 709//709 710//710
f 711//711 717//717 710//710
f 987//987 710//710 717//717
f 717//717 988//988 987//987
f 807//807 813//813 808//808
f 807//807 987//987 813//813
f 813//813 987//987 988//988
f 988//988 989//989 813//813
f 990//990 989//989 988//988
f 991//991 717//717 715//715
f 991//991 715//715 719//719
f 719//719 992//992 991//991
f 991//991 988//988 717//717
f 992//992 993//993 991//991
f 988//988 991//991 993//993
f 993//993 992//992 994//994
f 994//994 995//995 993//993
f 996//996 988//988 993//993
f 990//990 988//988 996//996
f 996//996 993//993 995//995
f 995//995 998//998 996//996
f 998//998 995//995 997//997
f 814//814 813//813 999//999
f 999//999 813//813 989//989
f 827//827 814//814 999//999
f 1000//1000 827//827 999//999
f 989//989 1001//1001 999//999
f 1000//1000 999//999 1001//1001
f 1002//1002 989//989 990//990
f 1001//1001 989//989 1002//1002
f 829//829 827//827 1000//1000
f 1003//1003 829//829 1000//1000
f 1003//1003 1000//1000 1001//1001
f 1002//1002 1005//1005 1001//1001
f 1005//1005 1002//1002 1006//1006
f 1001//1001 1004//1004 1003//1003
f 1001//1001 1005//1005 1004//1004
f 1002//1002 990//990 1007//1007
f 1007//1007 990//990 996//996
f 1008//1008 1002//1002 1007//1007
f 1008//1008 1007//1007 998//998
f 1007//1007 996//996 998//998
f 879//879 829//829 1003//1003
f 1003//1003 1004//1004 879//879
f 1012//1012 744//744 741//741
f 1013//1013 743//743 744//744
f 1013//1013 744//744 1012//1012
f 741//741 745//745 1012//1012
f 912//912 743//743 1013//1013
f 1014//1014 1013//1013 1012//1012
f 1014//1014 1015//1015 1013//1013
f 1015//1015 1014//1014 915//915
f 915//915 914//914 1015//1015
f 912//912 1013//1013 1015//1015
f 914//914 912//912 1015//1015
f 745//745 742//742 1016//1016
f 1012//1012 745//745 1017//1017
f 1018//1018 689//689 276//276
f 689//689 1018//1018 691//691
f 691//691 1018//1018 1019//1019
f 354//354 1018//1018 276//276
f 1018//1018 354//354 1019//1019
f 276//276 1020//1020 354//354
f 190//190 1019//1019 354//354
f 276//276 1021//1021 1020//1020
f 1021//1021 276//276 352//352
f 1021//1021 352//352 355//355
f 191//191 190//190 354//354
f 191//191 354//354 1020//1020
f 1020//1020 1023//1023 1022//1022
f 1023//1023 1020//1020 1021//1021
f 1023//1023 1021//1021 371//371
f 371//371 1021//1021 355//355
f 371//371 355//355 357//357
f 192//192 191//191 1022//1022
f 1022//1022 191//191 1020//1020
f 1022//1022 1024//1024 192//192
f 1024//1024 1022//1022 1023//1023
f 1023//1023 1025//1025 1024//1024
f 1025//1025 1023//1023 371//371
f 371//371 1026//1026 1025//1025
f 196//196 192//192 1024//1024
f 1024//1024 1027//1027 196//196
f 1027//1027 1024//1024 1025//1025
f 371//371 382//382 1026//1026
f 1028//1028 195//195 196//196
f 1029//1029 1028//1028 196//196
f 1030//1030 1028//1028 1029//1029
f 196//196 1031//1031 1029//1029
f 1031//1031 196//196 1032//1032
f 1032//1032 196//196 1027//1027
f 1025//1025 1033//1033 1027//1027
f 1033//1033 1025//1025 1026//1026
f 387//387 1026//1026 382//382
f 1026//1026 1034//1034 1033//1033
f 1034//1034 1026//1026 387//387
f 1032//1032 1027//1027 1033//1033
f 1033//1033 1035//1035 1032//1032
f 1036//1036 1030//1030 1029//1029
f 1036//1036 1029//1029 1031//1031
f 1032//1032 1037//1037 1031//1031
f 1031//1031 1039//1039 1036//1036
f 1039//1039 1031//1031 1037//1037
f 1037//1037 1032//1032 1035//1035
f 1035//1035 1033//1033 1034//1034
f 1034//1034 1040//1040 1035//1035
f 1040//1040 1034//1034 1041//1041
f 1041//1041 1034//1034 388//388
f 1040//1040 1042//1042 1035//1035
f 1043//1043 1038//1038 1036//1036
f 407//407 1039//1039 1037//1037
f 1043//1043 1036//1036 1039//1039
f 1039//1039 407//407 1043//1043
f 1044//1044 1038//1038 1043//1043
f 1045//1045 1044//1044 1043//1043
f 1045//1045 1043//1043 407//407
f 407//407 1037//1037 1046//1046
f 1046//1046 1037//1037 1035//1035
f 1035//1035 1042//1042 1046//1046
f 1042//1042 1040//1040 1047//1047
f 1048//1048 1042//1042 1047//1047
f 1048//1048 1046//1046 1042//1042
f 408//408 407//407 1046//1046
f 1046//1046 1048//1048 408//408
f 382//382 371//371 372//372
f 387//387 382//382 384//384
f 1034//1034 387//387 388//388
f 1041//1041 388//388 396//396
f 1050//1050 1041//1041 396//396
f 396//396 397//397 1050//1050
f 1047//1047 1040//1040 1041//1041
f 1047//1047 1041//1041 1050//1050
f 399//399 1050//1050 397//397
f 1047//1047 1050//1050 1048//1048
f 1049//1049 1048//1048 1050//1050
f 1050//1050 399//399 1049//1049
f 400//400 399//399 397//397
f 1051//1051 1044//1044 1045//1045
f 407//407 408//408 1045//1045
f 1052//1052 1044//1044 1051//1051
f 1051//1051 1045//1045 408//408
f 1053//1053 408//408 1048//1048
f 1048//1048 1054//1054 1053//1053
f 1054//1054 1048//1048 1049//1049
f 1055//1055 1054//1054 1049//1049
f 1056//1056 1052//1052 1051//1051
f 408//408 1057//1057 1051//1051
f 1058//1058 1056//1056 409//409
f 409//409 1056//1056 1051//1051
f 409//409 1051//1051 1057//1057
f 1057//1057 408//408 1053//1053
f 1053//1053 1059//1059 1057//1057
f 1059//1059 1053//1053 1054//1054
f 1055//1055 1060//1060 1054//1054
f 1060//1060 1061//1061 1054//1054
f 412//412 1062//1062 1058//1058
f 412//412 1058//1058 409//409
f 412//412 409//409 1063//1063
f 410//410 409//409 1057//1057
f 1063//1063 409//409 410//410
f 636//636 1062//1062 412//412
f 410//410 1057//1057 1059//1059
f 1066//1066 1059//1059 1054//1054
f 1064//1064 410//410 1059//1059
f 1064//1064 1059//1059 1066//1066
f 1066//1066 1054//1054 1061//1061
f 1061//1061 1067//1067 1066//1066
f 1067//1067 1061//1061 1065//1065
f 411//411 636//636 412//412
f 637//637 636//636 411//411
f 411//411 412//412 1063//1063
f 410//410 1068//1068 1063//1063
f 1069//1069 411//411 1063//1063
f 1063//1063 1070//1070 1069//1069
f 1070//1070 1063//1063 1068//1068
f 1068//1068 410//410 1064//1064
f 1064//1064 1071//1071 1068//1068
f 1071//1071 1064//1064 1066//1066
f 1066//1066 1072//1072 1071//1071
f 1072//1072 1066//1066 1073//1073
f 399//399 1055//1055 1049//1049
f 413//413 1055//1055 399//399
f 413//413 399//399 400//400
f 413//413 1074//1074 1055//1055
f 1055//1055 1074//1074 1060//1060
f 1074//1074 1075//1075 1060//1060
f 1074//1074 413//413 416//416
f 416//416 413//413 415//415
f 416//416 418//418 1074//1074
f 1075//1075 1074//1074 418//418
f 1060//1060 1065//1065 1061//1061
f 1065//1065 1060//1060 1075//1075
f 1067//1067 1065//1065 1076//1076
f 1076//1076 1065//1065 1075//1075
f 425//425 1075//1075 418//418
f 1076//1076 1075//1075 425//425
f 1073//1073 1067//1067 1076//1076
f 1066//1066 1067//1067 1073//1073
f 1073//1073 1076//1076 1077//1077
f 1077//1077 1076//1076 425//425
f 1069//1069 637//637 411//411
f 1068//1068 435//435 1070//1070
f 1078//1078 637//637 1069//1069
f 1079//1079 1069//1069 1070//1070
f 435//435 1068//1068 1071//1071
f 1072//1072 439//439 1071//1071
f 436//436 435//435 438//438
f 438//438 435//435 1071//1071
f 438//438 1071//1071 439//439
f 439//439 1072//1072 440//440
f 1069//1069 1080//1080 1078//1078
f 1080//1080 1069//1069 1079//1079
f 1079//1079 1070//1070 435//435
f 435//435 436//436 1079//1079
f 1080//1080 1081//1081 1078//1078
f 1082//1082 1081//1081 1083//1083
f 1083//1083 1081//1081 1080//1080
f 1083//1083 1080//1080 1079//1079
f 1084//1084 1079//1079 436//436
f 1084//1084 436//436 437//437
f 1082//1082 1085//1085 1086//1086
f 1085//1085 1082//1082 1083//1083
f 1087//1087 1083//1083 1079//1079
f 1088//1088 1085//1085 1083//1083
f 1087//1087 1079//1079 1084//1084
f 1084//1084 1089//1089 1087//1087
f 1088//1088 1083//1083 1090//1090
f 447//447 1090//1090 1083//1083
f 447//447 1083//1083 1087//1087
f 1089//1089 1084//1084 437//437
f 442//442 1089//1089 437//437
f 446//446 1090//1090 447//447
f 1091//1091 447//447 1087//1087
f 1089//1089 1091//1091 1087//1087
f 1073//1073 1077//1077 1072//1072
f 440//440 1072//1072 1077//1077
f 440//440 1077//1077 454//454
f 461//461 1077//1077 425//425
f 425//425 430//430 461//461
f 454//454 1077//1077 461//461
f 456//456 454//454 461//461
f 459//459 456//456 461//461
f 511//511 513//513 512//512
f 513//513 511//511 976//976
f 976//976 985//985 513//513
f 514//514 513//513 985//985
f 1092//1092 985//985 986//986
f 986//986 985//985 983//983
f 984//984 1093//1093 986//986
f 514//514 985//985 1092//1092
f 1092//1092 527//527 514//514
f 986//986 1093//1093 1092//1092
f 527//527 1092//1092 1093//1093
f 1093//1093 1094//1094 527//527
f 527//527 515//515 514//514
f 528//528 527//527 1095//1095
f 1095//1095 527//527 1094//1094
f 1095//1095 1096//1096 528//528
f 1094//1094 1097//1097 1095//1095
f 524//524 528//528 1096//1096
f 1095//1095 1097//1097 1096//1096
f 1098//1098 1096//1096 1097//1097
f 1098//1098 1097//1097 1099//1099
f 524//524 1096//1096 526//526
f 1096//1096 1100//1100 526//526
f 1096//1096 1098//1098 1100//1100
f 538//538 526//526 1100//1100
f 1099//1099 1102//1102 1098//1098
f 543//543 538//538 1101//1101
f 1101//1101 538//538 1100//1100
f 543//543 1101//1101 1103//1103
f 1101//1101 1100//1100 1098//1098
f 1101//1101 1098//1098 1104//1104
f 1104//1104 1098//1098 1102//1102
f 1103//1103 1101//1101 1104//1104
f 553//553 543//543 1103//1103
f 1105//1105 553//553 1103//1103
f 1105//1105 1103//1103 1106//1106
f 1106//1106 1103//1103 1107//1107
f 1107//1107 1103//1103 1104//1104
f 554//554 553//553 1105//1105
f 1105//1105 1108//1108 554//554
f 1106//1106 1108//1108 1105//1105
f 1106//1106 1107//1107 1108//1108
f 1108//1108 1107//1107 1109//1109
f 562//562 552//552 555//555
f 562//562 569//569 561//561
f 569//569 562//562 555//555
f 561//561 568//568 563//563
f 1110//1110 568//568 570//570
f 570//570 561//561 569//569
f 570//570 568//568 561//561
f 565//565 564//564 567//567
f 1112//1112 563//563 568//568
f 564//564 560//560 1112//1112
f 1112//1112 560//560 563//563
f 1113//1113 568//568 1110//1110
f 568//568 1113//1113 1112//1112
f 567//567 564//564 1112//1112
f 565//565 567//567 1112//1112
f 1112//1112 1111//1111 565//565
f 577//577 1112//1112 1114//1114
f 577//577 1111//1111 1112//1112
f 1114//1114 1115//1115 1116//1116
f 577//577 1114//1114 1116//1116
f 1112//1112 1113//1113 1114//1114
f 554//554 1108//1108 555//555
f 555//555 1108//1108 1117//1117
f 1117//1117 1108//1108 1109//1109
f 1117//1117 1109//1109 1118//1118
f 555//555 570//570 569//569
f 555//555 1117//1117 570//570
f 1117//1117 1119//1119 570//570
f 1110//1110 570//570 1119//1119
f 1120//1120 1117//1117 1118//1118
f 1119//1119 1117//1117 1120//1120
f 1120//1120 571//571 1119//1119
f 1119//1119 1121//1121 1110//1110
f 1110//1110 1122//1122 1113//1113
f 1122//1122 1110//1110 1121//1121
f 1121//1121 1119//1119 571//571
f 571//571 1123//1123 1121//1121
f 1124//1124 1121//1121 1123//1123
f 1114//1114 1113//1113 1122//1122
f 1115//1115 1114//1114 1122//1122
f 1125//1125 1115//1115 1122//1122
f 1116//1116 1115//1115 1125//1125
f 1125//1125 1122//1122 1121//1121
f 1125//1125 1121//1121 1124//1124
f 1124//1124 572//572 1125//1125
f 574//574 565//565 1111//1111
f 574//574 573//573 565//565
f 1126//1126 574//574 1111//1111
f 566//566 574//574 464//464
f 574//574 566//566 573//573
f 575//575 574//574 576//576
f 1126//1126 576//576 574//574
f 577//577 1127//1127 1111//1111
f 1128//1128 577//577 1116//1116
f 1129//1129 577//577 1128//1128
f 1127//1127 1126//1126 1111//1111
f 577//577 586//586 1127//1127
f 576//576 1126//1126 1127//1127
f 1127//1127 586//586 576//576
f 582//582 576//576 586//586
f 586//586 577//577 1129//1129
f 588//588 586//586 589//589
f 1116//1116 1130//1130 1128//1128
f 1129//1129 1128//1128 1130//1130
f 1125//1125 1131//1131 1116//1116
f 1131//1131 1125//1125 572//572
f 1132//1132 1131//1131 572//572
f 1130//1130 1116//1116 1131//1131
f 1131//1131 1133//1133 1130//1130
f 594//594 1129//1129 1130//1130
f 1134//1134 594//594 1130//1130
f 586//586 1129//1129 594//594
f 589//589 586//586 594//594
f 1133//1133 1131//1131 1132//1132
f 1132//1132 1135//1135 1133//1133
f 1134//1134 1130//1130 1133//1133
f 596//596 594//594 1134//1134
f 595//595 594//594 596//596
f 595//595 589//589 594//594
f 596//596 1134//1134 599//599
f 599//599 1134//1134 1133//1133
f 599//599 1133//1133 1135//1135
f 595//595 596//596 599//599
f 882//882 879//879 1009//1009
f 998//998 1137//1137 1008//1008
f 1006//1006 1002//1002 1008//1008
f 1008//1008 1137//1137 1138//1138
f 1138//1138 1139//1139 1008//1008
f 1140//1140 1141//1141 1142//1142
f 1141//1141 1140//1140 1143//1143
f 1137//1137 998//998 1142//1142
f 1142//1142 1144//1144 1137//1137
f 1144//1144 1142//1142 1141//1141
f 1145//1145 1146//1146 1139//1139
f 1149//1149 1150//1150 1147//1147
f 1145//1145 1151//1151 1152//1152
f 1152//1152 1151//1151 1148//1148
f 1152//1152 1148//1148 1147//1147
f 1145//1145 1152//1152 1146//1146
f 1153//1153 1147//1147 1150//1150
f 1147//1147 1154//1154 1152//1152
f 1154//1154 1147//1147 1153//1153
f 1155//1155 1004//1004 1005//1005
f 1009//1009 879//879 1004//1004
f 1155//1155 1156//1156 1004//1004
f 1156//1156 1155//1155 1157//1157
f 1009//1009 1004//1004 1156//1156
f 1155//1155 1005//1005 1006//1006
f 1008//1008 1139//1139 1006//1006
f 1139//1139 1158//1158 1006//1006
f 1157//1157 1155//1155 1006//1006
f 1157//1157 1006//1006 1158//1158
f 1158//1158 1160//1160 1157//1157
f 1161//1161 1156//1156 1157//1157
f 1161//1161 1157//1157 1160//1160
f 1160//1160 1158//1158 1159//1159
f 1160//1160 1162//1162 1161//1161
f 1159//1159 1163//1163 1160//1160
f 1162//1162 1160//1160 1163//1163
f 1139//1139 1159//1159 1158//1158
f 1159//1159 1139//1139 1011//1011
f 1011//1011 1139//1139 1146//1146
f 1163//1163 1159//1159 1162//1162
f 1162//1162 1159//1159 1011//1011
f 1011//1011 1010//1010 1162//1162
f 1010//1010 1011//1011 1164//1164
f 1165//1165 1146//1146 1152//1152
f 1165//1165 1152//1152 1166//1166
f 1011//1011 1146//1146 1165//1165
f 1166//1166 1152//1152 1154//1154
f 1167//1167 1154//1154 1153//1153
f 1164//1164 1011//1011 1165//1165
f 1164//1164 1165//1165 1168//1168
f 1168//1168 1165//1165 1166//1166
f 1010//1010 1164//1164 1168//1168
f 1169//1169 1168//1168 1166//1166
f 1172//1172 1173//1173 1174//1174
f 1175//1175 1174//1174 1170//1170
f 1170//1170 1177//1177 1175//1175
f 1177//1177 1170//1170 1171//1171
f 1177//1177 1171//1171 1176//1176
f 1136//1136 1176//1176 1171//1171
f 1176//1176 1178//1178 1177//1177
f 1172//1172 1174//1174 1175//1175
f 1150//1150 1149//1149 1172//1172
f 1177//1177 1179//1179 1175//1175
f 1150//1150 1172//1172 1175//1175
f 1180//1180 1153//1153 1150//1150
f 1180//1180 1150//1150 1181//1181
f 1181//1181 1150//1150 1175//1175
f 1181//1181 1175//1175 1179//1179
f 1182//1182 1181//1181 1179//1179
f 1179//1179 1183//1183 1182//1182
f 1179//1179 1177//1177 1178//1178
f 1178//1178 1183//1183 1179//1179
f 1167//1167 1153//1153 1180//1180
f 1167//1167 1180//1180 1181//1181
f 1185//1185 1167//1167 1184//1184
f 1181//1181 1182//1182 1167//1167
f 1183//1183 1186//1186 1182//1182
f 1184//1184 1167//1167 1182//1182
f 1182//1182 1186//1186 1184//1184
f 1166//1166 1154//1154 1167//1167
f 1167//1167 1185//1185 1166//1166
f 1169//1169 1166//1166 1185//1185
f 1186//1186 1187//1187 1184//1184
f 1169//1169 1185//1185 1184//1184
f 1184//1184 1188//1188 1169//1169
f 1188//1188 1184//1184 1187//1187
f 1188//1188 1187//1187 1186//1186
f 1186//1186 1189//1189 1188//1188
f 1193//1193 1191//1191 1192//1192
f 1193//1193 1194//1194 1191//1191
f 1194//1194 1193//1193 1192//1192
f 1192//1192 7//7 1194//1194
f 1195//1195 1191//1191 1194//1194
f 1194//1194 1199//1199 1195//1195
f 1196//1196 1195//1195 1200//1200
f 1199//1199 1200//1200 1195//1195
f 7//7 1199//1199 1194//1194
f 7//7 1201//1201 1199//1199
f 1197//1197 1196//1196 1200//1200
f 1200//1200 1202//1202 1197//1197
f 1202//1202 1203//1203 1197//1197
f 1202//1202 1200//1200 1199//1199
f 1202//1202 1199//1199 1201//1201
f 1201//1201 1204//1204 1202//1202
f 1204//1204 1205//1205 1203//1203
f 1202//1202 1204//1204 1203//1203
f 1197//1197 1203//1203 1198//1198
f 7//7 1192//1192 1207//1207
f 1209//1209 7//7 1207//1207
f 1209//1209 1210//1210 7//7
f 1209//1209 1207//1207 6//6
f 6//6 1207//1207 1208//1208
f 1213//1213 1215//1215 1212//1212
f 1213//1213 39//39 1215//1215
f 1216//1216 1213//1213 1214//1214
f 39//39 1213//1213 1216//1216
f 1217//1217 7//7 1210//1210
f 7//7 1217//1217 1201//1201
f 1201//1201 1217//1217 1218//1218
f 1209//1209 6//6 1210//1210
f 6//6 35//35 1210//1210
f 1217//1217 1219//1219 1218//1218
f 1210//1210 1219//1219 1217//1217
f 1204//1204 1201//1201 1218//1218
f 1220//1220 1204//1204 1218//1218
f 1220//1220 1218//1218 1219//1219
f 1220//1220 1219//1219 1221//1221
f 1223//1223 1215//1215 36//36
f 1215//1215 38//38 36//36
f 38//38 1215//1215 39//39
f 39//39 1216//1216 41//41
f 1226//1226 1224//1224 1225//1225
f 1229//1229 1230//1230 1227//1227
f 1229//1229 1227//1227 1226//1226
f 1226//1226 1231//1231 1229//1229
f 1231//1231 1226//1226 1228//1228
f 26//26 1232//1232 1225//1225
f 30//30 1234//1234 31//31
f 30//30 1233//1233 1234//1234
f 1226//1226 1225//1225 1228//1228
f 1228//1228 1225//1225 1232//1232
f 1228//1228 1232//1232 1235//1235
f 1236//1236 1228//1228 1235//1235
f 1236//1236 1231//1231 1228//1228
f 1238//1238 62//62 1237//1237
f 1239//1239 1233//1233 1240//1240
f 1240//1240 1238//1238 1239//1239
f 641//641 1233//1233 30//30
f 1240//1240 1233//1233 641//641
f 641//641 30//30 639//639
f 1242//1242 1238//1238 1240//1240
f 62//62 1238//1238 1242//1242
f 1240//1240 641//641 52//52
f 67//67 1242//1242 1240//1240
f 52//52 67//67 1240//1240
f 1243//1243 1244//1244 1245//1245
f 1245//1245 1246//1246 1243//1243
f 1230//1230 1229//1229 1231//1231
f 56//56 1230//1230 1231//1231
f 61//61 1231//1231 1236//1236
f 1236//1236 1237//1237 61//61
f 1237//1237 62//62 61//61
f 67//67 62//62 1242//1242
f 63//63 62//62 67//67
f 1214//1214 85//85 1216//1216
f 85//85 1214//1214 83//83
f 41//41 1216//1216 85//85
f 85//85 86//86 41//41
f 639//639 1247//1247 694//694
f 694//694 641//641 639//639
f 121//121 641//641 694//694
f 6//6 1208//1208 35//35
f 1//1 35//35 1208//1208
f 1//1 1208//1208 1211//1211
f 33//33 1//1 1211//1211
f 1249//1249 1211//1211 1248//1248
f 34//34 1211//1211 1249//1249
f 33//33 1211//1211 2//2
f 2//2 1211//1211 34//34
f 34//34 1249//1249 1212//1212
f 1212//1212 1215//1215 34//34
f 34//34 1223//1223 2//2
f 1223//1223 34//34 1215//1215
f 35//35 1190//1190 1210//1210
f 1219//1219 1210//1210 1190//1190
f 1190//1190 35//35 3//3
f 3//3 35//35 1//1
f 1253//1253 1251//1251 1252//1252
f 4//4 2//2 1223//1223
f 1223//1223 36//36 4//4
f 1225//1225 1224//1224 27//27
f 1225//1225 27//27 26//26
f 26//26 22//22 25//25
f 1232//1232 26//26 25//25
f 25//25 13//13 1255//1255
f 1255//1255 13//13 17//17
f 17//17 18//18 1234//1234
f 1255//1255 17//17 1239//1239
f 1239//1239 17//17 1234//1234
f 1239//1239 1234//1234 1233//1233
f 25//25 1241//1241 1232//1232
f 1241//1241 25//25 1255//1255
f 1235//1235 1232//1232 1241//1241
f 1236//1236 1235//1235 1241//1241
f 1237//1237 1236//1236 1241//1241
f 1237//1237 1241//1241 1238//1238
f 1239//1239 1238//1238 1255//1255
f 1241//1241 1255//1255 1238//1238
f 1256//1256 1257//1257 1258//1258
f 1231//1231 53//53 56//56
f 53//53 1231//1231 64//64
f 64//64 1231//1231 61//61
f 1259//1259 1198//1198 1203//1203
f 1204//1204 1222//1222 1206//1206
f 1259//1259 1203//1203 1205//1205
f 1260//1260 1259//1259 1205//1205
f 1205//1205 1261//1261 1260//1260
f 1204//1204 1206//1206 1205//1205
f 1261//1261 1205//1205 1206//1206
f 1206//1206 1262//1262 1261//1261
f 1262//1262 1206//1206 1222//1222
f 1263//1263 1220//1220 1221//1221
f 1221//1221 1219//1219 1190//1190
f 1263//1263 1204//1204 1220//1220
f 1204//1204 1263//1263 1222//1222
f 1222//1222 1263//1263 1264//1264
f 1264//1264 1263//1263 1250//1250
f 1250//1250 1263//1263 1221//1221
f 1221//1221 1254//1254 1250//1250
f 1264//1264 1250//1250 1251//1251
f 1265//1265 1266//1266 1250//1250
f 1250//1250 1266//1266 1251//1251
f 1267//1267 1222//1222 1264//1264
f 1262//1262 1222//1222 1267//1267
f 1267//1267 1268//1268 1262//1262
f 1268//1268 1267//1267 1257//1257
f 1251//1251 1253//1253 1264//1264
f 1267//1267 1264//1264 1253//1253
f 1253//1253 1257//1257 1267//1267
f 1269//1269 1257//1257 1270//1270
f 1265//1265 1271//1271 1266//1266
f 15//15 18//18 17//17
f 1272//1272 1259//1259 1260//1260
f 1274//1274 1272//1272 1260//1260
f 1262//1262 1276//1276 1261//1261
f 1275//1275 1261//1261 1276//1276
f 1260//1260 1261//1261 1275//1275
f 1273//1273 1272//1272 1274//1274
f 1260//1260 1277//1277 1274//1274
f 1274//1274 1278//1278 1273//1273
f 1278//1278 1274//1274 1277//1277
f 1277//1277 1260//1260 1275//1275
f 1279//1279 1275//1275 1276//1276
f 1279//1279 1277//1277 1275//1275
f 1277//1277 1279//1279 1278//1278
f 1279//1279 1281//1281 1278//1278
f 1280//1280 1273//1273 1278//1278
f 1282//1282 1278//1278 1281//1281
f 1281//1281 1279//1279 1283//1283
f 1282//1282 1281//1281 1284//1284
f 1284//1284 1285//1285 1282//1282
f 1284//1284 1281//1281 1283//1283
f 1283//1283 1285//1285 1284//1284
f 1278//1278 1286//1286 1280//1280
f 1286//1286 1278//1278 1282//1282
f 1282//1282 1287//1287 1286//1286
f 1282//1282 1288//1288 1287//1287
f 1289//1289 1282//1282 1285//1285
f 1285//1285 1290//1290 1289//1289
f 1291//1291 1289//1289 1290//1290
f 1262//1262 1268//1268 1276//1276
f 1256//1256 1244//1244 1268//1268
f 1256//1256 1268//1268 1257//1257
f 1256//1256 1294//1294 1244//1244
f 1295//1295 1244//1244 1294//1294
f 1295//1295 1294//1294 1296//1296
f 1268//1268 1293//1293 1276//1276
f 1293//1293 1268//1268 1244//1244
f 1244//1244 1243//1243 1293//1293
f 1279//1279 1276//1276 1293//1293
f 1283//1283 1279//1279 1293//1293
f 1293//1293 1297//1297 1283//1283
f 1283//1283 1297//1297 1298//1298
f 1298//1298 1297//1297 1299//1299
f 1299//1299 1297//1297 1300//1300
f 1283//1283 1301//1301 1285//1285
f 1301//1301 1283//1283 1298//1298
f 1303//1303 198//198 1304//1304
f 1303//1303 1304//1304 1305//1305
f 1302//1302 198//198 1303//1303
f 1302//1302 1303//1303 1306//1306
f 1308//1308 1302//1302 1307//1307
f 1307//1307 1302//1302 1306//1306
f 1308//1308 1307//1307 1309//1309
f 652//652 201//201 653//653
f 1312//1312 658//658 657//657
f 1310//1310 658//658 1312//1312
f 1313//1313 658//658 1310//1310
f 1314//1314 1315//1315 1310//1310
f 1313//1313 659//659 658//658
f 1313//1313 1310//1310 1315//1315
f 1315//1315 1316//1316 1313//1313
f 659//659 1313//1313 1316//1316
f 1318//1318 670//670 1317//1317
f 1319//1319 1320//1320 1318//1318
f 670//670 1318//1318 1320//1320
f 1321//1321 1302//1302 1308//1308
f 1325//1325 1322//1322 1321//1321
f 1326//1326 1322//1322 1325//1325
f 1325//1325 1327//1327 1326//1326
f 1325//1325 1321//1321 1324//1324
f 649//649 203//203 1328//1328
f 1327//1327 1325//1325 1328//1328
f 1328//1328 1329//1329 1327//1327
f 1329//1329 1328//1328 203//203
f 203//203 204//204 1329//1329
f 60//60 59//59 1331//1331
f 1331//1331 59//59 58//58
f 1331//1331 58//58 1330//1330
f 1330//1330 1332//1332 1331//1331
f 1333//1333 1326//1326 1327//1327
f 1334//1334 1326//1326 1333//1333
f 1327//1327 1335//1335 1333//1333
f 208//208 204//204 206//206
f 1336//1336 1327//1327 1329//1329
f 1336//1336 1329//1329 204//204
f 1335//1335 1327//1327 1336//1336
f 1336//1336 204//204 208//208
f 209//209 1336//1336 208//208
f 674//674 1333//1333 1335//1335
f 1335//1335 1336//1336 1337//1337
f 1337//1337 1336//1336 1338//1338
f 1338//1338 1336//1336 209//209
f 209//209 1339//1339 1338//1338
f 1339//1339 209//209 221//221
f 1337//1337 1340//1340 1335//1335
f 73//73 54//54 65//65
f 54//54 1341//1341 58//58
f 1341//1341 54//54 73//73
f 1330//1330 58//58 1341//1341
f 1342//1342 1341//1341 73//73
f 1341//1341 1343//1343 1330//1330
f 1343//1343 1341//1341 1342//1342
f 1332//1332 1330//1330 1343//1343
f 1343//1343 1342//1342 1344//1344
f 73//73 74//74 1342//1342
f 79//79 1342//1342 74//74
f 1345//1345 1331//1331 1332//1332
f 1345//1345 1332//1332 1346//1346
f 1346//1346 1332//1332 1347//1347
f 1348//1348 1347//1347 1349//1349
f 1350//1350 1348//1348 1349//1349
f 660//660 659//659 1316//1316
f 1316//1316 661//661 660//660
f 661//661 1316//1316 667//667
f 667//667 1316//1316 1317//1317
f 667//667 1317//1317 670//670
f 1351//1351 1350//1350 1349//1349
f 1349//1349 1352//1352 1351//1351
f 1347//1347 1332//1332 1343//1343
f 1347//1347 1343//1343 1344//1344
f 1344//1344 1353//1353 1347//1347
f 1344//1344 1342//1342 79//79
f 80//80 1344//1344 79//79
f 1349//1349 1347//1347 1353//1353
f 1354//1354 1349//1349 1353//1353
f 1344//1344 80//80 1353//1353
f 1355//1355 80//80 1356//1356
f 1352//1352 1349//1349 1354//1354
f 1354//1354 1357//1357 1352//1352
f 1354//1354 1353//1353 80//80
f 80//80 1355//1355 1354//1354
f 690//690 1360//1360 687//687
f 692//692 1360//1360 690//690
f 1340//1340 674//674 1335//1335
f 1340//1340 1361//1361 674//674
f 1361//1361 676//676 674//674
f 1338//1338 1340//1340 1337//1337
f 1339//1339 1362//1362 1338//1338
f 1364//1364 1340//1340 1338//1338
f 1340//1340 1364//1364 1361//1361
f 1364//1364 1338//1338 1362//1362
f 1365//1365 1364//1364 1362//1362
f 1365//1365 1362//1362 1366//1366
f 1366//1366 1362//1362 1363//1363
f 678//678 676//676 679//679
f 679//679 676//676 1361//1361
f 1361//1361 1367//1367 679//679
f 1367//1367 1361//1361 1364//1364
f 1367//1367 1364//1364 1368//1368
f 1368//1368 1364//1364 1365//1365
f 1369//1369 1365//1365 1366//1366
f 1370//1370 1367//1367 1368//1368
f 1368//1368 1365//1365 1369//1369
f 681//681 678//678 679//679
f 683//683 681//681 679//679
f 1371//1371 679//679 1367//1367
f 1371//1371 1367//1367 1370//1370
f 1370//1370 1368//1368 1369//1369
f 1372//1372 1370//1370 1369//1369
f 1371//1371 683//683 679//679
f 683//683 1371//1371 1372//1372
f 1372//1372 1371//1371 1370//1370
f 245//245 1372//1372 1369//1369
f 246//246 1372//1372 245//245
f 1374//1374 1373//1373 682//682
f 683//683 260//260 684//684
f 1375//1375 683//683 1372//1372
f 246//246 249//249 1372//1372
f 683//683 262//262 260//260
f 262//262 683//683 1375//1375
f 1375//1375 1372//1372 249//249
f 249//249 250//250 1375//1375
f 1362//1362 1339//1339 1363//1363
f 1363//1363 1339//1339 221//221
f 1363//1363 221//221 222//222
f 230//230 1363//1363 222//222
f 1366//1366 1363//1363 230//230
f 1366//1366 230//230 231//231
f 1369//1369 1366//1366 234//234
f 234//234 1366//1366 231//231
f 234//234 235//235 1369//1369
f 1369//1369 235//235 245//245
f 1358//1358 1374//1374 685//685
f 259//259 684//684 260//260
f 686//686 1358//1358 685//685
f 261//261 260//260 268//268
f 268//268 260//260 263//263
f 263//263 260//260 262//262
f 264//264 259//259 261//261
f 265//265 261//261 266//266
f 266//266 261//261 268//268
f 690//690 687//687 688//688
f 692//692 690//690 689//689
f 689//689 691//691 692//692
f 280//280 1375//1375 250//250
f 262//262 1375//1375 280//280
f 1320//1320 1319//1319 1376//1376
f 1320//1320 668//668 670//670
f 668//668 1320//1320 1377//1377
f 1378//1378 1379//1379 1377//1377
f 668//668 1377//1377 1379//1379
f 1380//1380 1360//1360 692//692
f 1381//1381 1380//1380 692//692
f 1382//1382 1380//1380 1381//1381
f 1381//1381 692//692 691//691
f 691//691 1019//1019 1381//1381
f 1382//1382 1381//1381 1019//1019
f 1384//1384 1385//1385 1383//1383
f 1386//1386 1383//1383 1385//1385
f 1390//1390 1388//1388 1391//1391
f 1392//1392 1393//1393 1394//1394
f 1395//1395 1396//1396 1397//1397
f 1398//1398 1397//1397 1399//1399
f 1400//1400 1401//1401 1402//1402
f 1403//1403 1398//1398 1399//1399
f 1406//1406 135//135 1405//1405
f 1407//1407 1405//1405 1408//1408
f 1406//1406 1405//1405 1407//1407
f 1412//1412 1413//1413 1411//1411
f 1410//1410 1411//1411 1413//1413
f 1408//1408 1409//1409 1410//1410
f 1407//1407 1408//1408 1414//1414
f 1408//1408 1410//1410 1413//1413
f 1413//1413 1415//1415 1408//1408
f 1408//1408 1415//1415 1414//1414
f 1416//1416 1384//1384 1417//1417
f 1385//1385 1419//1419 1420//1420
f 1421//1421 1420//1420 1419//1419
f 1422//1422 1421//1421 1423//1423
f 1423//1423 1421//1421 1419//1419
f 135//135 1406//1406 1416//1416
f 1418//1418 1406//1406 1424//1424
f 1424//1424 1425//1425 1418//1418
f 1424//1424 1406//1406 1407//1407
f 1418//1418 1387//1387 1384//1384
f 1387//1387 1418//1418 1389//1389
f 1385//1385 1384//1384 1387//1387
f 1389//1389 1418//1418 1425//1425
f 1419//1419 1385//1385 1387//1387
f 1391//1391 1389//1389 1425//1425
f 1388//1388 1389//1389 1391//1391
f 1426//1426 1425//1425 1424//1424
f 1391//1391 1425//1425 1426//1426
f 1424//1424 1407//1407 1414//1414
f 1414//1414 1428//1428 1424//1424
f 1429//1429 1414//1414 1415//1415
f 1424//1424 1428//1428 1426//1426
f 1428//1428 1427//1427 1426//1426
f 1427//1427 1391//1391 1426//1426
f 1428//1428 1414//1414 1429//1429
f 1427//1427 1428//1428 1429//1429
f 1429//1429 1431//1431 1427//1427
f 1431//1431 1429//1429 1430//1430
f 1391//1391 1432//1432 1390//1390
f 1432//1432 1391//1391 1433//1433
f 1433//1433 1391//1391 1427//1427
f 1432//1432 1393//1393 1434//1434
f 1432//1432 1433//1433 1393//1393
f 1433//1433 1394//1394 1393//1393
f 1433//1433 1397//1397 1394//1394
f 1396//1396 1394//1394 1397//1397
f 1427//1427 1435//1435 1433//1433
f 1397//1397 1433//1433 1435//1435
f 1435//1435 1427//1427 1431//1431
f 1436//1436 1435//1435 1431//1431
f 1437//1437 1435//1435 1436//1436
f 1435//1435 1437//1437 1397//1397
f 1397//1397 1437//1437 1399//1399
f 1398//1398 1395//1395 1397//1397
f 1437//1437 1436//1436 1438//1438
f 1438//1438 1439//1439 1437//1437
f 1437//1437 1440//1440 1399//1399
f 1440//1440 1437//1437 1441//1441
f 1441//1441 1437//1437 1439//1439
f 149//149 148//148 150//150
f 1444//1444 1445//1445 1446//1446
f 1446//1446 1447//1447 1444//1444
f 1412//1412 1448//1448 1413//1413
f 1444//1444 1449//1449 1412//1412
f 1449//1449 1444//1444 1447//1447
f 1448//1448 1412//1412 1449//1449
f 1450//1450 1413//1413 1448//1448
f 1415//1415 1413//1413 1450//1450
f 1451//1451 1450//1450 1448//1448
f 1451//1451 1448//1448 1452//1452
f 1447//1447 1453//1453 1449//1449
f 1448//1448 1449//1449 1453//1453
f 1452//1452 1448//1448 1453//1453
f 1430//1430 1415//1415 1450//1450
f 1429//1429 1415//1415 1430//1430
f 1430//1430 1450//1450 1454//1454
f 1454//1454 1450//1450 1451//1451
f 1452//1452 1455//1455 1451//1451
f 1455//1455 1456//1456 1451//1451
f 1454//1454 1431//1431 1430//1430
f 1456//1456 1457//1457 1454//1454
f 1451//1451 1456//1456 1454//1454
f 1457//1457 1456//1456 1458//1458
f 1456//1456 1459//1459 1458//1458
f 1460//1460 1452//1452 1453//1453
f 1455//1455 1452//1452 1460//1460
f 1455//1455 1460//1460 1456//1456
f 1459//1459 1456//1456 1460//1460
f 1436//1436 1431//1431 1454//1454
f 1454//1454 1457//1457 1436//1436
f 1436//1436 1457//1457 1438//1438
f 1459//1459 1461//1461 1458//1458
f 1458//1458 1462//1462 1457//1457
f 1462//1462 1458//1458 1463//1463
f 1463//1463 1458//1458 1461//1461
f 1464//1464 1438//1438 1457//1457
f 1439//1439 1438//1438 1464//1464
f 1464//1464 1457//1457 1462//1462
f 1465//1465 1462//1462 1463//1463
f 1464//1464 1462//1462 1465//1465
f 1461//1461 1459//1459 1460//1460
f 1460//1460 1466//1466 1461//1461
f 1463//1463 1461//1461 1466//1466
f 1465//1465 1463//1463 1136//1136
f 1136//1136 1463//1463 1466//1466
f 1140//1140 1142//1142 997//997
f 1143//1143 1140//1140 1398//1398
f 1143//1143 1398//1398 1467//1467
f 1467//1467 1468//1468 1143//1143
f 1143//1143 1151//1151 1141//1141
f 1151//1151 1143//1143 1468//1468
f 1399//1399 1440//1440 1403//1403
f 1398//1398 1403//1403 1469//1469
f 1469//1469 1403//1403 1440//1440
f 1441//1441 1470//1470 1440//1440
f 1467//1467 1398//1398 1469//1469
f 1469//1469 1148//1148 1467//1467
f 1440//1440 1173//1173 1469//1469
f 1173//1173 1440//1440 1470//1470
f 1469//1469 1173//1173 1149//1149
f 1145//1145 1141//1141 1151//1151
f 1138//1138 1137//1137 1144//1144
f 1141//1141 1138//1138 1144//1144
f 1141//1141 1139//1139 1138//1138
f 1141//1141 1145//1145 1139//1139
f 1467//1467 1148//1148 1468//1468
f 1151//1151 1468//1468 1148//1148
f 1147//1147 1148//1148 1149//1149
f 1469//1469 1149//1149 1148//1148
f 1441//1441 1439//1439 1471//1471
f 1471//1471 1439//1439 1464//1464
f 1470//1470 1441//1441 1471//1471
f 1471//1471 1464//1464 1465//1465
f 1465//1465 1136//1136 1171//1171
f 1471//1471 1465//1465 1171//1171
f 1170//1170 1471//1471 1171//1171
f 1174//1174 1470//1470 1170//1170
f 1170//1170 1470//1470 1471//1471
f 1173//1173 1470//1470 1174//1174
f 1173//1173 1172//1172 1149//1149
f 1474//1474 1472//1472 1473//1473
f 1475//1475 1476//1476 1477//1477
f 647//647 646//646 1478//1478
f 1479//1479 647//647 1478//1478
f 1480//1480 1481//1481 1482//1482
f 1483//1483 1484//1484 1485//1485
f 1484//1484 1486//1486 1487//1487
f 1486//1486 1489//1489 1488//1488
f 1490//1490 1489//1489 1486//1486
f 1443//1443 1412//1412 1411//1411
f 1405//1405 1491//1491 1408//1408
f 1408//1408 1491//1491 1409//1409
f 135//135 1404//1404 1405//1405
f 1409//1409 1492//1492 1410//1410
f 1410//1410 1492//1492 1411//1411
f 1489//1489 1490//1490 1493//1493
f 1493//1493 1490//1490 1494//1494
f 1418//1418 1416//1416 1406//1406
f 182//182 1495//1495 183//183
f 1496//1496 1497//1497 1498//1498
f 1499//1499 1412//1412 1443//1443
f 1412//1412 1499//1499 1444//1444
f 806//806 1478//1478 1480//1480
f 1502//1502 1500//1500 49//49
f 49//49 1503//1503 1502//1502
f 1504//1504 1503//1503 1505//1505
f 1504//1504 1473//1473 1506//1506
f 1473//1473 1504//1504 1505//1505
f 1505//1505 1507//1507 1473//1473
f 1476//1476 1475//1475 1508//1508
f 1509//1509 1477//1477 1510//1510
f 1509//1509 1510//1510 1511//1511
f 1512//1512 1513//1513 1514//1514
f 1515//1515 1514//1514 1513//1513
f 1513//1513 1512//1512 1516//1516
f 1516//1516 1512//1512 1511//1511
f 1516//1516 1511//1511 1510//1510
f 1517//1517 1518//1518 1519//1519
f 1520//1520 1521//1521 646//646
f 646//646 1521//1521 1519//1519
f 646//646 1519//1519 1518//1518
f 646//646 1518//1518 1522//1522
f 646//646 1522//1522 1523//1523
f 1478//1478 646//646 1523//1523
f 1482//1482 1524//1524 1525//1525
f 1482//1482 1525//1525 1526//1526
f 1480//1480 1482//1482 1526//1526
f 1480//1480 1526//1526 1527//1527
f 1527//1527 1528//1528 1480//1480
f 1478//1478 1523//1523 1480//1480
f 806//806 1480//1480 1528//1528
f 806//806 1528//1528 709//709
f 709//709 1528//1528 708//708
f 1529//1529 1446//1446 1445//1445
f 1404//1404 133//133 1530//1530
f 1477//1477 1531//1531 1510//1510
f 1483//1483 1531//1531 1532//1532
f 1532//1532 1484//1484 1483//1483
f 1533//1533 1484//1484 1487//1487
f 132//132 1490//1490 1486//1486
f 132//132 131//131 133//133
f 134//134 133//133 1404//1404
f 135//135 134//134 1404//1404
f 1535//1535 1530//1530 1534//1534
f 1536//1536 1534//1534 1537//1537
f 1539//1539 1536//1536 1538//1538
f 1535//1535 1534//1534 1536//1536
f 1536//1536 1491//1491 1535//1535
f 1536//1536 1539//1539 1491//1491
f 1541//1541 1542//1542 1540//1540
f 1538//1538 1540//1540 1492//1492
f 1539//1539 1538//1538 1492//1492
f 1411//1411 1492//1492 1540//1540
f 1443//1443 1540//1540 1542//1542
f 1411//1411 1540//1540 1443//1443
f 1530//1530 1535//1535 1404//1404
f 1404//1404 1535//1535 1491//1491
f 1405//1405 1404//1404 1491//1491
f 1491//1491 1539//1539 1409//1409
f 1409//1409 1539//1539 1492//1492
f 719//719 718//718 1544//1544
f 1544//1544 1545//1545 719//719
f 184//184 185//185 1546//1546
f 184//184 1546//1546 186//186
f 186//186 1546//1546 187//187
f 1547//1547 1548//1548 1549//1549
f 1542//1542 1541//1541 1550//1550
f 1550//1550 1445//1445 1542//1542
f 1499//1499 1542//1542 1445//1445
f 1443//1443 1542//1542 1499//1499
f 1444//1444 1499//1499 1445//1445
f 773//773 799//799 1554//1554
f 1555//1555 1556//1556 1557//1557
f 1557//1557 1558//1558 1555//1555
f 764//764 1552//1552 1559//1559
f 1553//1553 764//764 1559//1559
f 1560//1560 1553//1553 1559//1559
f 848//848 846//846 845//845
f 314//314 842//842 313//313
f 994//994 1545//1545 1561//1561
f 998//998 997//997 1142//1142
f 21//21 20//20 37//37
f 20//20 1563//1563 1562//1562
f 1564//1564 1562//1562 1563//1563
f 1563//1563 20//20 21//21
f 21//21 46//46 1563//1563
f 1563//1563 46//46 1565//1565
f 1566//1566 1565//1565 46//46
f 46//46 1501//1501 1566//1566
f 1501//1501 46//46 47//47
f 1501//1501 47//47 50//50
f 50//50 47//47 43//43
f 1500//1500 1501//1501 49//49
f 49//49 1501//1501 50//50
f 49//49 1505//1505 1503//1503
f 1505//1505 49//49 51//51
f 1474//1474 1473//1473 1567//1567
f 1567//1567 1473//1473 1507//1507
f 1507//1507 1508//1508 1567//1567
f 1568//1568 1474//1474 1567//1567
f 1569//1569 1567//1567 1508//1508
f 643//643 642//642 1570//1570
f 1572//1572 1571//1571 1352//1352
f 1352//1352 1357//1357 1572//1572
f 1573//1573 82//82 77//77
f 1356//1356 80//80 1574//1574
f 1574//1574 80//80 82//82
f 1574//1574 82//82 1573//1573
f 1573//1573 77//77 81//81
f 1357//1357 1354//1354 1577//1577
f 1577//1577 1354//1354 1355//1355
f 1356//1356 1578//1578 1355//1355
f 1580//1580 1357//1357 1577//1577
f 1580//1580 1577//1577 1579//1579
f 1579//1579 1577//1577 1355//1355
f 1579//1579 1355//1355 1581//1581
f 1356//1356 1574//1574 1575//1575
f 1575//1575 1574//1574 1573//1573
f 1578//1578 1356//1356 1575//1575
f 1573//1573 1576//1576 1575//1575
f 1575//1575 1576//1576 740//740
f 1575//1575 740//740 1578//1578
f 1581//1581 1355//1355 1578//1578
f 1581//1581 1578//1578 740//740
f 740//740 1576//1576 736//736
f 743//743 1582//1582 740//740
f 51//51 48//48 108//108
f 1505//1505 51//51 108//108
f 109//109 102//102 110//110
f 110//110 1583//1583 109//109
f 1585//1585 108//108 109//109
f 1585//1585 109//109 1584//1584
f 1584//1584 109//109 1583//1583
f 110//110 106//106 105//105
f 110//110 105//105 1586//1586
f 1586//1586 105//105 107//107
f 1586//1586 107//107 1587//1587
f 110//110 1588//1588 1583//1583
f 1584//1584 1583//1583 1588//1588
f 1584//1584 1588//1588 1589//1589
f 1588//1588 110//110 1586//1586
f 1590//1590 1588//1588 1586//1586
f 1589//1589 1588//1588 1590//1590
f 1587//1587 107//107 114//114
f 1593//1593 114//114 115//115
f 115//115 119//119 1593//1593
f 1587//1587 1590//1590 1586//1586
f 1587//1587 1593//1593 1590//1590
f 114//114 1593//1593 1587//1587
f 1591//1591 1590//1590 1593//1593
f 1595//1595 1593//1593 119//119
f 119//119 1594//1594 1595//1595
f 117//117 120//120 119//119
f 1596//1596 120//120 1592//1592
f 1597//1597 1596//1596 1592//1592
f 1594//1594 119//119 120//120
f 1594//1594 120//120 1596//1596
f 1598//1598 1594//1594 1596//1596
f 1596//1596 1599//1599 1598//1598
f 1597//1597 1599//1599 1596//1596
f 1600//1600 1597//1597 1592//1592
f 1600//1600 1603//1603 1597//1597
f 1603//1603 1600//1600 1601//1601
f 1602//1602 1529//1529 1601//1601
f 1604//1604 1603//1603 1601//1601
f 1601//1601 1529//1529 1604//1604
f 1603//1603 1541//1541 1597//1597
f 1603//1603 1550//1550 1541//1541
f 1604//1604 1550//1550 1603//1603
f 1604//1604 1529//1529 1605//1605
f 1550//1550 1604//1604 1605//1605
f 1445//1445 1550//1550 1605//1605
f 1445//1445 1605//1605 1529//1529
f 1585//1585 1505//1505 108//108
f 1505//1505 1585//1585 1507//1507
f 130//130 1507//1507 1585//1585
f 1508//1508 1507//1507 130//130
f 130//130 1585//1585 1606//1606
f 1606//1606 131//131 130//130
f 1606//1606 1585//1585 1607//1607
f 1607//1607 1585//1585 1584//1584
f 1607//1607 1584//1584 1589//1589
f 1590//1590 1591//1591 1589//1589
f 1608//1608 1607//1607 1589//1589
f 1589//1589 1609//1609 1608//1608
f 1609//1609 1589//1589 1591//1591
f 1606//1606 1607//1607 131//131
f 131//131 1607//1607 1608//1608
f 1608//1608 133//133 131//131
f 133//133 1608//1608 1609//1609
f 1609//1609 1530//1530 133//133
f 1477//1477 1476//1476 1531//1531
f 1531//1531 1476//1476 1610//1610
f 1610//1610 1532//1532 1531//1531
f 130//130 129//129 1610//1610
f 1532//1532 1610//1610 129//129
f 1532//1532 1486//1486 1484//1484
f 1486//1486 1532//1532 129//129
f 1486//1486 129//129 132//132
f 132//132 134//134 1490//1490
f 1494//1494 1490//1490 134//134
f 1494//1494 134//134 136//136
f 1534//1534 1591//1591 1593//1593
f 1534//1534 1593//1593 1537//1537
f 1609//1609 1591//1591 1534//1534
f 1537//1537 1593//1593 1595//1595
f 1594//1594 1598//1598 1595//1595
f 1595//1595 1536//1536 1537//1537
f 1536//1536 1595//1595 1598//1598
f 1598//1598 1538//1538 1536//1536
f 1530//1530 1609//1609 1534//1534
f 1538//1538 1598//1598 1599//1599
f 1599//1599 1540//1540 1538//1538
f 1599//1599 1541//1541 1540//1540
f 135//135 1416//1416 136//136
f 1544//1544 1543//1543 1611//1611
f 1612//1612 1561//1561 1611//1611
f 1545//1545 1544//1544 1611//1611
f 1611//1611 1561//1561 1545//1545
f 1561//1561 1612//1612 1613//1613
f 1615//1615 1396//1396 1614//1614
f 1614//1614 1396//1396 1395//1395
f 170//170 171//171 172//172
f 170//170 172//172 173//173
f 173//173 172//172 178//178
f 173//173 178//178 1442//1442
f 180//180 181//181 1495//1495
f 1617//1617 1618//1618 1619//1619
f 1620//1620 1621//1621 1622//1622
f 1623//1623 1621//1621 1620//1620
f 81//81 78//78 164//164
f 721//721 164//164 165//165
f 165//165 723//723 721//721
f 81//81 164//164 721//721
f 721//721 723//723 725//725
f 720//720 1573//1573 81//81
f 1576//1576 1573//1573 720//720
f 721//721 725//725 731//731
f 736//736 1576//1576 720//720
f 722//722 175//175 1616//1616
f 1616//1616 1624//1624 722//722
f 758//758 1616//1616 1625//1625
f 1626//1626 1627//1627 1625//1625
f 1624//1624 758//758 722//722
f 759//759 729//729 758//758
f 1628//1628 759//759 758//758
f 1624//1624 1616//1616 758//758
f 758//758 1625//1625 1627//1627
f 758//758 1548//1548 1628//1628
f 1548//1548 758//758 1629//1629
f 1629//1629 758//758 1627//1627
f 1629//1629 1627//1627 1630//1630
f 1632//1632 1626//1626 1633//1633
f 1635//1635 1620//1620 1636//1636
f 1637//1637 1636//1636 1620//1620
f 1636//1636 1637//1637 1497//1497
f 1498//1498 1497//1497 1637//1637
f 1634//1634 1636//1636 1497//1497
f 1632//1632 1633//1633 1638//1638
f 1638//1638 1633//1633 1634//1634
f 1639//1639 1640//1640 1627//1627
f 1639//1639 1627//1627 1632//1632
f 1639//1639 1632//1632 1638//1638
f 1639//1639 1638//1638 1642//1642
f 1632//1632 1627//1627 1626//1626
f 1640//1640 1630//1630 1627//1627
f 1631//1631 1630//1630 1640//1640
f 1643//1643 1634//1634 1497//1497
f 1644//1644 1638//1638 1634//1634
f 1642//1642 1638//1638 1401//1401
f 1401//1401 1638//1638 1644//1644
f 1644//1644 1634//1634 1643//1643
f 1644//1644 1645//1645 1401//1401
f 1645//1645 1644//1644 1646//1646
f 1647//1647 760//760 1628//1628
f 760//760 759//759 1628//1628
f 1629//1629 1549//1549 1548//1548
f 1549//1549 1629//1629 1630//1630
f 1630//1630 1648//1648 1549//1549
f 1648//1648 1630//1630 1631//1631
f 1648//1648 1649//1649 1549//1549
f 1650//1650 1651//1651 1649//1649
f 1649//1649 1648//1648 1650//1650
f 1652//1652 1640//1640 1639//1639
f 1639//1639 1653//1653 1652//1652
f 1642//1642 1653//1653 1639//1639
f 1655//1655 1652//1652 1653//1653
f 1656//1656 1655//1655 1653//1653
f 1642//1642 1401//1401 1400//1400
f 1642//1642 1400//1400 1654//1654
f 1654//1654 1653//1653 1642//1642
f 1599//1599 1597//1597 1541//1541
f 1643//1643 1497//1497 1657//1657
f 1658//1658 1659//1659 1660//1660
f 1660//1660 1659//1659 1661//1661
f 1658//1658 1643//1643 1657//1657
f 1658//1658 1662//1662 1643//1643
f 1660//1660 1662//1662 1658//1658
f 1663//1663 1644//1644 1643//1643
f 1643//1643 1662//1662 1663//1663
f 1646//1646 1644//1644 1663//1663
f 1664//1664 1661//1661 1665//1665
f 1664//1664 1662//1662 1660//1660
f 1666//1666 1663//1663 1662//1662
f 1666//1666 1662//1662 1664//1664
f 1660//1660 1661//1661 1664//1664
f 1668//1668 1646//1646 1663//1663
f 1663//1663 1669//1669 1668//1668
f 1670//1670 1669//1669 1663//1663
f 1666//1666 1667//1667 1670//1670
f 1670//1670 1663//1663 1666//1666
f 1671//1671 784//784 1672//1672
f 782//782 784//784 1551//1551
f 1671//1671 1551//1551 784//784
f 785//785 790//790 1672//1672
f 785//785 1672//1672 784//784
f 787//787 1673//1673 786//786
f 1559//1559 1674//1674 1675//1675
f 1557//1557 1570//1570 642//642
f 1676//1676 1570//1570 1557//1557
f 642//642 1558//1558 1557//1557
f 1677//1677 1559//1559 1675//1675
f 1677//1677 1675//1675 1555//1555
f 1677//1677 1555//1555 1558//1558
f 1560//1560 1559//1559 817//817
f 817//817 1559//1559 1677//1677
f 817//817 1677//1677 1558//1558
f 642//642 800//800 1558//1558
f 817//817 1558//1558 800//800
f 817//817 800//800 801//801
f 1478//1478 803//803 804//804
f 803//803 1478//1478 806//806
f 807//807 806//806 709//709
f 1673//1673 787//787 1560//1560
f 1673//1673 1560//1560 817//817
f 817//817 815//815 1673//1673
f 786//786 1673//1673 815//815
f 1357//1357 1678//1678 1572//1572
f 1357//1357 1680//1680 1679//1679
f 1678//1678 1357//1357 1679//1679
f 1680//1680 1357//1357 1580//1580
f 1681//1681 1679//1679 1680//1680
f 1682//1682 1680//1680 1580//1580
f 1683//1683 1681//1681 1680//1680
f 1683//1683 1680//1680 1682//1682
f 1684//1684 1579//1579 1581//1581
f 1684//1684 1581//1581 1685//1685
f 1686//1686 1580//1580 1579//1579
f 1684//1684 1686//1686 1579//1579
f 1682//1682 1580//1580 1686//1686
f 1686//1686 1687//1687 1682//1682
f 1687//1687 1686//1686 1684//1684
f 1688//1688 1678//1678 1679//1679
f 1689//1689 1688//1688 1681//1681
f 1681//1681 1688//1688 1679//1679
f 1690//1690 1688//1688 1689//1689
f 1689//1689 1681//1681 1683//1683
f 1684//1684 1685//1685 1691//1691
f 1693//1693 1691//1691 1685//1685
f 1693//1693 1685//1685 1692//1692
f 1692//1692 1694//1694 1693//1693
f 1687//1687 1684//1684 1691//1691
f 1581//1581 740//740 1582//1582
f 1695//1695 1581//1581 1582//1582
f 1582//1582 1696//1696 1695//1695
f 1697//1697 1698//1698 1699//1699
f 1700//1700 1581//1581 1695//1695
f 1685//1685 1581//1581 1700//1700
f 1698//1698 1697//1697 1701//1701
f 1701//1701 1700//1700 1695//1695
f 1701//1701 1695//1695 1696//1696
f 1697//1697 1700//1700 1701//1701
f 1696//1696 1582//1582 1702//1702
f 1702//1702 1582//1582 743//743
f 913//913 1702//1702 743//743
f 913//913 743//743 912//912
f 1703//1703 1704//1704 1694//1694
f 1692//1692 1685//1685 1700//1700
f 1700//1700 1703//1703 1692//1692
f 1700//1700 1697//1697 1703//1703
f 1694//1694 1692//1692 1703//1703
f 913//913 912//912 916//916
f 995//995 994//994 1561//1561
f 995//995 1561//1561 1614//1614
f 1614//1614 1140//1140 995//995
f 997//997 995//995 1140//1140
f 1614//1614 1398//1398 1140//1140
f 1395//1395 1398//1398 1614//1614
f 1648//1648 1631//1631 1705//1705
f 1706//1706 1648//1648 1705//1705
f 1648//1648 1706//1706 1707//1707
f 1689//1689 1683//1683 1708//1708
f 1710//1710 195//195 1028//1028
f 1712//1712 8//8 1713//1713
f 1716//1716 1715//1715 20//20
f 1562//1562 1716//1716 20//20
f 1476//1476 1508//1508 130//130
f 130//130 1610//1610 1476//1476
f 1711//1711 5//5 4//4
f 1712//1712 1711//1711 4//4
f 1712//1712 4//4 8//8
f 8//8 20//20 1714//1714
f 1715//1715 1714//1714 20//20
f 694//694 1718//1718 693//693
f 15//15 16//16 1719//1719
f 15//15 1719//1719 18//18
f 1234//1234 1720//1720 31//31
f 1721//1721 1280//1280 1286//1286
f 1286//1286 1722//1722 1721//1721
f 1287//1287 1722//1722 1286//1286
f 1288//1288 1282//1282 1289//1289
f 1289//1289 1723//1723 1288//1288
f 1289//1289 1291//1291 1723//1723
f 1724//1724 1291//1291 1290//1290
f 1724//1724 1290//1290 1292//1292
f 1288//1288 1723//1723 1725//1725
f 1726//1726 1291//1291 1724//1724
f 1727//1727 1724//1724 1292//1292
f 1287//1287 1728//1728 1722//1722
f 1731//1731 1729//1729 1730//1730
f 1732//1732 1729//1729 1731//1731
f 1729//1729 1732//1732 1733//1733
f 1734//1734 1733//1733 1732//1732
f 1732//1732 1735//1735 1734//1734
f 1736//1736 1733//1733 1734//1734
f 1735//1735 1737//1737 1734//1734
f 1739//1739 1734//1734 1737//1737
f 1738//1738 1739//1739 1737//1737
f 1739//1739 1740//1740 1741//1741
f 1740//1740 1739//1739 1738//1738
f 1258//1258 1257//1257 1269//1269
f 1243//1243 1742//1742 1293//1293
f 1297//1297 1293//1293 1742//1742
f 1298//1298 197//197 1301//1301
f 1301//1301 1743//1743 1285//1285
f 1301//1301 197//197 1743//1743
f 1290//1290 1285//1285 1743//1743
f 1292//1292 1290//1290 1743//1743
f 1292//1292 1743//1743 1744//1744
f 1744//1744 1743//1743 197//197
f 197//197 1745//1745 1744//1744
f 1745//1745 197//197 1302//1302
f 1302//1302 197//197 198//198
f 1727//1727 1292//1292 1746//1746
f 1746//1746 1292//1292 1744//1744
f 1746//1746 1744//1744 1745//1745
f 1747//1747 1727//1727 1746//1746
f 1730//1730 1727//1727 1747//1747
f 1302//1302 1321//1321 1745//1745
f 1322//1322 1746//1746 1745//1745
f 1322//1322 1745//1745 1321//1321
f 1746//1746 1323//1323 1747//1747
f 1323//1323 1746//1746 1322//1322
f 1749//1749 1323//1323 1322//1322
f 1308//1308 1324//1324 1321//1321
f 1750//1750 1748//1748 200//200
f 200//200 202//202 1750//1750
f 1324//1324 1308//1308 1751//1751
f 1752//1752 1751//1751 649//649
f 649//649 1751//1751 1750//1750
f 649//649 1750//1750 202//202
f 1752//1752 1324//1324 1751//1751
f 1753//1753 1749//1749 1754//1754
f 1754//1754 1749//1749 1322//1322
f 1326//1326 1754//1754 1322//1322
f 1325//1325 1324//1324 1752//1752
f 1328//1328 1325//1325 1752//1752
f 1328//1328 1752//1752 649//649
f 1755//1755 1753//1753 1756//1756
f 1756//1756 1753//1753 1754//1754
f 1756//1756 1754//1754 1326//1326
f 1334//1334 1755//1755 1756//1756
f 1334//1334 1756//1756 1326//1326
f 1737//1737 1735//1735 1755//1755
f 1757//1757 1737//1737 1755//1755
f 1757//1757 1755//1755 1758//1758
f 1758//1758 1755//1755 1334//1334
f 1738//1738 1737//1737 1757//1757
f 1334//1334 674//674 1758//1758
f 674//674 1334//1334 1333//1333
f 1760//1760 1759//1759 1738//1738
f 1738//1738 1761//1761 1760//1760
f 1759//1759 1740//1740 1738//1738
f 1762//1762 1761//1761 1373//1373
f 1762//1762 1760//1760 1761//1761
f 1763//1763 1359//1359 686//686
f 686//686 1359//1359 1358//1358
f 1761//1761 1738//1738 1757//1757
f 675//675 1757//1757 1758//1758
f 675//675 1758//1758 674//674
f 676//676 675//675 674//674
f 1757//1757 677//677 1761//1761
f 677//677 1757//1757 675//675
f 680//680 1761//1761 677//677
f 678//678 680//680 677//677
f 1373//1373 1761//1761 680//680
f 680//680 682//682 1373//1373
f 682//682 685//685 1374//1374
f 685//685 682//682 684//684
f 686//686 685//685 259//259
f 1765//1765 1764//1764 1382//1382
f 1382//1382 1766//1766 1765//1765
f 1767//1767 1765//1765 1766//1766
f 1766//1766 194//194 1767//1767
f 1710//1710 1767//1767 194//194
f 1768//1768 1710//1710 1028//1028
f 1028//1028 1030//1030 1768//1768
f 1038//1038 1768//1768 1030//1030
f 1709//1709 1768//1768 1038//1038
f 1044//1044 1709//1709 1038//1038
f 1769//1769 1382//1382 1019//1019
f 1769//1769 1019//1019 190//190
f 1766//1766 1382//1382 1769//1769
f 189//189 1769//1769 190//190
f 189//189 193//193 1769//1769
f 194//194 1766//1766 1769//1769
f 194//194 1769//1769 193//193
f 195//195 1710//1710 194//194
f 1030//1030 1036//1036 1038//1038
f 120//120 116//116 118//118
f 118//118 1592//1592 120//120
f 1770//1770 1600//1600 1592//1592
f 1601//1601 1771//1771 1772//1772
f 1772//1772 1602//1602 1601//1601
f 1770//1770 1601//1601 1600//1600
f 1771//1771 1601//1601 1770//1770
f 176//176 1616//1616 177//177
f 1616//1616 175//175 177//177
f 1774//1774 188//188 187//187
f 1616//1616 176//176 1625//1625
f 1625//1625 176//176 1773//1773
f 1617//1617 1775//1775 188//188
f 1773//1773 188//188 1775//1775
f 1775//1775 1622//1622 1621//1621
f 1626//1626 1625//1625 1773//1773
f 1633//1633 1773//1773 1775//1775
f 1626//1626 1773//1773 1633//1633
f 1633//1633 1775//1775 1635//1635
f 1633//1633 1635//1635 1634//1634
f 1634//1634 1635//1635 1636//1636
f 1773//1773 176//176 186//186
f 1773//1773 186//186 188//188
f 694//694 1247//1247 1717//1717
f 695//695 124//124 693//693
f 1776//1776 126//126 125//125
f 145//145 144//144 1777//1777
f 11//11 638//638 1778//1778
f 1780//1780 1781//1781 1779//1779
f 128//128 96//96 1779//1779
f 1781//1781 1782//1782 128//128
f 128//128 1782//1782 1772//1772
f 1781//1781 128//128 1779//1779
f 128//128 1770//1770 118//118
f 1592//1592 118//118 1770//1770
f 1771//1771 128//128 1772//1772
f 128//128 1771//1771 1770//1770
f 1635//1635 1623//1623 1620//1620
f 1645//1645 1646//1646 1668//1668
f 1783//1783 1494//1494 136//136
f 1784//1784 1783//1783 136//136
f 136//136 1416//1416 1784//1784
f 1384//1384 1416//1416 1418//1418
f 1785//1785 1390//1390 1786//1786
f 1785//1785 1787//1787 1390//1390
f 1390//1390 1432//1432 1786//1786
f 1786//1786 1789//1789 1788//1788
f 1789//1789 1786//1786 1432//1432
f 151//151 153//153 154//154
f 154//154 153//153 156//156
f 160//160 159//159 171//171
f 173//173 1442//1442 179//179
f 180//180 1495//1495 182//182
f 188//188 1774//1774 1617//1617
f 1617//1617 1774//1774 1618//1618
f 1790//1790 1619//1619 1618//1618
f 1622//1622 1775//1775 1790//1790
f 1790//1790 1775//1775 1619//1619
f 1547//1547 1549//1549 1649//1649
