# Created by Open3D 
# object name: cluster12
# number of vertices: 1653
# number of triangles: 3000
v -0.47196 2.3405 -1.0285
vn 0.0358363 0.0163519 0.999224
v -0.44926 2.3405 -1.0294
vn 0.0264167 -0.00264237 0.999648
v -0.47196 2.3632 -1.0283
vn 0.00528378 -0.0184974 0.999815
v -0.44926 2.3632 -1.0285
vn 0.0177311 -0.0306294 0.999374
v -0.47196 2.3859 -1.0276
vn -0.00648507 -0.0215579 0.999747
v -0.44926 2.4086 -1.027
vn -0.0207662 -0.0576838 0.998119
v -0.47196 2.4314 -1.0266
vn -0.0541602 -0.0423861 0.997632
v -0.44926 2.4314 -1.0249
vn -0.0994258 -0.109411 0.989011
v -0.47196 2.4541 -1.0253
vn -0.109968 -0.0604553 0.992095
v -0.44926 2.4541 -1.0222
vn -0.169491 -0.0970444 0.980742
v -0.47196 2.4768 -1.0241
vn -0.114986 -0.0187546 0.99319
v -0.44926 2.4768 -1.0209
vn -0.181907 0.0064986 0.983294
v -0.47196 2.4995 -1.0242
vn -0.0474638 0.0457106 0.997827
v -0.44926 2.4995 -1.0225
vn -0.125103 0.0755204 0.989265
v -0.47196 2.5222 -1.0249
vn -0.00293526 0.0293557 0.999565
v -0.44926 2.5222 -1.0261
vn 0.0361849 0.0866204 0.995584
v -0.47196 2.5449 -1.026
vn 0.0468791 0.0454201 0.997867
v -0.44926 2.5449 -1.0286
vn 0.113513 0.0698544 0.991078
v -0.47196 2.5676 -1.0267
vn 0.0498176 -0.036651 0.998086
v -0.47196 2.5903 -1.0228
vn 0.0362166 -0.234759 0.971379
v -0.47196 2.6095 -1.0167
vn 0.039343 -0.389421 0.920219
v -0.47196 2.671 -0.85773
vn 0.0706424 -0.997477 -0.00695603
v -0.47196 2.6705 -0.81232
vn 0.0658811 -0.997354 -0.0307485
v -0.47196 2.6695 -0.78962
vn 0.05713 -0.997893 -0.0307674
v -0.47196 2.6691 -0.76691
vn 0.0308136 -0.999523 0.00220147
v -0.47196 2.6691 -0.74421
vn -1.29459e-06 -0.999845 -0.0176126
v -0.47196 2.6674 -0.6988
vn -0.0293452 -0.999482 -0.0132075
v -0.47196 2.6684 -0.67609
vn -0.00660359 -0.999104 0.0418052
v -0.47196 2.67 -0.65339
vn 0.0088052 -0.999957 -0.00293636
v -0.47196 2.6685 -0.63068
vn -0.0452293 -0.994035 -0.0992455
v -0.47196 2.6652 -0.60798
vn -0.0828466 -0.990257 -0.11193
v -0.47196 2.663 -0.58527
vn -0.0862855 -0.996253 -0.00586195
v -0.47196 2.6639 -0.56257
vn -0.0519251 -0.994408 0.0919615
v -0.44926 2.6618 -0.56257
vn -0.0914782 -0.98884 0.117588
v -0.47196 2.6674 -0.53986
vn 0.0255617 -0.995083 0.0956906
v -0.44926 2.6663 -0.53986
vn -0.0425339 -0.985389 0.164924
v -0.47196 2.6688 -0.51716
vn 0.076811 -0.996572 0.0307296
v -0.44926 2.6697 -0.51716
vn 0.020498 -0.996999 0.0746538
v -0.47196 2.6688 -0.49445
vn 0.100777 -0.994899 -0.00438539
v -0.44926 2.6707 -0.49445
vn 0.0556928 -0.998306 0.0168602
v -0.47196 2.6683 -0.47175
vn 0.0989571 -0.994089 -0.0446615
v -0.44926 2.6702 -0.47175
vn 0.0727182 -0.996331 -0.0451311
v -0.47196 2.6665 -0.44904
vn 0.0982699 -0.991634 -0.0837006
v -0.44926 2.6684 -0.44904
vn 0.101867 -0.991272 -0.0836863
v -0.47196 2.6642 -0.42634
vn 0.0846235 -0.993844 -0.0715015
v -0.44926 2.6662 -0.42634
vn 0.112832 -0.991686 -0.0618747
v -0.47196 2.6634 -0.40363
vn 0.0680997 -0.99756 -0.0153762
v -0.44926 2.6653 -0.40363
vn 0.103337 -0.994201 -0.0297759
v -0.47196 2.6636 -0.38093
vn 0.0571593 -0.998326 0.00879729
v -0.44926 2.6649 -0.38093
vn 0.0819399 -0.996599 -0.00877638
v -0.40385 2.3405 -1.03
vn 0.0238471 -0.0117433 0.999647
v -0.38114 2.3405 -1.0309
vn 0.050887 -0.0219917 0.998462
v -0.35844 2.3405 -1.0327
vn 0.0687957 -0.0322125 0.997111
v -0.42655 2.3632 -1.029
vn 0.0201221 -0.0308162 0.999323
v -0.40385 2.3632 -1.0297
vn 0.0272742 -0.0387221 0.998878
v -0.42655 2.3859 -1.0284
vn -0.00175669 -0.0598038 0.998209
v -0.40385 2.3859 -1.0282
vn -0.0137709 -0.100179 0.994874
v -0.38114 2.3632 -1.0301
vn 0.0138933 -0.086302 0.996172
v -0.35844 2.3632 -1.031
vn 0.0502803 -0.109336 0.992732
v -0.38114 2.3859 -1.0275
vn -0.0209051 -0.147244 0.988879
v -0.35844 2.3859 -1.0275
vn 0.0166576 -0.162262 0.986607
v -0.33573 2.3405 -1.0343
vn 0.0410514 -0.0351914 0.998537
v -0.31303 2.3405 -1.0345
vn 0.012474 -0.0227515 0.999663
v -0.29032 2.3405 -1.0345
vn 0.0105692 0.0114516 0.999879
v -0.26762 2.3405 -1.0353
vn 0.0709506 0.0453622 0.996448
v -0.33573 2.3632 -1.0322
vn 0.0604003 -0.116458 0.991357
v -0.31303 2.3632 -1.0332
vn 0.0613638 -0.0767182 0.995163
v -0.33573 2.3859 -1.0284
vn 0.064837 -0.180354 0.981462
v -0.31303 2.3859 -1.0307
vn 0.110097 -0.164101 0.98028
v -0.29032 2.3632 -1.0347
vn 0.0627938 -0.00816842 0.997993
v -0.26762 2.3632 -1.0365
vn 0.0911752 0.0324464 0.995306
v -0.29032 2.3859 -1.0339
vn 0.114974 -0.128016 0.985085
v -0.26762 2.3859 -1.0365
vn 0.0954046 -0.0929377 0.991091
v -0.42655 2.4086 -1.026
vn -0.060279 -0.13761 0.988651
v -0.40385 2.4086 -1.0245
vn -0.0590557 -0.186786 0.980624
v -0.42655 2.4314 -1.0218
vn -0.130622 -0.185748 0.973876
v -0.40385 2.4314 -1.0193
vn -0.0765299 -0.244391 0.966652
v -0.38114 2.4086 -1.0235
vn -0.0358967 -0.216937 0.975525
v -0.35844 2.4086 -1.0231
vn 0.00574589 -0.250931 0.967988
v -0.37049 2.4314 -1.0167
vn -0.09058 -0.367467 0.925615
v -0.35844 2.4291 -1.0167
vn -0.0238565 -0.331898 0.943014
v -0.4228 2.4541 -1.0167
vn -0.207301 -0.221623 0.952843
v -0.40385 2.4403 -1.0167
vn -0.193308 -0.38656 0.901778
v -0.43196 2.4768 -1.0167
vn -0.250977 -0.0296228 0.96754
v -0.42655 2.4589 -1.0167
vn -0.278984 -0.129348 0.951544
v -0.38114 2.4338 -1.0167
vn -0.137015 -0.518567 0.843988
v -0.35844 2.4314 -1.0155
vn -0.0354044 -0.63809 0.769148
v -0.40385 2.4541 -1.0102
vn -0.398682 -0.44114 0.80402
v -0.42655 2.4768 -1.0138
vn -0.542972 -0.294823 0.786296
v -0.40385 2.4768 -0.99479
vn -0.54326 -0.649862 0.531552
v -0.38114 2.4541 -1.0018
vn -0.204099 -0.598152 0.774956
v -0.35844 2.4541 -0.99596
vn -0.0880943 -0.659213 0.746778
v -0.38114 2.4609 -0.99397
vn -0.337876 -0.780992 0.525253
v -0.35844 2.4556 -0.99397
vn -0.0965879 -0.887804 0.449972
v -0.39069 2.4768 -0.97126
vn -0.610541 -0.701713 0.367203
v -0.38114 2.4724 -0.97126
vn -0.270495 -0.881169 0.387781
v -0.35844 2.4669 -0.97126
vn -0.166564 -0.917789 0.360444
v -0.33573 2.4086 -1.0239
vn 0.0614859 -0.263189 0.962783
v -0.31303 2.4086 -1.026
vn 0.104715 -0.296101 0.949399
v -0.33573 2.4287 -1.0167
vn 0.0398521 -0.34909 0.936242
v -0.31375 2.43155 -1.0167
vn 0.099647 -0.522739 0.846649
v -0.29032 2.4086 -1.0293
vn 0.129556 -0.287788 0.948891
v -0.26762 2.4086 -1.0321
vn 0.0848371 -0.282784 0.955425
v -0.26762 2.4314 -1.0232
vn 0.111394 -0.400053 0.909697
v -0.29032 2.4374 -1.0167
vn 0.130135 -0.666055 0.734463
v -0.26762 2.4422 -1.0167
vn 0.117029 -0.615644 0.779286
v -0.33573 2.4314 -1.0151
vn 0.0156205 -0.649669 0.760057
v -0.33573 2.4541 -0.99506
vn 0.00639607 -0.806128 0.591706
v -0.31303 2.4541 -0.99663
vn 0.0826315 -0.697753 0.711557
v -0.31303 2.4557 -0.99397
vn 0.023713 -0.907254 0.419915
v -0.33573 2.4656 -0.97126
vn -0.0216516 -0.936329 0.350456
v -0.31303 2.4656 -0.97126
vn 0.0115912 -0.939971 0.341059
v -0.29032 2.4541 -0.99875
vn 0.101791 -0.781292 0.615809
v -0.26762 2.4541 -1.0037
vn 0.151223 -0.780749 0.606269
v -0.29032 2.4565 -0.99397
vn 0.0561239 -0.914934 0.399683
v -0.26762 2.4594 -0.99397
vn 0.141726 -0.90478 0.401604
v -0.29032 2.4659 -0.97126
vn 0.0645584 -0.945701 0.318561
v -0.26762 2.4687 -0.97126
vn 0.160999 -0.940151 0.300326
v -0.38114 2.4768 -0.95784
vn -0.472602 -0.826502 0.305845
v -0.37411 2.4768 -0.94855
vn -0.22419 -0.950427 0.215472
v -0.35844 2.4733 -0.94855
vn -0.102631 -0.959766 0.261374
v -0.35844 2.4768 -0.93444
vn -0.121701 -0.975987 0.18066
v -0.33573 2.472 -0.94855
vn -0.0434695 -0.969768 0.240125
v -0.31303 2.4716 -0.94855
vn -0.00676731 -0.973175 0.229968
v -0.335305 2.4768 -0.92585
vn -0.0587368 -0.983724 0.169813
v -0.31303 2.4768 -0.92032
vn -0.00517145 -0.984726 0.174036
v -0.29032 2.4718 -0.94855
vn 0.0666174 -0.974691 0.213399
v -0.26762 2.4744 -0.94855
vn 0.135912 -0.966084 0.219566
v -0.29032 2.47655 -0.924515
vn 0.0307448 -0.982507 0.183672
v -0.28221 2.4768 -0.92585
vn 0.0859974 -0.981233 0.172588
v -0.26762 2.4768 -0.93562
vn 0.150101 -0.975229 0.162473
v -0.22221 2.3405 -1.0403
vn 0.130709 0.0626557 0.989439
v -0.24491 2.3405 -1.0375
vn 0.106977 0.0577628 0.992582
v -0.1995 2.3405 -1.0436
vn 0.117164 0.078175 0.990031
v -0.1768 2.3405 -1.0461
vn 0.0613729 0.0745444 0.995327
v -0.22221 2.3632 -1.0418
vn 0.120636 0.00752027 0.992668
v -0.24491 2.3632 -1.0388
vn 0.116212 0.0264414 0.992872
v -0.242265 2.3859 -1.0391
vn 0.106405 -0.106389 0.988615
v -0.22221 2.3859 -1.0409
vn 0.096473 -0.0760974 0.992422
v -0.1995 2.3632 -1.0446
vn 0.100788 -0.00350531 0.994902
v -0.1768 2.3632 -1.0463
vn 0.0593413 -0.0197823 0.998042
v -0.1995 2.3859 -1.0433
vn 0.0908844 -0.104215 0.990394
v -0.1768 2.3859 -1.045
vn 0.0607385 -0.147801 0.98715
v -0.15409 2.3405 -1.0467
vn 0.00878296 0.0739476 0.997223
v -0.13139 2.3405 -1.0458
vn -0.0276969 0.115188 0.992957
v -0.10868 2.3405 -1.0453
vn -0.0294057 0.101382 0.994413
v -0.085977 2.3405 -1.0446
vn -0.0542798 0.0963229 0.993869
v -0.15409 2.3632 -1.0475
vn 0.0417881 -0.0271337 0.998758
v -0.13139 2.3632 -1.0481
vn -0.0102674 0.0410814 0.999103
v -0.15409 2.3859 -1.046
vn 0.050509 -0.141971 0.988581
v -0.13139 2.3859 -1.0471
vn 0.0150252 -0.0989347 0.99498
v -0.10868 2.3632 -1.0475
vn -0.0308055 0.021129 0.999302
v -0.085977 2.3632 -1.0464
vn -0.0469072 0.0315207 0.998402
v -0.10868 2.3859 -1.047
vn -0.0307243 -0.0763922 0.996604
v -0.085977 2.3859 -1.0459
vn -0.0475012 -0.0818608 0.995511
v -0.22221 2.3945 -1.0394
vn 0.0926708 -0.251079 0.96352
v -0.24491 2.4086 -1.0335
vn 0.0665666 -0.298581 0.95206
v -0.22221 2.4086 -1.0345
vn 0.0981284 -0.374738 0.921923
v -0.24491 2.4314 -1.0243
vn 0.0515964 -0.410724 0.910299
v -0.22221 2.4314 -1.0254
vn 0.061129 -0.400268 0.914357
v -0.1995 2.4032 -1.0394
vn 0.0898886 -0.256686 0.962306
v -0.17955 2.4094 -1.0394
vn 0.0823398 -0.289549 0.953615
v -0.1995 2.4314 -1.0275
vn 0.10331 -0.406688 0.907707
v -0.1768 2.4314 -1.0301
vn 0.117591 -0.393485 0.91178
v -0.24491 2.4461 -1.0167
vn 0.0774752 -0.513744 0.854438
v -0.22221 2.4497 -1.0167
vn 0.0851514 -0.483875 0.870985
v -0.198765 2.4541 -1.01655
vn 0.151716 -0.599618 0.785774
v -0.1768 2.4541 -1.0202
vn 0.127702 -0.414662 0.90097
v -0.1768 2.4611 -1.0167
vn 0.192019 -0.630924 0.751708
v -0.24491 2.4541 -1.0095
vn 0.128636 -0.754383 0.643708
v -0.22221 2.4541 -1.0134
vn 0.124602 -0.762081 0.635379
v -0.24491 2.4643 -0.99397
vn 0.186228 -0.872148 0.452412
v -0.22221 2.4699 -0.99397
vn 0.178527 -0.803101 0.568469
v -0.22998 2.4768 -0.97126
vn 0.20486 -0.931754 0.299778
v -0.22221 2.4768 -0.97763
vn 0.21824 -0.935886 0.276566
v -0.19547 2.4768 -0.99397
vn 0.20594 -0.80376 0.558174
v -0.1768 2.4768 -1.0014
vn 0.173844 -0.756189 0.630838
v -0.15409 2.4086 -1.0414
vn 0.0603392 -0.21727 0.974245
v -0.13139 2.4086 -1.043
vn 0.0457849 -0.211408 0.976325
v -0.15409 2.4159 -1.0394
vn 0.0949637 -0.336531 0.936872
v -0.13139 2.4217 -1.0394
vn 0.0505563 -0.312057 0.948717
v -0.15409 2.4314 -1.0335
vn 0.0956925 -0.392619 0.91471
v -0.13139 2.4314 -1.0355
vn 0.0346733 -0.418265 0.907663
v -0.10868 2.4086 -1.0434
vn -0.00830451 -0.191005 0.981554
v -0.085977 2.4086 -1.0429
vn -0.0374468 -0.178618 0.983206
v -0.10868 2.4232 -1.0394
vn 0.00515425 -0.311477 0.95024
v -0.085977 2.4231 -1.0394
vn -0.0280512 -0.289203 0.956857
v -0.085977 2.4314 -1.0362
vn 0.00483843 -0.426023 0.904699
v -0.15409 2.4541 -1.0234
vn 0.100209 -0.426358 0.898986
v -0.13139 2.4541 -1.0247
vn 0.039667 -0.446535 0.893886
v -0.15409 2.4661 -1.0167
vn 0.101457 -0.609153 0.786536
v -0.13139 2.4685 -1.0167
vn 0.0215033 -0.548282 0.836017
v -0.10868 2.4541 -1.0247
vn 0.0106303 -0.450353 0.892787
v -0.085977 2.4541 -1.0251
vn -0.00671198 -0.456646 0.889623
v -0.085977 2.4694 -1.0167
vn -0.01423 -0.588346 0.808484
v -0.15409 2.4768 -1.0064
vn 0.0950156 -0.802959 0.588412
v -0.13139 2.4768 -1.0091
vn 0.0454487 -0.782452 0.62105
v -0.10868 2.4768 -1.0098
vn 0.0111589 -0.777379 0.628933
v -0.085977 2.4768 -1.01
vn -0.00550606 -0.806053 0.591818
v -0.249845 2.47775 -0.94855
vn 0.191659 -0.963466 0.187082
v -0.24491 2.4768 -0.95819
vn 0.199984 -0.955149 0.218397
v -0.063271 2.3405 -1.0428
vn -0.0685782 0.109566 0.991611
v -0.040566 2.3405 -1.0417
vn -0.0168734 0.0765679 0.996922
v 0.0048442 2.3405 -1.0414
vn -0.0241269 0.0443484 0.998725
v -0.063271 2.3632 -1.0452
vn -0.0651482 0.0358776 0.99723
v -0.040566 2.3632 -1.0435
vn -0.068816 0.024897 0.997319
v -0.063271 2.3859 -1.0446
vn -0.0715097 -0.0817453 0.994085
v -0.040566 2.3859 -1.0425
vn -0.0787765 -0.0904433 0.992781
v -0.017861 2.3632 -1.0421
vn -0.0379772 -0.0209559 0.999059
v -0.017861 2.3859 -1.0406
vn -0.0500656 -0.0681709 0.996417
v 0.0048442 2.3949 -1.0394
vn -0.0214164 -0.067166 0.997512
v 0.027549 2.3405 -1.0405
vn -0.0475504 0.0213551 0.998641
v 0.0462515 2.3405 -1.0391
vn -0.0507324 0.0550736 0.997193
v 0.084312 2.3405 -1.03825
vn -0.00760915 0.0819302 0.996609
v 0.027549 2.3632 -1.0406
vn -0.0297196 -0.0176816 0.999402
v 0.050254 2.3486 -1.0394
vn -0.0224935 0.0520959 0.998389
v 0.050254 2.3632 -1.0399
vn -0.0102699 0.00452739 0.999937
v 0.027549 2.3914 -1.0394
vn -0.018015 -0.0675052 0.997556
v 0.04752 2.3853 -1.0394
vn -0.0113077 -0.066307 0.997735
v 0.084312 2.3512 -1.0394
vn -0.000874871 0.0757287 0.997128
v 0.095665 2.3632 -1.0402
vn 0.00147833 -0.00189921 0.999997
v 0.072959 2.3863 -1.0394
vn 0.00117174 -0.0854647 0.996341
v 0.095665 2.3871 -1.0395
vn -0.00308387 -0.100516 0.994931
v -0.063271 2.4086 -1.0416
vn -0.0781918 -0.148371 0.985836
v -0.039358 2.4086 -1.0394
vn -0.0848883 -0.198366 0.976445
v -0.063271 2.4191 -1.0394
vn -0.073229 -0.255366 0.964067
v -0.063271 2.4314 -1.0353
vn -0.0419817 -0.393683 0.918287
v -0.040566 2.4314 -1.0337
vn -0.0634267 -0.354115 0.933048
v -0.017861 2.4007 -1.0394
vn -0.0412758 -0.104574 0.99366
v -0.017861 2.4086 -1.0384
vn -0.0265664 -0.204009 0.978608
v 0.0048442 2.4086 -1.0382
vn -0.0212239 -0.194799 0.980614
v -0.017861 2.4314 -1.033
vn -0.035129 -0.340293 0.939663
v 0.0048442 2.4314 -1.0323
vn -0.043451 -0.37746 0.925006
v -0.063271 2.4541 -1.0249
vn -0.0519929 -0.452274 0.890362
v -0.040566 2.4541 -1.0228
vn -0.0655311 -0.460477 0.88525
v -0.063271 2.4681 -1.0167
vn -0.0520967 -0.568434 0.821078
v -0.040566 2.4647 -1.0167
vn -0.0793136 -0.571726 0.816602
v -0.017861 2.4541 -1.0209
vn -0.0482828 -0.479409 0.876263
v 0.0048442 2.4541 -1.0199
vn -0.0557891 -0.484792 0.872848
v -0.017861 2.4615 -1.0167
vn -0.0693455 -0.563165 0.823429
v 0.0048442 2.4593 -1.0167
vn -0.0785946 -0.613197 0.78601
v -0.063271 2.4768 -1.0089
vn -0.0362958 -0.776741 0.628774
v -0.040566 2.4768 -1.0067
vn -0.0555957 -0.732298 0.678711
v -0.017861 2.4768 -1.0048
vn -0.0747138 -0.680281 0.729134
v 0.0048442 2.4768 -1.0012
vn -0.118028 -0.700059 0.704264
v 0.027549 2.4086 -1.0376
vn -0.0395272 -0.207245 0.97749
v 0.050254 2.4086 -1.0366
vn -0.0340693 -0.208452 0.977439
v 0.027549 2.4314 -1.0306
vn -0.0625634 -0.39485 0.916613
v 0.050254 2.4314 -1.029
vn -0.0514811 -0.404243 0.913201
v 0.072959 2.4086 -1.0359
vn -0.0235502 -0.254563 0.966769
v 0.095665 2.4086 -1.0355
vn -0.0183279 -0.283665 0.958748
v 0.072959 2.4314 -1.0276
vn -0.0453949 -0.407149 0.912233
v 0.095665 2.4314 -1.0264
vn -0.0176565 -0.412581 0.91075
v 0.027549 2.4541 -1.0182
vn -0.0580578 -0.481232 0.874669
v 0.05486 2.4544 -1.0167
vn -0.0449825 -0.599813 0.798875
v 0.027549 2.4565 -1.0167
vn -0.0896088 -0.690528 0.717734
v 0.072959 2.45355 -1.0163
vn -0.0524092 -0.597042 0.800496
v 0.095665 2.4504 -1.0167
vn -0.0399228 -0.484532 0.873862
v 0.027549 2.4768 -0.99645
vn -0.116915 -0.720551 0.683475
v 0.0497165 2.47675 -0.99397
vn -0.0469195 -0.790375 0.610824
v 0.095665 2.4541 -1.0139
vn -0.0479456 -0.695515 0.71691
v 0.072959 2.4756 -0.99397
vn -0.040607 -0.717702 0.695165
v 0.095665 2.4748 -0.99397
vn -0.048445 -0.726567 0.685386
v 0.072959 2.4768 -0.99173
vn -0.0397423 -0.918028 0.394519
v 0.095665 2.4768 -0.99032
vn -0.044444 -0.918276 0.393438
v 0.11837 2.3405 -1.0383
vn -0.0153524 0.0875312 0.996043
v 0.14108 2.3405 -1.0375
vn -0.0473881 0.0785706 0.995782
v 0.16378 2.3405 -1.0358
vn -0.0577986 0.0719531 0.995732
v 0.18649 2.3405 -1.0348
vn -0.0605496 0.0631948 0.996163
v 0.11837 2.3508 -1.0394
vn -0.0192314 0.0863335 0.996081
v 0.11837 2.3632 -1.0401
vn -0.0112847 0.00499644 0.999924
v 0.14108 2.36235 -1.03945
vn -0.0498729 0.0430749 0.997826
v 0.11011 2.3859 -1.0394
vn -0.0155817 -0.11419 0.993337
v 0.14108 2.3765 -1.0394
vn -0.0311936 -0.0192208 0.999329
v 0.16378 2.3859 -1.0385
vn -0.023523 -0.11811 0.992722
v 0.16378 2.3632 -1.0381
vn -0.053176 0.049302 0.997367
v 0.18649 2.3632 -1.0368
vn -0.0744921 0.0679359 0.994905
v 0.18649 2.3859 -1.0377
vn -0.045399 -0.0520076 0.997614
v 0.20919 2.3405 -1.0335
vn -0.0658843 0.0326361 0.997293
v 0.2319 2.3405 -1.0318
vn -0.0641594 0.0193409 0.997752
v 0.2546 2.3405 -1.0305
vn -0.0395986 0.022004 0.998973
v 0.27731 2.3405 -1.03
vn -0.0439921 0.0194872 0.998842
v 0.20919 2.3632 -1.0345
vn -0.090221 0.0560673 0.994342
v 0.2319 2.3632 -1.0323
vn -0.0740614 0.0389593 0.996492
v 0.20919 2.3859 -1.0357
vn -0.0680842 0.0274647 0.997301
v 0.2319 2.3859 -1.0335
vn -0.0840581 0.0700616 0.993995
v 0.2546 2.3632 -1.0311
vn -0.0388553 0.029332 0.998814
v 0.27731 2.4086 -1.0319
vn -0.0630161 0.0351816 0.997392
v 0.27731 2.3859 -1.031
vn -0.0571353 0.0307719 0.997892
v 0.11837 2.4086 -1.0355
vn -0.00999942 -0.265373 0.964094
v 0.14108 2.4086 -1.035
vn -0.0155734 -0.262255 0.964873
v 0.11837 2.4314 -1.0265
vn 0.00191318 -0.401092 0.916036
v 0.14108 2.4314 -1.0268
vn 0.012715 -0.392854 0.919513
v 0.16378 2.4086 -1.0344
vn 0.00918429 -0.245809 0.969275
v 0.18649 2.4086 -1.0351
vn 0.0363405 -0.151962 0.987718
v 0.16378 2.4314 -1.0268
vn 0.0598731 -0.357349 0.93205
v 0.18649 2.4314 -1.0289
vn 0.10934 -0.31371 0.943202
v 0.11837 2.4495 -1.0167
vn 0.00917464 -0.486943 0.873386
v 0.14108 2.4513 -1.0167
vn 0.0557312 -0.498159 0.865293
v 0.1575 2.4541 -1.0167
vn 0.115477 -0.588242 0.800398
v 0.16378 2.4557 -1.0167
vn 0.158448 -0.488973 0.857787
v 0.18649 2.4541 -1.0202
vn 0.126899 -0.35608 0.925799
v 0.18649 2.4641 -1.0167
vn 0.224626 -0.504422 0.833727
v 0.11837 2.4541 -1.0129
vn 0.00931661 -0.705537 0.708612
v 0.14108 2.4541 -1.0144
vn 0.0667479 -0.72328 0.687321
v 0.11837 2.4725 -0.99397
vn -0.0298279 -0.749263 0.6616
v 0.14108 2.4729 -0.99397
vn 0.0781368 -0.737391 0.670932
v 0.11837 2.4768 -0.98704
vn -0.0269289 -0.912204 0.408852
v 0.14108 2.4768 -0.98773
vn 0.0807699 -0.906771 0.413814
v 0.15711 2.4768 -0.99397
vn 0.244363 -0.85184 0.463308
v 0.16378 2.4768 -0.99721
vn 0.271313 -0.681766 0.6794
v 0.18649 2.4768 -1.0077
vn 0.248189 -0.712562 0.656245
v 0.20919 2.4086 -1.0362
vn 0.026375 -0.0709718 0.99713
v 0.2319 2.4086 -1.0356
vn -0.0685187 0.0184242 0.99748
v 0.20919 2.4314 -1.0323
vn 0.112813 -0.252731 0.960937
v 0.2319 2.4314 -1.0343
vn 0.00616719 -0.131312 0.991322
v 0.2546 2.4086 -1.0334
vn -0.0739176 0.0219139 0.997024
v 0.27731 2.4314 -1.0318
vn -0.0596758 -0.0443367 0.997233
v 0.20919 2.4541 -1.0243
vn 0.158958 -0.344307 0.925303
v 0.2319 2.4541 -1.0284
vn 0.155808 -0.285695 0.94557
v 0.21641 2.4768 -1.0167
vn 0.211501 -0.540971 0.814013
v 0.2319 2.4874 -1.0167
vn 0.344244 -0.413225 0.843055
v 0.2546 2.4541 -1.0306
vn 0.0205813 -0.130985 0.991171
v 0.27731 2.4541 -1.0305
vn -0.0395389 -0.05976 0.997429
v 0.2546 2.4768 -1.0271
vn 0.19615 -0.189126 0.962162
v 0.27731 2.4768 -1.0287
vn 0.0036585 -0.0819586 0.996629
v 0.30001 2.3405 -1.0289
vn -0.0737872 -0.000879072 0.997274
v 0.30001 2.3632 -1.0289
vn -0.0855641 0.0120682 0.99626
v 0.30001 2.3859 -1.0292
vn -0.0859824 0.025446 0.995972
v 0.30001 2.4086 -1.0299
vn -0.0877346 0.0153248 0.996026
v 0.30001 2.4314 -1.0299
vn -0.0696908 -0.0100214 0.997518
v 0.30001 2.4541 -1.0293
vn 0.00108995 -0.0451707 0.998979
v -0.41027 2.4995 -0.99397
vn -0.641776 -0.189 0.743238
v -0.40385 2.4777 -0.99397
vn -0.695917 -0.379671 0.609548
v -0.40385 2.493 -0.97126
vn -0.727278 -0.590798 0.34932
v -0.4032 2.4995 -0.94855
vn -0.654011 -0.754074 0.0603535
v -0.40385 2.4995 -0.9571
vn -0.688506 -0.672244 0.272116
v -0.38114 2.4789 -0.94855
vn -0.628248 -0.768185 0.123273
v -0.40307 2.4995 -0.92585
vn -0.61204 -0.789533 0.0452159
v -0.38114 2.4825 -0.92585
vn -0.423357 -0.898827 0.113482
v -0.38114 2.485 -0.90314
vn -0.271489 -0.954668 0.122074
v -0.35844 2.4818 -0.90314
vn -0.101447 -0.983135 0.152164
v -0.40385 2.4995 -0.88001
vn -0.350532 -0.936418 0.0157539
v -0.38114 2.4878 -0.88044
vn -0.254177 -0.957102 0.139101
v -0.35844 2.4856 -0.88044
vn -0.0808365 -0.980756 0.177716
v -0.33573 2.4803 -0.90314
vn -0.0405045 -0.985114 0.16706
v -0.31303 2.4796 -0.90314
vn 0 -0.98409 0.177669
v -0.33573 2.4843 -0.88044
vn -0.0406096 -0.980925 0.190099
v -0.31303 2.484 -0.88044
vn 0.00800042 -0.977716 0.20978
v -0.29032 2.4803 -0.90314
vn 0.0449277 -0.982519 0.180659
v -0.26762 2.482 -0.90314
vn 0.142845 -0.97042 0.194629
v -0.29032 2.4847 -0.88044
vn 0.0698029 -0.97033 0.231489
v -0.26762 2.4876 -0.88044
vn 0.158093 -0.957207 0.242408
v -0.1768 2.4807 -0.99397
vn 0.15508 -0.903817 0.39883
v -0.1995 2.4836 -0.97126
vn 0.23499 -0.936013 0.262029
v -0.1768 2.4901 -0.97126
vn 0.205912 -0.927198 0.312896
v -0.15409 2.4839 -0.99397
vn 0.110343 -0.897761 0.426439
v -0.13139 2.4856 -0.99397
vn 0.0506972 -0.899709 0.433536
v -0.15409 2.494 -0.97126
vn 0.0992441 -0.945458 0.310257
v -0.13139 2.4949 -0.97126
vn 0.0409585 -0.94887 0.313
v -0.10868 2.4866 -0.99397
vn 0.0234414 -0.89302 0.449406
v -0.085977 2.487 -0.99397
vn 0.00637913 -0.892101 0.451791
v -0.10868 2.4956 -0.97126
vn 0.0294519 -0.938089 0.34514
v -0.085977 2.4964 -0.97126
vn 0.0261448 -0.927528 0.372837
v -0.22221 2.4834 -0.94855
vn 0.222221 -0.951989 0.21056
v -0.24491 2.4827 -0.92585
vn 0.22942 -0.954762 0.189199
v -0.1995 2.4893 -0.94855
vn 0.254662 -0.941188 0.222064
v -0.1768 2.4958 -0.94855
vn 0.194785 -0.956625 0.216627
v -0.1995 2.4945 -0.92585
vn 0.248157 -0.947485 0.20172
v -0.1768 2.4995 -0.93008
vn 0.209088 -0.96022 0.185095
v -0.24491 2.487 -0.90314
vn 0.226731 -0.953319 0.199442
v -0.22221 2.493 -0.90314
vn 0.25365 -0.946433 0.199816
v -0.24491 2.492 -0.88044
vn 0.218509 -0.948231 0.23046
v -0.22221 2.4995 -0.87449
vn 0.258893 -0.940849 0.218583
v -0.1995 2.49935 -0.90253
vn 0.246461 -0.948646 0.198313
v -0.1768 2.5042 -0.90314
vn 0.196402 -0.960614 0.196586
v -0.1995 2.5044 -0.88044
vn 0.231115 -0.946209 0.226438
v -0.1768 2.5095 -0.88044
vn 0.195826 -0.952754 0.23219
v -0.15409 2.4995 -0.94631
vn 0.130904 -0.968126 0.213532
v -0.14742 2.4995 -0.94855
vn 0.0599299 -0.968252 0.242684
v -0.15409 2.5043 -0.92585
vn 0.14799 -0.968543 0.20006
v -0.13139 2.507 -0.92585
vn 0.0881837 -0.965929 0.24332
v -0.10868 2.4995 -0.95806
vn 0.0443969 -0.966463 0.25294
v -0.063271 2.4995 -0.96499
vn 0.0319529 -0.962287 0.270152
v -0.10868 2.5017 -0.94855
vn 0.0515666 -0.963157 0.26395
v -0.063271 2.5038 -0.94855
vn 0.0322278 -0.963602 0.265392
v -0.10868 2.5083 -0.92585
vn 0.0508494 -0.962075 0.268005
v -0.15409 2.5086 -0.90314
vn 0.162876 -0.964734 0.206785
v -0.13139 2.5123 -0.90314
vn 0.123183 -0.964489 0.233637
v -0.15409 2.5136 -0.88044
vn 0.174471 -0.955562 0.237614
v -0.13139 2.5179 -0.88044
vn 0.135111 -0.959469 0.247313
v -0.10868 2.5145 -0.90314
vn 0.0604071 -0.963186 0.261963
v -0.10868 2.5207 -0.88044
vn 0.0752959 -0.966532 0.245249
v -0.085977 2.5222 -0.87939
vn 0.0437937 -0.968579 0.244821
v -0.063271 2.4869 -0.99397
vn -0.00193601 -0.877536 0.479506
v -0.040566 2.4869 -0.99397
vn -0.0166789 -0.870313 0.492217
v -0.063271 2.4973 -0.97126
vn 0.0201639 -0.914593 0.403873
v -0.040566 2.4978 -0.97126
vn -0.0200323 -0.909733 0.41471
v -0.017861 2.4865 -0.99397
vn -0.0928867 -0.865793 0.491705
v 0.0048442 2.4828 -0.99397
vn -0.153566 -0.876425 0.456395
v -0.017861 2.4963 -0.97126
vn -0.0805546 -0.926584 0.36736
v 0.0048442 2.4929 -0.97126
vn -0.144103 -0.934309 0.32604
v 0.027549 2.4785 -0.99397
vn -0.112193 -0.900539 0.420049
v 0.027549 2.4889 -0.97126
vn -0.130297 -0.924493 0.358239
v 0.050254 2.4866 -0.97126
vn -0.074549 -0.932445 0.353538
v 0.072959 2.4851 -0.97126
vn -0.0488655 -0.947573 0.315782
v 0.095665 2.4841 -0.97126
vn -0.0370209 -0.950976 0.307042
v -0.040566 2.4995 -0.96633
vn -0.033872 -0.963482 0.265622
v -0.040566 2.5039 -0.94855
vn -0.0830706 -0.971602 0.221562
v -0.063271 2.5104 -0.92585
vn 0.0134208 -0.962042 0.272571
v -0.040566 2.5099 -0.92585
vn -0.0781895 -0.959547 0.270473
v -0.017861 2.4995 -0.95911
vn -0.112548 -0.966204 0.231911
v 0.0048442 2.4995 -0.94515
vn -0.118026 -0.968135 0.220871
v -0.017861 2.5065 -0.92585
vn -0.129059 -0.960496 0.246557
v 0.0048442 2.5033 -0.92585
vn -0.106476 -0.965108 0.239226
v -0.063271 2.5167 -0.90314
vn 0.0219557 -0.963007 0.26858
v -0.040566 2.5165 -0.90314
vn -0.0682542 -0.955335 0.287533
v -0.063271 2.5222 -0.88269
vn 0.0236794 -0.970611 0.239486
v -0.040566 2.5222 -0.88435
vn -0.00884559 -0.968614 0.24841
v -0.017861 2.5131 -0.90314
vn -0.140033 -0.945314 0.294572
v 0.0048442 2.5101 -0.90314
vn -0.131492 -0.952847 0.273482
v -0.026771 2.5222 -0.88044
vn -0.134658 -0.950028 0.281627
v 0.0048442 2.5169 -0.88044
vn -0.168716 -0.954347 0.246488
v 0.027549 2.4962 -0.94855
vn -0.116472 -0.955471 0.271128
v 0.050254 2.4939 -0.94855
vn -0.106686 -0.959796 0.259632
v 0.027549 2.50055 -0.93059
vn -0.0888357 -0.969119 0.230035
v 0.049544 2.4995 -0.92538
vn -0.143548 -0.970689 0.19276
v 0.072959 2.4915 -0.94855
vn -0.0761015 -0.968911 0.235416
v 0.095665 2.4901 -0.94855
vn -0.0407865 -0.974878 0.218974
v 0.072959 2.4959 -0.92585
vn -0.10554 -0.978802 0.175522
v 0.095665 2.4943 -0.92585
vn -0.0521054 -0.985983 0.158504
v 0.027549 2.5074 -0.90314
vn -0.134012 -0.963908 0.230046
v 0.050254 2.5033 -0.90314
vn -0.17487 -0.967056 0.184996
v 0.027549 2.5127 -0.88044
vn -0.164903 -0.960018 0.226211
v 0.050254 2.5082 -0.88044
vn -0.187826 -0.954754 0.230577
v 0.072945 2.4995 -0.90314
vn -0.112643 -0.98078 0.159316
v 0.095665 2.4973 -0.90314
vn -0.0662533 -0.987532 0.1428
v 0.095665 2.5009 -0.88044
vn -0.0581459 -0.976664 0.206754
v 0.072959 2.5034 -0.88044
vn -0.145263 -0.964147 0.222078
v 0.11837 2.4833 -0.97126
vn -0.00992781 -0.950389 0.310906
v 0.14108 2.4835 -0.97126
vn 0.0878384 -0.949705 0.300574
v 0.18649 2.486 -0.99397
vn 0.252547 -0.890831 0.377676
v 0.16378 2.4875 -0.97126
vn 0.195524 -0.937119 0.2891
v 0.18649 2.4924 -0.97126
vn 0.179433 -0.962362 0.204116
v 0.24001 2.4995 -1.0167
vn 0.510028 -0.0881339 0.855631
v 0.2546 2.4995 -1.0231
vn 0.272692 -0.0697472 0.95957
v 0.27731 2.4995 -1.0273
vn 0.0713824 -0.012087 0.997376
v 0.2546 2.5222 -1.0238
vn 0.267199 0.0755734 0.960673
v 0.23701 2.5222 -1.0167
vn 0.87651 -0.0834503 0.474095
v 0.27731 2.5222 -1.0289
vn 0.139477 0.158462 0.977464
v 0.2546 2.5449 -1.028
vn 0.272448 0.197401 0.941703
v 0.27731 2.5449 -1.0344
vn 0.115287 0.256496 0.959645
v 0.27496 2.5676 -1.0394
vn 0.356842 0.149607 0.922107
v 0.2546 2.5676 -1.0316
vn 0.351331 0.144874 0.924974
v 0.27731 2.5641 -1.0394
vn 0.209019 0.205982 0.955972
v 0.20919 2.4927 -0.99397
vn 0.298534 -0.860375 0.413076
v 0.2319 2.4995 -1.0041
vn 0.828966 -0.459992 0.318154
v 0.22766 2.4995 -0.99397
vn 0.357651 -0.932058 0.0579141
v 0.2319 2.5026 -0.99397
vn 0.882023 -0.470152 0.0314946
v 0.20919 2.4947 -0.97126
vn 0.18135 -0.975828 0.12195
v 0.22719 2.4995 -0.97126
vn 0.300323 -0.947206 0.112284
v 0.2319 2.5017 -0.97126
vn 0.79847 -0.600785 -0.03876
v 0.23976 2.5222 -0.99397
vn 0.903732 -0.415049 -0.104895
v 0.24676 2.5222 -0.97126
vn 0.807506 -0.585338 -0.0728992
v 0.27731 2.5903 -1.044
vn 0.285579 0.12127 0.950651
v 0.2662 2.5903 -1.0394
vn 0.358274 0.0872691 0.929529
v 0.27731 2.613 -1.0439
vn 0.250245 -0.102252 0.962768
v 0.26344 2.613 -1.0394
vn 0.277524 -0.0407036 0.959856
v 0.2546 2.5903 -1.0348
vn 0.339063 0.0891881 0.936526
v 0.2546 2.613 -1.037
vn 0.260874 0.09312 0.960871
v 0.27731 2.6257 -1.0394
vn 0.121158 -0.313436 0.941848
v 0.2546 2.6357 -1.0325
vn 0.120989 -0.444399 0.887621
v 0.26428 2.6584 -1.0167
vn 0.066626 -0.636417 0.768463
v 0.27731 2.6357 -1.0343
vn 0.0407706 -0.571604 0.819516
v 0.27731 2.6597 -1.0167
vn 0.0719803 -0.659235 0.748484
v 0.11837 2.4896 -0.94855
vn -0.0243777 -0.976909 0.21226
v 0.14108 2.4892 -0.94855
vn 0.0729728 -0.974597 0.211745
v 0.11837 2.4934 -0.92585
vn -0.0267942 -0.986741 0.160076
v 0.14108 2.4926 -0.92585
vn 0.0830945 -0.982281 0.167986
v 0.16378 2.4926 -0.94855
vn 0.176375 -0.966745 0.185191
v 0.18649 2.4995 -0.93541
vn 0.130377 -0.971378 0.198562
v 0.16378 2.4965 -0.92585
vn 0.183738 -0.965813 0.182881
v 0.17735 2.4995 -0.92585
vn 0.220999 -0.951069 0.215931
v 0.18649 2.5016 -0.92585
vn 0.146975 -0.955042 0.257476
v 0.11837 2.4965 -0.90314
vn -0.0129933 -0.988464 0.1509
v 0.14108 2.4967 -0.90314
vn 0.0471632 -0.983641 0.173859
v 0.11837 2.5004 -0.88044
vn 0.0169411 -0.973545 0.227866
v 0.14108 2.4995 -0.88993
vn 0.12935 -0.965793 0.224752
v 0.14108 2.502 -0.88044
vn 0.13624 -0.949881 0.281362
v 0.15603 2.4995 -0.90314
vn 0.241188 -0.941458 0.235552
v 0.16378 2.4995 -0.91211
vn 0.22208 -0.949965 0.219653
v 0.18649 2.5082 -0.90314
vn 0.195442 -0.944474 0.264141
v 0.16378 2.5081 -0.88044
vn 0.252024 -0.929016 0.270949
v 0.18649 2.5144 -0.88044
vn 0.183212 -0.951462 0.247293
v 0.20919 2.4991 -0.94666
vn 0.0992047 -0.974349 0.201998
v 0.21361 2.4995 -0.94855
vn 0.279225 -0.937629 0.207089
v 0.2319 2.5057 -0.94855
vn 0.52227 -0.835423 0.171179
v 0.20919 2.5044 -0.92585
vn 0.178203 -0.948109 0.263311
v 0.2319 2.5111 -0.92585
vn 0.358544 -0.899325 0.250321
v 0.20919 2.5111 -0.90314
vn 0.215619 -0.937053 0.274662
v 0.2319 2.5222 -0.88998
vn 0.341281 -0.899768 0.271929
v 0.20919 2.5179 -0.88044
vn 0.190635 -0.949999 0.247304
v 0.22459 2.5222 -0.88044
vn 0.308286 -0.916854 0.25365
v 0.23781 2.5222 -0.90314
vn 0.61572 -0.758781 0.212463
v 0.24442 2.5222 -0.92585
vn 0.651369 -0.734694 0.189589
v 0.2319 2.5253 -0.88044
vn 0.377072 -0.889184 0.25917
v 0.27731 2.6797 -0.99397
vn 0.110585 -0.748835 0.653466
v 0.2546 2.6811 -0.98097
vn 0.173603 -0.914253 0.366066
v 0.27731 2.6811 -0.99174
vn 0.169032 -0.913465 0.370149
v 0.2546 2.6878 -0.94855
vn 0.250875 -0.949558 0.188152
v -0.40908 2.5222 -0.83503
vn -0.861815 -0.484657 0.149607
v -0.40978 2.5222 -0.85773
vn -0.87131 -0.489996 0.0268685
v -0.40385 2.5129 -0.83503
vn -0.503443 -0.751507 0.42636
v -0.40078 2.4995 -0.85773
vn -0.386923 -0.884667 0.260105
v -0.38114 2.4923 -0.85773
vn -0.17493 -0.947138 0.268941
v -0.35844 2.49 -0.85773
vn -0.0550981 -0.952287 0.300191
v -0.38114 2.4995 -0.84013
vn -0.30904 -0.863957 0.397583
v -0.3659 2.4995 -0.83503
vn -0.117026 -0.873629 0.47231
v -0.35844 2.4988 -0.83503
vn -0.0404346 -0.889266 0.455599
v -0.38114 2.5018 -0.83503
vn -0.291685 -0.80299 0.519737
v -0.40385 2.5222 -0.82357
vn -0.601878 -0.619329 0.504158
v -0.39223 2.5222 -0.81232
vn -0.410402 -0.749041 0.520104
v -0.38114 2.5177 -0.81232
vn -0.181089 -0.8047 0.565389
v -0.35844 2.5137 -0.81232
vn -0.10359 -0.82079 0.561759
v -0.38114 2.5222 -0.8064
vn -0.166377 -0.844465 0.509114
v -0.35844 2.5222 -0.80016
vn -0.104329 -0.85737 0.504015
v -0.40385 2.5314 -0.81232
vn -0.490818 -0.732572 0.471631
v -0.40385 2.5449 -0.78684
vn -0.459625 -0.832904 0.308247
v -0.38114 2.5306 -0.78962
vn -0.303366 -0.874525 0.378384
v -0.35844 2.5275 -0.78962
vn -0.0970339 -0.930436 0.353375
v -0.33573 2.4894 -0.85773
vn -0.00365184 -0.957628 0.287985
v -0.31303 2.4899 -0.85773
vn 0.0327557 -0.944639 0.326472
v -0.33573 2.4983 -0.83503
vn 0.00461897 -0.896009 0.444012
v -0.3145 2.4995 -0.83503
vn 0.0452665 -0.903635 0.425905
v -0.29032 2.4908 -0.85773
vn 0.0875388 -0.94305 0.320925
v -0.26762 2.4937 -0.85773
vn 0.157392 -0.943427 0.291846
v -0.29032 2.5009 -0.83503
vn 0.0675737 -0.895174 0.440566
v -0.26762 2.4995 -0.84325
vn 0.135639 -0.910898 0.3897
v -0.26762 2.5033 -0.83503
vn 0.124269 -0.87891 0.460516
v -0.33573 2.5122 -0.81232
vn -0.0363582 -0.843704 0.535576
v -0.31303 2.5121 -0.81232
vn 0.0281773 -0.864059 0.502602
v -0.33573 2.5222 -0.79625
vn -0.0447165 -0.867084 0.496152
v -0.31303 2.5222 -0.79556
vn 0.0128851 -0.877182 0.479985
v -0.29032 2.5134 -0.81232
vn 0.0723328 -0.867887 0.491467
v -0.26762 2.5158 -0.81232
vn 0.127768 -0.866079 0.483303
v -0.29032 2.5222 -0.79735
vn 0.0600669 -0.871767 0.486224
v -0.26762 2.5222 -0.80115
vn 0.11539 -0.877594 0.465311
v -0.33573 2.5253 -0.78962
vn -0.0333288 -0.934213 0.355155
v -0.31303 2.525 -0.78962
vn 0.0143555 -0.931267 0.364054
v -0.29032 2.526 -0.78962
vn 0.066097 -0.918506 0.389844
v -0.26762 2.528 -0.78962
vn 0.0954273 -0.909522 0.404554
v -0.40453 2.5449 -0.78962
vn -0.850959 -0.482226 0.208151
v -0.39947 2.5449 -0.76691
vn -0.374452 -0.927245 -0.00165226
v -0.38114 2.5373 -0.76691
vn -0.256252 -0.959267 0.118914
v -0.35844 2.5349 -0.76691
vn -0.0927171 -0.979084 0.181103
v -0.40385 2.5449 -0.74146
vn -0.348959 -0.932834 -0.0897148
v -0.38114 2.537 -0.74421
vn -0.202362 -0.976765 -0.0705681
v -0.35844 2.5361 -0.74421
vn -0.0591854 -0.995351 -0.0759833
v -0.40385 2.5458 -0.74421
vn -0.680354 -0.725681 -0.102502
v -0.38114 2.5327 -0.7215
vn -0.136365 -0.982946 -0.123376
v -0.35844 2.532 -0.7215
vn -0.0551785 -0.989102 -0.136499
v -0.38114 2.5312 -0.6988
vn -0.231373 -0.971415 0.0531051
v -0.40385 2.5415 -0.6988
vn -0.434479 -0.899075 0.0537832
v -0.35844 2.5294 -0.6988
vn -0.0651848 -0.997846 -0.00732779
v -0.33573 2.5332 -0.76691
vn -0.0446189 -0.974165 0.221384
v -0.31303 2.5334 -0.76691
vn 0.0336472 -0.972314 0.231245
v -0.33573 2.5345 -0.74421
vn -0.0383146 -0.998298 -0.0439735
v -0.31303 2.5345 -0.74421
vn 0.0613341 -0.994745 -0.0819814
v -0.29032 2.5356 -0.76691
vn 0.0909688 -0.96819 0.233095
v -0.26762 2.5375 -0.76691
vn 0.0918251 -0.969704 0.226368
v -0.29032 2.5371 -0.74421
vn 0.0999442 -0.993719 -0.0503312
v -0.26762 2.539 -0.74421
vn 0.105803 -0.994078 -0.024807
v -0.33573 2.5306 -0.7215
vn -0.0363035 -0.989156 -0.142309
v -0.31303 2.5301 -0.7215
vn 0.0544714 -0.989432 -0.134375
v -0.33573 2.5282 -0.6988
vn -0.0378385 -0.998836 -0.029915
v -0.31303 2.5275 -0.6988
vn 0.0431207 -0.999014 0.0105557
v -0.29032 2.533 -0.7215
vn 0.129915 -0.98326 -0.127758
v -0.26762 2.5358 -0.7215
vn 0.140412 -0.986017 -0.0897446
v -0.29032 2.5309 -0.6988
vn 0.15021 -0.988628 -0.00725663
v -0.26762 2.5349 -0.6988
vn 0.1735 -0.984738 0.0137371
v -0.241765 2.49875 -0.85773
vn 0.212895 -0.936745 0.277823
v -0.22221 2.5036 -0.85773
vn 0.24421 -0.911552 0.330807
v -0.24491 2.4995 -0.85364
vn 0.182831 -0.909787 0.372639
v -0.24491 2.5074 -0.83503
vn 0.192201 -0.880701 0.432925
v -0.22221 2.5131 -0.83503
vn 0.217823 -0.888667 0.403514
v -0.1995 2.5102 -0.85773
vn 0.228969 -0.928844 0.291242
v -0.1768 2.5154 -0.85773
vn 0.18466 -0.944802 0.270648
v -0.1995 2.5185 -0.83503
vn 0.19788 -0.915228 0.351001
v -0.18012 2.5222 -0.83503
vn 0.148427 -0.939868 0.307599
v -0.23511 2.5222 -0.81232
vn 0.163361 -0.87102 0.46329
v -0.22221 2.5222 -0.81751
vn 0.145407 -0.90765 0.393737
v -0.1995 2.5222 -0.82644
vn 0.158501 -0.915201 0.370519
v -0.24491 2.5312 -0.78962
vn 0.114519 -0.91512 0.386576
v -0.22221 2.5337 -0.78962
vn 0.104003 -0.928777 0.355748
v -0.1995 2.5273 -0.81232
vn 0.122528 -0.925548 0.358256
v -0.1768 2.5306 -0.81232
vn 0.110054 -0.941032 0.319917
v -0.1995 2.5361 -0.78962
vn 0.0875409 -0.94651 0.310574
v -0.1768 2.5379 -0.78962
vn 0.058919 -0.961072 0.269944
v -0.15409 2.5222 -0.84809
vn 0.172331 -0.951837 0.253589
v -0.13139 2.5222 -0.86424
vn 0.126055 -0.962618 0.239743
v -0.15409 2.5258 -0.83503
vn 0.125582 -0.949456 0.287684
v -0.13139 2.5293 -0.83503
vn 0.111164 -0.966258 0.232353
v -0.10868 2.526 -0.85773
vn 0.0749182 -0.971142 0.226431
v -0.085977 2.5271 -0.85773
vn 0.0421078 -0.974991 0.218218
v -0.10868 2.5312 -0.83503
vn 0.0566769 -0.97738 0.203753
v -0.085977 2.532 -0.83503
vn 0.0395149 -0.978617 0.201859
v -0.15409 2.5325 -0.81232
vn 0.0776029 -0.96105 0.265256
v -0.13139 2.534 -0.81232
vn 0.0593874 -0.974727 0.215363
v -0.15409 2.5386 -0.78962
vn 0.0388372 -0.963732 0.264029
v -0.13139 2.5392 -0.78962
vn 0.039436 -0.966755 0.252646
v -0.10868 2.5354 -0.81232
vn 0.0516848 -0.97793 0.202438
v -0.085977 2.5366 -0.81232
vn 0.0438319 -0.978866 0.199751
v -0.10868 2.5404 -0.78962
vn 0.0414737 -0.97318 0.226276
v -0.085977 2.541 -0.78962
vn 0.0228543 -0.979145 0.201874
v -0.24491 2.5395 -0.76691
vn 0.0900043 -0.973086 0.21214
v -0.22221 2.5413 -0.76691
vn 0.0786148 -0.975037 0.207658
v -0.24491 2.5415 -0.74421
vn 0.121887 -0.992127 0.0287517
v -0.219125 2.5446 -0.74421
vn 0.10872 -0.987182 0.116838
v -0.1995 2.5422 -0.76691
vn 0.0610481 -0.974023 0.218066
v -0.155265 2.5449 -0.76719
vn 0.056252 -0.969054 0.240355
v -0.193825 2.5461 -0.748755
vn 0.0732481 -0.983623 0.164686
v -0.24491 2.5395 -0.7215
vn 0.198547 -0.979249 -0.0406259
v -0.22221 2.5449 -0.73353
vn 0.180076 -0.983541 0.0148405
v -0.223275 2.54515 -0.7215
vn 0.223762 -0.973029 0.0560819
v -0.24491 2.5394 -0.6988
vn 0.237872 -0.969708 0.0555338
v -0.22911 2.5449 -0.6988
vn 0.293364 -0.953207 0.0730375
v -0.22221 2.547 -0.6988
vn 0.221759 -0.970874 0.0907004
v -0.1995 2.5497 -0.7215
vn 0.134026 -0.984869 0.109867
v -0.1768 2.5517 -0.7215
vn 0.0821764 -0.986358 0.142634
v -0.1995 2.5521 -0.6988
vn 0.170106 -0.977754 0.122727
v -0.1768 2.5549 -0.6988
vn 0.104563 -0.98236 0.155034
v -0.13139 2.5464 -0.76691
vn 0.0395251 -0.964852 0.259806
v -0.15409 2.5499 -0.74421
vn 0.0710462 -0.979963 0.18608
v -0.13139 2.5517 -0.74421
vn 0.0474731 -0.979814 0.194194
v -0.10868 2.54575 -0.77013
vn 0.0033442 -0.968339 0.249616
v -0.085977 2.5454 -0.769335
vn -0.00829504 -0.975583 0.219473
v -0.10868 2.5522 -0.74421
vn -1.84473e-06 -0.980509 0.196473
v -0.085977 2.5512 -0.74421
vn -0.00929038 -0.973299 0.229354
v -0.13139 2.5553 -0.7215
vn 0.0472181 -0.989605 0.13584
v -0.15409 2.5565 -0.6988
vn 0.0651113 -0.985566 0.15627
v -0.13139 2.5577 -0.6988
vn 0.049284 -0.987343 0.150746
v -0.10868 2.5559 -0.7215
vn 0.0296304 -0.989536 0.141208
v -0.085977 2.5563 -0.7215
vn 0.0350875 -0.978516 0.203165
v -0.10868 2.5591 -0.6988
vn 0.0655999 -0.982091 0.176621
v -0.085977 2.5612 -0.6988
vn 0.086082 -0.974684 0.206349
v -0.40385 2.5449 -0.68319
vn -0.54926 -0.825416 0.130388
v -0.40746 2.5449 -0.6988
vn -0.67714 -0.718998 0.156597
v -0.41537 2.5676 -0.67609
vn -0.885341 -0.463847 0.0318937
v -0.41439 2.5676 -0.6988
vn -0.895902 -0.442567 -0.0386602
v -0.40385 2.5466 -0.67609
vn -0.847348 -0.522218 0.0963839
v -0.40385 2.5504 -0.65339
vn -0.697864 -0.708046 0.107963
v -0.38114 2.5353 -0.67609
vn -0.282514 -0.942012 0.181108
v -0.35844 2.5317 -0.67609
vn -0.0986545 -0.980998 0.167065
v -0.39375 2.5449 -0.65339
vn -0.420801 -0.898039 0.128268
v -0.38114 2.5402 -0.65339
vn -0.198264 -0.96761 0.156279
v -0.35844 2.5366 -0.65339
vn -0.10792 -0.973661 0.20084
v -0.38884 2.5449 -0.63068
vn -0.408301 -0.90781 0.0957698
v -0.38114 2.5428 -0.63068
vn -0.120489 -0.989165 0.0838797
v -0.35844 2.5408 -0.63068
vn -0.0661058 -0.989589 0.127846
v -0.40385 2.5527 -0.63068
vn -0.463141 -0.880613 0.100105
v -0.38384 2.5449 -0.60798
vn -0.409687 -0.906412 0.10283
v -0.38114 2.5449 -0.60042
vn -0.183037 -0.978581 0.0942199
v -0.35844 2.5426 -0.60798
vn -0.0345685 -0.994819 0.0956093
v -0.40385 2.5555 -0.60798
vn -0.456404 -0.883565 0.104922
v -0.33573 2.5302 -0.67609
vn -0.0354642 -0.988803 0.144952
v -0.31303 2.5297 -0.67609
vn 0.0729834 -0.986337 0.147693
v -0.33573 2.5349 -0.65339
vn -0.0387301 -0.977113 0.209163
v -0.31303 2.5351 -0.65339
vn 0.0490287 -0.973987 0.221236
v -0.29032 2.5327 -0.67609
vn 0.147937 -0.9783 0.145068
v -0.26762 2.5369 -0.67609
vn 0.209917 -0.965157 0.156229
v -0.29032 2.5373 -0.65339
vn 0.144078 -0.964518 0.221238
v -0.26762 2.5415 -0.65339
vn 0.205196 -0.953911 0.218972
v -0.33573 2.5399 -0.63068
vn -0.0137068 -0.982577 0.185351
v -0.31303 2.5406 -0.63068
vn 0.0751503 -0.978378 0.192687
v -0.33573 2.5429 -0.60798
vn 0.0231957 -0.991769 0.125919
v -0.309975 2.5449 -0.60566
vn 0.0958875 -0.982015 0.162638
v -0.29032 2.543 -0.63068
vn 0.125751 -0.965971 0.226023
v -0.28 2.5449 -0.63068
vn 0.181932 -0.963499 0.196391
v -0.26762 2.5449 -0.64124
vn 0.210022 -0.948062 0.23889
v -0.26762 2.5474 -0.63068
vn 0.21914 -0.961188 0.167616
v -0.29032 2.5449 -0.62091
vn 0.140247 -0.976595 0.163074
v -0.26762 2.5507 -0.60798
vn 0.185225 -0.973198 0.136299
v -0.35844 2.5449 -0.58966
vn -0.0257481 -0.989325 0.143431
v -0.40385 2.5577 -0.58527
vn -0.411717 -0.853197 0.320225
v -0.38114 2.547 -0.58527
vn -0.202122 -0.900025 0.386136
v -0.35844 2.5457 -0.58527
vn -0.0119258 -0.902795 0.429906
v -0.39535 2.5676 -0.56257
vn -0.35834 -0.490233 0.794521
v -0.40385 2.5676 -0.56892
vn -0.460443 -0.638845 0.616335
v -0.38114 2.5605 -0.56257
vn -0.247476 -0.766267 0.592951
v -0.35844 2.5578 -0.56257
vn -0.0333623 -0.839727 0.541983
v -0.38114 2.5676 -0.55858
vn -0.198413 -0.28912 0.936505
v -0.35844 2.5676 -0.55475
vn -0.126132 -0.422948 0.897333
v -0.33573 2.5449 -0.5923
vn 0.0485088 -0.986633 0.155572
v -0.33573 2.5464 -0.58527
vn 0.0396182 -0.912177 0.407876
v -0.31303 2.5485 -0.58527
vn 0.0821877 -0.942075 0.325176
v -0.33573 2.5578 -0.56257
vn 0.0198608 -0.837612 0.545905
v -0.31303 2.5585 -0.56257
vn 0.038271 -0.87008 0.491422
v -0.29032 2.5508 -0.58527
vn 0.101852 -0.960828 0.257752
v -0.26762 2.5531 -0.58527
vn 0.127261 -0.968513 0.213978
v -0.29032 2.5597 -0.56257
vn 0.0507277 -0.899633 0.43369
v -0.26762 2.5612 -0.56257
vn 0.0660248 -0.921066 0.383769
v -0.33573 2.5676 -0.55281
vn -0.120075 -0.534748 0.836437
v -0.31303 2.5676 -0.55113
vn -0.0566117 -0.72929 0.681859
v -0.29032 2.5676 -0.54965
vn -0.00803621 -0.830441 0.557048
v -0.26762 2.5676 -0.55014
vn 0.0415653 -0.858677 0.510828
v -0.40385 2.5796 -0.56257
vn -0.356122 -0.19556 0.913747
v -0.40599 2.5903 -0.56257
vn -0.380678 -0.0843365 0.920854
v -0.38114 2.5903 -0.55337
vn -0.248873 -0.177513 0.95213
v -0.35844 2.5903 -0.5474
vn -0.227528 -0.21213 0.950385
v -0.35844 2.613 -0.54732
vn -0.339686 -0.0352391 0.939879
v -0.35844 2.6357 -0.54597
vn -0.389163 -0.0546858 0.919544
v -0.38114 2.613 -0.55813
vn -0.429331 -0.0536159 0.901554
v -0.328 2.5903 -0.53986
vn -0.240268 -0.344848 0.907387
v -0.31303 2.5822 -0.53986
vn -0.171698 -0.53391 0.827925
v -0.33866 2.613 -0.53986
vn -0.383656 -0.0562967 0.921758
v -0.33573 2.6014 -0.53986
vn -0.325411 -0.109508 0.93921
v -0.31303 2.5903 -0.53599
vn -0.256221 -0.335529 0.906516
v -0.31303 2.613 -0.52846
vn -0.392516 -0.27597 0.877366
v -0.29032 2.576 -0.53986
vn -0.100911 -0.652656 0.750904
v -0.26762 2.5743 -0.53986
vn -0.0293051 -0.728568 0.684346
v -0.29032 2.5903 -0.52921
vn -0.240708 -0.540411 0.806236
v -0.26762 2.5903 -0.52411
vn -0.0638688 -0.726154 0.684559
v -0.29525 2.613 -0.51716
vn -0.653522 -0.447028 0.610798
v -0.29032 2.6084 -0.51716
vn -0.372517 -0.528283 0.762986
v -0.26762 2.5973 -0.51716
vn -0.237173 -0.708542 0.664618
v -0.34116 2.6357 -0.53986
vn -0.349516 -0.0463056 0.935785
v -0.33573 2.6357 -0.53756
vn -0.403206 -0.0423462 0.914129
v -0.30852 2.6357 -0.51716
vn -0.72888 -0.508855 0.458041
v -0.24491 2.5427 -0.67609
vn 0.257588 -0.949567 0.178806
v -0.23812 2.5449 -0.67609
vn 0.289173 -0.945368 0.150526
v -0.22221 2.5495 -0.67609
vn 0.252645 -0.957281 0.140656
v -0.25499 2.5449 -0.65339
vn 0.250427 -0.94421 0.213902
v -0.22221 2.5538 -0.65339
vn 0.263469 -0.94281 0.204189
v -0.1995 2.5554 -0.67609
vn 0.204851 -0.962338 0.178722
v -0.1768 2.5593 -0.67609
vn 0.117106 -0.972785 0.199941
v -0.1995 2.5604 -0.65339
vn 0.211445 -0.95401 0.2125
v -0.1768 2.5642 -0.65339
vn 0.112202 -0.968783 0.221064
v -0.24491 2.5529 -0.63068
vn 0.245326 -0.951489 0.185699
v -0.22221 2.5592 -0.63068
vn 0.256561 -0.952343 0.164981
v -0.24491 2.5561 -0.60798
vn 0.223151 -0.971269 0.082702
v -0.22221 2.5616 -0.60798
vn 0.238592 -0.969827 0.0500992
v -0.1995 2.5652 -0.63068
vn 0.235654 -0.963289 0.128617
v -0.18811 2.5676 -0.63068
vn 0.208531 -0.964088 0.164469
v -0.1768 2.5676 -0.63885
vn 0.128978 -0.968694 0.212123
v -0.1995 2.5676 -0.59708
vn 0.265327 -0.961322 0.073906
v -0.19721 2.5676 -0.60798
vn 0.271697 -0.957884 0.0929413
v -0.15409 2.5609 -0.67609
vn 0.0613739 -0.975432 0.21158
v -0.13139 2.5619 -0.67609
vn 0.0548826 -0.975677 0.212231
v -0.15409 2.56695 -0.650925
vn 0.0794875 -0.967652 0.239438
v -0.13457 2.5676 -0.65339
vn 0.0495031 -0.967197 0.249156
v -0.10868 2.5636 -0.67609
vn 0.0867273 -0.975672 0.20135
v -0.085977 2.5705 -0.65339
vn 0.0808942 -0.972769 0.217202
v -0.10868 2.5681 -0.65555
vn 0.0619256 -0.969419 0.23747
v -0.1768 2.5739 -0.60798
vn 0.217762 -0.960776 0.171726
v -0.15409 2.5721 -0.63068
vn 0.108574 -0.96652 0.232487
v -0.15409 2.5779 -0.60798
vn 0.123119 -0.969469 0.212067
v -0.13139 2.5796 -0.60798
vn 0.0537645 -0.976523 0.208596
v -0.10868 2.5806 -0.60798
vn 0.049616 -0.973929 0.221359
v -0.085977 2.5763 -0.63068
vn 0.0681909 -0.967645 0.242925
v -0.085977 2.5816 -0.60798
vn 0.0484206 -0.984531 0.168389
v -0.24491 2.5563 -0.58527
vn 0.171543 -0.973674 0.150106
v -0.22221 2.5617 -0.58527
vn 0.237269 -0.962841 0.129001
v -0.24491 2.5625 -0.56257
vn 0.138597 -0.944283 0.298531
v -0.219915 2.567 -0.56257
vn 0.230916 -0.934791 0.269894
v -0.201095 2.56815 -0.58527
vn 0.328258 -0.930795 0.160831
v -0.24491 2.5676 -0.55277
vn 0.111489 -0.856307 0.50429
v -0.22221 2.5676 -0.56012
vn 0.17361 -0.852586 0.492907
v -0.1768 2.5778 -0.58527
vn 0.275134 -0.94713 0.165064
v -0.1995 2.5734 -0.56257
vn 0.295576 -0.901563 0.315941
v -0.1768 2.5818 -0.56257
vn 0.246308 -0.928064 0.279337
v -0.24491 2.5761 -0.53986
vn 0.0664457 -0.783041 0.618411
v -0.22221 2.58 -0.53986
vn 0.153262 -0.837263 0.524882
v -0.24491 2.5903 -0.52267
vn 0.0341989 -0.80108 0.59758
v -0.22221 2.5903 -0.52438
vn 0.0704065 -0.851607 0.519432
v -0.24491 2.5943 -0.51716
vn -0.0867881 -0.825269 0.558031
v -0.22221 2.5944 -0.51716
vn 0.0375718 -0.875335 0.482054
v -0.1995 2.5841 -0.53986
vn 0.232774 -0.880689 0.412556
v -0.17698 2.59033 -0.53992
vn 0.214571 -0.893219 0.39512
v -0.1995 2.5903 -0.52865
vn 0.167095 -0.866702 0.470007
v -0.1995 2.5962 -0.51716
vn 0.106653 -0.887749 0.447803
v -0.1768 2.6012 -0.51716
vn 0.180216 -0.89613 0.405553
v -0.15409 2.5821 -0.58527
vn 0.123264 -0.976328 0.177735
v -0.13139 2.5832 -0.58527
vn 0.0339923 -0.985238 0.167782
v -0.15409 2.5865 -0.56257
vn 0.101454 -0.965619 0.239347
v -0.13139 2.5876 -0.56257
vn 0.0282915 -0.949228 0.313314
v -0.10868 2.5834 -0.58527
vn 0.0268068 -0.987082 0.157957
v -0.063271 2.5853 -0.58527
vn 0.0322132 -0.986881 0.158202
v -0.10868 2.5879 -0.56257
vn 0.032825 -0.972594 0.230183
v -0.085977 2.589 -0.56257
vn 0.0404476 -0.975576 0.215906
v -0.15409 2.5903 -0.55238
vn 0.135633 -0.920303 0.366941
v -0.15409 2.5955 -0.53986
vn 0.169687 -0.901095 0.399041
v -0.13139 2.5974 -0.53986
vn 0.0329072 -0.924675 0.379332
v -0.15409 2.6055 -0.51716
vn 0.094651 -0.925465 0.366818
v -0.13139 2.6063 -0.51716
vn 0.0312217 -0.93066 0.364551
v -0.10868 2.5903 -0.5571
vn 0.00545676 -0.927107 0.374757
v -0.085977 2.5903 -0.55837
vn 0.0238042 -0.944964 0.326307
v -0.10868 2.5975 -0.53986
vn 0.00332932 -0.918933 0.3944
v -0.085977 2.5968 -0.53986
vn -0.0001767 -0.91871 0.394932
v -0.10868 2.6073 -0.51716
vn 0.02616 -0.926166 0.376209
v -0.085977 2.6076 -0.51716
vn 0.00437489 -0.916212 0.40067
v -0.42655 2.6698 -0.51716
vn -0.00291112 -0.992828 0.11952
v -0.42655 2.6656 -0.53986
vn -0.0374004 -0.979673 0.197083
v -0.40385 2.6694 -0.51716
vn -0.0597078 -0.988448 0.139306
v -0.40385 2.6641 -0.53986
vn -0.12786 -0.957103 0.260012
v -0.38114 2.6669 -0.51716
vn -0.134967 -0.970247 0.201009
v -0.37874 2.6584 -0.53986
vn -0.337167 -0.78661 0.517265
v -0.35844 2.6584 -0.53203
vn -0.100363 -0.939183 0.328424
v -0.35844 2.6636 -0.51716
vn -0.117539 -0.972486 0.201138
v -0.33573 2.6584 -0.52759
vn -0.0759939 -0.948532 0.307427
v -0.33573 2.6614 -0.51716
vn -0.177153 -0.978599 0.104696
v -0.017861 2.5222 -0.87532
vn -0.162149 -0.96653 0.198816
v 0.0033152 2.5222 -0.85622
vn -0.175222 -0.960416 0.216559
v -0.063271 2.528 -0.85773
vn 0.0268644 -0.975476 0.218459
v -0.040566 2.5283 -0.85773
vn -0.0506738 -0.974628 0.218018
v -0.063271 2.5329 -0.83503
vn 0.0315625 -0.977304 0.209476
v -0.040566 2.5335 -0.83503
vn -0.027886 -0.974075 0.2245
v -0.017861 2.5255 -0.85773
vn -0.135534 -0.968489 0.20895
v -0.017861 2.531 -0.83503
vn -0.133974 -0.956203 0.260244
v 0.0048442 2.5268 -0.83503
vn -0.135186 -0.936971 0.322197
v -0.063271 2.5377 -0.81232
vn 0.0338293 -0.980633 0.192912
v -0.040566 2.5383 -0.81232
vn 0.00863568 -0.980188 0.197881
v -0.0519185 2.5421 -0.78962
vn 0.032013 -0.98233 0.184401
v -0.017861 2.5376 -0.81232
vn -0.0559016 -0.963887 0.260379
v 0.0048442 2.5355 -0.81232
vn -0.0785773 -0.938947 0.33497
v -0.017861 2.5431 -0.78962
vn 0.00534785 -0.97491 0.222535
v 0.0048442 2.5433 -0.78962
vn -0.0115857 -0.964689 0.263138
v 0.027549 2.5172 -0.85773
vn -0.165273 -0.962025 0.217241
v 0.050254 2.5139 -0.85773
vn -0.135524 -0.946813 0.291853
v 0.027549 2.5222 -0.8395
vn -0.130128 -0.952646 0.274831
v 0.047543 2.5222 -0.83503
vn -0.0610907 -0.907472 0.415646
v 0.072959 2.5098 -0.85773
vn -0.13427 -0.92849 0.346233
v 0.095665 2.5073 -0.85773
vn -0.0635207 -0.936521 0.34481
v 0.072959 2.5203 -0.83503
vn -0.0972881 -0.910878 0.401043
v 0.095665 2.5186 -0.83503
vn -0.0366232 -0.889301 0.455853
v 0.027549 2.5236 -0.83503
vn -0.0982062 -0.911622 0.399126
v 0.095665 2.5222 -0.82892
vn -0.0423101 -0.880973 0.471271
v 0.027549 2.5341 -0.81232
vn -0.0523278 -0.918441 0.392083
v 0.050254 2.5337 -0.81232
vn -0.0430114 -0.910865 0.410458
v 0.027549 2.5431 -0.78962
vn -0.0284963 -0.943288 0.33075
v 0.050254 2.5424 -0.78962
vn -0.0309153 -0.941771 0.334832
v 0.072959 2.5322 -0.81232
vn -0.0412284 -0.905912 0.421455
v 0.095665 2.5312 -0.81232
vn 0.0184594 -0.88962 0.456329
v 0.072959 2.5413 -0.78962
vn -0.0259349 -0.937414 0.347251
v 0.095665 2.5414 -0.78962
vn 0.0340702 -0.920976 0.388126
v -0.063271 2.5455 -0.76968
vn 0.030067 -0.975477 0.218036
v -0.017861 2.5449 -0.78196
vn 0.0349824 -0.97464 0.221025
v -0.040566 2.5475 -0.76691
vn 0.0627674 -0.964915 0.254951
v -0.063271 2.5518 -0.74421
vn 0.0596046 -0.966652 0.249061
v -0.040566 2.5539 -0.74421
vn 0.0480309 -0.966296 0.252914
v -0.017861 2.5487 -0.76691
vn 0.0126279 -0.971272 0.237637
v 0.0048442 2.5488 -0.76691
vn -0.0182652 -0.980899 0.19366
v -0.017861 2.5544 -0.74421
vn -0.0447162 -0.976164 0.212377
v 0.0048442 2.5529 -0.74421
vn -0.0664821 -0.984334 0.163297
v -0.063271 2.5579 -0.7215
vn 0.0802617 -0.967607 0.239362
v -0.040566 2.5599 -0.7215
vn 0.0243511 -0.975549 0.218428
v -0.063271 2.5632 -0.6988
vn 0.0672935 -0.976421 0.20512
v -0.040566 2.5644 -0.6988
vn 0.00865224 -0.982083 0.18825
v -0.017861 2.5594 -0.7215
vn -0.0738089 -0.976283 0.203528
v 0.0048442 2.5562 -0.7215
vn -0.12859 -0.978672 0.160203
v -0.017861 2.5636 -0.6988
vn -0.071205 -0.980048 0.185567
v 0.0048442 2.5602 -0.6988
vn -0.167466 -0.96997 0.176388
v 0.050254 2.5449 -0.78057
vn -0.0182035 -0.970044 0.242245
v 0.027549 2.5482 -0.76691
vn -0.0087534 -0.984187 0.176919
v 0.050254 2.5485 -0.76691
vn 0.00199302 -0.984397 0.17595
v 0.027549 2.5512 -0.74421
vn -0.0356396 -0.99363 0.10691
v 0.050254 2.5512 -0.74421
vn 0.0122931 -0.996797 0.0790256
v 0.072959 2.5449 -0.77891
vn -0.000366792 -0.956845 0.290599
v 0.095665 2.5449 -0.77994
vn 0.0411216 -0.952007 0.303301
v 0.072959 2.5485 -0.76691
vn 0.0123728 -0.98388 0.1784
v 0.095665 2.5488 -0.76691
vn 0.0307782 -0.97873 0.202829
v 0.072959 2.5519 -0.74421
vn 0.0124589 -0.99849 0.0535047
v 0.095665 2.5524 -0.74421
vn 0.0182429 -0.999821 -0.0050334
v 0.027549 2.5533 -0.7215
vn -0.106695 -0.988783 0.104518
v 0.050254 2.5513 -0.7215
vn -0.0515067 -0.998457 0.0207317
v 0.027549 2.556 -0.6988
vn -0.150985 -0.979449 0.133728
v 0.050254 2.5528 -0.6988
vn -0.123471 -0.987119 0.101737
v 0.072959 2.5503 -0.7215
vn -0.0254894 -0.997887 -0.0597692
v 0.095665 2.5496 -0.7215
vn -0.033334 -0.996035 -0.0824774
v 0.072959 2.5499 -0.6988
vn -0.089756 -0.994076 0.0612958
v 0.095665 2.5479 -0.6988
vn -0.0483783 -0.998603 0.0212588
v 0.11837 2.5072 -0.85773
vn 0.0299006 -0.931806 0.361722
v 0.14108 2.5092 -0.85773
vn 0.165417 -0.902624 0.397376
v 0.11837 2.5188 -0.83503
vn 0.0730547 -0.874044 0.480323
v 0.13973 2.5222 -0.83503
vn 0.159057 -0.832227 0.53113
v 0.16378 2.515 -0.85773
vn 0.207334 -0.926987 0.312581
v 0.18649 2.5194 -0.85773
vn 0.16922 -0.957032 0.235487
v 0.16378 2.5222 -0.84291
vn 0.144315 -0.874045 0.463916
v 0.18649 2.5222 -0.84874
vn 0.132089 -0.92134 0.36563
v 0.16378 2.5271 -0.83503
vn 0.120117 -0.831478 0.542416
v 0.18649 2.5282 -0.83503
vn 0.063317 -0.862532 0.502025
v 0.11837 2.5222 -0.82983
vn 0.0925896 -0.846258 0.524666
v 0.11837 2.5331 -0.81232
vn 0.116655 -0.887841 0.445117
v 0.14108 2.5376 -0.81232
vn 0.168411 -0.852772 0.494385
v 0.11837 2.5434 -0.78962
vn 0.0916118 -0.933027 0.347948
v 0.12814 2.5449 -0.78962
vn 0.161222 -0.928563 0.334333
v 0.14108 2.5449 -0.79643
vn 0.198539 -0.896871 0.395227
v 0.14108 2.5474 -0.78962
vn 0.211216 -0.940953 0.264566
v 0.16378 2.542 -0.81232
vn 0.073272 -0.84226 0.534068
v 0.18649 2.5449 -0.80851
vn 0.073449 -0.85313 0.516503
v 0.16378 2.5449 -0.80705
vn 0.129762 -0.895713 0.425277
v 0.16378 2.5529 -0.78962
vn 0.164546 -0.926508 0.33839
v 0.18649 2.5562 -0.78962
vn 0.166054 -0.911864 0.375407
v 0.20919 2.5231 -0.85773
vn 0.229687 -0.936871 0.26366
v 0.2319 2.5316 -0.85773
vn 0.423382 -0.852897 0.305474
v 0.20919 2.5308 -0.83503
vn 0.240213 -0.871282 0.427979
v 0.2319 2.5415 -0.83503
vn 0.529033 -0.770092 0.356486
v 0.24441 2.5449 -0.85773
vn 0.78845 -0.525901 0.319022
v 0.23529 2.5449 -0.83503
vn 0.822122 -0.433741 0.368761
v 0.24567 2.5676 -0.83503
vn 0.83894 -0.410217 0.357634
v 0.2097 2.54475 -0.81232
vn 0.262694 -0.807727 0.527795
v 0.2319 2.5449 -0.82984
vn 0.57563 -0.660442 0.482148
v 0.2319 2.5588 -0.81232
vn 0.627852 -0.613867 0.478507
v 0.20919 2.5595 -0.78962
vn 0.307877 -0.811579 0.496539
v 0.2319 2.5676 -0.80324
vn 0.794492 -0.445899 0.412257
v 0.22267 2.5676 -0.78962
vn 0.613567 -0.663656 0.427897
v 0.23658 2.5676 -0.81232
vn 0.866567 -0.290775 0.405599
v 0.2319 2.5796 -0.78962
vn 0.894178 -0.365316 0.258823
v 0.23815 2.5903 -0.81232
vn 0.95342 -0.188637 0.235386
v 0.23508 2.5903 -0.78962
vn 0.947916 -0.281717 0.148632
v 0.11837 2.5502 -0.76691
vn 0.0837357 -0.974943 0.206094
v 0.14108 2.5532 -0.76691
vn 0.173284 -0.96809 0.181037
v 0.11837 2.5531 -0.74421
vn 0.0709803 -0.997069 -0.0285436
v 0.14108 2.555 -0.74421
vn 0.151339 -0.986426 -0.063718
v 0.16378 2.5586 -0.76691
vn 0.200303 -0.967645 0.153433
v 0.18649 2.5636 -0.76691
vn 0.226174 -0.966227 0.12349
v 0.16378 2.5591 -0.74421
vn 0.192796 -0.976456 -0.0967647
v 0.18649 2.5639 -0.74421
vn 0.235178 -0.96588 -0.108478
v 0.11837 2.5494 -0.7215
vn 0.0256192 -0.99311 -0.114352
v 0.14108 2.5509 -0.7215
vn 0.108416 -0.984674 -0.136611
v 0.11837 2.5473 -0.6988
vn 0.0264078 -0.999302 0.0264061
v 0.14108 2.5487 -0.6988
vn 0.092082 -0.99564 -0.0149128
v 0.16378 2.5544 -0.7215
vn 0.168739 -0.974047 -0.150863
v 0.18649 2.5585 -0.7215
vn 0.258139 -0.951189 -0.169126
v 0.16378 2.5518 -0.6988
vn 0.15802 -0.987426 0.00434966
v 0.18649 2.5561 -0.6988
vn 0.25659 -0.966419 -0.0139819
v 0.20293 2.5676 -0.76691
vn 0.260001 -0.950811 0.1684
v 0.20919 2.5676 -0.77263
vn 0.444697 -0.79582 0.410992
v 0.19869 2.5676 -0.74421
vn 0.305766 -0.94852 -0.0825617
v 0.20919 2.5676 -0.72339
vn 0.524903 -0.831247 -0.183045
v 0.2102 2.5676 -0.7215
vn 0.474669 -0.870723 -0.128574
v 0.20919 2.5646 -0.6988
vn 0.343707 -0.939057 -0.0060437
v 0.21548 2.5676 -0.6988
vn 0.600618 -0.7958 -0.0771986
v 0.20919 2.5695 -0.76691
vn 0.638036 -0.763314 0.101304
v 0.2319 2.5903 -0.77246
vn 0.718156 -0.599602 0.353171
v 0.23095 2.5903 -0.76691
vn 0.678154 -0.733846 0.0397169
v 0.20919 2.5712 -0.74421
vn 0.601882 -0.79813 -0.0269439
v 0.23079 2.5903 -0.74421
vn 0.662283 -0.748962 -0.0209097
v 0.2319 2.5854 -0.7215
vn 0.701005 -0.696793 -0.151893
v 0.2319 2.5903 -0.73682
vn 0.664643 -0.729445 -0.161739
v 0.2319 2.582 -0.6988
vn 0.73142 -0.681374 -0.027483
v 0.23399 2.5903 -0.7215
vn 0.91658 -0.39095 -0.0838951
v 0.23538 2.5903 -0.6988
vn 0.922293 -0.386028 -0.0189101
v -0.064609 2.5676 -0.67657
vn 0.049753 -0.980129 0.192019
v -0.040566 2.5686 -0.67609
vn 0.0124608 -0.978735 0.204748
v -0.014736 2.5676 -0.67609
vn -0.0972814 -0.972517 0.211537
v 0.0048442 2.5648 -0.67609
vn -0.193998 -0.965071 0.176074
v 0.0048442 2.5676 -0.65824
vn -0.252914 -0.956899 0.142752
v 0.027549 2.5591 -0.67609
vn -0.191485 -0.970275 0.147986
v 0.050254 2.5558 -0.67609
vn -0.121153 -0.982401 0.142163
v 0.027549 2.5625 -0.65339
vn -0.200793 -0.97278 0.115678
v 0.050254 2.5589 -0.65339
vn -0.0971728 -0.98796 0.120387
v 0.072959 2.553 -0.67609
vn -0.0948623 -0.979036 0.180249
v 0.095665 2.5509 -0.67609
vn -0.0697986 -0.98027 0.18493
v 0.072959 2.5576 -0.65339
vn -0.0520326 -0.984591 0.166955
v 0.095665 2.5564 -0.65339
vn -0.0471671 -0.973678 0.222995
v 0.017258 2.5676 -0.63068
vn -0.289538 -0.948763 0.126557
v 0.027549 2.5648 -0.63068
vn -0.189397 -0.974961 0.116533
v 0.050254 2.5609 -0.63068
vn -0.087913 -0.989743 0.11261
v 0.028176 2.5676 -0.60798
vn -0.242302 -0.951732 0.188402
v 0.050254 2.5639 -0.60798
vn -0.103453 -0.981909 0.158596
v 0.072959 2.5606 -0.63068
vn -0.00612109 -0.992033 0.125829
v 0.095665 2.5612 -0.63068
vn 0.00434527 -0.987428 0.15801
v 0.072959 2.5638 -0.60798
vn 0.00512521 -0.985697 0.168448
v 0.095665 2.5642 -0.60798
vn 0.00435077 -0.988342 0.152189
v -0.063271 2.5721 -0.65339
vn 0.0704867 -0.971625 0.225778
v -0.040566 2.574 -0.65339
vn 0.0320421 -0.970078 0.240671
v -0.017861 2.574 -0.65339
vn -0.13296 -0.967288 0.216044
v -0.063271 2.5782 -0.63068
vn 0.0726849 -0.970769 0.228745
v -0.040566 2.58 -0.63068
vn -0.00361336 -0.985316 0.170704
v -0.063271 2.5825 -0.60798
vn 0.0370181 -0.988924 0.14373
v -0.040566 2.5828 -0.60798
vn -0.0371072 -0.99126 0.1266
v -0.017861 2.5789 -0.63068
vn -0.153166 -0.975106 0.160337
v 0.0048442 2.572 -0.63068
vn -0.286983 -0.945147 0.156006
v -0.017861 2.5806 -0.60798
vn -0.147608 -0.980894 0.126724
v 0.0048442 2.5752 -0.60798
vn -0.273288 -0.948072 0.162704
v 0.050254 2.5676 -0.59164
vn -0.100067 -0.965929 0.238678
v 0.072959 2.5676 -0.5904
vn -0.0023768 -0.972935 0.231065
v 0.095665 2.5676 -0.5917
vn -0.0114293 -0.97728 0.211642
v -0.040566 2.5856 -0.58527
vn -0.0231161 -0.984196 0.175569
v -0.063271 2.59005 -0.56168
vn 0.0308349 -0.964953 0.260603
v -0.040566 2.5903 -0.56178
vn -0.0132686 -0.96191 0.273043
v -0.017861 2.584 -0.58527
vn -0.113696 -0.974148 0.195217
v 0.0048442 2.5798 -0.58527
vn -0.198428 -0.945145 0.259475
v -0.017861 2.5892 -0.56257
vn -0.0651758 -0.9728 0.22229
v 0.0048442 2.5871 -0.56257
vn -0.122266 -0.946188 0.299632
v -0.063271 2.5971 -0.53986
vn 0.0381772 -0.929632 0.366506
v -0.040566 2.5987 -0.53986
vn 0.0368953 -0.91724 0.396622
v -0.063271 2.6079 -0.51716
vn 0.042499 -0.908263 0.416235
v -0.040566 2.6097 -0.51716
vn 0.07051 -0.898579 0.433109
v -0.017861 2.5903 -0.55916
vn -0.0337022 -0.915983 0.3998
v 0.0048442 2.5903 -0.55522
vn -0.05505 -0.872225 0.485998
v -0.017861 2.5997 -0.53986
vn 0.0282296 -0.881943 0.47051
v 0.0048442 2.6001 -0.53986
vn 0.0464018 -0.82206 0.567507
v -0.0090675 2.613 -0.51716
vn 0.109357 -0.894568 0.433346
v 0.0048442 2.6153 -0.51716
vn 0.204212 -0.816179 0.540508
v 0.027549 2.5739 -0.58527
vn -0.207088 -0.920909 0.330213
v 0.050254 2.5695 -0.58527
vn -0.0907518 -0.904221 0.417312
v 0.027549 2.5841 -0.56257
vn -0.123452 -0.891158 0.436575
v 0.050254 2.5815 -0.56257
vn -0.0458845 -0.856266 0.514494
v 0.072959 2.569 -0.58527
vn 0.0102814 -0.889268 0.457272
v 0.095665 2.5694 -0.58527
vn 0.0070932 -0.863023 0.505116
v 0.072959 2.5825 -0.56257
vn 0.043435 -0.821988 0.567846
v 0.095665 2.5842 -0.56257
vn 0.0273532 -0.794526 0.606614
v 0.027549 2.5903 -0.55263
vn -0.0269094 -0.80973 0.586185
v 0.050254 2.5903 -0.55155
vn 0.0142017 -0.743311 0.668796
v 0.027549 2.6012 -0.53986
vn 0.0576658 -0.720834 0.690705
v 0.050254 2.6036 -0.53986
vn 0.100164 -0.629956 0.770145
v 0.027549 2.613 -0.52671
vn 0.156339 -0.727159 0.66843
v 0.050254 2.613 -0.53232
vn 0.245119 -0.466796 0.849717
v 0.072959 2.5903 -0.55375
vn 0.0957866 -0.651777 0.752338
v 0.095665 2.5903 -0.55639
vn 0.0730731 -0.601477 0.795541
v 0.072959 2.6089 -0.53986
vn 0.14394 -0.588218 0.79579
v 0.089913 2.613 -0.53986
vn 0.111754 -0.409425 0.905473
v 0.072959 2.613 -0.53731
vn 0.176305 -0.330105 0.927333
v 0.027549 2.6249 -0.51716
vn 0.379811 -0.683644 0.623197
v 0.038714 2.6357 -0.51716
vn 0.688046 -0.446535 0.572013
v 0.050254 2.6357 -0.52486
vn 0.388299 -0.149225 0.909371
v 0.046624 2.6584 -0.51716
vn 0.859325 -0.382401 0.339603
v 0.050254 2.6584 -0.52259
vn 0.446892 -0.227737 0.865115
v 0.072959 2.6357 -0.53032
vn 0.153875 -0.170713 0.973232
v 0.095665 2.6357 -0.53318
vn 0.111991 -0.201274 0.973112
v 0.072959 2.6584 -0.53133
vn 0.210334 -0.303039 0.929477
v 0.095665 2.6584 -0.53137
vn 0.0954039 -0.220321 0.970751
v 0.11837 2.5497 -0.67609
vn -0.0017367 -0.986282 0.16506
v 0.14108 2.5511 -0.67609
vn 0.0975368 -0.981176 0.166676
v 0.11837 2.5553 -0.65339
vn 0.00711413 -0.969537 0.24484
v 0.14108 2.5568 -0.65339
vn 0.08682 -0.969509 0.229161
v 0.16378 2.5546 -0.67609
vn 0.155113 -0.973758 0.166542
v 0.18649 2.5585 -0.67609
vn 0.219897 -0.969428 0.108884
v 0.16378 2.5594 -0.65339
vn 0.0923226 -0.982652 0.160849
v 0.18649 2.5612 -0.65339
vn 0.164452 -0.983687 0.0729095
v 0.11837 2.5613 -0.63068
vn 0.00379748 -0.985104 0.171919
v 0.14108 2.5618 -0.63068
vn 0.016055 -0.993624 0.111599
v 0.11837 2.564 -0.60798
vn -0.019747 -0.986947 0.159829
v 0.14108 2.5633 -0.60798
vn -0.0281983 -0.986964 0.158452
v 0.16378 2.5619 -0.63068
vn 0.0140807 -0.998893 0.0448736
v 0.18649 2.5617 -0.63068
vn 0.130011 -0.991467 0.00954035
v 0.16378 2.5617 -0.60798
vn -0.0177892 -0.992275 0.122772
v 0.18649 2.5618 -0.60798
vn 0.131187 -0.981919 0.136472
v 0.20919 2.5649 -0.67609
vn 0.295229 -0.953592 0.0591796
v 0.21534 2.5676 -0.67609
vn 0.620448 -0.783568 0.0326426
v 0.20919 2.5667 -0.65339
vn 0.24607 -0.967345 0.0607706
v 0.21165 2.5676 -0.65339
vn 0.544008 -0.83809 0.0407537
v 0.209132 2.56762 -0.631895
vn 0.364453 -0.930813 0.0276016
v 0.20919 2.568 -0.60798
vn 0.381775 -0.917889 0.108291
v 0.2319 2.5827 -0.67609
vn 0.78155 -0.623772 0.00943583
v 0.2319 2.5826 -0.65339
vn 0.722868 -0.690986 -0.000913851
v 0.23503 2.5903 -0.67609
vn 0.91569 -0.401857 -0.00481642
v 0.23569 2.5903 -0.65339
vn 0.968483 -0.236381 -0.0785132
v 0.2319 2.5813 -0.63068
vn 0.591815 -0.806058 0.00511488
v 0.2319 2.5815 -0.60798
vn 0.600714 -0.789173 0.127866
v 0.23783 2.5903 -0.63068
vn 0.951934 -0.294099 -0.0856052
v 0.23741 2.613 -0.65339
vn 0.985462 -0.110702 -0.128878
v 0.24121 2.613 -0.63068
vn 0.974861 -0.177934 -0.134113
v 0.23947 2.5903 -0.60798
vn 0.929531 -0.368636 0.00896605
v 0.24514 2.613 -0.60798
vn 0.96544 -0.241149 -0.0988612
v 0.14108 2.5681 -0.58527
vn -0.0139522 -0.891541 0.452726
v 0.16378 2.5676 -0.58728
vn -0.0158588 -0.965628 0.259443
v 0.18649 2.5676 -0.58823
vn 0.126034 -0.952957 0.275659
v 0.11837 2.584 -0.56257
vn -0.00237617 -0.794022 0.607884
v 0.14108 2.5847 -0.56257
vn 0.0557658 -0.758486 0.649299
v 0.16378 2.5683 -0.58527
vn 0.0584294 -0.764059 0.642495
v 0.18649 2.5687 -0.58527
vn 0.0880311 -0.731506 0.676128
v 0.17342 2.5903 -0.56257
vn 0.0931725 -0.595558 0.797891
v 0.18649 2.5903 -0.56436
vn 0.134523 -0.688561 0.712592
v 0.18649 2.5927 -0.56257
vn 0.116043 -0.49287 0.86233
v 0.11837 2.5903 -0.55733
vn 0.0614313 -0.547736 0.834393
v 0.14108 2.5903 -0.55883
vn 0.0925037 -0.491055 0.866203
v 0.11837 2.613 -0.54328
vn 0.0957758 -0.490865 0.865955
v 0.14108 2.613 -0.54661
vn 0.12571 -0.407373 0.904569
v 0.16378 2.613 -0.55024
vn 0.11628 -0.367311 0.922801
v 0.18649 2.613 -0.55227
vn 0.100606 -0.367668 0.924499
v 0.11837 2.6234 -0.53986
vn 0.13136 -0.292934 0.947066
v 0.14228 2.6357 -0.53986
vn 0.145214 -0.214337 0.965905
v 0.11837 2.6584 -0.53254
vn 0.104098 -0.203981 0.973425
v 0.14108 2.6584 -0.53601
vn 0.160497 -0.216193 0.963069
v 0.16378 2.6357 -0.54338
vn 0.137503 -0.183944 0.973272
v 0.18649 2.6357 -0.54589
vn 0.109956 -0.178617 0.977755
v 0.16081 2.6584 -0.53986
vn 0.152097 -0.188075 0.970306
v 0.18649 2.6584 -0.54392
vn 0.133311 -0.100051 0.986011
v 0.20919 2.5739 -0.58527
vn 0.337288 -0.810928 0.478155
v 0.2319 2.5882 -0.58527
vn 0.586712 -0.770525 0.249119
v 0.20919 2.5903 -0.56865
vn 0.268128 -0.650159 0.710915
v 0.2319 2.5903 -0.5819
vn 0.526822 -0.555009 0.643757
v 0.20919 2.5985 -0.56257
vn 0.265177 -0.511943 0.817065
v 0.22944 2.613 -0.56257
vn 0.382316 -0.492413 0.781898
v 0.2319 2.613 -0.56425
vn 0.755823 -0.372811 0.538278
v 0.2342 2.5903 -0.58527
vn 0.844818 -0.475554 0.245217
v 0.24586 2.613 -0.58527
vn 0.896681 -0.273221 0.348301
v 0.2319 2.6187 -0.56257
vn 0.673038 -0.154899 0.723206
v 0.2447 2.6357 -0.58527
vn 0.887813 -0.0590382 0.456403
v 0.2357 2.6357 -0.56257
vn 0.855445 -0.16086 0.492278
v 0.20919 2.613 -0.55509
vn 0.239269 -0.331279 0.912691
v 0.20919 2.6357 -0.54843
vn 0.28734 -0.164207 0.943648
v 0.2319 2.6357 -0.55899
vn 0.500453 -0.0863898 0.861443
v 0.20919 2.6584 -0.54711
vn 0.289469 -0.187827 0.938578
v 0.2319 2.6584 -0.55825
vn 0.507088 -0.283773 0.81384
v 0.23554 2.6584 -0.56257
vn 0.730509 -0.166223 0.662364
v 0.050254 2.6627 -0.51716
vn 0.49232 -0.766469 0.412487
v 0.072959 2.6772 -0.51716
vn 0.478795 -0.82481 0.300738
v 0.081712 2.6811 -0.51716
vn 0.26053 -0.791401 0.552999
v 0.095665 2.6811 -0.52432
vn 0.222031 -0.462132 0.858566
v 0.095665 2.6848 -0.51716
vn 0.18994 -0.954448 0.230111
v 0.2546 2.6864 -0.6988
vn 0.542713 -0.838222 -0.0533557
v 0.2546 2.6843 -0.67609
vn 0.549469 -0.835093 -0.0265268
v 0.24797 2.6811 -0.67609
vn 0.434186 -0.899563 -0.0476242
v 0.2486 2.6811 -0.65339
vn 0.465429 -0.884742 0.0246497
v 0.2546 2.6844 -0.65339
vn 0.553409 -0.831844 0.042133
v 0.2546 2.6866 -0.63068
vn 0.528579 -0.848869 0.00509367
v 0.2546 2.6855 -0.60798
vn 0.528803 -0.84571 -0.0717067
v 0.11837 2.6811 -0.52664
vn 0.0823209 -0.499638 0.862314
v 0.14108 2.6811 -0.52874
vn 0.0927139 -0.489534 0.867041
v 0.16378 2.6811 -0.53043
vn 0.0668767 -0.651644 0.755571
v 0.16378 2.6608 -0.53986
vn 0.162898 -0.415669 0.894809
v 0.18649 2.6697 -0.53986
vn 0.162898 -0.415669 0.894809
v 0.18649 2.6811 -0.53165
vn 0.0450533 -0.875388 0.481318
v 0.2546 2.6825 -0.58527
vn 0.559235 -0.828959 -0.00912683
v 0.253 2.6811 -0.58527
vn 0.634685 -0.771085 0.051016
v 0.24966 2.6811 -0.56257
vn 0.67585 -0.522318 0.52001
v 0.2546 2.685 -0.56257
vn 0.525097 -0.839419 0.140173
v 0.22205 2.6811 -0.53986
vn 0.269553 -0.74169 0.614196
v 0.2319 2.6811 -0.54387
vn 0.570614 -0.43947 0.693733
v 0.20919 2.6811 -0.53565
vn 0.101426 -0.892593 0.439306
v 0.2319 2.6844 -0.53986
vn 0.323922 -0.886008 0.331759
v 0.30001 2.4995 -1.0267
vn 0.087717 0.0236913 0.995864
v 0.30001 2.5222 -1.0287
vn 0.0957166 0.166147 0.981445
v 0.30001 2.557 -1.0394
vn 0.16738 0.36888 0.914282
v 0.30001 2.5676 -1.0444
vn 0.195517 0.288701 0.937243
v 0.30001 2.5449 -1.0351
vn 0.140751 0.276989 0.950509
v 0.30001 2.6292 -1.0394
vn 0.0912632 -0.677537 0.729804
v 0.30001 2.6357 -1.0342
vn 0.0373221 -0.581657 0.812578
v 0.30001 2.6584 -1.0191
vn 0.0263849 -0.563869 0.825442
v 0.30001 2.6622 -1.0167
vn 0.108692 -0.661148 0.742341
v 0.28294 2.6811 -0.99397
vn 0.162198 -0.816387 0.55426
v 0.30001 2.6811 -0.99886
vn 0.160864 -0.721439 0.673534
v 0.30001 2.6845 -0.99397
vn 0.158969 -0.890662 0.42597
v -0.26762 2.613 -0.49737
vn -0.359228 -0.757442 0.545195
v -0.29032 2.613 -0.51297
vn -0.372672 -0.74133 0.558163
v -0.32052 2.6584 -0.49445
vn -0.381762 -0.923738 0.0310732
v -0.32105 2.6584 -0.51716
vn -0.386813 -0.922114 0.00902692
v -0.31303 2.6521 -0.49445
vn -0.743579 -0.661084 0.10029
v -0.31935 2.6584 -0.47175
vn -0.41995 -0.906608 0.0412714
v -0.31303 2.6535 -0.47175
vn -0.715901 -0.691376 0.097391
v -0.30132 2.6357 -0.49445
vn -0.742648 -0.648309 0.16784
v -0.29032 2.6251 -0.49445
vn -0.533995 -0.764813 0.360431
v -0.26762 2.6146 -0.49445
vn -0.354451 -0.858007 0.371738
v -0.29577 2.6357 -0.47175
vn -0.672934 -0.723435 0.154276
v -0.29032 2.6322 -0.47175
vn -0.348486 -0.912704 0.213375
v -0.26762 2.6241 -0.47175
vn -0.2785 -0.917433 0.284175
v -0.31587 2.6584 -0.44904
vn -0.367455 -0.928816 0.0477284
v -0.31303 2.6563 -0.44904
vn -0.65106 -0.749172 0.121915
v -0.31303 2.6584 -0.42073
vn -0.440968 -0.895954 0.0530483
v -0.29032 2.6357 -0.45052
vn -0.472064 -0.867068 0.159212
v -0.26762 2.629 -0.44904
vn -0.260327 -0.951989 0.16108
v -0.28009 2.6357 -0.42634
vn -0.356401 -0.922327 0.149301
v -0.26762 2.6322 -0.42634
vn -0.217974 -0.967412 0.128845
v -0.29032 2.6413 -0.42634
vn -0.583494 -0.802113 0.127079
v -0.268795 2.63535 -0.40363
vn -0.274622 -0.951599 0.137996
v -0.31303 2.6595 -0.40363
vn -0.430568 -0.900442 0.0617656
v -0.29032 2.6448 -0.40363
vn -0.508669 -0.85152 0.127161
v -0.26103 2.613 -0.49445
vn -0.168132 -0.842526 0.511744
v -0.24491 2.6093 -0.49445
vn -0.144243 -0.835772 0.529791
v -0.22221 2.6063 -0.49445
vn -0.0240888 -0.89079 0.453777
v -0.24491 2.613 -0.48766
vn -0.171102 -0.913976 0.367928
v -0.22221 2.613 -0.4777
vn -0.0703462 -0.962529 0.261897
v -0.1995 2.6071 -0.49445
vn 0.102339 -0.918373 0.382254
v -0.16253 2.613 -0.49445
vn 0.132451 -0.93555 0.327418
v -0.1995 2.613 -0.47753
vn 0.082979 -0.968592 0.234403
v -0.24491 2.6183 -0.47175
vn -0.196671 -0.949212 0.245597
v -0.1768 2.6159 -0.47175
vn 0.0845111 -0.979297 0.183943
v -0.24491 2.6237 -0.44904
vn -0.201146 -0.958093 0.203955
v -0.22221 2.619 -0.44904
vn -0.110725 -0.966881 0.229959
v -0.24491 2.6275 -0.42634
vn -0.187087 -0.971033 0.148635
v -0.22221 2.6247 -0.42634
vn -0.112485 -0.969788 0.216467
v -0.1995 2.6181 -0.44904
vn 0.0329758 -0.976522 0.21288
v -0.1768 2.6205 -0.44904
vn 0.1043 -0.966591 0.234142
v -0.1995 2.6243 -0.42634
vn 0.0350975 -0.965939 0.256378
v -0.1768 2.6265 -0.42634
vn 0.112814 -0.960627 0.253906
v -0.15409 2.613 -0.49715
vn 0.0430764 -0.965887 0.255356
v -0.120035 2.613 -0.50057
vn 0.0331236 -0.944422 0.327064
v -0.063271 2.613 -0.50456
vn 0.029135 -0.942793 0.332102
v -0.13139 2.6142 -0.49445
vn 0.0433333 -0.975406 0.216113
v -0.15409 2.6178 -0.47175
vn 0.0761605 -0.975025 0.208627
v -0.13139 2.6195 -0.47175
vn 0.0598505 -0.970636 0.232987
v -0.10868 2.6151 -0.49445
vn 0.0285397 -0.968051 0.249124
v -0.10868 2.6208 -0.47175
vn 0.037098 -0.971872 0.232571
v -0.085977 2.6214 -0.47175
vn 0.0313238 -0.969763 0.242031
v -0.15409 2.6234 -0.44904
vn 0.0949045 -0.964853 0.245057
v -0.13139 2.6249 -0.44904
vn 0.0485203 -0.972038 0.229755
v -0.15409 2.6294 -0.42634
vn 0.072412 -0.967008 0.244239
v -0.13139 2.6301 -0.42634
vn 0.0403643 -0.973337 0.225801
v -0.085977 2.627 -0.44904
vn 0.0504747 -0.968499 0.243848
v -0.10868 2.6312 -0.42634
vn 0.0569436 -0.969647 0.237787
v -0.085977 2.6329 -0.42634
vn 0.0483371 -0.96842 0.244593
v -0.24491 2.6306 -0.40363
vn -0.194873 -0.972657 0.126345
v -0.42655 2.6716 -0.49445
vn 0.012464 -0.999353 0.0337396
v -0.40385 2.6711 -0.49445
vn -0.0362203 -0.998941 0.0283761
v -0.42655 2.6715 -0.47175
vn 0.023484 -0.999707 -0.0058734
v -0.38114 2.6693 -0.49445
vn -0.0935713 -0.992834 0.0743344
v -0.35844 2.667 -0.49445
vn -0.130593 -0.988335 0.0783549
v -0.38114 2.6703 -0.47175
vn -0.0811628 -0.996133 0.0336377
v -0.35844 2.668 -0.47175
vn -0.135911 -0.990107 0.0348826
v -0.42655 2.6708 -0.44904
vn 0.0731305 -0.996291 -0.045345
v -0.40385 2.6719 -0.44904
vn 0.00176403 -0.999952 -0.00968823
v -0.42655 2.6696 -0.42634
vn 0.101987 -0.992426 -0.0684765
v -0.40385 2.6713 -0.42634
vn 0.00219857 -0.998604 -0.0527819
v -0.38114 2.6709 -0.44904
vn -0.0721661 -0.997383 -0.00439524
v -0.35844 2.6687 -0.44904
vn -0.118089 -0.993003 -0.000724836
v -0.38114 2.6697 -0.42634
vn -0.0665786 -0.996749 -0.0453658
v -0.35844 2.6681 -0.42634
vn -0.0768434 -0.997036 -0.00365468
v -0.33573 2.6636 -0.49445
vn -0.19257 -0.978269 0.0768586
v -0.33573 2.664 -0.47175
vn -0.232775 -0.97213 0.0279184
v -0.33573 2.6657 -0.42634
vn -0.227627 -0.973254 0.0310319
v -0.42655 2.6681 -0.40363
vn 0.113611 -0.992198 -0.0513391
v -0.40385 2.6695 -0.40363
vn 0.0109843 -0.997908 -0.0637078
v -0.42655 2.6673 -0.38093
vn 0.113708 -0.993167 -0.0262503
v -0.38114 2.669 -0.40363
vn -0.0396033 -0.999085 -0.0161339
v -0.35844 2.6684 -0.40363
vn -0.0549619 -0.998401 0.0131859
v -0.33573 2.6665 -0.40363
vn -0.203652 -0.978436 0.0344808
v -0.040566 2.613 -0.509
vn 0.0838649 -0.937034 0.33902
v -0.063271 2.616 -0.49445
vn 0.0378127 -0.963407 0.265362
v -0.040566 2.6176 -0.49445
vn 0.0873148 -0.955608 0.281406
v -0.063271 2.6222 -0.47175
vn 0.0587564 -0.964439 0.257694
v -0.040566 2.6242 -0.47175
vn 0.107827 -0.960123 0.257949
v -0.017861 2.6204 -0.49445
vn 0.16319 -0.93211 0.323326
v 0.0048442 2.6266 -0.49445
vn 0.3013 -0.887746 0.34803
v -0.017861 2.6279 -0.47175
vn 0.19647 -0.951063 0.23849
v 0.013914 2.6357 -0.47175
vn 0.292824 -0.929941 0.222404
v -0.063271 2.6281 -0.44904
vn 0.0498361 -0.969864 0.238497
v -0.040566 2.6292 -0.44904
vn 0.0900872 -0.973961 0.208049
v -0.063271 2.6357 -0.41648
vn 0.0258983 -0.979309 0.200707
v -0.040566 2.6338 -0.42634
vn 0.0782195 -0.980419 0.180721
v -0.017861 2.6324 -0.44904
vn 0.145198 -0.97382 0.174905
v -0.0018172 2.6357 -0.44904
vn 0.210015 -0.966086 0.15024
v 0.0048442 2.6357 -0.45975
vn 0.263681 -0.948328 0.176486
v 0.0048442 2.6374 -0.44904
vn 0.296627 -0.946818 0.124694
v -0.0179687 2.6357 -0.426433
vn 0.164688 -0.983814 0.0706289
v 0.0048442 2.6401 -0.42634
vn 0.249668 -0.960715 0.121213
v 0.027549 2.6357 -0.50028
vn 0.586061 -0.698429 0.410767
v 0.025293 2.6357 -0.49445
vn 0.424661 -0.884328 0.193976
v 0.027549 2.6377 -0.49445
vn 0.756645 -0.638446 0.140981
v 0.044447 2.6584 -0.49445
vn 0.766411 -0.630572 0.122447
v 0.027549 2.642 -0.47175
vn 0.599619 -0.798039 0.0599153
v 0.050254 2.6601 -0.47175
vn 0.601434 -0.787132 -0.136747
v 0.027549 2.6449 -0.44904
vn 0.405889 -0.909151 0.0932626
v 0.050254 2.6584 -0.46455
vn 0.563039 -0.823354 -0.0712335
v 0.050254 2.6561 -0.44904
vn 0.456167 -0.880268 -0.130538
v 0.0536 2.6584 -0.44904
vn 0.596596 -0.792154 -0.128705
v 0.050254 2.6641 -0.49445
vn 0.577276 -0.815863 -0.0334578
v 0.072959 2.6785 -0.49445
vn 0.496942 -0.867429 -0.0248346
v 0.079928 2.6811 -0.49445
vn 0.305263 -0.951802 -0.0297781
v 0.095665 2.6847 -0.49445
vn 0.228538 -0.973321 -0.0204153
v 0.072959 2.6759 -0.47175
vn 0.511263 -0.851596 -0.115735
v 0.08583 2.6811 -0.47175
vn 0.319628 -0.944832 -0.0716223
v 0.095665 2.6832 -0.47175
vn 0.249951 -0.967867 -0.027526
v 0.072959 2.6732 -0.44904
vn 0.521307 -0.847709 -0.098121
v 0.088965 2.6811 -0.44904
vn 0.33545 -0.941021 -0.0441852
v 0.095665 2.6827 -0.44904
vn 0.274623 -0.961319 -0.0211636
v 0.27446 2.6811 -0.33552
vn -0.299563 -0.565758 -0.768231
v 0.27731 2.6799 -0.33552
vn -0.32543 -0.772929 -0.544679
v 0.24157 2.6811 -0.31281
vn -0.329577 -0.891606 -0.310513
v 0.2546 2.6811 -0.32664
vn -0.271832 -0.813146 -0.514685
v 0.2546 2.6766 -0.31281
vn -0.31201 -0.903458 -0.293961
v 0.27731 2.6643 -0.31281
vn -0.327862 -0.778704 -0.534908
v -0.44926 2.6666 -0.63068
vn -0.0761388 -0.987634 -0.13705
v -0.44926 2.6636 -0.60798
vn -0.0376439 -0.993848 -0.104159
v -0.44926 2.6616 -0.58527
vn -0.0351857 -0.998597 -0.0395845
v -0.40878 2.6584 -0.56257
vn -0.196833 -0.973878 0.11322
v -0.41153 2.6584 -0.58527
vn -0.212992 -0.976781 -0.023095
v -0.40385 2.6549 -0.58527
vn -0.706469 -0.705287 0.0589226
v -0.40385 2.6571 -0.56257
vn -0.7206 -0.665057 0.196046
v -0.3925 2.6357 -0.58527
vn -0.762937 -0.615234 0.198532
v -0.38246 2.6357 -0.56257
vn -0.709166 -0.545909 0.446169
v -0.40385 2.5961 -0.56257
vn -0.304483 0.266944 0.914347
v -0.38872 2.613 -0.56257
vn -0.39096 0.222356 0.893145
v -0.40385 2.6584 -0.55834
vn -0.289262 -0.922435 0.255815
v -0.38114 2.6357 -0.56126
vn -0.460697 -0.563973 0.685341
v -0.38114 2.6584 -0.54102
vn -0.24109 -0.903093 0.355385
v -0.42655 2.6614 -0.58527
vn -0.0552489 -0.996826 -0.0573268
v -0.42655 2.6641 -0.60798
vn -0.0656565 -0.990865 -0.117798
v -0.42655 2.661 -0.56257
vn -0.101236 -0.99155 0.0811137
v 0.20919 2.6764 -0.53986
vn 0.135686 -0.495045 0.858207
v -0.1995 2.6297 -0.40363
vn 0.0840397 -0.964196 0.251521
v -0.22221 2.6292 -0.40363
vn 0.036146 -0.971445 0.234497
v -0.15409 2.6356 -0.403275
vn 0.0678288 -0.967024 0.245486
v -0.22221 2.6342 -0.38093
vn 0.0434456 -0.972384 0.229306
v -0.20045 2.6357 -0.38093
vn 0.0899226 -0.96842 0.232545
v -0.1768 2.6357 -0.39398
vn 0.114995 -0.963689 0.240998
v -0.24491 2.6357 -0.37777
vn -0.0429015 -0.978073 0.203794
v -0.25068 2.6357 -0.38093
vn -0.0968447 -0.979465 0.176833
v -0.22221 2.6357 -0.3754
vn 0.0279643 -0.977108 0.210899
v -0.24491 2.6391 -0.35822
vn -0.00460103 -0.983166 0.182656
v -0.22221 2.6394 -0.35822
vn 0.0388311 -0.979642 0.196963
v -0.24491 2.6431 -0.33552
vn 0.00868605 -0.986246 0.165059
v -0.22221 2.644 -0.33552
vn 0.0569796 -0.982611 0.176717
v -0.1995 2.6409 -0.35822
vn 0.0949513 -0.972504 0.212651
v -0.1768 2.6441 -0.35822
vn 0.1097 -0.970406 0.215124
v -0.1995 2.6457 -0.33552
vn 0.108148 -0.975709 0.190514
v -0.1768 2.6487 -0.33552
vn 0.08289 -0.981934 0.170104
v -0.13139 2.635 -0.40363
vn -0.00509964 -0.977936 0.208841
v -0.15409 2.6407 -0.38093
vn 0.0227906 -0.97381 0.226219
v -0.13139 2.6401 -0.38093
vn -0.0287643 -0.976184 0.215029
v -0.10868 2.63535 -0.401825
vn 0.00883572 -0.982398 0.186589
v -0.097034 2.6357 -0.40363
vn 0.0605861 -0.985992 0.155399
v -0.085977 2.6357 -0.41007
vn 0.0643753 -0.985196 0.158886
v -0.10868 2.6394 -0.38093
vn 0.00505389 -0.980944 0.194223
v -0.085977 2.64 -0.38093
vn 0.0440939 -0.98403 0.172457
v -0.15409 2.6461 -0.35822
vn 0.0173212 -0.983039 0.182578
v -0.13139 2.6454 -0.35822
vn -0.0374818 -0.981977 0.185247
v -0.15409 2.6495 -0.33552
vn -0.0167662 -0.99295 0.117343
v -0.10868 2.6477 -0.33552
vn -0.0312117 -0.993501 0.109462
v -0.10868 2.6442 -0.35822
vn -0.0179332 -0.982938 0.183059
v -0.085977 2.644 -0.35822
vn 0.0390495 -0.985104 0.167467
v -0.085977 2.6477 -0.33552
vn 0.0336749 -0.991062 0.129082
v -0.29032 2.6534 -0.31281
vn -0.209003 -0.961801 0.176793
v -0.26762 2.6479 -0.31281
vn -0.0996717 -0.973499 0.205827
v -0.26762 2.6444 -0.33552
vn -0.0608541 -0.987144 0.147793
v -0.24491 2.6464 -0.31281
vn -0.00722015 -0.983423 0.181181
v -0.22221 2.6476 -0.31281
vn 0.0717079 -0.976861 0.201496
v -0.1995 2.6501 -0.31281
vn 0.098839 -0.975704 0.195532
v -0.1768 2.652 -0.31281
vn 0.0273115 -0.986513 0.161386
v -0.15409 2.6517 -0.31281
vn -0.0444527 -0.989473 0.137718
v -0.13139 2.6501 -0.31281
vn -0.042881 -0.990089 0.133733
v -0.10868 2.6492 -0.31281
vn -0.0072825 -0.992368 0.123099
v -0.085977 2.65 -0.31281
vn 0.0684814 -0.982026 0.175887
v 0.027549 2.647 -0.42634
vn 0.360019 -0.928376 0.0922211
v 0.050254 2.6569 -0.42634
vn 0.420595 -0.905567 0.0552108
v 0.053122 2.6584 -0.42634
vn 0.584647 -0.80941 0.0551672
v -0.040566 2.6357 -0.41697
vn 0.0344283 -0.985014 0.169002
v -0.063271 2.6379 -0.40363
vn 0.040512 -0.986225 0.160372
v -0.040566 2.6379 -0.40363
vn 0.0166227 -0.984637 0.173819
v -0.063271 2.6417 -0.38093
vn 0.0433508 -0.984276 0.171233
v -0.040566 2.6422 -0.38093
vn 0.0259758 -0.982986 0.181833
v -0.017861 2.6387 -0.40363
vn 0.0966683 -0.984171 0.148533
v 0.0048442 2.6424 -0.40363
vn 0.233324 -0.963174 0.133628
v -0.017861 2.6426 -0.38093
vn 0.0890854 -0.978759 0.184645
v 0.0048442 2.6461 -0.38093
vn 0.221487 -0.960971 0.165768
v -0.063271 2.6456 -0.35822
vn 0.0527417 -0.984315 0.168353
v -0.040566 2.6466 -0.35822
vn 0.0368135 -0.983417 0.177581
v -0.063271 2.6493 -0.33552
vn 0.0602106 -0.988317 0.140013
v -0.040566 2.6502 -0.33552
vn 0.041304 -0.987154 0.154342
v -0.017861 2.6475 -0.35822
vn 0.0799916 -0.981678 0.172943
v 0.0048442 2.6501 -0.35822
vn 0.193843 -0.969354 0.150922
v -0.017861 2.6508 -0.33552
vn 0.0793756 -0.983052 0.16525
v 0.0048442 2.6539 -0.33552
vn 0.162462 -0.973199 0.162757
v 0.027549 2.65 -0.40363
vn 0.341217 -0.931831 0.12354
v 0.050254 2.6584 -0.41358
vn 0.498262 -0.858677 0.120035
v 0.047523 2.6584 -0.40363
vn 0.497962 -0.861945 0.0953139
v 0.027549 2.6532 -0.38093
vn 0.292131 -0.947785 0.127919
v 0.042625 2.6584 -0.38093
vn 0.377956 -0.920215 0.101754
v 0.027549 2.6558 -0.35822
vn 0.255371 -0.959258 0.120869
v 0.036022 2.6584 -0.35822
vn 0.346837 -0.929907 0.122378
v 0.027549 2.6584 -0.33966
vn 0.257572 -0.956232 0.138842
v 0.072959 2.6733 -0.42634
vn 0.535691 -0.842369 0.0587301
v 0.089129 2.6811 -0.42634
vn 0.35305 -0.93339 0.0643316
v 0.095665 2.6828 -0.42634
vn 0.287525 -0.956683 0.0456904
v 0.050254 2.6623 -0.38093
vn 0.526174 -0.848432 0.0574801
v 0.072959 2.6764 -0.40363
vn 0.543896 -0.83681 0.0626601
v 0.081946 2.6811 -0.40363
vn 0.385279 -0.919616 0.0765952
v 0.095665 2.6854 -0.40363
vn 0.284497 -0.956541 0.063963
v 0.072959 2.6761 -0.38093
vn 0.497738 -0.86714 0.0180445
v 0.081758 2.6811 -0.38093
vn 0.40973 -0.912186 0.00614657
v 0.095665 2.6864 -0.38093
vn 0.295909 -0.954908 0.0242468
v 0.050254 2.6645 -0.35822
vn 0.452547 -0.888112 0.0803672
v 0.050254 2.6674 -0.33552
vn 0.377075 -0.92019 0.105192
v 0.072959 2.6761 -0.35822
vn 0.450025 -0.892095 0.0405358
v 0.081872 2.6811 -0.35822
vn 0.400136 -0.916444 0.00459734
v 0.095665 2.6867 -0.33552
vn 0.293889 -0.955839 0.000606239
v 0.072959 2.6773 -0.33552
vn 0.392012 -0.917961 0.0606206
v 0.081102 2.6811 -0.33552
vn 0.375589 -0.9267 0.0126759
v -0.063271 2.6523 -0.31281
vn 0.0797359 -0.975747 0.203861
v -0.040566 2.6541 -0.31281
vn 0.0508416 -0.978308 0.200819
v -0.017861 2.6551 -0.31281
vn 0.0898628 -0.977187 0.192432
v 0.0048442 2.6584 -0.30864
vn 0.113005 -0.974923 0.191714
v -0.017861 2.6584 -0.29894
vn 0.0676434 -0.969436 0.235837
v 0.0097027 2.6584 -0.31281
vn 0.197975 -0.962655 0.184668
v 0.027549 2.6621 -0.31281
vn 0.280398 -0.946909 0.157292
v 0.050254 2.6696 -0.31281
vn 0.340187 -0.93058 0.135252
v 0.072959 2.6788 -0.31281
vn 0.337212 -0.936441 0.0967819
v 0.079648 2.6811 -0.31281
vn 0.298287 -0.954082 0.0274341
v 0.095665 2.6861 -0.31281
vn 0.281822 -0.959278 -0.0190365
v 0.2546 2.6811 -0.29779
vn -0.262454 -0.869996 0.417402
v 0.28476 2.6584 -0.31281
vn -0.562322 -0.790733 0.241941
v 0.30001 2.6584 -0.33165
vn -0.434314 -0.741391 -0.511576
v 0.30001 2.6454 -0.31281
vn -0.547117 -0.836944 0.0137244
v 0.30001 2.6584 -0.30498
vn -0.198467 -0.58466 0.786628
v 0.30001 2.6674 -0.33552
vn -0.439321 -0.719867 -0.53739
v 0.30001 2.6811 -0.34348
vn -0.21397 -0.669693 -0.711146
v 0.19782 2.6357 -1.0167
vn 0.56971 -0.494477 0.656447
v 0.20919 2.6357 -1.0242
vn 0.325098 -0.469863 0.820695
v 0.20919 2.6488 -1.0167
vn 0.368811 -0.54144 0.755528
v 0.2319 2.6357 -1.0302
vn 0.192539 -0.522317 0.830731
v 0.2319 2.656 -1.0167
vn 0.182791 -0.587936 0.787984
v 0.19406 2.6584 -0.99397
vn 0.60766 -0.683898 0.403773
v 0.20919 2.6584 -1.0085
vn 0.275372 -0.729631 0.625947
v 0.2319 2.6584 -1.0143
vn 0.153946 -0.782917 0.602778
v 0.20919 2.6695 -0.99397
vn 0.336853 -0.84414 0.417082
v 0.2319 2.6735 -0.99397
vn 0.154495 -0.85394 0.496908
v 0.18798 2.6584 -0.97126
vn 0.645438 -0.74401 0.172799
v 0.20919 2.6768 -0.97126
vn 0.41179 -0.883283 0.224145
v 0.21281 2.6811 -0.94855
vn 0.189299 -0.969854 0.153456
v 0.23156 2.68115 -0.97126
vn 0.156874 -0.970265 0.184328
v 0.2319 2.6859 -0.92585
vn 0.177342 -0.982284 0.0605546
v 0.2319 2.6873 -0.90314
vn 0.170235 -0.982863 0.0707127
v 0.20919 2.6832 -0.90314
vn 0.198911 -0.977182 0.0744905
v 0.20919 2.6852 -0.88044
vn 0.179291 -0.980879 0.0757043
v 0.20401 2.6811 -0.90314
vn 0.374457 -0.923666 0.081384
v 0.2319 2.6888 -0.88044
vn 0.13933 -0.988788 0.0537072
v 0.2319 2.613 -0.70553
vn 0.988608 0.141106 -0.0523678
v 0.20919 2.6869 -0.85773
vn 0.115909 -0.993257 0.00218767
v 0.20919 2.686 -0.83503
vn 0.0897169 -0.993943 -0.0634733
v 0.2319 2.6882 -0.83503
vn 0.100666 -0.993956 -0.0437835
v 0.20919 2.684 -0.81232
vn 0.10371 -0.992279 -0.0680177
v 0.2319 2.6859 -0.81232
vn 0.0830512 -0.992703 -0.0874283
v 0.20005 2.6584 -0.74421
vn 0.911524 -0.406687 -0.0610693
v 0.19787 2.6584 -0.76691
vn 0.902724 -0.422151 -0.0829301
v 0.20919 2.6811 -0.75924
vn 0.7185 -0.691333 -0.0762567
v 0.21745 2.6811 -0.74421
vn 0.152469 -0.983907 -0.0931662
v 0.2319 2.6836 -0.76691
vn 0.148281 -0.987416 -0.0549785
v 0.20919 2.6769 -0.7215
vn 0.438924 -0.89388 -0.0912404
v 0.2319 2.6811 -0.72232
vn 0.135395 -0.988598 -0.0658949
v 0.2319 2.6793 -0.6988
vn 0.181306 -0.98035 -0.0777295
v 0.23397 2.613 -0.67609
vn 0.986832 0.140852 -0.0795199
v 0.2319 2.6357 -0.64575
vn 0.938323 0.195518 -0.285171
v 0.23648 2.6357 -0.63068
vn 0.94718 0.197363 -0.252782
v 0.24198 2.6357 -0.60798
vn 0.973492 0.164034 -0.15939
v 0.24045 2.6584 -0.58527
vn 0.97618 0.182765 -0.116918
v 0.20997 2.6584 -0.63068
vn 0.564687 -0.732765 -0.379715
v 0.20919 2.6584 -0.63184
vn 0.572814 -0.746513 -0.33853
v 0.2319 2.6753 -0.63068
vn 0.454859 -0.879029 -0.142867
v 0.20919 2.6681 -0.65339
vn 0.455688 -0.871901 -0.17927
v 0.2319 2.6747 -0.65339
vn 0.334606 -0.94203 0.0248828
v 0.2441 2.6811 -0.63068
vn 0.429237 -0.902877 0.0238486
v -0.40728 2.5222 -0.99397
vn -0.963725 0.102228 0.246543
v -0.41811 2.5222 -1.0167
vn -0.89645 0.118079 0.427125
v -0.40385 2.5222 -0.96489
vn -0.992901 0.0565267 0.104655
v -0.40556 2.4995 -0.97126
vn -0.984176 0.0823758 0.15688
v -0.40385 2.5266 -0.97126
vn -0.973236 0.199081 0.114794
v -0.42655 2.5903 -1.0243
vn -0.273624 -0.109451 0.955589
v -0.42655 2.5676 -1.0281
vn -0.317266 -0.156575 0.935322
v -0.40385 2.5676 -1.0204
vn -0.285749 -0.10358 0.95269
v -0.40385 2.5903 -1.019
vn -0.258816 -0.0594592 0.964095
v -0.39824 2.5903 -1.0167
vn -0.378727 -0.0569711 0.923753
v -0.40385 2.6007 -1.0167
vn -0.394678 -0.330212 0.857432
v -0.4222 2.613 -1.0167
vn -0.17366 -0.391779 0.903521
v -0.38114 2.613 -0.9978
vn -0.492048 -0.224118 0.841225
v -0.37479 2.5903 -0.99397
vn -0.705719 -0.0807532 0.703874
v -0.40385 2.6357 -1.0034
vn -0.243034 -0.382928 0.891236
v -0.42655 2.6357 -1.0058
vn -0.0907416 -0.505146 0.85825
v -0.42655 2.6524 -0.99397
vn -0.0143006 -0.545081 0.838261
v -0.40385 2.6542 -0.99397
vn -0.21704 -0.521849 0.824965
v -0.40385 2.6584 -0.98961
vn -0.152731 -0.842488 0.516612
v -0.38012 2.6357 -0.99397
vn -0.520608 -0.120533 0.845245
v -0.38114 2.6381 -0.99397
vn -0.345783 -0.470384 0.811894
v -0.38114 2.6584 -0.97999
vn -0.28815 -0.756954 0.586506
v -0.4023 2.5222 -0.94855
vn -0.998672 0.0371621 0.035674
v -0.4028 2.5222 -0.92585
vn -0.999415 0.0230829 -0.025234
v -0.40385 2.5222 -0.91501
vn -0.99637 0.023029 -0.0819575
v -0.40385 2.5013 -0.90314
vn -0.997981 -0.0313626 -0.0552217
v -0.40385 2.53 -0.90314
vn -0.981723 0.172702 -0.0799622
v -0.40385 2.5387 -0.88044
vn -0.974863 0.202761 -0.0923599
v -0.40703 2.5222 -0.88044
vn -0.978989 0.181163 -0.0935985
v -0.40385 2.6666 -0.97126
vn -0.163474 -0.973889 0.157533
v -0.38114 2.6619 -0.97126
vn -0.30467 -0.949146 0.0793587
v -0.37413 2.6584 -0.97126
vn -0.445913 -0.893101 0.0594266
v -0.40385 2.6686 -0.94855
vn -0.225564 -0.971096 0.0780536
v -0.42655 2.6676 -0.94855
vn 0.043848 -0.995186 0.087647
v -0.38114 2.6616 -0.94855
vn -0.342162 -0.939016 0.0342678
v -0.37695 2.6584 -0.94855
vn -0.540806 -0.840717 -0.0269215
v -0.40385 2.6708 -0.92585
vn -0.334553 -0.937984 0.0908863
v -0.38114 2.6627 -0.92585
vn -0.419761 -0.9047 0.0729263
v -0.37697 2.6584 -0.92585
vn -0.685218 -0.72761 0.0325731
v -0.38114 2.6649 -0.90314
vn -0.557362 -0.8287 0.0510351
v -0.37506 2.6584 -0.90314
vn -0.726824 -0.686077 0.0320092
v -0.38114 2.6644 -0.88044
vn -0.738475 -0.667084 -0.0982562
v -0.37572 2.6584 -0.88044
vn -0.736002 -0.673294 -0.0705423
v -0.40385 2.5449 -0.86414
vn -0.968933 0.219014 -0.1149
v -0.40772 2.5449 -0.83503
vn -0.98915 0.138569 -0.048804
v -0.40385 2.5659 -0.78962
vn -0.999464 0.0323633 -0.00498992
v -0.40385 2.5624 -0.81232
vn -0.990624 0.120932 0.0635557
v -0.40787 2.5449 -0.81232
vn -0.964747 0.221614 0.14195
v -0.38919 2.6584 -0.83503
vn -0.514228 -0.840149 -0.172391
v -0.38114 2.6584 -0.85901
vn -0.761937 -0.601542 -0.239999
v -0.40527 2.5676 -0.74421
vn -0.985506 -0.0641943 -0.157028
v -0.40385 2.5676 -0.75074
vn -0.981895 -0.0669922 -0.177184
v -0.40139 2.5676 -0.76691
vn -0.985187 -0.0833276 -0.14988
v -0.40385 2.6714 -0.85773
vn -0.497087 -0.851548 -0.166645
v 0.2319 2.613 -1.0335
vn 0.16721 -0.00868636 0.985883
v 0.2319 2.5903 -1.0287
vn 0.254271 0.20008 0.946211
v 0.2546 2.6579 -1.0162
vn 0.0495638 -0.69142 0.720751
v 0.24691 2.5222 -0.94855
vn 0.898347 -0.433601 0.0704405
v 0.24724 2.5449 -0.94855
vn 0.995098 -0.0980371 -0.0130033
v 0.25047 2.5449 -0.92585
vn 0.988556 -0.145872 -0.0384565
v 0.25018 2.5449 -0.90314
vn 0.948664 -0.28914 0.128196
v 0.24813 2.5676 -0.90314
vn 0.999377 0.0344951 0.00748333
v 0.24817 2.5449 -0.88044
vn 0.928689 -0.360306 0.0878439
v 0.24992 2.5676 -0.88044
vn 0.995993 -0.0767831 -0.0458408
v 0.2546 2.675 -0.99397
vn 0.0556657 -0.842468 0.535862
v 0.2319 2.6837 -0.94855
vn 0.150727 -0.981083 0.121477
v 0.2546 2.6838 -0.97126
vn 0.14455 -0.979518 0.140178
v 0.25022 2.5676 -0.85773
vn 0.974801 -0.191373 0.114624
v 0.23847 2.5903 -0.83503
vn 0.972065 0.120544 0.20139
v 0.22948 2.613 -0.76691
vn 0.998124 0.0611192 0.00351748
v 0.22948 2.613 -0.74421
vn 0.996281 0.0680678 -0.0528331
v 0.2319 2.6104 -0.78962
vn 0.971574 0.153712 0.180047
v 0.2319 2.591 -0.7215
vn 0.994884 0.0650704 -0.0772791
v 0.23117 2.613 -0.7215
vn 0.997497 0.0541144 -0.0455161
v 0.19391 2.6584 -0.78962
vn 0.864823 -0.478894 -0.150802
v 0.20648 2.6811 -0.78962
vn 0.883627 -0.453105 -0.117895
v 0.20919 2.673 -0.67609
vn 0.212878 -0.966915 -0.140563
v 0.2319 2.6764 -0.67609
vn 0.147653 -0.986278 -0.0738589
v 0.20919 2.613 -1.0276
vn 0.252686 -0.0269853 0.967172
v 0.2319 2.6845 -0.78962
vn 0.192125 -0.980114 -0.0496442
v 0.20274 2.6584 -0.6988
vn 0.930843 -0.363576 -0.0366611
v 0.20154 2.6584 -0.7215
vn 0.93098 -0.361738 -0.0492151
v 0.20919 2.675 -0.6988
vn 0.571861 -0.815538 -0.0887333
v 0.2546 2.6884 -0.7215
vn 0.421579 -0.905448 -0.0493515
v 0.24008 2.6811 -0.6988
vn 0.296471 -0.949624 -0.101586
v 0.20342 2.6584 -0.67609
vn 0.928674 -0.367016 -0.0535095
v 0.24738 2.6811 -0.60798
vn 0.647006 -0.751084 -0.13136
v 0.29717 2.613 -1.0621
vn 0.721782 -0.602881 0.339949
v 0.30001 2.6164 -1.0621
vn 0.305185 -0.829508 0.467738
v -0.44926 2.5676 -1.029
vn 0.0306907 -0.0898989 0.995478
v -0.44926 2.5903 -1.0245
vn 0.0507209 -0.212387 0.975868
v -0.47196 2.6357 -1.0029
vn 0.0236639 -0.504738 0.862948
v -0.47196 2.6483 -0.99397
vn 0.0146601 -0.70671 0.707351
v -0.47196 2.6584 -0.9822
vn 0.0172969 -0.827524 0.561164
v -0.47196 2.6637 -0.97126
vn 0.016165 -0.953832 0.299904
v -0.47196 2.6709 -0.92585
vn 0.102872 -0.994153 0.0328297
v -0.47196 2.6715 -0.90314
vn 0.0761161 -0.997099 1.93059e-06
v -0.47196 2.6712 -0.88044
vn 0.0729069 -0.997314 -0.00702681
v -0.44926 2.6723 -0.90314
vn 0.0352232 -0.999292 -0.0132034
v -0.44926 2.6678 -0.67609
vn -0.0264125 -0.999106 0.0330057
v -0.44926 2.6683 -0.65339
vn -0.0648438 -0.997822 -0.0120862
v -0.42655 2.5222 -1.0212
vn -0.463123 0.176069 0.868629
v -0.42666 2.49975 -1.0167
vn -0.603585 0.258626 0.754187
v 0.2319 2.5676 -1.0237
vn 0.345939 0.181518 0.920531
v 0.21663 2.5676 -1.0167
vn 0.408604 0.196331 0.891345
v -0.40385 2.6575 -0.60798
vn -0.585212 -0.809536 -0.0466696
v -0.40385 2.6584 -0.61891
vn -0.445865 -0.893213 -0.0580978
v -0.38988 2.6357 -0.60798
vn -0.841127 -0.539014 -0.0443851
v -0.42655 2.6657 -0.63068
vn -0.0999383 -0.990895 -0.0902177
v 0.20406 2.6811 -0.81232
vn 0.491454 -0.869326 -0.0523927
v 0.30001 2.6243 -1.0848
vn 0.268906 -0.896549 -0.351978
v 0.293 2.613 -1.0848
vn 0.759975 -0.634782 -0.139608
v -0.47196 2.6629 -0.35822
vn 0.0627639 -0.997611 -0.0288754
v -0.44926 2.6646 -0.35822
vn 0.0986109 -0.995109 -0.00584405
v -0.47196 2.6619 -0.33552
vn 0.0768288 -0.996803 -0.0219496
v -0.44926 2.6646 -0.33552
vn 0.129769 -0.991537 0.00374744
v -0.47196 2.6619 -0.31281
vn 0.0939333 -0.995337 0.0219182
v -0.44926 2.6652 -0.31281
vn 0.135488 -0.990484 0.0241839
v -0.40331 2.4995 -0.90314
vn -0.51873 -0.854433 0.0293731
v -0.40385 2.502 -0.85773
vn -0.615255 -0.755515 0.225077
v -0.40833 2.5449 -0.7215
vn -0.682797 -0.72832 -0.0577803
v -0.40385 2.5407 -0.7215
vn -0.407552 -0.908049 -0.0966804
v -0.41577 2.5676 -0.65339
vn -0.815717 -0.577954 0.0239762
v -0.41494 2.5676 -0.63068
vn -0.791508 -0.609403 0.046295
v -0.41393 2.5676 -0.60798
vn -0.757882 -0.650981 0.0428728
v -0.41298 2.5676 -0.58527
vn -0.828764 -0.419261 0.370635
v -0.41919 2.5903 -0.58527
vn -0.85318 -0.213295 0.476014
v -0.35844 2.6515 -0.53986
vn -0.256155 -0.4779 0.840236
v -0.31303 2.6357 -0.52346
vn -0.546736 -0.28867 0.785971
v 0.23305 2.6584 -0.60798
vn 0.815222 -0.514635 -0.265638
v -0.26762 2.6357 -0.39956
vn -0.281216 -0.949626 0.138302
v -0.3093 2.6584 -0.38093
vn -0.502424 -0.863501 0.043991
v -0.29032 2.6472 -0.38093
vn -0.403175 -0.909864 0.0979633
v -0.31303 2.6601 -0.35822
vn -0.388817 -0.921313 -0.00207587
v -0.29032 2.6489 -0.35822
vn -0.375685 -0.924809 0.0599116
v -0.26762 2.6416 -0.35822
vn -0.205135 -0.969729 0.132461
v -0.31094 2.65925 -0.33552
vn -0.360561 -0.932015 0.0366515
v -0.29032 2.6507 -0.33552
vn -0.305616 -0.946853 0.100346
v -0.40385 2.67 -0.38093
vn 0.0740065 -0.996704 0.0332396
v -0.38114 2.671 -0.38093
vn 0.00752887 -0.996745 0.0802705
v -0.35844 2.6705 -0.38093
vn -0.0910038 -0.993387 0.0699972
v -0.42655 2.6678 -0.35822
vn 0.143084 -0.989454 0.022513
v -0.40385 2.6713 -0.35822
vn 0.128382 -0.991338 0.0276868
v -0.40385 2.6716 -0.33552
vn 0.106351 -0.994319 0.00438035
v -0.38114 2.6729 -0.35822
vn 0.0168681 -0.998983 0.0418025
v -0.35844 2.6721 -0.35822
vn -0.085036 -0.995211 0.0482125
v -0.38114 2.6736 -0.33552
vn 0.0154132 -0.999879 0.00220488
v -0.35844 2.6723 -0.33552
vn -0.113764 -0.993429 -0.0125021
v -0.33573 2.6677 -0.38093
vn -0.226001 -0.973363 0.0385858
v -0.31303 2.6606 -0.38093
vn -0.346442 -0.937995 0.0119974
v -0.33573 2.6683 -0.35822
vn -0.225251 -0.974233 0.0114427
v -0.33573 2.6676 -0.33552
vn -0.260554 -0.965276 -0.018831
v -0.30444 2.6584 -0.31281
vn -0.315494 -0.94461 0.0904204
v -0.40385 2.6715 -0.31281
vn 0.0920775 -0.995565 -0.0192957
v -0.38114 2.673 -0.31281
vn 0.00367116 -0.999605 -0.0278808
v -0.35844 2.6714 -0.31281
vn -0.138911 -0.990022 -0.023671
v -0.33573 2.6667 -0.31281
vn -0.217533 -0.976039 0.00515924
v -0.31303 2.6611 -0.31281
vn -0.276982 -0.960426 0.0293895
v -0.31303 2.651 -0.51716
vn -0.844534 -0.466166 0.263536
v 0.2319 2.6584 -0.60983
vn 0.77026 -0.492227 -0.405478
v 0.20919 2.6811 -0.94177
vn 0.141326 -0.985347 0.0954913
v 0.20041 2.6811 -0.83503
vn 0.773578 -0.621384 -0.124331
v 0.19067 2.6584 -0.81232
vn 0.854055 -0.503783 -0.129585
v 0.29689 2.5903 -1.0621
vn 0.995031 0.0803957 0.058733
v 0.2935 2.5903 -1.0848
vn 0.986406 0.00477935 -0.164256
v 0.30001 2.5845 -1.0621
vn 0.63763 0.343001 0.689766
v -0.44926 2.6678 -0.7215
vn -0.0315379 -0.999173 -0.0256758
v -0.44926 2.6674 -0.6988
vn -0.0220146 -0.999758 0
v -0.40385 2.6726 -0.90314
vn -0.320984 -0.946697 0.0271041
v -0.44926 2.6684 -0.74421
vn -0.0307979 -0.999177 -0.0264027
v -0.42655 2.6677 -0.74421
vn -0.0395758 -0.998597 -0.0351831
v -0.42655 2.6667 -0.7215
vn -0.0483631 -0.998421 -0.028585
v -0.42655 2.6664 -0.6988
vn -0.0450864 -0.998982 0.00110145
v -0.42655 2.6668 -0.67609
vn -0.0439867 -0.99901 0.0065984
v -0.42655 2.6667 -0.65339
vn -0.0560364 -0.998109 -0.0252772
v -0.44951 2.61305 -1.0167
vn 0.0257782 -0.419582 0.907352
v -0.44926 2.6357 -1.0043
vn 0.0426208 -0.500981 0.864408
v -0.42655 2.5449 -1.026
vn -0.237032 0.128901 0.962912
v -0.40385 2.5507 -1.0167
vn -0.396179 0.0845794 0.91427
v -0.42655 2.614 -1.0167
vn 0.0110763 -0.388162 0.921524
v -0.44926 2.6494 -0.99397
vn 0.0807243 -0.673548 0.734722
v -0.42655 2.6584 -0.98611
vn 0.0828065 -0.87444 0.478015
v -0.44926 2.6584 -0.98237
vn 0.0705999 -0.881433 0.467003
v -0.44926 2.6633 -0.97126
vn 0.0464754 -0.959451 0.278018
v -0.42655 2.6644 -0.97126
vn 0.0502824 -0.966867 0.25028
v -0.44926 2.6682 -0.94855
vn -0.0141654 -0.989963 0.140612
v -0.44926 2.6709 -0.92585
vn -0.0408941 -0.994917 0.0920169
v -0.42655 2.6697 -0.92585
vn -0.0208079 -0.994693 0.100766
v -0.42655 2.6719 -0.90314
vn 0.00376632 -0.998429 0.0559054
v -0.44926 2.6724 -0.88044
vn -0.00293845 -0.999991 0.00293339
v -0.42655 2.6725 -0.88044
vn 0.0113209 -0.999849 -0.0132099
v -0.40385 2.6732 -0.88044
vn -0.175539 -0.984129 -0.0260056
v 0.2319 2.534 -1.0167
vn 0.372059 0.166281 0.913194
v -0.41144 2.5676 -0.7215
vn -0.976703 -0.190896 -0.098029
v -0.44926 2.6719 -0.85773
vn -0.00440217 -0.999318 -0.0366722
v -0.42655 2.6717 -0.85773
vn -0.0140718 -0.998507 -0.0527735
v -0.44926 2.6707 -0.83503
vn -0.0205153 -0.998154 -0.0571554
v -0.42655 2.6701 -0.83503
vn -0.0208818 -0.998147 -0.0571502
v -0.44926 2.6696 -0.81232
vn -0.0205311 -0.998946 -0.0410604
v -0.42655 2.6692 -0.81232
vn -0.0286102 -0.999454 -0.0165075
v -0.44926 2.6688 -0.78962
vn 0.0088051 -0.999831 -0.016145
v -0.42655 2.6693 -0.78962
vn -0.00880183 -0.999939 -0.00660576
v -0.40385 2.6669 -0.81232
vn -0.100805 -0.994896 0.00438875
v -0.44926 2.6684 -0.76691
vn 0.0220064 -0.999603 -0.0176093
v -0.42655 2.6689 -0.76691
vn 0.0220064 -0.999603 -0.0176093
v -0.4027 2.6584 -0.63068
vn -0.579578 -0.814738 -0.0170675
v -0.40303 2.6584 -0.65339
vn -0.796399 -0.604663 0.0114502
v -0.3866 2.6357 -0.63068
vn -0.817968 -0.572266 -0.058651
v -0.40385 2.6589 -0.65339
vn -0.314043 -0.949309 -0.0137226
v -0.47196 2.6687 -0.94855
vn 0.0370675 -0.990125 0.135195
f 3//3 1//1 4//4
f 4//4 1//1 2//2
f 5//5 3//3 4//4
f 6//6 5//5 4//4
f 7//7 5//5 6//6
f 6//6 8//8 7//7
f 9//9 7//7 8//8
f 8//8 10//10 9//9
f 11//11 9//9 10//10
f 10//10 12//12 11//11
f 13//13 11//11 14//14
f 14//14 11//11 12//12
f 15//15 13//13 16//16
f 16//16 13//13 14//14
f 17//17 15//15 16//16
f 16//16 18//18 17//17
f 19//19 17//17 18//18
f 33//33 32//32 34//34
f 35//35 33//33 36//36
f 36//36 33//33 34//34
f 37//37 35//35 38//38
f 38//38 35//35 36//36
f 39//39 37//37 38//38
f 38//38 40//40 39//39
f 41//41 39//39 40//40
f 40//40 42//42 41//41
f 43//43 41//41 42//42
f 42//42 44//44 43//43
f 45//45 43//43 44//44
f 44//44 46//46 45//45
f 47//47 45//45 46//46
f 46//46 48//48 47//47
f 49//49 47//47 50//50
f 50//50 47//47 48//48
f 4//4 2//2 51//51
f 51//51 54//54 4//4
f 51//51 55//55 54//54
f 54//54 56//56 4//4
f 56//56 54//54 57//57
f 57//57 54//54 55//55
f 55//55 51//51 52//52
f 52//52 58//58 55//55
f 58//58 52//52 59//59
f 59//59 52//52 53//53
f 57//57 55//55 58//58
f 58//58 60//60 57//57
f 60//60 58//58 61//61
f 61//61 58//58 59//59
f 59//59 53//53 66//66
f 66//66 53//53 62//62
f 66//66 62//62 67//67
f 67//67 62//62 63//63
f 61//61 59//59 68//68
f 68//68 59//59 66//66
f 68//68 66//66 69//69
f 69//69 66//66 67//67
f 67//67 63//63 70//70
f 70//70 63//63 64//64
f 70//70 64//64 65//65
f 65//65 71//71 70//70
f 69//69 67//67 72//72
f 72//72 67//67 70//70
f 72//72 70//70 73//73
f 73//73 70//70 71//71
f 6//6 4//4 56//56
f 56//56 74//74 6//6
f 74//74 56//56 57//57
f 57//57 75//75 74//74
f 8//8 6//6 74//74
f 74//74 76//76 8//8
f 76//76 74//74 75//75
f 75//75 77//77 76//76
f 75//75 57//57 60//60
f 60//60 78//78 75//75
f 78//78 60//60 61//61
f 61//61 79//79 78//78
f 77//77 75//75 78//78
f 78//78 80//80 77//77
f 80//80 78//78 79//79
f 80//80 79//79 81//81
f 10//10 8//8 76//76
f 76//76 82//82 10//10
f 82//82 76//76 83//83
f 83//83 76//76 77//77
f 84//84 12//12 10//10
f 84//84 10//10 85//85
f 85//85 10//10 82//82
f 83//83 77//77 86//86
f 86//86 77//77 80//80
f 81//81 87//87 80//80
f 83//83 88//88 82//82
f 85//85 89//89 84//84
f 82//82 88//88 85//85
f 85//85 88//88 89//89
f 89//89 88//88 90//90
f 86//86 91//91 83//83
f 83//83 91//91 88//88
f 80//80 87//87 92//92
f 80//80 92//92 91//91
f 80//80 91//91 86//86
f 93//93 90//90 88//88
f 93//93 88//88 91//91
f 93//93 91//91 92//92
f 92//92 94//94 93//93
f 95//95 90//90 93//93
f 93//93 96//96 95//95
f 96//96 93//93 97//97
f 97//97 93//93 94//94
f 79//79 61//61 68//68
f 68//68 98//98 79//79
f 98//98 68//68 99//99
f 99//99 68//68 69//69
f 81//81 79//79 100//100
f 100//100 79//79 98//98
f 100//100 98//98 99//99
f 100//100 99//99 101//101
f 99//99 69//69 102//102
f 102//102 69//69 72//72
f 102//102 72//72 103//103
f 103//103 72//72 73//73
f 101//101 99//99 104//104
f 104//104 99//99 102//102
f 104//104 102//102 103//103
f 104//104 105//105 101//101
f 104//104 106//106 105//105
f 100//100 107//107 81//81
f 81//81 107//107 87//87
f 101//101 107//107 100//100
f 92//92 87//87 107//107
f 107//107 108//108 92//92
f 101//101 109//109 107//107
f 107//107 109//109 108//108
f 94//94 92//92 108//108
f 110//110 108//108 109//109
f 97//97 94//94 111//111
f 111//111 94//94 108//108
f 111//111 108//108 110//110
f 110//110 112//112 111//111
f 105//105 113//113 109//109
f 109//109 101//101 105//105
f 106//106 114//114 105//105
f 105//105 114//114 113//113
f 110//110 109//109 115//115
f 115//115 109//109 113//113
f 115//115 113//113 116//116
f 116//116 113//113 114//114
f 112//112 110//110 115//115
f 115//115 117//117 112//112
f 117//117 115//115 116//116
f 116//116 118//118 117//117
f 96//96 119//119 95//95
f 120//120 119//119 97//97
f 120//120 97//97 121//121
f 97//97 119//119 96//96
f 121//121 122//122 120//120
f 121//121 97//97 111//111
f 111//111 123//123 121//121
f 123//123 111//111 124//124
f 124//124 111//111 112//112
f 123//123 125//125 122//122
f 122//122 121//121 123//123
f 125//125 123//123 124//124
f 125//125 124//124 126//126
f 124//124 112//112 117//117
f 117//117 127//127 124//124
f 127//127 117//117 118//118
f 118//118 128//128 127//127
f 126//126 124//124 127//127
f 127//127 129//129 126//126
f 129//129 127//127 130//130
f 130//130 127//127 131//131
f 131//131 127//127 128//128
f 136//136 137//137 132//132
f 137//137 136//136 138//138
f 138//138 136//136 139//139
f 71//71 65//65 133//133
f 133//133 137//137 71//71
f 133//133 132//132 137//137
f 73//73 71//71 137//137
f 137//137 138//138 73//73
f 136//136 132//132 134//134
f 134//134 140//140 136//136
f 140//140 134//134 135//135
f 135//135 141//141 140//140
f 139//139 136//136 142//142
f 142//142 136//136 140//140
f 142//142 140//140 141//141
f 141//141 143//143 142//142
f 141//141 135//135 144//144
f 144//144 148//148 141//141
f 148//148 144//144 149//149
f 149//149 144//144 145//145
f 143//143 141//141 148//148
f 148//148 150//150 143//143
f 150//150 148//148 151//151
f 151//151 148//148 149//149
f 149//149 145//145 146//146
f 146//146 152//152 149//149
f 152//152 146//146 153//153
f 153//153 146//146 147//147
f 151//151 149//149 152//152
f 152//152 154//154 151//151
f 154//154 152//152 153//153
f 153//153 155//155 154//154
f 138//138 139//139 156//156
f 103//103 73//73 157//157
f 157//157 73//73 138//138
f 156//156 158//158 157//157
f 156//156 157//157 138//138
f 104//104 103//103 159//159
f 159//159 103//103 157//157
f 159//159 157//157 160//160
f 160//160 157//157 158//158
f 156//156 139//139 142//142
f 142//142 161//161 156//156
f 161//161 142//142 143//143
f 161//161 143//143 162//162
f 158//158 156//156 161//161
f 162//162 158//158 161//161
f 160//160 158//158 163//163
f 162//162 164//164 163//163
f 162//162 163//163 158//158
f 106//106 104//104 159//159
f 159//159 165//165 106//106
f 165//165 159//159 160//160
f 160//160 166//166 165//165
f 166//166 160//160 163//163
f 163//163 167//167 166//166
f 167//167 163//163 168//168
f 168//168 163//163 164//164
f 167//167 168//168 169//169
f 165//165 170//170 106//106
f 106//106 170//170 114//114
f 166//166 171//171 170//170
f 170//170 165//165 166//166
f 116//116 114//114 172//172
f 172//172 114//114 170//170
f 172//172 170//170 171//171
f 171//171 173//173 172//172
f 118//118 116//116 172//172
f 172//172 174//174 118//118
f 174//174 172//172 175//175
f 175//175 172//172 173//173
f 171//171 166//166 167//167
f 173//173 171//171 167//167
f 167//167 176//176 173//173
f 176//176 167//167 169//169
f 176//176 169//169 177//177
f 173//173 176//176 175//175
f 162//162 143//143 178//178
f 178//178 143//143 150//150
f 178//178 150//150 179//179
f 179//179 150//150 151//151
f 178//178 180//180 162//162
f 180//180 178//178 179//179
f 179//179 181//181 180//180
f 180//180 182//182 164//164
f 164//164 162//162 180//180
f 181//181 183//183 182//182
f 182//182 180//180 181//181
f 179//179 151//151 184//184
f 184//184 151//151 154//154
f 184//184 154//154 155//155
f 155//155 185//185 184//184
f 181//181 179//179 184//184
f 184//184 186//186 181//181
f 186//186 184//184 185//185
f 185//185 187//187 186//186
f 186//186 188//188 183//183
f 183//183 181//181 186//186
f 187//187 188//188 186//186
f 168//168 164//164 189//189
f 189//189 164//164 182//182
f 189//189 182//182 190//190
f 190//190 182//182 183//183
f 169//169 168//168 189//189
f 189//189 191//191 169//169
f 191//191 189//189 190//190
f 190//190 192//192 191//191
f 190//190 183//183 193//193
f 193//193 183//183 188//188
f 188//188 194//194 193//193
f 192//192 190//190 193//193
f 192//192 193//193 194//194
f 194//194 195//195 192//192
f 191//191 196//196 177//177
f 177//177 169//169 191//191
f 192//192 197//197 191//191
f 191//191 197//197 196//196
f 192//192 198//198 197//197
f 195//195 199//199 198//198
f 198//198 192//192 195//195
f 128//128 118//118 200//200
f 200//200 118//118 201//201
f 201//201 118//118 174//174
f 200//200 131//131 128//128
f 153//153 147//147 205//205
f 205//205 147//147 202//202
f 205//205 202//202 206//206
f 206//206 202//202 203//203
f 155//155 153//153 205//205
f 205//205 207//207 155//155
f 207//207 205//205 206//206
f 206//206 208//208 207//207
f 206//206 203//203 209//209
f 209//209 203//203 204//204
f 208//208 206//206 209//209
f 209//209 210//210 208//208
f 209//209 211//211 210//210
f 209//209 204//204 212//212
f 212//212 215//215 209//209
f 216//216 217//217 215//215
f 216//216 215//215 213//213
f 213//213 215//215 212//212
f 211//211 209//209 215//215
f 215//215 218//218 211//211
f 219//219 218//218 215//215
f 219//219 215//215 217//217
f 220//220 221//221 217//217
f 217//217 216//216 220//220
f 219//219 217//217 221//221
f 219//219 221//221 222//222
f 222//222 221//221 223//223
f 216//216 213//213 214//214
f 214//214 220//220 216//216
f 185//185 155//155 207//207
f 207//207 224//224 185//185
f 224//224 207//207 208//208
f 208//208 225//225 224//224
f 187//187 185//185 226//226
f 226//226 185//185 224//224
f 226//226 224//224 225//225
f 226//226 227//227 187//187
f 187//187 227//227 188//188
f 225//225 228//228 226//226
f 226//226 228//228 227//227
f 225//225 208//208 229//229
f 229//229 208//208 210//210
f 229//229 210//210 211//211
f 229//229 230//230 225//225
f 211//211 231//231 229//229
f 229//229 231//231 230//230
f 225//225 230//230 232//232
f 225//225 232//232 228//228
f 232//232 230//230 231//231
f 231//231 233//233 232//232
f 194//194 188//188 227//227
f 227//227 234//234 194//194
f 234//234 227//227 228//228
f 228//228 235//235 234//234
f 195//195 194//194 236//236
f 236//236 194//194 234//234
f 236//236 234//234 237//237
f 237//237 234//234 235//235
f 235//235 228//228 232//232
f 232//232 238//238 235//235
f 238//238 232//232 233//233
f 233//233 239//239 238//238
f 237//237 235//235 240//240
f 240//240 235//235 238//238
f 240//240 238//238 241//241
f 241//241 238//238 239//239
f 236//236 242//242 195//195
f 195//195 242//242 199//199
f 237//237 243//243 236//236
f 236//236 243//243 242//242
f 240//240 244//244 237//237
f 237//237 244//244 243//243
f 241//241 245//245 244//244
f 244//244 240//240 241//241
f 218//218 246//246 211//211
f 211//211 246//246 231//231
f 219//219 247//247 218//218
f 218//218 247//247 246//246
f 233//233 231//231 246//246
f 246//246 248//248 233//233
f 248//248 246//246 247//247
f 247//247 249//249 248//248
f 222//222 250//250 247//247
f 222//222 247//247 219//219
f 223//223 251//251 250//250
f 250//250 222//222 223//223
f 249//249 247//247 250//250
f 250//250 252//252 249//249
f 252//252 250//250 251//251
f 251//251 253//253 252//252
f 239//239 233//233 248//248
f 248//248 254//254 239//239
f 254//254 248//248 249//249
f 249//249 255//255 254//254
f 241//241 239//239 254//254
f 254//254 256//256 241//241
f 256//256 254//254 255//255
f 255//255 249//249 252//252
f 255//255 252//252 257//257
f 257//257 252//252 258//258
f 258//258 252//252 253//253
f 256//256 259//259 245//245
f 245//245 241//241 256//256
f 260//260 259//259 256//256
f 260//260 256//256 255//255
f 258//258 261//261 257//257
f 260//260 255//255 262//262
f 262//262 255//255 257//257
f 262//262 257//257 261//261
f 261//261 263//263 262//262
f 262//262 264//264 260//260
f 263//263 265//265 264//264
f 264//264 262//262 263//263
f 270//270 271//271 220//220
f 220//220 271//271 221//221
f 271//271 270//270 272//272
f 273//273 223//223 221//221
f 273//273 221//221 271//271
f 273//273 271//271 274//274
f 274//274 271//271 272//272
f 220//220 214//214 270//270
f 270//270 214//214 266//266
f 270//270 266//266 267//267
f 267//267 272//272 270//270
f 274//274 275//275 273//273
f 272//272 267//267 268//268
f 272//272 268//268 276//276
f 276//276 268//268 277//277
f 277//277 268//268 269//269
f 272//272 276//276 274//274
f 274//274 276//276 275//275
f 275//275 276//276 278//278
f 278//278 276//276 277//277
f 277//277 269//269 283//283
f 283//283 269//269 279//279
f 283//283 279//279 284//284
f 284//284 279//279 280//280
f 278//278 277//277 285//285
f 285//285 277//277 283//283
f 285//285 283//283 284//284
f 284//284 286//286 285//285
f 284//284 280//280 281//281
f 281//281 287//287 284//284
f 287//287 281//281 282//282
f 286//286 284//284 288//288
f 288//288 284//284 287//287
f 288//288 287//287 289//289
f 289//289 287//287 282//282
f 273//273 290//290 251//251
f 273//273 251//251 223//223
f 290//290 273//273 275//275
f 275//275 291//291 290//290
f 253//253 251//251 290//290
f 290//290 292//292 253//253
f 292//292 290//290 291//291
f 291//291 293//293 292//292
f 275//275 294//294 291//291
f 294//294 275//275 278//278
f 278//278 295//295 294//294
f 293//293 291//291 294//294
f 294//294 296//296 293//293
f 296//296 294//294 297//297
f 297//297 294//294 295//295
f 258//258 253//253 298//298
f 298//298 253//253 292//292
f 298//298 292//292 293//293
f 293//293 299//299 298//298
f 299//299 293//293 300//300
f 300//300 293//293 296//296
f 300//300 296//296 301//301
f 301//301 296//296 302//302
f 302//302 296//296 297//297
f 302//302 303//303 301//301
f 298//298 304//304 258//258
f 258//258 304//304 261//261
f 299//299 305//305 304//304
f 304//304 298//298 299//299
f 263//263 261//261 306//306
f 306//306 261//261 304//304
f 306//306 304//304 307//307
f 307//307 304//304 305//305
f 306//306 308//308 265//265
f 265//265 263//263 306//306
f 307//307 309//309 306//306
f 306//306 309//309 308//308
f 300//300 305//305 299//299
f 307//307 305//305 300//300
f 307//307 300//300 310//310
f 310//310 300//300 311//311
f 311//311 300//300 301//301
f 303//303 312//312 311//311
f 311//311 301//301 303//303
f 310//310 309//309 307//307
f 295//295 278//278 285//285
f 285//285 313//313 295//295
f 313//313 285//285 314//314
f 314//314 285//285 286//286
f 297//297 295//295 315//315
f 315//315 295//295 313//313
f 315//315 313//313 316//316
f 316//316 313//313 314//314
f 314//314 286//286 317//317
f 317//317 286//286 288//288
f 316//316 314//314 317//317
f 317//317 318//318 316//316
f 318//318 317//317 288//288
f 302//302 297//297 319//319
f 319//319 297//297 315//315
f 319//319 315//315 320//320
f 320//320 315//315 316//316
f 303//303 302//302 319//319
f 319//319 321//321 303//303
f 321//321 319//319 320//320
f 321//321 320//320 322//322
f 320//320 316//316 323//323
f 323//323 316//316 318//318
f 318//318 324//324 323//323
f 322//322 320//320 325//325
f 325//325 320//320 323//323
f 325//325 323//323 326//326
f 326//326 323//323 324//324
f 312//312 303//303 321//321
f 328//328 282//282 327//327
f 289//289 282//282 328//328
f 328//328 329//329 289//289
f 288//288 289//289 329//329
f 329//329 330//330 288//288
f 318//318 288//288 330//330
f 330//330 331//331 318//318
f 324//324 318//318 331//331
f 331//331 332//332 324//324
f 326//326 324//324 332//332
f 84//84 14//14 12//12
f 333//333 89//89 334//334
f 334//334 89//89 90//90
f 335//335 334//334 95//95
f 95//95 334//334 90//90
f 336//336 337//337 338//338
f 338//338 337//337 119//119
f 119//119 337//337 95//95
f 95//95 337//337 335//335
f 338//338 119//119 120//120
f 339//339 336//336 340//340
f 340//340 336//336 338//338
f 340//340 338//338 120//120
f 340//340 120//120 122//122
f 341//341 339//339 340//340
f 341//341 340//340 342//342
f 342//342 340//340 122//122
f 344//344 341//341 345//345
f 345//345 341//341 342//342
f 342//342 122//122 125//125
f 125//125 346//346 342//342
f 346//346 125//125 126//126
f 346//346 126//126 347//347
f 345//345 342//342 348//348
f 348//348 342//342 346//346
f 348//348 346//346 349//349
f 349//349 346//346 347//347
f 347//347 126//126 350//350
f 350//350 126//126 129//129
f 350//350 129//129 130//130
f 350//350 130//130 351//351
f 351//351 130//130 131//131
f 349//349 347//347 350//350
f 350//350 352//352 349//349
f 352//352 350//350 351//351
f 351//351 353//353 352//352
f 176//176 177//177 354//354
f 355//355 175//175 176//176
f 355//355 176//176 356//356
f 356//356 176//176 354//354
f 354//354 177//177 357//357
f 357//357 177//177 196//196
f 357//357 196//196 358//358
f 358//358 196//196 197//197
f 356//356 354//354 357//357
f 357//357 359//359 356//356
f 359//359 357//357 358//358
f 358//358 360//360 359//359
f 358//358 197//197 361//361
f 361//361 197//197 198//198
f 361//361 198//198 199//199
f 199//199 362//362 361//361
f 360//360 358//358 361//361
f 361//361 363//363 360//360
f 363//363 361//361 362//362
f 362//362 364//364 363//363
f 200//200 201//201 365//365
f 365//365 201//201 174//174
f 365//365 174//174 175//175
f 366//366 131//131 200//200
f 366//366 200//200 365//365
f 365//365 175//175 355//355
f 355//355 367//367 365//365
f 367//367 355//355 356//356
f 356//356 368//368 367//367
f 366//366 365//365 367//367
f 367//367 369//369 366//366
f 369//369 367//367 370//370
f 370//370 367//367 368//368
f 351//351 131//131 366//366
f 366//366 371//371 351//351
f 366//366 372//372 371//371
f 353//353 351//351 371//371
f 371//371 373//373 353//353
f 373//373 371//371 372//372
f 372//372 374//374 373//373
f 372//372 366//366 369//369
f 369//369 375//375 372//372
f 375//375 369//369 370//370
f 375//375 370//370 376//376
f 374//374 372//372 375//375
f 374//374 375//375 377//377
f 377//377 375//375 376//376
f 377//377 376//376 378//378
f 368//368 356//356 359//359
f 359//359 379//379 368//368
f 379//379 359//359 380//380
f 380//380 359//359 360//360
f 368//368 379//379 370//370
f 381//381 370//370 379//379
f 381//381 379//379 380//380
f 381//381 380//380 382//382
f 363//363 383//383 360//360
f 360//360 383//383 380//380
f 364//364 384//384 363//363
f 363//363 384//384 383//383
f 385//385 380//380 383//383
f 385//385 383//383 386//386
f 386//386 383//383 384//384
f 382//382 380//380 385//385
f 385//385 387//387 382//382
f 387//387 385//385 386//386
f 376//376 370//370 381//381
f 381//381 388//388 376//376
f 388//388 381//381 382//382
f 382//382 389//389 388//388
f 378//378 376//376 388//388
f 388//388 390//390 378//378
f 390//390 388//388 389//389
f 389//389 391//391 390//390
f 389//389 382//382 387//387
f 387//387 392//392 389//389
f 391//391 389//389 392//392
f 392//392 393//393 391//391
f 392//392 394//394 393//393
f 362//362 199//199 242//242
f 242//242 395//395 362//362
f 395//395 242//242 243//243
f 243//243 396//396 395//395
f 364//364 362//362 395//395
f 395//395 397//397 364//364
f 397//397 395//395 396//396
f 396//396 398//398 397//397
f 396//396 243//243 244//244
f 244//244 399//399 396//396
f 399//399 244//244 245//245
f 245//245 400//400 399//399
f 398//398 396//396 401//401
f 401//401 396//396 399//399
f 401//401 399//399 402//402
f 402//402 399//399 400//400
f 400//400 245//245 259//259
f 259//259 403//403 400//400
f 403//403 259//259 260//260
f 402//402 400//400 404//404
f 404//404 400//400 403//403
f 404//404 403//403 405//405
f 405//405 403//403 260//260
f 405//405 260//260 264//264
f 264//264 406//406 405//405
f 406//406 264//264 265//265
f 265//265 407//407 406//406
f 397//397 384//384 364//364
f 398//398 408//408 397//397
f 397//397 408//408 384//384
f 386//386 384//384 409//409
f 409//409 384//384 408//408
f 386//386 410//410 387//387
f 410//410 386//386 411//411
f 411//411 386//386 409//409
f 401//401 412//412 408//408
f 408//408 398//398 401//401
f 413//413 412//412 402//402
f 402//402 412//412 401//401
f 409//409 408//408 412//412
f 409//409 412//412 413//413
f 411//411 409//409 414//414
f 414//414 409//409 413//413
f 414//414 413//413 415//415
f 392//392 387//387 410//410
f 410//410 416//416 392//392
f 416//416 410//410 417//417
f 417//417 410//410 411//411
f 394//394 392//392 416//416
f 394//394 416//416 418//418
f 417//417 419//419 416//416
f 416//416 419//419 418//418
f 417//417 411//411 420//420
f 420//420 411//411 414//414
f 420//420 414//414 421//421
f 421//421 414//414 415//415
f 422//422 419//419 417//417
f 422//422 417//417 420//420
f 422//422 420//420 423//423
f 423//423 420//420 421//421
f 413//413 402//402 424//424
f 424//424 402//402 404//404
f 424//424 404//404 425//425
f 425//425 404//404 405//405
f 424//424 426//426 413//413
f 427//427 426//426 425//425
f 425//425 426//426 424//424
f 415//415 413//413 426//426
f 425//425 405//405 428//428
f 428//428 405//405 406//406
f 428//428 406//406 429//429
f 429//429 406//406 407//407
f 427//427 425//425 430//430
f 430//430 425//425 428//428
f 430//430 428//428 431//431
f 431//431 428//428 429//429
f 421//421 415//415 432//432
f 432//432 415//415 426//426
f 432//432 426//426 427//427
f 432//432 427//427 433//433
f 423//423 421//421 434//434
f 434//434 421//421 432//432
f 434//434 432//432 435//435
f 435//435 432//432 433//433
f 436//436 427//427 430//430
f 436//436 430//430 437//437
f 437//437 430//430 431//431
f 433//433 427//427 436//436
f 437//437 438//438 436//436
f 435//435 433//433 439//439
f 439//439 433//433 436//436
f 439//439 436//436 438//438
f 407//407 265//265 308//308
f 308//308 440//440 407//407
f 440//440 308//308 309//309
f 309//309 441//441 440//440
f 310//310 311//311 442//442
f 442//442 311//311 312//312
f 441//441 309//309 443//443
f 443//443 309//309 310//310
f 443//443 310//310 442//442
f 442//442 444//444 443//443
f 322//322 325//325 445//445
f 445//445 325//325 446//446
f 446//446 325//325 447//447
f 447//447 325//325 326//326
f 445//445 446//446 448//448
f 448//448 449//449 445//445
f 448//448 446//446 447//447
f 447//447 450//450 448//448
f 451//451 448//448 450//450
f 450//450 452//452 451//451
f 453//453 454//454 455//455
f 455//455 454//454 451//451
f 455//455 451//451 452//452
f 442//442 312//312 456//456
f 456//456 312//312 321//321
f 456//456 321//321 322//322
f 456//456 322//322 457//457
f 456//456 457//457 458//458
f 458//458 457//457 459//459
f 444//444 442//442 456//456
f 456//456 460//460 444//444
f 460//460 456//456 458//458
f 458//458 461//461 460//460
f 461//461 458//458 462//462
f 462//462 458//458 459//459
f 445//445 457//457 322//322
f 459//459 457//457 463//463
f 463//463 457//457 449//449
f 449//449 457//457 445//445
f 462//462 459//459 463//463
f 463//463 464//464 462//462
f 453//453 455//455 465//465
f 465//465 466//466 453//453
f 466//466 465//465 467//467
f 467//467 468//468 466//466
f 466//466 469//469 454//454
f 454//454 453//453 466//466
f 468//468 470//470 469//469
f 469//469 466//466 468//468
f 471//471 472//472 468//468
f 473//473 472//472 474//474
f 473//473 474//474 475//475
f 429//429 407//407 476//476
f 476//476 407//407 440//440
f 476//476 440//440 477//477
f 477//477 440//440 441//441
f 431//431 429//429 478//478
f 478//478 429//429 476//476
f 478//478 476//476 479//479
f 479//479 476//476 477//477
f 477//477 441//441 443//443
f 443//443 480//480 477//477
f 480//480 443//443 444//444
f 444//444 481//481 480//480
f 479//479 477//477 480//480
f 480//480 482//482 479//479
f 482//482 480//480 483//483
f 483//483 480//480 481//481
f 483//483 481//481 484//484
f 437//437 431//431 485//485
f 485//485 431//431 478//478
f 485//485 478//478 486//486
f 486//486 478//478 479//479
f 485//485 487//487 438//438
f 438//438 437//437 485//485
f 486//486 488//488 485//485
f 485//485 488//488 487//487
f 489//489 487//487 488//488
f 486//486 479//479 490//490
f 490//490 479//479 491//491
f 491//491 479//479 482//482
f 483//483 491//491 482//482
f 490//490 491//491 492//492
f 492//492 491//491 483//483
f 492//492 483//483 484//484
f 490//490 488//488 486//486
f 489//489 488//488 493//493
f 493//493 488//488 490//490
f 493//493 490//490 492//492
f 492//492 494//494 493//493
f 481//481 444//444 460//460
f 460//460 495//495 481//481
f 495//495 460//460 496//496
f 496//496 460//460 461//461
f 496//496 461//461 497//497
f 497//497 461//461 462//462
f 484//484 481//481 498//498
f 498//498 481//481 495//495
f 498//498 495//495 496//496
f 498//498 496//496 499//499
f 499//499 496//496 497//497
f 497//497 462//462 464//464
f 492//492 484//484 498//498
f 498//498 500//500 492//492
f 500//500 498//498 499//499
f 499//499 501//501 500//500
f 494//494 492//492 500//500
f 500//500 502//502 494//494
f 502//502 500//500 503//503
f 503//503 500//500 501//501
f 501//501 499//499 504//504
f 504//504 499//499 505//505
f 503//503 501//501 506//506
f 507//507 473//473 475//475
f 511//511 512//512 513//513
f 514//514 343//343 344//344
f 514//514 344//344 515//515
f 515//515 344//344 345//345
f 345//345 516//516 515//515
f 515//515 517//517 514//514
f 518//518 517//517 515//515
f 518//518 515//515 516//516
f 518//518 516//516 519//519
f 513//513 514//514 517//517
f 513//513 517//517 520//520
f 520//520 517//517 518//518
f 513//513 521//521 511//511
f 522//522 521//521 513//513
f 522//522 513//513 520//520
f 522//522 520//520 523//523
f 523//523 520//520 518//518
f 523//523 518//518 524//524
f 524//524 518//518 519//519
f 523//523 525//525 522//522
f 524//524 526//526 525//525
f 525//525 523//523 524//524
f 527//527 521//521 522//522
f 528//528 527//527 529//529
f 529//529 527//527 522//522
f 529//529 522//522 525//525
f 529//529 525//525 526//526
f 526//526 530//530 529//529
f 516//516 345//345 531//531
f 531//531 345//345 348//348
f 531//531 348//348 349//349
f 349//349 532//532 531//531
f 519//519 516//516 533//533
f 533//533 516//516 531//531
f 533//533 531//531 534//534
f 534//534 531//531 532//532
f 532//532 349//349 352//352
f 352//352 535//535 532//532
f 535//535 352//352 353//353
f 353//353 536//536 535//535
f 535//535 537//537 532//532
f 532//532 537//537 534//534
f 536//536 538//538 535//535
f 535//535 538//538 537//537
f 539//539 537//537 538//538
f 524//524 519//519 540//540
f 540//540 519//519 533//533
f 540//540 533//533 541//541
f 541//541 533//533 534//534
f 540//540 542//542 526//526
f 526//526 524//524 540//540
f 541//541 543//543 542//542
f 542//542 540//540 541//541
f 541//541 534//534 537//537
f 537//537 544//544 541//541
f 544//544 537//537 545//545
f 545//545 537//537 539//539
f 544//544 546//546 541//541
f 541//541 546//546 543//543
f 545//545 547//547 544//544
f 544//544 547//547 546//546
f 530//530 526//526 542//542
f 542//542 548//548 530//530
f 548//548 542//542 543//543
f 543//543 549//549 548//548
f 549//549 543//543 550//550
f 550//550 543//543 546//546
f 550//550 546//546 551//551
f 551//551 546//546 547//547
f 553//553 528//528 554//554
f 554//554 528//528 529//529
f 554//554 529//529 555//555
f 555//555 529//529 530//530
f 556//556 553//553 557//557
f 557//557 553//553 554//554
f 557//557 554//554 558//558
f 558//558 554//554 555//555
f 559//559 553//553 556//556
f 560//560 557//557 558//558
f 558//558 561//561 560//560
f 560//560 562//562 563//563
f 562//562 560//560 561//561
f 561//561 564//564 562//562
f 555//555 530//530 565//565
f 565//565 530//530 548//548
f 565//565 548//548 566//566
f 566//566 548//548 549//549
f 558//558 555//555 567//567
f 567//567 555//555 565//565
f 567//567 565//565 566//566
f 566//566 568//568 567//567
f 566//566 549//549 550//550
f 550//550 569//569 566//566
f 569//569 550//550 551//551
f 551//551 570//570 569//569
f 568//568 566//566 569//569
f 569//569 571//571 568//568
f 571//571 569//569 570//570
f 570//570 572//572 571//571
f 561//561 558//558 567//567
f 567//567 573//573 561//561
f 573//573 567//567 568//568
f 568//568 574//574 573//573
f 564//564 561//561 573//573
f 573//573 575//575 564//564
f 575//575 573//573 574//574
f 574//574 576//576 575//575
f 574//574 568//568 577//577
f 577//577 568//568 571//571
f 577//577 571//571 578//578
f 578//578 571//571 572//572
f 576//576 574//574 579//579
f 579//579 574//574 577//577
f 579//579 577//577 580//580
f 580//580 577//577 578//578
f 536//536 353//353 373//373
f 373//373 581//581 536//536
f 581//581 373//373 374//374
f 581//581 374//374 582//582
f 581//581 583//583 536//536
f 536//536 583//583 538//538
f 539//539 538//538 584//584
f 584//584 538//538 583//583
f 584//584 583//583 581//581
f 584//584 581//581 582//582
f 584//584 582//582 585//585
f 582//582 374//374 586//586
f 586//586 374//374 377//377
f 586//586 377//377 378//378
f 378//378 587//587 586//586
f 585//585 582//582 586//586
f 586//586 588//588 585//585
f 588//588 586//586 589//589
f 589//589 586//586 587//587
f 545//545 539//539 584//584
f 584//584 590//590 545//545
f 590//590 584//584 585//585
f 590//590 585//585 591//591
f 545//545 590//590 547//547
f 588//588 592//592 585//585
f 585//585 592//592 591//591
f 589//589 592//592 588//588
f 551//551 547//547 593//593
f 593//593 547//547 590//590
f 593//593 590//590 594//594
f 594//594 590//590 591//591
f 595//595 591//591 592//592
f 595//595 592//592 596//596
f 596//596 592//592 589//589
f 594//594 591//591 595//595
f 595//595 597//597 594//594
f 597//597 595//595 596//596
f 596//596 598//598 597//597
f 587//587 378//378 390//390
f 390//390 599//599 587//587
f 599//599 390//390 600//600
f 600//600 390//390 391//391
f 587//587 599//599 589//589
f 391//391 393//393 600//600
f 601//601 589//589 599//599
f 601//601 599//599 602//602
f 602//602 599//599 600//600
f 603//603 600//600 393//393
f 603//603 393//393 604//604
f 604//604 393//393 394//394
f 602//602 600//600 603//603
f 603//603 605//605 602//602
f 605//605 603//603 604//604
f 604//604 606//606 605//605
f 596//596 589//589 601//601
f 601//601 607//607 596//596
f 607//607 601//601 602//602
f 602//602 608//608 607//607
f 598//598 596//596 607//607
f 607//607 609//609 598//598
f 609//609 607//607 608//608
f 608//608 610//610 609//609
f 608//608 602//602 605//605
f 605//605 611//611 608//608
f 611//611 605//605 606//606
f 606//606 612//612 611//611
f 610//610 608//608 611//611
f 611//611 613//613 610//610
f 613//613 611//611 612//612
f 612//612 614//614 613//613
f 570//570 551//551 593//593
f 593//593 615//615 570//570
f 615//615 593//593 594//594
f 594//594 616//616 615//615
f 572//572 570//570 615//615
f 615//615 617//617 572//572
f 617//617 615//615 616//616
f 616//616 618//618 617//617
f 616//616 594//594 597//597
f 597//597 619//619 616//616
f 619//619 597//597 598//598
f 598//598 620//620 619//619
f 618//618 616//616 621//621
f 621//621 616//616 619//619
f 578//578 572//572 622//622
f 622//622 572//572 617//617
f 622//622 617//617 623//623
f 622//622 623//623 624//624
f 623//623 617//617 618//618
f 580//580 578//578 625//625
f 625//625 578//578 622//622
f 625//625 622//622 626//626
f 626//626 622//622 624//624
f 626//626 624//624 627//627
f 624//624 623//623 628//628
f 628//628 623//623 618//618
f 628//628 618//618 621//621
f 621//621 629//629 628//628
f 627//627 624//624 628//628
f 628//628 630//630 627//627
f 630//630 628//628 629//629
f 629//629 631//631 630//630
f 620//620 598//598 609//609
f 610//610 632//632 609//609
f 609//609 632//632 620//620
f 621//621 619//619 633//633
f 633//633 619//619 620//620
f 633//633 620//620 632//632
f 632//632 634//634 633//633
f 613//613 635//635 610//610
f 610//610 635//635 632//632
f 614//614 636//636 635//635
f 635//635 613//613 614//614
f 634//634 632//632 635//635
f 635//635 637//637 634//634
f 637//637 635//635 638//638
f 638//638 635//635 636//636
f 629//629 621//621 633//633
f 629//629 633//633 634//634
f 634//634 639//639 629//629
f 629//629 640//640 631//631
f 640//640 629//629 639//639
f 639//639 641//641 640//640
f 639//639 634//634 637//637
f 637//637 642//642 639//639
f 642//642 637//637 643//643
f 643//643 637//637 638//638
f 641//641 639//639 642//642
f 642//642 644//644 641//641
f 644//644 642//642 643//643
f 643//643 645//645 644//644
f 563//563 646//646 647//647
f 648//648 649//649 646//646
f 648//648 646//646 650//650
f 651//651 648//648 650//650
f 652//652 646//646 562//562
f 562//562 646//646 563//563
f 652//652 562//562 653//653
f 653//653 562//562 564//564
f 654//654 646//646 652//652
f 652//652 655//655 654//654
f 655//655 652//652 656//656
f 656//656 652//652 653//653
f 651//651 650//650 646//646
f 646//646 654//654 651//651
f 657//657 654//654 655//655
f 655//655 658//658 657//657
f 658//658 655//655 659//659
f 659//659 655//655 656//656
f 660//660 651//651 654//654
f 654//654 657//657 660//660
f 661//661 657//657 658//658
f 658//658 662//662 661//661
f 662//662 658//658 663//663
f 663//663 658//658 659//659
f 664//664 660//660 657//657
f 657//657 661//661 664//664
f 653//653 564//564 665//665
f 665//665 564//564 575//575
f 665//665 575//575 576//576
f 576//576 666//666 665//665
f 656//656 653//653 667//667
f 667//667 653//653 665//665
f 667//667 665//665 668//668
f 668//668 665//665 666//666
f 666//666 576//576 579//579
f 579//579 669//669 666//666
f 669//669 579//579 580//580
f 580//580 670//670 669//669
f 668//668 666//666 669//669
f 669//669 671//671 668//668
f 671//671 669//669 670//670
f 670//670 672//672 671//671
f 659//659 656//656 673//673
f 673//673 656//656 667//667
f 673//673 667//667 668//668
f 668//668 674//674 673//673
f 663//663 659//659 675//675
f 675//675 659//659 673//673
f 675//675 673//673 674//674
f 674//674 676//676 675//675
f 674//674 668//668 671//671
f 671//671 677//677 674//674
f 677//677 671//671 678//678
f 678//678 671//671 679//679
f 679//679 671//671 672//672
f 678//678 679//679 680//680
f 676//676 674//674 681//681
f 681//681 674//674 677//677
f 678//678 681//681 677//677
f 682//682 681//681 678//678
f 682//682 678//678 680//680
f 663//663 683//683 662//662
f 684//684 664//664 662//662
f 684//684 662//662 685//685
f 662//662 664//664 661//661
f 685//685 662//662 683//683
f 683//683 686//686 685//685
f 687//687 688//688 684//684
f 687//687 684//684 689//689
f 689//689 684//684 685//685
f 689//689 685//685 690//690
f 690//690 685//685 686//686
f 689//689 691//691 687//687
f 690//690 692//692 689//689
f 689//689 692//692 691//691
f 675//675 693//693 663//663
f 663//663 693//693 683//683
f 675//675 676//676 693//693
f 686//686 683//683 694//694
f 694//694 683//683 693//693
f 694//694 693//693 695//695
f 695//695 693//693 676//676
f 690//690 686//686 694//694
f 694//694 696//696 690//690
f 696//696 694//694 695//695
f 695//695 697//697 696//696
f 695//695 676//676 698//698
f 698//698 676//676 681//681
f 698//698 681//681 682//682
f 682//682 699//699 698//698
f 697//697 695//695 698//698
f 698//698 700//700 697//697
f 700//700 698//698 699//699
f 699//699 701//701 700//700
f 696//696 702//702 692//692
f 692//692 690//690 696//696
f 697//697 703//703 702//702
f 702//702 696//696 697//697
f 700//700 704//704 703//703
f 703//703 697//697 700//700
f 701//701 705//705 704//704
f 704//704 700//700 701//701
f 706//706 688//688 687//687
f 687//687 691//691 708//708
f 687//687 708//708 706//706
f 706//706 708//708 707//707
f 708//708 691//691 692//692
f 692//692 709//709 708//708
f 710//710 708//708 709//709
f 711//711 712//712 710//710
f 709//709 692//692 702//702
f 702//702 713//713 709//709
f 713//713 702//702 714//714
f 714//714 702//702 703//703
f 715//715 710//710 716//716
f 716//716 710//710 709//709
f 716//716 709//709 713//713
f 714//714 717//717 713//713
f 713//713 717//717 718//718
f 713//713 718//718 716//716
f 716//716 718//718 715//715
f 714//714 703//703 719//719
f 719//719 703//703 704//704
f 719//719 704//704 720//720
f 720//720 704//704 705//705
f 719//719 721//721 714//714
f 714//714 721//721 717//717
f 720//720 722//722 721//721
f 721//721 719//719 720//720
f 723//723 718//718 724//724
f 724//724 718//718 721//721
f 721//721 718//718 717//717
f 724//724 721//721 725//725
f 725//725 721//721 722//722
f 726//726 711//711 710//710
f 710//710 715//715 726//726
f 727//727 726//726 715//715
f 727//727 715//715 718//718
f 718//718 723//723 728//728
f 670//670 580//580 625//625
f 625//625 729//729 670//670
f 729//729 625//625 730//730
f 730//730 625//625 626//626
f 730//730 626//626 731//731
f 731//731 626//626 627//627
f 672//672 670//670 732//732
f 732//732 670//670 729//729
f 732//732 729//729 733//733
f 733//733 729//729 730//730
f 733//733 730//730 731//731
f 731//731 627//627 630//630
f 630//630 734//734 731//731
f 734//734 630//630 631//631
f 631//631 735//735 734//734
f 733//733 731//731 734//734
f 734//734 736//736 733//733
f 736//736 734//734 735//735
f 735//735 737//737 736//736
f 732//732 679//679 672//672
f 680//680 679//679 738//738
f 738//738 679//679 732//732
f 738//738 732//732 733//733
f 733//733 739//739 738//738
f 682//682 680//680 738//738
f 738//738 740//740 682//682
f 740//740 738//738 739//739
f 739//739 741//741 740//740
f 739//739 733//733 736//736
f 736//736 742//742 739//739
f 742//742 736//736 743//743
f 743//743 736//736 744//744
f 744//744 736//736 737//737
f 741//741 739//739 742//742
f 742//742 745//745 741//741
f 745//745 742//742 746//746
f 746//746 742//742 743//743
f 735//735 631//631 640//640
f 640//640 747//747 735//735
f 747//747 640//640 641//641
f 641//641 748//748 747//747
f 737//737 735//735 747//747
f 747//747 749//749 737//737
f 749//749 747//747 750//750
f 750//750 747//747 748//748
f 748//748 641//641 644//644
f 644//644 751//751 748//748
f 751//751 644//644 645//645
f 645//645 752//752 751//751
f 751//751 753//753 748//748
f 748//748 753//753 750//750
f 751//751 752//752 753//753
f 737//737 749//749 744//744
f 746//746 743//743 754//754
f 754//754 743//743 744//744
f 755//755 744//744 749//749
f 755//755 749//749 750//750
f 754//754 744//744 755//755
f 755//755 756//756 754//754
f 756//756 755//755 750//750
f 750//750 757//757 756//756
f 753//753 758//758 750//750
f 758//758 753//753 752//752
f 752//752 759//759 758//758
f 757//757 750//750 758//758
f 759//759 760//760 758//758
f 699//699 682//682 740//740
f 740//740 761//761 699//699
f 761//761 740//740 741//741
f 741//741 762//762 761//761
f 701//701 699//699 761//761
f 761//761 763//763 701//701
f 763//763 761//761 762//762
f 762//762 764//764 763//763
f 762//762 741//741 745//745
f 762//762 745//745 765//765
f 764//764 762//762 765//765
f 763//763 766//766 701//701
f 701//701 766//766 705//705
f 764//764 767//767 763//763
f 763//763 767//767 766//766
f 765//765 745//745 768//768
f 768//768 745//745 754//754
f 754//754 745//745 746//746
f 764//764 765//765 769//769
f 769//769 765//765 768//768
f 768//768 770//770 769//769
f 720//720 705//705 771//771
f 771//771 705//705 766//766
f 771//771 766//766 772//772
f 772//772 766//766 767//767
f 771//771 773//773 722//722
f 722//722 720//720 771//771
f 772//772 774//774 773//773
f 773//773 771//771 772//772
f 725//725 722//722 775//775
f 775//775 722//722 773//773
f 775//775 773//773 776//776
f 776//776 773//773 774//774
f 772//772 767//767 764//764
f 772//772 764//764 769//769
f 772//772 769//769 777//777
f 777//777 769//769 770//770
f 777//777 770//770 778//778
f 777//777 779//779 772//772
f 772//772 779//779 774//774
f 778//778 779//779 777//777
f 776//776 774//774 780//780
f 780//780 774//774 779//779
f 780//780 779//779 781//781
f 781//781 779//779 778//778
f 768//768 754//754 756//756
f 756//756 782//782 768//768
f 782//782 756//756 757//757
f 757//757 783//783 782//782
f 770//770 768//768 782//782
f 782//782 784//784 770//770
f 784//784 782//782 783//783
f 783//783 785//785 784//784
f 783//783 757//757 758//758
f 758//758 786//786 783//783
f 786//786 758//758 760//760
f 760//760 787//787 786//786
f 785//785 783//783 786//786
f 786//786 788//788 785//785
f 788//788 786//786 787//787
f 787//787 789//789 788//788
f 784//784 790//790 770//770
f 770//770 790//790 778//778
f 784//784 785//785 790//790
f 791//791 778//778 790//790
f 791//791 790//790 792//792
f 792//792 790//790 785//785
f 781//781 778//778 791//791
f 791//791 793//793 781//781
f 792//792 794//794 793//793
f 788//788 795//795 785//785
f 789//789 796//796 788//788
f 788//788 796//796 795//795
f 792//792 785//785 797//797
f 797//797 785//785 795//795
f 797//797 795//795 798//798
f 798//798 795//795 796//796
f 794//794 792//792 797//797
f 797//797 799//799 794//794
f 799//799 797//797 800//800
f 800//800 797//797 798//798
f 38//38 36//36 801//801
f 801//801 36//36 802//802
f 801//801 802//802 803//803
f 803//803 802//802 804//804
f 803//803 804//804 805//805
f 805//805 804//804 806//806
f 805//805 807//807 808//808
f 808//808 807//807 809//809
f 809//809 810//810 808//808
f 812//812 811//811 423//423
f 423//423 811//811 422//422
f 604//604 394//394 813//813
f 813//813 394//394 418//418
f 813//813 418//418 419//419
f 419//419 814//814 813//813
f 606//606 604//604 813//813
f 813//813 815//815 606//606
f 815//815 813//813 814//814
f 814//814 816//816 815//815
f 814//814 419//419 422//422
f 814//814 422//422 817//817
f 817//817 422//422 811//811
f 817//817 811//811 812//812
f 816//816 814//814 818//818
f 818//818 814//814 817//817
f 818//818 817//817 812//812
f 818//818 812//812 819//819
f 612//612 606//606 815//815
f 815//815 820//820 612//612
f 820//820 815//815 816//816
f 816//816 821//821 820//820
f 614//614 612//612 820//820
f 820//820 822//822 614//614
f 822//822 820//820 821//821
f 821//821 816//816 823//823
f 823//823 816//816 818//818
f 823//823 818//818 824//824
f 824//824 818//818 819//819
f 822//822 821//821 825//825
f 825//825 821//821 823//823
f 825//825 823//823 826//826
f 826//826 823//823 824//824
f 812//812 423//423 827//827
f 827//827 423//423 434//434
f 827//827 434//434 828//828
f 828//828 434//434 435//435
f 827//827 829//829 812//812
f 830//830 829//829 828//828
f 828//828 829//829 827//827
f 828//828 435//435 831//831
f 831//831 435//435 439//439
f 831//831 439//439 832//832
f 832//832 439//439 438//438
f 830//830 828//828 833//833
f 833//833 828//828 831//831
f 833//833 831//831 834//834
f 834//834 831//831 832//832
f 819//819 812//812 829//829
f 829//829 835//835 819//819
f 835//835 829//829 830//830
f 833//833 836//836 830//830
f 836//836 833//833 834//834
f 824//824 819//819 837//837
f 837//837 819//819 835//835
f 837//837 835//835 830//830
f 837//837 830//830 838//838
f 826//826 824//824 839//839
f 839//839 824//824 837//837
f 839//839 837//837 840//840
f 840//840 837//837 838//838
f 838//838 830//830 836//836
f 836//836 841//841 838//838
f 836//836 842//842 841//841
f 840//840 838//838 843//843
f 843//843 838//838 841//841
f 843//843 841//841 844//844
f 844//844 841//841 842//842
f 822//822 845//845 614//614
f 614//614 845//845 636//636
f 822//822 846//846 845//845
f 847//847 845//845 846//846
f 638//638 636//636 845//845
f 845//845 848//848 638//638
f 848//848 845//845 847//847
f 847//847 849//849 848//848
f 825//825 846//846 822//822
f 825//825 826//826 846//846
f 847//847 846//846 850//850
f 850//850 846//846 851//851
f 851//851 846//846 826//826
f 849//849 847//847 850//850
f 850//850 852//852 849//849
f 852//852 850//850 853//853
f 853//853 850//850 851//851
f 643//643 638//638 848//848
f 848//848 854//854 643//643
f 854//854 848//848 849//849
f 849//849 855//855 854//854
f 645//645 643//643 854//854
f 854//854 856//856 645//645
f 856//856 854//854 855//855
f 855//855 857//857 856//856
f 855//855 849//849 858//858
f 858//858 849//849 852//852
f 858//858 852//852 859//859
f 859//859 852//852 853//853
f 857//857 855//855 860//860
f 860//860 855//855 858//858
f 860//860 858//858 861//861
f 861//861 858//858 859//859
f 839//839 862//862 826//826
f 862//862 839//839 840//840
f 851//851 826//826 862//862
f 862//862 863//863 851//851
f 862//862 864//864 863//863
f 853//853 851//851 865//865
f 865//865 851//851 863//863
f 865//865 863//863 864//864
f 864//864 866//866 865//865
f 843//843 867//867 862//862
f 862//862 840//840 843//843
f 844//844 868//868 843//843
f 843//843 868//868 867//867
f 864//864 862//862 867//867
f 867//867 869//869 864//864
f 869//869 867//867 870//870
f 870//870 867//867 868//868
f 866//866 864//864 869//869
f 869//869 871//871 866//866
f 871//871 869//869 870//870
f 870//870 872//872 871//871
f 859//859 853//853 873//873
f 873//873 853//853 865//865
f 873//873 865//865 874//874
f 874//874 865//865 866//866
f 861//861 859//859 875//875
f 875//875 859//859 873//873
f 875//875 873//873 876//876
f 876//876 873//873 874//874
f 874//874 866//866 871//871
f 871//871 877//877 874//874
f 877//877 871//871 872//872
f 872//872 878//878 877//877
f 876//876 874//874 879//879
f 879//879 874//874 877//877
f 879//879 877//877 878//878
f 878//878 880//880 879//879
f 832//832 438//438 881//881
f 881//881 438//438 487//487
f 881//881 487//487 489//489
f 489//489 882//882 881//881
f 834//834 832//832 881//881
f 881//881 883//883 834//834
f 883//883 881//881 882//882
f 883//883 882//882 884//884
f 882//882 489//489 493//493
f 493//493 885//885 882//882
f 885//885 493//493 494//494
f 494//494 886//886 885//885
f 885//885 887//887 882//882
f 882//882 887//887 884//884
f 886//886 888//888 885//885
f 885//885 888//888 887//887
f 889//889 884//884 887//887
f 889//889 887//887 890//890
f 890//890 887//887 888//888
f 883//883 891//891 834//834
f 834//834 891//891 836//836
f 884//884 891//891 883//883
f 842//842 836//836 891//891
f 891//891 892//892 842//842
f 892//892 891//891 893//893
f 893//893 891//891 884//884
f 844//844 842//842 892//892
f 892//892 894//894 844//844
f 894//894 892//892 895//895
f 895//895 892//892 893//893
f 895//895 893//893 896//896
f 895//895 896//896 897//897
f 893//893 884//884 889//889
f 889//889 898//898 893//893
f 898//898 889//889 890//890
f 890//890 899//899 898//898
f 898//898 900//900 893//893
f 893//893 900//900 896//896
f 898//898 899//899 900//900
f 897//897 896//896 901//901
f 901//901 896//896 900//900
f 901//901 900//900 899//899
f 899//899 902//902 901//901
f 886//886 494//494 903//903
f 903//903 494//494 502//502
f 503//503 903//903 502//502
f 903//903 888//888 886//886
f 904//904 903//903 503//503
f 904//904 503//503 506//506
f 890//890 888//888 905//905
f 905//905 888//888 903//903
f 905//905 903//903 904//904
f 904//904 906//906 905//905
f 906//906 904//904 907//907
f 907//907 908//908 906//906
f 908//908 907//907 909//909
f 899//899 890//890 905//905
f 905//905 910//910 899//899
f 910//910 905//905 911//911
f 911//911 905//905 906//906
f 910//910 911//911 912//912
f 902//902 899//899 913//913
f 913//913 899//899 910//910
f 913//913 910//910 912//912
f 913//913 912//912 914//914
f 913//913 914//914 915//915
f 908//908 911//911 906//906
f 912//912 911//911 909//909
f 912//912 909//909 916//916
f 909//909 911//911 908//908
f 916//916 914//914 912//912
f 915//915 914//914 917//917
f 917//917 914//914 918//918
f 917//917 918//918 919//919
f 918//918 914//914 916//916
f 844//844 894//894 868//868
f 870//870 868//868 920//920
f 920//920 868//868 894//894
f 920//920 894//894 895//895
f 920//920 895//895 921//921
f 921//921 895//895 897//897
f 872//872 870//870 920//920
f 920//920 922//922 872//872
f 922//922 920//920 921//921
f 921//921 923//923 922//922
f 921//921 897//897 901//901
f 901//901 924//924 921//921
f 924//924 901//901 902//902
f 902//902 925//925 924//924
f 923//923 921//921 924//924
f 924//924 926//926 923//923
f 926//926 924//924 925//925
f 925//925 927//927 926//926
f 878//878 872//872 928//928
f 928//928 872//872 922//922
f 928//928 922//922 929//929
f 929//929 922//922 923//923
f 880//880 878//878 928//928
f 928//928 930//930 880//880
f 930//930 928//928 931//931
f 931//931 928//928 929//929
f 929//929 923//923 932//932
f 932//932 923//923 926//926
f 932//932 926//926 933//933
f 933//933 926//926 927//927
f 931//931 929//929 934//934
f 934//934 929//929 932//932
f 934//934 932//932 935//935
f 935//935 932//932 933//933
f 925//925 902//902 936//936
f 936//936 902//902 937//937
f 937//937 902//902 913//913
f 915//915 937//937 913//913
f 927//927 925//925 938//938
f 938//938 925//925 936//936
f 933//933 927//927 938//938
f 933//933 938//938 939//939
f 933//933 939//939 940//940
f 935//935 933//933 940//940
f 940//940 941//941 935//935
f 940//940 942//942 941//941
f 936//936 937//937 943//943
f 943//943 937//937 944//944
f 943//943 944//944 945//945
f 944//944 937//937 915//915
f 944//944 915//915 917//917
f 938//938 936//936 946//946
f 946//946 936//936 943//943
f 946//946 943//943 945//945
f 945//945 947//947 946//946
f 919//919 944//944 917//917
f 946//946 939//939 938//938
f 940//940 939//939 948//948
f 948//948 939//939 949//949
f 949//949 939//939 946//946
f 949//949 946//946 947//947
f 942//942 940//940 948//948
f 948//948 950//950 942//942
f 948//948 949//949 951//951
f 950//950 948//948 952//952
f 952//952 948//948 951//951
f 752//752 645//645 953//953
f 953//953 645//645 856//856
f 857//857 954//954 856//856
f 856//856 954//954 953//953
f 860//860 955//955 954//954
f 954//954 857//857 860//860
f 955//955 860//860 861//861
f 955//955 861//861 956//956
f 956//956 957//957 955//955
f 956//956 861//861 958//958
f 958//958 861//861 875//875
f 958//958 875//875 959//959
f 959//959 875//875 876//876
f 960//960 957//957 958//958
f 958//958 957//957 956//956
f 960//960 958//958 961//961
f 961//961 958//958 959//959
f 959//959 876//876 879//879
f 879//879 962//962 959//959
f 962//962 879//879 963//963
f 963//963 879//879 880//880
f 961//961 959//959 964//964
f 964//964 959//959 962//962
f 964//964 962//962 965//965
f 965//965 962//962 963//963
f 966//966 957//957 960//960
f 960//960 967//967 966//966
f 967//967 960//960 968//968
f 968//968 960//960 961//961
f 967//967 969//969 966//966
f 970//970 969//969 967//967
f 970//970 967//967 968//968
f 968//968 961//961 971//971
f 971//971 961//961 964//964
f 971//971 964//964 972//972
f 972//972 964//964 965//965
f 970//970 968//968 973//973
f 973//973 968//968 971//971
f 973//973 971//971 972//972
f 972//972 974//974 973//973
f 975//975 752//752 953//953
f 975//975 953//953 954//954
f 954//954 976//976 975//975
f 976//976 954//954 977//977
f 977//977 954//954 955//955
f 977//977 955//955 957//957
f 759//759 752//752 975//975
f 975//975 978//978 759//759
f 978//978 975//975 976//976
f 976//976 979//979 978//978
f 760//760 759//759 978//978
f 978//978 980//980 760//760
f 980//980 978//978 979//979
f 979//979 981//981 980//980
f 979//979 976//976 982//982
f 982//982 976//976 977//977
f 982//982 977//977 983//983
f 983//983 977//977 957//957
f 981//981 979//979 984//984
f 984//984 979//979 982//982
f 984//984 982//982 985//985
f 985//985 982//982 983//983
f 957//957 966//966 983//983
f 985//985 983//983 966//966
f 985//985 966//966 969//969
f 970//970 986//986 969//969
f 973//973 987//987 986//986
f 986//986 970//970 973//973
f 974//974 988//988 973//973
f 973//973 988//988 987//987
f 787//787 760//760 980//980
f 787//787 980//980 981//981
f 981//981 989//989 787//787
f 789//789 787//787 990//990
f 990//990 787//787 989//989
f 989//989 991//991 990//990
f 989//989 981//981 992//992
f 992//992 981//981 984//984
f 992//992 984//984 993//993
f 993//993 984//984 985//985
f 991//991 989//989 994//994
f 994//994 989//989 992//992
f 994//994 992//992 995//995
f 995//995 992//992 993//993
f 789//789 990//990 796//796
f 798//798 796//796 996//996
f 996//996 796//796 990//990
f 996//996 990//990 997//997
f 997//997 990//990 991//991
f 800//800 798//798 998//998
f 998//998 798//798 996//996
f 998//998 996//996 997//997
f 997//997 999//999 998//998
f 994//994 1000//1000 991//991
f 995//995 1001//1001 1000//1000
f 1000//1000 994//994 995//995
f 997//997 991//991 1000//1000
f 1000//1000 1002//1002 997//997
f 1002//1002 1000//1000 1001//1001
f 1001//1001 1003//1003 1002//1002
f 999//999 997//997 1002//1002
f 1002//1002 1004//1004 999//999
f 1004//1004 1002//1002 1003//1003
f 1004//1004 1003//1003 1005//1005
f 993//993 985//985 1006//1006
f 1006//1006 985//985 969//969
f 1006//1006 969//969 986//986
f 1006//1006 986//986 1007//1007
f 995//995 993//993 1008//1008
f 1008//1008 993//993 1006//1006
f 1008//1008 1006//1006 1009//1009
f 1009//1009 1006//1006 1007//1007
f 1007//1007 986//986 987//987
f 987//987 1010//1010 1007//1007
f 1010//1010 987//987 988//988
f 988//988 1011//1011 1010//1010
f 1009//1009 1007//1007 1010//1010
f 1010//1010 1012//1012 1009//1009
f 1012//1012 1010//1010 1011//1011
f 1011//1011 1013//1013 1012//1012
f 1008//1008 1014//1014 1001//1001
f 1001//1001 995//995 1008//1008
f 1009//1009 1015//1015 1008//1008
f 1008//1008 1015//1015 1014//1014
f 1003//1003 1001//1001 1014//1014
f 1014//1014 1016//1016 1003//1003
f 1016//1016 1014//1014 1015//1015
f 1015//1015 1017//1017 1016//1016
f 1016//1016 1018//1018 1003//1003
f 1003//1003 1018//1018 1005//1005
f 1017//1017 1019//1019 1016//1016
f 1016//1016 1019//1019 1018//1018
f 1012//1012 1020//1020 1009//1009
f 1009//1009 1020//1020 1015//1015
f 1013//1013 1021//1021 1012//1012
f 1012//1012 1021//1021 1020//1020
f 1017//1017 1015//1015 1020//1020
f 1020//1020 1022//1022 1017//1017
f 1022//1022 1020//1020 1023//1023
f 1023//1023 1020//1020 1021//1021
f 1022//1022 1024//1024 1019//1019
f 1019//1019 1017//1017 1022//1022
f 1023//1023 1024//1024 1022//1022
f 1018//1018 1025//1025 1005//1005
f 1025//1025 1018//1018 1019//1019
f 1025//1025 1019//1019 1026//1026
f 1026//1026 1019//1019 1027//1027
f 1026//1026 1027//1027 1028//1028
f 1028//1028 1027//1027 1029//1029
f 1027//1027 1019//1019 1030//1030
f 1030//1030 1019//1019 1024//1024
f 1023//1023 1031//1031 1030//1030
f 1023//1023 1030//1030 1024//1024
f 1029//1029 1027//1027 1032//1032
f 1032//1032 1027//1027 1030//1030
f 1032//1032 1030//1030 1033//1033
f 1033//1033 1030//1030 1031//1031
f 963//963 880//880 1034//1034
f 1034//1034 880//880 930//930
f 1034//1034 930//930 1035//1035
f 1035//1035 930//930 931//931
f 965//965 963//963 1036//1036
f 1036//1036 963//963 1034//1034
f 1036//1036 1034//1034 1035//1035
f 1035//1035 1037//1037 1036//1036
f 1035//1035 931//931 934//934
f 934//934 1038//1038 1035//1035
f 1038//1038 934//934 935//935
f 935//935 1039//1039 1038//1038
f 1037//1037 1035//1035 1038//1038
f 1038//1038 1040//1040 1037//1037
f 1040//1040 1038//1038 1039//1039
f 1039//1039 1041//1041 1040//1040
f 972//972 965//965 1042//1042
f 1042//1042 965//965 1036//1036
f 1042//1042 1036//1036 1037//1037
f 1037//1037 1043//1043 1042//1042
f 974//974 972//972 1042//1042
f 1042//1042 1044//1044 974//974
f 1044//1044 1042//1042 1045//1045
f 1045//1045 1042//1042 1043//1043
f 1043//1043 1037//1037 1040//1040
f 1040//1040 1046//1046 1043//1043
f 1046//1046 1040//1040 1041//1041
f 1041//1041 1047//1047 1046//1046
f 1045//1045 1043//1043 1048//1048
f 1048//1048 1043//1043 1046//1046
f 1048//1048 1046//1046 1047//1047
f 1047//1047 1049//1049 1048//1048
f 1039//1039 935//935 941//941
f 941//941 1050//1050 1039//1039
f 1050//1050 941//941 942//942
f 942//942 1051//1051 1050//1050
f 1041//1041 1039//1039 1050//1050
f 1050//1050 1052//1052 1041//1041
f 1052//1052 1050//1050 1053//1053
f 1053//1053 1050//1050 1051//1051
f 1047//1047 1041//1041 1054//1054
f 1054//1054 1041//1041 1052//1052
f 1053//1053 1054//1054 1052//1052
f 1049//1049 1047//1047 1055//1055
f 1055//1055 1047//1047 1054//1054
f 1051//1051 942//942 950//950
f 950//950 1056//1056 1051//1051
f 1053//1053 1051//1051 1057//1057
f 1057//1057 1051//1051 1056//1056
f 1056//1056 950//950 952//952
f 952//952 1058//1058 1056//1056
f 1057//1057 1056//1056 1058//1058
f 1058//1058 1059//1059 1057//1057
f 1060//1060 1054//1054 1053//1053
f 1060//1060 1053//1053 1057//1057
f 1055//1055 1054//1054 1060//1060
f 1060//1060 1061//1061 1055//1055
f 1060//1060 1057//1057 1062//1062
f 1062//1062 1057//1057 1059//1059
f 1062//1062 1059//1059 1063//1063
f 1063//1063 1064//1064 1062//1062
f 1061//1061 1060//1060 1062//1062
f 1062//1062 1065//1065 1061//1061
f 1065//1065 1062//1062 1064//1064
f 1064//1064 1066//1066 1065//1065
f 988//988 974//974 1044//1044
f 1045//1045 1067//1067 988//988
f 988//988 1044//1044 1045//1045
f 1048//1048 1068//1068 1045//1045
f 1045//1045 1068//1068 1067//1067
f 1049//1049 1069//1069 1048//1048
f 1048//1048 1069//1069 1068//1068
f 1055//1055 1069//1069 1049//1049
f 988//988 1067//1067 1011//1011
f 1013//1013 1011//1011 1070//1070
f 1070//1070 1011//1011 1067//1067
f 1067//1067 1071//1071 1070//1070
f 1068//1068 1072//1072 1067//1067
f 1072//1072 1068//1068 1073//1073
f 1073//1073 1068//1068 1069//1069
f 1071//1071 1067//1067 1072//1072
f 1072//1072 1074//1074 1071//1071
f 1074//1074 1072//1072 1073//1073
f 1074//1074 1073//1073 1075//1075
f 1074//1074 1075//1075 1076//1076
f 1070//1070 1077//1077 1013//1013
f 1013//1013 1077//1077 1021//1021
f 1071//1071 1078//1078 1070//1070
f 1070//1070 1078//1078 1077//1077
f 1023//1023 1021//1021 1079//1079
f 1079//1079 1021//1021 1077//1077
f 1079//1079 1077//1077 1080//1080
f 1080//1080 1077//1077 1078//1078
f 1078//1078 1071//1071 1074//1074
f 1080//1080 1078//1078 1081//1081
f 1081//1081 1078//1078 1074//1074
f 1076//1076 1082//1082 1074//1074
f 1074//1074 1082//1082 1081//1081
f 1079//1079 1083//1083 1023//1023
f 1083//1083 1079//1079 1080//1080
f 1080//1080 1084//1084 1083//1083
f 1083//1083 1084//1084 1031//1031
f 1031//1031 1023//1023 1083//1083
f 1033//1033 1031//1031 1085//1085
f 1085//1085 1031//1031 1084//1084
f 1085//1085 1084//1084 1086//1086
f 1084//1084 1080//1080 1081//1081
f 1084//1084 1081//1081 1087//1087
f 1087//1087 1081//1081 1088//1088
f 1088//1088 1081//1081 1082//1082
f 1084//1084 1087//1087 1089//1089
f 1089//1089 1087//1087 1090//1090
f 1090//1090 1087//1087 1088//1088
f 1089//1089 1086//1086 1084//1084
f 1073//1073 1069//1069 1091//1091
f 1091//1091 1069//1069 1055//1055
f 1091//1091 1055//1055 1061//1061
f 1061//1061 1092//1092 1091//1091
f 1091//1091 1093//1093 1075//1075
f 1075//1075 1073//1073 1091//1091
f 1092//1092 1094//1094 1091//1091
f 1091//1091 1094//1094 1093//1093
f 1076//1076 1075//1075 1093//1093
f 1093//1093 1095//1095 1076//1076
f 1095//1095 1093//1093 1094//1094
f 1095//1095 1094//1094 1096//1096
f 1096//1096 1094//1094 1097//1097
f 1092//1092 1061//1061 1065//1065
f 1065//1065 1098//1098 1092//1092
f 1098//1098 1065//1065 1099//1099
f 1099//1099 1065//1065 1066//1066
f 1098//1098 1094//1094 1092//1092
f 1099//1099 1097//1097 1094//1094
f 1094//1094 1098//1098 1099//1099
f 1100//1100 1097//1097 1099//1099
f 1100//1100 1099//1099 1101//1101
f 1100//1100 1101//1101 1102//1102
f 1095//1095 1103//1103 1082//1082
f 1082//1082 1076//1076 1095//1095
f 1096//1096 1103//1103 1095//1095
f 1088//1088 1082//1082 1104//1104
f 1104//1104 1082//1082 1103//1103
f 1100//1100 1105//1105 1104//1104
f 1100//1100 1104//1104 1103//1103
f 1100//1100 1103//1103 1096//1096
f 1090//1090 1088//1088 1106//1106
f 1106//1106 1088//1088 1104//1104
f 1106//1106 1104//1104 1107//1107
f 1107//1107 1104//1104 1105//1105
f 1102//1102 1105//1105 1100//1100
f 1108//1108 1107//1107 1105//1105
f 1105//1105 1102//1102 1108//1108
f 1109//1109 1029//1029 1032//1032
f 1032//1032 1110//1110 1109//1109
f 1110//1110 1032//1032 1111//1111
f 1111//1111 1032//1032 1033//1033
f 1111//1111 1033//1033 1112//1112
f 1111//1111 1112//1112 1113//1113
f 1114//1114 1115//1115 1116//1116
f 1117//1117 1116//1116 1115//1115
f 1115//1115 1118//1118 1117//1117
f 1119//1119 1117//1117 1118//1118
f 1112//1112 1033//1033 1121//1121
f 1121//1121 1033//1033 1085//1085
f 1121//1121 1085//1085 1122//1122
f 1122//1122 1085//1085 1086//1086
f 1113//1113 1112//1112 1121//1121
f 1089//1089 1123//1123 1122//1122
f 1089//1089 1122//1122 1086//1086
f 1123//1123 1124//1124 1125//1125
f 1120//1120 1127//1127 1128//1128
f 1129//1129 1128//1128 1130//1130
f 1130//1130 1128//1128 1127//1127
f 1131//1131 1106//1106 1107//1107
f 1131//1131 1107//1107 1132//1132
f 1129//1129 1132//1132 1107//1107
f 1107//1107 1108//1108 1129//1129
f 447//447 326//326 332//332
f 332//332 1135//1135 447//447
f 450//450 447//447 1136//1136
f 1136//1136 447//447 1135//1135
f 1137//1137 1138//1138 455//455
f 452//452 450//450 1136//1136
f 1136//1136 1139//1139 452//452
f 455//455 452//452 1137//1137
f 1137//1137 452//452 1139//1139
f 1138//1138 465//465 455//455
f 471//471 467//467 1140//1140
f 1140//1140 1141//1141 474//474
f 474//474 471//471 1140//1140
f 475//475 474//474 1142//1142
f 1142//1142 474//474 1141//1141
f 1142//1142 1143//1143 475//475
f 507//507 475//475 1144//1144
f 1144//1144 475//475 1143//1143
f 1144//1144 1143//1143 1145//1145
f 1144//1144 1145//1145 1146//1146
f 1144//1144 509//509 507//507
f 725//725 1147//1147 1148//1148
f 1148//1148 724//724 725//725
f 1149//1149 1150//1150 1151//1151
f 1152//1152 1149//1149 1151//1151
f 1151//1151 1153//1153 1152//1152
f 1154//1154 728//728 1155//1155
f 1155//1155 728//728 723//723
f 1155//1155 723//723 1148//1148
f 1155//1155 1148//1148 1147//1147
f 1147//1147 1156//1156 1155//1155
f 728//728 1154//1154 1151//1151
f 1157//1157 1154//1154 1155//1155
f 1155//1155 1158//1158 1157//1157
f 1158//1158 1155//1155 1159//1159
f 1159//1159 1155//1155 1156//1156
f 1153//1153 1151//1151 1154//1154
f 1154//1154 1157//1157 1153//1153
f 1160//1160 1152//1152 1153//1153
f 1153//1153 1161//1161 1160//1160
f 1162//1162 1160//1160 1161//1161
f 1158//1158 1163//1163 1157//1157
f 1164//1164 1163//1163 1158//1158
f 1164//1164 1158//1158 1159//1159
f 1161//1161 1153//1153 1157//1157
f 1161//1161 1157//1157 1163//1163
f 1165//1165 1163//1163 1164//1164
f 1164//1164 1166//1166 1165//1165
f 1162//1162 1161//1161 1167//1167
f 1167//1167 1161//1161 1163//1163
f 1163//1163 1165//1165 1167//1167
f 1168//1168 1165//1165 1166//1166
f 1169//1169 1162//1162 1170//1170
f 1170//1170 1162//1162 1167//1167
f 1170//1170 1167//1167 1165//1165
f 1165//1165 1168//1168 1170//1170
f 1171//1171 1147//1147 725//725
f 1171//1171 725//725 775//775
f 1171//1171 775//775 1172//1172
f 1172//1172 775//775 1173//1173
f 1173//1173 775//775 776//776
f 1172//1172 1174//1174 1171//1171
f 1173//1173 1175//1175 1174//1174
f 1174//1174 1172//1172 1173//1173
f 1173//1173 776//776 780//780
f 780//780 1176//1176 1173//1173
f 1176//1176 780//780 781//781
f 781//781 1177//1177 1176//1176
f 1176//1176 1178//1178 1175//1175
f 1175//1175 1173//1173 1176//1176
f 1177//1177 1178//1178 1176//1176
f 1156//1156 1147//1147 1171//1171
f 1159//1159 1156//1156 1171//1171
f 1159//1159 1171//1171 1174//1174
f 1159//1159 1174//1174 1179//1179
f 1179//1179 1174//1174 1175//1175
f 1164//1164 1159//1159 1181//1181
f 1181//1181 1159//1159 1179//1179
f 1181//1181 1179//1179 1182//1182
f 1182//1182 1179//1179 1175//1175
f 1166//1166 1164//1164 1183//1183
f 1183//1183 1164//1164 1181//1181
f 1183//1183 1181//1181 1184//1184
f 1184//1184 1181//1181 1182//1182
f 1182//1182 1175//1175 1185//1185
f 1185//1185 1175//1175 1178//1178
f 1185//1185 1178//1178 1180//1180
f 1180//1180 1186//1186 1185//1185
f 1184//1184 1182//1182 1187//1187
f 1187//1187 1182//1182 1185//1185
f 1187//1187 1185//1185 1186//1186
f 1186//1186 1188//1188 1187//1187
f 1177//1177 781//781 793//793
f 1177//1177 793//793 1189//1189
f 794//794 1190//1190 793//793
f 793//793 1190//1190 1189//1189
f 799//799 1190//1190 794//794
f 800//800 1191//1191 799//799
f 799//799 1191//1191 1190//1190
f 1192//1192 1189//1189 1190//1190
f 1180//1180 1178//1178 1177//1177
f 1180//1180 1177//1177 1193//1193
f 1193//1193 1177//1177 1189//1189
f 1193//1193 1189//1189 1192//1192
f 1192//1192 1194//1194 1193//1193
f 1192//1192 1190//1190 1195//1195
f 1195//1195 1190//1190 1191//1191
f 1194//1194 1192//1192 1195//1195
f 1195//1195 1196//1196 1194//1194
f 1195//1195 1197//1197 1196//1196
f 1186//1186 1180//1180 1193//1193
f 1193//1193 1198//1198 1186//1186
f 1198//1198 1193//1193 1194//1194
f 1194//1194 1199//1199 1198//1198
f 1188//1188 1186//1186 1198//1198
f 1198//1198 1200//1200 1188//1188
f 1200//1200 1198//1198 1199//1199
f 1199//1199 1201//1201 1200//1200
f 1199//1199 1194//1194 1196//1196
f 1196//1196 1201//1201 1199//1199
f 1201//1201 1196//1196 1197//1197
f 1197//1197 1202//1202 1201//1201
f 1203//1203 1201//1201 1202//1202
f 1202//1202 1204//1204 1203//1203
f 1168//1168 1166//1166 1205//1205
f 1205//1205 1166//1166 1183//1183
f 40//40 38//38 801//801
f 801//801 1206//1206 40//40
f 1206//1206 801//801 803//803
f 803//803 1207//1207 1206//1206
f 42//42 40//40 1206//1206
f 1206//1206 1208//1208 42//42
f 1208//1208 1206//1206 1207//1207
f 1207//1207 803//803 1209//1209
f 1209//1209 803//803 805//805
f 1209//1209 805//805 1210//1210
f 1210//1210 805//805 808//808
f 1211//1211 1207//1207 1209//1209
f 1211//1211 1209//1209 1210//1210
f 1210//1210 1212//1212 1211//1211
f 44//44 42//42 1213//1213
f 1213//1213 42//42 1208//1208
f 1213//1213 1208//1208 1214//1214
f 1214//1214 1208//1208 1207//1207
f 46//46 44//44 1215//1215
f 1215//1215 44//44 1213//1213
f 1215//1215 1213//1213 1216//1216
f 1216//1216 1213//1213 1214//1214
f 1214//1214 1207//1207 1217//1217
f 1217//1217 1207//1207 1211//1211
f 1217//1217 1211//1211 1212//1212
f 1212//1212 1218//1218 1217//1217
f 1216//1216 1214//1214 1217//1217
f 1217//1217 1219//1219 1216//1216
f 1219//1219 1217//1217 1218//1218
f 1218//1218 1220//1220 1219//1219
f 1210//1210 808//808 1221//1221
f 1221//1221 808//808 810//810
f 1221//1221 810//810 1149//1149
f 1149//1149 810//810 1150//1150
f 1212//1212 1210//1210 1222//1222
f 1222//1222 1210//1210 1221//1221
f 1222//1222 1221//1221 1149//1149
f 1149//1149 1152//1152 1222//1222
f 1218//1218 1212//1212 1223//1223
f 1223//1223 1212//1212 1222//1222
f 1223//1223 1222//1222 1152//1152
f 1152//1152 1160//1160 1223//1223
f 1220//1220 1218//1218 1223//1223
f 1160//1160 1162//1162 1223//1223
f 48//48 46//46 1224//1224
f 1224//1224 46//46 1215//1215
f 1224//1224 1215//1215 1225//1225
f 1225//1225 1215//1215 1216//1216
f 50//50 48//48 1226//1226
f 1226//1226 48//48 1224//1224
f 1225//1225 1216//1216 1219//1219
f 1219//1219 1227//1227 1225//1225
f 1227//1227 1219//1219 1220//1220
f 1220//1220 1228//1228 1227//1227
f 1228//1228 1220//1220 1229//1229
f 1229//1229 1220//1220 1223//1223
f 1229//1229 1223//1223 1162//1162
f 1229//1229 1162//1162 1169//1169
f 998//998 1191//1191 800//800
f 999//999 1230//1230 998//998
f 998//998 1230//1230 1191//1191
f 999//999 1004//1004 1230//1230
f 1195//1195 1191//1191 1231//1231
f 1231//1231 1191//1191 1232//1232
f 1232//1232 1191//1191 1230//1230
f 1197//1197 1195//1195 1231//1231
f 1231//1231 1233//1233 1197//1197
f 1233//1233 1231//1231 1232//1232
f 1232//1232 1234//1234 1233//1233
f 1232//1232 1230//1230 1235//1235
f 1235//1235 1230//1230 1004//1004
f 1235//1235 1004//1004 1236//1236
f 1236//1236 1004//1004 1005//1005
f 1234//1234 1232//1232 1235//1235
f 1235//1235 1237//1237 1234//1234
f 1237//1237 1235//1235 1236//1236
f 1236//1236 1238//1238 1237//1237
f 1202//1202 1197//1197 1233//1233
f 1233//1233 1239//1239 1202//1202
f 1239//1239 1233//1233 1234//1234
f 1234//1234 1240//1240 1239//1239
f 1204//1204 1202//1202 1239//1239
f 1239//1239 1241//1241 1204//1204
f 1241//1241 1239//1239 1240//1240
f 1240//1240 1242//1242 1241//1241
f 1240//1240 1234//1234 1237//1237
f 1237//1237 1243//1243 1240//1240
f 1243//1243 1237//1237 1244//1244
f 1244//1244 1237//1237 1245//1245
f 1245//1245 1237//1237 1238//1238
f 1244//1244 1245//1245 1246//1246
f 1242//1242 1240//1240 1243//1243
f 1242//1242 1243//1243 1247//1247
f 1244//1244 1247//1247 1243//1243
f 1248//1248 1247//1247 1244//1244
f 1248//1248 1244//1244 1246//1246
f 1236//1236 1005//1005 1025//1025
f 1236//1236 1025//1025 1249//1249
f 1236//1236 1249//1249 1250//1250
f 1026//1026 1249//1249 1025//1025
f 1250//1250 1249//1249 1251//1251
f 1251//1251 1249//1249 1252//1252
f 1252//1252 1249//1249 1026//1026
f 1252//1252 1026//1026 1028//1028
f 1238//1238 1236//1236 1250//1250
f 1238//1238 1250//1250 1253//1253
f 1253//1253 1250//1250 1251//1251
f 1253//1253 1251//1251 1252//1252
f 1252//1252 1254//1254 1253//1253
f 1246//1246 1245//1245 1255//1255
f 1255//1255 1245//1245 1238//1238
f 1255//1255 1238//1238 1253//1253
f 1255//1255 1253//1253 1256//1256
f 1255//1255 1256//1256 1257//1257
f 1256//1256 1253//1253 1254//1254
f 1248//1248 1246//1246 1255//1255
f 1257//1257 1256//1256 1258//1258
f 1252//1252 1028//1028 1259//1259
f 1259//1259 1028//1028 1109//1109
f 1254//1254 1252//1252 1259//1259
f 1259//1259 1109//1109 1110//1110
f 1110//1110 1260//1260 1259//1259
f 1260//1260 1110//1110 1261//1261
f 1261//1261 1110//1110 1111//1111
f 1261//1261 1111//1111 1262//1262
f 1262//1262 1111//1111 1113//1113
f 1254//1254 1259//1259 1263//1263
f 1263//1263 1259//1259 1260//1260
f 1263//1263 1260//1260 1261//1261
f 1261//1261 1264//1264 1263//1263
f 1264//1264 1261//1261 1262//1262
f 1262//1262 1265//1265 1264//1264
f 1258//1258 1256//1256 1266//1266
f 1266//1266 1256//1256 1263//1263
f 1263//1263 1256//1256 1254//1254
f 1266//1266 1263//1263 1264//1264
f 1264//1264 1267//1267 1266//1266
f 1267//1267 1264//1264 1265//1265
f 1265//1265 1268//1268 1267//1267
f 1271//1271 1272//1272 1273//1273
f 1274//1274 1269//1269 1270//1270
f 31//31 30//30 1275//1275
f 1275//1275 1276//1276 31//31
f 32//32 31//31 1276//1276
f 1276//1276 1277//1277 32//32
f 34//34 32//32 1277//1277
f 1278//1278 1279//1279 1280//1280
f 1280//1280 1281//1281 1278//1278
f 1281//1281 1280//1280 1282//1282
f 1282//1282 1283//1283 1281//1281
f 1284//1284 708//708 1285//1285
f 1285//1285 708//708 712//712
f 1281//1281 1286//1286 1278//1278
f 1285//1285 712//712 1283//1283
f 1283//1283 712//712 1287//1287
f 1283//1283 1286//1286 1281//1281
f 806//806 1288//1288 1287//1287
f 806//806 1287//1287 711//711
f 793//793 791//791 792//792
f 1277//1277 1276//1276 1289//1289
f 1289//1289 1276//1276 1290//1290
f 1289//1289 1290//1290 1279//1279
f 34//34 1277//1277 1289//1289
f 1289//1289 1291//1291 34//34
f 1291//1291 1289//1289 1279//1279
f 1279//1279 1278//1278 1291//1291
f 802//802 34//34 1291//1291
f 802//802 1291//1291 1278//1278
f 802//802 1278//1278 1286//1286
f 804//804 1286//1286 1288//1288
f 810//810 809//809 1150//1150
f 1096//1096 1097//1097 1100//1100
f 1124//1124 1089//1089 1090//1090
f 1090//1090 1125//1125 1124//1124
f 1124//1124 1123//1123 1089//1089
f 1125//1125 1126//1126 1123//1123
f 1125//1125 1090//1090 1106//1106
f 1106//1106 1292//1292 1125//1125
f 1292//1292 1133//1133 1126//1126
f 1126//1126 1125//1125 1292//1292
f 1187//1187 1293//1293 1294//1294
f 1293//1293 1187//1187 1188//1188
f 1188//1188 1295//1295 1293//1293
f 1296//1296 1294//1294 1297//1297
f 1297//1297 1294//1294 1293//1293
f 1295//1295 1298//1298 1293//1293
f 1293//1293 1298//1298 1297//1297
f 1296//1296 1301//1301 1299//1299
f 1302//1302 1300//1300 1299//1299
f 1302//1302 1299//1299 1301//1301
f 1301//1301 1303//1303 1302//1302
f 1304//1304 1302//1302 1303//1303
f 1303//1303 1305//1305 1304//1304
f 1297//1297 1301//1301 1296//1296
f 1303//1303 1301//1301 1306//1306
f 1306//1306 1301//1301 1297//1297
f 1306//1306 1297//1297 1298//1298
f 1298//1298 1307//1307 1306//1306
f 1305//1305 1303//1303 1306//1306
f 1306//1306 1308//1308 1305//1305
f 1308//1308 1306//1306 1307//1307
f 1307//1307 1309//1309 1308//1308
f 1295//1295 1188//1188 1200//1200
f 1295//1295 1200//1200 1201//1201
f 1201//1201 1310//1310 1295//1295
f 1295//1295 1311//1311 1298//1298
f 1311//1311 1295//1295 1310//1310
f 1310//1310 1312//1312 1311//1311
f 1310//1310 1201//1201 1203//1203
f 1203//1203 1313//1313 1310//1310
f 1313//1313 1203//1203 1314//1314
f 1314//1314 1203//1203 1315//1315
f 1315//1315 1203//1203 1204//1204
f 1312//1312 1310//1310 1313//1313
f 1313//1313 1316//1316 1312//1312
f 1316//1316 1313//1313 1314//1314
f 1316//1316 1314//1314 1317//1317
f 1307//1307 1298//1298 1311//1311
f 1311//1311 1318//1318 1307//1307
f 1318//1318 1311//1311 1319//1319
f 1319//1319 1311//1311 1312//1312
f 1309//1309 1307//1307 1318//1318
f 1318//1318 1320//1320 1309//1309
f 1320//1320 1318//1318 1321//1321
f 1321//1321 1318//1318 1319//1319
f 1319//1319 1312//1312 1322//1322
f 1322//1322 1312//1312 1316//1316
f 1322//1322 1316//1316 1317//1317
f 1317//1317 1323//1323 1322//1322
f 1321//1321 1319//1319 1322//1322
f 1321//1321 1322//1322 1324//1324
f 1324//1324 1322//1322 1323//1323
f 1326//1326 1327//1327 1328//1328
f 1328//1328 1327//1327 1304//1304
f 1328//1328 1304//1304 1305//1305
f 1305//1305 1329//1329 1328//1328
f 1329//1329 1305//1305 1308//1308
f 1308//1308 1330//1330 1329//1329
f 1330//1330 1308//1308 1309//1309
f 1309//1309 1331//1331 1330//1330
f 1331//1331 1309//1309 1320//1320
f 1320//1320 1332//1332 1331//1331
f 1332//1332 1320//1320 1333//1333
f 1333//1333 1320//1320 1321//1321
f 1333//1333 1321//1321 1334//1334
f 1334//1334 1321//1321 1324//1324
f 1324//1324 1335//1335 1334//1334
f 1255//1255 1336//1336 1248//1248
f 1336//1336 1255//1255 1257//1257
f 1257//1257 1337//1337 1336//1336
f 1337//1337 1257//1257 1258//1258
f 1258//1258 1338//1338 1337//1337
f 1204//1204 1241//1241 1315//1315
f 1242//1242 1339//1339 1241//1241
f 1314//1314 1315//1315 1340//1340
f 1340//1340 1315//1315 1241//1241
f 1340//1340 1241//1241 1341//1341
f 1341//1341 1241//1241 1339//1339
f 1317//1317 1314//1314 1340//1340
f 1340//1340 1342//1342 1317//1317
f 1342//1342 1340//1340 1341//1341
f 1341//1341 1343//1343 1342//1342
f 1247//1247 1339//1339 1242//1242
f 1341//1341 1339//1339 1344//1344
f 1344//1344 1339//1339 1247//1247
f 1344//1344 1247//1247 1248//1248
f 1248//1248 1345//1345 1344//1344
f 1343//1343 1341//1341 1344//1344
f 1344//1344 1346//1346 1343//1343
f 1346//1346 1344//1344 1345//1345
f 1345//1345 1347//1347 1346//1346
f 1323//1323 1317//1317 1342//1342
f 1342//1342 1348//1348 1323//1323
f 1348//1348 1342//1342 1343//1343
f 1343//1343 1349//1349 1348//1348
f 1324//1324 1323//1323 1348//1348
f 1348//1348 1350//1350 1324//1324
f 1350//1350 1348//1348 1349//1349
f 1349//1349 1351//1351 1350//1350
f 1349//1349 1343//1343 1346//1346
f 1346//1346 1352//1352 1349//1349
f 1352//1352 1346//1346 1347//1347
f 1347//1347 1353//1353 1352//1352
f 1351//1351 1349//1349 1352//1352
f 1352//1352 1354//1354 1351//1351
f 1354//1354 1352//1352 1353//1353
f 1353//1353 1355//1355 1354//1354
f 1345//1345 1248//1248 1336//1336
f 1336//1336 1356//1356 1345//1345
f 1356//1356 1336//1336 1357//1357
f 1356//1356 1357//1357 1358//1358
f 1357//1357 1336//1336 1337//1337
f 1347//1347 1345//1345 1356//1356
f 1356//1356 1359//1359 1347//1347
f 1359//1359 1356//1356 1360//1360
f 1360//1360 1356//1356 1358//1358
f 1338//1338 1357//1357 1337//1337
f 1353//1353 1347//1347 1359//1359
f 1359//1359 1361//1361 1353//1353
f 1361//1361 1359//1359 1362//1362
f 1362//1362 1359//1359 1360//1360
f 1355//1355 1353//1353 1363//1363
f 1363//1363 1353//1353 1361//1361
f 1362//1362 1363//1363 1361//1361
f 1338//1338 1258//1258 1364//1364
f 1364//1364 1258//1258 1266//1266
f 1364//1364 1266//1266 1267//1267
f 1267//1267 1365//1365 1364//1364
f 1365//1365 1267//1267 1268//1268
f 1268//1268 1366//1366 1365//1365
f 1360//1360 1358//1358 1367//1367
f 1358//1358 1357//1357 1368//1368
f 1368//1368 1357//1357 1364//1364
f 1364//1364 1357//1357 1338//1338
f 1368//1368 1364//1364 1369//1369
f 1369//1369 1364//1364 1365//1365
f 1369//1369 1365//1365 1370//1370
f 1370//1370 1365//1365 1366//1366
f 1367//1367 1358//1358 1368//1368
f 1368//1368 1371//1371 1367//1367
f 1371//1371 1368//1368 1372//1372
f 1372//1372 1368//1368 1369//1369
f 1372//1372 1369//1369 1370//1370
f 1370//1370 1373//1373 1372//1372
f 1362//1362 1360//1360 1374//1374
f 1374//1374 1360//1360 1367//1367
f 1375//1375 1363//1363 1362//1362
f 1375//1375 1362//1362 1374//1374
f 1374//1374 1367//1367 1371//1371
f 1371//1371 1376//1376 1374//1374
f 1376//1376 1371//1371 1372//1372
f 1372//1372 1377//1377 1376//1376
f 1377//1377 1372//1372 1373//1373
f 1373//1373 1378//1378 1377//1377
f 1375//1375 1374//1374 1376//1376
f 1376//1376 1379//1379 1375//1375
f 1379//1379 1376//1376 1380//1380
f 1380//1380 1376//1376 1377//1377
f 1380//1380 1377//1377 1378//1378
f 1335//1335 1324//1324 1350//1350
f 1350//1350 1381//1381 1335//1335
f 1381//1381 1350//1350 1351//1351
f 1351//1351 1382//1382 1381//1381
f 1382//1382 1351//1351 1354//1354
f 1354//1354 1383//1383 1382//1382
f 1383//1383 1354//1354 1355//1355
f 1355//1355 1384//1384 1383//1383
f 1383//1383 1385//1385 1382//1382
f 1383//1383 1384//1384 1385//1385
f 1384//1384 1355//1355 1386//1386
f 1386//1386 1355//1355 1363//1363
f 1386//1386 1363//1363 1387//1387
f 1387//1387 1363//1363 1375//1375
f 1375//1375 1388//1388 1387//1387
f 1388//1388 1375//1375 1379//1379
f 1379//1379 1389//1389 1388//1388
f 1389//1389 1379//1379 1390//1390
f 1390//1390 1379//1379 1380//1380
f 1390//1390 1380//1380 1391//1391
f 1391//1391 1380//1380 1378//1378
f 1273//1273 1272//1272 1274//1274
f 1274//1274 1272//1272 1269//1269
f 1392//1392 1273//1273 1274//1274
f 1393//1393 1394//1394 1395//1395
f 1395//1395 1396//1396 1393//1393
f 1274//1274 1270//1270 1397//1397
f 1274//1274 1397//1397 1393//1393
f 1270//1270 1269//1269 1398//1398
f 1399//1399 1400//1400 1401//1401
f 1401//1401 1400//1400 1402//1402
f 1402//1402 1403//1403 1401//1401
f 1404//1404 1399//1399 1401//1401
f 1404//1404 1401//1401 1405//1405
f 1403//1403 1406//1406 1405//1405
f 1405//1405 1401//1401 1403//1403
f 1404//1404 1405//1405 1407//1407
f 1407//1407 1405//1405 1408//1408
f 1408//1408 1405//1405 1406//1406
f 1409//1409 1404//1404 1410//1410
f 1410//1410 1404//1404 1407//1407
f 1410//1410 1407//1407 1408//1408
f 1411//1411 1410//1410 1412//1412
f 1413//1413 1414//1414 1415//1415
f 1416//1416 1417//1417 1415//1415
f 1416//1416 1415//1415 1414//1414
f 1414//1414 1418//1418 1416//1416
f 1420//1420 1416//1416 1418//1418
f 1421//1421 1420//1420 1422//1422
f 1423//1423 1421//1421 1424//1424
f 1425//1425 1426//1426 1427//1427
f 1428//1428 1427//1427 1429//1429
f 1430//1430 1425//1425 1427//1427
f 1430//1430 1427//1427 1428//1428
f 1430//1430 1428//1428 1431//1431
f 1432//1432 1430//1430 1431//1431
f 1433//1433 952//952 1419//1419
f 1064//1064 1434//1434 1435//1435
f 1066//1066 1064//1064 1436//1436
f 1436//1436 1064//1064 1435//1435
f 1101//1101 1066//1066 1436//1436
f 1101//1101 1436//1436 1437//1437
f 1438//1438 1439//1439 1440//1440
f 1440//1440 1439//1439 1441//1441
f 1440//1440 1441//1441 1442//1442
f 1440//1440 1442//1442 1443//1443
f 1444//1444 1445//1445 333//333
f 1446//1446 1444//1444 1447//1447
f 1447//1447 1444//1444 333//333
f 1444//1444 1446//1446 1448//1448
f 1449//1449 1450//1450 1451//1451
f 1451//1451 1452//1452 1449//1449
f 1453//1453 1452//1452 1451//1451
f 1455//1455 1454//1454 1458//1458
f 1455//1455 1458//1458 1459//1459
f 1460//1460 1459//1459 1458//1458
f 1458//1458 1461//1461 1460//1460
f 1461//1461 1462//1462 1460//1460
f 1458//1458 1454//1454 1456//1456
f 1456//1456 1463//1463 1458//1458
f 1456//1456 1457//1457 1463//1463
f 1461//1461 1458//1458 1464//1464
f 1464//1464 1458//1458 1463//1463
f 1464//1464 1465//1465 1461//1461
f 1461//1461 1465//1465 1462//1462
f 1466//1466 1446//1446 337//337
f 337//337 336//336 1466//1466
f 1467//1467 1466//1466 336//336
f 336//336 339//339 1467//1467
f 1469//1469 1468//1468 339//339
f 339//339 1468//1468 1467//1467
f 1471//1471 1470//1470 1472//1472
f 1472//1472 1470//1470 1468//1468
f 1473//1473 1462//1462 1465//1465
f 1465//1465 1474//1474 1473//1473
f 1474//1474 1465//1465 1475//1475
f 1473//1473 1476//1476 1477//1477
f 1476//1476 1473//1473 1478//1478
f 1478//1478 1473//1473 1474//1474
f 1478//1478 1474//1474 1479//1479
f 1479//1479 1474//1474 1475//1475
f 1480//1480 1476//1476 1481//1481
f 1481//1481 1476//1476 1478//1478
f 1481//1481 1478//1478 1482//1482
f 1482//1482 1478//1478 1479//1479
f 1483//1483 1480//1480 1481//1481
f 1483//1483 1481//1481 1484//1484
f 1484//1484 1481//1481 1482//1482
f 1485//1485 1483//1483 1486//1486
f 1486//1486 1483//1483 1484//1484
f 512//512 1487//1487 1471//1471
f 512//512 1471//1471 1472//1472
f 1488//1488 1487//1487 512//512
f 512//512 511//511 1488//1488
f 1489//1489 1490//1490 552//552
f 552//552 1490//1490 1491//1491
f 1494//1494 1495//1495 559//559
f 559//559 1495//1495 553//553
f 553//553 1495//1495 1496//1496
f 556//556 1494//1494 559//559
f 1486//1486 1493//1493 1485//1485
f 1492//1492 1497//1497 1493//1493
f 1498//1498 1499//1499 469//469
f 469//469 470//470 1498//1498
f 1402//1402 1498//1498 472//472
f 472//472 1498//1498 470//470
f 1403//1403 1402//1402 1500//1500
f 1406//1406 1403//1403 1500//1500
f 464//464 1501//1501 497//497
f 499//499 497//497 1501//1501
f 1501//1501 505//505 499//499
f 1501//1501 464//464 1502//1502
f 505//505 1501//1501 1502//1502
f 1502//1502 1503//1503 505//505
f 504//504 505//505 1504//1504
f 1504//1504 505//505 1503//1503
f 1504//1504 1503//1503 1505//1505
f 506//506 501//501 1506//1506
f 1506//1506 501//501 1504//1504
f 1504//1504 501//501 504//504
f 1506//1506 1504//1504 1505//1505
f 1505//1505 1507//1507 1506//1506
f 1408//1408 1406//1406 1508//1508
f 1508//1508 508//508 1408//1408
f 1408//1408 508//508 1412//1412
f 1411//1411 1412//1412 1509//1509
f 1509//1509 1412//1412 1510//1510
f 1510//1510 510//510 1509//1509
f 1413//1413 1509//1509 510//510
f 904//904 506//506 1506//1506
f 1506//1506 907//907 904//904
f 907//907 1506//1506 1511//1511
f 1511//1511 1506//1506 1507//1507
f 909//909 907//907 1511//1511
f 916//916 909//909 1512//1512
f 1512//1512 918//918 916//916
f 1424//1424 1421//1421 1422//1422
f 1410//1410 1408//1408 1412//1412
f 947//947 945//945 1513//1513
f 1513//1513 1514//1514 947//947
f 1515//1515 944//944 919//919
f 1516//1516 949//949 1517//1517
f 1517//1517 949//949 1514//1514
f 1514//1514 949//949 947//947
f 1517//1517 1419//1419 1516//1516
f 952//952 1516//1516 1419//1419
f 1426//1426 1518//1518 1519//1519
f 1519//1519 1427//1427 1426//1426
f 1059//1059 1058//1058 1433//1433
f 1099//1099 1066//1066 1101//1101
f 1102//1102 1101//1101 1437//1437
f 1441//1441 1520//1520 1442//1442
f 1442//1442 1520//1520 1521//1521
f 1398//1398 1397//1397 1270//1270
f 1393//1393 1397//1397 1394//1394
f 1499//1499 1498//1498 1522//1522
f 1400//1400 1522//1522 1402//1402
f 1402//1402 1522//1522 1498//1498
f 471//471 474//474 472//472
f 468//468 472//472 470//470
f 1500//1500 472//472 473//473
f 1508//1508 1500//1500 473//473
f 1508//1508 473//473 507//507
f 507//507 509//509 1508//1508
f 1508//1508 509//509 508//508
f 1510//1510 1412//1412 508//508
f 1523//1523 1423//1423 1424//1424
f 1429//1429 1431//1431 1428//1428
f 1524//1524 1525//1525 1526//1526
f 1431//1431 1528//1528 1432//1432
f 1528//1528 1431//1431 1527//1527
f 1527//1527 1114//1114 1528//1528
f 1028//1028 1029//1029 1109//1109
f 1529//1529 1524//1524 1520//1520
f 1520//1520 1524//1524 1526//1526
f 1520//1520 1526//1526 1521//1521
f 1521//1521 1526//1526 1432//1432
f 1441//1441 1529//1529 1520//1520
f 1521//1521 1432//1432 1528//1528
f 1528//1528 1116//1116 1521//1521
f 1116//1116 1528//1528 1114//1114
f 1443//1443 1117//1117 1119//1119
f 1530//1530 1440//1440 1443//1443
f 1530//1530 1443//1443 1119//1119
f 1119//1119 1120//1120 1530//1530
f 1530//1530 1128//1128 1437//1437
f 1128//1128 1530//1530 1120//1120
f 1108//1108 1437//1437 1129//1129
f 1129//1129 1437//1437 1128//1128
f 1292//1292 1106//1106 1131//1131
f 1140//1140 1531//1531 1532//1532
f 18//18 1533//1533 19//19
f 20//20 19//19 1534//1534
f 1534//1534 19//19 1533//1533
f 21//21 20//20 1534//1534
f 1541//1541 1540//1540 1542//1542
f 28//28 27//27 1543//1543
f 29//29 28//28 1544//1544
f 1544//1544 28//28 1543//1543
f 30//30 29//29 1544//1544
f 1544//1544 1275//1275 30//30
f 1445//1445 1545//1545 1546//1546
f 1533//1533 18//18 1450//1450
f 1534//1534 1533//1533 1450//1450
f 451//451 454//454 1547//1547
f 1548//1548 1547//1547 1499//1499
f 1499//1499 1547//1547 454//454
f 454//454 469//469 1499//1499
f 468//468 467//467 471//471
f 1500//1500 1402//1402 472//472
f 1508//1508 1406//1406 1500//1500
f 1549//1549 1550//1550 1551//1551
f 1276//1276 1275//1275 1552//1552
f 1552//1552 1290//1290 1276//1276
f 1290//1290 1552//1552 1550//1550
f 1290//1290 1550//1550 1549//1549
f 1519//1519 1553//1553 1423//1423
f 1427//1427 1519//1519 1423//1423
f 1427//1427 1423//1423 1429//1429
f 1429//1429 1423//1423 1523//1523
f 1131//1131 1132//1132 1134//1134
f 1131//1131 1133//1133 1292//1292
f 1531//1531 1555//1555 1532//1532
f 1140//1140 467//467 1531//1531
f 1556//1556 49//49 1557//1557
f 1557//1557 49//49 50//50
f 1558//1558 1556//1556 1559//1559
f 1559//1559 1556//1556 1557//1557
f 1560//1560 1558//1558 1559//1559
f 1559//1559 1561//1561 1560//1560
f 335//335 333//333 334//334
f 1562//1562 339//339 341//341
f 344//344 343//343 1562//1562
f 344//344 1562//1562 341//341
f 1563//1563 343//343 514//514
f 513//513 1563//1563 514//514
f 1564//1564 556//556 1565//1565
f 647//647 1564//1564 1565//1565
f 1565//1565 563//563 647//647
f 1565//1565 556//556 557//557
f 1565//1565 557//557 560//560
f 563//563 1565//1565 560//560
f 646//646 649//649 647//647
f 1566//1566 648//648 651//651
f 1567//1567 1566//1566 660//660
f 660//660 1566//1566 651//651
f 1568//1568 1567//1567 664//664
f 664//664 1567//1567 660//660
f 1569//1569 1568//1568 684//684
f 684//684 1568//1568 664//664
f 684//684 688//688 1569//1569
f 707//707 1570//1570 706//706
f 706//706 1570//1570 1569//1569
f 706//706 1569//1569 688//688
f 1284//1284 707//707 708//708
f 1283//1283 1287//1287 1286//1286
f 1286//1286 1287//1287 1288//1288
f 806//806 711//711 1571//1571
f 1571//1571 807//807 806//806
f 1571//1571 711//711 726//726
f 718//718 1572//1572 727//727
f 726//726 727//727 809//809
f 726//726 809//809 1571//1571
f 1571//1571 809//809 807//807
f 1150//1150 809//809 1572//1572
f 1572//1572 809//809 727//727
f 728//728 1572//1572 718//718
f 1288//1288 806//806 804//804
f 805//805 806//806 807//807
f 945//945 944//944 1513//1513
f 1513//1513 944//944 1515//1515
f 1058//1058 952//952 1433//1433
f 1433//1433 1063//1063 1059//1059
f 1437//1437 1108//1108 1102//1102
f 1437//1437 1573//1573 1530//1530
f 724//724 1148//1148 723//723
f 1575//1575 1169//1169 1170//1170
f 1170//1170 1576//1576 1575//1575
f 1576//1576 1170//1170 1574//1574
f 1574//1574 1170//1170 1168//1168
f 1577//1577 1575//1575 1578//1578
f 1578//1578 1575//1575 1576//1576
f 1578//1578 1576//1576 1579//1579
f 1579//1579 1576//1576 1574//1574
f 1580//1580 1577//1577 1578//1578
f 1578//1578 1581//1581 1580//1580
f 1581//1581 1578//1578 1327//1327
f 1327//1327 1578//1578 1579//1579
f 1205//1205 1183//1183 1294//1294
f 1294//1294 1183//1183 1184//1184
f 1300//1300 1574//1574 1205//1205
f 1300//1300 1205//1205 1299//1299
f 1205//1205 1574//1574 1168//1168
f 1299//1299 1205//1205 1296//1296
f 1296//1296 1205//1205 1294//1294
f 1294//1294 1184//1184 1187//1187
f 1579//1579 1574//1574 1300//1300
f 1579//1579 1300//1300 1302//1302
f 1327//1327 1579//1579 1304//1304
f 1304//1304 1579//1579 1302//1302
f 1226//1226 1224//1224 1582//1582
f 1582//1582 1224//1224 1225//1225
f 1582//1582 1225//1225 1227//1227
f 1227//1227 1583//1583 1582//1582
f 1583//1583 1227//1227 1228//1228
f 1228//1228 1584//1584 1583//1583
f 1557//1557 50//50 1226//1226
f 1226//1226 1585//1585 1557//1557
f 1585//1585 1226//1226 1582//1582
f 1582//1582 1586//1586 1585//1585
f 1559//1559 1557//1557 1585//1585
f 1585//1585 1586//1586 1559//1559
f 1586//1586 1582//1582 1583//1583
f 1583//1583 1588//1588 1586//1586
f 1588//1588 1583//1583 1589//1589
f 1589//1589 1583//1583 1584//1584
f 1587//1587 1586//1586 1588//1588
f 1588//1588 1590//1590 1587//1587
f 1590//1590 1588//1588 1591//1591
f 1591//1591 1588//1588 1589//1589
f 1584//1584 1228//1228 1592//1592
f 1592//1592 1228//1228 1229//1229
f 1592//1592 1229//1229 1169//1169
f 1169//1169 1593//1593 1592//1592
f 1169//1169 1575//1575 1593//1593
f 1589//1589 1584//1584 1594//1594
f 1594//1594 1584//1584 1592//1592
f 1594//1594 1592//1592 1577//1577
f 1577//1577 1592//1592 1593//1593
f 1591//1591 1589//1589 1594//1594
f 1594//1594 1595//1595 1591//1591
f 1595//1595 1594//1594 1577//1577
f 1577//1577 1580//1580 1595//1595
f 1577//1577 1593//1593 1575//1575
f 1596//1596 1580//1580 1581//1581
f 1581//1581 1325//1325 1596//1596
f 1325//1325 1581//1581 1326//1326
f 1326//1326 1581//1581 1327//1327
f 1561//1561 1559//1559 1586//1586
f 1561//1561 1586//1586 1587//1587
f 1587//1587 1597//1597 1561//1561
f 1597//1597 1587//1587 1598//1598
f 1598//1598 1587//1587 1590//1590
f 1598//1598 1590//1590 1591//1591
f 1591//1591 1599//1599 1598//1598
f 1599//1599 1591//1591 1595//1595
f 1595//1595 1600//1600 1599//1599
f 1600//1600 1595//1595 1601//1601
f 1601//1601 1595//1595 1580//1580
f 1580//1580 1596//1596 1601//1601
f 1273//1273 1392//1392 1271//1271
f 1546//1546 14//14 84//84
f 1546//1546 1545//1545 14//14
f 14//14 1545//1545 16//16
f 84//84 89//89 1546//1546
f 333//333 1546//1546 89//89
f 1447//1447 333//333 335//335
f 335//335 337//337 1447//1447
f 513//513 512//512 1563//1563
f 552//552 1491//1491 528//528
f 528//528 1491//1491 527//527
f 712//712 708//708 710//710
f 1287//1287 712//712 711//711
f 1150//1150 1572//1572 1602//1602
f 1602//1602 1572//1572 728//728
f 36//36 34//34 802//802
f 802//802 1286//1286 804//804
f 1573//1573 1603//1603 1530//1530
f 1530//1530 1603//1603 1440//1440
f 1151//1151 1150//1150 1602//1602
f 1151//1151 1602//1602 728//728
f 1413//1413 1604//1604 1509//1509
f 1605//1605 1553//1553 1606//1606
f 1553//1553 1605//1605 1421//1421
f 1421//1421 1423//1423 1553//1553
f 1518//1518 1606//1606 1553//1553
f 1553//1553 1519//1519 1518//1518
f 1607//1607 1608//1608 1531//1531
f 1531//1531 1608//1608 1555//1555
f 1532//1532 1555//1555 1554//1554
f 1607//1607 465//465 1609//1609
f 1610//1610 1611//1611 27//27
f 1543//1543 27//27 1611//1611
f 1612//1612 1480//1480 1483//1483
f 1485//1485 1612//1612 1483//1483
f 1610//1610 1613//1613 1614//1614
f 1614//1614 1615//1615 1610//1610
f 1611//1611 1610//1610 1616//1616
f 1616//1616 1610//1610 1615//1615
f 1543//1543 1611//1611 1616//1616
f 1616//1616 1617//1617 1543//1543
f 1544//1544 1543//1543 1618//1618
f 1618//1618 1543//1543 1617//1617
f 1275//1275 1544//1544 1618//1618
f 1618//1618 1552//1552 1275//1275
f 18//18 16//16 1621//1621
f 1621//1621 16//16 1545//1545
f 1445//1445 1621//1621 1545//1545
f 1450//1450 18//18 1621//1621
f 1622//1622 1450//1450 1621//1621
f 333//333 1445//1445 1546//1546
f 1450//1450 1449//1449 1534//1534
f 1619//1619 1534//1534 1623//1623
f 1623//1623 1534//1534 1449//1449
f 1455//1455 1623//1623 1449//1449
f 1455//1455 1449//1449 1454//1454
f 1454//1454 1449//1449 1452//1452
f 1454//1454 1452//1452 1453//1453
f 1623//1623 1459//1459 1620//1620
f 1620//1620 1619//1619 1623//1623
f 1455//1455 1459//1459 1623//1623
f 1624//1624 1620//1620 1459//1459
f 1459//1459 1460//1460 1624//1624
f 1460//1460 1625//1625 1624//1624
f 1624//1624 1625//1625 1626//1626
f 1460//1460 1462//1462 1625//1625
f 1472//1472 1469//1469 343//343
f 1469//1469 339//339 1562//1562
f 1562//1562 343//343 1469//1469
f 1627//1627 1626//1626 1628//1628
f 1628//1628 1626//1626 1625//1625
f 1628//1628 1625//1625 1473//1473
f 1473//1473 1625//1625 1462//1462
f 1629//1629 1627//1627 1628//1628
f 1628//1628 1477//1477 1629//1629
f 1477//1477 1628//1628 1473//1473
f 1630//1630 1629//1629 1631//1631
f 1631//1631 1629//1629 1477//1477
f 1542//1542 1630//1630 1632//1632
f 1632//1632 1630//1630 1631//1631
f 1632//1632 1631//1631 1480//1480
f 1480//1480 1612//1612 1632//1632
f 1633//1633 1542//1542 1632//1632
f 1632//1632 1634//1634 1633//1633
f 1634//1634 1632//1632 1612//1612
f 1612//1612 1635//1635 1634//1634
f 1635//1635 1612//1612 1485//1485
f 449//449 448//448 1636//1636
f 1636//1636 448//448 451//451
f 512//512 1472//1472 1563//1563
f 1563//1563 1472//1472 343//343
f 1491//1491 1488//1488 527//527
f 527//527 1488//1488 521//521
f 521//521 1488//1488 511//511
f 552//552 528//528 1489//1489
f 1637//1637 556//556 1564//1564
f 649//649 1637//1637 647//647
f 647//647 1637//1637 1564//1564
f 1638//1638 1633//1633 1634//1634
f 1634//1634 1639//1639 1638//1638
f 1639//1639 1634//1634 1497//1497
f 1497//1497 1634//1634 1635//1635
f 1640//1640 1638//1638 1639//1639
f 1639//1639 1641//1641 1640//1640
f 1641//1641 1639//1639 1497//1497
f 1497//1497 1635//1635 1485//1485
f 1497//1497 1485//1485 1493//1493
f 1642//1642 1640//1640 1641//1641
f 1641//1641 1643//1643 1642//1642
f 1644//1644 1642//1642 1643//1643
f 1643//1643 1645//1645 1644//1644
f 1645//1645 1643//1643 1646//1646
f 1647//1647 1644//1644 1645//1645
f 1645//1645 1648//1648 1647//1647
f 1649//1649 1650//1650 1651//1651
f 1551//1551 1550//1550 1651//1651
f 1651//1651 1550//1550 1649//1649
f 1618//1618 1617//1617 1652//1652
f 1552//1552 1618//1618 1652//1652
f 1652//1652 1649//1649 1552//1552
f 1550//1550 1552//1552 1649//1649
f 1649//1649 1652//1652 1650//1650
f 1442//1442 1521//1521 1116//1116
f 1116//1116 1117//1117 1442//1442
f 1443//1443 1442//1442 1117//1117
f 1531//1531 467//467 1607//1607
f 1607//1607 467//467 465//465
f 21//21 1534//1534 1619//1619
f 1619//1619 1620//1620 21//21
f 21//21 1620//1620 1535//1535
f 1536//1536 1535//1535 1620//1620
f 1620//1620 1624//1624 1536//1536
f 1624//1624 1626//1626 1537//1537
f 1537//1537 1536//1536 1624//1624
f 1538//1538 1537//1537 1627//1627
f 1627//1627 1537//1537 1626//1626
f 1653//1653 1538//1538 1629//1629
f 1629//1629 1538//1538 1627//1627
f 1539//1539 1653//1653 1630//1630
f 1630//1630 1653//1653 1629//1629
f 1540//1540 1539//1539 1630//1630
f 1630//1630 1542//1542 1540//1540
f 1542//1542 1633//1633 1541//1541
f 22//22 1541//1541 1633//1633
f 1633//1633 1638//1638 22//22
f 1640//1640 22//22 1638//1638
f 23//23 22//22 1640//1640
f 1640//1640 1642//1642 23//23
f 24//24 23//23 1642//1642
f 1642//1642 1644//1644 24//24
f 25//25 24//24 1644//1644
f 1644//1644 1647//1647 25//25
f 26//26 25//25 1647//1647
f 1647//1647 1613//1613 26//26
f 27//27 26//26 1613//1613
f 1613//1613 1610//1610 27//27
f 1447//1447 337//337 1446//1446
f 1472//1472 1468//1468 1469//1469
f 1496//1496 1489//1489 528//528
f 1496//1496 528//528 553//553
f 1613//1613 1647//1647 1648//1648
f 1648//1648 1614//1614 1613//1613
