# Created by Open3D 
# object name: cluster30
# number of vertices: 1659
# number of triangles: 3000
v -2.49295 2.6131 0.095882
vn 0.371302 -0.928034 0.0298022
v -2.4927 2.613 0.089653
vn 0.371302 -0.928034 0.0298022
v -2.4932 2.613 0.11859
vn 0.36619 -0.915256 -0.167964
v -2.4927 2.613 0.11968
vn 0.36619 -0.915256 -0.167964
v -2.4967 2.613 0.1867
vn 0.54485 -0.837514 0.0413473
v -2.4927 2.613 0.15435
vn 0.47826 -0.876525 0.054508
v -2.56085 2.54492 0.595167
vn 0.705911 -0.70423 0.0758304
v -2.4927 2.636 0.5954
vn 0.812524 -0.541252 0.216449
v -2.4927 2.6357 0.64199
vn 0.945713 -0.314987 -0.0800634
v -2.4952 2.613 0.73163
vn 0.690416 -0.663764 0.28765
v -2.4927 2.613 0.72563
vn 0.690416 -0.663764 0.28765
v -2.4927 2.6156 0.73163
vn 0.690416 -0.663764 0.28765
v -2.4927 2.63565 0.754347
vn 1 0 0
v -2.5707 2.5449 0.027767
vn 0.841126 -0.537032 -0.0640648
v -2.5608 2.5581 0.027767
vn 0.766027 -0.642206 -0.0278222
v -2.552 2.5676 0.027767
vn 0.693534 -0.720207 -0.0176802
v -2.5381 2.5796 0.027767
vn 0.645593 -0.76362 -0.0097135
v -2.5246 2.5903 0.027767
vn 0.653547 -0.756866 0.00553218
v -2.5154 2.599 0.027767
vn 0.528125 -0.849122 0.00867377
v -2.4927 2.611 0.027767
vn 0.446335 -0.894821 0.00895458
v -2.4873 2.613 0.027767
vn 0.401987 -0.915338 0.0237172
v -2.47 2.6212 0.027767
vn 0.641165 -0.765714 0.0508877
v -2.457 2.6357 0.027767
vn 0.891646 -0.442867 0.094001
v -2.4552 2.6584 0.027767
vn 0.99206 0.0468261 0.116722
v -2.4603 2.6811 0.027767
vn 0.982781 0.150809 0.106767
v -2.4621 2.7038 0.027767
vn 0.995733 -0.00584962 0.092095
v -2.4599 2.7265 0.027767
vn 0.997304 -0.0386641 0.0623708
v -2.4601 2.7492 0.027767
vn 0.997539 -0.0571268 0.0406396
v -2.4578 2.7719 0.027767
vn 0.990915 -0.134448 0.00349402
v -2.4539 2.7946 0.027767
vn 0.991988 -0.124107 -0.0235913
v -2.4533 2.8173 0.027767
vn 0.994001 0.028148 -0.105691
v -2.4564 2.84 0.027767
vn 0.967019 0.130128 -0.218954
v -2.5694 2.5449 0.050472
vn 0.873663 -0.485696 -0.0285147
v -2.5608 2.5567 0.050472
vn 0.781503 -0.622797 -0.0370977
v -2.551 2.5676 0.050472
vn 0.707722 -0.705934 -0.0280551
v -2.5608 2.5556 0.073177
vn 0.773506 -0.633549 -0.0174221
v -2.55 2.5676 0.073177
vn 0.717357 -0.696408 -0.0203677
v -2.568 2.5449 0.11859
vn 0.872584 -0.488325 -0.0116069
v -2.5493 2.5676 0.095882
vn 0.727096 -0.686427 -0.0122464
v -2.5608 2.5546 0.14129
vn 0.758009 -0.652132 -0.0120884
v -2.5489 2.5676 0.11859
vn 0.729096 -0.684228 -0.0158511
v -2.5381 2.5795 0.050472
vn 0.671594 -0.740868 -0.00875109
v -2.5381 2.5794 0.073177
vn 0.68018 -0.733036 -0.00354787
v -2.5381 2.5796 0.095882
vn 0.688137 -0.725576 -0.00267069
v -2.5381 2.5793 0.11859
vn 0.675588 -0.737005 -0.0200932
v -2.5254 2.5903 0.050472
vn 0.649485 -0.760374 0.000597348
v -2.5154 2.5994 0.050472
vn 0.542892 -0.839802 0.00112253
v -2.4927 2.6114 0.050472
vn 0.464537 -0.885528 0.00679817
v -2.5154 2.5986 0.073177
vn 0.598453 -0.801158 -8.58338e-06
v -2.4927 2.6121 0.073177
vn 0.500313 -0.865123 0.0353289
v -2.4882 2.613 0.050472
vn 0.427989 -0.902823 0.0416644
v -2.4905 2.613 0.073177
vn 0.445897 -0.89367 0.0502922
v -2.47 2.6219 0.050472
vn 0.62938 -0.77543 0.0508822
v -2.4599 2.6357 0.050472
vn 0.948833 -0.295573 0.111139
v -2.4581 2.6584 0.050472
vn 0.990127 0.0881096 0.109023
v -2.47 2.6238 0.073177
vn 0.574464 -0.816601 0.0561631
v -2.4632 2.6357 0.073177
vn 0.946157 -0.318645 0.0570304
v -2.4604 2.6584 0.073177
vn 0.998119 0.0153895 0.0593485
v -2.5154 2.5984 0.095882
vn 0.610186 -0.792214 -0.00842091
v -2.5247 2.5903 0.11859
vn 0.626383 -0.778833 -0.03262
v -2.5154 2.5976 0.11859
vn 0.584839 -0.810149 -0.0402703
v -2.47 2.6253 0.095882
vn 0.646393 -0.762944 0.00965265
v -2.4638 2.6357 0.095882
vn 0.939943 -0.339493 -0.0353693
v -2.4602 2.6584 0.095882
vn 0.99948 0.0137608 -0.0291645
v -2.47 2.6241 0.11859
vn 0.578863 -0.815383 -0.00829043
v -2.4615 2.6357 0.11859
vn 0.954168 -0.298555 -0.0207079
v -2.458 2.6584 0.11859
vn 0.997764 0.0593405 -0.0307625
v -2.5679 2.5449 0.14129
vn 0.872561 -0.488303 -0.0140502
v -2.5476 2.5676 0.164
vn 0.722591 -0.691076 -0.0166407
v -2.56745 2.5449 0.17535
vn 0.884687 -0.466149 -0.00578102
v -2.5608 2.5539 0.164
vn 0.753566 -0.657293 -0.010165
v -2.5608 2.5539 0.1867
vn 0.758 -0.652255 0.000171309
v -2.5476 2.5676 0.1867
vn 0.729325 -0.684121 0.00792045
v -2.5671 2.5449 0.20941
vn 0.875414 -0.482461 -0.0296921
v -2.5608 2.5537 0.20941
vn 0.764939 -0.644028 -0.00982744
v -2.5481 2.5676 0.20941
vn 0.7375 -0.675323 0.00576034
v -2.5381 2.5783 0.14129
vn 0.673515 -0.738786 -0.0239362
v -2.5381 2.5777 0.164
vn 0.697359 -0.716623 0.0119092
v -2.5381 2.5787 0.20941
vn 0.692466 -0.721418 0.00687021
v -2.5229 2.5903 0.14129
vn 0.615083 -0.787946 -0.0285308
v -2.5154 2.596 0.14129
vn 0.597145 -0.802094 -0.0079403
v -2.4923 2.61275 0.14129
vn 0.529299 -0.848435 0.00109184
v -2.523 2.5903 0.164
vn 0.633959 -0.773173 0.0173189
v -2.5154 2.5966 0.164
vn 0.61073 -0.790316 0.0490904
v -2.47 2.6257 0.14129
vn 0.636751 -0.766253 0.0860528
v -2.4626 2.6357 0.14129
vn 0.944991 -0.308935 0.107473
v -2.4588 2.6584 0.14129
vn 0.995245 0.0635743 0.0737949
v -2.47 2.6302 0.164
vn 0.632973 -0.768327 0.0949635
v -2.4663 2.6357 0.164
vn 0.961141 -0.255069 0.105581
v -2.4618 2.6584 0.164
vn 0.986787 0.092606 0.132949
v -2.5245 2.5903 0.1867
vn 0.652137 -0.757793 0.0216231
v -2.5154 2.5981 0.1867
vn 0.632929 -0.773719 0.0275784
v -2.525 2.5903 0.20941
vn 0.648987 -0.760794 -0.00297615
v -2.5154 2.5981 0.20941
vn 0.62204 -0.782921 -0.0100569
v -2.4959 2.613 0.20941
vn 0.590139 -0.807086 -0.0186599
v -2.4927 2.6156 0.1867
vn 0.579271 -0.814768 0.0244545
v -2.47 2.6319 0.1867
vn 0.647937 -0.761376 0.0219823
v -2.4677 2.6357 0.1867
vn 0.981322 -0.189892 0.0308069
v -2.4644 2.6584 0.1867
vn 0.995873 0.0390742 0.0819205
v -2.47 2.6313 0.20941
vn 0.641092 -0.767362 -0.0125511
v -2.4674 2.6357 0.20941
vn 0.991969 -0.126422 -0.00382673
v -2.4657 2.6584 0.20941
vn 0.999513 0.0211145 0.0229901
v -2.4624 2.6811 0.050472
vn 0.990133 0.120677 0.0712288
v -2.4642 2.7038 0.050472
vn 0.995183 0.0270351 0.0942375
v -2.463 2.6811 0.073177
vn 0.991946 0.122353 0.0327658
v -2.4661 2.7038 0.073177
vn 0.988154 0.114472 0.102215
v -2.4624 2.7265 0.050472
vn 0.990356 -0.0417598 0.132104
v -2.4624 2.7492 0.050472
vn 0.986418 -0.130361 0.0999246
v -2.4667 2.7265 0.073177
vn 0.987259 -0.0203794 0.157811
v -2.4656 2.7492 0.073177
vn 0.978223 -0.170015 0.119059
v -2.4638 2.6811 0.095882
vn 0.975554 0.209932 0.0649818
v -2.4693 2.7038 0.095882
vn 0.963751 0.225674 0.142321
v -2.4642 2.6811 0.11859
vn 0.956924 0.289836 0.0170973
v -2.47 2.6949 0.11859
vn 0.926095 0.36668 0.0888522
v -2.47 2.7038 0.099409
vn 0.969182 0.18664 0.160784
v -2.474 2.7038 0.11859
vn 0.976308 0.154475 0.151525
v -2.47 2.7077 0.095882
vn 0.98486 0.044784 0.167467
v -2.47 2.7265 0.092663
vn 0.985658 0.00337903 0.168721
v -2.4706 2.7265 0.095882
vn 0.981863 0.00293314 0.189569
v -2.47 2.7335 0.095882
vn 0.982356 -0.121831 0.141893
v -2.4677 2.7492 0.095882
vn 0.959121 -0.26476 0.099949
v -2.475 2.7265 0.11859
vn 0.987905 -0.0644156 0.141045
v -2.47 2.7492 0.1154
vn 0.952309 -0.287306 0.102776
v -2.4704 2.7492 0.11859
vn 0.974176 -0.205319 0.0939383
v -2.4583 2.7719 0.050472
vn 0.98351 -0.179082 0.0252697
v -2.4531 2.7946 0.050472
vn 0.9869 -0.156516 -0.0391226
v -2.4588 2.7719 0.073177
vn 0.965467 -0.258736 0.0304716
v -2.452 2.7946 0.073177
vn 0.969769 -0.232573 -0.0738809
v -2.4512 2.8173 0.050472
vn 0.990868 -0.0720747 -0.113956
v -2.4511 2.84 0.050472
vn 0.971661 -0.0116904 -0.23609
v -2.4484 2.8173 0.073177
vn 0.981236 -0.142171 -0.130246
v -2.4473 2.8276 0.073177
vn 0.979401 -0.107009 -0.171237
v -2.4473 2.84 0.067347
vn 0.970877 -0.108011 -0.21385
v -2.4594 2.7719 0.095882
vn 0.936898 -0.348146 0.0318794
v -2.4499 2.7946 0.095882
vn 0.917554 -0.394146 -0.0523888
v -2.47 2.7501 0.11859
vn 0.908949 -0.408585 0.0828834
v -2.4603 2.7719 0.11859
vn 0.896081 -0.443478 0.0191252
v -2.4473 2.7959 0.11859
vn 0.917145 -0.396193 -0.0433102
v -2.4473 2.8032 0.095882
vn 0.963448 -0.23564 -0.127445
v -2.4473 2.8173 0.079123
vn 0.975237 -0.158397 -0.154349
v -2.4656 2.6811 0.14129
vn 0.942251 0.318594 0.103253
v -2.47 2.6908 0.14129
vn 0.904688 0.416223 0.0910917
v -2.4765 2.7038 0.14129
vn 0.975332 0.195065 0.103332
v -2.4688 2.6811 0.164
vn 0.926124 0.350667 0.139024
v -2.4787 2.7038 0.164
vn 0.983319 0.161839 0.0830224
v -2.4778 2.7265 0.14129
vn 0.992318 -0.104915 0.0655512
v -2.4725 2.7492 0.14129
vn 0.966161 -0.250036 0.0633625
v -2.4785 2.7265 0.164
vn 0.986754 -0.161699 0.0130396
v -2.4723 2.7492 0.164
vn 0.958295 -0.28564 0.00895173
v -2.47 2.675 0.1867
vn 0.909242 0.400273 0.114284
v -2.47 2.6811 0.16988
vn 0.922791 0.349464 0.162273
v -2.4746 2.6811 0.1867
vn 0.918501 0.357193 0.169617
v -2.4812 2.7038 0.1867
vn 0.987265 0.117656 0.107072
v -2.47 2.6693 0.20941
vn 0.914513 0.402632 0.0394062
v -2.4773 2.6811 0.20941
vn 0.937369 0.34712 0.0291107
v -2.4824 2.7038 0.20941
vn 0.998423 0.0457474 0.0325421
v -2.4784 2.7265 0.1867
vn 0.984382 -0.165516 0.059977
v -2.4726 2.7492 0.1867
vn 0.957833 -0.285094 0.0357433
v -2.4803 2.7265 0.20941
vn 0.982606 -0.176745 0.0569815
v -2.4748 2.7492 0.20941
vn 0.949901 -0.307608 0.0553676
v -2.47 2.7545 0.14129
vn 0.896708 -0.441876 0.0257015
v -2.4609 2.7719 0.14129
vn 0.881698 -0.471263 0.0227871
v -2.4477 2.79545 0.14129
vn 0.90652 -0.421716 0.019404
v -2.47 2.7541 0.164
vn 0.896483 -0.443014 0.00751258
v -2.4609 2.7719 0.164
vn 0.893831 -0.448081 0.0169997
v -2.4497 2.7946 0.164
vn 0.892514 -0.449286 0.0394964
v -2.4473 2.8 0.164
vn 0.919916 -0.389097 0.0485579
v -2.47 2.7552 0.1867
vn 0.900881 -0.430808 0.0530833
v -2.462 2.7719 0.1867
vn 0.893446 -0.446398 0.0498256
v -2.4508 2.7946 0.1867
vn 0.900413 -0.433835 0.0322996
v -2.47 2.7594 0.20941
vn 0.898077 -0.436751 0.0520188
v -2.4637 2.7719 0.20941
vn 0.883046 -0.468437 0.0282134
v -2.4513 2.7946 0.20941
vn 0.888384 -0.458177 0.0291008
v -2.4473 2.8022 0.1867
vn 0.916367 -0.399373 0.0278018
v -2.4473 2.8028 0.20941
vn 0.921155 -0.388467 0.02381
v -2.4445 2.8173 0.095882
vn 0.971634 -0.157949 -0.176007
v -2.441 2.84 0.095882
vn 0.96335 -0.171447 -0.206306
v -2.4462 2.84 0.073177
vn 0.963169 -0.161434 -0.215046
v -2.4404 2.8173 0.11859
vn 0.963037 -0.246027 -0.109683
v -2.436 2.84 0.11859
vn 0.969867 -0.193971 -0.147423
v -2.4389 2.8173 0.14129
vn 0.958186 -0.28599 -0.00944573
v -2.4337 2.84 0.14129
vn 0.97832 -0.200309 -0.0525941
v -2.44 2.8173 0.164
vn 0.951216 -0.304423 0.0501471
v -2.4341 2.84 0.164
vn 0.974286 -0.220181 0.0478123
v -2.441 2.8173 0.1867
vn 0.961954 -0.26948 0.0450014
v -2.436 2.84 0.1867
vn 0.976034 -0.192342 0.101797
v -2.4417 2.8173 0.20941
vn 0.974862 -0.212087 0.0682956
v -2.4383 2.84 0.20941
vn 0.985911 -0.115571 0.120925
v -2.4578 2.8628 0.027767
vn 0.911754 -0.0710102 -0.404552
v -2.4494 2.8855 0.027767
vn 0.744618 -0.185233 -0.641274
v -2.503 3.0217 0.027767
vn 0.935344 -0.309077 -0.172056
v -2.4965 3.0444 0.027767
vn 0.967503 -0.209349 -0.141815
v -2.448 2.8628 0.050472
vn 0.91275 -0.137524 -0.384675
v -2.4473 2.865 0.050472
vn 0.68031 -0.607317 -0.410298
v -2.4473 2.8855 0.029591
vn 0.664754 -0.520962 -0.535444
v -2.4473 2.8628 0.052734
vn 0.955637 -0.16011 -0.247232
v -2.4855 3.0217 0.11859
vn 0.960301 -0.193904 -0.200555
v -2.4927 2.999 0.10935
vn 0.94845 -0.201136 -0.244922
v -2.4927 3.0154 0.095882
vn 0.944074 -0.231066 -0.235231
v -2.4905 3.0217 0.095882
vn 0.939849 -0.284881 -0.188483
v -2.481 3.0217 0.14129
vn 0.982516 -0.119454 -0.142807
v -2.4803 2.999 0.14129
vn 0.981837 0.123181 -0.144301
v -2.47 2.9834 0.164
vn 0.909488 0.404216 -0.0971639
v -2.4768 2.999 0.164
vn 0.960905 0.259286 -0.0971246
v -2.4791 3.0217 0.164
vn 0.990743 -0.0977041 -0.0942506
v -2.4473 2.9488 0.20941
vn 0.67781 0.692208 0.247833
v -2.4473 2.9536 0.19715
vn 0.736887 0.638576 0.221852
v -2.4523 2.9536 0.20941
vn 0.782813 0.566476 0.257507
v -2.4672 2.9763 0.20941
vn 0.867677 0.481922 0.12201
v -2.4648 2.9763 0.1867
vn 0.845748 0.5302 0.0599818
v -2.4473 2.9557 0.1867
vn 0.755755 0.642019 0.129018
v -2.47 2.9874 0.1867
vn 0.907267 0.420145 -0.018585
v -2.4756 2.999 0.1867
vn 0.980234 0.196481 -0.0231628
v -2.478 3.0217 0.1867
vn 0.994436 -0.104843 0.0102062
v -2.47 2.9855 0.20941
vn 0.935055 0.354498 -0.00189015
v -2.4761 2.999 0.20941
vn 0.962678 0.270538 0.00773852
v -2.4795 3.0217 0.20941
vn 0.993093 -0.0669808 0.0963341
v -2.4246 2.8855 0.04673
vn 0.499651 -0.656442 -0.565184
v -2.4246 2.8848 0.050472
vn 0.719543 -0.684532 -0.116933
v -2.4416 2.8628 0.073177
vn 0.877057 -0.450856 -0.165829
v -2.4246 2.8854 0.073177
vn 0.799109 -0.601102 0.0100887
v -2.4363 2.8628 0.095882
vn 0.931822 -0.311621 -0.18601
v -2.4246 2.8855 0.092179
vn 0.843313 -0.531364 -0.0804719
v -2.4255 2.8855 0.095882
vn 0.903006 -0.429628 0
v -2.4317 2.8628 0.11859
vn 0.952024 -0.278663 -0.126483
v -2.4246 2.8855 0.10291
vn 0.909054 -0.392344 -0.14031
v -2.4246 2.8819 0.11859
vn 0.933866 -0.347146 -0.0859274
v -2.4294 2.8628 0.14129
vn 0.96671 -0.252865 -0.0391275
v -2.4246 2.876 0.14129
vn 0.91993 -0.386764 -0.064365
v -2.429 2.8628 0.164
vn 0.961952 -0.269574 0.0444856
v -2.4246 2.8739 0.164
vn 0.92214 -0.381135 0.0662798
v -2.4184 2.8855 0.164
vn 0.910114 -0.388023 0.145362
v -2.4195 2.8855 0.14129
vn 0.884044 -0.466977 0.0199514
v -2.4084 2.9082 0.164
vn 0.923935 -0.312425 0.220759
v -2.4056 2.9082 0.14129
vn 0.848142 -0.519347 0.10457
v -2.4315 2.8628 0.1867
vn 0.956044 -0.23072 0.180966
v -2.4246 2.8838 0.1867
vn 0.905643 -0.341003 0.252047
v -2.4238 2.8855 0.1867
vn 0.941159 -0.238241 0.239709
v -2.4363 2.8628 0.20941
vn 0.974237 -0.109203 0.197324
v -2.4338 2.8855 0.20941
vn 0.94291 -0.171748 0.285347
v -2.4246 2.8855 0.18823
vn 0.882091 -0.16719 0.440413
v -2.4184 2.9082 0.1867
vn 0.91163 -0.0665818 0.405583
v -2.4116 2.9309 0.164
vn 0.870668 0.303307 0.387224
v -2.4225 2.9309 0.1867
vn 0.885363 0.194532 0.422244
v -2.4246 2.9082 0.19623
vn 0.913511 -0.0611156 0.402196
v -2.4301 2.9082 0.20941
vn 0.966898 -0.0758752 0.243622
v -2.4293 2.9309 0.20941
vn 0.918517 0.296337 0.261744
v -2.4246 2.9309 0.19129
vn 0.859882 0.378133 0.342956
v -2.4246 2.9356 0.1867
vn 0.699828 0.637035 0.323152
v -2.4246 2.9451 0.164
vn 0.688368 0.669127 0.280032
v -2.4429 2.9536 0.1867
vn 0.672144 0.683353 0.285047
v -2.4979 3.0217 0.050472
vn 0.903438 -0.384849 -0.188922
v -2.4927 3.0347 0.050472
vn 0.94627 -0.258546 -0.194235
v -2.4927 3.0444 0.045036
vn 0.976636 0 -0.214901
v -2.4927 3.054 0.050472
vn 0.969105 0.206879 -0.134304
v -2.4941 3.0217 0.073177
vn 0.765598 -0.63043 -0.128131
v -2.4927 3.0234 0.073177
vn 0.94914 -0.289966 -0.12269
v -2.4878 3.0444 0.073177
vn 0.99009 -0.0341001 -0.136229
v -2.4917 3.0444 0.050472
vn 0.985566 0 -0.169291
v -2.4927 3.0594 0.073177
vn 0.940569 0.312256 -0.133513
v -2.4927 3.0217 0.082071
vn 0.953832 -0.265719 -0.139994
v -2.4838 3.0444 0.095882
vn 0.974377 -0.085255 -0.208138
v -2.4927 3.0671 0.088904
vn 0.915069 0.265443 -0.303625
v -2.4874 3.0671 0.095882
vn 0.790064 0.1253 -0.600082
v -2.4799 3.0444 0.11859
vn 0.959251 -0.225379 -0.170419
v -2.4762 3.0444 0.14129
vn 0.958211 -0.240508 -0.154881
v -2.4724 3.0444 0.164
vn 0.943673 -0.299211 -0.141256
v -2.47 3.0504 0.164
vn 0.934578 -0.291787 -0.203531
v -2.47 3.0671 0.14393
vn 0.937755 -0.254202 -0.236639
v -2.47 3.0716 0.14129
vn 0.928341 -0.187605 -0.320916
v -2.4643 3.0671 0.164
vn 0.932841 -0.238642 -0.269923
v -2.47 3.0898 0.13231
vn 0.951633 -0.135946 -0.275524
v -2.4674 3.0898 0.14129
vn 0.939768 -0.134251 -0.314346
v -2.4594 3.0898 0.164
vn 0.938275 -0.172055 -0.300062
v -2.47 3.0444 0.18271
vn 0.943597 -0.321053 -0.0809311
v -2.47 3.0439 0.1867
vn 0.940781 -0.339014 0
v -2.47 3.0444 0.19615
vn 0.939648 -0.328658 0.0951084
v -2.4729 3.0444 0.20941
vn 0.934731 -0.291949 0.202591
v -2.566 2.5449 0.23211
vn 0.891971 -0.450381 -0.0393088
v -2.5608 2.5529 0.23211
vn 0.786504 -0.617245 -0.0205043
v -2.5482 2.5676 0.23211
vn 0.746096 -0.665812 -0.00591454
v -2.5652 2.5449 0.25482
vn 0.902878 -0.429771 -0.0103743
v -2.5608 2.5521 0.25482
vn 0.804389 -0.594039 -0.00871762
v -2.548 2.5676 0.25482
vn 0.75846 -0.651716 -0.0023758
v -2.5608 2.5519 0.30023
vn 0.809419 -0.587163 -0.0089942
v -2.5484 2.5676 0.27752
vn 0.766175 -0.642568 0.00905804
v -2.565 2.5449 0.30023
vn 0.898911 -0.437568 -0.0222004
v -2.5486 2.5676 0.30023
vn 0.776789 -0.629756 0.00262402
v -2.5381 2.5786 0.23211
vn 0.686619 -0.727006 -0.00401699
v -2.5381 2.5785 0.25482
vn 0.703477 -0.71059 0.013475
v -2.5381 2.5793 0.27752
vn 0.721086 -0.692483 0.0224155
v -2.5381 2.5802 0.30023
vn 0.721513 -0.692281 0.0128743
v -2.5243 2.5903 0.23211
vn 0.639876 -0.768414 -0.00996976
v -2.5154 2.5976 0.23211
vn 0.616986 -0.786974 -0.000320588
v -2.49375 2.6138 0.23211
vn 0.59086 -0.806766 -0.00376484
v -2.5244 2.5903 0.25482
vn 0.655955 -0.754576 0.0183815
v -2.5154 2.5986 0.25482
vn 0.620379 -0.783371 0.0382061
v -2.4927 2.6147 0.25482
vn 0.581551 -0.813204 0.0223035
v -2.47 2.6311 0.23211
vn 0.615581 -0.788074 -0.000312449
v -2.4672 2.6357 0.23211
vn 0.97899 -0.203889 0.00271262
v -2.466 2.6584 0.23211
vn 0.998762 0.049655 -0.00282234
v -2.47 2.6323 0.27752
vn 0.642702 -0.765892 0.0185276
v -2.4675 2.6357 0.25482
vn 0.987612 -0.156908 -0.00134969
v -2.4656 2.6584 0.25482
vn 0.995852 0.0686482 -0.0597234
v -2.5258 2.5903 0.27752
vn 0.67257 -0.739339 0.0320389
v -2.5154 2.6003 0.27752
vn 0.602217 -0.797587 0.0345051
v -2.4963 2.613 0.27752
vn 0.545885 -0.837719 0.0153759
v -2.5267 2.5903 0.30023
vn 0.664765 -0.747041 0.00415077
v -2.5154 2.6007 0.30023
vn 0.603821 -0.79712 -0.000211382
v -2.4965 2.613 0.30023
vn 0.521031 -0.852475 -0.0425803
v -2.4927 2.6151 0.27752
vn 0.589139 -0.807963 0.0105345
v -2.4927 2.6151 0.30023
vn 0.618992 -0.785371 -0.00646084
v -2.4674 2.6357 0.27752
vn 0.973803 -0.226097 -0.0242383
v -2.463 2.6584 0.27752
vn 0.995799 0.0150428 -0.0903196
v -2.47 2.6335 0.30023
vn 0.657817 -0.752991 0.0167816
v -2.468 2.6357 0.30023
vn 0.958819 -0.284015 0.000778168
v -2.4611 2.6584 0.30023
vn 0.998082 -0.0593542 -0.0175864
v -2.5728 2.5222 0.34564
vn 0.945902 -0.318781 -0.060407
v -2.564 2.5449 0.32293
vn 0.902041 -0.428384 -0.0529997
v -2.5608 2.5503 0.32293
vn 0.829763 -0.556615 -0.0408915
v -2.5483 2.5676 0.32293
vn 0.791762 -0.610631 -0.0155883
v -2.5624 2.5449 0.34564
vn 0.905616 -0.420593 -0.0544128
v -2.5608 2.5477 0.34564
vn 0.844616 -0.533259 -0.0475146
v -2.5479 2.5676 0.34564
vn 0.81234 -0.58262 -0.0256325
v -2.5714 2.5222 0.36834
vn 0.94834 -0.314013 -0.0452469
v -2.5706 2.5222 0.39105
vn 0.953363 -0.300994 -0.0223913
v -2.5613 2.5449 0.36834
vn 0.883581 -0.467335 -0.0297186
v -2.5471 2.5676 0.36834
vn 0.83156 -0.554834 -0.0258213
v -2.561 2.5449 0.39105
vn 0.886134 -0.463339 -0.00910117
v -2.5466 2.5676 0.39105
vn 0.831151 -0.555964 -0.00960254
v -2.5381 2.5803 0.32293
vn 0.717583 -0.696473 7.63294e-05
v -2.5381 2.5804 0.34564
vn 0.721104 -0.692769 -0.0089846
v -2.5381 2.5797 0.36834
vn 0.739984 -0.672142 -0.0254642
v -2.5381 2.5787 0.39105
vn 0.746815 -0.664866 -0.0148679
v -2.5266 2.5903 0.32293
vn 0.648577 -0.761148 -0.00153608
v -2.5154 2.5999 0.32293
vn 0.571006 -0.820407 -0.0297454
v -2.5268 2.5903 0.34564
vn 0.646361 -0.763032 -0.00044838
v -2.5154 2.5995 0.34564
vn 0.560855 -0.827902 -0.00440459
v -2.4927 2.613 0.33419
vn 0.619672 -0.78404 -0.035878
v -2.4923 2.613 0.34564
vn 0.585558 -0.81063 0
v -2.47 2.6333 0.32293
vn 0.66642 -0.74516 -0.0249346
v -2.4682 2.6357 0.32293
vn 0.962793 -0.266651 0.0438938
v -2.4622 2.6584 0.32293
vn 0.996174 -0.062167 0.061427
v -2.47 2.6328 0.34564
vn 0.689081 -0.724191 0.0267299
v -2.4684 2.6357 0.34564
vn 0.976294 -0.21216 0.0428847
v -2.4652 2.6584 0.34564
vn 0.993787 -0.0162651 0.110104
v -2.5265 2.5903 0.36834
vn 0.652825 -0.757369 -0.0145421
v -2.5154 2.5995 0.36834
vn 0.568742 -0.822484 0.00728199
v -2.4927 2.613 0.36358
vn 0.613881 -0.788203 0.0434362
v -2.495 2.613 0.39105
vn 0.531305 -0.846391 0.0365667
v -2.5257 2.5903 0.39105
vn 0.668362 -0.743721 -0.0130811
v -2.5154 2.5994 0.39105
vn 0.601198 -0.79896 0.0149397
v -2.4927 2.6132 0.36834
vn 0.735142 -0.674001 0.0727276
v -2.4927 2.6145 0.39105
vn 0.756176 -0.652273 0.0523294
v -2.4711 2.6357 0.36834
vn 0.739905 -0.664426 0.105257
v -2.47 2.6357 0.36098
vn 0.914671 -0.385842 0.120428
v -2.47 2.6395 0.36834
vn 0.980741 -0.147072 0.128516
v -2.4682 2.6584 0.36834
vn 0.994567 -0.000137553 0.104096
v -2.4747 2.6357 0.39105
vn 0.878666 -0.468697 0.0909362
v -2.47 2.6584 0.3877
vn 0.994319 -0.050418 0.093747
v -2.4703 2.6584 0.39105
vn 0.995602 -0.0936471 0.00264689
v -2.47 2.6709 0.23211
vn 0.919157 0.391092 -0.0468713
v -2.476 2.6811 0.23211
vn 0.93342 0.347919 -0.0876369
v -2.4824 2.7038 0.23211
vn 0.988625 0.141974 -0.0496371
v -2.47 2.6757 0.25482
vn 0.927958 0.361292 -0.0914389
v -2.4732 2.6811 0.25482
vn 0.929379 0.337355 -0.14982
v -2.4802 2.7038 0.25482
vn 0.979409 0.146378 -0.139035
v -2.4816 2.7265 0.23211
vn 0.991153 -0.128804 -0.0320127
v -2.4751 2.7492 0.23211
vn 0.95162 -0.304616 -0.0403624
v -2.4792 2.7265 0.25482
vn 0.979623 -0.155367 -0.127279
v -2.4725 2.7492 0.25482
vn 0.95202 -0.287713 -0.104299
v -2.47 2.6811 0.26933
vn 0.945553 0.286373 -0.154659
v -2.4693 2.6835 0.27752
vn 0.950773 0.275674 -0.141541
v -2.4759 2.7038 0.27752
vn 0.98214 0.135908 -0.130116
v -2.4653 2.6811 0.30023
vn 0.974095 0.219886 -0.0528121
v -2.47 2.6951 0.30023
vn 0.942525 0.32741 -0.0667091
v -2.4736 2.7038 0.30023
vn 0.980142 0.191851 -0.0501466
v -2.4762 2.7265 0.27752
vn 0.984598 -0.151801 -0.0867334
v -2.4705 2.7492 0.27752
vn 0.958857 -0.282771 -0.0251604
v -2.4752 2.7265 0.30023
vn 0.996374 -0.0827092 -0.019967
v -2.47 2.76 0.23211
vn 0.901224 -0.432546 -0.0264517
v -2.4638 2.7719 0.23211
vn 0.890321 -0.455331 -0.0016167
v -2.4517 2.7946 0.23211
vn 0.891072 -0.453335 0.0218681
v -2.47 2.7552 0.25482
vn 0.924029 -0.376287 -0.0676714
v -2.463 2.7719 0.25482
vn 0.915105 -0.402684 -0.0207129
v -2.4526 2.7946 0.25482
vn 0.922262 -0.385152 0.0330177
v -2.4473 2.805 0.23211
vn 0.94182 -0.32963 0.0657151
v -2.4473 2.8127 0.25482
vn 0.959759 -0.27199 0.0698922
v -2.4625 2.7719 0.27752
vn 0.934632 -0.354608 -0.0267577
v -2.4536 2.7946 0.27752
vn 0.940519 -0.339681 -0.00636501
v -2.4622 2.7719 0.30023
vn 0.9329 -0.358947 -0.0292333
v -2.4528 2.7946 0.30023
vn 0.923719 -0.376812 -0.0689631
v -2.4472 2.8173 0.27752
vn 0.978599 -0.20271 -0.0353848
v -2.4473 2.8098 0.30023
vn 0.936843 -0.334821 -0.101099
v -2.4653 2.6811 0.32293
vn 0.976308 0.204719 0.0700957
v -2.47 2.6961 0.32293
vn 0.947703 0.31772 0.0302203
v -2.4734 2.7038 0.32293
vn 0.99111 0.132517 -0.0118263
v -2.4685 2.6811 0.34564
vn 0.980437 0.15532 0.120913
v -2.47 2.6887 0.34564
vn 0.974187 0.213298 0.0739127
v -2.4734 2.7038 0.34564
vn 0.994541 0.104157 0.00632381
v -2.4759 2.7265 0.32293
vn 0.994297 -0.103292 -0.0265317
v -2.47 2.74915 0.32293
vn 0.950749 -0.307855 -0.0360725
v -2.4742 2.7265 0.34564
vn 0.996855 -0.06331 -0.0476646
v -2.47 2.7441 0.34564
vn 0.9671 -0.248324 -0.055253
v -2.4684 2.7492 0.34564
vn 0.930778 -0.362106 -0.0503142
v -2.47 2.6789 0.36834
vn 0.997028 0.0629331 0.0444316
v -2.47 2.6811 0.36104
vn 0.986566 0.13554 0.0911953
v -2.4705 2.6811 0.36834
vn 0.989754 0.142781 0.000694063
v -2.4738 2.7038 0.36834
vn 0.996501 0.0822137 0.0150658
v -2.4704 2.6811 0.39105
vn 0.997228 0.0743106 -0.00386909
v -2.4734 2.7038 0.39105
vn 0.997411 0.0620329 -0.0363793
v -2.4731 2.7265 0.36834
vn 0.996841 -0.0782191 -0.013756
v -2.47 2.7397 0.36834
vn 0.970757 -0.238358 -0.0285818
v -2.4676 2.7492 0.36834
vn 0.94647 -0.322335 -0.0171462
v -2.4731 2.7265 0.39105
vn 0.993756 -0.110947 -0.0118462
v -2.47 2.7388 0.41375
vn 0.972322 -0.233617 0.0036009
v -2.467 2.7492 0.41375
vn 0.951336 -0.308033 0.00871182
v -2.4607 2.7719 0.32293
vn 0.91952 -0.387821 -0.0638643
v -2.4504 2.7946 0.32293
vn 0.912126 -0.4049 -0.0638923
v -2.4594 2.7719 0.34564
vn 0.92353 -0.383016 -0.0197576
v -2.4473 2.7997 0.34564
vn 0.912814 -0.408289 -0.00846303
v -2.4473 2.802 0.32293
vn 0.915176 -0.394421 -0.0829779
v -2.4596 2.7719 0.36834
vn 0.934675 -0.355478 0.00411702
v -2.4473 2.801 0.36834
vn 0.914029 -0.404743 0.0270834
v -2.4595 2.7719 0.39105
vn 0.942491 -0.334232 -0.000691124
v -2.4507 2.7946 0.39105
vn 0.929396 -0.367952 0.0288946
v -2.4473 2.8037 0.39105
vn 0.922668 -0.380003 0.0654413
v -2.4435 2.8173 0.23211
vn 0.983856 -0.141559 0.109496
v -2.4415 2.84 0.23211
vn 0.989541 -0.0608938 0.130769
v -2.4463 2.8173 0.25482
vn 0.992785 -0.0886043 0.0807923
v -2.4449 2.84 0.25482
vn 0.995869 -0.0700912 0.0577334
v -2.4436 2.84 0.27752
vn 0.964871 -0.187334 -0.184201
v -2.4445 2.8173 0.30023
vn 0.938718 -0.291513 -0.183925
v -2.4362 2.84 0.30023
vn 0.850378 -0.408376 -0.331791
v -2.4405 2.8173 0.32293
vn 0.883721 -0.440211 -0.158904
v -2.4279 2.84 0.32293
vn 0.829842 -0.501697 -0.244257
v -2.4388 2.8173 0.34564
vn 0.869833 -0.493083 -0.0160834
v -2.4246 2.84 0.33964
vn 0.782082 -0.614431 -0.104033
v -2.4246 2.8394 0.34564
vn 0.839711 -0.542921 -0.0110402
v -2.4394 2.8173 0.36834
vn 0.861176 -0.506332 0.0447639
v -2.4242 2.84 0.36834
vn 0.791312 -0.611288 0.0123321
v -2.4241 2.84 0.34564
vn 0.735332 -0.677654 0.00842693
v -2.4413 2.8173 0.39105
vn 0.847217 -0.524661 0.0833903
v -2.4246 2.84 0.38123
vn 0.779295 -0.625495 0.0381352
v -2.4253 2.84 0.39105
vn 0.799533 -0.595363 0.0793138
v -2.5703 2.5222 0.41375
vn 0.956135 -0.29242 -0.0172349
v -2.5698 2.5222 0.43646
vn 0.949155 -0.314699 -0.00832426
v -2.561 2.5449 0.41375
vn 0.885969 -0.463572 -0.0126451
v -2.5461 2.5676 0.43646
vn 0.826848 -0.562277 -0.0129553
v -2.5604 2.5449 0.43646
vn 0.888746 -0.458054 -0.0178033
v -2.5701 2.5222 0.45916
vn 0.961716 -0.273709 0.0136402
v -2.5706 2.5222 0.48187
vn 0.954836 -0.296632 -0.0172629
v -2.56 2.5449 0.45916
vn 0.885799 -0.464035 -0.00557247
v -2.5456 2.5676 0.45916
vn 0.825528 -0.564119 -0.0165184
v -2.56 2.5449 0.48187
vn 0.875271 -0.482929 -0.0260741
v -2.5449 2.5676 0.48187
vn 0.823548 -0.566255 -0.0335225
v -2.5381 2.578 0.43646
vn 0.745474 -0.666434 -0.0115977
v -2.5381 2.5765 0.48187
vn 0.731455 -0.681481 -0.0235994
v -2.5258 2.5903 0.41375
vn 0.685396 -0.72817 0.000573586
v -2.5154 2.6 0.41375
vn 0.628112 -0.778043 0.0111493
v -2.4927 2.6158 0.41375
vn 0.66861 -0.743179 0.02539
v -2.5257 2.5903 0.43646
vn 0.696842 -0.71711 -0.0128493
v -2.5154 2.6002 0.43646
vn 0.661291 -0.749975 -0.0152155
v -2.4969 2.613 0.43646
vn 0.576349 -0.817189 -0.00496164
v -2.4927 2.6162 0.43646
vn 0.795455 -0.606012 0.000837103
v -2.4772 2.6357 0.41375
vn 0.878492 -0.473594 0.0629286
v -2.4705 2.6584 0.41375
vn 0.967804 -0.246879 0.04905
v -2.4786 2.6357 0.43646
vn 0.893066 -0.446553 0.0549837
v -2.4714 2.6584 0.43646
vn 0.955313 -0.28671 0.07193
v -2.5154 2.5997 0.45916
vn 0.624578 -0.780719 -0.0195114
v -2.4966 2.613 0.45916
vn 0.584385 -0.811314 -0.0162387
v -2.5154 2.5989 0.48187
vn 0.66561 -0.746179 -0.013395
v -2.4927 2.6154 0.48187
vn 0.707389 -0.706805 0.00526246
v -2.4797 2.6357 0.45916
vn 0.916708 -0.399244 0.0158426
v -2.4743 2.6584 0.45916
vn 0.981155 -0.170173 0.0915247
v -2.4795 2.6357 0.48187
vn 0.892626 -0.450231 -0.0226106
v -2.475 2.6584 0.48187
vn 0.989013 -0.145234 -0.0275869
v -2.5686 2.5222 0.52728
vn 0.956389 -0.291429 -0.0197241
v -2.5608 2.5393 0.52728
vn 0.904643 -0.426164 -0.00248334
v -2.5579 2.5449 0.52728
vn 0.844061 -0.535899 -0.0193344
v -2.5429 2.5676 0.52728
vn 0.826367 -0.56265 -0.023317
v -2.5697 2.5222 0.54998
vn 0.954053 -0.295114 0.0518698
v -2.5715 2.5222 0.57269
vn 0.948245 -0.310886 0.0646569
v -2.5608 2.5407 0.54998
vn 0.889577 -0.454736 0.0432333
v -2.5582 2.5449 0.54998
vn 0.815458 -0.578796 0.00480956
v -2.5381 2.5731 0.54998
vn 0.788226 -0.614855 -0.0255697
v -2.5608 2.5428 0.57269
vn 0.878348 -0.475533 0.0487227
v -2.5593 2.5449 0.57269
vn 0.787067 -0.615558 0.040182
v -2.5417 2.5676 0.57269
vn 0.799246 -0.600712 0.0187433
v -2.5381 2.5755 0.50457
vn 0.747846 -0.663445 -0.0238127
v -2.5381 2.5746 0.52728
vn 0.763494 -0.644946 -0.0334862
v -2.5381 2.5726 0.57269
vn 0.756364 -0.654148 -0.00172085
v -2.5236 2.5903 0.50457
vn 0.711671 -0.70239 -0.013146
v -2.5154 2.5988 0.50457
vn 0.668591 -0.743206 0.025127
v -2.4971 2.613 0.50457
vn 0.602062 -0.796902 0.0496781
v -2.5234 2.5903 0.52728
vn 0.729723 -0.683557 -0.0159678
v -2.5154 2.5993 0.52728
vn 0.726448 -0.686992 0.0177669
v -2.5007 2.613 0.52728
vn 0.643591 -0.762015 0.0715806
v -2.4927 2.6162 0.50457
vn 0.778351 -0.627486 0.0207415
v -2.4927 2.6191 0.52728
vn 0.718671 -0.690946 0.0781439
v -2.4779 2.6357 0.50457
vn 0.906143 -0.422694 -0.0153138
v -2.4733 2.6584 0.50457
vn 0.991587 -0.118679 -0.0516765
v -2.4783 2.6357 0.52728
vn 0.903067 -0.423181 0.0734082
v -2.4719 2.6584 0.52728
vn 0.992251 -0.123117 0.0167526
v -2.5225 2.5903 0.54998
vn 0.744426 -0.667145 -0.0273349
v -2.5154 2.5991 0.54998
vn 0.77906 -0.62691 -0.006957
v -2.5035 2.613 0.54998
vn 0.700213 -0.711699 0.0564462
v -2.5216 2.5903 0.57269
vn 0.743681 -0.668532 -0.0018233
v -2.5154 2.5979 0.57269
vn 0.81108 -0.584791 0.0129876
v -2.5048 2.613 0.57269
vn 0.774147 -0.630612 0.0549956
v -2.4927 2.6227 0.54998
vn 0.74256 -0.659515 0.116812
v -2.4927 2.6279 0.57269
vn 0.803332 -0.5776 0.14504
v -2.4826 2.6357 0.54998
vn 0.88441 -0.43396 0.171748
v -2.4747 2.6584 0.54998
vn 0.967118 -0.204494 0.151209
v -2.4876 2.6357 0.57269
vn 0.892065 -0.413674 0.181918
v -2.4787 2.6584 0.57269
vn 0.957113 -0.250174 0.146105
v -2.47 2.6612 0.41375
vn 0.997843 -0.0646735 -0.0112364
v -2.47 2.6811 0.39775
vn 0.997704 0.0401694 -0.0545178
v -2.469 2.6811 0.41375
vn 0.999248 -0.0238028 -0.0306052
v -2.47 2.6928 0.41375
vn 0.992073 0.113178 -0.0546094
v -2.4716 2.7038 0.41375
vn 0.995993 0.0815212 -0.0367649
v -2.47 2.6636 0.43646
vn 0.99153 -0.113457 0.0632196
v -2.4683 2.6811 0.43646
vn 0.999704 0.0149239 0.0191888
v -2.47 2.6986 0.43646
vn 0.992747 0.112872 0.0413914
v -2.471 2.7038 0.43646
vn 0.994658 0.099822 0.0262839
v -2.4725 2.7265 0.41375
vn 0.998991 -0.0377217 -0.0243781
v -2.4728 2.7265 0.43646
vn 0.999506 -0.0239903 0.0203051
v -2.47 2.7437 0.43646
vn 0.9819 -0.186603 0.0324373
v -2.4686 2.7492 0.43646
vn 0.955003 -0.288974 0.0668044
v -2.47 2.6811 0.44962
vn 0.989065 -0.0184514 0.146323
v -2.4719 2.6811 0.45916
vn 0.989876 -0.0327028 0.13812
v -2.4728 2.7038 0.45916
vn 0.996107 0.0395129 0.0788066
v -2.4745 2.6811 0.48187
vn 0.999742 -0.0209179 0.00880785
v -2.4741 2.7038 0.48187
vn 0.998048 -0.0580566 -0.0229942
v -2.4731 2.7265 0.45916
vn 0.995838 -0.0908612 -0.00707031
v -2.4696 2.7492 0.45916
vn 0.977352 -0.210627 -0.0204688
v -2.4718 2.7265 0.48187
vn 0.990102 -0.121542 -0.070186
v -2.47 2.7372 0.48187
vn 0.981589 -0.171782 -0.0835052
v -2.4679 2.7492 0.48187
vn 0.976161 -0.204971 -0.0713934
v -2.4591 2.7719 0.41375
vn 0.949822 -0.309632 0.0443397
v -2.4519 2.7946 0.41375
vn 0.94584 -0.320046 0.0543788
v -2.461 2.7719 0.43646
vn 0.950164 -0.297191 0.0941567
v -2.4542 2.7946 0.43646
vn 0.945582 -0.308049 0.104784
v -2.4473 2.8089 0.41375
vn 0.935498 -0.342221 0.0879116
v -2.4473 2.8146 0.43646
vn 0.93672 -0.339054 0.0871626
v -2.4634 2.7719 0.45916
vn 0.969153 -0.24335 0.039024
v -2.4575 2.7946 0.45916
vn 0.947075 -0.296766 0.122387
v -2.4634 2.7719 0.48187
vn 0.981893 -0.177346 -0.0665988
v -2.4598 2.7946 0.48187
vn 0.978906 -0.203299 0.020327
v -2.4473 2.8173 0.44604
vn 0.902012 -0.412197 0.128327
v -2.4492 2.8173 0.45916
vn 0.923136 -0.355321 0.14686
v -2.4473 2.8211 0.45916
vn 0.847244 -0.512082 0.141243
v -2.453 2.8173 0.48187
vn 0.927479 -0.358369 0.106558
v -2.4473 2.8269 0.48187
vn 0.838547 -0.538192 0.0847803
v -2.4732 2.6811 0.50457
vn 0.996989 -0.017568 -0.0755208
v -2.4728 2.7038 0.50457
vn 0.996071 -0.0538202 -0.0703237
v -2.4709 2.6811 0.52728
vn 0.999476 -0.0271504 -0.0176075
v -2.4709 2.7038 0.52728
vn 0.999171 -0.0266059 -0.0308045
v -2.46995 2.7261 0.50457
vn 0.985208 -0.155662 -0.0716547
v -2.4652 2.7492 0.50457
vn 0.976525 -0.194613 -0.0923303
v -2.47 2.7149 0.52728
vn 0.992948 -0.114191 -0.0318472
v -2.4684 2.7265 0.52728
vn 0.981287 -0.190285 -0.0294414
v -2.4634 2.7492 0.52728
vn 0.979231 -0.200592 -0.0294717
v -2.4727 2.6811 0.54998
vn 0.991087 -0.0764065 0.109125
v -2.4714 2.7038 0.54998
vn 0.996844 -0.0600435 0.0519341
v -2.4761 2.6811 0.57269
vn 0.987748 -0.120382 0.0993077
v -2.4732 2.7038 0.57269
vn 0.990945 -0.119115 0.0619703
v -2.47 2.7165 0.54998
vn 0.989764 -0.136575 0.0413978
v -2.4683 2.7265 0.54998
vn 0.982292 -0.179538 0.053567
v -2.4638 2.7492 0.54998
vn 0.977573 -0.205999 0.0437759
v -2.47 2.7265 0.572675
vn 0.988463 -0.143725 0.0477989
v -2.4663 2.7492 0.57269
vn 0.976145 -0.203395 0.0759625
v -2.4609 2.7719 0.50457
vn 0.986527 -0.141243 -0.0825544
v -2.4596 2.7946 0.50457
vn 0.991738 -0.117081 -0.0524132
v -2.4587 2.7719 0.52728
vn 0.993476 -0.107659 -0.0376294
v -2.4579 2.7946 0.52728
vn 0.984967 -0.156206 -0.0737498
v -2.4546 2.8173 0.50457
vn 0.938974 -0.343473 -0.018808
v -2.4473 2.8281 0.50457
vn 0.814218 -0.580398 -0.0136707
v -2.4527 2.8173 0.52728
vn 0.939763 -0.315074 -0.132566
v -2.4473 2.8257 0.52728
vn 0.772047 -0.618494 -0.146315
v -2.4596 2.7719 0.54998
vn 0.98592 -0.167219 0.000724627
v -2.455 2.7946 0.54998
vn 0.951356 -0.272777 -0.143231
v -2.46 2.7719 0.57269
vn 0.947465 -0.317249 -0.0407725
v -2.4473 2.8023 0.57269
vn 0.896227 -0.376089 -0.235233
v -2.448 2.8173 0.54998
vn 0.933278 -0.298345 -0.199956
v -2.4473 2.8186 0.54998
vn 0.750521 -0.627361 -0.207691
v -2.4473 2.8173 0.55244
vn 0.815461 -0.507588 -0.278169
v -2.4439 2.8173 0.41375
vn 0.843626 -0.526786 0.103879
v -2.4278 2.84 0.41375
vn 0.789937 -0.603741 0.107219
v -2.4462 2.8173 0.43646
vn 0.84467 -0.527892 0.0886738
v -2.4316 2.84 0.43646
vn 0.813153 -0.568843 0.123286
v -2.4356 2.84 0.45916
vn 0.795055 -0.592903 0.127881
v -2.4384 2.84 0.48187
vn 0.774006 -0.631828 0.0413378
v -2.4382 2.84 0.50457
vn 0.75454 -0.652087 -0.073831
v -2.4349 2.84 0.52728
vn 0.724336 -0.668393 -0.169082
v -2.4276 2.84 0.54998
vn 0.712411 -0.662474 -0.231514
v -2.4392 2.8173 0.57269
vn 0.717869 -0.569046 -0.401063
v -2.4246 2.84 0.5582
vn 0.644474 -0.677598 -0.35428
v -2.4246 2.8329 0.57269
vn 0.604801 -0.655429 -0.45236
v -2.4146 2.84 0.57269
vn 0.431652 -0.705507 -0.562082
v -2.4588 2.9536 0.23211
vn 0.892765 0.432281 -0.1269
v -2.4665 2.9763 0.23211
vn 0.907136 0.313584 -0.280658
v -2.4473 2.9714 0.25482
vn 0.625133 0.356679 -0.694254
v -2.4508 2.9763 0.25482
vn 0.709212 0.50658 -0.4903
v -2.47 2.9897 0.23211
vn 0.920848 0.386651 -0.0503927
v -2.4756 2.999 0.23211
vn 0.964559 0.261705 -0.033704
v -2.4816 3.0217 0.23211
vn 0.997863 0.0483522 -0.0439511
v -2.4775 3.0217 0.25482
vn 0.979378 -0.0451274 -0.196934
v -2.4413 2.8628 0.23211
vn 0.987046 -0.0759268 0.141331
v -2.4395 2.8855 0.23211
vn 0.978665 -0.143997 0.146558
v -2.4443 2.8628 0.25482
vn 0.993183 -0.113415 -0.0269199
v -2.4398 2.8855 0.25482
vn 0.915243 -0.318346 -0.246952
v -2.4342 2.9082 0.23211
vn 0.973224 -0.221003 -0.0631913
v -2.4339 2.9309 0.23211
vn 0.999708 -0.0218368 -0.010356
v -2.4283 2.9082 0.25482
vn 0.834452 -0.459557 -0.304133
v -2.4246 2.9131 0.25482
vn 0.769463 -0.370091 -0.520537
v -2.4246 2.9309 0.24464
vn 0.82642 -0.0788033 -0.557513
v -2.4141 2.9309 0.25482
vn 0.7015 -0.0371999 -0.711698
v -2.4384 2.8628 0.27752
vn 0.838365 -0.351724 -0.416455
v -2.4246 2.8836 0.27752
vn 0.649044 -0.492582 -0.579746
v -2.4246 2.8855 0.27612
vn 0.730774 -0.418318 -0.539426
v -2.4246 2.8628 0.2949
vn 0.644776 -0.501057 -0.57724
v -2.4246 2.8575 0.30023
vn 0.755484 -0.545324 -0.363133
v -2.4195 2.8628 0.30023
vn 0.645948 -0.63702 -0.420662
v -2.4019 2.8808 0.30023
vn 0.659256 -0.56925 -0.49126
v -2.4019 2.8855 0.29644
vn 0.649895 -0.417582 -0.635029
v -2.423 2.8855 0.27752
vn 0.614935 -0.458156 -0.641832
v -2.4246 2.9082 0.25845
vn 0.682528 -0.423579 -0.595597
v -2.4063 2.9082 0.27752
vn 0.63536 -0.428733 -0.642266
v -2.4019 2.9173 0.27752
vn 0.709041 -0.358384 -0.607307
v -2.4019 2.9309 0.26933
vn 0.770357 -0.108941 -0.628237
v -2.4019 2.9082 0.2823
vn 0.712868 -0.358582 -0.602692
v -2.3962 2.9309 0.27752
vn 0.766308 -0.154037 -0.623735
v -2.3986 2.8855 0.30023
vn 0.807381 -0.432815 -0.401006
v -2.3871 2.9082 0.30023
vn 0.826604 -0.333629 -0.45323
v -2.3792 2.9309 0.30052
vn 0.869299 -0.281195 -0.406508
v -2.4246 2.9451 0.25482
vn 0.526348 0.416899 -0.741048
v -2.4246 2.9536 0.25994
vn 0.489044 0.451508 -0.746309
v -2.4019 2.9536 0.27395
vn 0.601132 0.311751 -0.735834
v -2.4473 2.9763 0.25623
vn 0.57181 0.471806 -0.671143
v -2.4222 2.9763 0.27752
vn 0.533774 0.496646 -0.684418
v -2.4381 2.9536 0.25482
vn 0.348798 0.180274 -0.919696
v -2.4019 2.9569 0.27752
vn 0.499124 0.522804 -0.691051
v -2.4019 2.9763 0.29333
vn 0.512705 0.456723 -0.727006
v -2.3792 2.9319 0.30023
vn 0.931711 -0.0943748 -0.350725
v -2.3792 2.9536 0.29642
vn 0.654112 0.188683 -0.732486
v -2.3984 2.9536 0.27752
vn 0.655356 0.335962 -0.676489
v -2.3792 2.973 0.30023
vn 0.710987 0.1789 -0.680068
v -2.381 2.9763 0.30023
vn 0.309014 0.168561 -0.936001
v -2.4473 2.999 0.27408
vn 0.57028 0.534657 -0.623637
v -2.4453 2.999 0.27752
vn 0.515842 0.46814 -0.717462
v -2.4246 2.999 0.29166
vn 0.515368 0.461789 -0.721905
v -2.4473 3.0217 0.28812
vn 0.509627 0.400492 -0.761502
v -2.4473 3.001 0.27752
vn 0.414744 0.414744 -0.809923
v -2.4246 2.8436 0.32293
vn 0.707175 -0.636058 -0.308762
v -2.4052 2.8628 0.32293
vn 0.69812 -0.680202 -0.223505
v -2.4019 2.8663 0.32293
vn 0.777586 -0.588874 -0.220427
v -2.4019 2.8636 0.34564
vn 0.784644 -0.619432 -0.0252306
v -2.3885 2.8855 0.32293
vn 0.892794 -0.418716 -0.166121
v -2.3883 2.8855 0.34564
vn 0.920141 -0.389165 0.043474
v -2.3804 2.9082 0.32293
vn 0.948612 -0.306322 -0.07938
v -2.3792 2.9143 0.32293
vn 0.970167 -0.237948 -0.0464477
v -2.3744 2.9309 0.32293
vn 0.979331 -0.174434 -0.102394
v -2.3833 2.9082 0.34564
vn 0.974005 -0.164183 0.156073
v -2.3792 2.9309 0.33448
vn 0.948502 -0.0820414 0.305963
v -2.3832 2.9309 0.34564
vn 0.954641 0.00625735 0.297694
v -2.4019 2.8648 0.36834
vn 0.801278 -0.597709 0.0264083
v -2.4246 2.8407 0.39105
vn 0.729699 -0.681239 0.0587562
v -2.404 2.8628 0.39105
vn 0.72611 -0.687141 0.0245244
v -2.4019 2.8653 0.39105
vn 0.855046 -0.518551 0.00121211
v -2.3901 2.8855 0.36834
vn 0.95561 -0.292504 0.0353662
v -2.3901 2.8855 0.39105
vn 0.943052 -0.332364 -0.0136743
v -2.3883 2.9082 0.36834
vn 0.987447 -0.0297195 0.155127
v -2.3906 2.9309 0.36834
vn 0.971598 0.0570801 0.229652
v -2.3894 2.9082 0.39105
vn 0.995658 0.0899084 0.0241199
v -2.395 2.9309 0.39105
vn 0.985096 0.105015 0.136229
v -2.373 2.9536 0.32293
vn 0.997126 -0.0256318 -0.0712878
v -2.3768 2.9536 0.30023
vn 0.986275 0 -0.16511
v -2.3792 2.9536 0.33665
vn 0.931713 -0.0411076 0.360862
v -2.3824 2.9536 0.34564
vn 0.950256 -0.0605145 0.305535
v -2.3792 2.9763 0.3409
vn 0.939981 -0.0624624 0.335462
v -2.3809 2.9763 0.34564
vn 0.960868 -0.0634988 0.26963
v -2.3899 2.9536 0.36834
vn 0.962904 -0.0692823 0.2608
v -2.3869 2.9763 0.36834
vn 0.950048 -0.189941 0.24765
v -2.3958 2.9536 0.39105
vn 0.980081 -0.00288434 0.198578
v -2.3926 2.9763 0.39105
vn 0.924949 -0.230082 0.302543
v -2.3792 2.999 0.37564
vn 0.905427 -0.370876 0.206525
v -2.3832 2.999 0.39105
vn 0.781234 -0.483399 0.394968
v -2.3792 2.9974 0.36834
vn 0.936763 -0.34185 0.074927
v -2.4778 3.0444 0.23211
vn 0.976635 -0.213742 -0.0223305
v -2.47 3.0512 0.20941
vn 0.902234 -0.384765 0.194755
v -2.4736 3.0444 0.25482
vn 0.960587 -0.185787 -0.206772
v -2.47 3.0592 0.25482
vn 0.956351 -0.232617 -0.176867
v -2.47 3.0444 0.26626
vn 0.94133 -0.161728 -0.296213
v -2.4246 2.8428 0.41375
vn 0.700939 -0.710164 0.0659594
v -2.4038 2.8628 0.41375
vn 0.690674 -0.719399 0.0737202
v -2.4019 2.8649 0.41375
vn 0.838859 -0.543456 0.0311682
v -2.4246 2.8469 0.43646
vn 0.688866 -0.710779 0.142325
v -2.4074 2.8628 0.43646
vn 0.69287 -0.704777 0.15238
v -2.4019 2.8691 0.43646
vn 0.823453 -0.543892 0.161576
v -2.3894 2.8855 0.41375
vn 0.96506 -0.257532 0.0483334
v -2.3928 2.8855 0.43646
vn 0.943417 -0.284856 0.169768
v -2.3884 2.9082 0.41375
vn 0.991009 0.133151 0.0130963
v -2.3955 2.9309 0.41375
vn 0.974402 0.221439 0.0387978
v -2.39 2.9082 0.43646
vn 0.992979 0.0780131 0.0889183
v -2.3951 2.9309 0.43646
vn 0.966953 0.251294 0.0430536
v -2.4246 2.8522 0.45916
vn 0.727156 -0.675067 0.124613
v -2.4139 2.8628 0.45916
vn 0.723526 -0.665831 0.182153
v -2.4019 2.8781 0.45916
vn 0.808449 -0.562965 0.171698
v -2.4246 2.8557 0.48187
vn 0.753766 -0.65601 0.0385793
v -2.4183 2.8628 0.48187
vn 0.759121 -0.647506 0.0668639
v -2.4019 2.883 0.48187
vn 0.795311 -0.604538 0.0448811
v -2.3981 2.8855 0.45916
vn 0.947001 -0.302736 0.107426
v -2.4003 2.8855 0.48187
vn 0.935668 -0.352731 0.0103066
v -2.393 2.9082 0.45916
vn 0.997294 0.0169507 0.0715325
v -2.3963 2.9309 0.45916
vn 0.97138 0.236262 0.0245187
v -2.3924 2.9082 0.48187
vn 0.992146 -0.106151 -0.0661683
v -2.3964 2.9309 0.48187
vn 0.969168 0.244342 -0.0317777
v -2.4027 2.9536 0.43646
vn 0.966128 0.252489 0.0533477
v -2.4019 2.9536 0.42812
vn 0.976073 0.184903 0.114421
v -2.4064 2.9763 0.43646
vn 0.980956 0.151282 0.121812
v -2.4019 2.9763 0.41868
vn 0.97158 0.0724836 0.22534
v -2.3998 2.9536 0.41375
vn 0.979389 0.0993035 0.175886
v -2.3999 2.9763 0.41375
vn 0.959371 -0.0798507 0.270613
v -2.3969 2.999 0.41375
vn 0.819338 -0.401663 0.409086
v -2.3792 3.015 0.41375
vn 0.621607 -0.68765 0.375156
v -2.4019 2.9479 0.45916
vn 0.952807 0.302233 0.0285195
v -2.4035 2.9536 0.45916
vn 0.973848 0.22488 0.0324002
v -2.4092 2.9763 0.45916
vn 0.975895 0.188088 0.110689
v -2.4019 2.9473 0.48187
vn 0.953163 0.302451 0.00162075
v -2.4035 2.9536 0.48187
vn 0.974297 0.22508 -0.00916501
v -2.4088 2.9763 0.48187
vn 0.981598 0.189189 -0.0259388
v -2.4083 2.999 0.43646
vn 0.976676 0.131226 0.16995
v -2.4134 2.999 0.45916
vn 0.960159 0.177649 0.215719
v -2.4246 2.8552 0.50457
vn 0.752251 -0.654401 -0.0766652
v -2.4185 2.8628 0.50457
vn 0.74569 -0.659371 -0.0957908
v -2.3986 2.8855 0.50457
vn 0.83485 -0.536495 -0.123282
v -2.4246 2.8503 0.52728
vn 0.720402 -0.672675 -0.168906
v -2.4136 2.8628 0.52728
vn 0.711855 -0.668058 -0.216707
v -2.4019 2.8746 0.52728
vn 0.732102 -0.643645 -0.223042
v -2.3929 2.8855 0.52728
vn 0.867684 -0.446791 -0.217952
v -2.3884 2.9082 0.50457
vn 0.982199 -0.0677852 -0.175188
v -2.3945 2.9309 0.50457
vn 0.940673 0.324874 -0.0979391
v -2.3845 2.9082 0.52728
vn 0.968353 -0.136474 -0.208969
v -2.3917 2.9309 0.52728
vn 0.928535 0.347461 -0.13074
v -2.4246 2.8426 0.54998
vn 0.693861 -0.675949 -0.248292
v -2.4044 2.8628 0.54998
vn 0.6735 -0.685143 -0.277447
v -2.4019 2.8648 0.54998
vn 0.752009 -0.604693 -0.262354
v -2.4019 2.8483 0.57269
vn 0.476149 -0.59723 -0.645445
v -2.4019 2.8628 0.55446
vn 0.612755 -0.615625 -0.495518
v -2.386 2.8855 0.54998
vn 0.769488 -0.515211 -0.37742
v -2.3863 2.8628 0.57269
vn 0.54342 -0.515299 -0.662693
v -2.3792 2.8704 0.57269
vn 0.731801 -0.445772 -0.515515
v -2.3792 2.8855 0.56314
vn 0.853179 -0.278816 -0.440849
v -2.4019 2.9478 0.50457
vn 0.937127 0.348161 -0.0240203
v -2.4036 2.9536 0.50457
vn 0.97631 0.216258 0.00717472
v -2.4078 2.9763 0.50457
vn 0.989143 0.146697 -0.00871272
v -2.4019 2.9483 0.52728
vn 0.904385 0.424304 -0.0453315
v -2.4039 2.9536 0.52728
vn 0.981294 0.192517 -0.00040239
v -2.408 2.9763 0.52728
vn 0.998196 0.0510092 -0.0316536
v -2.409 2.999 0.50457
vn 0.997004 -0.0481086 -0.0605641
v -2.4062 2.999 0.52728
vn 0.973588 -0.199908 -0.110286
v -2.4019 3.0076 0.52728
vn 0.886857 -0.443416 -0.129872
v -2.4074 2.9763 0.54998
vn 0.995989 -0.0454922 -0.0770466
v -2.4019 2.999 0.55298
vn 0.833715 -0.49743 -0.239757
v -2.4019 2.9999 0.54998
vn 0.757914 -0.621864 -0.197108
v -2.3792 3.0007 0.54998
vn 0.0337321 -0.957279 -0.287191
v -2.573 2.5222 0.5954
vn 0.937749 -0.344261 0.0459532
v -2.5736 2.5222 0.6181
vn 0.958745 -0.284191 0.00663568
v -2.5425 2.5676 0.5954
vn 0.782417 -0.621527 0.0390958
v -2.562 2.5449 0.6181
vn 0.88474 -0.465199 0.0287096
v -2.5608 2.5467 0.6181
vn 0.777512 -0.627946 0.0340307
v -2.5435 2.5676 0.6181
vn 0.77433 -0.632199 0.0271667
v -2.573 2.5222 0.66351
vn 0.96382 -0.265486 -0.0238317
v -2.5625 2.5449 0.64081
vn 0.895522 -0.445017 -0.00102465
v -2.5608 2.5475 0.64081
vn 0.77826 -0.627854 0.0105546
v -2.5381 2.575 0.64081
vn 0.754441 -0.656297 0.00962917
v -2.5624 2.5449 0.66351
vn 0.897868 -0.439526 -0.0255069
v -2.5608 2.5473 0.66351
vn 0.781516 -0.623351 -0.025808
v -2.5443 2.5676 0.66351
vn 0.772237 -0.635187 -0.0137
v -2.5381 2.57395 0.60675
vn 0.744348 -0.667339 0.0245819
v -2.5381 2.5749 0.66351
vn 0.725411 -0.68813 -0.0159721
v -2.5221 2.5903 0.5954
vn 0.747976 -0.663156 0.027502
v -2.5154 2.5988 0.5954
vn 0.818893 -0.572933 0.0340851
v -2.5066 2.613 0.5954
vn 0.841454 -0.536533 0.0639336
v -2.5233 2.5903 0.6181
vn 0.746472 -0.66516 0.0184878
v -2.5154 2.6005 0.6181
vn 0.821259 -0.570478 0.00938465
v -2.507 2.613 0.6181
vn 0.845965 -0.531757 -0.0397134
v -2.4945 2.6357 0.6181
vn 0.889002 -0.45783 -0.00822433
v -2.482 2.6584 0.5954
vn 0.937506 -0.334745 0.0950137
v -2.4832 2.6584 0.6181
vn 0.93777 -0.347159 0.00825691
v -2.5233 2.5903 0.64081
vn 0.726923 -0.686593 -0.0131445
v -2.5154 2.5994 0.64081
vn 0.782418 -0.621566 -0.0384396
v -2.5044 2.613 0.64081
vn 0.833992 -0.542277 -0.101948
v -2.5225 2.5903 0.66351
vn 0.710127 -0.703351 -0.0318911
v -2.5154 2.5982 0.66351
vn 0.743589 -0.666846 -0.0489033
v -2.5014 2.613 0.66351
vn 0.739013 -0.663076 -0.119119
v -2.4927 2.6262 0.66351
vn 0.844372 -0.494793 -0.205466
v -2.4824 2.6584 0.64081
vn 0.936982 -0.338659 -0.0858802
v -2.488 2.6357 0.66351
vn 0.898338 -0.380304 -0.219904
v -2.4795 2.6584 0.66351
vn 0.93294 -0.284056 -0.221215
v -2.57155 2.5222 0.69757
vn 0.958018 -0.283385 -0.0435234
v -2.5608 2.5449 0.69767
vn 0.831586 -0.5535 -0.0458497
v -2.5434 2.5676 0.68622
vn 0.776246 -0.628526 -0.0489697
v -2.5608 2.5438 0.70892
vn 0.843232 -0.534575 -0.0564792
v -2.54025 2.5676 0.720275
vn 0.759973 -0.646361 -0.0682489
v -2.5698 2.5222 0.73163
vn 0.959348 -0.277494 -0.051468
v -2.5683 2.5222 0.75433
vn 0.953852 -0.299126 -0.0262792
v -2.5608 2.541 0.73163
vn 0.884877 -0.461775 -0.0612939
v -2.5581 2.5449 0.73163
vn 0.773137 -0.630325 -0.070353
v -2.5608 2.5375 0.75433
vn 0.874143 -0.482338 -0.0567789
v -2.5558 2.5449 0.75433
vn 0.787229 -0.613907 -0.0582191
v -2.5381 2.5676 0.74496
vn 0.768005 -0.639437 -0.0359003
v -2.5378 2.5672 0.75433
vn 0.794551 -0.606969 -0.0166456
v -2.5381 2.574 0.68622
vn 0.716322 -0.695811 -0.0522501
v -2.5381 2.5713 0.70892
vn 0.722748 -0.688175 -0.0636353
v -2.5212 2.5903 0.68622
vn 0.716054 -0.6963 -0.0493182
v -2.5154 2.5968 0.68622
vn 0.66895 -0.736788 -0.0982323
v -2.4927 2.6167 0.68622
vn 0.725854 -0.658588 -0.19849
v -2.5193 2.5903 0.70892
vn 0.711629 -0.700386 -0.0551751
v -2.5154 2.5948 0.70892
vn 0.641276 -0.766786 -0.028357
v -2.4927 2.613 0.69555
vn 0.714013 -0.680907 -0.162949
v -2.4927 2.6113 0.70892
vn 0.57346 -0.819233 0
v -2.4894 2.613 0.70892
vn 0.804722 -0.593652 0
v -2.48 2.6357 0.68622
vn 0.88083 -0.405552 -0.244266
v -2.47 2.6667 0.68622
vn 0.925264 -0.274461 -0.261836
v -2.4747 2.6357 0.70892
vn 0.877656 -0.479289 -0.00138666
v -2.47 2.651 0.70892
vn 0.944853 -0.327485 -0.00237922
v -2.47 2.6584 0.69578
vn 0.939938 -0.283059 -0.190774
v -2.4681 2.6584 0.70892
vn 0.963157 -0.267548 0.0273301
v -2.5184 2.5903 0.73163
vn 0.747585 -0.663857 -0.0202569
v -2.5154 2.5945 0.73163
vn 0.724516 -0.676134 0.13386
v -2.5199 2.5903 0.75433
vn 0.805679 -0.59054 0.0462992
v -2.5154 2.5988 0.75433
vn 0.860198 -0.50216 0.0888468
v -2.5061 2.613 0.75433
vn 0.810346 -0.531525 0.246618
v -2.4799 2.6357 0.73163
vn 0.845568 -0.442478 0.298712
v -2.46995 2.6583 0.73163
vn 0.922406 -0.32588 0.207289
v -2.4789 2.6584 0.75433
vn 0.838643 -0.416842 0.3506
v -2.4773 2.6811 0.5954
vn 0.984786 -0.166588 0.0494441
v -2.4737 2.7038 0.5954
vn 0.988602 -0.150435 -0.00590105
v -2.4773 2.6811 0.6181
vn 0.977194 -0.212172 -0.00860948
v -2.4729 2.7038 0.6181
vn 0.978739 -0.198907 -0.0500553
v -2.4707 2.7265 0.5954
vn 0.991664 -0.128649 0.00723243
v -2.47 2.7336 0.5954
vn 0.987923 -0.153531 -0.0209062
v -2.4676 2.7492 0.5954
vn 0.954834 -0.293276 -0.047759
v -2.47 2.72 0.6181
vn 0.981219 -0.166404 -0.0975669
v -2.4646 2.7492 0.6181
vn 0.925825 -0.337453 -0.170216
v -2.4768 2.6811 0.64081
vn 0.968366 -0.231882 -0.0921907
v -2.47 2.7086 0.64081
vn 0.969012 -0.228516 -0.0937931
v -2.4735 2.6811 0.66351
vn 0.95142 -0.244285 -0.187416
v -2.47 2.6954 0.66351
vn 0.961074 -0.211203 -0.178128
v -2.47 2.7038 0.65114
vn 0.965999 -0.22603 -0.125524
v -2.468 2.7038 0.66351
vn 0.963747 -0.207625 -0.167583
v -2.4656 2.7265 0.64081
vn 0.965416 -0.225795 -0.130337
v -2.4598 2.7492 0.64081
vn 0.905965 -0.395133 -0.151979
v -2.4633 2.7265 0.66351
vn 0.966148 -0.230249 -0.116378
v -2.456 2.7492 0.66351
vn 0.918234 -0.383013 -0.100733
v -2.4579 2.7719 0.5954
vn 0.869927 -0.465502 -0.162895
v -2.4473 2.7946 0.58335
vn 0.850823 -0.464768 -0.245134
v -2.4473 2.7881 0.5954
vn 0.777478 -0.561704 -0.282871
v -2.452 2.7719 0.6181
vn 0.827079 -0.512853 -0.230048
v -2.4473 2.7771 0.6181
vn 0.676442 -0.671562 -0.302375
v -2.4473 2.7719 0.63351
vn 0.745881 -0.634598 -0.202352
v -2.4473 2.7699 0.64081
vn 0.746149 -0.651239 -0.138379
v -2.4473 2.7644 0.66351
vn 0.833053 -0.543731 -0.101881
v -2.47 2.6811 0.67533
vn 0.938809 -0.197644 -0.282089
v -2.4659 2.6811 0.68622
vn 0.958015 -0.157515 -0.239574
v -2.4639 2.7038 0.68622
vn 0.981471 -0.112337 -0.155227
v -2.4616 2.6811 0.70892
vn 0.986425 -0.146436 -0.0743136
v -2.4617 2.7038 0.70892
vn 0.999406 -0.0213832 0.0270374
v -2.4616 2.7265 0.68622
vn 0.977307 -0.207277 -0.0436621
v -2.454 2.7492 0.68622
vn 0.926309 -0.376317 -0.0183595
v -2.4613 2.7265 0.70892
vn 0.985635 -0.160655 0.0520906
v -2.4551 2.7492 0.70892
vn 0.934367 -0.351009 0.0612461
v -2.4637 2.6811 0.73163
vn 0.980824 -0.118257 0.154915
v -2.4642 2.7038 0.73163
vn 0.989723 -0.0383633 0.137752
v -2.46985 2.6811 0.754625
vn 0.936852 -0.201701 0.2857
v -2.4686 2.7038 0.75433
vn 0.97671 -0.0659666 0.204171
v -2.4632 2.7265 0.73163
vn 0.987119 -0.133346 0.0884018
v -2.4579 2.7492 0.73163
vn 0.946419 -0.296959 0.126913
v -2.4652 2.7265 0.75433
vn 0.980729 -0.181142 0.0731981
v -2.4598 2.7492 0.75433
vn 0.973352 -0.222969 0.0535847
v -2.4473 2.7617 0.68622
vn 0.864674 -0.502333 -0.000796451
v -2.4473 2.7652 0.70892
vn 0.880648 -0.458633 0.118805
v -2.4473 2.7719 0.72436
vn 0.884792 -0.386769 0.25991
v -2.4494 2.7719 0.73163
vn 0.914403 -0.343447 0.21427
v -2.4544 2.7719 0.75433
vn 0.963474 -0.227431 0.1414
v -2.4473 2.7774 0.73163
vn 0.920893 -0.274545 0.276734
v -2.4473 2.7946 0.74632
vn 0.912461 -0.228411 0.339476
v -2.4499 2.7946 0.75433
vn 0.967239 -0.182646 0.176319
v -2.4473 2.8095 0.75433
vn 0.942313 -0.181192 0.281452
v -2.4415 2.7946 0.5954
vn 0.664785 -0.615521 -0.423313
v -2.4264 2.7946 0.6181
vn 0.592062 -0.707095 -0.386626
v -2.4242 2.7946 0.6181
vn -0.140314 -0.920269 -0.365262
v -2.4019 2.7946 0.61256
vn -0.144327 -0.657588 -0.739424
v -2.4019 2.7912 0.6181
vn -0.328088 -0.807615 -0.490017
v -2.3611 2.7946 0.5954
vn -0.154963 -0.480268 -0.863324
v -2.3565 2.7941 0.595135
vn -0.00752193 -0.479238 -0.877653
v -2.3792 2.7946 0.59916
vn -0.312226 -0.626119 -0.714485
v -2.3792 2.7738 0.6181
vn -0.433657 -0.60667 -0.666253
v -2.3749 2.7719 0.6181
vn -0.179098 -0.65007 -0.738467
v -2.3565 2.7719 0.6129
vn -0.00689663 -0.627736 -0.778396
v -2.4246 2.8131 0.5954
vn 0.387323 -0.629531 -0.673551
v -2.4246 2.8173 0.59109
vn 0.367882 -0.63951 -0.675047
v -2.4019 2.817 0.595235
vn -0.0781019 -0.479919 -0.873829
v -2.4019 2.84 0.57871
vn 0.224951 -0.596843 -0.770179
v -2.3792 2.8037 0.5954
vn -0.222519 -0.40393 -0.887314
v -2.3565 2.8173 0.58744
vn -0.0848278 -0.247417 -0.965189
v -2.3792 2.84 0.58497
vn 0.0994422 -0.350253 -0.931362
v -2.3565 2.84 0.58591
vn -0.0509363 -0.0622065 -0.996763
v -2.4246 2.7903 0.64081
vn 0.466723 -0.874684 -0.130756
v -2.4246 2.7946 0.62128
vn 0.412589 -0.883314 -0.222544
v -2.441 2.7719 0.66351
vn 0.713748 -0.696364 -0.075104
v -2.4246 2.7891 0.66351
vn 0.63343 -0.773748 0.00889766
v -2.4019 2.7902 0.66351
vn 0.0483372 -0.997438 -0.0527263
v -2.44 2.7719 0.68622
vn 0.814997 -0.571523 0.0956131
v -2.42455 2.79455 0.68644
vn 0.664418 -0.697891 0.267391
v -2.4432 2.7719 0.70892
vn 0.869797 -0.464477 0.166477
v -2.4316 2.7946 0.70892
vn 0.85674 -0.444407 0.261722
v -2.4246 2.809 0.70892
vn 0.663978 -0.528083 0.529397
v -2.4019 2.8025 0.68622
vn 0.226937 -0.751352 0.619653
v -2.4019 2.8173 0.70159
vn 0.148874 -0.615857 0.773664
v -2.4182 2.8173 0.70892
vn 0.436414 -0.521394 0.733274
v -2.4019 2.828 0.70892
vn 0.15449 -0.431485 0.888793
v -2.3792 2.8173 0.70533
vn -0.157464 -0.574451 0.80325
v -2.3792 2.7946 0.68707
vn -0.247752 -0.607244 0.7549
v -2.3565 2.7946 0.69452
vn -0.0646776 -0.542269 0.837712
v -2.3565 2.8182 0.70855
vn -0.0299313 -0.404933 0.913856
v -2.3792 2.8249 0.70892
vn -0.0766702 -0.35743 0.930788
v -2.441 2.7946 0.73163
vn 0.869243 -0.307974 0.386741
v -2.435 2.8173 0.73163
vn 0.846816 -0.294848 0.442682
v -2.4246 2.8173 0.7151
vn 0.61578 -0.453284 0.644475
v -2.4246 2.83965 0.7319
vn 0.707783 -0.307724 0.635885
v -2.4019 2.84 0.71325
vn 0.491636 -0.366675 0.789838
v -2.4457 2.8173 0.75433
vn 0.881486 -0.291899 0.371184
v -2.4372 2.84 0.75433
vn 0.859263 -0.349161 0.373837
v -2.3792 2.84 0.7126
vn -0.00562565 -0.283446 0.958972
v -2.3565 2.84 0.7145
vn -0.00472205 -0.261626 0.965158
v -2.5672 2.5222 0.79974
vn 0.956214 -0.292544 -0.00849626
v -2.5608 2.5357 0.77704
vn 0.86028 -0.508669 -0.034255
v -2.553 2.5449 0.79974
vn 0.799572 -0.599352 -0.0382324
v -2.5381 2.5656 0.77704
vn 0.812276 -0.582721 -0.0253926
v -2.5608 2.5344 0.79974
vn 0.862068 -0.506526 -0.0164416
v -2.5381 2.5652 0.79974
vn 0.822455 -0.568446 -0.0209181
v -2.5671 2.5222 0.82245
vn 0.939749 -0.341731 0.00958129
v -2.5678 2.5222 0.84515
vn 0.951668 -0.306979 0.00958753
v -2.5608 2.5341 0.82245
vn 0.842014 -0.539387 0.00865424
v -2.5524 2.5449 0.82245
vn 0.78779 -0.615941 -0.0021231
v -2.5381 2.5638 0.82245
vn 0.815944 -0.577198 -0.0328159
v -2.5608 2.5353 0.84515
vn 0.83815 -0.545153 0.0176899
v -2.5608 2.5358 0.86786
vn 0.806002 -0.59169 0.0162495
v -2.5381 2.563 0.84515
vn 0.797882 -0.602717 -0.0108004
v -2.5216 2.5903 0.77704
vn 0.843951 -0.536272 0.0126096
v -2.5154 2.6028 0.77704
vn 0.886573 -0.460131 0.0476157
v -2.5105 2.613 0.77704
vn 0.905947 -0.418681 0.0629705
v -2.5215 2.5903 0.79974
vn 0.844837 -0.533901 -0.0346457
v -2.5154 2.6015 0.79974
vn 0.891157 -0.451759 -0.0418581
v -2.51 2.613 0.79974
vn 0.912085 -0.407304 -0.0469551
v -2.4998 2.6357 0.77704
vn 0.88244 -0.4446 0.153725
v -2.4927 2.6503 0.77704
vn 0.871296 -0.453326 0.187988
v -2.5003 2.6357 0.79974
vn 0.908869 -0.414064 -0.0500824
v -2.4927 2.6525 0.79974
vn 0.888315 -0.454833 -0.0634268
v -2.4884 2.6584 0.77704
vn 0.882042 -0.447871 0.146331
v -2.4894 2.6584 0.79974
vn 0.883291 -0.463268 -0.0719708
v -2.52 2.5903 0.82245
vn 0.830881 -0.553921 -0.0529905
v -2.5154 2.5987 0.82245
vn 0.872781 -0.480732 -0.0845591
v -2.508 2.613 0.82245
vn 0.895473 -0.43118 -0.110507
v -2.5182 2.5903 0.84515
vn 0.805554 -0.59122 -0.0392651
v -2.5154 2.5948 0.84515
vn 0.846587 -0.526413 -0.0786111
v -2.5043 2.613 0.84515
vn 0.870515 -0.474871 -0.129233
v -2.4969 2.6357 0.82245
vn 0.889418 -0.431706 -0.150216
v -2.4927 2.6453 0.82245
vn 0.874138 -0.456035 -0.167077
v -2.4926 2.6355 0.84515
vn 0.870425 -0.461129 -0.172398
v -2.4847 2.6584 0.82245
vn 0.867784 -0.465938 -0.172779
v -2.4802 2.6584 0.84515
vn 0.906388 -0.40074 -0.133672
v -2.568 2.5222 0.89056
vn 0.956084 -0.292965 -0.0087011
v -2.5381 2.5633 0.86786
vn 0.774675 -0.631997 0.0214005
v -2.5608 2.5365 0.89056
vn 0.861653 -0.507379 0.0110321
v -2.5551 2.5449 0.91327
vn 0.778335 -0.627352 0.0249807
v -2.5368 2.566 0.89056
vn 0.772831 -0.633902 0.030022
v -2.5678 2.5222 0.91327
vn 0.956672 -0.29087 -0.0131837
v -2.5673 2.5222 0.93597
vn 0.964971 -0.261089 -0.0257568
v -2.5608 2.537 0.91327
vn 0.866452 -0.49926 0.000596658
v -2.5374 2.56675 0.91327
vn 0.770353 -0.637294 0.0203255
v -2.5608 2.5365 0.93597
vn 0.88764 -0.460044 -0.021308
v -2.5552 2.5449 0.93597
vn 0.795731 -0.605498 -0.0136088
v -2.53745 2.5669 0.93597
vn 0.767981 -0.640204 -0.0185535
v -2.5348 2.5676 0.86786
vn 0.78861 -0.614893 -0.0010853
v -2.5169 2.5903 0.86786
vn 0.810152 -0.585803 -0.022114
v -2.5016 2.613 0.86786
vn 0.839157 -0.541647 -0.0493278
v -2.5171 2.5903 0.89056
vn 0.80237 -0.596778 0.00768324
v -2.501 2.613 0.89056
vn 0.813423 -0.581258 -0.0219604
v -2.4927 2.6284 0.86786
vn 0.854667 -0.507969 -0.107295
v -2.4927 2.6255 0.89056
vn 0.82031 -0.568516 -0.0623038
v -2.488 2.6357 0.86786
vn 0.875981 -0.462765 -0.136035
v -2.477 2.6584 0.86786
vn 0.976741 -0.208998 -0.0479376
v -2.4852 2.6357 0.89056
vn 0.885501 -0.455694 -0.0907255
v -2.4759 2.6584 0.89056
vn 0.989107 -0.129261 -0.0704229
v -2.5175 2.5903 0.91327
vn 0.770894 -0.636859 0.0115204
v -2.5154 2.5933 0.91327
vn 0.799961 -0.599972 -0.00976393
v -2.5001 2.613 0.91327
vn 0.793052 -0.608666 -0.0243832
v -2.5173 2.5903 0.93597
vn 0.781287 -0.624159 -0.00401984
v -2.4994 2.613 0.93597
vn 0.794102 -0.607653 0.0126434
v -2.4927 2.6232 0.91327
vn 0.798939 -0.600087 -0.0399065
v -2.4927 2.6222 0.93597
vn 0.772966 -0.634334 0.0119483
v -2.4824 2.6357 0.91327
vn 0.860816 -0.496139 -0.11332
v -2.4735 2.6584 0.91327
vn 0.984321 -0.0867234 -0.153594
v -2.4802 2.6357 0.93597
vn 0.766467 -0.642032 -0.0179572
v -2.47 2.6515 0.93597
vn 0.883025 -0.450926 -0.130121
v -2.47 2.6584 0.92837
vn 0.961284 0.0260408 -0.274327
v -2.4773 2.6811 0.77704
vn 0.935646 -0.310912 0.167033
v -2.47 2.7038 0.7628
vn 0.974217 -0.175749 0.14147
v -2.4713 2.7038 0.77704
vn 0.967721 -0.249668 0.0343714
v -2.4777 2.6811 0.79974
vn 0.916467 -0.392293 -0.0787094
v -2.4715 2.7038 0.79974
vn 0.972005 -0.230843 -0.0437886
v -2.4656 2.7265 0.77704
vn 0.971183 -0.238255 0.00615128
v -2.46 2.7492 0.77704
vn 0.975828 -0.218522 -0.002864
v -2.47 2.7089 0.79974
vn 0.964219 -0.264665 -0.0153033
v -2.465 2.7265 0.79974
vn 0.969126 -0.245797 -0.0194649
v -2.4597 2.7492 0.79974
vn 0.978689 -0.204794 -0.0150865
v -2.4733 2.6811 0.82245
vn 0.96225 -0.263428 -0.0684154
v -2.4708 2.7038 0.82245
vn 0.97845 -0.205393 -0.021187
v -2.4747 2.6811 0.84515
vn 0.982746 -0.181827 0.0339024
v -2.4707 2.7038 0.84515
vn 0.972544 -0.232651 0.00568938
v -2.4646 2.7265 0.82245
vn 0.968621 -0.246995 -0.0276935
v -2.4592 2.7492 0.82245
vn 0.979091 -0.201279 -0.0294675
v -2.4636 2.7265 0.84515
vn 0.962115 -0.270117 -0.0370429
v -2.4583 2.7492 0.84515
vn 0.980915 -0.189413 -0.0439222
v -2.4557 2.7719 0.77704
vn 0.985059 -0.171413 0.0166312
v -2.4529 2.7946 0.77704
vn 0.989 -0.132037 0.0666698
v -2.4556 2.7719 0.79974
vn 0.989247 -0.145991 -0.00871188
v -2.453 2.7946 0.79974
vn 0.995541 -0.0942894 0.00292339
v -2.4473 2.8173 0.76084
vn 0.952677 -0.218988 0.210834
v -2.4499 2.8173 0.77704
vn 0.984617 -0.145868 0.0961875
v -2.4473 2.8324 0.77704
vn 0.959839 -0.224378 0.168414
v -2.4511 2.8173 0.79974
vn 0.990642 -0.134011 0.0258907
v -2.4473 2.84 0.79465
vn 0.954872 -0.269416 0.125042
v -2.4476 2.84 0.79974
vn 0.98781 -0.155664 -0.000607376
v -2.4553 2.7719 0.82245
vn 0.99118 -0.13172 -0.0145522
v -2.4531 2.7946 0.82245
vn 0.996368 -0.0851525 -0.000880987
v -2.455 2.7719 0.84515
vn 0.99383 -0.108204 -0.0243864
v -2.4531 2.7946 0.84515
vn 0.994973 -0.0973048 -0.0236635
v -2.4514 2.8173 0.82245
vn 0.991296 -0.130178 -0.0196455
v -2.4473 2.84 0.82135
vn 0.978021 -0.208171 -0.011822
v -2.44715 2.83965 0.82245
vn 0.947916 -0.273001 -0.164088
v -2.4503 2.8173 0.84515
vn 0.983316 -0.171824 -0.0597202
v -2.4473 2.8291 0.84515
vn 0.936507 -0.326931 -0.126773
v -2.4772 2.6811 0.86786
vn 0.984371 -0.158712 0.0763102
v -2.4708 2.7038 0.86786
vn 0.967129 -0.247492 0.058391
v -2.4783 2.6811 0.89056
vn 0.996177 -0.0855825 0.0175494
v -2.4724 2.7038 0.89056
vn 0.957659 -0.282784 0.0540578
v -2.47 2.7057 0.86786
vn 0.939751 -0.341839 0.00375502
v -2.4622 2.7265 0.86786
vn 0.958311 -0.285312 -0.0154003
v -2.457 2.7492 0.86786
vn 0.98588 -0.164168 -0.032998
v -2.47 2.7091 0.89056
vn 0.923604 -0.380525 0.0464413
v -2.4626 2.7265 0.89056
vn 0.946571 -0.320926 0.0317698
v -2.4567 2.7492 0.89056
vn 0.984327 -0.176341 0.00216732
v -2.4784 2.6811 0.91327
vn 0.99436 0.0553888 -0.0904466
v -2.4735 2.7038 0.91327
vn 0.970127 -0.241472 -0.0233338
v -2.47 2.6807 0.93597
vn 0.960138 0.135883 -0.244275
v -2.4754 2.6811 0.93597
vn 0.979484 -0.0304065 -0.199217
v -2.4683 2.6584 0.93597
vn 0.989931 0.09059 -0.108767
v -2.4722 2.7038 0.93597
vn 0.986713 -0.089838 -0.135373
v -2.47 2.7126 0.91327
vn 0.919831 -0.39223 0.00814287
v -2.4637 2.7265 0.91327
vn 0.942273 -0.334686 0.0103744
v -2.457 2.7492 0.91327
vn 0.976544 -0.215093 -0.00983069
v -2.47 2.7098 0.93597
vn 0.929141 -0.364203 -0.0636676
v -2.4631 2.7265 0.93597
vn 0.940392 -0.337367 -0.0429775
v -2.4558 2.7492 0.93597
vn 0.971702 -0.229736 -0.0549241
v -2.4544 2.7719 0.86786
vn 0.994529 -0.103397 -0.0148928
v -2.4523 2.7946 0.86786
vn 0.990924 -0.128421 -0.039714
v -2.4543 2.7719 0.89056
vn 0.993711 -0.11163 -0.00875473
v -2.4516 2.7946 0.89056
vn 0.98367 -0.17644 -0.0355285
v -2.4484 2.8173 0.86786
vn 0.977584 -0.188001 -0.094789
v -2.4473 2.8173 0.87609
vn 0.926601 -0.356423 -0.119888
v -2.4473 2.8126 0.89056
vn 0.958567 -0.276015 -0.0704649
v -2.454 2.7719 0.91327
vn 0.98937 -0.137291 -0.0479335
v -2.4508 2.7946 0.91327
vn 0.982104 -0.176351 -0.0661234
v -2.452 2.7719 0.93597
vn 0.984445 -0.157248 -0.0783721
v -2.4473 2.7946 0.95173
vn 0.983984 -0.1575 -0.08348
v -2.4473 2.8075 0.91327
vn 0.956994 -0.283953 -0.0594437
v -2.4473 2.8015 0.93597
vn 0.967752 -0.245205 -0.0577053
v -2.4451 2.84 0.77704
vn 0.912524 -0.339192 0.228581
v -2.4421 2.84 0.84515
vn 0.919302 -0.334754 -0.20694
v -2.4375 2.84 0.86786
vn 0.905812 -0.389146 -0.167541
v -2.4456 2.8173 0.89056
vn 0.9011 -0.424236 -0.0896742
v -2.4344 2.84 0.89056
vn 0.905878 -0.412082 -0.0978433
v -2.4436 2.8173 0.91327
vn 0.908126 -0.413767 -0.0640643
v -2.4327 2.84 0.91327
vn 0.913351 -0.406101 -0.0295286
v -2.4425 2.8173 0.93597
vn 0.931794 -0.362987 -0.000947667
v -2.4328 2.84 0.93597
vn 0.937492 -0.339967 0.0743777
v -2.3792 2.8628 0.57647
vn 0.446389 -0.312586 -0.838467
v -2.4161 2.8628 0.73163
vn 0.825112 -0.182638 0.534634
v -2.4246 2.8628 0.74912
vn 0.844301 -0.312492 0.435321
v -2.4269 2.8628 0.75433
vn 0.875276 -0.32799 0.355407
v -2.4246 2.8747 0.75433
vn 0.925704 -0.115778 0.360094
v -2.416 2.8855 0.73163
vn 0.951889 0.0446765 0.30317
v -2.4237 2.8855 0.75433
vn 0.948499 0.00355919 0.316759
v -2.4246 2.906 0.75433
vn 0.959282 0.0862551 0.268958
v -2.4197 2.9082 0.73163
vn 0.954437 0.200142 0.221344
v -2.4246 2.9082 0.75273
vn 0.961804 0.206545 0.179646
v -2.425 2.9082 0.75433
vn 0.953474 0.160761 0.255037
v -2.4288 2.9309 0.75433
vn 0.958573 0.179151 0.221458
v -2.4246 2.9257 0.73163
vn 0.963172 0.208004 0.170394
v -2.4256 2.9309 0.73163
vn 0.972725 0.187088 0.137127
v -2.4473 2.8413 0.79974
vn 0.958985 -0.283202 -0.0120499
v -2.4473 2.8906 0.82245
vn 0.925878 0.377531 0.0148504
v -2.4473 2.9082 0.80818
vn 0.879829 0.182436 0.438883
v -2.4554 2.9082 0.82245
vn 0.953983 0.298692 0.0264612
v -2.4587 2.9309 0.82245
vn 0.967119 0.0577472 0.247683
v -2.4473 2.9309 0.80111
vn 0.860181 0.1496 0.487553
v -2.4473 2.9037 0.84515
vn 0.864365 0.436001 -0.250554
v -2.4502 2.9082 0.84515
vn 0.904797 0.341705 -0.254124
v -2.4578 2.9309 0.84515
vn 0.955515 0.201913 -0.214995
v -2.4473 2.9356 0.79974
vn 0.912285 0.0784053 0.401981
v -2.4482 2.9536 0.79974
vn 0.942876 0 0.333145
v -2.4473 2.9707 0.79974
vn 0.961777 -0.0584316 0.267528
v -2.457 2.9536 0.82245
vn 0.962108 -0.117826 0.245898
v -2.452 2.9763 0.82245
vn 0.977816 -0.163673 0.130719
v -2.4473 2.9763 0.80209
vn 0.978465 -0.023223 0.2051
v -2.4594 2.9536 0.84515
vn 0.995939 -0.071072 -0.0552733
v -2.4546 2.9763 0.84515
vn 0.978615 -0.205489 -0.0093393
v -2.4473 2.999 0.8033
vn 0.992522 -0.0395571 0.115476
v -2.4489 2.999 0.82245
vn 0.995449 -0.0907994 0.0289235
v -2.4473 3.0217 0.81666
vn 0.984991 -0.14598 0.0921043
v -2.4477 3.0217 0.82245
vn 0.993177 -0.116064 0.0113563
v -2.4484 2.999 0.84515
vn 0.988623 -0.149429 -0.0171679
v -2.4473 3.02185 0.845197
vn 0.996797 -0.0776398 -0.0191653
v -2.4473 2.9246 0.86786
vn 0.881298 0.365801 -0.29917
v -2.4473 2.9082 0.85046
vn 0.853649 0.376909 -0.359475
v -2.4473 2.9309 0.87516
vn 0.926348 0.264854 -0.267826
v -2.4543 2.9536 0.86786
vn 0.980841 0.0511627 -0.187972
v -2.4527 2.9763 0.86786
vn 0.987 -0.158707 -0.0253612
v -2.4473 2.9407 0.89056
vn 0.965569 0.236982 -0.10731
v -2.4497 2.9536 0.89056
vn 0.987113 0.130463 -0.0926636
v -2.452 2.9763 0.89056
vn 0.999496 0.00367191 -0.0315457
v -2.4474 2.999 0.86786
vn 0.990064 -0.137785 0.0280903
v -2.4501 2.999 0.89056
vn 0.988881 -0.113652 0.0959096
v -2.4473 3.0217 0.88705
vn 0.991304 -0.0768036 0.106852
v -2.4473 2.9446 0.91327
vn 0.980287 0.196922 -0.0161214
v -2.4486 2.9536 0.91327
vn 0.99177 0.126707 -0.0183895
v -2.4515 2.9763 0.91327
vn 0.995347 0.0938323 -0.0219186
v -2.4473 2.9432 0.93597
vn 0.980293 0.194485 0.0346443
v -2.4487 2.9536 0.93597
vn 0.992102 0.122694 0.0260584
v -2.4513 2.9763 0.93597
vn 0.99059 0.125932 0.0536012
v -2.4528 2.999 0.91327
vn 0.997637 -0.00628396 0.0684215
v -2.4508 3.0217 0.91327
vn 0.98875 -0.082879 0.124521
v -2.4545 2.999 0.93597
vn 0.989008 0.060272 0.135023
v -2.4536 3.0217 0.93597
vn 0.986245 -0.0803814 0.144429
v -2.436 2.8628 0.77704
vn 0.922612 -0.256542 0.288052
v -2.4314 2.8855 0.77704
vn 0.930364 -0.103085 0.351846
v -2.4246 2.8855 0.75757
vn 0.95282 -0.00312034 0.303519
v -2.441 2.8628 0.79974
vn 0.980185 -0.173524 0.0955313
v -2.4402 2.8855 0.79974
vn 0.959651 0.040495 0.278262
v -2.4311 2.9082 0.77704
vn 0.938471 0.0822517 0.335421
v -2.4348 2.9309 0.77704
vn 0.914603 0.196683 0.353294
v -2.4419 2.9082 0.79974
vn 0.880133 0.126178 0.457651
v -2.4463 2.9309 0.79974
vn 0.874934 0.172295 0.452554
v -2.4404 2.8628 0.82245
vn 0.989392 -0.0858565 -0.11718
v -2.4449 2.8855 0.82245
vn 0.96948 0.240628 -0.0469716
v -2.4342 2.8628 0.84515
vn 0.96371 -0.10167 -0.246834
v -2.438 2.8855 0.84515
vn 0.912342 0.290348 -0.28867
v -2.4343 2.9536 0.75433
vn 0.94254 0.206224 0.262851
v -2.4408 2.9536 0.77704
vn 0.947629 0.129981 0.291725
v -2.4377 2.9763 0.75433
vn 0.961045 0.118547 0.249678
v -2.443 2.9763 0.77704
vn 0.977387 0.0716185 0.198959
v -2.4469 2.9763 0.79974
vn 0.989106 0.0205873 0.145759
v -2.4444 2.999 0.77704
vn 0.99085 -0.0141873 0.134221
v -2.4459 3.0217 0.79974
vn 0.98485 -0.131571 0.112954
v -2.4427 3.0217 0.77704
vn 0.976879 -0.163532 0.137712
v -2.4286 2.8628 0.86786
vn 0.961023 -0.193251 -0.197709
v -2.4313 2.8855 0.86786
vn 0.946127 0.215087 -0.242038
v -2.4246 2.8628 0.88799
vn 0.997417 -0.0205522 -0.0688188
v -2.4246 2.8617 0.89056
vn 0.910423 -0.411164 -0.0455401
v -2.4256 2.8855 0.89056
vn 0.946584 0.223843 -0.232105
v -2.4396 2.9082 0.86786
vn 0.881856 0.376027 -0.284489
v -2.434 2.9082 0.89056
vn 0.910066 0.384996 -0.153486
v -2.4443 2.9309 0.89056
vn 0.921789 0.377222 -0.0894944
v -2.4246 2.86 0.91327
vn 0.92036 -0.390476 -0.0215967
v -2.4241 2.8628 0.91327
vn 0.999472 -0.00299624 -0.0323669
v -2.4246 2.8855 0.89573
vn 0.987375 0.141281 -0.071627
v -2.4238 2.8855 0.91327
vn 0.998875 -0.0131979 -0.0455528
v -2.4246 2.8628 0.92555
vn 0.923493 -0.374016 0.0852803
v -2.4246 2.8911 0.91327
vn 0.927134 0.374674 -0.00638636
v -2.432 2.9082 0.91327
vn 0.902397 0.430792 -0.00993537
v -2.4436 2.9309 0.91327
vn 0.924833 0.380348 -0.00445494
v -2.4335 2.9082 0.93597
vn 0.916144 0.389647 0.0940973
v -2.4246 2.8855 0.9318
vn 0.93227 0.346296 0.104655
v -2.4444 2.9309 0.93597
vn 0.930942 0.359636 0.0633154
v -2.4465 3.0217 0.86786
vn 0.998594 -0.0519743 0.0104154
v -2.4473 3.0311 0.89056
vn 0.994332 -0.058243 0.088943
v -2.4473 3.0444 0.89735
vn 0.990239 -0.0633776 0.12414
v -2.44 3.0444 0.79974
vn 0.964018 -0.239938 0.114452
v -2.4428 3.0444 0.82245
vn 0.97078 -0.220005 0.0958331
v -2.4444 3.0444 0.84515
vn 0.987342 -0.156688 0.0245854
v -2.4449 3.0444 0.86786
vn 0.996077 -0.084748 0.0254451
v -2.4465 3.0444 0.89056
vn 0.994919 -0.0598371 0.0809674
v -2.5665 2.5222 0.95868
vn 0.964862 -0.258477 -0.0472234
v -2.5651 2.5222 0.98138
vn 0.968356 -0.244611 -0.0495262
v -2.5608 2.5349 0.95868
vn 0.871601 -0.48805 -0.0460273
v -2.5541 2.5449 0.95868
vn 0.790175 -0.611134 -0.0462509
v -2.53685 2.5662 0.95868
vn 0.770537 -0.636328 -0.0368808
v -2.5608 2.5321 0.98138
vn 0.872003 -0.486854 -0.0508274
v -2.5524 2.5449 0.98138
vn 0.80502 -0.591077 -0.0506965
v -2.5381 2.5631 0.98138
vn 0.777671 -0.626948 -0.0465299
v -2.5642 2.5222 1.0041
vn 0.973298 -0.228634 -0.0204342
v -2.56405 2.5222 1.03815
vn 0.97228 -0.233582 0.0105219
v -2.5608 2.5301 1.0041
vn 0.866563 -0.49814 -0.0304017
v -2.5512 2.5449 1.0041
vn 0.810363 -0.584765 -0.0369161
v -2.5381 2.5617 1.0041
vn 0.782303 -0.621857 -0.0359929
v -2.5608 2.5294 1.0268
vn 0.873674 -0.486493 -0.00437683
v -2.5504 2.5449 1.0268
vn 0.814591 -0.57984 -0.0150798
v -2.5324 2.5676 1.0268
vn 0.793233 -0.608361 -0.0260463
v -2.5342 2.5676 0.98138
vn 0.792641 -0.609107 -0.0266053
v -2.5331 2.5676 1.0041
vn 0.806974 -0.589933 -0.027793
v -2.5173 2.5903 0.95868
vn 0.810105 -0.586031 0.017278
v -2.5012 2.613 0.95868
vn 0.804674 -0.590497 0.0617499
v -2.5178 2.5903 0.98138
vn 0.824961 -0.56512 -0.00888158
v -2.5154 2.5947 0.98138
vn 0.850861 -0.525344 0.00705604
v -2.5038 2.613 0.98138
vn 0.813541 -0.580262 0.0380457
v -2.4927 2.6248 0.95868
vn 0.75682 -0.649589 0.0725051
v -2.4927 2.6275 0.98138
vn 0.720534 -0.692993 0.0243305
v -2.4815 2.6357 0.95868
vn 0.684997 -0.727738 0.0342898
v -2.47 2.6475 0.95868
vn 0.813808 -0.579769 -0.0398072
v -2.4648 2.6584 0.95868
vn 0.990468 -0.0576273 -0.125106
v -2.483 2.6357 0.98138
vn 0.635748 -0.771743 0.0153977
v -2.47 2.6462 0.98138
vn 0.748782 -0.662801 -0.00464263
v -2.4622 2.6584 0.98138
vn 0.982154 -0.186699 -0.0227213
v -2.5174 2.5903 1.0041
vn 0.825653 -0.563332 -0.0308749
v -2.5154 2.5941 1.0041
vn 0.84839 -0.526378 -0.056227
v -2.5037 2.613 1.0041
vn 0.818947 -0.571673 -0.0501543
v -2.5154 2.5903 1.0359
vn 0.816911 -0.573783 -0.058557
v -2.5009 2.613 1.0268
vn 0.813164 -0.572665 -0.104016
v -2.4927 2.6266 1.0041
vn 0.748355 -0.661641 -0.0468643
v -2.4927 2.6231 1.0268
vn 0.779512 -0.619716 -0.091175
v -2.4826 2.6357 1.0041
vn 0.666585 -0.745405 -0.00599493
v -2.47 2.6477 1.0041
vn 0.792837 -0.605007 0.0733218
v -2.4633 2.6584 1.0041
vn 0.991632 -0.0902172 0.092339
v -2.4819 2.6357 1.0268
vn 0.794702 -0.606714 0.018605
v -2.47 2.6545 1.0268
vn 0.840117 -0.51189 0.179366
v -2.4684 2.6584 1.0268
vn 0.983884 -0.0225339 0.177381
v -2.5649 2.5222 1.0722
vn 0.973249 -0.229396 0.0128269
v -2.5608 2.5296 1.0495
vn 0.851982 -0.523447 0.0114006
v -2.5501 2.5449 1.0495
vn 0.794529 -0.607227 0.000322148
v -2.532 2.5676 1.0495
vn 0.785133 -0.619122 -0.0159207
v -2.5608 2.5308 1.0722
vn 0.84575 -0.533271 0.0181445
v -2.5503 2.5449 1.0722
vn 0.784609 -0.619865 0.0124768
v -2.5349 2.5637 1.0722
vn 0.775113 -0.631798 -0.00553243
v -2.56545 2.5222 1.12328
vn 0.975483 -0.219739 0.0121307
v -2.5608 2.5319 1.10625
vn 0.850341 -0.526001 0.0155811
v -2.5509 2.5449 1.0949
vn 0.775606 -0.631052 0.0144539
v -2.5381 2.5598 1.0949
vn 0.762411 -0.647093 -2.75435e-05
v -2.5515 2.5449 1.1176
vn 0.765006 -0.643971 0.00816218
v -2.5381 2.5595 1.1176
vn 0.740512 -0.672005 -0.00716462
v -2.5313 2.5676 1.0949
vn 0.773961 -0.63297 -0.0182392
v -2.5304 2.5676 1.1176
vn 0.758005 -0.65095 -0.0411496
v -2.5149 2.5897 1.0495
vn 0.788718 -0.61302 -0.0461569
v -2.497 2.613 1.0495
vn 0.79587 -0.600512 -0.0773044
v -2.5154 2.5878 1.0722
vn 0.779841 -0.625788 -0.01544
v -2.5131 2.5903 1.0722
vn 0.79102 -0.611616 -0.0145926
v -2.4954 2.613 1.0722
vn 0.793081 -0.609112 -0.00236001
v -2.4927 2.6186 1.0495
vn 0.82508 -0.561494 -0.0629905
v -2.4927 2.6167 1.0722
vn 0.85077 -0.525468 -0.00858138
v -2.4812 2.6357 1.0495
vn 0.886619 -0.46239 0.0101269
v -2.47 2.6584 1.0345
vn 0.952777 -0.284291 0.10675
v -2.4726 2.6584 1.0495
vn 0.963019 -0.258148 0.0771641
v -2.4818 2.6357 1.0722
vn 0.894698 -0.445834 0.0273361
v -2.4738 2.6584 1.0722
vn 0.954471 -0.293514 0.0532518
v -2.5132 2.5903 1.0949
vn 0.79057 -0.612233 -0.012991
v -2.4966 2.613 1.0949
vn 0.806775 -0.59079 0.00899824
v -2.5125 2.5903 1.1176
vn 0.7973 -0.602084 -0.0425125
v -2.4968 2.613 1.1176
vn 0.823656 -0.565505 -0.0423729
v -2.4927 2.6184 1.0949
vn 0.857269 -0.513891 0.031698
v -2.4927 2.6188 1.1176
vn 0.862113 -0.505884 -0.0290169
v -2.4833 2.6357 1.0949
vn 0.923151 -0.382757 0.0359037
v -2.4752 2.6584 1.0949
vn 0.96847 -0.237106 0.0764594
v -2.4832 2.6357 1.1176
vn 0.926407 -0.374305 -0.0408079
v -2.4767 2.6584 1.1176
vn 0.972836 -0.231426 -0.00571176
v -2.47 2.6811 0.95626
vn 0.989622 0.0460847 -0.136106
v -2.4694 2.6811 0.95868
vn 0.984035 0.100723 -0.146734
v -2.47 2.7038 0.95785
vn 0.981152 -0.163634 -0.102785
v -2.4657 2.6811 0.98138
vn 0.990774 0.109105 -0.0803945
v -2.4676 2.7038 0.98138
vn 0.987041 -0.12609 -0.0992548
v -2.4618 2.7265 0.95868
vn 0.946456 -0.317074 -0.0607087
v -2.4548 2.7492 0.95868
vn 0.970669 -0.23732 -0.0384775
v -2.4608 2.7265 0.98138
vn 0.960478 -0.274319 -0.0472277
v -2.4545 2.7492 0.98138
vn 0.974607 -0.223261 -0.0171656
v -2.4648 2.6811 1.0041
vn 0.998319 0.00294505 0.0578898
v -2.4654 2.7038 1.0041
vn 0.992224 -0.11 -0.0582454
v -2.4675 2.6811 1.0268
vn 0.989603 -0.116984 0.0836715
v -2.4646 2.7038 1.0268
vn 0.985615 -0.168608 -0.0115769
v -2.4597 2.7265 1.0041
vn 0.967481 -0.24933 -0.0426001
v -2.4541 2.7492 1.0041
vn 0.977543 -0.208138 -0.0329995
v -2.4584 2.7265 1.0268
vn 0.966302 -0.252575 -0.0496645
v -2.453 2.7492 1.0268
vn 0.976729 -0.207248 -0.0552186
v -2.4502 2.7719 0.95868
vn 0.984278 -0.173352 -0.0338454
v -2.4473 2.7921 0.95868
vn 0.987982 -0.154559 0.00158622
v -2.4503 2.7719 0.98138
vn 0.989371 -0.14541 0.000744267
v -2.4473 2.7946 0.96131
vn 0.989284 -0.14005 0.0412758
v -2.4473 2.7955 0.98138
vn 0.993532 -0.110991 0.0239713
v -2.45 2.7719 1.0041
vn 0.988843 -0.144618 -0.0357043
v -2.4479 2.7946 1.0041
vn 0.996788 -0.0795534 -0.00923562
v -2.4488 2.7719 1.0268
vn 0.99468 -0.0989063 -0.0287952
v -2.4476 2.7946 1.0268
vn 0.999656 -2.28269e-06 0.0262138
v -2.4473 2.8089 1.0041
vn 0.998249 -0.0332671 0.0489146
v -2.4491 2.8173 1.0268
vn 0.993047 0.0501958 0.106479
v -2.4473 2.8173 1.0084
vn 0.991147 -0.0725797 0.111172
v -2.4473 2.84 1.0168
vn 0.976392 -0.0535949 0.209252
v -2.4495 2.84 1.0268
vn 0.975675 0.0287176 0.217335
v -2.47 2.6756 1.0495
vn 0.99051 -0.117586 0.0711524
v -2.4694 2.6811 1.0495
vn 0.977778 -0.207263 0.0315114
v -2.4639 2.7038 1.0495
vn 0.971146 -0.238355 -0.00794724
v -2.47 2.6757 1.0722
vn 0.983314 -0.179012 0.0323722
v -2.4691 2.6811 1.0722
vn 0.974986 -0.222078 0.00909849
v -2.4638 2.7038 1.0722
vn 0.96444 -0.260484 0.0447682
v -2.4571 2.7265 1.0495
vn 0.964995 -0.260733 -0.0283419
v -2.4515 2.7492 1.0495
vn 0.981421 -0.190848 -0.0197661
v -2.4572 2.7265 1.0722
vn 0.965447 -0.258727 0.0311926
v -2.4515 2.7492 1.0722
vn 0.984641 -0.171774 0.0312339
v -2.47 2.6811 1.0868
vn 0.97542 -0.20559 0.0792959
v -2.47 2.6854 1.0949
vn 0.972631 -0.201466 0.11576
v -2.4661 2.7038 1.0949
vn 0.958798 -0.271999 0.0819989
v -2.4738 2.6811 1.1176
vn 0.984037 -0.174876 0.0330106
v -2.47 2.6965 1.1176
vn 0.966232 -0.25603 0.0290654
v -2.4679 2.7038 1.1176
vn 0.94579 -0.324719 -0.00624826
v -2.4588 2.7265 1.0949
vn 0.957235 -0.283935 0.0555224
v -2.4525 2.7492 1.0949
vn 0.97907 -0.199268 0.0414063
v -2.4597 2.7265 1.1176
vn 0.949141 -0.314289 -0.0188145
v -2.4531 2.7492 1.1176
vn 0.979367 -0.201546 -0.0147918
v -2.4481 2.7719 1.0495
vn 0.997945 -0.063743 -0.00659808
v -2.4486 2.7946 1.0495
vn 0.996356 0.0670908 0.0526707
v -2.4485 2.7719 1.0722
vn 0.998371 -0.0388486 0.0417795
v -2.4503 2.7946 1.0722
vn 0.985005 0.148258 0.0882301
v -2.4524 2.8173 1.0495
vn 0.979472 0.135919 0.148863
v -2.4551 2.84 1.0495
vn 0.967187 0.0871536 0.238649
v -2.4558 2.8173 1.0722
vn 0.967246 0.215893 0.133511
v -2.4614 2.84 1.0722
vn 0.971545 0.151602 0.181984
v -2.4501 2.7719 1.0949
vn 0.998418 -0.0263913 0.0496397
v -2.4522 2.7946 1.0949
vn 0.986852 0.159611 0.0254637
v -2.4507 2.7719 1.1176
vn 0.998581 -0.0175962 -0.0502725
v -2.4521 2.7946 1.1176
vn 0.989003 0.10282 -0.106306
v -2.4577 2.8173 1.0949
vn 0.974053 0.225993 -0.0121606
v -2.4631 2.84 1.0949
vn 0.988167 0.150467 -0.0297429
v -2.4557 2.8173 1.1176
vn 0.973635 0.172994 -0.148689
v -2.4599 2.84 1.1176
vn 0.970823 0.158818 -0.179666
v -2.4428 2.8173 0.95868
vn 0.965602 -0.254442 0.0535878
v -2.4349 2.84 0.95868
vn 0.944244 -0.30438 0.125526
v -2.4448 2.8173 0.98138
vn 0.982311 -0.160204 0.0969558
v -2.4392 2.84 0.98138
vn 0.950401 -0.232537 0.206552
v -2.4446 2.84 1.0041
vn 0.972869 -0.137636 0.185964
v -2.5663 2.5222 1.163
vn 0.973051 -0.227365 0.038425
v -2.5608 2.5327 1.1403
vn 0.850729 -0.525415 0.0140922
v -2.5517 2.5449 1.1403
vn 0.750769 -0.660565 0.000320017
v -2.5381 2.559 1.1403
vn 0.718523 -0.695312 -0.0163202
v -2.5608 2.5334 1.163
vn 0.839391 -0.543133 0.020739
v -2.5517 2.5449 1.163
vn 0.725517 -0.688137 -0.00961182
v -2.5381 2.5582 1.163
vn 0.690775 -0.722224 -0.034945
v -2.5676 2.5222 1.1857
vn 0.95444 -0.295261 0.0431981
v -2.5685 2.5222 1.2084
vn 0.954983 -0.296002 0.0197282
v -2.5608 2.5343 1.1857
vn 0.807924 -0.589265 0.00493409
v -2.5514 2.5449 1.1857
vn 0.68498 -0.727729 -0.0348358
v -2.5381 2.5565 1.1857
vn 0.64577 -0.76051 -0.0678679
v -2.5608 2.5341 1.2084
vn 0.786841 -0.616999 -0.013912
v -2.5499 2.5449 1.2084
vn 0.665218 -0.745772 -0.0361852
v -2.5381 2.5538 1.2084
vn 0.585366 -0.807351 -0.0743768
v -2.5293 2.5676 1.1403
vn 0.72182 -0.689426 -0.0605704
v -2.5273 2.5676 1.163
vn 0.665646 -0.740693 -0.0910458
v -2.5235 2.5676 1.1857
vn 0.60402 -0.788113 -0.118482
v -2.5167 2.5686 1.2084
vn 0.582256 -0.795341 -0.168552
v -2.5154 2.5839 1.1403
vn 0.761963 -0.641226 -0.0907819
v -2.5101 2.5903 1.1403
vn 0.813489 -0.571851 -0.105929
v -2.49385 2.6148 1.1403
vn 0.837278 -0.536798 -0.103987
v -2.5154 2.5797 1.163
vn 0.727403 -0.675527 -0.120613
v -2.5056 2.5903 1.163
vn 0.761274 -0.617344 -0.198366
v -2.4927 2.613 1.1515
vn 0.816832 -0.537356 -0.209841
v -2.4927 2.6084 1.163
vn 0.775025 -0.548928 -0.313071
v -2.4813 2.6357 1.1403
vn 0.910243 -0.382918 -0.157578
v -2.4758 2.6584 1.1403
vn 0.973669 -0.157808 -0.164514
v -2.4745 2.6357 1.163
vn 0.839424 -0.46301 -0.284588
v -2.47 2.6499 1.163
vn 0.804784 -0.314215 -0.503579
v -2.47 2.6584 1.1583
vn 0.921028 -0.124036 -0.369218
v -2.5154 2.5747 1.1857
vn 0.656545 -0.73169 -0.183244
v -2.4979 2.5903 1.1857
vn 0.668863 -0.696478 -0.259887
v -2.4927 2.5965 1.1857
vn 0.743884 -0.592131 -0.309867
v -2.4927 2.5903 1.1962
vn 0.603875 -0.712191 -0.357938
v -2.4927 2.585 1.2084
vn 0.513692 -0.823344 -0.241299
v -2.4788 2.613 1.1857
vn 0.700404 -0.573068 -0.425473
v -2.4831 2.5903 1.2084
vn 0.42747 -0.78146 -0.454522
v -2.47 2.613 1.1939
vn 0.454147 -0.569958 -0.684761
v -2.47 2.597 1.2084
vn 0.334073 -0.68342 -0.649101
v -2.4473 2.6078 1.2084
vn 0.308972 -0.6742 -0.670814
v -2.4473 2.613 1.2052
vn 0.343002 -0.465096 -0.81611
v -2.47 2.6357 1.172
vn 0.736197 -0.495327 -0.461157
v -2.47 2.6225 1.1857
vn 0.61138 -0.549433 -0.569507
v -2.4584 2.6357 1.1857
vn 0.589513 -0.481379 -0.648651
v -2.4473 2.6496 1.1857
vn 0.500663 -0.367855 -0.783594
v -2.4473 2.6584 1.1821
vn 0.673978 -0.148385 -0.723696
v -2.4677 2.6584 1.163
vn 0.707576 -0.135319 -0.693559
v -2.4473 2.6357 1.1925
vn 0.368808 -0.441813 -0.817791
v -2.568 2.5222 1.2311
vn 0.940619 -0.337753 -0.0340282
v -2.5668 2.5222 1.2538
vn 0.945164 -0.325375 -0.0282198
v -2.5608 2.5331 1.2311
vn 0.759599 -0.649886 -0.0256214
v -2.5488 2.5449 1.2311
vn 0.644991 -0.763839 -0.0231673
v -2.5381 2.5528 1.2311
vn 0.544168 -0.838686 -0.0220716
v -2.5608 2.532 1.2538
vn 0.779128 -0.626433 -0.0232641
v -2.5485 2.5449 1.2538
vn 0.671395 -0.741041 -0.00932798
v -2.5381 2.553 1.2538
vn 0.534276 -0.8453 -0.00417007
v -2.5655 2.5222 1.2993
vn 0.948294 -0.315752 -0.0322458
v -2.5608 2.5313 1.2765
vn 0.788263 -0.615065 -0.0183685
v -2.5484 2.5449 1.2765
vn 0.685942 -0.727605 -0.00859621
v -2.5381 2.5529 1.2765
vn 0.521894 -0.852849 -0.0166028
v -2.5608 2.5305 1.2993
vn 0.80444 -0.593328 -0.0289602
v -2.5481 2.5449 1.2993
vn 0.704252 -0.7095 -0.0252857
v -2.5381 2.5525 1.2993
vn 0.507482 -0.861198 -0.0282922
v -2.5154 2.5676 1.2214
vn 0.529251 -0.840138 -0.118583
v -2.5154 2.5667 1.2311
vn 0.492188 -0.869337 -0.0447728
v -2.5154 2.566 1.2538
vn 0.498031 -0.867022 -0.0154184
v -2.512 2.5676 1.2538
vn 0.420898 -0.905563 -0.052918
v -2.5154 2.5654 1.2765
vn 0.478551 -0.877726 -0.0242064
v -2.5108 2.5676 1.2765
vn 0.396062 -0.9177 -0.0310257
v -2.5154 2.5643 1.2993
vn 0.460422 -0.886982 -0.0356992
v -2.5085 2.5676 1.2993
vn 0.406194 -0.913042 -0.0368995
v -2.4927 2.5788 1.2311
vn 0.357841 -0.914379 -0.189368
v -2.4927 2.5758 1.2538
vn 0.284339 -0.956486 -0.065471
v -2.47 2.5903 1.2178
vn 0.267651 -0.825911 -0.49622
v -2.47 2.5844 1.2311
vn 0.181152 -0.948957 -0.258195
v -2.4473 2.5903 1.2273
vn 0.201214 -0.750164 -0.629894
v -2.4473 2.5883 1.2311
vn 0.0976525 -0.961575 -0.256589
v -2.47 2.5804 1.2538
vn 0.164063 -0.980042 -0.112253
v -2.4473 2.5833 1.2538
vn 0.0904686 -0.985745 -0.141854
v -2.4927 2.5751 1.2765
vn 0.293375 -0.955536 -0.0297023
v -2.4927 2.5745 1.2993
vn 0.259737 -0.96533 -0.0259674
v -2.47 2.5791 1.2765
vn 0.141288 -0.98922 -0.0384998
v -2.4473 2.5813 1.2765
vn 0.0817858 -0.994812 -0.0604927
v -2.47 2.5785 1.2993
vn 0.124555 -0.992095 -0.0152629
v -2.4473 2.5802 1.2993
vn 0.0746703 -0.996917 -0.0241027
v -2.4355 2.613 1.2084
vn 0.224137 -0.563215 -0.795331
v -2.4424 2.6584 1.1857
vn 0.474511 -0.135808 -0.86971
v -2.4246 2.6357 1.2016
vn 0.279384 -0.330974 -0.901333
v -2.4246 2.618 1.2084
vn 0.134155 -0.35381 -0.925646
v -2.4019 2.6268 1.2084
vn 0.0968792 -0.292946 -0.951208
v -2.4019 2.6357 1.2061
vn 0.138453 -0.203863 -0.96916
v -2.4246 2.6584 1.1937
vn 0.333108 -0.213578 -0.918381
v -2.4019 2.6584 1.2009
vn 0.17997 -0.268215 -0.946399
v -2.3792 2.6327 1.2084
vn 0.0396393 -0.193518 -0.980296
v -2.3565 2.6357 1.2081
vn -0.018511 -0.218166 -0.975736
v -2.3792 2.6584 1.2047
vn 0.0439589 -0.255957 -0.965688
v -2.3565 2.6584 1.203
vn -0.156431 -0.411137 -0.898051
v -2.4246 2.5903 1.2311
vn 0.0841264 -0.73268 -0.675354
v -2.4246 2.613 1.2108
vn 0.10158 -0.630449 -0.769555
v -2.4019 2.613 1.2129
vn 0.0485489 -0.564127 -0.82426
v -2.39055 2.5912 1.2311
vn 0.0176491 -0.66418 -0.747365
v -2.4246 2.5841 1.2538
vn 0.0414538 -0.984729 -0.169086
v -2.4019 2.5903 1.2328
vn 0.019534 -0.962661 -0.270003
v -2.4019 2.5847 1.2538
vn 0.0314359 -0.99006 -0.137088
v -2.3792 2.613 1.2135
vn 0.0228784 -0.522798 -0.85215
v -2.3565 2.5922 1.2311
vn 0.0253935 -0.683474 -0.729533
v -2.3565 2.613 1.2138
vn 0.0107559 -0.456897 -0.889455
v -2.3792 2.5903 1.2339
vn 0.0217548 -0.964568 -0.262936
v -2.3792 2.5855 1.2538
vn 0.0242394 -0.99281 -0.117221
v -2.3565 2.5903 1.2355
vn 0.029508 -0.961793 -0.272181
v -2.3565 2.5858 1.2538
vn 0.0335081 -0.991417 -0.126372
v -2.4246 2.5825 1.2765
vn 0.0578437 -0.996978 -0.0518566
v -2.4019 2.5839 1.2765
vn 0.0510174 -0.99814 -0.0333605
v -2.4246 2.5817 1.2993
vn 0.066638 -0.997327 -0.0299569
v -2.4019 2.5836 1.2993
vn 0.0741084 -0.997106 -0.0169819
v -2.3792 2.5851 1.2765
vn 0.0454822 -0.998888 -0.0124398
v -2.3565 2.5858 1.2765
vn 0.0352231 -0.999379 2.99335e-06
v -2.3792 2.5852 1.2993
vn 0.0501494 -0.998741 0.000880912
v -2.3565 2.5861 1.2993
vn 0.0302021 -0.999531 -0.00502059
v -2.4733 2.6811 1.1403
vn 0.979912 -0.166671 -0.109517
v -2.47 2.6925 1.1403
vn 0.929905 -0.310977 -0.196392
v -2.4658 2.7038 1.1403
vn 0.924042 -0.330956 -0.191349
v -2.47 2.6811 1.1516
vn 0.907426 -0.210311 -0.363796
v -2.4639 2.6811 1.163
vn 0.746089 -0.166155 -0.644781
v -2.456 2.7038 1.163
vn 0.838868 -0.271568 -0.471753
v -2.4576 2.7265 1.1403
vn 0.934341 -0.273449 -0.228543
v -2.4516 2.7492 1.1403
vn 0.97565 -0.16858 -0.140315
v -2.4493 2.7265 1.163
vn 0.899459 -0.2549 -0.354965
v -2.4473 2.7345 1.163
vn 0.835981 -0.183716 -0.517092
v -2.4473 2.7492 1.1556
vn 0.928781 -0.170066 -0.329308
v -2.4473 2.6811 1.1791
vn 0.665509 -0.134383 -0.734193
v -2.4473 2.7038 1.1748
vn 0.734675 -0.171724 -0.656326
v -2.4473 2.7265 1.1664
vn 0.765345 -0.233092 -0.599929
v -2.4486 2.7719 1.1403
vn 0.989741 -0.0577229 -0.130693
v -2.4487 2.7946 1.1403
vn 0.988145 0.0469748 -0.146162
v -2.4473 2.7719 1.1459
vn 0.946871 -0.0840718 -0.31043
v -2.4473 2.7946 1.1458
vn 0.94376 0.0283403 -0.329415
v -2.4505 2.8173 1.1403
vn 0.968526 0.11334 -0.221612
v -2.4536 2.84 1.1403
vn 0.95211 0.120527 -0.280999
v -2.4473 2.8173 1.1507
vn 0.932233 0.0912252 -0.350172
v -2.4473 2.84 1.1573
vn 0.925704 0.096004 -0.365861
v -2.4439 2.7492 1.163
vn 0.821836 -0.142833 -0.551529
v -2.4372 2.6811 1.1857
vn 0.434107 -0.0875567 -0.896596
v -2.4352 2.7038 1.1857
vn 0.535079 -0.0740321 -0.841552
v -2.4246 2.6811 1.1904
vn 0.270211 -0.050518 -0.961475
v -2.4019 2.6811 1.1956
vn 0.141817 -0.128845 -0.981472
v -2.4246 2.7038 1.1908
vn 0.308398 -0.00769824 -0.951226
v -2.4019 2.7038 1.1951
vn 0.0447559 -0.0772251 -0.996009
v -2.377 2.7038 1.1857
vn -0.327383 -0.323988 -0.88761
v -2.3565 2.7038 1.1786
vn -0.279381 -0.321228 -0.904853
v -2.3565 2.6838 1.1857
vn -0.282285 -0.446938 -0.848859
v -2.3792 2.6811 1.195
vn -0.142004 -0.339312 -0.929894
v -2.3792 2.7038 1.187
vn -0.335417 -0.31313 -0.888507
v -2.4311 2.7265 1.1857
vn 0.696065 -0.151448 -0.701824
v -2.4271 2.7492 1.1857
vn 0.782837 -0.116006 -0.611317
v -2.4246 2.7265 1.1906
vn 0.565518 -0.0500826 -0.823214
v -2.4408 2.7719 1.163
vn 0.865042 -0.0616643 -0.497895
v -2.4405 2.7946 1.163
vn 0.868371 0.0283165 -0.495105
v -2.4421 2.8173 1.163
vn 0.840116 0.0824333 -0.536106
v -2.4448 2.84 1.163
vn 0.833113 0.0921547 -0.545372
v -2.4252 2.7719 1.1857
vn 0.813205 -0.0580371 -0.579076
v -2.4246 2.7845 1.1857
vn 0.789576 -0.0312747 -0.612855
v -2.4246 2.7969 1.1857
vn 0.81559 0.025008 -0.578089
v -2.4258 2.8173 1.1857
vn 0.794656 0.0810854 -0.60162
v -2.4289 2.84 1.1857
vn 0.797892 0.0996815 -0.594501
v -2.4246 2.82865 1.18835
vn 0.707373 0.072627 -0.703099
v -2.4473 2.8628 1.0206
vn 0.951716 -0.018573 0.306417
v -2.4494 2.8628 1.0268
vn 0.962735 0.00986473 0.270265
v -2.4496 2.8855 1.0268
vn 0.955697 0.0580425 0.288574
v -2.4473 2.8855 1.0204
vn 0.949697 0.104999 0.295043
v -2.4473 2.90817 1.00405
vn 0.949959 0.21037 0.230917
v -2.4518 2.9309 1.0041
vn 0.969196 0.180301 0.167781
v -2.4473 2.9258 0.98138
vn 0.951271 0.252031 0.177663
v -2.4487 2.9309 0.98138
vn 0.970818 0.198807 0.134124
v -2.4532 2.9082 1.0268
vn 0.959154 0.144215 0.243364
v -2.4559 2.9309 1.0268
vn 0.972186 0.132048 0.193435
v -2.4473 2.9376 0.95868
vn 0.978392 0.188919 0.0840155
v -2.4499 2.9536 0.95868
vn 0.982394 0.160024 0.0964051
v -2.4543 2.9763 0.95868
vn 0.965865 0.192176 0.173707
v -2.4473 2.9309 0.97159
vn 0.946035 0.286643 0.151172
v -2.4531 2.9536 0.98138
vn 0.965198 0.216556 0.146616
v -2.46 2.9763 0.98138
vn 0.942654 0.249178 0.222069
v -2.4584 2.999 0.95868
vn 0.97293 0.0771483 0.217843
v -2.458 3.0217 0.95868
vn 0.973073 -0.0793001 0.216428
v -2.4642 2.999 0.98138
vn 0.969142 0.0633239 0.23823
v -2.4634 3.0217 0.98138
vn 0.975094 -0.068022 0.211106
v -2.4562 2.9536 1.0041
vn 0.950856 0.268092 0.154914
v -2.4659 2.9763 1.0041
vn 0.933621 0.293592 0.205317
v -2.4592 2.9536 1.0268
vn 0.939153 0.298649 0.169706
v -2.47 2.9763 1.024
vn 0.941449 0.274469 0.195808
v -2.47 2.9753 1.0268
vn 0.893236 0.425492 0.145208
v -2.47 2.999 1.0044
vn 0.972835 0.0508209 0.225851
v -2.468 3.0217 1.0041
vn 0.975088 -0.0893784 0.203013
v -2.4704 2.9763 1.0268
vn 0.968916 0.203555 0.140599
v -2.475 2.999 1.0268
vn 0.986667 0.0141518 0.162136
v -2.47 3.0217 1.0155
vn 0.977483 -0.130254 0.166012
v -2.4716 3.0217 1.0268
vn 0.980141 -0.163353 0.112429
v -2.4558 2.8628 1.0495
vn 0.957294 0.0308546 0.287464
v -2.4562 2.8855 1.0495
vn 0.956767 0.0667349 0.283095
v -2.4634 2.8628 1.0722
vn 0.977291 0.0472512 0.206568
v -2.4631 2.8855 1.0722
vn 0.986054 0.00620792 0.16631
v -2.4589 2.9082 1.0495
vn 0.969315 0.0889607 0.229162
v -2.461 2.9309 1.0495
vn 0.980114 0.0964291 0.173428
v -2.4633 2.9082 1.0722
vn 0.995654 0.00730787 0.0928405
v -2.4634 2.9309 1.0722
vn 0.997015 0.0717399 0.0285475
v -2.4659 2.8628 1.0949
vn 0.999143 0.041303 0.00259731
v -2.4656 2.8855 1.0949
vn 0.998706 -0.0255165 -0.0439948
v -2.4623 2.8628 1.1176
vn 0.97753 0.0606945 -0.201871
v -2.4624 2.8855 1.1176
vn 0.986239 -0.00869244 -0.165097
v -2.4644 2.9082 1.0949
vn 0.998738 -0.0439992 -0.0241999
v -2.4627 2.9309 1.0949
vn 0.99764 -0.00565075 -0.0684347
v -2.462 2.9082 1.1176
vn 0.989838 -0.0514552 -0.132561
v -2.4603 2.9309 1.1176
vn 0.99138 -0.0138278 -0.130288
v -2.4639 2.9536 1.0495
vn 0.967286 0.22156 0.123566
v -2.47 2.9676 1.0495
vn 0.909802 0.401007 0.107022
v -2.4737 2.9763 1.0495
vn 0.964373 0.24527 0.0991352
v -2.4659 2.9536 1.0722
vn 0.981617 0.190554 0.01081
v -2.47 2.9649 1.0722
vn 0.936205 0.351386 -0.00689136
v -2.4742 2.9763 1.0722
vn 0.96843 0.246986 -0.0337693
v -2.4785 2.999 1.0495
vn 0.996168 0.0456408 0.074606
v -2.4739 3.0217 1.0495
vn 0.974492 -0.213695 0.0685606
v -2.479 2.999 1.0722
vn 0.998786 -0.0369573 -0.0325598
v -2.4744 3.0217 1.0722
vn 0.968261 -0.245978 -0.0443371
v -2.4644 2.9536 1.0949
vn 0.978644 0.186245 -0.0869939
v -2.47 2.9696 1.0949
vn 0.937754 0.331773 -0.10268
v -2.4721 2.9763 1.0949
vn 0.972464 0.211688 -0.097478
v -2.461 2.9536 1.1176
vn 0.968612 0.207918 -0.136238
v -2.47 2.9763 1.1141
vn 0.963622 0.236331 -0.124821
v -2.4693 2.9763 1.1176
vn 0.923057 0.343798 -0.172538
v -2.4764 2.999 1.0949
vn 0.992983 0.0246739 -0.115656
v -2.4725 3.0217 1.0949
vn 0.977786 -0.181325 -0.105146
v -2.47 2.9777 1.1176
vn 0.965487 0.243833 -0.0915388
v -2.473 2.999 1.1176
vn 0.997579 -0.00735855 -0.0691533
v -2.4701 3.02215 1.1176
vn 0.976332 -0.215793 -0.0144834
v -2.4285 2.8628 0.95868
vn 0.977969 -0.138998 0.155741
v -2.4256 2.8628 0.93597
vn 0.978604 -0.16346 0.12496
v -2.4252 2.8855 0.93597
vn 0.981069 0.121012 0.151196
v -2.429 2.8855 0.95868
vn 0.965927 0.178731 0.187189
v -2.4335 2.8628 0.98138
vn 0.960874 -0.109107 0.25459
v -2.4344 2.8855 0.98138
vn 0.946412 0.168138 0.275742
v -2.4365 2.9082 0.95868
vn 0.926095 0.345258 0.152135
v -2.4458 2.9309 0.95868
vn 0.93221 0.354484 0.0729749
v -2.4416 2.9082 0.98138
vn 0.92907 0.285058 0.235736
v -2.4417 2.8628 1.0041
vn 0.951409 -0.0581119 0.302398
v -2.4422 2.8855 1.0041
vn 0.942417 0.157728 0.294911
v -2.4544 3.0444 0.95868
vn 0.934602 -0.257743 0.245129
v -2.4473 3.0529 0.93597
vn 0.926562 -0.339105 0.162759
v -2.4473 3.0638 0.95868
vn 0.924206 -0.338243 0.177299
v -2.4612 3.0444 0.98138
vn 0.956957 -0.164392 0.239185
v -2.4536 3.0671 0.98138
vn 0.902503 -0.320029 0.288218
v -2.4473 3.0671 0.96306
vn 0.893537 -0.336775 0.296942
v -2.4649 3.0444 1.0041
vn 0.97802 -0.155888 0.138476
v -2.47 3.029 1.0268
vn 0.96524 -0.252052 0.0691437
v -2.4655 3.0444 1.0268
vn 0.939283 -0.343142 -0.00117253
v -2.47 3.0333 1.0495
vn 0.934987 -0.35416 0.0192262
v -2.4646 3.0444 1.0495
vn 0.903563 -0.427492 -0.0287069
v -2.4563 3.0671 1.0268
vn 0.926152 -0.375359 -0.036721
v -2.47 3.0335 1.0722
vn 0.900651 -0.433226 -0.033806
v -2.4636 3.0444 1.0722
vn 0.856202 -0.515647 -0.0320208
v -2.47 3.0298 1.0949
vn 0.926482 -0.36942 -0.0718377
v -2.4628 3.0444 1.0949
vn 0.874074 -0.484359 -0.0372889
v -2.4488 3.0671 1.0949
vn 0.850762 -0.524695 -0.0299788
v -2.4623 3.0444 1.1176
vn 0.932482 -0.360919 0.0146655
v -2.456 2.8628 1.1403
vn 0.943091 0.0781131 -0.32323
v -2.4574 2.8855 1.1403
vn 0.954139 0.0436189 -0.296168
v -2.4473 2.8664 1.163
vn 0.884049 0.0898061 -0.458685
v -2.4491 2.8855 1.163
vn 0.932778 0.0669462 -0.35418
v -2.458 2.9082 1.1403
vn 0.974127 -0.0178808 -0.225291
v -2.4572 2.9309 1.1403
vn 0.97539 0.0300797 -0.218426
v -2.4503 2.9082 1.163
vn 0.944804 0.0201177 -0.327017
v -2.4508 2.9309 1.163
vn 0.955475 0.0837992 -0.282923
v -2.4473 2.8855 1.1669
vn 0.868494 0.084016 -0.488527
v -2.4473 2.9082 1.1704
vn 0.903851 0.0905255 -0.418161
v -2.4473 2.9309 1.1751
vn 0.947108 0.139246 -0.289133
v -2.4581 2.9536 1.1403
vn 0.974715 0.176767 -0.136689
v -2.4651 2.9763 1.1403
vn 0.930136 0.341638 -0.134651
v -2.4543 2.9536 1.163
vn 0.953928 0.239574 -0.180624
v -2.4625 2.9763 1.163
vn 0.928371 0.349879 -0.125349
v -2.47 2.9862 1.1403
vn 0.955976 0.279434 -0.0895896
v -2.4722 2.999 1.1403
vn 0.997711 0.0512667 -0.0440904
v -2.4714 3.0217 1.1403
vn 0.99852 -0.0516318 0.017078
v -2.47 2.9941 1.163
vn 0.946142 0.302244 -0.11603
v -2.4711 2.999 1.163
vn 0.998407 0.0530817 -0.0191153
v -2.4729 3.0217 1.163
vn 0.999009 0.0324504 -0.0304627
v -2.4473 2.9426 1.1857
vn 0.9531 0.245764 -0.176636
v -2.4507 2.9536 1.1857
vn 0.928925 0.345317 -0.133617
v -2.4599 2.9763 1.1857
vn 0.929428 0.342582 -0.137118
v -2.4473 2.9517 1.2084
vn 0.94652 0.300841 -0.116593
v -2.448 2.9536 1.2084
vn 0.931854 0.340905 -0.124228
v -2.4563 2.9763 1.2084
vn 0.92918 0.342371 -0.13931
v -2.47 2.999 1.1721
vn 0.951133 0.274589 -0.141234
v -2.47 3.0085 1.1857
vn 0.98214 0.137637 -0.128288
v -2.4711 3.0217 1.1857
vn 0.996067 0 -0.0886036
v -2.4639 2.999 1.2084
vn 0.949352 0.267559 -0.164752
v -2.47 3.0217 1.1956
vn 0.988262 0.0222782 -0.151138
v -2.4473 2.9536 1.211
vn 0.910529 0.332926 -0.245146
v -2.4316 2.8628 1.1857
vn 0.792543 0.104235 -0.600841
v -2.4357 2.8855 1.1857
vn 0.807075 0.133254 -0.575216
v -2.4246 2.8628 1.1921
vn 0.690117 0.124526 -0.712903
v -2.4246 2.8855 1.1972
vn 0.711613 0.147694 -0.686872
v -2.4402 2.9082 1.1857
vn 0.87242 0.144755 -0.46683
v -2.4444 2.9309 1.1857
vn 0.945993 0.195245 -0.258797
v -2.47 3.03 1.1403
vn 0.953256 -0.288865 0.0886536
v -2.4645 3.0444 1.1403
vn 0.930373 -0.355356 0.0901634
v -2.47 3.039 1.1857
vn 0.991663 -0.0692209 -0.108692
v -2.4665 3.0444 1.2084
vn 0.987995 -0.0767279 -0.134081
v -2.3565 2.7818 0.68622
vn -0.0700813 -0.650068 0.756638
v -2.3792 2.7932 0.68622
vn -0.264214 -0.522408 0.810728
f 10//10 11//11 12//12
f 33//33 14//14 34//34
f 34//34 14//14 15//15
f 34//34 15//15 35//35
f 35//35 15//15 16//16
f 36//36 33//33 34//34
f 36//36 34//34 35//35
f 35//35 37//37 36//36
f 38//38 33//33 36//36
f 37//37 39//39 36//36
f 36//36 40//40 38//38
f 40//40 36//36 39//39
f 39//39 41//41 40//40
f 35//35 16//16 17//17
f 17//17 42//42 35//35
f 37//37 35//35 42//42
f 42//42 43//43 37//37
f 39//39 37//37 43//43
f 43//43 44//44 39//39
f 41//41 39//39 44//44
f 44//44 45//45 41//41
f 42//42 17//17 46//46
f 46//46 17//17 18//18
f 46//46 18//18 47//47
f 47//47 18//18 19//19
f 47//47 19//19 20//20
f 20//20 48//48 47//47
f 43//43 42//42 46//46
f 46//46 49//49 43//43
f 49//49 46//46 47//47
f 49//49 47//47 48//48
f 48//48 50//50 49//49
f 48//48 20//20 51//51
f 51//51 20//20 21//21
f 50//50 48//48 52//52
f 52//52 48//48 51//51
f 51//51 21//21 53//53
f 53//53 21//21 22//22
f 53//53 22//22 54//54
f 54//54 22//22 23//23
f 54//54 23//23 24//24
f 24//24 55//55 54//54
f 52//52 51//51 56//56
f 56//56 51//51 53//53
f 56//56 53//53 57//57
f 57//57 53//53 54//54
f 57//57 54//54 58//58
f 58//58 54//54 55//55
f 44//44 43//43 49//49
f 49//49 59//59 44//44
f 59//59 49//49 2//2
f 59//59 2//2 1//1
f 2//2 49//49 50//50
f 45//45 44//44 59//59
f 59//59 60//60 45//45
f 59//59 61//61 60//60
f 61//61 59//59 3//3
f 3//3 59//59 1//1
f 52//52 2//2 50//50
f 1//1 2//2 62//62
f 62//62 2//2 56//56
f 56//56 2//2 52//52
f 62//62 56//56 57//57
f 57//57 63//63 62//62
f 63//63 57//57 64//64
f 64//64 57//57 58//58
f 3//3 1//1 65//65
f 65//65 1//1 62//62
f 65//65 62//62 63//63
f 63//63 66//66 65//65
f 66//66 63//63 64//64
f 64//64 67//67 66//66
f 68//68 38//38 40//40
f 41//41 69//69 40//40
f 70//70 68//68 71//71
f 71//71 68//68 40//40
f 71//71 40//40 69//69
f 71//71 72//72 70//70
f 72//72 71//71 73//73
f 73//73 71//71 69//69
f 74//74 70//70 72//72
f 72//72 75//75 74//74
f 75//75 72//72 76//76
f 76//76 72//72 73//73
f 69//69 41//41 77//77
f 77//77 41//41 45//45
f 77//77 78//78 69//69
f 73//73 69//69 78//78
f 76//76 73//73 78//78
f 78//78 79//79 76//76
f 77//77 45//45 60//60
f 60//60 80//80 77//77
f 80//80 60//60 61//61
f 61//61 81//81 80//80
f 81//81 61//61 82//82
f 82//82 61//61 4//4
f 4//4 61//61 3//3
f 78//78 77//77 83//83
f 83//83 77//77 80//80
f 83//83 80//80 81//81
f 81//81 84//84 83//83
f 84//84 81//81 6//6
f 84//84 6//6 5//5
f 6//6 81//81 82//82
f 82//82 4//4 65//65
f 82//82 65//65 85//85
f 65//65 4//4 3//3
f 85//85 65//65 66//66
f 66//66 86//86 85//85
f 86//86 66//66 87//87
f 87//87 66//66 67//67
f 88//88 6//6 85//85
f 85//85 6//6 82//82
f 88//88 85//85 86//86
f 86//86 89//89 88//88
f 89//89 86//86 90//90
f 90//90 86//86 87//87
f 91//91 78//78 83//83
f 91//91 83//83 92//92
f 92//92 83//83 84//84
f 92//92 84//84 5//5
f 79//79 78//78 91//91
f 91//91 93//93 79//79
f 93//93 91//91 94//94
f 94//94 91//91 92//92
f 94//94 92//92 5//5
f 5//5 95//95 94//94
f 96//96 5//5 6//6
f 95//95 5//5 96//96
f 96//96 6//6 88//88
f 88//88 97//97 96//96
f 97//97 88//88 89//89
f 89//89 98//98 97//97
f 98//98 89//89 99//99
f 99//99 89//89 90//90
f 95//95 96//96 100//100
f 100//100 96//96 97//97
f 100//100 97//97 98//98
f 98//98 101//101 100//100
f 101//101 98//98 102//102
f 102//102 98//98 99//99
f 55//55 24//24 25//25
f 25//25 103//103 55//55
f 103//103 25//25 26//26
f 26//26 104//104 103//103
f 58//58 55//55 103//103
f 103//103 105//105 58//58
f 105//105 103//103 104//104
f 104//104 106//106 105//105
f 104//104 26//26 107//107
f 107//107 26//26 27//27
f 107//107 27//27 28//28
f 28//28 108//108 107//107
f 106//106 104//104 109//109
f 109//109 104//104 107//107
f 109//109 107//107 110//110
f 110//110 107//107 108//108
f 64//64 58//58 105//105
f 105//105 111//111 64//64
f 111//111 105//105 106//106
f 106//106 112//112 111//111
f 67//67 64//64 113//113
f 113//113 64//64 111//111
f 114//114 115//115 116//116
f 113//113 111//111 114//114
f 114//114 111//111 115//115
f 115//115 111//111 112//112
f 117//117 118//118 119//119
f 112//112 106//106 117//117
f 117//117 106//106 109//109
f 117//117 109//109 118//118
f 120//120 118//118 109//109
f 120//120 109//109 110//110
f 120//120 110//110 121//121
f 116//116 115//115 122//122
f 122//122 115//115 117//117
f 122//122 117//117 119//119
f 122//122 119//119 120//120
f 122//122 120//120 123//123
f 122//122 123//123 124//124
f 121//121 123//123 120//120
f 108//108 28//28 125//125
f 125//125 28//28 29//29
f 125//125 29//29 30//30
f 30//30 126//126 125//125
f 110//110 108//108 127//127
f 127//127 108//108 125//125
f 127//127 125//125 126//126
f 126//126 128//128 127//127
f 126//126 30//30 31//31
f 31//31 129//129 126//126
f 129//129 31//31 130//130
f 130//130 31//31 32//32
f 128//128 126//126 129//129
f 129//129 131//131 128//128
f 131//131 129//129 132//132
f 132//132 129//129 133//133
f 133//133 129//129 130//130
f 121//121 110//110 134//134
f 134//134 110//110 127//127
f 134//134 127//127 128//128
f 128//128 135//135 134//134
f 136//136 123//123 137//137
f 137//137 123//123 134//134
f 134//134 123//123 121//121
f 137//137 134//134 135//135
f 135//135 138//138 137//137
f 135//135 128//128 139//139
f 139//139 128//128 140//140
f 140//140 128//128 131//131
f 138//138 135//135 139//139
f 87//87 67//67 113//113
f 113//113 141//141 87//87
f 142//142 114//114 143//143
f 143//143 114//114 116//116
f 141//141 113//113 142//142
f 142//142 113//113 114//114
f 90//90 87//87 141//141
f 141//141 144//144 90//90
f 144//144 142//142 145//145
f 145//145 142//142 143//143
f 144//144 141//141 142//142
f 143//143 116//116 122//122
f 122//122 146//146 143//143
f 146//146 122//122 147//147
f 147//147 122//122 124//124
f 145//145 143//143 146//146
f 146//146 148//148 145//145
f 148//148 146//146 149//149
f 149//149 146//146 147//147
f 150//150 151//151 152//152
f 99//99 90//90 150//150
f 150//150 90//90 151//151
f 151//151 90//90 144//144
f 152//152 151//151 153//153
f 153//153 151//151 145//145
f 145//145 151//151 144//144
f 154//154 150//150 155//155
f 155//155 150//150 152//152
f 102//102 99//99 154//154
f 154//154 99//99 150//150
f 155//155 152//152 153//153
f 153//153 156//156 155//155
f 153//153 145//145 157//157
f 157//157 145//145 148//148
f 157//157 148//148 158//158
f 158//158 148//148 149//149
f 156//156 153//153 159//159
f 159//159 153//153 157//157
f 159//159 157//157 160//160
f 160//160 157//157 158//158
f 147//147 124//124 136//136
f 136//136 161//161 147//147
f 161//161 136//136 137//137
f 137//137 162//162 161//161
f 162//162 137//137 163//163
f 163//163 137//137 138//138
f 149//149 147//147 161//161
f 161//161 164//164 149//149
f 164//164 161//161 165//165
f 165//165 161//161 162//162
f 165//165 162//162 166//166
f 166//166 162//162 163//163
f 163//163 167//167 166//166
f 158//158 149//149 164//164
f 164//164 168//168 158//158
f 168//168 164//164 165//165
f 165//165 169//169 168//168
f 169//169 165//165 166//166
f 166//166 170//170 169//169
f 160//160 158//158 168//168
f 168//168 171//171 160//160
f 171//171 168//168 169//169
f 169//169 172//172 171//171
f 172//172 169//169 173//173
f 173//173 169//169 170//170
f 170//170 166//166 167//167
f 167//167 174//174 170//170
f 173//173 170//170 174//174
f 174//174 175//175 173//173
f 139//139 140//140 176//176
f 176//176 140//140 132//132
f 176//176 132//132 177//177
f 177//177 132//132 178//178
f 138//138 139//139 179//179
f 179//179 139//139 176//176
f 179//179 176//176 177//177
f 177//177 180//180 179//179
f 163//163 138//138 179//179
f 179//179 181//181 163//163
f 181//181 179//179 180//180
f 180//180 182//182 181//181
f 167//167 163//163 181//181
f 181//181 183//183 167//167
f 183//183 181//181 184//184
f 184//184 181//181 182//182
f 174//174 167//167 183//183
f 183//183 185//185 174//174
f 185//185 183//183 186//186
f 186//186 183//183 184//184
f 175//175 174//174 185//185
f 185//185 187//187 175//175
f 187//187 185//185 188//188
f 188//188 185//185 186//186
f 130//130 32//32 189//189
f 189//189 193//193 130//130
f 193//193 189//189 194//194
f 194//194 189//189 195//195
f 195//195 189//189 190//190
f 193//193 196//196 130//130
f 130//130 196//196 133//133
f 197//197 198//198 199//199
f 197//197 199//199 200//200
f 197//197 201//201 202//202
f 203//203 202//202 204//204
f 204//204 202//202 205//205
f 205//205 202//202 201//201
f 206//206 207//207 208//208
f 208//208 207//207 209//209
f 209//209 207//207 210//210
f 210//210 207//207 211//211
f 212//212 203//203 204//204
f 204//204 213//213 212//212
f 203//203 212//212 210//210
f 213//213 204//204 205//205
f 205//205 214//214 213//213
f 215//215 212//212 216//216
f 216//216 212//212 213//213
f 209//209 210//210 215//215
f 215//215 210//210 212//212
f 216//216 213//213 214//214
f 214//214 217//217 216//216
f 194//194 195//195 218//218
f 218//218 219//219 194//194
f 178//178 133//133 220//220
f 220//220 133//133 196//196
f 220//220 196//196 194//194
f 220//220 194//194 219//219
f 220//220 219//219 221//221
f 177//177 178//178 220//220
f 220//220 222//222 177//177
f 222//222 220//220 223//223
f 222//222 223//223 224//224
f 223//223 220//220 221//221
f 180//180 177//177 222//222
f 222//222 225//225 180//180
f 225//225 222//222 226//226
f 225//225 226//226 227//227
f 226//226 222//222 224//224
f 182//182 180//180 225//225
f 225//225 228//228 182//182
f 228//228 225//225 229//229
f 229//229 225//225 227//227
f 184//184 182//182 228//228
f 228//228 230//230 184//184
f 230//230 228//228 231//231
f 231//231 228//228 229//229
f 231//231 229//229 232//232
f 232//232 229//229 233//233
f 232//232 233//233 234//234
f 234//234 233//233 235//235
f 186//186 184//184 236//236
f 236//236 184//184 230//230
f 236//236 230//230 231//231
f 231//231 237//237 236//236
f 237//237 231//231 232//232
f 232//232 238//238 237//237
f 188//188 186//186 239//239
f 239//239 186//186 236//236
f 239//239 236//236 240//240
f 240//240 236//236 237//237
f 240//240 237//237 241//241
f 238//238 232//232 242//242
f 242//242 232//232 234//234
f 242//242 234//234 243//243
f 243//243 244//244 242//242
f 240//240 241//241 245//245
f 245//245 246//246 240//240
f 242//242 245//245 241//241
f 241//241 238//238 242//242
f 246//246 245//245 247//247
f 247//247 245//245 248//248
f 244//244 248//248 242//242
f 242//242 248//248 245//245
f 249//249 250//250 251//251
f 244//244 243//243 249//249
f 249//249 243//243 250//250
f 247//247 248//248 207//207
f 247//247 207//207 206//206
f 207//207 248//248 249//249
f 207//207 249//249 251//251
f 252//252 191//191 253//253
f 253//253 191//191 192//192
f 253//253 192//192 254//254
f 255//255 254//254 192//192
f 256//256 252//252 257//257
f 257//257 252//252 253//253
f 257//257 253//253 258//258
f 258//258 253//253 259//259
f 258//258 259//259 255//255
f 255//255 260//260 258//258
f 200//200 261//261 262//262
f 262//262 261//261 258//258
f 258//258 261//261 257//257
f 262//262 258//258 260//260
f 262//262 260//260 263//263
f 262//262 263//263 264//264
f 197//197 200//200 262//262
f 262//262 265//265 197//197
f 201//201 197//197 265//265
f 265//265 266//266 201//201
f 205//205 201//201 266//266
f 266//266 267//267 205//205
f 267//267 266//266 268//268
f 268//268 266//266 269//269
f 269//269 266//266 270//270
f 268//268 269//269 271//271
f 270//270 272//272 273//273
f 271//271 269//269 270//270
f 271//271 270//270 274//274
f 274//274 270//270 273//273
f 214//214 205//205 275//275
f 214//214 275//275 276//276
f 275//275 205//205 267//267
f 268//268 275//275 267//267
f 217//217 214//214 277//277
f 217//217 277//277 278//278
f 277//277 214//214 276//276
f 279//279 74//74 280//280
f 280//280 74//74 75//75
f 280//280 75//75 281//281
f 281//281 75//75 76//76
f 282//282 279//279 283//283
f 283//283 279//279 280//280
f 283//283 280//280 284//284
f 284//284 280//280 281//281
f 283//283 285//285 282//282
f 285//285 283//283 286//286
f 286//286 283//283 284//284
f 287//287 282//282 285//285
f 288//288 285//285 286//286
f 281//281 76//76 289//289
f 289//289 76//76 79//79
f 284//284 281//281 290//290
f 290//290 281//281 289//289
f 286//286 284//284 290//290
f 290//290 291//291 286//286
f 288//288 286//286 291//291
f 291//291 292//292 288//288
f 289//289 79//79 93//93
f 93//93 293//293 289//289
f 293//293 93//93 94//94
f 94//94 294//294 293//293
f 294//294 94//94 95//95
f 95//95 295//295 294//294
f 290//290 289//289 296//296
f 296//296 289//289 293//293
f 296//296 293//293 294//294
f 294//294 297//297 296//296
f 297//297 294//294 295//295
f 295//295 298//298 297//297
f 295//295 95//95 299//299
f 299//299 95//95 100//100
f 299//299 100//100 300//300
f 300//300 100//100 101//101
f 300//300 101//101 301//301
f 301//301 101//101 102//102
f 298//298 295//295 299//299
f 299//299 302//302 298//298
f 302//302 299//299 300//300
f 300//300 303//303 302//302
f 303//303 300//300 301//301
f 301//301 304//304 303//303
f 291//291 290//290 305//305
f 305//305 290//290 296//296
f 305//305 296//296 297//297
f 297//297 306//306 305//305
f 306//306 297//297 298//298
f 298//298 307//307 306//306
f 292//292 291//291 305//305
f 305//305 308//308 292//292
f 308//308 305//305 309//309
f 309//309 305//305 306//306
f 309//309 306//306 307//307
f 307//307 310//310 309//309
f 307//307 298//298 311//311
f 310//310 307//307 311//311
f 311//311 312//312 310//310
f 311//311 298//298 302//302
f 303//303 313//313 302//302
f 313//313 303//303 304//304
f 304//304 314//314 313//313
f 312//312 311//311 302//302
f 302//302 315//315 312//312
f 315//315 302//302 313//313
f 313//313 316//316 315//315
f 316//316 313//313 314//314
f 314//314 317//317 316//316
f 319//319 287//287 320//320
f 320//320 287//287 285//285
f 320//320 285//285 321//321
f 321//321 285//285 288//288
f 319//319 322//322 318//318
f 322//322 319//319 323//323
f 323//323 319//319 320//320
f 323//323 320//320 324//324
f 324//324 320//320 321//321
f 325//325 318//318 322//322
f 322//322 327//327 325//325
f 327//327 322//322 323//323
f 327//327 323//323 328//328
f 328//328 323//323 324//324
f 326//326 325//325 327//327
f 327//327 329//329 326//326
f 329//329 327//327 328//328
f 328//328 330//330 329//329
f 321//321 288//288 292//292
f 292//292 331//331 321//321
f 324//324 321//321 331//331
f 331//331 332//332 324//324
f 328//328 324//324 333//333
f 333//333 324//324 332//332
f 330//330 328//328 334//334
f 334//334 328//328 333//333
f 331//331 292//292 308//308
f 308//308 335//335 331//331
f 335//335 308//308 336//336
f 336//336 308//308 309//309
f 336//336 309//309 310//310
f 332//332 331//331 337//337
f 337//337 331//331 335//335
f 337//337 335//335 338//338
f 338//338 335//335 336//336
f 338//338 336//336 339//339
f 338//338 339//339 340//340
f 339//339 336//336 310//310
f 312//312 339//339 310//310
f 339//339 312//312 341//341
f 341//341 312//312 315//315
f 341//341 315//315 342//342
f 342//342 315//315 316//316
f 342//342 316//316 343//343
f 343//343 316//316 317//317
f 340//340 339//339 344//344
f 344//344 339//339 341//341
f 344//344 341//341 345//345
f 345//345 341//341 342//342
f 345//345 342//342 346//346
f 346//346 342//342 343//343
f 333//333 332//332 347//347
f 347//347 332//332 337//337
f 347//347 337//337 338//338
f 338//338 348//348 347//347
f 348//348 338//338 349//349
f 348//348 349//349 350//350
f 349//349 338//338 340//340
f 334//334 333//333 351//351
f 351//351 333//333 347//347
f 351//351 347//347 348//348
f 348//348 352//352 351//351
f 352//352 348//348 350//350
f 350//350 349//349 353//353
f 354//354 350//350 353//353
f 353//353 349//349 355//355
f 355//355 349//349 356//356
f 356//356 349//349 344//344
f 344//344 349//349 340//340
f 345//345 356//356 344//344
f 357//357 356//356 358//358
f 358//358 356//356 346//346
f 346//346 356//356 345//345
f 354//354 353//353 359//359
f 359//359 353//353 355//355
f 359//359 355//355 357//357
f 359//359 357//357 360//360
f 359//359 360//360 361//361
f 358//358 360//360 357//357
f 362//362 154//154 155//155
f 155//155 363//363 362//362
f 301//301 102//102 154//154
f 154//154 362//362 301//301
f 363//363 155//155 364//364
f 364//364 155//155 156//156
f 365//365 362//362 363//363
f 363//363 366//366 365//365
f 304//304 301//301 362//362
f 362//362 365//365 304//304
f 366//366 363//363 367//367
f 367//367 363//363 364//364
f 364//364 156//156 368//368
f 368//368 156//156 159//159
f 368//368 159//159 369//369
f 369//369 159//159 160//160
f 367//367 364//364 368//368
f 368//368 370//370 367//367
f 370//370 368//368 369//369
f 369//369 371//371 370//370
f 366//366 372//372 365//365
f 314//314 304//304 372//372
f 314//314 372//372 373//373
f 372//372 304//304 365//365
f 373//373 372//372 374//374
f 374//374 372//372 367//367
f 367//367 372//372 366//366
f 317//317 314//314 375//375
f 375//375 314//314 373//373
f 376//376 373//373 374//374
f 374//374 377//377 376//376
f 373//373 376//376 375//375
f 374//374 367//367 370//370
f 370//370 378//378 374//374
f 378//378 370//370 371//371
f 371//371 379//379 378//378
f 377//377 374//374 380//380
f 380//380 374//374 378//378
f 380//380 378//378 379//379
f 369//369 160//160 381//381
f 381//381 160//160 171//171
f 381//381 171//171 172//172
f 172//172 382//382 381//381
f 382//382 172//172 383//383
f 383//383 172//172 173//173
f 371//371 369//369 384//384
f 384//384 369//369 381//381
f 384//384 381//381 385//385
f 385//385 381//381 382//382
f 385//385 382//382 386//386
f 386//386 382//382 383//383
f 383//383 173//173 175//175
f 175//175 387//387 383//383
f 386//386 383//383 387//387
f 387//387 388//388 386//386
f 379//379 371//371 384//384
f 379//379 384//384 389//389
f 389//389 384//384 385//385
f 389//389 385//385 390//390
f 390//390 385//385 386//386
f 391//391 379//379 389//389
f 391//391 389//389 390//390
f 390//390 392//392 391//391
f 390//390 386//386 388//388
f 388//388 393//393 390//390
f 392//392 390//390 394//394
f 394//394 390//390 393//393
f 343//343 317//317 375//375
f 375//375 395//395 343//343
f 396//396 376//376 377//377
f 377//377 397//397 396//396
f 395//395 375//375 376//376
f 376//376 396//396 395//395
f 346//346 343//343 395//395
f 395//395 398//398 346//346
f 399//399 396//396 400//400
f 400//400 396//396 397//397
f 398//398 395//395 399//399
f 399//399 395//395 396//396
f 397//397 377//377 380//380
f 380//380 401//401 397//397
f 401//401 380//380 402//402
f 402//402 380//380 379//379
f 400//400 397//397 403//403
f 403//403 397//397 401//401
f 403//403 401//401 404//404
f 404//404 401//401 402//402
f 404//404 402//402 405//405
f 406//406 407//407 408//408
f 358//358 346//346 407//407
f 358//358 407//407 406//406
f 407//407 346//346 398//398
f 408//408 407//407 409//409
f 409//409 407//407 399//399
f 409//409 399//399 400//400
f 399//399 407//407 398//398
f 361//361 360//360 410//410
f 410//410 360//360 406//406
f 410//410 406//406 408//408
f 406//406 360//360 358//358
f 410//410 408//408 411//411
f 411//411 408//408 409//409
f 409//409 400//400 412//412
f 412//412 400//400 403//403
f 412//412 403//403 413//413
f 413//413 403//403 404//404
f 413//413 404//404 414//414
f 414//414 404//404 405//405
f 411//411 409//409 412//412
f 412//412 415//415 411//411
f 415//415 412//412 416//416
f 416//416 412//412 413//413
f 416//416 413//413 417//417
f 417//417 413//413 414//414
f 418//418 402//402 391//391
f 391//391 402//402 379//379
f 418//418 391//391 392//392
f 392//392 419//419 418//418
f 405//405 402//402 418//418
f 418//418 420//420 405//405
f 420//420 418//418 419//419
f 419//419 421//421 420//420
f 419//419 392//392 422//422
f 422//422 392//392 394//394
f 421//421 419//419 422//422
f 414//414 405//405 420//420
f 420//420 423//423 414//414
f 423//423 420//420 424//424
f 424//424 420//420 421//421
f 417//417 414//414 423//423
f 423//423 425//425 417//417
f 425//425 423//423 426//426
f 426//426 423//423 424//424
f 424//424 427//427 426//426
f 387//387 175//175 187//187
f 187//187 428//428 387//387
f 428//428 187//187 429//429
f 429//429 187//187 188//188
f 388//388 387//387 428//428
f 428//428 430//430 388//388
f 430//430 428//428 431//431
f 431//431 428//428 429//429
f 393//393 388//388 430//430
f 393//393 430//430 431//431
f 431//431 432//432 393//393
f 394//394 393//393 433//433
f 433//433 393//393 432//432
f 432//432 434//434 433//433
f 422//422 394//394 435//435
f 435//435 394//394 433//433
f 435//435 433//433 434//434
f 434//434 436//436 435//435
f 421//421 422//422 437//437
f 437//437 422//422 435//435
f 437//437 435//435 438//438
f 437//437 438//438 439//439
f 438//438 435//435 436//436
f 424//424 421//421 437//437
f 437//437 440//440 424//424
f 440//440 437//437 441//441
f 441//441 437//437 439//439
f 441//441 439//439 442//442
f 427//427 424//424 440//440
f 440//440 443//443 427//427
f 443//443 440//440 444//444
f 443//443 444//444 445//445
f 444//444 440//440 441//441
f 446//446 326//326 329//329
f 329//329 448//448 446//446
f 448//448 329//329 330//330
f 330//330 449//449 448//448
f 447//447 446//446 448//448
f 447//447 448//448 450//450
f 450//450 448//448 449//449
f 451//451 447//447 453//453
f 453//453 447//447 450//450
f 453//453 450//450 449//449
f 449//449 454//454 453//453
f 452//452 451//451 455//455
f 455//455 451//451 453//453
f 455//455 453//453 454//454
f 454//454 456//456 455//455
f 449//449 330//330 334//334
f 334//334 457//457 449//449
f 454//454 449//449 457//457
f 457//457 458//458 454//454
f 456//456 454//454 458//458
f 457//457 334//334 459//459
f 459//459 334//334 351//351
f 459//459 351//351 352//352
f 352//352 460//460 459//459
f 460//460 352//352 461//461
f 461//461 352//352 350//350
f 462//462 457//457 459//459
f 462//462 459//459 460//460
f 460//460 463//463 462//462
f 463//463 460//460 461//461
f 461//461 464//464 463//463
f 461//461 350//350 354//354
f 461//461 465//465 464//464
f 461//461 354//354 466//466
f 466//466 354//354 359//359
f 466//466 359//359 467//467
f 467//467 359//359 361//361
f 465//465 461//461 468//468
f 468//468 461//461 466//466
f 468//468 466//466 469//469
f 469//469 466//466 467//467
f 458//458 457//457 462//462
f 462//462 463//463 458//458
f 470//470 463//463 464//464
f 464//464 471//471 470//470
f 463//463 472//472 458//458
f 472//472 463//463 470//470
f 472//472 470//470 471//471
f 471//471 473//473 472//472
f 471//471 464//464 465//465
f 473//473 471//471 465//465
f 474//474 465//465 468//468
f 474//474 468//468 475//475
f 475//475 468//468 469//469
f 473//473 465//465 476//476
f 476//476 465//465 474//474
f 476//476 474//474 477//477
f 477//477 474//474 475//475
f 478//478 452//452 455//455
f 479//479 478//478 455//455
f 479//479 455//455 480//480
f 480//480 455//455 456//456
f 456//456 481//481 480//480
f 482//482 478//478 479//479
f 479//479 484//484 482//482
f 484//484 479//479 480//480
f 480//480 485//485 484//484
f 485//485 480//480 481//481
f 481//481 486//486 485//485
f 483//483 482//482 484//484
f 484//484 487//487 483//483
f 487//487 484//484 485//485
f 485//485 488//488 487//487
f 488//488 485//485 489//489
f 489//489 485//485 486//486
f 490//490 456//456 458//458
f 481//481 456//456 491//491
f 491//491 456//456 490//490
f 486//486 481//481 491//491
f 489//489 486//486 492//492
f 490//490 458//458 493//493
f 493//493 458//458 472//472
f 472//472 494//494 493//493
f 494//494 472//472 495//495
f 495//495 472//472 473//473
f 491//491 490//490 496//496
f 496//496 490//490 493//493
f 496//496 493//493 494//494
f 494//494 497//497 496//496
f 497//497 494//494 498//498
f 498//498 494//494 495//495
f 495//495 473//473 499//499
f 498//498 495//495 500//500
f 500//500 495//495 499//499
f 499//499 473//473 476//476
f 476//476 501//501 499//499
f 501//501 476//476 477//477
f 477//477 502//502 501//501
f 500//500 499//499 501//501
f 501//501 503//503 500//500
f 503//503 501//501 502//502
f 502//502 504//504 503//503
f 486//486 491//491 505//505
f 505//505 491//491 496//496
f 505//505 496//496 497//497
f 497//497 506//506 505//505
f 506//506 497//497 507//507
f 507//507 497//497 498//498
f 492//492 486//486 505//505
f 505//505 508//508 492//492
f 508//508 505//505 506//506
f 506//506 509//509 508//508
f 509//509 506//506 510//510
f 510//510 506//506 507//507
f 507//507 498//498 500//500
f 500//500 511//511 507//507
f 510//510 507//507 511//511
f 511//511 512//512 510//510
f 511//511 500//500 503//503
f 503//503 513//513 511//511
f 513//513 503//503 514//514
f 514//514 503//503 504//504
f 512//512 511//511 513//513
f 513//513 515//515 512//512
f 515//515 513//513 516//516
f 516//516 513//513 514//514
f 467//467 361//361 517//517
f 517//517 361//361 518//518
f 518//518 361//361 410//410
f 517//517 518//518 519//519
f 520//520 518//518 411//411
f 520//520 411//411 521//521
f 411//411 518//518 410//410
f 519//519 518//518 520//520
f 469//469 467//467 517//517
f 517//517 522//522 469//469
f 522//522 517//517 519//519
f 519//519 523//523 522//522
f 524//524 520//520 521//521
f 521//521 525//525 524//524
f 523//523 519//519 520//520
f 520//520 524//524 523//523
f 521//521 411//411 526//526
f 526//526 411//411 415//415
f 526//526 415//415 416//416
f 525//525 521//521 527//527
f 527//527 521//521 526//526
f 527//527 526//526 416//416
f 416//416 528//528 527//527
f 528//528 416//416 417//417
f 417//417 529//529 528//528
f 475//475 469//469 522//522
f 475//475 522//522 530//530
f 475//475 530//530 531//531
f 523//523 530//530 522//522
f 531//531 530//530 532//532
f 532//532 530//530 524//524
f 532//532 524//524 525//525
f 524//524 530//530 523//523
f 477//477 475//475 533//533
f 533//533 475//475 531//531
f 533//533 531//531 532//532
f 532//532 534//534 533//533
f 532//532 525//525 527//527
f 527//527 535//535 532//532
f 535//535 527//527 528//528
f 528//528 536//536 535//535
f 536//536 528//528 529//529
f 534//534 532//532 535//535
f 535//535 537//537 534//534
f 537//537 535//535 538//538
f 538//538 535//535 536//536
f 538//538 536//536 539//539
f 425//425 540//540 417//417
f 540//540 425//425 541//541
f 541//541 425//425 426//426
f 529//529 417//417 542//542
f 542//542 417//417 540//540
f 542//542 540//540 543//543
f 543//543 540//540 541//541
f 541//541 426//426 427//427
f 427//427 544//544 541//541
f 543//543 541//541 544//544
f 544//544 545//545 543//543
f 536//536 529//529 546//546
f 546//546 529//529 542//542
f 546//546 542//542 547//547
f 547//547 542//542 543//543
f 539//539 536//536 546//546
f 546//546 548//548 539//539
f 548//548 546//546 549//549
f 549//549 546//546 547//547
f 547//547 543//543 550//550
f 547//547 550//550 551//551
f 550//550 543//543 545//545
f 551//551 550//550 552//552
f 549//549 547//547 553//553
f 553//553 547//547 551//551
f 553//553 551//551 552//552
f 552//552 554//554 553//553
f 502//502 477//477 533//533
f 533//533 555//555 502//502
f 555//555 533//533 556//556
f 556//556 533//533 534//534
f 504//504 502//502 555//555
f 555//555 557//557 504//504
f 557//557 555//555 556//556
f 556//556 558//558 557//557
f 556//556 534//534 559//559
f 559//559 534//534 537//537
f 538//538 559//559 537//537
f 560//560 559//559 538//538
f 560//560 538//538 539//539
f 558//558 556//556 561//561
f 561//561 556//556 559//559
f 561//561 559//559 562//562
f 562//562 559//559 560//560
f 560//560 563//563 562//562
f 514//514 504//504 564//564
f 564//564 504//504 557//557
f 564//564 557//557 565//565
f 565//565 557//557 558//558
f 516//516 514//514 566//566
f 566//566 514//514 564//564
f 566//566 564//564 567//567
f 567//567 564//564 565//565
f 565//565 558//558 561//561
f 561//561 568//568 565//565
f 568//568 561//561 562//562
f 562//562 569//569 568//568
f 569//569 562//562 570//570
f 570//570 562//562 563//563
f 567//567 565//565 568//568
f 567//567 568//568 571//571
f 569//569 571//571 568//568
f 571//571 569//569 572//572
f 572//572 569//569 570//570
f 560//560 539//539 548//548
f 548//548 573//573 560//560
f 573//573 548//548 549//549
f 549//549 574//574 573//573
f 563//563 560//560 573//573
f 573//573 575//575 563//563
f 575//575 573//573 574//574
f 574//574 576//576 575//575
f 574//574 549//549 577//577
f 577//577 549//549 553//553
f 577//577 553//553 554//554
f 554//554 578//578 577//577
f 576//576 574//574 577//577
f 577//577 579//579 576//576
f 579//579 577//577 580//580
f 580//580 577//577 578//578
f 570//570 563//563 581//581
f 581//581 563//563 575//575
f 581//581 575//575 576//576
f 576//576 582//582 581//581
f 572//572 570//570 583//583
f 583//583 570//570 581//581
f 583//583 581//581 582//582
f 582//582 584//584 583//583
f 582//582 576//576 579//579
f 579//579 585//585 582//582
f 585//585 579//579 586//586
f 586//586 579//579 580//580
f 584//584 582//582 587//587
f 587//587 582//582 585//585
f 544//544 427//427 443//443
f 443//443 588//588 544//544
f 588//588 443//443 589//589
f 589//589 443//443 445//445
f 545//545 544//544 588//588
f 588//588 590//590 545//545
f 590//590 588//588 591//591
f 591//591 588//588 589//589
f 552//552 550//550 591//591
f 552//552 591//591 592//592
f 591//591 550//550 590//590
f 554//554 552//552 592//592
f 592//592 593//593 554//554
f 578//578 554//554 593//593
f 593//593 594//594 578//578
f 580//580 578//578 594//594
f 594//594 595//595 580//580
f 586//586 580//580 596//596
f 596//596 580//580 595//595
f 584//584 587//587 597//597
f 597//597 587//587 598//598
f 597//597 598//598 599//599
f 598//598 587//587 596//596
f 596//596 587//587 586//586
f 599//599 598//598 600//600
f 601//601 206//206 208//208
f 601//601 208//208 209//209
f 209//209 602//602 601//601
f 603//603 601//601 602//602
f 603//603 602//602 604//604
f 605//605 215//215 216//216
f 216//216 606//606 605//605
f 602//602 209//209 215//215
f 215//215 605//605 602//602
f 606//606 216//216 217//217
f 217//217 607//607 606//606
f 608//608 606//606 607//607
f 429//429 188//188 609//609
f 609//609 188//188 239//239
f 609//609 239//239 610//610
f 610//610 239//239 240//240
f 431//431 429//429 611//611
f 611//611 429//429 609//609
f 611//611 609//609 612//612
f 612//612 609//609 610//610
f 610//610 240//240 613//613
f 613//613 240//240 246//246
f 613//613 246//246 614//614
f 614//614 246//246 247//247
f 612//612 610//610 613//613
f 613//613 615//615 612//612
f 615//615 613//613 616//616
f 616//616 613//613 617//617
f 617//617 613//613 614//614
f 616//616 617//617 618//618
f 432//432 431//431 611//611
f 611//611 619//619 432//432
f 619//619 611//611 612//612
f 619//619 612//612 620//620
f 620//620 612//612 621//621
f 434//434 432//432 619//619
f 434//434 619//619 622//622
f 434//434 622//622 623//623
f 620//620 622//622 619//619
f 624//624 622//622 625//625
f 625//625 622//622 620//620
f 625//625 620//620 626//626
f 626//626 620//620 627//627
f 615//615 628//628 612//612
f 612//612 628//628 621//621
f 627//627 621//621 628//628
f 628//628 629//629 627//627
f 616//616 628//628 615//615
f 629//629 628//628 630//630
f 630//630 628//628 616//616
f 630//630 616//616 618//618
f 630//630 618//618 631//631
f 629//629 632//632 626//626
f 626//626 627//627 629//629
f 630//630 632//632 629//629
f 630//630 631//631 633//633
f 634//634 626//626 635//635
f 635//635 626//626 632//632
f 635//635 632//632 630//630
f 635//635 630//630 633//633
f 635//635 633//633 636//636
f 618//618 617//617 637//637
f 637//637 638//638 639//639
f 637//637 639//639 618//618
f 618//618 639//639 631//631
f 603//603 640//640 641//641
f 603//603 641//641 638//638
f 603//603 638//638 642//642
f 643//643 638//638 641//641
f 641//641 644//644 643//643
f 636//636 633//633 645//645
f 645//645 633//633 646//646
f 646//646 633//633 647//647
f 648//648 646//646 644//644
f 648//648 644//644 649//649
f 644//644 646//646 647//647
f 644//644 647//647 643//643
f 641//641 640//640 650//650
f 641//641 650//650 651//651
f 651//651 652//652 641//641
f 652//652 644//644 641//641
f 653//653 652//652 651//651
f 653//653 651//651 654//654
f 436//436 434//434 655//655
f 655//655 434//434 623//623
f 655//655 623//623 624//624
f 624//624 656//656 655//655
f 656//656 624//624 657//657
f 657//657 624//624 625//625
f 655//655 438//438 436//436
f 442//442 438//438 658//658
f 658//658 438//438 656//656
f 656//656 438//438 655//655
f 658//658 656//656 657//657
f 657//657 625//625 659//659
f 659//659 625//625 634//634
f 658//658 657//657 660//660
f 660//660 657//657 659//659
f 659//659 634//634 635//635
f 635//635 661//661 659//659
f 661//661 635//635 662//662
f 662//662 635//635 636//636
f 662//662 636//636 663//663
f 660//660 659//659 664//664
f 664//664 659//659 661//661
f 664//664 661//661 662//662
f 664//664 662//662 665//665
f 664//664 665//665 666//666
f 663//663 665//665 662//662
f 441//441 442//442 667//667
f 667//667 442//442 658//658
f 668//668 444//444 669//669
f 669//669 444//444 667//667
f 667//667 444//444 441//441
f 669//669 667//667 670//670
f 667//667 658//658 660//660
f 660//660 671//671 667//667
f 670//670 667//667 671//671
f 671//671 672//672 670//670
f 671//671 660//660 673//673
f 673//673 660//660 664//664
f 673//673 664//664 666//666
f 666//666 674//674 673//673
f 672//672 671//671 675//675
f 675//675 671//671 673//673
f 675//675 673//673 674//674
f 674//674 676//676 675//675
f 663//663 636//636 645//645
f 663//663 645//645 677//677
f 677//677 645//645 678//678
f 677//677 678//678 648//648
f 666//666 665//665 679//679
f 679//679 680//680 666//666
f 677//677 679//679 665//665
f 680//680 679//679 681//681
f 681//681 682//682 680//680
f 674//674 666//666 680//680
f 680//680 683//683 674//674
f 683//683 680//680 684//684
f 684//684 680//680 682//682
f 676//676 674//674 683//683
f 683//683 685//685 676//676
f 685//685 683//683 686//686
f 686//686 683//683 684//684
f 686//686 684//684 687//687
f 686//686 687//687 688//688
f 687//687 684//684 689//689
f 607//607 217//217 690//690
f 690//690 217//217 278//278
f 690//690 278//278 691//691
f 608//608 607//607 690//690
f 690//690 692//692 608//608
f 692//692 690//690 693//693
f 692//692 694//694 608//608
f 589//589 445//445 695//695
f 695//695 445//445 668//668
f 695//695 668//668 669//669
f 669//669 696//696 695//695
f 696//696 669//669 697//697
f 697//697 669//669 670//670
f 591//591 589//589 698//698
f 698//698 589//589 695//695
f 698//698 695//695 696//696
f 696//696 699//699 698//698
f 699//699 696//696 697//697
f 697//697 700//700 699//699
f 697//697 670//670 672//672
f 672//672 701//701 697//697
f 700//700 697//697 701//701
f 701//701 702//702 700//700
f 701//701 672//672 675//675
f 675//675 703//703 701//701
f 703//703 675//675 704//704
f 704//704 675//675 676//676
f 702//702 701//701 705//705
f 705//705 701//701 703//703
f 705//705 703//703 704//704
f 704//704 706//706 705//705
f 592//592 591//591 698//698
f 698//698 707//707 592//592
f 707//707 698//698 708//708
f 708//708 698//698 699//699
f 708//708 699//699 700//700
f 700//700 709//709 708//708
f 593//593 592//592 707//707
f 707//707 710//710 593//593
f 710//710 707//707 711//711
f 711//711 707//707 708//708
f 711//711 708//708 709//709
f 709//709 712//712 711//711
f 709//709 700//700 702//702
f 702//702 713//713 709//709
f 712//712 709//709 713//713
f 713//713 714//714 712//712
f 713//713 702//702 715//715
f 715//715 702//702 705//705
f 715//715 705//705 706//706
f 706//706 716//716 715//715
f 714//714 713//713 717//717
f 717//717 713//713 715//715
f 717//717 715//715 718//718
f 718//718 715//715 716//716
f 719//719 720//720 721//721
f 721//721 720//720 722//722
f 704//704 676//676 685//685
f 685//685 723//723 704//704
f 723//723 685//685 724//724
f 724//724 685//685 686//686
f 706//706 704//704 720//720
f 706//706 720//720 719//719
f 720//720 704//704 723//723
f 724//724 722//722 723//723
f 723//723 722//722 720//720
f 724//724 686//686 725//725
f 725//725 686//686 688//688
f 725//725 688//688 726//726
f 719//719 728//728 727//727
f 728//728 719//719 721//721
f 721//721 729//729 728//728
f 730//730 727//727 731//731
f 731//731 727//727 728//728
f 731//731 728//728 732//732
f 732//732 728//728 729//729
f 716//716 706//706 727//727
f 727//727 706//706 719//719
f 718//718 716//716 730//730
f 730//730 716//716 727//727
f 729//729 721//721 733//733
f 733//733 734//734 729//729
f 594//594 593//593 735//735
f 735//735 593//593 710//710
f 735//735 710//710 736//736
f 736//736 710//710 711//711
f 736//736 711//711 737//737
f 737//737 711//711 712//712
f 595//595 594//594 738//738
f 738//738 594//594 735//735
f 738//738 735//735 739//739
f 739//739 735//735 736//736
f 739//739 736//736 740//740
f 740//740 736//736 737//737
f 737//737 712//712 714//714
f 740//740 737//737 741//741
f 737//737 714//714 717//717
f 717//717 742//742 737//737
f 742//742 717//717 743//743
f 743//743 717//717 718//718
f 741//741 737//737 742//742
f 742//742 744//744 741//741
f 744//744 742//742 745//745
f 745//745 742//742 743//743
f 596//596 595//595 738//738
f 738//738 746//746 596//596
f 746//746 738//738 739//739
f 739//739 747//747 746//746
f 747//747 739//739 740//740
f 740//740 748//748 747//747
f 600//600 598//598 749//749
f 749//749 598//598 750//750
f 750//750 598//598 747//747
f 747//747 598//598 746//746
f 748//748 740//740 751//751
f 751//751 740//740 741//741
f 749//749 750//750 752//752
f 752//752 750//750 751//751
f 752//752 751//751 753//753
f 753//753 751//751 754//754
f 751//751 750//750 748//748
f 751//751 741//741 744//744
f 755//755 730//730 731//731
f 731//731 756//756 755//755
f 756//756 731//731 757//757
f 757//757 731//731 732//732
f 758//758 755//755 756//756
f 756//756 759//759 758//758
f 759//759 756//756 757//757
f 757//757 760//760 759//759
f 743//743 718//718 755//755
f 755//755 718//718 730//730
f 745//745 743//743 758//758
f 758//758 743//743 755//755
f 757//757 732//732 761//761
f 760//760 757//757 761//761
f 761//761 762//762 760//760
f 762//762 761//761 763//763
f 764//764 759//759 760//760
f 764//764 760//760 762//762
f 762//762 765//765 764//764
f 765//765 762//762 766//766
f 766//766 762//762 763//763
f 765//765 766//766 767//767
f 768//768 483//483 487//487
f 768//768 487//487 7//7
f 488//488 7//7 487//487
f 770//770 7//7 488//488
f 770//770 488//488 489//489
f 769//769 768//768 771//771
f 771//771 768//768 7//7
f 771//771 7//7 772//772
f 772//772 7//7 770//770
f 770//770 773//773 772//772
f 774//774 769//769 775//775
f 775//775 769//769 771//771
f 775//775 771//771 772//772
f 772//772 776//776 775//775
f 776//776 772//772 773//773
f 773//773 777//777 776//776
f 775//775 778//778 774//774
f 778//778 775//775 776//776
f 776//776 779//779 778//778
f 779//779 776//776 780//780
f 780//780 776//776 777//777
f 770//770 489//489 492//492
f 492//492 781//781 770//770
f 773//773 770//770 781//781
f 777//777 773//773 781//781
f 780//780 777//777 782//782
f 781//781 492//492 508//508
f 508//508 783//783 781//781
f 783//783 508//508 509//509
f 509//509 784//784 783//783
f 784//784 509//509 785//785
f 785//785 509//509 510//510
f 786//786 781//781 783//783
f 786//786 783//783 784//784
f 784//784 787//787 786//786
f 787//787 784//784 785//785
f 785//785 788//788 787//787
f 785//785 510//510 512//512
f 785//785 512//512 8//8
f 788//788 785//785 789//789
f 789//789 785//785 8//8
f 515//515 8//8 512//512
f 790//790 8//8 515//515
f 790//790 515//515 516//516
f 789//789 8//8 790//790
f 790//790 791//791 789//789
f 777//777 781//781 786//786
f 786//786 792//792 777//777
f 792//792 786//786 793//793
f 793//793 786//786 787//787
f 793//793 787//787 788//788
f 788//788 794//794 793//793
f 782//782 777//777 792//792
f 792//792 795//795 782//782
f 795//795 792//792 796//796
f 796//796 792//792 793//793
f 796//796 793//793 794//794
f 794//794 797//797 796//796
f 794//794 788//788 789//789
f 789//789 9//9 794//794
f 797//797 794//794 798//798
f 798//798 794//794 9//9
f 9//9 789//789 799//799
f 799//799 789//789 791//791
f 798//798 9//9 800//800
f 800//800 9//9 799//799
f 800//800 799//799 801//801
f 802//802 774//774 778//778
f 778//778 803//803 802//802
f 803//803 778//778 779//779
f 803//803 779//779 804//804
f 804//804 779//779 780//780
f 802//802 803//803 805//805
f 805//805 803//803 806//806
f 806//806 803//803 804//804
f 807//807 802//802 809//809
f 809//809 802//802 805//805
f 805//805 810//810 809//809
f 810//810 805//805 806//806
f 808//808 807//807 811//811
f 811//811 807//807 809//809
f 811//811 809//809 812//812
f 812//812 809//809 810//810
f 812//812 810//810 813//813
f 812//812 813//813 814//814
f 813//813 810//810 806//806
f 804//804 780//780 815//815
f 815//815 780//780 782//782
f 806//806 804//804 815//815
f 815//815 816//816 806//806
f 815//815 782//782 795//795
f 795//795 817//817 815//815
f 817//817 795//795 796//796
f 796//796 818//818 817//817
f 818//818 796//796 797//797
f 797//797 819//819 818//818
f 816//816 815//815 820//820
f 820//820 815//815 817//817
f 820//820 817//817 821//821
f 821//821 817//817 818//818
f 821//821 818//818 822//822
f 821//821 822//822 823//823
f 822//822 818//818 819//819
f 823//823 822//822 824//824
f 819//819 797//797 798//798
f 819//819 798//798 825//825
f 825//825 798//798 800//800
f 825//825 800//800 801//801
f 801//801 826//826 825//825
f 824//824 822//822 827//827
f 827//827 822//822 825//825
f 825//825 822//822 819//819
f 827//827 825//825 828//828
f 828//828 825//825 829//829
f 829//829 825//825 826//826
f 828//828 829//829 830//830
f 806//806 816//816 831//831
f 831//831 816//816 820//820
f 831//831 820//820 821//821
f 821//821 832//832 831//831
f 832//832 821//821 11//11
f 832//832 11//11 10//10
f 11//11 821//821 823//823
f 814//814 813//813 833//833
f 833//833 813//813 831//831
f 831//831 813//813 806//806
f 833//833 831//831 832//832
f 832//832 834//834 833//833
f 834//834 832//832 835//835
f 835//835 832//832 10//10
f 824//824 11//11 823//823
f 835//835 10//10 12//12
f 12//12 13//13 835//835
f 12//12 11//11 836//836
f 836//836 11//11 827//827
f 827//827 11//11 824//824
f 836//836 827//827 828//828
f 828//828 837//837 836//836
f 837//837 828//828 830//830
f 13//13 12//12 836//836
f 13//13 836//836 838//838
f 838//838 836//836 837//837
f 790//790 516//516 839//839
f 839//839 516//516 566//566
f 839//839 566//566 840//840
f 840//840 566//566 567//567
f 791//791 790//790 841//841
f 841//841 790//790 839//839
f 841//841 839//839 840//840
f 840//840 842//842 841//841
f 840//840 567//567 843//843
f 843//843 567//567 571//571
f 571//571 844//844 843//843
f 844//844 571//571 572//572
f 572//572 845//845 844//844
f 842//842 840//840 846//846
f 846//846 840//840 843//843
f 844//844 846//846 843//843
f 847//847 846//846 844//844
f 847//847 844//844 845//845
f 799//799 791//791 841//841
f 841//841 848//848 799//799
f 848//848 841//841 842//842
f 842//842 849//849 848//848
f 801//801 799//799 848//848
f 848//848 850//850 801//801
f 850//850 848//848 851//851
f 851//851 848//848 852//852
f 852//852 848//848 849//849
f 851//851 852//852 853//853
f 849//849 842//842 846//846
f 849//849 846//846 854//854
f 854//854 846//846 847//847
f 847//847 855//855 854//854
f 853//853 852//852 856//856
f 856//856 852//852 854//854
f 854//854 852//852 849//849
f 856//856 854//854 855//855
f 855//855 857//857 856//856
f 845//845 572//572 583//583
f 583//583 858//858 845//845
f 858//858 583//583 859//859
f 858//858 859//859 860//860
f 859//859 583//583 584//584
f 847//847 845//845 858//858
f 858//858 861//861 847//847
f 861//861 858//858 862//862
f 862//862 858//858 860//860
f 855//855 847//847 863//863
f 855//855 863//863 864//864
f 863//863 847//847 861//861
f 862//862 863//863 861//861
f 857//857 855//855 865//865
f 865//865 855//855 864//864
f 826//826 801//801 866//866
f 866//866 801//801 850//850
f 826//826 866//866 867//867
f 851//851 866//866 850//850
f 867//867 866//866 868//868
f 868//868 866//866 851//851
f 868//868 851//851 853//853
f 830//830 829//829 869//869
f 869//869 829//829 826//826
f 869//869 826//826 867//867
f 869//869 867//867 868//868
f 868//868 870//870 869//869
f 868//868 853//853 856//856
f 856//856 871//871 868//868
f 871//871 856//856 857//857
f 857//857 872//872 871//871
f 870//870 868//868 871//871
f 871//871 873//873 870//870
f 873//873 871//871 874//874
f 874//874 871//871 872//872
f 837//837 830//830 875//875
f 875//875 830//830 869//869
f 875//875 869//869 870//870
f 870//870 876//876 875//875
f 838//838 837//837 877//877
f 877//877 837//837 875//875
f 877//877 875//875 878//878
f 878//878 875//875 876//876
f 876//876 870//870 879//879
f 879//879 870//870 873//873
f 879//879 873//873 880//880
f 880//880 873//873 874//874
f 878//878 876//876 881//881
f 881//881 876//876 879//879
f 881//881 879//879 882//882
f 882//882 879//879 880//880
f 872//872 857//857 883//883
f 883//883 857//857 865//865
f 874//874 872//872 883//883
f 883//883 884//884 874//874
f 880//880 874//874 884//884
f 880//880 884//884 885//885
f 880//880 885//885 886//886
f 882//882 880//880 887//887
f 887//887 880//880 886//886
f 887//887 886//886 888//888
f 887//887 888//888 889//889
f 887//887 889//889 890//890
f 890//890 889//889 891//891
f 860//860 859//859 892//892
f 862//862 860//860 892//892
f 892//892 893//893 862//862
f 894//894 895//895 896//896
f 896//896 895//895 899//899
f 899//899 900//900 896//896
f 900//900 899//899 901//901
f 901//901 899//899 897//897
f 902//902 897//897 898//898
f 892//892 859//859 597//597
f 892//892 597//597 903//903
f 903//903 597//597 904//904
f 597//597 859//859 584//584
f 903//903 904//904 905//905
f 599//599 904//904 597//597
f 600//600 906//906 904//904
f 600//600 904//904 599//599
f 904//904 906//906 905//905
f 895//895 903//903 905//905
f 907//907 905//905 908//908
f 907//907 908//908 897//897
f 897//897 908//908 898//898
f 905//905 906//906 909//909
f 910//910 908//908 909//909
f 909//909 908//908 905//905
f 895//895 905//905 907//907
f 897//897 899//899 907//907
f 864//864 863//863 911//911
f 911//911 863//863 912//912
f 912//912 863//863 862//862
f 912//912 862//862 893//893
f 911//911 912//912 896//896
f 896//896 912//912 894//894
f 865//865 864//864 913//913
f 913//913 864//864 911//911
f 911//911 914//914 913//913
f 914//914 911//911 915//915
f 883//883 865//865 916//916
f 916//916 865//865 913//913
f 916//916 913//913 914//914
f 914//914 917//917 916//916
f 884//884 883//883 916//916
f 916//916 918//918 884//884
f 918//918 916//916 919//919
f 919//919 916//916 917//917
f 919//919 917//917 920//920
f 920//920 917//917 921//921
f 920//920 921//921 922//922
f 920//920 922//922 923//923
f 923//923 922//922 924//924
f 921//921 925//925 922//922
f 925//925 926//926 927//927
f 927//927 928//928 925//925
f 924//924 922//922 929//929
f 929//929 922//922 925//925
f 929//929 925//925 928//928
f 918//918 885//885 884//884
f 888//888 885//885 930//930
f 930//930 885//885 919//919
f 919//919 885//885 918//918
f 930//930 889//889 888//888
f 930//930 919//919 920//920
f 930//930 920//920 931//931
f 931//931 920//920 932//932
f 923//923 932//932 920//920
f 931//931 932//932 933//933
f 933//933 932//932 934//934
f 934//934 932//932 924//924
f 924//924 932//932 923//923
f 891//891 889//889 931//931
f 891//891 931//931 935//935
f 931//931 889//889 930//930
f 935//935 931//931 936//936
f 936//936 931//931 933//933
f 929//929 937//937 924//924
f 924//924 937//937 934//934
f 928//928 938//938 929//929
f 940//940 808//808 811//811
f 940//940 811//811 941//941
f 941//941 811//811 812//812
f 941//941 812//812 942//942
f 942//942 812//812 814//814
f 939//939 808//808 943//943
f 943//943 808//808 940//940
f 943//943 940//940 941//941
f 942//942 944//944 941//941
f 945//945 939//939 943//943
f 943//943 947//947 945//945
f 947//947 943//943 941//941
f 941//941 948//948 947//947
f 948//948 941//941 949//949
f 949//949 941//941 944//944
f 946//946 945//945 947//947
f 947//947 950//950 946//946
f 950//950 947//947 948//948
f 948//948 951//951 950//950
f 951//951 948//948 952//952
f 952//952 948//948 949//949
f 942//942 814//814 953//953
f 953//953 814//814 833//833
f 953//953 833//833 834//834
f 834//834 954//954 953//953
f 954//954 834//834 835//835
f 835//835 955//955 954//954
f 944//944 942//942 953//953
f 953//953 956//956 944//944
f 956//956 953//953 957//957
f 957//957 953//953 954//954
f 957//957 954//954 958//958
f 958//958 954//954 955//955
f 955//955 835//835 959//959
f 959//959 835//835 13//13
f 959//959 13//13 960//960
f 958//958 955//955 961//961
f 961//961 955//955 959//959
f 961//961 959//959 960//960
f 960//960 962//962 961//961
f 960//960 13//13 838//838
f 960//960 838//838 963//963
f 962//962 960//960 963//963
f 963//963 964//964 962//962
f 949//949 944//944 956//956
f 956//956 965//965 949//949
f 965//965 956//956 966//966
f 966//966 956//956 957//957
f 966//966 957//957 967//967
f 967//967 957//957 958//958
f 952//952 949//949 965//965
f 965//965 968//968 952//952
f 968//968 965//965 969//969
f 969//969 965//965 966//966
f 969//969 966//966 970//970
f 970//970 966//966 967//967
f 967//967 958//958 961//961
f 961//961 971//971 967//967
f 971//971 961//961 972//972
f 972//972 961//961 962//962
f 970//970 967//967 971//971
f 970//970 971//971 973//973
f 972//972 973//973 971//971
f 972//972 962//962 974//974
f 974//974 962//962 964//964
f 975//975 973//973 972//972
f 975//975 972//972 974//974
f 950//950 951//951 946//946
f 952//952 977//977 951//951
f 976//976 946//946 951//951
f 951//951 978//978 976//976
f 978//978 951//951 979//979
f 979//979 951//951 977//977
f 977//977 980//980 979//979
f 981//981 976//976 978//978
f 978//978 983//983 981//981
f 983//983 978//978 979//979
f 980//980 984//984 979//979
f 982//982 981//981 985//985
f 985//985 981//981 983//983
f 985//985 983//983 986//986
f 986//986 983//983 979//979
f 986//986 979//979 984//984
f 984//984 987//987 986//986
f 952//952 988//988 977//977
f 980//980 977//977 988//988
f 988//988 952//952 968//968
f 968//968 989//989 988//988
f 989//989 968//968 969//969
f 989//989 969//969 990//990
f 990//990 969//969 970//970
f 980//980 988//988 991//991
f 991//991 988//988 989//989
f 991//991 989//989 990//990
f 990//990 992//992 991//991
f 990//990 970//970 993//993
f 993//993 970//970 973//973
f 992//992 990//990 994//994
f 994//994 990//990 993//993
f 993//993 973//973 995//995
f 995//995 973//973 975//975
f 975//975 996//996 995//995
f 994//994 993//993 997//997
f 997//997 993//993 995//995
f 997//997 995//995 996//996
f 996//996 998//998 997//997
f 984//984 980//980 999//999
f 999//999 980//980 991//991
f 991//991 1000//1000 999//999
f 1000//1000 991//991 992//992
f 992//992 1001//1001 1000//1000
f 987//987 984//984 999//999
f 999//999 1002//1002 987//987
f 1002//1002 999//999 1000//1000
f 1002//1002 1000//1000 1001//1001
f 1001//1001 1003//1003 1002//1002
f 1001//1001 992//992 1004//1004
f 1004//1004 992//992 994//994
f 1003//1003 1001//1001 1004//1004
f 1004//1004 1005//1005 1003//1003
f 1004//1004 994//994 1006//1006
f 1006//1006 994//994 997//997
f 1006//1006 997//997 998//998
f 998//998 1007//1007 1006//1006
f 1005//1005 1004//1004 1006//1006
f 1006//1006 1008//1008 1005//1005
f 1008//1008 1006//1006 1009//1009
f 1009//1009 1006//1006 1010//1010
f 1010//1010 1006//1006 1007//1007
f 963//963 838//838 1011//1011
f 1011//1011 838//838 877//877
f 1011//1011 877//877 1012//1012
f 1012//1012 1013//1013 1011//1011
f 878//878 1012//1012 877//877
f 964//964 963//963 1014//1014
f 1014//1014 963//963 1011//1011
f 1014//1014 1011//1011 1015//1015
f 1015//1015 1011//1011 1013//1013
f 1013//1013 1012//1012 1016//1016
f 1016//1016 1012//1012 881//881
f 881//881 1012//1012 878//878
f 1016//1016 881//881 1017//1017
f 1017//1017 881//881 882//882
f 1015//1015 1013//1013 1018//1018
f 1018//1018 1013//1013 1016//1016
f 1016//1016 1019//1019 1018//1018
f 1019//1019 1016//1016 1017//1017
f 1017//1017 1020//1020 1019//1019
f 974//974 964//964 1014//1014
f 1014//1014 1021//1021 974//974
f 1021//1021 1014//1014 1015//1015
f 1015//1015 1022//1022 1021//1021
f 975//975 974//974 1021//1021
f 1021//1021 1023//1023 975//975
f 1023//1023 1021//1021 1024//1024
f 1024//1024 1021//1021 1022//1022
f 1022//1022 1015//1015 1018//1018
f 1022//1022 1018//1018 1025//1025
f 1025//1025 1018//1018 1019//1019
f 1025//1025 1019//1019 1020//1020
f 1020//1020 1026//1026 1025//1025
f 1024//1024 1022//1022 1027//1027
f 1027//1027 1022//1022 1025//1025
f 1027//1027 1025//1025 1026//1026
f 1026//1026 1028//1028 1027//1027
f 1017//1017 882//882 1029//1029
f 1029//1029 882//882 887//887
f 1029//1029 887//887 1030//1030
f 1030//1030 887//887 890//890
f 1020//1020 1017//1017 1029//1029
f 1029//1029 1031//1031 1020//1020
f 1031//1031 1029//1029 1030//1030
f 1030//1030 1032//1032 1031//1031
f 1030//1030 890//890 891//891
f 1030//1030 891//891 1033//1033
f 1030//1030 1033//1033 1034//1034
f 1034//1034 1033//1033 1035//1035
f 1032//1032 1030//1030 1036//1036
f 1036//1036 1030//1030 1034//1034
f 1036//1036 1034//1034 1035//1035
f 1036//1036 1035//1035 1037//1037
f 1036//1036 1037//1037 1038//1038
f 1026//1026 1020//1020 1031//1031
f 1031//1031 1039//1039 1026//1026
f 1039//1039 1031//1031 1032//1032
f 1032//1032 1040//1040 1039//1039
f 1028//1028 1026//1026 1039//1039
f 1039//1039 1041//1041 1028//1028
f 1041//1041 1039//1039 1040//1040
f 1040//1040 1042//1042 1041//1041
f 1040//1040 1032//1032 1043//1043
f 1043//1043 1032//1032 1036//1036
f 1043//1043 1036//1036 1044//1044
f 1043//1043 1044//1044 1045//1045
f 1044//1044 1036//1036 1038//1038
f 1042//1042 1040//1040 1043//1043
f 1043//1043 1046//1046 1042//1042
f 1046//1046 1043//1043 1047//1047
f 1047//1047 1043//1043 1045//1045
f 996//996 975//975 1023//1023
f 1023//1023 1048//1048 996//996
f 1048//1048 1023//1023 1049//1049
f 1049//1049 1023//1023 1024//1024
f 998//998 996//996 1050//1050
f 1050//1050 996//996 1048//1048
f 1050//1050 1048//1048 1051//1051
f 1051//1051 1048//1048 1049//1049
f 1049//1049 1024//1024 1052//1052
f 1052//1052 1024//1024 1027//1027
f 1027//1027 1053//1053 1052//1052
f 1053//1053 1027//1027 1028//1028
f 1028//1028 1054//1054 1053//1053
f 1051//1051 1049//1049 1052//1052
f 1052//1052 1055//1055 1051//1051
f 1055//1055 1052//1052 1053//1053
f 1053//1053 1056//1056 1055//1055
f 1056//1056 1053//1053 1057//1057
f 1057//1057 1053//1053 1054//1054
f 1007//1007 998//998 1058//1058
f 1058//1058 998//998 1050//1050
f 1058//1058 1050//1050 1059//1059
f 1059//1059 1050//1050 1051//1051
f 1060//1060 1010//1010 1061//1061
f 1061//1061 1010//1010 1058//1058
f 1058//1058 1010//1010 1007//1007
f 1062//1062 1010//1010 1060//1060
f 1061//1061 1058//1058 1059//1059
f 1059//1059 1063//1063 1061//1061
f 1059//1059 1051//1051 1055//1055
f 1055//1055 1064//1064 1059//1059
f 1064//1064 1055//1055 1056//1056
f 1056//1056 1065//1065 1064//1064
f 1065//1065 1056//1056 1066//1066
f 1066//1066 1056//1056 1057//1057
f 1067//1067 1059//1059 1064//1064
f 1067//1067 1064//1064 1068//1068
f 1068//1068 1064//1064 1065//1065
f 1068//1068 1065//1065 1066//1066
f 1066//1066 1069//1069 1068//1068
f 1054//1054 1028//1028 1041//1041
f 1041//1041 1070//1070 1054//1054
f 1070//1070 1041//1041 1071//1071
f 1071//1071 1041//1041 1042//1042
f 1057//1057 1054//1054 1070//1070
f 1070//1070 1072//1072 1057//1057
f 1072//1072 1070//1070 1071//1071
f 1071//1071 1073//1073 1072//1072
f 1071//1071 1042//1042 1046//1046
f 1046//1046 1074//1074 1071//1071
f 1074//1074 1046//1046 1075//1075
f 1075//1075 1046//1046 1047//1047
f 1073//1073 1071//1071 1075//1075
f 1073//1073 1075//1075 1076//1076
f 1075//1075 1071//1071 1074//1074
f 1066//1066 1057//1057 1072//1072
f 1072//1072 1077//1077 1066//1066
f 1077//1077 1072//1072 1073//1073
f 1073//1073 1078//1078 1077//1077
f 1069//1069 1066//1066 1077//1077
f 1077//1077 1079//1079 1069//1069
f 1079//1079 1077//1077 1078//1078
f 1078//1078 1080//1080 1079//1079
f 1078//1078 1073//1073 1081//1081
f 1081//1081 1073//1073 1076//1076
f 1080//1080 1078//1078 1082//1082
f 1082//1082 1078//1078 1081//1081
f 935//935 1033//1033 891//891
f 1035//1035 1033//1033 936//936
f 1035//1035 936//936 1083//1083
f 936//936 1033//1033 935//935
f 1083//1083 1037//1037 1035//1035
f 1047//1047 1045//1045 1084//1084
f 1075//1075 1047//1047 1085//1085
f 1085//1085 1047//1047 1084//1084
f 1076//1076 1075//1075 1086//1086
f 1086//1086 1075//1075 1087//1087
f 1087//1087 1075//1075 1085//1085
f 1081//1081 1076//1076 1088//1088
f 1088//1088 1076//1076 1086//1086
f 1088//1088 1086//1086 1087//1087
f 1087//1087 1089//1089 1088//1088
f 1082//1082 1081//1081 1090//1090
f 1090//1090 1081//1081 1088//1088
f 1090//1090 1088//1088 1089//1089
f 1089//1089 1091//1091 1090//1090
f 749//749 906//906 600//600
f 752//752 1092//1092 909//909
f 752//752 909//909 749//749
f 749//749 909//909 906//906
f 933//933 934//934 1093//1093
f 936//936 933//933 1094//1094
f 1094//1094 1095//1095 936//936
f 1093//1093 1094//1094 933//933
f 1096//1096 1094//1094 1093//1093
f 1096//1096 1093//1093 1097//1097
f 1096//1096 1097//1097 1098//1098
f 1098//1098 1097//1097 1099//1099
f 1099//1099 1097//1097 1100//1100
f 1099//1099 1100//1100 1101//1101
f 1102//1102 1101//1101 1103//1103
f 1103//1103 1101//1101 1104//1104
f 1103//1103 1104//1104 1105//1105
f 1104//1104 1101//1101 1100//1100
f 1106//1106 1044//1044 1038//1038
f 1107//1107 1108//1108 1109//1109
f 1109//1109 1108//1108 1110//1110
f 1110//1110 1108//1108 1111//1111
f 1112//1112 1107//1107 1109//1109
f 1109//1109 1113//1113 1112//1112
f 1113//1113 1109//1109 1114//1114
f 1114//1114 1109//1109 1110//1110
f 1110//1110 1111//1111 1115//1115
f 1110//1110 1115//1115 1118//1118
f 1118//1118 1115//1115 1116//1116
f 1118//1118 1116//1116 1117//1117
f 1118//1118 1117//1117 1119//1119
f 1119//1119 1117//1117 1120//1120
f 1114//1114 1110//1110 1121//1121
f 1121//1121 1110//1110 1118//1118
f 1121//1121 1118//1118 1122//1122
f 1122//1122 1118//1118 1119//1119
f 1119//1119 1120//1120 1123//1123
f 1123//1123 1124//1124 1119//1119
f 1124//1124 1123//1123 1125//1125
f 1125//1125 1126//1126 1124//1124
f 1122//1122 1119//1119 1127//1127
f 1127//1127 1119//1119 1124//1124
f 1127//1127 1124//1124 1126//1126
f 1126//1126 1128//1128 1127//1127
f 1129//1129 1130//1130 1114//1114
f 1129//1129 1114//1114 1131//1131
f 1114//1114 1130//1130 1113//1113
f 1131//1131 1114//1114 1132//1132
f 1132//1132 1114//1114 1121//1121
f 1132//1132 1121//1121 1122//1122
f 1122//1122 1133//1133 1132//1132
f 1134//1134 1131//1131 1132//1132
f 1134//1134 1132//1132 1135//1135
f 1135//1135 1132//1132 1136//1136
f 1136//1136 1132//1132 1133//1133
f 1133//1133 1122//1122 1127//1127
f 1127//1127 1137//1137 1133//1133
f 1137//1137 1127//1127 1128//1128
f 1136//1136 1133//1133 1138//1138
f 1138//1138 1133//1133 1137//1137
f 1138//1138 1137//1137 1139//1139
f 1140//1140 1134//1134 1135//1135
f 1135//1135 1141//1141 1140//1140
f 1141//1141 1135//1135 1142//1142
f 1142//1142 1135//1135 1136//1136
f 1143//1143 1140//1140 1144//1144
f 1144//1144 1140//1140 1141//1141
f 1144//1144 1141//1141 1145//1145
f 1145//1145 1141//1141 1142//1142
f 1142//1142 1136//1136 1146//1146
f 1146//1146 1136//1136 1138//1138
f 1146//1146 1138//1138 1147//1147
f 1147//1147 1138//1138 1139//1139
f 1145//1145 1142//1142 1146//1146
f 1146//1146 1148//1148 1145//1145
f 1148//1148 1146//1146 1149//1149
f 1149//1149 1146//1146 1147//1147
f 1083//1083 936//936 1150//1150
f 1150//1150 936//936 1095//1095
f 1150//1150 1095//1095 1096//1096
f 1150//1150 1096//1096 1151//1151
f 1151//1151 1096//1096 1152//1152
f 1106//1106 1037//1037 1153//1153
f 1153//1153 1037//1037 1150//1150
f 1150//1150 1037//1037 1083//1083
f 1153//1153 1150//1150 1154//1154
f 1154//1154 1150//1150 1151//1151
f 1151//1151 1152//1152 1155//1155
f 1155//1155 1152//1152 1099//1099
f 1155//1155 1099//1099 1102//1102
f 1099//1099 1152//1152 1098//1098
f 1155//1155 1102//1102 1103//1103
f 1103//1103 1156//1156 1155//1155
f 1154//1154 1151//1151 1155//1155
f 1155//1155 1157//1157 1154//1154
f 1157//1157 1155//1155 1156//1156
f 1156//1156 1158//1158 1157//1157
f 1045//1045 1044//1044 1159//1159
f 1159//1159 1044//1044 1106//1106
f 1159//1159 1106//1106 1153//1153
f 1159//1159 1153//1153 1154//1154
f 1154//1154 1160//1160 1159//1159
f 1084//1084 1045//1045 1159//1159
f 1159//1159 1161//1161 1084//1084
f 1161//1161 1159//1159 1162//1162
f 1162//1162 1159//1159 1160//1160
f 1160//1160 1154//1154 1107//1107
f 1107//1107 1154//1154 1108//1108
f 1108//1108 1154//1154 1157//1157
f 1158//1158 1111//1111 1157//1157
f 1157//1157 1111//1111 1108//1108
f 1162//1162 1160//1160 1107//1107
f 1107//1107 1112//1112 1162//1162
f 1156//1156 1103//1103 1163//1163
f 1163//1163 1164//1164 1156//1156
f 1164//1164 1163//1163 1165//1165
f 1165//1165 1166//1166 1164//1164
f 1158//1158 1156//1156 1115//1115
f 1115//1115 1156//1156 1164//1164
f 1115//1115 1164//1164 1116//1116
f 1117//1117 1116//1116 1164//1164
f 1117//1117 1164//1164 1166//1166
f 1117//1117 1166//1166 1167//1167
f 1167//1167 1166//1166 1168//1168
f 1168//1168 1123//1123 1167//1167
f 1123//1123 1168//1168 1169//1169
f 1169//1169 1168//1168 1170//1170
f 1120//1120 1167//1167 1123//1123
f 1169//1169 1125//1125 1123//1123
f 1085//1085 1084//1084 1161//1161
f 1161//1161 1171//1171 1085//1085
f 1171//1171 1161//1161 1172//1172
f 1172//1172 1161//1161 1162//1162
f 1087//1087 1085//1085 1171//1171
f 1087//1087 1171//1171 1173//1173
f 1087//1087 1173//1173 1174//1174
f 1175//1175 1173//1173 1172//1172
f 1172//1172 1173//1173 1171//1171
f 1172//1172 1162//1162 1176//1176
f 1176//1176 1162//1162 1130//1130
f 1130//1130 1162//1162 1112//1112
f 1176//1176 1130//1130 1129//1129
f 1175//1175 1172//1172 1177//1177
f 1177//1177 1172//1172 1176//1176
f 1177//1177 1176//1176 1129//1129
f 1177//1177 1129//1129 1131//1131
f 1177//1177 1131//1131 1178//1178
f 1089//1089 1087//1087 1179//1179
f 1179//1179 1087//1087 1174//1174
f 1180//1180 1173//1173 1181//1181
f 1180//1180 1181//1181 1182//1182
f 1183//1183 1089//1089 1179//1179
f 1184//1184 1181//1181 1177//1177
f 1184//1184 1177//1177 1185//1185
f 1177//1177 1181//1181 1175//1175
f 1185//1185 1177//1177 1186//1186
f 1186//1186 1177//1177 1178//1178
f 1187//1187 1188//1188 1184//1184
f 1187//1187 1184//1184 1185//1185
f 1187//1187 1185//1185 1186//1186
f 1186//1186 1189//1189 1187//1187
f 1178//1178 1131//1131 1134//1134
f 1137//1137 1128//1128 1190//1190
f 1190//1190 1139//1139 1137//1137
f 1186//1186 1178//1178 1134//1134
f 1134//1134 1140//1140 1186//1186
f 1189//1189 1186//1186 1143//1143
f 1143//1143 1186//1186 1140//1140
f 1147//1147 1139//1139 1191//1191
f 1147//1147 1191//1191 1192//1192
f 1169//1169 1170//1170 1193//1193
f 1126//1126 1125//1125 1194//1194
f 1194//1194 1125//1125 1193//1193
f 1193//1193 1125//1125 1169//1169
f 1128//1128 1126//1126 1195//1195
f 1195//1195 1126//1126 1194//1194
f 1190//1190 1128//1128 1196//1196
f 1196//1196 1128//1128 1195//1195
f 1191//1191 1139//1139 1190//1190
f 1191//1191 1190//1190 1196//1196
f 1191//1191 1196//1196 1197//1197
f 1197//1197 1192//1192 1191//1191
f 1198//1198 982//982 1200//1200
f 1200//1200 982//982 985//985
f 1200//1200 985//985 986//986
f 986//986 1201//1201 1200//1200
f 1201//1201 986//986 987//987
f 987//987 1202//1202 1201//1201
f 1199//1199 1198//1198 1203//1203
f 1203//1203 1198//1198 1200//1200
f 1203//1203 1200//1200 1204//1204
f 1204//1204 1200//1200 1201//1201
f 1204//1204 1201//1201 1205//1205
f 1205//1205 1201//1201 1202//1202
f 1206//1206 1199//1199 1208//1208
f 1208//1208 1199//1199 1203//1203
f 1208//1208 1203//1203 1209//1209
f 1209//1209 1203//1203 1204//1204
f 1209//1209 1204//1204 1210//1210
f 1210//1210 1204//1204 1205//1205
f 1207//1207 1206//1206 1211//1211
f 1211//1211 1206//1206 1208//1208
f 1211//1211 1208//1208 1212//1212
f 1212//1212 1208//1208 1209//1209
f 1212//1212 1209//1209 1213//1213
f 1213//1213 1209//1209 1210//1210
f 1205//1205 1202//1202 1214//1214
f 1210//1210 1205//1205 1215//1215
f 1215//1215 1205//1205 1214//1214
f 1213//1213 1210//1210 1215//1215
f 1202//1202 987//987 1002//1002
f 1002//1002 1216//1216 1202//1202
f 1216//1216 1002//1002 1217//1217
f 1217//1217 1002//1002 1003//1003
f 1214//1214 1202//1202 1216//1216
f 1216//1216 1218//1218 1214//1214
f 1216//1216 1219//1219 1218//1218
f 1219//1219 1216//1216 1220//1220
f 1220//1220 1216//1216 1217//1217
f 1217//1217 1003//1003 1005//1005
f 1005//1005 1221//1221 1217//1217
f 1220//1220 1217//1217 1221//1221
f 1221//1221 1222//1222 1220//1220
f 1221//1221 1005//1005 1008//1008
f 1008//1008 1223//1223 1221//1221
f 1223//1223 1008//1008 1224//1224
f 1224//1224 1008//1008 1009//1009
f 1224//1224 1009//1009 1225//1225
f 1225//1225 1009//1009 1062//1062
f 1222//1222 1221//1221 1223//1223
f 1223//1223 1226//1226 1222//1222
f 1226//1226 1223//1223 1227//1227
f 1227//1227 1223//1223 1224//1224
f 1227//1227 1224//1224 1225//1225
f 1225//1225 1228//1228 1227//1227
f 1215//1215 1214//1214 1218//1218
f 1218//1218 1229//1229 1215//1215
f 1229//1229 1218//1218 1230//1230
f 1230//1230 1218//1218 1219//1219
f 1230//1230 1219//1219 1231//1231
f 1231//1231 1219//1219 1220//1220
f 1213//1213 1215//1215 1229//1229
f 1229//1229 1232//1232 1213//1213
f 1232//1232 1229//1229 1230//1230
f 1232//1232 1230//1230 1233//1233
f 1233//1233 1230//1230 1231//1231
f 1231//1231 1220//1220 1234//1234
f 1234//1234 1220//1220 1222//1222
f 1233//1233 1231//1231 1235//1235
f 1235//1235 1231//1231 1234//1234
f 1234//1234 1222//1222 1236//1236
f 1236//1236 1222//1222 1226//1226
f 1236//1236 1226//1226 1227//1227
f 1227//1227 1237//1237 1236//1236
f 1237//1237 1227//1227 1228//1228
f 1228//1228 1238//1238 1237//1237
f 1235//1235 1234//1234 1239//1239
f 1239//1239 1234//1234 1236//1236
f 1239//1239 1236//1236 1237//1237
f 1237//1237 1240//1240 1239//1239
f 1240//1240 1237//1237 1238//1238
f 1238//1238 1241//1241 1240//1240
f 1211//1211 1243//1243 1207//1207
f 1243//1243 1211//1211 1212//1212
f 1212//1212 1244//1244 1243//1243
f 1244//1244 1212//1212 1213//1213
f 1213//1213 1245//1245 1244//1244
f 1242//1242 1207//1207 1243//1243
f 1243//1243 1246//1246 1242//1242
f 1246//1246 1243//1243 1244//1244
f 1244//1244 1247//1247 1246//1246
f 1247//1247 1244//1244 1248//1248
f 1248//1248 1244//1244 1245//1245
f 1249//1249 1242//1242 1246//1246
f 1246//1246 1250//1250 1249//1249
f 1250//1250 1246//1246 1247//1247
f 1247//1247 1251//1251 1250//1250
f 1251//1251 1247//1247 1252//1252
f 1252//1252 1247//1247 1248//1248
f 1251//1251 1253//1253 1250//1250
f 1253//1253 1251//1251 1254//1254
f 1254//1254 1251//1251 1252//1252
f 1248//1248 1255//1255 1252//1252
f 1254//1254 1252//1252 1255//1255
f 1255//1255 1256//1256 1254//1254
f 1245//1245 1213//1213 1232//1232
f 1245//1245 1232//1232 1257//1257
f 1257//1257 1232//1232 1258//1258
f 1258//1258 1232//1232 1233//1233
f 1248//1248 1245//1245 1259//1259
f 1259//1259 1245//1245 1257//1257
f 1259//1259 1257//1257 1260//1260
f 1260//1260 1257//1257 1258//1258
f 1258//1258 1261//1261 1260//1260
f 1258//1258 1233//1233 1262//1262
f 1262//1262 1233//1233 1235//1235
f 1261//1261 1258//1258 1263//1263
f 1263//1263 1258//1258 1262//1262
f 1262//1262 1235//1235 1264//1264
f 1264//1264 1235//1235 1239//1239
f 1264//1264 1239//1239 1265//1265
f 1264//1264 1265//1265 1266//1266
f 1265//1265 1239//1239 1240//1240
f 1263//1263 1262//1262 1267//1267
f 1267//1267 1262//1262 1264//1264
f 1267//1267 1264//1264 1268//1268
f 1268//1268 1264//1264 1266//1266
f 1255//1255 1248//1248 1259//1259
f 1259//1259 1269//1269 1255//1255
f 1269//1269 1259//1259 1260//1260
f 1269//1269 1260//1260 1270//1270
f 1270//1270 1260//1260 1261//1261
f 1256//1256 1255//1255 1271//1271
f 1271//1271 1255//1255 1269//1269
f 1271//1271 1269//1269 1270//1270
f 1270//1270 1272//1272 1271//1271
f 1270//1270 1261//1261 1273//1273
f 1273//1273 1261//1261 1263//1263
f 1272//1272 1270//1270 1273//1273
f 1273//1273 1274//1274 1272//1272
f 1273//1273 1263//1263 1267//1267
f 1267//1267 1275//1275 1273//1273
f 1275//1275 1267//1267 1268//1268
f 1268//1268 1276//1276 1275//1275
f 1274//1274 1273//1273 1275//1275
f 1275//1275 1277//1277 1274//1274
f 1277//1277 1275//1275 1278//1278
f 1278//1278 1275//1275 1276//1276
f 1225//1225 1062//1062 1279//1279
f 1225//1225 1279//1279 1280//1280
f 1279//1279 1062//1062 1060//1060
f 1063//1063 1281//1281 1279//1279
f 1279//1279 1061//1061 1063//1063
f 1280//1280 1279//1279 1281//1281
f 1228//1228 1225//1225 1282//1282
f 1282//1282 1225//1225 1280//1280
f 1282//1282 1280//1280 1283//1283
f 1283//1283 1280//1280 1281//1281
f 1284//1284 1281//1281 1067//1067
f 1284//1284 1067//1067 1068//1068
f 1284//1284 1068//1068 1069//1069
f 1069//1069 1285//1285 1284//1284
f 1283//1283 1281//1281 1284//1284
f 1284//1284 1286//1286 1283//1283
f 1286//1286 1284//1284 1285//1285
f 1285//1285 1287//1287 1286//1286
f 1238//1238 1228//1228 1282//1282
f 1282//1282 1288//1288 1238//1238
f 1288//1288 1282//1282 1289//1289
f 1289//1289 1282//1282 1283//1283
f 1241//1241 1238//1238 1288//1288
f 1288//1288 1290//1290 1241//1241
f 1290//1290 1288//1288 1291//1291
f 1291//1291 1288//1288 1289//1289
f 1289//1289 1283//1283 1286//1286
f 1286//1286 1292//1292 1289//1289
f 1292//1292 1286//1286 1287//1287
f 1287//1287 1293//1293 1292//1292
f 1291//1291 1289//1289 1292//1292
f 1292//1292 1294//1294 1291//1291
f 1294//1294 1292//1292 1293//1293
f 1293//1293 1295//1295 1294//1294
f 1285//1285 1069//1069 1079//1079
f 1079//1079 1296//1296 1285//1285
f 1296//1296 1079//1079 1080//1080
f 1296//1296 1080//1080 1297//1297
f 1287//1287 1285//1285 1296//1296
f 1296//1296 1298//1298 1287//1287
f 1298//1298 1296//1296 1297//1297
f 1298//1298 1297//1297 1299//1299
f 1298//1298 1299//1299 1300//1300
f 1293//1293 1287//1287 1298//1298
f 1298//1298 1301//1301 1293//1293
f 1301//1301 1298//1298 1302//1302
f 1302//1302 1298//1298 1300//1300
f 1295//1295 1293//1293 1301//1301
f 1301//1301 1303//1303 1295//1295
f 1303//1303 1301//1301 1302//1302
f 1302//1302 1304//1304 1303//1303
f 1300//1300 1305//1305 1302//1302
f 1304//1304 1302//1302 1305//1305
f 1304//1304 1305//1305 1306//1306
f 1306//1306 1305//1305 1307//1307
f 1306//1306 1307//1307 1308//1308
f 1308//1308 1309//1309 1306//1306
f 1266//1266 1265//1265 1310//1310
f 1310//1310 1265//1265 1290//1290
f 1310//1310 1290//1290 1311//1311
f 1290//1290 1265//1265 1241//1241
f 1311//1311 1290//1290 1312//1312
f 1312//1312 1290//1290 1291//1291
f 1268//1268 1266//1266 1313//1313
f 1313//1313 1266//1266 1310//1310
f 1313//1313 1310//1310 1311//1311
f 1311//1311 1314//1314 1313//1313
f 1314//1314 1311//1311 1312//1312
f 1312//1312 1315//1315 1314//1314
f 1312//1312 1291//1291 1294//1294
f 1294//1294 1316//1316 1312//1312
f 1316//1316 1294//1294 1295//1295
f 1295//1295 1317//1317 1316//1316
f 1315//1315 1312//1312 1316//1316
f 1316//1316 1318//1318 1315//1315
f 1318//1318 1316//1316 1317//1317
f 1317//1317 1319//1319 1318//1318
f 1276//1276 1268//1268 1320//1320
f 1276//1276 1320//1320 1321//1321
f 1320//1320 1268//1268 1313//1313
f 1314//1314 1320//1320 1313//1313
f 1321//1321 1320//1320 1322//1322
f 1322//1322 1320//1320 1315//1315
f 1315//1315 1320//1320 1314//1314
f 1278//1278 1276//1276 1323//1323
f 1323//1323 1276//1276 1321//1321
f 1321//1321 1324//1324 1323//1323
f 1324//1324 1321//1321 1322//1322
f 1322//1322 1325//1325 1324//1324
f 1322//1322 1315//1315 1326//1326
f 1326//1326 1315//1315 1318//1318
f 1326//1326 1318//1318 1327//1327
f 1327//1327 1318//1318 1319//1319
f 1325//1325 1322//1322 1328//1328
f 1328//1328 1322//1322 1326//1326
f 1328//1328 1326//1326 1329//1329
f 1329//1329 1326//1326 1327//1327
f 1317//1317 1295//1295 1303//1303
f 1303//1303 1330//1330 1317//1317
f 1330//1330 1303//1303 1331//1331
f 1331//1331 1303//1303 1304//1304
f 1319//1319 1317//1317 1332//1332
f 1332//1332 1317//1317 1330//1330
f 1332//1332 1330//1330 1331//1331
f 1331//1331 1333//1333 1332//1332
f 1331//1331 1304//1304 1306//1306
f 1306//1306 1334//1334 1331//1331
f 1334//1334 1306//1306 1309//1309
f 1309//1309 1335//1335 1334//1334
f 1333//1333 1331//1331 1334//1334
f 1334//1334 1336//1336 1333//1333
f 1336//1336 1334//1334 1335//1335
f 1335//1335 1337//1337 1336//1336
f 1327//1327 1319//1319 1338//1338
f 1338//1338 1319//1319 1332//1332
f 1338//1338 1332//1332 1333//1333
f 1333//1333 1339//1339 1338//1338
f 1329//1329 1327//1327 1338//1338
f 1338//1338 1340//1340 1329//1329
f 1340//1340 1338//1338 1339//1339
f 1339//1339 1341//1341 1340//1340
f 1339//1339 1333//1333 1336//1336
f 1336//1336 1342//1342 1339//1339
f 1342//1342 1336//1336 1337//1337
f 1337//1337 1343//1343 1342//1342
f 1341//1341 1339//1339 1344//1344
f 1344//1344 1339//1339 1342//1342
f 1344//1344 1342//1342 1345//1345
f 1345//1345 1342//1342 1343//1343
f 1297//1297 1080//1080 1346//1346
f 1346//1346 1080//1080 1082//1082
f 1346//1346 1082//1082 1090//1090
f 1346//1346 1090//1090 1347//1347
f 1347//1347 1090//1090 1091//1091
f 1300//1300 1299//1299 1348//1348
f 1348//1348 1299//1299 1346//1346
f 1346//1346 1299//1299 1297//1297
f 1348//1348 1346//1346 1349//1349
f 1349//1349 1346//1346 1347//1347
f 1305//1305 1300//1300 1348//1348
f 1348//1348 1307//1307 1305//1305
f 1307//1307 1348//1348 1350//1350
f 1350//1350 1348//1348 1349//1349
f 1350//1350 1308//1308 1307//1307
f 1250//1250 1352//1352 1249//1249
f 1352//1352 1250//1250 1253//1253
f 1253//1253 1353//1353 1352//1352
f 1353//1353 1253//1253 1354//1354
f 1354//1354 1253//1253 1254//1254
f 1351//1351 1249//1249 1352//1352
f 1352//1352 1355//1355 1351//1351
f 1355//1355 1352//1352 1353//1353
f 1353//1353 1356//1356 1355//1355
f 1356//1356 1353//1353 1357//1357
f 1357//1357 1353//1353 1354//1354
f 1358//1358 1351//1351 1355//1355
f 1355//1355 1360//1360 1358//1358
f 1360//1360 1355//1355 1356//1356
f 1356//1356 1361//1361 1360//1360
f 1361//1361 1356//1356 1362//1362
f 1362//1362 1356//1356 1357//1357
f 1359//1359 1358//1358 1363//1363
f 1363//1363 1358//1358 1360//1360
f 1363//1363 1360//1360 1361//1361
f 1361//1361 1364//1364 1363//1363
f 1364//1364 1361//1361 1365//1365
f 1365//1365 1361//1361 1362//1362
f 1354//1354 1254//1254 1256//1256
f 1256//1256 1366//1366 1354//1354
f 1357//1357 1354//1354 1366//1366
f 1366//1366 1367//1367 1357//1357
f 1362//1362 1357//1357 1367//1367
f 1367//1367 1368//1368 1362//1362
f 1365//1365 1362//1362 1368//1368
f 1368//1368 1369//1369 1365//1365
f 1366//1366 1256//1256 1370//1370
f 1370//1370 1256//1256 1271//1271
f 1370//1370 1271//1271 1371//1371
f 1371//1371 1271//1271 1272//1272
f 1272//1272 1372//1372 1371//1371
f 1367//1367 1366//1366 1373//1373
f 1373//1373 1366//1366 1370//1370
f 1373//1373 1370//1370 1374//1374
f 1374//1374 1370//1370 1371//1371
f 1374//1374 1371//1371 1372//1372
f 1374//1374 1372//1372 1375//1375
f 1374//1374 1375//1375 1376//1376
f 1372//1372 1272//1272 1274//1274
f 1372//1372 1274//1274 1377//1377
f 1377//1377 1274//1274 1277//1277
f 1377//1377 1277//1277 1278//1278
f 1278//1278 1378//1378 1377//1377
f 1376//1376 1375//1375 1379//1379
f 1379//1379 1375//1375 1377//1377
f 1377//1377 1375//1375 1372//1372
f 1379//1379 1377//1377 1380//1380
f 1380//1380 1377//1377 1378//1378
f 1380//1380 1378//1378 1381//1381
f 1368//1368 1367//1367 1382//1382
f 1382//1382 1367//1367 1373//1373
f 1382//1382 1373//1373 1374//1374
f 1374//1374 1383//1383 1382//1382
f 1383//1383 1374//1374 1384//1384
f 1384//1384 1374//1374 1376//1376
f 1369//1369 1368//1368 1382//1382
f 1369//1369 1382//1382 1385//1385
f 1369//1369 1385//1385 1386//1386
f 1385//1385 1382//1382 1383//1383
f 1384//1384 1385//1385 1383//1383
f 1384//1384 1376//1376 1387//1387
f 1386//1386 1385//1385 1388//1388
f 1388//1388 1385//1385 1389//1389
f 1388//1388 1389//1389 1390//1390
f 1389//1389 1385//1385 1387//1387
f 1387//1387 1385//1385 1384//1384
f 1390//1390 1389//1389 1391//1391
f 1391//1391 1389//1389 1392//1392
f 1387//1387 1376//1376 1393//1393
f 1387//1387 1393//1393 1394//1394
f 1393//1393 1376//1376 1379//1379
f 1394//1394 1393//1393 1395//1395
f 1380//1380 1393//1393 1379//1379
f 1395//1395 1393//1393 1380//1380
f 1395//1395 1380//1380 1396//1396
f 1396//1396 1380//1380 1397//1397
f 1397//1397 1380//1380 1398//1398
f 1394//1394 1389//1389 1387//1387
f 1395//1395 1399//1399 1389//1389
f 1395//1395 1389//1389 1394//1394
f 1389//1389 1399//1399 1392//1392
f 1396//1396 1399//1399 1395//1395
f 1400//1400 1359//1359 1402//1402
f 1402//1402 1359//1359 1363//1363
f 1402//1402 1363//1363 1364//1364
f 1364//1364 1403//1403 1402//1402
f 1403//1403 1364//1364 1365//1365
f 1365//1365 1404//1404 1403//1403
f 1401//1401 1400//1400 1405//1405
f 1405//1405 1400//1400 1402//1402
f 1405//1405 1402//1402 1406//1406
f 1406//1406 1402//1402 1403//1403
f 1406//1406 1403//1403 1404//1404
f 1404//1404 1407//1407 1406//1406
f 1409//1409 1401//1401 1405//1405
f 1409//1409 1405//1405 1410//1410
f 1410//1410 1405//1405 1406//1406
f 1410//1410 1406//1406 1407//1407
f 1407//1407 1411//1411 1410//1410
f 1408//1408 1401//1401 1412//1412
f 1412//1412 1401//1401 1409//1409
f 1412//1412 1409//1409 1413//1413
f 1413//1413 1409//1409 1410//1410
f 1413//1413 1410//1410 1411//1411
f 1411//1411 1414//1414 1413//1413
f 1404//1404 1365//1365 1415//1415
f 1404//1404 1415//1415 1416//1416
f 1415//1415 1365//1365 1369//1369
f 1407//1407 1404//1404 1417//1417
f 1417//1417 1404//1404 1416//1416
f 1416//1416 1418//1418 1417//1417
f 1411//1411 1407//1407 1419//1419
f 1419//1419 1407//1407 1417//1417
f 1419//1419 1417//1417 1418//1418
f 1418//1418 1420//1420 1419//1419
f 1414//1414 1411//1411 1421//1421
f 1421//1421 1411//1411 1419//1419
f 1421//1421 1419//1419 1420//1420
f 1420//1420 1422//1422 1421//1421
f 1416//1416 1415//1415 1423//1423
f 1423//1423 1415//1415 1386//1386
f 1386//1386 1415//1415 1369//1369
f 1418//1418 1416//1416 1423//1423
f 1423//1423 1424//1424 1418//1418
f 1423//1423 1386//1386 1388//1388
f 1423//1423 1388//1388 1425//1425
f 1423//1423 1425//1425 1426//1426
f 1426//1426 1425//1425 1427//1427
f 1427//1427 1428//1428 1426//1426
f 1390//1390 1425//1425 1388//1388
f 1391//1391 1427//1427 1425//1425
f 1425//1425 1390//1390 1391//1391
f 1424//1424 1423//1423 1429//1429
f 1429//1429 1423//1423 1426//1426
f 1429//1429 1426//1426 1430//1430
f 1430//1430 1426//1426 1428//1428
f 1420//1420 1418//1418 1424//1424
f 1424//1424 1431//1431 1420//1420
f 1422//1422 1420//1420 1431//1431
f 1431//1431 1432//1432 1422//1422
f 1431//1431 1424//1424 1433//1433
f 1433//1433 1424//1424 1429//1429
f 1433//1433 1429//1429 1434//1434
f 1434//1434 1429//1429 1430//1430
f 1432//1432 1431//1431 1433//1433
f 1433//1433 1435//1435 1432//1432
f 1435//1435 1433//1433 1436//1436
f 1436//1436 1433//1433 1434//1434
f 1391//1391 1392//1392 1437//1437
f 1396//1396 1397//1397 1438//1438
f 1437//1437 1392//1392 1399//1399
f 1437//1437 1399//1399 1439//1439
f 1437//1437 1439//1439 1440//1440
f 1440//1440 1439//1439 1441//1441
f 1441//1441 1439//1439 1442//1442
f 1438//1438 1443//1443 1396//1396
f 1396//1396 1443//1443 1439//1439
f 1396//1396 1439//1439 1399//1399
f 1444//1444 1442//1442 1439//1439
f 1439//1439 1443//1443 1444//1444
f 1441//1441 1442//1442 1445//1445
f 1447//1447 1445//1445 1442//1442
f 1442//1442 1444//1444 1447//1447
f 1448//1448 1446//1446 1447//1447
f 1447//1447 1446//1446 1445//1445
f 1428//1428 1427//1427 1449//1449
f 1437//1437 1450//1450 1449//1449
f 1437//1437 1449//1449 1427//1427
f 1437//1437 1427//1427 1391//1391
f 1449//1449 1450//1450 1451//1451
f 1449//1449 1451//1451 1452//1452
f 1430//1430 1428//1428 1453//1453
f 1453//1453 1428//1428 1449//1449
f 1453//1453 1449//1449 1454//1454
f 1453//1453 1454//1454 1455//1455
f 1452//1452 1454//1454 1449//1449
f 1452//1452 1451//1451 1456//1456
f 1452//1452 1456//1456 1457//1457
f 1457//1457 1456//1456 1458//1458
f 1455//1455 1454//1454 1459//1459
f 1459//1459 1460//1460 1455//1455
f 1460//1460 1459//1459 1461//1461
f 1461//1461 1462//1462 1460//1460
f 1452//1452 1459//1459 1454//1454
f 1457//1457 1461//1461 1459//1459
f 1459//1459 1452//1452 1457//1457
f 1440//1440 1450//1450 1437//1437
f 1441//1441 1451//1451 1440//1440
f 1440//1440 1451//1451 1450//1450
f 1445//1445 1456//1456 1441//1441
f 1441//1441 1456//1456 1451//1451
f 1446//1446 1458//1458 1445//1445
f 1445//1445 1458//1458 1456//1456
f 1434//1434 1430//1430 1463//1463
f 1463//1463 1430//1430 1453//1453
f 1463//1463 1453//1453 1464//1464
f 1464//1464 1453//1453 1455//1455
f 1436//1436 1434//1434 1465//1465
f 1465//1465 1434//1434 1463//1463
f 1465//1465 1463//1463 1466//1466
f 1466//1466 1463//1463 1464//1464
f 1464//1464 1455//1455 1467//1467
f 1467//1467 1455//1455 1460//1460
f 1467//1467 1460//1460 1468//1468
f 1468//1468 1460//1460 1462//1462
f 1466//1466 1464//1464 1467//1467
f 1467//1467 1469//1469 1466//1466
f 1469//1469 1467//1467 1468//1468
f 1468//1468 1470//1470 1469//1469
f 1378//1378 1278//1278 1323//1323
f 1323//1323 1471//1471 1378//1378
f 1471//1471 1323//1323 1472//1472
f 1472//1472 1323//1323 1324//1324
f 1472//1472 1324//1324 1473//1473
f 1473//1473 1324//1324 1325//1325
f 1471//1471 1474//1474 1378//1378
f 1378//1378 1474//1474 1381//1381
f 1398//1398 1381//1381 1475//1475
f 1475//1475 1381//1381 1474//1474
f 1472//1472 1474//1474 1471//1471
f 1475//1475 1474//1474 1476//1476
f 1476//1476 1474//1474 1472//1472
f 1476//1476 1472//1472 1473//1473
f 1473//1473 1325//1325 1328//1328
f 1328//1328 1477//1477 1473//1473
f 1477//1477 1328//1328 1329//1329
f 1329//1329 1478//1478 1477//1477
f 1476//1476 1473//1473 1477//1477
f 1477//1477 1479//1479 1476//1476
f 1479//1479 1477//1477 1480//1480
f 1480//1480 1477//1477 1481//1481
f 1481//1481 1477//1477 1478//1478
f 1475//1475 1482//1482 1397//1397
f 1397//1397 1398//1398 1475//1475
f 1476//1476 1483//1483 1482//1482
f 1482//1482 1475//1475 1476//1476
f 1479//1479 1484//1484 1476//1476
f 1476//1476 1484//1484 1483//1483
f 1480//1480 1484//1484 1479//1479
f 1478//1478 1329//1329 1340//1340
f 1340//1340 1485//1485 1478//1478
f 1485//1485 1340//1340 1486//1486
f 1486//1486 1340//1340 1341//1341
f 1485//1485 1487//1487 1478//1478
f 1478//1478 1487//1487 1481//1481
f 1486//1486 1488//1488 1485//1485
f 1485//1485 1488//1488 1487//1487
f 1486//1486 1341//1341 1489//1489
f 1489//1489 1341//1341 1344//1344
f 1489//1489 1344//1344 1490//1490
f 1490//1490 1344//1344 1345//1345
f 1489//1489 1491//1491 1488//1488
f 1488//1488 1486//1486 1489//1489
f 1490//1490 1492//1492 1491//1491
f 1491//1491 1489//1489 1490//1490
f 1480//1480 1481//1481 1493//1493
f 1438//1438 1397//1397 1482//1482
f 1482//1482 1494//1494 1438//1438
f 1494//1494 1482//1482 1495//1495
f 1495//1495 1482//1482 1483//1483
f 1494//1494 1496//1496 1443//1443
f 1443//1443 1438//1438 1494//1494
f 1497//1497 1444//1444 1443//1443
f 1443//1443 1496//1496 1497//1497
f 1495//1495 1498//1498 1496//1496
f 1496//1496 1494//1494 1495//1495
f 1499//1499 1497//1497 1496//1496
f 1496//1496 1498//1498 1499//1499
f 1500//1500 1501//1501 1502//1502
f 1503//1503 1447//1447 1444//1444
f 1444//1444 1497//1497 1503//1503
f 1502//1502 1448//1448 1503//1503
f 1503//1503 1448//1448 1447//1447
f 1504//1504 1503//1503 1499//1499
f 1499//1499 1503//1503 1497//1497
f 1502//1502 1503//1503 1500//1500
f 1500//1500 1503//1503 1504//1504
f 1495//1495 1483//1483 1505//1505
f 1505//1505 1483//1483 1484//1484
f 1505//1505 1484//1484 1480//1480
f 1505//1505 1480//1480 1506//1506
f 1506//1506 1480//1480 1493//1493
f 1505//1505 1507//1507 1498//1498
f 1498//1498 1495//1495 1505//1505
f 1507//1507 1499//1499 1498//1498
f 1507//1507 1505//1505 1506//1506
f 1493//1493 1481//1481 1508//1508
f 1508//1508 1481//1481 1487//1487
f 1508//1508 1487//1487 1488//1488
f 1488//1488 1509//1509 1508//1508
f 1509//1509 1488//1488 1491//1491
f 1491//1491 1510//1510 1509//1509
f 1510//1510 1491//1491 1492//1492
f 1492//1492 1511//1511 1510//1510
f 1506//1506 1493//1493 1508//1508
f 1508//1508 1512//1512 1506//1506
f 1512//1512 1508//1508 1513//1513
f 1513//1513 1508//1508 1509//1509
f 1513//1513 1509//1509 1514//1514
f 1512//1512 1513//1513 1507//1507
f 1507//1507 1506//1506 1512//1512
f 1514//1514 1509//1509 1510//1510
f 1514//1514 1510//1510 1515//1515
f 1515//1515 1510//1510 1516//1516
f 1516//1516 1510//1510 1511//1511
f 1515//1515 1517//1517 1514//1514
f 1516//1516 1517//1517 1515//1515
f 1309//1309 1308//1308 1518//1518
f 1518//1518 1519//1519 1309//1309
f 1519//1519 1518//1518 1520//1520
f 1520//1520 1518//1518 1521//1521
f 1523//1523 1522//1522 1524//1524
f 1523//1523 1524//1524 1525//1525
f 1520//1520 1521//1521 1526//1526
f 1526//1526 1521//1521 1522//1522
f 1526//1526 1522//1522 1523//1523
f 1523//1523 1527//1527 1526//1526
f 1528//1528 1143//1143 1529//1529
f 1529//1529 1143//1143 1144//1144
f 1529//1529 1144//1144 1145//1145
f 1145//1145 1530//1530 1529//1529
f 1525//1525 1531//1531 1532//1532
f 1532//1532 1531//1531 1528//1528
f 1532//1532 1528//1528 1529//1529
f 1532//1532 1529//1529 1530//1530
f 1530//1530 1533//1533 1532//1532
f 1530//1530 1145//1145 1148//1148
f 1148//1148 1534//1534 1530//1530
f 1534//1534 1148//1148 1535//1535
f 1535//1535 1148//1148 1149//1149
f 1533//1533 1530//1530 1534//1534
f 1534//1534 1536//1536 1533//1533
f 1536//1536 1534//1534 1537//1537
f 1537//1537 1534//1534 1535//1535
f 1523//1523 1525//1525 1532//1532
f 1532//1532 1538//1538 1523//1523
f 1538//1538 1532//1532 1533//1533
f 1533//1533 1539//1539 1538//1538
f 1527//1527 1523//1523 1538//1538
f 1538//1538 1540//1540 1527//1527
f 1540//1540 1538//1538 1539//1539
f 1540//1540 1539//1539 1541//1541
f 1540//1540 1541//1541 1542//1542
f 1539//1539 1533//1533 1536//1536
f 1536//1536 1543//1543 1539//1539
f 1543//1543 1536//1536 1544//1544
f 1544//1544 1536//1536 1537//1537
f 1545//1545 1541//1541 1546//1546
f 1546//1546 1541//1541 1543//1543
f 1539//1539 1543//1543 1541//1541
f 1546//1546 1543//1543 1547//1547
f 1547//1547 1548//1548 1546//1546
f 1544//1544 1547//1547 1543//1543
f 1335//1335 1309//1309 1519//1519
f 1519//1519 1549//1549 1335//1335
f 1549//1549 1519//1519 1520//1520
f 1520//1520 1550//1550 1549//1549
f 1337//1337 1335//1335 1549//1549
f 1549//1549 1551//1551 1337//1337
f 1551//1551 1549//1549 1550//1550
f 1550//1550 1552//1552 1551//1551
f 1550//1550 1520//1520 1526//1526
f 1526//1526 1553//1553 1550//1550
f 1553//1553 1526//1526 1527//1527
f 1527//1527 1554//1554 1553//1553
f 1552//1552 1550//1550 1553//1553
f 1553//1553 1555//1555 1552//1552
f 1555//1555 1553//1553 1554//1554
f 1554//1554 1556//1556 1555//1555
f 1343//1343 1337//1337 1551//1551
f 1551//1551 1557//1557 1343//1343
f 1557//1557 1551//1551 1552//1552
f 1552//1552 1558//1558 1557//1557
f 1345//1345 1343//1343 1559//1559
f 1559//1559 1343//1343 1557//1557
f 1559//1559 1557//1557 1558//1558
f 1558//1558 1560//1560 1559//1559
f 1558//1558 1552//1552 1561//1561
f 1561//1561 1552//1552 1555//1555
f 1561//1561 1555//1555 1562//1562
f 1562//1562 1555//1555 1556//1556
f 1560//1560 1558//1558 1561//1561
f 1561//1561 1563//1563 1560//1560
f 1563//1563 1561//1561 1562//1562
f 1562//1562 1564//1564 1563//1563
f 1554//1554 1527//1527 1540//1540
f 1540//1540 1565//1565 1554//1554
f 1566//1566 1542//1542 1567//1567
f 1567//1567 1542//1542 1545//1545
f 1565//1565 1540//1540 1566//1566
f 1566//1566 1540//1540 1542//1542
f 1556//1556 1554//1554 1565//1565
f 1565//1565 1568//1568 1556//1556
f 1569//1569 1566//1566 1570//1570
f 1570//1570 1566//1566 1567//1567
f 1568//1568 1565//1565 1569//1569
f 1569//1569 1565//1565 1566//1566
f 1567//1567 1545//1545 1546//1546
f 1546//1546 1571//1571 1567//1567
f 1571//1571 1546//1546 1572//1572
f 1572//1572 1546//1546 1548//1548
f 1570//1570 1567//1567 1571//1571
f 1571//1571 1573//1573 1570//1570
f 1573//1573 1571//1571 1572//1572
f 1572//1572 1574//1574 1573//1573
f 1562//1562 1556//1556 1575//1575
f 1575//1575 1556//1556 1568//1568
f 1576//1576 1569//1569 1570//1570
f 1570//1570 1577//1577 1576//1576
f 1575//1575 1568//1568 1569//1569
f 1569//1569 1576//1576 1575//1575
f 1564//1564 1562//1562 1578//1578
f 1578//1578 1562//1562 1575//1575
f 1577//1577 1579//1579 1576//1576
f 1578//1578 1575//1575 1576//1576
f 1578//1578 1576//1576 1579//1579
f 1578//1578 1579//1579 1580//1580
f 1577//1577 1570//1570 1581//1581
f 1581//1581 1570//1570 1573//1573
f 1581//1581 1573//1573 1574//1574
f 1574//1574 1582//1582 1581//1581
f 1583//1583 1579//1579 1584//1584
f 1584//1584 1579//1579 1581//1581
f 1581//1581 1579//1579 1577//1577
f 1584//1584 1581//1581 1582//1582
f 1582//1582 1585//1585 1584//1584
f 1347//1347 1091//1091 1586//1586
f 1586//1586 1091//1091 1587//1587
f 1586//1586 1587//1587 1588//1588
f 1588//1588 1589//1589 1586//1586
f 1349//1349 1347//1347 1590//1590
f 1590//1590 1347//1347 1586//1586
f 1590//1590 1586//1586 1589//1589
f 1589//1589 1591//1591 1590//1590
f 1589//1589 1588//1588 1187//1187
f 1187//1187 1592//1592 1589//1589
f 1592//1592 1187//1187 1189//1189
f 1189//1189 1593//1593 1592//1592
f 1591//1591 1589//1589 1592//1592
f 1592//1592 1594//1594 1591//1591
f 1594//1594 1592//1592 1531//1531
f 1594//1594 1531//1531 1524//1524
f 1531//1531 1592//1592 1593//1593
f 1350//1350 1349//1349 1595//1595
f 1595//1595 1349//1349 1590//1590
f 1595//1595 1590//1590 1591//1591
f 1591//1591 1596//1596 1595//1595
f 1595//1595 1518//1518 1308//1308
f 1308//1308 1350//1350 1595//1595
f 1596//1596 1521//1521 1595//1595
f 1595//1595 1521//1521 1518//1518
f 1596//1596 1591//1591 1594//1594
f 1596//1596 1594//1594 1522//1522
f 1524//1524 1522//1522 1594//1594
f 1522//1522 1521//1521 1596//1596
f 1593//1593 1189//1189 1528//1528
f 1528//1528 1189//1189 1143//1143
f 1535//1535 1149//1149 1597//1597
f 1598//1598 1599//1599 1597//1597
f 1537//1537 1535//1535 1600//1600
f 1600//1600 1535//1535 1597//1597
f 1600//1600 1597//1597 1601//1601
f 1601//1601 1597//1597 1602//1602
f 1602//1602 1597//1597 1599//1599
f 1544//1544 1537//1537 1603//1603
f 1603//1603 1537//1537 1600//1600
f 1548//1548 1547//1547 1604//1604
f 1604//1604 1547//1547 1603//1603
f 1604//1604 1603//1603 1605//1605
f 1603//1603 1547//1547 1544//1544
f 1572//1572 1548//1548 1604//1604
f 1604//1604 1606//1606 1572//1572
f 1606//1606 1604//1604 1605//1605
f 1605//1605 1607//1607 1606//1606
f 1607//1607 1605//1605 1608//1608
f 1574//1574 1572//1572 1606//1606
f 1606//1606 1609//1609 1574//1574
f 1609//1609 1606//1606 1607//1607
f 1607//1607 1610//1610 1609//1609
f 1582//1582 1574//1574 1611//1611
f 1611//1611 1574//1574 1609//1609
f 1611//1611 1609//1609 1612//1612
f 1612//1612 1609//1609 1610//1610
f 1612//1612 1610//1610 1613//1613
f 1585//1585 1582//1582 1611//1611
f 1585//1585 1611//1611 1614//1614
f 1614//1614 1611//1611 1612//1612
f 1490//1490 1345//1345 1559//1559
f 1559//1559 1615//1615 1490//1490
f 1615//1615 1559//1559 1616//1616
f 1616//1616 1559//1559 1560//1560
f 1615//1615 1617//1617 1492//1492
f 1492//1492 1490//1490 1615//1615
f 1617//1617 1615//1615 1616//1616
f 1617//1617 1616//1616 1618//1618
f 1616//1616 1560//1560 1619//1619
f 1619//1619 1560//1560 1563//1563
f 1619//1619 1563//1563 1564//1564
f 1564//1564 1620//1620 1619//1619
f 1618//1618 1616//1616 1621//1621
f 1621//1621 1616//1616 1619//1619
f 1621//1621 1619//1619 1620//1620
f 1620//1620 1622//1622 1621//1621
f 1618//1618 1623//1623 1617//1617
f 1621//1621 1624//1624 1623//1623
f 1623//1623 1618//1618 1621//1621
f 1622//1622 1625//1625 1624//1624
f 1624//1624 1621//1621 1622//1622
f 1620//1620 1564//1564 1626//1626
f 1626//1626 1564//1564 1578//1578
f 1626//1626 1578//1578 1627//1627
f 1627//1627 1578//1578 1580//1580
f 1622//1622 1620//1620 1628//1628
f 1628//1628 1620//1620 1626//1626
f 1628//1628 1626//1626 1629//1629
f 1629//1629 1626//1626 1627//1627
f 1630//1630 1583//1583 1584//1584
f 1584//1584 1631//1631 1630//1630
f 1627//1627 1580//1580 1583//1583
f 1583//1583 1630//1630 1627//1627
f 1631//1631 1584//1584 1632//1632
f 1632//1632 1584//1584 1585//1585
f 1633//1633 1630//1630 1631//1631
f 1631//1631 1634//1634 1633//1633
f 1629//1629 1627//1627 1630//1630
f 1630//1630 1633//1633 1629//1629
f 1634//1634 1631//1631 1632//1632
f 1632//1632 1635//1635 1634//1634
f 1636//1636 1625//1625 1628//1628
f 1636//1636 1628//1628 1637//1637
f 1628//1628 1625//1625 1622//1622
f 1637//1637 1628//1628 1638//1638
f 1638//1638 1628//1628 1629//1629
f 1639//1639 1636//1636 1637//1637
f 1637//1637 1640//1640 1639//1639
f 1640//1640 1637//1637 1641//1641
f 1641//1641 1637//1637 1638//1638
f 1634//1634 1642//1642 1633//1633
f 1638//1638 1629//1629 1642//1642
f 1642//1642 1629//1629 1633//1633
f 1643//1643 1642//1642 1635//1635
f 1643//1643 1635//1635 1644//1644
f 1635//1635 1642//1642 1634//1634
f 1641//1641 1638//1638 1645//1645
f 1645//1645 1638//1638 1642//1642
f 1644//1644 1646//1646 1643//1643
f 1645//1645 1642//1642 1643//1643
f 1645//1645 1643//1643 1646//1646
f 1647//1647 1640//1640 1641//1641
f 1511//1511 1492//1492 1617//1617
f 1516//1516 1511//1511 1648//1648
f 1648//1648 1511//1511 1617//1617
f 1648//1648 1617//1617 1649//1649
f 1649//1649 1617//1617 1623//1623
f 1648//1648 1650//1650 1517//1517
f 1517//1517 1516//1516 1648//1648
f 1649//1649 1651//1651 1650//1650
f 1650//1650 1648//1648 1649//1649
f 1649//1649 1623//1623 1624//1624
f 1624//1624 1652//1652 1649//1649
f 1652//1652 1624//1624 1625//1625
f 1625//1625 1653//1653 1652//1652
f 1651//1651 1649//1649 1652//1652
f 1653//1653 1625//1625 1636//1636
f 1585//1585 1654//1654 1632//1632
f 1654//1654 1585//1585 1614//1614
f 1614//1614 1655//1655 1654//1654
f 1635//1635 1632//1632 1654//1654
f 1644//1644 1635//1635 1656//1656
f 1656//1656 1646//1646 1644//1644
f 1657//1657 1646//1646 1656//1656
f 1658//1658 927//927 1659//1659
f 1659//1659 927//927 926//926
f 1009//1009 1010//1010 1062//1062
f 1063//1063 1059//1059 1067//1067
f 1113//1113 1130//1130 1112//1112
f 1179//1179 1174//1174 1180//1180
f 1180//1180 1174//1174 1173//1173
f 1175//1175 1181//1181 1173//1173
f 1091//1091 1089//1089 1183//1183
f 1091//1091 1183//1183 1587//1587
f 1180//1180 1183//1183 1179//1179
f 1587//1587 1183//1183 1188//1188
f 1188//1188 1588//1588 1587//1587
f 1182//1182 1188//1188 1183//1183
f 1183//1183 1180//1180 1182//1182
f 1182//1182 1181//1181 1184//1184
f 1184//1184 1188//1188 1182//1182
f 1241//1241 1265//1265 1240//1240
f 1067//1067 1281//1281 1063//1063
f 1380//1380 1381//1381 1398//1398
