# Created by Open3D 
# object name: cluster11
# number of vertices: 1714
# number of triangles: 3000
v -2.5381 2.5222 -0.50647
vn 0.496165 -0.265111 0.826762
v -2.5556 2.5222 -0.49445
vn 0.681281 -0.209272 0.701471
v -2.5416 2.5449 -0.49445
vn 0.254373 -0.585589 0.769662
v -2.5381 2.5649 -0.47175
vn 0.221367 -0.767453 0.601675
v -2.5497 2.5676 -0.44904
vn 0.49201 -0.80114 0.340736
v -2.5381 2.5676 -0.46579
vn 0.346515 -0.866965 0.358187
v -2.5249 2.5449 -0.49445
vn 0.00862778 -0.687073 0.726538
v -2.5154 2.5667 -0.470695
vn 0.0936842 -0.804835 0.586058
v -2.5027 2.5676 -0.47175
vn 0.266414 -0.705884 0.656317
v -2.4927 2.5449 -0.4925
vn 0.210644 -0.60738 0.765976
v -2.4927 2.5712 -0.47175
vn 0.315577 -0.622354 0.716301
v -2.5381 2.5737 -0.44904
vn 0.242573 -0.864204 0.440805
v -2.5154 2.5818 -0.44904
vn 0.2653 -0.766693 0.584635
v -2.494 2.59108 -0.451095
vn 0.438511 -0.68485 0.581969
v -2.47 2.5896 -0.47175
vn 0.586907 -0.564417 0.580494
v -2.47 2.61185 -0.44707
vn 0.704663 -0.612773 0.357715
v -2.4691 2.613 -0.38179
vn 0.373732 -0.841035 -0.391132
v -2.5149 2.5903 -0.31281
vn 0.195253 -0.974869 0.107272
v -2.4701 2.613 -0.29038
vn 0.684032 -0.684032 0.253379
v -2.49283 2.61305 0.0927675
vn 0.390213 -0.920061 0.0349481
v -2.49295 2.613 0.119135
vn 0.36619 -0.915256 -0.167964
v -2.4967 2.613 0.1867
vn 0.573666 -0.818894 0.0178899
v -2.4925 2.61287 0.14782
vn 0.504148 -0.863168 0.0278476
v -2.4927 2.636 0.5954
vn 0.812524 -0.541252 0.216449
v -2.5044 2.613 0.64081
vn 0.897128 -0.432137 -0.0917498
v -2.4927 2.6156 0.73163
vn 0.690416 -0.663764 0.28765
v -2.4927 2.613 0.72563
vn 0.690416 -0.663764 0.28765
v -2.4927 2.63565 0.754347
vn 1 0 0
v -2.2694 2.5222 -0.76691
vn 0.98445 -0.166525 0.0559258
v -2.2709 2.5222 -0.74421
vn 0.971289 -0.224333 -0.0791958
v -2.2637 2.5449 -0.76691
vn 0.79714 -0.580265 -0.166912
v -2.2657 2.5354 -0.74421
vn 0.620476 -0.74754 -0.237052
v -2.2657 2.5222 -0.70309
vn 0.738826 -0.631089 -0.236353
v -2.2884 2.5222 -0.52177
vn 0.295512 0.0271913 0.954952
v -2.3111 2.5222 -0.51597
vn 0.227699 -0.069048 0.97128
v -2.2657 2.5222 -0.52296
vn 0.295275 0.0490032 0.954155
v -2.2884 2.5449 -0.52311
vn 0.388255 0.218907 0.895175
v -2.2657 2.5449 -0.52972
vn 0.208483 0.325075 0.922421
v -2.2986 2.5676 -0.51716
vn 0.667196 0.204045 0.71639
v -2.2884 2.5676 -0.52907
vn 0.661845 0.31696 0.679336
v -2.2753 2.5676 -0.53986
vn 0.417682 0.426889 0.802065
v -2.2657 2.5617 -0.53986
vn 0.0305667 0.46067 0.887045
v -2.4183 2.6584 -0.53986
vn 0.808188 0.165346 0.565237
v -2.4246 2.6584 -0.53126
vn 0.867621 0.0855244 0.489815
v -2.4098 2.6357 -0.53986
vn 0.772242 0.28916 0.56571
v -2.31 2.5903 -0.51716
vn 0.647489 0.444338 0.61913
v -2.3111 2.613 -0.53174
vn 0.55381 0.312333 0.771843
v -2.3338 2.6108 -0.51716
vn 0.56283 0.610011 0.557772
v -2.2884 2.5808 -0.53986
vn 0.66342 0.442079 0.60369
v -2.2884 2.5903 -0.54396
vn 0.68131 0.0347419 0.73117
v -2.2928 2.5903 -0.53986
vn 0.680537 0.271429 0.680585
v -2.2884 2.6164 -0.53986
vn 0.399375 -0.222588 0.889356
v -2.2657 2.6336 -0.53986
vn 0.108529 -0.583204 0.805043
v -2.2884 2.6357 -0.53184
vn 0.0675955 -0.513178 0.855616
v -2.2884 2.66105 -0.518315
vn -0.159188 -0.409058 0.898516
v -2.3111 2.6584 -0.52496
vn -0.237645 -0.357503 0.90317
v -2.2657 2.65975 -0.51805
vn -0.0092141 -0.538109 0.842825
v -2.4473 2.7814 -0.56257
vn 0.942596 0.330163 0.0500538
v -2.4473 2.7946 -0.58491
vn 0.832834 0.507943 0.219957
v -2.4532 2.7946 -0.56257
vn 0.866019 0.495618 0.0661271
v -2.4666 2.8219 -0.58527
vn 0.79082 0.596925 0.135218
v -2.47 2.8219 -0.56257
vn 0.820812 0.570846 0.0200567
v -2.485 2.84 -0.56257
vn 0.718665 0.695217 -0.0139009
v -2.4828 2.84 -0.58527
vn 0.67232 0.733036 0.10317
v -2.4523 2.7946 -0.53986
vn 0.931606 0.349862 -0.0985218
v -2.4473 2.7946 -0.52274
vn 0.940696 0.240422 -0.239349
v -2.4671 2.8212 -0.53986
vn 0.808817 0.574136 -0.127211
v -2.4878 2.8451 -0.53986
vn 0.715164 0.690975 -0.105327
v -2.4578 2.8173 -0.51716
vn 0.761316 0.633836 -0.136562
v -2.4019 2.6806 -0.56257
vn 0.635245 0.522061 0.569137
v -2.4299 2.7492 -0.58527
vn 0.921599 0.235474 0.308556
v -2.4375 2.7492 -0.56257
vn 0.959972 0.255149 0.115557
v -2.4317 2.7265 -0.56257
vn 0.955281 0.29472 0.0240644
v -2.4211 2.6811 -0.53986
vn 0.8586 0.332695 0.390027
v -2.4225 2.7038 -0.56257
vn 0.909007 0.386788 0.155245
v -2.42395 2.70715 -0.53986
vn 0.975852 0.171779 0.134927
v -2.432 2.6584 -0.51716
vn 0.927909 -0.0362484 0.371041
v -2.4318 2.6811 -0.51716
vn 0.938221 -0.0459679 0.342969
v -2.4246 2.6811 -0.53404
vn 0.90828 0.0182401 0.417964
v -2.43 2.7038 -0.51716
vn 0.958623 0.0145815 0.284305
v -2.4292 2.7265 -0.53986
vn 0.946459 0.322824 0
v -2.4378 2.7492 -0.53986
vn 0.959122 0.282038 -0.0232335
v -2.4317 2.7265 -0.51716
vn 0.970057 0.177807 0.165451
v -2.441 2.7719 -0.51716
vn 0.982129 0.187024 0.0211048
v -2.3015 2.6811 -0.51716
vn -0.320646 -0.241412 0.915918
v -2.4473 2.7995 -0.51716
vn 0.952804 0.288909 -0.093252
v -2.243 2.5576 -0.76691
vn 0.264873 -0.899924 -0.346379
v -2.243 2.5438 -0.74638
vn 0.174035 -0.923857 -0.340881
v -2.243 2.5355 -0.7215
vn 0.303609 -0.939822 -0.156707
v -2.243 2.5383 -0.6988
vn 0.466062 -0.87747 0.113281
v -2.2589 2.5222 -0.67609
vn 0.894735 -0.349814 -0.277631
v -2.243 2.5222 -0.64699
vn 0.930086 -0.0448866 -0.364588
v -2.242 2.54435 -0.67609
vn 0.582673 -0.80873 0.0802989
v -2.243 2.5377 -0.65339
vn 0.797487 -0.452771 -0.398764
v -2.238 2.5449 -0.65339
vn 0.507132 -0.842072 -0.183662
v -2.2374 2.5222 -0.63068
vn 0.817492 -0.516953 -0.253902
v -2.2331 2.5222 -0.53986
vn 0.608226 -0.524118 0.596122
v -2.243 2.5222 -0.53122
vn 0.354054 -0.0759612 0.932135
v -2.243 2.5449 -0.53076
vn 0.018698 -0.0652902 0.997691
v -2.243 2.5663 -0.53986
vn -0.0790475 0.390099 0.917373
v -2.243 2.613 -0.55523
vn 0.0328833 -0.574152 0.818088
v -2.243 2.6349 -0.53986
vn -0.126206 -0.651787 0.747827
v -2.2532 2.6584 -0.51716
vn -0.0897986 -0.658182 0.747484
v -2.243 2.6584 -0.51304
vn -0.504629 -0.644328 0.574623
v -2.5154 2.8782 -0.60798
vn 0.857283 0.484089 0.175285
v -2.5154 2.8855 -0.618
vn 0.898696 0.294945 0.32458
v -2.5182 2.8855 -0.60798
vn 0.97719 0.127036 0.170183
v -2.5044 2.8628 -0.60798
vn 0.755278 0.631669 0.174785
v -2.5193 2.9082 -0.60798
vn 0.995593 -0.0376697 0.0858793
v -2.5155 2.9763 -0.60798
vn 0.996256 0.0139751 0.0853183
v -2.5154 2.9807 -0.60798
vn 0.993848 -0.0363983 0.104604
v -2.5141 2.9763 -0.63068
vn 0.997974 -0.0187891 0.0607884
v -2.5085 2.8628 -0.58527
vn 0.69929 0.710498 0.0786511
v -2.4927 2.8539 -0.60798
vn 0.638022 0.752748 0.162166
v -2.5154 2.8729 -0.58527
vn 0.856162 0.509755 0.0844794
v -2.5211 2.8855 -0.58527
vn 0.982249 0.17709 0.0618582
v -2.5084 2.8628 -0.56257
vn 0.71689 0.696406 -0.0329853
v -2.5154 2.8724 -0.56257
vn 0.860822 0.508186 -0.0270757
v -2.5214 2.8855 -0.56257
vn 0.992156 0.121097 -0.0310175
v -2.52085 2.9082 -0.57392
vn 0.997563 -0.0681835 0.0147821
v -2.5176 2.9309 -0.58527
vn 0.996761 -0.0730377 0.0336577
v -2.5174 2.9309 -0.60798
vn 0.997927 -0.0637471 0.00878989
v -2.5063 2.8628 -0.53986
vn 0.749442 0.652328 -0.113158
v -2.5154 2.8755 -0.53986
vn 0.860462 0.486876 -0.150189
v -2.5193 2.8855 -0.53986
vn 0.980896 0.14099 -0.134034
v -2.5011 2.8628 -0.51716
vn 0.758874 0.634517 -0.146625
v -2.51525 2.8855 -0.51791
vn 0.950397 0.283146 -0.128737
v -2.5201 2.9082 -0.53986
vn 0.995526 0.0634876 -0.0699782
v -2.5192 2.9309 -0.53986
vn 0.999459 -0.0205513 0.0256776
v -2.5197 2.9309 -0.51716
vn 0.997437 0.0690398 0.0188039
v -2.5166 2.9536 -0.58527
vn 0.997564 0.00878535 0.0691988
v -2.518 2.9763 -0.58527
vn 0.993771 0.044349 0.102238
v -2.5192 2.9536 -0.551215
vn 0.996325 0.0551107 0.0655663
v -2.5206 2.9763 -0.56257
vn 0.994013 0.073347 0.0809862
v -2.5154 2.999 -0.6011
vn 0.992915 -0.0418161 0.111227
v -2.5145 2.999 -0.60798
vn 0.990375 -0.0487084 0.129559
v -2.52265 2.9763 -0.52851
vn 0.997388 0.0505286 0.0516102
v -2.5207 2.999 -0.56257
vn 0.996218 -0.0512014 0.0701963
v -2.5192 3.0217 -0.53986
vn 0.981091 -0.174146 0.0844548
v -2.5251 2.999 -0.49445
vn 0.990805 -0.11235 0.07538
v -2.522 3.0217 -0.49445
vn 0.983362 -0.173245 0.0546354
v -2.5154 3.0265 -0.56257
vn 0.970492 -0.209095 0.120105
v -2.5154 3.0217 -0.56903
vn 0.966761 -0.20523 0.152495
v -2.5116 3.0444 -0.56257
vn 0.969533 -0.21448 0.118337
v -2.514 3.0444 -0.53986
vn 0.968134 -0.236697 0.0818023
v -2.5154 3.0442 -0.51625
vn 0.969883 -0.237892 0.0522944
v -2.5556 2.5676 -0.42634
vn 0.634908 -0.765376 0.105321
v -2.5381 2.58 -0.42634
vn 0.487827 -0.849142 0.202441
v -2.51775 2.5917 -0.42634
vn 0.486629 -0.821375 0.29755
v -2.4927 2.6075 -0.42634
vn 0.474891 -0.839181 0.265054
v -2.4533 2.613 -0.47175
vn 0.753396 -0.482114 0.447169
v -2.4814 2.613 -0.42634
vn 0.495945 -0.833291 0.244263
v -2.4525 2.6357 -0.44904
vn 0.882111 -0.393779 0.258492
v -2.4473 2.6275 -0.47175
vn 0.898805 -0.304174 0.315637
v -2.4473 2.6357 -0.46696
vn 0.977704 -0.0652972 0.199577
v -2.4489 2.6584 -0.44904
vn 0.99214 -0.0381138 0.119191
v -2.44725 2.6584 -0.471225
vn 0.982581 -0.00514289 0.185764
v -2.47 2.6196 -0.42634
vn 0.711193 -0.688192 0.143515
v -2.4566 2.6357 -0.42634
vn 0.89633 -0.429831 0.1088
v -2.4506 2.6584 -0.42634
vn 0.994281 -0.0357338 0.100636
v -2.5575 2.5676 -0.40363
vn 0.652298 -0.757666 0.0212113
v -2.5573 2.5676 -0.38093
vn 0.621411 -0.783477 -0.00352041
v -2.5381 2.5825 -0.40363
vn 0.558893 -0.829237 0.0020674
v -2.5381 2.5815 -0.35822
vn 0.466033 -0.884607 0.0168308
v -2.52025 2.59345 -0.40363
vn 0.507032 -0.861858 0.0109025
v -2.48905 2.61155 -0.40363
vn 0.441205 -0.893802 -0.0803536
v -2.51875 2.5921 -0.38093
vn 0.432148 -0.893709 -0.120553
v -2.4927 2.6049 -0.38093
vn 0.380433 -0.900195 -0.211942
v -2.47 2.6211 -0.40363
vn 0.69473 -0.715754 -0.0710377
v -2.4584 2.6357 -0.40363
vn 0.915654 -0.400136 -0.038311
v -2.4537 2.6584 -0.40363
vn 0.994155 -0.0913484 0.057547
v -2.4547 2.6357 -0.38093
vn 0.946108 -0.275822 -0.16971
v -2.4546 2.6584 -0.38093
vn 0.999007 0.0425445 0.0131985
v -2.51505 2.59015 -0.35822
vn 0.357964 -0.928293 -0.100664
v -2.4927 2.5988 -0.35822
vn 0.353119 -0.924742 -0.141983
v -2.5127 2.5896 -0.33552
vn 0.301641 -0.953404 0.0057005
v -2.4927 2.596 -0.33552
vn 0.355023 -0.934278 -0.0329194
v -2.47 2.6062 -0.35822
vn 0.389973 -0.909375 -0.144771
v -2.4591 2.613 -0.35822
vn 0.829024 -0.534751 -0.163585
v -2.47 2.6055 -0.33552
vn 0.420579 -0.907215 0.00857378
v -2.4591 2.613 -0.33552
vn 0.821075 -0.569728 0.0353008
v -2.4504 2.6357 -0.35822
vn 0.984778 -0.140265 -0.102656
v -2.4535 2.6584 -0.35822
vn 0.988839 0.123411 -0.0834732
v -2.4489 2.6357 -0.33552
vn 0.984068 -0.177737 -0.00433487
v -2.4509 2.6584 -0.33552
vn 0.987827 0.146088 -0.0534482
v -2.3565 2.5561 -0.49445
vn -0.0394259 -0.583869 0.81089
v -2.3565 2.5676 -0.48723
vn 0.10855 -0.269525 0.956856
v -2.3679 2.5676 -0.49445
vn -0.472681 -0.468565 0.746337
v -2.3565 2.5449 -0.50544
vn -0.0568215 -0.699253 0.712612
v -2.3338 2.5449 -0.50363
vn 0.288752 -0.478593 0.829199
v -2.3111 2.5676 -0.50698
vn 0.619031 -0.0748678 0.78179
v -2.3338 2.5676 -0.49072
vn 0.447821 -0.127603 0.884971
v -2.3111 2.5449 -0.51268
vn 0.403083 -0.15022 0.90275
v -2.4411 2.6584 -0.49445
vn 0.9556 -0.0431524 0.291491
v -2.4456 2.6357 -0.47175
vn 0.961668 0.0658445 0.266194
v -2.3276 2.5903 -0.49445
vn 0.69194 0.346256 0.633503
v -2.3338 2.5988 -0.49445
vn 0.513796 0.577864 0.634103
v -2.3565 2.5903 -0.48336
vn 0.245615 0.19372 0.949814
v -2.3338 2.5903 -0.48923
vn 0.263573 0.151777 0.952624
v -2.3565 2.603 -0.49445
vn 0.15692 0.602216 0.782759
v -2.4464 2.6811 -0.46784
vn 0.972603 -0.0131989 0.232097
v -2.4501 2.6811 -0.44904
vn 0.995339 0.0725277 0.063562
v -2.4533 2.7038 -0.44904
vn 0.988709 0.017944 0.148769
v -2.446 2.7038 -0.468675
vn 0.942623 -0.00188164 0.333854
v -2.4521 2.7038 -0.42634
vn 0.998606 0.0476486 0.0227233
v -2.44655 2.7265 -0.469565
vn 0.949784 0.0364321 0.310777
v -2.4521 2.7492 -0.44904
vn 0.976465 0.0353172 0.212764
v -2.4531 2.7265 -0.42634
vn 0.998949 0.0408675 0.0207432
v -2.4589 2.7719 -0.42634
vn 0.980032 0.157258 0.121685
v -2.4472 2.7719 -0.47136
vn 0.958035 0.102985 0.267513
v -2.4473 2.7946 -0.48258
vn 0.918121 0.267177 0.292696
v -2.47335 2.83625 -0.49445
vn 0.756005 0.65433 0.0175707
v -2.4564 2.8173 -0.49445
vn 0.740862 0.671045 0.028667
v -2.462 2.8173 -0.47175
vn 0.815968 0.535067 0.218859
v -2.4473 2.8031 -0.49445
vn 0.899733 0.391425 0.193047
v -2.4793 2.84 -0.47175
vn 0.79544 0.59677 0.10555
v -2.4539 2.7719 -0.44904
vn 0.95896 0.133671 0.250054
v -2.4588 2.7946 -0.44904
vn 0.911596 0.323672 0.253436
v -2.4645 2.7946 -0.42634
vn 0.941601 0.290956 0.169505
v -2.47 2.81785 -0.447925
vn 0.847734 0.477743 0.230456
v -2.4842 2.84 -0.44904
vn 0.834442 0.523936 0.170873
v -2.4725 2.81265 -0.42634
vn 0.876823 0.453085 0.160922
v -2.4927 2.8494 -0.42634
vn 0.83768 0.536149 0.104096
v -2.454 2.6811 -0.40363
vn 0.996047 0.00804094 0.0884673
v -2.4529 2.7038 -0.40363
vn 0.997411 -0.0171346 0.0698378
v -2.4561 2.6811 -0.38093
vn 0.999113 0.0324899 0.0267737
v -2.4528 2.7265 -0.40363
vn 0.996223 0.071687 0.0489961
v -2.4563 2.7492 -0.40363
vn 0.98419 0.164753 0.065019
v -2.45635 2.7265 -0.369575
vn 0.991163 0.0836775 0.102928
v -2.45925 2.7492 -0.369575
vn 0.982449 0.16229 0.091953
v -2.4564 2.7038 -0.35822
vn 0.997403 0.0276141 0.0665177
v -2.4564 2.6811 -0.33552
vn 0.990077 0.140301 -0.00799183
v -2.4591 2.7038 -0.33552
vn 0.989136 0.1133 0.0936649
v -2.4606 2.7265 -0.33552
vn 0.986574 0.0890976 0.136873
v -2.4623 2.7492 -0.33552
vn 0.98564 0.117956 0.120829
v -2.4613 2.7719 -0.40363
vn 0.964844 0.24369 0.0984466
v -2.4691 2.79715 -0.40363
vn 0.935408 0.340056 0.0968183
v -2.46395 2.7719 -0.369575
vn 0.971804 0.226563 0.0653149
v -2.4702 2.79405 -0.35822
vn 0.941862 0.332027 0.0515167
v -2.4779 2.8173 -0.40363
vn 0.888007 0.451105 0.0891466
v -2.4808 2.8173 -0.35822
vn 0.886374 0.457126 0.0733331
v -2.4927 2.84 -0.37491
vn 0.803913 0.585224 0.106
v -2.4658 2.7719 -0.33552
vn 0.980437 0.170816 0.0977963
v -2.47 2.789 -0.33552
vn 0.965176 0.253537 0.0644559
v -2.4744 2.7946 -0.31281
vn 0.907429 0.413345 0.0756218
v -2.4927 2.8327 -0.33552
vn 0.83809 0.539813 0.0787779
v -2.4983 2.84 -0.33552
vn 0.878056 0.477301 -0.034672
v -2.4391 2.6811 -0.49445
vn 0.946244 -0.0778072 0.313955
v -2.436 2.7038 -0.49445
vn 0.955029 -0.0287476 0.295116
v -2.4371 2.7265 -0.49445
vn 0.952579 0.107711 0.284592
v -2.4406 2.7492 -0.49445
vn 0.975695 0.0945676 0.197677
v -2.2884 2.6811 -0.51103
vn -0.284868 -0.318516 0.904101
v -2.2657 2.6811 -0.50588
vn -0.121271 -0.435268 0.892096
v -2.4415 2.7719 -0.49445
vn 0.98361 0.0764846 0.163284
v -2.4441 2.7946 -0.49445
vn 0.979646 0.197363 0.0366359
v -2.5381 2.5842 -0.31281
vn 0.501356 -0.861969 0.0751744
v -2.5381 2.5887 -0.2674
vn 0.425715 -0.9048 -0.0101945
v -2.4927 2.5972 -0.31281
vn 0.353284 -0.929691 0.104236
v -2.52185 2.59195 -0.29011
vn 0.279769 -0.952696 0.118741
v -2.4927 2.601 -0.29011
vn 0.400407 -0.904072 0.149424
v -2.47 2.608 -0.31281
vn 0.475256 -0.868744 0.139342
v -2.4627 2.613 -0.31281
vn 0.801047 -0.572195 0.175829
v -2.4502 2.6357 -0.31281
vn 0.971053 -0.22183 0.0885894
v -2.4497 2.6584 -0.31281
vn 0.992808 0.118086 0.0196775
v -2.4539 2.6357 -0.29011
vn 0.907783 -0.386772 0.162286
v -2.4518 2.6584 -0.29011
vn 0.994671 0.0554955 0.0868894
v -2.5154 2.5958 -0.2674
vn 0.319437 -0.945623 0.0612908
v -2.4927 2.6047 -0.2674
vn 0.408117 -0.909699 0.0767318
v -2.5154 2.5961 -0.2447
vn 0.370753 -0.928731 -0.000844759
v -2.4927 2.6058 -0.2447
vn 0.427232 -0.903964 0.0179425
v -2.4776 2.613 -0.2674
vn 0.519726 -0.848431 0.100252
v -2.4795 2.613 -0.2447
vn 0.482806 -0.875019 -0.035204
v -2.47 2.6192 -0.2674
vn 0.762772 -0.637318 0.109562
v -2.4573 2.6357 -0.2674
vn 0.925634 -0.372639 0.0658884
v -2.4541 2.6584 -0.2674
vn 0.996966 -0.0124423 0.0768341
v -2.47 2.6203 -0.2447
vn 0.746398 -0.663771 -0.0479315
v -2.4579 2.6357 -0.2447
vn 0.929455 -0.368367 -0.0204666
v -2.4549 2.6584 -0.2447
vn 0.999376 0.0187654 0.0299214
v -2.5575 2.5676 -0.15387
vn 0.677038 -0.735349 -0.0296954
v -2.5381 2.5855 -0.17658
vn 0.619993 -0.7843 -0.0219563
v -2.5288 2.5903 -0.17658
vn 0.382902 -0.923782 -0.00352878
v -2.4927 2.6055 -0.21064
vn 0.399011 -0.916721 -0.0203367
v -2.47 2.6143 -0.19929
vn 0.60575 -0.794485 -0.0431212
v -2.4563 2.6357 -0.22199
vn 0.957972 -0.284859 -0.0338333
v -2.4546 2.6357 -0.187935
vn 0.947222 -0.319534 -0.0258632
v -2.4564 2.6584 -0.187935
vn 0.994142 0.107964 0.00512296
v -2.47 2.6141 -0.17658
vn 0.500408 -0.865421 0.0252711
v -2.52915 2.5903 -0.11414
vn 0.501987 -0.86487 0.00302617
v -2.5154 2.5965 -0.15387
vn 0.394078 -0.917898 0.0465397
v -2.47 2.6176 -0.14252
vn 0.708346 -0.70435 0.0462286
v -2.4534 2.6357 -0.15387
vn 0.920245 -0.390721 0.0220514
v -2.4563 2.6584 -0.15387
vn 0.98847 0.150592 0.0158075
v -2.4556 2.6811 -0.31281
vn 0.973797 0.227357 0.0053608
v -2.4617 2.7038 -0.31281
vn 0.981654 0.170377 0.0856005
v -2.455 2.6811 -0.29011
vn 0.981097 0.19189 0.0250579
v -2.462 2.7038 -0.29011
vn 0.964424 0.263417 0.0223012
v -2.4647 2.7265 -0.31281
vn 0.979908 0.126545 0.154163
v -2.4662 2.7492 -0.31281
vn 0.980742 0.0900631 0.173302
v -2.4694 2.7308 -0.29011
vn 0.982194 0.161989 0.0951583
v -2.47 2.7492 -0.29552
vn 0.982523 0.0525491 0.178568
v -2.45655 2.6811 -0.25605
vn 0.985036 0.167783 0.0394135
v -2.4616 2.7038 -0.2674
vn 0.96846 0.248874 -0.0120857
v -2.4617 2.7038 -0.2447
vn 0.985252 0.169989 -0.0195281
v -2.4688 2.7265 -0.2674
vn 0.960257 0.276031 -0.0413943
v -2.47 2.7335 -0.2674
vn 0.991858 0.116073 -0.0523838
v -2.4711 2.7492 -0.2674
vn 0.99971 0.0145078 -0.0192005
v -2.4709 2.7492 -0.29011
vn 0.999127 0.0300966 0.0289687
v -2.4664 2.7265 -0.2447
vn 0.980637 0.168548 -0.0997119
v -2.47 2.7492 -0.25418
vn 0.992887 0.0591281 -0.103343
v -2.4685 2.7719 -0.31281
vn 0.985583 0.116557 0.122641
v -2.47 2.7798 -0.31281
vn 0.971178 0.222088 0.0865501
v -2.4712 2.7719 -0.29011
vn 0.99752 0.070385 0.000826428
v -2.47 2.7719 -0.30212
vn 0.984832 0.103121 0.139542
v -2.4751 2.7946 -0.29011
vn 0.945397 0.325113 -0.0229574
v -2.4989 2.84 -0.31281
vn 0.913934 0.405289 -0.0215575
v -2.48895 2.8248 -0.29011
vn 0.893354 0.442288 -0.0793695
v -2.4961 2.84 -0.29011
vn 0.969554 0.234804 -0.0695133
v -2.4856 2.8173 -0.31281
vn 0.892819 0.448815 0.0379276
v -2.47 2.7719 -0.25702
vn 0.997824 0.0364541 -0.054935
v -2.4721 2.7946 -0.25605
vn 0.956764 0.286387 -0.0508436
v -2.4692 2.7719 -0.2447
vn 0.997994 0.0194989 -0.06023
v -2.47 2.785 -0.2447
vn 0.993554 0.102577 -0.0482447
v -2.4939 2.84 -0.2674
vn 0.928234 0.370818 -0.0296058
v -2.495 2.84 -0.2447
vn 0.896219 0.443355 0.0150602
v -2.4821 2.8173 -0.2674
vn 0.898679 0.433822 -0.0646049
v -2.48 2.8173 -0.22199
vn 0.890017 0.451717 -0.0618207
v -2.4591 2.6811 -0.21064
vn 0.991502 0.125207 0.0352997
v -2.461 2.7038 -0.22199
vn 0.996074 0.0862992 -0.0197402
v -2.4613 2.7265 -0.19929
vn 0.999572 0.02872 -0.00549488
v -2.4636 2.7265 -0.22199
vn 0.987901 0.122585 -0.0949968
v -2.46705 2.76055 -0.22199
vn 0.992228 0.0978995 -0.0768095
v -2.4637 2.7492 -0.19929
vn 0.989474 0.135492 -0.0508214
v -2.4609 2.6811 -0.17658
vn 0.993085 0.115204 0.0225927
v -2.46135 2.6811 -0.14252
vn 0.993925 0.108004 0.0211517
v -2.4614 2.7038 -0.14252
vn 0.999065 -0.0269331 0.0338163
v -2.4595 2.7265 -0.15387
vn 0.999667 0.0249544 -0.00659014
v -2.4625 2.7492 -0.15387
vn 0.993258 0.115639 -0.00812211
v -2.4714 2.7946 -0.22199
vn 0.973408 0.225935 -0.0378182
v -2.4671 2.7719 -0.187935
vn 0.989843 0.134036 -0.047376
v -2.4946 2.84 -0.22199
vn 0.879246 0.458923 -0.127731
v -2.4764 2.8173 -0.19929
vn 0.911959 0.39299 -0.117853
v -2.4927 2.8467 -0.19929
vn 0.886218 0.442829 -0.136085
v -2.47 2.7946 -0.1878
vn 0.983873 0.156262 -0.087043
v -2.4657 2.7719 -0.15387
vn 0.994133 0.0919765 -0.0569228
v -2.4669 2.7946 -0.15387
vn 0.989306 0.112008 -0.0934191
v -2.4735 2.8173 -0.17658
vn 0.908379 0.409499 -0.084605
v -2.4927 2.8513 -0.17658
vn 0.894203 0.447199 -0.0203465
v -2.4705 2.8158 -0.15387
vn 0.920135 0.379614 -0.0961486
v -2.4927 2.8472 -0.15387
vn 0.847881 0.530187 0.000109523
v -2.49445 2.86095 -0.49445
vn 0.783543 0.618746 -0.0566906
v -2.5118 2.8855 -0.49445
vn 0.87217 0.486485 -0.0514966
v -2.49445 2.8608 -0.47175
vn 0.797621 0.599381 0.0673971
v -2.5131 2.8855 -0.47175
vn 0.911439 0.400345 0.094879
v -2.5154 2.9003 -0.49445
vn 0.988446 0.151478 -0.0054297
v -2.52045 2.94225 -0.49445
vn 0.993759 0.106368 0.0336002
v -2.5185 2.9082 -0.47175
vn 0.985039 0.13533 0.1067
v -2.52255 2.94225 -0.47175
vn 0.979283 0.132995 0.152699
v -2.4963 2.85835 -0.44904
vn 0.802547 0.582935 0.126909
v -2.51575 2.885 -0.44904
vn 0.899166 0.421092 0.11909
v -2.5111 2.8628 -0.38093
vn 0.784684 0.60938 0.113702
v -2.5154 2.8743 -0.40363
vn 0.846488 0.52147 0.107359
v -2.521 2.8855 -0.40363
vn 0.967783 0.245208 0.0571741
v -2.5221 2.9082 -0.44904
vn 0.976915 0.172769 0.125647
v -2.5233 2.9082 -0.42634
vn 0.990532 0.137137 0.00623166
v -2.5308 2.9536 -0.42634
vn 0.990236 0.135102 -0.0343573
v -2.5243 2.9763 -0.49445
vn 0.99321 0.0758344 0.0882172
v -2.5273 2.9763 -0.47175
vn 0.988556 0.0373251 0.146162
v -2.5295 2.999 -0.44904
vn 0.989645 -0.104266 0.0986508
v -2.5297 2.9536 -0.44904
vn 0.982704 0.131316 0.130569
v -2.5311 2.9763 -0.44904
vn 0.996264 -0.00292658 0.0863049
v -2.532 2.9763 -0.42634
vn 0.997593 0.0105487 -0.0685398
v -2.5215 3.0444 -0.44904
vn 0.975112 -0.204883 0.0847346
v -2.5308 2.999 -0.42634
vn 0.996006 -0.0804409 -0.038748
v -2.5277 3.0217 -0.42634
vn 0.986336 -0.164388 -0.0108595
v -2.5154 2.87 -0.38093
vn 0.930898 0.364851 0.0176669
v -2.5206 2.8855 -0.38093
vn 0.99093 0.0785687 -0.109016
v -2.5224 2.9082 -0.40363
vn 0.995491 0.0315817 -0.089445
v -2.5239 2.9309 -0.40363
vn 0.972257 0.0771066 -0.220843
v -2.5184 2.9082 -0.38093
vn 0.969084 -0.0545923 -0.240614
v -2.51585 2.9309 -0.38004
vn 0.917004 -0.0524475 -0.395414
v -2.5127 2.8628 -0.35822
vn 0.837879 0.544913 0.0320606
v -2.5154 2.8707 -0.35822
vn 0.981312 0.161232 -0.10503
v -2.5161 2.8855 -0.3557
vn 0.974606 0.0350029 -0.221176
v -2.5101 2.8628 -0.33552
vn 0.949029 0.202544 -0.241497
v -2.5079 2.8855 -0.33552
vn 0.901807 -0.243649 -0.356903
v -2.5154 2.8948 -0.35822
vn 0.877591 -0.278724 -0.390061
v -2.5154 2.9082 -0.37056
vn 0.925071 -0.184875 -0.331759
v -2.5035 2.9309 -0.35822
vn 0.847396 -0.148965 -0.509636
v -2.4927 2.9212 -0.33552
vn 0.856462 -0.320623 -0.404565
v -2.4927 2.9309 -0.34104
vn 0.907507 -0.134634 -0.397875
v -2.5276 2.9536 -0.40363
vn 0.959878 0.0996748 -0.262105
v -2.5288 2.9763 -0.40363
vn 0.967646 -0.00341084 -0.25229
v -2.5172 2.9536 -0.38093
vn 0.876557 0.0399108 -0.479641
v -2.5186 2.9763 -0.38093
vn 0.864643 0.0253437 -0.501747
v -2.528 2.999 -0.40363
vn 0.962053 -0.068521 -0.26412
v -2.5257 3.0217 -0.40363
vn 0.948634 -0.178935 -0.260912
v -2.5182 2.999 -0.38093
vn 0.878934 -0.0489195 -0.474428
v -2.51575 3.0217 -0.38039
vn 0.887296 -0.159282 -0.432823
v -2.4927 2.9536 -0.34585
vn 0.842132 0.0139827 -0.539091
v -2.4883 2.9536 -0.33552
vn 0.956033 0.00690103 -0.293179
v -2.4895 2.9763 -0.33552
vn 0.977394 0.0641384 -0.201461
v -2.4927 2.999 -0.3422
vn 0.857618 0.0338332 -0.513173
v -2.5029 3.0217 -0.35822
vn 0.90232 -0.0204011 -0.430584
v -2.4927 3.0178 -0.33552
vn 0.97396 0.183204 -0.133557
v -2.4903 2.999 -0.33552
vn 0.987501 0.123852 -0.097483
v -2.5189 3.0444 -0.47175
vn 0.979222 -0.185496 0.0819466
v -2.5225 3.0444 -0.42634
vn 0.955112 -0.293368 -0.0411857
v -2.5154 3.0596 -0.42634
vn 0.90413 -0.422326 -0.0647256
v -2.5191 3.0444 -0.40363
vn 0.928826 -0.316421 -0.192771
v -2.5154 3.0505 -0.40363
vn 0.881056 -0.446736 -0.155461
v -2.5154 3.0444 -0.39383
vn 0.897793 -0.268706 -0.348948
v -2.5106 3.0444 -0.38093
vn 0.892102 -0.229932 -0.388953
v -2.5018 3.0671 -0.38093
vn 0.875427 -0.339373 -0.344171
v -2.5014 3.0444 -0.35822
vn 0.936944 -0.16236 -0.309476
v -2.4973 3.0444 -0.33552
vn 0.992581 0.101674 -0.0666669
v -2.5033 2.8628 -0.31281
vn 0.974828 0.0742826 -0.21022
v -2.4993 2.8855 -0.31281
vn 0.953123 -0.228353 -0.198522
v -2.4994 2.8628 -0.29011
vn 0.996698 0.0335905 -0.0739264
v -2.4982 2.8855 -0.29011
vn 0.984467 -0.0830582 0.154683
v -2.4927 2.9082 -0.321
vn 0.894662 -0.347493 -0.280763
v -2.49205 2.90625 -0.31281
vn 0.952237 -0.305218 0.00933054
v -2.4927 2.9101 -0.29147
vn 0.930309 -0.242261 0.27538
v -2.483 2.9309 -0.31281
vn 0.983407 -0.174828 -0.0484254
v -2.4874 2.9309 -0.29011
vn 0.951047 -0.13946 0.275791
v -2.5002 2.8628 -0.2674
vn 0.976196 0.196694 0.0913915
v -2.5042 2.8855 -0.2674
vn 0.956714 0.144132 0.252833
v -2.5044 2.8628 -0.2447
vn 0.949508 0.296551 0.102434
v -2.5111 2.8855 -0.2447
vn 0.973257 0.150922 0.173184
v -2.5054 2.9082 -0.2674
vn 0.922663 -0.130994 0.362676
v -2.4927 2.9309 -0.27936
vn 0.866619 -0.151597 0.475385
v -2.5126 2.9082 -0.2447
vn 0.992277 -0.0684824 0.103426
v -2.5075 2.9309 -0.2447
vn 0.96925 -0.170789 0.177159
v -2.482 2.9536 -0.31281
vn 0.997909 0.0527513 -0.037362
v -2.4854 2.9763 -0.31281
vn 0.991426 0.130178 0.0113316
v -2.4866 2.9536 -0.29011
vn 0.965713 0.0324322 0.257578
v -2.4892 2.9763 -0.29011
vn 0.968602 0.143763 0.202838
v -2.4927 3.0118 -0.31281
vn 0.917214 0.356032 0.178772
v -2.4974 3.0217 -0.31281
vn 0.944745 0.214051 0.248271
v -2.4927 2.999 -0.2935
vn 0.883774 0.327066 0.334621
v -2.5078 3.0217 -0.29011
vn 0.895058 0.239999 0.375861
v -2.4885 2.999 -0.31281
vn 0.987176 0.159274 0.0107157
v -2.4927 2.9536 -0.27498
vn 0.890521 -0.0351234 0.453585
v -2.4972 2.9536 -0.2674
vn 0.93897 -0.0785956 0.3349
v -2.4975 2.9763 -0.2674
vn 0.929098 0.154533 0.336002
v -2.4927 2.9763 -0.27795
vn 0.903477 0.190738 0.38386
v -2.5035 2.9536 -0.2447
vn 0.970285 -0.0655385 0.232919
v -2.5048 2.9763 -0.2447
vn 0.940195 0.240405 0.241327
v -2.5069 2.999 -0.2674
vn 0.845421 0.391523 0.363281
v -2.5154 3.0155 -0.2674
vn 0.957698 0.172637 0.230242
v -2.5154 3.0217 -0.27143
vn 0.926275 0 0.376849
v -2.51485 2.99985 -0.2447
vn 0.906038 0.357098 0.227104
v -2.5206 3.0217 -0.2447
vn 0.989493 0.100278 0.104152
v -2.5043 2.8628 -0.22199
vn 0.936698 0.323921 -0.132935
v -2.5107 2.8855 -0.22199
vn 0.977727 0.179053 -0.109498
v -2.4985 2.8628 -0.19929
vn 0.951673 0.257342 -0.167614
v -2.5122 2.9082 -0.22199
vn 0.999357 -0.0149714 -0.0325726
v -2.5085 2.9309 -0.22199
vn 0.988777 -0.107457 0.103795
v -2.5091 2.9082 -0.19929
vn 0.979848 0.167634 -0.10861
v -2.5118 2.9309 -0.19929
vn 0.996128 0.0487295 0.0731698
v -2.4966 2.8628 -0.17658
vn 0.969541 0.243803 0.023477
v -2.50425 2.89685 -0.17658
vn 0.973172 0.230062 -0.00283606
v -2.4996 2.8628 -0.15387
vn 0.952409 0.295776 0.0737113
v -2.5041 2.8855 -0.15387
vn 0.976294 0.202138 0.0773958
v -2.5134 2.9309 -0.17658
vn 0.979886 0.198676 0.0187271
v -2.5093 2.9082 -0.13117
vn 0.979169 0.202298 0.0174247
v -2.5154 2.9349 -0.13117
vn 0.980096 0.198514 0.00192937
v -2.5068 2.9536 -0.22199
vn 0.983575 0.00216152 0.180488
v -2.51 2.9763 -0.22199
vn 0.955669 0.208219 0.208185
v -2.5129 2.9536 -0.19929
vn 0.978477 0.056677 0.198422
v -2.51525 2.97745 -0.19929
vn 0.988186 0.101757 0.114604
v -2.5154 2.999 -0.23756
vn 0.956424 0.274956 0.09825
v -2.5154 2.9945 -0.22199
vn 0.969364 0.218065 0.11305
v -2.5167 2.999 -0.22199
vn 0.993681 0.110897 -0.0173219
v -2.5205 3.0217 -0.22199
vn 0.988168 0.146595 -0.0450986
v -2.5175 2.999 -0.19929
vn 0.999562 0.0291691 0.0049638
v -2.5171 3.0217 -0.19929
vn 0.99652 0.0229607 -0.0801278
v -2.5154 2.9461 -0.17658
vn 0.991785 0.11489 0.056239
v -2.5154 2.9536 -0.18261
vn 0.991921 0.0574978 0.113077
v -2.516 2.9536 -0.17658
vn 0.997704 0.0427363 0.0525294
v -2.5175 2.9763 -0.15387
vn 0.998522 0.0100559 0.0534058
v -2.5173 2.999 -0.17658
vn 0.999266 -0.0337054 0.0181797
v -2.5154 3.0217 -0.18638
vn 0.996384 -0.068866 -0.0497668
v -2.5154 3.0182 -0.17658
vn 0.994167 -0.107844 0.000923418
v -2.5148 3.0217 -0.17658
vn 0.987601 -0.156775 0.00815557
v -2.5008 3.0444 -0.31281
vn 0.95619 0.0828456 0.280781
v -2.5069 3.0444 -0.29011
vn 0.95309 -0.0825744 0.291206
v -2.5154 3.0367 -0.2674
vn 0.959988 -0.119191 0.25341
v -2.5126 3.0444 -0.2674
vn 0.914693 -0.332615 0.229574
v -2.5154 3.0444 -0.25396
vn 0.97786 -0.181573 0.104026
v -2.5154 3.0273 -0.19929
vn 0.947195 -0.28757 -0.141864
v -2.55565 2.5676 -0.119815
vn 0.707746 -0.706058 -0.0240232
v -2.5547 2.5676 -0.063054
vn 0.711362 -0.702495 -0.0215365
v -2.5381 2.58375 -0.0687303
vn 0.62194 -0.78295 -0.0134444
v -2.5154 2.59835 -0.119815
vn 0.451355 -0.891503 0.0387512
v -2.4927 2.6093 -0.10846
vn 0.388477 -0.92079 0.0350857
v -2.4823 2.613 -0.10846
vn 0.399755 -0.916141 0.0296721
v -2.4554 2.6357 -0.10846
vn 0.969648 -0.244123 0.0137001
v -2.47 2.6194 -0.10846
vn 0.65233 -0.757935 0.000425747
v -2.4571 2.6584 -0.10846
vn 0.983177 0.181188 -0.0230927
v -2.5154 2.5998 -0.040349
vn 0.479524 -0.8775 0.00708114
v -2.4927 2.6094 -0.063054
vn 0.36205 -0.931932 0.020583
v -2.4805 2.613 -0.063054
vn 0.327249 -0.944659 0.0229803
v -2.47 2.6176 -0.063054
vn 0.646692 -0.76246 -0.0210682
v -2.45425 2.6357 -0.0744065
vn 0.903075 -0.427739 -0.0386564
v -2.45445 2.6584 -0.0744065
vn 0.989973 0.118804 -0.0764123
v -2.5527 2.5676 -0.017643
vn 0.691783 -0.721792 -0.0212757
v -2.55125 2.5676 0.0447958
vn 0.703115 -0.710768 -0.0209481
v -2.5381 2.5802 0.0050616
vn 0.653586 -0.755867 -0.0386037
v -2.53492 2.5822 0.050472
vn 0.661844 -0.749623 -0.00535484
v -2.4927 2.61095 -0.028996
vn 0.375223 -0.926683 0.0215729
v -2.5154 2.5996 -0.017643
vn 0.559957 -0.828071 -0.027338
v -2.47 2.61815 -0.028996
vn 0.588588 -0.80821 0.0189923
v -2.4524 2.6357 -0.040349
vn 0.912949 -0.407435 -0.0228321
v -2.4517 2.6584 -0.040349
vn 0.997925 0.0527515 -0.0369183
v -2.4528 2.6357 -0.017643
vn 0.951538 -0.305038 0.0390917
v -2.4512 2.6584 -0.017643
vn 0.993122 0.103534 0.0546681
v -2.5154 2.5987 0.0050616
vn 0.600544 -0.799589 0.00190281
v -2.4927 2.6111 0.0050616
vn 0.393722 -0.919219 0.0043583
v -2.4927 2.6114 0.050472
vn 0.439984 -0.897689 0.0238662
v -2.47 2.62045 0.0164143
vn 0.612579 -0.788865 0.0493867
v -2.45585 2.6357 0.0164143
vn 0.899588 -0.427832 0.087751
v -2.45665 2.6584 0.0391195
vn 0.991312 0.0674827 0.112898
v -2.4626 2.6811 -0.10846
vn 0.992587 0.120974 0.0116578
v -2.464 2.7038 -0.10846
vn 0.998846 -0.0228815 0.0422341
v -2.4619 2.7265 -0.10846
vn 0.999366 -0.000698724 0.0355862
v -2.4625 2.7492 -0.13117
vn 0.998211 0.0564281 -0.0197848
v -2.4615 2.7492 -0.10846
vn 0.99911 0.0089495 -0.0412191
v -2.4601 2.6811 -0.0744065
vn 0.976609 0.196445 -0.0874358
v -2.4639 2.7038 -0.085759
vn 0.999862 -0.0138911 0.00914254
v -2.4624 2.7038 -0.063054
vn 0.9914 0.117918 -0.0567627
v -2.4605 2.7719 -0.063054
vn 0.997104 -0.0659881 0.0377989
v -2.464 2.7265 -0.063054
vn 0.999625 -0.00954188 0.0256821
v -2.46335 2.7719 -0.119815
vn 0.997115 0.0425366 -0.0628629
v -2.4641 2.7946 -0.13117
vn 0.992701 0.0951173 -0.0741481
v -2.47 2.8173 -0.1454
vn 0.85995 0.497479 -0.114021
v -2.4661 2.8173 -0.102787
vn 0.971566 0.223123 -0.0792237
v -2.4927 2.8477 -0.13117
vn 0.808866 0.57749 -0.110638
v -2.47 2.829 -0.0971095
vn 0.880955 0.45624 -0.125552
v -2.4798 2.84 -0.10846
vn 0.789702 0.571949 -0.221914
v -2.4602 2.7946 -0.063054
vn 0.996804 0.0494364 -0.0627598
v -2.4736 2.84 -0.085759
vn 0.842042 0.512949 -0.166878
v -2.4619 2.8173 -0.0517015
vn 0.966359 0.246507 -0.0733758
v -2.4716 2.84 -0.063054
vn 0.903419 0.424372 -0.0611778
v -2.4611 2.7038 -0.040349
vn 0.981402 0.183088 -0.057691
v -2.4604 2.7038 -0.017643
vn 0.991063 0.131601 -0.021823
v -2.4644 2.7265 -0.040349
vn 0.99718 0.0667677 -0.0342566
v -2.4641 2.7492 -0.040349
vn 0.998142 -0.060825 -0.00366663
v -2.4627 2.7265 -0.017643
vn 0.994894 0.0532158 -0.0857572
v -2.4629 2.7492 -0.017643
vn 0.992912 -0.0874775 -0.0804622
v -2.4574 2.6811 0.0050616
vn 0.980997 0.176466 0.0806494
v -2.4602 2.7038 0.0050616
vn 0.998379 0.0322511 0.0469002
v -2.46135 2.6811 0.0391195
vn 0.986731 0.13578 0.0890226
v -2.4642 2.7038 0.050472
vn 0.995593 0.0105942 0.0931789
v -2.4598 2.7265 0.0050616
vn 0.998836 0.0197975 -0.0439922
v -2.4603 2.7492 0.0050616
vn 0.994638 -0.0879392 -0.0544296
v -2.4599 2.7265 0.027767
vn 0.997304 -0.0386641 0.0623708
v -2.4601 2.7492 0.027767
vn 0.997539 -0.0571268 0.0406396
v -2.4609 2.7719 -0.040349
vn 0.993845 -0.108202 -0.0237626
v -2.4563 2.7946 -0.017643
vn 0.993741 -0.074174 -0.0835342
v -2.47 2.84 -0.031504
vn 0.909433 0.405553 -0.0919696
v -2.459 2.8173 -0.017643
vn 0.961409 0.246106 -0.122985
v -2.47 2.8456 -0.017643
vn 0.920545 0.328085 -0.212032
v -2.4547 2.7946 0.0050616
vn 0.996942 -0.054899 -0.0556158
v -2.45805 2.7719 0.0391195
vn 0.987523 -0.156814 0.0143864
v -2.4535 2.7946 0.0391195
vn 0.989607 -0.140335 -0.0313621
v -2.4562 2.8173 0.0050616
vn 0.978538 0.153752 -0.137198
v -2.4625 2.84 0.0050616
vn 0.937088 0.239353 -0.25412
v -2.4533 2.8173 0.027767
vn 0.994001 0.028148 -0.105691
v -2.4564 2.84 0.027767
vn 0.967019 0.130128 -0.218954
v -2.5491 2.5676 0.107236
vn 0.726222 -0.68729 -0.0152933
v -2.5381 2.57945 0.107236
vn 0.681913 -0.731344 -0.0113828
v -2.5154 2.5994 0.050472
vn 0.542892 -0.839802 0.00112253
v -2.5154 2.5985 0.0845295
vn 0.604344 -0.796712 -0.00421708
v -2.47 2.6219 0.050472
vn 0.62938 -0.77543 0.0508822
v -2.4599 2.6357 0.050472
vn 0.948833 -0.295573 0.111139
v -2.47 2.6253 0.095882
vn 0.611209 -0.790783 0.03295
v -2.4632 2.6357 0.073177
vn 0.946157 -0.318645 0.0570304
v -2.4604 2.6584 0.073177
vn 0.996551 0.0689761 0.0461274
v -2.5154 2.5976 0.11859
vn 0.60582 -0.794766 -0.0364578
v -2.4638 2.6357 0.095882
vn 0.939943 -0.339493 -0.0353693
v -2.4602 2.6584 0.095882
vn 0.99948 0.0137608 -0.0291645
v -2.47 2.6241 0.11859
vn 0.578863 -0.815383 -0.00829043
v -2.4615 2.6357 0.11859
vn 0.954168 -0.298555 -0.0207079
v -2.458 2.6584 0.11859
vn 0.997764 0.0593405 -0.0307625
v -2.5476 2.5676 0.17535
vn 0.734215 -0.678916 -0.00117177
v -2.5381 2.5777 0.164
vn 0.685637 -0.727919 -0.00601652
v -2.5381 2.5785 0.25482
vn 0.701066 -0.713031 0.00968806
v -2.51915 2.59315 0.14129
vn 0.606186 -0.795114 -0.0182377
v -2.5154 2.5966 0.164
vn 0.622488 -0.781924 0.0332123
v -2.47 2.6257 0.14129
vn 0.636751 -0.766253 0.0860528
v -2.4626 2.6357 0.14129
vn 0.944991 -0.308935 0.107473
v -2.4588 2.6584 0.14129
vn 0.991563 0.0781333 0.103429
v -2.47 2.6302 0.164
vn 0.632973 -0.768327 0.0949635
v -2.4663 2.6357 0.164
vn 0.961141 -0.255069 0.105581
v -2.52007 2.5942 0.198055
vn 0.639184 -0.769 0.00904438
v -2.47 2.6319 0.1867
vn 0.647937 -0.761376 0.0219823
v -2.4677 2.6357 0.1867
vn 0.983981 -0.177628 0.0151338
v -2.4644 2.6584 0.1867
vn 0.995873 0.0390742 0.0819205
v -2.47 2.6311 0.23211
vn 0.609817 -0.792526 -0.00510017
v -2.46585 2.6584 0.22076
vn 0.999323 0.0353913 0.0100858
v -2.4661 2.7038 0.073177
vn 0.988154 0.114472 0.102215
v -2.4624 2.7265 0.050472
vn 0.990356 -0.0417598 0.132104
v -2.4624 2.7492 0.050472
vn 0.986418 -0.130361 0.0999246
v -2.4667 2.7265 0.073177
vn 0.987259 -0.0203794 0.157811
v -2.4656 2.7492 0.073177
vn 0.969849 -0.217651 0.109637
v -2.4638 2.6811 0.095882
vn 0.975554 0.209932 0.0649818
v -2.46983 2.70575 0.0967637
vn 0.979044 0.125905 0.160063
v -2.4642 2.6811 0.11859
vn 0.956924 0.289836 0.0170973
v -2.47 2.6949 0.11859
vn 0.926095 0.36668 0.0888522
v -2.474 2.7038 0.11859
vn 0.976305 0.174857 0.127492
v -2.4703 2.7265 0.0942725
vn 0.983816 0.00315626 0.179155
v -2.47 2.7335 0.095882
vn 0.982356 -0.121831 0.141893
v -2.475 2.7265 0.11859
vn 0.987905 -0.0644156 0.141045
v -2.4702 2.74965 0.11859
vn 0.949736 -0.298008 0.0958761
v -2.4588 2.7719 0.073177
vn 0.965467 -0.258736 0.0304716
v -2.452 2.7946 0.073177
vn 0.966961 -0.234192 -0.1007
v -2.4512 2.8173 0.050472
vn 0.990868 -0.0720747 -0.113956
v -2.4511 2.84 0.050472
vn 0.971661 -0.0116904 -0.23609
v -2.4484 2.8173 0.073177
vn 0.981236 -0.142171 -0.130246
v -2.4473 2.8276 0.073177
vn 0.979401 -0.107009 -0.171237
v -2.4473 2.84 0.067347
vn 0.970877 -0.108011 -0.21385
v -2.4594 2.7719 0.095882
vn 0.936898 -0.348146 0.0318794
v -2.4499 2.7946 0.095882
vn 0.917554 -0.394146 -0.0523888
v -2.4603 2.7719 0.11859
vn 0.889 -0.457427 0.0209588
v -2.4473 2.7959 0.11859
vn 0.917145 -0.396193 -0.0433102
v -2.4473 2.8173 0.079123
vn 0.975237 -0.158397 -0.154349
v -2.4656 2.6811 0.14129
vn 0.924752 0.367919 0.0973073
v -2.4694 2.6811 0.16694
vn 0.92452 0.350089 0.150667
v -2.4787 2.7038 0.164
vn 0.983319 0.161839 0.0830224
v -2.4778 2.7265 0.14129
vn 0.992318 -0.104915 0.0655512
v -2.4725 2.7492 0.14129
vn 0.936487 -0.347833 0.0447736
v -2.4784 2.7265 0.1867
vn 0.985842 -0.163653 0.0365185
v -2.4726 2.7492 0.1867
vn 0.923143 -0.38339 0.0286125
v -2.47 2.6693 0.20941
vn 0.912521 0.401736 0.0768992
v -2.4746 2.6811 0.1867
vn 0.918501 0.357193 0.169617
v -2.4812 2.7038 0.1867
vn 0.987265 0.117656 0.107072
v -2.4773 2.6811 0.20941
vn 0.937369 0.34712 0.0291107
v -2.4824 2.7038 0.20941
vn 0.998423 0.0457474 0.0325421
v -2.4816 2.7265 0.23211
vn 0.988152 -0.152971 0.0125005
v -2.4748 2.7492 0.20941
vn 0.926235 -0.373084 0.0538237
v -2.4477 2.79545 0.14129
vn 0.90652 -0.421716 0.019404
v -2.44938 2.7965 0.17535
vn 0.907662 -0.418063 0.0370536
v -2.46285 2.7719 0.198055
vn 0.888364 -0.457478 0.0390247
v -2.4495 2.7987 0.22076
vn 0.897732 -0.439775 0.0259839
v -2.4404 2.8173 0.11859
vn 0.969354 -0.198133 -0.145247
v -2.4462 2.84 0.073177
vn 0.963281 -0.166444 -0.210681
v -2.4389 2.8173 0.14129
vn 0.955171 -0.295352 0.0203607
v -2.4294 2.8628 0.14129
vn 0.972889 -0.226674 -0.0458785
v -2.429 2.8628 0.164
vn 0.968434 -0.244957 0.046164
v -2.441 2.8173 0.1867
vn 0.961954 -0.26948 0.0450014
v -2.436 2.84 0.1867
vn 0.976034 -0.192342 0.101797
v -2.4426 2.8173 0.22076
vn 0.980186 -0.176972 0.0889709
v -2.4383 2.84 0.20941
vn 0.988109 -0.0882668 0.125896
v -2.5004 2.8628 -0.13117
vn 0.949227 0.310972 -0.047584
v -2.5059 2.8855 -0.13117
vn 0.983486 0.180518 -0.0129952
v -2.4969 2.8628 -0.10846
vn 0.868562 0.447108 -0.213762
v -2.5037 2.8855 -0.10846
vn 0.962176 0.228753 -0.147951
v -2.507 2.9082 -0.10846
vn 0.975284 0.18536 -0.120265
v -2.5138 2.93595 -0.10846
vn 0.962277 0.249548 -0.108395
v -2.4927 2.8628 -0.096419
vn 0.848519 0.469017 -0.245028
v -2.4927 2.8682 -0.085759
vn 0.83997 0.512649 -0.177883
v -2.5 2.8855 -0.085759
vn 0.966962 0.220092 -0.128628
v -2.4927 2.8751 -0.063054
vn 0.865096 0.483367 -0.134039
v -2.4974 2.8855 -0.063054
vn 0.961847 0.20935 -0.176136
v -2.5051 2.9309 -0.063054
vn 0.951962 0.27255 -0.139584
v -2.5186 2.9536 -0.13117
vn 0.9954 0.0930809 0.0226831
v -2.5195 2.9763 -0.13117
vn 0.999029 -0.00219824 0.0440025
v -2.5181 2.9536 -0.10846
vn 0.991243 0.119542 -0.0560987
v -2.5195 2.9763 -0.10846
vn 0.998243 -0.0160438 -0.0570458
v -2.5185 2.999 -0.13117
vn 0.995908 -0.0903718 4.35919e-05
v -2.5148 3.0217 -0.13117
vn 0.956694 -0.269922 -0.108992
v -2.517 2.999 -0.10846
vn 0.987657 -0.127926 -0.090378
v -2.5154 3.0066 -0.10846
vn 0.958082 -0.236068 -0.162326
v -2.511 3.0217 -0.10846
vn 0.926294 -0.327142 -0.186968
v -2.51575 2.952 -0.085759
vn 0.977613 0.182412 -0.104874
v -2.5175 2.9763 -0.085759
vn 0.997321 -0.0286597 -0.0673018
v -2.5154 2.9536 -0.077949
vn 0.962272 0.253715 -0.0982903
v -2.5138 2.9536 -0.063054
vn 0.93329 0.342714 -0.107314
v -2.5154 2.9596 -0.063054
vn 0.985866 0.155065 -0.0634256
v -2.5154 2.9852 -0.063054
vn 0.994363 -0.103234 -0.0241954
v -2.5154 2.999 -0.099406
vn 0.966993 -0.206095 -0.149829
v -2.5154 2.9905 -0.085759
vn 0.975213 -0.213561 -0.057893
v -2.5128 2.999 -0.085759
vn 0.943746 -0.317529 -0.0923016
v -2.505 3.0217 -0.085759
vn 0.926629 -0.330081 -0.180013
v -2.5115 2.999 -0.063054
vn 0.9309 -0.364976 0.0147564
v -2.5018 3.0217 -0.063054
vn 0.919083 -0.392731 -0.032384
v -2.49185 2.8855 -0.0430065
vn 0.919533 0.26212 -0.292833
v -2.4822 2.8628 -0.040349
vn 0.898251 0.398464 -0.185394
v -2.4762 2.8628 -0.017643
vn 0.916802 0.273314 -0.291159
v -2.4818 2.8855 -0.017643
vn 0.903411 0.247926 -0.349831
v -2.5008 2.9309 -0.040349
vn 0.915334 0.259884 -0.30761
v -2.49263 2.93118 -0.0184665
vn 0.905705 0.35273 -0.235117
v -2.487 2.9082 -0.017643
vn 0.930329 0.258806 -0.259822
v -2.46895 2.8628 0.0022559
vn 0.916576 0.198442 -0.347144
v -2.47 2.8794 0.0050616
vn 0.872032 0.0404827 -0.487772
v -2.4706 2.8855 0.00592825
vn 0.800637 0.260045 -0.539774
v -2.4578 2.8628 0.027767
vn 0.911754 -0.0710102 -0.404552
v -2.4473 2.8855 0.029591
vn 0.716451 -0.358993 -0.598182
v -2.48 2.9082 0.0050616
vn 0.890426 0.314584 -0.328904
v -2.4927 2.9391 0.0050616
vn 0.896469 0.40868 -0.171241
v -2.5111 2.9536 -0.040349
vn 0.917359 0.371649 -0.142585
v -2.5154 2.9723 -0.017643
vn 0.908998 0.39094 -0.144532
v -2.5069 2.9536 -0.017643
vn 0.867613 0.455062 -0.200414
v -2.5154 2.9996 -0.041105
vn 0.877081 -0.439934 0.192837
v -2.5034 3.0217 -0.040349
vn 0.877557 -0.453803 0.15478
v -2.5154 3.0097 -0.017643
vn 0.86241 -0.485223 0.144248
v -2.5086 3.0217 -0.017643
vn 0.810836 -0.583401 0.0467739
v -2.5018 2.9536 0.0050616
vn 0.875378 0.441645 -0.196631
v -2.5154 2.9763 -0.012442
vn 0.896204 0.385773 -0.219086
v -2.5083 3.0217 0.0050616
vn 0.896061 -0.435377 -0.0867333
v -2.5063 2.999 0.027767
vn 0.94617 -0.183396 -0.266698
v -2.5138 2.999 0.0050616
vn 0.925367 -0.224203 -0.305662
v -2.503 3.0217 0.027767
vn 0.920201 -0.347269 -0.180648
v -2.5023 3.0444 -0.10846
vn 0.918272 -0.347892 -0.189069
v -2.497 3.0671 -0.13117
vn 0.91912 -0.36441 -0.149747
v -2.497 3.0444 -0.085759
vn 0.921076 -0.324613 -0.215045
v -2.4927 3.0387 -0.017643
vn 0.883868 -0.450888 0.124409
v -2.4927 3.0444 -0.001832
vn 0.933222 -0.288016 0.214811
v -2.4955 3.0444 0.0050616
vn 0.970903 -0.219889 0.0948511
v -2.5154 3.0595 0.0050616
vn 0.488313 0.643533 0.58942
v -2.5019 3.0561 -0.0024104
vn 0.579018 0.639617 0.505598
v -2.4965 3.0444 0.027767
vn 0.967503 -0.209349 -0.141815
v -2.4927 3.0464 0.0050616
vn 0.989526 -0.138635 0.0402233
v -2.4898 3.0671 0.0050616
vn 0.960509 -0.185653 0.207256
v -2.4838 3.0671 -0.017643
vn 0.950952 -0.224947 0.21234
v -2.44747 2.8639 0.0510375
vn 0.838683 -0.392788 -0.377264
v -2.4855 3.0217 0.11859
vn 0.960301 -0.193904 -0.200555
v -2.4927 2.999 0.10935
vn 0.94845 -0.201136 -0.244922
v -2.4927 3.0154 0.095882
vn 0.944074 -0.231066 -0.235231
v -2.4905 3.0217 0.095882
vn 0.939849 -0.284881 -0.188483
v -2.481 3.0217 0.14129
vn 0.982516 -0.119454 -0.142807
v -2.4803 2.999 0.14129
vn 0.981837 0.123181 -0.144301
v -2.47 2.9834 0.164
vn 0.909488 0.404216 -0.0971639
v -2.4768 2.999 0.164
vn 0.960905 0.259286 -0.0971246
v -2.4791 3.0217 0.164
vn 0.990743 -0.0977041 -0.0942506
v -2.4473 2.9488 0.20941
vn 0.67781 0.692208 0.247833
v -2.4473 2.9536 0.19715
vn 0.760666 0.603173 0.239937
v -2.4672 2.9763 0.20941
vn 0.867677 0.481922 0.12201
v -2.4648 2.9763 0.1867
vn 0.878935 0.476489 0.0207557
v -2.4473 2.9557 0.1867
vn 0.755755 0.642019 0.129018
v -2.4756 2.999 0.1867
vn 0.980234 0.196481 -0.0231628
v -2.478 3.0217 0.1867
vn 0.994436 -0.104843 0.0102062
v -2.47 2.9855 0.20941
vn 0.935055 0.354498 -0.00189015
v -2.4761 2.999 0.20941
vn 0.962678 0.270538 0.00773852
v -2.4795 3.0217 0.20941
vn 0.993093 -0.0669808 0.0963341
v -2.4246 2.8855 0.04673
vn 0.629595 -0.692482 -0.352247
v -2.4416 2.8628 0.073177
vn 0.877057 -0.450856 -0.165829
v -2.4246 2.8855 0.092179
vn 0.865807 -0.500066 -0.0176713
v -2.4363 2.8628 0.095882
vn 0.931822 -0.311621 -0.18601
v -2.4317 2.8628 0.11859
vn 0.952024 -0.278663 -0.126483
v -2.4246 2.8855 0.10291
vn 0.922108 -0.370005 -0.113198
v -2.4246 2.876 0.14129
vn 0.903664 -0.427664 -0.0222481
v -2.4246 2.8739 0.164
vn 0.92214 -0.381135 0.0662798
v -2.4184 2.8855 0.164
vn 0.910114 -0.388023 0.145362
v -2.4084 2.9082 0.164
vn 0.923935 -0.312425 0.220759
v -2.4056 2.9082 0.14129
vn 0.848142 -0.519347 0.10457
v -2.4315 2.8628 0.1867
vn 0.956044 -0.23072 0.180966
v -2.4242 2.8855 0.187465
vn 0.914519 -0.27362 0.297971
v -2.4363 2.8628 0.20941
vn 0.974237 -0.109203 0.197324
v -2.4338 2.8855 0.20941
vn 0.94291 -0.171748 0.285347
v -2.4184 2.9082 0.1867
vn 0.91163 -0.0665818 0.405583
v -2.4116 2.9309 0.164
vn 0.870668 0.303307 0.387224
v -2.4225 2.9309 0.1867
vn 0.885363 0.194532 0.422244
v -2.4246 2.9082 0.19623
vn 0.913511 -0.0611156 0.402196
v -2.4301 2.9082 0.20941
vn 0.966898 -0.0758752 0.243622
v -2.4293 2.9309 0.20941
vn 0.918517 0.296337 0.261744
v -2.4246 2.9309 0.19129
vn 0.859882 0.378133 0.342956
v -2.4246 2.9356 0.1867
vn 0.699828 0.637035 0.323152
v -2.4246 2.9451 0.164
vn 0.688368 0.669127 0.280032
v -2.4429 2.9536 0.1867
vn 0.672144 0.683353 0.285047
v -2.4927 3.0347 0.050472
vn 0.94627 -0.258546 -0.194235
v -2.4927 3.0444 0.045036
vn 0.976636 0 -0.214901
v -2.4927 3.054 0.050472
vn 0.982792 0.104017 -0.152645
v -2.4927 3.0234 0.073177
vn 0.87387 -0.469055 -0.127824
v -2.4878 3.0444 0.073177
vn 0.99009 -0.0341001 -0.136229
v -2.4927 3.0594 0.073177
vn 0.940569 0.312256 -0.133513
v -2.4927 3.0217 0.082071
vn 0.953832 -0.265719 -0.139994
v -2.4838 3.0444 0.095882
vn 0.969396 -0.155732 -0.189784
v -2.4927 3.0671 0.088904
vn 0.915069 0.265443 -0.303625
v -2.4874 3.0671 0.095882
vn 0.790064 0.1253 -0.600082
v -2.4762 3.0444 0.14129
vn 0.958211 -0.240508 -0.154881
v -2.47 3.0504 0.164
vn 0.939597 -0.295647 -0.17248
v -2.47 3.06935 0.14261
vn 0.934408 -0.221235 -0.27917
v -2.4643 3.0671 0.164
vn 0.932841 -0.238642 -0.269923
v -2.47 3.0898 0.13231
vn 0.945896 -0.135126 -0.294996
v -2.4594 3.0898 0.164
vn 0.938275 -0.172055 -0.300062
v -2.47 3.04415 0.184705
vn 0.943 -0.330318 -0.0405004
v -2.47 3.0444 0.19615
vn 0.939648 -0.328658 0.0951084
v -2.4729 3.0444 0.20941
vn 0.934731 -0.291949 0.202591
v -2.5486 2.5676 0.30023
vn 0.77348 -0.633818 -0.00157088
v -2.5381 2.5802 0.30023
vn 0.693685 -0.720228 0.00851924
v -2.5154 2.5976 0.23211
vn 0.64238 -0.766358 0.00662008
v -2.5154 2.5986 0.25482
vn 0.646855 -0.761803 0.0351432
v -2.4927 2.6147 0.25482
vn 0.574658 -0.818204 0.0176328
v -2.47 2.6323 0.27752
vn 0.642702 -0.765892 0.0185276
v -2.4674 2.6357 0.27752
vn 0.981383 -0.191634 -0.0128028
v -2.4656 2.6584 0.25482
vn 0.995852 0.0686482 -0.0597234
v -2.5154 2.6005 0.288875
vn 0.60311 -0.797474 0.0171494
v -2.4927 2.6151 0.30023
vn 0.571116 -0.820502 -0.0245665
v -2.463 2.6584 0.27752
vn 0.995799 0.0150428 -0.0903196
v -2.468 2.6357 0.30023
vn 0.841678 -0.539902 0.00914222
v -2.4611 2.6584 0.30023
vn 0.998082 -0.0593542 -0.0175864
v -2.54738 2.5676 0.362668
vn 0.82083 -0.570805 -0.020486
v -2.5381 2.5804 0.34564
vn 0.685535 -0.728014 -0.00611771
v -2.5381 2.5787 0.39105
vn 0.710996 -0.703072 -0.0132258
v -2.5154 2.5999 0.32293
vn 0.571006 -0.820407 -0.0297454
v -2.5154 2.5995 0.36834
vn 0.564815 -0.825217 0.00143874
v -2.4925 2.613 0.339915
vn 0.602887 -0.797624 -0.017982
v -2.47 2.6328 0.34564
vn 0.678058 -0.735008 0.000898056
v -2.4682 2.6357 0.32293
vn 0.962793 -0.266651 0.0438938
v -2.4622 2.6584 0.32293
vn 0.996174 -0.062167 0.061427
v -2.4684 2.6357 0.34564
vn 0.976294 -0.21216 0.0428847
v -2.4652 2.6584 0.34564
vn 0.993787 -0.0162651 0.110104
v -2.4927 2.6131 0.36596
vn 0.676936 -0.73373 0.0582907
v -2.4927 2.61515 0.4024
vn 0.626738 -0.778301 0.0380417
v -2.5154 2.5997 0.4024
vn 0.614745 -0.788618 0.0130464
v -2.4711 2.6357 0.36834
vn 0.739905 -0.664426 0.105257
v -2.47 2.6357 0.36098
vn 0.914671 -0.385842 0.120428
v -2.47 2.6395 0.36834
vn 0.980741 -0.147072 0.128516
v -2.47015 2.6584 0.389375
vn 0.996432 -0.0361456 0.0762739
v -2.4747 2.6357 0.39105
vn 0.878666 -0.468697 0.0909362
v -2.47 2.6709 0.23211
vn 0.923899 0.376331 -0.0691807
v -2.4746 2.6811 0.243465
vn 0.931865 0.342808 -0.118788
v -2.4824 2.7038 0.23211
vn 0.988625 0.141974 -0.0496371
v -2.4802 2.7038 0.25482
vn 0.979409 0.146378 -0.139035
v -2.4751 2.7492 0.23211
vn 0.95162 -0.304616 -0.0403624
v -2.4762 2.7265 0.27752
vn 0.982317 -0.153616 -0.107029
v -2.4725 2.7492 0.25482
vn 0.939196 -0.332414 -0.0860928
v -2.46965 2.6823 0.273425
vn 0.9482 0.281036 -0.148108
v -2.4759 2.7038 0.27752
vn 0.98214 0.135908 -0.130116
v -2.4653 2.6811 0.30023
vn 0.959841 0.274085 -0.0598561
v -2.4735 2.7038 0.31158
vn 0.986256 0.162288 -0.0310063
v -2.4705 2.7492 0.27752
vn 0.958857 -0.282771 -0.0251604
v -2.4752 2.7265 0.30023
vn 0.996374 -0.0827092 -0.019967
v -2.4669 2.76595 0.23211
vn 0.895913 -0.444008 -0.0140364
v -2.46275 2.7719 0.26617
vn 0.925184 -0.378775 -0.0237434
v -2.4526 2.7946 0.25482
vn 0.93257 -0.357594 0.0493944
v -2.4468 2.815 0.25482
vn 0.980551 -0.181088 0.0756725
v -2.4536 2.7946 0.27752
vn 0.940519 -0.339681 -0.00636501
v -2.4622 2.7719 0.30023
vn 0.926466 -0.373487 -0.0465617
v -2.4528 2.7946 0.30023
vn 0.923719 -0.376812 -0.0689631
v -2.4472 2.8173 0.27752
vn 0.978599 -0.20271 -0.0353848
v -2.4445 2.8173 0.30023
vn 0.938806 -0.31351 -0.142668
v -2.4653 2.6811 0.32293
vn 0.976308 0.204719 0.0700957
v -2.47 2.6961 0.32293
vn 0.947703 0.31772 0.0302203
v -2.46925 2.6849 0.34564
vn 0.977998 0.184438 0.0974813
v -2.4736 2.7038 0.35699
vn 0.995591 0.0931921 0.0106956
v -2.4759 2.7265 0.32293
vn 0.994297 -0.103292 -0.0265317
v -2.47 2.74915 0.32293
vn 0.950749 -0.307855 -0.0360725
v -2.4731 2.7265 0.36834
vn 0.996418 -0.0789736 -0.0302432
v -2.4684 2.74793 0.35699
vn 0.955287 -0.293244 -0.0378837
v -2.47 2.68 0.36469
vn 0.991218 0.119348 0.0569502
v -2.4704 2.6811 0.39105
vn 0.997932 0.0572667 -0.0292071
v -2.4734 2.7038 0.39105
vn 0.997411 0.0620329 -0.0363793
v -2.47 2.7388 0.41375
vn 0.9714 -0.235949 0.0266405
v -2.467 2.7492 0.41375
vn 0.951336 -0.308033 0.00871182
v -2.4405 2.8173 0.32293
vn 0.899821 -0.420466 -0.116316
v -2.4594 2.7719 0.34564
vn 0.929272 -0.369314 -0.00782173
v -2.4473 2.7997 0.34564
vn 0.913567 -0.406581 0.00931137
v -2.4555 2.78325 0.41375
vn 0.945518 -0.324658 0.0243433
v -2.4473 2.8037 0.39105
vn 0.926208 -0.374049 0.0471769
v -2.4449 2.84 0.25482
vn 0.995869 -0.0700912 0.0577334
v -2.4436 2.84 0.27752
vn 0.964871 -0.187334 -0.184201
v -2.4362 2.84 0.30023
vn 0.850378 -0.408376 -0.331791
v -2.4279 2.84 0.32293
vn 0.772113 -0.571546 -0.277807
v -2.4388 2.8173 0.34564
vn 0.869833 -0.493083 -0.0160834
v -2.42435 2.8397 0.34564
vn 0.787297 -0.614306 -0.0528371
v -2.4394 2.8173 0.36834
vn 0.861176 -0.506332 0.0447639
v -2.42495 2.84035 0.39105
vn 0.775879 -0.629112 0.0472146
v -2.4426 2.8173 0.4024
vn 0.845468 -0.525752 0.0936396
v -2.54525 2.5676 0.470515
vn 0.824771 -0.564835 -0.0267207
v -2.5381 2.578 0.43646
vn 0.738517 -0.674006 -0.0176002
v -2.5154 2.6002 0.43646
vn 0.652341 -0.75774 -0.0167859
v -2.4927 2.6162 0.43646
vn 0.695762 -0.718255 -0.00493779
v -2.4779 2.6357 0.425105
vn 0.885891 -0.460131 0.0589636
v -2.47025 2.6598 0.41375
vn 0.987493 -0.156516 0.0189966
v -2.47 2.6636 0.43646
vn 0.977265 -0.200874 0.0678416
v -2.5154 2.5988 0.50457
vn 0.67822 -0.73485 -0.00369759
v -2.4927 2.6162 0.50457
vn 0.701532 -0.712346 0.0204092
v -2.4796 2.6357 0.470515
vn 0.905194 -0.424986 -0.00338599
v -2.4743 2.6584 0.45916
vn 0.981155 -0.170173 0.0915247
v -2.475 2.6584 0.48187
vn 0.989013 -0.145234 -0.0275869
v -2.5417 2.5676 0.57269
vn 0.803388 -0.595448 0.00321956
v -2.5381 2.57505 0.515925
vn 0.755734 -0.654252 -0.0286519
v -2.5381 2.5726 0.57269
vn 0.755345 -0.655272 -0.00858921
v -2.52295 2.5903 0.53863
vn 0.758507 -0.651508 -0.0143125
v -2.50945 2.60615 0.53863
vn 0.71358 -0.69959 0.0371195
v -2.4927 2.6191 0.52728
vn 0.682047 -0.727457 0.0749629
v -2.4779 2.6357 0.50457
vn 0.906143 -0.422694 -0.0153138
v -2.4733 2.6584 0.50457
vn 0.991587 -0.118679 -0.0516765
v -2.4783 2.6357 0.52728
vn 0.894873 -0.429114 0.122734
v -2.4719 2.6584 0.52728
vn 0.997076 -0.0705161 -0.0294566
v -2.5185 2.5941 0.57269
vn 0.779554 -0.626201 0.0129317
v -2.5048 2.613 0.57269
vn 0.75889 -0.64552 0.0859647
v -2.4876 2.6357 0.57269
vn 0.85155 -0.497889 0.164222
v -2.4747 2.6584 0.54998
vn 0.967118 -0.204494 0.151209
v -2.4787 2.6584 0.57269
vn 0.974868 -0.185743 0.123014
v -2.4683 2.6811 0.43646
vn 0.999974 -0.00444169 -0.00571104
v -2.4716 2.7038 0.41375
vn 0.994199 0.0973657 -0.0456948
v -2.4705 2.7012 0.43646
vn 0.993753 0.106352 0.0338393
v -2.47265 2.7265 0.425105
vn 0.999522 -0.0308645 -0.00203707
v -2.47095 2.6811 0.45439
vn 0.989504 -0.025578 0.142226
v -2.4728 2.7038 0.45916
vn 0.996107 0.0395129 0.0788066
v -2.4745 2.6811 0.48187
vn 0.999742 -0.0209179 0.00880785
v -2.4741 2.7038 0.48187
vn 0.998048 -0.0580566 -0.0229942
v -2.4731 2.7265 0.45916
vn 0.995838 -0.0908612 -0.00707031
v -2.4696 2.7492 0.45916
vn 0.977352 -0.210627 -0.0204688
v -2.46995 2.7261 0.50457
vn 0.983757 -0.160966 -0.0794522
v -2.46565 2.76055 0.48187
vn 0.979127 -0.191178 -0.0690032
v -2.4576 2.78325 0.43646
vn 0.947903 -0.30263 0.0994736
v -2.44675 2.81595 0.43646
vn 0.895263 -0.436642 0.0885877
v -2.4634 2.7719 0.45916
vn 0.969153 -0.24335 0.039024
v -2.4575 2.7946 0.45916
vn 0.947075 -0.296766 0.122387
v -2.4598 2.7946 0.48187
vn 0.978906 -0.203299 0.020327
v -2.4473 2.8173 0.44604
vn 0.882423 -0.4492 0.139816
v -2.453 2.8173 0.48187
vn 0.887542 -0.45058 0.0961598
v -2.4709 2.7038 0.52728
vn 0.99791 -0.0402247 -0.0505788
v -2.4709 2.6811 0.52728
vn 0.999476 -0.0271504 -0.0176075
v -2.4684 2.7265 0.52728
vn 0.987851 -0.152351 -0.030667
v -2.4587 2.7719 0.52728
vn 0.987453 -0.154297 -0.033588
v -2.4732 2.7038 0.57269
vn 0.991518 -0.0978104 0.0855912
v -2.4707 2.71015 0.54998
vn 0.992773 -0.109197 0.0497753
v -2.4638 2.7492 0.54998
vn 0.977573 -0.205999 0.0437759
v -2.4676 2.7492 0.5954
vn 0.975701 -0.218678 -0.0136937
v -2.4663 2.7492 0.57269
vn 0.976145 -0.203395 0.0759625
v -2.4609 2.7719 0.50457
vn 0.986527 -0.141243 -0.0825544
v -2.4596 2.7946 0.50457
vn 0.991738 -0.117081 -0.0524132
v -2.4579 2.7946 0.52728
vn 0.984967 -0.156206 -0.0737498
v -2.4546 2.8173 0.50457
vn 0.884562 -0.466134 -0.0163869
v -2.4527 2.8173 0.52728
vn 0.939763 -0.315074 -0.132566
v -2.4473 2.8257 0.52728
vn 0.772047 -0.618494 -0.146315
v -2.4596 2.7719 0.54998
vn 0.98592 -0.167219 0.000724627
v -2.455 2.7946 0.54998
vn 0.951356 -0.272777 -0.143231
v -2.46 2.7719 0.57269
vn 0.947465 -0.317249 -0.0407725
v -2.4473 2.7946 0.58335
vn 0.85889 -0.446604 -0.250703
v -2.44765 2.81795 0.54998
vn 0.836996 -0.490089 -0.243415
v -2.4278 2.84 0.41375
vn 0.747398 -0.65868 0.0868171
v -2.4316 2.84 0.43646
vn 0.754408 -0.642706 0.133407
v -2.4356 2.84 0.45916
vn 0.76219 -0.634888 0.126427
v -2.4384 2.84 0.48187
vn 0.774006 -0.631828 0.0413378
v -2.4382 2.84 0.50457
vn 0.75454 -0.652087 -0.073831
v -2.42975 2.84515 0.52728
vn 0.722372 -0.670537 -0.168995
v -2.4276 2.84 0.54998
vn 0.712411 -0.662474 -0.231514
v -2.4392 2.8173 0.57269
vn 0.717869 -0.569046 -0.401063
v -2.4246 2.84 0.5582
vn 0.644474 -0.677598 -0.35428
v -2.4246 2.8329 0.57269
vn 0.521135 -0.684287 -0.510068
v -2.4588 2.9536 0.23211
vn 0.892765 0.432281 -0.1269
v -2.4665 2.9763 0.23211
vn 0.907136 0.313584 -0.280658
v -2.4473 2.9714 0.25482
vn 0.625133 0.356679 -0.694254
v -2.4508 2.9763 0.25482
vn 0.709212 0.50658 -0.4903
v -2.47 2.9897 0.23211
vn 0.920848 0.386651 -0.0503927
v -2.4756 2.999 0.23211
vn 0.964559 0.261705 -0.033704
v -2.4816 3.0217 0.23211
vn 0.997863 0.0483522 -0.0439511
v -2.4775 3.0217 0.25482
vn 0.979378 -0.0451274 -0.196934
v -2.4413 2.8628 0.23211
vn 0.987046 -0.0759268 0.141331
v -2.4395 2.8855 0.23211
vn 0.978665 -0.143997 0.146558
v -2.4443 2.8628 0.25482
vn 0.993183 -0.113415 -0.0269199
v -2.4398 2.8855 0.25482
vn 0.915243 -0.318346 -0.246952
v -2.4342 2.9082 0.23211
vn 0.973224 -0.221003 -0.0631913
v -2.4339 2.9309 0.23211
vn 0.999708 -0.0218368 -0.010356
v -2.4246 2.9131 0.25482
vn 0.788971 -0.432997 -0.435934
v -2.4246 2.9309 0.24464
vn 0.82642 -0.0788033 -0.557513
v -2.4141 2.9309 0.25482
vn 0.7015 -0.0371999 -0.711698
v -2.4384 2.8628 0.27752
vn 0.838365 -0.351724 -0.416455
v -2.4238 2.88502 0.27717
vn 0.654002 -0.457909 -0.602163
v -2.4246 2.8628 0.2949
vn 0.644776 -0.501057 -0.57724
v -2.4246 2.8575 0.30023
vn 0.755484 -0.545324 -0.363133
v -2.4195 2.8628 0.30023
vn 0.645948 -0.63702 -0.420662
v -2.4019 2.8808 0.30023
vn 0.659256 -0.56925 -0.49126
v -2.4019 2.8855 0.29644
vn 0.649895 -0.417582 -0.635029
v -2.4041 2.9082 0.27991
vn 0.692352 -0.376442 -0.615581
v -2.4019 2.9309 0.26933
vn 0.770357 -0.108941 -0.628237
v -2.3962 2.9309 0.27752
vn 0.766308 -0.154037 -0.623735
v -2.3986 2.8855 0.30023
vn 0.807381 -0.432815 -0.401006
v -2.3871 2.9082 0.30023
vn 0.826604 -0.333629 -0.45323
v -2.3792 2.9314 0.300375
vn 0.905554 -0.187896 -0.380353
v -2.4246 2.9536 0.25994
vn 0.507862 0.434346 -0.743922
v -2.4019 2.9536 0.27395
vn 0.601132 0.311751 -0.735834
v -2.4473 2.9763 0.25623
vn 0.57181 0.471806 -0.671143
v -2.4222 2.9763 0.27752
vn 0.533774 0.496646 -0.684418
v -2.4381 2.9536 0.25482
vn 0.348798 0.180274 -0.919696
v -2.4019 2.9569 0.27752
vn 0.499124 0.522804 -0.691051
v -2.4019 2.9763 0.29333
vn 0.512705 0.456723 -0.727006
v -2.3792 2.9536 0.29642
vn 0.654112 0.188683 -0.732486
v -2.3984 2.9536 0.27752
vn 0.655356 0.335962 -0.676489
v -2.3792 2.973 0.30023
vn 0.525131 0.178885 -0.832008
v -2.4473 2.999 0.27408
vn 0.57028 0.534657 -0.623637
v -2.4453 2.999 0.27752
vn 0.466556 0.44264 -0.765765
v -2.4246 2.999 0.29166
vn 0.515368 0.461789 -0.721905
v -2.4473 3.0217 0.28812
vn 0.509627 0.400492 -0.761502
v -2.4019 2.8663 0.32293
vn 0.739209 -0.635704 -0.222374
v -2.4019 2.8636 0.34564
vn 0.784644 -0.619432 -0.0252306
v -2.3885 2.8855 0.32293
vn 0.892794 -0.418716 -0.166121
v -2.3883 2.8855 0.34564
vn 0.920141 -0.389165 0.043474
v -2.3798 2.91125 0.32293
vn 0.960137 -0.272347 -0.0629628
v -2.3744 2.9309 0.32293
vn 0.979331 -0.174434 -0.102394
v -2.3833 2.9082 0.34564
vn 0.974005 -0.164183 0.156073
v -2.3792 2.9309 0.33448
vn 0.952513 -0.0379295 0.302127
v -2.4019 2.86505 0.379695
vn 0.798231 -0.60203 0.019679
v -2.3901 2.8855 0.36834
vn 0.949824 -0.312596 0.0108516
v -2.3883 2.9082 0.36834
vn 0.987447 -0.0297195 0.155127
v -2.3906 2.9309 0.36834
vn 0.971598 0.0570801 0.229652
v -2.3894 2.9082 0.39105
vn 0.995658 0.0899084 0.0241199
v -2.395 2.9309 0.39105
vn 0.985096 0.105015 0.136229
v -2.373 2.9536 0.32293
vn 0.997126 -0.0256318 -0.0712878
v -2.3768 2.9536 0.30023
vn 0.986275 0 -0.16511
v -2.3792 2.9536 0.33665
vn 0.941429 -0.0508351 0.333356
v -2.3792 2.9763 0.3409
vn 0.950992 -0.0630182 0.302727
v -2.3899 2.9536 0.36834
vn 0.962904 -0.0692823 0.2608
v -2.3869 2.9763 0.36834
vn 0.950048 -0.189941 0.24765
v -2.3958 2.9536 0.39105
vn 0.980081 -0.00288434 0.198578
v -2.3926 2.9763 0.39105
vn 0.924949 -0.230082 0.302543
v -2.3792 2.999 0.37564
vn 0.905427 -0.370876 0.206525
v -2.3832 2.999 0.39105
vn 0.781234 -0.483399 0.394968
v -2.3792 2.9974 0.36834
vn 0.936763 -0.34185 0.074927
v -2.4778 3.0444 0.23211
vn 0.976635 -0.213742 -0.0223305
v -2.47 3.0512 0.20941
vn 0.902234 -0.384765 0.194755
v -2.4736 3.0444 0.25482
vn 0.960587 -0.185787 -0.206772
v -2.47 3.0592 0.25482
vn 0.956351 -0.232617 -0.176867
v -2.47 3.0444 0.26626
vn 0.94133 -0.161728 -0.296213
v -2.4019 2.8649 0.41375
vn 0.770053 -0.635791 0.0528067
v -2.4019 2.8691 0.43646
vn 0.762272 -0.62772 0.157829
v -2.3894 2.8855 0.41375
vn 0.96506 -0.257532 0.0483334
v -2.3928 2.8855 0.43646
vn 0.943417 -0.284856 0.169768
v -2.3884 2.9082 0.41375
vn 0.991009 0.133151 0.0130963
v -2.3955 2.9309 0.41375
vn 0.974402 0.221439 0.0387978
v -2.39 2.9082 0.43646
vn 0.992979 0.0780131 0.0889183
v -2.3951 2.9309 0.43646
vn 0.966953 0.251294 0.0430536
v -2.4139 2.8628 0.45916
vn 0.723526 -0.665831 0.182153
v -2.4019 2.8781 0.45916
vn 0.808449 -0.562965 0.171698
v -2.4183 2.8628 0.48187
vn 0.756529 -0.651831 0.0527276
v -2.4003 2.8855 0.48187
vn 0.874757 -0.483759 0.0278893
v -2.3981 2.8855 0.45916
vn 0.947001 -0.302736 0.107426
v -2.393 2.9082 0.45916
vn 0.997294 0.0169507 0.0715325
v -2.3964 2.9309 0.48187
vn 0.970667 0.240399 -0.00363096
v -2.3924 2.9082 0.48187
vn 0.992146 -0.106151 -0.0661683
v -2.4019 2.9536 0.42812
vn 0.972127 0.218888 0.0840073
v -2.4064 2.9763 0.43646
vn 0.980956 0.151282 0.121812
v -2.3999 2.9763 0.41375
vn 0.968556 -0.00369531 0.248768
v -2.3998 2.9536 0.41375
vn 0.979389 0.0993035 0.175886
v -2.3969 2.999 0.41375
vn 0.819338 -0.401663 0.409086
v -2.3792 3.015 0.41375
vn 0.621607 -0.68765 0.375156
v -2.4027 2.95075 0.45916
vn 0.964272 0.263845 0.0237563
v -2.4092 2.9763 0.45916
vn 0.975895 0.188088 0.110689
v -2.4019 2.9478 0.50457
vn 0.958424 0.285072 -0.0125366
v -2.4088 2.9763 0.48187
vn 0.981598 0.189189 -0.0259388
v -2.4083 2.999 0.43646
vn 0.976676 0.131226 0.16995
v -2.4134 2.999 0.45916
vn 0.960159 0.177649 0.215719
v -2.42155 2.859 0.50457
vn 0.749012 -0.656921 -0.0862326
v -2.3986 2.8855 0.50457
vn 0.83485 -0.536495 -0.123282
v -2.4136 2.8628 0.52728
vn 0.711855 -0.668058 -0.216707
v -2.4019 2.8746 0.52728
vn 0.732102 -0.643645 -0.223042
v -2.3929 2.8855 0.52728
vn 0.867684 -0.446791 -0.217952
v -2.3884 2.9082 0.50457
vn 0.982199 -0.0677852 -0.175188
v -2.3945 2.9309 0.50457
vn 0.940673 0.324874 -0.0979391
v -2.3845 2.9082 0.52728
vn 0.968353 -0.136474 -0.208969
v -2.3917 2.9309 0.52728
vn 0.928535 0.347461 -0.13074
v -2.4246 2.8426 0.54998
vn 0.693861 -0.675949 -0.248292
v -2.40315 2.8638 0.54998
vn 0.713903 -0.645957 -0.270335
v -2.4019 2.8483 0.57269
vn 0.354048 -0.602994 -0.714876
v -2.4019 2.8628 0.55446
vn 0.612755 -0.615625 -0.495518
v -2.386 2.8855 0.54998
vn 0.769488 -0.515211 -0.37742
v -2.3863 2.8628 0.57269
vn 0.54342 -0.515299 -0.662693
v -2.3792 2.8704 0.57269
vn 0.731801 -0.445772 -0.515515
v -2.3792 2.8855 0.56314
vn 0.853179 -0.278816 -0.440849
v -2.4078 2.9763 0.50457
vn 0.989143 0.146697 -0.00871272
v -2.4039 2.9536 0.52728
vn 0.950191 0.310815 -0.0230452
v -2.408 2.9763 0.52728
vn 0.998196 0.0510092 -0.0316536
v -2.409 2.999 0.50457
vn 0.997004 -0.0481086 -0.0605641
v -2.4062 2.999 0.52728
vn 0.973588 -0.199908 -0.110286
v -2.4019 3.0076 0.52728
vn 0.886857 -0.443416 -0.129872
v -2.4074 2.9763 0.54998
vn 0.995989 -0.0454922 -0.0770466
v -2.4019 2.99945 0.55148
vn 0.797169 -0.56282 -0.218531
v -2.3792 3.0007 0.54998
vn 0.0337321 -0.957279 -0.287191
v -2.5443 2.5676 0.64081
vn 0.772238 -0.635036 0.0194048
v -2.5434 2.5676 0.68622
vn 0.748202 -0.661592 -0.0498942
v -2.5381 2.57495 0.65216
vn 0.731963 -0.681332 -0.00418095
v -2.5154 2.6005 0.6181
vn 0.82014 -0.57175 0.0217365
v -2.5066 2.613 0.5954
vn 0.841454 -0.536533 0.0639336
v -2.51935 2.59485 0.629455
vn 0.760285 -0.649343 -0.0179011
v -2.507 2.613 0.6181
vn 0.845965 -0.531757 -0.0397134
v -2.4945 2.6357 0.6181
vn 0.889002 -0.45783 -0.00822433
v -2.482 2.6584 0.5954
vn 0.937506 -0.334745 0.0950137
v -2.4832 2.6584 0.6181
vn 0.93777 -0.347159 0.00825691
v -2.52185 2.5903 0.674865
vn 0.728548 -0.683531 -0.0447667
v -2.5014 2.613 0.66351
vn 0.739013 -0.663076 -0.119119
v -2.49035 2.63095 0.66351
vn 0.873128 -0.438439 -0.213118
v -2.4824 2.6584 0.64081
vn 0.954157 -0.285714 -0.089174
v -2.4795 2.6584 0.66351
vn 0.93294 -0.284056 -0.221215
v -2.5381 2.5676 0.74496
vn 0.759844 -0.648001 -0.0522627
v -2.5558 2.5449 0.75433
vn 0.787229 -0.613907 -0.0582191
v -2.5378 2.5672 0.75433
vn 0.803511 -0.594919 -0.0210214
v -2.5381 2.574 0.68622
vn 0.716322 -0.695811 -0.0522501
v -2.5154 2.5968 0.68622
vn 0.66895 -0.736788 -0.0982323
v -2.4927 2.6167 0.68622
vn 0.725854 -0.658588 -0.19849
v -2.5154 2.5948 0.70892
vn 0.677306 -0.734512 -0.0418188
v -2.4927 2.613 0.69555
vn 0.714013 -0.680907 -0.162949
v -2.4894 2.613 0.70892
vn 0.698261 -0.715843 0
v -2.48 2.6357 0.68622
vn 0.88083 -0.405552 -0.244266
v -2.47 2.66255 0.691
vn 0.933225 -0.278947 -0.226451
v -2.4747 2.6357 0.70892
vn 0.877656 -0.479289 -0.00138666
v -2.47 2.651 0.70892
vn 0.954579 -0.297695 0.0124829
v -2.5169 2.5924 0.73163
vn 0.738309 -0.672052 0.0569758
v -2.5199 2.5903 0.75433
vn 0.805679 -0.59054 0.0462992
v -2.5154 2.6028 0.77704
vn 0.890454 -0.450312 0.0656589
v -2.5061 2.613 0.75433
vn 0.810346 -0.531525 0.246618
v -2.4799 2.6357 0.73163
vn 0.845568 -0.442478 0.298712
v -2.46995 2.6583 0.73163
vn 0.922406 -0.32588 0.207289
v -2.4789 2.6584 0.75433
vn 0.838643 -0.416842 0.3506
v -2.4755 2.69245 0.5954
vn 0.987106 -0.158578 0.0217806
v -2.4773 2.6811 0.6181
vn 0.977194 -0.212172 -0.00860948
v -2.47145 2.7119 0.6181
vn 0.980386 -0.182734 -0.0738384
v -2.4646 2.7492 0.6181
vn 0.925825 -0.337453 -0.170216
v -2.47 2.7038 0.65114
vn 0.967425 -0.222783 -0.120235
v -2.47 2.6954 0.66351
vn 0.956399 -0.22778 -0.182801
v -2.4656 2.7265 0.64081
vn 0.965416 -0.225795 -0.130337
v -2.4598 2.7492 0.64081
vn 0.905965 -0.395133 -0.151979
v -2.4633 2.7265 0.66351
vn 0.966148 -0.230249 -0.116378
v -2.456 2.7492 0.66351
vn 0.918234 -0.383013 -0.100733
v -2.4579 2.7719 0.5954
vn 0.849415 -0.489703 -0.196682
v -2.4473 2.7771 0.6181
vn 0.676442 -0.671562 -0.302375
v -2.4473 2.7719 0.63351
vn 0.746423 -0.64324 -0.170574
v -2.4473 2.7644 0.66351
vn 0.833053 -0.543731 -0.101881
v -2.46795 2.6811 0.680775
vn 0.948861 -0.177664 -0.260955
v -2.4639 2.7038 0.68622
vn 0.981471 -0.112337 -0.155227
v -2.4616 2.6811 0.70892
vn 0.986425 -0.146436 -0.0743136
v -2.4617 2.7038 0.70892
vn 0.999406 -0.0213832 0.0270374
v -2.4616 2.7265 0.68622
vn 0.977307 -0.207277 -0.0436621
v -2.454 2.7492 0.68622
vn 0.926309 -0.376317 -0.0183595
v -2.4613 2.7265 0.70892
vn 0.985635 -0.160655 0.0520906
v -2.4551 2.7492 0.70892
vn 0.934367 -0.351009 0.0612461
v -2.4637 2.6811 0.73163
vn 0.980824 -0.118257 0.154915
v -2.4642 2.7038 0.73163
vn 0.989723 -0.0383633 0.137752
v -2.46985 2.6811 0.754625
vn 0.936852 -0.201701 0.2857
v -2.47 2.7038 0.7628
vn 0.977419 -0.1211 0.173167
v -2.4652 2.7265 0.75433
vn 0.984239 -0.157294 0.0808258
v -2.4579 2.7492 0.73163
vn 0.946419 -0.296959 0.126913
v -2.4544 2.7719 0.75433
vn 0.969362 -0.22542 0.0975878
v -2.4473 2.7617 0.68622
vn 0.864674 -0.502333 -0.000796451
v -2.4473 2.7652 0.70892
vn 0.875488 -0.461695 0.142684
v -2.4473 2.7719 0.72436
vn 0.884792 -0.386769 0.25991
v -2.4494 2.7719 0.73163
vn 0.914403 -0.343447 0.21427
v -2.4473 2.7774 0.73163
vn 0.920893 -0.274545 0.276734
v -2.4473 2.7946 0.74632
vn 0.912461 -0.228411 0.339476
v -2.4457 2.8173 0.75433
vn 0.939079 -0.228844 0.256438
v -2.4415 2.7946 0.5954
vn 0.664785 -0.615521 -0.423313
v -2.4244 2.7946 0.61969
vn 0.192882 -0.914013 -0.356898
v -2.4019 2.7946 0.61256
vn -0.144327 -0.657588 -0.739424
v -2.4019 2.7912 0.6181
vn -0.328088 -0.807615 -0.490017
v -2.3611 2.7946 0.5954
vn -0.0820122 -0.481078 -0.872833
v -2.3792 2.7946 0.59916
vn -0.312226 -0.626119 -0.714485
v -2.3749 2.7719 0.6181
vn -0.309169 -0.634095 -0.708758
v -2.3565 2.7719 0.6129
vn -0.00689663 -0.627736 -0.778396
v -2.4246 2.8131 0.5954
vn 0.377626 -0.634559 -0.67434
v -2.4019 2.817 0.595235
vn -0.0781019 -0.479919 -0.873829
v -2.3792 2.8037 0.5954
vn -0.222519 -0.40393 -0.887314
v -2.3565 2.8173 0.58744
vn -0.0848278 -0.247417 -0.965189
v -2.3792 2.84 0.58497
vn 0.0994422 -0.350253 -0.931362
v -2.3565 2.84 0.58591
vn -0.0509363 -0.0622065 -0.996763
v -2.4246 2.7903 0.64081
vn 0.466723 -0.874684 -0.130756
v -2.441 2.7719 0.66351
vn 0.713748 -0.696364 -0.075104
v -2.4246 2.7891 0.66351
vn 0.63343 -0.773748 0.00889766
v -2.4019 2.7902 0.66351
vn 0.0483372 -0.997438 -0.0527263
v -2.3338 2.79445 0.59528
vn 0.0157445 -0.573156 -0.819295
v -2.3339 2.77195 0.6183
vn 0.219747 -0.872508 -0.436396
v -2.3111 2.7771 0.6181
vn 0.146339 -0.8808 -0.450306
v -2.3111 2.7946 0.59667
vn 0.0424899 -0.681603 -0.730487
v -2.2884 2.7805 0.6181
vn 0.204186 -0.893733 -0.399436
v -2.2884 2.7963 0.5954
vn 0.0532094 -0.736366 -0.674488
v -2.2657 2.7946 0.60463
vn 0.283645 -0.875507 -0.391194
v -2.2657 2.7886 0.6181
vn 0.392989 -0.886312 -0.244972
v -2.3338 2.8173 0.58506
vn -0.105538 -0.259095 -0.960069
v -2.3111 2.8173 0.58121
vn -0.038842 -0.51481 -0.856424
v -2.3338 2.84 0.58387
vn -0.0893873 -0.0521421 -0.994631
v -2.2657 2.7977 0.5954
vn 0.205823 -0.914497 -0.348327
v -2.3338 2.7692 0.64081
vn 0.129038 -0.991617 -0.00670901
v -2.3137 2.7719 0.64081
vn 0.169017 -0.984226 -0.0522678
v -2.3297 2.7719 0.66567
vn 0.209641 -0.911957 0.352683
v -2.3111 2.7747 0.66351
vn 0.223109 -0.909164 0.351631
v -2.2884 2.7762 0.64081
vn 0.241508 -0.970314 -0.0128195
v -2.2657 2.7846 0.64081
vn 0.411414 -0.91133 -0.0147326
v -2.2884 2.7808 0.66351
vn 0.255429 -0.882221 0.395527
v -2.2657 2.788 0.66351
vn 0.404642 -0.8893 0.213096
v -2.44 2.7719 0.68622
vn 0.814997 -0.571523 0.0956131
v -2.42455 2.79455 0.68644
vn 0.664418 -0.697891 0.267391
v -2.4316 2.7946 0.70892
vn 0.85674 -0.444407 0.261722
v -2.4246 2.809 0.70892
vn 0.663978 -0.528083 0.529397
v -2.4019 2.8025 0.68622
vn 0.226937 -0.751352 0.619653
v -2.4019 2.8173 0.70159
vn 0.148874 -0.615857 0.773664
v -2.4182 2.8173 0.70892
vn 0.436414 -0.521394 0.733274
v -2.4019 2.828 0.70892
vn 0.15449 -0.431485 0.888793
v -2.3792 2.8173 0.70533
vn -0.157464 -0.574451 0.80325
v -2.3792 2.7932 0.68622
vn -0.256323 -0.565575 0.783852
v -2.3565 2.7946 0.69452
vn -0.0646776 -0.542269 0.837712
v -2.3565 2.8182 0.70855
vn -0.0299313 -0.404933 0.913856
v -2.3792 2.8249 0.70892
vn -0.0766702 -0.35743 0.930788
v -2.441 2.7946 0.73163
vn 0.869243 -0.307974 0.386741
v -2.435 2.8173 0.73163
vn 0.846816 -0.294848 0.442682
v -2.4246 2.8173 0.7151
vn 0.61578 -0.453284 0.644475
v -2.4246 2.83965 0.7319
vn 0.707783 -0.307724 0.635885
v -2.4019 2.84 0.71325
vn 0.491636 -0.366675 0.789838
v -2.4372 2.84 0.75433
vn 0.859263 -0.349161 0.373837
v -2.3792 2.84 0.7126
vn -0.00562565 -0.283446 0.958972
v -2.3565 2.84 0.7145
vn 0.0130094 -0.265857 0.963925
v -2.3338 2.7827 0.68622
vn 0.148498 -0.632045 0.76057
v -2.3111 2.7901 0.68622
vn 0.243797 -0.74556 0.620244
v -2.3024 2.7946 0.68622
vn 0.172285 -0.655286 0.735472
v -2.2884 2.7975 0.68622
vn 0.125863 -0.787384 0.603477
v -2.2657 2.7946 0.67541
vn 0.234016 -0.862187 0.4493
v -2.3111 2.8173 0.70588
vn 0.0495708 -0.522354 0.851287
v -2.3111 2.8253 0.70892
vn 0.00360441 -0.315093 0.949054
v -2.2657 2.7994 0.68622
vn 0.118425 -0.788667 0.603308
v -2.2884 2.8173 0.70748
vn -0.0217513 -0.571012 0.820653
v -2.2657 2.8184 0.70892
vn 0.031184 -0.685126 0.727757
v -2.3111 2.84 0.71305
vn 0.039126 -0.27008 0.962043
v -2.2884 2.84 0.71786
vn -0.162837 -0.49905 0.851136
v -2.2657 2.84 0.72751
vn -0.0789564 -0.650284 0.755577
v -2.5527 2.5449 0.811095
vn 0.7905 -0.612266 -0.0155064
v -2.5381 2.5652 0.79974
vn 0.819226 -0.57284 -0.0268677
v -2.5381 2.563 0.84515
vn 0.797882 -0.602717 -0.0108004
v -2.5216 2.5903 0.77704
vn 0.843951 -0.536272 0.0126096
v -2.52075 2.5903 0.811095
vn 0.848923 -0.525978 -0.0517461
v -2.5127 2.60725 0.79974
vn 0.901896 -0.429663 -0.0444202
v -2.49625 2.643 0.77704
vn 0.879685 -0.447666 0.160466
v -2.4927 2.6525 0.79974
vn 0.897667 -0.436718 -0.0589124
v -2.50245 2.62435 0.82245
vn 0.892626 -0.43153 -0.130388
v -2.5182 2.5903 0.84515
vn 0.826839 -0.559336 -0.0589929
v -2.4927 2.6284 0.86786
vn 0.862788 -0.491532 -0.118291
v -2.4927 2.6453 0.82245
vn 0.874138 -0.456035 -0.167077
v -2.4926 2.6355 0.84515
vn 0.870425 -0.461129 -0.172398
v -2.4802 2.6584 0.84515
vn 0.887893 -0.433734 -0.153365
v -2.5534 2.5449 0.86786
vn 0.772841 -0.634138 0.0241905
v -2.53645 2.56545 0.86786
vn 0.777341 -0.628758 0.0200925
v -2.55515 2.5449 0.92462
vn 0.789397 -0.61387 0.00396881
v -2.5374 2.56675 0.91327
vn 0.770353 -0.637294 0.0203255
v -2.53715 2.56655 0.947325
vn 0.769293 -0.638294 -0.0277188
v -2.5169 2.5903 0.86786
vn 0.806368 -0.59137 -0.00721507
v -2.5016 2.613 0.86786
vn 0.826598 -0.561662 -0.0356574
v -2.4927 2.62435 0.901915
vn 0.809822 -0.584444 -0.0511177
v -2.4866 2.6357 0.87921
vn 0.880983 -0.459356 -0.113411
v -2.477 2.6584 0.86786
vn 0.976741 -0.208998 -0.0479376
v -2.4759 2.6584 0.89056
vn 0.989107 -0.129261 -0.0704229
v -2.5174 2.5903 0.92462
vn 0.783495 -0.621396 -0.0015707
v -2.4927 2.6222 0.93597
vn 0.783479 -0.621411 0.00303997
v -2.4824 2.6357 0.91327
vn 0.860816 -0.496139 -0.11332
v -2.4735 2.6584 0.91327
vn 0.984321 -0.0867234 -0.153594
v -2.4802 2.6357 0.93597
vn 0.766467 -0.642032 -0.0179572
v -2.47 2.6515 0.93597
vn 0.883025 -0.450926 -0.130121
v -2.47 2.6584 0.92837
vn 0.961284 0.0260408 -0.274327
v -2.4773 2.6811 0.77704
vn 0.954357 -0.281078 0.100986
v -2.4777 2.6811 0.79974
vn 0.916467 -0.392293 -0.0787094
v -2.4715 2.7038 0.79974
vn 0.973637 -0.226685 -0.0253813
v -2.46 2.7492 0.77704
vn 0.97436 -0.224989 -0.0014122
v -2.4641 2.7265 0.8338
vn 0.965594 -0.258283 -0.0303141
v -2.4733 2.6811 0.82245
vn 0.96225 -0.263428 -0.0684154
v -2.4747 2.6811 0.84515
vn 0.982746 -0.181827 0.0339024
v -2.4708 2.7038 0.86786
vn 0.96433 -0.264062 0.0184212
v -2.45875 2.7492 0.8338
vn 0.980046 -0.195355 -0.0366965
v -2.4557 2.7719 0.77704
vn 0.985059 -0.171413 0.0166312
v -2.4529 2.7946 0.77704
vn 0.993247 -0.110965 0.0338718
v -2.45522 2.7719 0.828122
vn 0.992175 -0.123549 -0.018012
v -2.4473 2.8324 0.77704
vn 0.947431 -0.263564 0.181409
v -2.4511 2.8173 0.79974
vn 0.990642 -0.134011 0.0258907
v -2.44745 2.84065 0.79974
vn 0.967614 -0.245306 0.0595708
v -2.4514 2.8173 0.82245
vn 0.988902 -0.142881 -0.0407152
v -2.44722 2.83982 0.8219
vn 0.945766 -0.289089 -0.14817
v -2.4473 2.8173 0.87609
vn 0.946602 -0.300292 -0.117341
v -2.4772 2.6811 0.86786
vn 0.984371 -0.158712 0.0763102
v -2.4783 2.6811 0.89056
vn 0.996177 -0.0855825 0.0175494
v -2.4735 2.7038 0.91327
vn 0.94542 -0.325152 0.0213862
v -2.4622 2.7265 0.86786
vn 0.958311 -0.285312 -0.0154003
v -2.45685 2.7492 0.87921
vn 0.990203 -0.138967 -0.0136277
v -2.46315 2.7265 0.901915
vn 0.9445 -0.327833 0.0210738
v -2.4784 2.6811 0.91327
vn 0.99436 0.0553888 -0.0904466
v -2.47 2.6807 0.93597
vn 0.960138 0.135883 -0.244275
v -2.4754 2.6811 0.93597
vn 0.979484 -0.0304065 -0.199217
v -2.4683 2.6584 0.93597
vn 0.989931 0.09059 -0.108767
v -2.4722 2.7038 0.93597
vn 0.975216 -0.196471 -0.101745
v -2.457 2.7492 0.91327
vn 0.976544 -0.215093 -0.00983069
v -2.46245 2.7265 0.947325
vn 0.943514 -0.327252 -0.051848
v -2.4553 2.7492 0.947325
vn 0.971226 -0.233538 -0.0467027
v -2.4523 2.7946 0.86786
vn 0.98759 -0.152476 -0.0376325
v -2.4473 2.8015 0.93597
vn 0.962941 -0.262642 -0.061341
v -2.4508 2.7946 0.91327
vn 0.985972 -0.156859 -0.0570421
v -2.4502 2.7719 0.95868
vn 0.984637 -0.165346 -0.0561244
v -2.4473 2.79397 0.955863
vn 0.987795 -0.152632 -0.031073
v -2.4375 2.84 0.86786
vn 0.905812 -0.389146 -0.167541
v -2.4436 2.8173 0.91327
vn 0.904705 -0.419045 -0.0768771
v -2.4344 2.84 0.89056
vn 0.905878 -0.412082 -0.0978433
v -2.4327 2.84 0.91327
vn 0.913351 -0.406101 -0.0295286
v -2.4425 2.8173 0.93597
vn 0.931794 -0.362987 -0.000947667
v -2.4328 2.84 0.93597
vn 0.937492 -0.339967 0.0743777
v -2.2566 2.7946 0.6181
vn 0.51759 -0.838602 -0.169847
v -2.243 2.8065 0.5954
vn 0.648245 -0.751584 -0.122065
v -2.243 2.804 0.57269
vn 0.710079 -0.683554 0.168947
v -2.2356 2.8173 0.5954
vn 0.782277 -0.622711 0.0165094
v -2.243 2.8039 0.6181
vn 0.709346 -0.694757 -0.118916
v -2.2341 2.8173 0.6181
vn 0.810561 -0.575926 -0.106306
v -2.243 2.7997 0.64081
vn 0.626805 -0.776965 -0.0586607
v -2.243 2.7986 0.66351
vn 0.535494 -0.834071 0.132562
v -2.243 2.8053 0.68622
vn 0.489158 -0.798282 0.351382
v -2.243 2.8241 0.70892
vn 0.265867 -0.733566 0.625457
v -2.3792 2.8628 0.57647
vn 0.446389 -0.312586 -0.838467
v -2.4161 2.8628 0.73163
vn 0.825112 -0.182638 0.534634
v -2.4246 2.8628 0.74912
vn 0.844301 -0.312492 0.435321
v -2.4269 2.8628 0.75433
vn 0.875276 -0.32799 0.355407
v -2.4246 2.8747 0.75433
vn 0.925704 -0.115778 0.360094
v -2.416 2.8855 0.73163
vn 0.951889 0.0446765 0.30317
v -2.42415 2.8855 0.75595
vn 0.950688 0.000219432 0.310148
v -2.4247 2.9071 0.75393
vn 0.960392 0.135226 0.24364
v -2.4197 2.9082 0.73163
vn 0.954437 0.200142 0.221344
v -2.4288 2.9309 0.75433
vn 0.958573 0.179151 0.221458
v -2.4256 2.9309 0.73163
vn 0.968147 0.197586 0.153792
v -2.4461 2.88805 0.82245
vn 0.95059 0.310029 -0.0161099
v -2.4473 2.9082 0.80818
vn 0.879829 0.182436 0.438883
v -2.4554 2.9082 0.82245
vn 0.953983 0.298692 0.0264612
v -2.4587 2.9309 0.82245
vn 0.967119 0.0577472 0.247683
v -2.44705 2.93325 0.800083
vn 0.89153 0.119893 0.436806
v -2.44875 2.90708 0.846477
vn 0.883739 0.37486 -0.280152
v -2.4578 2.9309 0.84515
vn 0.955515 0.201913 -0.214995
v -2.4482 2.9536 0.79974
vn 0.942876 0 0.333145
v -2.4473 2.9707 0.79974
vn 0.961777 -0.0584316 0.267528
v -2.457 2.9536 0.82245
vn 0.962108 -0.117826 0.245898
v -2.452 2.9763 0.82245
vn 0.977816 -0.163673 0.130719
v -2.4471 2.9763 0.800915
vn 0.984469 -0.0013188 0.175552
v -2.4594 2.9536 0.84515
vn 0.995939 -0.071072 -0.0552733
v -2.4546 2.9763 0.84515
vn 0.978615 -0.205489 -0.0093393
v -2.4473 2.999 0.8033
vn 0.992522 -0.0395571 0.115476
v -2.4489 2.999 0.82245
vn 0.995449 -0.0907994 0.0289235
v -2.4477 3.0217 0.82245
vn 0.990006 -0.13116 0.0518189
v -2.4484 2.999 0.84515
vn 0.988623 -0.149429 -0.0171679
v -2.4473 3.02185 0.845197
vn 0.996797 -0.0776398 -0.0191653
v -2.4473 2.9309 0.87516
vn 0.905292 0.31591 -0.283986
v -2.4543 2.9536 0.86786
vn 0.980841 0.0511627 -0.187972
v -2.4527 2.9763 0.86786
vn 0.987 -0.158707 -0.0253612
v -2.4458 2.9358 0.89056
vn 0.946273 0.307946 -0.0986726
v -2.4497 2.9536 0.89056
vn 0.987113 0.130463 -0.0926636
v -2.452 2.9763 0.89056
vn 0.99845 0.0488024 -0.0267597
v -2.4474 2.999 0.86786
vn 0.9953 -0.0949032 0.0192574
v -2.4501 2.999 0.89056
vn 0.988881 -0.113652 0.0959096
v -2.4473 3.0264 0.888805
vn 0.992902 -0.0675273 0.097904
v -2.4473 2.9439 0.92462
vn 0.987038 0.160352 0.0065541
v -2.4513 2.9763 0.93597
vn 0.99059 0.125932 0.0536012
v -2.4528 2.999 0.91327
vn 0.997637 -0.00628396 0.0684215
v -2.4508 3.0217 0.91327
vn 0.98875 -0.082879 0.124521
v -2.4545 2.999 0.93597
vn 0.989008 0.060272 0.135023
v -2.4536 3.0217 0.93597
vn 0.986245 -0.0803814 0.144429
v -2.436 2.8628 0.77704
vn 0.922612 -0.256542 0.288052
v -2.4402 2.8855 0.79974
vn 0.9482 -0.0314009 0.316118
v -2.441 2.8628 0.79974
vn 0.980185 -0.173524 0.0955313
v -2.4311 2.9082 0.77704
vn 0.938471 0.0822517 0.335421
v -2.4348 2.9309 0.77704
vn 0.914603 0.196683 0.353294
v -2.4419 2.9082 0.79974
vn 0.880133 0.126178 0.457651
v -2.4404 2.8628 0.82245
vn 0.989392 -0.0858565 -0.11718
v -2.4342 2.8628 0.84515
vn 0.96371 -0.10167 -0.246834
v -2.438 2.8855 0.84515
vn 0.912342 0.290348 -0.28867
v -2.4343 2.9536 0.75433
vn 0.94254 0.206224 0.262851
v -2.4408 2.9536 0.77704
vn 0.947629 0.129981 0.291725
v -2.4377 2.9763 0.75433
vn 0.961045 0.118547 0.249678
v -2.443 2.9763 0.77704
vn 0.977387 0.0716185 0.198959
v -2.4444 2.999 0.77704
vn 0.99085 -0.0141873 0.134221
v -2.4459 3.0217 0.79974
vn 0.98485 -0.131571 0.112954
v -2.4427 3.0217 0.77704
vn 0.976879 -0.163532 0.137712
v -2.4286 2.8628 0.86786
vn 0.961023 -0.193251 -0.197709
v -2.4313 2.8855 0.86786
vn 0.946127 0.215087 -0.242038
v -2.4246 2.8628 0.88799
vn 0.973582 -0.22076 -0.0583381
v -2.4246 2.8855 0.89573
vn 0.971144 0.183348 -0.15252
v -2.4396 2.9082 0.86786
vn 0.881856 0.376027 -0.284489
v -2.434 2.9082 0.89056
vn 0.910066 0.384996 -0.153486
v -2.42435 2.8614 0.91327
vn 0.979266 -0.200702 -0.0275257
v -2.4246 2.8911 0.91327
vn 0.982495 0.184396 -0.0264952
v -2.4246 2.8628 0.92555
vn 0.956921 -0.270398 0.105769
v -2.432 2.9082 0.91327
vn 0.902397 0.430792 -0.00993537
v -2.4436 2.9309 0.91327
vn 0.924833 0.380348 -0.00445494
v -2.4335 2.9082 0.93597
vn 0.916144 0.389647 0.0940973
v -2.4246 2.8855 0.9318
vn 0.93227 0.346296 0.104655
v -2.4444 2.9309 0.93597
vn 0.930942 0.359636 0.0633154
v -2.4473 3.0444 0.89735
vn 0.992814 -0.061622 0.102578
v -2.44 3.0444 0.79974
vn 0.967494 -0.229994 0.105153
v -2.44465 3.0444 0.856505
vn 0.992362 -0.120798 0.0250317
v -2.55325 2.5449 0.97003
vn 0.797662 -0.601154 -0.0484776
v -2.53615 2.56535 0.98138
vn 0.786382 -0.616808 -0.0339363
v -2.55045 2.5449 1.03247
vn 0.801325 -0.598149 -0.00980295
v -2.5324 2.5676 1.0268
vn 0.800157 -0.599186 -0.0269215
v -2.5173 2.5903 0.95868
vn 0.810105 -0.586031 0.017278
v -2.4927 2.6248 0.95868
vn 0.781323 -0.620501 0.067177
v -2.5178 2.5903 0.98138
vn 0.838174 -0.545403 -0.000913057
v -2.5038 2.613 0.98138
vn 0.813541 -0.580262 0.0380457
v -2.4927 2.6275 0.98138
vn 0.679285 -0.733604 0.0198976
v -2.4815 2.6357 0.95868
vn 0.684997 -0.727738 0.0342898
v -2.47 2.6475 0.95868
vn 0.813808 -0.579769 -0.0398072
v -2.4648 2.6584 0.95868
vn 0.990468 -0.0576273 -0.125106
v -2.47 2.6462 0.98138
vn 0.748782 -0.662801 -0.00464263
v -2.4622 2.6584 0.98138
vn 0.982154 -0.186699 -0.0227213
v -2.5164 2.5922 1.0041
vn 0.837286 -0.545027 -0.0435647
v -2.5037 2.613 1.0041
vn 0.818947 -0.571673 -0.0501543
v -2.5154 2.5903 1.0359
vn 0.803063 -0.593589 -0.0523726
v -2.5009 2.613 1.0268
vn 0.796688 -0.596452 -0.0976383
v -2.4927 2.6266 1.0041
vn 0.708834 -0.704879 -0.0264805
v -2.47 2.6477 1.0041
vn 0.792837 -0.605007 0.0733218
v -2.4633 2.6584 1.0041
vn 0.991632 -0.0902172 0.092339
v -2.4819 2.6357 1.0268
vn 0.794702 -0.606714 0.018605
v -2.47 2.6584 1.0345
vn 0.925715 -0.340558 0.164535
v -2.53165 2.5676 1.0722
vn 0.774239 -0.632815 -0.00993102
v -2.5516 2.5449 1.12895
vn 0.766856 -0.641751 0.00934882
v -2.5304 2.5676 1.1176
vn 0.744068 -0.66758 -0.0264569
v -2.4927 2.6186 1.0495
vn 0.810736 -0.581191 -0.0701701
v -2.51425 2.58905 1.0722
vn 0.785462 -0.618727 -0.0150169
v -2.4927 2.6167 1.0722
vn 0.822992 -0.568026 -0.0054778
v -2.4812 2.6357 1.0495
vn 0.886619 -0.46239 0.0101269
v -2.4726 2.6584 1.0495
vn 0.958972 -0.275896 0.0652234
v -2.4818 2.6357 1.0722
vn 0.894698 -0.445834 0.0273361
v -2.5125 2.5903 1.1176
vn 0.794036 -0.607237 -0.0277539
v -2.4927 2.6184 1.0949
vn 0.832958 -0.552962 0.020371
v -2.4927 2.6188 1.1176
vn 0.843434 -0.536044 -0.0357182
v -2.4833 2.6357 1.0949
vn 0.923151 -0.382757 0.0359037
v -2.4767 2.6584 1.1176
vn 0.97148 -0.234465 0.0354039
v -2.4832 2.6357 1.1176
vn 0.926407 -0.374305 -0.0408079
v -2.4697 2.6811 0.95747
vn 0.987214 0.0734328 -0.141475
v -2.4657 2.6811 0.98138
vn 0.990774 0.109105 -0.0803945
v -2.4665 2.7038 0.99274
vn 0.989876 -0.118074 -0.0787695
v -2.45992 2.7265 0.998415
vn 0.96376 -0.262656 -0.0466836
v -2.4541 2.7492 1.0041
vn 0.976021 -0.21551 -0.030642
v -2.4648 2.6811 1.0041
vn 0.998319 0.00294505 0.0578898
v -2.4675 2.6811 1.0268
vn 0.989603 -0.116984 0.0836715
v -2.4646 2.7038 1.0268
vn 0.985615 -0.168608 -0.0115769
v -2.45015 2.7719 0.99274
vn 0.989272 -0.145038 -0.0174829
v -2.4479 2.7946 1.0041
vn 0.995422 -0.0952961 0.00736842
v -2.44845 2.7719 1.03815
vn 0.996529 -0.0813423 -0.0177005
v -2.4473 2.8089 1.0041
vn 0.998234 -0.0264873 0.0531805
v -2.4491 2.8173 1.0268
vn 0.993047 0.0501958 0.106479
v -2.4484 2.84 1.0218
vn 0.976869 -0.0124493 0.213476
v -2.4694 2.6811 1.0495
vn 0.985349 -0.162623 0.0513947
v -2.4639 2.7038 1.0495
vn 0.971146 -0.238355 -0.00794724
v -2.46978 2.67975 1.0795
vn 0.977547 -0.202235 0.0591882
v -2.4605 2.71515 1.0722
vn 0.964966 -0.259612 0.0379813
v -2.4571 2.7265 1.0495
vn 0.964995 -0.260733 -0.0283419
v -2.4515 2.7492 1.0495
vn 0.981421 -0.190848 -0.0197661
v -2.4515 2.7492 1.0722
vn 0.981965 -0.185542 0.0363242
v -2.46895 2.70015 1.1176
vn 0.958425 -0.281487 0.0467535
v -2.4738 2.6811 1.1176
vn 0.984037 -0.174876 0.0330106
v -2.4588 2.7265 1.0949
vn 0.957235 -0.283935 0.0555224
v -2.4597 2.7265 1.1176
vn 0.949141 -0.314289 -0.0188145
v -2.4531 2.7492 1.1176
vn 0.979367 -0.201546 -0.0147918
v -2.4486 2.7946 1.0495
vn 0.996356 0.0670908 0.0526707
v -2.4493 2.7719 1.08355
vn 0.998422 -0.0326209 0.0457108
v -2.4522 2.7946 1.0949
vn 0.986431 0.154013 0.0568758
v -2.4524 2.8173 1.0495
vn 0.979472 0.135919 0.148863
v -2.4551 2.84 1.0495
vn 0.962921 0.0590458 0.263242
v -2.4558 2.8173 1.0722
vn 0.967246 0.215893 0.133511
v -2.4614 2.84 1.0722
vn 0.971545 0.151602 0.181984
v -2.4507 2.7719 1.1176
vn 0.998581 -0.0175962 -0.0502725
v -2.4521 2.7946 1.1176
vn 0.989003 0.10282 -0.106306
v -2.4631 2.84 1.0949
vn 0.981873 0.188376 -0.0209681
v -2.4557 2.8173 1.1176
vn 0.973635 0.172994 -0.148689
v -2.4599 2.84 1.1176
vn 0.970823 0.158818 -0.179666
v -2.4428 2.8173 0.95868
vn 0.965602 -0.254442 0.0535878
v -2.4349 2.84 0.95868
vn 0.944244 -0.30438 0.125526
v -2.4448 2.8173 0.98138
vn 0.982311 -0.160204 0.0969558
v -2.4392 2.84 0.98138
vn 0.950401 -0.232537 0.206552
v -2.4446 2.84 1.0041
vn 0.972869 -0.137636 0.185964
v -2.5514 2.5449 1.1857
vn 0.705588 -0.708273 -0.0222345
v -2.5293 2.5676 1.1403
vn 0.706536 -0.706063 -0.0477738
v -2.5273 2.5676 1.163
vn 0.655817 -0.750726 -0.07947
v -2.5488 2.5449 1.2311
vn 0.667058 -0.744755 -0.0193241
v -2.5381 2.5538 1.2084
vn 0.56515 -0.823576 -0.0482569
v -2.51945 2.57115 1.1857
vn 0.631083 -0.760866 -0.151055
v -2.5167 2.5686 1.2084
vn 0.582256 -0.795341 -0.168552
v -2.5101 2.5903 1.1403
vn 0.788485 -0.607123 -0.0984501
v -2.49385 2.6148 1.1403
vn 0.837278 -0.536798 -0.103987
v -2.5056 2.5903 1.163
vn 0.745325 -0.647292 -0.159701
v -2.4927 2.6084 1.163
vn 0.797184 -0.543994 -0.261854
v -2.4813 2.6357 1.1403
vn 0.910243 -0.382918 -0.157578
v -2.4758 2.6584 1.1403
vn 0.973669 -0.157808 -0.164514
v -2.4745 2.6357 1.163
vn 0.839424 -0.46301 -0.284588
v -2.47 2.6499 1.163
vn 0.763618 -0.226978 -0.604457
v -2.47 2.6811 1.1516
vn 0.915104 -0.167334 -0.366858
v -2.4979 2.5903 1.1857
vn 0.708058 -0.645841 -0.285557
v -2.4927 2.5903 1.1962
vn 0.603875 -0.712191 -0.357938
v -2.4831 2.5903 1.2084
vn 0.455888 -0.792947 -0.40423
v -2.4788 2.613 1.1857
vn 0.658301 -0.563312 -0.499318
v -2.47 2.613 1.1939
vn 0.454147 -0.569958 -0.684761
v -2.4473 2.6078 1.2084
vn 0.32871 -0.574406 -0.749672
v -2.47 2.6357 1.172
vn 0.736197 -0.495327 -0.461157
v -2.4584 2.6357 1.1857
vn 0.589513 -0.481379 -0.648651
v -2.4473 2.6496 1.1857
vn 0.500663 -0.367855 -0.783594
v -2.44485 2.6584 1.1839
vn 0.578693 -0.143197 -0.802875
v -2.4473 2.6357 1.1925
vn 0.368808 -0.441813 -0.817791
v -2.5381 2.5529 1.2765
vn 0.528109 -0.849113 -0.0103869
v -2.5481 2.5449 1.2993
vn 0.703106 -0.710229 -0.0348702
v -2.5381 2.5521 1.31065
vn 0.504138 -0.862848 -0.0365831
v -2.5154 2.5676 1.2214
vn 0.511214 -0.855555 -0.0817648
v -2.5154 2.566 1.2538
vn 0.448908 -0.893043 -0.0309281
v -2.5114 2.56595 1.30497
vn 0.434329 -0.899955 -0.0379301
v -2.4927 2.5788 1.2311
vn 0.357841 -0.914379 -0.189368
v -2.4927 2.5758 1.2538
vn 0.288906 -0.956174 -0.0475948
v -2.47 2.5903 1.2178
vn 0.267651 -0.825911 -0.49622
v -2.47 2.5844 1.2311
vn 0.181152 -0.948957 -0.258195
v -2.4473 2.5893 1.2292
vn 0.15321 -0.8775 -0.454444
v -2.47 2.5804 1.2538
vn 0.152791 -0.985375 -0.0754333
v -2.4473 2.5833 1.2538
vn 0.0659872 -0.985625 -0.155531
v -2.4927 2.5737 1.32767
vn 0.3022 -0.953067 -0.0184169
v -2.43595 2.58095 1.2993
vn 0.0762324 -0.996129 -0.0437684
v -2.47 2.57847 1.32767
vn 0.115129 -0.993325 -0.00710852
v -2.43005 2.613 1.2096
vn 0.141758 -0.54989 -0.823119
v -2.4246 2.6357 1.2016
vn 0.279384 -0.330974 -0.901333
v -2.4019 2.63125 1.20725
vn 0.117813 -0.248715 -0.961385
v -2.4246 2.6584 1.1937
vn 0.333108 -0.213578 -0.918381
v -2.4019 2.6584 1.2009
vn 0.17997 -0.268215 -0.946399
v -2.3792 2.6327 1.2084
vn 0.0396393 -0.193518 -0.980296
v -2.3565 2.635 1.20825
vn -0.018511 -0.218166 -0.975736
v -2.3792 2.6584 1.2047
vn 0.0439589 -0.255957 -0.965688
v -2.3565 2.6584 1.203
vn -0.156431 -0.411137 -0.898051
v -2.27628 2.613 1.2066
vn -0.1496 -0.520455 -0.840682
v -2.2657 2.6086 1.2084
vn -0.0965962 -0.814437 -0.572155
v -2.3338 2.6357 1.2073
vn -0.0955797 -0.310582 -0.945729
v -2.3111 2.62975 1.206
vn -0.167721 -0.387089 -0.90666
v -2.32245 2.6584 1.19455
vn -0.200213 -0.491508 -0.847546
v -2.27445 2.6584 1.18528
vn -0.114472 -0.521403 -0.845597
v -2.2884 2.6357 1.198
vn -0.175247 -0.422167 -0.889417
v -2.2657 2.6357 1.1942
vn -0.0900868 -0.393613 -0.914852
v -2.4246 2.5903 1.2311
vn 0.0532823 -0.872307 -0.486048
v -2.4019 2.613 1.2129
vn 0.0485489 -0.564127 -0.82426
v -2.3565 2.5922 1.2311
vn 0.0215236 -0.673891 -0.738518
v -2.39055 2.5851 1.2538
vn 0.0278392 -0.991491 -0.127162
v -2.36785 2.613 1.21365
vn 0.0168295 -0.490208 -0.871443
v -2.34515 2.5903 1.2374
vn 0.0429112 -0.963028 -0.265963
v -2.3565 2.5858 1.2538
vn 0.0344347 -0.9974 -0.0633116
v -2.39622 2.58415 1.2765
vn 0.051134 -0.998399 -0.0241991
v -2.3792 2.585 1.322
vn 0.0738325 -0.997055 -0.020725
v -2.3565 2.586 1.31065
vn 0.0275775 -0.999543 -0.0124188
v -2.3111 2.5946 1.2311
vn 0.025758 -0.770379 -0.637065
v -2.3338 2.613 1.214
vn -0.0232424 -0.538928 -0.842031
v -2.3111 2.613 1.2124
vn -0.0591461 -0.659885 -0.749035
v -2.3338 2.587 1.2538
vn 0.0749863 -0.98713 -0.141252
v -2.2884 2.5952 1.2311
vn -0.0172648 -0.897295 -0.441094
v -2.2657 2.5953 1.2311
vn -0.00695384 -0.947191 -0.320596
v -2.29235 2.59055 1.2538
vn 0.0734225 -0.996406 -0.042238
v -2.243 2.5929 1.2538
vn 0.0404609 -0.996846 -0.0682729
v -2.32245 2.5875 1.2993
vn 0.0725458 -0.997168 -0.0198503
v -2.2657 2.5927 1.2993
vn 0.0556738 -0.998376 -0.0120813
v -2.2884 2.5909 1.2993
vn 0.0914166 -0.994619 -0.0487488
v -2.4733 2.6811 1.1403
vn 0.979912 -0.166671 -0.109517
v -2.47 2.6925 1.1403
vn 0.927027 -0.320985 -0.193882
v -2.4639 2.6811 1.163
vn 0.746089 -0.166155 -0.644781
v -2.456 2.7038 1.163
vn 0.838868 -0.271568 -0.471753
v -2.4576 2.7265 1.1403
vn 0.934341 -0.273449 -0.228543
v -2.4516 2.7492 1.1403
vn 0.97565 -0.16858 -0.140315
v -2.4456 2.74185 1.163
vn 0.822866 -0.185346 -0.537158
v -2.4473 2.7492 1.1556
vn 0.928781 -0.170066 -0.329308
v -2.4473 2.6811 1.1791
vn 0.665509 -0.134383 -0.734193
v -2.4473 2.7038 1.1748
vn 0.734675 -0.171724 -0.656326
v -2.44795 2.7719 1.1431
vn 0.972551 -0.0712081 -0.221528
v -2.448 2.7946 1.14305
vn 0.970316 0.0378277 -0.238863
v -2.45045 2.82865 1.1455
vn 0.956857 0.109781 -0.269022
v -2.44345 2.82865 1.163
vn 0.862849 0.0885731 -0.497641
v -2.4372 2.6811 1.1857
vn 0.434107 -0.0875567 -0.896596
v -2.4352 2.7038 1.1857
vn 0.535079 -0.0740321 -0.841552
v -2.4246 2.6811 1.1904
vn 0.270211 -0.050518 -0.961475
v -2.4019 2.6811 1.1956
vn 0.141817 -0.128845 -0.981472
v -2.4246 2.7265 1.1906
vn 0.440424 -0.0289999 -0.897322
v -2.4019 2.7038 1.1951
vn 0.0447559 -0.0772251 -0.996009
v -2.3781 2.7038 1.18635
vn -0.331408 -0.318567 -0.888079
v -2.3565 2.7038 1.1786
vn -0.279381 -0.321228 -0.904853
v -2.3509 2.6811 1.1857
vn -0.24247 -0.484373 -0.84059
v -2.3792 2.6811 1.195
vn -0.142004 -0.339312 -0.929894
v -2.4311 2.7265 1.1857
vn 0.696065 -0.151448 -0.701824
v -2.4271 2.7492 1.1857
vn 0.782837 -0.116006 -0.611317
v -2.2884 2.7038 1.166
vn -0.294819 -0.236641 -0.925788
v -2.2657 2.7038 1.1584
vn -0.251945 -0.300163 -0.920014
v -2.2657 2.6876 1.163
vn -0.255197 -0.282014 -0.924847
v -2.3111 2.6658 1.1857
vn -0.18977 -0.550493 -0.812985
v -2.2884 2.6811 1.1717
vn -0.202935 -0.46533 -0.86156
v -2.2534 2.6811 1.163
vn -0.179721 -0.543633 -0.819856
v -2.4408 2.7719 1.163
vn 0.865042 -0.0616643 -0.497895
v -2.4405 2.7946 1.163
vn 0.868371 0.0283165 -0.495105
v -2.4249 2.7782 1.1857
vn 0.80164 -0.044678 -0.596135
v -2.4252 2.8071 1.1857
vn 0.805538 0.0530787 -0.590162
v -2.4316 2.8628 1.1857
vn 0.795227 0.101959 -0.597678
v -2.4246 2.8628 1.1921
vn 0.699012 0.0986241 -0.708276
v -2.243 2.6056 1.2084
vn -0.0315594 -0.872779 -0.487095
v -2.243 2.613 1.2011
vn -0.064661 -0.466776 -0.882009
v -2.243 2.6558 1.18385
vn -0.084752 -0.567641 -0.818902
v -2.243 2.6357 1.1938
vn -0.0250719 -0.356211 -0.934069
v -2.243 2.5957 1.2311
vn 0.0254454 -0.962718 -0.269308
v -2.243 2.5935 1.2993
vn 0.0284423 -0.998263 -0.0516017
v -2.243 2.67935 1.16175
vn -0.224665 -0.530065 -0.817653
v -2.243 2.7038 1.1518
vn -0.250254 -0.343228 -0.905299
v -2.44835 2.8628 1.0237
vn 0.957494 -0.00435534 0.288422
v -2.44845 2.8855 1.0236
vn 0.952969 0.0815442 0.291892
v -2.4473 2.90817 1.00405
vn 0.949959 0.21037 0.230917
v -2.4518 2.9309 1.0041
vn 0.969196 0.180301 0.167781
v -2.4473 2.9258 0.98138
vn 0.951271 0.252031 0.177663
v -2.4487 2.9309 0.98138
vn 0.970818 0.198807 0.134124
v -2.45605 2.9082 1.03815
vn 0.964639 0.116637 0.236362
v -2.4559 2.9309 1.0268
vn 0.972186 0.132048 0.193435
v -2.4473 2.9376 0.95868
vn 0.980516 0.174494 0.0902216
v -2.4543 2.9763 0.95868
vn 0.965865 0.192176 0.173707
v -2.4473 2.9309 0.97159
vn 0.946035 0.286643 0.151172
v -2.4531 2.9536 0.98138
vn 0.965198 0.216556 0.146616
v -2.46 2.9763 0.98138
vn 0.942654 0.249178 0.222069
v -2.4584 2.999 0.95868
vn 0.97293 0.0771483 0.217843
v -2.4607 3.0217 0.97003
vn 0.974102 -0.0736625 0.213771
v -2.4671 2.999 0.99289
vn 0.971028 0.0570753 0.23205
v -2.4562 2.9536 1.0041
vn 0.950856 0.268092 0.154914
v -2.4659 2.9763 1.0041
vn 0.933621 0.293592 0.205317
v -2.4592 2.9536 1.0268
vn 0.939153 0.298649 0.169706
v -2.4701 2.97605 1.0254
vn 0.940032 0.295682 0.170038
v -2.47 3.0217 1.0155
vn 0.978096 -0.118229 0.171318
v -2.475 2.999 1.0268
vn 0.986667 0.0141518 0.162136
v -2.4631 2.8855 1.0722
vn 0.973623 0.0365545 0.225214
v -2.4634 2.8628 1.0722
vn 0.977291 0.0472512 0.206568
v -2.461 2.9309 1.0495
vn 0.980114 0.0964291 0.173428
v -2.4633 2.9082 1.0722
vn 0.995654 0.00730787 0.0928405
v -2.4634 2.9309 1.0722
vn 0.997015 0.0717399 0.0285475
v -2.4659 2.8628 1.0949
vn 0.999143 0.041303 0.00259731
v -2.465 2.89685 1.0949
vn 0.998814 -0.034761 -0.0341005
v -2.4623 2.8628 1.1176
vn 0.97753 0.0606945 -0.201871
v -2.4622 2.89685 1.1176
vn 0.988397 -0.0300847 -0.148883
v -2.4627 2.9309 1.0949
vn 0.99764 -0.00565075 -0.0684347
v -2.4572 2.9309 1.1403
vn 0.98461 0.00813608 -0.174574
v -2.4639 2.9536 1.0495
vn 0.967286 0.22156 0.123566
v -2.4737 2.9763 1.0495
vn 0.940301 0.324247 0.103432
v -2.4659 2.9536 1.0722
vn 0.981617 0.190554 0.01081
v -2.4742 2.9763 1.0722
vn 0.953829 0.299661 -0.0203626
v -2.4785 2.999 1.0495
vn 0.996168 0.0456408 0.074606
v -2.4739 3.0217 1.0495
vn 0.970055 -0.232919 0.0688656
v -2.479 2.999 1.0722
vn 0.997224 -0.00614997 -0.0742077
v -2.4744 3.0217 1.0722
vn 0.968261 -0.245978 -0.0443371
v -2.4644 2.9536 1.0949
vn 0.960978 0.25976 -0.0951117
v -2.46983 2.97665 1.11585
vn 0.957184 0.269488 -0.105715
v -2.45955 2.9536 1.12895
vn 0.971786 0.192367 -0.136481
v -2.4701 3.02215 1.1176
vn 0.978212 -0.198757 -0.0599803
v -2.473 2.999 1.1176
vn 0.997579 -0.00735855 -0.0691533
v -2.4285 2.8628 0.95868
vn 0.977969 -0.138998 0.155741
v -2.4252 2.8855 0.93597
vn 0.981069 0.121012 0.151196
v -2.429 2.8855 0.95868
vn 0.965927 0.178731 0.187189
v -2.4335 2.8628 0.98138
vn 0.960874 -0.109107 0.25459
v -2.4344 2.8855 0.98138
vn 0.946412 0.168138 0.275742
v -2.4365 2.9082 0.95868
vn 0.926095 0.345258 0.152135
v -2.4458 2.9309 0.95868
vn 0.93221 0.354484 0.0729749
v -2.4416 2.9082 0.98138
vn 0.92907 0.285058 0.235736
v -2.4417 2.8628 1.0041
vn 0.951409 -0.0581119 0.302398
v -2.4422 2.8855 1.0041
vn 0.942417 0.157728 0.294911
v -2.4544 3.0444 0.95868
vn 0.934602 -0.257743 0.245129
v -2.4473 3.0529 0.93597
vn 0.926562 -0.339105 0.162759
v -2.4473 3.0671 0.96306
vn 0.91061 -0.338155 0.237574
v -2.4612 3.0444 0.98138
vn 0.956957 -0.164392 0.239185
v -2.4536 3.0671 0.98138
vn 0.902503 -0.320029 0.288218
v -2.4649 3.0444 1.0041
vn 0.97802 -0.155888 0.138476
v -2.4655 3.0444 1.0268
vn 0.9372 -0.348675 0.00902747
v -2.4646 3.0444 1.0495
vn 0.903563 -0.427492 -0.0287069
v -2.4563 3.0671 1.0268
vn 0.926152 -0.375359 -0.036721
v -2.47 3.03165 1.08355
vn 0.914274 -0.401633 -0.0528627
v -2.4636 3.0444 1.0722
vn 0.856202 -0.515647 -0.0320208
v -2.4628 3.0444 1.0949
vn 0.874074 -0.484359 -0.0372889
v -2.4488 3.0671 1.0949
vn 0.850762 -0.524695 -0.0299788
v -2.4623 3.0444 1.1176
vn 0.932482 -0.360919 0.0146655
v -2.4567 2.87415 1.1403
vn 0.948858 0.0608815 -0.309778
v -2.44775 2.87595 1.16398
vn 0.893822 0.0827697 -0.440717
v -2.458 2.9082 1.1403
vn 0.974127 -0.0178808 -0.225291
v -2.4488 2.9082 1.1667
vn 0.926059 0.0554252 -0.373287
v -2.4473 2.9309 1.1751
vn 0.95167 0.111567 -0.286142
v -2.4638 2.9763 1.15165
vn 0.929271 0.345766 -0.130003
v -2.4543 2.9536 1.163
vn 0.943081 0.292959 -0.157396
v -2.4711 2.999 1.163
vn 0.981818 0.171766 -0.0808079
v -2.4714 3.0217 1.1403
vn 0.99852 -0.0516318 0.017078
v -2.4729 3.0217 1.163
vn 0.999009 0.0324504 -0.0304627
v -2.4473 2.9426 1.1857
vn 0.950659 0.220763 -0.217971
v -2.4563 2.9763 1.2084
vn 0.929304 0.342477 -0.138214
v -2.44747 2.95265 1.20905
vn 0.935512 0.319444 -0.150907
v -2.47 3.0217 1.1956
vn 0.989431 0.0745596 -0.124366
v -2.4639 2.999 1.2084
vn 0.949352 0.267559 -0.164752
v -2.4357 2.8855 1.1857
vn 0.807075 0.133254 -0.575216
v -2.4246 2.8855 1.1972
vn 0.711613 0.147694 -0.686872
v -2.4402 2.9082 1.1857
vn 0.87242 0.144755 -0.46683
v -2.47 3.03 1.1403
vn 0.953256 -0.288865 0.0886536
v -2.4645 3.0444 1.1403
vn 0.930373 -0.355356 0.0901634
v -2.47 3.039 1.1857
vn 0.991663 -0.0692209 -0.108692
v -2.4665 3.0444 1.2084
vn 0.987995 -0.0767279 -0.134081
v -2.5401 2.5449 1.3901
vn 0.630316 -0.774718 -0.0501387
v -2.5381 2.5491 1.35605
vn 0.497214 -0.865044 -0.0669096
v -2.50675 2.5658 1.35605
vn 0.464737 -0.884232 -0.0463908
v -2.4927 2.5727 1.3901
vn 0.414309 -0.910135 0.00173879
v -2.4246 2.581 1.33335
vn 0.0500502 -0.99872 -0.00733971
v -2.47 2.5788 1.3901
vn 0.10394 -0.994565 0.00605906
v -2.39055 2.58325 1.3447
vn 0.0673616 -0.996469 -0.0501171
v -2.3338 2.5859 1.3674
vn 0.0378177 -0.99923 -0.0104484
v -2.4019 2.5812 1.3674
vn 0.0207564 -0.999384 -0.0283048
v -2.4246 2.5811 1.3901
vn 0.0242188 -0.999588 0.0154139
v -2.3792 2.5807 1.3901
vn 0.0238262 -0.999709 -0.00365723
v -2.36785 2.5831 1.3674
vn 0.0811173 -0.995315 -0.0526143
v -2.3338 2.5862 1.3901
vn 0.0610039 -0.998137 -0.000243593
v -2.3338 2.5858 1.33335
vn 0.0224573 -0.999661 -0.0131476
v -2.2884 2.5875 1.3447
vn 0.0602897 -0.996917 -0.0502084
v -2.27705 2.58695 1.3674
vn 0.0302287 -0.999383 -0.017903
v -2.2729 2.5903 1.322
vn 0.0590682 -0.994329 -0.0884369
v -2.2657 2.5905 1.32385
vn 0.0471527 -0.993904 -0.0996586
v -2.243 2.5892 1.3447
vn 0.0432017 -0.996299 -0.0743079
v -2.2657 2.587 1.3901
vn 0.0216413 -0.999623 0.01688
v -2.243 2.5885 1.3674
vn 0.07324 -0.997289 -0.00713609
v -2.2317 2.5903 1.3901
vn 0.0910799 -0.9957 0.0169323
v -2.2826 2.8173 0.54998
vn -0.464489 -0.78498 -0.409947
v -2.2657 2.8173 0.53717
vn -0.135619 -0.789945 -0.597991
v -2.2657 2.8073 0.54998
vn -0.210869 -0.928906 -0.304414
v -2.2884 2.8109 0.57269
vn -0.342017 -0.789788 -0.509175
v -2.2884 2.8173 0.56289
vn -0.445481 -0.851061 -0.277924
v -2.2657 2.8025 0.57269
vn -0.0764021 -0.965435 -0.249194
v -2.243 2.8072 0.54998
vn 0.28382 -0.904207 -0.319149
v -2.243 2.8173 0.53594
vn 0.464957 -0.373081 -0.802886
v -2.3565 2.7693 0.66351
vn 0.0882987 -0.986691 0.136545
v -2.3565 2.7665 0.64081
vn 0.117239 -0.985634 0.121575
v -2.3565 2.7818 0.68622
vn -0.0700813 -0.650068 0.756638
v -2.3565 2.7719 0.67232
vn 0.0676117 -0.867939 0.492047
f 2//2 1//1 3//3
f 7//7 3//3 1//1
f 4//4 3//3 7//7
f 4//4 7//7 8//8
f 9//9 10//10 11//11
f 4//4 8//8 6//6
f 5//5 6//6 12//12
f 12//12 6//6 8//8
f 8//8 13//13 12//12
f 13//13 8//8 9//9
f 13//13 9//9 14//14
f 14//14 9//9 11//11
f 14//14 11//11 15//15
f 30//30 29//29 32//32
f 32//32 29//29 31//31
f 33//33 30//30 32//32
f 37//37 34//34 36//36
f 36//36 38//38 37//37
f 34//34 37//37 39//39
f 39//39 37//37 40//40
f 41//41 40//40 37//37
f 41//41 37//37 38//38
f 41//41 38//38 42//42
f 43//43 44//44 45//45
f 46//46 47//47 48//48
f 49//49 50//50 51//51
f 51//51 50//50 52//52
f 39//39 40//40 49//49
f 39//39 49//49 51//51
f 39//39 51//51 46//46
f 49//49 40//40 41//41
f 46//46 51//51 47//47
f 47//47 51//51 52//52
f 54//54 52//52 53//53
f 54//54 55//55 56//56
f 55//55 54//54 57//57
f 57//57 54//54 53//53
f 58//58 59//59 60//60
f 60//60 59//59 61//61
f 60//60 61//61 62//62
f 62//62 61//61 63//63
f 63//63 61//61 64//64
f 65//65 58//58 60//60
f 65//65 60//60 67//67
f 67//67 60//60 62//62
f 67//67 62//62 63//63
f 63//63 68//68 67//67
f 69//69 65//65 67//67
f 69//69 67//67 68//68
f 71//71 72//72 73//73
f 74//74 70//70 75//75
f 75//75 76//76 74//74
f 77//77 44//44 78//78
f 78//78 44//44 79//79
f 74//74 79//79 43//43
f 43//43 79//79 44//44
f 78//78 79//79 80//80
f 80//80 79//79 76//76
f 74//74 76//76 79//79
f 76//76 75//75 73//73
f 73//73 81//81 76//76
f 81//81 73//73 82//82
f 82//82 73//73 72//72
f 80//80 76//76 83//83
f 83//83 76//76 81//81
f 83//83 81//81 82//82
f 82//82 84//84 83//83
f 85//85 56//56 55//55
f 82//82 72//72 58//58
f 58//58 65//65 82//82
f 84//84 82//82 65//65
f 84//84 65//65 66//66
f 84//84 66//66 86//86
f 32//32 31//31 88//88
f 87//87 88//88 31//31
f 33//33 32//32 89//89
f 89//89 32//32 88//88
f 90//90 33//33 89//89
f 91//91 33//33 90//90
f 90//90 93//93 91//91
f 92//92 91//91 94//94
f 94//94 91//91 93//93
f 94//94 93//93 95//95
f 96//96 92//92 94//94
f 38//38 36//36 98//98
f 98//98 99//99 38//38
f 97//97 99//99 98//98
f 42//42 38//38 99//99
f 99//99 100//100 42//42
f 101//101 102//102 53//53
f 103//103 57//57 53//53
f 103//103 53//53 102//102
f 103//103 102//102 104//104
f 105//105 106//106 107//107
f 108//108 106//106 105//105
f 107//107 106//106 109//109
f 111//111 110//110 112//112
f 113//113 114//114 108//108
f 115//115 105//105 116//116
f 116//116 105//105 107//107
f 113//113 108//108 115//115
f 115//115 108//108 105//105
f 63//63 113//113 117//117
f 118//118 115//115 116//116
f 116//116 119//119 118//118
f 117//117 113//113 118//118
f 118//118 113//113 115//115
f 114//114 113//113 64//64
f 63//63 64//64 113//113
f 116//116 107//107 109//109
f 109//109 120//120 116//116
f 120//120 109//109 121//121
f 121//121 109//109 122//122
f 119//119 116//116 120//120
f 68//68 63//63 117//117
f 117//117 123//123 68//68
f 124//124 118//118 119//119
f 119//119 125//125 124//124
f 123//123 117//117 118//118
f 118//118 124//124 123//123
f 126//126 68//68 123//123
f 125//125 127//127 124//124
f 126//126 123//123 124//124
f 126//126 124//124 127//127
f 68//68 126//126 69//69
f 125//125 119//119 128//128
f 128//128 119//119 120//120
f 128//128 120//120 129//129
f 129//129 120//120 121//121
f 128//128 127//127 125//125
f 130//130 128//128 129//129
f 121//121 122//122 131//131
f 110//110 132//132 131//131
f 133//133 121//121 131//131
f 133//133 131//131 132//132
f 132//132 134//134 133//133
f 132//132 110//110 111//111
f 132//132 111//111 135//135
f 136//136 135//135 111//111
f 129//129 121//121 133//133
f 134//134 137//137 133//133
f 130//130 129//129 133//133
f 130//130 133//133 137//137
f 137//137 134//134 138//138
f 138//138 140//140 137//137
f 140//140 138//138 141//141
f 141//141 138//138 139//139
f 142//142 143//143 144//144
f 142//142 145//145 139//139
f 145//145 142//142 144//144
f 141//141 139//139 145//145
f 145//145 146//146 141//141
f 147//147 5//5 148//148
f 148//148 5//5 12//12
f 148//148 12//12 13//13
f 148//148 13//13 149//149
f 14//14 149//149 13//13
f 150//150 149//149 14//14
f 16//16 14//14 15//15
f 16//16 15//15 151//151
f 150//150 14//14 152//152
f 152//152 14//14 16//16
f 16//16 151//151 153//153
f 153//153 151//151 154//154
f 153//153 154//154 155//155
f 153//153 155//155 156//156
f 156//156 155//155 157//157
f 152//152 16//16 158//158
f 158//158 16//16 153//153
f 158//158 153//153 159//159
f 159//159 153//153 160//160
f 160//160 153//153 156//156
f 161//161 147//147 163//163
f 163//163 147//147 148//148
f 162//162 161//161 163//163
f 164//164 162//162 163//163
f 163//163 148//148 165//165
f 165//165 148//148 149//149
f 165//165 149//149 150//150
f 150//150 166//166 165//165
f 165//165 167//167 163//163
f 167//167 165//165 168//168
f 168//168 165//165 166//166
f 166//166 150//150 152//152
f 168//168 166//166 17//17
f 166//166 152//152 169//169
f 169//169 152//152 158//158
f 169//169 158//158 159//159
f 159//159 170//170 169//169
f 170//170 159//159 171//171
f 171//171 159//159 160//160
f 169//169 17//17 166//166
f 172//172 17//17 169//169
f 172//172 169//169 170//170
f 172//172 170//170 171//171
f 171//171 173//173 172//172
f 164//164 163//163 167//167
f 164//164 167//167 174//174
f 175//175 174//174 167//167
f 175//175 167//167 168//168
f 176//176 164//164 174//174
f 176//176 174//174 175//175
f 175//175 177//177 176//176
f 175//175 168//168 178//178
f 178//178 168//168 17//17
f 17//17 179//179 178//178
f 177//177 175//175 180//180
f 180//180 175//175 178//178
f 180//180 178//178 181//181
f 181//181 178//178 179//179
f 179//179 17//17 172//172
f 172//172 182//182 179//179
f 182//182 172//172 183//183
f 183//183 172//172 173//173
f 181//181 179//179 182//182
f 182//182 184//184 181//181
f 184//184 182//182 185//185
f 185//185 182//182 183//183
f 186//186 187//187 188//188
f 186//186 189//189 190//190
f 190//190 191//191 192//192
f 191//191 190//190 193//193
f 190//190 192//192 187//187
f 187//187 186//186 190//190
f 34//34 193//193 35//35
f 39//39 191//191 193//193
f 193//193 34//34 39//39
f 194//194 157//157 195//195
f 195//195 157//157 155//155
f 192//192 191//191 196//196
f 196//196 191//191 46//46
f 196//196 46//46 48//48
f 196//196 48//48 197//197
f 198//198 187//187 199//199
f 199//199 187//187 192//192
f 196//196 199//199 192//192
f 200//200 198//198 199//199
f 199//199 197//197 200//200
f 197//197 199//199 196//196
f 191//191 39//39 46//46
f 156//156 157//157 201//201
f 201//201 202//202 156//156
f 202//202 201//201 203//203
f 203//203 201//201 204//204
f 160//160 156//156 202//202
f 160//160 202//202 205//205
f 205//205 202//202 203//203
f 203//203 204//204 206//206
f 203//203 206//206 207//207
f 205//205 203//203 208//208
f 208//208 203//203 207//207
f 207//207 209//209 208//208
f 69//69 212//212 213//213
f 214//214 211//211 215//215
f 214//214 212//212 216//216
f 214//214 213//213 212//212
f 217//217 207//207 210//210
f 217//217 210//210 211//211
f 217//217 211//211 218//218
f 209//209 207//207 217//217
f 209//209 217//217 218//218
f 218//218 219//219 209//209
f 218//218 211//211 214//214
f 214//214 220//220 218//218
f 220//220 214//214 221//221
f 221//221 214//214 216//216
f 219//219 218//218 222//222
f 222//222 218//218 220//220
f 222//222 220//220 221//221
f 222//222 221//221 223//223
f 160//160 224//224 171//171
f 224//224 160//160 205//205
f 205//205 225//225 224//224
f 173//173 171//171 224//224
f 224//224 226//226 173//173
f 226//226 224//224 225//225
f 225//225 205//205 208//208
f 208//208 227//227 225//225
f 227//227 208//208 209//209
f 209//209 228//228 227//227
f 227//227 229//229 225//225
f 229//229 227//227 228//228
f 228//228 230//230 229//229
f 183//183 173//173 226//226
f 231//231 226//226 225//225
f 185//185 183//183 232//232
f 232//232 183//183 226//226
f 232//232 226//226 231//231
f 231//231 233//233 232//232
f 231//231 225//225 229//229
f 233//233 231//231 229//229
f 229//229 234//234 233//233
f 234//234 229//229 230//230
f 230//230 235//235 234//234
f 209//209 236//236 228//228
f 236//236 209//209 219//219
f 219//219 237//237 236//236
f 230//230 228//228 236//236
f 236//236 238//238 230//230
f 238//238 236//236 237//237
f 237//237 239//239 238//238
f 237//237 222//222 240//240
f 237//237 219//219 222//222
f 240//240 222//222 223//223
f 239//239 237//237 241//241
f 241//241 237//237 240//240
f 241//241 240//240 223//223
f 223//223 242//242 241//241
f 235//235 230//230 238//238
f 238//238 243//243 235//235
f 244//244 239//239 245//245
f 243//243 238//238 244//244
f 244//244 238//238 239//239
f 246//246 242//242 247//247
f 245//245 239//239 241//241
f 246//246 241//241 242//242
f 194//194 77//77 248//248
f 248//248 77//77 78//78
f 248//248 78//78 249//249
f 249//249 78//78 80//80
f 157//157 194//194 201//201
f 201//201 194//194 248//248
f 201//201 248//248 204//204
f 204//204 248//248 249//249
f 249//249 80//80 83//83
f 83//83 250//250 249//249
f 250//250 83//83 84//84
f 84//84 251//251 250//250
f 204//204 249//249 250//250
f 250//250 206//206 204//204
f 206//206 250//250 251//251
f 251//251 207//207 206//206
f 55//55 252//252 85//85
f 57//57 253//253 55//55
f 55//55 253//253 252//252
f 84//84 254//254 251//251
f 254//254 84//84 255//255
f 255//255 84//84 86//86
f 207//207 251//251 254//254
f 254//254 210//210 207//207
f 210//210 254//254 211//211
f 211//211 254//254 255//255
f 86//86 215//215 255//255
f 215//215 211//211 255//255
f 256//256 164//164 176//176
f 176//176 18//18 256//256
f 18//18 176//176 258//258
f 258//258 176//176 177//177
f 259//259 256//256 18//18
f 259//259 18//18 258//258
f 259//259 258//258 260//260
f 258//258 177//177 180//180
f 180//180 261//261 258//258
f 261//261 180//180 181//181
f 181//181 262//262 261//261
f 260//260 258//258 261//261
f 260//260 261//261 19//19
f 262//262 19//19 261//261
f 262//262 181//181 263//263
f 263//263 181//181 184//184
f 263//263 184//184 185//185
f 185//185 264//264 263//263
f 265//265 19//19 262//262
f 265//265 262//262 263//263
f 265//265 263//263 266//266
f 266//266 263//263 264//264
f 257//257 256//256 259//259
f 257//257 259//259 267//267
f 267//267 259//259 260//260
f 260//260 268//268 267//267
f 267//267 269//269 257//257
f 269//269 267//267 268//268
f 268//268 270//270 269//269
f 268//268 260//260 271//271
f 271//271 260//260 19//19
f 270//270 268//268 271//271
f 271//271 272//272 270//270
f 271//271 19//19 273//273
f 273//273 19//19 265//265
f 265//265 274//274 273//273
f 274//274 265//265 275//275
f 275//275 265//265 266//266
f 272//272 271//271 276//276
f 276//276 271//271 273//273
f 276//276 273//273 274//274
f 274//274 277//277 276//276
f 277//277 274//274 278//278
f 278//278 274//274 275//275
f 257//257 281//281 280//280
f 281//281 257//257 269//269
f 270//270 282//282 269//269
f 282//282 270//270 272//272
f 272//272 283//283 282//282
f 284//284 276//276 277//277
f 284//284 277//277 278//278
f 283//283 272//272 276//276
f 283//283 276//276 285//285
f 285//285 276//276 284//284
f 285//285 284//284 286//286
f 286//286 284//284 278//278
f 281//281 269//269 287//287
f 287//287 269//269 282//282
f 288//288 280//280 281//281
f 288//288 281//281 289//289
f 289//289 281//281 287//287
f 287//287 282//282 283//283
f 287//287 283//283 285//285
f 290//290 287//287 285//285
f 285//285 291//291 290//290
f 291//291 285//285 292//292
f 292//292 285//285 286//286
f 264//264 185//185 293//293
f 293//293 185//185 232//232
f 293//293 232//232 233//233
f 233//233 294//294 293//293
f 266//266 264//264 293//293
f 293//293 295//295 266//266
f 295//295 293//293 296//296
f 296//296 293//293 294//294
f 294//294 233//233 234//234
f 234//234 297//297 294//294
f 297//297 234//234 235//235
f 235//235 298//298 297//297
f 296//296 294//294 297//297
f 297//297 299//299 296//296
f 299//299 297//297 298//298
f 299//299 298//298 300//300
f 275//275 266//266 295//295
f 295//295 301//301 275//275
f 301//301 295//295 296//296
f 296//296 302//302 301//301
f 278//278 275//275 301//301
f 302//302 303//303 301//301
f 302//302 296//296 304//304
f 304//304 296//296 299//299
f 305//305 299//299 306//306
f 306//306 299//299 307//307
f 304//304 299//299 305//305
f 303//303 302//302 308//308
f 308//308 302//302 304//304
f 308//308 304//304 305//305
f 308//308 305//305 309//309
f 298//298 235//235 243//243
f 243//243 310//310 298//298
f 310//310 243//243 311//311
f 311//311 243//243 244//244
f 307//307 300//300 312//312
f 312//312 300//300 313//313
f 310//310 313//313 298//298
f 298//298 313//313 300//300
f 312//312 313//313 314//314
f 314//314 313//313 311//311
f 314//314 311//311 245//245
f 315//315 246//246 247//247
f 315//315 317//317 316//316
f 241//241 318//318 245//245
f 318//318 241//241 315//315
f 315//315 241//241 246//246
f 314//314 245//245 318//318
f 318//318 316//316 314//314
f 316//316 318//318 315//315
f 306//306 307//307 312//312
f 312//312 319//319 306//306
f 319//319 312//312 320//320
f 320//320 312//312 314//314
f 306//306 319//319 309//309
f 321//321 309//309 319//319
f 322//322 319//319 320//320
f 323//323 316//316 317//317
f 320//320 314//314 325//325
f 325//325 314//314 316//316
f 316//316 323//323 325//325
f 326//326 320//320 325//325
f 326//326 325//325 324//324
f 324//324 325//325 323//323
f 301//301 327//327 278//278
f 327//327 301//301 303//303
f 303//303 328//328 327//327
f 286//286 278//278 327//327
f 328//328 329//329 327//327
f 328//328 303//303 330//330
f 330//330 303//303 308//308
f 330//330 308//308 331//331
f 331//331 308//308 309//309
f 329//329 328//328 330//330
f 329//329 330//330 332//332
f 332//332 330//330 331//331
f 327//327 333//333 286//286
f 333//333 327//327 329//329
f 292//292 286//286 333//333
f 333//333 334//334 292//292
f 334//334 333//333 329//329
f 329//329 335//335 334//334
f 336//336 329//329 332//332
f 335//335 329//329 336//336
f 337//337 336//336 332//332
f 331//331 309//309 321//321
f 338//338 322//322 320//320
f 331//331 321//321 322//322
f 322//322 338//338 331//331
f 332//332 331//331 339//339
f 339//339 331//331 338//338
f 338//338 320//320 326//326
f 324//324 340//340 326//326
f 341//341 338//338 326//326
f 341//341 326//326 340//340
f 341//341 340//340 342//342
f 343//343 339//339 338//338
f 337//337 332//332 344//344
f 344//344 332//332 339//339
f 344//344 339//339 345//345
f 345//345 339//339 343//343
f 346//346 343//343 341//341
f 341//341 343//343 338//338
f 346//346 341//341 347//347
f 347//347 341//341 342//342
f 348//348 343//343 346//346
f 343//343 348//348 345//345
f 348//348 346//346 349//349
f 349//349 346//346 347//347
f 103//103 253//253 57//57
f 350//350 126//126 351//351
f 351//351 126//126 127//127
f 352//352 350//350 351//351
f 351//351 353//353 352//352
f 212//212 69//69 126//126
f 126//126 350//350 212//212
f 216//216 212//212 350//350
f 350//350 352//352 216//216
f 354//354 127//127 128//128
f 127//127 354//354 351//351
f 354//354 128//128 355//355
f 355//355 128//128 130//130
f 353//353 354//354 356//356
f 353//353 351//351 354//354
f 356//356 354//354 355//355
f 355//355 357//357 356//356
f 358//358 352//352 353//353
f 358//358 353//353 359//359
f 223//223 358//358 360//360
f 361//361 359//359 362//362
f 360//360 358//358 361//361
f 361//361 358//358 359//359
f 221//221 216//216 358//358
f 358//358 216//216 352//352
f 223//223 221//221 358//358
f 363//363 359//359 353//353
f 363//363 353//353 356//356
f 363//363 356//356 357//357
f 362//362 359//359 363//363
f 363//363 364//364 362//362
f 363//363 365//365 364//364
f 355//355 130//130 137//137
f 137//137 366//366 355//355
f 357//357 355//355 366//366
f 366//366 367//367 357//357
f 366//366 137//137 140//140
f 367//367 366//366 140//140
f 140//140 368//368 367//367
f 357//357 369//369 363//363
f 369//369 357//357 367//367
f 367//367 370//370 369//369
f 365//365 363//363 369//369
f 365//365 369//369 370//370
f 370//370 371//371 365//365
f 370//370 367//367 368//368
f 372//372 368//368 140//140
f 371//371 370//370 373//373
f 373//373 370//370 368//368
f 373//373 368//368 374//374
f 374//374 368//368 372//372
f 242//242 223//223 360//360
f 375//375 361//361 376//376
f 376//376 361//361 362//362
f 375//375 360//360 361//361
f 364//364 377//377 362//362
f 377//377 364//364 378//378
f 378//378 364//364 365//365
f 376//376 362//362 377//377
f 377//377 379//379 376//376
f 379//379 377//377 378//378
f 378//378 380//380 379//379
f 381//381 242//242 360//360
f 382//382 375//375 383//383
f 383//383 375//375 376//376
f 381//381 360//360 375//375
f 375//375 382//382 381//381
f 247//247 242//242 381//381
f 381//381 384//384 247//247
f 384//384 381//381 382//382
f 384//384 382//382 383//383
f 384//384 383//383 385//385
f 383//383 376//376 386//386
f 386//386 376//376 387//387
f 387//387 376//376 379//379
f 379//379 380//380 387//387
f 386//386 387//387 388//388
f 388//388 387//387 380//380
f 385//385 383//383 386//386
f 385//385 386//386 389//389
f 389//389 386//386 388//388
f 389//389 388//388 390//390
f 378//378 365//365 391//391
f 391//391 365//365 371//371
f 371//371 392//392 391//391
f 380//380 378//378 393//393
f 393//393 378//378 391//391
f 393//393 391//391 394//394
f 394//394 391//391 392//392
f 392//392 371//371 373//373
f 373//373 395//395 392//392
f 395//395 373//373 374//374
f 374//374 396//396 395//395
f 394//394 392//392 395//395
f 395//395 397//397 394//394
f 397//397 395//395 396//396
f 396//396 398//398 397//397
f 388//388 380//380 393//393
f 393//393 399//399 388//388
f 399//399 393//393 394//394
f 388//388 399//399 390//390
f 400//400 390//390 399//399
f 399//399 401//401 400//400
f 399//399 394//394 402//402
f 402//402 394//394 397//397
f 402//402 397//397 403//403
f 403//403 397//397 398//398
f 404//404 402//402 403//403
f 401//401 399//399 402//402
f 402//402 405//405 401//401
f 405//405 402//402 404//404
f 140//140 141//141 406//406
f 372//372 140//140 406//406
f 374//374 372//372 407//407
f 407//407 372//372 408//408
f 396//396 374//374 407//407
f 407//407 409//409 396//396
f 409//409 407//407 410//410
f 410//410 407//407 408//408
f 398//398 396//396 411//411
f 411//411 396//396 409//409
f 398//398 411//411 412//412
f 412//412 411//411 413//413
f 403//403 398//398 412//412
f 403//403 412//412 414//414
f 414//414 412//412 413//413
f 404//404 403//403 415//415
f 415//415 403//403 414//414
f 315//315 247//247 416//416
f 416//416 247//247 384//384
f 416//416 384//384 385//385
f 385//385 417//417 416//416
f 317//317 315//315 418//418
f 418//418 315//315 416//416
f 418//418 416//416 417//417
f 417//417 419//419 418//418
f 417//417 385//385 420//420
f 417//417 420//420 421//421
f 420//420 385//385 389//389
f 419//419 417//417 421//421
f 419//419 421//421 422//422
f 421//421 420//420 423//423
f 423//423 420//420 389//389
f 423//423 389//389 390//390
f 422//422 421//421 423//423
f 422//422 423//423 424//424
f 323//323 317//317 425//425
f 425//425 317//317 418//418
f 425//425 418//418 419//419
f 419//419 426//426 425//425
f 324//324 323//323 425//425
f 425//425 427//427 324//324
f 427//427 425//425 426//426
f 426//426 428//428 427//427
f 426//426 419//419 429//429
f 429//429 419//419 422//422
f 429//429 422//422 430//430
f 428//428 426//426 429//429
f 429//429 431//431 428//428
f 431//431 429//429 432//432
f 424//424 430//430 422//422
f 423//423 390//390 400//400
f 400//400 433//433 423//423
f 433//433 400//400 434//434
f 434//434 400//400 401//401
f 424//424 423//423 435//435
f 435//435 423//423 433//433
f 435//435 433//433 434//434
f 434//434 436//436 435//435
f 437//437 404//404 438//438
f 440//440 439//439 437//437
f 440//440 437//437 438//438
f 434//434 401//401 441//441
f 441//441 401//401 405//405
f 441//441 405//405 437//437
f 437//437 405//405 404//404
f 436//436 434//434 439//439
f 439//439 434//434 441//441
f 437//437 439//439 441//441
f 429//429 430//430 442//442
f 442//442 443//443 429//429
f 443//443 442//442 444//444
f 444//444 442//442 445//445
f 432//432 429//429 446//446
f 446//446 429//429 443//443
f 446//446 443//443 444//444
f 444//444 447//447 446//446
f 435//435 442//442 430//430
f 430//430 424//424 435//435
f 436//436 445//445 435//435
f 435//435 445//445 442//442
f 444//444 445//445 448//448
f 448//448 445//445 439//439
f 448//448 439//439 440//440
f 448//448 440//440 449//449
f 449//449 440//440 450//450
f 447//447 444//444 448//448
f 448//448 451//451 447//447
f 451//451 449//449 452//452
f 451//451 448//448 449//449
f 439//439 445//445 436//436
f 340//340 324//324 453//453
f 453//453 324//324 427//427
f 453//453 427//427 454//454
f 454//454 427//427 428//428
f 342//342 340//340 455//455
f 455//455 340//340 453//453
f 455//455 453//453 454//454
f 454//454 428//428 431//431
f 431//431 456//456 454//454
f 456//456 431//431 457//457
f 457//457 431//431 432//432
f 455//455 454//454 458//458
f 458//458 454//454 456//456
f 458//458 456//456 459//459
f 459//459 456//456 457//457
f 347//347 342//342 455//455
f 455//455 460//460 347//347
f 460//460 455//455 461//461
f 349//349 347//347 462//462
f 462//462 347//347 460//460
f 462//462 460//460 461//461
f 461//461 463//463 462//462
f 461//461 455//455 458//458
f 461//461 458//458 464//464
f 464//464 458//458 459//459
f 461//461 465//465 463//463
f 465//465 461//461 464//464
f 464//464 466//466 465//465
f 457//457 432//432 467//467
f 467//467 432//432 446//446
f 467//467 446//446 447//447
f 447//447 468//468 467//467
f 459//459 457//457 469//469
f 469//469 457//457 467//467
f 469//469 467//467 468//468
f 468//468 470//470 469//469
f 468//468 447//447 471//471
f 468//468 471//471 472//472
f 471//471 447//447 451//451
f 473//473 471//471 474//474
f 474//474 471//471 452//452
f 452//452 471//471 451//451
f 470//470 472//472 475//475
f 475//475 472//472 473//473
f 470//470 468//468 472//472
f 475//475 473//473 476//476
f 476//476 473//473 474//474
f 464//464 459//459 477//477
f 477//477 459//459 478//478
f 478//478 459//459 469//469
f 479//479 478//478 470//470
f 469//469 470//470 478//478
f 466//466 477//477 479//479
f 466//466 464//464 477//477
f 479//479 470//470 481//481
f 481//481 470//470 475//475
f 481//481 475//475 482//482
f 481//481 482//482 483//483
f 482//482 475//475 476//476
f 480//480 479//479 481//481
f 483//483 484//484 481//481
f 438//438 404//404 415//415
f 415//415 485//485 438//438
f 440//440 438//438 485//485
f 485//485 486//486 440//440
f 487//487 450//450 440//440
f 487//487 440//440 486//486
f 487//487 486//486 488//488
f 452//452 449//449 487//487
f 452//452 487//487 489//489
f 476//476 474//474 490//490
f 491//491 279//279 280//280
f 280//280 493//493 491//491
f 492//492 491//491 493//493
f 289//289 494//494 288//288
f 289//289 495//495 494//494
f 493//493 280//280 288//288
f 495//495 289//289 496//496
f 496//496 289//289 287//287
f 496//496 287//287 290//290
f 291//291 497//497 290//290
f 497//497 291//291 292//292
f 498//498 496//496 290//290
f 498//498 290//290 497//497
f 292//292 499//499 497//497
f 494//494 500//500 288//288
f 500//500 494//494 495//495
f 493//493 288//288 500//500
f 495//495 501//501 500//500
f 501//501 495//495 496//496
f 496//496 502//502 501//501
f 498//498 503//503 496//496
f 503//503 498//498 504//504
f 504//504 498//498 497//497
f 504//504 497//497 505//505
f 505//505 497//497 499//499
f 502//502 496//496 503//503
f 506//506 492//492 508//508
f 508//508 492//492 493//493
f 507//507 506//506 509//509
f 509//509 506//506 508//508
f 501//501 510//510 500//500
f 493//493 511//511 508//508
f 511//511 493//493 500//500
f 511//511 500//500 510//510
f 510//510 501//501 502//502
f 512//512 502//502 503//503
f 512//512 503//503 504//504
f 504//504 513//513 512//512
f 513//513 504//504 505//505
f 505//505 514//514 513//513
f 510//510 502//502 512//512
f 513//513 515//515 512//512
f 515//515 513//513 514//514
f 514//514 516//516 515//515
f 511//511 517//517 508//508
f 517//517 511//511 518//518
f 518//518 511//511 510//510
f 508//508 517//517 509//509
f 518//518 519//519 517//517
f 518//518 510//510 512//512
f 512//512 520//520 518//518
f 520//520 512//512 521//521
f 521//521 512//512 515//515
f 521//521 515//515 516//516
f 519//519 518//518 520//520
f 522//522 521//521 516//516
f 499//499 292//292 334//334
f 334//334 523//523 499//499
f 523//523 334//334 335//335
f 335//335 524//524 523//523
f 336//336 525//525 335//335
f 525//525 336//336 337//337
f 337//337 526//526 525//525
f 524//524 335//335 525//525
f 526//526 527//527 525//525
f 505//505 499//499 528//528
f 528//528 499//499 523//523
f 528//528 523//523 529//529
f 529//529 523//523 524//524
f 530//530 528//528 529//529
f 529//529 524//524 525//525
f 529//529 525//525 531//531
f 531//531 525//525 527//527
f 530//530 529//529 532//532
f 532//532 529//529 531//531
f 526//526 337//337 533//533
f 533//533 337//337 344//344
f 533//533 344//344 534//534
f 534//534 344//344 345//345
f 527//527 526//526 533//533
f 534//534 345//345 535//535
f 534//534 535//535 536//536
f 535//535 345//345 348//348
f 537//537 535//535 349//349
f 349//349 535//535 348//348
f 538//538 535//535 537//537
f 537//537 539//539 538//538
f 535//535 538//538 536//536
f 527//527 533//533 540//540
f 540//540 533//533 534//534
f 531//531 527//527 540//540
f 540//540 534//534 536//536
f 539//539 541//541 538//538
f 542//542 540//540 536//536
f 543//543 538//538 541//541
f 542//542 536//536 538//538
f 538//538 543//543 542//542
f 514//514 505//505 544//544
f 544//544 505//505 528//528
f 544//544 528//528 530//530
f 516//516 514//514 544//544
f 516//516 544//544 545//545
f 544//544 530//530 546//546
f 546//546 530//530 532//532
f 546//546 532//532 547//547
f 547//547 532//532 531//531
f 545//545 544//544 548//548
f 548//548 544//544 546//546
f 548//548 546//546 547//547
f 547//547 549//549 548//548
f 550//550 516//516 545//545
f 545//545 551//551 550//550
f 522//522 516//516 550//550
f 550//550 552//552 522//522
f 552//552 550//550 551//551
f 551//551 553//553 552//552
f 551//551 545//545 554//554
f 554//554 545//545 548//548
f 554//554 548//548 555//555
f 555//555 548//548 549//549
f 553//553 551//551 556//556
f 556//556 551//551 554//554
f 556//556 554//554 557//557
f 557//557 554//554 555//555
f 547//547 531//531 558//558
f 558//558 531//531 540//540
f 549//549 547//547 558//558
f 558//558 559//559 549//549
f 559//559 558//558 540//540
f 543//543 560//560 542//542
f 559//559 540//540 561//561
f 561//561 540//540 542//542
f 561//561 542//542 560//560
f 561//561 560//560 562//562
f 555//555 549//549 559//559
f 559//559 563//563 555//555
f 555//555 564//564 557//557
f 564//564 555//555 563//563
f 563//563 565//565 564//564
f 563//563 559//559 566//566
f 566//566 559//559 561//561
f 566//566 561//561 567//567
f 567//567 561//561 562//562
f 565//565 563//563 568//568
f 568//568 563//563 566//566
f 568//568 566//566 569//569
f 569//569 566//566 567//567
f 570//570 507//507 509//509
f 509//509 571//571 570//570
f 509//509 517//517 572//572
f 572//572 517//517 519//519
f 573//573 509//509 572//572
f 573//573 572//572 519//519
f 574//574 519//519 520//520
f 574//574 520//520 575//575
f 575//575 520//520 521//521
f 575//575 521//521 522//522
f 20//20 519//519 576//576
f 576//576 519//519 574//574
f 576//576 574//574 577//577
f 577//577 574//574 575//575
f 577//577 575//575 578//578
f 578//578 575//575 522//522
f 571//571 509//509 573//573
f 20//20 573//573 519//519
f 573//573 579//579 571//571
f 579//579 573//573 21//21
f 21//21 573//573 20//20
f 577//577 580//580 576//576
f 580//580 577//577 581//581
f 581//581 577//577 578//578
f 21//21 20//20 582//582
f 582//582 20//20 576//576
f 582//582 576//576 580//580
f 580//580 583//583 582//582
f 583//583 580//580 581//581
f 581//581 584//584 583//583
f 586//586 570//570 571//571
f 585//585 570//570 586//586
f 586//586 587//587 585//585
f 586//586 571//571 579//579
f 579//579 588//588 586//586
f 588//588 579//579 23//23
f 23//23 579//579 21//21
f 589//589 586//586 588//588
f 589//589 588//588 23//23
f 589//589 23//23 22//22
f 23//23 21//21 582//582
f 23//23 582//582 590//590
f 590//590 582//582 583//583
f 583//583 591//591 590//590
f 591//591 583//583 592//592
f 592//592 583//583 584//584
f 593//593 23//23 590//590
f 593//593 590//590 591//591
f 591//591 594//594 593//593
f 594//594 591//591 592//592
f 595//595 586//586 589//589
f 595//595 589//589 22//22
f 587//587 586//586 595//595
f 22//22 23//23 593//593
f 593//593 596//596 22//22
f 596//596 593//593 594//594
f 594//594 597//597 596//596
f 597//597 594//594 598//598
f 598//598 594//594 592//592
f 599//599 22//22 596//596
f 599//599 596//596 597//597
f 600//600 597//597 598//598
f 578//578 522//522 552//552
f 578//578 552//552 553//553
f 553//553 601//601 578//578
f 602//602 553//553 556//556
f 602//602 556//556 557//557
f 557//557 603//603 602//602
f 601//601 553//553 604//604
f 604//604 553//553 602//602
f 604//604 602//602 605//605
f 605//605 602//602 603//603
f 578//578 606//606 581//581
f 606//606 578//578 601//601
f 601//601 607//607 606//606
f 584//584 581//581 608//608
f 608//608 581//581 606//606
f 609//609 607//607 610//610
f 608//608 606//606 609//609
f 609//609 606//606 607//607
f 607//607 601//601 604//604
f 607//607 604//604 611//611
f 612//612 611//611 604//604
f 612//612 604//604 605//605
f 610//610 607//607 613//613
f 613//613 607//607 611//611
f 613//613 611//611 612//612
f 613//613 612//612 614//614
f 605//605 614//614 612//612
f 603//603 557//557 564//564
f 605//605 603//603 615//615
f 615//615 603//603 564//564
f 615//615 564//564 565//565
f 565//565 616//616 615//615
f 568//568 617//617 565//565
f 617//617 568//568 618//618
f 618//618 568//568 569//569
f 616//616 565//565 617//617
f 617//617 619//619 616//616
f 619//619 617//617 620//620
f 620//620 617//617 621//621
f 621//621 617//617 618//618
f 622//622 605//605 615//615
f 622//622 615//615 616//616
f 616//616 623//623 622//622
f 624//624 614//614 622//622
f 622//622 614//614 605//605
f 624//624 622//622 623//623
f 623//623 625//625 624//624
f 626//626 616//616 619//619
f 625//625 623//623 616//616
f 592//592 584//584 608//608
f 608//608 627//627 592//592
f 627//627 609//609 610//610
f 627//627 608//608 609//609
f 627//627 628//628 592//592
f 628//628 627//627 629//629
f 629//629 627//627 610//610
f 613//613 630//630 610//610
f 630//630 613//613 631//631
f 631//631 613//613 614//614
f 629//629 610//610 630//630
f 630//630 632//632 629//629
f 632//632 630//630 633//633
f 633//633 630//630 631//631
f 634//634 628//628 635//635
f 598//598 592//592 634//634
f 634//634 592//592 628//628
f 635//635 628//628 636//636
f 636//636 628//628 629//629
f 637//637 634//634 635//635
f 600//600 598//598 634//634
f 637//637 635//635 636//636
f 636//636 638//638 637//637
f 636//636 629//629 632//632
f 638//638 636//636 639//639
f 639//639 636//636 632//632
f 639//639 632//632 640//640
f 640//640 632//632 633//633
f 631//631 614//614 624//624
f 641//641 624//624 625//625
f 633//633 631//631 624//624
f 633//633 624//624 642//642
f 642//642 624//624 641//641
f 643//643 633//633 642//642
f 640//640 633//633 643//643
f 644//644 643//643 642//642
f 616//616 626//626 645//645
f 645//645 626//626 620//620
f 645//645 620//620 646//646
f 625//625 616//616 645//645
f 641//641 625//625 645//645
f 645//645 647//647 641//641
f 645//645 648//648 647//647
f 642//642 641//641 647//647
f 649//649 647//647 648//648
f 647//647 650//650 642//642
f 650//650 647//647 651//651
f 651//651 647//647 649//649
f 644//644 642//642 650//650
f 650//650 652//652 644//644
f 652//652 650//650 653//653
f 653//653 650//650 651//651
f 537//537 349//349 462//462
f 462//462 654//654 537//537
f 654//654 462//462 463//463
f 463//463 655//655 654//654
f 656//656 537//537 654//654
f 656//656 654//654 657//657
f 657//657 654//654 655//655
f 537//537 656//656 539//539
f 655//655 463//463 465//465
f 657//657 655//655 658//658
f 658//658 655//655 465//465
f 658//658 465//465 466//466
f 466//466 659//659 658//658
f 661//661 660//660 662//662
f 662//662 660//660 657//657
f 657//657 660//660 656//656
f 663//663 661//661 662//662
f 662//662 664//664 663//663
f 541//541 539//539 660//660
f 541//541 660//660 661//661
f 660//660 539//539 656//656
f 543//543 541//541 663//663
f 663//663 541//541 661//661
f 662//662 657//657 658//658
f 662//662 658//658 665//665
f 665//665 658//658 659//659
f 664//664 662//662 665//665
f 666//666 466//466 479//479
f 666//666 479//479 480//480
f 480//480 667//667 666//666
f 659//659 466//466 666//666
f 666//666 668//668 659//659
f 668//668 666//666 669//669
f 669//669 666//666 667//667
f 667//667 480//480 670//670
f 670//670 480//480 481//481
f 670//670 481//481 484//484
f 484//484 671//671 670//670
f 669//669 667//667 670//670
f 670//670 672//672 669//669
f 672//672 670//670 673//673
f 673//673 670//670 671//671
f 673//673 671//671 674//674
f 675//675 659//659 668//668
f 659//659 675//675 665//665
f 675//675 668//668 669//669
f 669//669 676//676 675//675
f 665//665 677//677 678//678
f 677//677 665//665 675//675
f 679//679 677//677 676//676
f 679//679 676//676 680//680
f 676//676 677//677 675//675
f 676//676 669//669 681//681
f 676//676 681//681 682//682
f 681//681 669//669 672//672
f 683//683 681//681 684//684
f 684//684 681//681 673//673
f 684//684 673//673 674//674
f 680//680 676//676 682//682
f 680//680 682//682 685//685
f 685//685 682//682 683//683
f 685//685 683//683 684//684
f 684//684 686//686 685//685
f 664//664 687//687 663//663
f 560//560 543//543 688//688
f 688//688 543//543 663//663
f 688//688 663//663 687//687
f 562//562 560//560 689//689
f 689//689 560//560 688//688
f 689//689 688//688 690//690
f 690//690 688//688 687//687
f 687//687 664//664 691//691
f 691//691 664//664 665//665
f 690//690 687//687 691//691
f 690//690 691//691 693//693
f 693//693 691//691 692//692
f 689//689 694//694 562//562
f 567//567 562//562 694//694
f 695//695 694//694 689//689
f 695//695 689//689 690//690
f 695//695 690//690 696//696
f 569//569 567//567 697//697
f 697//697 567//567 694//694
f 697//697 694//694 695//695
f 697//697 695//695 698//698
f 698//698 695//695 696//696
f 696//696 690//690 699//699
f 699//699 690//690 693//693
f 699//699 693//693 700//700
f 700//700 693//693 692//692
f 691//691 665//665 701//701
f 701//701 665//665 678//678
f 701//701 678//678 679//679
f 679//679 702//702 701//701
f 703//703 692//692 691//691
f 703//703 691//691 701//701
f 703//703 701//701 702//702
f 685//685 704//704 680//680
f 705//705 704//704 685//685
f 705//705 685//685 686//686
f 706//706 704//704 705//705
f 705//705 707//707 706//706
f 700//700 692//692 703//703
f 703//703 708//708 700//700
f 708//708 703//703 709//709
f 709//709 703//703 702//702
f 710//710 706//706 707//707
f 711//711 712//712 710//710
f 710//710 713//713 711//711
f 671//671 714//714 674//674
f 714//714 671//671 715//715
f 684//684 674//674 714//714
f 714//714 716//716 684//684
f 710//710 707//707 717//717
f 710//710 717//717 718//718
f 710//710 718//718 719//719
f 720//720 719//719 721//721
f 719//719 718//718 721//721
f 713//713 710//710 719//719
f 719//719 722//722 713//713
f 723//723 718//718 724//724
f 724//724 718//718 725//725
f 725//725 718//718 717//717
f 618//618 569//569 697//697
f 697//697 726//726 618//618
f 726//726 697//697 698//698
f 618//618 726//726 621//621
f 727//727 728//728 729//729
f 727//727 729//729 730//730
f 727//727 731//731 732//732
f 733//733 732//732 734//734
f 734//734 732//732 735//735
f 735//735 732//732 731//731
f 738//738 737//737 739//739
f 739//739 737//737 740//740
f 739//739 733//733 734//734
f 734//734 741//741 739//739
f 741//741 734//734 735//735
f 735//735 742//742 741//741
f 743//743 739//739 744//744
f 744//744 739//739 741//741
f 738//738 739//739 743//743
f 744//744 741//741 742//742
f 742//742 745//745 744//744
f 726//726 698//698 746//746
f 646//646 621//621 747//747
f 747//747 621//621 726//726
f 747//747 726//726 746//746
f 747//747 746//746 748//748
f 747//747 749//749 646//646
f 749//749 747//747 748//748
f 645//645 646//646 749//749
f 749//749 750//750 645//645
f 750//750 749//749 751//751
f 751//751 749//749 748//748
f 648//648 645//645 750//750
f 648//648 750//750 752//752
f 752//752 750//750 751//751
f 649//649 648//648 753//753
f 753//753 648//648 752//752
f 753//753 752//752 754//754
f 754//754 752//752 755//755
f 755//755 752//752 756//756
f 651//651 649//649 757//757
f 757//757 649//649 753//753
f 753//753 758//758 757//757
f 758//758 753//753 754//754
f 653//653 651//651 759//759
f 759//759 651//651 757//757
f 759//759 757//757 760//760
f 760//760 757//757 758//758
f 758//758 754//754 761//761
f 761//761 754//754 755//755
f 761//761 755//755 762//762
f 762//762 763//763 761//761
f 760//760 758//758 764//764
f 764//764 765//765 760//760
f 761//761 764//764 758//758
f 765//765 764//764 766//766
f 766//766 764//764 767//767
f 763//763 767//767 761//761
f 761//761 767//767 764//764
f 768//768 769//769 770//770
f 763//763 762//762 768//768
f 768//768 762//762 769//769
f 766//766 767//767 737//737
f 766//766 737//737 736//736
f 737//737 767//767 768//768
f 737//737 768//768 770//770
f 771//771 713//713 722//722
f 771//771 722//722 772//772
f 773//773 772//772 722//722
f 774//774 713//713 771//771
f 774//774 771//771 775//775
f 775//775 771//771 773//773
f 773//773 776//776 775//775
f 730//730 777//777 778//778
f 778//778 777//777 775//775
f 775//775 777//777 774//774
f 778//778 775//775 776//776
f 778//778 776//776 779//779
f 778//778 779//779 780//780
f 727//727 730//730 778//778
f 731//731 727//727 778//778
f 778//778 781//781 731//731
f 735//735 731//731 781//781
f 781//781 782//782 735//735
f 782//782 781//781 783//783
f 782//782 783//783 784//784
f 784//784 783//783 786//786
f 786//786 783//783 785//785
f 742//742 735//735 787//787
f 787//787 735//735 782//782
f 745//745 742//742 788//788
f 745//745 788//788 789//789
f 788//788 742//742 787//787
f 790//790 585//585 587//587
f 587//587 791//791 790//790
f 595//595 792//792 587//587
f 792//792 595//595 22//22
f 22//22 599//599 792//792
f 793//793 792//792 599//599
f 599//599 794//794 793//793
f 599//599 795//795 794//794
f 795//795 599//599 597//597
f 597//597 796//796 795//795
f 796//796 597//597 600//600
f 600//600 797//797 796//796
f 793//793 587//587 792//792
f 798//798 793//793 794//794
f 791//791 587//587 793//793
f 791//791 793//793 798//798
f 794//794 799//799 798//798
f 797//797 800//800 796//796
f 799//799 794//794 795//795
f 795//795 801//801 799//799
f 801//801 795//795 796//796
f 801//801 796//796 800//800
f 800//800 802//802 801//801
f 791//791 804//804 790//790
f 803//803 790//790 804//804
f 805//805 803//803 804//804
f 804//804 791//791 806//806
f 806//806 791//791 798//798
f 806//806 798//798 799//799
f 807//807 804//804 806//806
f 807//807 806//806 808//808
f 808//808 806//806 799//799
f 808//808 799//799 809//809
f 809//809 799//799 801//801
f 809//809 801//801 810//810
f 810//810 801//801 811//811
f 811//811 801//801 802//802
f 812//812 809//809 810//810
f 812//812 810//810 813//813
f 813//813 810//810 811//811
f 807//807 814//814 815//815
f 814//814 807//807 808//808
f 805//805 804//804 807//807
f 807//807 816//816 805//805
f 816//816 807//807 815//815
f 817//817 814//814 818//818
f 818//818 814//814 809//809
f 809//809 814//814 808//808
f 812//812 818//818 809//809
f 819//819 818//818 820//820
f 820//820 818//818 813//813
f 813//813 818//818 812//812
f 815//815 814//814 821//821
f 821//821 814//814 817//817
f 821//821 817//817 819//819
f 821//821 819//819 820//820
f 822//822 634//634 637//637
f 637//637 823//823 822//822
f 634//634 822//822 600//600
f 823//823 637//637 824//824
f 824//824 637//637 638//638
f 797//797 600//600 822//822
f 825//825 823//823 824//824
f 824//824 638//638 639//639
f 826//826 639//639 640//640
f 825//825 824//824 639//639
f 639//639 827//827 825//825
f 827//827 639//639 826//826
f 826//826 828//828 827//827
f 823//823 829//829 822//822
f 800//800 797//797 829//829
f 829//829 797//797 822//822
f 830//830 829//829 825//825
f 825//825 829//829 823//823
f 802//802 800//800 831//831
f 831//831 800//800 829//829
f 831//831 829//829 830//830
f 830//830 832//832 831//831
f 830//830 825//825 827//827
f 828//828 833//833 827//827
f 832//832 830//830 834//834
f 834//834 830//830 827//827
f 834//834 827//827 833//833
f 826//826 640//640 835//835
f 835//835 640//640 643//643
f 835//835 643//643 644//644
f 828//828 826//826 835//835
f 828//828 835//835 836//836
f 836//836 835//835 837//837
f 837//837 835//835 644//644
f 833//833 828//828 836//836
f 839//839 836//836 837//837
f 840//840 833//833 836//836
f 840//840 836//836 839//839
f 839//839 841//841 840//840
f 839//839 837//837 838//838
f 838//838 842//842 839//839
f 841//841 839//839 843//843
f 843//843 839//839 842//842
f 811//811 802//802 831//831
f 831//831 844//844 811//811
f 845//845 831//831 832//832
f 831//831 845//845 844//844
f 813//813 811//811 844//844
f 844//844 846//846 813//813
f 846//846 845//845 847//847
f 847//847 845//845 832//832
f 846//846 844//844 845//845
f 834//834 848//848 832//832
f 848//848 834//834 849//849
f 849//849 834//834 833//833
f 847//847 832//832 850//850
f 850//850 832//832 848//848
f 850//850 848//848 851//851
f 851//851 848//848 849//849
f 820//820 813//813 852//852
f 852//852 813//813 846//846
f 847//847 852//852 846//846
f 853//853 820//820 852//852
f 853//853 852//852 854//854
f 854//854 852//852 847//847
f 854//854 847//847 850//850
f 855//855 850//850 851//851
f 855//855 851//851 856//856
f 840//840 849//849 833//833
f 841//841 857//857 840//840
f 851//851 849//849 840//840
f 840//840 858//858 851//851
f 858//858 840//840 857//857
f 857//857 859//859 858//858
f 857//857 841//841 843//843
f 856//856 851//851 858//858
f 858//858 860//860 856//856
f 860//860 858//858 861//861
f 861//861 858//858 859//859
f 837//837 644//644 652//652
f 838//838 837//837 652//652
f 838//838 652//652 862//862
f 862//862 652//652 653//653
f 842//842 838//838 862//862
f 862//862 863//863 842//842
f 843//843 842//842 863//863
f 863//863 864//864 843//843
f 857//857 843//843 864//864
f 864//864 865//865 857//857
f 859//859 857//857 866//866
f 866//866 857//857 867//867
f 867//867 857//857 865//865
f 866//866 868//868 859//859
f 868//868 866//866 869//869
f 869//869 866//866 867//867
f 861//861 859//859 868//868
f 868//868 870//870 861//861
f 870//870 868//868 869//869
f 805//805 872//872 803//803
f 871//871 803//803 872//872
f 873//873 872//872 805//805
f 873//873 805//805 816//816
f 873//873 816//816 815//815
f 815//815 874//874 873//873
f 875//875 815//815 821//821
f 875//875 821//821 876//876
f 876//876 821//821 820//820
f 874//874 815//815 875//875
f 877//877 875//875 876//876
f 873//873 878//878 872//872
f 878//878 873//873 874//874
f 874//874 879//879 878//878
f 880//880 874//874 875//875
f 880//880 875//875 881//881
f 881//881 875//875 877//877
f 879//879 874//874 880//880
f 882//882 880//880 881//881
f 884//884 871//871 872//872
f 883//883 871//871 884//884
f 884//884 885//885 883//883
f 884//884 872//872 878//878
f 886//886 884//884 878//878
f 878//878 887//887 886//886
f 887//887 878//878 888//888
f 888//888 878//878 879//879
f 880//880 889//889 879//879
f 889//889 880//880 882//882
f 882//882 890//890 889//889
f 888//888 879//879 889//889
f 889//889 891//891 888//888
f 891//891 889//889 890//890
f 890//890 892//892 891//891
f 885//885 884//884 886//886
f 886//886 893//893 885//885
f 893//893 886//886 894//894
f 894//894 886//886 887//887
f 888//888 894//894 887//887
f 894//894 888//888 891//891
f 896//896 891//891 892//892
f 895//895 894//894 891//891
f 895//895 891//891 897//897
f 897//897 891//891 896//896
f 876//876 820//820 853//853
f 876//876 853//853 898//898
f 899//899 853//853 854//854
f 898//898 853//853 899//899
f 877//877 876//876 898//898
f 899//899 900//900 898//898
f 899//899 854//854 901//901
f 901//901 854//854 850//850
f 901//901 850//850 855//855
f 900//900 899//899 901//901
f 881//881 877//877 902//902
f 898//898 902//902 877//877
f 903//903 902//902 900//900
f 900//900 902//902 898//898
f 882//882 881//881 904//904
f 904//904 881//881 902//902
f 904//904 902//902 903//903
f 903//903 905//905 904//904
f 903//903 900//900 901//901
f 901//901 906//906 903//903
f 906//906 901//901 855//855
f 855//855 907//907 906//906
f 905//905 903//903 906//906
f 906//906 908//908 905//905
f 908//908 906//906 907//907
f 908//908 907//907 909//909
f 855//855 856//856 910//910
f 910//910 856//856 860//860
f 861//861 911//911 860//860
f 910//910 860//860 911//911
f 907//907 855//855 912//912
f 912//912 855//855 910//910
f 912//912 910//910 913//913
f 909//909 907//907 912//912
f 909//909 912//912 914//914
f 914//914 912//912 913//913
f 913//913 910//910 915//915
f 915//915 910//910 911//911
f 914//914 913//913 916//916
f 916//916 913//913 915//915
f 890//890 882//882 904//904
f 904//904 892//892 890//890
f 892//892 904//904 917//917
f 917//917 904//904 905//905
f 918//918 892//892 917//917
f 917//917 905//905 908//908
f 919//919 917//917 908//908
f 908//908 920//920 919//919
f 896//896 892//892 921//921
f 921//921 892//892 918//918
f 921//921 918//918 922//922
f 922//922 918//918 917//917
f 897//897 896//896 921//921
f 922//922 917//917 919//919
f 922//922 919//919 923//923
f 923//923 919//919 920//920
f 921//921 922//922 924//924
f 924//924 922//922 925//925
f 925//925 922//922 923//923
f 909//909 926//926 908//908
f 926//926 909//909 914//914
f 914//914 927//927 926//926
f 920//920 908//908 926//926
f 920//920 926//926 927//927
f 927//927 928//928 920//920
f 927//927 914//914 929//929
f 929//929 914//914 916//916
f 928//928 927//927 929//929
f 929//929 930//930 928//928
f 930//930 929//929 931//931
f 923//923 920//920 932//932
f 932//932 920//920 928//928
f 928//928 933//933 932//932
f 925//925 923//923 934//934
f 934//934 923//923 932//932
f 934//934 932//932 933//933
f 933//933 935//935 934//934
f 933//933 928//928 930//930
f 930//930 936//936 933//933
f 936//936 930//930 931//931
f 935//935 933//933 936//936
f 911//911 861//861 870//870
f 937//937 870//870 869//869
f 911//911 870//870 938//938
f 938//938 870//870 937//937
f 915//915 938//938 939//939
f 938//938 915//915 911//911
f 916//916 915//915 939//939
f 939//939 940//940 916//916
f 929//929 916//916 940//940
f 940//940 941//941 929//929
f 931//931 929//929 941//941
f 941//941 942//942 931//931
f 936//936 931//931 943//943
f 943//943 931//931 942//942
f 935//935 936//936 944//944
f 944//944 936//936 945//945
f 944//944 945//945 946//946
f 945//945 936//936 943//943
f 947//947 736//736 737//737
f 947//947 737//737 738//738
f 738//738 948//948 947//947
f 949//949 947//947 948//948
f 949//949 948//948 950//950
f 951//951 743//743 744//744
f 744//744 952//952 951//951
f 948//948 738//738 743//743
f 743//743 951//951 948//948
f 952//952 744//744 745//745
f 745//745 953//953 952//952
f 954//954 952//952 953//953
f 955//955 653//653 759//759
f 955//955 759//759 956//956
f 956//956 759//759 760//760
f 862//862 653//653 957//957
f 957//957 653//653 955//955
f 957//957 955//955 958//958
f 958//958 955//955 956//956
f 956//956 760//760 959//959
f 959//959 760//760 765//765
f 959//959 765//765 960//960
f 960//960 765//765 766//766
f 958//958 956//956 959//959
f 959//959 961//961 958//958
f 961//961 959//959 962//962
f 962//962 959//959 960//960
f 961//961 962//962 963//963
f 863//863 862//862 957//957
f 957//957 964//964 863//863
f 964//964 957//957 958//958
f 964//964 958//958 965//965
f 864//864 863//863 964//964
f 864//864 964//964 966//966
f 864//864 966//966 967//967
f 965//965 966//966 964//964
f 968//968 966//966 969//969
f 969//969 966//966 965//965
f 969//969 965//965 970//970
f 958//958 961//961 965//965
f 961//961 971//971 965//965
f 971//971 961//961 963//963
f 971//971 963//963 972//972
f 970//970 965//965 971//971
f 971//971 972//972 973//973
f 974//974 970//970 975//975
f 975//975 970//970 971//971
f 975//975 971//971 973//973
f 975//975 973//973 976//976
f 963//963 962//962 977//977
f 977//977 978//978 963//963
f 963//963 978//978 972//972
f 949//949 979//979 980//980
f 949//949 980//980 977//977
f 949//949 977//977 981//981
f 982//982 977//977 980//980
f 980//980 983//983 982//982
f 976//976 973//973 984//984
f 984//984 973//973 985//985
f 986//986 984//984 983//983
f 983//983 984//984 985//985
f 983//983 985//985 982//982
f 980//980 979//979 987//987
f 980//980 987//987 988//988
f 988//988 989//989 980//980
f 989//989 983//983 980//980
f 990//990 989//989 988//988
f 865//865 864//864 967//967
f 865//865 967//967 968//968
f 968//968 991//991 865//865
f 991//991 968//968 969//969
f 992//992 867//867 991//991
f 991//991 867//867 865//865
f 991//991 969//969 993//993
f 993//993 969//969 974//974
f 992//992 991//991 994//994
f 994//994 991//991 993//993
f 993//993 974//974 975//975
f 975//975 995//995 993//993
f 995//995 975//975 976//976
f 995//995 976//976 996//996
f 994//994 993//993 997//997
f 997//997 993//993 995//995
f 997//997 995//995 998//998
f 996//996 998//998 995//995
f 869//869 867//867 999//999
f 999//999 867//867 992//992
f 999//999 992//992 994//994
f 994//994 1000//1000 999//999
f 1000//1000 994//994 1001//1001
f 1001//1001 994//994 997//997
f 1001//1001 997//997 998//998
f 998//998 1002//1002 1001//1001
f 1003//1003 1000//1000 1001//1001
f 1003//1003 1001//1001 1002//1002
f 1002//1002 1004//1004 1003//1003
f 996//996 976//976 1005//1005
f 1005//1005 976//976 1006//1006
f 1005//1005 1006//1006 986//986
f 1005//1005 1007//1007 998//998
f 1002//1002 998//998 1007//1007
f 1007//1007 1009//1009 1002//1002
f 1009//1009 1007//1007 1010//1010
f 1010//1010 1007//1007 1008//1008
f 1004//1004 1002//1002 1009//1009
f 1009//1009 1011//1011 1004//1004
f 1011//1011 1009//1009 1012//1012
f 1012//1012 1009//1009 1010//1010
f 1012//1012 1010//1010 1013//1013
f 1012//1012 1013//1013 1014//1014
f 1013//1013 1010//1010 1015//1015
f 953//953 745//745 1016//1016
f 1016//1016 745//745 789//789
f 1016//1016 789//789 1017//1017
f 954//954 953//953 1016//1016
f 1016//1016 1018//1018 954//954
f 1018//1018 1016//1016 1019//1019
f 1018//1018 1020//1020 954//954
f 937//937 869//869 999//999
f 999//999 1021//1021 937//937
f 938//938 937//937 1021//1021
f 1021//1021 1022//1022 938//938
f 1021//1021 999//999 1000//1000
f 1000//1000 1023//1023 1021//1021
f 1022//1022 1021//1021 1023//1023
f 1023//1023 1024//1024 1022//1022
f 1023//1023 1000//1000 1003//1003
f 1003//1003 1025//1025 1023//1023
f 1025//1025 1003//1003 1026//1026
f 1026//1026 1003//1003 1004//1004
f 1024//1024 1023//1023 1027//1027
f 1027//1027 1023//1023 1025//1025
f 1027//1027 1025//1025 1026//1026
f 1026//1026 1028//1028 1027//1027
f 939//939 938//938 1029//1029
f 1029//1029 938//938 1022//1022
f 1022//1022 1030//1030 1029//1029
f 939//939 1031//1031 940//940
f 1031//1031 939//939 1029//1029
f 1031//1031 1029//1029 1030//1030
f 1030//1030 1032//1032 1031//1031
f 1030//1030 1022//1022 1024//1024
f 1024//1024 1033//1033 1030//1030
f 1032//1032 1030//1030 1033//1033
f 1033//1033 1024//1024 1034//1034
f 1034//1034 1024//1024 1027//1027
f 1034//1034 1027//1027 1028//1028
f 1028//1028 1035//1035 1034//1034
f 1032//1032 1033//1033 1036//1036
f 1036//1036 1033//1033 1034//1034
f 1036//1036 1034//1034 1035//1035
f 1038//1038 1037//1037 1039//1039
f 1026//1026 1004//1004 1011//1011
f 1011//1011 1040//1040 1026//1026
f 1040//1040 1011//1011 1039//1039
f 1039//1039 1011//1011 1012//1012
f 1028//1028 1026//1026 1037//1037
f 1037//1037 1026//1026 1040//1040
f 1040//1040 1039//1039 1037//1037
f 1039//1039 1012//1012 1041//1041
f 1041//1041 1012//1012 1014//1014
f 1041//1041 1014//1014 1042//1042
f 1043//1043 1037//1037 1038//1038
f 1038//1038 1044//1044 1043//1043
f 1045//1045 1043//1043 1046//1046
f 1046//1046 1043//1043 1044//1044
f 1035//1035 1028//1028 1043//1043
f 1043//1043 1028//1028 1037//1037
f 1044//1044 1038//1038 1047//1047
f 1047//1047 1048//1048 1044//1044
f 941//941 940//940 1049//1049
f 1049//1049 940//940 1031//1031
f 1049//1049 1031//1031 1050//1050
f 1050//1050 1031//1031 1032//1032
f 942//942 941//941 1049//1049
f 942//942 1049//1049 1051//1051
f 1051//1051 1049//1049 1052//1052
f 1052//1052 1049//1049 1050//1050
f 1052//1052 1050//1050 1053//1053
f 1050//1050 1032//1032 1036//1036
f 1036//1036 1054//1054 1050//1050
f 1054//1054 1036//1036 1055//1055
f 1055//1055 1036//1036 1035//1035
f 1053//1053 1050//1050 1054//1054
f 1054//1054 1056//1056 1053//1053
f 1056//1056 1054//1054 1057//1057
f 1057//1057 1054//1054 1055//1055
f 942//942 1058//1058 943//943
f 1058//1058 942//942 1051//1051
f 1051//1051 1059//1059 1058//1058
f 1059//1059 1051//1051 1052//1052
f 946//946 945//945 1060//1060
f 1060//1060 945//945 1061//1061
f 1061//1061 945//945 1059//1059
f 1059//1059 945//945 1058//1058
f 1059//1059 1052//1052 1062//1062
f 1062//1062 1052//1052 1053//1053
f 1060//1060 1061//1061 1063//1063
f 1063//1063 1061//1061 1062//1062
f 1063//1063 1062//1062 1064//1064
f 1064//1064 1062//1062 1065//1065
f 1062//1062 1061//1061 1059//1059
f 1062//1062 1053//1053 1056//1056
f 1066//1066 1045//1045 1046//1046
f 1067//1067 1045//1045 1066//1066
f 1066//1066 1068//1068 1067//1067
f 1055//1055 1035//1035 1045//1045
f 1045//1045 1035//1035 1043//1043
f 1057//1057 1055//1055 1067//1067
f 1067//1067 1055//1055 1045//1045
f 1066//1066 1046//1046 1069//1069
f 1068//1068 1066//1066 1069//1069
f 1069//1069 1070//1070 1068//1068
f 1070//1070 1069//1069 1071//1071
f 1072//1072 1067//1067 1068//1068
f 1072//1072 1068//1068 1070//1070
f 1070//1070 1073//1073 1072//1072
f 1073//1073 1070//1070 1071//1071
f 1075//1075 883//883 885//885
f 1077//1077 1075//1075 885//885
f 1076//1076 1075//1075 1077//1077
f 1078//1078 893//893 1079//1079
f 1079//1079 893//893 894//894
f 1080//1080 885//885 893//893
f 1080//1080 893//893 1078//1078
f 1079//1079 1081//1081 1078//1078
f 1079//1079 894//894 895//895
f 1079//1079 895//895 24//24
f 1081//1081 1079//1079 1082//1082
f 1082//1082 1079//1079 24//24
f 1083//1083 24//24 895//895
f 1083//1083 895//895 897//897
f 1082//1082 24//24 1083//1083
f 1083//1083 1084//1084 1082//1082
f 1077//1077 885//885 1080//1080
f 1080//1080 1078//1078 1081//1081
f 1081//1081 25//25 1080//1080
f 1080//1080 1085//1085 1077//1077
f 1085//1085 1080//1080 25//25
f 25//25 1086//1086 1085//1085
f 25//25 1081//1081 1082//1082
f 1086//1086 25//25 1087//1087
f 25//25 1082//1082 1088//1088
f 1088//1088 1082//1082 1084//1084
f 1087//1087 25//25 1088//1088
f 1087//1087 1088//1088 1089//1089
f 1091//1091 1090//1090 1092//1092
f 1093//1093 1076//1076 1077//1077
f 1093//1093 1077//1077 1085//1085
f 1094//1094 1085//1085 1086//1086
f 1086//1086 1095//1095 1094//1094
f 1076//1076 1093//1093 1096//1096
f 1096//1096 1093//1093 1085//1085
f 1096//1096 1085//1085 1094//1094
f 1096//1096 1094//1094 1097//1097
f 1096//1096 1097//1097 1098//1098
f 1097//1097 1094//1094 1095//1095
f 1095//1095 1086//1086 1087//1087
f 1095//1095 1087//1087 1099//1099
f 1099//1099 1087//1087 1089//1089
f 1089//1089 1100//1100 1099//1099
f 1098//1098 1097//1097 1101//1101
f 1101//1101 1097//1097 1099//1099
f 1099//1099 1097//1097 1095//1095
f 1101//1101 1099//1099 1102//1102
f 1102//1102 1099//1099 1100//1100
f 1090//1090 1076//1076 1103//1103
f 1103//1103 1076//1076 1096//1096
f 1103//1103 1096//1096 27//27
f 1103//1103 27//27 26//26
f 27//27 1096//1096 1098//1098
f 1092//1092 1090//1090 1104//1104
f 1104//1104 1090//1090 1103//1103
f 1103//1103 1105//1105 1104//1104
f 1105//1105 1103//1103 1106//1106
f 1106//1106 1103//1103 26//26
f 26//26 28//28 1106//1106
f 26//26 27//27 1107//1107
f 1107//1107 27//27 1101//1101
f 1101//1101 27//27 1098//1098
f 1107//1107 1101//1101 1102//1102
f 1102//1102 1108//1108 1107//1107
f 28//28 26//26 1107//1107
f 28//28 1107//1107 1109//1109
f 1109//1109 1107//1107 1108//1108
f 1083//1083 897//897 1110//1110
f 1110//1110 897//897 921//921
f 1084//1084 1083//1083 1111//1111
f 1111//1111 1083//1083 1110//1110
f 1110//1110 1112//1112 1111//1111
f 1110//1110 921//921 924//924
f 1112//1112 1110//1110 924//924
f 1113//1113 1112//1112 924//924
f 1088//1088 1084//1084 1111//1111
f 1088//1088 1111//1111 1112//1112
f 1112//1112 1114//1114 1088//1088
f 1088//1088 1115//1115 1089//1089
f 1115//1115 1088//1088 1114//1114
f 1114//1114 1112//1112 1116//1116
f 1116//1116 1112//1112 1113//1113
f 1113//1113 1117//1117 1116//1116
f 1118//1118 1114//1114 1116//1116
f 1118//1118 1116//1116 1117//1117
f 1117//1117 1119//1119 1118//1118
f 924//924 925//925 934//934
f 934//934 1120//1120 924//924
f 1120//1120 934//934 935//935
f 1113//1113 924//924 1120//1120
f 1121//1121 1120//1120 935//935
f 1117//1117 1113//1113 1122//1122
f 1122//1122 1113//1113 1120//1120
f 1121//1121 1122//1122 1120//1120
f 1119//1119 1117//1117 1123//1123
f 1123//1123 1117//1117 1122//1122
f 1100//1100 1089//1089 1124//1124
f 1124//1124 1089//1089 1115//1115
f 1125//1125 1124//1124 1115//1115
f 1125//1125 1115//1115 1114//1114
f 1102//1102 1100//1100 1126//1126
f 1126//1126 1100//1100 1124//1124
f 1126//1126 1124//1124 1125//1125
f 1125//1125 1127//1127 1126//1126
f 1125//1125 1114//1114 1118//1118
f 1118//1118 1128//1128 1125//1125
f 1128//1128 1118//1118 1119//1119
f 1119//1119 1129//1129 1128//1128
f 1127//1127 1125//1125 1128//1128
f 1128//1128 1130//1130 1127//1127
f 1130//1130 1128//1128 1131//1131
f 1131//1131 1128//1128 1129//1129
f 1108//1108 1102//1102 1132//1132
f 1132//1132 1102//1102 1126//1126
f 1132//1132 1126//1126 1127//1127
f 1127//1127 1133//1133 1132//1132
f 1109//1109 1108//1108 1134//1134
f 1134//1134 1108//1108 1132//1132
f 1134//1134 1132//1132 1135//1135
f 1135//1135 1132//1132 1133//1133
f 1133//1133 1127//1127 1136//1136
f 1136//1136 1127//1127 1130//1130
f 1136//1136 1130//1130 1137//1137
f 1137//1137 1130//1130 1131//1131
f 1135//1135 1133//1133 1136//1136
f 1138//1138 1136//1136 1137//1137
f 1129//1129 1119//1119 1139//1139
f 1139//1139 1119//1119 1123//1123
f 1131//1131 1129//1129 1139//1139
f 1139//1139 1140//1140 1131//1131
f 1137//1137 1131//1131 1140//1140
f 1137//1137 1140//1140 1141//1141
f 1137//1137 1141//1141 1142//1142
f 1138//1138 1137//1137 1142//1142
f 1138//1138 1142//1142 1143//1143
f 1138//1138 1143//1143 1144//1144
f 1138//1138 1144//1144 1145//1145
f 1121//1121 935//935 1146//1146
f 1146//1146 1147//1147 1121//1121
f 1147//1147 1148//1148 1149//1149
f 1149//1149 1148//1148 1151//1151
f 1151//1151 1152//1152 1149//1149
f 1152//1152 1151//1151 1150//1150
f 1146//1146 935//935 944//944
f 1146//1146 944//944 1154//1154
f 946//946 1154//1154 944//944
f 946//946 1060//1060 1154//1154
f 1154//1154 1060//1060 1155//1155
f 1148//1148 1154//1154 1155//1155
f 1156//1156 1155//1155 1157//1157
f 1156//1156 1157//1157 1150//1150
f 1155//1155 1060//1060 1158//1158
f 1159//1159 1157//1157 1158//1158
f 1158//1158 1157//1157 1155//1155
f 1148//1148 1155//1155 1156//1156
f 1150//1150 1151//1151 1156//1156
f 1160//1160 1122//1122 1147//1147
f 1147//1147 1122//1122 1121//1121
f 1160//1160 1147//1147 1149//1149
f 1123//1123 1122//1122 1161//1161
f 1161//1161 1122//1122 1160//1160
f 1160//1160 1162//1162 1161//1161
f 1162//1162 1160//1160 1163//1163
f 1164//1164 1153//1153 1150//1150
f 1165//1165 1164//1164 1166//1166
f 1166//1166 1164//1164 1167//1167
f 1166//1166 1167//1167 1168//1168
f 1168//1168 1167//1167 1169//1169
f 1168//1168 1169//1169 1170//1170
f 1170//1170 1171//1171 1168//1168
f 1172//1172 1164//1164 1157//1157
f 1157//1157 1164//1164 1150//1150
f 1164//1164 1172//1172 1173//1173
f 1164//1164 1173//1173 1167//1167
f 1174//1174 1172//1172 1159//1159
f 1159//1159 1172//1172 1157//1157
f 1167//1167 1173//1173 1169//1169
f 1175//1175 1170//1170 1169//1169
f 1176//1176 1165//1165 1177//1177
f 1177//1177 1165//1165 1166//1166
f 1178//1178 1176//1176 1177//1177
f 1178//1178 1177//1177 1179//1179
f 1177//1177 1166//1166 1180//1180
f 1180//1180 1166//1166 1168//1168
f 1180//1180 1168//1168 1181//1181
f 1181//1181 1168//1168 1171//1171
f 1179//1179 1177//1177 1180//1180
f 1180//1180 1182//1182 1179//1179
f 1182//1182 1180//1180 1181//1181
f 1181//1181 1183//1183 1182//1182
f 1139//1139 1123//1123 1184//1184
f 1184//1184 1123//1123 1161//1161
f 1184//1184 1161//1161 1162//1162
f 1162//1162 1185//1185 1184//1184
f 1140//1140 1139//1139 1184//1184
f 1140//1140 1184//1184 1186//1186
f 1186//1186 1184//1184 1185//1185
f 1186//1186 1185//1185 1187//1187
f 1187//1187 1185//1185 1188//1188
f 1187//1187 1188//1188 1189//1189
f 1187//1187 1189//1189 1190//1190
f 1190//1190 1189//1189 1191//1191
f 1188//1188 1192//1192 1189//1189
f 1192//1192 1193//1193 1194//1194
f 1194//1194 1195//1195 1192//1192
f 1191//1191 1189//1189 1196//1196
f 1196//1196 1189//1189 1192//1192
f 1196//1196 1192//1192 1195//1195
f 1143//1143 1141//1141 1197//1197
f 1197//1197 1141//1141 1186//1186
f 1186//1186 1141//1141 1140//1140
f 1197//1197 1144//1144 1143//1143
f 1197//1197 1186//1186 1187//1187
f 1197//1197 1187//1187 1198//1198
f 1198//1198 1187//1187 1199//1199
f 1190//1190 1199//1199 1187//1187
f 1198//1198 1199//1199 1200//1200
f 1200//1200 1199//1199 1201//1201
f 1201//1201 1199//1199 1191//1191
f 1191//1191 1199//1199 1190//1190
f 1145//1145 1144//1144 1198//1198
f 1198//1198 1144//1144 1197//1197
f 1145//1145 1198//1198 1202//1202
f 1202//1202 1198//1198 1200//1200
f 1196//1196 1203//1203 1191//1191
f 1191//1191 1203//1203 1201//1201
f 1195//1195 1204//1204 1196//1196
f 1205//1205 1178//1178 1206//1206
f 1206//1206 1178//1178 1179//1179
f 1206//1206 1207//1207 1205//1205
f 1206//1206 1179//1179 1207//1207
f 1207//1207 1179//1179 1182//1182
f 1207//1207 1182//1182 1208//1208
f 1183//1183 1209//1209 1182//1182
f 1182//1182 1209//1209 1208//1208
f 1195//1195 1194//1194 1210//1210
f 1210//1210 1194//1194 1205//1205
f 1210//1210 1205//1205 1207//1207
f 1210//1210 1211//1211 1195//1195
f 1212//1212 1208//1208 1209//1209
f 1208//1208 1213//1213 1207//1207
f 1207//1207 1213//1213 1210//1210
f 1212//1212 1214//1214 1213//1213
f 1213//1213 1208//1208 1212//1212
f 1211//1211 1210//1210 1213//1213
f 1204//1204 1195//1195 1211//1211
f 1211//1211 1215//1215 1204//1204
f 1213//1213 1216//1216 1211//1211
f 1214//1214 1217//1217 1216//1216
f 1216//1216 1213//1213 1214//1214
f 1218//1218 1091//1091 1092//1092
f 1092//1092 1219//1219 1218//1218
f 1220//1220 1218//1218 1219//1219
f 1221//1221 1092//1092 1104//1104
f 1221//1221 1104//1104 1105//1105
f 1219//1219 1092//1092 1221//1221
f 1221//1221 1222//1222 1219//1219
f 1222//1222 1221//1221 1223//1223
f 1223//1223 1221//1221 1105//1105
f 1105//1105 1106//1106 1224//1224
f 1224//1224 1106//1106 28//28
f 1223//1223 1105//1105 1225//1225
f 1225//1225 1105//1105 1224//1224
f 1224//1224 28//28 1109//1109
f 1222//1222 1223//1223 1226//1226
f 1220//1220 1219//1219 1222//1222
f 1222//1222 1227//1227 1220//1220
f 1227//1227 1222//1222 1228//1228
f 1228//1228 1222//1222 1226//1226
f 1226//1226 1223//1223 1225//1225
f 1226//1226 1225//1225 1229//1229
f 1228//1228 1226//1226 1230//1230
f 1229//1229 1230//1230 1226//1226
f 1229//1229 1225//1225 1231//1231
f 1231//1231 1230//1230 1229//1229
f 1232//1232 1218//1218 1220//1220
f 1220//1220 1233//1233 1232//1232
f 1234//1234 1232//1232 1233//1233
f 1233//1233 1235//1235 1234//1234
f 1235//1235 1236//1236 1234//1234
f 1233//1233 1220//1220 1227//1227
f 1227//1227 1237//1237 1233//1233
f 1237//1237 1227//1227 1238//1238
f 1238//1238 1227//1227 1228//1228
f 1239//1239 1238//1238 1228//1228
f 1228//1228 1230//1230 1240//1240
f 1240//1240 1230//1230 1231//1231
f 1231//1231 1241//1241 1240//1240
f 1239//1239 1228//1228 1240//1240
f 1241//1241 1242//1242 1240//1240
f 1235//1235 1233//1233 1243//1243
f 1243//1243 1233//1233 1237//1237
f 1243//1243 1237//1237 1238//1238
f 1238//1238 1244//1244 1243//1243
f 1236//1236 1235//1235 1243//1243
f 1244//1244 1238//1238 1239//1239
f 1245//1245 1239//1239 1240//1240
f 1245//1245 1240//1240 1242//1242
f 1242//1242 1246//1246 1245//1245
f 1244//1244 1239//1239 1245//1245
f 1245//1245 1247//1247 1244//1244
f 1247//1247 1245//1245 1248//1248
f 1248//1248 1245//1245 1249//1249
f 1249//1249 1245//1245 1246//1246
f 1224//1224 1109//1109 1250//1250
f 1250//1250 1109//1109 1134//1134
f 1250//1250 1134//1134 1135//1135
f 1225//1225 1224//1224 1251//1251
f 1251//1251 1224//1224 1250//1250
f 1251//1251 1250//1250 1252//1252
f 1250//1250 1135//1135 1253//1253
f 1253//1253 1135//1135 1136//1136
f 1253//1253 1136//1136 1138//1138
f 1252//1252 1250//1250 1253//1253
f 1253//1253 1254//1254 1252//1252
f 1231//1231 1225//1225 1251//1251
f 1251//1251 1255//1255 1231//1231
f 1255//1255 1251//1251 1252//1252
f 1255//1255 1256//1256 1231//1231
f 1256//1256 1255//1255 1257//1257
f 1257//1257 1255//1255 1252//1252
f 1253//1253 1258//1258 1254//1254
f 1257//1257 1252//1252 1254//1254
f 1253//1253 1138//1138 1259//1259
f 1259//1259 1138//1138 1260//1260
f 1260//1260 1138//1138 1145//1145
f 1259//1259 1261//1261 1253//1253
f 1261//1261 1259//1259 1260//1260
f 1260//1260 1145//1145 1262//1262
f 1263//1263 1260//1260 1262//1262
f 1263//1263 1262//1262 1264//1264
f 1258//1258 1253//1253 1261//1261
f 1260//1260 1265//1265 1261//1261
f 1265//1265 1260//1260 1263//1263
f 1265//1265 1263//1263 1266//1266
f 1266//1266 1263//1263 1264//1264
f 1267//1267 1265//1265 1266//1266
f 1241//1241 1231//1231 1256//1256
f 1256//1256 1268//1268 1241//1241
f 1268//1268 1256//1256 1257//1257
f 1242//1242 1241//1241 1269//1269
f 1269//1269 1241//1241 1268//1268
f 1269//1269 1268//1268 1270//1270
f 1270//1270 1268//1268 1257//1257
f 1254//1254 1271//1271 1257//1257
f 1271//1271 1254//1254 1258//1258
f 1258//1258 1272//1272 1271//1271
f 1270//1270 1257//1257 1271//1271
f 1271//1271 1273//1273 1270//1270
f 1273//1273 1271//1271 1272//1272
f 1246//1246 1242//1242 1274//1274
f 1274//1274 1242//1242 1269//1269
f 1274//1274 1269//1269 1270//1270
f 1275//1275 1249//1249 1276//1276
f 1276//1276 1249//1249 1274//1274
f 1274//1274 1249//1249 1246//1246
f 1277//1277 1249//1249 1275//1275
f 1276//1276 1274//1274 1270//1270
f 1270//1270 1278//1278 1276//1276
f 1279//1279 1273//1273 1272//1272
f 1278//1278 1270//1270 1280//1280
f 1280//1280 1270//1270 1273//1273
f 1280//1280 1273//1273 1279//1279
f 1279//1279 1281//1281 1280//1280
f 1272//1272 1258//1258 1261//1261
f 1272//1272 1261//1261 1282//1282
f 1282//1282 1261//1261 1265//1265
f 1265//1265 1267//1267 1282//1282
f 1282//1282 1267//1267 1283//1283
f 1272//1272 1284//1284 1279//1279
f 1284//1284 1272//1272 1282//1282
f 1281//1281 1279//1279 1284//1284
f 1284//1284 1285//1285 1281//1281
f 1284//1284 1286//1286 1285//1285
f 1284//1284 1282//1282 1283//1283
f 1286//1286 1284//1284 1283//1283
f 1262//1262 1145//1145 1202//1202
f 1287//1287 1267//1267 1266//1266
f 1283//1283 1267//1267 1288//1288
f 1288//1288 1267//1267 1289//1289
f 1289//1289 1267//1267 1287//1287
f 1289//1289 1290//1290 1288//1288
f 1291//1291 1283//1283 1288//1288
f 1291//1291 1288//1288 1290//1290
f 1290//1290 1292//1292 1291//1291
f 1171//1171 1170//1170 1293//1293
f 1294//1294 1295//1295 1296//1296
f 1293//1293 1170//1170 1294//1294
f 1293//1293 1294//1294 1297//1297
f 1294//1294 1170//1170 1175//1175
f 1297//1297 1294//1294 1298//1298
f 1298//1298 1294//1294 1296//1296
f 1181//1181 1171//1171 1293//1293
f 1293//1293 1299//1299 1181//1181
f 1183//1183 1181//1181 1299//1299
f 1299//1299 1300//1300 1183//1183
f 1299//1299 1293//1293 1297//1297
f 1300//1300 1209//1209 1183//1183
f 1212//1212 1209//1209 1301//1301
f 1301//1301 1209//1209 1300//1300
f 1301//1301 1302//1302 1212//1212
f 1212//1212 1302//1302 1214//1214
f 1217//1217 1214//1214 1302//1302
f 1063//1063 1303//1303 1158//1158
f 1063//1063 1158//1158 1060//1060
f 1200//1200 1201//1201 1304//1304
f 1202//1202 1200//1200 1305//1305
f 1305//1305 1306//1306 1202//1202
f 1304//1304 1305//1305 1200//1200
f 1307//1307 1305//1305 1304//1304
f 1307//1307 1304//1304 1308//1308
f 1307//1307 1308//1308 1309//1309
f 1309//1309 1308//1308 1310//1310
f 1310//1310 1308//1308 1311//1311
f 1312//1312 1310//1310 1313//1313
f 1313//1313 1310//1310 1311//1311
f 1314//1314 1315//1315 1316//1316
f 1316//1316 1315//1315 1317//1317
f 1317//1317 1315//1315 1318//1318
f 1319//1319 1314//1314 1316//1316
f 1319//1319 1316//1316 1320//1320
f 1320//1320 1316//1316 1317//1317
f 1317//1317 1318//1318 1323//1323
f 1323//1323 1318//1318 1321//1321
f 1323//1323 1321//1321 1322//1322
f 1323//1323 1322//1322 1324//1324
f 1324//1324 1322//1322 1325//1325
f 1320//1320 1317//1317 1326//1326
f 1326//1326 1317//1317 1323//1323
f 1326//1326 1323//1323 1327//1327
f 1327//1327 1323//1323 1324//1324
f 1324//1324 1325//1325 1328//1328
f 1328//1328 1329//1329 1324//1324
f 1329//1329 1328//1328 1330//1330
f 1327//1327 1324//1324 1331//1331
f 1331//1331 1324//1324 1329//1329
f 1331//1331 1329//1329 1330//1330
f 1330//1330 1332//1332 1331//1331
f 1333//1333 1319//1319 1320//1320
f 1333//1333 1320//1320 1334//1334
f 1334//1334 1320//1320 1326//1326
f 1334//1334 1326//1326 1327//1327
f 1327//1327 1335//1335 1334//1334
f 1336//1336 1333//1333 1334//1334
f 1336//1336 1334//1334 1337//1337
f 1337//1337 1334//1334 1338//1338
f 1338//1338 1334//1334 1335//1335
f 1335//1335 1327//1327 1331//1331
f 1331//1331 1339//1339 1335//1335
f 1339//1339 1331//1331 1332//1332
f 1338//1338 1335//1335 1340//1340
f 1340//1340 1335//1335 1339//1339
f 1340//1340 1339//1339 1341//1341
f 1342//1342 1336//1336 1337//1337
f 1342//1342 1337//1337 1338//1338
f 1343//1343 1342//1342 1338//1338
f 1344//1344 1338//1338 1340//1340
f 1344//1344 1340//1340 1345//1345
f 1345//1345 1340//1340 1341//1341
f 1343//1343 1338//1338 1344//1344
f 1344//1344 1346//1346 1343//1343
f 1346//1346 1344//1344 1347//1347
f 1347//1347 1344//1344 1345//1345
f 1262//1262 1202//1202 1348//1348
f 1348//1348 1202//1202 1306//1306
f 1348//1348 1306//1306 1307//1307
f 1348//1348 1307//1307 1349//1349
f 1349//1349 1307//1307 1309//1309
f 1350//1350 1264//1264 1348//1348
f 1348//1348 1264//1264 1262//1262
f 1350//1350 1348//1348 1349//1349
f 1349//1349 1309//1309 1351//1351
f 1351//1351 1309//1309 1310//1310
f 1351//1351 1310//1310 1312//1312
f 1312//1312 1352//1352 1351//1351
f 1351//1351 1353//1353 1349//1349
f 1353//1353 1351//1351 1352//1352
f 1352//1352 1318//1318 1353//1353
f 1354//1354 1266//1266 1264//1264
f 1354//1354 1264//1264 1350//1350
f 1354//1354 1350//1350 1349//1349
f 1349//1349 1314//1314 1354//1354
f 1354//1354 1355//1355 1266//1266
f 1355//1355 1354//1354 1356//1356
f 1356//1356 1354//1354 1314//1314
f 1314//1314 1349//1349 1315//1315
f 1315//1315 1349//1349 1353//1353
f 1353//1353 1318//1318 1315//1315
f 1314//1314 1319//1319 1356//1356
f 1352//1352 1312//1312 1357//1357
f 1357//1357 1358//1358 1352//1352
f 1358//1358 1357//1357 1359//1359
f 1359//1359 1360//1360 1358//1358
f 1318//1318 1352//1352 1358//1358
f 1318//1318 1358//1358 1321//1321
f 1322//1322 1321//1321 1358//1358
f 1322//1322 1358//1358 1360//1360
f 1322//1322 1360//1360 1325//1325
f 1325//1325 1360//1360 1361//1361
f 1361//1361 1328//1328 1325//1325
f 1328//1328 1361//1361 1362//1362
f 1362//1362 1361//1361 1363//1363
f 1362//1362 1330//1330 1328//1328
f 1287//1287 1266//1266 1355//1355
f 1355//1355 1364//1364 1287//1287
f 1364//1364 1355//1355 1365//1365
f 1365//1365 1355//1355 1356//1356
f 1289//1289 1287//1287 1364//1364
f 1289//1289 1364//1364 1366//1366
f 1367//1367 1366//1366 1365//1365
f 1365//1365 1366//1366 1364//1364
f 1365//1365 1356//1356 1368//1368
f 1368//1368 1356//1356 1319//1319
f 1368//1368 1319//1319 1333//1333
f 1367//1367 1365//1365 1369//1369
f 1369//1369 1365//1365 1368//1368
f 1369//1369 1368//1368 1333//1333
f 1369//1369 1333//1333 1336//1336
f 1290//1290 1289//1289 1370//1370
f 1370//1370 1289//1289 1366//1366
f 1370//1370 1366//1366 1367//1367
f 1370//1370 1367//1367 1371//1371
f 1372//1372 1290//1290 1370//1370
f 1371//1371 1367//1367 1369//1369
f 1371//1371 1369//1369 1373//1373
f 1373//1373 1369//1369 1374//1374
f 1374//1374 1369//1369 1336//1336
f 1375//1375 1376//1376 1371//1371
f 1375//1375 1371//1371 1373//1373
f 1375//1375 1373//1373 1374//1374
f 1374//1374 1377//1377 1375//1375
f 1336//1336 1342//1342 1374//1374
f 1377//1377 1374//1374 1342//1342
f 1345//1345 1341//1341 1378//1378
f 1362//1362 1363//1363 1379//1379
f 1379//1379 1330//1330 1362//1362
f 1332//1332 1330//1330 1380//1380
f 1380//1380 1330//1330 1379//1379
f 1339//1339 1332//1332 1380//1380
f 1341//1341 1339//1339 1380//1380
f 1341//1341 1380//1380 1378//1378
f 1381//1381 1234//1234 1236//1236
f 1382//1382 1381//1381 1236//1236
f 1383//1383 1381//1381 1382//1382
f 1384//1384 1383//1383 1382//1382
f 1243//1243 1385//1385 1236//1236
f 1385//1385 1243//1243 1386//1386
f 1386//1386 1243//1243 1244//1244
f 1382//1382 1236//1236 1385//1385
f 1385//1385 1387//1387 1382//1382
f 1387//1387 1385//1385 1388//1388
f 1388//1388 1385//1385 1386//1386
f 1386//1386 1389//1389 1388//1388
f 1386//1386 1244//1244 1247//1247
f 1247//1247 1390//1390 1386//1386
f 1390//1390 1247//1247 1391//1391
f 1391//1391 1247//1247 1248//1248
f 1391//1391 1248//1248 1392//1392
f 1392//1392 1248//1248 1277//1277
f 1389//1389 1386//1386 1390//1390
f 1389//1389 1390//1390 1393//1393
f 1393//1393 1390//1390 1391//1391
f 1393//1393 1391//1391 1392//1392
f 1392//1392 1394//1394 1393//1393
f 1384//1384 1382//1382 1387//1387
f 1387//1387 1395//1395 1384//1384
f 1395//1395 1387//1387 1396//1396
f 1396//1396 1387//1387 1388//1388
f 1395//1395 1397//1397 1384//1384
f 1397//1397 1395//1395 1398//1398
f 1398//1398 1395//1395 1396//1396
f 1396//1396 1388//1388 1399//1399
f 1399//1399 1388//1388 1389//1389
f 1398//1398 1396//1396 1399//1399
f 1399//1399 1389//1389 1393//1393
f 1393//1393 1400//1400 1399//1399
f 1400//1400 1393//1393 1394//1394
f 1394//1394 1401//1401 1400//1400
f 1398//1398 1399//1399 1402//1402
f 1402//1402 1399//1399 1400//1400
f 1400//1400 1403//1403 1402//1402
f 1403//1403 1400//1400 1401//1401
f 1384//1384 1404//1404 1383//1383
f 1405//1405 1383//1383 1404//1404
f 1406//1406 1405//1405 1404//1404
f 1404//1404 1384//1384 1397//1397
f 1407//1407 1397//1397 1398//1398
f 1408//1408 1404//1404 1397//1397
f 1408//1408 1397//1397 1407//1407
f 1407//1407 1409//1409 1408//1408
f 1407//1407 1398//1398 1410//1410
f 1410//1410 1398//1398 1402//1402
f 1410//1410 1402//1402 1403//1403
f 1410//1410 1403//1403 1411//1411
f 1409//1409 1407//1407 1412//1412
f 1412//1412 1407//1407 1410//1410
f 1412//1412 1410//1410 1411//1411
f 1408//1408 1413//1413 1404//1404
f 1413//1413 1408//1408 1414//1414
f 1414//1414 1408//1408 1409//1409
f 1406//1406 1404//1404 1413//1413
f 1414//1414 1415//1415 1413//1413
f 1414//1414 1409//1409 1412//1412
f 1412//1412 1416//1416 1414//1414
f 1416//1416 1412//1412 1411//1411
f 1411//1411 1417//1417 1416//1416
f 1415//1415 1414//1414 1416//1416
f 1416//1416 1418//1418 1415//1415
f 1418//1418 1416//1416 1417//1417
f 1392//1392 1277//1277 1419//1419
f 1419//1419 1277//1277 1275//1275
f 1419//1419 1276//1276 1278//1278
f 1394//1394 1392//1392 1420//1420
f 1420//1420 1392//1392 1419//1419
f 1420//1420 1419//1419 1421//1421
f 1421//1421 1419//1419 1278//1278
f 1421//1421 1278//1278 1280//1280
f 1280//1280 1422//1422 1421//1421
f 1422//1422 1280//1280 1281//1281
f 1281//1281 1423//1423 1422//1422
f 1401//1401 1394//1394 1420//1420
f 1420//1420 1424//1424 1401//1401
f 1424//1424 1420//1420 1421//1421
f 1403//1403 1401//1401 1424//1424
f 1424//1424 1425//1425 1403//1403
f 1425//1425 1424//1424 1426//1426
f 1426//1426 1424//1424 1421//1421
f 1426//1426 1421//1421 1422//1422
f 1423//1423 1281//1281 1285//1285
f 1285//1285 1427//1427 1423//1423
f 1427//1427 1285//1285 1286//1286
f 1427//1427 1286//1286 1428//1428
f 1427//1427 1429//1429 1423//1423
f 1429//1429 1427//1427 1428//1428
f 1428//1428 1430//1430 1429//1429
f 1431//1431 1430//1430 1432//1432
f 1411//1411 1403//1403 1433//1433
f 1433//1433 1403//1403 1425//1425
f 1433//1433 1425//1425 1434//1434
f 1434//1434 1425//1425 1426//1426
f 1435//1435 1411//1411 1433//1433
f 1435//1435 1433//1433 1434//1434
f 1434//1434 1436//1436 1435//1435
f 1434//1434 1426//1426 1422//1422
f 1422//1422 1437//1437 1434//1434
f 1437//1437 1422//1422 1423//1423
f 1423//1423 1438//1438 1437//1437
f 1436//1436 1434//1434 1437//1437
f 1436//1436 1437//1437 1438//1438
f 1438//1438 1439//1439 1436//1436
f 1417//1417 1411//1411 1435//1435
f 1440//1440 1435//1435 1436//1436
f 1441//1441 1417//1417 1435//1435
f 1435//1435 1440//1440 1441//1441
f 1440//1440 1436//1436 1442//1442
f 1442//1442 1436//1436 1439//1439
f 1443//1443 1440//1440 1442//1442
f 1443//1443 1442//1442 1444//1444
f 1444//1444 1442//1442 1439//1439
f 1438//1438 1423//1423 1429//1429
f 1445//1445 1429//1429 1430//1430
f 1439//1439 1438//1438 1446//1446
f 1446//1446 1438//1438 1429//1429
f 1446//1446 1429//1429 1445//1445
f 1445//1445 1447//1447 1446//1446
f 1445//1445 1430//1430 1431//1431
f 1431//1431 1448//1448 1445//1445
f 1448//1448 1431//1431 1432//1432
f 1432//1432 1449//1449 1448//1448
f 1447//1447 1445//1445 1448//1448
f 1448//1448 1450//1450 1447//1447
f 1450//1450 1448//1448 1449//1449
f 1449//1449 1451//1451 1450//1450
f 1444//1444 1439//1439 1446//1446
f 1446//1446 1452//1452 1444//1444
f 1452//1452 1446//1446 1447//1447
f 1447//1447 1453//1453 1452//1452
f 1450//1450 1454//1454 1447//1447
f 1454//1454 1450//1450 1451//1451
f 1453//1453 1447//1447 1455//1455
f 1455//1455 1447//1447 1454//1454
f 1455//1455 1454//1454 1456//1456
f 1457//1457 1286//1286 1283//1283
f 1457//1457 1283//1283 1291//1291
f 1457//1457 1291//1291 1458//1458
f 1458//1458 1291//1291 1292//1292
f 1428//1428 1286//1286 1459//1459
f 1459//1459 1286//1286 1457//1457
f 1459//1459 1457//1457 1460//1460
f 1460//1460 1457//1457 1458//1458
f 1430//1430 1428//1428 1459//1459
f 1430//1430 1459//1459 1461//1461
f 1461//1461 1459//1459 1460//1460
f 1461//1461 1432//1432 1430//1430
f 1462//1462 1405//1405 1463//1463
f 1463//1463 1405//1405 1406//1406
f 1464//1464 1462//1462 1463//1463
f 1465//1465 1462//1462 1466//1466
f 1466//1466 1462//1462 1464//1464
f 1466//1466 1464//1464 1467//1467
f 1467//1467 1468//1468 1466//1466
f 1463//1463 1406//1406 1469//1469
f 1469//1469 1406//1406 1413//1413
f 1469//1469 1413//1413 1415//1415
f 1415//1415 1470//1470 1469//1469
f 1464//1464 1463//1463 1471//1471
f 1471//1471 1463//1463 1469//1469
f 1471//1471 1469//1469 1470//1470
f 1471//1471 1470//1470 1472//1472
f 1470//1470 1415//1415 1473//1473
f 1473//1473 1415//1415 1418//1418
f 1473//1473 1418//1418 1417//1417
f 1417//1417 1474//1474 1473//1473
f 1475//1475 1472//1472 1473//1473
f 1473//1473 1472//1472 1470//1470
f 1475//1475 1473//1473 1476//1476
f 1476//1476 1473//1473 1474//1474
f 1476//1476 1474//1474 1477//1477
f 1467//1467 1464//1464 1471//1471
f 1471//1471 1478//1478 1467//1467
f 1478//1478 1471//1471 1472//1472
f 1468//1468 1467//1467 1479//1479
f 1468//1468 1479//1479 1480//1480
f 1479//1479 1467//1467 1478//1478
f 1478//1478 1472//1472 1481//1481
f 1480//1480 1479//1479 1482//1482
f 1482//1482 1479//1479 1481//1481
f 1481//1481 1479//1479 1478//1478
f 1480//1480 1482//1482 1483//1483
f 1481//1481 1472//1472 1484//1484
f 1484//1484 1472//1472 1475//1475
f 1481//1481 1484//1484 1485//1485
f 1476//1476 1484//1484 1475//1475
f 1485//1485 1484//1484 1476//1476
f 1485//1485 1476//1476 1486//1486
f 1486//1486 1476//1476 1487//1487
f 1485//1485 1488//1488 1482//1482
f 1485//1485 1482//1482 1481//1481
f 1482//1482 1488//1488 1483//1483
f 1486//1486 1488//1488 1485//1485
f 1466//1466 1489//1489 1465//1465
f 1490//1490 1465//1465 1489//1489
f 1489//1489 1491//1491 1490//1490
f 1492//1492 1466//1466 1468//1468
f 1489//1489 1466//1466 1493//1493
f 1493//1493 1466//1466 1492//1492
f 1491//1491 1489//1489 1494//1494
f 1494//1494 1489//1489 1493//1493
f 1495//1495 1492//1492 1480//1480
f 1480//1480 1492//1492 1468//1468
f 1493//1493 1492//1492 1495//1495
f 1495//1495 1496//1496 1493//1493
f 1495//1495 1480//1480 1497//1497
f 1495//1495 1497//1497 1498//1498
f 1498//1498 1497//1497 1499//1499
f 1483//1483 1499//1499 1497//1497
f 1497//1497 1480//1480 1483//1483
f 1496//1496 1495//1495 1500//1500
f 1500//1500 1495//1495 1498//1498
f 1500//1500 1498//1498 1501//1501
f 1501//1501 1498//1498 1499//1499
f 1494//1494 1493//1493 1496//1496
f 1496//1496 1502//1502 1494//1494
f 1503//1503 1500//1500 1501//1501
f 1502//1502 1496//1496 1500//1500
f 1500//1500 1504//1504 1502//1502
f 1504//1504 1500//1500 1503//1503
f 1505//1505 1483//1483 1488//1488
f 1505//1505 1488//1488 1506//1506
f 1505//1505 1506//1506 1507//1507
f 1487//1487 1508//1508 1486//1486
f 1486//1486 1508//1508 1506//1506
f 1486//1486 1506//1506 1488//1488
f 1509//1509 1507//1507 1506//1506
f 1506//1506 1508//1508 1509//1509
f 1512//1512 1510//1510 1507//1507
f 1507//1507 1509//1509 1512//1512
f 1513//1513 1511//1511 1512//1512
f 1512//1512 1511//1511 1510//1510
f 1518//1518 1516//1516 1513//1513
f 1513//1513 1516//1516 1511//1511
f 1518//1518 1517//1517 1516//1516
f 1520//1520 1514//1514 1517//1517
f 1514//1514 1520//1520 1521//1521
f 1519//1519 1520//1520 1518//1518
f 1518//1518 1520//1520 1517//1517
f 1519//1519 1521//1521 1520//1520
f 1505//1505 1522//1522 1499//1499
f 1505//1505 1499//1499 1483//1483
f 1522//1522 1505//1505 1523//1523
f 1522//1522 1523//1523 1524//1524
f 1501//1501 1499//1499 1522//1522
f 1501//1501 1522//1522 1525//1525
f 1524//1524 1523//1523 1526//1526
f 1525//1525 1522//1522 1527//1527
f 1527//1527 1528//1528 1525//1525
f 1524//1524 1527//1527 1522//1522
f 1507//1507 1523//1523 1505//1505
f 1510//1510 1526//1526 1507//1507
f 1507//1507 1526//1526 1523//1523
f 1511//1511 1526//1526 1510//1510
f 1503//1503 1501//1501 1529//1529
f 1529//1529 1501//1501 1525//1525
f 1503//1503 1529//1529 1530//1530
f 1529//1529 1525//1525 1528//1528
f 1528//1528 1531//1531 1529//1529
f 1524//1524 1526//1526 1532//1532
f 1532//1532 1526//1526 1533//1533
f 1532//1532 1533//1533 1534//1534
f 1527//1527 1535//1535 1528//1528
f 1527//1527 1524//1524 1532//1532
f 1532//1532 1535//1535 1527//1527
f 1532//1532 1534//1534 1536//1536
f 1536//1536 1534//1534 1514//1514
f 1536//1536 1514//1514 1515//1515
f 1536//1536 1515//1515 1537//1537
f 1538//1538 1535//1535 1536//1536
f 1536//1536 1535//1535 1532//1532
f 1538//1538 1536//1536 1539//1539
f 1539//1539 1536//1536 1537//1537
f 1516//1516 1533//1533 1526//1526
f 1526//1526 1511//1511 1516//1516
f 1517//1517 1534//1534 1533//1533
f 1533//1533 1516//1516 1517//1517
f 1534//1534 1517//1517 1514//1514
f 1535//1535 1540//1540 1528//1528
f 1531//1531 1528//1528 1540//1540
f 1540//1540 1535//1535 1538//1538
f 1539//1539 1541//1541 1538//1538
f 1542//1542 1540//1540 1538//1538
f 1542//1542 1538//1538 1541//1541
f 1474//1474 1417//1417 1441//1441
f 1441//1441 1543//1543 1474//1474
f 1543//1543 1441//1441 1544//1544
f 1544//1544 1441//1441 1440//1440
f 1543//1543 1477//1477 1474//1474
f 1476//1476 1477//1477 1545//1545
f 1544//1544 1477//1477 1543//1543
f 1545//1545 1477//1477 1546//1546
f 1546//1546 1477//1477 1544//1544
f 1544//1544 1440//1440 1443//1443
f 1443//1443 1547//1547 1544//1544
f 1547//1547 1443//1443 1444//1444
f 1444//1444 1548//1548 1547//1547
f 1546//1546 1544//1544 1547//1547
f 1547//1547 1549//1549 1546//1546
f 1549//1549 1547//1547 1550//1550
f 1550//1550 1547//1547 1548//1548
f 1545//1545 1551//1551 1487//1487
f 1487//1487 1476//1476 1545//1545
f 1546//1546 1552//1552 1551//1551
f 1551//1551 1545//1545 1546//1546
f 1546//1546 1549//1549 1552//1552
f 1548//1548 1444//1444 1452//1452
f 1452//1452 1553//1553 1548//1548
f 1553//1553 1452//1452 1554//1554
f 1554//1554 1452//1452 1453//1453
f 1548//1548 1553//1553 1550//1550
f 1554//1554 1453//1453 1555//1555
f 1555//1555 1453//1453 1455//1455
f 1555//1555 1455//1455 1456//1456
f 1551//1551 1557//1557 1487//1487
f 1557//1557 1551//1551 1558//1558
f 1558//1558 1551//1551 1552//1552
f 1557//1557 1559//1559 1508//1508
f 1508//1508 1487//1487 1557//1557
f 1560//1560 1509//1509 1508//1508
f 1508//1508 1559//1559 1560//1560
f 1558//1558 1561//1561 1559//1559
f 1559//1559 1557//1557 1558//1558
f 1562//1562 1560//1560 1559//1559
f 1559//1559 1561//1561 1562//1562
f 1563//1563 1564//1564 1565//1565
f 1566//1566 1512//1512 1509//1509
f 1509//1509 1560//1560 1566//1566
f 1565//1565 1513//1513 1566//1566
f 1566//1566 1513//1513 1512//1512
f 1563//1563 1566//1566 1562//1562
f 1562//1562 1566//1566 1560//1560
f 1565//1565 1566//1566 1563//1563
f 1558//1558 1552//1552 1567//1567
f 1567//1567 1552//1552 1549//1549
f 1567//1567 1549//1549 1568//1568
f 1561//1561 1558//1558 1567//1567
f 1561//1561 1567//1567 1568//1568
f 1569//1569 1570//1570 1571//1571
f 1572//1572 1518//1518 1565//1565
f 1565//1565 1518//1518 1513//1513
f 1572//1572 1565//1565 1573//1573
f 1573//1573 1519//1519 1572//1572
f 1519//1519 1573//1573 1574//1574
f 1571//1571 1574//1574 1573//1573
f 1571//1571 1573//1573 1569//1569
f 1518//1518 1572//1572 1519//1519
f 1549//1549 1550//1550 1575//1575
f 1575//1575 1550//1550 1553//1553
f 1575//1575 1553//1553 1554//1554
f 1554//1554 1576//1576 1575//1575
f 1576//1576 1554//1554 1555//1555
f 1555//1555 1556//1556 1576//1576
f 1568//1568 1549//1549 1575//1575
f 1575//1575 1577//1577 1568//1568
f 1577//1577 1575//1575 1576//1576
f 1577//1577 1576//1576 1578//1578
f 1561//1561 1568//1568 1577//1577
f 1578//1578 1576//1576 1556//1556
f 1578//1578 1556//1556 1579//1579
f 1579//1579 1580//1580 1578//1578
f 1515//1515 1514//1514 1581//1581
f 1581//1581 1514//1514 1582//1582
f 1584//1584 1582//1582 1521//1521
f 1521//1521 1582//1582 1514//1514
f 1583//1583 1584//1584 1521//1521
f 1521//1521 1519//1519 1583//1583
f 1537//1537 1515//1515 1581//1581
f 1581//1581 1585//1585 1537//1537
f 1539//1539 1537//1537 1585//1585
f 1539//1539 1586//1586 1541//1541
f 1571//1571 1570//1570 1574//1574
f 1574//1574 1570//1570 1588//1588
f 1574//1574 1588//1588 1587//1587
f 1587//1587 1583//1583 1574//1574
f 1574//1574 1583//1583 1519//1519
f 1592//1592 1591//1591 1593//1593
f 1592//1592 1593//1593 1594//1594
f 1595//1595 1590//1590 1591//1591
f 1595//1595 1591//1591 1592//1592
f 1592//1592 1596//1596 1595//1595
f 1597//1597 1342//1342 1343//1343
f 1343//1343 1598//1598 1597//1597
f 1594//1594 1599//1599 1600//1600
f 1600//1600 1599//1599 1597//1597
f 1600//1600 1597//1597 1598//1598
f 1598//1598 1601//1601 1600//1600
f 1598//1598 1343//1343 1346//1346
f 1346//1346 1602//1602 1598//1598
f 1602//1602 1346//1346 1603//1603
f 1603//1603 1346//1346 1347//1347
f 1601//1601 1598//1598 1602//1602
f 1602//1602 1604//1604 1601//1601
f 1604//1604 1602//1602 1603//1603
f 1592//1592 1594//1594 1600//1600
f 1600//1600 1605//1605 1592//1592
f 1605//1605 1600//1600 1601//1601
f 1601//1601 1606//1606 1605//1605
f 1596//1596 1592//1592 1605//1605
f 1605//1605 1607//1607 1596//1596
f 1607//1607 1605//1605 1606//1606
f 1607//1607 1606//1606 1608//1608
f 1606//1606 1601//1601 1604//1604
f 1609//1609 1604//1604 1603//1603
f 1610//1610 1608//1608 1604//1604
f 1606//1606 1604//1604 1608//1608
f 1610//1610 1604//1604 1609//1609
f 1449//1449 1432//1432 1589//1589
f 1449//1449 1589//1589 1590//1590
f 1590//1590 1611//1611 1449//1449
f 1449//1449 1612//1612 1451//1451
f 1612//1612 1449//1449 1611//1611
f 1611//1611 1590//1590 1595//1595
f 1596//1596 1613//1613 1595//1595
f 1595//1595 1614//1614 1611//1611
f 1614//1614 1595//1595 1613//1613
f 1613//1613 1615//1615 1614//1614
f 1454//1454 1451//1451 1612//1612
f 1612//1612 1616//1616 1454//1454
f 1616//1616 1612//1612 1611//1611
f 1611//1611 1617//1617 1616//1616
f 1456//1456 1454//1454 1618//1618
f 1618//1618 1454//1454 1616//1616
f 1618//1618 1616//1616 1617//1617
f 1617//1617 1619//1619 1618//1618
f 1617//1617 1611//1611 1614//1614
f 1617//1617 1614//1614 1620//1620
f 1620//1620 1614//1614 1615//1615
f 1619//1619 1617//1617 1620//1620
f 1620//1620 1621//1621 1619//1619
f 1613//1613 1596//1596 1607//1607
f 1607//1607 1622//1622 1613//1613
f 1622//1622 1607//1607 1623//1623
f 1623//1623 1607//1607 1608//1608
f 1615//1615 1613//1613 1622//1622
f 1622//1622 1624//1624 1615//1615
f 1624//1624 1622//1622 1625//1625
f 1625//1625 1622//1622 1623//1623
f 1623//1623 1608//1608 1610//1610
f 1610//1610 1626//1626 1623//1623
f 1626//1626 1610//1610 1627//1627
f 1627//1627 1610//1610 1609//1609
f 1625//1625 1623//1623 1626//1626
f 1626//1626 1628//1628 1625//1625
f 1628//1628 1626//1626 1627//1627
f 1627//1627 1629//1629 1628//1628
f 1620//1620 1615//1615 1630//1630
f 1630//1630 1615//1615 1624//1624
f 1625//1625 1631//1631 1630//1630
f 1630//1630 1624//1624 1625//1625
f 1621//1621 1620//1620 1632//1632
f 1632//1632 1620//1620 1630//1630
f 1632//1632 1630//1630 1631//1631
f 1631//1631 1625//1625 1628//1628
f 1629//1629 1633//1633 1628//1628
f 1634//1634 1631//1631 1628//1628
f 1634//1634 1628//1628 1633//1633
f 1458//1458 1292//1292 1635//1635
f 1635//1635 1292//1292 1372//1372
f 1635//1635 1372//1372 1636//1636
f 1636//1636 1637//1637 1635//1635
f 1460//1460 1458//1458 1638//1638
f 1638//1638 1458//1458 1635//1635
f 1638//1638 1635//1635 1637//1637
f 1637//1637 1639//1639 1638//1638
f 1637//1637 1636//1636 1375//1375
f 1375//1375 1640//1640 1637//1637
f 1640//1640 1375//1375 1377//1377
f 1377//1377 1641//1641 1640//1640
f 1639//1639 1637//1637 1640//1640
f 1640//1640 1642//1642 1639//1639
f 1642//1642 1640//1640 1599//1599
f 1642//1642 1599//1599 1593//1593
f 1599//1599 1640//1640 1641//1641
f 1461//1461 1460//1460 1643//1643
f 1643//1643 1460//1460 1638//1638
f 1643//1643 1638//1638 1639//1639
f 1639//1639 1644//1644 1643//1643
f 1643//1643 1589//1589 1432//1432
f 1432//1432 1461//1461 1643//1643
f 1644//1644 1590//1590 1643//1643
f 1643//1643 1590//1590 1589//1589
f 1644//1644 1639//1639 1642//1642
f 1644//1644 1642//1642 1591//1591
f 1593//1593 1591//1591 1642//1642
f 1591//1591 1590//1590 1644//1644
f 1641//1641 1377//1377 1597//1597
f 1597//1597 1377//1377 1342//1342
f 1603//1603 1347//1347 1645//1645
f 1646//1646 1647//1647 1645//1645
f 1648//1648 1603//1603 1645//1645
f 1648//1648 1645//1645 1649//1649
f 1649//1649 1645//1645 1647//1647
f 1609//1609 1603//1603 1650//1650
f 1650//1650 1603//1603 1648//1648
f 1627//1627 1609//1609 1650//1650
f 1627//1627 1650//1650 1651//1651
f 1652//1652 1651//1651 1653//1653
f 1629//1629 1627//1627 1651//1651
f 1651//1651 1654//1654 1629//1629
f 1654//1654 1651//1651 1652//1652
f 1652//1652 1655//1655 1654//1654
f 1633//1633 1629//1629 1654//1654
f 1656//1656 1654//1654 1655//1655
f 1656//1656 1655//1655 1657//1657
f 1633//1633 1654//1654 1658//1658
f 1658//1658 1654//1654 1656//1656
f 1555//1555 1456//1456 1618//1618
f 1618//1618 1659//1659 1555//1555
f 1659//1659 1618//1618 1619//1619
f 1659//1659 1660//1660 1556//1556
f 1556//1556 1555//1555 1659//1659
f 1659//1659 1619//1619 1661//1661
f 1661//1661 1619//1619 1621//1621
f 1660//1660 1659//1659 1662//1662
f 1662//1662 1659//1659 1661//1661
f 1662//1662 1661//1661 1621//1621
f 1621//1621 1663//1663 1662//1662
f 1664//1664 1632//1632 1631//1631
f 1663//1663 1621//1621 1665//1665
f 1665//1665 1621//1621 1632//1632
f 1665//1665 1632//1632 1664//1664
f 1634//1634 1666//1666 1631//1631
f 1666//1666 1634//1634 1667//1667
f 1667//1667 1634//1634 1633//1633
f 1631//1631 1666//1666 1664//1664
f 1667//1667 1668//1668 1666//1666
f 1669//1669 1663//1663 1665//1665
f 1670//1670 1665//1665 1664//1664
f 1671//1671 1669//1669 1665//1665
f 1671//1671 1665//1665 1670//1670
f 1670//1670 1664//1664 1666//1666
f 1672//1672 1666//1666 1668//1668
f 1673//1673 1670//1670 1666//1666
f 1673//1673 1666//1666 1672//1672
f 1579//1579 1556//1556 1660//1660
f 1579//1579 1660//1660 1674//1674
f 1674//1674 1675//1675 1580//1580
f 1580//1580 1579//1579 1674//1674
f 1674//1674 1660//1660 1662//1662
f 1662//1662 1676//1676 1674//1674
f 1676//1676 1662//1662 1663//1663
f 1663//1663 1669//1669 1676//1676
f 1675//1675 1674//1674 1676//1676
f 1633//1633 1677//1677 1667//1667
f 1677//1677 1633//1633 1658//1658
f 1658//1658 1678//1678 1677//1677
f 1668//1668 1667//1667 1677//1677
f 1672//1672 1668//1668 1679//1679
f 1680//1680 1672//1672 1679//1679
f 1681//1681 1490//1490 1491//1491
f 1491//1491 1682//1682 1681//1681
f 1682//1682 1491//1491 1683//1683
f 1683//1683 1491//1491 1494//1494
f 1681//1681 1682//1682 1683//1683
f 1683//1683 1684//1684 1681//1681
f 1683//1683 1494//1494 1502//1502
f 1684//1684 1683//1683 1502//1502
f 1686//1686 1502//1502 1504//1504
f 1686//1686 1504//1504 1685//1685
f 1684//1684 1502//1502 1686//1686
f 1503//1503 1685//1685 1504//1504
f 1685//1685 1503//1503 1530//1530
f 1687//1687 1685//1685 1530//1530
f 1530//1530 1529//1529 1531//1531
f 1687//1687 1530//1530 1531//1531
f 1531//1531 1688//1688 1687//1687
f 1689//1689 1685//1685 1687//1687
f 1685//1685 1690//1690 1686//1686
f 1690//1690 1685//1685 1689//1689
f 1689//1689 1691//1691 1690//1690
f 1689//1689 1687//1687 1692//1692
f 1692//1692 1687//1687 1688//1688
f 1691//1691 1689//1689 1692//1692
f 1691//1691 1692//1692 1693//1693
f 1694//1694 1531//1531 1540//1540
f 1694//1694 1540//1540 1695//1695
f 1688//1688 1531//1531 1694//1694
f 1695//1695 1696//1696 1694//1694
f 1695//1695 1540//1540 1542//1542
f 1697//1697 1542//1542 1541//1541
f 1697//1697 1541//1541 1698//1698
f 1695//1695 1542//1542 1697//1697
f 1695//1695 1697//1697 1699//1699
f 1699//1699 1697//1697 1698//1698
f 1688//1688 1694//1694 1696//1696
f 1693//1693 1692//1692 1688//1688
f 1696//1696 1695//1695 1699//1699
f 1693//1693 1688//1688 1696//1696
f 1696//1696 1700//1700 1693//1693
f 1698//1698 1541//1541 1586//1586
f 1586//1586 1699//1699 1698//1698
f 1696//1696 1699//1699 1701//1701
f 1700//1700 1696//1696 1701//1701
f 1701//1701 1702//1702 1700//1700
f 1703//1703 1704//1704 1705//1705
f 1706//1706 1707//1707 1708//1708
f 1708//1708 1707//1707 1705//1705
f 1705//1705 1707//1707 1703//1703
f 1705//1705 1704//1704 1709//1709
f 1709//1709 1704//1704 1710//1710
f 1708//1708 1705//1705 1295//1295
f 1295//1295 1705//1705 1709//1709
f 1169//1169 1173//1173 1706//1706
f 1169//1169 1706//1706 1708//1708
f 1708//1708 1175//1175 1169//1169
f 1711//1711 1712//1712 1176//1176
f 1176//1176 1178//1178 1711//1711
f 1713//1713 1194//1194 1193//1193
f 1711//1711 1178//1178 1714//1714
f 1713//1713 1714//1714 1205//1205
f 1205//1205 1714//1714 1178//1178
f 1194//1194 1713//1713 1205//1205
f 1248//1248 1249//1249 1277//1277
f 1175//1175 1708//1708 1294//1294
f 1294//1294 1708//1708 1295//1295
f 1292//1292 1290//1290 1372//1372
f 1376//1376 1636//1636 1372//1372
f 1371//1371 1376//1376 1372//1372
f 1372//1372 1370//1370 1371//1371
