# Created by Open3D 
# object name: cluster20
# number of vertices: 1719
# number of triangles: 3000
v -1.9698 -4.1985 -0.99397
vn -0.10895 0.10895 0.988059
v -1.9251 -4.472 -0.2447
vn -0.399456 0.446923 0.800434
v -1.94635 -4.4937 -0.246125
vn -0.638823 0.36743 0.675945
v -1.9251 -4.4937 -0.23336
vn -0.452625 0.412995 0.790295
v -1.8343 -4.1043 -0.92585
vn -0.342556 0.826193 -0.447282
v -1.8343 -4.1077 -0.93213
vn -0.342556 0.826193 -0.447282
v -1.8425 -4.1077 -0.92585
vn -0.342556 0.826193 -0.447282
v -1.8343 -4.087 -0.90314
vn -0.119983 0.70203 -0.701967
v -1.857 -4.085 -0.89726
vn -0.119983 0.70203 -0.701967
v -1.8343 -4.085 -0.90114
vn -0.0688007 0.783599 -0.617446
v -1.7889 -4.085 -0.90237
vn -0.0081667 0.819308 -0.573296
v -1.7662 -4.085 -0.9027
vn -0.0920674 0.793153 -0.602023
v -1.7889 -4.0687 -0.88044
vn -0.00867265 0.80255 -0.596522
v -1.7435 -4.08305 -0.90574
vn -0.136337 0.769318 -0.624149
v -1.7662 -4.099 -0.92585
vn -0.127932 0.850974 -0.509388
v -1.7662 -4.0604 -0.88044
vn -0.195925 0.779254 -0.595295
v -1.7207 -4.0777 -0.90314
vn -0.0313242 0.815751 -0.577555
v -1.7207 -4.06175 -0.881005
vn -0.0279614 0.760873 -0.648298
v -1.698 -4.0613 -0.88153
vn -0.0308661 0.772264 -0.634551
v -1.698 -4.0767 -0.90314
vn -0.0360336 0.818025 -0.574052
v -1.8116 -4.4592 -0.65339
vn 0.436539 0.640791 0.631522
v -1.8116 -4.4483 -0.66445
vn 0.487249 0.422007 0.764525
v -1.8276 -4.4483 -0.65339
vn 0.475266 0.551434 0.685597
v -1.8343 -4.4405 -0.65339
vn 0.467507 0.31036 0.827716
v -1.8343 -4.4256 -0.65783
vn 0.445794 0.255635 0.857857
v -1.8459 -4.4256 -0.65339
vn 0.34438 0.268113 0.899732
v -1.8343 -4.4483 -0.64867
vn 0.516203 0.443402 0.732754
v -1.6072 -4.4974 -0.67609
vn 0.76536 0.606256 -0.216052
v -1.6072 -4.4937 -0.6644
vn 0.797894 0.559137 -0.225236
v -1.6257 -4.471 -0.67609
vn 0.808964 0.54169 -0.228361
v -1.8133 -4.244 -0.7215
vn 0.283873 0.382657 0.879198
v -1.8369 -4.2691 -0.6988
vn 0.390762 0.410929 0.823676
v -1.8116 -4.29385 -0.70054
vn 0.40424 0.336712 0.85042
v -1.8116 -4.2667 -0.71227
vn 0.367683 0.384643 0.846675
v -1.8343 -4.244 -0.71388
vn 0.342133 0.439427 0.830571
v -1.857 -4.24925 -0.70259
vn 0.192059 0.549133 0.813367
v -1.7207 -4.30605 -0.720075
vn 0.0607756 0.233253 0.970515
v -1.7207 -4.2894 -0.7241
vn 0.0897513 0.240574 0.966472
v -1.7889 -4.2662 -0.7215
vn 0.289541 0.348399 0.891507
v -1.7889 -4.244 -0.72945
vn 0.259526 0.317855 0.911929
v -1.7889 -4.2894 -0.71201
vn 0.355639 0.365485 0.860199
v -1.698 -4.303 -0.7215
vn 0.00163932 0.301139 0.953579
v -1.698 -4.2667 -0.73232
vn 0.0564817 0.292989 0.954446
v -1.7207 -4.244 -0.73826
vn 0.0548901 0.303784 0.951158
v -1.857 -4.072 -0.85773
vn -0.518034 0.842988 -0.144957
v -1.857 -4.076 -0.88044
vn -0.513788 0.84491 -0.148824
v -1.8718 -4.085 -0.88044
vn -0.518034 0.842988 -0.144957
v -1.878 -4.085 -0.85773
vn -0.521003 0.84162 -0.142239
v -1.857 -4.0677 -0.81232
vn -0.202941 0.864268 -0.460277
v -1.857 -4.0734 -0.83503
vn -0.318276 0.914529 -0.249673
v -1.8797 -4.0766 -0.81232
vn -0.345583 0.849814 -0.397981
v -1.8797 -4.0838 -0.83503
vn -0.40022 0.87357 -0.276948
v -1.8797 -4.0576 -0.78962
vn -0.273658 0.791151 -0.546984
v -1.8343 -4.0647 -0.81232
vn -0.132477 0.900665 -0.413827
v -1.8343 -4.069 -0.83503
vn -0.159633 0.965499 -0.20574
v -1.8217 -4.0623 -0.81232
vn -0.173797 0.87235 -0.456946
v -1.8116 -4.0654 -0.83503
vn -0.179683 0.97464 -0.133386
v -1.7217 -4.06248 -0.812517
vn 0.253411 0.724025 0.641538
v -1.7435 -4.0623 -0.79771
vn 0.393959 0.857657 0.330487
v -1.75 -4.0623 -0.78962
vn 0.548352 0.787001 0.282736
v -1.891 -4.1985 -0.74421
vn -0.287323 0.697193 0.656786
v -1.9024 -4.1985 -0.74978
vn -0.282204 0.756672 0.589752
v -1.8797 -4.1943 -0.74421
vn -0.218365 0.659918 0.718905
v -1.8797 -4.1757 -0.766755
vn -0.516352 0.767192 0.380522
v -1.9024 -4.1945 -0.76691
vn -0.438568 0.776764 0.451991
v -1.857 -4.1985 -0.73997
vn -0.0473336 0.552217 0.832355
v -1.857 -4.1758 -0.75295
vn -0.201619 0.550373 0.81021
v -1.857 -4.1531 -0.76054
vn -0.109458 0.135631 0.984694
v -1.8343 -4.1531 -0.75852
vn -0.0172103 0.114785 0.993241
v -1.8797 -4.2227 -0.7215
vn -0.232276 0.565961 0.791035
v -1.9024 -4.2213 -0.73144
vn -0.312732 0.556035 0.77008
v -1.9024 -4.244 -0.7171
vn -0.35494 0.52032 0.776714
v -1.857 -4.2236 -0.7215
vn 0.0998574 0.565652 0.818576
v -1.8343 -4.226 -0.72427
vn 0.189096 0.478184 0.857661
v -1.8116 -4.2213 -0.73124
vn 0.218205 0.377066 0.900115
v -1.7207 -4.1985 -0.75103
vn -0.0759273 0.263215 0.961745
v -1.7435 -4.226 -0.7454
vn -0.0245375 0.270471 0.962416
v -1.7068 -4.2213 -0.74339
vn -0.0818563 0.252006 0.964258
v -1.8116 -4.1531 -0.76138
vn 0.0792362 0.07869 0.993745
v -1.8116 -4.1758 -0.75525
vn 0.0255086 0.260624 0.965103
v -1.7889 -4.1531 -0.76198
vn -0.0156396 0.164979 0.986173
v -1.7889 -4.1758 -0.75441
vn -0.112451 0.27081 0.956042
v -1.7662 -4.1531 -0.75817
vn -0.112451 0.27081 0.956042
v -1.7662 -4.1758 -0.75288
vn -0.0655026 0.226474 0.971812
v -1.7889 -4.2213 -0.73581
vn 0.151023 0.333692 0.930506
v -1.8116 -4.1985 -0.74296
vn 0.0446842 0.423225 0.904922
v -1.786 -4.1985 -0.743815
vn 0.132109 0.311661 0.940965
v -1.76245 -4.21655 -0.74421
vn 0.2231 0.251288 0.94185
v -1.857 -4.1304 -0.76219
vn -0.153264 0.0716389 0.985585
v -1.8343 -4.1304 -0.75866
vn 0.0680198 -0.171576 0.98282
v -1.8116 -4.1304 -0.76184
vn 0.104226 -0.212302 0.97163
v -1.8332 -4.1077 -0.74421
vn 0.215375 -0.531795 0.819029
v -1.8116 -4.1077 -0.74989
vn 0.181012 -0.48446 0.855881
v -1.8343 -4.0623 -0.71416
vn -0.115696 0.351736 0.928922
v -1.8343 -4.085 -0.7127
vn -0.0105515 0.0641821 0.997882
v -1.8116 -4.085 -0.71246
vn 0.265646 -0.160211 0.950665
v -1.7889 -4.1304 -0.76301
vn 0.0509123 -0.147509 0.98775
v -1.7889 -4.1077 -0.7552
vn 0.129767 -0.395701 0.909165
v -1.7435 -4.1304 -0.75106
vn -0.197952 -0.164318 0.966341
v -1.7435 -4.1077 -0.7472
vn -0.00973747 0.181494 0.983344
v -1.7662 -4.1077 -0.75185
vn 0.020161 -0.130656 0.991223
v -1.7889 -4.0968 -0.74421
vn 0.414078 -0.532345 0.738341
v -1.7753 -4.085 -0.74421
vn 0.544632 -0.237568 0.804324
v -1.7662 -4.085 -0.75102
vn 0.429567 0.255477 0.866143
v -1.7713 -4.0623 -0.74421
vn 0.846441 0.149735 0.510996
v -1.7435 -4.0771 -0.76691
vn 0.424491 0.728604 0.537535
v -1.7598 -4.0623 -0.76691
vn 0.663119 0.564313 0.491755
v -1.7207 -4.0775 -0.78962
vn 0.35442 0.867635 0.348706
v -1.7435 -4.085 -0.75791
vn 0.181809 0.534699 0.825253
v -1.7207 -4.1077 -0.74871
vn 0.137118 0.487256 0.862427
v -1.7207 -4.085 -0.76365
vn 0.198681 0.630151 0.750623
v -1.7129 -4.085 -0.76691
vn 0.220899 0.935456 0.275907
v -1.8116 -4.0933 -0.7215
vn 0.443692 -0.706727 0.551067
v -1.7889 -4.085 -0.7303
vn 0.691629 -0.447715 0.566745
v -1.7965 -4.085 -0.7215
vn 0.452698 -0.447186 0.77142
v -1.7889 -4.0781 -0.7215
vn 0.542568 -0.255718 0.800142
v -1.78785 -4.0623 -0.7205
vn 0.683315 -0.0810737 0.725609
v -1.8116 -4.0623 -0.70833
vn 0.241281 0.286037 0.927344
v -1.5618 -4.2278 -0.76691
vn 0.450621 -0.425585 0.784741
v -1.5845 -4.2213 -0.75035
vn 0.450621 -0.425585 0.784741
v -1.5771 -4.244 -0.76691
vn 0.450621 -0.425585 0.784741
v -1.8797 -4.2667 -0.68813
vn 0.102294 0.540209 0.835291
v -1.857 -4.2667 -0.69091
vn 0.341691 0.454624 0.822535
v -1.8343 -4.2894 -0.69077
vn 0.404663 0.400055 0.822316
v -1.857 -4.2894 -0.67872
vn 0.355216 0.352624 0.865724
v -1.6299 -4.2605 -0.60798
vn -0.471199 0.790423 -0.391413
v -1.6299 -4.2667 -0.6205
vn -0.471199 0.790423 -0.391413
v -1.6403 -4.2667 -0.60798
vn -0.471199 0.790423 -0.391413
v -1.6299 -4.3195 -0.65339
vn 0.172711 0.694113 -0.698841
v -1.6299 -4.3121 -0.64604
vn 0.172711 0.694113 -0.698841
v -1.6072 -4.3121 -0.64043
vn 0.290307 0.328523 -0.898774
v -1.5845 -4.2894 -0.62903
vn 0.597247 0.312176 -0.738811
v -1.6072 -4.2894 -0.63754
vn 0.329489 0.119242 -0.9366
v -1.5845 -4.3121 -0.63018
vn 0.481611 -0.129445 -0.866773
v -1.5845 -4.3348 -0.62679
vn 0.481611 -0.129445 -0.866773
v -1.3519 -4.5845 -0.29011
vn 0.933998 -0.312705 0.172809
v -1.3477 -4.5845 -0.31281
vn 0.933998 -0.312705 0.172809
v -1.3443 -4.5618 -0.29011
vn 0.933998 -0.312705 0.172809
v -1.3121 -4.5323 -0.31281
vn 0.71697 -0.550128 -0.428151
v -1.3121 -4.5164 -0.33324
vn 0.779806 -0.434871 -0.450322
v -1.2999 -4.5164 -0.31281
vn 0.71697 -0.550128 -0.428151
v -1.5618 -4.4256 -0.46189
vn 0.541119 -0.143029 -0.828693
v -1.5769 -4.4256 -0.47175
vn 0.541119 -0.143029 -0.828693
v -1.5709 -4.4029 -0.47175
vn 0.541119 -0.143029 -0.828693
v -1.857 -3.9942 -1.0195
vn -0.0219581 0.0761465 0.996855
v -1.8343 -4.0489 -0.78962
vn -0.129375 0.846883 -0.515801
v -1.8116 -4.0465 -0.78962
vn -0.116894 0.852581 -0.509353
v -1.7889 -4.0446 -0.78962
vn 0.0688354 0.8929 -0.444963
v -1.7889 -4.0546 -0.81232
vn -0.0263326 0.896477 -0.442306
v -1.7662 -4.05 -0.78962
vn 0.380505 0.905174 -0.18941
v -1.7662 -4.0507 -0.81232
vn 0.309204 0.917973 0.248433
v -1.834 -4.03965 -0.76691
vn -0.193059 0.972152 -0.132848
v -1.8116 -4.0396 -0.77954
vn -0.116649 0.909088 -0.399939
v -1.8116 -4.0354 -0.76691
vn -0.122537 0.990964 -0.0545385
v -1.8247 -4.0396 -0.74421
vn -0.300457 0.923917 0.236859
v -1.8343 -4.0433 -0.74421
vn -0.392335 0.849051 0.353815
v -1.8116 -4.0356 -0.74421
vn -0.10713 0.978748 0.174858
v -1.8343 -4.0558 -0.7215
vn -0.327955 0.767537 0.550757
v -1.8448 -4.0623 -0.7215
vn -0.463621 0.748894 0.473512
v -1.8116 -4.0472 -0.7215
vn 0.0108036 0.70517 0.708956
v -1.8116 -4.0396 -0.73296
vn -0.205857 0.865633 0.456401
v -1.7889 -4.0396 -0.78222
vn 0.0575909 0.889341 -0.453603
v -1.7889 -4.0343 -0.76691
vn 0.129012 0.983544 -0.126482
v -1.7735 -4.0396 -0.76691
vn 0.493522 0.869733 0.000533503
v -1.7789 -4.0396 -0.74421
vn 0.722813 0.605108 0.333746
v -1.7662 -4.0495 -0.76691
vn 0.846637 0.427824 0.316499
v -1.7889 -4.0348 -0.74421
vn 0.0666738 0.991649 0.110394
v -1.7889 -4.0561 -0.7215
vn 0.504191 0.499749 0.704303
v -1.7889 -4.0396 -0.73381
vn 0.400338 0.675334 0.619398
v -1.3121 -4.1294 -0.88044
vn -0.205811 0.978095 -0.0311646
v -1.3121 -4.1299 -0.90314
vn -0.317854 0.943838 -0.0902209
v -1.3348 -4.1385 -0.88044
vn -0.402454 0.915374 0.0110121
v -1.2893 -4.129 -0.88044
vn -0.119341 0.989573 0.0806432
v -1.2893 -4.1248 -0.90314
vn -0.214805 0.960357 0.177686
v -1.8797 -4.2482 -0.70206
vn -0.0768504 0.604905 0.79258
v -1.5845 -4.2101 -0.74421
vn 0.149346 -0.475326 0.867042
v -1.6072 -4.2213 -0.74644
vn 0.149346 -0.475326 0.867042
v -1.3575 -4.2838 -0.7215
vn -0.470646 0.585219 0.660312
v -1.3575 -4.2667 -0.73731
vn -0.453746 0.66459 0.593662
v -1.3802 -4.2829 -0.74421
vn -0.577654 0.554142 0.599368
v -1.3348 -4.244 -0.75331
vn -0.165793 0.766901 0.61998
v -1.3601 -4.2649 -0.74421
vn -0.476293 0.713838 0.513401
v -1.3527 -4.244 -0.76691
vn -0.49644 0.669817 0.552171
v -1.3575 -4.244 -0.77455
vn -0.61083 0.641948 0.463455
v -1.3121 -4.244 -0.75726
vn 0.101633 0.796566 0.595948
v -1.2821 -4.244 -0.76691
vn 0.205856 0.76586 0.609165
v -1.2893 -4.2586 -0.74421
vn 0.190401 0.809418 0.555508
v -1.3348 -4.2678 -0.7215
vn -0.20478 0.699527 0.684637
v -1.3121 -4.2681 -0.7215
vn 0.0390245 0.783138 0.620622
v -1.3348 -4.2894 -0.70414
vn -0.213129 0.653037 0.726718
v -1.3121 -4.28825 -0.69806
vn -0.0225072 0.59253 0.805234
v -1.319 -4.2894 -0.6988
vn -0.22356 0.743763 0.629951
v -1.2893 -4.2894 -0.69621
vn -0.0329018 0.647885 0.761027
v -1.2893 -4.2726 -0.7215
vn 0.0791638 0.802131 0.591877
v -1.3613 -4.1531 -0.85773
vn -0.581008 0.737074 0.345183
v -1.3634 -4.1531 -0.88044
vn -0.577984 0.81461 0.0484211
v -1.3802 -4.1707 -0.85773
vn -0.663177 0.704235 0.253472
v -1.3575 -4.1754 -0.83503
vn -0.60813 0.416926 0.675538
v -1.3802 -4.1758 -0.85334
vn -0.556387 0.459312 0.692435
v -1.3802 -4.1985 -0.84088
vn -0.526951 0.409906 0.744513
v -1.3802 -4.2213 -0.82285
vn -0.458074 0.544231 0.702838
v -1.3575 -4.1985 -0.82571
vn -0.55349 0.438839 0.707863
v -1.3575 -4.2338 -0.78962
vn -0.425538 0.725697 0.540631
v -1.3575 -4.21925 -0.810105
vn -0.558692 0.604685 0.567643
v -1.3802 -4.2302 -0.81232
vn -0.425538 0.725697 0.540631
v -1.373 -4.244 -0.78962
vn -0.454109 0.690069 0.563552
v -1.3418 -4.1531 -0.83503
vn -0.578178 0.59608 0.557135
v -1.3461 -4.1985 -0.81232
vn -0.682436 0.434977 0.587431
v -1.3348 -4.1985 -0.79568
vn -0.098879 0.674811 0.731336
v -1.3478 -4.2213 -0.78962
vn -0.663045 0.550706 0.507044
v -1.3121 -4.1985 -0.80159
vn 0.218438 0.66384 0.715263
v -1.3348 -4.1766 -0.81277
vn -0.279916 0.532819 0.798593
v -1.3121 -4.18005 -0.81508
vn 0.159834 0.563963 0.810185
v -1.3348 -4.1531 -0.82975
vn 0.00566551 0.589493 0.807754
v -1.3121 -4.1481 -0.83503
vn 0.0441982 0.714828 0.697902
v -1.297 -4.1531 -0.83503
vn 0.170763 0.716569 0.67629
v -1.3348 -4.1393 -0.85773
vn -0.342646 0.905129 0.251665
v -1.3121 -4.1333 -0.85773
vn -0.0064851 0.871009 0.491224
v -1.3121 -4.1304 -0.87062
vn -0.149111 0.972187 0.180607
v -1.3348 -4.149 -0.83503
vn -0.123952 0.860652 0.493876
v -1.2893 -4.1357 -0.85773
vn 0.0758519 0.886244 0.456967
v -1.2893 -4.1304 -0.87336
vn 0.0385628 0.946329 0.320895
v -1.3348 -4.2273 -0.76691
vn -0.240203 0.674215 0.698381
v -1.3348 -4.2213 -0.77365
vn 0.0318201 0.705548 0.707948
v -1.3121 -4.2351 -0.76691
vn 0.204408 0.68545 0.698838
v -1.2893 -4.2218 -0.79024
vn 0.272298 0.743805 0.610416
v -1.3661 -4.5845 -0.2674
vn 0.776458 -0.286755 0.561145
v -1.3575 -4.5845 -0.2793
vn 0.776458 -0.286755 0.561145
v -1.3575 -4.5618 -0.2677
vn 0.78868 -0.408712 0.459281
v -1.3348 -4.5361 -0.2447
vn 0.744654 -0.653933 0.133649
v -1.3348 -4.5391 -0.25938
vn 0.744654 -0.653933 0.133649
v -1.3175 -4.5164 -0.2447
vn 0.744654 -0.653933 0.133649
v -1.857 -4.0501 -0.78962
vn -0.0415041 0.785299 -0.617725
v -1.857 -4.0509 -0.74421
vn -0.328488 0.761515 0.55874
v -1.857 -4.0623 -0.73166
vn -0.488574 0.645841 0.586672
v -1.8108 -4.4256 -0.675315
vn 0.556836 0.342916 0.756533
v -1.7949 -4.4483 -0.67609
vn 0.534455 0.355521 0.766787
v -1.7662 -4.1304 -0.75758
vn -0.23721 -0.156966 0.958694
v -1.7435 -4.1531 -0.75589
vn -0.270466 -0.200361 0.941649
v -1.4483 -4.5922 -0.22199
vn 0.18508 -0.219823 0.957822
v -1.4409 -4.5845 -0.22199
vn 0.146012 -0.0938954 0.984817
v -1.471 -4.5845 -0.21914
vn 0.0996352 -0.0259777 0.994685
v -1.471 -4.5618 -0.22137
vn 0.0258408 0.189594 0.981523
v -1.4483 -4.5618 -0.2216
vn 0.0266855 0.186051 0.982178
v -1.4256 -4.5845 -0.22572
vn 0.404214 -0.32752 0.854015
v -1.4029 -4.5845 -0.23822
vn 0.449646 -0.302807 0.840313
v -1.4029 -4.5618 -0.22686
vn 0.441777 -0.401492 0.80227
v -1.3416 -4.5845 -0.33552
vn 0.923311 -0.324097 0.206053
v -1.3387 -4.5618 -0.31281
vn 0.923311 -0.324097 0.206053
v -1.3348 -4.5619 -0.335215
vn 0.929451 -0.319283 0.184873
v -1.8942 -4.0396 -1.0167
vn -0.198213 0.324193 0.924992
v -1.8797 -4.05095 -1.00945
vn -0.160434 0.333905 0.928853
v -1.84565 -4.0396 -1.0089
vn -0.118833 0.312664 0.942401
v -1.9478 -4.1755 -0.99397
vn -0.205626 0.149727 0.967109
v -1.9478 -4.1304 -1.0009
vn -0.190961 0.136366 0.972079
v -1.9353 -4.1531 -0.99397
vn -0.286376 0.145517 0.947002
v -1.9024 -4.1758 -0.98493
vn -0.344521 -0.128633 0.929924
v -1.9024 -4.1531 -0.98179
vn -0.347122 -0.0404496 0.936947
v -1.9251 -4.1531 -0.9902
vn -0.347122 -0.0404496 0.936947
v -1.90695 -4.1077 -0.992275
vn -0.307413 0.308175 0.900292
v -1.9251 -4.1077 -0.99867
vn -0.315811 0.25526 0.913841
v -1.9251 -4.1295 -0.99397
vn -0.375317 0.188313 0.907566
v -1.9024 -4.1304 -0.98297
vn -0.331298 0.249736 0.909875
v -1.9024 -4.1006 -0.99397
vn -0.204598 0.386266 0.89941
v -1.9251 -4.085 -1.0064
vn -0.258081 0.359362 0.896802
v -1.9258 -4.06185 -1.0167
vn -0.260253 0.373888 0.890211
v -1.8797 -4.1077 -0.98428
vn -0.215994 0.397651 0.891751
v -1.8797 -4.1304 -0.97539
vn -0.225016 0.355305 0.907263
v -1.857 -4.1077 -0.9806
vn -0.177484 0.504521 0.844961
v -1.83325 -4.10835 -0.97126
vn -0.290996 0.774914 0.561098
v -1.8797 -4.08815 -0.9954
vn -0.136203 0.412673 0.900638
v -1.84565 -4.08175 -0.99397
vn -0.124673 0.445042 0.886789
v -1.8116 -4.0723 -0.99397
vn -0.0647991 0.366432 0.928186
v -1.8343 -4.085 -0.99006
vn -0.176401 0.584693 0.791844
v -1.8116 -4.1026 -0.97126
vn -0.0596254 0.762923 0.643734
v -1.8116 -4.085 -0.98715
vn -0.0650773 0.587652 0.806493
v -1.7889 -4.0661 -0.99527
vn -0.0108297 0.349378 0.936919
v -1.7662 -4.0718 -0.99397
vn 0.0436824 0.349152 0.936047
v -1.7662 -4.104 -0.97126
vn -0.0266697 0.836946 0.546635
v -1.7889 -4.085 -0.98669
vn 0.0145404 0.57302 0.819412
v -1.7662 -4.085 -0.98819
vn 0.0461378 0.620746 0.782653
v -1.7435 -4.1014 -0.97126
vn -0.0346808 0.862195 0.505388
v -1.7435 -4.085 -0.99116
vn 0.0895886 0.723266 0.684734
v -1.7435 -4.0799 -0.99397
vn 0.133812 0.421092 0.897093
v -1.8116 -4.1077 -0.94505
vn -0.121309 0.977457 -0.172808
v -1.8116 -4.1077 -0.95582
vn -0.106151 0.969734 0.219881
v -1.8343 -4.1141 -0.94855
vn -0.229375 0.973335 -0.00228113
v -1.8116 -4.0998 -0.92585
vn -0.0739783 0.872893 -0.482271
v -1.8343 -4.0713 -0.88044
vn -0.0883855 0.933275 -0.348116
v -1.8116 -4.0723 -0.88044
vn -0.0181213 0.870386 -0.492036
v -1.7831 -4.1082 -0.94855
vn -0.0500069 0.995528 -0.0801497
v -1.7889 -4.1077 -0.95986
vn -0.00743495 0.974428 0.224576
v -1.7889 -4.1077 -0.94408
vn -0.0238153 0.928528 -0.370497
v -1.7662 -4.1064 -0.94855
vn -0.196084 0.974696 -0.107324
v -1.7889 -4.0998 -0.92585
vn -0.0257834 0.882949 -0.46876
v -1.7435 -4.1009 -0.94855
vn -0.199898 0.970666 -0.133595
v -1.7207 -4.0897 -0.92585
vn -0.131868 0.901362 -0.412501
v -1.7207 -4.085 -0.91578
vn -0.100793 0.878893 -0.466249
v -1.7435 -4.06135 -0.88127
vn -0.0348903 0.693809 -0.719314
v -1.7163 -4.085 -0.99397
vn 0.0916313 0.76437 0.638233
v -1.698 -4.0891 -0.92585
vn -0.00632988 0.902242 -0.431184
v -1.6072 -4.0854 -0.902565
vn 0.0689542 0.821576 -0.565913
v -1.6299 -4.085 -0.90477
vn 0.0689153 0.826923 -0.558076
v -1.7889 -4.4513 -0.67609
vn 0.122115 0.582186 0.803833
v -1.7662 -4.4483 -0.68045
vn 0.121223 0.580127 0.805455
v -1.7889 -4.4256 -0.69319
vn 0.340083 0.479086 0.809209
v -1.7662 -4.42505 -0.698505
vn 0.163428 0.44455 0.880719
v -1.7207 -4.4351 -0.67609
vn -0.536802 0.765373 0.355031
v -1.7207 -4.4256 -0.68547
vn -0.341208 0.609938 0.715229
v -1.7435 -4.4256 -0.69448
vn -0.293464 0.601999 0.742614
v -1.7242 -4.44555 -0.65339
vn -0.579614 0.758946 0.29673
v -1.7435 -4.4483 -0.67295
vn -0.456605 0.809614 0.368832
v -1.7435 -4.4583 -0.65339
vn -0.490953 0.775688 0.396577
v -1.708 -4.4256 -0.67609
vn -0.571225 0.76364 0.300927
v -1.7038 -4.4256 -0.65339
vn -0.658274 0.729775 0.184669
v -1.6123 -4.471 -0.6988
vn 0.790752 0.0422913 0.610674
v -1.6227 -4.4483 -0.67609
vn 0.932295 -0.287436 0.219558
v -1.6107 -4.4483 -0.6988
vn 0.7961 -0.251719 0.55033
v -1.6072 -4.4356 -0.67609
vn 0.60098 -0.733472 0.317557
v -1.6072 -4.4483 -0.66367
vn 0.623186 -0.0823588 -0.777725
v -1.7435 -4.3575 -0.71006
vn 0.245458 0.12992 0.960662
v -1.7435 -4.3348 -0.71313
vn 0.244187 0.164403 0.95569
v -1.7662 -4.3348 -0.70733
vn 0.270545 0.174477 0.946765
v -1.7889 -4.3121 -0.70421
vn 0.321005 0.193586 0.927082
v -1.7662 -4.3121 -0.71207
vn 0.254692 0.218032 0.942122
v -1.7662 -4.2894 -0.71835
vn 0.174055 0.300162 0.937874
v -1.7435 -4.3121 -0.71682
vn 0.142483 0.220963 0.964818
v -1.8797 -4.085 -0.84611
vn -0.474606 0.880066 -0.0152917
v -1.8343 -4.0666 -0.85773
vn -0.157485 0.986257 -0.0499593
v -1.8116 -4.0665 -0.85773
vn -0.102312 0.980716 -0.166518
v -1.7953 -4.0623 -0.85773
vn -0.352497 0.913641 -0.202498
v -1.7889 -4.0623 -0.86747
vn -0.313449 0.895163 -0.316913
v -1.8017 -4.0623 -0.83503
vn -0.271714 0.955128 -0.117909
v -1.6686 -4.0623 -0.88044
vn 0.0609343 0.714916 -0.69655
v -1.8116 -4.4146 -0.67609
vn 0.58365 0.100085 0.805813
v -1.7435 -4.4182 -0.6988
vn -0.322987 0.47714 0.817323
v -1.82295 -4.00495 -1.0167
vn -0.0378767 0.18802 0.981435
v -1.7623 -3.9942 -1.0167
vn -0.0692987 0.258491 0.963525
v -1.6512 -4.0623 -0.81232
vn -0.0387834 0.860975 0.507166
v -1.9478 -4.471 -0.26135
vn -0.533203 0.448134 0.717545
v -1.9478 -4.4635 -0.2674
vn -0.592876 0.467306 0.655838
v -1.9251 -4.4483 -0.25771
vn -0.558397 0.432125 0.70814
v -1.9366 -4.4483 -0.2674
vn -0.583767 0.423367 0.692803
v -1.92 -4.4256 -0.2674
vn -0.542579 0.504802 0.671404
v -1.9024 -4.4256 -0.25763
vn -0.454437 0.351162 0.81864
v -1.9024 -4.4127 -0.2674
vn -0.450401 0.701985 0.551685
v -1.9127 -4.4029 -0.29011
vn -0.548606 0.647925 0.528418
v -1.9251 -4.4256 -0.27515
vn -0.550869 0.67213 0.494758
v -1.5425 -4.2894 -0.97126
vn 0.539735 -0.197579 0.818321
v -1.5391 -4.281 -0.97126
vn 0.541765 -0.219277 0.811424
v -1.5618 -4.3348 -0.96104
vn 0.764684 -0.218964 0.606064
v -1.5472 -4.3121 -0.97126
vn 0.764684 -0.218964 0.606064
v -1.5525 -4.244 -0.94855
vn 0.884503 -0.241587 0.399112
v -1.5618 -4.2667 -0.94168
vn 0.884503 -0.241587 0.399112
v -1.5587 -4.2667 -0.94855
vn 0.884503 -0.241587 0.399112
v -1.5698 -4.2667 -0.90314
vn 0.961966 -0.262762 0.0746811
v -1.5666 -4.2667 -0.92585
vn 0.959288 -0.247985 0.135168
v -1.5618 -4.244 -0.91827
vn 0.958773 -0.256834 0.121619
v -1.5634 -4.244 -0.90314
vn 0.951191 -0.308526 -0.00687489
v -1.5753 -4.2894 -0.88044
vn 0.970672 -0.239457 0.0213742
v -1.5743 -4.2894 -0.90314
vn 0.970007 -0.239293 0.0427285
v -1.5697 -4.2667 -0.88044
vn 0.963121 -0.268849 -0.0108589
v -1.3575 -4.1531 -0.8902
vn -0.403533 0.881847 -0.24394
v -1.5618 -4.4516 -0.83503
vn 0.657837 0.365648 0.658447
v -1.5618 -4.4256 -0.84707
vn 0.6229 0.259545 0.737992
v -1.5763 -4.4256 -0.83503
vn 0.666107 0.24489 0.704507
v -1.5618 -4.4748 -0.81232
vn 0.723293 0.517149 0.457607
v -1.5765 -4.471 -0.78962
vn 0.747622 0.5563 0.362757
v -1.5845 -4.4606 -0.78962
vn 0.868624 0.440042 0.227719
v -1.5845 -4.4483 -0.80573
vn 0.767968 0.515265 0.380432
v -1.5894 -4.4483 -0.78962
vn 0.909927 0.362489 0.201581
v -1.5845 -4.4424 -0.81232
vn 0.774924 0.432532 0.460878
v -1.5729 -4.4937 -0.74421
vn 0.879899 0.441677 0.175214
v -1.5841 -4.4705 -0.76691
vn 0.878939 0.462374 0.116947
v -1.58455 -4.47105 -0.74421
vn 0.926107 0.345671 0.151119
v -1.5931 -4.4483 -0.76691
vn 0.91885 0.364838 0.150357
v -1.5845 -4.4847 -0.7215
vn 0.787957 0.383274 0.481897
v -1.5887 -4.471 -0.7215
vn 0.903796 0.191838 0.382559
v -1.5845 -4.5082 -0.6988
vn 0.625154 0.573409 0.529514
v -1.5845 -4.4937 -0.71519
vn 0.77678 0.446711 0.443918
v -1.6072 -4.4937 -0.68839
vn 0.700668 0.524316 0.483898
v -1.6072 -4.4853 -0.6988
vn 0.637903 0.414795 0.648864
v -1.5908 -4.4483 -0.74421
vn 0.976301 0.191388 0.101028
v -1.5914 -4.4483 -0.7215
vn 0.897822 0.106787 0.427214
v -1.6007 -4.4256 -0.6988
vn 0.706655 -0.699604 -0.105795
v -1.5973 -4.4256 -0.67609
vn 0.940096 -0.180372 -0.289283
v -1.5754 -4.4483 -0.65339
vn 0.971453 -0.0508834 -0.231712
v -1.5845 -4.4483 -0.6624
vn 0.69993 0.101748 -0.706927
v -1.5787 -4.4256 -0.65339
vn 0.931465 0.135405 -0.337697
v -1.587 -4.4937 -0.65339
vn 0.734967 0.0117128 -0.678001
v -1.5845 -4.4937 -0.65068
vn 0.926326 -0.00813252 -0.376635
v -1.5845 -4.5011 -0.65339
vn 0.713355 0.240991 -0.658064
v -1.5845 -4.47065 -0.65313
vn 0.72622 -0.123886 -0.676207
v -1.5767 -4.4937 -0.63068
vn 0.990186 0.0130884 -0.13914
v -1.577 -4.471 -0.63068
vn 0.988058 -0.11256 -0.105224
v -1.5788 -4.471 -0.60798
vn 0.997961 -0.0102579 0.0630025
v -1.5731 -4.4483 -0.63068
vn 0.997849 -0.0153852 0.0637253
v -1.5763 -4.4256 -0.63068
vn 0.991886 0.120167 0.0415032
v -1.5783 -4.4483 -0.60798
vn 0.992371 0.00655932 0.123117
v -1.5796 -4.4256 -0.60798
vn 0.997207 0.0746465 -0.0025367
v -1.579 -4.4483 -0.58527
vn 0.998768 0.0483966 0.0109966
v -1.5808 -4.4256 -0.58527
vn 0.999961 0 -0.00880712
v -1.5792 -4.4256 -0.56257
vn 0.995739 -0.0394768 -0.0833419
v -1.7662 -4.4029 -0.70541
vn 0.229031 0.143158 0.962835
v -1.786 -4.4029 -0.6988
vn 0.47923 0.0799721 0.874038
v -1.7814 -4.3802 -0.6988
vn 0.45551 -0.0201211 0.890003
v -1.7662 -4.3802 -0.70568
vn 0.31872 -0.0292172 0.947398
v -1.7889 -4.3575 -0.69433
vn 0.410656 0.0693551 0.909149
v -1.7662 -4.3575 -0.70473
vn 0.284612 -0.000389665 0.958643
v -1.8116 -4.3348 -0.68849
vn 0.39328 0.195483 0.898397
v -1.7435 -4.3802 -0.70816
vn 0.108511 -0.0415687 0.993226
v -1.8116 -4.3121 -0.69434
vn 0.403649 0.255412 0.87854
v -1.5845 -4.3927 -0.83503
vn 0.934919 0.066291 0.348615
v -1.5855 -4.3802 -0.83503
vn 0.985827 -0.00103256 0.167762
v -1.5828 -4.4029 -0.83503
vn 0.666645 0.185167 0.722009
v -1.5746 -4.3802 -0.85773
vn 0.887755 0.116872 0.445231
v -1.5863 -4.3575 -0.83503
vn 0.993842 -0.00961545 0.110384
v -1.5845 -4.3575 -0.84427
vn 0.922346 0.10302 0.372377
v -1.5915 -4.4029 -0.81232
vn 0.952301 0.0337819 0.303284
v -1.5845 -4.4256 -0.82483
vn 0.887996 0.145596 0.436193
v -1.5902 -4.3802 -0.81232
vn 0.972347 -0.0403069 0.230034
v -1.5881 -4.3575 -0.81232
vn 0.992934 -0.0711033 0.0950088
v -1.5845 -4.3351 -0.834025
vn 0.989003 -0.140083 0.0474333
v -1.5846 -4.3348 -0.810435
vn 0.98001 -0.194582 -0.0414612
v -1.5801 -4.3121 -0.85773
vn 0.976834 -0.20656 0.0559215
v -1.5788 -4.3121 -0.88044
vn 0.976834 -0.20656 0.0559215
v -1.57545 -4.2894 -0.84638
vn 0.971036 -0.238835 0.00684182
v -1.56905 -4.2667 -0.84638
vn 0.959862 -0.280429 -0.00484608
v -1.55788 -4.23273 -0.85773
vn 0.949171 -0.313179 -0.031511
v -1.5807 -4.3121 -0.83503
vn 0.985788 -0.160691 0.0489927
v -1.592 -4.3802 -0.7215
vn 0.953291 0.0482949 0.298166
v -1.5991 -4.3802 -0.6988
vn 0.962187 0.111907 0.248342
v -1.5977 -4.4029 -0.6988
vn 0.991976 0.0524359 0.11504
v -1.5929 -4.3575 -0.7215
vn 0.930602 0.0983896 0.352561
v -1.603 -4.3575 -0.6988
vn 0.902595 0.15507 0.401591
v -1.5847 -4.1077 -0.789725
vn 0.340727 0.68044 0.648773
v -1.68665 -4.1985 -0.74776
vn -0.082132 0.215247 0.9731
v -1.6753 -4.21585 -0.742985
vn -0.0491974 0.231118 0.971681
v -1.66963 -4.1758 -0.750875
vn -0.0990277 0.17322 0.979892
v -1.6526 -4.2017 -0.74477
vn -0.0188736 0.136756 0.990425
v -1.6526 -4.2213 -0.7411
vn 0.0673645 0.185886 0.980259
v -1.6299 -4.2213 -0.74266
vn 0.0273847 0.131558 0.99093
v -1.62605 -4.19953 -0.744288
vn -0.0636536 0.0762607 0.995054
v -1.6072 -4.20255 -0.743715
vn -0.111628 -0.128322 0.98543
v -1.5673 -4.244 -0.78962
vn 0.834528 -0.511433 0.204938
v -1.5845 -4.1985 -0.73963
vn -0.230842 -0.157048 0.960233
v -1.6072 -4.1758 -0.74313
vn -0.243254 -0.094407 0.965357
v -1.5845 -4.1758 -0.73528
vn -0.318467 -0.178404 0.930995
v -1.5618 -4.1985 -0.73195
vn -0.238489 -0.23807 0.941512
v -1.5618 -4.1758 -0.72482
vn -0.126313 -0.26567 0.955753
v -1.5391 -4.1985 -0.72813
vn 0.461215 -0.300556 0.834833
v -1.5391 -4.1758 -0.72264
vn 0.608031 0.0749727 0.790365
v -1.6753 -4.0948 -0.76691
vn -0.0971675 0.843076 0.528944
v -1.6526 -4.085 -0.77836
vn -0.0971675 0.843076 0.528944
v -1.6753 -4.085 -0.78253
vn -0.0971675 0.843076 0.528944
v -1.8116 -4.3802 -0.67995
vn 0.523007 0.113439 0.844746
v -1.8343 -4.4029 -0.66251
vn 0.405629 0.192333 0.893573
v -1.857 -4.4256 -0.64959
vn 0.317019 0.208942 0.925117
v -1.857 -4.3802 -0.65948
vn 0.227847 0.208151 0.951188
v -1.8797 -4.3348 -0.66706
vn -0.0365099 0.116557 0.992513
v -1.8797 -4.3802 -0.66207
vn -0.0645981 0.165184 0.984145
v -1.857 -4.3575 -0.66439
vn 0.166597 0.172581 0.970804
v -1.857 -4.3121 -0.67175
vn 0.208417 0.177246 0.961845
v -1.8116 -4.3575 -0.68378
vn 0.443242 0.139559 0.885472
v -1.83484 -4.34847 -0.674919
vn 0.399634 0.188929 0.896994
v -1.8714 -4.2894 -0.67609
vn 0.111642 0.252979 0.961009
v -1.8945 -4.3121 -0.67609
vn -0.39228 0.143562 0.908574
v -1.8797 -4.3121 -0.6697
vn -0.0508321 0.184639 0.981491
v -1.884 -4.2894 -0.67609
vn -0.169614 0.263399 0.949659
v -1.8411 -4.3121 -0.679405
vn 0.426315 0.231766 0.87438
v -1.5981 -4.4029 -0.67609
vn 0.971197 0.236004 -0.0328326
v -1.5845 -4.4165 -0.65339
vn 0.856994 0.455854 -0.240329
v -1.5845 -4.4256 -0.66364
vn 0.818982 0.194599 -0.539815
v -1.5937 -4.4029 -0.65339
vn 0.878204 0.422712 -0.223767
v -1.6033 -4.3802 -0.65339
vn 0.952804 0.204694 -0.224199
v -1.6087 -4.3575 -0.67609
vn 0.955103 0.292553 -0.0468109
v -1.6072 -4.3528 -0.65339
vn 0.943363 0.159023 -0.291165
v -1.5953 -4.3802 -0.63068
vn 0.91263 0.0782162 -0.401234
v -1.5845 -4.4029 -0.61624
vn 0.961498 0.177847 -0.209502
v -1.5845 -4.4087 -0.63068
vn 0.963529 0.248324 -0.0997385
v -1.58395 -4.3802 -0.609015
vn 0.895844 -0.133443 -0.42386
v -1.5931 -4.3575 -0.63068
vn 0.831328 -0.0124477 -0.555643
v -1.6072 -4.3348 -0.64676
vn 0.770799 0.0279241 -0.636466
v -1.5891 -4.3348 -0.63068
vn 0.653802 -0.113799 -0.748059
v -1.5845 -4.3575 -0.61921
vn 0.794027 -0.195501 -0.575587
v -1.5758 -4.3575 -0.60798
vn 0.818658 -0.279422 -0.501719
v -1.5684 -4.3348 -0.60798
vn 0.846474 -0.137393 -0.514397
v -1.613 -4.3348 -0.65339
vn 0.653972 0.722373 -0.224716
v -1.6208 -4.3348 -0.67609
vn 0.627718 0.73851 -0.246116
v -1.6299 -4.328 -0.67609
vn 0.573337 0.767291 -0.287315
v -1.568 -4.3121 -0.60798
vn 0.93028 0.0671877 -0.360646
v -1.6072 -4.2709 -0.63068
vn 0.50673 0.503243 -0.69998
v -1.5883 -4.2667 -0.60798
vn 0.551979 0.789669 -0.267846
v -1.6072 -4.2667 -0.62802
vn 0.195165 0.870844 -0.451155
v -1.6072 -4.2576 -0.60798
vn 0.142205 0.980949 -0.132348
v -1.579 -4.4029 -0.58527
vn 0.981093 -0.111741 -0.158019
v -1.5712 -4.3802 -0.58527
vn 0.884677 -0.328396 -0.330912
v -1.5765 -4.4029 -0.56257
vn 0.929844 -0.351266 -0.109561
v -1.5646 -4.3802 -0.56257
vn 0.90254 -0.424061 -0.0747916
v -1.5618 -4.3556 -0.58527
vn 0.909987 -0.228188 -0.346198
v -1.5618 -4.3348 -0.58785
vn 0.990154 0.0904126 -0.106871
v -1.5618 -4.3703 -0.56257
vn 0.974267 -0.2112 -0.0787258
v -1.5618 -4.3575 -0.58044
vn 0.996135 -0.065662 -0.0583437
v -1.5613 -4.3575 -0.55894
vn 0.993333 0.036294 0.10942
v -1.5641 -4.3348 -0.56257
vn 0.976241 0.14595 0.160161
v -1.5618 -4.3348 -0.5707
vn 0.996129 0.0595354 0.0646713
v -1.5774 -4.4029 -0.53986
vn 0.885135 -0.46401 0.0350746
v -1.5655 -4.3802 -0.53986
vn 0.975911 -0.175001 0.13028
v -1.5705 -4.3575 -0.51716
vn 0.977195 0.110689 0.181215
v -1.5707 -4.3348 -0.53986
vn 0.956267 0.218401 0.194563
v -1.5698 -4.3802 -0.51716
vn 0.980313 0.0194343 0.196493
v -1.5736 -4.3348 -0.51716
vn 0.982356 0.186689 0.0111259
v -1.6299 -4.2611 -0.58527
vn -0.16127 0.972929 0.165534
v -1.6433 -4.2667 -0.58527
vn -0.446686 0.871771 0.201214
v -1.6299 -4.26825 -0.565875
vn -0.134553 0.917222 0.374965
v -1.6526 -4.2795 -0.56257
vn -0.41881 0.851332 0.315962
v -1.6526 -4.2748 -0.58527
vn -0.64892 0.745053 0.154268
v -1.6299 -4.2783 -0.53986
vn -0.0311804 0.930593 0.364725
v -1.6526 -4.2894 -0.53813
vn -0.494967 0.815594 0.299688
v -1.5668 -4.3121 -0.58527
vn 0.973866 0.225094 -0.0302967
v -1.5965 -4.2667 -0.58527
vn 0.482843 0.841505 0.242347
v -1.5845 -4.2758 -0.58527
vn 0.546854 0.725219 0.418339
v -1.6072 -4.2616 -0.58527
vn 0.0733207 0.979153 0.18943
v -1.6072 -4.2738 -0.56257
vn 0.387775 0.820491 0.42003
v -1.6072 -4.2667 -0.57427
vn 0.253314 0.860453 0.4421
v -1.5845 -4.29075 -0.56417
vn 0.634809 0.67894 0.36886
v -1.5845 -4.3048 -0.51716
vn 0.544208 0.819047 0.181658
v -1.6001 -4.2894 -0.53986
vn 0.560212 0.785255 0.2637
v -1.6072 -4.28945 -0.517875
vn 0.209089 0.970905 0.11673
v -1.5791 -4.3121 -0.53986
vn 0.952253 0.29784 0.0671178
v -1.5794 -4.3121 -0.51716
vn 0.966483 0.246935 -0.070237
v -1.6072 -4.2844 -0.53986
vn 0.284449 0.904422 0.317977
v -1.6299 -4.2861 -0.51716
vn 0.203274 0.940097 0.273674
v -1.4029 -4.2571 -0.78962
vn -0.389762 0.764268 0.51379
v -1.3802 -4.2452 -0.79143
vn -0.377057 0.766214 0.520332
v -1.4027 -4.244 -0.81232
vn -0.623729 0.667403 0.406859
v -1.3889 -4.2667 -0.76691
vn -0.532631 0.58847 0.608282
v -1.4029 -4.2667 -0.77853
vn -0.570455 0.449677 0.687293
v -1.401 -4.2894 -0.76691
vn -0.692743 0.380032 0.61293
v -1.3802 -4.2667 -0.76102
vn -0.420974 0.729105 0.539617
v -1.3843 -4.2894 -0.74421
vn -0.672166 0.439247 0.596032
v -1.3613 -4.2894 -0.7215
vn -0.593248 0.235889 0.769684
v -1.3575 -4.3121 -0.71771
vn -0.524598 0.0157483 0.851205
v -1.3802 -4.2066 -0.83503
vn -0.583937 0.506797 0.634172
v -1.3773 -4.1758 -0.88044
vn -0.166159 0.95739 -0.23621
v -1.3923 -4.2213 -0.83503
vn -0.612628 0.504273 0.608601
v -1.5391 -4.2017 -0.76691
vn 0.848226 -0.41298 -0.331602
v -1.5391 -4.2108 -0.74421
vn 0.818631 -0.572375 0.0472313
v -1.5305 -4.1985 -0.74421
vn 0.922575 -0.385433 -0.0172548
v -1.5279 -4.1758 -0.76691
vn 0.985248 -0.102628 -0.136943
v -1.5383 -4.1758 -0.78962
vn 0.902563 -0.33778 -0.266993
v -1.5247 -4.1758 -0.74421
vn 0.94851 0.15084 0.278525
v -1.5391 -4.1531 -0.74846
vn 0.833034 0.450661 0.320873
v -1.5294 -4.1531 -0.76691
vn 0.883613 0.0583894 0.464563
v -1.3161 -4.3348 -0.69693
vn -0.368632 -0.157775 0.916088
v -1.3121 -4.3121 -0.69128
vn -0.357863 -0.158876 0.920159
v -1.3348 -4.3121 -0.70122
vn -0.479624 -0.0310297 0.876925
v -1.2893 -4.3348 -0.68738
vn -0.2516 -0.11982 0.960386
v -1.2893 -4.3121 -0.6855
vn -0.115082 -0.0118136 0.993286
v -1.894 -4.4483 -0.2447
vn -0.213501 0.417058 0.883448
v -1.9024 -4.4526 -0.2447
vn -0.213501 0.417058 0.883448
v -1.80025 -4.5845 -0.237055
vn -0.14241 -0.0398481 0.989005
v -1.7662 -4.5618 -0.22897
vn -0.153469 -0.126921 0.979968
v -1.8343 -4.5618 -0.23982
vn -0.144186 -0.103601 0.984112
v -1.6753 -4.5407 -0.22199
vn -0.105665 -0.287881 0.951819
v -1.6526 -4.5391 -0.21902
vn -0.0993857 -0.302532 0.947943
v -1.6753 -4.5164 -0.21412
vn -0.0991436 -0.303687 0.9476
v -1.6526 -4.5164 -0.21189
vn -0.0933149 -0.298351 0.949884
v -1.5718 -4.3575 -0.49445
vn 0.996309 0.085586 0.00657912
v -1.5726 -4.3348 -0.49445
vn 0.994372 0.105125 -0.01314
v -1.60705 -4.28955 -0.48064
vn 0.184196 0.982886 0.00259153
v -1.6072 -4.2894 -0.50708
vn -0.0312814 0.999224 0.0239306
v -1.6299 -4.2894 -0.50481
vn 0.0273514 0.994078 0.105169
v -1.6299 -4.2912 -0.49445
vn -0.0378829 0.99595 0.0815436
v -1.5758 -4.3121 -0.49445
vn 0.988537 0.150755 0.00824345
v -1.5737 -4.3348 -0.47175
vn 0.989471 0.137306 0.0457682
v -1.9024 -4.3938 -0.29011
vn -0.428263 0.836225 0.342518
v -1.8797 -4.3831 -0.29011
vn -0.227702 0.799342 0.556062
v -1.894 -4.3802 -0.31281
vn -0.437802 0.828086 0.350147
v -1.857 -4.3644 -0.31281
vn -0.3054 0.888779 0.341765
v -1.8797 -4.371 -0.33552
vn -0.432509 0.888897 0.150989
v -1.8797 -4.3722 -0.31281
vn -0.276075 0.889443 0.364244
v -1.857 -4.3807 -0.29071
vn -0.121154 0.751612 0.648384
v -1.72135 -4.3348 -0.312635
vn -0.124774 0.0163948 0.99205
v -1.7435 -4.3348 -0.31767
vn -0.219862 0.0749823 0.972645
v -1.7435 -4.3575 -0.31592
vn -0.18293 0.0386713 0.982365
v -1.7207 -4.3575 -0.31254
vn -0.108802 -0.000962533 0.994063
v -1.8244 -4.3348 -0.33552
vn -0.386268 0.610431 0.6915
v -1.8116 -4.3348 -0.32837
vn -0.386268 0.610431 0.6915
v -1.8116 -4.3267 -0.33552
vn -0.386268 0.610431 0.6915
v -1.698 -4.3575 -0.31135
vn -0.0523508 -0.00351886 0.998623
v -1.5734 -4.4937 -0.60798
vn 0.934401 0.313105 -0.169881
v -1.5618 -4.5023 -0.58527
vn 0.825119 0.518107 -0.225266
v -1.5672 -4.4937 -0.58527
vn 0.87667 0.417333 -0.23934
v -1.5767 -4.471 -0.58527
vn 0.959106 0.242241 -0.146407
v -1.5745 -4.4483 -0.56257
vn 0.977188 0.202324 -0.0645582
v -1.5807 -4.4256 -0.53986
vn 0.99566 -0.0635806 0.0679675
v -1.5826 -4.4256 -0.51716
vn 0.98541 -0.169308 0.0173631
v -1.5787 -4.4029 -0.51716
vn 0.97216 -0.233099 0.0238556
v -1.857 -4.5845 -0.24239
vn -0.0501732 0.0898284 0.994693
v -1.8343 -4.5845 -0.24095
vn -0.100167 0.0914373 0.99076
v -1.8116 -4.538 -0.22199
vn 0.0495288 -0.354274 0.933829
v -1.8116 -4.5164 -0.21249
vn 0.108291 -0.44105 0.890925
v -1.83405 -4.5391 -0.221955
vn 0.106633 -0.486404 0.867203
v -1.8343 -4.5164 -0.2083
vn 0.155602 -0.507626 0.84741
v -1.7435 -4.5845 -0.22849
vn -0.109358 -0.0981673 0.989143
v -1.7435 -4.5618 -0.22657
vn -0.0654344 -0.142007 0.987701
v -1.70935 -4.5845 -0.226785
vn -0.00889009 -0.0344881 0.999366
v -1.70935 -4.5618 -0.226255
vn 0.00162129 -0.157144 0.987574
v -1.7885 -4.5391 -0.22199
vn -0.0619081 -0.257156 0.964385
v -1.7889 -4.5164 -0.21596
vn -0.0102151 -0.180473 0.983527
v -1.7435 -4.5484 -0.22199
vn 0.00993936 -0.327637 0.944752
v -1.7207 -4.5391 -0.21902
vn 0.0619986 -0.367488 0.927959
v -1.7435 -4.5391 -0.21796
vn 0.0366159 -0.384369 0.922453
v -1.6753 -4.5618 -0.22623
vn -0.0394577 -0.196855 0.979638
v -1.698 -4.5416 -0.22199
vn 0.0201234 -0.275143 0.961193
v -1.698 -4.5164 -0.21397
vn 0.0100606 -0.307265 0.951571
v -1.6526 -4.5507 -0.22199
vn -0.151637 -0.198855 0.968227
v -1.3348 -4.588 -0.35822
vn 0.948447 -0.171946 0.266239
v -1.3304 -4.5618 -0.35822
vn 0.957259 -0.281046 0.0683299
v -1.3224 -4.5391 -0.33552
vn 0.934435 -0.295504 -0.198765
v -1.3266 -4.5391 -0.35822
vn 0.97782 -0.105535 -0.180917
v -1.3255 -4.5164 -0.35822
vn 0.922201 -0.203125 -0.329068
v -1.3786 -4.5618 -0.2447
vn 0.460076 -0.553495 0.694243
v -1.3575 -4.5455 -0.2447
vn 0.377341 -0.488454 0.786782
v -1.3802 -4.5391 -0.22984
vn 0.377341 -0.488454 0.786782
v -1.3121 -4.5364 -0.29011
vn 0.779916 -0.623939 -0.0493105
v -1.3121 -4.5365 -0.2674
vn 0.738949 -0.610278 0.28551
v -1.2955 -4.5164 -0.2674
vn 0.738949 -0.610278 0.28551
v -1.3121 -4.5164 -0.24736
vn 0.649813 -0.536662 0.538272
v -1.3127 -4.4937 -0.334985
vn 0.742268 -0.0526781 -0.66803
v -1.297 -4.4937 -0.31281
vn 0.815622 -0.104195 -0.569126
v -1.5815 -4.4256 -0.49445
vn 0.984897 -0.167048 -0.0455315
v -1.5777 -4.4029 -0.49445
vn 0.970074 -0.207972 -0.125314
v -1.5723 -4.3802 -0.49445
vn 0.994443 -0.0969368 -0.0410593
v -1.5686 -4.3802 -0.47175
vn 0.985745 0.049939 -0.160662
v -1.5732 -4.3575 -0.47175
vn 0.998638 0.0519068 -0.00527707
v -1.5724 -4.3575 -0.44904
vn 0.997439 0.0703017 0.0131758
v -1.5751 -4.3348 -0.44904
vn 0.991146 0.117887 0.0611007
v -1.5845 -4.3011 -0.44904
vn 0.556175 0.798769 -0.229427
v -1.5845 -4.3001 -0.47175
vn 0.445278 0.894526 0.0393862
v -1.6072 -4.2896 -0.4478
vn 0.333187 0.906059 -0.260853
v -1.5845 -4.2894 -0.42529
vn 0.547005 0.727946 -0.413377
v -1.5675 -4.3121 -0.42634
vn 0.72349 0.561453 -0.401663
v -1.6072 -4.2818 -0.42634
vn 0.226012 0.880541 -0.416613
v -1.6299 -4.2867 -0.44904
vn 0.147159 0.926214 -0.34709
v -1.6299 -4.2777 -0.42634
vn 0.171446 0.879578 -0.44379
v -1.6299 -4.2525 -0.38093
vn 0.408316 0.902776 -0.13518
v -1.6526 -4.244 -0.38859
vn 0.30187 0.868351 -0.393499
v -1.64925 -4.2424 -0.38093
vn 0.348866 0.898161 -0.267579
v -1.6299 -4.2547 -0.35822
vn 0.413856 0.881655 0.226734
v -1.64935 -4.2422 -0.35822
vn 0.489267 0.869209 0.0713777
v -1.5684 -4.2894 -0.40363
vn 0.657777 0.590217 -0.467946
v -1.6072 -4.2667 -0.39879
vn 0.268701 0.875916 -0.400713
v -1.619 -4.2667 -0.40363
vn 0.225796 0.86983 -0.438648
v -1.6299 -4.2637 -0.40363
vn 0.231507 0.846842 -0.478815
v -1.5845 -4.2771 -0.40363
vn 0.386605 0.838894 -0.383136
v -1.5845 -4.2688 -0.38093
vn 0.416395 0.896283 -0.152617
v -1.6072 -4.2612 -0.38093
vn 0.337951 0.939122 -0.06196
v -1.5618 -4.2894 -0.39256
vn 0.764147 0.56651 -0.308457
v -1.5845 -4.2732 -0.35822
vn 0.338536 0.925034 0.17235
v -1.6045 -4.2658 -0.35822
vn 0.381362 0.821628 0.423664
v -1.5997 -4.2894 -0.33552
vn 0.402693 0.618578 0.674685
v -1.633 -4.2689 -0.33552
vn 0.406155 0.691629 0.597233
v -1.6526 -4.244 -0.35167
vn 0.43666 0.788388 0.433326
v -1.7662 -4.3575 -0.31602
vn 0.128734 0.409751 0.903068
v -1.7823 -4.3575 -0.31281
vn 0.176968 0.425254 0.887604
v -1.7435 -4.3653 -0.31281
vn -0.108978 0.384973 0.916471
v -1.7207 -4.3802 -0.3027
vn -0.145693 0.39446 0.90729
v -1.6753 -4.3575 -0.31066
vn -0.115869 -0.280012 0.952978
v -1.6753 -4.3348 -0.30399
vn 0.00840946 -0.203672 0.979003
v -1.698 -4.3348 -0.30675
vn -0.108966 -0.284096 0.952584
v -1.6318 -4.3575 -0.31301
vn 0.106076 -0.24051 0.964833
v -1.6072 -4.3802 -0.31423
vn 0.122051 0.0775904 0.989486
v -1.6072 -4.3575 -0.31601
vn 0.122051 0.0775904 0.989486
v -1.698 -4.3121 -0.29993
vn -0.0523318 -0.233001 0.971067
v -1.7207 -4.3121 -0.3022
vn -0.0953338 -0.286426 0.953348
v -1.6753 -4.3121 -0.30129
vn 0.136506 -0.117005 0.983705
v -1.6305 -4.31295 -0.31281
vn 0.321673 0.227111 0.91921
v -1.6526 -4.3121 -0.30623
vn 0.211223 -0.115446 0.970596
v -1.6526 -4.2566 -0.33552
vn 0.34229 0.628177 0.698736
v -1.6811 -4.2667 -0.31281
vn 0.376313 0.59403 0.710997
v -1.6526 -4.2667 -0.32644
vn 0.34229 0.628177 0.698736
v -1.6753 -4.244 -0.39679
vn 0.172404 0.861682 -0.477264
v -1.857 -4.5618 -0.24247
vn -0.0897011 -0.0230288 0.995702
v -1.5618 -4.4365 -0.29011
vn 0.0413182 0.610095 0.79125
v -1.5618 -4.4256 -0.29735
vn 0.0179439 0.426375 0.904368
v -1.5845 -4.4335 -0.29011
vn 0.084503 0.639353 0.764256
v -1.5391 -4.4371 -0.29011
vn 0.0565455 0.602517 0.796101
v -1.5391 -4.4256 -0.2973
vn 0.0284918 0.399943 0.916097
v -1.5618 -4.4533 -0.27288
vn 0.094831 0.710443 0.697336
v -1.5391 -4.4483 -0.28012
vn 0.102088 0.674953 0.730764
v -1.6423 -4.5618 -0.22199
vn -0.255794 -0.185256 0.948815
v -1.5164 -4.4256 -0.29886
vn 0.101023 0.277686 0.955346
v -1.5164 -4.4416 -0.29011
vn 0.145757 0.662995 0.734297
v -1.5391 -4.4029 -0.3038
vn 0.0346486 0.267003 0.963073
v -1.5164 -4.4029 -0.30474
vn 0.098551 0.251258 0.96289
v -1.48235 -4.4029 -0.308925
vn 0.0980486 0.334998 0.937103
v -1.471 -4.3963 -0.31281
vn 0.123476 0.527174 0.840738
v -1.471 -4.3802 -0.32543
vn 0.159589 0.633757 0.756891
v -1.4937 -4.3875 -0.31281
vn 0.211791 0.47453 0.85438
v -1.5046 -4.3802 -0.31281
vn 0.322051 0.544284 0.774621
v -1.4334 -4.4029 -0.31281
vn 0.0649024 0.483516 0.872926
v -1.4483 -4.3802 -0.32756
vn 0.0157044 0.668616 0.743442
v -1.471 -4.3728 -0.33552
vn 0.0717407 0.824243 0.561673
v -1.4483 -4.3753 -0.33552
vn -0.00750401 0.851562 0.524201
v -1.4256 -4.4029 -0.31381
vn 0.198138 0.339174 0.919621
v -1.4256 -4.3802 -0.32435
vn 0.00925817 0.629417 0.777012
v -1.4256 -4.3724 -0.33552
vn 0.0519299 0.82801 0.558303
v -1.4088 -4.3802 -0.33552
vn 0.35576 0.766244 0.535075
v -1.9147 -4.4029 -0.31281
vn -0.660991 0.748131 0.0582329
v -1.7207 -4.4043 -0.699365
vn -0.212804 0.411013 0.886444
v -1.7435 -4.4029 -0.70439
vn -0.183909 0.342121 0.921483
v -1.49265 -4.44805 -0.29011
vn 0.13465 0.552929 0.822277
v -1.471 -4.4483 -0.29284
vn 0.0966312 0.556586 0.825151
v -1.471 -4.4256 -0.30401
vn 0.0726871 0.334379 0.939631
v -1.4483 -4.4483 -0.29362
vn 0.0108576 0.56802 0.822943
v -1.4029 -4.4314 -0.31281
vn 0.596779 0.413549 0.687628
v -1.4089 -4.4256 -0.31281
vn 0.297269 0.325564 0.897574
v -1.4256 -4.4256 -0.30877
vn 0.211183 0.337131 0.917466
v -1.4029 -4.4483 -0.3035
vn 0.269167 0.577375 0.770835
v -1.4256 -4.4483 -0.29601
vn 0.149124 0.603854 0.783021
v -1.3575 -4.4608 -0.31281
vn 0.264873 0.842425 0.469215
v -1.3811 -4.4483 -0.31354
vn 0.4015 0.688653 0.603785
v -1.3802 -4.4298 -0.33552
vn 0.606268 0.482231 0.632371
v -1.3802 -4.4663 -0.29011
vn 0.242163 0.802398 0.545449
v -1.4029 -4.4614 -0.29011
vn 0.152491 0.706441 0.691149
v -1.3575 -4.4689 -0.29011
vn 0.107261 0.936402 0.334136
v -1.8797 -4.4029 -0.27124
vn -0.0929787 0.647084 0.756728
v -1.857 -4.4029 -0.27244
vn 0.0462611 0.630369 0.774916
v -1.7662 -4.40095 -0.288655
vn 0.146824 0.580549 0.800878
v -1.7662 -4.3802 -0.30386
vn 0.166679 0.582077 0.795867
v -1.7889 -4.3802 -0.29876
vn 0.129462 0.559575 0.818606
v -1.6478 -4.3802 -0.31208
vn 0.144003 0.441275 0.885742
v -1.6299 -4.4029 -0.30407
vn 0.157293 0.435886 0.88615
v -1.698 -4.3802 -0.30363
vn 0.14404 0.318622 0.936874
v -1.6753 -4.3802 -0.30712
vn 0.0597539 0.240296 0.968859
v -1.5845 -4.3802 -0.31385
vn -0.0197575 0.273776 0.96159
v -1.6299 -4.3857 -0.31281
vn 0.020421 0.326358 0.945026
v -1.5845 -4.4029 -0.30708
vn -0.02065 0.271051 0.962344
v -1.56485 -4.37957 -0.312693
vn -0.0684146 0.244732 0.967174
v -1.5618 -4.4029 -0.30669
vn -0.0895806 0.24209 0.96611
v -1.5391 -4.3802 -0.30921
vn -0.0446061 0.233724 0.971279
v -1.5164 -4.3802 -0.31012
vn 0.0389769 0.230437 0.972306
v -1.4483 -4.4256 -0.3054
vn 0.0875212 0.253266 0.963429
v -1.5164 -4.3575 -0.32776
vn 0.321185 0.631656 0.705586
v -1.5164 -4.3742 -0.31281
vn 0.321185 0.631656 0.705586
v -1.4029 -4.4029 -0.32271
vn 0.503649 0.375306 0.778128
v -1.4029 -4.3867 -0.33552
vn 0.593192 0.499343 0.63149
v -1.3946 -4.4029 -0.33552
vn 0.735966 0.311163 0.601275
v -1.5618 -4.3905 -0.90314
vn 0.824719 0.234917 -0.514444
v -1.5748 -4.4029 -0.92585
vn 0.821181 0.148316 -0.551058
v -1.5789 -4.3802 -0.92585
vn 0.899341 0.141095 -0.413858
v -1.5671 -4.3802 -0.90314
vn 0.929404 0.271989 -0.249458
v -1.5726 -4.3575 -0.90314
vn 0.983856 0.124813 -0.128256
v -1.5763 -4.3575 -0.92585
vn 0.996241 -0.0321839 -0.0804235
v -1.5756 -4.3348 -0.90314
vn 0.995663 0.0665123 0.0650474
v -1.5737 -4.3348 -0.92585
vn 0.991788 -0.0495179 0.117918
v -1.5748 -4.3575 -0.88044
vn 0.97239 0.17884 0.149911
v -1.5789 -4.3348 -0.88044
vn 0.988171 0.0485026 0.145483
v -1.5764 -4.3121 -0.90314
vn 0.991305 -0.0486597 0.122253
v -1.5721 -4.3121 -0.92585
vn 0.980238 -0.0791675 0.18129
v -1.5703 -4.2894 -0.92585
vn 0.98185 -0.077854 0.17294
v -1.5845 -4.1077 -0.97961
vn 0.535433 0.732206 0.420936
v -1.5845 -4.1125 -0.97126
vn 0.542284 0.831002 0.12395
v -1.5611 -4.12975 -0.97126
vn 0.70833 0.674596 0.207819
v -1.5462 -4.1985 -0.90314
vn 0.946002 -0.324051 0.00841224
v -1.5538 -4.2213 -0.92585
vn 0.947074 -0.29389 0.129148
v -1.5466 -4.1985 -0.92585
vn 0.953448 -0.301089 -0.0167913
v -1.64125 -4.1019 -0.94855
vn 0.0896957 0.970182 -0.225172
v -1.6299 -4.1034 -0.97126
vn 0.0571704 0.99821 -0.0175847
v -1.6526 -4.1022 -0.97126
vn 0.0746294 0.996429 -0.0394899
v -1.6526 -4.0926 -0.92585
vn 0.100596 0.920392 -0.377836
v -1.6072 -4.0982 -0.92585
vn 0.134673 0.908193 -0.396293
v -1.6753 -4.085 -0.91522
vn 0.0935428 0.8682 -0.487318
v -1.6753 -4.0776 -0.90314
vn 0.112129 0.830493 -0.545627
v -1.6299 -4.0667 -0.88044
vn 0.0514908 0.782828 -0.620104
v -1.5845 -4.1135 -0.94855
vn 0.463634 0.885807 -0.0197414
v -1.5956 -4.1077 -0.97126
vn 0.335916 0.940548 0.0502896
v -1.6034 -4.1067 -0.94855
vn 0.230985 0.962797 -0.140241
v -1.5845 -4.1077 -0.93121
vn 0.284298 0.858599 -0.426595
v -1.6072 -4.1048 -0.97126
vn 0.137949 0.990235 0.0201014
v -1.5781 -4.1077 -0.92585
vn 0.48401 0.7449 -0.459194
v -1.5603 -4.10697 -0.904415
vn 0.591297 0.70524 -0.391157
v -1.5618 -4.1187 -0.92585
vn 0.496753 0.736085 -0.4598
v -1.5845 -4.085 -0.89452
vn 0.368869 0.805873 -0.463147
v -1.6072 -4.0666 -0.88044
vn 0.322236 0.822049 -0.469467
v -1.5845 -4.0787 -0.88044
vn 0.534126 0.817129 -0.216817
v -1.5618 -4.0947 -0.88044
vn 0.588333 0.758236 -0.280968
v -1.5496 -4.1077 -0.88044
vn 0.697568 0.65464 -0.291282
v -1.3348 -4.1435 -0.90314
vn -0.529672 0.828349 -0.182442
v -1.3487 -4.1531 -0.90314
vn -0.490511 0.838111 -0.238684
v -1.5811 -4.3575 -0.85773
vn 0.971636 0.113426 0.207503
v -1.5823 -4.3348 -0.85773
vn 0.99171 -0.0759391 0.103657
v -1.5859 -4.35025 -0.78962
vn 0.979666 -0.186847 -0.0730974
v -1.5756 -4.2894 -0.81232
vn 0.983554 -0.180541 -0.00505299
v -1.5778 -4.3121 -0.78962
vn 0.979595 -0.18019 -0.0890194
v -1.5751 -4.2894 -0.78962
vn 0.995988 -0.0877485 -0.0175475
v -1.5701 -4.2667 -0.81232
vn 0.963592 -0.254437 0.0821703
v -1.56175 -4.2441 -0.83503
vn 0.943352 -0.329539 0.0386048
v -1.5618 -4.2386 -0.81232
vn 0.948503 -0.299497 0.103168
v -1.5726 -4.2667 -0.78962
vn 0.978721 -0.121941 0.16503
v -1.5801 -4.3348 -0.76691
vn 0.982966 -0.183332 0.012943
v -1.5822 -4.3348 -0.74421
vn 0.938472 -0.0735575 0.33743
v -1.58515 -4.35295 -0.74421
vn 0.953137 -0.137763 0.269353
v -1.5948 -4.3348 -0.7215
vn 0.799811 0.110653 0.589965
v -1.6072 -4.3418 -0.6988
vn 0.878503 0.139555 0.456899
v -1.5754 -4.3121 -0.76691
vn 0.994374 -0.0990038 0.0376613
v -1.5758 -4.2894 -0.76691
vn 0.96892 0.0799292 0.234104
v -1.5796 -4.3121 -0.74421
vn 0.963239 -0.0125017 0.268357
v -1.5845 -4.2905 -0.74421
vn 0.666705 0.307255 0.679043
v -1.5845 -4.2667 -0.75706
vn 0.69018 0.246394 0.680398
v -1.6052 -4.2639 -0.74421
vn 0.45718 0.276124 0.845424
v -1.5845 -4.244 -0.76061
vn 0.500074 0.153536 0.852263
v -1.6072 -4.244 -0.74783
vn 0.48245 0.181409 0.856932
v -1.5785 -4.2667 -0.76691
vn 0.950992 0.0425389 0.306275
v -1.5845 -4.3121 -0.73761
vn 0.661578 0.218026 0.717481
v -1.6072 -4.31115 -0.72093
vn 0.510204 0.400063 0.761342
v -1.6072 -4.2894 -0.73309
vn 0.469881 0.346419 0.811915
v -1.5381 -4.1758 -0.83503
vn 0.958565 -0.26928 0.0929577
v -1.5559 -4.2213 -0.81232
vn 0.944635 -0.327518 0.0199251
v -1.5471 -4.1985 -0.78962
vn 0.941902 -0.33463 -0.0290453
v -1.5391 -4.1304 -0.83829
vn 0.982542 0.170157 0.0752248
v -1.6299 -4.0623 -0.87597
vn 0.308138 0.828617 -0.467381
v -1.6072 -4.0623 -0.8783
vn 0.173338 0.948537 -0.265014
v -1.5845 -4.0744 -0.85773
vn 0.550415 0.833737 -0.0438903
v -1.6024 -4.0623 -0.85773
vn 0.551774 0.825586 0.11812
v -1.6072 -4.0695 -0.83503
vn 0.495324 0.782506 0.377279
v -1.6299 -4.0565 -0.83503
vn 0.4349 0.828253 0.353353
v -1.5618 -4.0918 -0.85773
vn 0.639171 0.76523 -0.0767077
v -1.6299 -4.0623 -0.82409
vn 0.344623 0.808244 0.477469
v -1.5618 -4.1077 -0.80477
vn 0.502656 0.792137 0.346202
v -1.5566 -4.1077 -0.81232
vn 0.502656 0.792137 0.346202
v -1.5728 -4.2894 -0.60798
vn 0.77659 0.458896 -0.43165
v -1.5845 -4.2696 -0.60798
vn 0.77659 0.458896 -0.43165
v -1.5364 -4.1531 -0.83503
vn 0.992838 0.119217 0.00780663
v -1.5364 -4.1531 -0.85773
vn 0.993 0.118115 0
v -1.3654 -4.4483 -0.33552
vn 0.443466 0.841393 0.308863
v -1.3327 -4.471 -0.29011
vn 0.128203 0.905355 0.404841
v -1.3348 -4.466 -0.31281
vn 0.146782 0.952055 0.268415
v -1.7662 -4.0461 -0.83503
vn -0.267337 0.963266 0.0254752
v -1.7662 -4.0455 -0.85773
vn -0.216373 0.950749 -0.221943
v -1.7889 -4.057 -0.83503
vn -0.474711 0.879662 -0.0290571
v -1.7435 -4.0431 -0.85773
vn 0.00415141 0.94316 -0.332314
v -1.7207 -4.0457 -0.85773
vn 0.0518534 0.98368 -0.172291
v -1.7435 -4.0444 -0.83503
vn 0.0219376 0.997993 0.0594033
v -1.7207 -4.0479 -0.83503
vn 0.063304 0.99334 0.0962765
v -1.6753 -4.0381 -0.85773
vn -0.161768 0.984882 0.0619615
v -1.6753 -4.0396 -0.8627
vn -0.113867 0.960012 -0.255756
v -1.698 -4.044 -0.85773
vn -0.175512 0.977819 0.114304
v -1.698 -4.0473 -0.83503
vn -0.119161 0.979991 0.15943
v -1.6753 -4.0441 -0.83503
vn 0.0257145 0.870566 0.49138
v -1.6753 -4.0396 -0.84868
vn -0.0960204 0.962779 0.25266
v -1.6299 -4.0484 -0.85773
vn 0.505962 0.855046 -0.113577
v -1.6526 -4.0396 -0.86974
vn 0.384157 0.821587 -0.42121
v -1.6437 -4.0396 -0.85773
vn 0.435957 0.871475 0.224663
v -1.6526 -4.0365 -0.85773
vn 0.0516359 0.986673 0.154308
v -1.6526 -4.0463 -0.83503
vn 0.204541 0.858836 0.469642
v -1.6753 -4.06345 -0.81323
vn -0.0103694 0.708664 0.70547
v -1.6072 -4.0598 -0.85773
vn 0.278776 0.927712 -0.248262
v -1.6072 -4.0894 -0.99397
vn 0.0251662 0.506601 0.861813
v -1.6299 -4.085 -0.99761
vn -0.0311427 0.53684 0.843109
v -1.6299 -4.0904 -0.99397
vn -0.0246251 0.558763 0.828962
v -1.5845 -4.0937 -0.99397
vn 0.163443 0.461893 0.871746
v -1.5618 -4.085 -1.0053
vn 0.255858 0.448018 0.856631
v -1.56095 -4.10695 -0.99397
vn 0.466825 0.529167 0.70856
v -1.2893 -4.1362 -0.94855
vn -0.374822 0.828576 -0.415897
v -1.3013 -4.1531 -0.97126
vn -0.427427 0.81872 -0.38341
v -1.3121 -4.1531 -0.95922
vn -0.388081 0.805882 -0.447154
v -1.3121 -4.1457 -0.94855
vn -0.350083 0.839134 -0.416289
v -1.2992 -4.1304 -0.92585
vn -0.321822 0.901588 -0.289083
v -1.3121 -4.1358 -0.92585
vn -0.477673 0.832459 -0.280786
v -1.3357 -4.1531 -0.927355
vn -0.6315 0.69197 -0.349837
v -1.5618 -4.3809 -0.88044
vn 0.750584 0.523486 0.40322
v -1.698 -4.0676 -0.81232
vn 0.0238096 0.675688 0.736803
v -1.698 -4.0623 -0.81718
vn 0.00871757 0.671673 0.740797
v -1.698 -4.0835 -0.78962
vn 0.250669 0.948363 0.194354
v -1.3802 -4.471 -0.28183
vn 0.0772492 0.881474 0.465871
v -1.80025 -4.0169 -1.0122
vn -0.0707698 0.31918 0.945048
v -1.7662 -4.0396 -1.0025
vn -0.0254326 0.271272 0.962167
v -1.7207 -4.0623 -1.0013
vn 0.0478507 0.117972 0.991863
v -1.7321 -4.0396 -1.00345
vn 0.0358976 0.188047 0.981504
v -1.7435 -4.0169 -1.0083
vn 0.00680864 0.248327 0.968652
v -1.698 -4.0169 -1.0093
vn 0.0226435 0.28489 0.958293
v -1.7435 -3.9942 -1.0152
vn 0.0200516 0.284039 0.958603
v -1.7435 -3.9879 -1.0167
vn -0.00328436 0.171391 0.985198
v -1.6526 -4.0396 -1.0099
vn 0.135134 0.305102 0.942683
v -1.6072 -4.0169 -1.0244
vn 0.146249 0.222148 0.963982
v -1.65375 -4.0177 -1.0167
vn 0.159794 0.258848 0.952609
v -1.66395 -3.9942 -1.0196
vn 0.117544 0.097095 0.98831
v -1.6072 -3.9942 -1.0267
vn 0.106442 0.0656742 0.992148
v -1.6753 -4.0009 -1.0167
vn 0.19123 0.241145 0.951462
v -1.6753 -4.0396 -1.007
vn 0.154469 0.267592 0.95107
v -1.69425 -3.993 -1.0167
vn 0.0181638 0.167999 0.98562
v -1.6052 -4.0396 -1.0167
vn 0.133185 0.362693 0.922342
v -1.7435 -4.0539 -0.81232
vn 0.33045 0.818214 0.470456
v -1.5618 -4.3182 -0.33552
vn 0.591541 0.403829 0.697855
v -1.5845 -4.3121 -0.32761
vn 0.379316 0.260128 0.887949
v -1.5845 -4.3348 -0.32096
vn 0.379316 0.260128 0.887949
v -1.53903 -4.15955 -0.881007
vn 0.994433 -0.0355726 -0.0991865
v -1.53875 -4.1758 -0.86398
vn 0.980177 -0.188687 -0.0604221
v -1.53928 -4.175 -0.81938
vn 0.973255 -0.221044 0.0625632
v -1.5546 -4.2213 -0.76691
vn 0.750002 -0.59311 -0.292777
v -1.5322 -4.1531 -0.78962
vn 0.955756 -0.0968404 -0.277764
v -1.2862 -4.1985 -0.81232
vn 0.270792 0.524559 0.807162
v -1.5476 -4.3348 -0.38093
vn 0.904311 0.163334 -0.39439
v -1.55965 -4.3348 -0.408725
vn 0.923023 0.0850633 -0.375223
v -1.5517 -4.3121 -0.38093
vn 0.904311 0.163334 -0.39439
v -1.5549 -4.2213 -0.88044
vn 0.939396 -0.342297 -0.0191961
v -1.546 -4.1985 -0.869085
vn 0.938881 -0.344219 -0.00400442
v -1.5581 -4.2213 -0.78962
vn 0.900356 -0.434389 -0.025775
v -1.6753 -4.0819 -0.78962
vn -0.0644389 0.914345 0.399775
v -1.5368 -4.1531 -0.81232
vn 0.983573 -0.167916 -0.0662532
v -1.5391 -4.1416 -0.76691
vn 0.832943 0.541708 0.112951
v -1.5391 -4.1363 -0.78962
vn 0.921401 0.378445 0.0883213
v -1.5845 -4.2983 -0.49445
vn 0.845169 0.532826 0.042252
v -1.5768 -4.3121 -0.44904
vn 0.776655 0.543657 -0.318189
v -1.5618 -4.3121 -0.41461
vn 0.920372 0.268139 -0.284634
v -1.559 -4.2894 -0.38093
vn 0.951984 0.306148 0
v -1.5618 -4.2894 -0.3627
vn 0.941968 0.302927 0.144679
v -1.6173 -4.244 -0.74421
vn 0.33089 0.19544 0.923209
v -1.5391 -4.1395 -0.81232
vn 0.970611 0.237072 -0.0413654
v -1.543 -4.1304 -0.81232
vn 0.917737 0.393299 -0.0554439
v -1.5757 -4.2894 -0.58527
vn 0.866705 0.441762 0.231666
v -1.5722 -4.3121 -0.56257
vn 0.875959 0.399953 0.269689
v -1.5845 -4.3044 -0.53986
vn 0.812733 0.519338 0.26411
v -1.5618 -4.2858 -0.38093
vn 0.606283 0.793124 0.0581016
v -1.6526 -4.3575 -0.31108
vn 0.111189 -0.0286842 0.993385
v -1.7171 -4.4029 -0.29011
vn 0.0359767 0.646702 0.761893
v -1.5845 -4.2983 -0.33552
vn 0.374332 0.461131 0.804508
v -1.67385 -4.243 -0.33552
vn 0.424092 0.614979 0.664791
v -1.857 -4.0412 -0.76691
vn -0.099754 0.963552 -0.248228
v -1.8797 -4.0464 -0.76691
vn -0.247829 0.885933 -0.392051
v -1.9072 -4.1985 -0.76691
vn -0.630146 0.756134 0.176572
v -1.7435 -4.0623 -0.99907
vn 0.0798921 0.227057 0.970599
v -1.6072 -4.3348 -0.70411
vn 0.609831 0.63592 0.472983
v -1.6299 -4.2992 -0.7215
vn 0.193145 0.5533 0.810281
v -1.6299 -4.2894 -0.72752
vn 0.199705 0.436506 0.877257
v -1.6526 -4.2926 -0.7215
vn 0.168448 0.481125 0.860316
v -1.6299 -4.3212 -0.6988
vn 0.471597 0.784141 0.403384
v -1.6299 -4.3121 -0.71078
vn 0.283838 0.647414 0.707313
v -1.6526 -4.3121 -0.70805
vn 0.11829 0.652222 0.748742
v -1.6299 -4.2667 -0.73659
vn 0.247979 0.287921 0.924991
v -1.6299 -4.244 -0.74076
vn 0.260038 0.174463 0.949707
v -1.8343 -4.1966 -0.743045
vn 0.072578 0.4899 0.868752
v -1.8343 -4.1758 -0.75324
vn 0.0510458 0.352611 0.934377
v -1.7207 -4.1531 -0.75609
vn 0.0062167 -0.210379 0.9776
v -1.7207 -4.1304 -0.75115
vn 0.00389633 -0.160447 0.987037
v -1.5437 -4.1304 -0.78962
vn 0.673662 0.724426 0.146246
v -1.5618 -4.1147 -0.78962
vn 0.649557 0.748837 0.131601
v -1.6526 -4.0767 -0.78962
vn 0.0271886 0.83261 0.553191
v -1.6299 -4.085 -0.7896
vn 0.32739 0.896846 0.297462
v -1.5522 -4.1304 -0.76691
vn 0.593108 0.709799 0.38001
v -1.5618 -4.1427 -0.74421
vn 0.288463 0.703809 0.649185
v -1.5618 -4.1279 -0.763035
vn 0.223296 0.816492 0.532429
v -1.5845 -4.1304 -0.75505
vn 0.0623622 0.722195 0.688873
v -1.5845 -4.1427 -0.74421
vn 0 0.577561 0.816348
v -1.5845 -4.1531 -0.73899
vn 0 0.448594 0.893736
v -1.6072 -4.3575 -0.68468
vn 0.923919 0.277839 0.26302
v -1.8797 -4.4256 -0.25528
vn -0.0226336 0.528905 0.848379
v -1.857 -4.4458 -0.2447
vn 0.0291857 0.56315 0.825839
v -1.857 -4.4099 -0.2674
vn 0.0708765 0.545608 0.835038
v -1.8797 -4.4483 -0.24264
vn 0.0157868 0.514558 0.85731
v -1.8236 -4.4483 -0.2447
vn 0.0378254 0.598323 0.800361
v -1.8343 -4.4256 -0.25981
vn 0.0723014 0.54405 0.835932
v -1.7719 -4.42613 -0.267842
vn 0.117249 0.630888 0.766963
v -1.7889 -4.4483 -0.24663
vn 0.0931218 0.617151 0.781315
v -1.7662 -4.4508 -0.246795
vn 0.0747453 0.653911 0.752871
v -1.8797 -4.471 -0.22801
vn -0.0387312 0.574115 0.817858
v -1.857 -4.4756 -0.22199
vn -0.0400159 0.568574 0.821658
v -1.8343 -4.4765 -0.22199
vn 0.0472772 0.563618 0.824681
v -1.7321 -4.48245 -0.22199
vn 0.00956473 0.549193 0.835641
v -1.698 -4.471 -0.23019
vn 0.0262683 0.647612 0.761517
v -1.7662 -4.471 -0.22905
vn 0.01159 0.594214 0.804224
v -1.7207 -4.45145 -0.24769
vn 0.0232557 0.674587 0.737829
v -1.698 -4.4554 -0.2447
vn 0.0763092 0.700919 0.709147
v -1.3348 -4.556 -0.31281
vn 0.872207 -0.473116 0.124161
v -1.7435 -4.4021 -0.29011
vn 0.0446458 0.56348 0.824922
v -1.7435 -4.4298 -0.2674
vn 0.0536595 0.652225 0.756124
v -1.7889 -4.3348 -0.32385
vn -0.0478091 0.563611 0.824656
v -1.698 -4.404 -0.290815
vn 0.125327 0.505445 0.853709
v -1.66395 -4.41385 -0.29011
vn 0.137579 0.580391 0.802632
v -1.7207 -4.4281 -0.26954
vn 0.0618107 0.648764 0.758475
v -1.698 -4.4256 -0.27404
vn 0.097749 0.673628 0.732578
v -1.6526 -4.3348 -0.30569
vn 0.193861 0.120542 0.973595
v -1.6246 -4.3348 -0.31151
vn 0.23084 0.136419 0.963381
v -1.8572 -4.0169 -1.01665
vn -0.138481 0.258916 0.955921
v -1.7889 -3.9942 -1.0184
vn -0.0328592 0.207543 0.977674
v -1.8764 -4.0623 -0.74421
vn -0.406899 0.719341 0.563011
v -1.8797 -4.0623 -0.74605
vn -0.320213 0.753431 0.574288
v -1.3802 -4.5845 -0.25462
vn 0.607872 -0.217656 0.763621
v -1.3348 -4.4835 -0.2674
vn 0.0761627 0.86434 0.497107
v -1.5459 -4.3348 -0.33552
vn 0.442637 0.73939 0.507322
v -1.5618 -4.3348 -0.32638
vn 0.388711 0.625819 0.676206
v -1.5391 -4.3575 -0.31842
vn 0.388711 0.625819 0.676206
v -1.7207 -4.0984 -0.97126
vn -0.0468617 0.967225 0.249558
v -1.7207 -4.0969 -0.94855
vn -0.0974701 0.973008 -0.209176
v -1.5411 -4.1758 -0.97126
vn 0.950418 0.171661 0.259304
v -1.5391 -4.1758 -0.97859
vn 0.892461 0.144007 0.427522
v -1.5452 -4.1531 -0.97126
vn 0.883346 0.366599 0.292071
v -1.5391 -4.1531 -0.98529
vn 0.852007 0.154605 0.500181
v -1.6753 -4.085 -0.99764
vn 0.0774661 0.359328 0.92999
v -1.6753 -4.0901 -0.99397
vn 0.0808013 0.849362 0.521589
v -1.68665 -4.0623 -1.0034
vn 0.0586028 0.26927 0.96128
v -1.698 -4.0983 -0.97126
vn 0.0713581 0.971642 0.225433
v -1.6526 -4.0915 -0.99397
vn 0.0275684 0.867388 0.496868
v -1.6526 -4.085 -0.99866
vn 0.0131356 0.362915 0.93173
v -1.6526 -4.0623 -1.0052
vn 0.0523877 0.217103 0.974742
v -1.6299 -4.0623 -1.0058
vn 0.032633 0.292083 0.955836
v -1.54005 -4.1322 -0.99397
vn 0.658911 0.411732 0.629534
v -1.6072 -4.0623 -1.0066
vn 0.0738059 0.384236 0.92028
v -1.5845 -4.0623 -1.0093
vn 0.18356 0.405085 0.895663
v -1.5577 -4.05935 -1.0167
vn 0.165377 0.300221 0.939424
v -1.5465 -4.1531 -0.94855
vn 0.930292 0.366815 0.00204876
v -1.5429 -4.1758 -0.94855
vn 0.990481 0.136719 -0.0159975
v -1.5424 -4.1758 -0.92585
vn 0.995638 0.0760232 -0.0540811
v -1.5446 -4.1531 -0.92585
vn 0.990847 0.116395 -0.0683753
v -1.5415 -4.1758 -0.90314
vn 0.996179 0.0351085 -0.0799667
v -1.5423 -4.1531 -0.90314
vn 0.989457 0.0662143 -0.128808
v -1.698 -4.0973 -0.94855
vn 0.031926 0.975712 -0.216717
v -1.56085 -4.1294 -0.94855
vn 0.730325 0.672796 -0.118202
v -1.553 -4.1304 -0.92585
vn 0.769993 0.59112 -0.240182
v -1.5461 -4.1304 -0.90314
vn 0.895909 0.356548 -0.264991
v -1.5396 -4.1304 -0.876875
vn 0.982454 0.0838866 -0.166577
v -1.5331 -4.1531 -0.99397
vn 0.808584 0.183772 0.558945
v -1.5296 -4.1758 -0.99397
vn 0.831982 0.14324 0.535993
v -1.5164 -4.1014 -1.0167
vn 0.221096 0.182494 0.958025
v -1.7473 -4.4483 -0.67609
vn -0.173222 0.637316 0.750881
v -1.7662 -4.2667 -0.72779
vn 0.19955 0.363757 0.909868
v -1.7662 -4.244 -0.73671
vn 0.202627 0.310074 0.928868
v -1.7435 -4.2667 -0.7299
vn 0.0695434 0.357008 0.931509
v -1.7435 -4.244 -0.73996
vn 0.0316401 0.369204 0.92881
v -1.7435 -4.1985 -0.75101
vn 0.100282 0.191334 0.976389
v -1.7435 -4.1758 -0.75493
vn 0.0534336 0.128038 0.990329
v -1.7207 -4.1758 -0.75594
vn -0.0211523 0.0913645 0.995593
v -1.5468 -4.1077 -0.83503
vn 0.852741 0.494857 0.16718
v -1.5391 -4.1252 -0.85773
vn 0.977772 0.207368 0.0309741
v -1.5461 -4.1077 -0.85773
vn 0.760269 0.649593 0.00440916
v -1.5764 -4.085 -0.83503
vn 0.473761 0.828979 0.297227
v -1.5618 -4.0945 -0.83503
vn 0.571705 0.786918 0.232191
v -1.5845 -4.0945 -0.81232
vn 0.3701 0.796796 0.477643
v -1.6072 -4.085 -0.81074
vn 0.414671 0.756294 0.50603
v -1.6072 -4.1006 -0.78962
vn 0.362623 0.723998 0.586798
v -1.698 -4.1531 -0.75523
vn -0.0456861 0.0187736 0.998779
v -1.6753 -4.1531 -0.75332
vn -0.0754752 0.0987164 0.992249
v -1.6299 -4.1758 -0.74656
vn -0.106225 0.0911737 0.990153
v -1.6526 -4.1531 -0.75124
vn -0.088719 0.154466 0.984007
v -1.6299 -4.1531 -0.74838
vn -0.106212 0.209119 0.972105
v -1.68665 -4.244 -0.73743
vn -0.0317042 0.224407 0.97398
v -1.6072 -4.1611 -0.74421
vn -0.152429 0.070944 0.985765
v -1.6072 -4.1531 -0.74524
vn -0.189048 0.363093 0.912373
v -1.698 -4.1304 -0.75397
vn 0.0672577 -0.048292 0.996566
v -1.6753 -4.1304 -0.75541
vn 0.048644 0.104872 0.993295
v -1.698 -4.1077 -0.75495
vn 0.185114 0.281406 0.941564
v -1.6753 -4.1077 -0.76065
vn 0.135721 0.31884 0.938041
v -1.6299 -4.11025 -0.769045
vn 0.263023 0.59758 0.757441
v -1.6408 -4.1077 -0.76691
vn 0.195666 0.485657 0.85197
v -1.6526 -4.1304 -0.75541
vn 0.0259497 0.261212 0.964933
v -1.6299 -4.1304 -0.75531
vn 0.0236896 0.412993 0.910426
v -1.6526 -4.1001 -0.76691
vn 0.173955 0.428671 0.886555
v -1.698 -4.0893 -0.76691
vn 0.15245 0.780028 0.60689
v -1.6072 -4.1193 -0.76691
vn 0.129919 0.695535 0.706648
v -1.6072 -4.1077 -0.7812
vn 0.203123 0.78204 0.589198
v -1.5845 -4.1217 -0.76691
vn 0.139494 0.823778 0.549483
v -1.6072 -4.1304 -0.75562
vn -0.0610859 0.545256 0.836041
v -1.6526 -4.3187 -0.65339
vn -0.418722 0.803786 -0.422611
v -1.6526 -4.3253 -0.67609
vn -0.570411 0.806609 -0.15496
v -1.6722 -4.3348 -0.65339
vn -0.576528 0.787931 -0.216287
v -1.6692 -4.3348 -0.67609
vn -0.49562 0.866066 -0.0655009
v -1.6526 -4.3121 -0.64193
vn -0.353842 0.810504 -0.466775
v -1.6299 -4.2809 -0.63068
vn -0.248617 0.564345 -0.787213
v -1.5164 -4.42545 -0.471875
vn -0.432855 0.577198 -0.692444
v -1.44955 -4.38065 -0.35822
vn 0.206907 0.323014 -0.923499
v -1.4256 -4.3802 -0.35501
vn 0.136066 0.0877113 -0.986809
v -1.6299 -4.0396 -1.0128
vn 0.107201 0.336802 0.935453
v -1.5845 -4.0396 -1.0195
vn 0.0851802 0.31699 0.944596
v -1.5845 -4.0169 -1.0261
vn 0.0241548 0.18569 0.982311
v -1.5618 -4.0396 -1.0209
vn 0.0215647 0.174935 0.984344
v -1.5391 -4.0396 -1.0212
vn 0.0130855 0.137901 0.99036
v -1.5618 -4.0169 -1.0243
vn -0.0605245 0.115432 0.99147
v -1.5391 -4.0169 -1.0225
vn -0.0287331 0.0518162 0.998243
v -1.5845 -3.9942 -1.0274
vn -0.0515287 0.00776904 0.998641
v -1.5164 -3.9942 -1.0223
vn -0.0534732 0.020137 0.998366
v -1.3171 -4.23265 -0.99397
vn -0.245676 0.00711276 0.969326
v -1.3348 -4.23265 -0.99712
vn -0.212856 -0.015658 0.976958
v -1.3199 -4.2667 -0.99397
vn -0.317429 0.0114146 0.948213
v -1.3348 -4.2667 -0.9976
vn -0.236695 -0.00856136 0.971546
v -1.3121 -4.2894 -0.98887
vn -0.455867 0.0386632 0.889208
v -1.6072 -4.471 -0.65656
vn 0.457982 0.290205 -0.840258
v -1.7207 -4.3802 -0.70548
vn -0.115248 0.15938 0.980467
v -1.7207 -4.3575 -0.70909
vn -0.0666446 0.148365 0.986684
v -1.7207 -4.3348 -0.71382
vn -0.00605207 0.16932 0.985543
v -1.8988 -4.2667 -0.6988
vn -0.40378 0.539321 0.738982
v -1.5618 -4.4029 -0.85524
vn 0.683042 0.233078 0.692191
v -1.5618 -4.399 -0.85773
vn 0.690499 0.451351 0.565238
v -1.67565 -4.3344 -0.6988
vn -0.573743 0.61408 0.541963
v -1.698 -4.3348 -0.71043
vn -0.454702 0.277371 0.846352
v -1.6902 -4.3575 -0.6988
vn -0.454702 0.277371 0.846352
v -1.698 -4.3575 -0.70318
vn -0.471676 0.26827 0.839972
v -1.6635 -4.2894 -0.58527
vn -0.73853 0.671381 0.0618178
v -1.6616 -4.2894 -0.56257
vn -0.729985 0.663612 0.163529
v -1.5352 -4.4256 -0.85773
vn 0.396372 0.0883386 0.91383
v -1.5164 -4.4029 -0.86505
vn 0.24167 0.52964 0.813066
v -1.5391 -4.4029 -0.85852
vn 0.264922 0.460097 0.847424
v -1.5391 -4.3897 -0.88044
vn 0.146794 0.84738 0.510294
v -1.4416 -4.4256 -0.42634
vn 0.621336 0.728518 -0.28845
v -1.4256 -4.4285 -0.40363
vn 0.544862 0.721578 -0.427142
v -1.3876 -4.4256 -0.35822
vn 0.801264 0.565642 -0.195001
v -1.4483 -4.5391 -0.23126
vn -0.0498965 0.323842 0.944795
v -1.3802 -4.5008 -0.2447
vn -0.0346959 0.60859 0.792726
v -1.3802 -4.4937 -0.25064
vn 0.0414109 0.73989 0.671452
v -1.5164 -4.5383 -0.22199
vn 0.235356 0.499991 0.833437
v -1.4256 -4.5829 -0.22199
vn 0.0313283 -0.0274641 0.999132
v -1.4256 -4.5601 -0.2217
vn -0.0171865 0.175421 0.984343
v -1.421 -4.5618 -0.22199
vn 0.101945 0.155408 0.982576
v -1.4256 -4.5391 -0.22852
vn -0.055535 0.29343 0.954366
v -1.4029 -4.5391 -0.2272
vn 0.0435028 0.189809 0.980857
v -1.4029 -4.5164 -0.23762
vn -0.150761 0.503771 0.85058
v -1.3802 -4.5164 -0.23362
vn 0.0829341 0.227759 0.970179
v -1.3575 -4.5391 -0.23803
vn 0.27304 -0.0150018 0.961886
v -1.3575 -4.5164 -0.23494
vn 0.150091 0.271384 0.950696
v -1.2942 -4.4937 -0.29011
vn 0.872527 0.453997 0.18051
v -1.2915 -4.5164 -0.29011
vn 0.992659 0.118069 0.0262284
v -1.3121 -4.4773 -0.29011
vn 0.541016 0.789384 0.290129
v -1.3121 -4.4748 -0.31281
vn 0.779431 0.622723 0.0685833
v -1.3121 -4.4937 -0.26233
vn 0.380063 0.704597 0.599246
v -1.3348 -4.5049 -0.2447
vn 0.214474 0.54821 0.808373
v -1.3348 -4.4937 -0.2536
vn 0.1272 0.725966 0.675865
v -1.3068 -4.4937 -0.2674
vn 0.702466 0.553959 0.446845
v -1.3459 -4.5391 -0.2447
vn 0.49504 -0.117191 0.860931
v -1.3348 -4.5164 -0.23837
vn 0.209035 0.471562 0.856699
v -1.5645 -4.3575 -0.42634
vn 0.779838 0.494542 -0.383772
v -1.5491 -4.3802 -0.42634
vn 0.645153 0.581768 -0.495302
v -1.5391 -4.38365 -0.421775
vn 0.181943 0.796861 -0.576116
v -1.5391 -4.3701 -0.40363
vn 0.370084 0.717787 -0.589762
v -1.5512 -4.3575 -0.40363
vn 0.664806 0.552376 -0.502905
v -1.5391 -4.3575 -0.39111
vn 0.353166 0.710466 -0.608697
v -1.5164 -4.3877 -0.42634
vn 0.0634173 0.842719 -0.534606
v -1.5164 -4.3802 -0.41277
vn 0.150614 0.850644 -0.503707
v -1.5012 -4.3802 -0.40363
vn 0.311932 0.821797 -0.47681
v -1.4937 -4.3842 -0.40363
vn 0.497766 0.742719 -0.447881
v -1.4483 -4.4124 -0.40363
vn 0.504031 0.784419 -0.361441
v -1.471 -4.4029 -0.42352
vn 0.529854 0.833208 -0.158176
v -1.471 -4.4 -0.40363
vn 0.480071 0.785509 -0.390522
v -1.4483 -4.4029 -0.38637
vn 0.412837 0.751259 -0.514952
v -1.47505 -4.38325 -0.38093
vn 0.47983 0.733717 -0.481063
v -1.5164 -4.3757 -0.40363
vn 0.275765 0.79746 -0.536667
v -1.5198 -4.3575 -0.37913
vn 0.346729 0.818898 -0.457368
v -1.4937 -4.3693 -0.38093
vn 0.40177 0.796829 -0.45127
v -1.5391 -4.3479 -0.38093
vn 0.490887 0.723956 -0.484682
v -1.471 -4.3802 -0.37407
vn 0.401847 0.750707 -0.524364
v -1.4979 -4.3575 -0.35822
vn 0.432348 0.892329 -0.129705
v -1.5164 -4.3497 -0.35822
vn 0.492167 0.855742 -0.159617
v -1.5391 -4.3348 -0.3619
vn 0.633536 0.728149 -0.261593
v -1.4937 -4.3633 -0.33552
vn 0.366899 0.843807 0.39163
v -1.5061 -4.3575 -0.33552
vn 0.406661 0.832222 0.376874
v -1.5164 -4.353 -0.33552
vn 0.506516 0.838578 0.200569
v -1.5391 -4.3348 -0.3485
vn 0.549814 0.819964 0.159261
v -1.471 -4.3716 -0.35822
vn 0.442179 0.880409 -0.17134
v -1.4256 -4.4116 -0.38093
vn 0.461994 0.711911 -0.528909
v -1.4405 -4.4029 -0.38093
vn 0.33558 0.730833 -0.594364
v -1.4256 -4.4029 -0.37251
vn 0.416278 0.614855 -0.669825
v -1.4033 -4.40335 -0.358
vn 0.732436 0.531591 -0.42538
v -1.4256 -4.3875 -0.35822
vn 0.415466 0.63654 -0.649773
v -1.3348 -4.1758 -0.99555
vn -0.166194 0.00980851 0.986044
v -1.3137 -4.1985 -0.993585
vn -0.259544 -0.238566 0.935801
v -1.3257 -4.1758 -0.99397
vn -0.30205 -0.138383 0.943194
v -1.3121 -4.1758 -0.98531
vn -0.473301 -0.254956 0.843198
v -1.961 -4.5618 -0.2447
vn -0.824908 0.328136 0.460276
v -1.9559 -4.5845 -0.22199
vn -0.796497 0.300221 0.524842
v -1.9478 -4.5845 -0.21735
vn -0.442859 0.454087 0.773098
v -1.9147 -4.5845 -0.22199
vn 0.427957 0.256934 0.866509
v -1.9024 -4.5845 -0.23026
vn 0.486886 0.156352 0.859358
v -1.9024 -4.5618 -0.23439
vn 0.313514 0.0574808 0.947842
v -1.9251 -4.5732 -0.22199
vn 0.333177 0.329684 0.883347
v -1.9251 -4.5618 -0.2265
vn 0.318414 0.243666 0.9161
v -1.9251 -4.5845 -0.21727
vn 0.386273 0.355522 0.851115
v -1.9251 -4.5391 -0.23106
vn -0.055851 0.0212543 0.998213
v -1.9024 -4.5391 -0.233
vn 0.0684331 -0.0609766 0.995791
v -1.9251 -4.5164 -0.22934
vn -0.511163 0.0608912 0.857324
v -1.9478 -4.5164 -0.24298
vn -0.57816 0.0962986 0.810221
v -1.6426 -4.2894 -0.51716
vn -0.411636 0.873012 0.261547
v -1.6526 -4.2986 -0.51716
vn -0.64431 0.700329 0.307253
v -1.8797 -4.5845 -0.24182
vn 0.404977 0.107795 0.907951
v -1.8797 -4.5618 -0.24308
vn 0.353181 -0.155255 0.922583
v -1.8797 -4.5391 -0.23418
vn 0.207412 -0.21624 0.954055
v -1.7207 -4.5164 -0.21213
vn 0.0686839 -0.136647 0.988236
v -1.6526 -4.4483 -0.2584
vn 0.117124 0.712577 0.691749
v -1.6526 -4.4607 -0.2447
vn 0.0814197 0.71863 0.690609
v -1.6299 -4.4256 -0.28583
vn 0.12668 0.662925 0.73789
v -1.62155 -4.4483 -0.265145
vn 0.166318 0.722122 0.671474
v -1.6299 -4.471 -0.23613
vn 0.153118 0.736837 0.658503
v -1.5927 -4.47335 -0.2447
vn 0.185981 0.710037 0.67916
v -1.5391 -4.471 -0.25818
vn 0.156059 0.645535 0.747616
v -1.5618 -4.471 -0.25432
vn 0.131684 0.706114 0.695746
v -1.5391 -4.49055 -0.242575
vn 0.195221 0.555721 0.808123
v -1.5845 -4.45165 -0.271375
vn 0.135507 0.743873 0.65444
v -1.6088 -4.4256 -0.29048
vn 0.184994 0.617551 0.764466
v -1.6753 -4.5845 -0.22824
vn 0.0255342 -0.0248302 0.999366
v -1.6526 -4.5845 -0.22838
vn -0.122256 -0.0859068 0.988774
v -1.6299 -4.5845 -0.22287
vn -0.317677 -0.0842777 0.944446
v -1.6299 -4.5391 -0.21474
vn -0.230343 -0.152475 0.96109
v -1.6072 -4.5845 -0.21242
vn -0.394117 -0.0163022 0.918916
v -1.5793 -4.5845 -0.200885
vn -0.306901 0.0945093 0.947037
v -1.6072 -4.5618 -0.21098
vn -0.266681 -0.0553407 0.962195
v -1.5845 -4.5618 -0.20488
vn -0.209357 0.115469 0.970998
v -1.5618 -4.56735 -0.20044
vn -0.0403046 0.220679 0.974513
v -1.5391 -4.5845 -0.19715
vn -0.00386871 0.22855 0.973524
v -1.5391 -4.5618 -0.20343
vn 0.123222 0.295746 0.947286
v -1.6072 -4.5391 -0.21041
vn -0.128886 -0.0879829 0.987749
v -1.5845 -4.5391 -0.20731
vn -0.0540004 0.109022 0.992571
v -1.6299 -4.5164 -0.20883
vn -0.0926321 -0.161022 0.982594
v -1.6072 -4.5164 -0.20888
vn 0.122263 0.243807 0.962086
v -1.5845 -4.5164 -0.21341
vn 0.179286 0.395487 0.900803
v -1.5618 -4.5391 -0.20749
vn 0.119709 0.350191 0.928997
v -1.5391 -4.5391 -0.21335
vn 0.224488 0.439778 0.869598
v -1.548 -4.51857 -0.223225
vn 0.244167 0.494306 0.834292
v -1.5618 -4.5845 -0.19703
vn -0.0466209 0.181102 0.982359
v -1.6753 -4.4824 -0.22199
vn -0.00305425 0.574269 0.818661
v -1.6753 -4.471 -0.23207
vn 0.0453819 0.697775 0.714878
v -1.70935 -4.4937 -0.216505
vn 0.00327588 0.260183 0.965554
v -1.6753 -4.4937 -0.21503
vn -0.0477516 0.256312 0.965414
v -1.6526 -4.4821 -0.22199
vn 0.0410723 0.686267 0.726189
v -1.6299 -4.4845 -0.22199
vn 0.122323 0.696259 0.707291
v -1.6526 -4.4937 -0.2131
vn -0.0398471 0.376826 0.925427
v -1.5845 -4.5018 -0.22199
vn 0.24107 0.497949 0.833026
v -1.5618 -4.4937 -0.23493
vn 0.227861 0.623529 0.747857
v -1.60385 -4.4937 -0.22069
vn 0.242131 0.553439 0.796917
v -1.6299 -4.4937 -0.21273
vn 0.257278 0.406007 0.876907
v -1.4937 -4.5072 -0.2447
vn 0.223719 0.478001 0.849391
v -1.4937 -4.4937 -0.2529
vn 0.1876 0.547795 0.815308
v -1.5217 -4.4937 -0.2447
vn 0.219463 0.508654 0.832531
v -1.5164 -4.471 -0.26329
vn 0.183867 0.637759 0.747968
v -1.49735 -4.4721 -0.2674
vn 0.164012 0.631043 0.758212
v -1.471 -4.4783 -0.2674
vn 0.0739567 0.601303 0.795591
v -1.4483 -4.471 -0.27303
vn 0.00278572 0.623067 0.782163
v -1.471 -4.50415 -0.25106
vn 0.140111 0.514136 0.846187
v -1.4483 -4.4937 -0.25871
vn 0.0382971 0.504772 0.862403
v -1.4029 -4.4788 -0.2674
vn 0.00938063 0.609876 0.792442
v -1.4256 -4.471 -0.27356
vn 0.0146012 0.639705 0.768482
v -1.6299 -4.28995 -0.46706
vn -0.00869831 0.998136 -0.0604101
v -1.6753 -4.2285 -0.35822
vn 0.399621 0.785167 0.473091
v -1.6299 -4.2894 -0.32176
vn 0.349825 0.475367 0.807248
v -1.6072 -4.3348 -0.31585
vn 0.239564 0.182727 0.95353
v -1.6072 -4.3121 -0.3202
vn 0.309247 0.340294 0.888013
v -1.5164 -4.4483 -0.48706
vn -0.46198 0.490307 -0.739036
v -1.4029 -4.4937 -0.25391
vn -0.141781 0.590237 0.794682
v -1.4256 -4.4937 -0.25796
vn -0.0811211 0.556656 0.826773
v -1.3802 -4.4796 -0.2674
vn 0.105407 0.854234 0.509092
v -1.4029 -4.471 -0.27713
vn 0.105407 0.854234 0.509092
v -1.5164 -4.5899 -0.19929
vn 0.184017 0.272496 0.944396
v -1.5232 -4.5845 -0.19929
vn 0.159425 0.282342 0.945974
v -1.5164 -4.5618 -0.20867
vn 0.227093 0.379555 0.896865
v -1.4937 -4.5445 -0.22463
vn 0.227707 0.454114 0.861354
v -1.6299 -4.3802 -0.31392
vn 0.0447813 0.00966308 0.99895
v -1.6072 -4.4029 -0.30617
vn 0.0880585 0.514731 0.852818
v -1.5391 -4.4256 -0.46146
vn -0.365764 0.487733 -0.792675
v -1.4937 -4.5845 -0.20877
vn 0.347134 0.251021 0.903596
v -1.4937 -4.5618 -0.21629
vn 0.299208 0.340567 0.891341
v -1.471 -4.5391 -0.23098
vn 0.136024 0.472815 0.8706
v -1.5509 -4.3121 -0.35822
vn 0.782823 0.427081 0.452537
v -1.56305 -4.291 -0.35822
vn 0.658074 0.547252 0.51716
v -1.5845 -4.3575 -0.31816
vn 0.0984697 0.0792404 0.99198
v -1.5618 -4.3575 -0.31766
vn 0.104467 0.244601 0.96398
v -1.4256 -4.515 -0.243655
vn -0.0730972 0.563892 0.822607
v -1.5845 -4.4256 -0.2954
vn 0.167431 0.557297 0.813257
v -1.3802 -4.5618 -0.97794
vn 0.116536 0.0482176 0.992015
v -1.3802 -4.5845 -0.97771
vn 0.114623 -0.0240613 0.993118
v -1.3575 -4.5618 -0.97978
vn -0.0496514 -0.041445 0.997906
v -1.3575 -4.5845 -0.98111
vn -0.041085 -0.0584392 0.997445
v -1.3802 -4.5391 -0.97948
vn 0.0671276 0.073764 0.995014
v -1.4029 -4.5391 -0.97516
vn 0.185214 0.136122 0.973225
v -1.3575 -4.5391 -0.97956
vn -0.131014 0.0106202 0.991324
v -1.4029 -4.5164 -0.97997
vn 0.0524961 0.123433 0.990963
v -1.3802 -4.5164 -0.98129
vn 0.00176069 0.053227 0.998581
v -1.3575 -4.5164 -0.98005
vn -0.17026 0.0422865 0.984491
v -1.4256 -4.4739 -0.99397
vn -0.329748 0.17576 0.927564
v -1.4406 -4.4937 -0.99397
vn -0.261532 0.208471 0.942412
v -1.4029 -4.4937 -0.98405
vn -0.20211 0.0943965 0.974803
v -1.4029 -4.471 -0.98592
vn -0.323968 0.119916 0.938437
v -1.3802 -4.4937 -0.9819
vn -0.0463844 0.0418785 0.998045
v -1.3802 -4.471 -0.98041
vn -0.166366 0.00825402 0.986029
v -1.4122 -4.4483 -0.99397
vn -0.350572 0.187551 0.917564
v -1.4256 -4.4256 -1.0033
vn -0.325144 0.191375 0.926098
v -1.4029 -4.4341 -0.99397
vn -0.318752 0.239727 0.917021
v -1.4029 -4.4483 -0.98971
vn -0.408496 0.194548 0.891786
v -1.3802 -4.4256 -0.98705
vn -0.364437 0.317715 0.875353
v -1.3348 -4.5845 -0.97584
vn -0.287316 -0.121664 0.950078
v -1.3348 -4.561 -0.97126
vn -0.378247 -0.151227 0.913269
v -1.3376 -4.5164 -0.97126
vn -0.591119 0.0698696 0.803553
v -1.3348 -4.4993 -0.97126
vn -0.604122 0.134015 0.785542
v -1.3336 -4.4937 -0.97126
vn -0.591768 0.258654 0.763485
v -1.3256 -4.471 -0.97126
vn -0.495647 0.219273 0.840389
v -1.3348 -4.471 -0.97551
vn -0.432265 0.143819 0.890204
v -1.3166 -4.5391 -0.94855
vn -0.929707 0.00502924 0.368265
v -1.3121 -4.5391 -0.93587
vn -0.942146 0.0240076 0.334343
v -1.3121 -4.5164 -0.9375
vn -0.923274 0.0716372 0.377402
v -1.317 -4.5164 -0.94855
vn -0.791582 0.134079 0.596172
v -1.3121 -4.4986 -0.94855
vn -0.6953 0.285675 0.659506
v -1.3121 -4.471 -0.96271
vn -0.593725 0.323732 0.736673
v -1.2958 -4.471 -0.94855
vn -0.606119 0.381831 0.697728
v -1.3125 -4.4483 -0.97126
vn -0.46222 0.278973 0.84174
v -1.4029 -4.4029 -1.0013
vn -0.273453 0.195455 0.941818
v -1.3757 -4.4029 -0.99397
vn -0.280322 0.222239 0.933825
v -1.3802 -4.3802 -0.99849
vn -0.244423 0.14259 0.959127
v -1.3609 -4.3802 -0.99397
vn -0.259518 0.151653 0.953757
v -1.3575 -4.4029 -0.98837
vn -0.288823 0.188304 0.938681
v -1.3802 -4.3121 -0.99998
vn -0.186801 0.078083 0.97929
v -1.4029 -4.3348 -1.0025
vn -0.186801 0.078083 0.97929
v -1.3802 -4.3348 -0.99817
vn -0.186801 0.078083 0.97929
v -1.3285 -4.3121 -0.99397
vn -0.189256 0.0707779 0.979374
v -1.3348 -4.322 -0.99397
vn -0.154593 0.0914309 0.983738
v -1.322 -4.2894 -0.99397
vn -0.222042 0.0386245 0.974272
v -1.3348 -4.2894 -0.99677
vn -0.160528 0.0469863 0.985912
v -1.3575 -4.25535 -1.0006
vn -0.135206 0.0334069 0.990254
v -1.3575 -4.2894 -0.99907
vn -0.109359 0.0450566 0.992981
v -1.3121 -4.2213 -0.99293
vn -0.292268 0.0407635 0.955467
v -1.3223 -4.1531 -0.94855
vn -0.764783 0.296866 -0.57182
v -1.3081 -4.1758 -0.97126
vn -0.693335 0.218138 -0.686806
v -1.3456 -4.1758 -0.92585
vn -0.809619 0.319944 -0.49209
v -1.3314 -4.1758 -0.94855
vn -0.753071 0.302994 -0.584019
v -1.3575 -4.1663 -0.90314
vn -0.821667 0.214074 -0.528238
v -1.3602 -4.1758 -0.90314
vn -0.809721 0.220401 -0.543852
v -1.8797 -4.0169 -1.0198
vn -0.136629 0.123642 0.982876
v -1.6502 -4.2894 -0.31281
vn 0.327769 0.372711 0.868132
v -1.3575 -4.2099 -1.0008
vn -0.193231 -0.00268808 0.98115
v -1.3874 -4.2213 -0.85773
vn -0.966256 0.150811 0.208817
v -1.5391 -4.369 -0.31281
vn 0.0858038 0.374576 0.923217
v -1.5407 -4.471 -0.97126
vn 0.82509 0.298048 0.479993
v -1.5391 -4.471 -0.97401
vn 0.729215 0.237042 0.641916
v -1.5489 -4.4483 -0.97126
vn 0.729215 0.237042 0.641916
v -1.5391 -4.4483 -0.98146
vn 0.703162 0.221717 0.675578
v -1.5629 -4.4256 -0.97126
vn 0.665388 0.430496 0.609862
v -1.4937 -4.4483 -0.99765
vn 0.209979 0.138993 0.967776
v -1.5072 -4.4483 -0.99397
vn 0.327846 0.150573 0.932655
v -1.471 -4.4256 -1.0066
vn 0.0326788 0.143074 0.989172
v -1.471 -4.471 -0.99975
vn 0.0457406 0.141576 0.98887
v -1.4483 -4.471 -1.0008
vn 0.0424997 0.138393 0.989465
v -1.4483 -4.4483 -1.0039
vn 0.0290702 0.139531 0.989791
v -1.4483 -4.4256 -1.0068
vn -0.0568963 0.0984746 0.993512
v -1.5282 -4.4483 -0.88044
vn 0.979632 -0.198514 -0.0302139
v -1.5289 -4.4483 -0.90314
vn 0.971843 0.00856398 -0.235472
v -1.5236 -4.4256 -0.88044
vn 0.937898 0.133387 -0.320242
v -1.5339 -4.4256 -0.90314
vn 0.875784 0.274023 -0.397384
v -1.5391 -4.4157 -0.90314
vn 0.746366 0.3977 -0.53364
v -1.5391 -4.4256 -0.90874
vn 0.711697 0.345863 -0.611445
v -1.5538 -4.4256 -0.92585
vn 0.637856 0.463614 -0.614981
v -1.5502 -4.4029 -0.90314
vn 0.520589 0.594313 -0.613008
v -1.5391 -4.4029 -0.89656
vn 0.580171 0.57695 -0.574917
v -1.53465 -4.0802 -1.0167
vn 0.19322 0.218711 0.956468
v -1.5391 -4.0623 -1.0192
vn 0.100834 0.124079 0.987136
v -1.5391 -4.1077 -1.005
vn 0.386502 0.38193 0.839491
v -1.5391 -4.085 -1.0143
vn 0.321217 0.322527 0.890391
v -1.4483 -4.4029 -1.0084
vn -0.122238 0.0545689 0.991
v -1.4256 -4.4029 -1.0056
vn -0.152908 0.0651603 0.98609
v -1.4256 -4.36885 -1.0066
vn -0.152336 0.0109494 0.988268
v -1.4029 -4.3802 -1.0031
vn -0.166928 0.0585347 0.98423
v -1.4256 -4.32345 -1.00625
vn -0.123973 -0.00431074 0.992276
v -1.4029 -4.3575 -1.0028
vn -0.180393 0.00167083 0.983593
v -1.4029 -4.3121 -1.0035
vn -0.141238 0.0698943 0.987505
v -1.4029 -4.27805 -1.00555
vn -0.11506 0.0549812 0.991836
v -1.3802 -4.2894 -1.0023
vn -0.132732 0.0631566 0.989138
v -1.4029 -4.23265 -1.0081
vn -0.0915342 0.0472413 0.994681
v -1.3802 -4.244 -1.0049
vn -0.153674 0.0405934 0.987287
v -1.5164 -4.4029 -0.88081
vn 0.590861 0.792611 -0.1505
v -1.5164 -4.2152 -0.99397
vn 0.346414 0.28961 0.892257
v -1.5164 -4.0623 -1.0205
vn 0.0510168 0.0921942 0.994433
v -1.698 -4.0396 -1.0047
vn 0.0608614 0.149979 0.986814
v -1.4937 -4.0169 -1.0222
vn -0.00172696 0.0287652 0.999585
v -1.9478 -4.1985 -0.99097
vn -0.187224 0.126846 0.974093
v -1.9251 -4.1758 -0.98834
vn -0.257405 0.119267 0.958915
v -1.9678 -4.085 -1.0167
vn -0.205397 0.391172 0.897104
v -1.9478 -4.0749 -1.0167
vn -0.225992 0.420636 0.878631
v -1.9478 -4.0623 -1.0235
vn -0.226312 0.325265 0.918142
v -1.9478 -4.1077 -1.0048
vn -0.204191 0.247101 0.947231
v -1.9478 -4.085 -1.0124
vn -0.205713 0.33511 0.919447
v -1.5391 -4.4256 -0.98563
vn 0.441681 0.198661 0.874901
v -1.542 -4.471 -0.94855
vn 0.937619 0.342825 0.0578034
v -1.5504 -4.4483 -0.94855
vn 0.825497 0.546741 -0.140107
v -1.5618 -4.4333 -0.94855
vn 0.798141 0.60247 -0.000374833
v -1.5693 -4.4256 -0.94855
vn 0.85611 0.516721 -0.00860621
v -1.5618 -4.4256 -0.93329
vn 0.68479 0.597847 -0.416703
v -1.4937 -4.5463 -0.97126
vn 0.626397 0.353338 0.694823
v -1.498 -4.5391 -0.97126
vn 0.57873 0.481797 0.657984
v -1.5174 -4.51765 -0.97126
vn 0.633267 0.459595 0.622692
v -1.4937 -4.5164 -0.98369
vn 0.320683 0.342766 0.882991
v -1.5164 -4.4937 -0.98405
vn 0.452876 0.281852 0.84585
v -1.5321 -4.4937 -0.97126
vn 0.832602 0.374541 0.408036
v -1.4796 -4.4937 -0.99397
vn 0.229588 0.218985 0.948333
v -1.5391 -4.4761 -0.97126
vn 0.715378 0.278889 0.640668
v -1.5164 -4.471 -0.9888
vn 0.387418 0.174879 0.905165
v -1.471 -4.4937 -0.99509
vn 0.0634569 0.241194 0.9684
v -1.471 -4.5164 -0.98843
vn 0.194883 0.301608 0.933302
v -1.4937 -4.4256 -1.0022
vn 0.259726 0.162134 0.951974
v -1.4977 -4.5845 -0.94855
vn 0.865016 0.217213 0.452289
v -1.4937 -4.5845 -0.9562
vn 0.838901 0.186106 0.511478
v -1.5034 -4.5618 -0.94855
vn 0.806734 0.309328 0.503485
v -1.4937 -4.5618 -0.96337
vn 0.817865 0.211042 0.535311
v -1.5158 -4.53825 -0.94855
vn 0.756526 0.475918 0.448521
v -1.5285 -4.5164 -0.94855
vn 0.908219 0.406195 0.100719
v -1.5164 -4.5391 -0.94091
vn 0.887609 0.460543 -0.00710137
v -1.526 -4.5164 -0.92585
vn 0.94799 0.298705 -0.10996
v -1.5366 -4.4937 -0.94855
vn 0.950501 0.310014 -0.02093
v -1.5391 -4.4839 -0.94855
vn 0.958889 0.280235 -0.0447293
v -1.5311 -4.4937 -0.92585
vn 0.963155 0.183292 -0.196815
v -1.5391 -4.471 -0.93688
vn 0.930124 0.169501 -0.32579
v -1.5335 -4.471 -0.92585
vn 0.949888 0.102829 -0.295192
v -1.5282 -4.4937 -0.90314
vn 0.984601 0.121452 -0.125736
v -1.5287 -4.471 -0.90314
vn 0.982598 0.0447297 -0.180281
v -1.5387 -4.44755 -0.92585
vn 0.888743 0.23333 -0.394579
v -1.5618 -4.4029 -0.97905
vn 0.4591 0.105862 0.882054
v -1.5703 -4.4029 -0.97126
vn 0.834909 0.356943 0.418949
v -1.5673 -4.3802 -0.97126
vn 0.743981 -0.0484405 0.666443
v -1.5618 -4.3802 -0.9774
vn 0.569214 -0.117623 0.813733
v -1.5391 -4.3802 -0.99116
vn 0.426509 -0.0164045 0.904334
v -1.5618 -4.3586 -0.97126
vn 0.724591 -0.220779 0.652859
v -1.5391 -4.3575 -0.98887
vn 0.554098 -0.171353 0.814625
v -1.5821 -4.4029 -0.94855
vn 0.867838 0.489347 0.0860008
v -1.5618 -4.418 -0.92585
vn 0.719988 0.550733 -0.422269
v -1.5391 -4.2667 -0.96851
vn 0.645239 -0.0959631 0.75793
v -1.5391 -4.244 -0.96647
vn 0.824949 -0.00807128 0.565149
v -1.53975 -4.22248 -0.97183
vn 0.858923 0.101757 0.501893
v -1.5416 -4.1985 -0.97126
vn 0.981548 -0.0193431 0.190237
v -1.5391 -4.1985 -0.97864
vn 0.842789 0.0732254 0.533239
v -1.5497 -4.2213 -0.94855
vn 0.946613 -0.117497 0.300198
v -1.5458 -4.1985 -0.94855
vn 0.983481 -0.119593 0.135876
v -1.5225 -4.4029 -0.996205
vn 0.336723 0.121237 0.933766
v -1.4937 -4.4029 -1.0057
vn 0.233792 0.0956894 0.967566
v -1.5164 -4.3802 -0.99991
vn 0.319219 0.0063917 0.947659
v -1.4937 -4.3802 -1.0069
vn 0.191534 0.00792614 0.981454
v -1.471 -4.4029 -1.0092
vn 0.073634 0.0683731 0.994939
v -1.471 -4.3802 -1.0099
vn 0.031701 0.00792549 0.999466
v -1.4483 -4.36885 -1.00915
vn -0.0646206 0.00176095 0.997908
v -1.5287 -4.3575 -0.99397
vn 0.371646 -0.0954215 0.923458
v -1.4937 -4.3575 -1.0062
vn 0.226983 -0.0525499 0.97248
v -1.5176 -4.32845 -0.994515
vn 0.430513 -0.149314 0.890148
v -1.4937 -4.32345 -1.00305
vn 0.282645 -0.112021 0.952661
v -1.471 -4.3575 -1.0093
vn 0.0754497 -0.0435926 0.996196
v -1.4483 -4.32345 -1.00835
vn -0.032268 -0.0330058 0.998934
v -1.4937 -4.2667 -0.99484
vn 0.364043 -0.127961 0.92255
v -1.5164 -4.2894 -0.98777
vn 0.501296 -0.168267 0.848757
v -1.471 -4.30075 -1.0055
vn 0.164307 -0.0961965 0.981707
v -1.4483 -4.2894 -1.007
vn 0.0326798 -0.0408509 0.998631
v -1.4945 -4.244 -0.99397
vn 0.310493 0.11511 0.94358
v -1.5164 -4.2667 -0.98377
vn 0.511947 -0.0751061 0.855727
v -1.5345 -4.244 -0.97126
vn 0.600105 0.0399483 0.798923
v -1.5164 -4.244 -0.98452
vn 0.506081 0.133747 0.852053
v -1.471 -4.2667 -1.0013
vn 0.228851 -0.0843061 0.969804
v -1.4483 -4.2667 -1.0055
vn 0.120464 -0.0619779 0.990781
v -1.471 -4.244 -1.0004
vn 0.235236 0.065788 0.969709
v -1.4483 -4.244 -1.005
vn 0.142526 0.0404566 0.988964
v -1.4256 -4.2667 -1.0069
vn -0.0110586 0.0147839 0.99983
v -1.4256 -4.244 -1.0074
vn 0.0544879 0.0456995 0.997468
v -1.4937 -4.2213 -0.99888
vn 0.243104 0.209942 0.947008
v -1.5164 -4.1985 -0.99832
vn 0.319512 0.182432 0.929855
v -1.5258 -4.1985 -0.99397
vn 0.618043 0.187419 0.763477
v -1.4937 -4.1985 -1.005
vn 0.245873 0.212773 0.945661
v -1.471 -4.2213 -1.0039
vn 0.181765 0.186181 0.965556
v -1.4483 -4.2213 -1.0072
vn 0.0913392 0.128056 0.987552
v -1.471 -4.1985 -1.0094
vn 0.133376 0.195731 0.971545
v -1.4483 -4.1985 -1.0106
vn 0.00378483 0.130775 0.991405
v -1.5164 -4.1758 -1.0017
vn 0.371936 0.136758 0.918129
v -1.4937 -4.1758 -1.0095
vn 0.254823 0.161014 0.953488
v -1.5164 -4.1531 -1.0048
vn 0.416404 0.142511 0.897941
v -1.4937 -4.1531 -1.0128
vn 0.209059 0.139493 0.967903
v -1.471 -4.1758 -1.0137
vn 0.0898494 0.13405 0.986893
v -1.4483 -4.1758 -1.0138
vn -0.0321009 0.107974 0.993635
v -1.471 -4.13415 -1.017
vn 0.023789 0.0697004 0.997284
v -1.4483 -4.13865 -1.01678
vn -0.0160924 0.0574754 0.998217
v -1.4256 -4.2213 -1.0084
vn 0.0106518 0.0645184 0.99786
v -1.4256 -4.1985 -1.01
vn -0.0474014 0.062253 0.996934
v -1.4029 -4.1985 -1.0092
vn -0.0709727 0.023378 0.997204
v -1.3802 -4.2099 -1.0061
vn -0.174889 0.0255982 0.984255
v -1.4256 -4.16445 -1.01325
vn -0.093644 0.102341 0.990332
v -1.4029 -4.1758 -1.0093
vn -0.104281 0.0510479 0.993237
v -1.39155 -4.1531 -1.00955
vn -0.125993 0.130685 0.983386
v -1.3802 -4.1758 -1.0067
vn -0.150799 0.0471254 0.987441
v -1.3575 -4.1758 -1.0019
vn -0.238783 0.0881858 0.96706
v -1.3575 -4.1531 -1.0049
vn -0.186215 0.180331 0.965818
v -1.4937 -4.1292 -1.0167
vn 0.130757 0.136709 0.981944
v -1.4937 -4.1077 -1.0191
vn 0.0435206 0.0565899 0.997449
v -1.471 -4.1077 -1.0185
vn -0.0154025 0.0349528 0.99927
v -1.4483 -4.085 -1.0188
vn -0.00268796 0.0486619 0.998812
v -1.5164 -4.085 -1.0192
vn 0.0124961 0.0609517 0.998062
v -1.4937 -4.085 -1.0192
vn 0.00503787 0.0339575 0.999411
v -1.471 -4.085 -1.0184
vn -0.00880648 0.0242226 0.999668
v -1.471 -4.05095 -1.0204
vn 0.0168589 0.0550779 0.99834
v -1.4256 -4.0623 -1.0221
vn 0.042408 0.0804272 0.995858
v -1.5164 -4.1304 -1.0096
vn 0.410615 0.221789 0.884423
v -1.42678 -4.12735 -1.01663
vn -0.0532142 0.0616022 0.996681
v -1.4256 -4.1077 -1.0174
vn 0.0112926 0.0896273 0.995911
v -1.4029 -4.11995 -1.01555
vn -0.0634319 0.117073 0.991095
v -1.3782 -4.1077 -1.0167
vn -0.0161546 0.157441 0.987396
v -1.4029 -4.0623 -1.0226
vn 0.00610855 0.106048 0.994342
v -1.3802 -4.085 -1.0198
vn 0.0137689 0.138098 0.990323
v -1.3575 -4.10655 -1.01645
vn -0.036354 0.221992 0.974371
v -1.3575 -4.085 -1.021
vn 0.0163361 0.163209 0.986456
v -1.3802 -4.0623 -1.0225
vn 0.0182821 0.0870247 0.996038
v -1.34615 -4.0623 -1.02395
vn 0.0379152 0.0911744 0.995113
v -1.3802 -4.1304 -1.0125
vn -0.0827962 0.169913 0.981975
v -1.3575 -4.1304 -1.0103
vn -0.108274 0.237917 0.965232
v -1.3348 -4.1531 -0.99917
vn -0.234938 0.222634 0.94617
v -1.3155 -4.1531 -0.99397
vn -0.299117 0.327282 0.896334
v -1.3121 -4.1531 -0.99152
vn -0.71338 0.521453 0.468162
v -1.3348 -4.10355 -1.01545
vn -0.084494 0.283377 0.955279
v -1.3348 -4.085 -1.021
vn -0.0127389 0.200213 0.97967
v -1.3121 -4.0893 -1.0181
vn -0.0526446 0.295544 0.953877
v -1.3121 -4.0623 -1.0249
vn 0.018535 0.179589 0.983567
v -1.2893 -4.085 -1.019
vn 0.00512517 0.330284 0.943868
v -1.2893 -4.0623 -1.0262
vn 0.0724348 0.234769 0.969349
v -1.3348 -4.1304 -1.0065
vn -0.171102 0.311317 0.934776
v -1.3121 -4.1304 -1.0019
vn -0.17815 0.386816 0.904785
v -1.3121 -4.1077 -1.0118
vn -0.109708 0.353503 0.928978
v -1.2893 -4.1372 -0.99397
vn -0.240029 0.647868 0.722948
v -1.2893 -4.1077 -1.0098
vn -0.0694463 0.421938 0.903961
v -1.2893 -4.1466 -0.97126
vn -0.360165 0.932663 -0.0205327
v -1.2893 -4.1273 -0.92585
vn -0.191682 0.947863 -0.254584
v -1.2807 -4.1304 -0.88044
vn 0.160886 0.956489 0.2434
v -1.5472 -4.4029 -0.85773
vn 0.223906 0.48094 0.847681
v -1.4054 -4.2667 -0.81232
vn -0.898687 0.430639 -0.083138
v -1.4075 -4.2667 -0.78962
vn -0.899808 0.431177 0.0665751
v -1.3615 -4.3121 -0.7215
vn -0.676198 0.00979386 0.736655
v -1.2893 -4.1531 -0.83743
vn 0.131385 0.614316 0.778045
v -1.2893 -4.1758 -0.82576
vn 0.231662 0.465625 0.854123
v -1.8116 -4.471 -0.22827
vn 0.0413148 0.578822 0.814407
v -1.7005 -4.2213 -0.33552
vn 0.474245 0.682276 0.55641
v -1.8291 -4.3575 -0.31281
vn -0.105696 0.655669 0.747614
v -1.8343 -4.3575 -0.31468
vn -0.208696 0.775621 0.595699
v -1.8343 -4.3413 -0.33552
vn -0.21552 0.77096 0.599309
v -1.8343 -4.3819 -0.29167
vn 0.0270578 0.661905 0.749099
v -1.8116 -4.3837 -0.29276
vn 0.0621535 0.596978 0.799846
v -1.8116 -4.354 -0.31281
vn -0.100939 0.531281 0.841161
v -1.7662 -4.3348 -0.32172
vn -0.17051 0.239971 0.955688
v -1.7951 -4.3121 -0.33552
vn -0.453406 0.296585 0.840512
v -1.7662 -4.3121 -0.31728
vn -0.498529 0.259108 0.827244
v -1.7889 -4.2636 -0.31281
vn -0.654175 0.503382 0.564501
v -1.7889 -4.2477 -0.33552
vn -0.752483 0.530122 0.39082
v -1.7968 -4.2667 -0.33552
vn -0.891709 0.370771 0.259583
v -1.7694 -4.244 -0.31281
vn -0.406015 0.621942 0.669581
v -1.7865 -4.244 -0.33552
vn -0.584997 0.680993 0.440486
v -1.78945 -4.2667 -0.312275
vn -0.57535 0.266865 0.773146
v -1.7662 -4.2667 -0.29962
vn -0.324358 0.426548 0.844304
v -1.7207 -4.2894 -0.29633
vn 0.099876 0.0990041 0.990062
v -1.7207 -4.2667 -0.2986
vn 0.099876 0.0990041 0.990062
v -1.7435 -4.2667 -0.29672
vn 0.0817719 0.0991684 0.991705
v -1.7435 -4.244 -0.30616
vn -0.199325 0.495862 0.845216
v -1.70315 -4.24865 -0.31281
vn 0.431652 0.552643 0.712926
v -1.698 -4.244 -0.31893
vn 0.419708 0.559454 0.714742
v -1.698 -4.2894 -0.29904
vn 0.11796 0.098807 0.98809
v -1.7662 -4.2282 -0.33552
vn -0.413743 0.777031 0.474382
v -1.7435 -4.2352 -0.31281
vn -0.245032 0.761952 0.59949
v -1.7471 -4.22005 -0.33552
vn -0.240329 0.849857 0.469026
v -1.7435 -4.2213 -0.33099
vn -0.149209 0.834834 0.529895
v -1.7207 -4.2147 -0.33552
vn -0.134758 0.833411 0.535972
v -1.7207 -4.2213 -0.3259
vn 0.269939 0.65814 0.702841
v -1.9478 -4.0396 -1.0289
vn -0.114495 0.0182309 0.993257
v -1.9478 -4.0169 -1.0263
vn -0.00123061 -0.209823 0.977739
v -1.9251 -4.0396 -1.0251
vn -0.188137 0.163938 0.968364
v -1.9251 -4.0169 -1.0257
vn -0.0699972 -0.0940606 0.993103
v -1.9024 -4.0169 -1.0231
vn -0.132825 0.038915 0.990375
v -1.9478 -3.9895 -1.0167
vn 0.0630783 -0.254011 0.965142
v -1.9251 -3.9942 -1.0208
vn 0.0296022 -0.219649 0.97513
v -1.9024 -3.9942 -1.0218
vn -0.0229691 -0.0568849 0.998116
v -1.4483 -4.0396 -1.022
vn 0.049109 0.0311511 0.998308
v -1.471 -3.9942 -1.0221
vn 0.0150492 0.0102771 0.999834
v -1.4483 -3.9942 -1.023
vn 0.0724793 0.0219624 0.997128
v -1.4256 -4.02825 -1.02385
vn 0.0498196 0.0424936 0.997854
v -1.4029 -4.0396 -1.0241
vn 0.00733553 0.0454725 0.998939
v -1.39155 -4.02825 -1.0242
vn -0.00110139 0.0333358 0.999444
v -1.3575 -4.02825 -1.0247
vn 0.0538322 0.030023 0.998099
v -1.3802 -3.9942 -1.0246
vn 0.00623893 0.0230482 0.999715
v -1.4256 -3.9942 -1.0255
vn 0.0201369 0.0443675 0.998812
v -1.3575 -3.9942 -1.0253
vn 0.0432777 0.0051346 0.99905
v -1.3348 -4.0396 -1.0262
vn 0.0681368 0.0757565 0.994796
v -1.3121 -4.0169 -1.0286
vn 0.0720474 0.0146472 0.997294
v -1.2893 -4.0396 -1.0296
vn 0.0715179 0.0375776 0.996731
v -1.2893 -3.9942 -1.0301
vn 0.0667355 -0.00476227 0.997759
v -1.6753 -4.2964 -0.7215
vn -0.0799239 0.380601 0.921279
v -1.698 -4.3121 -0.71833
vn -0.111169 0.29644 0.94856
v -1.6753 -4.3121 -0.71385
vn -0.260775 0.480262 0.837463
v -1.6526 -4.3197 -0.6988
vn -0.297029 0.840659 0.452843
v -1.6753 -4.2667 -0.73134
vn -0.0279833 0.280246 0.95952
v -1.6526 -4.2667 -0.73147
vn 0.083034 0.301346 0.949892
v -1.6526 -4.244 -0.73709
vn 0.104692 0.20106 0.973968
v -1.6194 -4.2081 -0.74463
vn 0.10932 0.00406418 0.993998
v -1.5428 -4.1531 -0.74421
vn 0.350875 0.675816 0.648197
v -1.5618 -4.1531 -0.73552
vn -0.041098 0.494834 0.868015
v -1.6753 -4.3459 -0.67609
vn -0.850603 0.467441 0.240776
v -1.2779 -4.2894 -0.6988
vn 0.138963 0.699864 0.700628
v -1.3985 -4.244 -0.83503
vn -0.809147 0.448787 0.379304
v -1.362 -4.2213 -0.81232
vn -0.381993 0.73773 0.556629
v -1.5681 -4.3348 -0.94855
vn 0.927721 -0.179747 0.327146
v -1.5742 -4.3575 -0.94855
vn 0.918026 -0.246688 0.310442
v -1.5627 -4.3121 -0.95036
vn 0.87933 -0.132926 0.457285
v -1.5618 -4.2865 -0.94855
vn 0.84701 -0.120281 0.517791
v -1.5893 -4.4256 -0.81232
vn 0.950315 0.168411 0.2618
v -1.5942 -4.4256 -0.78962
vn 0.986635 0.0993867 0.129124
v -1.5953 -4.4256 -0.76691
vn 0.998486 0.00219707 -0.0549692
v -1.5917 -4.4256 -0.74421
vn 0.998735 -0.00495124 -0.0500348
v -1.5922 -4.4256 -0.7215
vn 0.960431 -0.0620732 0.271514
v -1.6072 -4.4405 -0.6988
vn 0.888579 -0.241489 0.390014
v -1.5942 -4.4029 -0.78962
vn 0.997408 -0.0615137 0.037338
v -1.5914 -4.3802 -0.78962
vn 0.990699 -0.136026 0.00363771
v -1.5932 -4.4029 -0.76691
vn 0.991901 -0.0992501 -0.0792579
v -1.5896 -4.3802 -0.76691
vn 0.983655 -0.157446 -0.0873695
v -1.59 -4.4029 -0.74421
vn 0.996636 -0.0819505 1.84405e-07
v -1.5879 -4.3802 -0.74421
vn 0.992325 -0.0852324 0.0895944
v -1.5854 -4.3575 -0.76691
vn 0.98218 -0.183885 -0.0388418
v -1.592 -4.4029 -0.7215
vn 0.990168 -0.0183248 0.138676
v -1.7435 -4.2894 -0.29767
vn -0.0927049 -0.0416334 0.994823
v -1.6753 -4.2894 -0.30404
vn 0.267873 0.176497 0.94715
v -1.7207 -4.2359 -0.31281
vn 0.130372 0.62663 0.768335
v -1.7207 -4.244 -0.30803
vn 0.0425307 0.559722 0.827588
v -1.3827 -4.1758 -0.85773
vn -0.892669 0.437591 -0.107964
v -1.3868 -4.1985 -0.85773
vn -0.913005 0.196294 0.357618
v -1.7435 -4.2177 -0.35822
vn -0.416528 0.905451 -0.0816258
v -1.7435 -4.2213 -0.36752
vn -0.479496 0.774565 -0.412471
v -1.7662 -4.2304 -0.35822
vn -0.479496 0.774565 -0.412471
v -1.5804 -4.3802 -0.94855
vn 0.95396 -0.149887 0.259795
v -1.5618 -4.4029 -0.91151
vn 0.568277 0.527802 -0.631258
v -1.4937 -4.4256 -0.47839
vn 0.137972 0.301711 -0.943363
v -1.4937 -4.4483 -0.48599
vn 0.0446544 0.317165 -0.947318
v -1.47057 -4.4248 -0.472017
vn 0.447663 0.515508 -0.73065
v -1.471 -4.4483 -0.47974
vn 0.2285 0.283884 -0.931234
v -1.7796 -4.244 -0.35822
vn -0.812956 0.527295 -0.247108
v -1.9478 -4.5391 -0.24208
vn -0.67876 0.269671 0.683054
v -1.9653 -4.5391 -0.2674
vn -0.781097 0.361301 0.509264
v -1.9595 -4.4937 -0.2674
vn -0.813022 0.283518 0.508541
v -1.9523 -4.471 -0.2674
vn -0.831821 0.407581 0.376764
v -1.9555 -4.471 -0.29011
vn -0.851299 0.510785 0.119952
v -1.9478 -4.4539 -0.29011
vn -0.807524 0.520685 0.277115
v -1.9306 -4.4256 -0.29011
vn -0.808933 0.562581 0.170673
v -1.9478 -4.5618 -0.23148
vn -0.647971 0.401912 0.646993
v -1.9251 -4.4193 -0.31281
vn -0.834224 0.55038 -0.033944
v -1.9024 -4.3879 -0.31281
vn -0.718767 0.688033 0.0999238
v -1.8343 -4.3357 -0.35822
vn -0.642817 0.736111 0.21196
v -1.8091 -4.3121 -0.35822
vn -0.634949 0.696102 0.335085
v -1.7662 -4.244 -0.37389
vn -0.60834 0.599409 -0.520222
v -1.8906 -4.3802 -0.33552
vn -0.594862 0.802709 -0.0423928
v -1.471 -4.5391 -0.98338
vn -0.0493921 0.21689 0.974946
v -1.4483 -4.5164 -0.98728
vn -0.0486284 0.276197 0.95987
v -1.4483 -4.4937 -0.9954
vn 0.00492419 0.267028 0.963676
v -1.3348 -4.3575 -0.98936
vn -0.244183 0.0757791 0.966764
v -1.3348 -4.3802 -0.98681
vn -0.273395 0.11408 0.955113
v -1.3121 -4.3575 -0.98174
vn -0.309022 0.097727 0.946021
v -1.3121 -4.3802 -0.9796
vn -0.301506 0.0894893 0.949255
v -1.3348 -4.3348 -0.70775
vn -0.490442 -0.227934 0.841138
v -1.9024 -4.4937 -0.22555
vn -0.319559 0.173258 0.931592
v -1.9024 -4.5164 -0.22601
vn -0.243155 -0.030578 0.969505
v -1.9024 -4.471 -0.23481
vn -0.319649 0.42064 0.84905
v -1.8116 -4.4221 -0.264835
vn 0.096264 0.589986 0.801654
v -1.7662 -4.5391 -0.21936
vn -0.0806754 -0.228842 0.970115
v -1.7435 -4.5164 -0.21194
vn -0.0489222 -0.0351781 0.998183
v -1.8797 -4.5164 -0.21796
vn -0.322716 -0.0213157 0.946256
v -1.8797 -4.4805 -0.22199
vn -0.221434 0.437203 0.871677
v -1.8797 -4.4937 -0.21671
vn -0.28143 0.0810873 0.95615
v -1.857 -4.4937 -0.21172
vn -0.123201 0.279577 0.952186
v -1.857 -4.5164 -0.20902
vn -0.129357 0.137145 0.982068
v -1.8116 -4.4816 -0.22199
vn 0.104027 0.454882 0.884455
v -1.8343 -4.4937 -0.21241
vn 0.0927083 0.275802 0.956733
v -1.8116 -4.4937 -0.21663
vn 0.147682 0.241739 0.959037
v -1.7889 -4.4867 -0.22199
vn 0.025544 0.38358 0.923154
v -1.7889 -4.471 -0.2294
vn 0.0244769 0.551846 0.833587
v -1.7435 -4.4937 -0.21636
vn -0.0403941 0.347672 0.936746
v -1.7889 -4.4937 -0.2198
vn -0.0158637 0.208257 0.977945
v -1.698 -4.2667 -0.30583
vn 0.317885 0.337908 0.885871
v -1.857 -4.3575 -0.33155
vn -0.42577 0.812709 0.397774
v -1.7662 -4.2894 -0.30384
vn -0.258171 -0.176574 0.949826
v -1.5391 -4.4362 -0.47175
vn -0.277347 0.583476 -0.763305
v -1.7207 -4.226 -0.38093
vn -0.101156 0.588371 -0.802239
v -1.7207 -4.2213 -0.37723
vn -0.0344737 0.874962 -0.482962
v -1.7207 -4.2118 -0.35822
vn 0.0169018 0.994513 -0.103241
v -1.698 -4.2213 -0.37748
vn 0.150472 0.790793 -0.5933
v -1.6753 -4.2315 -0.38093
vn 0.344536 0.874558 -0.341237
v -1.698 -4.2161 -0.35822
vn 0.330939 0.939895 -0.0841222
v -1.698 -4.2342 -0.38695
vn 0.0699268 0.675711 -0.733842
v -1.5618 -4.4937 -0.57308
vn 0.831842 0.453428 -0.320065
v -1.5687 -4.471 -0.56257
vn 0.908575 0.341839 -0.240078
v -1.5552 -4.4937 -0.56257
vn 0.688865 0.614392 -0.384691
v -1.5618 -4.4729 -0.53986
vn 0.862401 0.443986 -0.24319
v -1.5618 -4.471 -0.53249
vn 0.896843 0.441982 0.0180192
v -1.5728 -4.4483 -0.53986
vn 0.932259 0.357858 -0.0532069
v -1.5745 -4.4483 -0.51716
vn 0.92996 0.365137 0.0430158
v -1.5618 -4.4377 -0.47175
vn 0.501748 0.626161 -0.596801
v -1.5722 -4.4483 -0.49445
vn 0.759021 0.532199 -0.375035
v -1.5845 -4.2894 -0.34235
vn 0.416455 0.636221 0.649452
v -1.7435 -4.3802 -0.30476
vn -2.55773e-05 0.53912 0.842229
v -1.5391 -4.48 -0.51716
vn 0.420487 0.836307 -0.351824
v -1.5618 -4.4683 -0.51716
vn 0.594156 0.746766 -0.298862
v -1.5391 -4.471 -0.50536
vn 0.212525 0.792645 -0.571443
v -1.5618 -4.458 -0.49445
vn 0.320243 0.7531 -0.574705
v -1.5391 -4.4611 -0.49445
vn 0.00279464 0.666108 -0.74585
v -1.5391 -4.4483 -0.48308
vn -0.0395219 0.696255 -0.716706
v -1.5164 -4.4591 -0.49445
vn -0.0225208 0.576582 -0.816729
v -1.5164 -4.471 -0.50332
vn 0.00367181 0.671949 -0.740589
v -1.4573 -4.4483 -0.47175
vn 0.633761 0.377021 -0.675427
v -1.4507 -4.4256 -0.44904
vn 0.681896 0.548381 -0.484042
v -1.4483 -4.4483 -0.46377
vn 0.641674 0.482516 -0.596181
v -1.4362 -4.4483 -0.44904
vn 0.754165 0.49861 -0.427343
v -1.5618 -4.4029 -0.45804
vn 0.828619 0.0664455 -0.555856
v -1.5391 -4.4103 -0.44904
vn -0.0100676 0.594468 -0.804057
v -1.5528 -4.4029 -0.44904
vn 0.607632 0.387437 -0.693308
v -1.5618 -4.3802 -0.45307
vn 0.879914 0.324377 -0.347174
v -1.5391 -4.4029 -0.44264
vn 0.0808578 0.734173 -0.67413
v -1.5683 -4.3348 -0.42634
vn 0.92925 0.0682204 -0.363099
v -1.4937 -4.4149 -0.47175
vn -0.0046397 0.674743 -0.738038
v -1.5164 -4.4029 -0.45021
vn -0.222382 0.772772 -0.594449
v -1.4937 -4.4029 -0.4609
vn 0.0180863 0.786925 -0.616784
v -1.4937 -4.3971 -0.44904
vn 0.0539478 0.923834 -0.378974
v -1.4937 -4.3918 -0.42634
vn 0.363353 0.898468 -0.246434
v -1.471 -4.4066 -0.44904
vn 0.61269 0.729954 -0.302948
v -1.4765 -4.4029 -0.44904
vn 0.390985 0.827831 -0.402276
v -1.3575 -4.4553 -0.33552
vn 0.637846 0.768037 -0.0571975
v -1.3469 -4.471 -0.35822
vn 0.691842 0.689696 -0.213712
v -1.3685 -4.4483 -0.35822
vn 0.718148 0.686729 -0.112548
v -1.3348 -4.4937 -0.36408
vn 0.792889 0.252529 -0.554578
v -1.3348 -4.4872 -0.35822
vn 0.69393 0.570583 -0.4392
v -1.3352 -4.471 -0.33552
vn 0.548873 0.777764 -0.306303
v -1.3191 -4.471 -0.31281
vn 0.463372 0.866445 -0.185904
f 3//3 4//4 2//2
f 5//5 6//6 7//7
f 8//8 9//9 10//10
f 13//13 12//12 11//11
f 12//12 14//14 15//15
f 12//12 16//16 14//14
f 17//17 18//18 19//19
f 19//19 20//20 17//17
f 21//21 22//22 23//23
f 24//24 25//25 26//26
f 23//23 22//22 24//24
f 24//24 22//22 25//25
f 24//24 27//27 23//23
f 29//29 28//28 30//30
f 33//33 34//34 32//32
f 32//32 35//35 36//36
f 31//31 35//35 34//34
f 34//34 35//35 32//32
f 39//39 40//40 31//31
f 34//34 33//33 41//41
f 41//41 39//39 34//34
f 31//31 34//34 39//39
f 37//37 42//42 38//38
f 43//43 38//38 42//42
f 45//45 46//46 47//47
f 47//47 48//48 45//45
f 49//49 50//50 51//51
f 51//51 50//50 52//52
f 51//51 53//53 49//49
f 54//54 55//55 49//49
f 49//49 55//55 50//50
f 56//56 57//57 55//55
f 56//56 55//55 54//54
f 63//63 64//64 65//65
f 63//63 65//65 61//61
f 61//61 65//65 62//62
f 66//66 67//67 63//63
f 63//63 67//67 64//64
f 68//68 67//67 69//69
f 71//71 72//72 70//70
f 62//62 71//71 61//61
f 61//61 71//71 70//70
f 61//61 70//70 63//63
f 63//63 70//70 66//66
f 31//31 75//75 74//74
f 74//74 35//35 31//31
f 76//76 77//77 78//78
f 79//79 80//80 81//81
f 81//81 82//82 83//83
f 83//83 82//82 84//84
f 75//75 31//31 40//40
f 40//40 85//85 75//75
f 86//86 75//75 85//85
f 85//85 87//87 86//86
f 87//87 85//85 88//88
f 89//89 68//68 90//90
f 90//90 68//68 69//69
f 90//90 69//69 79//79
f 79//79 91//91 90//90
f 92//92 90//90 93//93
f 93//93 90//90 91//91
f 94//94 95//95 96//96
f 91//91 79//79 81//81
f 81//81 97//97 91//91
f 93//93 91//91 98//98
f 98//98 91//91 97//97
f 99//99 100//100 101//101
f 102//102 101//101 103//103
f 103//103 101//101 104//104
f 103//103 104//104 105//105
f 106//106 59//59 60//60
f 60//60 107//107 106//106
f 106//106 108//108 59//59
f 104//104 101//101 100//100
f 100//100 109//109 104//104
f 109//109 100//100 110//110
f 110//110 111//111 109//109
f 107//107 105//105 104//104
f 107//107 104//104 106//106
f 106//106 104//104 109//109
f 106//106 109//109 111//111
f 111//111 112//112 106//106
f 113//113 102//102 114//114
f 113//113 114//114 115//115
f 103//103 114//114 102//102
f 115//115 114//114 116//116
f 116//116 114//114 117//117
f 117//117 114//114 105//105
f 105//105 114//114 103//103
f 115//115 96//96 113//113
f 116//116 117//117 118//118
f 116//116 118//118 115//115
f 115//115 118//118 96//96
f 119//119 120//120 121//121
f 36//36 122//122 123//123
f 32//32 123//123 124//124
f 124//124 123//123 125//125
f 32//32 124//124 33//33
f 36//36 123//123 32//32
f 126//126 127//127 128//128
f 129//129 130//130 131//131
f 132//132 131//131 133//133
f 136//136 137//137 138//138
f 139//139 140//140 141//141
f 142//142 143//143 144//144
f 146//146 54//54 49//49
f 147//147 56//56 146//146
f 146//146 56//56 54//54
f 148//148 149//149 147//147
f 147//147 149//149 56//56
f 149//149 148//148 150//150
f 60//60 59//59 151//151
f 152//152 153//153 146//146
f 146//146 153//153 147//147
f 154//154 153//153 152//152
f 155//155 152//152 156//156
f 157//157 154//154 155//155
f 155//155 154//154 152//152
f 158//158 156//156 159//159
f 160//160 161//161 158//158
f 158//158 161//161 155//155
f 158//158 155//155 156//156
f 155//155 161//161 157//157
f 159//159 94//94 158//158
f 158//158 94//94 118//118
f 118//118 160//160 158//158
f 147//147 153//153 162//162
f 162//162 148//148 147//147
f 162//162 150//150 148//148
f 163//163 162//162 153//153
f 153//153 154//154 163//163
f 164//164 162//162 163//163
f 165//165 105//105 166//166
f 165//165 166//166 164//164
f 167//167 163//163 154//154
f 154//154 157//157 167//167
f 165//165 164//164 163//163
f 163//163 167//167 165//165
f 107//107 60//60 150//150
f 166//166 105//105 107//107
f 168//168 169//169 160//160
f 160//160 169//169 161//161
f 117//117 105//105 168//168
f 168//168 105//105 169//169
f 169//169 105//105 165//165
f 157//157 161//161 169//169
f 169//169 167//167 157//157
f 167//167 169//169 165//165
f 160//160 118//118 168//168
f 168//168 118//118 117//117
f 170//170 171//171 172//172
f 173//173 174//174 171//171
f 171//171 170//170 173//173
f 70//70 175//175 73//73
f 73//73 175//175 36//36
f 73//73 36//36 74//74
f 96//96 118//118 94//94
f 176//176 177//177 120//120
f 178//178 179//179 180//180
f 182//182 181//181 183//183
f 182//182 183//183 184//184
f 178//178 188//188 179//179
f 182//182 179//179 181//181
f 181//181 179//179 188//188
f 181//181 188//188 185//185
f 185//185 188//188 189//189
f 190//190 188//188 178//178
f 191//191 189//189 192//192
f 192//192 189//189 190//190
f 190//190 189//189 188//188
f 185//185 189//189 187//187
f 193//193 194//194 191//191
f 191//191 194//194 189//189
f 195//195 196//196 197//197
f 198//198 199//199 200//200
f 198//198 195//195 199//199
f 199//199 195//195 197//197
f 201//201 202//202 200//200
f 203//203 204//204 205//205
f 203//203 205//205 206//206
f 200//200 202//202 198//198
f 207//207 195//195 198//198
f 208//208 202//202 204//204
f 209//209 208//208 210//210
f 212//212 198//198 208//208
f 198//198 212//212 207//207
f 207//207 212//212 214//214
f 214//214 212//212 213//213
f 213//213 215//215 214//214
f 212//212 209//209 213//213
f 216//216 215//215 213//213
f 217//217 172//172 196//196
f 196//196 195//195 217//217
f 218//218 219//219 217//217
f 217//217 219//219 172//172
f 220//220 217//217 207//207
f 207//207 217//217 195//195
f 215//215 218//218 217//217
f 217//217 220//220 215//215
f 221//221 222//222 219//219
f 219//219 218//218 221//221
f 216//216 221//221 218//218
f 216//216 218//218 215//215
f 207//207 214//214 220//220
f 220//220 214//214 215//215
f 223//223 224//224 184//184
f 223//223 184//184 183//183
f 184//184 224//224 210//210
f 224//224 223//223 225//225
f 210//210 224//224 209//209
f 209//209 224//224 211//211
f 181//181 223//223 183//183
f 223//223 181//181 225//225
f 225//225 181//181 185//185
f 227//227 228//228 229//229
f 230//230 231//231 232//232
f 49//49 233//233 146//146
f 159//159 156//156 234//234
f 159//159 234//234 235//235
f 25//25 22//22 236//236
f 22//22 237//237 236//236
f 238//238 81//81 83//83
f 239//239 99//99 238//238
f 101//101 238//238 99//99
f 240//240 241//241 242//242
f 243//243 242//242 241//241
f 241//241 244//244 243//243
f 247//247 245//245 246//246
f 137//137 248//248 249//249
f 249//249 248//248 250//250
f 251//251 252//252 253//253
f 256//256 255//255 254//254
f 257//257 258//258 259//259
f 260//260 261//261 262//262
f 263//263 259//259 258//258
f 262//262 263//263 260//260
f 264//264 265//265 260//260
f 260//260 265//265 261//261
f 266//266 265//265 251//251
f 251//251 265//265 264//264
f 260//260 263//263 267//267
f 267//267 263//263 268//268
f 267//267 268//268 269//269
f 251//251 264//264 252//252
f 252//252 264//264 271//271
f 252//252 271//271 272//272
f 264//264 260//260 267//267
f 267//267 271//271 264//264
f 271//271 267//267 269//269
f 269//269 272//272 271//271
f 253//253 272//272 273//273
f 272//272 269//269 274//274
f 274//274 269//269 270//270
f 275//275 276//276 274//274
f 275//275 274//274 270//270
f 272//272 274//274 276//276
f 276//276 273//273 272//272
f 279//279 280//280 275//275
f 275//275 280//280 276//276
f 279//279 281//281 280//280
f 273//273 276//276 280//280
f 280//280 277//277 273//273
f 277//277 280//280 278//278
f 278//278 280//280 281//281
f 282//282 283//283 281//281
f 281//281 279//279 282//282
f 278//278 281//281 284//284
f 284//284 281//281 283//283
f 285//285 286//286 287//287
f 287//287 286//286 270//270
f 287//287 6//6 285//285
f 270//270 286//286 275//275
f 288//288 285//285 6//6
f 6//6 5//5 288//288
f 10//10 288//288 8//8
f 8//8 288//288 5//5
f 289//289 10//10 9//9
f 9//9 46//46 289//289
f 10//10 289//289 290//290
f 291//291 292//292 286//286
f 286//286 285//285 291//291
f 291//291 285//285 293//293
f 275//275 286//286 292//292
f 292//292 279//279 275//275
f 294//294 279//279 291//291
f 291//291 279//279 292//292
f 295//295 293//293 288//288
f 288//288 293//293 285//285
f 15//15 294//294 291//291
f 15//15 291//291 295//295
f 295//295 291//291 293//293
f 296//296 282//282 279//279
f 279//279 294//294 296//296
f 297//297 296//296 15//15
f 15//15 296//296 294//294
f 11//11 295//295 10//10
f 10//10 295//295 288//288
f 12//12 15//15 11//11
f 11//11 15//15 295//295
f 13//13 11//11 290//290
f 290//290 11//11 10//10
f 15//15 14//14 297//297
f 297//297 14//14 298//298
f 17//17 298//298 14//14
f 14//14 299//299 17//17
f 297//297 298//298 301//301
f 20//20 301//301 298//298
f 298//298 17//17 20//20
f 237//237 304//304 306//306
f 306//306 236//236 237//237
f 306//306 304//304 305//305
f 305//305 307//307 306//306
f 308//308 309//309 310//310
f 311//311 312//312 313//313
f 311//311 308//308 312//312
f 314//314 309//309 308//308
f 315//315 314//314 308//308
f 308//308 311//311 315//315
f 30//30 316//316 317//317
f 317//317 316//316 318//318
f 317//317 318//318 319//319
f 317//317 320//320 30//30
f 321//321 322//322 323//323
f 324//324 323//323 325//325
f 325//325 323//323 322//322
f 326//326 325//325 327//327
f 327//327 38//38 326//326
f 38//38 327//327 37//37
f 50//50 45//45 328//328
f 50//50 328//328 52//52
f 328//328 45//45 48//48
f 329//329 289//289 45//45
f 45//45 289//289 46//46
f 330//330 290//290 289//289
f 289//289 329//329 330//330
f 55//55 329//329 45//45
f 45//45 50//50 55//55
f 329//329 55//55 57//57
f 331//331 332//332 330//330
f 13//13 332//332 16//16
f 333//333 331//331 330//330
f 330//330 57//57 333//333
f 335//335 25//25 236//236
f 236//236 306//306 335//335
f 336//336 310//310 309//309
f 149//149 333//333 57//57
f 149//149 57//57 56//56
f 2//2 340//340 3//3
f 341//341 340//340 342//342
f 341//341 342//342 343//343
f 342//342 340//340 2//2
f 343//343 342//342 344//344
f 346//346 347//347 348//348
f 346//346 348//348 344//344
f 353//353 354//354 355//355
f 356//356 357//357 358//358
f 356//356 358//358 359//359
f 360//360 361//361 362//362
f 362//362 356//356 359//359
f 365//365 366//366 364//364
f 369//369 370//370 371//371
f 372//372 367//367 364//364
f 368//368 367//367 370//370
f 368//368 370//370 369//369
f 370//370 367//367 372//372
f 373//373 374//374 375//375
f 374//374 369//369 376//376
f 376//376 369//369 371//371
f 374//374 368//368 369//369
f 377//377 375//375 378//378
f 379//379 380//380 381//381
f 381//381 380//380 377//377
f 381//381 377//377 382//382
f 382//382 377//377 316//316
f 316//316 377//377 378//378
f 380//380 373//373 377//377
f 377//377 373//373 375//375
f 378//378 375//375 383//383
f 383//383 384//384 378//378
f 316//316 378//378 384//384
f 28//28 381//381 30//30
f 30//30 381//381 316//316
f 385//385 386//386 319//319
f 387//387 388//388 389//389
f 390//390 391//391 392//392
f 390//390 393//393 391//391
f 394//394 391//391 395//395
f 395//395 391//391 393//393
f 396//396 394//394 395//395
f 395//395 393//393 387//387
f 395//395 387//387 397//397
f 397//397 387//387 398//398
f 398//398 387//387 389//389
f 396//396 395//395 399//399
f 399//399 395//395 397//397
f 399//399 397//397 398//398
f 398//398 400//400 399//399
f 401//401 396//396 399//399
f 401//401 399//399 400//400
f 400//400 402//402 401//401
f 403//403 401//401 402//402
f 307//307 404//404 405//405
f 405//405 404//404 406//406
f 406//406 404//404 407//407
f 404//404 307//307 336//336
f 406//406 407//407 408//408
f 408//408 407//407 409//409
f 408//408 409//409 323//323
f 323//323 410//410 408//408
f 409//409 407//407 411//411
f 410//410 324//324 412//412
f 410//410 323//323 324//324
f 412//412 324//324 41//41
f 412//412 41//41 33//33
f 366//366 365//365 415//415
f 414//414 413//413 417//417
f 417//417 413//413 418//418
f 416//416 418//418 413//413
f 419//419 420//420 413//413
f 419//419 413//413 421//421
f 421//421 413//413 414//414
f 415//415 420//420 366//366
f 413//413 420//420 415//415
f 421//421 414//414 422//422
f 422//422 414//414 417//417
f 422//422 417//417 423//423
f 422//422 423//423 424//424
f 425//425 426//426 427//427
f 427//427 360//360 362//362
f 362//362 428//428 427//427
f 428//428 362//362 429//429
f 429//429 362//362 359//359
f 431//431 432//432 433//433
f 432//432 431//431 434//434
f 434//434 435//435 432//432
f 78//78 437//437 76//76
f 437//437 78//78 438//438
f 439//439 76//76 437//437
f 440//440 441//441 442//442
f 442//442 443//443 440//440
f 444//444 177//177 176//176
f 121//121 445//445 119//119
f 176//176 446//446 444//444
f 447//447 444//444 446//446
f 446//446 448//448 447//447
f 448//448 446//446 449//449
f 450//450 449//449 451//451
f 451//451 452//452 450//450
f 453//453 454//454 455//455
f 26//26 25//25 457//457
f 26//26 457//457 458//458
f 335//335 457//457 25//25
f 459//459 458//458 457//457
f 457//457 335//335 456//456
f 460//460 461//461 462//462
f 462//462 461//461 459//459
f 462//462 463//463 460//460
f 464//464 465//465 456//456
f 465//465 464//464 410//410
f 462//462 459//459 457//457
f 457//457 465//465 462//462
f 457//457 456//456 465//465
f 465//465 463//463 462//462
f 335//335 306//306 405//405
f 405//405 306//306 307//307
f 456//456 335//335 405//405
f 405//405 406//406 456//456
f 464//464 456//456 406//406
f 406//406 408//408 464//464
f 410//410 464//464 408//408
f 467//467 460//460 468//468
f 468//468 460//460 463//463
f 467//467 468//468 469//469
f 466//466 469//469 468//468
f 466//466 468//468 125//125
f 125//125 468//468 463//463
f 470//470 465//465 410//410
f 410//410 412//412 470//470
f 470//470 124//124 125//125
f 33//33 124//124 470//470
f 33//33 470//470 412//412
f 463//463 465//465 470//470
f 125//125 463//463 470//470
f 433//433 471//471 386//386
f 471//471 433//433 432//432
f 472//472 473//473 471//471
f 472//472 471//471 474//474
f 471//471 473//473 386//386
f 474//474 471//471 475//475
f 475//475 471//471 476//476
f 475//475 476//476 477//477
f 478//478 474//474 475//475
f 478//478 481//481 479//479
f 400//400 480//480 479//479
f 478//478 475//475 482//482
f 482//482 475//475 477//477
f 482//482 477//477 483//483
f 482//482 483//483 484//484
f 482//482 485//485 478//478
f 478//478 485//485 481//481
f 484//484 135//135 482//482
f 482//482 135//135 485//485
f 486//486 481//481 485//485
f 486//486 485//485 487//487
f 487//487 485//485 135//135
f 488//488 489//489 129//129
f 129//129 489//489 490//490
f 135//135 484//484 134//134
f 487//487 135//135 491//491
f 132//132 133//133 492//492
f 493//493 132//132 492//492
f 493//493 492//492 494//494
f 495//495 494//494 127//127
f 127//127 126//126 495//495
f 493//493 494//494 495//495
f 402//402 400//400 496//496
f 496//496 400//400 479//479
f 496//496 479//479 481//481
f 481//481 497//497 496//496
f 403//403 402//402 496//496
f 496//496 498//498 403//403
f 498//498 496//496 497//497
f 497//497 499//499 498//498
f 497//497 481//481 486//486
f 486//486 500//500 497//497
f 500//500 486//486 487//487
f 500//500 487//487 501//501
f 499//499 497//497 502//502
f 502//502 497//497 503//503
f 503//503 497//497 500//500
f 502//502 503//503 504//504
f 500//500 506//506 503//503
f 506//506 505//505 503//503
f 506//506 500//500 501//501
f 503//503 505//505 504//504
f 507//507 498//498 499//499
f 499//499 508//508 507//507
f 508//508 499//499 502//502
f 508//508 502//502 504//504
f 508//508 504//504 509//509
f 509//509 504//504 510//510
f 510//510 504//504 505//505
f 511//511 508//508 509//509
f 510//510 512//512 509//509
f 513//513 126//126 128//128
f 128//128 514//514 513//513
f 516//516 515//515 514//514
f 516//516 514//514 517//517
f 514//514 515//515 513//513
f 518//518 515//515 516//516
f 516//516 519//519 518//518
f 520//520 501//501 491//491
f 491//491 501//501 487//487
f 520//520 506//506 501//501
f 493//493 521//521 522//522
f 523//523 495//495 126//126
f 126//126 513//513 523//523
f 521//521 493//493 495//495
f 495//495 523//523 521//521
f 524//524 525//525 515//515
f 524//524 526//526 522//522
f 524//524 522//522 525//525
f 525//525 522//522 521//521
f 513//513 515//515 525//525
f 525//525 523//523 513//513
f 523//523 525//525 521//521
f 527//527 528//528 529//529
f 512//512 510//510 530//530
f 530//530 531//531 512//512
f 532//532 524//524 518//518
f 518//518 524//524 515//515
f 528//528 526//526 524//524
f 524//524 532//532 528//528
f 533//533 529//529 532//532
f 533//533 532//532 518//518
f 532//532 529//529 528//528
f 534//534 535//535 536//536
f 537//537 538//538 539//539
f 540//540 535//535 537//537
f 537//537 535//535 534//534
f 537//537 534//534 538//538
f 540//540 206//206 535//535
f 180//180 540//540 537//537
f 180//180 537//537 539//539
f 180//180 539//539 541//541
f 182//182 540//540 180//180
f 182//182 184//184 540//540
f 178//178 180//180 541//541
f 178//178 541//541 542//542
f 180//180 179//179 182//182
f 542//542 543//543 190//190
f 194//194 187//187 189//189
f 546//546 201//201 544//544
f 536//536 535//535 205//205
f 548//548 547//547 549//549
f 550//550 547//547 551//551
f 549//549 547//547 550//550
f 550//550 552//552 549//549
f 552//552 550//550 553//553
f 553//553 550//550 554//554
f 549//549 451//451 548//548
f 552//552 452//452 451//451
f 451//451 549//549 552//552
f 553//553 452//452 552//552
f 556//556 557//557 555//555
f 556//556 555//555 558//558
f 562//562 563//563 564//564
f 567//567 565//565 566//566
f 566//566 568//568 567//567
f 569//569 509//509 512//512
f 512//512 570//570 569//569
f 529//529 573//573 572//572
f 573//573 574//574 572//572
f 574//574 571//571 572//572
f 570//570 512//512 575//575
f 575//575 512//512 531//531
f 576//576 570//570 575//575
f 577//577 578//578 579//579
f 580//580 581//581 582//582
f 579//579 578//578 582//582
f 582//582 578//578 583//583
f 583//583 580//580 582//582
f 584//584 585//585 586//586
f 586//586 587//587 584//584
f 588//588 589//589 590//590
f 584//584 587//587 591//591
f 592//592 394//394 396//396
f 593//593 592//592 594//594
f 594//594 592//592 595//595
f 595//595 592//592 396//396
f 595//595 396//396 401//401
f 596//596 401//401 403//403
f 597//597 596//596 403//403
f 597//597 403//403 507//507
f 507//507 403//403 498//498
f 598//598 597//597 599//599
f 599//599 597//597 507//507
f 599//599 507//507 511//511
f 511//511 507//507 508//508
f 564//564 601//601 562//562
f 602//602 603//603 604//604
f 604//604 603//603 605//605
f 563//563 562//562 606//606
f 606//606 607//607 563//563
f 607//607 606//606 608//608
f 608//608 609//609 607//607
f 610//610 611//611 602//602
f 602//602 611//611 603//603
f 612//612 563//563 607//607
f 612//612 607//607 609//609
f 612//612 613//613 614//614
f 615//615 565//565 616//616
f 613//613 612//612 616//616
f 617//617 616//616 565//565
f 565//565 567//567 617//617
f 565//565 615//615 618//618
f 248//248 619//619 250//250
f 250//250 619//619 620//620
f 250//250 620//620 621//621
f 621//621 620//620 622//622
f 621//621 622//622 623//623
f 623//623 140//140 621//621
f 625//625 626//626 624//624
f 139//139 621//621 140//140
f 627//627 139//139 141//141
f 628//628 627//627 629//629
f 629//629 630//630 628//628
f 631//631 632//632 141//141
f 633//633 598//598 599//599
f 599//599 634//634 633//633
f 634//634 599//599 635//635
f 635//635 599//599 511//511
f 144//144 634//634 635//635
f 635//635 636//636 144//144
f 635//635 511//511 509//509
f 509//509 569//569 635//635
f 636//636 635//635 637//637
f 637//637 635//635 569//569
f 637//637 569//569 570//570
f 570//570 576//576 637//637
f 638//638 637//637 576//576
f 576//576 639//639 638//638
f 640//640 641//641 642//642
f 643//643 640//640 642//642
f 640//640 643//643 644//644
f 645//645 642//642 646//646
f 645//645 646//646 647//647
f 643//643 642//642 645//645
f 648//648 649//649 650//650
f 651//651 648//648 652//652
f 652//652 648//648 650//650
f 653//653 644//644 643//643
f 654//654 645//645 655//655
f 655//655 645//645 647//647
f 655//655 647//647 656//656
f 657//657 643//643 645//645
f 657//657 645//645 654//654
f 658//658 657//657 654//654
f 659//659 654//654 655//655
f 659//659 655//655 648//648
f 648//648 655//655 656//656
f 658//658 654//654 659//659
f 658//658 660//660 657//657
f 657//657 660//660 653//653
f 658//658 662//662 661//661
f 662//662 659//659 651//651
f 651//651 659//659 648//648
f 662//662 658//658 659//659
f 663//663 662//662 664//664
f 651//651 664//664 662//662
f 668//668 586//586 666//666
f 587//587 586//586 668//668
f 668//668 669//669 587//587
f 670//670 671//671 672//672
f 674//674 675//675 673//673
f 672//672 676//676 677//677
f 676//676 672//672 671//671
f 671//671 678//678 676//676
f 678//678 671//671 680//680
f 681//681 682//682 683//683
f 649//649 684//684 650//650
f 685//685 600//600 601//601
f 601//601 564//564 685//685
f 686//686 687//687 688//688
f 689//689 690//690 686//686
f 686//686 690//690 687//687
f 691//691 686//686 688//688
f 692//692 689//689 686//686
f 689//689 694//694 690//690
f 689//689 692//692 695//695
f 696//696 687//687 690//690
f 696//696 690//690 694//694
f 694//694 697//697 696//696
f 694//694 698//698 697//697
f 699//699 700//700 701//701
f 701//701 700//700 702//702
f 703//703 704//704 699//699
f 699//699 704//704 700//700
f 701//701 698//698 699//699
f 699//699 698//698 703//703
f 705//705 700//700 704//704
f 704//704 706//706 705//705
f 703//703 707//707 708//708
f 703//703 708//708 704//704
f 706//706 704//704 709//709
f 709//709 704//704 708//708
f 709//709 708//708 710//710
f 711//711 347//347 577//577
f 347//347 346//346 577//577
f 713//713 336//336 712//712
f 309//309 712//712 336//336
f 714//714 715//715 694//694
f 694//694 715//715 716//716
f 716//716 715//715 717//717
f 719//719 720//720 721//721
f 719//719 721//721 718//718
f 721//721 720//720 722//722
f 724//724 725//725 718//718
f 726//726 724//724 721//721
f 726//726 721//721 727//727
f 728//728 723//723 726//726
f 726//726 723//723 724//724
f 718//718 721//721 724//724
f 577//577 346//346 729//729
f 729//729 578//578 577//577
f 578//578 729//729 730//730
f 730//730 583//583 578//578
f 731//731 732//732 733//733
f 591//591 736//736 737//737
f 737//737 670//670 591//591
f 591//591 672//672 584//584
f 672//672 591//591 670//670
f 674//674 739//739 738//738
f 740//740 738//738 739//739
f 741//741 740//740 742//742
f 741//741 742//742 743//743
f 743//743 742//742 696//696
f 743//743 696//696 697//697
f 697//697 744//744 743//743
f 698//698 694//694 716//716
f 698//698 716//716 745//745
f 745//745 703//703 698//698
f 702//702 746//746 747//747
f 719//719 718//718 748//748
f 719//719 748//748 707//707
f 749//749 708//708 748//748
f 748//748 708//708 707//707
f 703//703 745//745 720//720
f 703//703 720//720 707//707
f 707//707 720//720 719//719
f 750//750 748//748 718//718
f 718//718 725//725 750//750
f 749//749 748//748 750//750
f 751//751 752//752 753//753
f 751//751 753//753 754//754
f 754//754 753//753 755//755
f 755//755 753//753 756//756
f 755//755 756//756 757//757
f 757//757 756//756 758//758
f 759//759 754//754 755//755
f 759//759 755//755 757//757
f 757//757 760//760 759//759
f 757//757 758//758 761//761
f 761//761 758//758 762//762
f 761//761 762//762 361//361
f 361//361 762//762 763//763
f 760//760 757//757 761//761
f 761//761 426//426 760//760
f 426//426 761//761 360//360
f 360//360 761//761 361//361
f 14//14 16//16 299//299
f 17//17 299//299 18//18
f 764//764 765//765 766//766
f 767//767 768//768 769//769
f 770//770 771//771 772//772
f 770//770 301//301 773//773
f 770//770 773//773 774//774
f 773//773 775//775 303//303
f 303//303 774//774 773//773
f 776//776 303//303 775//775
f 777//777 303//303 776//776
f 778//778 765//765 779//779
f 779//779 780//780 778//778
f 780//780 781//781 778//778
f 778//778 766//766 765//765
f 780//780 782//782 770//770
f 770//770 782//782 771//771
f 780//780 779//779 782//782
f 774//774 780//780 770//770
f 774//774 781//781 780//780
f 783//783 784//784 785//785
f 302//302 774//774 303//303
f 786//786 781//781 774//774
f 774//774 302//302 786//786
f 787//787 302//302 777//777
f 777//777 302//302 303//303
f 788//788 786//786 787//787
f 787//787 786//786 302//302
f 786//786 784//784 783//783
f 786//786 783//783 781//781
f 789//789 784//784 786//786
f 789//789 786//786 788//788
f 784//784 789//789 790//790
f 172//172 791//791 792//792
f 172//172 792//792 363//363
f 172//172 171//171 791//791
f 793//793 759//759 760//760
f 760//760 794//794 793//793
f 794//794 760//760 425//425
f 425//425 760//760 426//426
f 427//427 426//426 360//360
f 423//423 794//794 430//430
f 430//430 794//794 425//425
f 424//424 423//423 430//430
f 424//424 430//430 427//427
f 427//427 796//796 424//424
f 795//795 424//424 797//797
f 797//797 424//424 796//796
f 796//796 798//798 797//797
f 796//796 427//427 799//799
f 799//799 427//427 428//428
f 799//799 800//800 801//801
f 798//798 796//796 802//802
f 802//802 796//796 799//799
f 802//802 799//799 445//445
f 445//445 799//799 801//801
f 803//803 804//804 805//805
f 434//434 805//805 804//804
f 434//434 804//804 806//806
f 435//435 434//434 807//807
f 807//807 434//434 806//806
f 803//803 795//795 797//797
f 797//797 808//808 803//803
f 808//808 797//797 798//798
f 798//798 809//809 808//808
f 804//804 803//803 810//810
f 810//810 803//803 808//808
f 810//810 808//808 809//809
f 810//810 809//809 811//811
f 812//812 813//813 811//811
f 813//813 812//812 814//814
f 813//813 814//814 815//815
f 809//809 798//798 802//802
f 802//802 816//816 809//809
f 816//816 802//802 121//121
f 121//121 802//802 445//445
f 816//816 812//812 809//809
f 809//809 812//812 811//811
f 806//806 804//804 817//817
f 817//817 818//818 806//806
f 818//818 817//817 819//819
f 819//819 817//817 811//811
f 810//810 817//817 804//804
f 811//811 817//817 810//810
f 819//819 811//811 813//813
f 330//330 332//332 290//290
f 290//290 332//332 13//13
f 801//801 820//820 821//821
f 777//777 824//824 825//825
f 826//826 788//788 787//787
f 826//826 787//787 827//827
f 827//827 787//787 825//825
f 828//828 827//827 829//829
f 828//828 826//826 827//827
f 830//830 789//789 788//788
f 830//830 788//788 826//826
f 831//831 828//828 829//829
f 129//129 131//131 488//488
f 834//834 132//132 835//835
f 836//836 837//837 823//823
f 208//208 198//198 202//202
f 208//208 209//209 212//212
f 172//172 219//219 170//170
f 170//170 219//219 222//222
f 222//222 173//173 170//170
f 727//727 721//721 722//722
f 723//723 838//838 724//724
f 839//839 840//840 728//728
f 728//728 840//840 723//723
f 841//841 842//842 843//843
f 843//843 842//842 331//331
f 844//844 299//299 842//842
f 842//842 299//299 16//16
f 845//845 18//18 299//299
f 299//299 844//844 845//845
f 846//846 844//844 842//842
f 842//842 841//841 846//846
f 847//847 845//845 846//846
f 846//846 845//845 844//844
f 848//848 849//849 850//850
f 851//851 850//850 845//845
f 845//845 847//847 851//851
f 852//852 853//853 851//851
f 851//851 853//853 850//850
f 850//850 853//853 848//848
f 854//854 824//824 855//855
f 854//854 855//855 856//856
f 857//857 855//855 849//849
f 849//849 848//848 857//857
f 856//856 855//855 857//857
f 858//858 857//857 853//853
f 853//853 852//852 858//858
f 829//829 854//854 856//856
f 829//829 856//856 858//858
f 858//858 856//856 857//857
f 848//848 853//853 857//857
f 859//859 858//858 852//852
f 858//858 831//831 829//829
f 860//860 825//825 824//824
f 824//824 854//854 860//860
f 827//827 825//825 860//860
f 829//829 827//827 854//854
f 854//854 827//827 860//860
f 361//361 763//763 356//356
f 356//356 763//763 357//357
f 362//362 361//361 356//356
f 862//862 863//863 861//861
f 867//867 868//868 869//869
f 867//867 869//869 870//870
f 871//871 867//867 870//870
f 871//871 870//870 872//872
f 873//873 792//792 791//791
f 791//791 171//171 872//872
f 791//791 872//872 873//873
f 172//172 363//363 196//196
f 872//872 171//171 871//871
f 174//174 871//871 171//171
f 417//417 418//418 423//423
f 416//416 874//874 759//759
f 759//759 793//793 416//416
f 793//793 418//418 416//416
f 423//423 418//418 794//794
f 794//794 418//418 793//793
f 429//429 800//800 428//428
f 121//121 814//814 816//816
f 816//816 814//814 812//812
f 108//108 58//58 59//59
f 875//875 876//876 58//58
f 876//876 875//875 859//859
f 201//201 200//200 544//544
f 728//728 878//878 839//839
f 702//702 744//744 697//697
f 879//879 273//273 338//338
f 338//338 880//880 883//883
f 883//883 880//880 882//882
f 882//882 884//884 883//883
f 885//885 883//883 884//884
f 887//887 888//888 889//889
f 890//890 889//889 888//888
f 888//888 891//891 890//890
f 889//889 892//892 893//893
f 889//889 893//893 887//887
f 884//884 894//894 885//885
f 886//886 885//885 894//894
f 895//895 888//888 887//887
f 896//896 59//59 58//58
f 491//491 135//135 134//134
f 897//897 898//898 899//899
f 903//903 822//822 547//547
f 548//548 903//903 547//547
f 551//551 547//547 822//822
f 836//836 902//902 820//820
f 550//550 551//551 904//904
f 904//904 554//554 550//550
f 906//906 907//907 908//908
f 359//359 358//358 767//767
f 767//767 358//358 768//768
f 909//909 359//359 767//767
f 767//767 910//910 909//909
f 112//112 108//108 106//106
f 909//909 429//429 359//359
f 429//429 820//820 800//800
f 820//820 429//429 910//910
f 820//820 910//910 901//901
f 801//801 800//800 820//820
f 445//445 801//801 821//821
f 911//911 821//821 822//822
f 821//821 820//820 902//902
f 822//822 821//821 551//551
f 551//551 821//821 902//902
f 903//903 911//911 822//822
f 455//455 912//912 877//877
f 913//913 902//902 836//836
f 904//904 551//551 913//913
f 554//554 904//904 914//914
f 914//914 904//904 915//915
f 914//914 553//553 554//554
f 641//641 575//575 916//916
f 644//644 917//917 640//640
f 908//908 918//918 660//660
f 908//908 660//660 919//919
f 920//920 908//908 919//919
f 842//842 16//16 332//332
f 845//845 19//19 18//18
f 799//799 428//428 800//800
f 813//813 815//815 921//921
f 57//57 330//330 329//329
f 87//87 82//82 86//86
f 86//86 82//82 80//80
f 87//87 84//84 82//82
f 81//81 80//80 82//82
f 429//429 909//909 910//910
f 821//821 911//911 445//445
f 915//915 922//922 923//923
f 119//119 445//445 911//911
f 484//484 483//483 131//131
f 131//131 134//134 484//484
f 134//134 131//131 132//132
f 491//491 134//134 834//834
f 835//835 132//132 493//493
f 520//520 491//491 834//834
f 834//834 924//924 520//520
f 505//505 506//506 925//925
f 925//925 506//506 520//520
f 925//925 520//520 924//924
f 925//925 924//924 526//526
f 522//522 835//835 493//493
f 924//924 834//834 522//522
f 522//522 834//834 835//835
f 522//522 526//526 924//924
f 510//510 505//505 925//925
f 925//925 530//530 510//510
f 530//530 925//925 926//926
f 926//926 925//925 526//526
f 837//837 836//836 820//820
f 913//913 551//551 902//902
f 913//913 836//836 922//922
f 922//922 836//836 823//823
f 904//904 913//913 922//922
f 922//922 915//915 904//904
f 184//184 210//210 203//203
f 878//878 728//728 726//726
f 927//927 660//660 658//658
f 919//919 660//660 927//927
f 661//661 920//920 927//927
f 661//661 927//927 658//658
f 673//673 928//928 734//734
f 930//930 898//898 897//897
f 233//233 49//49 53//53
f 842//842 332//332 331//331
f 331//331 333//333 843//843
f 58//58 847//847 896//896
f 151//151 59//59 896//896
f 932//932 233//233 933//933
f 933//933 233//233 53//53
f 152//152 146//146 932//932
f 932//932 146//146 233//233
f 156//156 152//152 932//932
f 934//934 62//62 65//65
f 561//561 342//342 2//2
f 344//344 342//342 345//345
f 345//345 342//342 561//561
f 344//344 345//345 346//346
f 284//284 935//935 278//278
f 284//284 881//881 935//935
f 765//765 764//764 779//779
f 20//20 19//19 334//334
f 807//807 806//806 936//936
f 937//937 938//938 939//939
f 940//940 941//941 942//942
f 939//939 942//942 937//937
f 937//937 942//942 941//941
f 818//818 819//819 937//937
f 937//937 819//819 938//938
f 940//940 936//936 941//941
f 941//941 936//936 818//818
f 806//806 818//818 936//936
f 937//937 941//941 818//818
f 943//943 938//938 819//819
f 819//819 813//813 943//943
f 921//921 944//944 943//943
f 921//921 943//943 813//813
f 945//945 946//946 66//66
f 66//66 946//946 67//67
f 86//86 80//80 945//945
f 945//945 80//80 946//946
f 69//69 67//67 946//946
f 69//69 946//946 80//80
f 80//80 79//79 69//69
f 66//66 70//70 73//73
f 175//175 70//70 72//72
f 66//66 73//73 74//74
f 74//74 945//945 66//66
f 945//945 74//74 75//75
f 75//75 86//86 945//945
f 238//238 83//83 239//239
f 99//99 239//239 947//947
f 947//947 948//948 99//99
f 100//100 99//99 110//110
f 110//110 99//99 948//948
f 824//824 777//777 334//334
f 877//877 875//875 108//108
f 108//108 875//875 58//58
f 912//912 859//859 875//875
f 875//875 877//877 912//912
f 825//825 787//787 777//777
f 923//923 949//949 915//915
f 949//949 923//923 950//950
f 912//912 455//455 951//951
f 951//951 455//455 454//454
f 951//951 454//454 952//952
f 914//914 915//915 949//949
f 949//949 953//953 914//914
f 953//953 949//949 950//950
f 954//954 955//955 956//956
f 956//956 957//957 954//954
f 954//954 553//553 914//914
f 954//954 914//914 953//953
f 954//954 953//953 955//955
f 957//957 958//958 954//954
f 471//471 432//432 959//959
f 471//471 959//959 476//476
f 959//959 432//432 435//435
f 476//476 959//959 489//489
f 489//489 959//959 807//807
f 489//489 807//807 936//936
f 807//807 959//959 435//435
f 477//477 476//476 489//489
f 477//477 489//489 488//488
f 488//488 483//483 477//477
f 489//489 936//936 940//940
f 940//940 490//490 489//489
f 488//488 131//131 483//483
f 834//834 134//134 132//132
f 526//526 528//528 926//926
f 527//527 926//926 528//528
f 527//527 530//530 926//926
f 540//540 184//184 206//206
f 560//560 960//960 345//345
f 560//560 345//345 561//561
f 961//961 962//962 960//960
f 960//960 963//963 961//961
f 964//964 965//965 961//961
f 961//961 965//965 962//962
f 963//963 969//969 961//961
f 961//961 969//969 970//970
f 961//961 970//970 971//971
f 971//971 964//964 961//961
f 972//972 973//973 974//974
f 975//975 973//973 976//976
f 977//977 250//250 621//621
f 639//639 576//576 575//575
f 575//575 917//917 639//639
f 917//917 575//575 640//640
f 640//640 575//575 641//641
f 653//653 643//643 657//657
f 962//962 730//730 729//729
f 346//346 345//345 960//960
f 960//960 729//729 346//346
f 729//729 960//960 962//962
f 929//929 669//669 978//978
f 731//731 966//966 979//979
f 979//979 978//978 731//731
f 590//590 589//589 980//980
f 929//929 981//981 736//736
f 929//929 736//736 669//669
f 981//981 737//737 736//736
f 737//737 981//981 735//735
f 735//735 734//734 737//737
f 670//670 737//737 734//734
f 734//734 928//928 670//670
f 929//929 983//983 984//984
f 929//929 984//984 981//981
f 679//679 985//985 986//986
f 987//987 253//253 879//879
f 879//879 253//253 273//273
f 337//337 987//987 879//879
f 145//145 337//337 988//988
f 338//338 273//273 277//277
f 338//338 277//277 880//880
f 880//880 277//277 278//278
f 880//880 278//278 935//935
f 935//935 882//882 880//880
f 882//882 935//935 881//881
f 879//879 988//988 337//337
f 988//988 879//879 338//338
f 338//338 883//883 885//885
f 338//338 885//885 886//886
f 889//889 890//890 892//892
f 149//149 843//843 333//333
f 151//151 841//841 843//843
f 843//843 149//149 151//151
f 150//150 151//151 149//149
f 896//896 846//846 151//151
f 151//151 846//846 841//841
f 896//896 847//847 846//846
f 60//60 151//151 150//150
f 234//234 932//932 933//933
f 234//234 933//933 989//989
f 989//989 933//933 990//990
f 932//932 234//234 156//156
f 166//166 150//150 164//164
f 164//164 150//150 162//162
f 150//150 166//166 107//107
f 850//850 19//19 845//845
f 850//850 849//849 19//19
f 19//19 849//849 334//334
f 855//855 824//824 334//334
f 847//847 58//58 876//876
f 876//876 851//851 847//847
f 851//851 876//876 852//852
f 852//852 876//876 859//859
f 210//210 208//208 204//204
f 624//624 991//991 227//227
f 993//993 994//994 995//995
f 992//992 839//839 878//878
f 300//300 881//881 284//284
f 996//996 300//300 283//283
f 283//283 282//282 996//996
f 284//284 283//283 300//300
f 997//997 996//996 296//296
f 296//296 996//996 282//282
f 297//297 997//997 296//296
f 998//998 999//999 1000//1000
f 1000//1000 999//999 1001//1001
f 1002//1002 300//300 1003//1003
f 300//300 1002//1002 1004//1004
f 300//300 1004//1004 881//881
f 1005//1005 300//300 996//996
f 1005//1005 1003//1003 300//300
f 1006//1006 1007//1007 1003//1003
f 1003//1003 1007//1007 1002//1002
f 863//863 862//862 1007//1007
f 1007//1007 1006//1006 863//863
f 1004//1004 1002//1002 1007//1007
f 1007//1007 1008//1008 1004//1004
f 1008//1008 1007//1007 1009//1009
f 1009//1009 1007//1007 862//862
f 772//772 1006//1006 1005//1005
f 1005//1005 1006//1006 1003//1003
f 771//771 863//863 772//772
f 772//772 863//863 1006//1006
f 1000//1000 1010//1010 766//766
f 766//766 866//866 764//764
f 766//766 1010//1010 866//866
f 1009//1009 862//862 1011//1011
f 1011//1011 862//862 861//861
f 1011//1011 861//861 864//864
f 864//864 1012//1012 1011//1011
f 782//782 861//861 771//771
f 771//771 861//861 863//863
f 779//779 764//764 864//864
f 779//779 864//864 861//861
f 779//779 861//861 782//782
f 1012//1012 864//864 865//865
f 865//865 1013//1013 1012//1012
f 864//864 764//764 866//866
f 1000//1000 1014//1014 1015//1015
f 1016//1016 1015//1015 1017//1017
f 1017//1017 1015//1015 1014//1014
f 1018//1018 1016//1016 1019//1019
f 1019//1019 1016//1016 1017//1017
f 900//900 1018//1018 1019//1019
f 1020//1020 1005//1005 996//996
f 996//996 997//997 1020//1020
f 1005//1005 1020//1020 770//770
f 301//301 1020//1020 297//297
f 297//297 1020//1020 997//997
f 301//301 770//770 1020//1020
f 770//770 772//772 1005//1005
f 776//776 775//775 20//20
f 20//20 775//775 301//301
f 334//334 776//776 20//20
f 301//301 775//775 773//773
f 776//776 334//334 777//777
f 1014//1014 1000//1000 766//766
f 766//766 1021//1021 1014//1014
f 1021//1021 766//766 778//778
f 785//785 1021//1021 778//778
f 785//785 778//778 783//783
f 1021//1021 785//785 1022//1022
f 1023//1023 1022//1022 785//785
f 1023//1023 785//785 784//784
f 1024//1024 900//900 1019//1019
f 1024//1024 1019//1019 1023//1023
f 1025//1025 1001//1001 1026//1026
f 1026//1026 1001//1001 999//999
f 1010//1010 1001//1001 1025//1025
f 1028//1028 310//310 305//305
f 41//41 324//324 325//325
f 325//325 326//326 41//41
f 326//326 1029//1029 39//39
f 39//39 1029//1029 40//40
f 40//40 1029//1029 1030//1030
f 39//39 41//41 326//326
f 38//38 1031//1031 326//326
f 326//326 1031//1031 1029//1029
f 1031//1031 38//38 43//43
f 1030//1030 1029//1029 1031//1031
f 1031//1031 1032//1032 1030//1030
f 1032//1032 1031//1031 44//44
f 44//44 1031//1031 43//43
f 88//88 77//77 1033//1033
f 88//88 1033//1033 87//87
f 1033//1033 77//77 76//76
f 84//84 87//87 1033//1033
f 1033//1033 1034//1034 84//84
f 1034//1034 1033//1033 76//76
f 76//76 1035//1035 1034//1034
f 83//83 84//84 239//239
f 239//239 84//84 1034//1034
f 239//239 1034//1034 1035//1035
f 1035//1035 947//947 239//239
f 85//85 40//40 1030//1030
f 1030//1030 88//88 85//85
f 88//88 1030//1030 77//77
f 77//77 1030//1030 1032//1032
f 77//77 1032//1032 44//44
f 44//44 78//78 77//77
f 951//951 339//339 859//859
f 951//951 859//859 912//912
f 952//952 831//831 951//951
f 951//951 831//831 339//339
f 1036//1036 823//823 1037//1037
f 1036//1036 1037//1037 1038//1038
f 1039//1039 826//826 828//828
f 1038//1038 790//790 830//830
f 830//830 790//790 789//789
f 830//830 1039//1039 1040//1040
f 1036//1036 1038//1038 1040//1040
f 1040//1040 1038//1038 830//830
f 1039//1039 830//830 826//826
f 922//922 823//823 923//923
f 923//923 823//823 1036//1036
f 1036//1036 833//833 923//923
f 950//950 832//832 436//436
f 950//950 923//923 832//832
f 832//832 923//923 833//833
f 1042//1042 828//828 831//831
f 1042//1042 1041//1041 828//828
f 828//828 1041//1041 1039//1039
f 1043//1043 1042//1042 952//952
f 436//436 1041//1041 1043//1043
f 1043//1043 1041//1041 1042//1042
f 952//952 1042//1042 831//831
f 832//832 1040//1040 1041//1041
f 1041//1041 1040//1040 1039//1039
f 833//833 1036//1036 1040//1040
f 1040//1040 832//832 833//833
f 1041//1041 436//436 832//832
f 437//437 438//438 440//440
f 1035//1035 76//76 439//439
f 947//947 1035//1035 1044//1044
f 1044//1044 1035//1035 439//439
f 1044//1044 439//439 1045//1045
f 439//439 437//437 440//440
f 439//439 440//440 1046//1046
f 1046//1046 440//440 443//443
f 1045//1045 439//439 1047//1047
f 1047//1047 439//439 1048//1048
f 1048//1048 439//439 1046//1046
f 78//78 44//44 1049//1049
f 78//78 1049//1049 438//438
f 441//441 440//440 438//438
f 1050//1050 1046//1046 443//443
f 1050//1050 1051//1051 1048//1048
f 1050//1050 1048//1048 1046//1046
f 1050//1050 958//958 1051//1051
f 948//948 947//947 1052//1052
f 1052//1052 947//947 1044//1044
f 1052//1052 1044//1044 1053//1053
f 1053//1053 1044//1044 1045//1045
f 110//110 948//948 1054//1054
f 1054//1054 948//948 1052//1052
f 1054//1054 1052//1052 1053//1053
f 1053//1053 1055//1055 1054//1054
f 1053//1053 1045//1045 1058//1058
f 1058//1058 1045//1045 1047//1047
f 1058//1058 1047//1047 1059//1059
f 1059//1059 1047//1047 1048//1048
f 1055//1055 1053//1053 1058//1058
f 1058//1058 1060//1060 1055//1055
f 1057//1057 1060//1060 1058//1058
f 1057//1057 1058//1058 1059//1059
f 1057//1057 1059//1059 1056//1056
f 1061//1061 877//877 112//112
f 453//453 455//455 1061//1061
f 1061//1061 455//455 877//877
f 112//112 111//111 110//110
f 112//112 110//110 1054//1054
f 112//112 1054//1054 1061//1061
f 1061//1061 1054//1054 453//453
f 453//453 1054//1054 1055//1055
f 1060//1060 454//454 453//453
f 1057//1057 1056//1056 454//454
f 1057//1057 454//454 1060//1060
f 454//454 1056//1056 952//952
f 453//453 1055//1055 1060//1060
f 1062//1062 1063//1063 1056//1056
f 1064//1064 436//436 1063//1063
f 1064//1064 1063//1063 1062//1062
f 1059//1059 1048//1048 1065//1065
f 1065//1065 1048//1048 1051//1051
f 957//957 956//956 1065//1065
f 957//957 1065//1065 1051//1051
f 1056//1056 1059//1059 1062//1062
f 1062//1062 1059//1059 1065//1065
f 1062//1062 1065//1065 1064//1064
f 1064//1064 1065//1065 956//956
f 955//955 950//950 1064//1064
f 1064//1064 950//950 436//436
f 950//950 955//955 953//953
f 1064//1064 956//956 955//955
f 952//952 1056//1056 1043//1043
f 1043//1043 1056//1056 1063//1063
f 1043//1043 1063//1063 436//436
f 1051//1051 958//958 957//957
f 1066//1066 1067//1067 1068//1068
f 1068//1068 1067//1067 1069//1069
f 1068//1068 1070//1070 1066//1066
f 1066//1066 1070//1070 130//130
f 130//130 129//129 1066//1066
f 1071//1071 127//127 492//492
f 492//492 127//127 494//494
f 837//837 900//900 1024//1024
f 837//837 1024//1024 1037//1037
f 823//823 837//837 1037//1037
f 893//893 1004//1004 1008//1008
f 1008//1008 887//887 893//893
f 887//887 1008//1008 1009//1009
f 1009//1009 1075//1075 887//887
f 895//895 1076//1076 1077//1077
f 895//895 1077//1077 888//888
f 1013//1013 1078//1078 1076//1076
f 1013//1013 1079//1079 1078//1078
f 1077//1077 1076//1076 1080//1080
f 1080//1080 1076//1076 1078//1078
f 1080//1080 1078//1078 1081//1081
f 1081//1081 1078//1078 1079//1079
f 891//891 888//888 1077//1077
f 1077//1077 1082//1082 891//891
f 1082//1082 1077//1077 1080//1080
f 1082//1082 1080//1080 1083//1083
f 1083//1083 1080//1080 1081//1081
f 1075//1075 1009//1009 1011//1011
f 1011//1011 895//895 1075//1075
f 895//895 1011//1011 1076//1076
f 1076//1076 1011//1011 1012//1012
f 887//887 1075//1075 895//895
f 1076//1076 1012//1012 1013//1013
f 339//339 858//858 859//859
f 339//339 831//831 858//858
f 1084//1084 1085//1085 1086//1086
f 1086//1086 1085//1085 1087//1087
f 1086//1086 1088//1088 1084//1084
f 305//305 310//310 307//307
f 392//392 29//29 390//390
f 390//390 29//29 1089//1089
f 393//393 388//388 387//387
f 394//394 392//392 391//391
f 336//336 713//713 404//404
f 407//407 404//404 713//713
f 713//713 411//411 407//407
f 411//411 713//713 1090//1090
f 411//411 321//321 409//409
f 321//321 411//411 1091//1091
f 1091//1091 411//411 1090//1090
f 323//323 409//409 321//321
f 322//322 321//321 1092//1092
f 1092//1092 321//321 1091//1091
f 175//175 72//72 1093//1093
f 415//415 365//365 1094//1094
f 415//415 1094//1094 413//413
f 413//413 1094//1094 1095//1095
f 413//413 1095//1095 416//416
f 1096//1096 1097//1097 1098//1098
f 1098//1098 1097//1097 1099//1099
f 74//74 36//36 35//35
f 310//310 336//336 307//307
f 1093//1093 122//122 175//175
f 175//175 122//122 36//36
f 514//514 128//128 517//517
f 1100//1100 1101//1101 516//516
f 519//519 516//516 1101//1101
f 1102//1102 1103//1103 1104//1104
f 1105//1105 1104//1104 1103//1103
f 178//178 542//542 190//190
f 143//143 633//633 634//634
f 634//634 144//144 143//143
f 334//334 849//849 855//855
f 1113//1113 1114//1114 241//241
f 241//241 1114//1114 244//244
f 1115//1115 1114//1114 1113//1113
f 1114//1114 1116//1116 1109//1109
f 1109//1109 244//244 1114//1114
f 1115//1115 247//247 1117//1117
f 1115//1115 1117//1117 1116//1116
f 1115//1115 1116//1116 1114//1114
f 1117//1117 247//247 626//626
f 1118//1118 1117//1117 1119//1119
f 1119//1119 1117//1117 626//626
f 1119//1119 626//626 1120//1120
f 1120//1120 1121//1121 1119//1119
f 1110//1110 1119//1119 1121//1121
f 632//632 1122//1122 1123//1123
f 1122//1122 632//632 1124//1124
f 1124//1124 632//632 1125//1125
f 1126//1126 1124//1124 992//992
f 992//992 1124//1124 839//839
f 1127//1127 1128//1128 1110//1110
f 1110//1110 1128//1128 1111//1111
f 232//232 630//630 1126//1126
f 232//232 1126//1126 1127//1127
f 1127//1127 1126//1126 1128//1128
f 992//992 1111//1111 1128//1128
f 992//992 1128//1128 1126//1126
f 629//629 1123//1123 1122//1122
f 1122//1122 1129//1129 629//629
f 1129//1129 1122//1122 1124//1124
f 1124//1124 1126//1126 1129//1129
f 1129//1129 1126//1126 629//629
f 629//629 1126//1126 630//630
f 1130//1130 1121//1121 1120//1120
f 1110//1110 1121//1121 1127//1127
f 1127//1127 1121//1121 1131//1131
f 1127//1127 1131//1131 232//232
f 1135//1135 1134//1134 1133//1133
f 1135//1135 1133//1133 1136//1136
f 1136//1136 1133//1133 1132//1132
f 1136//1136 1137//1137 1135//1135
f 1138//1138 1134//1134 1139//1139
f 1142//1142 1106//1106 1143//1143
f 1142//1142 1143//1143 1144//1144
f 1144//1144 1145//1145 1142//1142
f 1146//1146 1144//1144 1141//1141
f 1146//1146 1145//1145 1144//1144
f 1147//1147 1139//1139 1135//1135
f 1135//1135 1139//1139 1134//1134
f 1140//1140 1139//1139 1147//1147
f 1148//1148 1147//1147 1137//1137
f 1137//1137 1147//1147 1135//1135
f 1149//1149 1141//1141 1140//1140
f 1149//1149 1140//1140 1147//1147
f 1149//1149 1147//1147 1148//1148
f 1148//1148 1137//1137 1150//1150
f 1146//1146 1141//1141 1149//1149
f 1073//1073 1145//1145 1151//1151
f 1151//1151 1145//1145 1146//1146
f 1152//1152 1149//1149 1148//1148
f 1153//1153 1148//1148 1150//1150
f 1153//1153 1150//1150 1154//1154
f 1152//1152 1148//1148 1153//1153
f 1152//1152 1156//1156 1155//1155
f 1157//1157 1153//1153 1158//1158
f 1157//1157 1158//1158 993//993
f 1158//1158 1153//1153 1154//1154
f 1156//1156 1152//1152 1153//1153
f 1153//1153 1157//1157 1156//1156
f 1159//1159 1151//1151 1146//1146
f 1159//1159 1146//1146 1149//1149
f 1159//1159 1149//1149 1152//1152
f 1073//1073 1151//1151 1159//1159
f 705//705 1159//1159 1155//1155
f 1155//1155 1159//1159 1152//1152
f 706//706 1073//1073 705//705
f 705//705 1073//1073 1159//1159
f 1107//1107 1106//1106 1142//1142
f 1160//1160 1107//1107 1142//1142
f 1160//1160 1142//1142 1161//1161
f 1161//1161 1142//1142 1145//1145
f 1161//1161 1162//1162 1160//1160
f 1164//1164 1162//1162 1161//1161
f 1164//1164 1161//1161 1073//1073
f 1073//1073 1161//1161 1145//1145
f 1163//1163 1162//1162 1164//1164
f 1074//1074 1164//1164 1073//1073
f 749//749 1163//1163 1164//1164
f 749//749 1164//1164 710//710
f 710//710 1164//1164 1074//1074
f 725//725 1108//1108 750//750
f 750//750 1108//1108 1163//1163
f 750//750 1163//1163 749//749
f 709//709 1074//1074 706//706
f 706//706 1074//1074 1073//1073
f 710//710 1074//1074 709//709
f 702//702 697//697 701//701
f 701//701 697//697 698//698
f 702//702 1155//1155 1156//1156
f 702//702 1156//1156 746//746
f 1157//1157 746//746 1156//1156
f 747//747 744//744 702//702
f 1155//1155 702//702 700//700
f 700//700 705//705 1155//1155
f 710//710 708//708 749//749
f 1165//1165 1166//1166 1167//1167
f 1168//1168 1167//1167 1166//1166
f 1172//1172 1173//1173 1174//1174
f 1172//1172 1174//1174 1175//1175
f 1175//1175 1174//1174 1176//1176
f 1175//1175 1177//1177 1172//1172
f 1178//1178 1176//1176 1174//1174
f 1174//1174 1179//1179 1178//1178
f 1178//1178 1180//1180 1181//1181
f 1181//1181 1180//1180 4//4
f 1181//1181 4//4 3//3
f 1182//1182 519//519 1183//1183
f 533//533 518//518 1182//1182
f 1182//1182 518//518 519//519
f 531//531 530//530 527//527
f 1174//1174 1173//1173 1184//1184
f 1184//1184 1185//1185 1174//1174
f 1179//1179 1174//1174 1186//1186
f 1186//1186 1174//1174 1185//1185
f 1187//1187 614//614 613//613
f 976//976 1188//1188 984//984
f 1188//1188 1190//1190 984//984
f 1191//1191 1190//1190 1188//1188
f 1189//1189 1188//1188 976//976
f 1192//1192 1191//1191 1188//1188
f 1188//1188 1189//1189 1192//1192
f 1194//1194 1195//1195 1193//1193
f 1191//1191 1198//1198 1190//1190
f 1193//1193 1191//1191 1192//1192
f 1193//1193 1197//1197 1191//1191
f 686//686 691//691 692//692
f 1197//1197 1193//1193 1195//1195
f 1195//1195 691//691 1197//1197
f 691//691 1195//1195 1194//1194
f 1194//1194 692//692 691//691
f 609//609 608//608 615//615
f 615//615 608//608 1199//1199
f 615//615 1199//1199 1200//1200
f 1200//1200 618//618 615//615
f 693//693 618//618 1200//1200
f 693//693 1200//1200 1201//1201
f 609//609 616//616 612//612
f 616//616 609//609 615//615
f 1187//1187 613//613 617//617
f 617//617 613//613 616//616
f 693//693 1202//1202 618//618
f 1201//1201 1203//1203 1205//1205
f 1201//1201 1205//1205 693//693
f 1205//1205 1203//1203 1206//1206
f 1206//1206 1203//1203 1204//1204
f 1207//1207 1206//1206 1204//1204
f 1208//1208 1209//1209 1207//1207
f 1202//1202 693//693 1205//1205
f 1205//1205 1210//1210 1202//1202
f 1210//1210 1205//1205 1211//1211
f 1211//1211 1205//1205 1206//1206
f 1212//1212 1202//1202 1210//1210
f 1210//1210 1213//1213 1212//1212
f 1213//1213 1210//1210 1211//1211
f 1211//1211 1214//1214 1213//1213
f 1211//1211 1206//1206 1215//1215
f 1215//1215 1206//1206 1207//1207
f 1215//1215 1207//1207 1209//1209
f 1209//1209 1216//1216 1215//1215
f 1214//1214 1211//1211 1215//1215
f 1215//1215 1217//1217 1214//1214
f 1217//1217 1215//1215 1216//1216
f 1204//1204 1218//1218 1207//1207
f 1207//1207 1218//1218 1208//1208
f 1219//1219 1220//1220 973//973
f 973//973 972//972 1219//1219
f 1221//1221 1187//1187 617//617
f 1221//1221 617//617 1222//1222
f 1222//1222 617//617 567//567
f 972//972 1221//1221 1219//1219
f 1219//1219 1221//1221 1222//1222
f 1220//1220 1219//1219 1223//1223
f 1224//1224 1192//1192 1223//1223
f 1222//1222 567//567 1225//1225
f 1219//1219 1222//1222 1223//1223
f 1223//1223 1222//1222 1225//1225
f 1223//1223 1225//1225 1224//1224
f 976//976 973//973 1189//1189
f 1189//1189 973//973 1220//1220
f 1189//1189 1220//1220 1223//1223
f 1189//1189 1223//1223 1192//1192
f 1226//1226 1227//1227 1228//1228
f 1228//1228 1193//1193 1192//1192
f 1192//1192 1224//1224 1228//1228
f 1228//1228 1227//1227 1193//1193
f 1213//1213 1228//1228 1229//1229
f 1228//1228 1213//1213 1226//1226
f 1226//1226 1213//1213 1214//1214
f 1217//1217 1227//1227 1226//1226
f 1227//1227 1194//1194 1193//1193
f 1194//1194 1227//1227 1196//1196
f 1226//1226 1214//1214 1217//1217
f 1230//1230 1231//1231 1232//1232
f 1232//1232 1233//1233 1194//1194
f 1232//1232 1194//1194 1196//1196
f 1234//1234 1233//1233 1231//1231
f 1231//1231 1233//1233 1232//1232
f 1231//1231 1230//1230 1237//1237
f 1234//1234 1231//1231 1235//1235
f 1235//1235 1231//1231 1237//1237
f 1235//1235 1237//1237 1238//1238
f 1233//1233 695//695 692//692
f 1234//1234 714//714 695//695
f 1234//1234 695//695 1233//1233
f 692//692 1194//1194 1233//1233
f 714//714 1234//1234 1235//1235
f 1239//1239 1240//1240 1236//1236
f 1236//1236 1235//1235 1239//1239
f 1235//1235 1238//1238 1239//1239
f 1182//1182 573//573 533//533
f 916//916 527//527 572//572
f 916//916 572//572 571//571
f 572//572 527//527 529//529
f 1241//1241 571//571 574//574
f 641//641 916//916 571//571
f 575//575 531//531 527//527
f 527//527 916//916 575//575
f 529//529 533//533 573//573
f 642//642 571//571 1241//1241
f 642//642 641//641 571//571
f 642//642 1241//1241 646//646
f 931//931 665//665 1242//1242
f 1242//1242 665//665 652//652
f 982//982 735//735 981//981
f 1190//1190 735//735 982//982
f 982//982 984//984 1190//1190
f 683//683 1243//1243 664//664
f 986//986 1244//1244 1245//1245
f 986//986 1245//1245 679//679
f 1243//1243 679//679 1245//1245
f 1245//1245 663//663 1243//1243
f 663//663 1245//1245 930//930
f 664//664 1243//1243 663//663
f 1198//1198 1191//1191 688//688
f 688//688 1191//1191 1197//1197
f 1225//1225 567//567 568//568
f 1225//1225 568//568 1229//1229
f 1224//1224 1225//1225 1229//1229
f 1224//1224 1229//1229 1228//1228
f 1227//1227 1217//1217 1196//1196
f 714//714 1235//1235 715//715
f 1118//1118 1247//1247 1248//1248
f 1239//1239 1238//1238 1248//1248
f 1249//1249 878//878 1250//1250
f 722//722 1236//1236 1240//1240
f 1252//1252 1251//1251 1253//1253
f 1252//1252 1253//1253 1208//1208
f 1208//1208 1253//1253 1209//1209
f 1112//1112 1232//1232 1217//1217
f 1112//1112 1254//1254 1232//1232
f 1232//1232 1254//1254 1230//1230
f 1216//1216 1209//1209 1253//1253
f 1253//1253 1112//1112 1216//1216
f 1217//1217 1216//1216 1112//1112
f 1232//1232 1196//1196 1217//1217
f 739//739 1255//1255 734//734
f 734//734 735//735 739//739
f 734//734 1255//1255 673//673
f 739//739 674//674 1255//1255
f 1198//1198 1256//1256 1190//1190
f 1190//1190 1256//1256 735//735
f 739//739 735//735 1256//1256
f 673//673 1255//1255 674//674
f 899//899 898//898 1245//1245
f 930//930 1245//1245 898//898
f 717//717 1235//1235 1236//1236
f 1239//1239 1250//1250 1240//1240
f 727//727 1240//1240 1250//1250
f 1253//1253 1251//1251 1258//1258
f 1258//1258 1259//1259 1253//1253
f 1112//1112 1253//1253 1254//1254
f 1254//1254 1253//1253 1259//1259
f 1230//1230 1254//1254 1260//1260
f 1260//1260 1237//1237 1230//1230
f 1238//1238 1237//1237 1260//1260
f 644//644 639//639 917//917
f 660//660 918//918 644//644
f 660//660 644//644 653//653
f 1261//1261 920//920 1262//1262
f 1262//1262 897//897 1261//1261
f 739//739 1256//1256 740//740
f 986//986 675//675 1244//1244
f 1244//1244 675//675 1263//1263
f 1263//1263 899//899 1244//1244
f 899//899 1263//1263 1264//1264
f 1264//1264 994//994 899//899
f 1245//1245 1244//1244 899//899
f 897//897 899//899 994//994
f 1265//1265 1238//1238 1109//1109
f 1250//1250 1239//1239 1249//1249
f 727//727 1250//1250 878//878
f 927//927 920//920 919//919
f 688//688 1266//1266 1198//1198
f 688//688 1197//1197 691//691
f 1265//1265 1248//1248 1238//1238
f 1239//1239 1248//1248 1247//1247
f 1261//1261 908//908 920//920
f 993//993 1261//1261 897//897
f 738//738 1263//1263 675//675
f 897//897 994//994 993//993
f 715//715 1235//1235 717//717
f 1267//1267 1268//1268 1269//1269
f 1269//1269 1268//1268 1270//1270
f 1267//1267 1271//1271 1272//1272
f 1271//1271 1267//1267 1269//1269
f 1269//1269 1273//1273 1271//1271
f 1274//1274 1272//1272 1271//1271
f 1271//1271 1275//1275 1274//1274
f 1275//1275 1271//1271 1276//1276
f 1276//1276 1271//1271 1273//1273
f 1277//1277 1278//1278 1279//1279
f 1277//1277 1279//1279 1280//1280
f 1279//1279 1274//1274 1281//1281
f 1281//1281 1274//1274 1275//1275
f 1281//1281 1275//1275 1276//1276
f 1280//1280 1279//1279 1282//1282
f 1282//1282 1279//1279 1281//1281
f 1283//1283 1284//1284 1277//1277
f 1285//1285 1284//1284 1283//1283
f 1277//1277 1280//1280 1283//1283
f 1283//1283 1280//1280 1286//1286
f 1283//1283 1286//1286 1285//1285
f 1269//1269 1270//1270 1288//1288
f 1288//1288 1289//1289 1269//1269
f 1290//1290 1276//1276 1273//1273
f 1291//1291 1276//1276 1290//1290
f 1293//1293 1294//1294 1292//1292
f 1292//1292 1294//1294 1291//1291
f 1295//1295 1296//1296 1297//1297
f 1297//1297 1298//1298 1295//1295
f 1299//1299 1291//1291 1298//1298
f 1298//1298 1291//1291 1290//1290
f 1291//1291 1299//1299 1292//1292
f 1292//1292 1299//1299 1300//1300
f 1300//1300 1293//1293 1292//1292
f 1298//1298 1297//1297 1299//1299
f 1301//1301 1300//1300 1299//1299
f 1293//1293 1300//1300 1302//1302
f 1303//1303 1284//1284 1285//1285
f 1304//1304 1303//1303 1285//1285
f 1305//1305 1303//1303 1304//1304
f 1306//1306 1305//1305 1304//1304
f 1285//1285 1287//1287 1304//1304
f 1304//1304 1307//1307 1306//1306
f 1308//1308 1309//1309 1310//1310
f 1313//1313 1314//1314 1311//1311
f 1311//1311 1314//1314 1312//1312
f 1315//1315 1316//1316 1087//1087
f 1087//1087 1316//1316 1314//1314
f 1086//1086 1087//1087 1313//1313
f 1313//1313 1087//1087 1314//1314
f 196//196 363//363 545//545
f 1084//1084 1165//1165 1085//1085
f 1084//1084 1088//1088 1317//1317
f 1084//1084 1317//1317 1166//1166
f 1318//1318 869//869 1319//1319
f 1320//1320 873//873 1321//1321
f 1318//1318 1321//1321 873//873
f 868//868 1319//1319 869//869
f 1319//1319 1321//1321 1318//1318
f 792//792 873//873 1320//1320
f 1322//1322 1320//1320 1323//1323
f 1118//1118 1116//1116 1117//1117
f 747//747 743//743 744//744
f 987//987 145//145 1324//1324
f 251//251 253//253 987//987
f 244//244 1109//1109 1260//1260
f 1260//1260 243//243 244//244
f 680//680 671//671 985//985
f 679//679 680//680 985//985
f 680//680 679//679 1325//1325
f 1085//1085 1315//1315 1087//1087
f 1326//1326 1315//1315 1085//1085
f 544//544 200//200 1327//1327
f 675//675 674//674 738//738
f 995//995 1328//1328 747//747
f 1328//1328 743//743 747//747
f 1329//1329 1330//1330 1331//1331
f 1331//1331 1330//1330 1332//1332
f 1336//1336 1337//1337 1338//1338
f 1338//1338 1339//1339 1336//1336
f 1339//1339 1340//1340 1336//1336
f 1341//1341 1342//1342 1343//1343
f 1343//1343 1342//1342 1344//1344
f 1345//1345 1346//1346 1347//1347
f 1345//1345 1347//1347 1348//1348
f 1105//1105 1349//1349 1348//1348
f 1350//1350 1351//1351 1013//1013
f 1352//1352 866//866 1010//1010
f 866//866 865//865 864//864
f 866//866 1352//1352 865//865
f 865//865 1352//1352 1353//1353
f 1013//1013 865//865 1350//1350
f 1350//1350 865//865 1353//1353
f 767//767 769//769 1016//1016
f 1016//1016 1018//1018 767//767
f 910//910 767//767 1018//1018
f 1018//1018 901//901 910//910
f 901//901 1018//1018 900//900
f 1017//1017 1014//1014 1022//1022
f 1022//1022 1014//1014 1021//1021
f 783//783 778//778 781//781
f 1019//1019 1017//1017 1023//1023
f 1023//1023 1017//1017 1022//1022
f 1024//1024 1023//1023 790//790
f 790//790 1023//1023 784//784
f 1354//1354 1340//1340 1355//1355
f 1355//1355 1284//1284 1303//1303
f 1356//1356 1354//1354 1355//1355
f 1356//1356 1355//1355 1357//1357
f 1357//1357 1355//1355 1303//1303
f 1358//1358 1356//1356 1359//1359
f 1359//1359 1309//1309 1358//1358
f 1360//1360 1309//1309 1308//1308
f 1361//1361 1360//1360 1362//1362
f 1362//1362 1360//1360 1308//1308
f 1362//1362 1308//1308 1316//1316
f 1316//1316 1315//1315 1362//1362
f 1363//1363 1361//1361 1362//1362
f 1362//1362 1364//1364 1363//1363
f 1364//1364 1362//1362 1315//1315
f 1343//1343 1344//1344 1345//1345
f 1343//1343 1345//1345 1349//1349
f 1105//1105 1365//1365 1349//1349
f 1326//1326 1364//1364 1315//1315
f 1350//1350 1367//1367 1351//1351
f 1350//1350 1353//1353 1352//1352
f 1037//1037 1024//1024 1038//1038
f 1038//1038 1024//1024 790//790
f 1103//1103 1365//1365 1105//1105
f 837//837 901//901 900//900
f 820//820 901//901 837//837
f 1229//1229 568//568 1212//1212
f 1229//1229 1212//1212 1213//1213
f 738//738 740//740 741//741
f 741//741 1264//1264 1263//1263
f 741//741 1263//1263 738//738
f 892//892 890//890 894//894
f 882//882 881//881 1004//1004
f 1004//1004 1368//1368 882//882
f 1004//1004 893//893 1368//1368
f 884//884 882//882 1368//1368
f 884//884 1368//1368 893//893
f 893//893 892//892 884//884
f 894//894 884//884 892//892
f 1013//1013 1351//1351 1079//1079
f 1079//1079 1351//1351 1367//1367
f 1367//1367 1081//1081 1079//1079
f 1083//1083 1081//1081 1369//1369
f 1//1 1370//1370 254//254
f 254//254 1370//1370 1371//1371
f 254//254 1371//1371 256//256
f 256//256 1371//1371 259//259
f 266//266 1374//1374 1373//1373
f 262//262 255//255 256//256
f 262//262 261//261 255//255
f 255//255 261//261 1375//1375
f 256//256 259//259 262//262
f 262//262 259//259 263//263
f 1372//1372 1376//1376 1373//1373
f 1376//1376 1375//1375 265//265
f 265//265 1375//1375 261//261
f 1373//1373 1376//1376 265//265
f 1373//1373 265//265 266//266
f 1331//1331 1332//1332 1377//1377
f 1331//1331 1377//1377 1333//1333
f 1378//1378 1329//1329 1331//1331
f 1331//1331 1379//1379 1378//1378
f 1380//1380 1333//1333 1381//1381
f 1379//1379 1331//1331 1380//1380
f 1380//1380 1331//1331 1333//1333
f 1381//1381 1382//1382 1380//1380
f 1347//1347 1379//1379 1382//1382
f 1382//1382 1379//1379 1380//1380
f 1384//1384 1383//1383 1386//1386
f 1384//1384 1386//1386 1385//1385
f 1387//1387 1388//1388 1385//1385
f 1387//1387 1385//1385 1386//1386
f 1386//1386 1389//1389 1387//1387
f 1388//1388 1387//1387 1390//1390
f 1390//1390 1387//1387 1391//1391
f 1390//1390 1391//1391 1330//1330
f 1334//1334 1391//1391 1389//1389
f 1389//1389 1391//1391 1387//1387
f 1389//1389 1392//1392 1337//1337
f 1389//1389 1337//1337 1334//1334
f 1389//1389 1386//1386 1393//1393
f 1335//1335 1334//1334 1394//1394
f 1332//1332 1330//1330 1391//1391
f 1391//1391 1335//1335 1332//1332
f 1391//1391 1334//1334 1335//1335
f 1335//1335 1377//1377 1332//1332
f 1337//1337 1336//1336 1334//1334
f 1394//1394 1334//1334 1336//1336
f 1395//1395 1396//1396 1397//1397
f 1397//1397 1396//1396 1398//1398
f 1397//1397 1398//1398 1383//1383
f 1397//1397 1383//1383 1399//1399
f 1399//1399 1383//1383 1384//1384
f 1399//1399 1385//1385 1400//1400
f 1399//1399 1384//1384 1385//1385
f 1401//1401 1397//1397 1399//1399
f 1402//1402 1401//1401 1400//1400
f 1400//1400 1401//1401 1399//1399
f 1400//1400 1385//1385 1388//1388
f 1388//1388 1403//1403 1400//1400
f 1403//1403 1388//1388 1404//1404
f 1404//1404 1388//1388 1390//1390
f 1402//1402 1400//1400 1405//1405
f 1405//1405 1400//1400 1403//1403
f 1405//1405 1403//1403 1404//1404
f 1405//1405 1404//1404 1406//1406
f 1405//1405 1406//1406 1407//1407
f 1408//1408 1402//1402 1405//1405
f 1408//1408 1405//1405 1409//1409
f 1409//1409 1405//1405 1407//1407
f 1409//1409 1407//1407 1342//1342
f 1342//1342 1407//1407 1410//1410
f 1342//1342 1410//1410 1346//1346
f 1342//1342 1346//1346 1344//1344
f 1411//1411 1412//1412 1333//1333
f 1411//1411 1333//1333 1377//1377
f 1413//1413 1411//1411 1414//1414
f 1414//1414 1411//1411 1415//1415
f 1416//1416 1414//1414 1417//1417
f 1417//1417 1414//1414 1415//1415
f 1416//1416 1417//1417 352//352
f 352//352 1417//1417 349//349
f 1381//1381 1333//1333 1412//1412
f 1412//1412 1418//1418 1381//1381
f 1419//1419 1382//1382 1381//1381
f 1419//1419 1381//1381 752//752
f 752//752 1381//1381 1418//1418
f 355//355 350//350 1420//1420
f 355//355 1420//1420 353//353
f 353//353 1420//1420 1421//1421
f 272//272 253//253 252//252
f 1423//1423 1422//1422 1424//1424
f 1423//1423 1424//1424 998//998
f 998//998 1424//1424 999//999
f 1000//1000 1001//1001 1010//1010
f 353//353 1421//1421 1425//1425
f 1425//1425 1421//1421 1422//1422
f 1425//1425 1422//1422 1426//1426
f 1426//1426 1422//1422 1423//1423
f 768//768 353//353 1425//1425
f 768//768 1425//1425 769//769
f 769//769 1425//1425 1426//1426
f 1426//1426 1423//1423 1015//1015
f 1015//1015 1423//1423 998//998
f 1015//1015 998//998 1000//1000
f 769//769 1426//1426 1016//1016
f 1016//1016 1426//1426 1015//1015
f 1427//1427 1335//1335 1394//1394
f 1394//1394 1428//1428 1427//1427
f 1429//1429 1415//1415 1427//1427
f 1429//1429 1427//1427 1428//1428
f 1428//1428 1430//1430 1429//1429
f 1427//1427 1411//1411 1377//1377
f 1377//1377 1335//1335 1427//1427
f 1411//1411 1427//1427 1415//1415
f 1428//1428 1394//1394 1336//1336
f 1336//1336 1431//1431 1428//1428
f 1431//1431 1336//1336 1354//1354
f 1354//1354 1336//1336 1340//1340
f 1430//1430 1428//1428 1431//1431
f 1431//1431 1432//1432 1430//1430
f 1432//1432 1431//1431 1354//1354
f 1354//1354 1433//1433 1432//1432
f 1415//1415 1429//1429 1434//1434
f 1434//1434 1429//1429 1435//1435
f 1435//1435 1429//1429 1430//1430
f 1436//1436 1434//1434 1437//1437
f 1437//1437 1434//1434 1435//1435
f 1434//1434 1417//1417 1415//1415
f 1436//1436 1417//1417 1434//1434
f 1435//1435 1430//1430 1438//1438
f 1438//1438 1430//1430 1432//1432
f 1438//1438 1432//1432 1433//1433
f 1437//1437 1435//1435 1438//1438
f 1439//1439 1438//1438 1433//1433
f 1433//1433 1354//1354 1356//1356
f 1439//1439 1433//1433 1356//1356
f 1356//1356 1358//1358 1439//1439
f 1436//1436 1437//1437 1440//1440
f 1436//1436 349//349 1417//1417
f 1441//1441 349//349 1436//1436
f 1440//1440 1441//1441 1436//1436
f 1442//1442 1437//1437 1438//1438
f 1442//1442 1438//1438 1439//1439
f 1440//1440 1437//1437 1442//1442
f 1443//1443 1442//1442 1439//1439
f 350//350 349//349 1441//1441
f 350//350 1441//1441 1445//1445
f 350//350 1445//1445 1420//1420
f 1440//1440 1445//1445 1441//1441
f 1420//1420 1445//1445 1446//1446
f 1446//1446 1445//1445 1447//1447
f 1444//1444 1447//1447 1440//1440
f 1440//1440 1447//1447 1445//1445
f 1448//1448 1440//1440 1442//1442
f 1448//1448 1442//1442 1449//1449
f 1449//1449 1442//1442 1443//1443
f 1444//1444 1440//1440 1450//1450
f 1450//1450 1440//1440 1448//1448
f 1450//1450 1448//1448 1451//1451
f 1451//1451 1448//1448 1449//1449
f 1360//1360 1358//1358 1309//1309
f 1443//1443 1439//1439 1358//1358
f 1358//1358 1452//1452 1443//1443
f 1452//1452 1358//1358 1361//1361
f 1361//1361 1358//1358 1360//1360
f 1449//1449 1443//1443 1452//1452
f 1451//1451 1449//1449 1452//1452
f 1452//1452 1453//1453 1451//1451
f 1453//1453 1452//1452 1363//1363
f 1363//1363 1452//1452 1361//1361
f 1446//1446 1421//1421 1420//1420
f 1454//1454 1366//1366 1444//1444
f 1366//1366 1455//1455 1456//1456
f 1366//1366 1454//1454 1457//1457
f 1366//1366 1457//1457 1455//1455
f 1446//1446 1447//1447 1422//1422
f 1422//1422 1447//1447 1366//1366
f 1447//1447 1444//1444 1366//1366
f 1456//1456 1424//1424 1422//1422
f 1456//1456 1422//1422 1366//1366
f 1454//1454 1444//1444 1450//1450
f 1450//1450 1458//1458 1454//1454
f 1458//1458 1450//1450 1451//1451
f 1451//1451 1459//1459 1458//1458
f 1457//1457 1454//1454 1458//1458
f 1458//1458 1460//1460 1457//1457
f 1460//1460 1458//1458 1459//1459
f 1459//1459 1461//1461 1460//1460
f 1456//1456 1455//1455 1462//1462
f 1462//1462 1026//1026 1456//1456
f 1462//1462 1455//1455 1457//1457
f 1457//1457 1463//1463 1462//1462
f 1026//1026 1462//1462 1464//1464
f 1464//1464 1025//1025 1026//1026
f 1464//1464 1462//1462 1463//1463
f 1463//1463 1465//1465 1464//1464
f 1026//1026 999//999 1424//1424
f 1424//1424 1456//1456 1026//1026
f 1463//1463 1457//1457 1460//1460
f 1460//1460 1466//1466 1463//1463
f 1466//1466 1460//1460 1461//1461
f 1461//1461 1467//1467 1466//1466
f 1465//1465 1463//1463 1466//1466
f 1466//1466 1468//1468 1465//1465
f 1468//1468 1466//1466 1467//1467
f 1467//1467 1469//1469 1468//1468
f 1459//1459 1451//1451 1453//1453
f 1453//1453 1470//1470 1459//1459
f 1470//1470 1453//1453 1363//1363
f 1461//1461 1459//1459 1470//1470
f 1470//1470 1471//1471 1461//1461
f 1471//1471 1470//1470 1472//1472
f 1472//1472 1470//1470 1363//1363
f 1473//1473 1363//1363 1364//1364
f 1473//1473 1364//1364 1326//1326
f 1472//1472 1363//1363 1473//1473
f 1467//1467 1461//1461 1474//1474
f 1474//1474 1461//1461 1471//1471
f 1474//1474 1471//1471 1475//1475
f 1475//1475 1471//1471 1472//1472
f 1469//1469 1467//1467 1474//1474
f 1476//1476 1474//1474 1475//1475
f 1475//1475 1472//1472 1477//1477
f 1477//1477 1472//1472 1473//1473
f 1477//1477 1473//1473 1478//1478
f 1478//1478 1473//1473 1326//1326
f 1476//1476 1475//1475 1477//1477
f 1476//1476 1477//1477 1479//1479
f 1479//1479 1477//1477 1478//1478
f 1480//1480 1481//1481 1027//1027
f 1480//1480 1468//1468 1482//1482
f 1480//1480 1482//1482 1481//1481
f 1482//1482 1468//1468 1483//1483
f 1483//1483 1468//1468 1469//1469
f 1027//1027 1484//1484 1350//1350
f 1027//1027 1481//1481 1485//1485
f 1027//1027 1485//1485 1484//1484
f 1350//1350 1484//1484 1367//1367
f 1485//1485 1481//1481 1482//1482
f 1482//1482 1486//1486 1485//1485
f 1486//1486 1482//1482 1483//1483
f 1484//1484 1485//1485 1487//1487
f 1487//1487 1485//1485 1486//1486
f 1487//1487 1486//1486 1483//1483
f 1483//1483 1488//1488 1487//1487
f 1025//1025 1464//1464 1489//1489
f 1025//1025 1489//1489 1010//1010
f 1489//1489 1464//1464 1465//1465
f 1465//1465 1480//1480 1489//1489
f 1352//1352 1010//1010 1489//1489
f 1489//1489 1027//1027 1352//1352
f 1027//1027 1489//1489 1480//1480
f 1480//1480 1465//1465 1468//1468
f 1350//1350 1352//1352 1027//1027
f 1490//1490 1491//1491 1483//1483
f 1490//1490 1483//1483 1469//1469
f 1491//1491 1490//1490 1492//1492
f 1494//1494 1491//1491 1492//1492
f 1488//1488 1483//1483 1491//1491
f 1488//1488 1491//1491 1494//1494
f 1494//1494 1492//1492 1493//1493
f 1493//1493 1495//1495 1494//1494
f 1496//1496 1497//1497 1495//1495
f 1496//1496 1495//1495 1493//1493
f 1495//1495 1498//1498 1494//1494
f 1498//1498 1495//1495 1497//1497
f 1497//1497 1499//1499 1498//1498
f 1469//1469 1474//1474 1490//1490
f 1490//1490 1474//1474 1492//1492
f 1492//1492 1474//1474 1476//1476
f 1492//1492 1476//1476 1500//1500
f 1500//1500 1476//1476 1501//1501
f 1501//1501 1476//1476 1479//1479
f 1500//1500 1493//1493 1492//1492
f 1493//1493 1500//1500 1501//1501
f 1493//1493 1501//1501 1496//1496
f 1422//1422 1421//1421 1446//1446
f 1085//1085 1165//1165 1326//1326
f 1478//1478 1326//1326 1165//1165
f 1479//1479 1478//1478 1502//1502
f 1502//1502 1478//1478 1165//1165
f 1503//1503 1502//1502 1167//1167
f 1167//1167 1502//1502 1165//1165
f 1167//1167 1168//1168 1503//1503
f 1503//1503 1168//1168 1504//1504
f 868//868 1504//1504 1168//1168
f 1168//1168 1319//1319 868//868
f 1505//1505 1506//1506 1497//1497
f 1497//1497 1496//1496 1505//1505
f 1506//1506 1505//1505 1507//1507
f 1499//1499 1497//1497 1506//1506
f 1499//1499 1506//1506 1508//1508
f 1508//1508 1506//1506 1507//1507
f 1508//1508 1507//1507 1509//1509
f 1509//1509 1510//1510 1508//1508
f 1501//1501 1479//1479 1511//1511
f 1511//1511 1479//1479 1502//1502
f 1503//1503 1512//1512 1502//1502
f 1502//1502 1512//1512 1511//1511
f 1496//1496 1501//1501 1505//1505
f 1505//1505 1501//1501 1511//1511
f 1505//1505 1511//1511 1513//1513
f 1513//1513 1511//1511 1512//1512
f 1512//1512 1503//1503 1514//1514
f 1513//1513 1512//1512 1515//1515
f 1515//1515 1512//1512 1514//1514
f 1516//1516 1514//1514 868//868
f 868//868 1514//1514 1504//1504
f 1504//1504 1514//1514 1503//1503
f 1513//1513 1507//1507 1505//1505
f 1507//1507 1513//1513 1515//1515
f 1515//1515 1509//1509 1507//1507
f 792//792 1320//1320 1322//1322
f 1322//1322 363//363 792//792
f 867//867 1516//1516 868//868
f 871//871 1517//1517 867//867
f 174//174 1517//1517 871//871
f 1518//1518 174//174 173//173
f 1102//1102 1341//1341 1343//1343
f 1095//1095 874//874 416//416
f 1519//1519 1104//1104 1105//1105
f 1519//1519 1105//1105 1095//1095
f 1095//1095 1105//1105 874//874
f 1519//1519 1094//1094 365//365
f 1519//1519 365//365 1102//1102
f 1519//1519 1102//1102 1104//1104
f 1095//1095 1094//1094 1519//1519
f 121//121 120//120 814//814
f 1520//1520 1521//1521 534//534
f 1521//1521 538//538 534//534
f 1522//1522 543//543 542//542
f 187//187 186//186 185//185
f 226//226 905//905 211//211
f 213//213 209//209 211//211
f 905//905 1524//1524 213//213
f 216//216 213//213 1524//1524
f 216//216 1524//1524 1523//1523
f 213//213 211//211 905//905
f 173//173 222//222 1518//1518
f 216//216 1523//1523 221//221
f 186//186 226//226 225//225
f 225//225 226//226 224//224
f 211//211 224//224 226//226
f 225//225 185//185 186//186
f 1185//1185 1184//1184 600//600
f 600//600 685//685 1185//1185
f 1527//1527 1528//1528 580//580
f 1527//1527 1529//1529 1528//1528
f 580//580 583//583 1530//1530
f 1530//1530 1527//1527 580//580
f 1527//1527 1530//1530 1531//1531
f 1527//1527 1531//1531 1532//1532
f 1533//1533 666//666 585//585
f 585//585 666//666 586//586
f 590//590 980//980 1534//1534
f 1534//1534 980//980 1535//1535
f 1536//1536 1537//1537 1538//1538
f 1539//1539 1540//1540 1537//1537
f 1537//1537 1536//1536 1539//1539
f 1536//1536 1541//1541 1542//1542
f 1536//1536 1542//1542 1539//1539
f 1543//1543 1544//1544 1545//1545
f 1539//1539 1542//1542 1546//1546
f 682//682 931//931 1547//1547
f 1547//1547 931//931 1548//1548
f 1544//1544 1543//1543 1549//1549
f 931//931 682//682 681//681
f 1539//1539 1550//1550 1540//1540
f 1551//1551 1550//1550 1539//1539
f 1552//1552 1553//1553 1554//1554
f 1554//1554 1553//1553 1555//1555
f 1546//1546 1551//1551 1539//1539
f 1547//1547 1548//1548 1555//1555
f 1555//1555 1548//1548 1526//1526
f 1526//1526 1548//1548 931//931
f 266//266 1558//1558 1374//1374
f 1374//1374 1558//1558 1556//1556
f 1558//1558 266//266 251//251
f 1557//1557 1556//1556 1558//1558
f 1558//1558 1559//1559 1557//1557
f 1559//1559 1558//1558 1560//1560
f 1560//1560 1558//1558 251//251
f 1561//1561 1557//1557 1562//1562
f 1562//1562 1557//1557 1559//1559
f 1562//1562 1559//1559 1560//1560
f 1560//1560 1563//1563 1562//1562
f 251//251 1324//1324 1560//1560
f 987//987 1324//1324 251//251
f 1563//1563 1560//1560 1324//1324
f 1324//1324 145//145 1563//1563
f 145//145 987//987 337//337
f 1081//1081 1367//1367 1369//1369
f 1369//1369 1367//1367 1484//1484
f 1369//1369 1484//1484 1487//1487
f 1488//1488 1564//1564 1487//1487
f 1487//1487 1565//1565 1369//1369
f 1565//1565 1487//1487 1564//1564
f 1083//1083 1369//1369 1565//1565
f 1564//1564 1566//1566 1565//1565
f 1488//1488 1567//1567 1564//1564
f 1567//1567 1488//1488 1494//1494
f 1494//1494 1568//1568 1567//1567
f 1568//1568 1569//1569 1567//1567
f 1568//1568 1494//1494 1498//1498
f 1498//1498 1569//1569 1568//1568
f 1569//1569 1498//1498 1499//1499
f 1499//1499 1570//1570 1569//1569
f 1571//1571 1569//1569 1570//1570
f 1566//1566 1564//1564 1567//1567
f 1567//1567 1572//1572 1566//1566
f 1572//1572 1567//1567 1569//1569
f 1572//1572 1569//1569 1571//1571
f 1570//1570 1573//1573 1571//1571
f 1499//1499 1574//1574 1570//1570
f 1574//1574 1499//1499 1508//1508
f 1575//1575 1570//1570 1574//1574
f 1574//1574 1508//1508 1510//1510
f 1510//1510 1576//1576 1574//1574
f 1575//1575 1574//1574 1576//1576
f 1573//1573 1570//1570 1575//1575
f 1575//1575 1577//1577 1573//1573
f 1577//1577 1575//1575 1576//1576
f 322//322 327//327 325//325
f 327//327 322//322 1092//1092
f 1092//1092 37//37 327//327
f 1092//1092 1091//1091 1097//1097
f 1097//1097 1091//1091 1099//1099
f 37//37 1092//1092 1579//1579
f 1579//1579 1092//1092 1097//1097
f 1096//1096 1580//1580 1097//1097
f 1097//1097 1580//1580 1579//1579
f 42//42 37//37 1579//1579
f 42//42 1579//1579 1580//1580
f 1580//1580 1578//1578 42//42
f 1581//1581 942//942 1580//1580
f 1580//1580 1096//1096 1581//1581
f 942//942 1581//1581 940//940
f 1578//1578 1580//1580 942//942
f 942//942 939//939 1578//1578
f 43//43 42//42 1582//1582
f 1582//1582 42//42 1578//1578
f 43//43 1049//1049 44//44
f 1049//1049 43//43 1582//1582
f 1582//1582 1578//1578 1583//1583
f 1583//1583 1578//1578 939//939
f 1583//1583 939//939 938//938
f 938//938 943//943 1583//1583
f 1049//1049 1582//1582 1583//1583
f 1583//1583 1584//1584 1049//1049
f 1584//1584 1583//1583 943//943
f 943//943 944//944 1584//1584
f 438//438 1049//1049 441//441
f 441//441 1049//1049 1584//1584
f 441//441 1584//1584 944//944
f 944//944 442//442 441//441
f 921//921 815//815 177//177
f 177//177 1585//1585 921//921
f 177//177 815//815 120//120
f 120//120 815//815 814//814
f 177//177 444//444 1585//1585
f 444//444 443//443 1585//1585
f 1585//1585 442//442 944//944
f 944//944 921//921 1585//1585
f 1585//1585 443//443 442//442
f 443//443 444//444 1050//1050
f 1050//1050 444//444 447//447
f 1050//1050 447//447 448//448
f 1050//1050 448//448 958//958
f 958//958 448//448 1587//1587
f 1587//1587 448//448 450//450
f 1586//1586 1587//1587 452//452
f 1586//1586 452//452 553//553
f 452//452 1587//1587 450//450
f 112//112 877//877 108//108
f 1586//1586 553//553 954//954
f 954//954 958//958 1587//1587
f 954//954 1587//1587 1586//1586
f 1069//1069 1096//1096 1588//1588
f 1067//1067 1581//1581 1069//1069
f 1069//1069 1581//1581 1096//1096
f 490//490 940//940 1067//1067
f 1067//1067 940//940 1581//1581
f 129//129 490//490 1067//1067
f 1067//1067 1066//1066 129//129
f 190//190 543//543 557//557
f 192//192 190//190 557//557
f 1589//1589 194//194 193//193
f 205//205 201//201 1590//1590
f 1591//1591 201//201 205//205
f 206//206 205//205 535//535
f 205//205 204//204 1591//1591
f 206//206 184//184 203//203
f 210//210 204//204 203//203
f 557//557 556//556 192//192
f 192//192 556//556 191//191
f 558//558 559//559 556//556
f 191//191 556//556 193//193
f 193//193 556//556 559//559
f 1589//1589 193//193 559//559
f 1413//1413 1414//1414 1416//1416
f 351//351 1592//1592 1593//1593
f 758//758 1593//1593 1592//1592
f 1592//1592 351//351 1594//1594
f 352//352 1594//1594 351//351
f 349//349 1595//1595 352//352
f 352//352 1595//1595 1594//1594
f 758//758 1592//1592 762//762
f 762//762 1592//1592 1594//1594
f 762//762 1594//1594 763//763
f 763//763 1594//1594 1595//1595
f 1595//1595 349//349 350//350
f 1595//1595 350//350 355//355
f 763//763 1595//1595 354//354
f 763//763 354//354 357//357
f 355//355 354//354 1595//1595
f 357//357 354//354 768//768
f 768//768 354//354 353//353
f 358//358 357//357 768//768
f 372//372 420//420 1596//1596
f 371//371 370//370 1597//1597
f 1597//1597 370//370 372//372
f 1597//1597 372//372 1596//1596
f 372//372 364//364 366//366
f 372//372 366//366 420//420
f 376//376 371//371 1597//1597
f 1597//1597 1598//1598 376//376
f 383//383 375//375 374//374
f 383//383 374//374 376//376
f 383//383 376//376 1599//1599
f 1599//1599 376//376 1598//1598
f 384//384 383//383 1599//1599
f 1599//1599 1600//1600 384//384
f 384//384 318//318 316//316
f 1601//1601 318//318 384//384
f 1601//1601 384//384 1600//1600
f 1601//1601 1600//1600 385//385
f 316//316 381//381 382//382
f 319//319 318//318 1601//1601
f 319//319 1601//1601 385//385
f 386//386 473//473 388//388
f 389//389 388//388 473//473
f 1596//1596 420//420 419//419
f 1597//1597 1596//1596 419//419
f 419//419 1602//1602 1597//1597
f 1602//1602 419//419 1603//1603
f 1603//1603 419//419 421//421
f 1603//1603 421//421 795//795
f 795//795 421//421 422//422
f 795//795 422//422 424//424
f 430//430 425//425 427//427
f 1598//1598 1597//1597 1604//1604
f 1604//1604 1597//1597 1602//1602
f 1604//1604 1602//1602 1603//1603
f 1603//1603 1605//1605 1604//1604
f 1599//1599 1598//1598 1604//1604
f 1604//1604 1606//1606 1599//1599
f 1606//1606 1604//1604 1605//1605
f 1605//1605 1607//1607 1606//1606
f 1605//1605 1603//1603 795//795
f 795//795 1608//1608 1605//1605
f 1607//1607 1605//1605 1608//1608
f 1608//1608 805//805 1607//1607
f 1608//1608 795//795 803//803
f 805//805 1608//1608 803//803
f 1600//1600 1599//1599 1609//1609
f 1609//1609 1599//1599 1606//1606
f 1609//1609 1606//1606 431//431
f 431//431 1606//1606 1607//1607
f 385//385 1600//1600 433//433
f 433//433 1600//1600 1609//1609
f 433//433 1609//1609 431//431
f 431//431 1607//1607 434//434
f 434//434 1607//1607 805//805
f 386//386 385//385 433//433
f 389//389 473//473 472//472
f 480//480 472//472 474//474
f 474//474 479//479 480//480
f 479//479 474//474 478//478
f 398//398 389//389 472//472
f 472//472 480//480 398//398
f 400//400 398//398 480//480
f 1610//1610 1545//1545 1542//1542
f 1545//1545 1610//1610 1543//1543
f 1546//1546 1542//1542 1545//1545
f 1543//1543 677//677 1549//1549
f 1549//1549 677//677 676//676
f 1549//1549 676//676 678//678
f 1611//1611 678//678 680//680
f 680//680 1325//1325 1611//1611
f 1551//1551 1553//1553 1552//1552
f 1551//1551 1552//1552 1550//1550
f 1612//1612 1555//1555 1551//1551
f 1551//1551 1555//1555 1553//1553
f 1551//1551 1546//1546 1613//1613
f 1613//1613 1612//1612 1551//1551
f 1547//1547 1555//1555 1612//1612
f 197//197 545//545 1614//1614
f 197//197 196//196 545//545
f 1615//1615 200//200 199//199
f 205//205 1590//1590 536//536
f 1590//1590 201//201 546//546
f 1616//1616 1617//1617 1618//1618
f 1378//1378 1406//1406 1404//1404
f 1379//1379 1410//1410 1406//1406
f 1406//1406 1378//1378 1379//1379
f 1410//1410 1379//1379 1347//1347
f 1347//1347 1346//1346 1410//1410
f 1407//1407 1406//1406 1410//1410
f 1412//1412 1411//1411 1413//1413
f 1418//1418 1412//1412 1619//1619
f 1619//1619 1412//1412 1413//1413
f 1347//1347 1382//1382 1419//1419
f 752//752 1418//1418 753//753
f 753//753 1418//1418 1619//1619
f 1619//1619 1413//1413 1593//1593
f 1593//1593 1413//1413 1416//1416
f 1593//1593 1416//1416 351//351
f 352//352 351//351 1416//1416
f 753//753 1619//1619 756//756
f 756//756 1619//1619 1593//1593
f 756//756 1593//1593 758//758
f 752//752 1620//1620 1419//1419
f 1348//1348 1347//1347 1620//1620
f 1620//1620 1347//1347 1419//1419
f 751//751 1620//1620 752//752
f 1348//1348 1620//1620 751//751
f 1348//1348 1349//1349 1345//1345
f 874//874 751//751 754//754
f 1105//1105 1348//1348 751//751
f 1105//1105 751//751 874//874
f 874//874 754//754 759//759
f 1344//1344 1346//1346 1345//1345
f 1621//1621 1622//1622 1246//1246
f 1623//1623 1624//1624 1621//1621
f 1248//1248 1265//1265 1118//1118
f 1540//1540 1625//1625 1537//1537
f 1538//1538 1541//1541 1536//1536
f 1626//1626 1627//1627 1169//1169
f 1628//1628 3//3 340//340
f 340//340 1629//1629 1628//1628
f 1630//1630 1629//1629 341//341
f 1629//1629 340//340 341//341
f 1631//1631 341//341 343//343
f 344//344 348//348 343//343
f 343//343 348//348 1632//1632
f 343//343 1632//1632 1631//1631
f 1170//1170 1633//1633 1169//1169
f 1169//1169 1633//1633 1626//1626
f 1181//1181 1626//1626 1178//1178
f 347//347 711//711 1632//1632
f 1632//1632 711//711 1634//1634
f 577//577 1635//1635 711//711
f 348//348 347//347 1632//1632
f 870//870 869//869 1318//1318
f 872//872 870//870 1318//1318
f 872//872 1318//1318 873//873
f 516//516 517//517 1100//1100
f 1110//1110 1111//1111 1247//1247
f 1247//1247 1118//1118 1110//1110
f 1249//1249 1247//1247 1111//1111
f 588//588 1636//1636 1529//1529
f 590//590 1637//1637 588//588
f 588//588 1637//1637 1636//1636
f 1618//1618 1638//1638 1625//1625
f 579//579 1639//1639 1635//1635
f 577//577 579//579 1635//1635
f 582//582 581//581 1639//1639
f 1639//1639 579//579 582//582
f 1393//1393 1640//1640 1641//1641
f 1337//1337 1392//1392 1642//1642
f 1642//1642 1338//1338 1337//1337
f 1392//1392 1393//1393 1642//1642
f 1642//1642 1393//1393 1641//1641
f 1357//1357 1359//1359 1356//1356
f 1359//1359 1357//1357 1305//1305
f 1643//1643 1359//1359 1305//1305
f 1643//1643 1305//1305 1306//1306
f 1306//1306 1307//1307 1644//1644
f 1643//1643 1306//1306 1644//1644
f 1643//1643 1644//1644 1645//1645
f 1645//1645 1644//1644 1646//1646
f 1647//1647 555//555 557//557
f 1171//1171 1633//1633 1170//1170
f 1175//1175 1176//1176 1633//1633
f 1633//1633 1171//1171 1175//1175
f 1177//1177 1175//1175 1171//1171
f 1626//1626 1633//1633 1178//1178
f 1178//1178 1633//1633 1176//1176
f 1180//1180 1178//1178 1179//1179
f 4//4 1180//1180 1648//1648
f 1648//1648 1180//1180 1649//1649
f 2//2 4//4 1650//1650
f 1650//1650 4//4 1648//1648
f 2//2 1650//1650 561//561
f 963//963 960//960 560//560
f 964//964 1525//1525 1651//1651
f 964//964 1651//1651 965//965
f 1651//1651 1525//1525 967//967
f 967//967 966//966 1651//1651
f 610//610 1652//1652 611//611
f 611//611 1652//1652 614//614
f 614//614 1653//1653 611//611
f 1653//1653 614//614 1187//1187
f 1649//1649 1654//1654 1648//1648
f 1655//1655 969//969 1650//1650
f 1655//1655 1650//1650 1648//1648
f 969//969 1655//1655 970//970
f 1656//1656 1648//1648 1654//1654
f 1656//1656 1654//1654 1657//1657
f 1657//1657 1654//1654 1658//1658
f 1648//1648 1656//1656 1655//1655
f 1655//1655 1656//1656 1657//1657
f 1657//1657 970//970 1655//1655
f 1659//1659 1525//1525 971//971
f 1657//1657 1658//1658 1660//1660
f 1660//1660 1658//1658 605//605
f 1660//1660 605//605 603//603
f 603//603 1661//1661 1660//1660
f 970//970 1657//1657 971//971
f 971//971 1657//1657 1660//1660
f 971//971 1660//1660 1659//1659
f 1659//1659 1660//1660 1661//1661
f 561//561 1650//1650 560//560
f 560//560 1650//1650 969//969
f 560//560 969//969 963//963
f 964//964 971//971 1525//1525
f 1662//1662 1663//1663 1659//1659
f 1659//1659 1663//1663 1525//1525
f 1664//1664 974//974 1663//1663
f 1663//1663 1662//1662 1664//1664
f 1661//1661 603//603 611//611
f 611//611 1665//1665 1661//1661
f 1659//1659 1661//1661 1662//1662
f 1662//1662 1661//1661 1665//1665
f 1665//1665 1664//1664 1662//1662
f 974//974 1664//1664 972//972
f 1665//1665 611//611 1664//1664
f 1664//1664 611//611 1653//1653
f 1664//1664 1653//1653 1187//1187
f 1187//1187 1221//1221 1664//1664
f 972//972 1664//1664 1221//1221
f 967//967 1525//1525 1663//1663
f 967//967 1663//1663 968//968
f 968//968 1663//1663 974//974
f 968//968 974//974 975//975
f 975//975 974//974 973//973
f 1202//1202 1212//1212 568//568
f 878//878 1249//1249 992//992
f 1239//1239 1247//1247 1249//1249
f 1249//1249 1111//1111 992//992
f 1259//1259 1258//1258 242//242
f 242//242 243//243 1259//1259
f 243//243 1260//1260 1254//1254
f 1238//1238 1260//1260 1109//1109
f 1254//1254 1259//1259 243//243
f 1265//1265 1109//1109 1116//1116
f 1265//1265 1116//1116 1118//1118
f 1119//1119 1110//1110 1118//1118
f 230//230 1131//1131 1130//1130
f 1651//1651 730//730 962//962
f 1651//1651 1531//1531 730//730
f 730//730 1530//1530 583//583
f 1530//1530 730//730 1531//1531
f 1651//1651 962//962 965//965
f 1532//1532 1531//1531 733//733
f 733//733 980//980 1532//1532
f 966//966 731//731 1651//1651
f 1651//1651 731//731 1531//1531
f 733//733 1531//1531 731//731
f 1546//1546 1545//1545 1544//1544
f 1544//1544 1613//1613 1546//1546
f 671//671 670//670 985//985
f 985//985 670//670 928//928
f 673//673 986//986 985//985
f 673//673 985//985 928//928
f 673//673 675//675 986//986
f 1328//1328 995//995 1264//1264
f 1264//1264 741//741 1328//1328
f 743//743 1328//1328 741//741
f 678//678 1611//1611 1549//1549
f 1243//1243 1325//1325 679//679
f 1549//1549 1666//1666 1544//1544
f 682//682 1666//1666 1549//1549
f 682//682 1549//1549 1611//1611
f 682//682 1611//1611 1325//1325
f 1547//1547 1613//1613 1544//1544
f 1547//1547 1544//1544 1666//1666
f 1547//1547 1666//1666 682//682
f 1325//1325 683//683 682//682
f 1325//1325 1243//1243 683//683
f 1612//1612 1613//1613 1547//1547
f 1550//1550 1618//1618 1625//1625
f 1625//1625 1540//1540 1550//1550
f 1552//1552 1616//1616 1550//1550
f 1550//1550 1616//1616 1618//1618
f 580//580 1667//1667 581//581
f 580//580 1528//1528 1667//1667
f 581//581 1667//1667 1529//1529
f 1529//1529 1667//1667 1528//1528
f 1532//1532 589//589 1527//1527
f 1527//1527 589//589 588//588
f 1527//1527 588//588 1529//1529
f 1532//1532 980//980 589//589
f 1535//1535 980//980 1533//1533
f 1542//1542 1668//1668 1610//1610
f 1340//1340 1339//1339 1284//1284
f 1355//1355 1340//1340 1284//1284
f 1166//1166 1165//1165 1084//1084
f 544//544 1327//1327 546//546
f 199//199 1614//1614 1615//1615
f 1614//1614 199//199 197//197
f 204//204 202//202 1591//1591
f 1591//1591 202//202 201//201
f 1072//1072 1246//1246 1669//1669
f 1669//1669 1257//1257 1072//1072
f 138//138 137//137 249//249
f 1670//1670 1617//1617 1671//1671
f 1672//1672 1671//1671 1617//1617
f 1617//1617 1616//1616 1672//1672
f 1554//1554 1672//1672 1616//1616
f 1616//1616 1552//1552 1554//1554
f 1670//1670 1671//1671 1673//1673
f 1242//1242 1674//1674 1675//1675
f 1675//1675 1674//1674 1673//1673
f 1675//1675 1673//1673 1671//1671
f 1671//1671 1672//1672 1675//1675
f 931//931 1242//1242 1526//1526
f 1526//1526 1242//1242 1675//1675
f 1554//1554 1526//1526 1672//1672
f 1672//1672 1526//1526 1675//1675
f 652//652 650//650 1674//1674
f 1674//1674 1242//1242 652//652
f 667//667 666//666 1533//1533
f 667//667 1533//1533 980//980
f 677//677 1543//1543 1610//1610
f 1674//1674 684//684 1676//1676
f 1670//1670 1673//1673 1676//1676
f 1673//1673 1674//1674 1676//1676
f 684//684 1674//1674 650//650
f 594//594 1677//1677 593//593
f 1678//1678 1677//1677 595//595
f 595//595 1677//1677 594//594
f 1678//1678 595//595 596//596
f 596//596 595//595 401//401
f 1680//1680 1677//1677 1678//1678
f 1680//1680 1679//1679 1677//1677
f 1680//1680 1678//1678 1682//1682
f 1682//1682 1678//1678 596//596
f 1682//1682 596//596 597//597
f 1683//1683 1681//1681 1682//1682
f 1682//1682 1681//1681 1680//1680
f 1683//1683 1682//1682 597//597
f 597//597 598//598 1683//1683
f 633//633 1683//1683 598//598
f 1684//1684 1685//1685 143//143
f 143//143 1685//1685 633//633
f 143//143 142//142 1684//1684
f 1621//1621 1624//1624 1622//1622
f 624//624 227//227 229//229
f 1150//1150 1137//1137 906//906
f 906//906 1137//1137 1136//1136
f 906//906 1154//1154 1150//1150
f 681//681 665//665 931//931
f 664//664 651//651 681//681
f 681//681 651//651 665//665
f 665//665 651//651 652//652
f 1261//1261 1154//1154 906//906
f 1261//1261 906//906 908//908
f 1261//1261 1158//1158 1154//1154
f 663//663 1686//1686 661//661
f 663//663 661//661 662//662
f 1262//1262 920//920 661//661
f 661//661 1686//1686 1262//1262
f 978//978 1687//1687 731//731
f 731//731 1687//1687 732//732
f 978//978 669//669 1687//1687
f 667//667 980//980 733//733
f 667//667 733//733 732//732
f 667//667 732//732 666//666
f 666//666 732//732 668//668
f 668//668 732//732 1687//1687
f 668//668 1687//1687 669//669
f 587//587 669//669 591//591
f 591//591 669//669 736//736
f 681//681 683//683 664//664
f 1554//1554 1555//1555 1526//1526
f 966//966 967//967 968//968
f 966//966 968//968 979//979
f 979//979 968//968 975//975
f 975//975 983//983 979//979
f 983//983 975//975 984//984
f 984//984 975//975 976//976
f 688//688 687//687 1266//1266
f 695//695 694//694 689//689
f 714//714 694//694 695//695
f 717//717 745//745 716//716
f 745//745 717//717 722//722
f 722//722 720//720 745//745
f 717//717 1236//1236 722//722
f 722//722 1240//1240 727//727
f 878//878 726//726 727//727
f 930//930 1686//1686 663//663
f 993//993 1158//1158 1261//1261
f 930//930 897//897 1686//1686
f 1686//1686 897//897 1262//1262
f 978//978 979//979 983//983
f 983//983 929//929 978//978
f 981//981 984//984 982//982
f 1256//1256 1198//1198 1266//1266
f 1266//1266 740//740 1256//1256
f 740//740 1266//1266 687//687
f 687//687 742//742 740//740
f 742//742 687//687 696//696
f 1688//1688 1681//1681 1689//1689
f 1689//1689 1681//1681 1683//1683
f 1689//1689 1690//1690 1688//1688
f 1691//1691 1689//1689 1683//1683
f 1683//1683 1685//1685 1691//1691
f 1692//1692 1690//1690 1691//1691
f 1691//1691 1690//1690 1689//1689
f 1685//1685 1683//1683 633//633
f 1693//1693 1692//1692 1691//1691
f 1684//1684 1691//1691 1685//1685
f 1669//1669 1693//1693 1684//1684
f 1684//1684 1693//1693 1691//1691
f 1684//1684 142//142 1669//1669
f 1669//1669 142//142 1257//1257
f 1694//1694 1695//1695 1692//1692
f 1692//1692 1695//1695 1690//1690
f 1692//1692 1693//1693 1246//1246
f 1246//1246 1694//1694 1692//1692
f 1694//1694 1246//1246 1622//1622
f 1669//1669 1246//1246 1693//1693
f 1246//1246 1072//1072 1621//1621
f 1696//1696 1624//1624 1623//1623
f 1697//1697 1698//1698 1696//1696
f 1697//1697 1696//1696 1623//1623
f 1699//1699 1698//1698 1697//1697
f 1106//1106 1699//1699 1697//1697
f 144//144 1700//1700 142//142
f 1701//1701 1257//1257 142//142
f 1701//1701 142//142 1702//1702
f 1702//1702 142//142 1700//1700
f 636//636 1703//1703 1700//1700
f 1700//1700 144//144 636//636
f 1702//1702 1700//1700 1703//1703
f 1702//1702 1704//1704 1701//1701
f 1134//1134 1704//1704 1133//1133
f 1133//1133 1704//1704 1702//1702
f 1133//1133 1702//1702 1703//1703
f 638//638 1703//1703 637//637
f 637//637 1703//1703 636//636
f 1132//1132 1703//1703 638//638
f 1703//1703 1132//1132 1133//1133
f 1132//1132 638//638 1705//1705
f 1705//1705 638//638 639//639
f 1705//1705 639//639 644//644
f 1705//1705 907//907 1132//1132
f 1136//1136 1132//1132 907//907
f 906//906 1136//1136 907//907
f 644//644 918//918 1705//1705
f 1705//1705 918//918 907//907
f 908//908 907//907 918//918
f 995//995 994//994 1264//1264
f 1706//1706 1621//1621 1072//1072
f 1621//1621 1706//1706 1623//1623
f 1701//1701 1707//1707 1257//1257
f 1257//1257 1707//1707 1072//1072
f 1072//1072 1707//1707 1706//1706
f 1706//1706 1707//1707 1708//1708
f 1709//1709 1708//1708 1707//1707
f 1701//1701 1704//1704 1707//1707
f 1138//1138 1707//1707 1704//1704
f 1138//1138 1704//1704 1134//1134
f 1710//1710 1709//1709 1138//1138
f 1138//1138 1709//1709 1707//1707
f 1711//1711 1623//1623 1712//1712
f 1712//1712 1623//1623 1706//1706
f 1712//1712 1706//1706 1708//1708
f 1623//1623 1711//1711 1697//1697
f 1712//1712 1708//1708 1709//1709
f 1143//1143 1711//1711 1712//1712
f 1106//1106 1697//1697 1711//1711
f 1106//1106 1711//1711 1143//1143
f 1143//1143 1712//1712 1710//1710
f 1710//1710 1712//1712 1709//1709
f 1141//1141 1710//1710 1140//1140
f 1140//1140 1710//1710 1139//1139
f 1139//1139 1710//1710 1138//1138
f 1144//1144 1143//1143 1710//1710
f 1144//1144 1710//1710 1141//1141
f 747//747 746//746 995//995
f 993//993 995//995 1157//1157
f 1157//1157 995//995 746//746
f 1713//1713 1714//1714 1715//1715
f 1715//1715 838//838 1713//1713
f 838//838 1715//1715 1108//1108
f 1108//1108 725//725 838//838
f 140//140 623//623 631//631
f 631//631 623//623 1716//1716
f 1718//1718 1717//1717 1714//1714
f 631//631 1716//1716 1717//1717
f 1717//1717 1718//1718 631//631
f 1718//1718 1714//1714 1713//1713
f 723//723 1713//1713 838//838
f 725//725 724//724 838//838
f 1113//1113 245//245 1115//1115
f 1115//1115 245//245 247//247
f 624//624 247//247 991//991
f 991//991 247//247 246//246
f 626//626 247//247 624//624
f 1125//1125 631//631 1719//1719
f 1719//1719 631//631 1718//1718
f 1124//1124 1125//1125 1719//1719
f 1719//1719 839//839 1124//1124
f 141//141 140//140 631//631
f 632//632 631//631 1125//1125
f 1123//1123 141//141 632//632
f 840//840 1718//1718 723//723
f 723//723 1718//1718 1713//1713
f 1719//1719 1718//1718 840//840
f 839//839 1719//1719 840//840
f 1130//1130 1131//1131 1121//1121
f 232//232 1131//1131 230//230
