# Created by Open3D 
# object name: cluster19
# number of vertices: 1796
# number of triangles: 3000
v 1.5034 -3.88638 -1.0585
vn 0.223376 0.0840358 0.971103
v 1.4807 -3.8807 -1.0531
vn 0.245613 0.0695706 0.966868
v 1.2309 -3.4654 -0.74421
vn 0.55142 0.426012 -0.717251
v 1.2348 -3.472 -0.74421
vn 0.603892 0.407035 -0.685301
v 1.2082 -3.472 -0.76466
vn 0.530659 0.432834 -0.728736
v 1.2882 -3.4947 -0.67609
vn 0.773568 0.399739 -0.491733
v 1.299 -3.4883 -0.65339
vn 0.651337 0.590101 -0.477012
v 1.3017 -3.5174 -0.67609
vn 0.628245 0.490316 -0.604068
v 1.3217 -3.5057 -0.65339
vn 0.348796 0.492292 -0.79749
v 1.3082 -3.4947 -0.65339
vn 0.424803 0.521341 -0.740099
v 1.3217 -3.4947 -0.64862
vn 0.202523 0.389591 -0.898445
v 1.3444 -3.4947 -0.64523
vn 0.135745 0.394153 -0.908965
v 1.3672 -3.4503 -0.584585
vn 0.45941 0.441938 -0.770476
v 1.3444 -3.44425 -0.590025
vn 0.311248 0.522326 -0.793915
v 1.3775 -3.4266 -0.56257
vn 0.710582 0.378224 -0.593313
v 1.3899 -3.4266 -0.54774
vn 0.806183 0.500734 -0.315175
v 1.3899 -3.4493 -0.56219
vn 0.71741 0.382135 -0.582491
v 1.0039 -3.858 -0.87305
vn 0.230215 0.392971 0.890267
v 1.0039 -3.8807 -0.8636
vn 0.210709 0.375696 0.902471
v 1.0266 -3.8807 -0.8689
vn 0.235439 0.39344 0.888692
v 1.0291 -3.858 -0.88044
vn 0.310555 0.389095 0.867272
v 1.2082 -3.71035 -0.50436
vn 0.421322 -0.107116 0.900563
v 1.1842 -3.7217 -0.49445
vn 0.368767 -0.0426142 0.928545
v 0.86764 -3.699 -0.81671
vn -0.126936 -0.233171 0.964115
v 0.89035 -3.7217 -0.81921
vn -0.126936 -0.233171 0.964115
v 0.89035 -3.699 -0.81372
vn -0.126936 -0.233171 0.964115
v 0.82223 -3.6536 -0.8617
vn 0.483513 0.411254 0.772713
v 0.80778 -3.6309 -0.85773
vn 0.515519 0.194009 0.834626
v 0.82223 -3.6309 -0.86664
vn 0.51705 0.182892 0.836187
v 0.84277 -3.67675 -0.85773
vn 0.259823 0.657073 0.707634
v 0.84493 -3.6536 -0.87667
vn 0.448189 0.493279 0.745521
v 0.82223 -3.6763 -0.84616
vn 0.52751 0.139593 0.838002
v 0.82223 -3.699 -0.8515
vn 0.522473 -0.195252 0.829999
v 0.84493 -3.6159 -0.76691
vn 0.576412 0.787037 -0.219821
v 0.842475 -3.611 -0.78962
vn 0.755358 0.652528 0.0603393
v 0.86764 -3.6218 -0.76691
vn 0.191495 0.737104 -0.64808
v 0.86764 -3.6309 -0.77726
vn 0.33778 0.82457 -0.45386
v 0.85934 -3.6309 -0.78962
vn 0.633784 0.766473 -0.104101
v 0.93576 -3.8147 -0.47175
vn 0.0535469 0.81175 0.581545
v 0.95846 -3.8126 -0.48503
vn 0.224034 0.794939 0.563809
v 0.93576 -3.7986 -0.49445
vn 0.233628 0.774422 0.587953
v 0.91305 -3.8364 -0.45004
vn -0.133285 0.65892 0.74031
v 0.91305 -3.858 -0.43799
vn 0.00693117 0.435749 0.900042
v 0.93576 -3.858 -0.43929
vn 0.0274734 0.382502 0.923546
v 0.94182 -3.8353 -0.44904
vn 0.130096 0.586397 0.799508
v 0.91305 -3.8226 -0.47175
vn -0.244546 0.808194 0.535742
v 1.1401 -3.4381 -0.81232
vn 0.554093 0.355528 -0.752716
v 1.1401 -3.4493 -0.81761
vn 0.554093 0.355528 -0.752716
v 1.1174 -3.4493 -0.83432
vn 0.554093 0.355528 -0.752716
v 1.167 -3.42415 -0.74421
vn 0.734087 0.645832 -0.209804
v 1.16225 -3.42715 -0.76691
vn 0.830726 0.335287 -0.444384
v 0.99637 -3.5174 -0.7215
vn 0.126485 0.332746 -0.934496
v 1.0266 -3.5174 -0.71772
vn 0.118185 0.260821 -0.958126
v 1.3366 -3.7899 -0.97126
vn 0.592309 0.166059 0.788412
v 1.3444 -3.8126 -0.97199
vn 0.3163 0.209116 0.925324
v 1.3444 -3.7899 -0.97712
vn 0.48651 0.350221 0.800409
v 1.3672 -3.8126 -0.97659
vn 0.193087 0.216285 0.957047
v 1.3672 -3.77225 -0.99652
vn 0.148982 0.420487 0.894983
v 1.34625 -3.76525 -0.993305
vn 0.515397 0.362509 0.776501
v 1.34315 -3.7444 -0.995045
vn 0.643148 0.0732906 0.762227
v 1.3672 -3.7444 -1.0063
vn 0.22071 0.189388 0.956776
v 1.3307 -3.7672 -0.97126
vn 0.78592 0.211905 0.580884
v 1.3274 -3.7444 -0.97126
vn 0.813665 0.14695 0.562455
v 1.3198 -3.725 -0.97126
vn 0.574084 0.398586 0.715232
v 1.2946 -3.699 -0.97126
vn 0.471642 0.427158 0.771421
v 1.3217 -3.699 -0.9862
vn 0.536163 0.298678 0.789507
v 1.34265 -3.7217 -0.995435
vn 0.615712 0.12526 0.777952
v 1.3075 -3.7444 -0.94855
vn 0.320967 0.419156 0.849287
v 1.3217 -3.7444 -0.96041
vn 0.608028 0.45432 0.651072
v 1.299 -3.7217 -0.95806
vn 0.513507 0.475137 0.714531
v 1.46935 -3.8126 -1.05365
vn 0.28113 -0.00634104 0.959649
v 1.4807 -3.8353 -1.057
vn 0.277234 -0.00211539 0.9608
v 1.458 -3.7432 -1.0394
vn 0.383966 -0.223986 0.895768
v 1.3899 -3.7672 -0.99786
vn -0.16716 0.205557 0.964263
v 1.3899 -3.7444 -1.0063
vn -0.197325 0.325634 0.924676
v 1.41115 -3.74475 -0.99397
vn -0.783972 0.0225916 0.620385
v 1.4126 -3.7672 -0.99889
vn 0.0443605 -0.205333 0.977686
v 1.36823 -3.70952 -1.01304
vn 0.227722 0.234811 0.94499
v 1.3899 -3.7127 -1.0167
vn 0.0191225 0.295593 0.955122
v 1.4126 -3.7377 -0.99397
vn -0.524914 0.457067 0.718022
v 1.4126 -3.7217 -1.0063
vn -0.40937 0.40937 0.815372
v 1.4353 -3.7043 -1.0202
vn 0.51138 0.500141 0.69882
v 1.4353 -3.7217 -1.0022
vn 0.765859 0.493694 0.411978
v 1.4431 -3.7217 -1.0167
vn 0.765859 0.493694 0.411978
v 1.4807 -3.697 -1.0394
vn 0.615988 0.0310767 0.787142
v 1.3992 -3.7444 -0.92585
vn -0.921095 0.373327 -0.110505
v 1.404 -3.7444 -0.94855
vn -0.908526 0.355792 -0.219074
v 1.3992 -3.7672 -0.94855
vn -0.949778 0.220784 -0.221756
v 1.3934 -3.7672 -0.92585
vn -0.961194 0.272594 -0.0424165
v 1.4126 -3.7279 -0.94855
vn -0.851671 0.483893 -0.201259
v 1.4113 -3.7444 -0.97126
vn -0.886597 0.37179 -0.275169
v 1.4126 -3.7217 -0.93028
vn -0.650233 0.747354 -0.136599
v 1.4353 -3.7109 -0.94855
vn -0.202602 0.927314 -0.314707
v 1.4353 -3.7217 -0.98398
vn -0.162198 0.943292 -0.289643
v 1.4276 -3.7217 -0.97126
vn -0.507823 0.831972 -0.223469
v 1.458 -3.709 -0.94855
vn -0.226466 0.899733 -0.373087
v 1.458 -3.7217 -0.96456
vn -0.0381602 0.84247 -0.53739
v 1.4436 -3.7217 -0.97126
vn 0.282907 0.902177 -0.325639
v 1.4353 -3.7059 -0.92585
vn -0.376114 0.917327 -0.13057
v 1.46195 -3.699 -0.921735
vn -0.262278 0.949177 -0.173994
v 1.40065 -3.7444 -0.89179
vn -0.91545 0.400331 0.0410787
v 1.3934 -3.7672 -0.88044
vn -0.964318 0.264143 0.0178688
v 1.41623 -3.72562 -0.869085
vn -0.728098 0.684442 0.0375823
v 1.4126 -3.7217 -0.91573
vn -0.673547 0.734791 0.0801011
v 1.4353 -3.7062 -0.90314
vn -0.497249 0.865505 0.0603784
v 1.4537 -3.699 -0.90314
vn -0.248184 0.96809 0.0347413
v 1.4353 -3.7093 -0.88044
vn -0.49603 0.867007 0.0474672
v 1.4709 -3.7217 -0.97126
vn -0.30717 0.745568 -0.591418
v 1.4745 -3.699 -0.94855
vn -0.395274 0.916039 -0.068046
v 1.30795 -3.6763 -0.989035
vn 0.482589 0.297938 0.823614
v 1.2763 -3.667 -0.97126
vn 0.488778 0.292114 0.82205
v 1.4805 -3.699 -0.971565
vn -0.428758 0.85854 -0.281203
v 1.5034 -3.686 -0.97126
vn 0.415811 0.900664 -0.126115
v 1.5034 -3.6857 -0.94855
vn 0.316982 0.94676 0.0562896
v 1.5034 -3.6887 -0.92585
vn 0.126352 0.991387 0.0344439
v 1.4807 -3.6935 -0.90314
vn -0.194961 0.98081 0.00160058
v 1.4807 -3.6967 -0.85773
vn -0.142046 0.989554 -0.0245969
v 1.3927 -3.7672 -0.84638
vn -0.974487 0.222486 -0.0295814
v 1.39595 -3.7899 -0.886112
vn -0.9846 -0.160567 -0.0691433
v 1.4014 -3.7444 -0.81232
vn -0.881613 0.471864 0.0101203
v 1.3887 -3.7899 -0.81232
vn -0.993738 0.0549457 -0.0972909
v 1.4179 -3.7217 -0.81232
vn -0.75084 0.66004 0.0242277
v 1.4353 -3.7078 -0.84638
vn -0.551384 0.832593 -0.0525868
v 1.4576 -3.6989 -0.85773
vn -0.266159 0.962277 -0.056403
v 1.458 -3.6955 -0.83503
vn -0.315113 0.947266 -0.0582365
v 1.3899 -3.7817 -0.81232
vn -0.992252 0.114597 -0.0480028
v 1.4035 -3.7444 -0.78962
vn -0.767713 0.623672 0.147137
v 1.4353 -3.7076 -0.81232
vn -0.542578 0.831444 0.119621
v 1.458 -3.6969 -0.81232
vn -0.348734 0.916525 0.195873
v 1.4234 -3.7217 -0.78962
vn -0.626716 0.744004 0.231701
v 1.4353 -3.7217 -0.76606
vn -0.472849 0.841453 0.261477
v 1.4807 -3.6899 -0.81232
vn -0.319885 0.937978 0.133679
v 1.4126 -3.7444 -0.7543
vn -0.703895 0.68337 0.193746
v 1.3984 -3.7672 -0.74421
vn -0.771976 0.595775 0.221597
v 1.4126 -3.7406 -0.76691
vn -0.666937 0.699576 0.256493
v 1.4807 -3.7023 -0.76691
vn -0.413656 0.890151 0.191104
v 1.4353 -3.7277 -0.74421
vn -0.64188 0.757512 0.119017
v 1.45095 -3.7181 -0.74421
vn -0.454533 0.889087 0.0540761
v 1.4126 -3.7566 -0.7215
vn -0.82227 0.537949 0.185696
v 1.424 -3.7444 -0.6988
vn -0.80107 0.564405 0.199335
v 1.4353 -3.7288 -0.7215
vn -0.688626 0.721993 0.0672331
v 1.4439 -3.7217 -0.6988
vn -0.574576 0.811404 0.107171
v 1.458 -3.7131 -0.6988
vn -0.458068 0.886121 0.0704464
v 1.48585 -3.7015 -0.74421
vn -0.434555 0.89988 0.0371261
v 1.4807 -3.7021 -0.6988
vn -0.355889 0.931004 0.0810834
v 1.45815 -3.72182 -0.676265
vn -0.491783 0.718538 0.491785
v 1.4361 -3.7444 -0.676995
vn -0.751276 0.231695 0.617983
v 1.458 -3.7444 -0.66452
vn -0.400816 0.284525 0.870857
v 1.5019 -3.7444 -0.67609
vn 0.486211 -0.00970375 0.873787
v 1.5029 -3.7217 -0.67645
vn 0.460342 0.284557 0.8409
v 1.4807 -3.7105 -0.67609
vn -0.177912 0.7978 0.576075
v 1.5034 -3.699 -0.69096
vn 0.111455 0.867433 0.484911
v 1.4807 -3.7217 -0.66917
vn 0 0.352602 0.935773
v 1.299 -3.484 -0.76691
vn -0.612453 0.772233 -0.168989
v 1.299 -3.4947 -0.78114
vn -0.60239 0.63797 -0.479709
v 1.289 -3.4947 -0.76691
vn -0.645226 0.75651 -0.106655
v 1.31855 -3.4709 -0.76691
vn -0.381476 0.912655 -0.146752
v 1.3217 -3.472 -0.78604
vn -0.331525 0.923746 -0.191794
v 1.3217 -3.4809 -0.78962
vn -0.635472 0.625136 -0.453189
v 1.299 -3.4874 -0.74421
vn -0.45532 0.850288 0.263996
v 1.2863 -3.4947 -0.74421
vn -0.494666 0.860601 0.121123
v 1.3217 -3.4744 -0.75014
vn -0.259743 0.893269 0.366884
v 1.3444 -3.472 -0.74759
vn 0.333252 0.834744 0.438345
v 1.362 -3.4947 -0.74421
vn 0.679084 0.641032 0.357664
v 1.3544 -3.472 -0.76691
vn 0.615722 0.752868 0.232542
v 1.3444 -3.4675 -0.76691
vn 0.0425343 0.998484 0.0349449
v 1.3444 -3.472 -0.7837
vn 0.0419278 0.979636 -0.196354
v 1.3005 -3.49625 -0.722642
vn -0.366486 0.813966 0.450719
v 1.3217 -3.49235 -0.718095
vn -0.109056 0.822383 0.558384
v 1.3444 -3.49205 -0.718255
vn 0.299597 0.742434 0.599194
v 1.3534 -3.4947 -0.7215
vn 0.591345 0.557643 0.582534
v 1.3444 -3.5174 -0.69365
vn 0.523547 0.559807 0.642273
v 1.3217 -3.5174 -0.68745
vn 0.121583 0.764533 0.633014
v 1.3496 -3.5174 -0.6988
vn 0.770969 0.361726 0.524177
v 1.3568 -3.5174 -0.7215
vn 0.799971 0.359877 0.480141
v 1.3415 -3.5401 -0.67609
vn 0.554064 0.726524 -0.406418
v 1.3444 -3.5401 -0.68378
vn 0.725875 0.374675 0.576823
v 1.3217 -3.525 -0.67609
vn 0.534507 0.83936 0.0988828
v 1.3471 -3.5401 -0.6988
vn 0.93076 0.0280027 0.364556
v 1.3444 -3.5231 -0.65339
vn 0.417877 0.769898 -0.482324
v 1.3217 -3.5174 -0.65701
vn 0.280546 0.891703 -0.355189
v 1.3444 -3.4792 -0.63068
vn 0.308398 0.711245 -0.631681
v 1.3217 -3.474 -0.628265
vn 0.10478 0.738759 -0.665775
v 1.3667 -3.4947 -0.629865
vn 0.535939 0.610161 -0.5835
v 1.3672 -3.472 -0.60458
vn 0.464549 0.665929 -0.583723
v 1.3444 -3.4608 -0.60798
vn 0.325573 0.738044 -0.591011
v 1.3444 -3.4266 -0.57212
vn 0.0278962 0.775838 -0.630316
v 1.3672 -3.421 -0.56257
vn 0.309406 0.659389 -0.685182
v 1.299 -3.4191 -0.56257
vn -0.0265705 0.876546 -0.480583
v 1.33305 -3.41285 -0.53986
vn 0.0311778 0.979608 -0.198483
v 1.3672 -3.4169 -0.51716
vn 0.190899 0.946707 0.259427
v 1.3672 -3.4122 -0.53986
vn 0.186082 0.962128 0.199205
v 1.33305 -3.41595 -0.51716
vn 0.030323 0.901828 0.43103
v 1.4807 -3.6921 -0.83503
vn -0.172758 0.980373 -0.0949924
v 1.5034 -3.6924 -0.85773
vn -0.144781 0.982547 -0.116791
v 1.5034 -3.6837 -0.81232
vn -0.164749 0.958945 -0.230828
v 1.5034 -3.6837 -0.78962
vn -0.420993 0.88706 0.189443
v 1.5034 -3.69285 -0.732855
vn -0.234672 0.960489 0.149631
v 1.3784 -3.4947 -0.60798
vn 0.788715 0.450694 -0.418095
v 1.3899 -3.4223 -0.53986
vn 0.444108 0.884377 0.143681
v 1.3899 -3.42615 -0.516235
vn 0.509864 0.831858 0.219206
v 1.3672 -3.4266 -0.49762
vn 0.257503 0.773427 0.579227
v 1.3444 -3.42765 -0.49544
vn 0.00301312 0.810053 0.586349
v 1.3899 -3.4414 -0.49445
vn 0.368664 0.733657 0.570819
v 1.3672 -3.4507 -0.472765
vn 0.0354964 0.561372 0.826802
v 1.3899 -3.4493 -0.48171
vn 0.334396 0.800943 0.496659
v 1.3979 -3.4493 -0.49445
vn 0.642852 0.65099 0.403675
v 1.4316 -3.7621 -0.6822
vn -0.709262 -0.0456377 0.703467
v 1.3899 -3.7775 -0.78962
vn -0.948801 0.313983 0.034508
v 1.2763 -3.4947 -0.70292
vn 0.696442 0.671304 -0.253613
v 1.2657 -3.472 -0.6988
vn 0.813038 0.44742 -0.372539
v 1.2763 -3.5019 -0.7215
vn -0.175095 0.969466 -0.171692
v 1.299 -3.5112 -0.6988
vn 0.316479 0.886402 0.337836
v 1.2762 -3.4721 -0.67609
vn 0.639838 0.768186 -0.022312
v 1.2763 -3.475 -0.65339
vn 0.434995 0.891033 -0.129765
v 1.2611 -3.472 -0.65339
vn 0.153036 0.95331 0.260345
v 1.2536 -3.463 -0.67609
vn 0.360682 0.901723 0.238336
v 1.2763 -3.4779 -0.63068
vn 0.0444476 0.990964 0.126549
v 1.299 -3.4766 -0.63068
vn 0.240039 0.922594 -0.301996
v 1.299 -3.472 -0.62249
vn -0.172003 0.829084 -0.53201
v 1.2763 -3.54225 -0.494755
vn -0.0447507 0.131134 0.990354
v 1.2763 -3.5628 -0.48948
vn -0.088638 0.259739 0.961602
v 1.299 -3.5401 -0.49293
vn -0.120278 0.0938826 0.988291
v 1.299 -3.472 -0.48871
vn -0.202472 0.0737047 0.97651
v 1.299 -3.4947 -0.48841
vn -0.132631 0.0183201 0.990996
v 1.3217 -3.472 -0.48397
vn -0.346728 0.0926596 0.933378
v 1.3217 -3.50605 -0.483905
vn -0.318713 0.00498771 0.947838
v 1.3455 -3.472 -0.47175
vn -0.441816 0.170708 0.880714
v 1.3406 -3.50605 -0.47175
vn -0.508603 0.0458494 0.859779
v 1.299 -3.4493 -0.49108
vn -0.133009 0.149886 0.979716
v 1.3217 -3.4493 -0.48644
vn -0.179448 0.345373 0.921149
v 1.299 -3.4266 -0.50077
vn -0.0846838 0.631127 0.771043
v 1.3444 -3.4493 -0.47839
vn -0.240843 0.452818 0.858458
v 1.3444 -3.5174 -0.46243
vn -0.86229 0.0985535 0.496732
v 1.4353 -3.858 -1.0452
vn 0.118018 0.0393408 0.992232
v 1.4353 -3.8353 -1.0461
vn 0.142438 0.00145196 0.989803
v 1.4126 -3.8353 -1.0434
vn 0.118102 0.0109346 0.992941
v 1.4353 -3.8126 -1.0457
vn 0.169308 -0.0144731 0.985457
v 1.4353 -3.7493 -1.0167
vn 0.70276 -0.385625 0.597848
v 1.445 -3.7672 -1.0394
vn 0.557209 -0.274664 0.783632
v 1.4382 -3.7444 -1.0167
vn 0.816264 -0.26667 0.512445
v 1.1172 -3.4039 -0.53986
vn -0.0509246 0.981257 0.185852
v 1.299 -3.4134 -0.51716
vn -0.027976 0.863889 0.502904
v 1.28765 -3.40765 -0.53986
vn 0.0643114 0.960261 0.271592
v 1.2763 -3.4136 -0.51716
vn -0.0462558 0.795623 0.604023
v 1.2666 -3.44625 -0.49466
vn -0.111498 0.35857 0.92682
v 1.26495 -3.4266 -0.50484
vn -0.0907784 0.662075 0.743919
v 1.26495 -3.472 -0.49058
vn -0.0503083 0.125376 0.990833
v 0.86764 -3.6536 -0.880445
vn 0.0528916 0.509994 0.85855
v 0.88413 -3.6536 -0.88044
vn -0.233821 0.0810419 0.968896
v 0.84493 -3.6438 -0.88044
vn 0.212468 0.149806 0.965617
v 0.84493 -3.6234 -0.88044
vn 0.278893 -0.0823719 0.956783
v 0.86764 -3.6309 -0.88371
vn -0.0067562 -6.83913e-05 0.999977
v 0.86764 -3.61115 -0.8779
vn -0.114174 -0.356609 0.927251
v 0.8863 -3.6309 -0.88044
vn -0.626784 -0.066757 0.776328
v 0.86764 -3.671 -0.85773
vn 0.10026 0.790687 0.603956
v 0.89035 -3.6082 -0.86673
vn -0.208757 -0.271731 0.939459
v 0.91305 -3.5855 -0.86546
vn 0.0127432 -0.0685538 0.997566
v 0.82223 -3.5035 -0.7215
vn 0.436594 0.845897 -0.306339
v 0.82223 -3.5097 -0.74421
vn 0.445716 0.86357 -0.235764
v 0.80518 -3.4947 -0.7215
vn 0.64888 0.725928 -0.227997
v 0.82223 -3.4947 -0.70279
vn 0.340858 0.844434 -0.413216
v 0.79952 -3.4842 -0.6988
vn 0.350796 0.8802 -0.319673
v 0.89035 -3.4941 -0.722065
vn -0.0114459 0.778667 -0.627333
v 0.91305 -3.4945 -0.72172
vn 0.0612092 0.831348 -0.552372
v 0.9017 -3.4807 -0.6988
vn -0.000644284 0.899982 -0.435927
v 0.93576 -3.4841 -0.6988
vn 0.203545 0.900543 -0.384176
v 0.95846 -3.4947 -0.71019
vn 0.167922 0.865908 -0.471175
v 0.93576 -3.49665 -0.71989
vn 0.210858 0.768571 -0.604018
v 0.72284 -3.5855 -0.51716
vn -0.87804 0.00939364 0.478494
v 0.72225 -3.5628 -0.51716
vn -0.890678 0.202522 0.407035
v 0.710725 -3.5855 -0.545495
vn -0.935435 0.0261944 0.352528
v 0.708295 -3.561 -0.56257
vn -0.976697 0.175901 0.122972
v 0.73141 -3.5401 -0.51523
vn -0.821363 0.344943 0.454288
v 0.731985 -3.5174 -0.542515
vn -0.884626 0.395316 0.24731
v 0.74113 -3.5174 -0.51716
vn -0.874544 0.287693 0.390392
v 0.75411 -3.4519 -0.63068
vn -0.329744 0.930661 0.158552
v 0.73141 -3.472 -0.63267
vn -0.746094 0.630401 0.214333
v 0.75411 -3.4493 -0.60282
vn -0.760735 0.587062 -0.27684
v 0.73833 -3.472 -0.60798
vn -0.733925 0.673718 0.0863586
v 0.74446 -3.4947 -0.51716
vn -0.952595 0.139741 0.270251
v 0.73802 -3.4947 -0.53986
vn -0.933808 0.180796 0.308732
v 0.9017 -3.46455 -0.60798
vn 0.0465743 0.704763 -0.707912
v 0.924405 -3.472 -0.6153
vn -0.00433761 0.775204 -0.631696
v 0.95846 -3.4821 -0.65339
vn 0.124508 0.991677 -0.0327675
v 0.969815 -3.4864 -0.67609
vn 0.184047 0.97542 -0.121169
v 0.924405 -3.47895 -0.67609
vn 0.0766122 0.994141 -0.076257
v 0.93576 -3.4803 -0.65339
vn 0.0564146 0.998347 -0.0110138
v 0.98117 -3.4545 -0.60798
vn -0.110454 0.636154 -0.763615
v 0.98117 -3.472 -0.6237
vn -0.122387 0.706629 -0.69692
v 0.94711 -3.4563 -0.604765
vn -0.0871687 0.598665 -0.796243
v 0.73141 -3.6309 -0.51013
vn -0.82903 0.0160057 0.558975
v 0.73141 -3.6082 -0.51078
vn -0.781264 -0.180221 0.597617
v 0.74625 -3.64225 -0.49445
vn -0.597763 0.0167066 0.801499
v 0.73141 -3.6536 -0.50617
vn -0.684886 -0.043236 0.727367
v 0.74529 -3.6763 -0.49445
vn -0.595457 -0.0341053 0.802663
v 0.72447 -3.6763 -0.51716
vn -0.738853 -0.167657 0.652677
v 0.75411 -3.6763 -0.49036
vn -0.420648 -0.0139863 0.907116
v 0.75411 -3.6536 -0.49001
vn -0.41514 -0.0166135 0.909606
v 0.73141 -3.5855 -0.50344
vn -0.752061 -0.128628 0.646421
v 0.73141 -3.5628 -0.50253
vn -0.844578 0.0864808 0.528403
v 0.74236 -3.5855 -0.49445
vn -0.639964 -0.220766 0.736008
v 0.751845 -3.6082 -0.493535
vn -0.446572 -0.0971316 0.88946
v 0.75411 -3.5174 -0.50289
vn -0.692888 0.350273 0.63025
v 1.2309 -3.699 -0.95898
vn -0.270376 0.00381783 0.962747
v 1.2309 -3.7217 -0.96566
vn -0.521965 -0.240793 0.818273
v 1.2598 -3.7217 -0.94855
vn -0.321949 0.0711333 0.944081
v 1.458 -3.7899 -1.0479
vn 0.294704 -0.112866 0.9489
v 1.4807 -3.7558 -1.05145
vn 0.286335 -0.128475 0.949477
v 1.5034 -3.8126 -1.0619
vn 0.14825 -0.0429735 0.988016
v 1.5034 -3.71035 -1.05145
vn 0.265257 -0.101195 0.958852
v 1.47535 -3.7217 -1.04195
vn 0.389744 -0.200256 0.898886
v 1.0266 -3.6536 -0.92482
vn 0.129857 0.254954 0.958194
v 1.0266 -3.6763 -0.91878
vn 0.129857 0.254954 0.958194
v 1.0064 -3.6082 -0.90314
vn 0.63096 -0.384737 0.673697
v 1.0328 -3.6082 -0.92585
vn 0.720734 0.12518 0.681815
v 1.0039 -3.6082 -0.89862
vn 0.772042 -0.470764 0.427004
v 1.02575 -3.5855 -0.926385
vn 0.401899 0.1355 0.905603
v 1.0245 -3.5628 -0.92585
vn -0.0438861 0.0424982 0.998132
v 1.0229 -3.595 -0.91694
vn 0.843155 0.194929 0.501091
v 1.0957 -3.5628 -0.94855
vn 0.856995 0.222785 0.464678
v 1.097 -3.5628 -0.92585
vn 0.910331 0.410545 -0.0524506
v 1.2309 -3.6763 -0.95915
vn 0.0184192 0.0936243 0.995437
v 1.2082 -3.6763 -0.95873
vn 0.0183072 -0.087595 0.995988
v 1.18015 -3.6536 -0.950985
vn 0.383484 0.194401 0.902856
v 1.1855 -3.6763 -0.9545
vn 0.182989 -0.0467223 0.982004
v 1.2082 -3.6536 -0.96283
vn 0.260416 0.287368 0.921739
v 1.2536 -3.6763 -0.95805
vn -0.239386 0.200465 0.950004
v 1.1884 -3.62867 -0.96799
vn 0.413647 0.455416 0.788348
v 1.5034 -3.6763 -1.0488
vn 0.216646 0.0745829 0.973397
v 1.4807 -3.6536 -1.0464
vn 0.165332 0.166619 0.972061
v 1.4807 -3.6082 -1.0524
vn 0.129422 0.0795097 0.988397
v 1.42395 -3.6309 -1.044
vn 0.134456 0.0650381 0.988783
v 1.5034 -3.5855 -1.0561
vn 0.0643545 0.0226681 0.99767
v 1.45232 -3.57131 -1.04805
vn 0.169946 -0.0277784 0.985062
v 1.42395 -3.6082 -1.04505
vn 0.157045 -0.0600646 0.985763
v 1.4807 -3.5628 -1.0535
vn 0.151048 0.0303161 0.988061
v 1.02615 -3.5607 -0.88044
vn -0.314036 -0.117041 0.942169
v 1.09265 -3.4248 -0.76691
vn -0.652903 0.735142 -0.182439
v 1.09665 -3.4266 -0.785335
vn -0.73165 0.605238 -0.313648
v 1.077 -3.4493 -0.76691
vn -0.807896 0.481364 -0.339988
v 1.0861 -3.4493 -0.78962
vn -0.83287 0.44153 -0.333734
v 1.072 -3.4407 -0.74421
vn -0.794625 0.508552 -0.331581
v 1.0666 -3.4493 -0.74421
vn -0.956016 0.287766 -0.0567867
v 1.067 -3.4493 -0.7215
vn -0.932993 0.359857 -0.00514225
v 1.0614 -3.472 -0.74421
vn -0.934251 0.339543 -0.109017
v 1.0557 -3.472 -0.7215
vn -0.895037 0.445554 -0.0197488
v 1.072 -3.444 -0.7215
vn -0.68978 0.624195 0.366857
v 1.0493 -3.492 -0.63068
vn -0.138601 0.98938 -0.0437745
v 1.04325 -3.4934 -0.65339
vn -0.174487 0.984366 -0.024058
v 1.0266 -3.4923 -0.63068
vn -0.0515284 0.93065 -0.362264
v 1.10605 -3.47242 -0.60744
vn -0.0298322 0.869845 -0.492423
v 1.0947 -3.4818 -0.63068
vn -0.0567036 0.936686 -0.345548
v 1.25975 -3.47257 -0.607028
vn -0.176217 0.78444 -0.594644
v 1.26327 -3.4509 -0.585585
vn -0.145936 0.655422 -0.741029
v 1.299 -3.4456 -0.589125
vn -0.165405 0.690586 -0.704083
v 1.2763 -3.4207 -0.56257
vn -0.074842 0.776956 -0.62509
v 1.20253 -3.41735 -0.51716
vn -0.0128031 0.828814 0.559378
v 1.19685 -3.40675 -0.53986
vn 0.0185078 0.903939 0.42726
v 1.24225 -3.40755 -0.53986
vn -0.0280318 0.999171 0.0295336
v 1.24225 -3.42245 -0.56257
vn -0.0141103 0.720597 -0.69321
v 1.2309 -3.4493 -0.49728
vn 0.00724054 0.287521 0.957747
v 1.24225 -3.4947 -0.489695
vn -0.0137536 0.0153645 0.999787
v 1.1855 -3.4266 -0.50746
vn -0.0126566 0.551593 0.834018
v 1.1855 -3.4506 -0.494935
vn 0.0341286 0.368494 0.929004
v 1.2309 -3.4266 -0.50823
vn -0.0209033 0.578975 0.815077
v 0.99507 -3.7444 -0.90314
vn 0.374827 -0.000496037 0.927095
v 1.0039 -3.7444 -0.90671
vn 0.374827 -0.000496037 0.927095
v 0.99669 -3.699 -0.90314
vn 0.52017 -0.02173 0.853786
v 0.77575 -3.52025 -0.88044
vn 0.807518 0.57446 0.133828
v 0.77682 -3.5174 -0.88938
vn 0.726797 0.664454 0.173975
v 0.75411 -3.4948 -0.88018
vn 0.119645 0.984986 -0.124449
v 0.95846 -3.4923 -0.90314
vn 0.357445 0.42597 0.831133
v 0.71978 -3.5628 -0.81232
vn -0.955303 0.150239 0.254607
v 0.72647 -3.5174 -0.81232
vn -0.954707 0.19165 0.227606
v 0.73238 -3.52065 -0.78962
vn -0.916111 0.299111 0.266969
v 0.77682 -3.528 -0.85773
vn 0.967777 0.25125 -0.0167816
v 0.78177 -3.5401 -0.85773
vn 0.857398 0.494765 0.141692
v 0.82223 -3.58255 -0.78831
vn 0.60185 0.445557 0.662764
v 0.82547 -3.5628 -0.807705
vn 0.67241 0.593256 0.44262
v 0.801195 -3.56192 -0.789207
vn 0.653416 0.550909 0.519178
v 0.77682 -3.5279 -0.81232
vn 0.978444 0.20192 -0.0433052
v 0.77682 -3.5145 -0.78962
vn 0.92498 0.316054 -0.211002
v 0.79952 -3.5544 -0.81232
vn 0.326807 0.931388 0.160354
v 0.79952 -3.5908 -0.76691
vn 0.571978 0.557499 0.601694
v 0.79342 -3.5855 -0.76691
vn 0.779393 0.421706 0.463369
v 0.78437 -3.5628 -0.76691
vn 0.890232 0.199939 0.409282
v 0.78345 -3.5855 -0.74421
vn 0.948264 0.241835 0.205697
v 0.78567 -3.5628 -0.74421
vn 0.993639 -0.0971739 -0.0569034
v 0.73119 -3.5401 -0.76691
vn -0.989543 0.137646 -0.0430974
v 0.73717 -3.5174 -0.76691
vn -0.939364 0.326014 0.106347
v 0.79556 -3.5519 -0.78014
vn 0.805549 -0.123618 0.579491
v 0.89035 -3.6536 -0.85293
vn -0.488821 0.841477 0.230152
v 0.89035 -3.6497 -0.85773
vn -0.801291 0.464326 0.377272
v 0.85692 -3.5855 -0.85773
vn 0.545787 -0.337803 0.766816
v 0.86764 -3.5855 -0.86536
vn -0.0203535 -0.278575 0.960199
v 0.84626 -3.6082 -0.83503
vn 0.994482 -0.054863 0.0894231
v 0.84493 -3.6082 -0.85075
vn 0.990256 -0.11124 -0.0837823
v 0.84881 -3.5855 -0.83503
vn 0.966048 0.0792019 0.245925
v 0.83762 -3.5628 -0.83503
vn 0.520888 0.836381 0.170712
v 0.84493 -3.5655 -0.85773
vn 0.441713 0.78285 0.438219
v 0.82223 -3.556 -0.85773
vn 0.340827 0.938788 0.0501482
v 0.84415 -3.6082 -0.81232
vn 0.968441 0.166492 0.185478
v 0.83942 -3.5855 -0.81232
vn 0.834843 0.33676 0.435465
v 0.84493 -3.5727 -0.83503
vn 0.827238 0.405687 0.38871
v 0.82223 -3.5537 -0.83503
vn 0.557698 0.813134 0.166692
v 0.82223 -3.5569 -0.81232
vn 0.658773 0.723549 0.206145
v 0.73141 -3.502 -0.83503
vn -0.826131 0.563371 -0.0109917
v 0.73141 -3.5056 -0.85773
vn -0.8359 0.525185 -0.159537
v 0.72496 -3.5174 -0.83503
vn -0.926373 0.376458 0.010591
v 0.73141 -3.5043 -0.81232
vn -0.862296 0.475834 0.173285
v 0.73998 -3.4947 -0.85773
vn -0.515754 0.849882 -0.108159
v 0.73141 -3.5174 -0.87756
vn -0.865446 0.432872 -0.252238
v 0.75411 -3.49075 -0.84638
vn -0.267288 0.961357 -0.0659498
v 0.73994 -3.4947 -0.81232
vn -0.542827 0.838243 0.0518414
v 0.75411 -3.4882 -0.81232
vn -0.416904 0.90885 0.0134783
v 0.74555 -3.4947 -0.78962
vn -0.787136 0.595977 0.158837
v 0.77236 -3.4947 -0.78962
vn 0.903324 0.404109 -0.143883
v 0.769745 -3.4947 -0.823675
vn 0.83272 0.548556 -0.0752562
v 0.75411 -3.4856 -0.78962
vn 0.145325 0.959867 -0.239865
v 0.74675 -3.4947 -0.76691
vn -0.867699 0.494971 0.0458502
v 0.77682 -3.4947 -0.7706
vn 0.934375 0.235021 -0.267784
v 0.77682 -3.4811 -0.76691
vn 0.722625 0.524478 -0.450263
v 0.75411 -3.4736 -0.76691
vn 0.167299 0.83161 -0.529563
v 0.77682 -3.472 -0.76308
vn 0.32796 0.768848 -0.548922
v 0.781 -3.4947 -0.76691
vn 0.563681 0.67447 -0.476817
v 0.82223 -3.5174 -0.76691
vn 0.421464 0.791029 -0.443441
v 0.79952 -3.5174 -0.77953
vn 0.358958 0.673714 -0.645955
v 0.79952 -3.4947 -0.7465
vn 0.652203 0.688977 -0.316136
v 0.78543 -3.472 -0.74421
vn 0.797014 0.472135 -0.37664
v 0.77682 -3.4602 -0.74421
vn 0.522268 0.765787 -0.375242
v 0.75411 -3.4575 -0.74421
vn -0.0640571 0.858207 -0.509291
v 0.792965 -3.472 -0.71015
vn 0.834611 0.535878 -0.127515
v 0.73656 -3.472 -0.7215
vn -0.896324 0.38042 -0.22778
v 0.75411 -3.4493 -0.72757
vn -0.337259 0.912669 -0.230849
v 0.74425 -3.472 -0.74421
vn -0.795884 0.542604 -0.268606
v 0.77317 -3.4493 -0.7215
vn 0.475395 0.858843 -0.190755
v 0.74167 -3.4493 -0.6988
vn -0.427086 0.900475 -0.0821126
v 0.75411 -3.4434 -0.6988
vn -0.22222 0.966626 -0.127484
v 0.84493 -3.5063 -0.7215
vn 0.0389017 0.668828 -0.742399
v 0.86764 -3.5174 -0.73031
vn 0.0389017 0.668828 -0.742399
v 0.84493 -3.5174 -0.7315
vn 0.0389017 0.668828 -0.742399
v 0.72966 -3.46605 -0.67609
vn -0.921914 0.385953 -0.0333868
v 0.73141 -3.4618 -0.65339
vn -0.869387 0.457737 0.186127
v 0.71891 -3.50605 -0.65339
vn -0.972972 0.228691 -0.0320253
v 0.75411 -3.4433 -0.67609
vn -0.42853 0.903519 -0.00397442
v 0.74343 -3.4493 -0.65339
vn -0.689684 0.663197 0.290699
v 0.73747 -3.4493 -0.67609
vn -0.783782 0.608188 0.125669
v 0.77682 -3.4555 -0.65339
vn 0.616767 0.775781 0.133277
v 0.77406 -3.4493 -0.67609
vn 0.625768 0.768747 0.132069
v 0.79952 -3.472 -0.66178
vn 0.598491 0.781626 -0.175697
v 0.77682 -3.4552 -0.63068
vn 0.133734 0.972639 0.18997
v 0.924405 -3.4788 -0.63068
vn 0.00377681 0.914305 -0.40501
v 0.89035 -3.472 -0.61739
vn 0.0464975 0.921652 -0.385221
v 0.878995 -3.4266 -0.579645
vn -0.0814491 0.626201 -0.775396
v 0.94711 -3.4246 -0.58527
vn -0.0287887 0.624877 -0.780192
v 0.819965 -3.64965 -0.49555
vn 0.0617725 -0.342217 0.937588
v 0.82223 -3.6763 -0.5076
vn -0.0405196 -0.434114 0.899946
v 0.77682 -3.64225 -0.48731
vn 0.00988188 0.0746775 0.997159
v 0.79952 -3.6536 -0.49046
vn 0.173068 0.0735542 0.982159
v 0.84493 -3.6763 -0.50397
vn -0.204112 -0.342243 0.917174
v 0.86764 -3.6718 -0.49489
vn -0.271704 -0.0760943 0.959368
v 1.458 -3.7217 -1.0312
vn 0.737736 -0.24057 0.630771
v 1.458 -3.699 -1.0314
vn 0.324962 0 0.945727
v 1.0493 -3.66583 -0.923002
vn 0.0434524 0.274502 0.960604
v 0.99699 -3.6309 -0.90314
vn 0.616589 -0.113306 0.779089
v 1.0039 -3.6536 -0.91199
vn 0.530747 -0.0445554 0.846358
v 1.0276 -3.6309 -0.92544
vn 0.485428 -0.0790539 0.870695
v 1.0493 -3.6082 -0.93291
vn 0.385769 0.195803 0.901578
v 1.0493 -3.5855 -0.93784
vn 0.422369 0.16387 0.891488
v 1.066 -3.5174 -0.94855
vn 0.581407 0.425426 0.693527
v 1.2536 -3.60565 -0.99314
vn 0.0114377 0.292241 0.956276
v 1.24225 -3.5628 -1.00261
vn 0.105181 0.206976 0.972676
v 1.2082 -3.56848 -0.999775
vn 0.0891091 0.197655 0.976213
v 1.2763 -3.6309 -0.98238
vn 0.0892917 0.392969 0.915206
v 1.2763 -3.5855 -1.0014
vn 0.145994 0.261375 0.954133
v 1.1855 -3.52875 -1.00275
vn 0.124298 0.125736 0.984246
v 1.21955 -3.5174 -1.00905
vn 0.153478 0.178151 0.97196
v 1.2763 -3.53085 -1.01533
vn 0.17026 0.24901 0.953418
v 1.26495 -3.4947 -1.02275
vn 0.137734 0.290834 0.946808
v 1.3444 -3.55145 -1.025
vn 0.224885 0.00940265 0.97434
v 1.3219 -3.58435 -1.0167
vn 0.319864 0.0593945 0.9456
v 1.3672 -3.5628 -1.0313
vn 0.221044 -0.0662102 0.973014
v 1.3672 -3.5855 -1.0319
vn 0.291716 0.00391147 0.956497
v 1.3672 -3.5401 -1.0299
vn 0.175675 -0.0311858 0.983954
v 1.299 -3.6157 -0.99397
vn 0.422339 0.277289 0.862984
v 1.299 -3.5855 -1.0062
vn 0.196951 0.295925 0.934686
v 1.3037 -3.55145 -1.0139
vn 0.142302 0.212898 0.966656
v 1.15145 -3.43855 -1.0394
vn 0.0973638 0.54818 0.830674
v 1.1628 -3.4266 -1.0463
vn 0.060904 0.362431 0.930018
v 1.1855 -3.4493 -1.034
vn 0.134679 0.608502 0.78204
v 1.1855 -3.4947 -1.006
vn 0.17746 0.275836 0.944681
v 1.1855 -3.472 -1.0155
vn 0.20507 0.457167 0.865416
v 1.1628 -3.472 -1.0117
vn 0.147656 0.522865 0.83953
v 1.0187 -3.4947 -0.92585
vn 0.475707 0.709066 0.520508
v 1.2309 -3.472 -1.0265
vn 0.158374 0.510922 0.844912
v 1.22003 -3.49435 -1.0138
vn 0.207165 0.286018 0.935562
v 1.26495 -3.472 -1.0304
vn 0.0738887 0.3559 0.931598
v 1.2082 -3.4459 -1.0394
vn 0.084411 0.460931 0.883413
v 1.2536 -3.4266 -1.0493
vn 0.0117408 0.290273 0.956872
v 1.2536 -3.4528 -1.0394
vn 0.00583419 0.368774 0.929501
v 1.3217 -3.5174 -1.022
vn 0.0753366 0.255803 0.963789
v 1.3217 -3.4947 -1.0281
vn 0.113976 0.261468 0.958459
v 1.299 -3.472 -1.0323
vn 0.0734043 0.286356 0.955307
v 1.3444 -3.45975 -1.04205
vn 0.0849366 0.262866 0.961086
v 1.299 -3.4266 -1.0474
vn 0.0305642 0.286721 0.957527
v 1.33305 -3.4266 -1.0486
vn 0.0340275 0.170063 0.984846
v 1.39558 -3.4493 -1.04688
vn 0.0422816 0.154318 0.987116
v 1.1855 -3.4039 -1.0518
vn 0.0322571 0.154573 0.987455
v 1.2536 -3.4039 -1.0548
vn 0.0260003 0.154747 0.987612
v 1.15145 -3.3812 -1.05225
vn 0.0468332 0.0721657 0.996293
v 1.24225 -3.3812 -1.05655
vn 0.00713262 0.0677855 0.997674
v 1.3217 -3.4039 -1.0515
vn -0.0287308 0.139018 0.989873
v 1.31035 -3.3812 -1.0535
vn -0.0256618 0.0552372 0.998143
v 1.24225 -3.3585 -1.057
vn -0.0439969 0.0252858 0.998712
v 1.28765 -3.3585 -1.0544
vn 0.0108108 0.0397476 0.999151
v 1.37855 -3.3812 -1.0542
vn 0.00853256 0.102406 0.994706
v 1.37855 -3.3585 -1.0564
vn -0.0178964 0.0598478 0.998047
v 1.4643 -3.6763 -1.0394
vn 0.132943 0.225288 0.965179
v 1.3934 -3.6309 -1.0385
vn 0.258511 0.0380293 0.96526
v 1.39135 -3.59685 -1.0382
vn 0.231879 -0.0162374 0.972609
v 1.3899 -3.6536 -1.035
vn 0.131482 0.236148 0.962781
v 1.39675 -3.5628 -1.03805
vn 0.209546 -0.0615731 0.975858
v 1.3444 -3.5174 -1.0269
vn 0.126711 0.0711496 0.989385
v 1.40125 -3.5174 -1.03435
vn 0.192269 -0.0306076 0.980865
v 1.42395 -3.54265 -1.04185
vn 0.224012 -0.0559655 0.972978
v 1.458 -3.5174 -1.0493
vn 0.265976 0.000546025 0.963979
v 1.4807 -3.50605 -1.055
vn 0.152301 0.0282787 0.987929
v 1.3899 -3.4947 -1.0359
vn 0.0693461 0.249541 0.965878
v 1.4164 -3.4947 -1.0394
vn 0.110696 0.186831 0.976136
v 1.4353 -3.48335 -1.04485
vn 0.223596 0.107116 0.968778
v 1.458 -3.48335 -1.05075
vn 0.211204 0.045125 0.9764
v 1.4126 -3.4039 -1.0524
vn 0.0173254 0.0654344 0.997706
v 1.4353 -3.43795 -1.05035
vn 0.0805095 0.0812772 0.993435
v 1.458 -3.4493 -1.052
vn 0.0717226 0.0106 0.997368
v 1.4807 -3.46065 -1.05515
vn 0.103304 -0.0244542 0.994349
v 1.5034 -3.46065 -1.0565
vn 0.0323484 -0.0220754 0.999233
v 1.5034 -3.4039 -1.0542
vn 0.0324234 -0.00325309 0.999469
v 1.42395 -3.3585 -1.0547
vn -0.00359298 0.0652323 0.997864
v 1.5034 -3.3585 -1.0557
vn 0.00394492 0.0552329 0.998466
v 1.1481 -3.4266 -0.78962
vn 0.707282 0.498126 -0.50162
v 1.1401 -3.42355 -0.79526
vn 0.54211 0.726708 -0.421914
v 1.2536 -3.472 -0.71861
vn 0.72828 0.491951 -0.477066
v 1.2665 -3.4947 -0.7215
vn 0.767206 0.466855 -0.439819
v 1.072 -3.4728 -0.60727
vn 0.0296226 0.799187 -0.600353
v 1.072 -3.4864 -0.63068
vn 0.0646887 0.869239 -0.490142
v 1.0505 -3.472 -0.60798
vn 0.0765102 0.745714 -0.661858
v 1.2082 -3.4212 -0.56257
vn 0.0882298 0.707859 -0.700822
v 1.2763 -3.51835 -0.49393
vn -0.075919 -0.163825 0.983564
v 1.24225 -3.5174 -0.49201
vn 0.0533628 -0.129919 0.990088
v 1.299 -3.5174 -0.49121
vn -0.0997658 -0.127789 0.986771
v 1.005 -3.76555 -0.90314
vn 0.295293 0.19922 0.934405
v 1.0039 -3.7899 -0.89581
vn 0.324409 0.262351 0.908807
v 0.98117 -3.7672 -0.89327
vn 0.363811 0.216219 0.90603
v 0.98685 -3.6763 -0.88044
vn 0.945059 -0.104681 0.309687
v 0.99529 -3.6763 -0.90314
vn 0.968549 -0.0672006 0.239577
v 0.99125 -3.6536 -0.88044
vn 0.937396 -0.0321108 0.346782
v 0.99404 -3.6536 -0.90314
vn 0.992502 -0.00765269 0.121987
v 0.99285 -3.6309 -0.88044
vn 0.795455 0.0612058 0.602913
v 0.989 -3.6082 -0.88044
vn 0.529593 0.160999 0.832833
v 0.97347 -3.5855 -0.88044
vn 0.315425 0.227585 0.921256
v 1.0039 -3.5855 -0.89321
vn 0.288652 -0.0489975 0.95618
v 0.98117 -3.5628 -0.88887
vn 0.26858 0.121608 0.95555
v 0.96027 -3.5628 -0.88044
vn 0.340308 0.134605 0.93063
v 1.0039 -3.5628 -0.88986
vn -0.202668 0.00200309 0.979245
v 0.9564 -3.5401 -0.881725
vn 0.383883 0.261418 0.885604
v 0.93576 -3.5211 -0.88044
vn 0.257509 0.44588 0.857251
v 0.915155 -3.5174 -0.88044
vn 0.0264908 0.514357 0.857167
v 0.95846 -3.5174 -0.89131
vn 0.339655 0.394747 0.853703
v 1.00775 -3.51785 -0.90373
vn -0.0603674 0.558929 0.827015
v 0.984415 -3.516 -0.90314
vn 0.246998 0.428954 0.868902
v 0.98117 -3.5401 -0.89264
vn 0.232062 0.259626 0.937412
v 1.0039 -3.5401 -0.89291
vn -0.155754 0.323767 0.933228
v 0.89035 -3.4266 -1.0551
vn -0.0343403 0.321779 0.946192
v 0.93576 -3.4493 -1.0448
vn -0.061359 0.527816 0.84714
v 0.98117 -3.4266 -1.0527
vn -0.0744906 0.290771 0.953889
v 0.95846 -3.4617 -1.0167
vn -0.0530978 0.995911 -0.0730858
v 0.93576 -3.4544 -1.0394
vn -0.0418364 0.83005 0.556117
v 0.98001 -3.4491 -1.0394
vn -0.182346 0.707208 0.683086
v 1.01525 -3.4266 -1.04695
vn -0.144784 0.3461 0.926959
v 0.98117 -3.459 -1.0167
vn -0.187384 0.97622 0.108999
v 1.0179 -3.4493 -1.0167
vn -0.193186 0.925263 0.326446
v 0.91305 -3.4567 -0.99397
vn -0.0248202 0.979708 -0.198889
v 0.95846 -3.4523 -0.97126
vn -0.0178869 0.999794 -0.00962955
v 0.98117 -3.4538 -0.99397
vn -0.192506 0.965932 -0.172965
v 1.0039 -3.4489 -0.99397
vn -0.105101 0.992982 -0.0542222
v 1.0039 -3.4493 -1.0144
vn -0.236037 0.96615 -0.104115
v 0.99278 -3.4485 -0.97126
vn -0.0732653 0.99674 0.0337793
v 0.969815 -3.4039 -1.055
vn -0.0210089 -0.000405057 0.999779
v 1.0266 -3.4039 -1.0511
vn -0.0841244 0.127596 0.988252
v 0.98117 -3.3585 -1.0539
vn -0.0153388 0.00345771 0.999876
v 1.03795 -3.3812 -1.0525
vn -0.0366339 0.043449 0.998384
v 0.9017 -3.3585 -1.0544
vn -0.0511444 0.0166613 0.998552
v 1.0493 -3.3585 -1.0529
vn -0.050384 0.00907043 0.998689
v 0.91305 -3.4884 -0.90314
vn -0.0259733 0.639764 0.768132
v 0.9676 -3.472 -0.92381
vn 0.179186 0.654377 0.734632
v 1.0039 -3.472 -0.9317
vn 0.28516 0.569865 0.770673
v 0.95846 -3.4573 -0.94855
vn 0.0643921 0.912609 0.403731
v 0.93576 -3.4548 -0.94855
vn 0.0705956 0.961558 0.265371
v 0.93576 -3.4661 -0.92585
vn 0.077779 0.805422 0.587576
v 0.98117 -3.4565 -0.94855
vn -0.0330382 0.88862 0.457452
v 1.0039 -3.4551 -0.94855
vn 0.189693 0.783438 0.591811
v 1.0039 -3.4493 -0.96175
vn 0.0976594 0.906246 0.411315
v 0.93576 -3.4908 -0.90042
vn 0.0976461 0.611114 0.785496
v 0.98117 -3.4947 -0.91371
vn 0.276364 0.491639 0.825781
v 1.0039 -3.4947 -0.9204
vn 0.192308 0.511173 0.837687
v 0.98117 -3.7217 -0.85471
vn 0.710673 0.00944954 0.703459
v 0.98288 -3.6763 -0.85773
vn 0.661453 0.0603092 0.747558
v 0.95846 -3.699 -0.84385
vn 0.449164 0.11552 0.88595
v 0.722 -3.5401 -0.83503
vn -0.958245 0.243574 0.149794
v 0.71623 -3.5628 -0.83503
vn -0.958245 0.243574 0.149794
v 0.72833 -3.5401 -0.78962
vn -0.960351 0.182585 0.210686
v 0.79092 -3.5401 -0.78962
vn 0.909519 0.415662 -0.000223794
v 0.85432 -3.6763 -0.85773
vn -0.351528 0.891369 0.286162
v 0.85008 -3.6763 -0.83503
vn -0.427651 0.900408 -0.0798782
v 0.86764 -3.6644 -0.83503
vn -0.405414 0.907431 0.110493
v 0.89035 -3.6616 -0.83503
vn -0.0848346 0.796971 0.59803
v 0.91305 -3.6642 -0.83503
vn 0.141744 0.501262 0.853607
v 0.91305 -3.6536 -0.84355
vn -0.15323 0.519195 0.840808
v 0.90073 -3.6309 -0.85773
vn -0.367117 0.288673 0.884247
v 0.91305 -3.61125 -0.858875
vn -0.15346 0.272515 0.949835
v 0.89035 -3.6763 -0.82431
vn -0.0724559 0.587671 0.80585
v 0.93851 -3.69315 -0.83503
vn 0.421194 0.24453 0.873385
v 0.91305 -3.6763 -0.82926
vn 0.282539 0.347365 0.894153
v 0.95846 -3.6763 -0.8478
vn 0.367403 0.139419 0.919553
v 0.93576 -3.6536 -0.84481
vn 0.247496 0.239696 0.938771
v 0.980795 -3.65565 -0.85773
vn 0.632679 0.148429 0.760057
v 0.93576 -3.6101 -0.858925
vn 0.151854 0.375296 0.914381
v 0.95846 -3.6267 -0.85773
vn 0.350359 0.329745 0.876651
v 0.95846 -3.6082 -0.86758
vn 0.338462 0.348913 0.873901
v 0.93576 -3.6309 -0.85126
vn 0.0750406 0.300639 0.950781
v 0.98117 -3.6309 -0.87019
vn 0.606484 0.285269 0.742158
v 0.91305 -3.5401 -0.86969
vn 0.195212 0.161214 0.96742
v 0.93576 -3.5855 -0.86994
vn 0.245671 0.170466 0.954247
v 0.93576 -3.5401 -0.87375
vn 0.234776 0.199547 0.951347
v 0.82363 -3.6082 -0.76691
vn 0.434129 0.746296 0.504554
v 0.84493 -3.6146 -0.74421
vn 0.339476 0.939076 -0.0537836
v 0.7087 -3.5401 -0.63299
vn -0.984526 0.164924 -0.0592411
v 1.01525 -3.45085 -0.603738
vn 0.0736373 0.545972 -0.834561
v 1.0039 -3.472 -0.61834
vn 0.110515 0.528494 -0.841713
v 0.86764 -3.4605 -0.60798
vn 0.0469118 0.636354 -0.76997
v 0.878995 -3.4493 -0.59736
vn 0.00226867 0.630565 -0.776133
v 0.91305 -3.4493 -0.59727
vn -0.0561923 0.525684 -0.848822
v 0.992535 -3.4263 -0.586673
vn 0.0252202 0.636329 -0.771005
v 0.72314 -3.6536 -0.51716
vn -0.794679 0.10432 0.597998
v 0.77682 -3.59685 -0.488735
vn -0.0865349 -0.0136048 0.996156
v 0.79952 -3.6082 -0.48922
vn 0.124209 -0.0284126 0.991849
v 0.83103 -3.6082 -0.49445
vn 0.0854974 -0.0604926 0.9945
v 0.7414 -3.5628 -0.49445
vn -0.541796 -0.0243806 0.840156
v 0.75411 -3.5628 -0.48982
vn -0.23845 0.00952391 0.971108
v 0.75411 -3.5405 -0.49445
vn -0.231301 0.206744 0.950661
v 0.77682 -3.5401 -0.48998
vn 0.0199228 0.0434228 0.998858
v 0.778328 -3.50195 -0.494847
vn -0.24318 0.0724416 0.967272
v 0.85122 -3.6536 -0.495205
vn -0.0932728 -0.249109 0.963973
v 0.907375 -3.66495 -0.494375
vn -0.00672173 -0.0435892 0.999027
v 0.86764 -3.5855 -0.49137
vn -0.0301158 -0.0296904 0.999105
v 0.846295 -3.6082 -0.494555
vn -0.0572147 -0.0584256 0.996651
v 0.82223 -3.5855 -0.49229
vn -0.0303814 0.014801 0.999429
v 0.86764 -3.5628 -0.49201
vn -0.0355077 0.0203113 0.999163
v 0.83079 -3.5401 -0.49445
vn 0.0400962 0.0624296 0.997244
v 0.844697 -3.50605 -0.4953
vn 0.0472677 0.00407516 0.998874
v 0.86764 -3.5363 -0.49445
vn -0.0819933 0.0540097 0.995168
v 0.82223 -3.50605 -0.49226
vn 0.0367316 -0.0170471 0.99918
v 0.79952 -3.5174 -0.49058
vn -0.0110535 -0.00602603 0.999921
v 1.02678 -3.80117 -0.899359
vn 0.21842 0.266525 0.938753
v 1.0493 -3.7672 -0.91305
vn 0.206618 0.0286707 0.978002
v 1.0266 -3.7444 -0.91029
vn 0.199174 0.124548 0.972017
v 1.2536 -3.8133 -0.97126
vn 0.33422 -0.432717 0.837289
v 1.2763 -3.8126 -0.97596
vn 0.0552637 -0.492108 0.868778
v 1.2763 -3.804 -0.97126
vn 0.0611529 -0.479349 0.875491
v 1.299 -3.8126 -0.9759
vn -0.00225676 -0.521092 0.853497
v 1.2309 -3.8126 -0.95672
vn 0.488231 -0.384927 0.783238
v 1.2536 -3.7899 -0.95976
vn 0.238815 -0.32573 0.914805
v 1.2763 -3.76795 -0.948285
vn -0.316865 -0.292413 0.90227
v 1.2536 -3.7672 -0.95797
vn -0.285453 -0.226084 0.931344
v 1.2763 -3.7899 -0.95874
vn -0.228577 -0.313836 0.921553
v 1.2659 -3.7444 -0.94855
vn -0.397667 -0.163951 0.902763
v 1.2763 -3.7444 -0.94383
vn -0.407404 -0.167965 0.897669
v 1.299 -3.7813 -0.94855
vn -0.2338 -0.421206 0.876313
v 1.3217 -3.7672 -0.94623
vn 0.822267 0.15535 0.547488
v 1.4353 -3.7772 -1.0394
vn 0.286956 -0.278352 0.916611
v 1.4353 -3.7672 -1.0339
vn 0.444928 -0.431588 0.784711
v 1.39115 -3.7899 -0.99281
vn 0.707436 0.26066 0.656955
v 1.3962 -3.7899 -1.0167
vn 0.962003 0.220648 0.160824
v 1.3899 -3.779 -0.99397
vn 0.962003 0.220648 0.160824
v 1.1418 -3.5855 -0.970315
vn 0.469181 0.241995 0.849298
v 1.1628 -3.5855 -0.98389
vn 0.531923 0.227303 0.815715
v 1.1371 -3.5628 -0.97344
vn 0.506107 0.267573 0.819915
v 1.11985 -3.5401 -0.969865
vn 0.490964 0.272884 0.827338
v 1.1174 -3.50605 -0.981
vn 0.497141 0.273453 0.823453
v 1.1401 -3.5072 -0.99397
vn 0.455082 0.276047 0.84658
v 1.18435 -3.5868 -0.99397
vn 0.248992 0.18829 0.950026
v 1.1628 -3.5479 -0.99397
vn 0.329475 0.210035 0.920506
v 1.1628 -3.4947 -1.0039
vn 0.222912 0.204731 0.953098
v 1.1628 -3.6391 -0.94855
vn 0.31391 0.494859 0.810293
v 1.1401 -3.6536 -0.93432
vn 0.266446 0.429619 0.862806
v 1.1628 -3.6536 -0.94133
vn 0.266446 0.429619 0.862806
v 1.0819 -3.5401 -0.94855
vn 0.837817 0.545749 -0.014863
v 1.0947 -3.5401 -0.95842
vn 0.481017 0.312349 0.819183
v 1.09995 -3.5174 -0.968995
vn 0.455147 0.246708 0.855556
v 1.0862 -3.5401 -0.92585
vn 0.841576 0.539531 0.0256126
v 1.072 -3.5227 -0.92585
vn 0.615691 0.78648 0.0487174
v 1.0266 -3.5942 -0.90314
vn 0.252498 -0.364314 0.896393
v 1.0276 -3.5855 -0.88201
vn -0.35843 -0.0672966 0.931128
v 1.0829 -3.5401 -0.90314
vn 0.834504 0.428545 0.346342
v 1.0754 -3.5628 -0.88044
vn 0.54481 0.358111 0.758247
v 1.0266 -3.5401 -0.88603
vn -0.177769 0.456334 0.87187
v 1.0266 -3.5134 -0.90314
vn 0.0479523 0.734403 0.677018
v 1.0493 -3.5174 -0.89951
vn -0.0130138 0.571216 0.820697
v 1.072 -3.5268 -0.90314
vn 0.653521 0.705646 0.273814
v 1.05315 -3.5162 -0.90314
vn 0.272942 0.918987 0.284544
v 1.072 -3.5401 -0.89135
vn 0.573405 0.497635 0.65082
v 1.0945 -3.5855 -0.948575
vn 0.401026 0.133549 0.906279
v 1.1174 -3.6133 -0.94855
vn 0.295309 0.420787 0.857747
v 1.15155 -3.60803 -0.965455
vn 0.395283 0.416965 0.818469
v 1.1174 -3.5628 -0.96255
vn 0.451544 0.237245 0.86013
v 1.1088 -3.5855 -0.92585
vn 0.896132 0.441613 -0.0438655
v 1.0947 -3.5792 -0.94855
vn 0.817142 0.42477 -0.389679
v 1.1033 -3.5855 -0.90314
vn 0.901595 0.14213 0.408565
v 1.1855 -3.699 -0.96471
vn 0.0860281 -0.333362 0.938866
v 1.0266 -3.4347 -1.0394
vn -0.182376 0.76215 0.621182
v 1.0578 -3.42785 -1.0394
vn -0.0859045 0.604852 0.791691
v 1.0493 -3.4477 -1.0167
vn -0.0199172 0.849091 0.52787
v 1.0947 -3.4476 -1.0167
vn 0.0500778 0.832388 0.551927
v 1.1077 -3.4266 -1.0394
vn 0.079407 0.571074 0.817049
v 1.0834 -3.472 -0.97126
vn 0.395318 0.581465 0.711071
v 1.0266 -3.4469 -0.99397
vn -0.0041907 0.999818 0.0186152
v 1.072 -3.4493 -1.0109
vn 0.116234 0.974588 0.191491
v 1.0493 -3.4546 -0.97126
vn 0.274307 0.808812 0.520172
v 1.0307 -3.4493 -0.97126
vn 0.115814 0.953609 0.277881
v 1.072 -3.4536 -0.99397
vn 0.269565 0.889296 0.369443
v 1.0947 -3.4584 -0.99397
vn 0.247176 0.823471 0.510685
v 1.1134 -3.45035 -1.0167
vn 0.23978 0.73035 0.639605
v 1.1401 -3.4592 -1.0167
vn 0.189275 0.675789 0.712379
v 1.1401 -3.472 -1.0067
vn 0.311289 0.479308 0.820587
v 1.1174 -3.47105 -0.993365
vn 0.465069 0.501046 0.729838
v 1.0493 -3.4039 -1.0499
vn -0.0596878 0.171969 0.983292
v 1.10605 -3.3812 -1.04985
vn 0.00441043 0.0315523 0.999492
v 1.1174 -3.4039 -1.0487
vn 0.0328404 0.178058 0.983472
v 1.10605 -3.3585 -1.04955
vn 0.00915604 0.00403202 0.99995
v 1.1855 -3.3585 -1.0552
vn 0.0685545 0.0559435 0.996078
v 1.0441 -3.4947 -0.94855
vn 0.465063 0.429008 0.774382
v 1.0493 -3.472 -0.95877
vn 0.351675 0.450278 0.820716
v 1.0266 -3.4675 -0.94855
vn 0.487938 0.460414 0.741576
v 1.0493 -3.5115 -0.92585
vn 0.418619 0.850404 0.318703
v 1.072 -3.4947 -0.96034
vn 0.403518 0.26321 0.876296
v 1.3899 -3.6763 -1.0294
vn 0.0582536 0.323171 0.944546
v 1.4126 -3.7031 -1.0191
vn 0.0199947 0.451706 0.891943
v 1.4353 -3.6763 -1.0344
vn 0.137905 0.334308 0.93232
v 1.3672 -3.6309 -1.0292
vn 0.341738 0.0763255 0.936691
v 1.4807 -4.0208 -0.63068
vn 0.00323981 0.979487 0.201479
v 1.4807 -4.0169 -0.64964
vn -0.0165323 0.978354 0.206279
v 1.458 -4.0169 -0.64078
vn 0.0783977 0.976478 0.20086
v 1.5034 -4.0142 -0.65339
vn -0.126141 0.965988 0.225733
v 1.1855 -3.4345 -0.74421
vn 0.563968 0.753318 -0.338308
v 1.1867 -3.4493 -0.767675
vn 0.500128 0.705981 -0.50146
v 1.2082 -3.4493 -0.75505
vn 0.632955 0.487497 -0.601427
v 1.2185 -3.4493 -0.74421
vn 0.632955 0.487497 -0.601427
v 1.2536 -3.4947 -0.73958
vn 0.711275 0.473979 -0.519069
v 1.0205 -3.4947 -0.65339
vn 0.157465 0.983239 -0.0918992
v 1.0266 -3.472 -0.61161
vn 0.0940485 0.609106 -0.787493
v 1.0266 -3.425 -0.58665
vn -0.011073 0.620214 -0.784355
v 1.10605 -3.4493 -0.59213
vn 0.0453878 0.513625 -0.856814
v 1.06065 -3.4493 -0.59688
vn 0.104842 0.506241 -0.855995
v 1.05501 -3.42544 -0.585697
vn 0.0773426 0.53595 -0.8407
v 1.0266 -3.7217 -0.50675
vn 0.0705853 0.067517 0.995218
v 1.01525 -3.699 -0.507485
vn 0.0705853 0.067517 0.995218
v 1.1628 -3.699 -0.48821
vn 0.0760406 0.0450754 0.996085
v 1.1401 -3.73305 -0.485845
vn -0.056316 -0.0237847 0.99813
v 1.2309 -3.699 -0.5032
vn -0.0561835 -0.178663 0.982305
v 1.0812 -3.6763 -0.49445
vn -0.118581 -0.199967 0.972601
v 1.072 -3.699 -0.50296
vn -0.260108 -0.244749 0.934046
v 1.0947 -3.6947 -0.49445
vn -0.22601 -0.0860445 0.970317
v 1.10037 -3.64225 -0.489873
vn -0.0169942 -0.0835967 0.996355
v 1.072 -3.64225 -0.489545
vn -0.0363284 -0.14043 0.989424
v 1.04832 -3.64305 -0.49205
vn -0.111329 -0.176106 0.978056
v 1.0266 -3.6309 -0.49399
vn -0.106907 -0.191159 0.97572
v 1.0266 -3.5855 -0.48436
vn -0.00301484 -0.0506043 0.998714
v 1.072 -3.6082 -0.4858
vn 0.0194904 -0.0608882 0.997954
v 1.12308 -3.6082 -0.488183
vn 0.0503862 -0.0289286 0.998311
v 1.1174 -3.66495 -0.491145
vn -0.0345215 -0.0475958 0.99827
v 1.1401 -3.6536 -0.48974
vn 0.0128853 0.0214679 0.999686
v 1.18605 -3.6667 -0.49426
vn 0.195564 -0.0241728 0.980393
v 1.1628 -3.64792 -0.490135
vn 0.102805 0.0122397 0.994626
v 1.1855 -3.6082 -0.49268
vn 0.0912517 -0.0255519 0.9955
v 1.1628 -3.5855 -0.49083
vn 0.0683367 0.0338329 0.997088
v 1.07767 -3.5855 -0.48546
vn 0.0447171 0.00935706 0.998956
v 1.01525 -3.55145 -0.48574
vn 0.0287555 0.0783289 0.996513
v 1.0493 -3.5628 -0.48649
vn 0.0421685 0.123476 0.991451
v 1.10605 -3.55145 -0.49056
vn 0.0358883 0.0805484 0.996104
v 1.15712 -3.54578 -0.492477
vn 0.0327626 0.000937315 0.999463
v 1.2075 -3.57415 -0.49417
vn -0.0113846 0.000993803 0.999935
v 1.1855 -3.55922 -0.49449
vn 0.0385448 -0.00962426 0.999211
v 1.1401 -3.5174 -0.49238
vn -0.0584729 -0.04375 0.99733
v 1.2082 -3.5401 -0.49266
vn -0.0122181 -0.115931 0.993182
v 1.19685 -3.5174 -0.48894
vn 0.0111994 -0.104953 0.994414
v 1.2082 -3.66495 -0.49785
vn 0.0259993 -0.110752 0.993508
v 1.2309 -3.6608 -0.49445
vn -0.1777 -0.142193 0.973758
v 1.2536 -3.6536 -0.48708
vn -0.286198 -0.118733 0.950785
v 1.20927 -3.6252 -0.494525
vn -0.0328566 -0.0378307 0.998744
v 1.2309 -3.6309 -0.49203
vn -0.170159 0.0277663 0.985025
v 1.2309 -3.59685 -0.492815
vn -0.0985143 -0.00374181 0.995129
v 1.2536 -3.5628 -0.49054
vn -0.0619612 0.0516912 0.996739
v 1.2536 -3.5855 -0.48928
vn -0.163824 0.0468018 0.985379
v 1.2309 -3.5401 -0.49254
vn 0.0340551 -0.0293737 0.998988
v 1.072 -3.5174 -0.49573
vn -0.0145059 0.086686 0.99613
v 1.072 -3.4947 -0.49615
vn 0.000730006 0.0141193 0.9999
v 1.072 -3.472 -0.49504
vn 0.0237196 0.165601 0.985908
v 1.03795 -3.4493 -0.498325
vn 0.0342845 0.456404 0.889112
v 1.01525 -3.4266 -0.512485
vn 0.03532 0.581952 0.812456
v 1.06065 -3.42577 -0.516282
vn 0.0102717 0.663348 0.74824
v 1.08335 -3.4493 -0.49909
vn -0.0204351 0.42262 0.906077
v 1.11233 -3.472 -0.49355
vn -0.0651791 0.0567971 0.996256
v 1.10605 -3.4266 -0.512815
vn -0.0604806 0.579635 0.812628
v 1.15145 -3.4947 -0.48984
vn -0.0869569 -0.00240452 0.996209
v 1.1855 -3.4947 -0.48722
vn 0.0236869 0.0218633 0.99948
v 1.1855 -3.472 -0.48943
vn -0.0135451 0.140522 0.989985
v 1.1401 -3.4493 -0.49621
vn -0.0403881 0.34574 0.937461
v 1.01525 -3.4222 -0.51716
vn 0.00326735 0.788441 0.615102
v 1.12875 -3.4202 -0.51716
vn -0.0485417 0.698615 0.713849
v 0.75411 -3.5048 -0.90314
vn -0.194493 0.960973 -0.196734
v 0.743485 -3.5174 -0.914495
vn -0.66656 0.71576 -0.208291
v 0.77682 -3.508 -0.90314
vn 0.214902 0.806424 0.550906
v 0.79952 -3.5169 -0.902775
vn 0.207323 0.777973 0.593107
v 0.84493 -3.472 -0.98345
vn -0.284189 0.946189 0.154803
v 0.82223 -3.4821 -0.97126
vn -0.307471 0.930622 0.198507
v 0.84493 -3.4665 -1.0167
vn -0.15589 0.981557 0.110654
v 0.86764 -3.4639 -0.99397
vn -0.255892 0.965707 0.0439235
v 0.86764 -3.464 -0.97126
vn -0.306159 0.947824 0.088865
v 0.89035 -3.457 -0.97126
vn -0.242028 0.959885 0.141577
v 0.89035 -3.4594 -0.99397
vn -0.245155 0.968243 -0.049031
v 0.91305 -3.4532 -0.97126
vn -0.0918043 0.992665 0.0786663
v 0.86764 -3.4681 -0.94855
vn -0.274374 0.916819 0.290108
v 0.82223 -3.4869 -0.94855
vn -0.312125 0.913707 0.260226
v 0.86764 -3.47595 -0.932485
vn -0.211986 0.835228 0.507401
v 0.823575 -3.4951 -0.92585
vn -0.261443 0.839332 0.476623
v 0.89035 -3.4743 -0.92929
vn -0.169979 0.830839 0.529919
v 0.91305 -3.4692 -0.92585
vn -0.180215 0.838715 0.513887
v 0.91305 -3.4576 -0.94855
vn -0.163339 0.923741 0.346445
v 0.8851 -3.4947 -0.90314
vn -0.160346 0.634807 0.75585
v 0.84493 -3.4947 -0.91519
vn -0.207845 0.74601 0.632668
v 0.71743 -3.5855 -0.67609
vn -0.94756 0.140219 -0.287175
v 0.72054 -3.5855 -0.6988
vn -0.985827 0.113334 -0.123695
v 0.71211 -3.6082 -0.68691
vn -0.917676 0.303343 -0.256619
v 0.70783 -3.5855 -0.65339
vn -0.921028 0.261115 -0.28901
v 0.71175 -3.6536 -0.53986
vn -0.959811 0.0747408 0.270512
v 0.70802 -3.6536 -0.55762
vn -0.958846 0.0207449 0.283168
v 0.70566 -3.5855 -0.56257
vn -0.977441 0.0130767 0.210803
v 0.71511 -3.6082 -0.53986
vn -0.938198 0.0462916 0.342989
v 0.79952 -3.463 -0.63068
vn 0.172771 0.895541 -0.410068
v 0.83358 -3.45745 -0.60798
vn 0.126136 0.897242 -0.423139
v 0.780765 -3.44905 -0.6085
vn 0.108098 0.879339 -0.463765
v 0.7426 -3.472 -0.51716
vn -0.945383 -0.0129628 0.325704
v 0.73797 -3.472 -0.53986
vn -0.996201 0.038289 0.0782122
v 0.74313 -3.4493 -0.51716
vn -0.858388 0.125006 0.497537
v 0.73757 -3.4493 -0.53986
vn -0.971039 0.0226722 0.237842
v 0.82223 -3.47335 -0.648145
vn -0.000856226 0.966471 -0.256775
v 0.84493 -3.47025 -0.636905
vn 0.0174407 0.965479 -0.259895
v 0.86421 -3.472 -0.63068
vn 0.110951 0.965691 -0.2348
v 0.77682 -3.5628 -0.48845
vn 0.167693 0.0609105 0.983956
v 0.95846 -3.5401 -0.48739
vn -0.0409655 -0.0951631 0.994618
v 0.98117 -3.5628 -0.48909
vn -0.103776 -0.119993 0.987336
v 0.98117 -3.5401 -0.48712
vn -0.050605 -0.00487208 0.998707
v 0.969815 -3.51173 -0.489032
vn 0.0184478 0.0808863 0.996553
v 1.01525 -3.5174 -0.49116
vn 0.0914569 0.13608 0.986467
v 0.77682 -3.472 -0.49546
vn -0.134248 0.055072 0.989416
v 0.79952 -3.46595 -0.493685
vn 0.00134281 0.114933 0.993372
v 0.75411 -3.4493 -0.50512
vn -0.456031 0.395317 0.797346
v 0.75411 -3.42775 -0.51829
vn -0.480843 0.522322 0.704251
v 0.77682 -3.4266 -0.51118
vn -0.136283 0.523636 0.840971
v 0.77682 -3.4493 -0.49746
vn -0.128083 0.376051 0.917704
v 0.810875 -3.4493 -0.497
vn 0.0144709 0.408806 0.912507
v 0.841105 -3.472 -0.494645
vn 0.00438269 0.116532 0.993177
v 0.84493 -3.4493 -0.4986
vn 0.00213695 0.184189 0.982888
v 0.98117 -3.472 -0.49184
vn 0.0412302 0.0720936 0.996545
v 0.95846 -3.4659 -0.4934
vn -0.0345238 0.189083 0.981354
v 0.98117 -3.4493 -0.4961
vn -0.0381317 0.255355 0.966095
v 0.93576 -3.4493 -0.49958
vn -0.0109884 0.225187 0.974254
v 1.1174 -3.699 -0.93548
vn 0.202716 0.0176848 0.979078
v 1.1174 -3.6536 -0.93505
vn 0.202695 -0.0227452 0.978978
v 1.0947 -3.6536 -0.93123
vn 0.320525 -0.00387205 0.947232
v 1.072 -3.6082 -0.94193
vn 0.253781 -0.530389 0.808877
v 1.0931 -3.6082 -0.94855
vn 0.132842 -0.0199754 0.990936
v 1.0873 -3.5994 -0.94096
vn 0.253781 -0.530389 0.808877
v 1.1202 -3.6082 -0.92585
vn 0.905945 0.38433 -0.177635
v 1.1174 -3.6082 -0.94013
vn 0.905945 0.38433 -0.177635
v 1.3305 -3.6082 -1.0167
vn 0.413571 0.188583 0.890727
v 1.0266 -3.4917 -0.67609
vn -0.189244 0.956189 0.223359
v 1.0493 -3.4844 -0.67609
vn -0.300568 0.902839 0.307473
v 1.072 -3.4844 -0.65339
vn -0.289694 0.888649 0.355501
v 1.0765 -3.472 -0.67934
vn -0.340154 0.827401 0.446881
v 1.10605 -3.4772 -0.65339
vn -0.118103 0.907086 0.404039
v 1.0947 -3.4694 -0.672295
vn -0.222618 0.834746 0.503628
v 1.15145 -3.4751 -0.65339
vn 0.00245013 0.943921 0.330162
v 1.15145 -3.4796 -0.63068
vn 0.00221846 0.999922 -0.012304
v 1.3217 -3.44565 -0.594072
vn -0.0618148 0.762898 -0.643556
v 1.0493 -3.52928 -0.493057
vn 0.0882689 0.122521 0.988533
v 0.64059 -3.86935 -1.05805
vn 0.0110546 0.0263784 0.999591
v 0.686 -3.858 -1.0604
vn 0.0271275 0.0446679 0.998634
v 1.0039 -3.8126 -0.89074
vn 0.237329 0.211752 0.94807
v 0.98117 -3.7899 -0.89012
vn 0.239174 0.17299 0.955442
v 0.873317 -3.4493 -1.0473
vn -0.0552909 0.451455 0.890579
v 0.82223 -3.4588 -1.0394
vn -0.039467 0.887789 0.458556
v 0.9017 -3.4625 -1.0167
vn -0.050813 0.983124 0.17574
v 0.89035 -3.4039 -1.056
vn -0.0270855 0.0109287 0.999573
v 0.75411 -3.4947 -0.50606
vn -0.38567 0.127606 0.91377
v 1.2082 -3.7217 -0.97125
vn -0.230092 -0.272075 0.934362
v 1.2309 -3.7444 -0.96954
vn -0.451407 -0.15034 0.879562
v 1.2536 -3.7444 -0.95789
vn -0.488939 -0.198157 0.849513
v 1.0947 -3.6082 -0.89588
vn 0.814176 -0.127274 0.566496
v 1.1174 -3.4628 -0.67609
vn -0.0732882 0.840771 0.536407
v 1.15145 -3.46455 -0.67609
vn 0.0138267 0.894338 0.447179
v 1.1855 -3.4672 -0.67609
vn 0.0440757 0.930147 0.364533
v 0.64059 -3.9488 -1.0526
vn -0.0153637 0.0775827 0.996868
v 0.66329 -3.7444 -1.0644
vn 0.181585 0.0210819 0.983149
v 0.66329 -3.7217 -1.0635
vn 0.132292 -0.0454491 0.990168
v 0.64059 -3.699 -1.0598
vn 0.157245 -0.0108868 0.9875
v 0.77682 -3.4947 -1.0291
vn -0.890258 0.114519 0.440824
v 0.78296 -3.4947 -1.0167
vn -0.890258 0.114519 0.440824
v 0.78588 -3.472 -1.0167
vn -0.890258 0.114519 0.440824
v 0.84493 -3.4947 -0.70989
vn -0.0361073 0.829143 -0.557869
v 1.0039 -3.4981 -0.6988
vn 0.078568 0.74612 -0.661159
v 0.980167 -3.49525 -0.698173
vn 0.181969 0.832965 -0.522549
v 0.98117 -3.5139 -0.7215
vn 0.177187 0.769503 -0.613571
v 0.82223 -3.44435 -0.591025
vn 0.0450026 0.789843 -0.611656
v 0.7447 -3.4266 -0.53986
vn -0.877135 0.368558 0.307894
v 0.84493 -3.4493 -0.59559
vn -0.0270692 0.75758 -0.652181
v 0.82223 -3.4266 -0.57194
vn -0.057482 0.727553 -0.68364
v 0.75411 -3.472 -0.50348
vn -0.443233 -0.00775651 0.896373
v 0.89035 -3.4625 -0.49445
vn 0.00731726 0.120036 0.992743
v 0.89035 -3.4493 -0.49682
vn 0.00606873 0.176716 0.984243
v 0.91305 -3.48467 -0.493602
vn -0.00416011 0.140518 0.990069
v 0.93576 -3.48335 -0.493155
vn -0.0518734 0.168355 0.984361
v 1.0791 -3.6536 -0.92585
vn 0.0593391 0.23886 0.969239
v 1.072 -3.6763 -0.92034
vn 0.262932 0.133825 0.955488
v 1.0493 -3.4797 -0.6988
vn -0.551356 0.834034 0.0198278
v 1.0493 -3.4959 -0.7213
vn -0.632599 0.488741 -0.600791
v 1.02495 -3.4941 -0.6988
vn -0.396411 0.881148 -0.257754
v 1.0918 -3.44805 -0.6988
vn -0.330479 0.733832 0.593527
v 1.072 -3.4598 -0.6988
vn -0.428449 0.714214 0.553471
v 1.1401 -3.4493 -0.6925
vn 0.134085 0.711443 0.689833
v 1.2082 -3.4522 -0.583025
vn 0.13907 0.607592 -0.781979
v 1.2309 -3.472 -0.60115
vn -0.00529867 0.69867 -0.715424
v 1.1855 -3.472 -0.6046
vn 0.0858203 0.697951 -0.710985
v 1.2309 -3.4525 -0.582645
vn -0.0417358 0.635496 -0.770975
v 0.64059 -4.0169 -1.0472
vn -0.0351388 -0.0615192 0.997487
v 0.64059 -3.7899 -1.0583
vn 0.0868154 0.00150778 0.996223
v 0.68663 -3.82247 -1.06255
vn 0.0687119 0.026728 0.997278
v 0.84493 -3.6082 -0.86899
vn 0.207913 -0.638228 0.74124
v 0.82223 -3.4808 -0.67609
vn 0.306117 0.847799 -0.433046
v 0.7401 -3.4493 -0.56257
vn -0.890972 0.390737 -0.231287
v 0.75411 -3.4236 -0.56257
vn -0.762248 0.570456 -0.305873
v 0.75411 -3.4406 -0.58527
vn -0.827976 0.445827 -0.340139
v 0.73721 -3.4947 -0.56257
vn -0.964905 0.26001 0.0367901
v 0.75411 -3.416 -0.53986
vn -0.640502 0.681735 0.353545
v 0.86764 -3.4775 -0.67609
vn 0.00887018 0.99807 -0.0614659
v 0.84493 -3.4781 -0.67609
vn 0.0174252 0.989447 -0.143843
v 0.98117 -3.4101 -0.56257
vn 0.023374 0.978373 -0.205525
v 0.93576 -3.4075 -0.56257
vn 0.0216056 0.992535 -0.12003
v 0.969815 -3.40995 -0.53986
vn 0.0318534 0.985286 0.167921
v 0.89035 -3.4266 -0.51274
vn 0.0173151 0.584776 0.81101
v 0.952785 -3.42532 -0.515725
vn -0.00379753 0.639754 0.768571
v 1.1009 -3.4289 -0.7215
vn -0.332049 0.833714 0.441207
v 1.0913 -3.4248 -0.74421
vn -0.467187 0.882485 0.0543698
v 1.0947 -3.4266 -0.73168
vn -0.453489 0.85661 0.246104
v 1.1666 -3.4493 -0.6988
vn 0.161448 0.727154 0.667219
v 1.1855 -3.4511 -0.701255
vn 0.131189 0.822524 0.553393
v 1.072 -3.4065 -0.56257
vn -0.0913774 0.992091 0.0860503
v 1.06065 -3.40945 -0.53986
vn -0.0644812 0.975067 0.212334
v 1.0266 -3.409 -0.56257
vn -0.0307047 0.997774 0.0592019
v 1.1108 -3.40387 -0.56257
vn -0.0238575 0.996921 -0.074695
v 1.13855 -3.40425 -0.53986
vn 0.0506286 0.951104 0.304693
v 1.15145 -3.4084 -0.56257
vn 0.132656 0.972146 -0.193223
v 1.1628 -3.4058 -0.53986
vn 0.0352884 0.966507 0.254202
v 1.1855 -3.4158 -0.56257
vn 0.147783 0.890612 -0.430082
v 0.718755 -3.5401 -0.687445
vn -0.968158 0.154001 -0.197365
v 0.721545 -3.5174 -0.687445
vn -0.975769 0.149075 -0.160159
v 0.71065 -3.5401 -0.65339
vn -0.960985 0.10599 -0.255488
v 0.70307 -3.6082 -0.65339
vn -0.996126 0.0745988 -0.0465605
v 0.703965 -3.57415 -0.63068
vn -0.994614 0.103623 -0.00221845
v 0.703395 -3.5855 -0.596625
vn -0.997326 0.0589036 0.0432657
v 0.70236 -3.6082 -0.60798
vn -0.996212 -0.0528424 0.0690634
v 0.709765 -3.54533 -0.602303
vn -0.955512 0.284551 0.077632
v 0.70607 -3.6309 -0.58527
vn -0.992721 -0.0844037 0.0859142
v 0.63331 -3.3812 -0.40363
vn 0.312493 0.581852 -0.750864
v 0.64059 -3.4039 -0.41726
vn 0.296768 0.552324 -0.779017
v 0.79911 -3.6763 -0.49445
vn 0.46224 -0.274451 0.843214
v 0.98117 -3.61985 -0.49556
vn -0.0636756 -0.0899542 0.993908
v 0.89035 -3.52875 -0.49108
vn -0.140487 0.0814807 0.986724
v 0.66329 -3.3812 -0.3909
vn 0.361155 0.543822 -0.757512
v 0.686 -3.4039 -0.39684
vn 0.319092 0.471299 -0.822227
v 1.01525 -3.6082 -0.489275
vn -0.103719 -0.144055 0.984119
v 1.0039 -3.699 -0.90669
vn 0.254089 0.0270638 0.966802
v 0.98117 -3.7217 -0.89105
vn 0.690783 -0.106456 0.715183
v 0.98117 -3.7444 -0.89392
vn 0.652499 -0.0950524 0.751804
v 0.98117 -3.699 -0.88542
vn 0.750977 -0.0584073 0.65774
v 0.74272 -3.5401 -0.92585
vn -0.957129 0.154741 -0.244865
v 1.0039 -3.6763 -0.90931
vn 0.426528 0.137206 0.894007
v 0.72499 -3.5401 -0.85773
vn -0.982802 0.121651 -0.138932
v 0.72175 -3.5628 -0.85773
vn -0.9647 0.191454 -0.18083
v 0.71754 -3.5855 -0.83503
vn -0.993718 -0.0131337 0.111143
v 0.71907 -3.5855 -0.81232
vn -0.975524 0.0222814 0.218761
v 0.7305 -3.5628 -0.76691
vn -0.995384 0.0341384 0.0896922
v 0.73141 -3.5855 -0.7701
vn -0.97879 -0.110316 0.17263
v 0.728955 -3.50598 -0.72156
vn -0.952734 0.215031 -0.214616
v 0.72342 -3.5401 -0.7215
vn -0.985867 0.0789178 -0.147776
v 0.89035 -3.5628 -0.86702
vn 0.00527115 0.0738064 0.997259
v 0.73842 -3.4947 -0.74421
vn -0.917759 0.266133 -0.294775
v 1.0039 -3.4925 -0.67609
vn 0.0507715 0.992818 -0.10833
v 0.98117 -3.4843 -0.65339
vn 0.196914 0.951892 -0.234791
v 0.98117 -3.4765 -0.63068
vn 0.0325088 0.934732 -0.353863
v 1.0039 -3.4833 -0.63068
vn 0.266723 0.841859 -0.469182
v 0.84493 -3.7011 -0.51716
vn -0.504851 -0.430177 0.74838
v 0.86764 -3.699 -0.50052
vn -0.442766 -0.315399 0.839334
v 1.09395 -3.76915 -0.925977
vn 0.0876591 0.205498 0.974724
v 1.072 -3.7444 -0.91633
vn 0.35481 -0.0737608 0.932024
v 1.072 -3.7672 -0.91966
vn 0.35523 -0.135094 0.924966
v 1.093 -3.7444 -0.926375
vn 0.274575 0.0460591 0.960462
v 1.0266 -3.7217 -0.90968
vn 0.0790406 0.0418705 0.995992
v 1.0493 -3.7217 -0.9089
vn 0.0960226 0.0125402 0.9953
v 1.0266 -3.699 -0.91197
vn 0.175494 0.177626 0.968324
v 1.0493 -3.699 -0.91224
vn 0.106697 0.183115 0.977284
v 1.072 -3.7217 -0.91469
vn 0.357986 0.0244164 0.933408
v 1.0888 -3.7217 -0.92585
vn 0.539565 0.0645168 0.839468
v 1.072 -3.699 -0.9169
vn 0.280437 0.165154 0.945558
v 1.11935 -3.7693 -0.92585
vn -0.277634 0.573272 0.770895
v 1.1401 -3.7654 -0.92585
vn 0.0768541 0.635627 0.768161
v 1.1401 -3.7444 -0.93876
vn 0.407683 0.502756 0.762254
v 1.1174 -3.7444 -0.93174
vn 0.135858 0.40096 0.905965
v 1.1521 -3.7672 -0.92585
vn 0.374061 0.598168 0.708713
v 1.1628 -3.7527 -0.94855
vn 0.491188 0.610386 0.62142
v 1.0947 -3.7899 -0.92027
vn 0.038324 0.441167 0.896606
v 1.1174 -3.7899 -0.91289
vn -0.546113 0.480642 0.686108
v 1.13815 -3.7665 -0.90314
vn -0.373558 0.850276 0.37079
v 1.0621 -3.4947 -0.74421
vn -0.85499 0.218003 -0.470603
v 1.0957 -3.7444 -0.494905
vn -0.387979 -0.0255272 0.921315
v 1.096 -3.7217 -0.494965
vn -0.335533 -0.0264675 0.941657
v 1.072 -3.7217 -0.50797
vn -0.360776 -0.145587 0.921219
v 1.0493 -3.699 -0.50853
vn -0.155324 -0.273176 0.949341
v 1.0493 -3.7217 -0.51298
vn -0.211675 -0.188012 0.959086
v 1.09895 -3.7672 -0.49638
vn -0.354713 -0.207703 0.911613
v 1.0947 -3.7899 -0.50685
vn -0.319679 -0.382268 0.866993
v 1.1174 -3.7799 -0.49445
vn -0.285924 -0.372124 0.883047
v 1.1174 -3.7899 -0.50001
vn -0.254668 -0.469919 0.845175
v 1.12875 -3.7672 -0.489725
vn -0.147861 -0.135884 0.979629
v 1.1174 -3.7444 -0.48891
vn -0.208873 0.00663235 0.97792
v 1.03795 -3.6763 -0.50116
vn -0.122805 -0.284731 0.950709
v 1.0039 -3.6763 -0.50431
vn -0.0475093 -0.171492 0.984039
v 0.686 -3.73305 -1.06385
vn -0.0498563 -0.079585 0.995581
v 0.64059 -3.6082 -1.0535
vn 0.0164625 -0.0391579 0.999097
v 0.64059 -3.5174 -1.0546
vn 0.0208161 0.00296135 0.999779
v 0.64059 -3.45497 -1.0539
vn 0.0456687 0.00428881 0.998947
v 0.64059 -3.3585 -1.0547
vn 0.0544085 0.0217122 0.998283
v 0.674645 -3.66495 -1.05717
vn -0.0297801 -0.0769017 0.996594
v 0.674645 -3.62522 -1.05463
vn -0.00932173 -0.0302263 0.9995
v 0.73141 -3.60252 -1.05167
vn -0.127881 0.0291423 0.991361
v 0.7087 -3.61955 -1.0537
vn -0.089135 0.0248406 0.99571
v 0.674645 -3.57982 -1.05427
vn 0.0274735 0.0197761 0.999427
v 0.7087 -3.55145 -1.05555
vn 0.00110192 0.00385238 0.999992
v 0.7087 -3.48335 -1.05495
vn -0.00976143 0.00556743 0.999937
v 0.73141 -3.5401 -1.0534
vn -0.220016 -0.0189618 0.975312
v 0.75024 -3.5401 -0.94855
vn -0.92132 -0.0102415 -0.388671
v 0.734865 -3.5401 -0.891787
vn -0.969463 -0.0160044 -0.244715
v 0.73141 -3.4947 -1.0528
vn -0.240814 -0.00854958 0.970534
v 0.711543 -3.40957 -1.0573
vn 0.0108667 0.0296267 0.999502
v 0.73141 -3.46065 -1.0547
vn -0.0612076 0.0592017 0.996368
v 0.76947 -3.4947 -1.0394
vn -0.439239 0.0218997 0.898103
v 0.77682 -3.52035 -1.0391
vn -0.557303 -0.125393 0.820786
v 0.77682 -3.466 -1.0394
vn -0.431079 0.283603 0.856586
v 0.75411 -3.472 -1.0488
vn -0.416784 0.143794 0.89756
v 0.77682 -3.472 -1.0319
vn -0.715435 0.473385 0.513867
v 0.77682 -3.4493 -1.0493
vn -0.106444 0.437822 0.892738
v 0.75411 -3.4493 -1.0535
vn -0.200953 0.274969 0.940218
v 0.77682 -3.4266 -1.0564
vn 0.0125522 0.134279 0.990864
v 0.79952 -3.4594 -1.0394
vn -0.173652 0.820826 0.544141
v 0.810875 -3.4493 -1.0496
vn 0.0183259 0.508509 0.860862
v 0.82223 -3.4266 -1.0604
vn 0.0640996 0.232953 0.970373
v 0.79952 -3.4672 -1.0167
vn -0.0410522 0.9644 0.261243
v 0.82223 -3.47025 -1.0105
vn -0.00141474 0.956129 0.292943
v 0.77682 -3.4725 -0.99397
vn -0.567055 0.823678 -0.00193569
v 0.77682 -3.4947 -1.0107
vn -0.830959 0.334825 -0.444296
v 0.76458 -3.4947 -0.99397
vn -0.809937 0.569754 -0.139225
v 0.77682 -3.4814 -0.97126
vn -0.383681 0.87252 0.302484
v 0.7616 -3.4947 -0.97126
vn -0.655678 0.750335 0.0841611
v 0.8206 -3.472 -0.99397
vn 0.190966 0.930382 0.312922
v 0.79952 -3.4694 -0.99397
vn -0.0121409 0.967983 0.250723
v 0.73141 -3.3585 -1.0588
vn 0.0301768 0.0191686 0.999361
v 0.77682 -3.39255 -1.0571
vn 0.0388198 0.0203456 0.999039
v 0.82223 -3.3585 -1.061
vn 0.0669782 0.0117576 0.997685
v 0.77682 -3.3585 -1.0576
vn -0.00503487 0.0124265 0.99991
v 0.773615 -3.493 -0.94855
vn -0.387377 0.863199 0.32377
v 0.77682 -3.4981 -0.92585
vn -0.067293 0.941173 0.331158
v 0.79952 -3.4888 -0.94855
vn -0.0515549 0.940723 0.335234
v 0.79952 -3.4982 -0.92585
vn -0.0737631 0.881153 0.467042
v 0.82223 -3.5146 -0.90314
vn -0.160337 0.635 0.75569
v 0.84493 -3.4266 -1.0601
vn -0.0619082 0.41736 0.90663
v 0.84493 -3.508 -0.90314
vn -0.174928 0.53742 0.824973
v 0.86764 -3.5174 -0.89274
vn -0.173655 0.504513 0.84576
v 0.77682 -3.4493 -0.6988
vn 0.556851 0.830515 -0.0127468
v 0.83096 -3.5174 -0.74421
vn 0.64106 0.726815 -0.24654
v 0.86764 -3.4947 -0.71834
vn -0.206822 0.719367 -0.663126
v 0.86764 -3.4824 -0.6988
vn -0.13521 0.903791 -0.406055
v 0.93576 -3.5174 -0.73129
vn 0.131171 0.499164 -0.856522
v 0.77682 -3.4342 -0.58527
vn 0.0617822 0.795257 -0.603117
v 0.76039 -3.4493 -0.60798
vn -0.0516482 0.84844 -0.526766
v 0.77682 -3.4159 -0.56257
vn -0.0132355 0.846299 -0.532544
v 0.82223 -3.4201 -0.56257
vn 0.0412034 0.922206 -0.384497
v 0.77682 -3.4077 -0.53986
vn -0.108893 0.988992 0.100185
v 0.77682 -3.4205 -0.51716
vn -0.0504937 0.88187 0.468781
v 0.82223 -3.414 -0.53986
vn 0.0762791 0.993521 0.0842476
v 0.810875 -3.42343 -0.516312
vn 0.0651061 0.836436 0.544184
v 0.856285 -3.41695 -0.56257
vn -0.08566 0.928677 -0.360861
v 0.9017 -3.4114 -0.56257
vn -0.0918721 0.989786 -0.109012
v 0.873317 -3.4118 -0.53986
vn -0.0589416 0.990775 0.122029
v 0.878992 -3.42335 -0.51716
vn -0.016105 0.875531 0.482894
v 0.93576 -3.409 -0.53986
vn -0.0320591 0.968009 0.248859
v 0.77682 -3.6763 -0.4868
vn 0.31668 -0.21979 0.922717
v 0.78321 -3.699 -0.49445
vn 0.316539 -0.221718 0.922304
v 1.0947 -3.82915 -0.9015
vn 0.0270441 0.234777 0.971673
v 1.0947 -3.8126 -0.90686
vn 0.0417158 0.436826 0.898578
v 1.06135 -3.8126 -0.900325
vn 0.181326 0.291236 0.93931
v 1.0493 -3.7899 -0.90728
vn 0.217683 0.361501 0.906604
v 1.06065 -3.8353 -0.895665
vn 0.161127 0.200507 0.966351
v 1.1159 -3.81125 -0.902513
vn -0.369241 0.320448 0.872339
v 1.1228 -3.7899 -0.90314
vn -0.809077 0.380265 0.448099
v 1.1401 -3.7217 -0.94429
vn 0.485605 0.0441279 0.873064
v 1.1174 -3.7217 -0.93387
vn 0.356991 0.119042 0.926492
v 1.14315 -3.699 -0.946335
vn 0.446909 -0.167767 0.878707
v 1.1628 -3.7217 -0.95927
vn 0.529909 -0.0685159 0.845282
v 1.1628 -3.699 -0.95743
vn 0.477179 -0.158898 0.864321
v 1.2309 -3.7672 -0.96389
vn -0.358601 0.113183 0.926604
v 1.2763 -3.7217 -0.9477
vn 0.124376 0.27857 0.952328
v 1.2763 -3.699 -0.95653
vn 0.426169 0.413696 0.80451
v 1.299 -3.7672 -0.94229
vn -0.0187307 0.0216096 0.999591
v 1.3852 -3.8126 -0.99397
vn 0.443094 -0.0116608 0.896399
v 1.3672 -3.7899 -0.98533
vn 0.446568 0.18046 0.876362
v 1.4126 -3.7672 -0.98755
vn -0.994618 0.0163837 -0.102311
v 1.4099 -3.7672 -0.97126
vn -0.942373 0.109583 -0.316109
v 1.4013 -3.7899 -0.92585
vn -0.929694 -0.323549 -0.176027
v 1.0947 -3.6316 -0.90301
vn -0.400248 -0.316719 0.859936
v 1.1401 -3.6763 -0.93772
vn 0.28037 -0.18383 0.942125
v 1.1646 -3.6776 -0.94855
vn 0.389257 -0.293543 0.873105
v 1.1401 -3.6251 -0.94855
vn 0.429724 0.446182 0.785022
v 1.1153 -3.6309 -0.90314
vn 0.443116 0.0922079 0.891709
v 1.1174 -3.6082 -0.91731
vn 0.870231 0.24123 0.429542
v 1.1102 -3.6082 -0.90314
vn 0.578398 0.0446692 0.814531
v 1.072 -3.6006 -0.88044
vn 0.4275 -0.359552 0.829437
v 1.0847 -3.5855 -0.88044
vn 0.4275 -0.359552 0.829437
v 1.2607 -3.6536 -0.97126
vn 0.12099 0.444284 0.887679
v 1.2536 -3.6309 -0.98279
vn 0.0275131 0.464784 0.884997
v 1.2309 -3.6536 -0.96839
vn 0.107776 0.4674 0.877452
v 1.2082 -3.63475 -0.974835
vn 0.238363 0.572924 0.784182
v 1.5056 -3.69795 -0.99397
vn 0.0525663 0.665316 -0.744709
v 1.4903 -3.699 -0.99397
vn -0.091544 0.571064 -0.815785
v 1.072 -3.5855 -0.87434
vn 0.406829 -0.342166 0.847002
v 1.0953 -3.4493 -0.81232
vn -0.804127 -0.0521507 -0.592165
v 1.0957 -3.472 -0.809835
vn -0.804127 -0.0521507 -0.592165
v 1.1174 -3.42695 -0.811775
vn 0.316982 0.677668 -0.663543
v 1.0751 -3.472 -0.76691
vn -0.898211 0.0937674 -0.429447
v 1.1401 -3.4133 -0.76691
vn 0.310671 0.932677 -0.183294
v 1.1174 -3.4168 -0.78962
vn 0.103841 0.96212 -0.252074
v 1.1174 -3.4121 -0.76691
vn 0.0161434 0.999249 -0.035213
v 1.1401 -3.4132 -0.74421
vn 0.152846 0.970541 0.186246
v 1.1174 -3.4145 -0.74421
vn -0.0554925 0.96891 0.241109
v 1.1401 -3.42435 -0.718125
vn 0.00586668 0.863642 0.504072
v 1.1577 -3.4266 -0.7215
vn 0.3255 0.893378 0.309719
v 1.2082 -3.443 -0.74421
vn 0.361529 0.806109 -0.468493
v 1.2309 -3.4539 -0.7215
vn 0.672939 0.662187 -0.329637
v 1.2536 -3.4627 -0.6988
vn 0.59898 0.724861 -0.340293
v 1.3131 -3.4947 -0.78962
vn -0.490699 0.3058 -0.815905
v 1.2763 -3.5054 -0.74421
vn -0.811707 0.548249 -0.20138
v 1.2763 -3.5174 -0.75482
vn -0.884627 0.308869 -0.349336
v 1.15145 -3.47222 -0.60742
vn 0.0254331 0.871086 -0.490471
v 1.19685 -3.4791 -0.63068
vn -0.00496358 0.999044 -0.0434244
v 1.2309 -3.4759 -0.60798
vn 0.0279459 0.946831 -0.320515
v 1.1628 -3.4493 -0.5892
vn 0.127689 0.57403 -0.808817
v 1.15145 -3.4266 -0.576735
vn 0.117268 0.555825 -0.822986
v 1.0947 -3.4266 -0.58284
vn 0.083607 0.519 -0.850676
v 1.0039 -3.7217 -0.50286
vn 0.166627 0.163628 0.972348
v 1.2763 -3.71035 -0.485455
vn -0.367743 -0.171575 0.913962
v 1.2763 -3.6763 -0.48014
vn -0.315337 -0.015466 0.948854
v 1.2763 -3.64225 -0.481985
vn -0.192593 0.0802521 0.977992
v 1.299 -3.6082 -0.48073
vn -0.20284 0.0135297 0.979118
v 1.3217 -3.6536 -0.47144
vn -0.248202 0.164281 0.954677
v 1.3217 -3.6763 -0.46802
vn -0.262274 0.0652136 0.962787
v 1.299 -3.6309 -0.48063
vn -0.173937 0.0991837 0.979749
v 1.3217 -3.6309 -0.47541
vn -0.236839 0.0697584 0.969041
v 1.3241 -3.5855 -0.47175
vn -0.355231 0.0446193 0.933713
v 1.299 -3.5855 -0.4801
vn -0.189153 0.164986 0.967988
v 0.686 -3.77855 -1.0645
vn 0.0745289 0.0358403 0.996575
v 0.70703 -3.7558 -1.0623
vn -0.148029 -0.0410364 0.988131
v 0.7087 -4.0169 -1.0536
vn 0.048378 -0.00549474 0.998814
v 0.73141 -4.0169 -1.0549
vn -0.000544676 0.0104572 0.999945
v 0.66329 -3.9034 -1.0559
vn 0.00563111 0.0986009 0.995111
v 0.7087 -3.9261 -1.054
vn 0.0078512 0.0889836 0.996002
v 0.7087 -3.85233 -1.06122
vn -0.0144609 0.07642 0.996971
v 0.73141 -3.8807 -1.05735
vn -0.0766799 0.0725277 0.994414
v 0.75411 -3.76148 -1.0533
vn -0.195209 -0.0617005 0.978819
v 0.7087 -3.71035 -1.05825
vn -0.166257 -0.0988929 0.981111
v 0.720055 -3.66495 -1.0526
vn -0.120139 -0.0405231 0.99193
v 0.79952 -3.54235 -0.88303
vn 0.147813 0.730203 0.66705
v 0.79045 -3.5401 -0.88044
vn 0.689335 0.675704 0.26123
v 0.82223 -3.5401 -0.88609
vn -0.046941 0.578408 0.814396
v 0.75411 -3.5101 -0.94855
vn -0.806283 0.591359 0.0141941
v 0.75547 -3.5174 -0.96699
vn -0.938587 0.238438 -0.249401
v 0.75016 -3.5174 -0.94855
vn -0.818259 0.562657 -0.117772
v 0.75411 -3.5087 -0.92585
vn -0.486556 0.870343 0.0759412
v 0.84493 -3.4039 -1.0612
vn -0.0792822 0.00659638 0.99683
v 0.84493 -3.3585 -1.0602
vn -0.0715927 -0.00810877 0.997401
v 0.64059 -4.0314 -0.65339
vn -0.0453566 0.975586 -0.214884
v 0.64059 -4.0283 -0.63068
vn -0.0387329 0.999249 -0.000890137
v 0.64059 -4.0302 -0.60798
vn -0.0392443 0.989896 0.136254
v 0.957805 -3.7217 -0.835395
vn 0.526677 0.286271 0.800413
v 0.66329 -4.037 -0.67609
vn -0.0383943 0.936347 -0.348971
v 0.69735 -4.02825 -0.65339
vn -0.00922887 0.980138 -0.198102
v 0.7087 -4.0363 -0.67609
vn 0.0421232 0.924707 -0.378341
v 0.73141 -4.0293 -0.65339
vn 0.0783896 0.954073 -0.289136
v 0.674645 -4.02665 -0.63068
vn -0.0297426 0.999525 -0.00810503
v 0.674645 -4.02955 -0.60798
vn -0.00370286 0.98387 0.178847
v 0.74276 -4.02765 -0.63068
vn 0.0634804 0.996881 -0.046896
v 0.720055 -4.03025 -0.60798
vn -0.0201515 0.978985 0.202932
v 0.64059 -4.0356 -0.58527
vn -0.0185976 0.974296 0.224502
v 0.7087 -4.0363 -0.58527
vn -0.0454608 0.985567 0.163068
v 0.73141 -4.0375 -0.56257
vn -0.0852983 0.993238 0.0787524
v 0.77682 -4.031 -0.58527
vn -0.10594 0.984561 0.13934
v 0.77682 -4.0336 -0.56257
vn -0.10418 0.99305 0.0547471
v 0.73141 -4.0371 -0.53986
vn -0.081537 0.996545 -0.0157739
v 0.82223 -3.81415 -0.51889
vn -0.0572899 0.688297 0.723163
v 0.79952 -3.8126 -0.52598
vn -0.155582 0.735704 0.659192
v 0.84493 -3.81355 -0.518345
vn -0.0826123 0.648071 0.757086
v 0.86764 -3.8126 -0.51843
vn -0.00126067 0.530628 0.847604
v 0.82223 -3.7899 -0.53706
vn -0.00642223 0.58655 0.809888
v 0.84493 -3.7899 -0.53688
vn -0.175472 0.570561 0.80229
v 0.86764 -3.7899 -0.52551
vn -0.285083 0.262688 0.921804
v 0.88903 -3.7899 -0.51716
vn -0.375705 -0.0948707 0.921871
v 0.89035 -3.8126 -0.51595
vn -0.287067 0.38674 0.87637
v 0.84493 -3.7819 -0.53986
vn -0.424744 0.316011 0.848369
v 0.88169 -3.7672 -0.51716
vn -0.382084 -0.132292 0.914609
v 0.79952 -3.5539 -0.85773
vn 0.377946 0.917496 0.123927
v 0.91305 -3.699 -0.82065
vn 0.329632 0.306375 0.893016
v 0.76607 -3.4947 -0.85773
vn 0.709567 0.6856 -0.162688
v 0.9017 -3.5174 -0.73322
vn -0.0306717 0.435501 -0.899666
v 1.01525 -3.40945 -0.53986
vn -0.00356122 0.963777 0.266687
v 0.86764 -3.8399 -0.49445
vn 0.527259 0.682699 0.505885
v 0.86764 -3.8353 -0.49955
vn 0.187732 0.605649 0.77327
v 0.8606 -3.8353 -0.49445
vn 0.201926 0.755066 0.623779
v 0.86764 -3.858 -0.46391
vn 0.254157 0.838806 0.481464
v 0.84493 -3.8481 -0.47175
vn 0.209099 0.803007 0.558084
v 0.84493 -3.8353 -0.4893
vn 0.190131 0.793202 0.578516
v 0.88222 -3.846 -0.50523
vn 0.627485 0.578184 0.521504
v 0.89413 -3.8353 -0.49445
vn -0.821284 0.44929 0.351612
v 0.89035 -3.8353 -0.50313
vn -0.439941 0.481659 0.75793
v 0.89035 -3.8555 -0.51716
vn -0.9407 -0.181628 0.286521
v 0.913885 -3.8126 -0.49548
vn -0.575723 0.709207 0.4069
v 0.89035 -3.7444 -0.50895
vn -0.445358 -0.239101 0.862836
v 0.86764 -3.7313 -0.51716
vn -0.41549 -0.342789 0.842534
v 0.89035 -3.7217 -0.50189
vn -0.458913 -0.263861 0.848396
v 0.75411 -3.6997 -0.49445
vn -0.276896 -0.198318 0.940212
v 0.77682 -3.699 -0.49122
vn -0.0636469 -0.181052 0.981412
v 1.0266 -3.8353 -0.88887
vn 0.210696 0.26469 0.941035
v 1.0493 -3.858 -0.88938
vn 0.227664 0.179601 0.957033
v 1.072 -3.858 -0.89541
vn 0.156631 0.126857 0.979476
v 1.0947 -3.858 -0.89622
vn 0.0053297 0.127838 0.991781
v 0.99102 -3.8353 -0.88044
vn 0.201976 0.353833 0.91324
v 1.1174 -3.8807 -0.8923
vn -0.116998 0.171509 0.978211
v 1.1174 -3.858 -0.89628
vn -0.118035 0.110207 0.986875
v 1.1401 -3.858 -0.89079
vn -0.233701 0.10791 0.966302
v 1.1174 -3.8353 -0.89737
vn -0.345998 0.0863275 0.934255
v 1.1322 -3.8126 -0.88044
vn -0.719609 0.115805 0.684654
v 1.1401 -3.8353 -0.87806
vn -0.530554 -0.277806 0.800835
v 1.1401 -3.7917 -0.881535
vn -0.465681 0.474414 0.747043
v 1.1628 -3.79065 -0.88102
vn -0.0389274 0.615903 0.78686
v 1.1628 -3.7699 -0.92585
vn 0.372416 0.870849 0.320824
v 1.1785 -3.7672 -0.94855
vn 0.497717 0.550467 0.670272
v 1.1564 -3.7672 -0.90314
vn 0.271551 0.921763 0.27679
v 1.3217 -3.8353 -0.98041
vn -0.13114 -0.317712 0.939075
v 1.3217 -3.809 -0.97126
vn -0.0598782 -0.227189 0.972008
v 1.3217 -3.7816 -0.94855
vn -0.00210162 -0.159059 0.987267
v 1.0947 -3.5855 -0.94853
vn 0.710791 0.54727 -0.441895
v 1.1401 -3.8126 -0.87666
vn -0.431438 0.0289 0.90168
v 1.0493 -3.7444 -0.51459
vn -0.100776 -0.0244284 0.994609
v 1.0493 -3.7672 -0.51515
vn -0.100776 -0.0244284 0.994609
v 1.072 -3.7672 -0.51285
vn -0.157886 -0.0683942 0.985086
v 1.1628 -3.7848 -0.49445
vn 0.131627 -0.141349 0.98117
v 1.1855 -3.7899 -0.49823
vn 0.131627 -0.141349 0.98117
v 1.1817 -3.7672 -0.49445
vn 0.243596 -0.074495 0.967012
v 1.1628 -3.7672 -0.48925
vn 0.100134 -0.12153 0.987524
v 1.1628 -3.7444 -0.48643
vn 0.13799 -0.121575 0.982944
v 1.22705 -3.8353 -0.492085
vn -0.621315 0.0402419 0.782526
v 1.2139 -3.858 -0.51716
vn -0.650432 -0.421 0.632216
v 1.2309 -3.8552 -0.49445
vn -0.705836 -0.396091 0.587288
v 1.1855 -3.8126 -0.50463
vn -0.220515 -0.221768 0.949838
v 1.2082 -3.8353 -0.50466
vn -0.371277 -0.211114 0.904204
v 1.2082 -3.8126 -0.49936
vn -0.371277 -0.211114 0.904204
v 1.2306 -3.8126 -0.49445
vn -0.240241 0.360792 0.901173
v 1.2536 -3.8084 -0.491815
vn -0.241076 0.531142 0.812263
v 1.2763 -3.8238 -0.47175
vn -0.294573 0.586535 0.754456
v 1.29425 -3.7899 -0.49321
vn -0.254736 0.290024 0.922494
v 1.2082 -3.7672 -0.50432
vn 0.357457 0.0390212 0.933114
v 1.2082 -3.7444 -0.50594
vn 0.328549 0.0269859 0.944101
v 1.2309 -3.7672 -0.50839
vn 0.17605 0.0697669 0.981906
v 1.2763 -3.7672 -0.50059
vn -0.204528 -0.103356 0.973389
v 1.27665 -3.7442 -0.49445
vn -0.253098 -0.245586 0.93575
v 1.2309 -3.7217 -0.50788
vn -0.138483 -0.165488 0.976441
v 1.2536 -3.70925 -0.49711
vn -0.420473 -0.198472 0.885331
v 1.299 -3.7498 -0.49445
vn -0.0632536 -0.257704 0.964151
v 1.3217 -3.7899 -0.48038
vn -0.425869 0.350595 0.834098
v 1.299 -3.7444 -0.49015
vn -0.184863 -0.266944 0.945815
v 1.299 -3.7217 -0.48053
vn -0.288076 -0.239702 0.927122
v 1.299 -3.699 -0.47429
vn -0.285379 -0.128983 0.949696
v 1.3217 -3.699 -0.46853
vn -0.259608 -0.181619 0.948482
v 1.328 -3.6309 -0.47175
vn -0.893384 0.074786 0.443027
v 1.3254 -3.6082 -0.47175
vn -0.809112 -0.0890975 0.58086
v 1.3217 -3.5401 -0.48561
vn -0.348111 0.165885 0.92266
v 1.339 -3.5401 -0.47175
vn -0.605091 0.135749 0.784498
v 1.3316 -3.6307 -0.45548
vn -0.971568 0.082467 0.221932
v 1.3217 -3.9302 -0.97126
vn -0.232793 0.156629 0.959831
v 1.299 -3.9261 -0.97346
vn -0.00567101 0.125258 0.992108
v 1.299 -3.858 -0.9832
vn 0.0273389 0.137421 0.990135
v 1.2763 -3.90345 -0.971265
vn 0.473641 0.233288 0.849259
v 1.3217 -3.89205 -0.9765
vn -0.135533 0.14907 0.979494
v 1.3444 -3.8957 -0.97126
vn -0.200139 0.146573 0.968742
v 1.3115 -3.9488 -0.97126
vn -0.2936 0.310033 0.904256
v 1.3217 -3.9715 -0.9571
vn -0.338374 0.430018 0.837011
v 1.3444 -3.96955 -0.94648
vn -0.412283 0.520196 0.747943
v 1.3444 -3.9488 -0.95895
vn -0.279751 0.278613 0.918757
v 1.3672 -3.9261 -0.95993
vn -0.22599 0.278592 0.933442
v 1.3672 -3.9034 -0.96698
vn -0.165393 0.232138 0.958518
v 1.1907 -3.7861 -0.92585
vn 0.581959 0.79501 0.171121
v 1.1855 -3.7816 -0.90314
vn 0.512678 0.858043 0.030374
v 1.2763 -3.858 -0.9792
vn 0.180308 0.163644 0.969902
v 1.3217 -3.858 -0.98144
vn -0.133507 0.0586176 0.989313
v 1.299 -3.8353 -0.9838
vn -0.123524 -0.120486 0.985
v 1.3444 -3.858 -0.97626
vn -0.21496 0.0625419 0.974618
v 1.2082 -3.7938 -0.94855
vn 0.529539 0.570191 0.628069
v 1.2214 -3.8126 -0.94855
vn 0.697023 0.427385 0.575762
v 1.2309 -3.7899 -0.95829
vn 0.159303 0.234131 0.959065
v 1.2082 -3.8021 -0.92585
vn 0.745758 0.656473 0.113525
v 1.2166 -3.8126 -0.92585
vn 0.770437 0.616349 0.162914
v 1.2082 -3.8005 -0.90314
vn 0.575075 0.691017 0.437932
v 1.1978 -3.7899 -0.90314
vn 0.657965 0.722392 0.212678
v 1.2082 -3.8184 -0.88044
vn 0.588597 0.583579 0.559454
v 1.1855 -3.7991 -0.88044
vn 0.401091 0.512427 0.759305
v 1.1855 -3.7899 -0.88906
vn 0.572861 0.649146 0.50044
v 1.2082 -3.7672 -0.9634
vn 0.26208 0.401875 0.877389
v 1.0885 -3.472 -0.78962
vn -0.895832 -0.0947158 -0.434183
v 1.072 -3.4947 -0.75838
vn -0.830972 -0.109637 -0.545404
v 1.072 -3.5174 -0.74967
vn -0.774457 -0.192833 -0.602521
v 1.0947 -3.4947 -0.77903
vn -0.816129 -0.423269 -0.393416
v 1.0806 -3.4947 -0.76691
vn -0.69418 -0.168195 -0.699875
v 1.5034 -4.0169 -1.0524
vn 0.00968856 0.021139 0.99973
v 1.458 -4.0169 -1.0507
vn 0.0519006 -0.0226391 0.998396
v 1.5034 -3.9488 -1.0517
vn 0.0756084 0.00838137 0.997102
v 1.458 -3.96015 -1.04905
vn 0.0615482 -0.016484 0.997968
v 1.4807 -3.9715 -1.0505
vn 0.0588927 -0.0342808 0.997676
v 1.5034 -3.9261 -1.0538
vn 0.145051 0.113659 0.982874
v 1.4807 -3.9034 -1.0524
vn 0.193802 0.0818283 0.977622
v 1.0493 -3.6309 -0.92974
vn -0.0482261 0.136006 0.989534
v 1.0493 -3.603 -0.88044
vn -0.605389 -0.727239 0.323462
v 1.1628 -3.8353 -0.86787
vn -0.378962 -0.379093 0.844201
v 1.299 -3.5174 -0.77209
vn -0.543614 -0.011973 -0.83925
v 0.72438 -3.699 -0.88044
vn -0.988674 -0.0766715 -0.12902
v 0.73141 -3.699 -0.90201
vn -0.879403 -0.018838 -0.475704
v 0.73141 -3.7217 -0.89241
vn -0.955414 -0.167755 -0.242985
v 0.72991 -3.7217 -0.88044
vn -0.903345 -0.421387 0.0799989
v 0.849725 -3.858 -1.01865
vn -0.412781 -0.00373678 0.910823
v 0.86764 -3.858 -1.0112
vn -0.386099 0.0517057 0.921007
v 0.846265 -3.73525 -1.0167
vn -0.720392 -0.110341 0.684734
v 0.85945 -3.7217 -0.99397
vn -0.828471 -0.122931 0.546374
v 0.85581 -3.699 -0.99397
vn -0.847017 -0.189149 0.496775
v 0.83355 -3.6536 -1.0167
vn -0.869199 -0.152357 0.470404
v 0.7286 -3.6763 -0.88044
vn -0.944923 0.296847 -0.137852
v 0.73141 -3.6763 -0.89536
vn -0.906267 0.18551 -0.379824
v 0.74801 -3.6763 -0.92585
vn -0.887309 0.0133316 -0.460983
v 0.75411 -3.6763 -0.93278
vn -0.788767 -0.0753814 -0.610053
v 0.75411 -3.699 -0.9265
vn -0.733109 -0.175194 -0.65716
v 0.75411 -3.6309 -0.93541
vn -0.834513 -0.0668861 -0.546913
v 0.74124 -3.6536 -0.90314
vn -0.951708 0.151585 -0.266971
v 0.73779 -3.6536 -0.88044
vn -0.978082 0.207576 -0.01637
v 0.74214 -3.6309 -0.90314
vn -0.975869 0.0386895 -0.2149
v 0.73922 -3.6309 -0.88044
vn -0.999657 0.0201639 -0.0167307
v 0.75973 -3.5855 -0.94855
vn -0.701038 -0.123838 -0.702289
v 0.75411 -3.5855 -0.94294
vn -0.758993 -0.110059 -0.64173
v 0.754512 -3.56 -0.947975
vn -0.789039 -0.173613 -0.589301
v 0.83668 -3.6309 -0.99397
vn -0.927476 -0.192848 0.320311
v 0.73141 -3.7083 -0.85773
vn -0.952428 -0.230355 0.199542
v 0.730905 -3.6082 -0.837205
vn -0.900736 -0.42519 -0.088814
v 0.74048 -3.6536 -0.85773
vn -0.958992 -0.0379557 0.280881
v 0.75411 -3.6763 -0.83841
vn -0.507056 -0.129957 0.852059
v 0.75479 -3.65275 -0.83503
vn -0.536626 -0.23287 0.811051
v 0.77682 -3.6705 -0.83503
vn -0.103823 -0.165051 0.980805
v 0.77682 -3.6763 -0.83659
vn -0.0771609 -0.258956 0.962802
v 0.74011 -3.6309 -0.85773
vn -0.988564 -0.149197 0.0219633
v 0.73669 -3.6082 -0.85773
vn -0.976177 -0.147072 -0.159526
v 0.73812 -3.6082 -0.88044
vn -0.995011 -0.0990635 -0.0118314
v 0.74404 -3.6309 -0.83503
vn -0.905695 -0.344898 0.2465
v 0.75411 -3.6414 -0.81232
vn -0.809392 -0.56766 0.150489
v 0.76623 -3.6536 -0.81232
vn -0.674518 -0.670102 0.309821
v 0.730215 -3.61015 -0.81232
vn -0.872144 -0.488198 0.0320422
v 0.73141 -3.6055 -0.78962
vn -0.903811 -0.389598 0.17703
v 0.72172 -3.6082 -0.7215
vn -0.94854 -0.0752862 -0.307579
v 0.73141 -3.6141 -0.74421
vn -0.932963 -0.114435 -0.341298
v 0.712495 -3.6309 -0.687333
vn -0.956273 -0.0450132 -0.28899
v 0.72591 -3.6309 -0.7215
vn -0.906876 -0.167395 -0.386723
v 0.73141 -3.5855 -0.75203
vn -0.945249 -0.0638673 -0.320041
v 0.70434 -3.6309 -0.65339
vn -0.966339 -0.0540642 -0.251526
v 1.072 -3.6309 -0.93217
vn 0 0.288183 0.957575
v 0.86764 -3.8807 -1.012
vn -0.410172 -0.0445349 0.91092
v 0.88457 -3.8126 -0.99397
vn -0.741826 -0.00886313 0.670534
v 0.86764 -3.8126 -1.0127
vn -0.741826 -0.00886313 0.670534
v 0.86764 -3.8353 -1.013
vn -0.741826 -0.00886313 0.670534
v 0.79952 -3.57415 -1.0284
vn -0.616261 -0.179114 0.766903
v 0.820858 -3.59478 -1.0167
vn -0.606513 -0.170114 0.776662
v 0.81022 -3.5628 -1.0167
vn -0.573202 -0.21413 0.790941
v 1.0493 -3.5628 -0.87479
vn 0.173789 0.220121 0.959867
v 1.3217 -3.7217 -0.47667
vn -0.154256 -0.391509 0.907153
v 0.86356 -3.7444 -0.99397
vn -0.883011 -0.147468 0.445583
v 0.85077 -3.7672 -1.0167
vn -0.701546 -0.0616674 0.709951
v 0.86191 -3.7217 -0.97126
vn -0.978459 -0.177158 0.105989
v 0.74892 -3.6309 -0.92585
vn -0.925857 -0.0687519 -0.371567
v 0.76502 -3.6082 -0.94855
vn -0.661675 -0.131727 -0.738129
v 0.73936 -3.6082 -0.90314
vn -0.991203 -0.0105911 -0.131922
v 0.744135 -3.57415 -0.92585
vn -0.928978 -0.0444882 -0.367452
v 0.77682 -3.5708 -0.97126
vn -0.772208 -0.222058 -0.595303
v 0.74052 -3.5628 -0.90314
vn -0.98321 -0.0530092 -0.174609
v 0.73887 -3.5855 -0.88044
vn -0.978761 -0.0524809 -0.198172
v 0.82223 -3.64792 -1.02473
vn -0.593047 -0.117183 0.796595
v 0.844705 -3.6542 -0.99397
vn -0.939819 -0.307446 0.149056
v 0.73141 -3.5932 -0.85773
vn -0.892368 -0.259265 -0.369406
v 0.73141 -3.5628 -0.87355
vn -0.900929 -0.107264 -0.420502
v 1.1503 -3.858 -0.88044
vn -0.526214 -0.171444 0.83289
v 1.1628 -3.858 -0.86968
vn -0.312823 -0.0754946 0.946806
v 1.1855 -3.8353 -0.867
vn 0.0545221 0.215323 0.97502
v 1.1628 -3.8126 -0.87271
vn -0.0804218 0.239058 0.967669
v 1.2309 -3.8468 -0.88044
vn 0.47532 0.355072 0.804981
v 1.2082 -3.858 -0.86269
vn 0.347935 0.397855 0.848913
v 1.3206 -3.7672 -0.49445
vn -0.258962 0.300663 0.9179
v 1.4126 -3.7725 -0.97126
vn -0.806282 -0.491285 -0.329467
v 1.4353 -3.7484 -0.99397
vn -0.0315745 -0.217197 0.975617
v 1.4807 -3.7217 -0.98099
vn -0.660092 -0.349667 -0.664839
v 1.4807 -3.7402 -0.97126
vn -0.660092 -0.349667 -0.664839
v 1.4126 -3.7899 -0.94298
vn -0.764962 -0.528024 -0.368814
v 1.072 -3.5268 -0.74421
vn -0.655728 -0.313918 -0.686641
v 1.0493 -3.5316 -0.7215
vn -0.695401 -0.242811 -0.676358
v 0.89035 -3.8344 -0.994225
vn -0.686987 -0.0730211 0.722991
v 0.74586 -3.6309 -0.78962
vn -0.830876 -0.555759 0.0278681
v 0.7276 -3.5628 -0.74421
vn -0.952705 -0.0570782 -0.298487
v 1.2309 -3.858 -0.87335
vn 0.368812 0.497166 0.785368
v 1.2536 -3.8439 -0.47175
vn -0.506761 0.328147 0.797191
v 1.2591 -3.8353 -0.47175
vn -0.495239 0.39381 0.774372
v 0.77682 -3.7088 -0.49445
vn -0.124454 -0.310589 0.942362
v 1.4353 -3.7263 -0.99397
vn -0.329614 0.836354 0.438026
v 0.730135 -3.699 -0.855545
vn -0.728359 -0.0703095 0.681579
v 0.731455 -3.6763 -0.85778
vn -0.865578 0.142648 0.480027
v 0.75411 -3.699 -0.8456
vn -0.406323 -0.275907 0.871078
v 0.79952 -3.6763 -0.83804
vn 0.307858 0.00632483 0.951411
v 0.7879 -3.6536 -0.83503
vn 0.347842 0.0539471 0.936
v 0.79952 -3.6536 -0.84444
vn 0.614747 0.214027 0.75913
v 0.7087 -3.6536 -0.58639
vn -0.983495 -0.174082 -0.0493239
v 0.7087 -3.6611 -0.56257
vn -0.982382 -0.17814 -0.0565025
v 0.70999 -3.6536 -0.60798
vn -0.972436 -0.23206 -0.0227307
v 0.76896 -3.5174 -0.99397
vn -0.973839 -0.187903 -0.127787
v 0.76179 -3.5401 -0.97126
vn -0.932835 -0.203826 -0.297108
v 0.720705 -3.50605 -0.63068
vn -0.94022 0.329082 0.0876962
v 1.1174 -3.472 -0.82911
vn -0.629467 -0.0388219 -0.776057
v 1.1855 -3.475 -0.65339
vn -0.00865446 0.983288 0.181849
v 1.2536 -3.479 -0.63068
vn -0.0377377 0.981631 -0.187018
v 1.0493 -3.5423 -0.88158
vn 0.248737 0.440997 0.862352
v 1.0493 -3.5855 -0.87335
vn -0.323449 0.0599051 0.944347
v 0.79783 -3.5174 -1.0167
vn -0.755819 -0.349438 0.553743
v 0.80237 -3.5401 -1.0167
vn -0.673015 -0.198895 0.712384
v 0.64059 -4.0362 -0.51716
vn 0.00484784 0.992875 -0.119059
v 0.686 -4.0375 -0.51716
vn 0.0204129 0.993298 -0.113768
v 0.73141 -3.4947 -0.60637
vn -0.902364 0.388291 0.187
v 0.71278 -3.5401 -0.58527
vn -0.886814 0.446478 0.119238
v 0.71554 -3.5401 -0.56257
vn -0.894144 0.388486 0.222675
v 0.77682 -4.0283 -0.63068
vn 0.0125287 0.948228 -0.317342
v 0.79952 -4.0362 -0.65339
vn 0.0125287 0.948228 -0.317342
v 0.765465 -4.03435 -0.65339
vn 0.0813679 0.945699 -0.314696
v 1.1174 -3.44535 -0.695155
vn -0.0807984 0.757424 0.647905
v 1.1174 -3.4266 -0.71699
vn -0.0942477 0.851966 0.515045
v 1.22645 -3.472 -0.652795
vn -0.0420263 0.946648 0.319518
v 1.1628 -3.7899 -0.49686
vn -0.0678911 -0.363933 0.928948
v 1.2309 -3.4566 -0.6988
vn 0.182134 0.935789 0.301871
v 1.21555 -3.4465 -0.7215
vn 0.249352 0.950804 0.183835
v 1.2082 -3.4493 -0.70884
vn 0.202028 0.950871 0.234584
v 1.1855 -3.439 -0.7215
vn 0.258792 0.949655 0.176587
v 0.79952 -3.61955 -1.0341
vn -0.509436 -0.0941458 0.855343
v 0.73609 -3.4947 -0.58527
vn -0.900337 0.406934 0.154269
v 0.856285 -4.0169 -1.05135
vn 0.0315087 -0.00808688 0.999471
v 0.9017 -4.0169 -1.04815
vn -0.200997 -0.13308 0.97051
v 0.82223 -3.5855 -1.0096
vn -0.911055 -0.205309 0.357529
v 0.83084 -3.6082 -0.99397
vn -0.971882 -0.219485 0.0852785
v 0.82223 -3.6309 -0.97538
vn -0.783103 -0.127374 -0.608707
v 0.82223 -3.6082 -0.98013
vn -0.804038 -0.163246 -0.571729
v 0.84493 -4.029 -0.65339
vn -0.13989 0.782665 -0.60652
v 0.765465 -4.02805 -0.60798
vn -0.0544921 0.997613 0.0424027
v 0.79952 -4.0249 -0.63068
vn -0.178829 0.939062 -0.29357
v 0.84001 -4.0157 -0.63068
vn -0.253423 0.877345 -0.407484
v 0.77682 -3.5313 -0.99397
vn -0.709691 -0.360797 -0.605114
v 0.77682 -3.5628 -0.97564
vn -0.715427 -0.357918 -0.600049
v 0.79952 -3.5408 -0.99397
vn -0.850162 -0.516917 0.100104
v 0.79952 -3.5401 -1.0151
vn -0.90484 -0.425519 -0.0140966
v 0.81902 -3.56985 -0.99397
vn -0.892158 -0.443421 -0.0862098
v 0.77682 -3.5174 -0.99934
vn -0.719406 -0.233123 -0.6543
v 0.79952 -4.0229 -0.60798
vn -0.253741 0.964977 0.0665927
v 0.7087 -4.0364 -0.51716
vn -0.0543363 0.99266 -0.108049
v 0.73141 -4.0349 -0.51716
vn -0.0252457 0.99854 -0.0477474
v 0.79952 -4.0305 -0.56257
vn -0.183503 0.976642 0.111786
v 0.82223 -4.0199 -0.58527
vn -0.308754 0.934991 0.174534
v 0.77682 -4.0346 -0.51716
vn -0.110854 0.993563 0.0233312
v 0.79952 -4.0297 -0.51716
vn -0.186098 0.982529 0.0021265
v 0.8779 -4.0169 -0.65339
vn -0.325147 0.714127 -0.619921
v 0.91305 -4.0169 -0.6679
vn -0.298723 0.59431 -0.7467
v 0.91985 -3.9942 -0.65339
vn -0.402146 0.67182 -0.622043
v 0.86764 -4.0075 -0.63068
vn -0.318504 0.858802 -0.401266
v 0.84493 -4.011 -0.60798
vn -0.238669 0.968769 -0.0672626
v 0.89479 -3.9942 -0.63068
vn -0.423118 0.774198 -0.470731
v 0.83162 -4.0169 -0.58527
vn -0.237847 0.961308 0.138979
v 0.66329 -4.0348 -0.49445
vn -0.019673 0.993321 -0.11369
v 0.7087 -4.0331 -0.49445
vn -0.0630654 0.987639 -0.143502
v 1.0493 -3.577 -0.92585
vn -0.0296375 -0.0465434 0.998477
v 0.8758 -3.7899 -0.99397
vn -0.831155 -0.144301 0.536991
v 0.86764 -3.7899 -1.0066
vn -0.831155 -0.144301 0.536991
v 0.82614 -3.6536 -0.97126
vn -0.746847 -0.280086 -0.603135
v 0.64059 -4.0357 -0.47175
vn -0.0269092 0.987252 0.156876
v 0.73294 -3.699 -0.51716
vn -0.683014 -0.32396 0.654631
v 0.817408 -3.77855 -1.03877
vn -0.520814 0.0407482 0.852697
v 0.819665 -3.7444 -1.038
vn -0.524399 -0.067635 0.848782
v 0.82223 -3.71035 -1.03275
vn -0.60728 -0.102052 0.787906
v 0.80579 -3.7059 -1.0394
vn -0.386148 -0.120928 0.914476
v 0.85891 -3.8126 -1.0167
vn -0.524563 -0.0871093 0.846904
v 0.84493 -3.7899 -1.0216
vn -0.413244 0.0206833 0.910386
v 0.891925 -3.8807 -0.99558
vn -0.69231 -0.0654161 0.718629
v 0.86764 -3.7672 -0.9959
vn -0.744535 -0.284639 0.60386
v 0.79952 -3.66495 -1.037
vn -0.325585 -0.073565 0.942646
v 0.781435 -3.57415 -1.0394
vn -0.463719 -0.0900556 0.881394
v 1.458 -3.7444 -0.96359
vn -0.460587 -0.0378921 -0.886805
v 1.0633 -3.5855 -0.92585
vn -0.641804 0.162753 0.749399
v 1.2082 -3.8728 -0.85773
vn 0.406764 0.290288 0.866185
v 1.2082 -3.858 -0.52777
vn -0.675568 -0.641784 0.362935
v 1.18805 -3.8353 -0.519605
vn -0.48457 -0.546093 0.683356
v 0.91305 -3.9999 -1.0394
vn -0.423914 -0.462632 0.778633
v 0.89035 -3.9715 -1.0334
vn -0.416124 -0.457687 0.785725
v 0.89035 -3.98835 -1.04175
vn -0.275685 -0.380111 0.882901
v 0.87172 -3.96805 -1.0394
vn -0.34882 -0.364653 0.863338
v 0.89035 -3.9428 -1.0167
vn -0.543469 -0.426392 0.723071
v 0.87856 -3.9261 -1.0167
vn -0.452276 -0.299632 0.84004
v 0.86733 -3.90475 -1.01653
vn -0.463928 -0.206961 0.861359
v 0.84493 -3.8807 -1.023
vn -0.461689 -0.119539 0.87895
v 0.97424 -3.9942 -0.88044
vn -0.952431 0.140137 0.270624
v 0.966025 -3.9942 -0.914495
vn -0.982304 -0.0185584 0.186369
v 0.9709 -4.0169 -0.88044
vn -0.825789 0.515212 0.229411
v 0.81037 -3.858 -1.0394
vn -0.46516 -0.113021 0.877982
v 0.823655 -3.89945 -1.0394
vn -0.470973 -0.194544 0.860428
v 0.82223 -3.8353 -1.0307
vn -0.43286 -0.00198592 0.901459
v 0.85505 -3.699 -0.97126
vn -0.986848 -0.158243 -0.0330236
v 0.95846 -4.0362 -0.85773
vn -0.696147 0.694509 0.181759
v 0.95846 -4.0324 -0.88044
vn -0.731996 0.671968 0.112436
v 0.98117 -4.0148 -0.85602
vn -0.769891 0.488495 0.410659
v 1.0039 -4.0169 -0.82285
vn -0.641882 0.596202 0.482214
v 1.0039 -4.0261 -0.81232
vn -0.607924 0.597926 0.52241
v 0.98117 -4.0307 -0.83503
vn -0.626839 0.639071 0.445714
v 0.64059 -4.0341 -0.49445
vn 0 0.999939 -0.0110146
v 1.0116 -4.0169 -0.81232
vn -0.668872 0.559808 0.489107
v 1.5034 -4.0253 -0.60798
vn -0.0728183 0.962076 0.262881
v 1.4807 -4.0264 -0.60798
vn 0.00798098 0.979697 0.200327
v 0.841589 -3.93493 -1.03975
vn -0.411635 -0.249754 0.876459
v 0.89035 -3.5206 -0.88239
vn -0.139133 0.508223 0.849912
v 0.89035 -3.4769 -0.63068
vn 0.119069 0.931579 -0.343486
v 1.174 -3.9034 -0.85773
vn -0.567301 0.324577 0.756848
v 1.1628 -3.8807 -0.87586
vn -0.643327 0.0520878 0.763818
v 0.924405 -3.5174 -0.48759
vn -0.0236527 0.122456 0.992192
v 1.4147 -3.7899 -1.0394
vn 0.140329 -0.227619 0.963586
v 1.4353 -3.7899 -1.0424
vn 0.140329 -0.227619 0.963586
v 1.4831 -3.7217 -0.99397
vn -0.938732 0.297747 -0.173575
v 0.86764 -3.7444 -0.52102
vn -0.494389 -0.245685 0.833797
v 0.87415 -3.7444 -0.51716
vn -0.451979 -0.183877 0.872871
v 0.91305 -3.57415 -0.489135
vn -0.0757396 -0.0479419 0.995974
v 0.89035 -3.4947 -0.49328
vn -0.0192648 0.00254496 0.999811
v 0.810875 -3.96015 -1.0504
vn -0.0700896 -0.0152567 0.997424
v 0.82223 -3.9488 -1.0481
vn -0.209105 -0.112427 0.971409
v 0.79952 -3.91475 -1.04885
vn -0.239858 -0.105504 0.965058
v 0.79952 -3.86935 -1.04505
vn -0.375754 -0.0766735 0.923542
v 0.810875 -4.0169 -1.04975
vn -0.00371569 0.0261986 0.99965
v 0.86764 -3.9942 -1.0479
vn -0.0305325 -0.0804193 0.996293
v 0.801448 -3.82395 -1.0428
vn -0.442987 0.0373741 0.895749
v 0.79952 -3.7672 -1.0471
vn -0.393437 0.0378182 0.918573
v 0.79952 -3.7444 -1.0463
vn -0.225018 -0.0857841 0.970571
v 0.781345 -3.60253 -1.04052
vn -0.295267 -0.03617 0.95473
v 0.84758 -3.7444 -0.53986
vn -0.438141 -0.211707 0.87362
v 0.86764 -3.7672 -0.52477
vn -0.679726 -0.119037 0.723742
v 0.84493 -3.7217 -0.53072
vn -0.588732 -0.402843 0.700794
v 0.84493 -3.7376 -0.53986
vn -0.630768 -0.309028 0.711782
v 0.73996 -3.472 -0.58527
vn -0.894581 0.44227 0.0642084
v 1.299 -3.9555 -0.97126
vn 0.125365 0.323714 0.937813
v 1.299 -3.9488 -0.97284
vn 0.0885419 0.22863 0.969479
v 1.279 -3.9488 -0.969805
vn 0.330495 0.278101 0.901905
v 1.3217 -3.9817 -0.94855
vn -0.333787 0.762642 0.554043
v 1.299 -3.988 -0.94855
vn -0.091825 0.850967 0.51713
v 1.299 -3.9974 -0.92585
vn 0.224112 0.910441 0.347666
v 1.299 -3.9942 -0.93423
vn 0.0592628 0.927518 0.36905
v 1.286 -3.9942 -0.92585
vn 0.208737 0.922807 0.323814
v 1.2763 -3.9843 -0.94855
vn 0.17803 0.918587 0.35285
v 1.3444 -3.9854 -0.92585
vn -0.385885 0.768048 0.511073
v 1.3238 -3.9942 -0.92585
vn -0.345269 0.80824 0.477009
v 1.25255 -3.9034 -0.950035
vn 0.705075 0.283012 0.650211
v 1.2357 -3.858 -0.94855
vn 0.737201 0.24226 0.630749
v 1.2763 -3.9715 -0.96197
vn 0.214227 0.325887 0.920817
v 1.32005 -3.55145 -1.01765
vn 0.235369 0.0449212 0.970867
v 1.2309 -3.8845 -0.85773
vn 0.52163 0.455696 0.721279
v 1.2309 -3.7444 -0.50972
vn 0.164248 -0.0110567 0.986357
v 1.2348 -3.8665 -0.87369
vn 0.762606 0.327591 0.557778
v 0.771142 -3.97717 -1.05218
vn -0.0530597 0.00889125 0.998552
v 0.765465 -3.9034 -1.0519
vn -0.0884466 -0.0131586 0.995994
v 0.77682 -3.86935 -1.05115
vn -0.18176 0.0223585 0.983089
v 0.77682 -3.77855 -1.05145
vn -0.201316 -0.00794495 0.979494
v 0.77682 -3.82395 -1.05145
vn -0.267333 0.0217542 0.963359
v 0.75411 -3.71035 -1.04865
vn -0.167725 -0.10862 0.979832
v 0.75411 -3.6763 -1.0456
vn -0.187348 -0.0198527 0.982093
v 0.82223 -3.7268 -0.53986
vn -0.112934 -0.237369 0.964833
v 0.82223 -3.7444 -0.54419
vn -0.111186 -0.242518 0.963754
v 0.86764 -3.5628 -0.87181
vn 0.50968 0.266677 0.817991
v 0.86764 -3.5447 -0.88044
vn -0.250099 0.40189 0.880872
v 0.89035 -3.5401 -0.87315
vn -0.347109 0.38288 0.856106
v 0.71519 -3.6763 -0.53986
vn -0.957741 -0.272826 0.0910936
v 0.71303 -3.6763 -0.56257
vn -0.957741 -0.272826 0.0910936
v 0.822705 -3.83555 -0.49445
vn -0.257546 0.728239 0.635089
v 0.84493 -3.8316 -0.49445
vn -0.0853346 0.77411 0.627273
v 0.91305 -3.7558 -0.503355
vn -0.241209 -0.201336 0.949359
v 0.89035 -3.699 -0.4957
vn -0.14715 -0.169024 0.974565
v 0.93576 -3.7161 -0.49445
vn -0.00460146 -0.0623309 0.998045
v 0.98117 -3.71035 -0.50223
vn 0.15367 0.052776 0.986712
v 0.88389 -3.6763 -0.49445
vn -0.0424633 -0.0640242 0.997045
v 0.98117 -3.66495 -0.502015
vn 0.0797422 -0.146498 0.985992
v 1.1855 -3.7444 -0.96595
vn 0.40358 0.430839 0.807156
v 1.3672 -3.66495 -1.0241
vn 0.43042 0.195624 0.881175
v 1.3478 -3.64535 -1.0167
vn 0.472217 0.18403 0.862058
v 1.3444 -3.6763 -1.007
vn 0.465031 0.217611 0.858133
v 1.31405 -3.6536 -0.997785
vn 0.45958 0.179268 0.869856
v 0.64059 -3.9942 -1.0473
vn -0.0453547 0.0795567 0.995798
v 0.7087 -3.80125 -1.06315
vn -0.0906152 -0.00640615 0.995865
v 0.66329 -4.0169 -1.0465
vn 0.0731841 0.00849406 0.997282
v 0.686 -3.98285 -1.0493
vn 0.0976273 0.022225 0.994975
v 0.66329 -3.9715 -1.0486
vn -0.0118729 0.0920896 0.99568
v 0.73141 -3.9942 -1.0554
vn 0.0471534 -0.0100925 0.998837
v 0.686 -3.9488 -1.0504
vn 0.0364072 0.0911575 0.995171
v 0.73141 -3.9488 -1.0543
vn 0.0304928 0.0279105 0.999145
v 0.74276 -3.8353 -1.05865
vn -0.154025 0.0176741 0.987909
v 0.74276 -3.8126 -1.0584
vn -0.178883 -0.0401423 0.983051
v 0.75411 -3.57415 -1.04625
vn -0.256015 0.0043981 0.966663
v 0.84493 -3.5478 -0.88044
vn 0.00934041 0.662627 0.748892
v 0.91305 -3.7217 -0.8209
vn 0.333345 -0.0103844 0.942748
v 0.93576 -3.7217 -0.82893
vn 0.364542 0.110669 0.924587
v 0.82223 -4.0227 -0.56257
vn -0.318786 0.940186 0.120107
v 0.78226 -3.5401 -0.81232
vn 0.721429 0.680841 -0.126472
v 0.82223 -3.6128 -0.74421
vn 0.319136 0.927667 0.193871
v 0.80984 -3.6082 -0.74421
vn 0.50139 0.808727 0.307522
v 0.79952 -3.6018 -0.74421
vn 0.487335 0.785815 0.380788
v 0.93576 -3.7672 -0.50001
vn -0.160776 -0.113104 0.980489
v 0.93576 -3.7444 -0.49801
vn -0.0214687 -0.045277 0.998744
v 0.95846 -3.7672 -0.49753
vn -0.0521635 0.0357412 0.997999
v 0.98117 -3.7444 -0.49822
vn 0.0511379 0.068192 0.996361
v 0.95846 -3.7217 -0.49751
vn 0.0998564 -0.0406232 0.994172
v 0.953495 -3.699 -0.49534
vn 0.178934 -0.00496271 0.983849
v 0.9394 -3.66495 -0.494035
vn 0.0233139 -0.00450852 0.999718
v 0.95846 -3.66495 -0.496775
vn 0.180759 -0.0327516 0.982982
v 0.93576 -3.6082 -0.49294
vn 0.107277 -0.0283005 0.993826
v 0.95846 -3.6309 -0.49632
vn 0.0278869 -0.0384344 0.998872
v 0.924405 -3.5401 -0.48611
vn -0.0208241 -0.0347797 0.999178
v 0.95846 -3.5855 -0.49404
vn 0.0391287 -0.110055 0.993155
v 0.93576 -3.57415 -0.489905
vn 0.0583667 -0.101331 0.993139
v 0.98117 -3.5855 -0.49299
vn -0.12455 -0.125411 0.984256
v 1.4807 -3.9261 -1.0515
vn 0.0847849 0.040377 0.995581
v 1.458 -3.9034 -1.049
vn 0.125286 -0.00437126 0.992111
v 1.458 -3.8807 -1.0485
vn 0.14809 -0.0217821 0.988734
v 1.299 -3.6309 -0.98995
vn 0.456374 0.203707 0.866156
v 1.072 -3.9034 -0.87203
vn 0.355113 0.472711 0.806498
v 1.0947 -3.9261 -0.86872
vn 0.320286 0.481934 0.815571
v 1.072 -3.88575 -0.883215
vn 0.26772 0.433886 0.860273
v 1.1174 -3.919 -0.88044
vn 0.168156 0.405042 0.898701
v 1.4612 -4.0172 -0.51716
vn -0.0875639 0.934247 -0.345711
v 1.458 -4.0259 -0.53986
vn -0.0875639 0.934247 -0.345711
v 1.4807 -4.0242 -0.53986
vn -0.218996 0.887026 -0.406479
v 1.4807 -4.0169 -0.52393
vn -0.249309 0.850714 -0.462743
v 1.5034 -4.0179 -0.53801
vn -0.229299 0.875347 -0.425664
v 1.5034 -4.0052 -0.51716
vn -0.271862 0.81943 -0.504603
v 1.2536 -3.7899 -0.50098
vn -0.176834 0.251418 0.951588
v 1.2536 -3.7672 -0.50551
vn -0.202476 0.0232134 0.979012
v 0.85006 -3.7672 -0.53986
vn -0.650579 -0.0477864 0.757933
v 0.79952 -3.5855 -0.72516
vn 0.518637 0.649642 -0.555861
v 0.80779 -3.5855 -0.7215
vn 0.361096 0.690311 -0.626961
v 0.85033 -3.6309 -0.81232
vn 0.872995 0.466149 -0.143476
v 0.91305 -3.7899 -0.50857
vn -0.410516 0.136911 0.901516
v 0.93576 -3.7899 -0.49982
vn -0.250323 0.0312503 0.967658
v 1.0039 -3.7444 -0.49564
vn 0.0475974 0.151389 0.987328
v 1.0039 -3.7672 -0.49525
vn 0.191555 -0.0213574 0.98125
v 0.686 -3.3812 -0.38824
vn 0.0600053 0.430163 -0.900755
v 1.0493 -3.876 -0.88044
vn 0.329763 0.444003 0.833137
v 1.0947 -3.8807 -0.88965
vn 0.140887 0.323632 0.935635
v 1.1401 -3.9151 -0.88044
vn -0.218077 0.418565 0.881616
v 1.1401 -3.8807 -0.89195
vn -0.294406 0.0984318 0.950598
v 1.1528 -3.9034 -0.88044
vn -0.544149 0.265102 0.796004
v 1.4035 -3.9261 -1.0394
vn 0.347409 0.0869475 0.933674
v 1.4126 -3.9034 -1.0449
vn 0.262522 0.0673889 0.96257
v 1.3959 -3.9034 -1.0394
vn 0.311109 0.104159 0.944649
v 1.4353 -3.9261 -1.0477
vn 0.181605 0.060533 0.981507
v 1.2309 -3.6309 -0.98508
vn -0.0681349 0.436762 0.896993
v 1.0493 -3.9034 -0.86357
vn 0.314802 0.508332 0.80156
v 1.1401 -3.9353 -0.85773
vn -0.310028 0.774042 0.552034
v 1.1401 -3.9261 -0.87063
vn -0.404719 0.655137 0.637964
v 1.1174 -3.9412 -0.85773
vn -0.207022 0.79652 0.568064
v 1.1628 -3.9184 -0.85773
vn -0.531389 0.56691 0.629475
v 1.1628 -3.9034 -0.87024
vn -0.59249 0.485093 0.643149
v 1.5034 -4.0283 -0.56257
vn -0.122292 0.943266 -0.308697
v 1.4807 -4.0301 -0.56257
vn -0.0744082 0.965188 -0.25075
v 1.072 -3.8042 -0.51716
vn -0.109208 -0.158616 0.981282
v 1.072 -3.7899 -0.51453
vn -0.160596 -0.0874353 0.98314
v 1.0493 -3.8064 -0.51716
vn -0.0013559 -0.104274 0.994548
v 1.0266 -3.7444 -0.50133
vn 0.34396 0.0951939 0.934146
v 1.0266 -3.7672 -0.5036
vn 0.43681 -0.0668858 0.897064
v 1.2082 -3.7899 -0.50149
vn 0.158173 0.0641553 0.985325
v 1.2309 -3.7899 -0.50303
vn -0.0400602 0.246109 0.968414
v 1.4353 -4.0169 -1.0449
vn 0.290151 0.012528 0.956899
v 1.4237 -4.0169 -1.0394
vn 0.584365 0.0661489 0.80879
v 1.4066 -3.9942 -1.0167
vn 0.885953 0.132841 0.444343
v 1.4126 -3.9942 -1.029
vn 0.827802 0.130963 0.54552
v 1.4353 -3.9488 -1.047
vn 0.217242 0.047534 0.97496
v 1.4126 -3.9554 -1.0394
vn 0.543208 0.145478 0.826898
v 1.4126 -4.0169 -1.025
vn 0.787468 0.106962 0.607003
v 1.3938 -3.9261 -1.0167
vn 0.887426 0.219346 0.405415
v 1.4353 -3.9034 -1.0469
vn 0.0920608 -0.0350713 0.995136
v 1.0947 -3.6309 -0.93603
vn 0.172653 0.45806 0.871993
v 1.4353 -3.7305 -0.6988
vn -0.680838 0.679553 0.273254
v 1.5034 -4.005 -0.6988
vn -0.0638737 0.984601 0.16273
v 1.4807 -4.0091 -0.67609
vn 0.0129486 0.980005 0.19855
v 1.458 -4.0298 -0.58527
vn 0.0752038 0.992521 0.0961631
v 1.4353 -4.0235 -0.60798
vn 0.114504 0.980836 0.15764
v 1.4353 -4.0271 -0.58527
vn 0.125158 0.991111 0.0451088
v 1.458 -4.0298 -0.56257
vn 0.0849241 0.993735 -0.0726595
v 1.4353 -4.0266 -0.56257
vn 0.138953 0.985682 -0.0955132
v 1.5034 -4.0303 -0.58527
vn -0.0591454 0.994396 -0.0876265
v 1.2763 -3.8353 -0.45677
vn -0.5275 0.595736 0.605675
v 1.29695 -3.8115 -0.47175
vn -0.405784 0.680856 0.609733
v 1.32745 -3.793 -0.47175
vn -0.433884 0.645601 0.628445
v 1.3444 -3.7778 -0.47175
vn -0.529874 0.511699 0.676312
v 1.3444 -3.7672 -0.48015
vn -0.489996 0.482639 0.725923
v 1.3323 -3.6763 -0.45213
vn -0.831364 0.0355474 0.55459
v 0.968035 -4.0169 -0.914495
vn -0.958678 0.283617 0.0223177
v 0.96713 -4.0169 -0.94855
vn -0.99044 0.103995 0.0906281
v 0.95846 -4.0366 -0.94855
vn -0.900311 0.435187 -0.00726943
v 0.95846 -3.99435 -0.970335
vn -0.956558 -0.257753 0.136238
v 0.82223 -3.5855 -0.98765
vn -0.900426 -0.247689 -0.357608
v 0.84493 -3.9715 -1.0466
vn -0.138651 -0.114833 0.983661
v 1.2536 -3.8454 -0.97126
vn 0.611002 0.196323 0.766899
v 1.2831 -3.9261 -0.97126
vn 0.136386 0.0990034 0.985696
v 1.2763 -3.9261 -0.968
vn 0.431723 0.051578 0.90053
v 1.2082 -3.7444 -0.97064
vn -0.0476983 0.169822 0.98432
v 1.1855 -3.7217 -0.96921
vn 0.042111 -0.237488 0.970477
v 0.97232 -3.7217 -0.88044
vn 0.765419 -0.0807207 0.63845
v 1.299 -3.6536 -0.98869
vn 0.452652 0.0697874 0.888952
v 0.86764 -3.6763 -0.82383
vn 0.0186759 0.467856 0.883607
v 1.2512 -3.8353 -0.97126
vn 0.40844 -0.0965285 0.907667
v 1.2763 -3.8353 -0.98118
vn 0.153833 -0.135898 0.978707
v 1.2309 -3.8416 -0.94855
vn 0.867182 0.238936 0.436926
v 1.2263 -3.8353 -0.92585
vn 0.927746 0.344541 0.143451
v 1.072 -3.6101 -0.90314
vn -0.269777 -0.287936 0.918865
v 1.072 -3.5919 -0.92585
vn -0.152114 -0.206777 0.966491
v 1.1855 -3.6082 -0.98377
vn 0.423645 0.520099 0.741635
v 1.2082 -3.6054 -0.993085
vn 0.0153255 0.254332 0.966995
v 1.2082 -3.4646 -0.67609
vn 0.0218918 0.931756 0.362424
v 1.2309 -3.4625 -0.67609
vn 0.0437822 0.969903 0.239523
v 0.95445 -4.0169 -1.0167
vn -0.860349 -0.262379 0.436986
v 0.96375 -4.0169 -0.99397
vn -0.985006 0.0910822 0.146515
v 0.96643 -4.0169 -0.97126
vn -0.997872 0.0214258 0.0615825
v 0.95101 -3.9942 -0.99397
vn -0.691235 -0.55098 0.467564
v 0.93576 -3.9928 -1.0167
vn -0.641094 -0.553428 0.531711
v 0.95846 -4.0018 -0.99397
vn -0.901623 -0.373621 0.217907
v 0.75411 -3.713 -0.85773
vn -0.195474 -0.566763 0.800356
v 0.93191 -4.0169 -1.03695
vn -0.589134 -0.232136 0.773973
v 0.91305 -3.9687 -1.0167
vn -0.498264 -0.5085 0.702254
v 0.91305 -3.9434 -0.99397
vn -0.717341 -0.47649 0.50831
v 0.91305 -3.9261 -0.97679
vn -0.82899 -0.3662 0.422698
v 0.90429 -3.9261 -0.99397
vn -0.852995 -0.329007 0.405159
v 0.90696 -3.9034 -0.97126
vn -0.880009 -0.261167 0.396707
v 0.89723 -3.9034 -0.99397
vn -0.893904 -0.232927 0.382989
v 0.90219 -3.8807 -0.97126
vn -0.902506 -0.189646 0.386675
v 0.89035 -3.91475 -1.0045
vn -0.612022 -0.233954 0.755444
v 1.0208 -3.9034 -0.85773
vn 0.182571 0.36833 0.911592
v 1.1174 -3.9261 -0.87535
vn 0.0341726 0.582299 0.812256
v 1.1855 -3.8807 -0.85841
vn -0.298554 0.113537 0.947615
v 1.2121 -3.9034 -0.83503
vn 0.208405 0.659809 0.721955
v 1.2082 -3.8807 -0.85465
vn 0.145564 0.548898 0.823117
v 1.1628 -3.8126 -0.51053
vn -0.217332 -0.503554 0.836182
v 1.2309 -3.8734 -0.51716
vn -0.608999 -0.628602 0.483714
v 1.2536 -3.8807 -0.49657
vn -0.629734 -0.613232 0.476845
f 3//3 4//4 5//5
f 6//6 7//7 8//8
f 9//9 8//8 10//10
f 10//10 11//11 9//9
f 9//9 11//11 12//12
f 15//15 16//16 17//17
f 18//18 19//19 20//20
f 20//20 21//21 18//18
f 24//24 25//25 26//26
f 28//28 27//27 29//29
f 30//30 31//31 27//27
f 30//30 32//32 33//33
f 27//27 32//32 30//30
f 36//36 37//37 34//34
f 34//34 37//37 38//38
f 34//34 38//38 35//35
f 41//41 39//39 40//40
f 42//42 43//43 44//44
f 42//42 44//44 45//45
f 45//45 39//39 42//42
f 42//42 39//39 46//46
f 47//47 48//48 49//49
f 54//54 55//55 56//56
f 56//56 55//55 57//57
f 59//59 58//58 61//61
f 59//59 61//61 60//60
f 54//54 56//56 62//62
f 62//62 56//56 59//59
f 59//59 56//56 58//58
f 62//62 59//59 63//63
f 63//63 59//59 60//60
f 64//64 66//66 65//65
f 67//67 60//60 61//61
f 63//63 60//60 67//67
f 63//63 67//67 64//64
f 67//67 66//66 64//64
f 68//68 69//69 70//70
f 70//70 69//69 64//64
f 65//65 70//70 64//64
f 64//64 69//69 63//63
f 61//61 58//58 75//75
f 75//75 58//58 74//74
f 76//76 75//75 74//74
f 76//76 74//74 77//77
f 78//78 61//61 75//75
f 75//75 79//79 78//78
f 80//80 81//81 75//75
f 80//80 75//75 76//76
f 75//75 81//81 79//79
f 82//82 83//83 84//84
f 86//86 87//87 88//88
f 88//88 89//89 86//86
f 90//90 91//91 87//87
f 86//86 92//92 90//90
f 86//86 90//90 87//87
f 93//93 94//94 95//95
f 96//96 97//97 93//93
f 93//93 97//97 98//98
f 93//93 98//98 94//94
f 99//99 93//93 92//92
f 100//100 96//96 99//99
f 99//99 96//96 93//93
f 101//101 86//86 89//89
f 102//102 101//101 89//89
f 103//103 104//104 101//101
f 101//101 104//104 86//86
f 86//86 104//104 92//92
f 105//105 99//99 104//104
f 104//104 99//99 92//92
f 106//106 100//100 105//105
f 105//105 100//100 99//99
f 107//107 105//105 103//103
f 103//103 105//105 104//104
f 107//107 106//106 105//105
f 96//96 108//108 97//97
f 100//100 109//109 96//96
f 110//110 111//111 65//65
f 116//116 100//100 106//106
f 117//117 116//116 106//106
f 118//118 102//102 119//119
f 120//120 101//101 102//102
f 102//102 118//118 120//120
f 121//121 118//118 119//119
f 101//101 120//120 103//103
f 122//122 103//103 120//120
f 123//123 107//107 103//103
f 123//123 124//124 107//107
f 107//107 124//124 106//106
f 103//103 122//122 123//123
f 125//125 124//124 123//123
f 126//126 118//118 121//121
f 127//127 122//122 120//120
f 128//128 123//123 122//122
f 129//129 125//125 128//128
f 128//128 125//125 123//123
f 130//130 122//122 127//127
f 131//131 128//128 130//130
f 130//130 128//128 122//122
f 131//131 129//129 128//128
f 131//131 130//130 135//135
f 135//135 130//130 127//127
f 136//136 129//129 131//131
f 137//137 131//131 133//133
f 133//133 131//131 135//135
f 138//138 131//131 137//137
f 138//138 136//136 131//131
f 139//139 133//133 134//134
f 133//133 139//139 140//140
f 141//141 137//137 140//140
f 140//140 137//137 133//133
f 142//142 138//138 137//137
f 137//137 141//141 142//142
f 143//143 138//138 142//142
f 136//136 132//132 129//129
f 136//136 138//138 144//144
f 145//145 144//144 138//138
f 138//138 143//143 145//145
f 146//146 142//142 147//147
f 142//142 146//146 143//143
f 147//147 148//148 146//146
f 151//151 145//145 143//143
f 151//151 143//143 146//146
f 150//150 152//152 151//151
f 151//151 152//152 145//145
f 146//146 148//148 153//153
f 150//150 153//153 149//149
f 146//146 153//153 151//151
f 151//151 153//153 150//150
f 154//154 155//155 156//156
f 157//157 158//158 159//159
f 157//157 159//159 154//154
f 154//154 159//159 155//155
f 160//160 154//154 156//156
f 156//156 161//161 160//160
f 160//160 162//162 154//154
f 154//154 162//162 157//157
f 164//164 165//165 163//163
f 166//166 167//167 157//157
f 157//157 167//167 158//158
f 165//165 167//167 166//166
f 157//157 162//162 166//166
f 166//166 162//162 163//163
f 166//166 163//163 165//165
f 161//161 168//168 160//160
f 169//169 162//162 160//160
f 169//169 160//160 168//168
f 170//170 163//163 162//162
f 162//162 169//169 170//170
f 171//171 164//164 170//170
f 170//170 164//164 163//163
f 172//172 170//170 173//173
f 173//173 170//170 169//169
f 174//174 175//175 172//172
f 172//172 175//175 170//170
f 170//170 175//175 171//171
f 176//176 177//177 178//178
f 178//178 177//177 172//172
f 178//178 172//172 173//173
f 174//174 172//172 179//179
f 179//179 172//172 177//177
f 180//180 176//176 178//178
f 180//180 178//178 181//181
f 182//182 12//12 11//11
f 11//11 183//183 182//182
f 184//184 12//12 182//182
f 185//185 184//184 182//182
f 186//186 182//182 183//183
f 185//185 182//182 186//186
f 13//13 185//185 14//14
f 14//14 185//185 186//186
f 14//14 187//187 188//188
f 14//14 188//188 13//13
f 189//189 188//188 187//187
f 191//191 192//192 190//190
f 190//190 193//193 191//191
f 124//124 117//117 106//106
f 194//194 117//117 125//125
f 125//125 117//117 124//124
f 132//132 194//194 129//129
f 129//129 194//194 125//125
f 196//196 195//195 132//132
f 132//132 195//195 194//194
f 136//136 197//197 132//132
f 144//144 197//197 136//136
f 144//144 145//145 198//198
f 152//152 198//198 145//145
f 199//199 184//184 185//185
f 15//15 13//13 188//188
f 201//201 200//200 191//191
f 191//191 200//200 192//192
f 201//201 16//16 200//200
f 193//193 203//203 202//202
f 202//202 191//191 193//193
f 204//204 201//201 202//202
f 202//202 205//205 204//204
f 204//204 205//205 206//206
f 204//204 206//206 207//207
f 191//191 202//202 201//201
f 148//148 147//147 208//208
f 147//147 140//140 208//208
f 127//127 120//120 209//209
f 213//213 168//168 210//210
f 210//210 168//168 212//212
f 173//173 169//169 213//213
f 213//213 169//169 168//168
f 178//178 173//173 8//8
f 8//8 181//181 178//178
f 214//214 210//210 211//211
f 214//214 216//216 215//215
f 216//216 214//214 217//217
f 218//218 215//215 216//216
f 8//8 213//213 6//6
f 6//6 213//213 210//210
f 8//8 173//173 213//213
f 210//210 214//214 6//6
f 10//10 8//8 7//7
f 7//7 6//6 215//215
f 215//215 6//6 214//214
f 219//219 7//7 215//215
f 215//215 218//218 219//219
f 183//183 11//11 10//10
f 219//219 10//10 7//7
f 219//219 220//220 183//183
f 221//221 222//222 223//223
f 224//224 225//225 226//226
f 226//226 225//225 227//227
f 228//228 226//226 229//229
f 229//229 226//226 227//227
f 230//230 224//224 231//231
f 231//231 224//224 226//226
f 231//231 226//226 233//233
f 233//233 226//226 228//228
f 205//205 233//233 228//228
f 232//232 231//231 203//203
f 203//203 231//231 233//233
f 203//203 233//233 202//202
f 202//202 233//233 205//205
f 229//229 234//234 228//228
f 235//235 236//236 237//237
f 238//238 237//237 236//236
f 238//238 236//236 72//72
f 72//72 71//71 238//238
f 239//239 240//240 73//73
f 239//239 73//73 241//241
f 83//83 241//241 84//84
f 243//243 244//244 245//245
f 230//230 248//248 224//224
f 245//245 247//247 243//243
f 243//243 247//247 232//232
f 249//249 253//253 251//251
f 251//251 253//253 252//252
f 253//253 254//254 252//252
f 255//255 253//253 250//250
f 250//250 253//253 249//249
f 254//254 253//253 255//255
f 256//256 249//249 31//31
f 252//252 29//29 251//251
f 251//251 31//31 249//249
f 255//255 257//257 254//254
f 259//259 260//260 261//261
f 261//261 262//262 259//259
f 263//263 262//262 261//261
f 266//266 265//265 264//264
f 267//267 268//268 269//269
f 270//270 271//271 272//272
f 275//275 274//274 276//276
f 279//279 277//277 280//280
f 280//280 277//277 278//278
f 281//281 282//282 276//276
f 276//276 282//282 275//275
f 285//285 286//286 287//287
f 287//287 288//288 285//285
f 289//289 290//290 291//291
f 294//294 295//295 296//296
f 296//296 295//295 297//297
f 296//296 298//298 299//299
f 299//299 294//294 296//296
f 270//270 300//300 301//301
f 301//301 271//271 270//270
f 271//271 301//301 274//274
f 302//302 300//300 293//293
f 293//293 303//303 302//302
f 276//276 274//274 304//304
f 305//305 306//306 307//307
f 308//308 238//238 71//71
f 308//308 71//71 309//309
f 309//309 71//71 310//310
f 240//240 308//308 309//309
f 311//311 309//309 310//310
f 73//73 240//240 309//309
f 312//312 309//309 311//311
f 85//85 312//312 311//311
f 316//316 318//318 320//320
f 305//305 323//323 324//324
f 325//325 326//326 324//324
f 324//324 327//327 325//325
f 327//327 324//324 323//323
f 328//328 305//305 307//307
f 329//329 325//325 327//327
f 85//85 311//311 330//330
f 331//331 85//85 330//330
f 332//332 331//331 330//330
f 330//330 334//334 332//332
f 335//335 336//336 332//332
f 332//332 337//337 335//335
f 337//337 332//332 334//334
f 339//339 340//340 341//341
f 341//341 340//340 342//342
f 343//343 341//341 344//344
f 343//343 339//339 341//341
f 345//345 344//344 346//346
f 346//346 347//347 345//345
f 347//347 348//348 345//345
f 349//349 350//350 351//351
f 354//354 355//355 356//356
f 355//355 357//357 356//356
f 356//356 357//357 189//189
f 358//358 360//360 359//359
f 244//244 357//357 360//360
f 360//360 357//357 361//361
f 360//360 358//358 245//245
f 245//245 244//244 360//360
f 244//244 189//189 357//357
f 362//362 363//363 248//248
f 364//364 365//365 362//362
f 362//362 366//366 364//364
f 366//366 362//362 247//247
f 248//248 225//225 224//224
f 358//358 364//364 366//366
f 358//358 366//366 245//245
f 245//245 366//366 247//247
f 367//367 368//368 369//369
f 370//370 371//371 372//372
f 379//379 380//380 381//381
f 382//382 378//378 377//377
f 381//381 380//380 384//384
f 386//386 385//385 387//387
f 387//387 385//385 381//381
f 381//381 385//385 379//379
f 388//388 385//385 386//386
f 388//388 386//386 387//387
f 387//387 389//389 388//388
f 376//376 390//390 391//391
f 387//387 381//381 392//392
f 393//393 250//250 249//249
f 395//395 254//254 396//396
f 397//397 398//398 399//399
f 396//396 254//254 257//257
f 257//257 258//258 396//396
f 400//400 401//401 402//402
f 404//404 403//403 399//399
f 397//397 399//399 403//403
f 404//404 399//399 380//380
f 380//380 399//399 405//405
f 380//380 405//405 400//400
f 379//379 404//404 380//380
f 380//380 400//400 406//406
f 406//406 407//407 380//380
f 408//408 409//409 410//410
f 411//411 408//408 410//410
f 410//410 375//375 411//411
f 375//375 376//376 411//411
f 412//412 372//372 413//413
f 412//412 413//413 409//409
f 414//414 372//372 412//412
f 408//408 412//412 409//409
f 415//415 412//412 408//408
f 408//408 411//411 415//415
f 416//416 414//414 415//415
f 415//415 414//414 412//412
f 417//417 415//415 411//411
f 417//417 411//411 376//376
f 418//418 383//383 419//419
f 419//419 383//383 382//382
f 417//417 416//416 415//415
f 418//418 419//419 420//420
f 421//421 417//417 391//391
f 418//418 422//422 383//383
f 421//421 420//420 417//417
f 423//423 422//422 418//418
f 423//423 420//420 424//424
f 427//427 428//428 426//426
f 260//260 427//427 426//426
f 260//260 426//426 429//429
f 430//430 429//429 426//426
f 430//430 426//426 423//423
f 430//430 423//423 425//425
f 431//431 425//425 432//432
f 432//432 425//425 424//424
f 430//430 425//425 431//431
f 261//261 260//260 429//429
f 261//261 429//429 430//430
f 263//263 261//261 433//433
f 434//434 435//435 436//436
f 436//436 435//435 432//432
f 435//435 431//431 432//432
f 435//435 438//438 439//439
f 439//439 437//437 435//435
f 433//433 430//430 431//431
f 431//431 437//437 433//433
f 440//440 441//441 442//442
f 445//445 278//278 444//444
f 446//446 439//439 438//438
f 447//447 448//448 444//444
f 444//444 448//448 443//443
f 449//449 451//451 450//450
f 277//277 447//447 444//444
f 277//277 444//444 278//278
f 453//453 454//454 284//284
f 457//457 458//458 461//461
f 241//241 73//73 463//463
f 73//73 309//309 312//312
f 313//313 314//314 465//465
f 466//466 467//467 468//468
f 468//468 467//467 313//313
f 316//316 466//466 468//468
f 316//316 469//469 470//470
f 316//316 470//470 318//318
f 472//472 473//473 474//474
f 475//475 476//476 472//472
f 472//472 476//476 473//473
f 474//474 478//478 477//477
f 478//478 474//474 473//473
f 478//478 473//473 476//476
f 476//476 480//480 478//478
f 480//480 476//476 479//479
f 481//481 482//482 483//483
f 483//483 482//482 484//484
f 485//485 481//481 483//483
f 475//475 486//486 487//487
f 475//475 487//487 476//476
f 487//487 488//488 476//476
f 479//479 476//476 488//488
f 492//492 493//493 494//494
f 497//497 496//496 493//493
f 497//497 480//480 496//496
f 496//496 480//480 498//498
f 499//499 500//500 489//489
f 489//489 500//500 490//490
f 493//493 496//496 491//491
f 491//491 496//496 499//499
f 489//489 491//491 499//499
f 500//500 499//499 501//501
f 499//499 496//496 501//501
f 501//501 496//496 498//498
f 492//492 477//477 478//478
f 478//478 497//497 492//492
f 493//493 492//492 497//497
f 497//497 478//478 480//480
f 502//502 503//503 504//504
f 498//498 480//480 504//504
f 503//503 505//505 504//504
f 500//500 501//501 506//506
f 505//505 507//507 506//506
f 501//501 498//498 504//504
f 504//504 506//506 501//501
f 506//506 504//504 505//505
f 507//507 505//505 508//508
f 509//509 490//490 500//500
f 500//500 510//510 509//509
f 509//509 512//512 511//511
f 512//512 509//509 510//510
f 510//510 500//500 513//513
f 512//512 510//510 514//514
f 514//514 510//510 513//513
f 515//515 512//512 514//514
f 514//514 516//516 515//515
f 513//513 500//500 506//506
f 513//513 506//506 507//507
f 507//507 514//514 513//513
f 514//514 507//507 508//508
f 508//508 517//517 514//514
f 516//516 514//514 517//517
f 517//517 518//518 516//516
f 520//520 333//333 336//336
f 336//336 521//521 520//520
f 333//333 519//519 331//331
f 333//333 332//332 336//336
f 519//519 85//85 331//331
f 331//331 332//332 333//333
f 483//483 484//484 523//523
f 523//523 484//484 521//521
f 524//524 485//485 525//525
f 525//525 485//485 483//483
f 525//525 483//483 526//526
f 526//526 523//523 335//335
f 527//527 526//526 335//335
f 527//527 335//335 337//337
f 337//337 528//528 527//527
f 528//528 337//337 334//334
f 525//525 527//527 531//531
f 527//527 532//532 531//531
f 508//508 505//505 529//529
f 508//508 529//529 530//530
f 508//508 530//530 531//531
f 531//531 534//534 508//508
f 534//534 531//531 532//532
f 532//532 535//535 534//534
f 533//533 508//508 534//534
f 532//532 527//527 528//528
f 528//528 536//536 532//532
f 536//536 528//528 334//334
f 334//334 537//537 536//536
f 535//535 532//532 536//536
f 535//535 536//536 538//538
f 538//538 536//536 537//537
f 517//517 508//508 533//533
f 533//533 539//539 517//517
f 533//533 534//534 535//535
f 535//535 538//538 533//533
f 538//538 540//540 533//533
f 518//518 517//517 539//539
f 539//539 533//533 540//540
f 541//541 47//47 542//542
f 211//211 210//210 544//544
f 211//211 544//544 543//543
f 545//545 546//546 547//547
f 355//355 361//361 357//357
f 360//360 361//361 548//548
f 548//548 359//359 360//360
f 223//223 551//551 549//549
f 363//363 550//550 549//549
f 549//549 225//225 363//363
f 248//248 363//363 225//225
f 246//246 248//248 230//230
f 225//225 549//549 551//551
f 243//243 232//232 193//193
f 552//552 368//368 367//367
f 553//553 552//552 554//554
f 367//367 554//554 552//552
f 555//555 556//556 557//557
f 557//557 556//556 558//558
f 557//557 558//558 559//559
f 559//559 317//317 560//560
f 560//560 317//317 562//562
f 560//560 562//562 561//561
f 563//563 564//564 561//561
f 563//563 561//561 562//562
f 562//562 565//565 563//563
f 566//566 569//569 567//567
f 564//564 563//563 572//572
f 564//564 572//572 566//566
f 572//572 563//563 565//565
f 565//565 573//573 572//572
f 569//569 566//566 572//572
f 572//572 571//571 569//569
f 571//571 572//572 573//573
f 571//571 573//573 570//570
f 574//574 575//575 576//576
f 579//579 576//576 575//575
f 579//579 580//580 576//576
f 581//581 579//579 578//578
f 581//581 578//578 577//577
f 581//581 582//582 579//579
f 584//584 577//577 583//583
f 585//585 581//581 577//577
f 586//586 587//587 585//585
f 585//585 587//587 581//581
f 588//588 585//585 584//584
f 584//584 585//585 577//577
f 588//588 586//586 585//585
f 589//589 574//574 576//576
f 589//589 576//576 590//590
f 590//590 576//576 580//580
f 591//591 589//589 592//592
f 592//592 589//589 590//590
f 593//593 589//589 591//591
f 592//592 594//594 591//591
f 598//598 584//584 599//599
f 600//600 598//598 599//599
f 601//601 588//588 584//584
f 584//584 598//598 601//601
f 602//602 603//603 601//601
f 601//601 603//603 588//588
f 596//596 601//601 598//598
f 596//596 598//598 600//600
f 601//601 596//596 597//597
f 597//597 602//602 601//601
f 604//604 600//600 595//595
f 373//373 596//596 604//604
f 604//604 596//596 600//600
f 568//568 567//567 604//604
f 568//568 604//604 595//595
f 604//604 567//567 569//569
f 569//569 373//373 604//604
f 571//571 605//605 373//373
f 571//571 570//570 606//606
f 571//571 606//606 605//605
f 373//373 605//605 596//596
f 596//596 605//605 597//597
f 597//597 605//605 606//606
f 373//373 569//569 571//571
f 607//607 608//608 609//609
f 374//374 610//610 611//611
f 376//376 375//375 612//612
f 381//381 384//384 613//613
f 381//381 613//613 392//392
f 256//256 31//31 614//614
f 614//614 31//31 30//30
f 615//615 614//614 30//30
f 616//616 256//256 614//614
f 614//614 615//615 616//616
f 617//617 393//393 616//616
f 616//616 393//393 256//256
f 618//618 619//619 617//617
f 617//617 619//619 393//393
f 394//394 255//255 250//250
f 394//394 250//250 393//393
f 620//620 255//255 394//394
f 621//621 257//257 620//620
f 620//620 257//257 255//255
f 394//394 393//393 619//619
f 394//394 619//619 620//620
f 622//622 617//617 616//616
f 623//623 609//609 625//625
f 624//624 623//623 626//626
f 624//624 626//626 618//618
f 618//618 626//626 619//619
f 626//626 623//623 625//625
f 608//608 555//555 627//627
f 627//627 555//555 557//557
f 625//625 609//609 608//608
f 608//608 627//627 625//625
f 627//627 626//626 625//625
f 629//629 630//630 628//628
f 620//620 619//619 631//631
f 631//631 619//619 626//626
f 626//626 629//629 631//631
f 621//621 620//620 631//631
f 631//631 628//628 621//621
f 628//628 631//631 629//629
f 632//632 629//629 627//627
f 559//559 632//632 557//557
f 557//557 632//632 627//627
f 629//629 632//632 630//630
f 630//630 632//632 560//560
f 559//559 560//560 632//632
f 626//626 627//627 629//629
f 258//258 257//257 621//621
f 35//35 403//403 404//404
f 404//404 379//379 35//35
f 258//258 621//621 628//628
f 628//628 634//634 258//258
f 634//634 628//628 630//630
f 630//630 561//561 634//634
f 633//633 258//258 634//634
f 561//561 564//564 634//634
f 561//561 630//630 560//560
f 634//634 635//635 633//633
f 566//566 635//635 564//564
f 564//564 635//635 634//634
f 568//568 633//633 635//635
f 568//568 635//635 567//567
f 567//567 635//635 566//566
f 35//35 636//636 34//34
f 637//637 34//34 636//636
f 636//636 35//35 379//379
f 432//432 424//424 436//436
f 283//283 284//284 454//454
f 453//453 284//284 290//290
f 291//291 284//284 283//283
f 291//291 290//290 284//284
f 639//639 640//640 289//289
f 642//642 283//283 641//641
f 283//283 642//642 643//643
f 456//456 643//643 455//455
f 455//455 643//643 642//642
f 283//283 643//643 291//291
f 456//456 291//291 643//643
f 644//644 289//289 291//291
f 291//291 456//456 644//644
f 645//645 295//295 292//292
f 294//294 292//292 295//295
f 303//303 293//293 294//294
f 294//294 293//293 292//292
f 294//294 299//299 303//303
f 303//303 299//299 459//459
f 459//459 646//646 303//303
f 460//460 647//647 459//459
f 457//457 647//647 460//460
f 646//646 459//459 647//647
f 648//648 647//647 457//457
f 649//649 301//301 300//300
f 300//300 302//302 649//649
f 650//650 302//302 303//303
f 650//650 303//303 646//646
f 650//650 649//649 302//302
f 651//651 650//650 652//652
f 651//651 652//652 653//653
f 461//461 654//654 457//457
f 654//654 461//461 462//462
f 656//656 654//654 655//655
f 657//657 656//656 658//658
f 662//662 661//661 660//660
f 660//660 658//658 659//659
f 661//661 663//663 660//660
f 665//665 666//666 552//552
f 552//552 666//666 667//667
f 552//552 667//667 368//368
f 552//552 553//553 665//665
f 668//668 669//669 670//670
f 670//670 669//669 671//671
f 673//673 672//672 668//668
f 670//670 673//673 668//668
f 674//674 675//675 676//676
f 676//676 675//675 673//673
f 675//675 674//674 677//677
f 678//678 677//677 674//674
f 674//674 676//676 679//679
f 680//680 62//62 69//69
f 69//69 62//62 63//63
f 72//72 2//2 1//1
f 1//1 310//310 72//72
f 71//71 72//72 310//310
f 681//681 308//308 240//240
f 240//240 682//682 681//681
f 241//241 463//463 84//84
f 84//84 463//463 464//464
f 84//84 464//464 82//82
f 683//683 684//684 685//685
f 312//312 463//463 73//73
f 85//85 464//464 312//312
f 312//312 464//464 463//463
f 686//686 687//687 688//688
f 689//689 688//688 690//690
f 690//690 688//688 691//691
f 692//692 477//477 693//693
f 694//694 693//693 477//477
f 691//691 688//688 693//693
f 693//693 688//688 687//687
f 315//315 466//466 316//316
f 695//695 696//696 697//697
f 698//698 699//699 471//471
f 471//471 699//699 700//700
f 322//322 321//321 698//698
f 698//698 701//701 322//322
f 701//701 698//698 702//702
f 702//702 698//698 471//471
f 703//703 562//562 315//315
f 315//315 562//562 317//317
f 338//338 565//565 704//704
f 704//704 565//565 562//562
f 338//338 707//707 573//573
f 338//338 573//573 565//565
f 570//570 573//573 707//707
f 570//570 707//707 708//708
f 708//708 707//707 709//709
f 701//701 705//705 322//322
f 702//702 711//711 710//710
f 705//705 701//701 710//710
f 710//710 701//701 702//702
f 706//706 705//705 712//712
f 711//711 712//712 710//710
f 710//710 712//712 705//705
f 713//713 714//714 715//715
f 715//715 686//686 713//713
f 688//688 716//716 686//686
f 686//686 716//716 713//713
f 717//717 718//718 322//322
f 321//321 716//716 699//699
f 699//699 716//716 689//689
f 716//716 688//688 689//689
f 719//719 717//717 705//705
f 705//705 717//717 322//322
f 477//477 692//692 474//474
f 524//524 481//481 485//485
f 326//326 720//720 324//324
f 580//580 579//579 721//721
f 580//580 721//721 722//722
f 582//582 721//721 579//579
f 723//723 722//722 721//721
f 721//721 582//582 723//723
f 724//724 725//725 723//723
f 723//723 725//725 722//722
f 727//727 582//582 586//586
f 586//586 582//582 587//587
f 728//728 723//723 727//727
f 727//727 723//723 582//582
f 729//729 728//728 730//730
f 730//730 727//727 586//586
f 586//586 588//588 730//730
f 730//730 728//728 727//727
f 732//732 724//724 728//728
f 728//728 731//731 732//732
f 723//723 728//728 724//724
f 726//726 731//731 729//729
f 729//729 731//731 728//728
f 726//726 732//732 731//731
f 489//489 490//490 725//725
f 733//733 725//725 724//724
f 725//725 733//733 734//734
f 734//734 489//489 725//725
f 494//494 489//489 734//734
f 493//493 491//491 494//494
f 494//494 491//491 489//489
f 735//735 736//736 691//691
f 700//700 690//690 726//726
f 726//726 690//690 736//736
f 690//690 691//691 736//736
f 477//477 492//492 694//694
f 735//735 691//691 694//694
f 694//694 494//494 735//735
f 494//494 694//694 492//492
f 736//736 733//733 732//732
f 732//732 733//733 724//724
f 736//736 735//735 733//733
f 733//733 735//735 734//734
f 732//732 726//726 736//736
f 734//734 735//735 494//494
f 590//590 580//580 737//737
f 737//737 580//580 722//722
f 592//592 737//737 738//738
f 738//738 737//737 739//739
f 738//738 740//740 594//594
f 739//739 725//725 490//490
f 739//739 511//511 738//738
f 490//490 509//509 739//739
f 511//511 739//739 509//509
f 740//740 738//738 511//511
f 511//511 741//741 740//740
f 743//743 744//744 742//742
f 745//745 742//742 495//495
f 597//597 495//495 744//744
f 495//495 742//742 744//744
f 471//471 746//746 742//742
f 746//746 471//471 700//700
f 743//743 742//742 746//746
f 746//746 726//726 743//743
f 726//726 746//746 700//700
f 702//702 471//471 745//745
f 745//745 471//471 742//742
f 744//744 730//730 603//603
f 603//603 602//602 744//744
f 744//744 743//743 730//730
f 730//730 743//743 729//729
f 588//588 603//603 730//730
f 602//602 597//597 744//744
f 729//729 743//743 726//726
f 708//708 495//495 570//570
f 570//570 495//495 606//606
f 711//711 745//745 708//708
f 708//708 745//745 495//495
f 597//597 606//606 495//495
f 711//711 708//708 709//709
f 711//711 702//702 745//745
f 480//480 479//479 502//502
f 502//502 504//504 480//480
f 503//503 502//502 524//524
f 524//524 529//529 503//503
f 505//505 503//503 529//529
f 741//741 511//511 512//512
f 512//512 515//515 741//741
f 747//747 79//79 748//748
f 748//748 749//749 747//747
f 522//522 747//747 749//749
f 749//749 748//748 82//82
f 749//749 82//82 464//464
f 464//464 519//519 749//749
f 519//519 522//522 749//749
f 522//522 333//333 520//520
f 522//522 520//520 750//750
f 484//484 750//750 520//520
f 520//520 521//521 484//484
f 519//519 333//333 522//522
f 519//519 464//464 85//85
f 521//521 336//336 335//335
f 521//521 335//335 523//523
f 526//526 483//483 523//523
f 525//525 526//526 527//527
f 529//529 524//524 525//525
f 525//525 530//530 529//529
f 531//531 530//530 525//525
f 751//751 752//752 753//753
f 751//751 754//754 752//752
f 755//755 756//756 51//51
f 755//755 51//51 50//50
f 3//3 757//757 758//758
f 543//543 759//759 4//4
f 544//544 759//759 543//543
f 351//351 761//761 349//349
f 350//350 349//349 546//546
f 352//352 353//353 545//545
f 545//545 353//353 546//546
f 640//640 639//639 761//761
f 762//762 639//639 644//644
f 763//763 352//352 764//764
f 771//771 772//772 773//773
f 773//773 774//774 771//771
f 771//771 775//775 776//776
f 771//771 774//774 775//775
f 778//778 776//776 775//775
f 775//775 779//779 778//778
f 779//779 775//775 774//774
f 774//774 780//780 779//779
f 773//773 781//781 774//774
f 782//782 769//769 768//768
f 768//768 784//784 782//782
f 783//783 784//784 768//768
f 783//783 768//768 23//23
f 774//774 781//781 782//782
f 780//780 774//774 782//782
f 783//783 785//785 784//784
f 780//780 782//782 784//784
f 784//784 786//786 780//780
f 786//786 784//784 785//785
f 788//788 778//778 787//787
f 787//787 789//789 788//788
f 787//787 778//778 779//779
f 787//787 779//779 780//780
f 780//780 786//786 787//787
f 790//790 787//787 786//786
f 786//786 791//791 790//790
f 785//785 792//792 786//786
f 793//793 791//791 786//786
f 793//793 786//786 792//792
f 794//794 790//790 791//791
f 793//793 795//795 791//791
f 794//794 791//791 795//795
f 795//795 796//796 794//794
f 783//783 23//23 22//22
f 783//783 22//22 797//797
f 797//797 22//22 770//770
f 770//770 798//798 797//797
f 799//799 798//798 770//770
f 783//783 797//797 785//785
f 785//785 797//797 800//800
f 797//797 798//798 800//800
f 801//801 800//800 798//798
f 800//800 801//801 802//802
f 801//801 798//798 799//799
f 792//792 785//785 800//800
f 792//792 800//800 802//802
f 802//802 803//803 792//792
f 801//801 804//804 802//802
f 792//792 795//795 793//793
f 795//795 792//792 803//803
f 803//803 805//805 795//795
f 796//796 795//795 550//550
f 550//550 795//795 805//805
f 809//809 811//811 810//810
f 808//808 812//812 809//809
f 812//812 808//808 813//813
f 811//811 809//809 812//812
f 811//811 812//812 814//814
f 794//794 815//815 813//813
f 815//815 794//794 796//796
f 796//796 816//816 815//815
f 813//813 815//815 817//817
f 817//817 815//815 816//816
f 813//813 818//818 812//812
f 814//814 812//812 818//818
f 814//814 818//818 364//364
f 364//364 818//818 365//365
f 818//818 813//813 817//817
f 817//817 365//365 818//818
f 819//819 810//810 811//811
f 814//814 820//820 811//811
f 820//820 814//814 364//364
f 820//820 364//364 358//358
f 816//816 796//796 363//363
f 363//363 796//796 550//550
f 817//817 816//816 363//363
f 363//363 362//362 817//817
f 365//365 817//817 362//362
f 247//247 362//362 246//246
f 231//231 232//232 247//247
f 247//247 246//246 231//231
f 230//230 231//231 246//246
f 193//193 232//232 203//203
f 372//372 821//821 413//413
f 413//413 821//821 822//822
f 372//372 371//371 821//821
f 821//821 371//371 823//823
f 823//823 371//371 824//824
f 827//827 825//825 828//828
f 829//829 828//828 825//825
f 830//830 831//831 829//829
f 829//829 831//831 828//828
f 584//584 583//583 832//832
f 833//833 825//825 834//834
f 836//836 835//835 833//833
f 836//836 833//833 834//834
f 833//833 829//829 825//825
f 833//833 830//830 829//829
f 839//839 832//832 830//830
f 830//830 833//833 839//839
f 833//833 835//835 837//837
f 838//838 839//839 833//833
f 838//838 833//833 837//837
f 836//836 841//841 835//835
f 835//835 841//841 840//840
f 599//599 584//584 832//832
f 832//832 839//839 599//599
f 600//600 599//599 839//839
f 839//839 838//838 600//600
f 842//842 843//843 844//844
f 842//842 844//844 845//845
f 847//847 846//846 849//849
f 850//850 852//852 851//851
f 853//853 854//854 282//282
f 282//282 281//281 853//853
f 855//855 856//856 853//853
f 857//857 851//851 858//858
f 862//862 863//863 861//861
f 864//864 861//861 863//863
f 864//864 863//863 788//788
f 788//788 865//865 864//864
f 653//653 664//664 867//867
f 867//867 866//866 653//653
f 867//867 664//664 663//663
f 868//868 855//855 853//853
f 855//855 868//868 869//869
f 869//869 868//868 870//870
f 870//870 868//868 871//871
f 867//867 872//872 871//871
f 867//867 871//871 866//866
f 870//870 871//871 872//872
f 873//873 867//867 663//663
f 873//873 874//874 867//867
f 867//867 874//874 872//872
f 865//865 875//875 864//864
f 876//876 877//877 878//878
f 808//808 809//809 877//877
f 875//875 877//877 876//876
f 877//877 875//875 808//808
f 689//689 690//690 700//700
f 879//879 880//880 881//881
f 882//882 883//883 884//884
f 488//488 502//502 479//479
f 887//887 482//482 487//487
f 482//482 488//488 487//487
f 350//350 889//889 888//888
f 350//350 888//888 760//760
f 890//890 891//891 889//889
f 889//889 350//350 890//890
f 892//892 893//893 890//890
f 890//890 893//893 891//891
f 896//896 189//189 187//187
f 189//189 244//244 190//190
f 193//193 190//190 243//243
f 243//243 190//190 244//244
f 865//865 788//788 789//789
f 789//789 897//897 865//865
f 805//805 221//221 549//549
f 549//549 550//550 805//805
f 549//549 221//221 223//223
f 807//807 875//875 865//865
f 865//865 897//897 807//807
f 807//807 808//808 875//875
f 807//807 897//897 806//806
f 248//248 246//246 362//362
f 900//900 553//553 901//901
f 554//554 901//901 553//553
f 578//578 902//902 903//903
f 578//578 575//575 902//902
f 574//574 902//902 575//575
f 904//904 578//578 903//903
f 903//903 827//827 904//904
f 831//831 904//904 828//828
f 828//828 904//904 827//827
f 832//832 583//583 830//830
f 578//578 904//904 577//577
f 583//583 577//577 904//904
f 653//653 304//304 651//651
f 653//653 906//906 304//304
f 324//324 907//907 306//306
f 306//306 305//305 324//324
f 306//306 908//908 909//909
f 909//909 307//307 306//306
f 911//911 893//893 892//892
f 911//911 892//892 912//912
f 912//912 892//892 894//894
f 912//912 894//894 913//913
f 916//916 917//917 915//915
f 918//918 919//919 920//920
f 583//583 904//904 831//831
f 830//830 583//583 831//831
f 259//259 262//262 921//921
f 921//921 440//440 259//259
f 922//922 52//52 923//923
f 923//923 52//52 924//924
f 851//851 852//852 925//925
f 869//869 926//926 855//855
f 855//855 926//926 856//856
f 851//851 859//859 858//858
f 851//851 925//925 927//927
f 927//927 928//928 455//455
f 906//906 281//281 276//276
f 929//929 906//906 653//653
f 653//653 866//866 929//929
f 853//853 929//929 868//868
f 868//868 929//929 871//871
f 930//930 931//931 874//874
f 874//874 873//873 930//930
f 932//932 878//878 930//930
f 930//930 878//878 931//931
f 876//876 878//878 933//933
f 922//922 53//53 52//52
f 936//936 937//937 938//938
f 889//889 936//936 938//938
f 893//893 939//939 891//891
f 891//891 939//939 940//940
f 942//942 943//943 944//944
f 355//355 354//354 943//943
f 943//943 945//945 355//355
f 356//356 220//220 354//354
f 356//356 189//189 896//896
f 947//947 898//898 948//948
f 915//915 917//917 947//947
f 950//950 262//262 263//263
f 951//951 952//952 953//953
f 926//926 952//952 951//951
f 951//951 856//856 926//926
f 853//853 856//856 854//854
f 926//926 869//869 955//955
f 859//859 956//956 957//957
f 957//957 858//858 859//859
f 958//958 644//644 456//456
f 456//456 959//959 958//958
f 960//960 958//958 959//959
f 281//281 906//906 853//853
f 853//853 906//906 929//929
f 871//871 929//929 866//866
f 961//961 931//931 878//878
f 878//878 962//962 961//961
f 962//962 878//878 877//877
f 962//962 877//877 810//810
f 810//810 877//877 809//809
f 936//936 347//347 937//937
f 940//940 348//348 347//347
f 940//940 347//347 936//936
f 939//939 348//348 940//940
f 939//939 963//963 348//348
f 889//889 891//891 936//936
f 936//936 891//891 940//940
f 912//912 966//966 941//941
f 912//912 967//967 966//966
f 969//969 968//968 970//970
f 242//242 971//971 968//968
f 968//968 969//969 242//242
f 820//820 242//242 969//969
f 969//969 811//811 820//820
f 972//972 973//973 971//971
f 972//972 971//971 242//242
f 820//820 972//972 242//242
f 973//973 972//972 974//974
f 359//359 975//975 973//973
f 973//973 974//974 359//359
f 358//358 974//974 820//820
f 820//820 974//974 972//972
f 358//358 359//359 974//974
f 359//359 548//548 975//975
f 976//976 978//978 445//445
f 981//981 980//980 982//982
f 982//982 980//980 979//979
f 980//980 638//638 978//978
f 848//848 982//982 984//984
f 273//273 980//980 981//981
f 848//848 981//981 982//982
f 848//848 273//273 981//981
f 980//980 273//273 983//983
f 987//987 458//458 457//457
f 457//457 460//460 987//987
f 986//986 985//985 990//990
f 776//776 778//778 992//992
f 369//369 368//368 993//993
f 369//369 994//994 995//995
f 369//369 996//996 994//994
f 369//369 993//993 556//556
f 556//556 993//993 998//998
f 556//556 998//998 558//558
f 558//558 998//998 467//467
f 556//556 996//996 369//369
f 558//558 467//467 466//466
f 610//610 999//999 1000//1000
f 1000//1000 611//611 610//610
f 410//410 413//413 999//999
f 999//999 610//610 410//410
f 374//374 611//611 1001//1001
f 1001//1001 1002//1002 374//374
f 375//375 610//610 374//374
f 375//375 410//410 610//610
f 612//612 375//375 374//374
f 1003//1003 374//374 1004//1004
f 1004//1004 374//374 1002//1002
f 390//390 612//612 1003//1003
f 1003//1003 612//612 374//374
f 390//390 376//376 612//612
f 1006//1006 1005//1005 390//390
f 977//977 1005//1005 1006//1006
f 1006//1006 976//976 977//977
f 1005//1005 391//391 390//390
f 249//249 256//256 393//393
f 395//395 949//949 254//254
f 258//258 633//633 1007//1007
f 410//410 409//409 413//413
f 1005//1005 977//977 434//434
f 391//391 417//417 376//376
f 424//424 420//420 421//421
f 1008//1008 421//421 391//391
f 391//391 1005//1005 1008//1008
f 436//436 424//424 421//421
f 436//436 421//421 1008//1008
f 434//434 436//436 1008//1008
f 434//434 1008//1008 1005//1005
f 268//268 924//924 269//269
f 980//980 845//845 979//979
f 270//270 272//272 849//849
f 849//849 293//293 270//270
f 443//443 434//434 977//977
f 286//286 285//285 1010//1010
f 760//760 1009//1009 286//286
f 286//286 1010//1010 760//760
f 290//290 1011//1011 453//453
f 1011//1011 1010//1010 285//285
f 1012//1012 760//760 1010//1010
f 1010//1010 1011//1011 1012//1012
f 1011//1011 290//290 1012//1012
f 1012//1012 290//290 640//640
f 289//289 640//640 290//290
f 644//644 639//639 289//289
f 461//461 1013//1013 1014//1014
f 1014//1014 462//462 461//461
f 1016//1016 666//666 1017//1017
f 1018//1018 1016//1016 1017//1017
f 993//993 368//368 1019//1019
f 1019//1019 368//368 667//667
f 1019//1019 667//667 1020//1020
f 1020//1020 667//667 666//666
f 1019//1019 1021//1021 993//993
f 1021//1021 1019//1019 1022//1022
f 1022//1022 1019//1019 1020//1020
f 1020//1020 666//666 1023//1023
f 1023//1023 666//666 1016//1016
f 1024//1024 1023//1023 1016//1016
f 1016//1016 1018//1018 1024//1024
f 1022//1022 1020//1020 1023//1023
f 1023//1023 1025//1025 1022//1022
f 1024//1024 1025//1025 1023//1023
f 1027//1027 1028//1028 1029//1029
f 1027//1027 1029//1029 1026//1026
f 1030//1030 1031//1031 1028//1028
f 1030//1030 1028//1028 1027//1027
f 1015//1015 1032//1032 1026//1026
f 1026//1026 1032//1032 1033//1033
f 1034//1034 1026//1026 1033//1033
f 1034//1034 1027//1027 1026//1026
f 998//998 993//993 1021//1021
f 1021//1021 314//314 998//998
f 314//314 1021//1021 1022//1022
f 467//467 998//998 314//314
f 314//314 313//313 467//467
f 465//465 1022//1022 1025//1025
f 1025//1025 935//935 465//465
f 1024//1024 935//935 1025//1025
f 937//937 53//53 938//938
f 1035//1035 937//937 347//347
f 888//888 938//938 1009//1009
f 938//938 888//888 889//889
f 760//760 888//888 1009//1009
f 760//760 351//351 350//350
f 1012//1012 351//351 760//760
f 1012//1012 640//640 761//761
f 761//761 351//351 1012//1012
f 546//546 890//890 350//350
f 890//890 546//546 353//353
f 1036//1036 1037//1037 1038//1038
f 1039//1039 1040//1040 1038//1038
f 1038//1038 772//772 1039//1039
f 772//772 1038//1038 1037//1037
f 1037//1037 773//773 772//772
f 1041//1041 1042//1042 1043//1043
f 1043//1043 1042//1042 1044//1044
f 1043//1043 1045//1045 1041//1041
f 1041//1041 1045//1045 1046//1046
f 1046//1046 1036//1036 1041//1041
f 1036//1036 1046//1046 1037//1037
f 1046//1046 773//773 1037//1037
f 1047//1047 767//767 1039//1039
f 776//776 1048//1048 1047//1047
f 1047//1047 1039//1039 772//772
f 772//772 771//771 1047//1047
f 776//776 1047//1047 771//771
f 777//777 1048//1048 776//776
f 916//916 915//915 1049//1049
f 995//995 367//367 369//369
f 1050//1050 917//917 1054//1054
f 1054//1054 1055//1055 1050//1050
f 1051//1051 1050//1050 1058//1058
f 1051//1051 1058//1058 1059//1059
f 1059//1059 1060//1060 1051//1051
f 1060//1060 1059//1059 1061//1061
f 1062//1062 997//997 822//822
f 997//997 1063//1063 822//822
f 1051//1051 1060//1060 1052//1052
f 1061//1061 1064//1064 1060//1060
f 1060//1060 1065//1065 1052//1052
f 1065//1065 1060//1060 1066//1066
f 1061//1061 1067//1067 1064//1064
f 1061//1061 1068//1068 1067//1067
f 1069//1069 1070//1070 1067//1067
f 1067//1067 1068//1068 918//918
f 1067//1067 918//918 1071//1071
f 1071//1071 1069//1069 1067//1067
f 920//920 1071//1071 918//918
f 1069//1069 1072//1072 1073//1073
f 1069//1069 1073//1073 1070//1070
f 1074//1074 1073//1073 1072//1072
f 1075//1075 1076//1076 1072//1072
f 1072//1072 1069//1069 1075//1075
f 1076//1076 1075//1075 903//903
f 1074//1074 1072//1072 1076//1076
f 1076//1076 1077//1077 1074//1074
f 1078//1078 1075//1075 920//920
f 920//920 1075//1075 1071//1071
f 1071//1071 1075//1075 1069//1069
f 1079//1079 903//903 1078//1078
f 1078//1078 903//903 1075//1075
f 1080//1080 1081//1081 1082//1082
f 1083//1083 1080//1080 1082//1082
f 1082//1082 1084//1084 1083//1083
f 1080//1080 920//920 1081//1081
f 1083//1083 1086//1086 1080//1080
f 826//826 1079//1079 1085//1085
f 826//826 1085//1085 1086//1086
f 1086//1086 1078//1078 920//920
f 920//920 1080//1080 1086//1086
f 1085//1085 1079//1079 1086//1086
f 1086//1086 1079//1079 1078//1078
f 1053//1053 1052//1052 1065//1065
f 1065//1065 1087//1087 1053//1053
f 1074//1074 1088//1088 1065//1065
f 1065//1065 1088//1088 1087//1087
f 1088//1088 1074//1074 1077//1077
f 1077//1077 1089//1089 1088//1088
f 1088//1088 1090//1090 1087//1087
f 1091//1091 1083//1083 1084//1084
f 1093//1093 1086//1086 1083//1083
f 1083//1083 1091//1091 1093//1093
f 834//834 826//826 1093//1093
f 1093//1093 826//826 1086//1086
f 1091//1091 1092//1092 1093//1093
f 1093//1093 1092//1092 1094//1094
f 1093//1093 1094//1094 834//834
f 834//834 1094//1094 836//836
f 1095//1095 836//836 1094//1094
f 903//903 902//902 1076//1076
f 1077//1077 1076//1076 1096//1096
f 1096//1096 1076//1076 902//902
f 903//903 1079//1079 827//827
f 826//826 825//825 1079//1079
f 825//825 827//827 1079//1079
f 834//834 825//825 826//826
f 1097//1097 841//841 1095//1095
f 1095//1095 841//841 836//836
f 841//841 1097//1097 840//840
f 1098//1098 840//840 1097//1097
f 437//437 431//431 435//435
f 1099//1099 437//437 439//439
f 437//437 1099//1099 433//433
f 1100//1100 427//427 260//260
f 440//440 921//921 1101//1101
f 1102//1102 1101//1101 921//921
f 266//266 264//264 1102//1102
f 1102//1102 264//264 1101//1101
f 924//924 52//52 1103//1103
f 451//451 263//263 433//433
f 263//263 451//451 950//950
f 857//857 950//950 451//451
f 450//450 1099//1099 439//439
f 439//439 446//446 450//450
f 452//452 450//450 446//446
f 446//446 277//277 452//452
f 451//451 433//433 450//450
f 450//450 433//433 1099//1099
f 851//851 857//857 850//850
f 850//850 857//857 451//451
f 1104//1104 852//852 1105//1105
f 1104//1104 925//925 852//852
f 1104//1104 1106//1106 928//928
f 928//928 925//925 1104//1104
f 1106//1106 1104//1104 952//952
f 1107//1107 928//928 1106//1106
f 1108//1108 1106//1106 955//955
f 955//955 1106//1106 952//952
f 1109//1109 1108//1108 955//955
f 1110//1110 1107//1107 1106//1106
f 1106//1106 1108//1108 1110//1110
f 1111//1111 1110//1110 1109//1109
f 1109//1109 1110//1110 1108//1108
f 957//957 1102//1102 950//950
f 956//956 1102//1102 957//957
f 857//857 957//957 950//950
f 287//287 266//266 956//956
f 956//956 266//266 1102//1102
f 928//928 927//927 925//925
f 928//928 1107//1107 1112//1112
f 1112//1112 455//455 928//928
f 455//455 1112//1112 1113//1113
f 1114//1114 1112//1112 1110//1110
f 1110//1110 1112//1112 1107//1107
f 1115//1115 1114//1114 1110//1110
f 1110//1110 1111//1111 1115//1115
f 1114//1114 1113//1113 1112//1112
f 1116//1116 1113//1113 1114//1114
f 1116//1116 959//959 1113//1113
f 959//959 1116//1116 960//960
f 962//962 960//960 1116//1116
f 987//987 1117//1117 1118//1118
f 270//270 293//293 300//300
f 872//872 1111//1111 870//870
f 1111//1111 872//872 874//874
f 874//874 961//961 1111//1111
f 961//961 874//874 931//931
f 961//961 1115//1115 1111//1111
f 1119//1119 1120//1120 1121//1121
f 1121//1121 1032//1032 1122//1122
f 1121//1121 1120//1120 1032//1032
f 1121//1121 1123//1123 1119//1119
f 1124//1124 1120//1120 1119//1119
f 1124//1124 1033//1033 1120//1120
f 1125//1125 1033//1033 1124//1124
f 1028//1028 1126//1126 1127//1127
f 1127//1127 879//879 1018//1018
f 879//879 1127//1127 1126//1126
f 1126//1126 1128//1128 879//879
f 1126//1126 1129//1129 1130//1130
f 1130//1130 1128//1128 1126//1126
f 1034//1034 1033//1033 1125//1125
f 1034//1034 1030//1030 1027//1027
f 908//908 1131//1131 909//909
f 909//909 1131//1131 675//675
f 677//677 909//909 675//675
f 909//909 677//677 307//307
f 1132//1132 1133//1133 307//307
f 677//677 678//678 1132//1132
f 1132//1132 307//307 677//677
f 678//678 674//674 1134//1134
f 1134//1134 68//68 678//678
f 68//68 70//70 1132//1132
f 1132//1132 70//70 1133//1133
f 1133//1133 70//70 65//65
f 1132//1132 678//678 68//68
f 1135//1135 683//683 1136//1136
f 1135//1135 1136//1136 57//57
f 685//685 74//74 58//58
f 685//685 77//77 74//74
f 58//58 1136//1136 683//683
f 683//683 685//685 58//58
f 91//91 76//76 1137//1137
f 91//91 1137//1137 1138//1138
f 87//87 91//91 1138//1138
f 1138//1138 88//88 87//87
f 119//119 89//89 1139//1139
f 102//102 89//89 119//119
f 880//880 879//879 1141//1141
f 1141//1141 879//879 1128//1128
f 696//696 880//880 1141//1141
f 1128//1128 1130//1130 1142//1142
f 1142//1142 1141//1141 1128//1128
f 696//696 1141//1141 697//697
f 697//697 1141//1141 1142//1142
f 1143//1143 696//696 695//695
f 1144//1144 1145//1145 1146//1146
f 1146//1146 910//910 1140//1140
f 1140//1140 1144//1144 1146//1146
f 883//883 713//713 884//884
f 1147//1147 910//910 1148//1148
f 713//713 883//883 714//714
f 885//885 886//886 717//717
f 1146//1146 1145//1145 719//719
f 1149//1149 1150//1150 1151//1151
f 1149//1149 111//111 475//475
f 1149//1149 475//475 1150//1150
f 323//323 1151//1151 327//327
f 323//323 305//305 328//328
f 1133//1133 111//111 328//328
f 1151//1151 323//323 328//328
f 328//328 1149//1149 1151//1151
f 1149//1149 328//328 111//111
f 329//329 327//327 1152//1152
f 1152//1152 327//327 1151//1151
f 1133//1133 65//65 111//111
f 1148//1148 1155//1155 1147//1147
f 342//342 1156//1156 1157//1157
f 49//49 1158//1158 47//47
f 47//47 1158//1158 542//542
f 341//341 342//342 1159//1159
f 344//344 341//341 346//346
f 346//346 341//341 1159//1159
f 347//347 346//346 1035//1035
f 1160//1160 542//542 1161//1161
f 1161//1161 1162//1162 1160//1160
f 1163//1163 1160//1160 1162//1162
f 1162//1162 1164//1164 1163//1163
f 51//51 541//541 1160//1160
f 1160//1160 541//541 542//542
f 50//50 51//51 1160//1160
f 50//50 1160//1160 1163//1163
f 1165//1165 1163//1163 1164//1164
f 1166//1166 1163//1163 1165//1165
f 1163//1163 1166//1166 50//50
f 1167//1167 757//757 755//755
f 755//755 757//757 756//756
f 758//758 757//757 1167//1167
f 544//544 210//210 212//212
f 1168//1168 3//3 758//758
f 1169//1169 543//543 1168//1168
f 211//211 543//543 1169//1169
f 155//155 159//159 1170//1170
f 161//161 156//156 1171//1171
f 1171//1171 156//156 1172//1172
f 212//212 168//168 161//161
f 212//212 161//161 1171//1171
f 349//349 761//761 547//547
f 547//547 546//546 349//349
f 1173//1173 895//895 352//352
f 352//352 895//895 353//353
f 894//894 895//895 1174//1174
f 1175//1175 1174//1174 895//895
f 895//895 1173//1173 1175//1175
f 762//762 764//764 639//639
f 1175//1175 1173//1173 944//944
f 942//942 944//944 1176//1176
f 1176//1176 944//944 1173//1173
f 1177//1177 942//942 1176//1176
f 973//973 1177//1177 971//971
f 971//971 1177//1177 1178//1178
f 1177//1177 973//973 975//975
f 1175//1175 944//944 943//943
f 942//942 1177//1177 548//548
f 1177//1177 975//975 548//548
f 767//767 1179//1179 766//766
f 767//767 766//766 1039//1039
f 1039//1039 766//766 1040//1040
f 799//799 1180//1180 1181//1181
f 1181//1181 1182//1182 799//799
f 801//801 799//799 1182//1182
f 1183//1183 801//801 1182//1182
f 1182//1182 1181//1181 1184//1184
f 1184//1184 1181//1181 1185//1185
f 1186//1186 1182//1182 1184//1184
f 1184//1184 1187//1187 1186//1186
f 1183//1183 1182//1182 1186//1186
f 1183//1183 1186//1186 1187//1187
f 1187//1187 1188//1188 1183//1183
f 804//804 801//801 1183//1183
f 803//803 802//802 804//804
f 803//803 804//804 222//222
f 805//805 803//803 221//221
f 221//221 803//803 222//222
f 1183//1183 1189//1189 804//804
f 1189//1189 1183//1183 1188//1188
f 222//222 804//804 1189//1189
f 223//223 222//222 1189//1189
f 1190//1190 1049//1049 915//915
f 899//899 1194//1194 1196//1196
f 948//948 915//915 947//947
f 1049//1049 1054//1054 916//916
f 1199//1199 1191//1191 1198//1198
f 1049//1049 1199//1199 1054//1054
f 1054//1054 917//917 916//916
f 1055//1055 1054//1054 1200//1200
f 1200//1200 1057//1057 1055//1055
f 1058//1058 1050//1050 1055//1055
f 1058//1058 1055//1055 1057//1057
f 1057//1057 1059//1059 1058//1058
f 1059//1059 1057//1057 1056//1056
f 1061//1061 1059//1059 1056//1056
f 824//824 1201//1201 1095//1095
f 1095//1095 1201//1201 1203//1203
f 1095//1095 1203//1203 1097//1097
f 1066//1066 1060//1060 1064//1064
f 1066//1066 1064//1064 1070//1070
f 1070//1070 1064//1064 1067//1067
f 1073//1073 1066//1066 1070//1070
f 1065//1065 1066//1066 1074//1074
f 1074//1074 1066//1066 1073//1073
f 1088//1088 1089//1089 1090//1090
f 1204//1204 1205//1205 1206//1206
f 1091//1091 1084//1084 1204//1204
f 1204//1204 1084//1084 1205//1205
f 1207//1207 1204//1204 1206//1206
f 1206//1206 822//822 1207//1207
f 1207//1207 1092//1092 1091//1091
f 1207//1207 1091//1091 1204//1204
f 821//821 1207//1207 822//822
f 823//823 1092//1092 1207//1207
f 1207//1207 821//821 823//823
f 824//824 1094//1094 823//823
f 823//823 1094//1094 1092//1092
f 1094//1094 824//824 1095//1095
f 1096//1096 902//902 574//574
f 579//579 575//575 578//578
f 1089//1089 1077//1077 1208//1208
f 1208//1208 1077//1077 1096//1096
f 1208//1208 1209//1209 1089//1089
f 1208//1208 905//905 1209//1209
f 1208//1208 1096//1096 905//905
f 905//905 1096//1096 574//574
f 905//905 593//593 1209//1209
f 574//574 589//589 905//905
f 593//593 905//905 589//589
f 609//609 623//623 1213//1213
f 609//609 1213//1213 607//607
f 1215//1215 1214//1214 1210//1210
f 1215//1215 1216//1216 1214//1214
f 1216//1216 1215//1215 1217//1217
f 1210//1210 1211//1211 1218//1218
f 1218//1218 1215//1215 1210//1210
f 1219//1219 1218//1218 1211//1211
f 1211//1211 1212//1212 1219//1219
f 1220//1220 1215//1215 1218//1218
f 1220//1220 1217//1217 1215//1215
f 1221//1221 1220//1220 1219//1219
f 1219//1219 1220//1220 1218//1218
f 1222//1222 1219//1219 1212//1212
f 1223//1223 1221//1221 1222//1222
f 1222//1222 1221//1221 1219//1219
f 1221//1221 1223//1223 1225//1225
f 1224//1224 1225//1225 1223//1223
f 1225//1225 1224//1224 1226//1226
f 1232//1232 1228//1228 1233//1233
f 1233//1233 1228//1228 1230//1230
f 1233//1233 1230//1230 1234//1234
f 1234//1234 1230//1230 1231//1231
f 1235//1235 1234//1234 1236//1236
f 1236//1236 1234//1234 1231//1231
f 1237//1237 1233//1233 1234//1234
f 1234//1234 1235//1235 1238//1238
f 1239//1239 1201//1201 1202//1202
f 1202//1202 378//378 1239//1239
f 378//378 1202//1202 377//377
f 377//377 1202//1202 370//370
f 406//406 402//402 1239//1239
f 1240//1240 624//624 622//622
f 617//617 622//622 624//624
f 624//624 618//618 617//617
f 623//623 624//624 1240//1240
f 377//377 370//370 1241//1241
f 1241//1241 370//370 372//372
f 1241//1241 372//372 414//414
f 419//419 377//377 1241//1241
f 419//419 1241//1241 414//414
f 382//382 377//377 419//419
f 416//416 419//419 414//414
f 420//420 416//416 417//417
f 420//420 419//419 416//416
f 1101//1101 441//441 440//440
f 1102//1102 921//921 262//262
f 264//264 1242//1242 441//441
f 264//264 441//441 1101//1101
f 265//265 1242//1242 264//264
f 269//269 1103//1103 265//265
f 265//265 1103//1103 1242//1242
f 1103//1103 269//269 924//924
f 923//923 924//924 268//268
f 923//923 268//268 267//267
f 849//849 848//848 847//847
f 849//849 272//272 848//848
f 1105//1105 277//277 279//279
f 1104//1104 1105//1105 953//953
f 953//953 1105//1105 279//279
f 953//953 952//952 1104//1104
f 955//955 952//952 926//926
f 1109//1109 955//955 869//869
f 950//950 1102//1102 262//262
f 858//858 957//957 857//857
f 287//287 267//267 266//266
f 267//267 287//287 286//286
f 922//922 923//923 1009//1009
f 286//286 923//923 267//267
f 286//286 1009//1009 923//923
f 1115//1115 1116//1116 1114//1114
f 1116//1116 1115//1115 962//962
f 1243//1243 958//958 960//960
f 960//960 962//962 819//819
f 819//819 1243//1243 960//960
f 1244//1244 1245//1245 1246//1246
f 1247//1247 1244//1244 1246//1246
f 1247//1247 1246//1246 1248//1248
f 1248//1248 1246//1246 1249//1249
f 1245//1245 1244//1244 1250//1250
f 1251//1251 1252//1252 1253//1253
f 1246//1246 1245//1245 1231//1231
f 1246//1246 1231//1231 1230//1230
f 1231//1231 1245//1245 1236//1236
f 1236//1236 1245//1245 1252//1252
f 1251//1251 1254//1254 1252//1252
f 1252//1252 1254//1254 1236//1236
f 1238//1238 1235//1235 1255//1255
f 1256//1256 1255//1255 1257//1257
f 298//298 296//296 1258//1258
f 298//298 1258//1258 1259//1259
f 1259//1259 1117//1117 298//298
f 299//299 298//298 1117//1117
f 1117//1117 459//459 299//299
f 1118//1118 1117//1117 1259//1259
f 869//869 870//870 1109//1109
f 1109//1109 870//870 1111//1111
f 1115//1115 961//961 962//962
f 819//819 962//962 810//810
f 1260//1260 1261//1261 1123//1123
f 1123//1123 1261//1261 1262//1262
f 1123//1123 1262//1262 1263//1263
f 1263//1263 1119//1119 1123//1123
f 900//900 1264//1264 1260//1260
f 1260//1260 665//665 900//900
f 665//665 1260//1260 1123//1123
f 1123//1123 1121//1121 665//665
f 553//553 900//900 665//665
f 1122//1122 665//665 1121//1121
f 1265//1265 1266//1266 1263//1263
f 1266//1266 1265//1265 1267//1267
f 1119//1119 1263//1263 1268//1268
f 1268//1268 1263//1263 1266//1266
f 1267//1267 1268//1268 1266//1266
f 1119//1119 1268//1268 1124//1124
f 1269//1269 1124//1124 1268//1268
f 1268//1268 1270//1270 1269//1269
f 1271//1271 1125//1125 1269//1269
f 1269//1269 1125//1125 1124//1124
f 1030//1030 1273//1273 1031//1031
f 1031//1031 1273//1273 1274//1274
f 1130//1130 1129//1129 720//720
f 1125//1125 1271//1271 1034//1034
f 1275//1275 1273//1273 1030//1030
f 1275//1275 1030//1030 1034//1034
f 1275//1275 1034//1034 1271//1271
f 1275//1275 1271//1271 1272//1272
f 1276//1276 1277//1277 671//671
f 1277//1277 55//55 54//54
f 57//57 1136//1136 56//56
f 58//58 56//56 1136//1136
f 680//680 69//69 68//68
f 679//679 1134//1134 674//674
f 1278//1278 680//680 679//679
f 679//679 680//680 1134//1134
f 68//68 1134//1134 680//680
f 934//934 465//465 935//935
f 1142//1142 1130//1130 326//326
f 326//326 1130//1130 720//720
f 1142//1142 326//326 325//325
f 325//325 697//697 1142//1142
f 1143//1143 715//715 714//714
f 325//325 329//329 695//695
f 695//695 697//697 325//325
f 717//717 886//886 1279//1279
f 328//328 307//307 1133//1133
f 592//592 590//590 737//737
f 725//725 739//739 737//737
f 737//737 722//722 725//725
f 594//594 592//592 738//738
f 1280//1280 1269//1269 1270//1270
f 1269//1269 1280//1280 1271//1271
f 938//938 53//53 922//922
f 543//543 4//4 1168//1168
f 1168//1168 4//4 3//3
f 922//922 1009//1009 938//938
f 761//761 639//639 764//764
f 765//765 764//764 762//762
f 547//547 764//764 545//545
f 764//764 352//352 545//545
f 1178//1178 763//763 764//764
f 1178//1178 764//764 765//765
f 763//763 1173//1173 352//352
f 763//763 1178//1178 1177//1177
f 1176//1176 1173//1173 763//763
f 763//763 1177//1177 1176//1176
f 1243//1243 970//970 958//958
f 970//970 1243//1243 969//969
f 811//811 969//969 819//819
f 819//819 969//969 1243//1243
f 1281//1281 1282//1282 1283//1283
f 1283//1283 1038//1038 1040//1040
f 1045//1045 769//769 1046//1046
f 1284//1284 1285//1285 1286//1286
f 769//769 1045//1045 1287//1287
f 1287//1287 1288//1288 769//769
f 1286//1286 1288//1288 1287//1287
f 1289//1289 1290//1290 1291//1291
f 1292//1292 1293//1293 1294//1294
f 1289//1289 1294//1294 1293//1293
f 1297//1297 1298//1298 1296//1296
f 1300//1300 1299//1299 1301//1301
f 1302//1302 1303//1303 1304//1304
f 23//23 1299//1299 1300//1300
f 1300//1300 22//22 23//23
f 22//22 1300//1300 1304//1304
f 770//770 22//22 1304//1304
f 1305//1305 1304//1304 1303//1303
f 1303//1303 1180//1180 1305//1305
f 1303//1303 1302//1302 1306//1306
f 1303//1303 1308//1308 1180//1180
f 1309//1309 1310//1310 1180//1180
f 1311//1311 1310//1310 1309//1309
f 773//773 1046//1046 781//781
f 1305//1305 1180//1180 799//799
f 1181//1181 1180//1180 1310//1310
f 1310//1310 1185//1185 1181//1181
f 1310//1310 1311//1311 1185//1185
f 1312//1312 1187//1187 1184//1184
f 1313//1313 1188//1188 1187//1187
f 1187//1187 1312//1312 1313//1313
f 1314//1314 1189//1189 1188//1188
f 1315//1315 1314//1314 1188//1188
f 223//223 1189//1189 1314//1314
f 551//551 223//223 1314//1314
f 1314//1314 227//227 551//551
f 1313//1313 1312//1312 1316//1316
f 1312//1312 1184//1184 1316//1316
f 1318//1318 1319//1319 1320//1320
f 1319//1319 1318//1318 1321//1321
f 1322//1322 1321//1321 1317//1317
f 1325//1325 1326//1326 1324//1324
f 1324//1324 1326//1326 1323//1323
f 1317//1317 1323//1323 1326//1326
f 1317//1317 1326//1326 1322//1322
f 1322//1322 1326//1326 1328//1328
f 1328//1328 1326//1326 1327//1327
f 1329//1329 1274//1274 1273//1273
f 1330//1330 1329//1329 1273//1273
f 1273//1273 1275//1275 1330//1330
f 1331//1331 1320//1320 1319//1319
f 1332//1332 1319//1319 1321//1321
f 1333//1333 1319//1319 1332//1332
f 1332//1332 1276//1276 1333//1333
f 1332//1332 1321//1321 1334//1334
f 1334//1334 1321//1321 1322//1322
f 1276//1276 1332//1332 1334//1334
f 671//671 1333//1333 1276//1276
f 670//670 671//671 1277//1277
f 1336//1336 672//672 1337//1337
f 1336//1336 1337//1337 1335//1335
f 1338//1338 1335//1335 1329//1329
f 1339//1339 1336//1336 1338//1338
f 1338//1338 1336//1336 1335//1335
f 1340//1340 1338//1338 1341//1341
f 1341//1341 1338//1338 1329//1329
f 1342//1342 1340//1340 1343//1343
f 1343//1343 1340//1340 1341//1341
f 1343//1343 1341//1341 1344//1344
f 1335//1335 1345//1345 1274//1274
f 1345//1345 1335//1335 1337//1337
f 1337//1337 1131//1131 1345//1345
f 1329//1329 1335//1335 1274//1274
f 1131//1131 1337//1337 675//675
f 675//675 1337//1337 673//673
f 1341//1341 1329//1329 1330//1330
f 1330//1330 1344//1344 1341//1341
f 1024//1024 1018//1018 881//881
f 881//881 935//935 1024//1024
f 881//881 1018//1018 879//879
f 1157//1157 1346//1346 342//342
f 1035//1035 1347//1347 1348//1348
f 346//346 1159//1159 1347//1347
f 1347//1347 1035//1035 346//346
f 1159//1159 342//342 1346//1346
f 1275//1275 1272//1272 1330//1330
f 1330//1330 1272//1272 1344//1344
f 1346//1346 1157//1157 1349//1349
f 1159//1159 1346//1346 1349//1349
f 1350//1350 1347//1347 1159//1159
f 1343//1343 1344//1344 1272//1272
f 1353//1353 1352//1352 1351//1351
f 1354//1354 1352//1352 1355//1355
f 1355//1355 1352//1352 1353//1353
f 1356//1356 1//1 1357//1357
f 2//2 1357//1357 1//1
f 934//934 1358//1358 465//465
f 1359//1359 704//704 703//703
f 1159//1159 1349//1349 1350//1350
f 1350//1350 1348//1348 1347//1347
f 1172//1172 156//156 1361//1361
f 1362//1362 1363//1363 1364//1364
f 1364//1364 1365//1365 1362//1362
f 1370//1370 1371//1371 1369//1369
f 1369//1369 1371//1371 1368//1368
f 1372//1372 1373//1373 1362//1362
f 1362//1362 1373//1373 1363//1363
f 1374//1374 1375//1375 1376//1376
f 1374//1374 1377//1377 1375//1375
f 1373//1373 1374//1374 1363//1363
f 1363//1363 1374//1374 1376//1376
f 1374//1374 1373//1373 1378//1378
f 1379//1379 1378//1378 1372//1372
f 1372//1372 1378//1378 1373//1373
f 1374//1374 1378//1378 1380//1380
f 1381//1381 1380//1380 1378//1378
f 1378//1378 1379//1379 1381//1381
f 1382//1382 1383//1383 1384//1384
f 1386//1386 1362//1362 1365//1365
f 1388//1388 1379//1379 1372//1372
f 1388//1388 1389//1389 1390//1390
f 1390//1390 1389//1389 1391//1391
f 1391//1391 1389//1389 1392//1392
f 1393//1393 1381//1381 1388//1388
f 1388//1388 1381//1381 1379//1379
f 1394//1394 1395//1395 1393//1393
f 1393//1393 1395//1395 1381//1381
f 1396//1396 1393//1393 1388//1388
f 1396//1396 1388//1388 1390//1390
f 1396//1396 1387//1387 1393//1393
f 1393//1393 1387//1387 1394//1394
f 1397//1397 1396//1396 1390//1390
f 1397//1397 1390//1390 1398//1398
f 1002//1002 1001//1001 1387//1387
f 1387//1387 1399//1399 1002//1002
f 1400//1400 1002//1002 1399//1399
f 844//844 1401//1401 1403//1403
f 1403//1403 1401//1401 1404//1404
f 1401//1401 1405//1405 1402//1402
f 979//979 844//844 1406//1406
f 978//978 976//976 842//842
f 1367//1367 1366//1366 1408//1408
f 1409//1409 1410//1410 1411//1411
f 1412//1412 1413//1413 1414//1414
f 91//91 80//80 76//76
f 95//95 94//94 80//80
f 95//95 80//80 91//91
f 92//92 95//95 90//90
f 90//90 95//95 91//91
f 1155//1155 706//706 1415//1415
f 1155//1155 1148//1148 706//706
f 1311//1311 1309//1309 1416//1416
f 1417//1417 1368//1368 1418//1418
f 1369//1369 1368//1368 1417//1417
f 1419//1419 1369//1369 1417//1417
f 1377//1377 1374//1374 1420//1420
f 1420//1420 1383//1383 1377//1377
f 1421//1421 1377//1377 1383//1383
f 1380//1380 1420//1420 1374//1374
f 1422//1422 1420//1420 1380//1380
f 1395//1395 1422//1422 1381//1381
f 1381//1381 1422//1422 1380//1380
f 1383//1383 1420//1420 1423//1423
f 1421//1421 1383//1383 1382//1382
f 1423//1423 1384//1384 1383//1383
f 997//997 1384//1384 1423//1423
f 1422//1422 1423//1423 1420//1420
f 1423//1423 1422//1422 1425//1425
f 1422//1422 1395//1395 1426//1426
f 1063//1063 1425//1425 1426//1426
f 1426//1426 1425//1425 1422//1422
f 1425//1425 997//997 1423//1423
f 1427//1427 1371//1371 1413//1413
f 1428//1428 1371//1371 1370//1370
f 1000//1000 1430//1430 1429//1429
f 1001//1001 1429//1429 1387//1387
f 611//611 1000//1000 1001//1001
f 1001//1001 1000//1000 1429//1429
f 999//999 1063//1063 1430//1430
f 1430//1430 1000//1000 999//999
f 1429//1429 1426//1426 1395//1395
f 1429//1429 1395//1395 1394//1394
f 1426//1426 1429//1429 1430//1430
f 1430//1430 1063//1063 1426//1426
f 1394//1394 1387//1387 1429//1429
f 1431//1431 1432//1432 1360//1360
f 1431//1431 1360//1360 1270//1270
f 1360//1360 1432//1432 1433//1433
f 1280//1280 1270//1270 1434//1434
f 1434//1434 1270//1270 1360//1360
f 1434//1434 1360//1360 1433//1433
f 1433//1433 1343//1343 1434//1434
f 1271//1271 1280//1280 1434//1434
f 1434//1434 1272//1272 1271//1271
f 1272//1272 1434//1434 1343//1343
f 1342//1342 1343//1343 1433//1433
f 1342//1342 1433//1433 1436//1436
f 1342//1342 1436//1436 1435//1435
f 1180//1180 1308//1308 1309//1309
f 1137//1137 1438//1438 1138//1138
f 76//76 77//77 1439//1439
f 108//108 1440//1440 1441//1441
f 88//88 1138//1138 1438//1438
f 1438//1438 1442//1442 88//88
f 89//89 88//88 1139//1139
f 1139//1139 88//88 1442//1442
f 1444//1444 1348//1348 1443//1443
f 1411//1411 1367//1367 1445//1445
f 1399//1399 1387//1387 1396//1396
f 1396//1396 1397//1397 1399//1399
f 1446//1446 1400//1400 1397//1397
f 1397//1397 1400//1400 1399//1399
f 1400//1400 1004//1004 1002//1002
f 1435//1435 1436//1436 1448//1448
f 1289//1289 1293//1293 1290//1290
f 1449//1449 1450//1450 1289//1289
f 1451//1451 1259//1259 1258//1258
f 81//81 748//748 79//79
f 1452//1452 83//83 81//81
f 81//81 80//80 1452//1452
f 748//748 81//81 82//82
f 82//82 81//81 83//83
f 80//80 94//94 1452//1452
f 1453//1453 1454//1454 1372//1372
f 1388//1388 1372//1372 1454//1454
f 1454//1454 1455//1455 1389//1389
f 1389//1389 1455//1455 1392//1392
f 1454//1454 1389//1389 1388//1388
f 1391//1391 1392//1392 1456//1456
f 1391//1391 1456//1456 1457//1457
f 1457//1457 1456//1456 1458//1458
f 1459//1459 1460//1460 847//847
f 984//984 982//982 1461//1461
f 984//984 1461//1461 1459//1459
f 32//32 1458//1458 1456//1456
f 1084//1084 1082//1082 1462//1462
f 1464//1464 445//445 638//638
f 638//638 445//445 978//978
f 983//983 638//638 980//980
f 1465//1465 1157//1157 1156//1156
f 964//964 339//339 343//343
f 963//963 965//965 348//348
f 348//348 965//965 343//343
f 343//343 965//965 964//964
f 1175//1175 1467//1467 1174//1174
f 943//943 942//942 945//945
f 445//445 977//977 976//976
f 445//445 443//443 977//977
f 443//443 445//445 444//444
f 659//659 658//658 656//656
f 711//711 709//709 1468//1468
f 711//711 1468//1468 712//712
f 344//344 345//345 348//348
f 361//361 945//945 548//548
f 548//548 945//945 942//942
f 649//649 274//274 301//301
f 704//704 1469//1469 1415//1415
f 704//704 1415//1415 338//338
f 1468//1468 1415//1415 706//706
f 1156//1156 49//49 1465//1465
f 1470//1470 1068//1068 1471//1471
f 1384//1384 1062//1062 1463//1463
f 1384//1384 1463//1463 1424//1424
f 1463//1463 1062//1062 1205//1205
f 438//438 435//435 434//434
f 1474//1474 1464//1464 983//983
f 983//983 1464//1464 638//638
f 1475//1475 1474//1474 983//983
f 1476//1476 1475//1475 983//983
f 983//983 273//273 1476//1476
f 275//275 1475//1475 1476//1476
f 848//848 272//272 273//273
f 271//271 273//273 272//272
f 1476//1476 273//273 271//271
f 274//274 1476//1476 271//271
f 274//274 275//275 1476//1476
f 448//448 438//438 443//443
f 443//443 438//438 434//434
f 438//438 448//448 446//446
f 277//277 446//446 447//447
f 447//447 446//446 448//448
f 1105//1105 452//452 277//277
f 646//646 860//860 650//650
f 860//860 647//647 648//648
f 651//651 274//274 649//649
f 304//304 274//274 651//651
f 649//649 650//650 651//651
f 1147//1147 1155//1155 1469//1469
f 1469//1469 1359//1359 1147//1147
f 1415//1415 1469//1469 1155//1155
f 1415//1415 1468//1468 338//338
f 348//348 343//343 344//344
f 781//781 1046//1046 782//782
f 782//782 1046//1046 769//769
f 1206//1206 1205//1205 1062//1062
f 1477//1477 1478//1478 1479//1479
f 707//707 338//338 1468//1468
f 1161//1161 1158//1158 340//340
f 1161//1161 542//542 1158//1158
f 1480//1480 1165//1165 1481//1481
f 1162//1162 1161//1161 340//340
f 1162//1162 340//340 339//339
f 1164//1164 1162//1162 339//339
f 339//339 964//964 1164//1164
f 1481//1481 1164//1164 963//963
f 963//963 1164//1164 965//965
f 965//965 1164//1164 964//964
f 1164//1164 1481//1481 1165//1165
f 354//354 1467//1467 1175//1175
f 354//354 220//220 218//218
f 354//354 218//218 1467//1467
f 1175//1175 943//943 354//354
f 1359//1359 1469//1469 704//704
f 1158//1158 49//49 1156//1156
f 340//340 1158//1158 1156//1156
f 1483//1483 1045//1045 1043//1043
f 225//225 551//551 227//227
f 340//340 1156//1156 342//342
f 1467//1467 1482//1482 1174//1174
f 1467//1467 216//216 1482//1482
f 218//218 216//216 1467//1467
f 997//997 1062//1062 1384//1384
f 822//822 1206//1206 1062//1062
f 1484//1484 1168//1168 1485//1485
f 1484//1484 1485//1485 1486//1486
f 1169//1169 1168//1168 1484//1484
f 1485//1485 1167//1167 1487//1487
f 1487//1487 1167//1167 755//755
f 1486//1486 1485//1485 1487//1487
f 1413//1413 1412//1412 1488//1488
f 1205//1205 1462//1462 1463//1463
f 1464//1464 278//278 445//445
f 1474//1474 278//278 1464//1464
f 1489//1489 1474//1474 1475//1475
f 1220//1220 1479//1479 1217//1217
f 278//278 1474//1474 280//280
f 1492//1492 1414//1414 1413//1413
f 1371//1371 1385//1385 1493//1493
f 1385//1385 1494//1494 1495//1495
f 1495//1495 1493//1493 1385//1385
f 1493//1493 1492//1492 1413//1413
f 1497//1497 1477//1477 1220//1220
f 1498//1498 1478//1478 1477//1477
f 1498//1498 1496//1496 1478//1478
f 1412//1412 1414//1414 1471//1471
f 1463//1463 1500//1500 1501//1501
f 1463//1463 1462//1462 1500//1500
f 1502//1502 1503//1503 1414//1414
f 1502//1502 1414//1414 1504//1504
f 1384//1384 1424//1424 1382//1382
f 1493//1493 1413//1413 1371//1371
f 1082//1082 1081//1081 1505//1505
f 1505//1505 1462//1462 1082//1082
f 1220//1220 1221//1221 1497//1497
f 1506//1506 1498//1498 1497//1497
f 1497//1497 1498//1498 1477//1477
f 1508//1508 1227//1227 1507//1507
f 1509//1509 1506//1506 1497//1497
f 1497//1497 1225//1225 1509//1509
f 1510//1510 1506//1506 1509//1509
f 1225//1225 1226//1226 1509//1509
f 1511//1511 1226//1226 1227//1227
f 1227//1227 1508//1508 1511//1511
f 1512//1512 1509//1509 1226//1226
f 1226//1226 1511//1511 1512//1512
f 1515//1515 1514//1514 1513//1513
f 1496//1496 1499//1499 1513//1513
f 1516//1516 1513//1513 1499//1499
f 1517//1517 1499//1499 1498//1498
f 1517//1517 1498//1498 1506//1506
f 1517//1517 1516//1516 1499//1499
f 1518//1518 1513//1513 1516//1516
f 1518//1518 1515//1515 1513//1513
f 1519//1519 1506//1506 1510//1510
f 1519//1519 1517//1517 1506//1506
f 1521//1521 1507//1507 1520//1520
f 1520//1520 1507//1507 1473//1473
f 1521//1521 1508//1508 1507//1507
f 319//319 318//318 1522//1522
f 1523//1523 1524//1524 1410//1410
f 296//296 297//297 1527//1527
f 1530//1530 1531//1531 1529//1529
f 1532//1532 1533//1533 1366//1366
f 1366//1366 1367//1367 1411//1411
f 1367//1367 1408//1408 1534//1534
f 1366//1366 1411//1411 1532//1532
f 1532//1532 1411//1411 1410//1410
f 1532//1532 1410//1410 1524//1524
f 1418//1418 1528//1528 1533//1533
f 1529//1529 1528//1528 1418//1418
f 1418//1418 1368//1368 1529//1529
f 1368//1368 1530//1530 1529//1529
f 1532//1532 1524//1524 1418//1418
f 1418//1418 1524//1524 1535//1535
f 1488//1488 1536//1536 1427//1427
f 1427//1427 1413//1413 1488//1488
f 1537//1537 1412//1412 1068//1068
f 1068//1068 1412//1412 1471//1471
f 1368//1368 1427//1427 1530//1530
f 1427//1427 1368//1368 1371//1371
f 1520//1520 1473//1473 1472//1472
f 1014//1014 1256//1256 1257//1257
f 108//108 1538//1538 97//97
f 1539//1539 470//470 469//469
f 1540//1540 1448//1448 1436//1436
f 1290//1290 1293//1293 1542//1542
f 1542//1542 1293//1293 1292//1292
f 1306//1306 1302//1302 1437//1437
f 1543//1543 1544//1544 1545//1545
f 1546//1546 1544//1544 1547//1547
f 1408//1408 1550//1550 1549//1549
f 1551//1551 1552//1552 1553//1553
f 1554//1554 1555//1555 1550//1550
f 1550//1550 1366//1366 1554//1554
f 1550//1550 1408//1408 1366//1366
f 1556//1556 1554//1554 1366//1366
f 1366//1366 1533//1533 1556//1556
f 1533//1533 1532//1532 1418//1418
f 1557//1557 1370//1370 1369//1369
f 1560//1560 1553//1553 1558//1558
f 1558//1558 1553//1553 1559//1559
f 453//453 288//288 956//956
f 1472//1472 1564//1564 1520//1520
f 1526//1526 1520//1520 1564//1564
f 1565//1565 1561//1561 1562//1562
f 1566//1566 754//754 751//751
f 751//751 1567//1567 1566//1566
f 1449//1449 1289//1289 1291//1291
f 1549//1549 1555//1555 1568//1568
f 1445//1445 1367//1367 1534//1534
f 1569//1569 633//633 568//568
f 1570//1570 859//859 454//454
f 1570//1570 454//454 453//453
f 200//200 16//16 192//192
f 992//992 778//778 862//862
f 932//932 1573//1573 933//933
f 1574//1574 1575//1575 681//681
f 108//108 112//112 1440//1440
f 1576//1576 1440//1440 1154//1154
f 1154//1154 1440//1440 112//112
f 109//109 112//112 108//108
f 109//109 108//108 96//96
f 113//113 1154//1154 112//112
f 114//114 113//113 109//109
f 109//109 113//113 112//112
f 115//115 114//114 109//109
f 116//116 109//109 100//100
f 116//116 115//115 109//109
f 116//116 117//117 115//115
f 192//192 188//188 190//190
f 190//190 188//188 189//189
f 195//195 115//115 117//117
f 194//194 195//195 117//117
f 197//197 196//196 132//132
f 192//192 16//16 15//15
f 192//192 15//15 188//188
f 1561//1561 1560//1560 1563//1563
f 1256//1256 1577//1577 1578//1578
f 954//954 1489//1489 1475//1475
f 1475//1475 275//275 954//954
f 1255//1255 1578//1578 1238//1238
f 1578//1578 1255//1255 1256//1256
f 655//655 1579//1579 656//656
f 659//659 656//656 1579//1579
f 662//662 659//659 989//989
f 989//989 659//659 1579//1579
f 1580//1580 661//661 662//662
f 663//663 661//661 873//873
f 661//661 1580//1580 873//873
f 1583//1583 1581//1581 1582//1582
f 1582//1582 1555//1555 1583//1583
f 1554//1554 1584//1584 1555//1555
f 1555//1555 1584//1584 1583//1583
f 1584//1584 1554//1554 1587//1587
f 1556//1556 1587//1587 1554//1554
f 1528//1528 1588//1588 1587//1587
f 1587//1587 1556//1556 1533//1533
f 1587//1587 1533//1533 1528//1528
f 1529//1529 1589//1589 1588//1588
f 1588//1588 1528//1528 1529//1529
f 1589//1589 1529//1529 1531//1531
f 1531//1531 1530//1530 1427//1427
f 1531//1531 1427//1427 1536//1536
f 1488//1488 1590//1590 1536//1536
f 1590//1590 1488//1488 1412//1412
f 1081//1081 920//920 919//919
f 1591//1591 1592//1592 1577//1577
f 1256//1256 1593//1593 1594//1594
f 1256//1256 1594//1594 1577//1577
f 1577//1577 1594//1594 1591//1591
f 1105//1105 852//852 452//452
f 852//852 850//850 452//452
f 1595//1595 280//280 1474//1474
f 1595//1595 279//279 280//280
f 282//282 954//954 275//275
f 1596//1596 1597//1597 1598//1598
f 1599//1599 1324//1324 1600//1600
f 1601//1601 1602//1602 1603//1603
f 1603//1603 1602//1602 1604//1604
f 1604//1604 1602//1602 1600//1600
f 1600//1600 1602//1602 1599//1599
f 1325//1325 1324//1324 1599//1599
f 1605//1605 1325//1325 1599//1599
f 1605//1605 1599//1599 1606//1606
f 1598//1598 1609//1609 1596//1596
f 1148//1148 719//719 706//706
f 482//482 750//750 484//484
f 198//198 197//197 144//144
f 1301//1301 1612//1612 1300//1300
f 1304//1304 1300//1300 1612//1612
f 863//863 862//862 778//778
f 1435//1435 1448//1448 1613//1613
f 1448//1448 1611//1611 1613//1613
f 1581//1581 1583//1583 1615//1615
f 1616//1616 1615//1615 1583//1583
f 1583//1583 1584//1584 1616//1616
f 1617//1617 1618//1618 1588//1588
f 1588//1588 1618//1618 1587//1587
f 1589//1589 1617//1617 1588//1588
f 1589//1589 1531//1531 1619//1619
f 1536//1536 1620//1620 1619//1619
f 1536//1536 1619//1619 1531//1531
f 919//919 918//918 1470//1470
f 568//568 595//595 1569//1569
f 1569//1569 595//595 840//840
f 595//595 600//600 838//838
f 1499//1499 1496//1496 1498//1498
f 1621//1621 1622//1622 1594//1594
f 1594//1594 1622//1622 1591//1591
f 395//395 396//396 1623//1623
f 395//395 1623//1623 401//401
f 405//405 401//401 400//400
f 399//399 395//395 405//405
f 405//405 395//395 401//401
f 1624//1624 1625//1625 1569//1569
f 1626//1626 1460//1460 1627//1627
f 1629//1629 1230//1230 1228//1228
f 1629//1629 1228//1228 1628//1628
f 1257//1257 1255//1255 1630//1630
f 1630//1630 1631//1631 1257//1257
f 1257//1257 1631//1631 1014//1014
f 1179//1179 767//767 1633//1633
f 648//648 658//658 860//860
f 652//652 860//860 658//658
f 658//658 660//660 652//652
f 664//664 652//652 663//663
f 663//663 652//652 660//660
f 1634//1634 462//462 1014//1014
f 1634//1634 1014//1014 1631//1631
f 1634//1634 1631//1631 1632//1632
f 1634//1634 1632//1632 655//655
f 1634//1634 655//655 462//462
f 657//657 654//654 656//656
f 654//654 462//462 655//655
f 1048//1048 1633//1633 767//767
f 657//657 658//658 648//648
f 1337//1337 672//672 673//673
f 1636//1636 1274//1274 1345//1345
f 691//691 693//693 694//694
f 1638//1638 1637//1637 750//750
f 750//750 887//887 1638//1638
f 1637//1637 1639//1639 78//78
f 1639//1639 1637//1637 1638//1638
f 1638//1638 1640//1640 1639//1639
f 486//486 1638//1638 887//887
f 887//887 750//750 482//482
f 78//78 79//79 747//747
f 78//78 747//747 1637//1637
f 747//747 522//522 1637//1637
f 750//750 1637//1637 522//522
f 767//767 1047//1047 1048//1048
f 992//992 777//777 776//776
f 778//778 788//788 863//863
f 1190//1190 915//915 948//948
f 948//948 1196//1196 1642//1642
f 1190//1190 948//948 1642//1642
f 1191//1191 1190//1190 1642//1642
f 1191//1191 1049//1049 1190//1190
f 1641//1641 946//946 1643//1643
f 1645//1645 1641//1641 1643//1643
f 1645//1645 1643//1643 1644//1644
f 1644//1644 1643//1643 1192//1192
f 1193//1193 1646//1646 1192//1192
f 1646//1646 1644//1644 1192//1192
f 914//914 1641//1641 1645//1645
f 1644//1644 1647//1647 1645//1645
f 1194//1194 914//914 1645//1645
f 1194//1194 1645//1645 1647//1647
f 1647//1647 1644//1644 1646//1646
f 1646//1646 1648//1648 1647//1647
f 1648//1648 1195//1195 1647//1647
f 898//898 914//914 1194//1194
f 1194//1194 1647//1647 1195//1195
f 1197//1197 1195//1195 1648//1648
f 1195//1195 1196//1196 1194//1194
f 1196//1196 1195//1195 1197//1197
f 1646//1646 1614//1614 1648//1648
f 1614//1614 1615//1615 1648//1648
f 1197//1197 1648//1648 1615//1615
f 1616//1616 1197//1197 1615//1615
f 1194//1194 899//899 898//898
f 899//899 948//948 898//898
f 948//948 899//899 1196//1196
f 1196//1196 1197//1197 1649//1649
f 1196//1196 1649//1649 1642//1642
f 1642//1642 1649//1649 1650//1650
f 1649//1649 1197//1197 1616//1616
f 1642//1642 1650//1650 1198//1198
f 1198//1198 1191//1191 1642//1642
f 1199//1199 1049//1049 1191//1191
f 1198//1198 1619//1619 1199//1199
f 1199//1199 1200//1200 1054//1054
f 1200//1200 1199//1199 1619//1619
f 1200//1200 1056//1056 1057//1057
f 1056//1056 1200//1200 1620//1620
f 1620//1620 1590//1590 1056//1056
f 1651//1651 1056//1056 1590//1590
f 1061//1061 1056//1056 1651//1651
f 1068//1068 1061//1061 1651//1651
f 1063//1063 997//997 1425//1425
f 1652//1652 1203//1203 1201//1201
f 1202//1202 1201//1201 371//371
f 1202//1202 371//371 370//370
f 371//371 1201//1201 824//824
f 1097//1097 1203//1203 1652//1652
f 1097//1097 1652//1652 1098//1098
f 1098//1098 1652//1652 1624//1624
f 1569//1569 1098//1098 1624//1624
f 1470//1470 918//918 1068//1068
f 1462//1462 1205//1205 1084//1084
f 840//840 1098//1098 1569//1569
f 1240//1240 1653//1653 1654//1654
f 1654//1654 623//623 1240//1240
f 1654//1654 1213//1213 623//623
f 1479//1479 1220//1220 1477//1477
f 1225//1225 1497//1497 1221//1221
f 1655//1655 1510//1510 1509//1509
f 1224//1224 1227//1227 1226//1226
f 402//402 1652//1652 1239//1239
f 1239//1239 1652//1652 1201//1201
f 384//384 1239//1239 378//378
f 1239//1239 384//384 406//406
f 1656//1656 384//384 378//378
f 407//407 406//406 384//384
f 1656//1656 378//378 382//382
f 613//613 384//384 1656//1656
f 384//384 380//380 407//407
f 613//613 1656//1656 382//382
f 613//613 382//382 383//383
f 1657//1657 636//636 1658//1658
f 1447//1447 1003//1003 1405//1405
f 1405//1405 1003//1003 1004//1004
f 1401//1401 1447//1447 1405//1405
f 1658//1658 636//636 385//385
f 1658//1658 385//385 1659//1659
f 1623//1623 396//396 1007//1007
f 1007//1007 396//396 258//258
f 402//402 401//401 1652//1652
f 1652//1652 401//401 1623//1623
f 1623//1623 1624//1624 1652//1652
f 1624//1624 1623//1623 1007//1007
f 423//423 418//418 420//420
f 426//426 428//428 422//422
f 422//422 428//428 383//383
f 847//847 984//984 1459//1459
f 1626//1626 847//847 1460//1460
f 1570//1570 956//956 859//859
f 956//956 1570//1570 453//453
f 1011//1011 285//285 288//288
f 288//288 453//453 1011//1011
f 46//46 1254//1254 1251//1251
f 1660//1660 1661//1661 1630//1630
f 1661//1661 1660//1660 1662//1662
f 1661//1661 1662//1662 1663//1663
f 1631//1631 1630//1630 1661//1661
f 1661//1661 1632//1632 1631//1631
f 1632//1632 1661//1661 1664//1664
f 1632//1632 1664//1664 1665//1665
f 1664//1664 1661//1661 1663//1663
f 1663//1663 1633//1633 1664//1664
f 1633//1633 1663//1663 1179//1179
f 1665//1665 1664//1664 1633//1633
f 457//457 654//654 657//657
f 457//457 657//657 648//648
f 1666//1666 655//655 1632//1632
f 1667//1667 1666//1666 1665//1665
f 1666//1666 1667//1667 1668//1668
f 1632//1632 1665//1665 1666//1666
f 1667//1667 1665//1665 1633//1633
f 1633//1633 1635//1635 1667//1667
f 1635//1635 1633//1633 1048//1048
f 1668//1668 1667//1667 1669//1669
f 1668//1668 655//655 1666//1666
f 1669//1669 1667//1667 988//988
f 988//988 1667//1667 1635//1635
f 988//988 1635//1635 1048//1048
f 1048//1048 777//777 988//988
f 777//777 992//992 988//988
f 1579//1579 1670//1670 989//989
f 1573//1573 989//989 1670//1670
f 1668//1668 1669//1669 1671//1671
f 1579//1579 655//655 1672//1672
f 1672//1672 655//655 1668//1668
f 1671//1671 1672//1672 1668//1668
f 861//861 1672//1672 1671//1671
f 1671//1671 1669//1669 988//988
f 988//988 1673//1673 1671//1671
f 1673//1673 988//988 992//992
f 992//992 862//862 1673//1673
f 861//861 1671//1671 1673//1673
f 1673//1673 862//862 861//861
f 1670//1670 1579//1579 1672//1672
f 1670//1670 1672//1672 861//861
f 1573//1573 1670//1670 861//861
f 1580//1580 989//989 932//932
f 932//932 989//989 1573//1573
f 1580//1580 930//930 873//873
f 932//932 930//930 1580//1580
f 665//665 1122//1122 666//666
f 666//666 1122//1122 1032//1032
f 1032//1032 1017//1017 666//666
f 1015//1015 1017//1017 1032//1032
f 1017//1017 1015//1015 1018//1018
f 1018//1018 1015//1015 1026//1026
f 1026//1026 1029//1029 1018//1018
f 1029//1029 1127//1127 1018//1018
f 1127//1127 1029//1029 1028//1028
f 1674//1674 1357//1357 1675//1675
f 1676//1676 1675//1675 1357//1357
f 315//315 316//316 320//320
f 1677//1677 1640//1640 486//486
f 486//486 475//475 1677//1677
f 1638//1638 486//486 1640//1640
f 488//488 1610//1610 502//502
f 1610//1610 482//482 481//481
f 1678//1678 1679//1679 1680//1680
f 1680//1680 1679//1679 1681//1681
f 1432//1432 1431//1431 1572//1572
f 1684//1684 1685//1685 1686//1686
f 1687//1687 1686//1686 1685//1685
f 1688//1688 1296//1296 1298//1298
f 1689//1689 1688//1688 1302//1302
f 1302//1302 1688//1688 1298//1298
f 1612//1612 1301//1301 1689//1689
f 1689//1689 1304//1304 1612//1612
f 1304//1304 1689//1689 1302//1302
f 770//770 1304//1304 1305//1305
f 787//787 790//790 789//789
f 789//789 806//806 897//897
f 806//806 789//789 790//790
f 806//806 790//790 794//794
f 799//799 770//770 1305//1305
f 806//806 813//813 807//807
f 808//808 807//807 813//813
f 806//806 794//794 813//813
f 413//413 822//822 1063//1063
f 581//581 587//587 582//582
f 26//26 25//25 1240//1240
f 1240//1240 25//25 1653//1653
f 1690//1690 1234//1234 1592//1592
f 1690//1690 1592//1592 1591//1591
f 1238//1238 1592//1592 1234//1234
f 999//999 413//413 1063//1063
f 1003//1003 1447//1447 390//390
f 1006//1006 1447//1447 1401//1401
f 1401//1401 844//844 843//843
f 843//843 1006//1006 1401//1401
f 1006//1006 390//390 1447//1447
f 976//976 1006//1006 843//843
f 388//388 1691//1691 1659//1659
f 1692//1692 1658//1658 1659//1659
f 1692//1692 1659//1659 1691//1691
f 622//622 26//26 1240//1240
f 38//38 1693//1693 35//35
f 35//35 1693//1693 403//403
f 1406//1406 844//844 1403//1403
f 979//979 845//845 844//844
f 978//978 842//842 845//845
f 842//842 976//976 843//843
f 980//980 978//978 845//845
f 984//984 847//847 848//848
f 846//846 847//847 1626//1626
f 645//645 846//846 1626//1626
f 1626//1626 297//297 645//645
f 292//292 846//846 645//645
f 293//293 849//849 292//292
f 292//292 849//849 846//846
f 1235//1235 1236//1236 1694//1694
f 1694//1694 1236//1236 1254//1254
f 41//41 1695//1695 1694//1694
f 41//41 1694//1694 1254//1254
f 46//46 39//39 1254//1254
f 1254//1254 39//39 41//41
f 1694//1694 1630//1630 1235//1235
f 1255//1255 1235//1235 1630//1630
f 1630//1630 1694//1694 1695//1695
f 1695//1695 1660//1660 1630//1630
f 1660//1660 1695//1695 1662//1662
f 1663//1663 1662//1662 1696//1696
f 1696//1696 1662//1662 1697//1697
f 1179//1179 1663//1663 1696//1696
f 645//645 297//297 295//295
f 296//296 1527//1527 1258//1258
f 987//987 460//460 1117//1117
f 1117//1117 460//460 459//459
f 990//990 991//991 986//986
f 991//991 990//990 1698//1698
f 1700//1700 1680//1680 1681//1681
f 1681//1681 1265//1265 1700//1700
f 1265//1265 1681//1681 1702//1702
f 1702//1702 1681//1681 1701//1701
f 1572//1572 1702//1702 1703//1703
f 1703//1703 1702//1702 1701//1701
f 1699//1699 1261//1261 21//21
f 21//21 1260//1260 1264//1264
f 21//21 1261//1261 1260//1260
f 1699//1699 1680//1680 1262//1262
f 1699//1699 1262//1262 1261//1261
f 1262//1262 1680//1680 1700//1700
f 1700//1700 1263//1263 1262//1262
f 1263//1263 1700//1700 1265//1265
f 1267//1267 1265//1265 1702//1702
f 1270//1270 1268//1268 1267//1267
f 1431//1431 1267//1267 1702//1702
f 1702//1702 1572//1572 1431//1431
f 1270//1270 1267//1267 1431//1431
f 1120//1120 1033//1033 1032//1032
f 1705//1705 1706//1706 1704//1704
f 1355//1355 1674//1674 1354//1354
f 1022//1022 465//465 314//314
f 700//700 699//699 689//689
f 1151//1151 1150//1150 1708//1708
f 472//472 1708//1708 1150//1150
f 472//472 1150//1150 475//475
f 502//502 1610//1610 481//481
f 481//481 524//524 502//502
f 487//487 486//486 887//887
f 1610//1610 488//488 482//482
f 1699//1699 1709//1709 1680//1680
f 1710//1710 1711//1711 1712//1712
f 1713//1713 1711//1711 1710//1710
f 1711//1711 1701//1701 1681//1681
f 1713//1713 1714//1714 1711//1711
f 1711//1711 1714//1714 1701//1701
f 1701//1701 1714//1714 1703//1703
f 1703//1703 1714//1714 1572//1572
f 1264//1264 18//18 21//21
f 209//209 118//118 126//126
f 209//209 120//120 118//118
f 1684//1684 1716//1716 1683//1683
f 1686//1686 1715//1715 1684//1684
f 1684//1684 1715//1715 1716//1716
f 764//764 547//547 761//761
f 1717//1717 1718//1718 1719//1719
f 1717//1717 1042//1042 1718//1718
f 1696//1696 1697//1697 1720//1720
f 1720//1720 1697//1697 1721//1721
f 1720//1720 1721//1721 1281//1281
f 1281//1281 1721//1721 1282//1282
f 1282//1282 1719//1719 1718//1718
f 1718//1718 1283//1283 1282//1282
f 1283//1283 1718//1718 1042//1042
f 1042//1042 1041//1041 1283//1283
f 1041//1041 1036//1036 1283//1283
f 1179//1179 1696//1696 1720//1720
f 1720//1720 766//766 1179//1179
f 766//766 1720//1720 1281//1281
f 1038//1038 1283//1283 1036//1036
f 1299//1299 1288//1288 1286//1286
f 1288//1288 768//768 769//769
f 23//23 768//768 1288//1288
f 1288//1288 1299//1299 23//23
f 1295//1295 1294//1294 1289//1289
f 1285//1285 1292//1292 1294//1294
f 1294//1294 1722//1722 1285//1285
f 1295//1295 1723//1723 1294//1294
f 1294//1294 1723//1723 1722//1722
f 1296//1296 1688//1688 1723//1723
f 1723//1723 1295//1295 1296//1296
f 1295//1295 1289//1289 1296//1296
f 1296//1296 1289//1289 1450//1450
f 1286//1286 1285//1285 1722//1722
f 1722//1722 1299//1299 1286//1286
f 1299//1299 1722//1722 1723//1723
f 1723//1723 1301//1301 1299//1299
f 1301//1301 1723//1723 1689//1689
f 1689//1689 1723//1723 1688//1688
f 1298//1298 1437//1437 1302//1302
f 1725//1725 1724//1724 1728//1728
f 1728//1728 1729//1729 1725//1725
f 1728//1728 1724//1724 1354//1354
f 1354//1354 1724//1724 1352//1352
f 1725//1725 1727//1727 1730//1730
f 1729//1729 1727//1727 1725//1725
f 1705//1705 1704//1704 1729//1729
f 1726//1726 1727//1727 1729//1729
f 1726//1726 1729//1729 1731//1731
f 1731//1731 1729//1729 1704//1704
f 1705//1705 1729//1729 1728//1728
f 1728//1728 1707//1707 1705//1705
f 1707//1707 1728//1728 1674//1674
f 1674//1674 1728//1728 1354//1354
f 1732//1732 1707//1707 1675//1675
f 1675//1675 1707//1707 1674//1674
f 681//681 1575//1575 308//308
f 469//469 1358//1358 1407//1407
f 1407//1407 882//882 469//469
f 1733//1733 883//883 882//882
f 1733//1733 882//882 1407//1407
f 714//714 883//883 1733//1733
f 141//141 1734//1734 142//142
f 754//754 1735//1735 1736//1736
f 1737//1737 1567//1567 1738//1738
f 1738//1738 1739//1739 1737//1737
f 1740//1740 1737//1737 1739//1739
f 1739//1739 1741//1741 1740//1740
f 1683//1683 1740//1740 1741//1741
f 1737//1737 1740//1740 1716//1716
f 1715//1715 1742//1742 1716//1716
f 1683//1683 1716//1716 1740//1740
f 1682//1682 1685//1685 1683//1683
f 1683//1683 1685//1685 1684//1684
f 147//147 142//142 1734//1734
f 1297//1297 1296//1296 1450//1450
f 1449//1449 1743//1743 1450//1450
f 1450//1450 1743//1743 1297//1297
f 1744//1744 1298//1298 1297//1297
f 1745//1745 1307//1307 1298//1298
f 1298//1298 1744//1744 1745//1745
f 1298//1298 1307//1307 1437//1437
f 1746//1746 1747//1747 1307//1307
f 1746//1746 1307//1307 1745//1745
f 1307//1307 1747//1747 1437//1437
f 229//229 227//227 1315//1315
f 1315//1315 227//227 1314//1314
f 1315//1315 234//234 229//229
f 1184//1184 1185//1185 1748//1748
f 1185//1185 1311//1311 1748//1748
f 1749//1749 1750//1750 1751//1751
f 1753//1753 1504//1504 1493//1493
f 1444//1444 1035//1035 1348//1348
f 1586//1586 1490//1490 1491//1491
f 660//660 659//659 662//662
f 1281//1281 1040//1040 766//766
f 1040//1040 1281//1281 1283//1283
f 1581//1581 1585//1585 1586//1586
f 1586//1586 1585//1585 1490//1490
f 1586//1586 1754//1754 1581//1581
f 1582//1582 1581//1581 1754//1754
f 1754//1754 1568//1568 1582//1582
f 1323//1323 1597//1597 1596//1596
f 1317//1317 1318//1318 1323//1323
f 1323//1323 1318//1318 1597//1597
f 1321//1321 1318//1318 1317//1317
f 1320//1320 1755//1755 1607//1607
f 1608//1608 1607//1607 1755//1755
f 1357//1357 2//2 1676//1676
f 709//709 707//707 1468//1468
f 706//706 712//712 1468//1468
f 910//910 1146//1146 719//719
f 1504//1504 1414//1414 1492//1492
f 1504//1504 1492//1492 1493//1493
f 662//662 989//989 1580//1580
f 1756//1756 1318//1318 1320//1320
f 1756//1756 1757//1757 1598//1598
f 1320//1320 1757//1757 1756//1756
f 113//113 1153//1153 1154//1154
f 1466//1466 913//913 894//894
f 911//911 1480//1480 893//893
f 893//893 1480//1480 939//939
f 1480//1480 911//911 912//912
f 1466//1466 1482//1482 913//913
f 1412//1412 1537//1537 1590//1590
f 861//861 864//864 1573//1573
f 933//933 1573//1573 864//864
f 933//933 864//864 876//876
f 876//876 864//864 875//875
f 61//61 78//78 67//67
f 66//66 67//67 78//78
f 1758//1758 1345//1345 908//908
f 908//908 1345//1345 1131//1131
f 907//907 1758//1758 908//908
f 908//908 306//306 907//907
f 720//720 1759//1759 324//324
f 324//324 1759//1759 907//907
f 78//78 1639//1639 66//66
f 1640//1640 110//110 1639//1639
f 1646//1646 1193//1193 1614//1614
f 1614//1614 1193//1193 1585//1585
f 1585//1585 1581//1581 1614//1614
f 1615//1615 1614//1614 1581//1581
f 1649//1649 1616//1616 1618//1618
f 1618//1618 1616//1616 1584//1584
f 1584//1584 1587//1587 1618//1618
f 1650//1650 1649//1649 1618//1618
f 1198//1198 1650//1650 1618//1618
f 1618//1618 1617//1617 1198//1198
f 1617//1617 1589//1589 1198//1198
f 1619//1619 1198//1198 1589//1589
f 1760//1760 995//995 994//994
f 1619//1619 1620//1620 1200//1200
f 1620//1620 1536//1536 1590//1590
f 1590//1590 1537//1537 1651//1651
f 1537//1537 1068//1068 1651//1651
f 840//840 837//837 835//835
f 595//595 838//838 837//837
f 595//595 837//837 840//840
f 1624//1624 1007//1007 1625//1625
f 440//440 442//442 259//259
f 259//259 442//442 1100//1100
f 259//259 1100//1100 260//260
f 450//450 452//452 449//449
f 850//850 451//451 449//449
f 449//449 452//452 850//850
f 647//647 860//860 646//646
f 878//878 932//932 933//933
f 1274//1274 1636//1636 1031//1031
f 1031//1031 1636//1636 1028//1028
f 1129//1129 1126//1126 1028//1028
f 1129//1129 1028//1028 1636//1636
f 1636//1636 1759//1759 1129//1129
f 720//720 1129//1129 1759//1759
f 1345//1345 1758//1758 1636//1636
f 1759//1759 1636//1636 1758//1758
f 1758//1758 907//907 1759//1759
f 693//693 687//687 692//692
f 1640//1640 1761//1761 110//110
f 1761//1761 1677//1677 475//475
f 1761//1761 1640//1640 1677//1677
f 895//895 894//894 892//892
f 430//430 433//433 261//261
f 1595//1595 1474//1474 1489//1489
f 854//854 1595//1595 954//954
f 954//954 1595//1595 1489//1489
f 951//951 279//279 1595//1595
f 1595//1595 854//854 951//951
f 951//951 953//953 279//279
f 856//856 951//951 854//854
f 288//288 287//287 956//956
f 652//652 650//650 860//860
f 653//653 652//652 664//664
f 1320//1320 1331//1331 1755//1755
f 1762//1762 24//24 622//622
f 622//622 24//24 26//26
f 616//616 1762//1762 622//622
f 668//668 1763//1763 669//669
f 669//669 1763//1763 1764//1764
f 1764//1764 1331//1331 1319//1319
f 1319//1319 1333//1333 1764//1764
f 669//669 1764//1764 671//671
f 671//671 1764//1764 1333//1333
f 672//672 1336//1336 1765//1765
f 1766//1766 1765//1765 1336//1336
f 1336//1336 1339//1339 1766//1766
f 1575//1575 238//238 308//308
f 1140//1140 910//910 1767//1767
f 1539//1539 469//469 1768//1768
f 937//937 1035//1035 1444//1444
f 1552//1552 1752//1752 1750//1750
f 1750//1750 1749//1749 1552//1552
f 267//267 269//269 265//265
f 267//267 265//265 266//266
f 283//283 454//454 641//641
f 1151//1151 1708//1708 1152//1152
f 353//353 892//892 890//890
f 1174//1174 1466//1466 894//894
f 329//329 1769//1769 715//715
f 715//715 687//687 686//686
f 715//715 1769//1769 687//687
f 715//715 695//695 329//329
f 1148//1148 910//910 719//719
f 718//718 713//713 716//716
f 892//892 353//353 895//895
f 1625//1625 1007//1007 633//633
f 1569//1569 1625//1625 633//633
f 1143//1143 695//695 715//715
f 718//718 716//716 321//321
f 1174//1174 1482//1482 1466//1466
f 949//949 252//252 254//254
f 402//402 406//406 400//400
f 641//641 859//859 851//851
f 642//642 641//641 851//851
f 95//95 92//92 93//93
f 66//66 110//110 65//65
f 111//111 110//110 1761//1761
f 66//66 1639//1639 110//110
f 475//475 111//111 1761//1761
f 954//954 282//282 854//854
f 641//641 454//454 859//859
f 468//468 1358//1358 316//316
f 316//316 1358//1358 469//469
f 321//321 699//699 698//698
f 1708//1708 472//472 1770//1770
f 472//472 474//474 1770//1770
f 313//313 465//465 1358//1358
f 1487//1487 755//755 50//50
f 1487//1487 50//50 1166//1166
f 966//966 1166//1166 941//941
f 966//966 967//967 1487//1487
f 966//966 1487//1487 1166//1166
f 212//212 1171//1171 544//544
f 544//544 1171//1171 759//759
f 1484//1484 1486//1486 967//967
f 1487//1487 967//967 1486//1486
f 1771//1771 1484//1484 967//967
f 1772//1772 1484//1484 1771//1771
f 217//217 1169//1169 1772//1772
f 1772//1772 1169//1169 1484//1484
f 214//214 211//211 217//217
f 217//217 211//211 1169//1169
f 216//216 217//217 1482//1482
f 1482//1482 217//217 1772//1772
f 851//851 927//927 642//642
f 276//276 304//304 906//906
f 687//687 1769//1769 692//692
f 329//329 1152//1152 1769//1769
f 1769//1769 1152//1152 1770//1770
f 1770//1770 1152//1152 1708//1708
f 1770//1770 474//474 692//692
f 692//692 1769//1769 1770//1770
f 1548//1548 1549//1549 1568//1568
f 1555//1555 1549//1549 1550//1550
f 706//706 719//719 705//705
f 719//719 1145//1145 717//717
f 717//717 1145//1145 885//885
f 1480//1480 1481//1481 963//963
f 1480//1480 963//963 939//939
f 912//912 941//941 1480//1480
f 1771//1771 913//913 1482//1482
f 1482//1482 1772//1772 1771//1771
f 958//958 762//762 644//644
f 934//934 1407//1407 1358//1358
f 934//934 1733//1733 1407//1407
f 762//762 958//958 970//970
f 765//765 970//970 968//968
f 968//968 1178//1178 765//765
f 1582//1582 1568//1568 1555//1555
f 913//913 967//967 912//912
f 967//967 913//913 1771//1771
f 1358//1358 468//468 313//313
f 183//183 10//10 219//219
f 220//220 219//219 218//218
f 896//896 183//183 220//220
f 361//361 355//355 945//945
f 220//220 356//356 896//896
f 1776//1776 1777//1777 1773//1773
f 1776//1776 1773//1773 1778//1778
f 1778//1778 1773//1773 1774//1774
f 1752//1752 1778//1778 1775//1775
f 1775//1775 1778//1778 1774//1774
f 1750//1750 1775//1775 1751//1751
f 1750//1750 1752//1752 1775//1775
f 1553//1553 1749//1749 1559//1559
f 1559//1559 1749//1749 1751//1751
f 1553//1553 1552//1552 1749//1749
f 1453//1453 1362//1362 1386//1386
f 1779//1779 1455//1455 1453//1453
f 1453//1453 1386//1386 1779//1779
f 1453//1453 1372//1372 1362//1362
f 1454//1454 1453//1453 1455//1455
f 1755//1755 1331//1331 1764//1764
f 1755//1755 1764//1764 1763//1763
f 668//668 672//672 1763//1763
f 881//881 934//934 935//935
f 1780//1780 1773//1773 1777//1777
f 1781//1781 1543//1543 1777//1777
f 1782//1782 1783//1783 1784//1784
f 1785//1785 1786//1786 1784//1784
f 1785//1785 1784//1784 1783//1783
f 1786//1786 1785//1785 1787//1787
f 1586//1586 1546//1546 1754//1754
f 1491//1491 1545//1545 1586//1586
f 1543//1543 1545//1545 1491//1491
f 1546//1546 1586//1586 1545//1545
f 1545//1545 1544//1544 1546//1546
f 1543//1543 1781//1781 1544//1544
f 1543//1543 1491//1491 1780//1780
f 1780//1780 1777//1777 1543//1543
f 1568//1568 1754//1754 1546//1546
f 1568//1568 1546//1546 1548//1548
f 1547//1547 1544//1544 1781//1781
f 1548//1548 1546//1546 1547//1547
f 1781//1781 1782//1782 1547//1547
f 1547//1547 1788//1788 1548//1548
f 1784//1784 1788//1788 1547//1547
f 1784//1784 1547//1547 1782//1782
f 1548//1548 1788//1788 1549//1549
f 1788//1788 1784//1784 1786//1786
f 1408//1408 1549//1549 1788//1788
f 1788//1788 1534//1534 1408//1408
f 1788//1788 1786//1786 1534//1534
f 1787//1787 1534//1534 1786//1786
f 20//20 1789//1789 1709//1709
f 1709//1709 1699//1699 20//20
f 1680//1680 1709//1709 1678//1678
f 1681//1681 1679//1679 1790//1790
f 1681//1681 1790//1790 1711//1711
f 1571//1571 1791//1791 1572//1572
f 1792//1792 1611//1611 1793//1793
f 1432//1432 1572//1572 1791//1791
f 1791//1791 1433//1433 1432//1432
f 1540//1540 1436//1436 1433//1433
f 1540//1540 1433//1433 1791//1791
f 1791//1791 1793//1793 1540//1540
f 1540//1540 1793//1793 1611//1611
f 156//156 155//155 1361//1361
f 455//455 642//642 927//927
f 1113//1113 456//456 455//455
f 959//959 456//456 1113//1113
f 934//934 881//881 1733//1733
f 1542//1542 1541//1541 1290//1290
f 941//941 1165//1165 1480//1480
f 941//941 1166//1166 1165//1165
f 758//758 1485//1485 1168//1168
f 1485//1485 758//758 1167//1167
f 970//970 765//765 762//762
f 1483//1483 1794//1794 1292//1292
f 1292//1292 1285//1285 1483//1483
f 1284//1284 1483//1483 1285//1285
f 1284//1284 1287//1287 1483//1483
f 1483//1483 1287//1287 1045//1045
f 1795//1795 1291//1291 1290//1290
f 1291//1291 1795//1795 1796//1796
f 971//971 1178//1178 968//968
f 183//183 896//896 186//186
f 186//186 896//896 14//14
f 187//187 14//14 896//896
