# Created by Open3D 
# object name: cluster1
# number of vertices: 1773
# number of triangles: 3000
v -1.3121 -2.55245 -0.381665
vn -0.00828952 0.283344 -0.958983
v -1.2893 -2.5509 -0.38093
vn 0.0603147 0.179382 -0.981929
v -1.6847 -2.6773 -0.94855
vn 0.871966 -0.364915 -0.326362
v -1.6932 -2.6773 -0.97126
vn 0.871966 -0.364915 -0.326362
v -1.6837 -2.6546 -0.97126
vn 0.871966 -0.364915 -0.326362
v -1.5164 -2.65415 -0.38093
vn 0.947003 -0.0937721 0.307232
v -1.50505 -2.6546 -0.36642
vn 0.742747 0.342672 -0.575241
v -1.5845 -2.6546 -0.92313
vn 0.441137 0.19599 -0.875778
v -1.5968 -2.6319 -0.92585
vn 0.483088 0.622317 -0.615912
v -1.41425 -2.64185 -0.38093
vn -0.0878811 0.890215 -0.446983
v -1.3802 -2.6319 -0.36733
vn -0.0713763 0.889006 -0.452299
v -1.29255 -2.61355 -0.40363
vn 0.766582 0.640564 0.0450458
v -1.2893 -2.5865 -0.3847
vn 0.634121 0.127663 -0.762622
v -1.2893 -2.6092 -0.3885
vn 0.634121 0.127663 -0.762622
v -1.2666 -2.614 -0.38093
vn 0.310197 0.491682 -0.81365
v -1.74945 -2.7 -0.997235
vn 0.395872 -0.56819 0.721419
v -1.7662 -2.7227 -1.0045
vn 0.404146 -0.488767 0.773157
v -1.8716 -2.7454 -0.94855
vn 0.786564 -0.526546 0.322592
v -1.8797 -2.7454 -0.9288
vn 0.904832 -0.123601 0.407433
v -1.8797 -2.7575 -0.94855
vn 0.786564 -0.526546 0.322592
v -1.6526 -2.6092 -0.57416
vn -0.690437 0.70486 0.162693
v -1.6631 -2.6319 -0.56257
vn -0.837757 0.499795 0.219927
v -1.6753 -3.7672 -0.98693
vn -0.101319 -0.398646 0.911491
v -1.64555 -3.77165 -0.99397
vn 0.176296 -0.423575 0.888541
v -1.0396 -3.6315 -0.35822
vn 0.816977 -0.204185 -0.539312
v -1.0378 -3.65695 -0.34116
vn 0.720958 -0.400675 -0.565402
v -1.0512 -3.6536 -0.35822
vn 0.658339 -0.345555 -0.668716
v -1.0548 -3.6082 -0.38093
vn 0.785663 -0.156204 -0.59861
v -1.0375 -3.6082 -0.361645
vn 0.892525 -0.0478748 -0.448449
v -1.0271 -3.57415 -0.33552
vn 0.93807 -0.0425193 -0.343828
v -1.0371 -3.67805 -0.315928
vn 0.80683 -0.564066 -0.175657
v -1.0481 -3.6763 -0.33552
vn 0.629394 -0.575251 -0.522445
v -1.03665 -3.68215 -0.29011
vn 0.774755 -0.630264 -0.0502182
v -1.0522 -3.699 -0.29011
vn 0.6498 -0.744319 -0.154108
v -1.8343 -3.7672 -1.0092
vn 0.123853 -0.264041 0.956526
v -1.9024 -3.7615 -0.99397
vn 0.117564 -0.587199 0.80086
v -1.8797 -3.755 -0.99397
vn 0.271118 -0.520798 0.809484
v -1.9024 -3.75 -0.97126
vn 0.361609 -0.819012 0.445487
v -1.8161 -3.71945 -0.99397
vn 0.233507 -0.41175 0.880873
v -1.79458 -3.73873 -1.00435
vn 0.104746 -0.277588 0.954973
v -1.82295 -3.69995 -0.97126
vn 0.502133 -0.748736 0.432731
v -1.7962 -3.6763 -0.97126
vn 0.641093 -0.673771 0.367469
v -1.7889 -3.6964 -0.99397
vn 0.493286 -0.162327 0.854587
v -1.19745 -3.5869 -0.24553
vn 0.876619 -0.321383 -0.358123
v -1.2 -3.59015 -0.2674
vn 0.903416 0.253947 0.345473
v -1.1985 -3.5682 -0.2674
vn 0.729837 -0.479301 -0.487451
v -1.1758 -3.5594 -0.2427
vn 0.659133 -0.441901 -0.608496
v -1.1807 -3.5401 -0.2674
vn 0.80624 -0.484306 -0.339742
v -1.1758 -3.55208 -0.285075
vn 0.605683 -0.378929 0.699686
v -1.1758 -3.6771 -0.22199
vn 0.544533 0.795828 0.264842
v -1.1985 -3.6682 -0.22199
vn 0.450242 0.840871 0.300362
v -1.17165 -3.6732 -0.2447
vn 0.579049 0.681163 0.448017
v -1.1985 -3.6536 -0.24225
vn 0.461251 0.353798 0.813679
v -1.18 -3.6763 -0.19929
vn 0.361107 0.931742 0.0381775
v -1.1531 -3.4958 -0.2674
vn 0.831733 -0.533858 -0.152367
v -1.15245 -3.5178 -0.244852
vn 0.717341 -0.415486 -0.559279
v -1.1531 -3.5401 -0.23329
vn 0.633066 -0.283583 -0.720284
v -1.135 -3.5401 -0.22199
vn 0.52853 -0.0628639 -0.846584
v -1.1323 -3.5174 -0.22199
vn 0.647633 -0.243684 -0.721934
v -1.18085 -3.6082 -0.21794
vn 0.612953 -0.424564 -0.666359
v -1.1985 -3.6202 -0.22199
vn 0.699656 -0.540574 -0.467185
v -1.1758 -3.703 -0.2188
vn 0.763372 -0.368085 0.530825
v -1.1077 -3.70095 -0.26656
vn 0.255486 -0.588404 0.767143
v -1.13252 -3.7209 -0.27326
vn 0.415224 -0.679099 0.605321
v -1.1077 -3.7173 -0.29011
vn 0.389547 -0.77782 0.493202
v -1.1758 -3.7204 -0.2447
vn 0.333109 -0.67199 0.661413
v -1.1531 -3.699 -0.23439
vn 0.579688 -0.528971 0.6198
v -1.1665 -3.699 -0.22199
vn 0.70211 0.348866 0.620753
v -1.1531 -3.7199 -0.24974
vn 0.367819 -0.52848 0.765126
v -1.0349 -3.5047 -0.36944
vn 0.932206 -0.0679582 -0.355491
v -1.1304 -3.699 -0.2566
vn 0.575208 0.0625676 0.815611
v -1.1077 -3.6248 -0.17658
vn 0.9082 -0.418139 -0.0182441
v -1.1077 -3.6082 -0.19738
vn 0.664067 -0.305958 -0.682206
v -1.0975 -3.6082 -0.17658
vn 0.851641 -0.523302 -0.0293604
v -1.1077 -3.6221 -0.15387
vn 0.579059 -0.42056 0.698441
v -1.10695 -3.6065 -0.15387
vn 0.758415 0.130842 0.638504
v -1.1304 -3.5855 -0.21016
vn 0.452805 -0.0877683 -0.887279
v -1.1077 -3.5855 -0.19826
vn 0.842511 -0.0517519 -0.536188
v -1.14175 -3.6082 -0.142395
vn 0.0750929 -0.227794 0.970809
v -1.18715 -3.6309 -0.147485
vn 0.0962814 -0.301781 0.948503
v -1.1479 -3.6309 -0.15387
vn 0.114196 -0.455318 0.882975
v -1.0206 -3.472 -0.33552
vn 0.95219 -0.0707679 -0.297197
v -1.0241 -3.4493 -0.35368
vn 0.955915 -0.0736938 -0.284245
v -1.0171 -3.4266 -0.33552
vn 0.996242 -0.075421 -0.0425975
v -1.0271 -3.6309 -0.33552
vn 0.953298 -0.062869 -0.295416
v -1.0258 -3.6536 -0.31281
vn 0.94905 -0.283513 -0.137567
v -1.03615 -3.6498 -0.288617
vn 0.775106 0.00239254 0.631827
v -1.02818 -3.61387 -0.31281
vn 0.970785 0.0365807 0.237147
v -1.0623 -3.6964 -0.270975
vn 0.776253 -0.444217 0.447327
v -1.04795 -3.6763 -0.273535
vn 0.552088 -0.363607 0.750325
v -1.76615 -3.22172 -0.13033
vn 0.999372 0.00902794 0.0342547
v -1.77543 -3.12005 -0.10846
vn 0.983303 -0.107347 0.146942
v -1.94 -2.8135 -0.22199
vn 0.773974 -0.469928 0.424419
v -1.6753 -3.7444 -0.97788
vn -0.318988 -0.349657 0.880901
v -1.1754 -3.6536 -0.2674
vn 0.73495 0.306417 0.604944
v -1.1817 -3.5855 -0.29011
vn 0.475164 0.177027 0.861905
v -1.17765 -3.42687 -0.26757
vn 0.189808 0.458439 0.86822
v -1.1531 -3.5855 -0.29759
vn 0.140271 -0.0402092 0.989296
v -1.0396 -3.6082 -0.30465
vn 0.229044 0.103309 0.967918
v -1.0623 -3.6082 -0.29759
vn 0.217198 0.251927 0.943058
v -1.06797 -3.55145 -0.302738
vn 0.17741 -0.0145747 0.984029
v -1.0396 -3.50889 -0.304931
vn 0.304903 -0.0659977 0.950094
v -1.17315 -3.52768 -0.19218
vn 0.186901 0.459142 0.86848
v -1.13285 -3.54235 -0.19929
vn 0.383419 0.481747 0.787978
v -1.1473 -3.4947 -0.22199
vn 0.37476 0.527156 0.762667
v -1.7207 -3.206 -0.292525
vn 0.270147 -0.13366 0.953497
v -1.7435 -3.1541 -0.28154
vn 0.466957 -0.0379288 0.883466
v -1.75945 -3.18815 -0.2674
vn 0.639548 0.0314893 0.768106
v -1.7207 -3.1541 -0.28525
vn 0.161985 -0.122046 0.979217
v -1.7692 -3.2449 -0.2447
vn 0.969874 0.135228 0.202625
v -1.698 -3.2222 -0.29767
vn -0.0665174 -0.122919 0.990185
v -1.698 -3.1768 -0.28953
vn -0.0661701 -0.169188 0.98336
v -1.7662 -3.108 -0.267525
vn 0.701658 0.0229707 0.712143
v -1.7768 -3.1087 -0.2447
vn 0.98926 0.0192261 0.144898
v -1.7207 -3.1314 -0.28131
vn 0.158301 -0.168857 0.972845
v -1.7435 -3.1087 -0.2788
vn 0.437077 -0.107305 0.893
v -1.76767 -3.08045 -0.248355
vn 0.879603 -0.403702 0.251641
v -1.74975 -3.086 -0.27015
vn 0.313604 -0.299863 0.900963
v -1.7748 -3.086 -0.19929
vn 0.961628 -0.267399 0.0613995
v -1.77845 -3.09735 -0.17658
vn 0.998291 -0.0573159 -0.0113734
v -1.7656 -3.0633 -0.19929
vn 0.843186 -0.519804 0.137265
v -1.7609 -3.0633 -0.22199
vn 0.763131 -0.628416 0.150747
v -1.7755 -3.1314 -0.13117
vn 0.988622 -0.108809 -0.103863
v -1.76535 -3.0633 -0.13544
vn 0.965408 -0.189463 -0.179142
v -1.6526 -3.0406 -0.21612
vn 0.104436 -0.44184 0.890994
v -1.6299 -3.12845 -0.25735
vn -0.0101881 -0.434101 0.900807
v -1.6299 -3.05287 -0.224508
vn 0.221457 -0.358234 0.906987
v -1.6517 -3.0179 -0.19857
vn 0.313287 -0.826652 0.467438
v -1.6753 -3.0256 -0.19929
vn 0.252393 -0.814544 0.522318
v -1.6195 -3.01528 -0.217501
vn 0.502997 -0.503527 0.702464
v -1.6299 -3.007 -0.19929
vn 0.483016 -0.746136 0.458231
v -1.6753 -3.0196 -0.17658
vn 0.275571 -0.930869 0.239882
v -1.6526 -3.0127 -0.17658
vn 0.386319 -0.892841 0.231502
v -1.6072 -2.9933 -0.19929
vn 0.521813 -0.803652 0.286103
v -1.5981 -2.9952 -0.22199
vn 0.763451 -0.613704 0.201271
v -1.58125 -2.97535 -0.19929
vn 0.651282 -0.723019 -0.230381
v -1.6072 -2.9943 -0.17658
vn 0.371784 -0.927421 -0.0408346
v -1.5845 -2.9852 -0.17658
vn 0.448819 -0.856315 -0.255511
v -1.54285 -2.9702 -0.15387
vn 0.643419 -0.594166 -0.482679
v -1.72535 -2.88253 -0.198595
vn -0.124872 -0.386743 0.913694
v -1.698 -2.8817 -0.19468
vn 0.00696645 -0.368831 0.92947
v -1.5391 -2.9498 -0.16875
vn 0.663683 -0.526174 -0.531663
v -1.67673 -2.8749 -0.20043
vn 0.289972 -0.141946 0.94645
v -1.6526 -2.868 -0.22199
vn 0.458521 -0.763274 0.455161
v -1.6526 -2.8589 -0.20673
vn 0.458521 -0.763274 0.455161
v -1.49788 -2.84935 -0.2447
vn 0.731564 -0.537142 0.419872
v -1.4854 -2.8589 -0.2674
vn 0.645475 -0.409651 0.64463
v -1.471 -2.8362 -0.26604
vn 0.490424 -0.592523 0.639062
v -1.46775 -2.8144 -0.2447
vn 0.419414 -0.784139 0.457404
v -1.444 -2.8362 -0.26665
vn 0.127303 -0.327962 0.936074
v -1.4483 -2.8106 -0.2447
vn 0.289178 -0.835542 0.467168
v -1.3575 -2.8362 -0.28087
vn 0.0630896 0.00653236 0.997986
v -1.36885 -2.8589 -0.278515
vn 0.093234 0.209855 0.973277
v -1.40545 -2.8135 -0.268915
vn 0.268621 -0.727474 0.631368
v -1.4256 -2.8024 -0.2447
vn 0.377164 -0.842428 0.38479
v -1.34615 -2.8135 -0.275415
vn 0.196074 -0.528874 0.82574
v -1.3802 -2.81005 -0.27185
vn -0.0408063 -0.654361 0.75508
v -1.3575 -2.7768 -0.22199
vn 0.163674 -0.832607 0.529129
v -1.3802 -2.7896 -0.2447
vn 0.0657082 -0.830518 0.553103
v -1.5291 -2.9498 -0.15387
vn 0.866265 -0.401923 -0.296721
v -1.5164 -2.8562 -0.22573
vn 0.369636 -0.589893 0.71791
v -1.5164 -2.8362 -0.20577
vn -0.0558304 -0.682905 0.728371
v -1.4937 -2.8381 -0.21895
vn 0.689321 -0.679342 0.251655
v -1.471 -2.8135 -0.21448
vn 0.57306 -0.806507 0.145428
v -1.4483 -2.8074 -0.22199
vn 0.407827 -0.886798 0.21741
v -1.4201 -2.7908 -0.22199
vn 0.480716 -0.824645 0.298116
v -1.4306 -2.78445 -0.19929
vn 0.520851 -0.719881 0.458788
v -1.3348 -2.7962 -0.2674
vn 0.468349 -0.666991 0.579459
v -1.4029 -2.7813 -0.22199
vn 0.215037 -0.828085 0.517721
v -1.3802 -2.7766 -0.22199
vn 0.0918878 -0.833504 0.544818
v -1.3802 -2.7619 -0.19929
vn 0.0133545 -0.753781 0.65699
v -1.4029 -2.7681 -0.20606
vn 0.222691 -0.407857 0.885472
v -1.4137 -2.7565 -0.20244
vn -0.0859328 -0.264402 0.960576
v -1.3348 -2.7454 -0.18289
vn -0.00748358 -0.711363 0.702785
v -1.3802 -2.7454 -0.18459
vn -0.107467 -0.464782 0.878879
v -1.3348 -2.77613 -0.23089
vn 0.313823 -0.863086 0.395725
v -1.31685 -2.7625 -0.2447
vn 0.693897 -0.720058 -0.00483113
v -1.31805 -2.76465 -0.22199
vn 0.478776 -0.868115 0.130957
v -1.3121 -2.7581 -0.19929
vn 0.215206 -0.856519 0.469107
v -1.2893 -2.7448 -0.22199
vn 0.636421 -0.754817 -0.158807
v -1.2893 -2.7454 -0.19921
vn 0.586637 -0.805045 0.0880921
v -1.3121 -2.7414 -0.17658
vn -0.0749871 -0.697958 0.712201
v -1.7701 -3.0633 -0.17658
vn 0.94217 -0.333461 -0.0334667
v -1.764 -3.0633 -0.10846
vn 0.90168 -0.432323 -0.00833575
v -1.5845 -3.0022 -0.10846
vn 0.453685 -0.883766 -0.11458
v -1.5368 -2.9725 -0.13688
vn 0.50881 -0.840036 -0.188288
v -1.532 -2.9725 -0.10846
vn 0.545403 -0.836203 -0.0574483
v -1.6072 -3.0122 -0.10846
vn 0.404542 -0.904721 -0.133511
v -1.0623 -3.6608 -0.27038
vn 0.358187 0.38635 0.849962
v -1.0623 -3.50605 -0.29919
vn 0.132785 -0.0617423 0.98922
v -1.088 -3.41525 -0.293245
vn 0.134052 0.105406 0.985353
v -1.0623 -3.4039 -0.29585
vn 0.0562844 0.0130539 0.998329
v -1.11905 -3.3812 -0.295655
vn 0.0928467 0.0812511 0.99236
v -1.1077 -3.3585 -0.29791
vn -0.0102056 -0.0348934 0.999339
v -1.09068 -3.27895 -0.293697
vn 0.0424174 -0.0264 0.998751
v -1.0623 -3.30453 -0.295925
vn 0.0472201 -0.00812914 0.998851
v -1.7207 -3.1087 -0.27787
vn -0.0394476 -0.251358 0.96709
v -1.7435 -3.0476 -0.22199
vn 0.663551 -0.735408 0.137386
v -1.9251 -2.8135 -1.0028
vn 0.390533 -0.144737 0.90914
v -1.9442 -2.8135 -0.99397
vn 0.418627 -0.249656 0.873168
v -1.89105 -2.8135 -1.0139
vn 0.195357 -0.216829 0.956463
v -1.92515 -2.7908 -0.993975
vn 0.341026 -0.374572 0.862205
v -1.9024 -2.776 -0.99397
vn 0.243111 -0.774241 0.584336
v -1.9251 -2.8261 -0.78962
vn 0.4974 -0.844556 -0.198289
v -1.9251 -2.8107 -0.83503
vn 0.643369 -0.680657 -0.350404
v -1.9131 -2.8135 -0.81232
vn 0.726724 -0.6267 -0.281282
v -1.9058 -2.7908 -0.83503
vn 0.894315 -0.37991 -0.236367
v -1.9024 -2.8135 -0.78152
vn 0.760349 -0.604304 -0.238089
v -1.9251 -2.8265 -0.76691
vn 0.413321 -0.90898 0.0540482
v -1.9251 -2.8234 -0.74421
vn 0.28406 -0.955289 0.0820583
v -1.9024 -2.8186 -0.76691
vn 0.694074 -0.719752 0.014793
v -1.901 -2.81565 -0.74421
vn 0.772517 -0.62804 0.093718
v -1.86835 -2.7908 -1.0101
vn 0.13258 -0.410957 0.901963
v -1.857 -2.7615 -0.99397
vn 0.149222 -0.535884 0.831
v -1.8183 -2.7564 -1.00071
vn 0.239934 -0.55309 0.797824
v -1.8916 -2.7908 -0.7215
vn 0.991548 -0.12756 -0.0236918
v -1.5618 -2.7031 -0.78962
vn 0.70783 -0.695516 -0.123431
v -1.5744 -2.7 -0.83503
vn 0.548542 -0.812603 -0.19692
v -1.5391 -2.6747 -0.83503
vn 0.790445 -0.600286 -0.121873
v -1.58535 -2.72228 -0.7866
vn 0.562465 -0.795199 -0.226477
v -1.55795 -2.70325 -0.75556
vn 0.751664 -0.625781 -0.208326
v -1.5845 -2.7375 -0.7215
vn 0.572587 -0.804088 -0.159958
v -1.5618 -2.7227 -0.70937
vn 0.726902 -0.665671 -0.168805
v -1.5391 -2.69592 -0.708373
vn 0.720832 -0.663399 -0.200756
v -1.5391 -2.67432 -0.766548
vn 0.839907 -0.518795 -0.159399
v -1.5618 -2.7266 -0.67609
vn 0.630486 -0.774987 -0.0433735
v -1.5845 -2.741 -0.67609
vn 0.516514 -0.854288 0.0583506
v -1.55895 -2.7249 -0.65339
vn 0.582034 -0.813161 0.00221654
v -1.5309 -2.7 -0.65339
vn 0.692778 -0.70873 -0.13327
v -1.5845 -2.7357 -0.63068
vn 0.47431 -0.868286 0.145294
v -1.5531 -2.7227 -0.63068
vn 0.540943 -0.840354 -0.0344385
v -1.52632 -2.6773 -0.704472
vn 0.937827 -0.291887 -0.187834
v -1.08965 -3.45498 -0.291795
vn 0.303773 0.0105011 0.952687
v -1.085 -3.50605 -0.29758
vn 0.140725 -0.0782108 0.986955
v -1.0396 -3.313 -0.29944
vn 0.363354 0.0166232 0.931503
v -1.1077 -3.7672 -1.0312
vn 0.0017281 -0.0302143 0.999542
v -1.7889 -2.7303 -0.99397
vn 0.535827 -0.586385 0.607488
v -1.75145 -2.73635 -1.0149
vn 0.266713 -0.362712 0.892919
v -1.70735 -2.6839 -0.99397
vn 0.145263 -0.56336 0.813342
v -1.70935 -2.7 -1.00505
vn 0.0337419 -0.698186 0.71512
v -1.5845 -2.6464 -0.99397
vn 0.2726 -0.703691 0.656131
v -1.6299 -2.6546 -0.98034
vn 0.472529 -0.856021 0.209632
v -1.6299 -2.6605 -0.99397
vn 0.253061 -0.887836 0.384327
v -1.6072 -2.638 -0.97126
vn 0.822005 -0.353276 0.446659
v -1.61045 -2.6546 -0.942745
vn 0.90798 -0.0185487 -0.418603
v -1.5845 -2.6773 -0.89357
vn 0.523419 -0.715767 -0.462287
v -1.5618 -2.6551 -0.903455
vn 0.713407 -0.473745 -0.516349
v -1.5618 -2.6742 -0.88044
vn 0.583406 -0.699053 -0.413476
v -1.56275 -2.63535 -0.90184
vn 0.550879 0.54667 -0.630622
v -1.5618 -2.6852 -0.85773
vn 0.391932 -0.828939 -0.399061
v -1.5845 -2.685 -0.88044
vn 0.391464 -0.831404 -0.394363
v -1.5391 -2.6642 -0.85773
vn 0.665492 -0.550826 -0.503698
v -1.25525 -2.63015 -0.40363
vn 0.310118 0.938369 0.152614
v -1.3453 -2.5865 -0.42634
vn -0.267731 0.686957 0.675582
v -1.3348 -2.6036 -0.40363
vn -0.415134 0.524514 0.743337
v -1.3121 -2.5941 -0.40363
vn 0.242329 0.893638 -0.377741
v -1.19535 -2.5638 -0.475405
vn 0.68034 -0.201195 -0.70474
v -1.1942 -2.5865 -0.47175
vn 0.585811 -0.0895764 -0.805482
v -1.9251 -3.4826 -0.75556
vn -0.0466641 0.95914 -0.279058
v -1.857 -3.7253 -0.97126
vn 0.508737 -0.70911 0.48821
v -1.857 -3.7243 -0.94855
vn 0.563584 -0.826058 0.000907328
v -1.8184 -3.6082 -0.90314
vn 0.466277 0.504375 0.726768
v -1.8255 -3.57577 -0.926212
vn 0.598972 0.704877 0.379975
v -1.8703 -3.5855 -0.823675
vn 0.922149 0.271217 0.275829
v -1.8497 -3.5855 -0.88044
vn 0.835325 0.292868 0.465253
v -1.87375 -3.55605 -0.84638
vn 0.871748 0.433561 0.228211
v -1.8866 -3.5628 -0.78962
vn 0.925582 0.271293 0.264002
v -1.87525 -3.59788 -0.807305
vn 0.973395 0.131849 0.187399
v -1.89007 -3.57982 -0.732855
vn 0.985706 0.132737 0.103753
v -1.80545 -2.77945 -1.0167
vn 0.137584 -0.261356 0.955387
v -1.7889 -2.7227 -0.97911
vn 0.600927 -0.711636 0.363952
v -1.30879 -2.75545 -0.269148
vn 0.837554 -0.490145 0.241373
v -1.6072 -3.0071 -0.13117
vn 0.394899 -0.896399 -0.201305
v -1.1531 -3.3244 -0.294185
vn 0.0173317 -0.0485369 0.998671
v -1.1304 -3.21085 -0.287585
vn 0.0378075 -0.0423582 0.998387
v -1.085 -3.1768 -0.2918
vn 0.128042 -0.0255804 0.991439
v -1.0623 -3.1995 -0.29658
vn 0.325238 0.0273992 0.945235
v -1.085 -3.12288 -0.29125
vn 0.159472 -0.0334051 0.986637
v -1.14175 -3.11154 -0.284935
vn 0.0349766 -0.030406 0.998925
v -1.1077 -3.0633 -0.28253
vn 0.110949 -0.0422777 0.992926
v -1.0779 -3.0406 -0.28763
vn 0.344538 -0.0548149 0.937171
v -1.9024 -3.52825 -0.869085
vn 0.659351 0.735549 0.155638
v -1.9018 -3.51525 -0.90172
vn 0.931895 0.324359 0.162367
v -1.9131 -3.5174 -0.85773
vn 0.946077 0.254755 0.200096
v -1.9024 -3.5044 -0.92585
vn 0.954678 0.29637 -0.0274835
v -1.9158 -3.4493 -0.92585
vn 0.982452 0.15786 -0.0993428
v -1.9119 -3.4947 -0.85773
vn 0.98032 0.151319 0.126785
v -1.91755 -3.4493 -0.89179
vn 0.975707 0.185716 0.116216
v -1.9251 -3.5203 -0.807685
vn 0.304587 0.87682 -0.37204
v -1.9214 -3.5174 -0.83252
vn 0.324835 0.915596 0.236992
v -1.9024 -3.5289 -0.81232
vn 0.81237 0.564748 -0.145307
v -1.8942 -3.5401 -0.81232
vn 0.733305 0.674237 0.0875683
v -1.9024 -3.5095 -0.78962
vn 0.752985 0.486332 -0.443277
v -1.9251 -3.4749 -0.837515
vn 0.709918 0.453226 0.539076
v -1.9251 -3.4493 -0.85631
vn 0.842973 0.25252 0.475006
v -1.9251 -3.4947 -0.82115
vn 0.704672 0.450326 0.54831
v -1.9143 -3.4947 -0.83503
vn 0.704672 0.450326 0.54831
v -1.91935 -3.4947 -0.79315
vn 0.391889 0.748087 -0.535528
v -1.9378 -3.4947 -0.78962
vn -0.270778 0.931456 -0.24304
v -1.90675 -3.4947 -0.749883
vn 0.752771 0.655546 -0.0599509
v -1.8995 -3.5109 -0.732855
vn 0.975814 0.205164 0.0754668
v -1.9023 -3.5174 -0.675705
vn 0.979049 0.170663 0.111071
v -1.9093 -3.4947 -0.67609
vn 0.881752 0.466954 0.0668421
v -1.92505 -3.49465 -0.65339
vn 0.431028 0.599887 0.674055
v -1.9276 -3.47315 -0.67609
vn 0.549707 0.723167 0.418152
v -1.7904 -3.6546 -0.994522
vn 0.968923 0.0583976 0.24037
v -1.787 -3.65815 -0.97126
vn 0.817111 -0.308738 -0.486837
v -1.7889 -3.6757 -0.94855
vn 0.668823 -0.731429 -0.132998
v -1.7641 -3.6536 -0.94855
vn 0.760021 -0.399385 -0.512699
v -1.7608 -3.6536 -0.92585
vn 0.730883 -0.614335 0.297326
v -1.78625 -3.62892 -0.971795
vn 0.65158 0.187331 -0.735085
v -1.7554 -3.6309 -0.94855
vn 0.770278 -0.301843 -0.561749
v -1.7453 -3.6309 -0.92585
vn 0.775171 -0.529298 -0.344896
v -1.857 -3.5628 -0.89828
vn 0.75989 0.607184 0.232153
v -1.8337 -3.58463 -0.901015
vn 0.726392 0.509922 0.460797
v -1.8797 -3.54185 -0.889505
vn 0.671289 0.725456 0.151936
v -1.8797 -3.51695 -0.99352
vn 0.38543 0.696787 0.604923
v -1.8951 -3.5174 -0.92585
vn 0.834137 0.548493 0.0580481
v -1.8933 -3.52875 -0.761235
vn 0.979236 0.202704 -0.00270819
v -1.88748 -3.59685 -0.71015
vn 0.984267 0.176084 0.0146152
v -1.89825 -3.5513 -0.653207
vn 0.970725 0.220915 0.0942886
v -1.2031 -3.6309 -0.2447
vn 0.976641 -0.0675278 0.203991
v -1.2212 -3.6309 -0.24356
vn -0.166925 0.149283 0.974603
v -1.2212 -3.6536 -0.2398
vn -0.139687 0.186257 0.97252
v -1.11905 -3.55145 -0.295835
vn 0.0716506 -0.0851816 0.993786
v -1.1531 -3.5174 -0.28562
vn 0.284935 -0.202569 0.936898
v -1.1304 -3.5076 -0.29011
vn 0.366099 -0.249169 0.896597
v -1.12472 -3.41677 -0.285455
vn 0.220321 0.273949 0.936168
v -1.9377 -3.472 -0.7215
vn 0.0922491 0.959553 -0.265986
v -1.9251 -3.472 -0.70798
vn 0.595881 0.799206 -0.0787086
v -1.59585 -3.7672 -1.00465
vn 0.0289891 -0.364134 0.930895
v -1.4937 -3.7672 -0.99885
vn 0.141565 -0.347685 0.926863
v -1.4606 -3.72065 -0.990115
vn 0.333824 -0.232263 0.913573
v -1.4256 -3.7672 -1.0195
vn 0.0826887 -0.148346 0.985473
v -1.4256 -3.7217 -1.0022
vn 0.245546 -0.30765 0.919271
v -1.7889 -3.6761 -0.92585
vn 0.733659 -0.596671 0.325159
v -1.7889 -3.6536 -0.90315
vn 0.497511 -0.0973387 0.861979
v -1.7982 -3.6309 -0.90314
vn 0.327538 0.324054 0.887529
v -1.7662 -3.6309 -0.91374
vn 0.461214 0.0971309 0.881956
v -1.7889 -3.60545 -0.922785
vn 0.415099 0.612732 0.672497
v -1.7662 -3.6129 -0.92585
vn 0.428531 0.66576 0.61084
v -1.85295 -3.699 -0.75612
vn 0.912577 0.285223 0.293003
v -1.85895 -3.70305 -0.71015
vn 0.932973 0.359692 -0.0135695
v -1.8583 -3.6309 -0.859875
vn 0.753231 0.585178 0.300349
v -1.86595 -3.6309 -0.823675
vn 0.892871 0.418458 0.166354
v -1.866 -3.6082 -0.85773
vn 0.882431 0.0874512 0.462242
v -1.8449 -3.6763 -0.78962
vn 0.895725 0.373986 0.24044
v -1.8382 -3.6763 -0.83503
vn 0.939466 0.224053 0.259237
v -1.8382 -3.699 -0.81232
vn 0.980658 0.110512 0.161547
v -1.8478 -3.6536 -0.83503
vn 0.847891 0.507255 0.154188
v -1.8741 -3.6309 -0.78962
vn 0.93781 0.270659 0.217385
v -1.8678 -3.6763 -0.74421
vn 0.857008 0.412403 0.308968
v -1.8771 -3.6536 -0.732855
vn 0.96445 0.262048 0.0341534
v -1.87187 -3.66495 -0.693123
vn 0.952172 0.305397 -0.0100499
v -1.86253 -3.68712 -0.65339
vn 0.886391 0.461661 -0.0343553
v -1.87992 -3.63215 -0.652077
vn 0.980714 0.194061 -0.023239
v -1.0623 -3.7217 -1.0301
vn 0.0323777 -0.0331659 0.998925
v -1.13324 -3.71035 -1.02992
vn 0.00563742 -0.0898969 0.995935
v -1.1646 -3.6536 -1.0167
vn 0.101988 -0.205295 0.973372
v -1.23255 -3.6536 -1.0109
vn 0.0968115 -0.0808682 0.992012
v -1.5618 -3.66495 -0.256805
vn 0.397871 -0.170418 0.901475
v -1.5264 -3.6309 -0.2674
vn 0.322526 -0.0666463 0.944212
v -1.5606 -3.6319 -0.2447
vn 0.455211 -0.475514 0.752775
v -1.5391 -3.6309 -0.26202
vn 0.481874 -0.314058 0.818025
v -1.5391 -3.616 -0.2447
vn 0.631222 -0.752719 0.187013
v -1.5303 -3.6082 -0.2447
vn 0.705578 -0.707071 0.0470166
v -1.51275 -3.6082 -0.265755
vn 0.464995 -0.410967 0.784147
v -1.5164 -3.5938 -0.2447
vn 0.771709 -0.609976 -0.179986
v -1.5164 -3.6061 -0.215985
vn 0.732491 -0.614751 -0.292468
v -1.49788 -3.58568 -0.210686
vn 0.884262 -0.297691 -0.359806
v -1.4937 -3.6082 -0.13979
vn 0.745627 -0.649785 -0.147718
v -1.4869 -3.5855 -0.17658
vn 0.866944 -0.446557 -0.221346
v -1.49095 -3.611 -0.10846
vn 0.751919 -0.647028 -0.126379
v -1.48385 -3.3585 -0.14252
vn 0.686702 -0.704722 -0.178345
v -1.4731 -3.3585 -0.10846
vn 0.527764 -0.849374 0.00533786
v -1.4977 -3.37625 -0.10846
vn 0.756443 -0.652846 0.0398305
v -1.1507 -3.6751 -0.2674
vn 0.482838 0.484233 0.729648
v -1.15137 -3.61835 -0.2927
vn 0.197788 0.277491 0.940148
v -1.1531 -3.5648 -0.22199
vn 0.49064 -0.421903 -0.762411
v -1.1531 -3.5855 -0.21353
vn 0.404419 -0.367802 -0.837357
v -1.1513 -3.5628 -0.22199
vn 0.408964 -0.293663 -0.864009
v -1.1304 -3.5628 -0.21483
vn 0.315658 -0.226663 -0.921403
v -1.89327 -2.8362 -1.01563
vn 0.203738 -0.0372545 0.978316
v -1.54485 -3.7452 -0.993775
vn -0.092166 -0.286331 0.953688
v -1.4937 -3.7444 -0.98742
vn 0.0588418 -0.305482 0.950378
v -1.8343 -2.82485 -1.02035
vn 0.0887262 -0.0938097 0.991629
v -1.698 -2.7227 -1.0098
vn -0.0983048 -0.323388 0.941146
v -1.6072 -2.6773 -1.0106
vn 0.137849 -0.266703 0.95387
v -1.6753 -2.71135 -1.008
vn 0.142435 -0.200743 0.969234
v -1.6526 -2.61205 -0.89179
vn -0.135377 0.983514 -0.119892
v -1.6299 -2.6095 -0.87687
vn 0.108417 0.989346 -0.097158
v -1.1304 -3.56595 -0.17994
vn 0.236809 0.639177 0.731693
v -1.52778 -2.88165 -0.239455
vn 0.355388 -0.344479 0.868927
v -1.7486 -3.31675 -0.10846
vn 0.637934 0.76792 0.0577794
v -1.7666 -3.29125 -0.10846
vn 0.950056 0.30585 0.0620396
v -1.7729 -3.2676 -0.10846
vn 0.978795 0.08552 0.186137
v -1.7712 -3.2222 -0.10846
vn 0.978938 0.0331766 0.201445
v -1.9326 -2.9271 -0.88044
vn 0.958944 0.26736 -0.0945804
v -1.9359 -2.9271 -0.90314
vn 0.924633 0.352341 -0.144601
v -1.941 -2.9044 -0.88044
vn 0.916863 0.39853 0.0231799
v -1.9352 -2.9271 -0.85773
vn 0.738443 0.477146 0.47648
v -1.82295 -3.00087 -1.02648
vn -0.0194049 0.00867626 0.999774
v -1.8343 -3.0633 -1.0253
vn -0.00901942 0.0179935 0.999797
v -1.75485 -2.99236 -1.02345
vn 0.00691049 -0.0142084 0.999875
v -1.8116 -2.96115 -1.026
vn -0.0304406 -0.0287504 0.999123
v -1.74917 -3.05195 -1.02422
vn -0.00824645 0.0118619 0.999896
v -1.89103 -2.95831 -1.01762
vn 0.217984 -0.00414703 0.975943
v -1.857 -2.89873 -1.02138
vn 0.0799749 -0.0146897 0.996689
v -1.80309 -2.9044 -1.02296
vn -0.0168373 -0.00821758 0.999824
v -1.7321 -2.90154 -1.02059
vn 0.021612 -0.0456735 0.998723
v -1.77755 -2.80215 -1.0213
vn -0.0529343 -0.0336302 0.998032
v -1.80025 -2.84755 -1.02393
vn 0.00310516 -0.015409 0.999876
v -1.7035 -2.78262 -1.01544
vn -0.0381341 -0.064361 0.997198
v -1.66395 -2.89305 -1.02425
vn -0.0183024 -0.0379033 0.999114
v -1.63274 -2.82201 -1.01994
vn -0.0148494 -0.0345168 0.999294
v -1.66395 -2.7877 -1.01795
vn 0.093235 -0.0707886 0.993124
v -1.7333 -2.7454 -1.0167
vn -0.0500261 -0.0887781 0.994794
v -1.6077 -2.70993 -1.01683
vn 0.024244 -0.0311502 0.999221
v -1.4029 -2.8362 -0.28249
vn 0.296442 -0.249921 0.921771
v -1.7488 -3.0406 -0.13117
vn 0.692263 -0.715654 -0.092795
v -1.7435 -3.0406 -0.096305
vn 0.703999 -0.705221 -0.0839527
v -1.6083 -2.5865 -0.54327
vn -0.229917 0.971439 -0.0586856
v -1.6072 -2.5967 -0.687445
vn -0.13176 0.990069 -0.0490121
v -1.65465 -2.60715 -0.642035
vn -0.229068 0.973195 0.0204967
v -1.6299 -2.594 -0.56257
vn -0.264189 0.962887 -0.0552495
v -1.3121 -2.5638 -0.29282
vn 0.0190145 0.0754012 0.996972
v -1.9281 -3.1995 -0.97126
vn 0.98556 0.119068 0.120391
v -1.9193 -3.1995 -0.99397
vn 0.860028 0.0601593 0.506688
v -1.9197 -3.16545 -0.99397
vn 0.919868 -0.0488581 0.389173
v -1.9251 -3.1541 -0.97357
vn 0.974791 0.0370809 0.220018
v -1.92694 -3.19073 -0.908577
vn 0.993392 0.0767651 0.0853163
v -1.92854 -3.15694 -0.9372
vn 0.99708 0.0613812 0.0454399
v -1.9327 -3.1995 -0.88044
vn 0.943733 0.0779466 0.321391
v -1.9325 -3.1768 -0.88044
vn 0.992491 0.0226245 0.120204
v -1.9024 -3.16545 -1.008
vn 0.568568 0.0392759 0.821698
v -1.91955 -3.11438 -0.99397
vn 0.752975 0.0462007 0.656425
v -1.9251 -3.0615 -0.99397
vn 0.883567 0.136795 0.447881
v -1.89904 -3.05762 -1.01345
vn 0.47298 0.0441136 0.879968
v -1.93395 -3.05195 -0.97126
vn 0.978125 0.150397 0.143706
v -1.9251 -2.9952 -1.0059
vn 0.478953 0.0866901 0.87355
v -1.9347 -3.0179 -0.99397
vn 0.7794 0.330614 0.532193
v -1.944 -3.0179 -0.97126
vn 0.931664 0.36238 -0.026139
v -1.93385 -3.09735 -0.914495
vn 0.999763 0.00412281 -0.0213662
v -1.93505 -3.05195 -0.94855
vn 0.996289 0.0780465 -0.0363016
v -1.935 -3.1087 -0.88044
vn 0.988554 -0.0473634 0.143238
v -1.934 -3.0179 -0.92585
vn 0.985074 0.00825566 -0.171931
v -1.9353 -2.9498 -0.92585
vn 0.94393 0.0330969 -0.328481
v -1.92668 -3.00607 -0.88044
vn 0.996732 -0.0797691 -0.0127078
v -1.9244 -2.9725 -0.88044
vn 0.987294 0.0508501 -0.150547
v -1.9251 -2.9044 -1.0082
vn 0.407013 -0.0139882 0.913315
v -1.94265 -3.09735 -0.85773
vn 0.916482 -0.104437 0.386204
v -1.9289 -3.01275 -0.85773
vn 0.887554 -0.116378 0.445762
v -1.92633 -2.9592 -0.857527
vn 0.968906 0.172874 0.177018
v -1.88945 -3.12005 -1.0167
vn 0.260886 0.0257139 0.965027
v -1.84565 -3.1314 -1.02365
vn 0.0776726 0.0199931 0.996778
v -1.857 -3.00087 -1.02438
vn 0.147595 -0.0027838 0.989044
v -1.8772 -3.20518 -1.01543
vn 0.286414 0.0730578 0.955316
v -1.51005 -3.41525 -0.165225
vn 0.997253 -0.0585416 -0.0453842
v -1.50775 -3.41525 -0.10846
vn 0.989103 -0.147073 -0.0066363
v -1.50335 -3.3812 -0.165225
vn 0.911802 -0.387594 -0.135606
v -1.50565 -3.3585 -0.21064
vn 0.966294 -0.169728 -0.193568
v -1.4997 -3.3812 -0.13117
vn 0.853765 -0.519825 -0.0294455
v -1.7207 -3.25625 -0.293845
vn 0.300615 0.143898 0.942828
v -1.7435 -3.25625 -0.28492
vn 0.551513 0.123954 0.824906
v -1.7207 -3.31175 -0.26571
vn 0.398499 0.678906 0.616673
v -1.7207 -3.2903 -0.28346
vn 0.299466 0.448288 0.842234
v -1.745 -3.29375 -0.268845
vn 0.60682 0.528665 0.593534
v -1.7435 -3.3129 -0.2447
vn 0.615567 0.677985 0.401763
v -1.7605 -3.2903 -0.2447
vn 0.887738 0.435983 0.147784
v -1.75985 -3.25625 -0.2674
vn 0.817515 0.11062 0.565184
v -1.76885 -3.18248 -0.251282
vn 0.942593 0.0474535 0.330556
v -1.7458 -3.3147 -0.22199
vn 0.746059 0.664796 0.0379853
v -1.76902 -3.2588 -0.22199
vn 0.993435 0.114267 -0.00554325
v -1.7782 -3.1541 -0.17658
vn 0.998298 0.0570578 0.012068
v -1.698 -3.2676 -0.29288
vn -0.00706782 0.281213 0.959619
v -1.6526 -3.1768 -0.28042
vn -0.0756109 -0.394291 0.91587
v -1.6109 -3.09735 -0.25023
vn 0.41547 -0.330123 0.847587
v -1.6072 -3.05335 -0.240935
vn 0.686382 -0.223411 0.692075
v -1.51815 -3.0406 -0.290635
vn 0.311635 0.00504779 0.950189
v -1.5618 -2.8817 -0.22645
vn 0.537246 0.391885 0.746855
v -1.55465 -2.86135 -0.22199
vn 0.288667 -0.40858 0.865871
v -1.46532 -2.87881 -0.272107
vn 0.150156 -0.0762129 0.98572
v -1.4937 -2.90545 -0.26706
vn 0.55892 -0.208148 0.802672
v -1.4256 -2.8589 -0.27576
vn 0.203502 -0.0927935 0.974667
v -1.43128 -2.91575 -0.27916
vn 0.0292215 -0.11973 0.992376
v -1.3802 -2.8817 -0.27623
vn 0.0457283 -0.0535885 0.997516
v -1.4009 -2.7908 -0.2447
vn 0.135622 -0.750908 0.646331
v -1.4901 -2.8135 -0.19929
vn 0.26614 -0.633067 0.726908
v -1.4483 -2.79515 -0.196455
vn 0.299378 -0.654245 0.694505
v -1.4029 -2.5223 -0.31281
vn -0.138857 0.656711 0.741248
v -1.36885 -2.5411 -0.295145
vn -0.0490827 0.463458 0.884758
v -1.9024 -3.3467 -0.99397
vn 0.833181 -0.259588 0.488287
v -1.9091 -3.3585 -0.97126
vn 0.960979 -0.265032 -0.0792261
v -1.9251 -3.4054 -0.99397
vn 0.912814 -0.295688 0.281671
v -1.9086 -3.31872 -0.97126
vn 0.990321 0.0720797 0.118612
v -1.9008 -3.30165 -0.99256
vn 0.86971 0.0243147 0.492963
v -1.91785 -3.4266 -0.9372
vn 0.974214 -0.152127 -0.166626
v -1.90395 -3.3812 -0.902495
vn 0.992954 -0.0673492 -0.0975049
v -1.9097 -3.4039 -0.90314
vn 0.978636 -0.179856 -0.0996185
v -1.9058 -3.34715 -0.90314
vn 0.994902 0.0954594 -0.0325094
v -1.906 -3.245 -0.994935
vn 0.733696 0.158472 0.66074
v -1.9184 -3.2449 -0.97126
vn 0.956556 0.14424 0.253368
v -1.8797 -3.2676 -1.0091
vn 0.45035 0.0960459 0.887671
v -1.9183 -3.2676 -0.908817
vn 0.986325 0.148613 0.0712498
v -1.8797 -3.3585 -1.0099
vn 0.401023 -0.0798392 0.912582
v -1.85661 -3.2547 -1.01604
vn 0.114067 0.0432831 0.99253
v -1.8343 -3.2449 -1.01895
vn 0.0328811 0.0325893 0.998928
v -1.7378 -3.12289 -1.02238
vn 0.00652576 0.0272451 0.999607
v -1.7662 -2.6006 -0.6988
vn 0.144904 0.979498 -0.139952
v -1.7207 -2.61925 -0.72718
vn 0.0822621 0.978637 -0.188419
v -1.68665 -2.6212 -0.869085
vn -0.22176 0.970502 -0.0945982
v -1.1985 -3.4779 -0.22199
vn -0.0382742 0.565323 0.823981
v -1.1531 -3.4439 -0.26274
vn 0.460529 0.579919 0.672017
v -1.13495 -3.4493 -0.270075
vn 0.479198 0.052646 0.876126
v -1.57685 -2.98385 -0.24292
vn 0.702292 -0.391253 0.594733
v -1.5615 -2.9498 -0.22199
vn 0.724796 -0.634157 0.269288
v -1.5425 -2.93845 -0.2447
vn 0.698523 -0.585481 0.411434
v -1.52521 -2.94227 -0.266694
vn 0.556661 -0.458696 0.692623
v -1.6299 -2.5953 -0.50013
vn -0.351741 0.936084 0.0049257
v -1.6072 -2.5878 -0.49445
vn -0.218202 0.975862 0.00900329
v -1.9042 -3.39455 -0.88044
vn 0.958873 -0.178165 0.220951
v -1.9038 -3.3585 -0.88044
vn 0.95334 0.159077 0.256587
v -1.91965 -3.41525 -0.85773
vn 0.820663 -0.182643 0.541437
v -1.9156 -3.4266 -0.88044
vn 0.87576 -0.341429 0.341279
v -1.914 -3.3812 -0.85773
vn 0.777023 0.0831564 0.623955
v -1.9251 -3.39255 -0.85254
vn 0.447695 0.0417801 0.893209
v -1.9251 -3.3093 -0.863035
vn 0.753587 0.174835 0.633671
v -1.9251 -3.2535 -0.88044
vn 0.949097 0.161574 0.270386
v -1.9399 -2.9271 -0.92585
vn 0.940782 0.241062 -0.238366
v -1.93905 -3.27895 -0.85773
vn 0.601148 0.123027 0.789611
v -1.9441 -3.2222 -0.85773
vn 0.805916 0.0831028 0.586168
v -1.9432 -3.1541 -0.85773
vn 0.88945 0.00652734 0.456986
v -1.6299 -2.6163 -0.92585
vn -0.0595117 0.984929 -0.162396
v -1.6299 -2.6184 -0.94855
vn 0.208139 0.973743 0.0922084
v -1.66395 -2.6227 -0.914495
vn -0.35484 0.846866 -0.396114
v -1.6072 -2.6265 -0.97126
vn 0.692644 0.57587 0.434302
v -1.6299 -2.6106 -0.9729
vn 0.243192 0.78305 0.572442
v -1.7662 -2.6272 -0.823675
vn 0.0194409 0.994786 -0.100117
v -1.7662 -2.6319 -0.86038
vn -0.0304917 0.982019 -0.186303
v -1.7889 -2.6319 -0.86666
vn 0.106152 0.952787 -0.284479
v -1.7435 -2.6268 -0.823675
vn -0.0911112 0.995783 -0.0107164
v -1.7207 -2.6211 -0.84638
vn -0.0360642 0.999312 -0.00865112
v -1.7321 -2.6236 -0.772588
vn 0.0249203 0.998217 -0.0542376
v -1.76052 -2.61603 -0.749885
vn 0.173336 0.96166 -0.212519
v -1.6753 -2.6173 -0.78962
vn -0.157868 0.987382 -0.0124621
v -1.65533 -2.60808 -0.778265
vn -0.255229 0.965335 -0.0546577
v -1.698 -2.6222 -0.76691
vn -0.201075 0.973747 -0.106704
v -1.6299 -2.60395 -0.795293
vn 0.0427731 0.997094 -0.0630336
v -1.68665 -2.61046 -0.64078
vn -0.0355162 0.990005 0.13649
v -1.698 -2.6133 -0.60798
vn 0.186102 0.980099 0.069076
v -1.6753 -2.6156 -0.60798
vn -0.301889 0.952253 0.0455768
v -1.2166 -3.6763 -0.22199
vn -0.343335 0.767199 0.54178
v -1.208 -3.6763 -0.19929
vn -0.403675 0.90203 0.152934
v -1.1425 -3.4947 -0.2447
vn 0.820295 -0.429743 -0.377408
v -1.139 -3.472 -0.2674
vn 0.808543 -0.473724 -0.349061
v -1.77485 -3.16545 -0.13117
vn 0.994773 0.0998518 -0.0213788
v -1.58648 -3.02925 -0.254302
vn 0.65413 -0.234599 0.719081
v -1.5589 -2.9498 -0.19929
vn 0.763173 -0.595492 -0.250911
v -1.3121 -2.7908 -0.28039
vn 0.239257 -0.198199 0.950512
v -1.29035 -2.7227 -0.2689
vn 0.880581 -0.472578 -0.0353218
v -1.60086 -2.60804 -0.795292
vn 0.158176 0.985972 -0.0532822
v -1.6753 -2.60602 -0.734545
vn -0.200403 0.968484 -0.147911
v -1.69832 -2.60875 -0.708225
vn -0.231113 0.960719 -0.153638
v -1.68665 -2.60465 -0.681768
vn -0.0951722 0.993625 0.0604257
v -1.64125 -2.60028 -0.704475
vn -0.0920131 0.995206 0.0331575
v -1.5845 -2.59965 -0.698797
vn 0.198783 0.975572 -0.0935164
v -1.57315 -2.59015 -0.500128
vn 0.14384 0.989154 0.0297428
v -1.60965 -2.58685 -0.43769
vn 0.0638078 0.996848 0.0471413
v -1.5618 -2.596 -0.40363
vn 0.237587 0.971015 0.0261154
v -1.6072 -2.58665 -0.402395
vn -0.300171 0.937164 -0.177824
v -1.5845 -2.5865 -0.37908
vn 0.289355 0.933864 -0.210171
v -1.54745 -2.58742 -0.35684
vn 0.148061 0.875053 -0.460825
v -1.6072 -2.5794 -0.35822
vn 0.12206 0.909563 -0.397236
v -1.5618 -2.56675 -0.332755
vn 0.0324619 0.867991 -0.495518
v -1.36885 -3.699 -1.0061
vn 0.10541 -0.224641 0.968723
v -1.0169 -3.7217 -1.0338
vn 0.0120506 -0.0362725 0.999269
v -0.94877 -3.7672 -1.0344
vn 0.00621124 -0.0019416 0.999979
v -0.94877 -3.6763 -1.0312
vn -0.019721 -0.016832 0.999664
v -0.97148 -3.6309 -1.0302
vn 0.0623595 -0.0659664 0.995871
v -0.94877 -3.60252 -1.03212
vn 0.0586327 -0.0253433 0.997958
v -0.94877 -3.50605 -1.02845
vn 0.01746 -0.00389899 0.99984
v -1.0396 -3.48335 -1.02955
vn 0.00232987 0.0123788 0.999921
v -0.97148 -3.43795 -1.0299
vn 0.0350371 0.0277798 0.999
v -0.94877 -3.33291 -1.03251
vn -0.00422271 0.021191 0.999767
v -0.97148 -3.296 -1.0329
vn 0.029944 0.0140583 0.999453
v -0.94877 -3.16545 -1.03215
vn 0.0456284 -0.0304015 0.998496
v -1.3796 -3.699 -0.2674
vn -0.111972 0.182252 0.976855
v -1.3348 -3.699 -0.26042
vn -0.168214 0.117437 0.97873
v -1.3121 -3.7217 -0.25883
vn -0.143791 -0.125832 0.981575
v -1.2893 -3.699 -0.25258
vn -0.117473 -0.0188448 0.992897
v -1.2666 -3.6536 -0.25729
vn -0.241889 0.25921 0.93504
v -1.2666 -3.6763 -0.24983
vn -0.179785 0.170212 0.968868
v -1.2666 -3.6309 -0.26438
vn -0.24339 0.223718 0.943775
v -1.2439 -3.6309 -0.25587
vn -0.336919 0.2807 0.898718
v -1.1195 -2.6092 -0.33552
vn 0.971519 0.225561 0.072622
v -1.1119 -2.66275 -0.31281
vn 0.908901 0.187476 0.372494
v -1.1257 -2.58083 -0.306345
vn 0.931294 0.129112 0.340619
v -1.13022 -2.67215 -0.289995
vn 0.630642 0.101457 0.769414
v -1.17515 -2.51785 -0.35822
vn 0.411031 0.672629 -0.615324
v -1.1985 -2.506 -0.35822
vn 0.302654 0.661791 -0.685882
v -1.21553 -2.4986 -0.354105
vn 0.157987 0.756555 -0.634558
v -1.1842 -2.4971 -0.33552
vn 0.38749 0.89953 -0.201736
v -1.23255 -2.48825 -0.33552
vn 0.0364593 0.998967 0.0271268
v -1.1758 -2.5007 -0.31281
vn 0.283904 0.923284 0.258739
v -1.2212 -2.4921 -0.31281
vn -0.0226383 0.791487 0.610767
v -1.1304 -2.595 -0.35822
vn 0.881952 0.291002 -0.37078
v -1.15385 -2.54235 -0.35822
vn 0.680878 0.476905 -0.555848
v -1.1531 -2.51845 -0.33548
vn 0.738492 0.5555 -0.382165
v -1.1414 -2.5411 -0.29011
vn 0.777596 0.241886 0.580376
v -1.1315 -2.5411 -0.31281
vn 0.955234 0.295798 0.0055934
v -1.14925 -2.51495 -0.31281
vn 0.6858 0.72597 0.0514419
v -1.1531 -2.5213 -0.293425
vn 0.632739 0.545002 0.550103
v -1.1696 -2.5176 -0.289502
vn 0.244485 0.687981 0.683308
v -1.20985 -3.6082 -0.14514
vn -0.165647 -0.237962 0.957045
v -1.085 -2.8616 -0.29011
vn 0.571975 0.165745 0.803351
v -1.1074 -2.7896 -0.29011
vn 0.631913 0.153941 0.759597
v -1.085 -2.78 -0.31281
vn 0.764535 0.207727 0.610193
v -1.1077 -2.85325 -0.281713
vn 0.389884 0.104013 0.914971
v -1.06162 -2.86463 -0.31281
vn 0.738296 0.1748 0.651432
v -1.085 -2.7371 -0.33552
vn 0.888517 0.229048 0.397586
v -1.09654 -3.67606 -0.264585
vn -0.203155 0.0445119 0.978134
v -1.1073 -3.5855 -0.17563
vn 0.712943 0.633717 0.300191
v -1.0396 -3.1723 -0.31281
vn 0.663805 0.110124 0.739754
v -1.0396 -3.1314 -0.32065
vn 0.8211 0.0864782 0.564195
v -1.047 -3.0633 -0.31281
vn 0.720278 -0.0105235 0.693606
v -1.0334 -3.1087 -0.33552
vn 0.869862 0.0553172 0.490184
v -1.0623 -3.086 -0.30037
vn 0.598596 -0.0423625 0.79993
v -1.0311 -3.1314 -0.33552
vn 0.871418 0.0791227 0.484119
v -1.046 -3.0179 -0.31281
vn 0.809454 0.00317187 0.587175
v -1.0461 -3.0406 -0.31281
vn 0.737333 -0.0152118 0.675358
v -1.0737 -2.9044 -0.29011
vn 0.651833 0.0373238 0.757444
v -1.07958 -2.9725 -0.28839
vn 0.384112 -0.01501 0.923164
v -1.04877 -2.94412 -0.31281
vn 0.725242 0.0189334 0.688234
v -1.085 -2.91575 -0.283865
vn 0.434549 -0.00869827 0.900606
v -1.1077 -2.9271 -0.27708
vn 0.179498 -0.0142971 0.983654
v -1.02816 -3.50321 -0.31281
vn 0.902871 -0.0443138 0.427621
v -1.0232 -3.4266 -0.31281
vn 0.885923 -0.0525493 0.460845
v -1.0396 -3.41525 -0.300275
vn 0.598573 -0.0373711 0.800196
v -1.0126 -3.3585 -0.33552
vn 0.950393 -0.0124605 0.310803
v -1.0212 -3.313 -0.31281
vn 0.703422 0.0241342 0.710362
v -1.0192 -3.2449 -0.33552
vn 0.935559 0.0855883 0.342643
v -1.0396 -3.2222 -0.30403
vn 0.460647 0.0635511 0.885306
v -1.0281 -3.2449 -0.31281
vn 0.770947 0.0764354 0.632296
v -1.0337 -3.1995 -0.31281
vn 0.768013 0.152861 0.621925
v -1.0259 -3.1768 -0.33552
vn 0.857562 0.186016 0.479569
v -1.1077 -3.6763 -1.027
vn 0.0542552 -0.138444 0.988883
v -1.0623 -3.6309 -1.0211
vn 0.0746154 -0.0436734 0.996256
v -1.03676 -3.55429 -1.02544
vn 0.0344277 0.0435321 0.998459
v -1.48513 -3.7217 -0.268918
vn 0.0457584 -0.0936127 0.994557
v -1.4937 -3.7444 -0.2796
vn 0.0424458 -0.43279 0.900495
v -1.471 -3.7444 -0.28067
vn -0.00496331 -0.433176 0.901296
v -1.4483 -3.7217 -0.26844
vn -0.0479513 -0.296495 0.95383
v -1.5391 -3.699 -0.26297
vn 0.187006 0.0989047 0.977367
v -1.5164 -3.6536 -0.27104
vn 0.248225 0.0674451 0.966352
v -1.4029 -3.6536 -0.27769
vn -0.0332385 0.0812039 0.996143
v -1.3348 -3.6536 -0.27297
vn -0.122151 0.103461 0.987104
v -1.34615 -3.61387 -0.27636
vn -0.0551632 0.0252993 0.998157
v -1.3348 -3.5174 -0.27936
vn -0.0353214 0.0535169 0.997942
v -1.3064 -3.55145 -0.27432
vn -0.189756 0.0182263 0.981662
v -1.2666 -3.5401 -0.26308
vn -0.582792 -0.102439 0.806139
v -1.2853 -3.4947 -0.2674
vn -0.436001 0.0737123 0.896922
v -1.2666 -3.5174 -0.2572
vn -0.706693 -0.0882304 0.701998
v -1.259 -3.5401 -0.19929
vn -0.767933 0.340273 0.542672
v -1.2599 -3.5401 -0.22199
vn -0.989447 0.139485 0.0392305
v -1.2622 -3.5628 -0.19929
vn -0.813123 0.25311 0.524181
v -1.2439 -3.5401 -0.18754
vn -0.449301 0.458105 0.766986
v -1.26 -3.5174 -0.22199
vn -0.720355 0.41881 0.55289
v -1.2552 -3.5855 -0.17658
vn -0.743754 0.344028 0.573127
v -1.2212 -3.5874 -0.1549
vn -0.106169 0.497123 0.86116
v -1.2212 -3.4789 -0.22199
vn -0.119417 0.571359 0.811966
v -1.1985 -3.5628 -0.17001
vn 0.0187646 0.486529 0.873463
v -1.47185 -3.3583 -0.290687
vn 0.294926 0.0191181 0.955329
v -1.32345 -3.46916 -0.282872
vn -0.212574 0.117091 0.970104
v -1.2617 -3.4947 -0.2447
vn -0.73136 0.164686 0.661809
v -1.2666 -3.472 -0.25523
vn -0.627907 0.305645 0.715761
v -1.2793 -3.44178 -0.27231
vn -0.358883 0.231246 0.904283
v -1.2443 -3.43795 -0.259815
vn -0.271247 0.49639 0.824635
v -1.2212 -3.4266 -0.26382
vn -0.0462682 0.573726 0.81774
v -1.26835 -3.34415 -0.29023
vn 0.0263723 0.0258314 0.999318
v -1.29219 -3.39822 -0.284586
vn -0.0806063 0.0761824 0.99383
v -1.2893 -3.36985 -0.28651
vn 0.0472081 0.044416 0.997897
v -1.17835 -3.36985 -0.288955
vn 0.137903 0.19239 0.97158
v -1.1985 -3.3315 -0.29011
vn 0.0486647 0.0542153 0.997343
v -1.23255 -3.40227 -0.274785
vn -0.0357338 0.322843 0.945778
v -1.2212 -3.36985 -0.283825
vn 0.0130879 0.2298 0.97315
v -1.24545 -3.48242 -0.227383
vn -0.55796 0.482193 0.675404
v -1.493 -3.52644 -0.14252
vn 0.973853 0.192846 -0.120084
v -1.1304 -3.64225 -0.286835
vn -0.114908 0.359046 0.926219
v -1.11905 -3.59685 -0.29671
vn -0.0479978 0.114185 0.992299
v -1.09068 -3.6133 -0.2923
vn -0.0642705 0.304531 0.950332
v -1.085 -3.65645 -0.26864
vn -0.163866 0.416775 0.894118
v -1.1047 -3.47625 -0.29011
vn 0.2955 -0.212092 0.931502
v -1.34342 -3.26739 -0.287523
vn -0.148217 0.021025 0.988731
v -1.20472 -3.29279 -0.290302
vn 0.0533533 -0.0401874 0.997767
v -1.1758 -3.21132 -0.288805
vn 0.0829664 -0.0553375 0.995015
v -1.25525 -3.25625 -0.28632
vn 0.0365878 -0.0356842 0.998693
v -1.2212 -3.1995 -0.28199
vn 0.0370527 -0.0137872 0.999218
v -1.20417 -3.14275 -0.285187
vn 0.0513043 -0.00424884 0.998674
v -1.3802 -2.9952 -0.2911
vn -0.126387 0.0101597 0.991929
v -1.1758 -3.0406 -0.28402
vn 0.0103569 -0.0114218 0.999881
v -1.5231 -2.9498 -0.10846
vn 0.928751 -0.364127 -0.0695155
v -1.1077 -3.472 -1.0267
vn 0.00285932 0.0136554 0.999903
v -1.085 -3.4493 -1.0282
vn 0.0104699 0.012357 0.999869
v -1.48803 -3.63941 -0.274571
vn 0.151813 -0.00811729 0.988376
v -1.4483 -3.6309 -0.27851
vn 0.00271975 0.0869173 0.996212
v -1.471 -3.6082 -0.27798
vn 0.212329 0.0489063 0.975974
v -1.41993 -3.7036 -0.267812
vn -0.00652865 0.186743 0.982387
v -1.4256 -3.57982 -0.278133
vn -0.0562722 0.0518969 0.997066
v -1.4994 -3.5855 -0.2674
vn 0.580003 -0.0896111 0.80967
v -1.49949 -3.53443 -0.268527
vn 0.785104 0.136644 0.604102
v -1.5057 -3.5628 -0.2447
vn 0.998128 0.042398 0.0440888
v -1.4483 -3.5855 -0.28035
vn -0.0717593 0.0984252 0.992554
v -1.471 -3.5003 -0.29011
vn 0.226209 0.113276 0.96747
v -1.4937 -3.50605 -0.27946
vn 0.51623 0.159886 0.841393
v -1.5088 -3.5174 -0.2447
vn 0.93798 0.216438 0.270829
v -1.4373 -3.48057 -0.29067
vn -0.0586372 0.0902076 0.994195
v -1.39097 -3.4498 -0.29089
vn -0.0708334 0.107572 0.991671
v -1.251 -3.5401 -0.2447
vn -0.751919 -0.165311 0.638193
v -1.45965 -3.45497 -0.292402
vn 0.044722 0.0194556 0.99881
v -1.4937 -3.46065 -0.285255
vn 0.487593 -0.027102 0.87265
v -1.47047 -3.42249 -0.289879
vn 0.26265 -0.0399711 0.964063
v -1.5154 -3.472 -0.2674
vn 0.861174 0.00122965 0.508309
v -1.5189 -3.472 -0.2447
vn 0.98805 0.119738 -0.0970586
v -1.5075 -3.41525 -0.2674
vn 0.796418 -0.140981 0.588084
v -1.4937 -3.4039 -0.27735
vn 0.513925 -0.0451154 0.856648
v -1.51335 -3.43146 -0.233345
vn 0.991601 -0.117729 -0.0535498
v -1.41425 -3.4039 -0.293805
vn -0.0317436 0.0372221 0.998803
v -1.44263 -3.36134 -0.29397
vn 0.0788081 0.0177158 0.996732
v -1.50785 -3.3244 -0.2674
vn 0.642007 0.0782435 0.762696
v -1.5111 -3.38687 -0.2447
vn 0.995258 -0.0620945 0.0748655
v -1.4937 -3.2903 -0.28201
vn 0.53025 0.0463671 0.846572
v -1.37373 -3.39255 -0.290645
vn -0.144469 0.00990119 0.98946
v -1.4029 -3.34715 -0.296365
vn -0.101142 0.0129772 0.994787
v -1.3348 -3.3585 -0.28291
vn -0.113305 -0.00384102 0.993553
v -1.5535 -3.2676 -0.2674
vn 0.177509 0.533769 0.82679
v -1.57315 -3.2449 -0.275935
vn -0.0162495 0.321666 0.946714
v -1.58785 -3.26693 -0.266895
vn -0.165423 0.522317 0.836553
v -1.5618 -3.2222 -0.27849
vn 0.112436 0.0976755 0.988847
v -1.54665 -3.2903 -0.24904
vn 0.242469 0.801059 0.547278
v -1.59455 -3.28878 -0.2447
vn -0.170185 0.902238 0.396236
v -1.5845 -3.29115 -0.202585
vn 0.0694172 0.995415 -0.06581
v -1.6072 -3.2971 -0.22199
vn -0.283791 0.958884 0.00195291
v -1.55045 -3.29853 -0.216315
vn 0.23212 0.971002 0.057236
v -1.6072 -3.292 -0.15387
vn -0.293473 0.955069 -0.0414373
v -1.6526 -3.3112 -0.17658
vn -0.341251 0.939221 -0.037567
v -1.5391 -3.2998 -0.165225
vn 0.310261 0.945885 -0.0950748
v -1.5845 -3.2874 -0.10846
vn -0.160576 0.98696 -0.0111544
v -1.43695 -3.2449 -0.29594
vn 0.0671035 -0.00468455 0.997735
v -1.471 -3.2449 -0.29155
vn 0.194758 0.051731 0.979486
v -1.5188 -3.29335 -0.2674
vn 0.440242 0.294335 0.848265
v -1.50505 -3.2676 -0.280755
vn 0.245402 0.167602 0.954823
v -1.4029 -3.2449 -0.29636
vn -0.0369823 -0.0320017 0.998803
v -1.5019 -3.16545 -0.29011
vn 0.169484 0.00958355 0.985486
v -1.45965 -3.16545 -0.2929
vn -0.0234566 -0.025785 0.999392
v -1.52775 -3.2222 -0.28337
vn 0.219575 0.0187638 0.975415
v -1.36789 -3.1995 -0.292146
vn -0.0973302 -0.00862708 0.995215
v -1.37452 -3.13715 -0.288983
vn -0.0301239 -0.059386 0.99778
v -1.32913 -3.12289 -0.286665
vn -0.0383662 -0.0442016 0.998286
v -1.471 -3.10303 -0.294447
vn -0.0702167 0.0423137 0.996634
v -1.43128 -3.02925 -0.294323
vn -0.0980298 0.048764 0.993988
v -1.40858 -3.09167 -0.288727
vn -0.0854751 0.0231891 0.99607
v -1.33195 -3.05479 -0.284138
vn -0.0527742 -0.00909455 0.998565
v -1.43128 -2.9952 -0.293688
vn 0.00836326 -0.143378 0.989633
v -1.38588 -2.94563 -0.287622
vn 0.0258671 -0.13497 0.990512
v -1.34615 -3.01222 -0.28587
vn -0.132477 -0.00909619 0.991144
v -1.28362 -3.1314 -0.283315
vn -0.0339598 -0.00853046 0.999387
v -1.22687 -3.00087 -0.280033
vn -0.000583775 -0.0444201 0.999013
v -1.3121 -2.98385 -0.280925
vn -0.0629919 -0.0835116 0.994514
v -1.7889 -2.9233 -0.2447
vn -0.596992 0.7827 0.176013
v -1.8116 -2.9271 -0.25536
vn -0.391033 0.791583 0.469564
v -1.8343 -2.8362 -0.27645
vn -0.455271 -0.161198 0.875639
v -1.8467 -2.8589 -0.29011
vn -0.625451 -0.173952 0.760625
v -1.8411 -2.9044 -0.29011
vn -0.693251 -0.0511418 0.71888
v -1.7863 -2.9271 -0.2091
vn -0.536642 0.824022 0.181669
v -1.8234 -2.9498 -0.22199
vn -0.527563 0.848382 0.0438773
v -1.7662 -2.90415 -0.221795
vn -0.853931 0.448383 0.264112
v -1.7718 -2.9044 -0.2447
vn -0.715886 0.684913 0.135648
v -1.7435 -2.8589 -0.20297
vn -0.463663 -0.0612964 0.883889
v -1.7435 -2.8135 -0.20139
vn -0.644814 -0.0906654 0.758943
v -1.7455 -2.7908 -0.19929
vn -0.56944 -0.100991 0.815806
v -1.75195 -2.7227 -0.196385
vn -0.436656 -0.062607 0.897448
v -1.7483 -2.7681 -0.19929
vn -0.572478 -0.10844 0.812718
v -1.7207 -2.7454 -0.18175
vn -0.20471 0.0575507 0.977129
v -1.6526 -2.6914 -0.19929
vn 0.112675 0.900582 0.419828
v -1.3575 -2.89305 -0.282155
vn 0.11585 -0.0454265 0.992227
v -1.3348 -2.88735 -0.283375
vn -0.00922729 0.0477917 0.998815
v -1.3121 -2.84755 -0.28478
vn -0.124697 0.051368 0.990864
v -1.27795 -2.876 -0.277548
vn -0.133078 0.0657508 0.988922
v -1.2893 -2.75675 -0.28036
vn 0.290811 -0.350009 0.890462
v -1.6526 -3.3105 -0.10846
vn -0.342119 0.939656 0.00136596
v -1.55045 -3.28865 -0.10573
vn 0.132416 0.987507 -0.0854174
v -1.5164 -3.2966 -0.10846
vn 0.278454 0.947332 -0.158193
v -1.16871 -3.54861 -1.02632
vn -0.0150945 0.099679 0.994905
v -1.1985 -3.5174 -1.0297
vn -0.00947601 0.00553791 0.99994
v -1.16662 -3.6309 -1.01477
vn 0.0697843 0.00424716 0.997553
v -1.16445 -3.60915 -1.0167
vn 0.025754 0.136591 0.990293
v -1.16445 -3.39822 -1.02835
vn 0.0271215 0.00259925 0.999629
v -1.09351 -3.34712 -1.02846
vn 0.0104888 -0.00852922 0.999909
v -1.0169 -3.34715 -1.0297
vn 0.0357462 0.0109996 0.9993
v -1.17864 -3.26476 -1.02688
vn 0.00496508 -0.0225298 0.999734
v -1.06939 -3.25767 -1.02798
vn 0.0400985 -0.0128208 0.999113
v -1.5266 -3.72435 -0.2674
vn 0.0156949 -0.111063 0.993689
v -1.50358 -3.52875 -0.204963
vn 0.974832 0.170255 -0.143931
v -1.4882 -3.5628 -0.17658
vn 0.95742 0.233769 -0.169406
v -1.2687 -3.56377 -0.267272
vn -0.177436 -0.110053 0.97796
v -1.2504 -3.6082 -0.17658
vn -0.924064 0.073214 0.37516
v -1.2369 -3.6082 -0.15387
vn -0.741292 0.180915 0.646341
v -1.2439 -3.5855 -0.165
vn -0.577869 0.389943 0.716946
v -1.1304 -3.5907 -0.15387
vn 0.0340614 0.623046 0.781444
v -1.5027 -3.48335 -0.15387
vn 0.984521 0.11866 -0.128987
v -1.50915 -3.44362 -0.19929
vn 0.995354 0.0511372 -0.0815776
v -1.1758 -3.48795 -0.216825
vn 0.0690997 0.589985 0.804452
v -1.64593 -3.30675 -0.2447
vn -0.322681 0.911186 0.256157
v -1.61879 -3.28335 -0.26716
vn -0.332696 0.700958 0.63085
v -1.65665 -3.2676 -0.289445
vn -0.230374 0.309692 0.922507
v -1.6072 -3.2449 -0.28132
vn -0.229856 0.133147 0.964074
v -1.59585 -3.21085 -0.281145
vn -0.11746 -0.0285278 0.992668
v -1.59018 -3.16545 -0.275567
vn 0.0199196 -0.157535 0.987312
v -1.58765 -3.12865 -0.2674
vn 0.141225 -0.234904 0.961705
v -1.55045 -3.14559 -0.276375
vn 0.22158 -0.0392065 0.974354
v -1.698 -3.3254 -0.22199
vn -0.234636 0.972044 -0.00876819
v -1.5806 -3.09735 -0.26582
vn 0.345331 -0.0302431 0.937994
v -1.4937 -3.0406 -0.29579
vn 0.0313436 -0.0161631 0.999378
v -1.4937 -2.96165 -0.286675
vn 0.0318857 -0.278835 0.95981
v -1.758 -2.8817 -0.22199
vn -0.670636 0.163065 0.723641
v -1.7678 -2.8817 -0.2447
vn -0.837377 0.196605 0.510045
v -1.7378 -2.9083 -0.205595
vn -0.293527 0.493565 0.818679
v -1.7435 -2.8817 -0.20798
vn -0.694847 -0.00304809 0.719151
v -1.7581 -2.8589 -0.22199
vn -0.694847 -0.00304809 0.719151
v -1.7662 -2.7454 -0.20952
vn -0.597271 -0.113136 0.79402
v -1.3575 -2.93845 -0.286445
vn -0.141775 -0.0420293 0.989006
v -1.23822 -2.93845 -0.273998
vn 0.0060414 -0.0272441 0.999611
v -1.3007 -2.9271 -0.274945
vn -0.0967245 0.04918 0.994095
v -1.23255 -2.8589 -0.27329
vn -0.0379832 0.0435096 0.998331
v -1.17013 -2.95548 -0.278613
vn 0.00330494 -0.0253716 0.999673
v -1.18715 -2.84755 -0.27616
vn 0.0228723 0.0146056 0.999632
v -1.2439 -2.8135 -0.27694
vn -0.0618284 0.0472061 0.99697
v -1.2666 -2.7908 -0.27681
vn -0.0807693 0.0180711 0.996569
v -1.20985 -2.75675 -0.28308
vn 0.00630019 0.0781647 0.996921
v -1.1531 -2.7681 -0.28012
vn 0.0625488 0.0516167 0.996706
v -1.2666 -2.73405 -0.281305
vn 0.115957 0.0201233 0.99305
v -1.2958 -2.7 -0.2674
vn 0.529019 0.21248 0.821579
v -1.27795 -2.68865 -0.281595
vn 0.255269 0.187267 0.948561
v -1.20985 -2.69149 -0.28465
vn -0.0493395 0.00686587 0.998758
v -1.26092 -2.66879 -0.286134
vn 0.0456238 0.0733917 0.996259
v -1.1758 -2.6773 -0.28292
vn -0.0476659 -0.0223026 0.998614
v -1.3218 -2.6773 -0.2674
vn 0.26019 0.603757 0.753511
v -1.27511 -2.58508 -0.289731
vn -0.119807 -0.00600046 0.992779
v -1.20985 -2.62339 -0.28277
vn -0.101501 -0.067782 0.992524
v -1.3121 -2.7112 -0.17658
vn 0.213859 0.653011 0.726526
v -1.3348 -2.69685 -0.19268
vn 0.0243847 0.890287 0.454747
v -1.3575 -2.69625 -0.19248
vn 0.0208799 0.882292 0.47024
v -1.3802 -2.7227 -0.18076
vn -0.384774 0.415015 0.824446
v -1.3348 -2.6866 -0.2447
vn 0.13071 0.963638 0.233059
v -1.1077 -2.98385 -0.28244
vn 0.0318109 -0.061492 0.997601
v -1.13607 -2.85041 -0.27754
vn 0.0386399 0.0164975 0.999117
v -1.653 -2.5865 -0.29011
vn -0.0793133 0.453513 0.887714
v -1.50505 -2.5503 -0.31281
vn -0.232403 0.915778 -0.327627
v -1.50715 -2.5638 -0.33341
vn -0.211043 0.745077 -0.63271
v -1.2212 -2.55245 -0.28007
vn -0.144575 0.0370184 0.988801
v -1.18715 -2.5638 -0.278095
vn 0.0423876 -0.0239587 0.998814
v -1.1758 -2.5411 -0.27954
vn 0.0500784 0.136865 0.989323
v -1.9166 -2.7908 -0.2447
vn 0.845176 -0.476977 0.241186
v -1.9024 -2.7867 -0.2674
vn 0.613456 -0.665613 0.425007
v -1.90065 -2.7513 -0.2447
vn 0.65801 -0.273435 0.70161
v -1.17013 -3.73305 -1.03165
vn 0.0237055 -0.0599204 0.997922
v -1.54534 -3.18248 -1.01804
vn -0.0360663 0.0622377 0.997409
v -1.4937 -3.14275 -1.01947
vn 0.00657321 0.0438897 0.999015
v -1.1758 -3.1768 -1.0241
vn -0.0100271 -0.0171709 0.999802
v -1.24674 -3.19666 -1.02524
vn 0.00542751 -0.0043798 0.999976
v -1.23255 -3.11438 -1.02575
vn -0.00556836 0.00841845 0.999949
v -1.41993 -3.21085 -1.01957
vn 0.0187184 0.0131199 0.999739
v -1.3348 -3.1768 -1.0207
vn 0.0352138 0.0150146 0.999267
v -1.3021 -3.12856 -1.02433
vn 0.0361887 0.00977745 0.999297
v -1.5079 -2.6773 -0.60798
vn 0.959233 0.0529812 -0.277606
v -1.5118 -2.6546 -0.58527
vn 0.899706 0.422041 -0.111401
v -1.4937 -2.6773 -0.55535
vn 0.852102 0.409804 -0.325549
v -1.51355 -2.64605 -0.56257
vn 0.819028 0.515168 -0.252578
v -1.4937 -2.6362 -0.51716
vn 0.683147 0.562804 -0.465362
v -1.52725 -2.6092 -0.52851
vn 0.692836 0.667458 -0.272908
v -1.51577 -2.61265 -0.50636
vn 0.457062 0.814608 -0.357083
v -1.1304 -3.2449 -1.0244
vn 0.0224969 -0.0115824 0.99968
v -0.99418 -3.1768 -1.0289
vn 0.0345395 0.00364289 0.999397
v -1.13324 -3.11579 -1.02607
vn 0.0200865 0.0136221 0.999705
v -1.66963 -3.2903 -0.27996
vn -0.236891 0.598024 0.76567
v -1.64125 -3.18815 -0.281925
vn -0.0384569 -0.201453 0.978743
v -1.5787 -3.05195 -0.265235
vn 0.4631 -0.0810341 0.882594
v -1.54665 -2.98385 -0.270085
vn 0.568849 -0.221756 0.791982
v -1.5164 -2.9952 -0.28792
vn 0.323473 -0.119009 0.938724
v -1.65263 -2.63607 -0.42634
vn -0.676857 0.0733484 0.732451
v -1.7889 -2.9044 -0.26581
vn -0.489967 0.39303 0.778113
v -1.6554 -2.9271 -0.15387
vn -0.369734 0.871085 0.323277
v -1.6753 -2.92535 -0.17303
vn -0.265391 0.896412 0.354983
v -1.6753 -2.9314 -0.15387
vn -0.0687432 0.996882 -0.0387445
v -1.6299 -2.9144 -0.15387
vn -0.346429 0.839524 0.418553
v -1.6526 -2.9022 -0.19929
vn -0.516031 0.76139 0.392424
v -1.627 -2.884 -0.19929
vn -0.338423 0.710825 0.616601
v -1.57315 -2.89305 -0.21032
vn 0.62636 0.433969 0.647567
v -1.6035 -2.88108 -0.198785
vn 0.17122 0.682576 0.710474
v -1.58615 -2.90545 -0.18095
vn 0.453493 0.785694 0.420749
v -1.6072 -2.9087 -0.15387
vn 0.0612609 0.930176 0.361967
v -1.5845 -2.9165 -0.15387
vn 0.392401 0.914625 0.0973762
v -1.6299 -2.8589 -0.20661
vn 0.00135415 0.197157 0.980371
v -1.5845 -2.8589 -0.21011
vn 0.327699 -0.164632 0.930328
v -1.5618 -2.82485 -0.207465
vn 0.00753645 -0.220894 0.975269
v -1.5164 -2.81905 -0.197145
vn -0.122778 -0.256588 0.958691
v -1.57315 -2.78529 -0.19602
vn -0.0039277 -0.193454 0.981101
v -1.8797 -2.7738 -0.2674
vn 0.382022 -0.433796 0.816015
v -1.8797 -2.7454 -0.25791
vn 0.309504 -0.12513 0.942629
v -1.857 -2.7454 -0.26225
vn 0.164116 0.00347641 0.986435
v -1.8797 -2.7227 -0.26221
vn 0.465914 0.143234 0.87316
v -1.857 -2.71915 -0.26613
vn -0.358568 0.276353 0.89166
v -1.821 -2.7454 -0.2447
vn -0.570141 -0.110513 0.81408
v -1.8254 -2.7227 -0.2447
vn -0.531197 0.0835375 0.84312
v -1.54478 -2.73405 -0.19309
vn -0.118013 0.0588499 0.991267
v -1.4937 -2.6158 -0.49445
vn 0.211632 0.796281 -0.5667
v -1.5168 -2.6092 -0.426635
vn 0.259651 0.92545 0.275905
v -1.4937 -2.61115 -0.428605
vn 0.0253224 0.839421 0.542892
v -1.4473 -2.6092 -0.42653
vn -0.152416 0.732468 0.663521
v -1.5164 -2.6227 -0.40363
vn 0.135845 0.85655 0.497864
v -1.461 -2.6546 -0.38093
vn -0.18014 0.908889 0.376125
v -1.471 -2.6319 -0.36243
vn 0.0639147 0.647228 -0.759612
v -1.4483 -2.6319 -0.36052
vn 0.0639147 0.647228 -0.759612
v -1.5164 -2.77945 -0.18953
vn -0.165863 -0.0934756 0.981709
v -1.48803 -2.77945 -0.187618
vn -0.0330586 -0.178695 0.983349
v -1.40445 -2.7208 -0.2447
vn -0.372463 0.537825 0.756317
v -1.4256 -2.7 -0.25428
vn -0.0642152 0.352702 0.93353
v -1.4256 -2.7339 -0.2447
vn -0.415827 0.586748 0.694848
v -1.3802 -2.692 -0.2447
vn -0.437596 0.710269 0.551387
v -1.41141 -2.67504 -0.264537
vn -0.0446006 0.463125 0.88517
v -1.4256 -2.6546 -0.27605
vn 0.00547032 0.411429 0.911426
v -1.4483 -2.6773 -0.26243
vn 0.0979314 0.399267 0.911589
v -1.4483 -2.64325 -0.274635
vn 0.288856 0.253768 0.923127
v -1.3575 -2.6644 -0.2674
vn 0.026812 0.540593 0.840857
v -1.3575 -2.6829 -0.2447
vn -0.0387952 0.885141 0.463703
v -1.4256 -2.6319 -0.28364
vn 0.0498948 0.219011 0.974446
v -1.4029 -2.6092 -0.28869
vn 0.0042348 0.0774056 0.996991
v -1.34697 -2.62339 -0.286132
vn 0.0414943 0.197214 0.979482
v -1.4937 -2.73405 -0.186655
vn -0.151659 0.0946634 0.983889
v -1.50505 -2.7 -0.19287
vn -0.0237444 0.183133 0.982801
v -1.4029 -2.74095 -0.198185
vn -0.657785 0.361094 0.661007
v -1.4256 -2.7454 -0.21146
vn -0.545926 0.731081 0.40925
v -1.3955 -2.7227 -0.19929
vn -0.800895 0.546032 0.245797
v -1.37985 -2.70025 -0.19929
vn -0.61094 0.708523 0.353196
v -1.50505 -2.68252 -0.199955
vn -0.00391033 0.525199 0.85097
v -1.32345 -2.6546 -0.279375
vn 0.184202 0.382431 0.905437
v -1.3058 -2.7 -0.2447
vn 0.545845 0.837886 0.000773012
v -1.68665 -2.9261 -0.10846
vn -0.045376 0.995011 -0.0888466
v -1.64265 -2.92305 -0.13117
vn -0.2652 0.963288 -0.0417811
v -1.6072 -2.9114 -0.10846
vn -0.162318 0.986118 -0.0349752
v -1.7435 -2.9271 -0.097175
vn 0.0156987 0.999777 0.0141121
v -1.6072 -2.9131 -0.13117
vn -0.0213741 0.998911 0.0414819
v -1.5845 -2.9131 -0.10846
vn 0.0918993 0.993506 -0.0670821
v -1.5391 -2.59942 -0.51148
vn 0.446709 0.889199 -0.0988712
v -1.64866 -2.6092 -0.523539
vn -0.781673 0.623651 -0.00684726
v -1.64895 -2.6092 -0.43769
vn -0.599475 0.775605 0.197652
v -1.5618 -2.59093 -0.55689
vn 0.204285 0.978265 -0.0355848
v -1.5164 -2.6013 -0.47175
vn 0.121048 0.988428 -0.0914187
v -1.5164 -2.6008 -0.44904
vn 0.0144191 0.977253 0.211586
v -1.73205 -2.6038 -0.35822
vn 0.510366 0.826527 -0.237443
v -1.6299 -2.5865 -0.35787
vn -0.513735 0.792582 -0.328467
v -1.6485 -2.5865 -0.33552
vn -0.593014 0.478511 -0.647581
v -1.5354 -2.60705 -0.40363
vn 0.420756 0.906788 0.0264481
v -1.52775 -2.6052 -0.37605
vn 0.566615 0.784423 -0.252245
v -1.63895 -2.56918 -0.31281
vn -0.347776 0.862303 -0.368084
v -1.6072 -2.5638 -0.32586
vn -0.174386 0.910256 -0.37553
v -1.471 -2.5934 -0.47175
vn -0.0824113 0.941592 -0.326517
v -1.4483 -2.5943 -0.47175
vn -0.144415 0.96887 -0.201086
v -1.4483 -2.6092 -0.48695
vn 0.0394254 0.721591 -0.691196
v -1.4483 -2.5937 -0.44904
vn -0.135935 0.918982 0.370127
v -1.38113 -2.56348 -0.47327
vn -0.19733 0.955926 -0.217409
v -1.3575 -2.56205 -0.474765
vn -0.0032599 0.931739 -0.363114
v -1.41455 -2.5808 -0.44904
vn -0.408888 0.89447 0.180928
v -1.4241 -2.5865 -0.47175
vn -0.433093 0.901154 0.01877
v -1.39155 -2.5865 -0.43196
vn -0.193263 0.643303 0.740818
v -1.3802 -2.5654 -0.45287
vn -0.334827 0.910695 0.241919
v -1.5164 -2.597 -0.35822
vn 0.170302 0.724991 -0.667372
v -1.4492 -2.5411 -0.33552
vn -0.323726 0.890875 -0.318657
v -1.39875 -2.54445 -0.35822
vn -0.294273 0.598863 -0.744827
v -1.3992 -2.5184 -0.33552
vn -0.306296 0.949432 0.069009
v -1.3802 -2.5184 -0.34997
vn -0.252665 0.589468 -0.76726
v -1.3054 -2.4957 -0.33552
vn -0.182987 0.947163 0.263433
v -1.3248 -2.56403 -0.47175
vn -0.0677427 0.928329 -0.365537
v -1.2893 -2.5581 -0.47175
vn -0.113273 0.984083 -0.136931
v -1.3348 -2.5642 -0.44904
vn -0.0473123 0.93373 0.354837
v -1.28055 -2.563 -0.44904
vn 0.0793858 0.840201 0.536433
v -1.2439 -2.5556 -0.47175
vn -0.172036 0.979895 0.101044
v -1.2212 -2.5638 -0.48727
vn -0.0262073 0.874825 -0.483729
v -1.2439 -2.5668 -0.45228
vn -0.0175724 0.749761 0.661475
v -1.2212 -2.5622 -0.44904
vn -0.160375 0.754037 0.636952
v -1.2212 -2.5455 -0.47175
vn -0.1165 0.799107 0.589793
v -1.19595 -2.5621 -0.44904
vn 0.40367 0.832507 0.379452
v -1.1985 -2.5501 -0.47175
vn 0.26641 0.834752 0.481886
v -1.471 -2.5411 -0.3298
vn -0.29839 0.909442 -0.289617
v -1.4483 -2.5363 -0.31281
vn -0.275037 0.957258 -0.0895096
v -1.32913 -2.50843 -0.31281
vn -0.0927086 0.602396 0.792795
v -1.4256 -2.5865 -0.28721
vn 0.037569 0.0501911 0.998033
v -1.3121 -2.5411 -0.29647
vn -0.0852793 0.255746 0.962975
v -1.2439 -2.5182 -0.294283
vn -0.142549 0.478608 0.86638
v -1.1985 -2.51625 -0.28863
vn -0.0439292 0.54247 0.838926
v -1.7662 -3.50605 -1.02185
vn -0.0649016 0.0358813 0.997246
v -1.69675 -3.50889 -1.0182
vn 0.00399494 0.0225378 0.999738
v -1.7264 -3.42944 -1.0197
vn -0.0961581 0.0215397 0.995133
v -1.77755 -3.4039 -1.0243
vn 0.0208131 -0.0201577 0.99958
v -1.7889 -3.48335 -1.02277
vn 0.0847306 0.0384163 0.995663
v -1.87695 -3.43795 -1.0156
vn 0.141532 -0.00895959 0.989893
v -1.857 -3.3585 -1.0149
vn 0.116491 -0.0239215 0.992904
v -1.7435 -3.29597 -1.0215
vn -0.0314754 -0.0177459 0.999347
v -1.698 -3.33859 -1.01701
vn -0.0784321 -0.0046583 0.996909
v -1.68665 -3.40957 -1.01763
vn -0.00388245 -0.0165367 0.999856
v -1.61855 -3.34147 -1.01452
vn -0.0184914 -0.00625391 0.999809
v -1.5845 -3.4266 -1.02055
vn 0.0339235 -0.0336719 0.998857
v -1.48661 -3.41099 -1.0221
vn 0.04437 -0.0249221 0.998704
v -1.4256 -3.3812 -1.0259
vn 0.000800529 -0.0197305 0.999805
v -1.53923 -3.30591 -1.01685
vn 0.0380532 -0.0231665 0.999007
v -1.39155 -3.3358 -1.02255
vn 0.0137057 -0.0297639 0.999463
v -1.33196 -3.39539 -1.02327
vn 0.0222891 -0.0150487 0.999638
v -1.28368 -3.3301 -1.02297
vn 0.0158643 -0.00339262 0.999868
v -1.7207 -3.2449 -1.0196
vn -0.0301405 0.0428748 0.998626
v -1.68497 -3.23355 -1.01702
vn -0.0404137 0.0468183 0.998086
v -1.59869 -3.22787 -1.0152
vn 0.00180821 0.0461942 0.998931
v -1.65828 -3.1768 -1.02058
vn -0.0449172 0.082927 0.995543
v -1.6072 -3.14275 -1.0237
vn -0.0150649 0.0759837 0.996995
v -1.6753 -3.12005 -1.0253
vn 0.00576247 0.0230135 0.999719
v -1.7207 -3.1995 -1.0236
vn 0.00456737 0.0274423 0.999613
v -1.6753 -3.00088 -1.02617
vn 0.00206922 -0.00238083 0.999995
v -1.57031 -3.08316 -1.02377
vn -0.0256999 0.0224972 0.999417
v -1.60153 -3.00655 -1.02525
vn -0.0219944 -0.00921976 0.999716
v -1.47951 -2.98953 -1.02373
vn 0.015332 0.0167431 0.999742
v -1.55613 -2.9498 -1.02315
vn 0.0129718 -0.0174803 0.999763
v -1.50935 -3.2222 -1.0164
vn 0.0255597 -0.000258132 0.999673
v -1.39155 -3.27895 -1.022
vn 0.0297478 -0.037122 0.998868
v -1.3575 -3.2449 -1.0202
vn 0.0369409 -0.0162608 0.999185
v -1.30353 -3.2676 -1.02469
vn 0.0296078 0.00155159 0.99956
v -1.4937 -3.09735 -1.0228
vn -0.000887117 0.0412232 0.99915
v -1.4029 -3.08316 -1.02285
vn 0.0237132 0.0315248 0.999222
v -1.46532 -3.0633 -1.0222
vn -0.000567278 0.015836 0.999874
v -1.33196 -3.0633 -1.02364
vn -0.00396559 0.0232389 0.999722
v -1.3802 -2.9271 -1.0283
vn 0.00462093 -0.00386951 0.999982
v -1.4483 -2.9044 -1.0232
vn 0.0255971 -0.0394309 0.998894
v -1.3348 -2.96683 -1.0251
vn 0.00216374 0.00847521 0.999962
v -1.23255 -3.0633 -1.02485
vn 0.0143915 0.0114905 0.99983
v -1.63557 -2.93845 -1.02345
vn -0.0224265 -0.0237713 0.999466
v -1.5164 -2.9271 -1.0252
vn 0.0122271 -0.0340749 0.999344
v -1.5845 -2.82485 -1.01795
vn 0.000975192 -0.0515354 0.998671
v -1.50363 -2.85539 -1.01876
vn 0.00841744 -0.0674658 0.997686
v -1.5164 -2.8135 -1.0156
vn 0.0238845 0.013716 0.999621
v -1.56853 -2.75107 -1.01621
vn 0.0170604 0.00673981 0.999832
v -1.6526 -2.6092 -0.98406
vn -0.519243 0.318982 0.792866
v -1.6498 -2.6319 -0.97469
vn -0.724358 0.332646 0.603865
v -1.698 -2.6425 -0.92585
vn -0.112093 0.933626 -0.340262
v -1.6753 -2.6546 -0.93962
vn 0.296767 0.904684 -0.30574
v -1.6845 -2.6546 -0.94855
vn 0.296767 0.904684 -0.30574
v -1.7207 -2.6295 -0.88635
vn -0.243386 0.908018 -0.34098
v -1.6082 -2.6319 -0.94329
vn 0.51301 0.857364 -0.0417973
v -1.5478 -2.6319 -0.85773
vn 0.846814 0.516476 -0.127117
v -1.5618 -2.6223 -0.88044
vn 0.375213 0.865867 -0.330891
v -1.5618 -2.6157 -0.85773
vn 0.276502 0.940103 -0.199382
v -1.3575 -2.8589 -1.0238
vn -0.00723185 -0.0465714 0.998889
v -1.4029 -2.8362 -1.0206
vn 0.0301365 -0.0243245 0.99925
v -1.45965 -2.81917 -1.02062
vn 0.0292468 -0.00946865 0.999527
v -1.48235 -2.77378 -1.01977
vn 0.0204059 0.0146548 0.999684
v -1.36885 -2.77378 -1.0218
vn 0.0106968 -0.022761 0.999684
v -1.3007 -2.91291 -1.02448
vn -0.00582483 -0.0294375 0.99955
v -1.29786 -2.81563 -1.02227
vn -0.00904278 -0.0201856 0.999755
v -1.20985 -2.9498 -1.02395
vn -0.0304451 -0.0394918 0.998756
v -1.21836 -2.8589 -1.02065
vn -0.018945 -0.0121295 0.999747
v -1.14175 -2.8362 -1.02138
vn 0.0364402 0.0257025 0.999005
v -1.18715 -2.7908 -1.02267
vn 0.00364837 0.0170162 0.999849
v -1.4029 -2.7454 -1.0187
vn 0.00946892 -0.0227876 0.999695
v -1.4937 -2.71135 -1.0206
vn 0.0122627 0.00663819 0.999903
v -1.44546 -2.68297 -1.01981
vn 0.0149058 -0.0365649 0.99922
v -1.34615 -2.71135 -1.02103
vn 0.0336808 0.0214175 0.999203
v -1.2723 -2.76243 -1.02062
vn 0.0111845 -0.00486812 0.999926
v -1.27795 -2.68865 -1.0252
vn 0.0190647 0.0289104 0.9994
v -1.20985 -2.73405 -1.02179
vn -0.0053353 0.026456 0.999636
v -1.1304 -2.76526 -1.02403
vn 0.0497832 -0.0246574 0.998456
v -1.8116 -2.6222 -0.83503
vn -0.285729 0.944531 -0.161925
v -1.81295 -2.6319 -0.858705
vn -0.315275 0.880597 -0.353767
v -1.8276 -2.6319 -0.83503
vn -0.547681 0.831752 -0.0907401
v -1.8116 -2.6169 -0.74421
vn -0.427386 0.90254 -0.0525646
v -1.8268 -2.6319 -0.75556
vn -0.675037 0.737349 0.0253149
v -1.7662 -2.6419 -0.88044
vn 0.122496 0.888222 -0.442782
v -1.7889 -2.6193 -0.818
vn 0.120998 0.982424 -0.142135
v -1.7889 -2.61205 -0.753643
vn -0.0348149 0.985807 -0.164233
v -1.7889 -2.6001 -0.687445
vn -0.167707 0.982656 -0.0791335
v -1.8107 -2.61015 -0.65339
vn -0.675556 0.735827 -0.0467107
v -1.53705 -2.6525 -0.84638
vn 0.973849 0.142159 -0.177224
v -1.5618 -2.61735 -0.823675
vn 0.49923 0.865546 0.0399955
v -1.5428 -2.6383 -0.80097
vn 0.823608 0.562868 -0.069638
v -1.5618 -2.6175 -0.78962
vn 0.32647 0.938139 -0.115381
v -1.53918 -2.6296 -0.75507
vn 0.826809 0.54833 -0.125384
v -1.56045 -2.60975 -0.752393
vn 0.332603 0.937094 -0.105969
v -1.8046 -2.6092 -0.60798
vn -0.733462 0.677335 -0.0570111
v -1.6753 -2.62795 -0.57392
vn -0.18987 0.897481 0.398091
v -1.6753 -2.6478 -0.53986
vn -0.0918205 0.415251 0.905061
v -1.6537 -2.6319 -0.53986
vn -0.906436 0.407573 0.110721
v -1.08216 -3.05479 -1.0276
vn 0.0200397 0.000532178 0.999799
v -1.18999 -3.02925 -1.0269
vn 0.0159323 0.00621271 0.999854
v -1.0396 -3.07465 -1.02925
vn -0.00100657 0.00352966 0.999993
v -0.94877 -3.0633 -1.0267
vn -0.00198972 -0.0200612 0.999797
v -1.14459 -3.00087 -1.02621
vn 0.0213886 -0.0637329 0.997738
v -1.09635 -2.9498 -1.02662
vn 0.0964009 -0.00705536 0.995318
v -1.14175 -2.9498 -1.02185
vn 0.03972 -0.0288229 0.998795
v -1.01122 -2.96966 -1.0299
vn 0.0239962 0.00632401 0.999692
v -0.94877 -2.97817 -1.03045
vn 0.00998339 0.0136673 0.999857
v -1.05095 -2.9498 -1.02875
vn 0.0228385 0.0224535 0.999487
v -1.07365 -2.86463 -1.02863
vn 0.0713326 -0.0110248 0.997392
v -0.94877 -2.8589 -1.028
vn -0.0186868 -0.00715669 0.9998
v -1.09067 -2.8135 -1.02578
vn 0.0901707 0.00450026 0.995916
v -1.0396 -2.7454 -1.0295
vn 0.0447302 -0.00799637 0.998967
v -0.98283 -2.80782 -1.03035
vn -0.00151882 0.0126167 0.999919
v -1.10203 -2.71703 -1.02302
vn 0.0671466 -0.0541663 0.996272
v -1.14742 -2.69007 -1.02118
vn -0.019857 0.00439691 0.999793
v -0.98283 -2.7227 -1.03195
vn 0.0194294 0.0211968 0.999587
v -0.94877 -2.65744 -1.02988
vn 0.00183621 -0.0258897 0.999663
v -1.2666 -3.6141 -0.2674
vn -0.185244 0.11788 0.975597
v -1.698 -3.3109 -0.2674
vn -0.158494 0.780004 0.605371
v -1.6874 -2.6319 -0.52851
vn 0.940911 0.321423 -0.10665
v -1.6823 -2.6319 -0.4831
vn 0.971489 0.222418 -0.0820905
v -1.6857 -2.6546 -0.505805
vn 0.996729 -0.0493761 0.0639727
v -1.8116 -2.93715 -0.187935
vn -0.266714 0.957229 -0.112141
v -1.8343 -2.9498 -0.18417
vn -0.555914 0.779137 -0.289663
v -1.698 -2.9044 -0.19623
vn -0.0672927 0.246813 0.966724
v -1.7889 -2.9336 -0.17658
vn -0.135682 0.988456 -0.0674184
v -1.7662 -2.92815 -0.180775
vn -0.202073 0.909533 0.363202
v -1.76052 -2.9265 -0.14252
vn -0.00741328 0.996957 -0.0776064
v -1.71602 -2.92616 -0.176847
vn -0.0932748 0.849059 0.519998
v -1.7207 -2.83052 -0.193193
vn -0.127806 -0.104343 0.986295
v -1.6633 -2.9044 -0.19929
vn -0.0216573 0.559854 0.828308
v -1.64132 -2.80775 -0.194243
vn 0.183506 -0.199134 0.962638
v -1.61855 -2.8362 -0.20695
vn 0.125516 0.0181869 0.991925
v -1.69232 -2.81918 -0.190083
vn -0.00441002 -0.181815 0.983323
v -1.7207 -2.7681 -0.1827
vn -0.142566 -0.161104 0.976586
v -1.66395 -2.7908 -0.18382
vn 0.103468 -0.205276 0.97322
v -1.8223 -2.7 -0.2447
vn -0.691135 0.195412 0.695807
v -1.6526 -2.6631 -0.2447
vn 0.0399022 0.924014 0.380272
v -1.6526 -2.6546 -0.25297
vn 0.0195536 0.551717 0.833802
v -1.698 -2.6593 -0.2447
vn 0.109798 0.718208 0.687111
v -1.6526 -2.6092 -0.2802
vn -0.0330996 0.453971 0.890402
v -1.6299 -2.6298 -0.2674
vn -0.140665 0.526587 0.838403
v -1.5975 -2.6541 -0.240905
vn -0.163868 0.733516 0.659622
v -1.55985 -2.59785 -0.273265
vn -0.104057 0.476887 0.872784
v -1.5391 -2.638 -0.2447
vn -0.0659531 0.65316 0.754342
v -1.51073 -2.59662 -0.273185
vn 0.0282113 0.481183 0.876166
v -1.69232 -2.75675 -0.17997
vn 0.0346662 0.0645139 0.997314
v -1.6526 -2.7681 -0.18276
vn 0.116665 0.0613855 0.991273
v -1.68665 -2.7 -0.19015
vn 0.0935807 0.293529 0.951359
v -1.64125 -2.7227 -0.1891
vn 0.13349 0.218497 0.966664
v -1.61855 -2.7681 -0.189885
vn 0.133836 -0.0329282 0.990456
v -1.57315 -2.75675 -0.192285
vn 0.0541298 -0.0130202 0.998449
v -1.5845 -2.7129 -0.19929
vn 0.0663414 0.360177 0.930522
v -1.5491 -2.69375 -0.19929
vn -0.207879 0.341744 0.916514
v -1.66395 -2.6705 -0.22199
vn 0.125461 0.887536 0.443327
v -1.69255 -2.6766 -0.198795
vn 0.216312 0.69885 0.681775
v -1.6299 -2.6722 -0.22199
vn 0.0101978 0.761505 0.648079
v -1.59585 -2.6693 -0.22199
vn -0.0865874 0.604994 0.791508
v -1.54478 -2.66342 -0.21789
vn -0.135318 0.641142 0.755398
v -1.4961 -2.62103 -0.26319
vn 0.218459 0.411325 0.884922
v -1.5054 -2.6458 -0.24664
vn 0.307775 0.556569 0.77169
v -1.47115 -2.64345 -0.263195
vn 0.384399 0.301609 0.872507
v -1.45965 -2.59785 -0.27968
vn 0.185046 0.235974 0.953978
v -1.471 -2.7454 -0.18609
vn 0.187021 0.210126 0.95962
v -1.4706 -2.69965 -0.19929
vn 0.523256 0.519676 0.675381
v -1.4937 -2.6746 -0.216435
vn 0.420235 0.770906 0.47865
v -1.5164 -2.6588 -0.22199
vn 0.185381 0.755414 0.628477
v -1.3114 -2.7 -0.198365
vn 0.341536 0.927948 0.149219
v -1.8116 -2.9271 -0.10075
vn -0.090132 0.995355 -0.0338395
v -1.77755 -2.92495 -0.10846
vn -0.00844749 0.999838 0.0158845
v -1.5609 -2.60865 -0.6988
vn 0.557169 0.821463 -0.121493
v -1.7662 -2.59435 -0.61933
vn 0.119406 0.990101 -0.0737683
v -1.7264 -2.60579 -0.661567
vn 0.198217 0.977851 -0.0672093
v -1.7889 -2.6005 -0.63068
vn -0.156549 0.987156 -0.0318795
v -1.7889 -2.5922 -0.56257
vn -0.318644 0.941959 -0.105733
v -1.7435 -2.5984 -0.596625
vn 0.250511 0.966842 -0.0496033
v -1.8116 -2.5938 -0.35822
vn -0.287617 0.866469 -0.408055
v -1.8343 -2.5891 -0.32964
vn -0.456677 0.776446 -0.434255
v -1.8343 -2.5865 -0.29011
vn 0 0 0
v -1.5845 -2.5638 -0.29856
vn -0.0896658 0.783319 0.615119
v -1.48952 -2.5645 -0.290415
vn -0.0511059 0.629667 0.775183
v -1.5618 -2.5546 -0.31281
vn -0.076587 0.997055 0.00389521
v -1.4937 -2.6092 -0.36073
vn 0.0771951 0.596841 -0.798637
v -1.4483 -2.56295 -0.289815
vn -0.0364788 0.321666 0.94615
v -1.43128 -2.5411 -0.300775
vn -0.143618 0.633161 0.76058
v -1.9251 -2.61245 -1.0181
vn 0.0498851 0.406117 0.912458
v -1.9251 -2.6593 -0.99397
vn 0.0887906 0.613373 0.784786
v -1.89105 -2.6656 -0.99397
vn 0.164308 0.594753 0.786938
v -1.9251 -2.67685 -0.96981
vn 0.187904 0.935255 0.299983
v -1.89105 -2.6868 -0.959905
vn 0.219487 0.845314 0.487103
v -1.857 -2.6319 -1.0134
vn -0.00778452 0.280252 0.959895
v -1.939 -2.6773 -0.9372
vn 0.31824 0.947061 0.0424159
v -1.61288 -3.48335 -1.01847
vn 0.0215604 -0.0135193 0.999676
v -1.53059 -3.47484 -1.0218
vn 0.0214962 -0.00431553 0.99976
v -1.43695 -3.472 -1.02257
vn 0.0115465 -0.00738078 0.999906
v -1.7662 -2.7 -0.98224
vn 0.125309 -0.787121 0.603936
v -1.7889 -2.7 -0.97753
vn 0.315171 -0.578839 0.752072
v -1.8343 -2.60185 -1.0143
vn -0.358181 0.300113 0.884103
v -1.81077 -2.59897 -1.00203
vn -0.442336 0.41912 0.792891
v -1.8116 -2.64325 -0.984995
vn -0.307621 0.140531 0.941074
v -1.7889 -2.6092 -0.98204
vn -0.218681 0.39519 0.89219
v -1.6526 -2.8987 -0.22199
vn 0.479154 0.837937 0.26129
v -1.6667 -2.8817 -0.22199
vn 0.798682 0.411238 0.439306
v -1.61855 -2.81247 -0.202478
vn 0.14935 -0.254376 0.955504
v -1.8889 -2.7 -0.29011
vn 0.61742 0.782964 0.0758871
v -1.8797 -2.7149 -0.2674
vn 0.633242 0.552154 0.542337
v -1.83448 -2.67625 -0.267215
vn -0.640406 0.177822 0.747168
v -1.7662 -2.649 -0.2447
vn 0.0863488 0.60087 0.794669
v -1.7889 -2.6773 -0.20003
vn -0.469349 -0.0199246 0.882788
v -1.7889 -2.7227 -0.20886
vn -0.311309 -0.279995 0.908124
v -1.7321 -2.7 -0.19218
vn -0.0661292 0.124501 0.990013
v -1.4407 -2.7227 -0.2447
vn 0.282229 0.207543 0.936628
v -1.8343 -2.93695 -0.14252
vn -0.68662 0.717712 -0.115944
v -1.8469 -2.9498 -0.10846
vn -0.804658 0.59101 -0.0568578
v -1.8343 -2.9333 -0.10846
vn -0.559242 0.829004 0.00104417
v -1.8116 -2.59955 -0.52851
vn -0.501404 0.860497 -0.0902224
v -1.8239 -2.6092 -0.51716
vn -0.673768 0.733758 -0.0873831
v -1.7662 -2.59095 -0.539865
vn 0.0239949 0.999654 0.0107903
v -1.7889 -2.59045 -0.52851
vn -0.125141 0.992136 -0.00232126
v -1.8116 -2.59725 -0.471745
vn -0.421923 0.906613 0.00587548
v -1.8274 -2.6092 -0.39228
vn -0.589056 0.80743 -0.0326998
v -1.7662 -2.594 -0.38093
vn 0.0677353 0.997699 0.00308099
v -1.7889 -2.5933 -0.38093
vn -0.0888601 0.995233 -0.0401957
v -1.8116 -2.598 -0.38093
vn -0.421109 0.906081 -0.0410414
v -1.8358 -2.6092 -0.361455
vn -0.822266 0.525866 -0.217587
v -1.77695 -2.588 -0.348385
vn 0.0336626 0.969674 -0.242074
v -1.6572 -2.6092 -0.47175
vn -0.682495 0.730885 0.00255501
v -1.6299 -2.59465 -0.43769
vn -0.476043 0.874682 0.0911833
v -1.6299 -2.6 -0.40363
vn -0.54125 0.836515 -0.0853874
v -1.8116 -2.5768 -0.31281
vn -0.0812645 0.939881 -0.331692
v -1.77755 -2.5769 -0.31281
vn 0.115998 0.96981 -0.214505
v -1.7662 -2.5804 -0.29011
vn 0.159659 0.857366 0.489319
v -1.80025 -2.5747 -0.29011
vn -0.00742967 0.954977 0.296586
v -1.7207 -2.5854 -0.31281
vn 0.157513 0.96582 -0.205867
v -1.8116 -2.5865 -0.27698
vn -0.00706397 0.637118 0.770734
v -1.752 -2.6147 -0.265612
vn 0.0942368 0.517155 0.850688
v -1.7131 -2.5865 -0.29011
vn 0.0083932 0.756973 0.653392
v -1.48235 -2.5865 -0.35115
vn -0.11639 0.509196 -0.852744
v -1.9251 -2.686 -0.2447
vn 0.530282 0.802805 0.272591
v -1.9269 -2.6773 -0.2674
vn 0.52575 0.833916 0.16784
v -1.9386 -2.6773 -0.2447
vn 0.521759 0.809598 0.26892
v -1.9052 -2.7227 -0.49445
vn 0.93307 0.35944 -0.01353
v -1.22045 -3.6306 -0.15387
vn -0.333083 -0.288762 0.897592
v -1.5164 -3.313 -0.24981
vn 0.845921 0.496973 0.193482
v -1.3121 -3.2449 -0.28543
vn -0.0251685 0.00520932 0.99967
v -1.2893 -3.1768 -0.28306
vn -0.060499 -0.0209838 0.997948
v -1.8267 -2.9498 -0.2447
vn -0.702371 0.684505 0.195263
v -1.8303 -2.9498 -0.2674
vn -0.770627 0.353634 0.530167
v -1.8319 -2.9271 -0.2674
vn -0.427523 0.323653 0.844081
v -1.8343 -2.9044 -0.28002
vn -0.372178 0.244343 0.895422
v -1.8343 -2.8817 -0.28174
vn -0.373193 -0.00246766 0.92775
v -1.7889 -2.8362 -0.2626
vn -0.55381 -0.105209 0.825969
v -1.7889 -2.8697 -0.2674
vn -0.477886 -0.0591693 0.876427
v -1.7889 -2.8135 -0.2583
vn -0.253876 -0.189024 0.948587
v -1.636 -2.8817 -0.22199
vn -0.795365 0.121914 0.593744
v -1.8525 -2.6773 -0.29011
vn -0.754173 0.15067 0.639157
v -1.857 -2.6952 -0.28436
vn -0.400176 0.88204 0.248725
v -1.857 -2.6334 -0.289575
vn -0.660327 -0.197573 0.724523
v -1.8343 -2.62055 -0.27267
vn -0.495348 0.126536 0.85943
v -1.7889 -2.6194 -0.261483
vn 0.00643119 0.433048 0.901348
v -1.7871 -2.6556 -0.2447
vn -0.481556 0.684756 0.547004
v -1.8059 -2.7227 -0.22199
vn -0.596745 -0.216651 0.77263
v -1.8116 -2.7 -0.22064
vn -0.712628 -0.0974037 0.694748
v -1.7662 -2.65555 -0.22763
vn 0.042904 0.951823 0.303633
v -1.7889 -2.6583 -0.22199
vn -0.184233 0.899895 0.395281
v -1.8083 -2.6773 -0.22199
vn -0.748179 0.338469 0.570672
v -1.7662 -2.6664 -0.19929
vn -0.0597773 0.493317 0.867793
v -1.7321 -2.6747 -0.197888
vn 0.114421 0.811651 0.572826
v -1.471 -2.9271 -0.27594
vn 0.0403179 -0.30062 0.952891
v -1.47182 -2.6783 -0.24732
vn 0.503109 0.525475 0.686118
v -1.812 -2.62025 -0.264245
vn -0.239683 0.24682 0.938953
v -1.9276 -3.2222 -0.35822
vn 0.997375 0.00479338 0.0722447
v -1.9278 -3.1768 -0.40363
vn 0.995631 0.0833873 -0.0420275
v -1.92755 -3.18815 -0.369575
vn 0.992523 0.113326 0.0453418
v -1.9301 -3.1541 -0.40363
vn 0.970527 0.168694 -0.172103
v -1.9444 -3.1087 -0.35822
vn 0.96964 0.226174 0.0929697
v -1.9273 -3.2222 -0.31281
vn 0.973311 0.226955 -0.0340201
v -1.93448 -3.17112 -0.33552
vn 0.987804 0.155517 0.00757414
v -1.9442 -3.1541 -0.42634
vn 0.880629 0.0892283 -0.465329
v -1.9444 -3.1314 -0.42634
vn 0.917651 0.122261 -0.378112
v -1.9398 -3.1087 -0.40363
vn 0.969272 0.213281 -0.12257
v -1.92725 -3.23257 -0.266105
vn 0.976852 0.182491 0.111613
v -1.93285 -2.6773 -0.34687
vn 0.545238 0.83825 -0.00719712
v -1.9417 -2.6773 -0.42634
vn 0.336002 0.939358 -0.0686285
v -1.92865 -2.6773 -0.30276
vn 0.503612 0.85697 -0.109439
v -1.9024 -2.7 -0.31872
vn 0.629409 0.662801 -0.405634
v -1.8688 -2.8135 -0.29011
vn -0.462799 -0.292501 0.836815
v -1.857 -2.7908 -0.27594
vn -0.231746 -0.293827 0.92734
v -1.8255 -2.8135 -0.2674
vn -0.37099 -0.240814 0.89687
v -1.7659 -2.8362 -0.245075
vn -0.85683 0.0294634 0.514757
v -1.7662 -2.8589 -0.24126
vn -0.92058 0.083919 0.381431
v -1.7565 -2.8362 -0.22199
vn -0.857724 0.0266657 0.513418
v -1.7573 -2.8135 -0.22199
vn -0.829056 -0.0318242 0.558259
v -1.8797 -2.7152 -0.31281
vn 0.595398 0.641286 -0.483997
v -1.8797 -2.7032 -0.29011
vn 0.293923 0.845024 -0.446703
v -1.8343 -2.7681 -0.25975
vn -0.353924 -0.246094 0.902317
v -1.857 -2.6078 -0.29011
vn -0.888595 0.187881 0.418449
v -1.8116 -2.7227 -0.22964
vn -0.733566 0.10018 0.672194
v -1.7612 -2.7908 -0.22199
vn -0.818255 -0.100929 0.565925
v -1.81127 -2.67775 -0.24545
vn -0.708034 0.452444 0.542201
v -1.8648 -2.6092 -0.31281
vn -0.917515 0.262114 0.299103
v -1.9251 -3.24085 -0.33552
vn 0.967155 0.211583 -0.140868
v -1.9229 -3.2449 -0.29011
vn 0.986962 0.157578 -0.0327819
v -1.9344 -3.2351 -0.32864
vn 0.50689 0.771023 -0.385468
v -1.9303 -3.2449 -0.2447
vn 0.89081 0.146716 0.430038
v -1.93305 -3.18815 -0.2674
vn 0.977061 0.0921051 0.192011
v -1.93825 -3.14275 -0.2447
vn 0.918129 0.0320295 0.394984
v -1.57315 -3.7217 -0.986075
vn 0.0189765 -0.246373 0.968989
v -1.8116 -2.6546 -0.25676
vn -0.456396 0.295649 0.839223
v -1.8523 -2.6092 -0.33552
vn -0.585743 0.673586 -0.450763
v -1.6354 -2.6092 -0.40363
vn -0.845662 0.529296 0.068566
v -1.6421 -2.6092 -0.35822
vn -0.86124 0.466982 -0.200484
v -1.857 -2.5957 -0.31281
vn -0.517292 0.855795 -0.00485877
v -1.2439 -3.6082 -0.26217
vn -0.228792 0.109975 0.967243
v -1.2439 -3.5855 -0.2654
vn -0.475868 0.0303966 0.878991
v -1.2439 -3.5628 -0.26155
vn -0.640814 -0.103693 0.760661
v -1.2387 -3.5628 -0.2447
vn -0.954342 -0.0499495 0.29451
v -1.45592 -2.63408 -0.404637
vn -0.0888485 0.726917 0.680953
v -1.4029 -2.6319 -0.39778
vn -0.0167128 0.727038 0.686394
v -1.3545 -2.6331 -0.40363
vn -0.27995 0.546597 0.789215
v -1.3575 -2.6092 -0.41476
vn -0.0614992 0.438025 0.896857
v -1.3575 -2.6486 -0.38093
vn -0.766481 0.583855 0.267618
v -1.25525 -2.6092 -0.42174
vn 0.154555 0.570153 0.80687
v -1.3802 -2.5865 -0.48784
vn -0.299851 0.58256 -0.755456
v -1.4029 -2.5638 -0.3625
vn -0.243006 0.296648 -0.923552
v -1.45965 -2.5638 -0.348545
vn -0.275163 0.4298 -0.859975
v -1.3575 -2.5411 -0.36919
vn -0.21604 0.38451 -0.897485
v -1.3348 -2.5865 -0.38863
vn -0.243077 0.352215 -0.903802
v -1.3509 -2.5865 -0.38093
vn -0.355627 0.233643 -0.904953
v -1.29503 -2.5184 -0.369683
vn -0.099276 0.379776 -0.919736
v -1.2439 -2.5411 -0.37765
vn 0.016242 0.299821 -0.953857
v -1.1985 -2.6081 -0.40363
vn -0.467265 0.509698 -0.722407
v -1.1985 -2.5865 -0.38839
vn -0.467265 0.509698 -0.722407
v -1.2439 -2.5184 -0.3711
vn 0.0220038 0.277167 -0.96057
v -1.9129 -3.5174 -0.65339
vn 0.735981 0.436292 0.517669
v -1.9251 -3.5307 -0.63068
vn 0.110621 0.669795 0.73426
v -1.9114 -3.5401 -0.63068
vn 0.695395 0.530836 0.484396
v -1.7458 -2.6773 -0.97126
vn -0.891768 0.245078 0.380376
v -1.7662 -2.6546 -0.98068
vn -0.258322 0.0264428 0.965697
v -1.7416 -2.6546 -0.97367
vn -0.748496 0.302572 0.590088
v -1.74135 -2.65735 -0.935575
vn -0.71079 0.674113 -0.200871
v -1.75895 -2.6773 -0.93643
vn -0.729354 0.598377 -0.331644
v -1.7662 -2.6546 -0.89425
vn -0.44296 0.715796 -0.539836
v -1.7889 -2.6499 -0.88044
vn -0.383376 0.597956 -0.703897
v -1.6526 -2.6319 -0.94433
vn -0.55864 0.751229 -0.351535
v -1.2636 -2.59892 -1.01095
vn 0.13294 -0.319558 0.938195
v -1.8116 -2.6546 -0.86285
vn -0.595438 0.48837 -0.637925
v -1.8217 -2.6319 -0.65339
vn -0.884574 0.46506 0.0353401
v -1.8158 -2.6319 -0.60798
vn -0.933586 0.352163 -0.0663117
v -1.8302 -2.6319 -0.51716
vn -0.95421 0.276427 -0.114332
v -1.6526 -2.6562 -0.538995
vn -0.0262854 -0.118104 0.992653
v -1.8395 -2.6773 -0.47175
vn -0.975846 0.209262 -0.0627152
v -1.8445 -2.7 -0.44904
vn -0.983048 0.16888 -0.0713873
v -1.8343 -2.66057 -0.50013
vn -0.969833 0.239614 -0.0448311
v -1.8433 -2.6773 -0.42634
vn -0.961841 0.254223 -0.101152
v -1.8343 -2.65385 -0.45073
vn -0.969515 0.22969 -0.0853401
v -1.8343 -2.64 -0.42634
vn -0.965369 0.255566 -0.052432
v -1.8415 -2.6546 -0.38093
vn -0.93407 0.258708 -0.246136
v -1.6735 -2.6319 -0.47175
vn -0.949603 0.259799 0.175381
v -1.6299 -2.6319 -0.39202
vn -0.857565 0.0969492 0.505157
v -1.6753 -2.6319 -0.34715
vn 0.124611 0.422407 -0.8978
v -1.6526 -2.6546 -0.34714
vn 0.301982 0.301586 -0.904352
v -1.6765 -2.6546 -0.35647
vn 0.620656 0.344122 -0.704532
v -1.8267 -2.9725 -0.22199
vn -0.979523 0.142395 0.142333
v -1.4937 -2.6689 -0.38093
vn 0.00233187 0.529247 0.848465
v -1.4937 -2.6546 -0.38985
vn 0.00144188 0.604462 0.796633
v -1.4991 -2.6319 -0.40363
vn 0.241377 0.724135 0.646038
v -1.6658 -2.6092 -0.33552
vn -0.574848 0.361761 -0.733948
v -1.9251 -3.5629 -0.58527
vn -0.440217 0.600218 0.667793
v -1.92505 -3.5628 -0.585315
vn -0.488936 0.603929 0.629453
v -1.9031 -3.63315 -0.2447
vn 0.792023 0.310867 0.525416
v -1.9097 -3.6536 -0.22199
vn 0.756969 0.161228 0.633249
v -1.9251 -3.64147 -0.20986
vn 0.680967 0.335864 0.650753
v -1.9024 -3.4202 -0.2447
vn 0.825154 0.358312 0.436729
v -1.9024 -3.39255 -0.26075
vn 0.639291 0.254384 0.725669
v -1.9251 -3.3585 -0.25606
vn 0.451525 0.320149 0.832844
v -1.8914 -3.3585 -0.2674
vn 0.384465 0.140082 0.912449
v -1.9338 -3.3358 -0.2674
vn -0.629384 0.0862252 0.772296
v -1.9098 -3.4266 -0.22199
vn 0.760222 0.234162 0.605996
v -1.9215 -3.4039 -0.21685
vn 0.771387 0.305509 0.558236
v -1.9308 -3.3812 -0.22199
vn 0.779331 0.431576 0.454297
v -1.9352 -3.3585 -0.2447
vn 0.817331 0.488232 0.305939
v -1.9353 -3.4266 -0.19929
vn 0.364269 0.0465365 0.93013
v -1.9382 -3.4039 -0.19929
vn 0.597335 0.23643 0.76635
v -1.9425 -3.3585 -0.22199
vn 0.841284 0.469772 0.267498
v -1.89815 -3.30905 -0.31281
vn 0.434214 0.895176 0.100591
v -1.9024 -3.313 -0.33033
vn 0 0.91161 -0.411057
v -1.9251 -3.313 -0.30155
vn -0.0262934 0.898548 -0.438087
v -1.9024 -3.3106 -0.29011
vn 0.646666 0.761879 0.0369323
v -1.9116 -3.2903 -0.29011
vn 0.906831 0.314719 -0.280375
v -1.9251 -3.2676 -0.31172
vn 0.990202 -0.0203707 -0.13815
v -1.9167 -3.2676 -0.29011
vn 0.970619 0.226147 -0.0822021
v -1.92065 -3.313 -0.26427
vn 0.447618 0.0633856 0.891976
v -1.9128 -3.2903 -0.2674
vn 0.938623 0.138949 0.315722
v -1.9437 -3.2903 -0.22199
vn 0.740136 -0.0813041 0.667524
v -1.9413 -3.2676 -0.22199
vn 0.791167 0.0600088 0.608648
v -1.8797 -2.7908 -0.6295
vn 0.767142 0.445949 -0.461111
v -1.8797 -2.8135 -0.63824
vn 0.677856 0.304287 -0.669269
v -1.8887 -2.7908 -0.65339
vn 0.966651 0.168068 -0.193234
v -1.857 -2.8135 -0.62755
vn 0.039452 0.454361 -0.889943
v -1.857 -2.79045 -0.608485
vn 0.010622 0.734453 -0.678577
v -1.8343 -2.7908 -0.62217
vn -0.565651 0.469266 -0.678107
v -1.89085 -2.7681 -0.642035
vn 0.971127 0.208452 -0.116019
v -1.8797 -2.7752 -0.60798
vn 0.763666 0.597638 -0.244221
v -1.8343 -2.7695 -0.60798
vn -0.706674 0.384804 -0.593748
v -1.857 -2.77725 -0.57392
vn 0.00724256 0.98128 -0.19245
v -1.8797 -2.77215 -0.57392
vn 0.60173 0.796708 0.0563652
v -1.8343 -2.7454 -0.58758
vn -0.831452 0.337677 -0.441205
v -1.852 -2.7681 -0.56257
vn -0.874485 0.469598 -0.121463
v -1.8797 -2.7808 -0.52851
vn 0.0165993 0.999215 -0.0359622
v -1.892 -2.7681 -0.51716
vn 0.854742 0.518724 -0.0184946
v -1.857 -2.772 -0.53986
vn -0.653863 0.750055 -0.0994029
v -1.8464 -2.7454 -0.51716
vn -0.912304 0.394041 -0.111507
v -1.8406 -2.7454 -0.56257
vn -0.943856 0.296605 -0.145467
v -1.8359 -2.7227 -0.56257
vn -0.969436 0.209258 -0.128082
v -1.8409 -2.7227 -0.51716
vn -0.97059 0.226617 -0.081237
v -1.8343 -2.6771 -0.53986
vn -1 0 0
v -1.8797 -3.3494 -0.29011
vn 0.682752 0.516998 0.516297
v -1.8797 -3.3358 -0.30651
vn 0.673366 0.576933 0.462305
v -1.857 -3.3461 -0.31281
vn 0.465832 0.681136 0.564849
v -1.8797 -3.418 -0.2674
vn 0.379617 0.437067 0.815391
v -1.8797 -3.4039 -0.27076
vn 0.265053 0.121091 0.9566
v -1.8592 -3.4039 -0.2674
vn -0.15745 0.228915 0.960629
v -1.88305 -2.76903 -0.492485
vn 0.368131 0.846488 -0.384628
v -1.86025 -2.761 -0.4831
vn -0.495534 0.822702 -0.278581
v -1.8797 -2.7538 -0.44904
vn 0.116116 0.97634 -0.182423
v -1.8946 -2.7454 -0.47175
vn 0.669431 0.685077 -0.287283
v -1.8863 -2.7454 -0.42634
vn 0.680316 0.730112 -0.0640811
v -1.8547 -2.7454 -0.44904
vn -0.752601 0.651069 -0.0984936
v -1.8482 -2.7454 -0.49445
vn -0.895911 0.424586 -0.130651
v -1.8479 -2.7227 -0.42634
vn -0.935445 0.350283 -0.0473804
v -1.8797 -2.7528 -0.38093
vn 0.390601 0.920035 -0.0311025
v -1.857 -2.7458 -0.38093
vn -0.700305 0.713751 -0.0115084
v -1.8485 -2.7227 -0.40363
vn -0.93621 0.35057 -0.0247388
v -1.8874 -2.7454 -0.369575
vn 0.891928 0.447806 -0.0627157
v -1.90375 -2.70961 -0.352545
vn 0.852402 0.519015 -0.0635127
v -1.857 -2.7254 -0.333735
vn -0.841924 0.402927 -0.358906
v -1.8494 -2.7227 -0.38093
vn -0.944385 0.307026 -0.117783
v -1.8797 -2.7454 -0.34753
vn 0.22751 0.790848 -0.568153
v -1.8613 -2.7 -0.31281
vn -0.62912 0.482375 -0.609526
v -1.857 -2.6773 -0.32237
vn -0.986069 0.166289 -0.00404322
v -1.19397 -2.59501 -1.01865
vn 0.0683306 -0.189803 0.979442
v -1.5845 -2.5872 -0.56257
vn 0.00519651 0.99686 -0.0790178
v -1.2469 -3.6763 -0.2447
vn -0.251758 -0.0439116 0.966794
v -1.2439 -3.6935 -0.2447
vn -0.245791 -0.0354753 0.968674
v -1.471 -2.60825 -0.35843
vn -0.0119809 0.237535 -0.971305
v -1.4256 -2.5865 -0.36034
vn -0.163196 0.195892 -0.966951
v -1.471 -2.6546 -0.36706
vn 0.238119 0.194103 -0.951642
v -1.4937 -2.6319 -0.36811
vn 0.238119 0.194103 -0.951642
v -1.3802 -2.6454 -0.38093
vn 0.189461 0.905737 -0.379136
v -1.3575 -2.6319 -0.37819
vn 0.0228182 0.161864 -0.986549
v -1.3545 -2.6092 -0.38093
vn -0.736725 0.435555 -0.517231
v -1.2212 -2.6092 -0.38629
vn -0.181336 0.159301 -0.970433
v -1.2212 -2.5865 -0.38274
vn -0.238797 0.15004 -0.959408
v -1.8454 -2.7681 -0.58527
vn -0.886189 0.406003 -0.223229
v -1.8374 -2.6773 -0.51716
vn -0.975545 0.208902 -0.0683538
v -1.857 -2.7431 -0.35822
vn -0.836838 0.489603 -0.244932
v -1.8376 -2.7 -0.53986
vn -0.980684 0.142564 -0.133922
v -1.8446 -2.7227 -0.47175
vn -0.952009 0.285188 -0.111112
v -1.8467 -2.7227 -0.44904
vn -0.944738 0.307983 -0.112322
v -1.8415 -2.7 -0.49445
vn -0.985272 0.156259 -0.0694476
v -1.857 -2.7456 -0.40363
vn -0.647148 0.762226 0.0145336
v -1.8465 -2.6773 -0.38093
vn -0.970309 0.213719 -0.113245
v -1.8458 -2.6546 -0.35822
vn -0.960313 0.211517 -0.181824
v -1.6526 -2.8706 -0.2674
vn 0.712223 -0.672432 0.201431
v -1.6526 -2.8638 -0.2447
vn 0.726566 -0.685974 0.0392755
v -1.6695 -2.8817 -0.2447
vn 0.718621 -0.695393 0.00356715
v -1.5111 -2.6319 -0.38093
vn 0.584511 -0.170213 -0.793331
v -1.7815 -2.6773 -0.88044
vn -0.863794 0.402422 -0.303177
v -1.90399 -2.735 -0.861135
vn 0.95952 0.264586 0.0965162
v -1.9018 -2.72165 -0.899145
vn 0.771106 0.562067 0.299126
v -1.9251 -2.6892 -0.85773
vn 0.810054 0.58496 0.0404221
v -1.9212 -2.6957 -0.90314
vn 0.754966 0.654275 0.0441592
v -1.90717 -2.7227 -0.80097
vn 0.938316 0.344599 -0.02855
v -1.92423 -2.69776 -0.76975
vn 0.45356 0.890677 -0.0312676
v -1.90264 -2.72251 -0.701815
vn 0.966191 0.253818 -0.0452941
v -1.91382 -2.7 -0.670418
vn 0.701088 0.710778 -0.0571882
v -1.9001 -2.71665 -0.63068
vn 0.910829 0.410342 -0.0448414
v -1.91358 -2.7 -0.6023
vn 0.533344 0.844551 0.0477232
v -1.9251 -2.68965 -0.64771
vn 0.547141 0.837036 0.002923
v -1.9091 -2.7 -0.44904
vn 0.715473 0.697302 -0.0432146
v -1.9251 -2.6959 -0.49445
vn 0.669352 0.742056 -0.0363442
v -1.9251 -2.6833 -0.42634
vn 0.687474 0.722134 -0.0768264
v -1.9251 -2.75567 -0.220105
vn 0.503153 -0.13608 0.853416
v -1.9251 -2.7227 -0.21516
vn 0.610537 0.143759 0.778831
v -1.9251 -2.7025 -0.223735
vn 0.641688 0.479326 0.598735
v -1.8116 -3.5805 -0.94855
vn 0.630527 0.758173 0.166162
v -1.8578 -2.7227 -0.971795
vn 0.601022 -0.21332 0.770238
v -1.8586 -2.7 -0.97126
vn 0.499048 0.336287 0.798663
v -1.862 -2.7454 -0.975935
vn 0.695064 -0.244449 0.676114
v -1.8343 -2.7227 -0.9822
vn 0.389679 -0.212013 0.896215
v -1.8343 -2.7 -0.97974
vn 0.0685064 0.134074 0.988601
v -1.8116 -2.7227 -0.98026
vn 0.0118904 -0.0110136 0.999869
v -1.857 -2.6773 -0.98732
vn 0.0125286 0.312692 0.949772
v -1.80025 -2.6773 -0.98356
vn -0.0448882 0.0713488 0.996441
v -1.7889 -2.6546 -0.97984
vn -0.170751 -0.149728 0.973871
v -1.87645 -2.7227 -0.943965
vn 0.863371 -0.0221992 0.504082
v -1.7207 -2.6467 -0.94855
vn -0.614293 0.747057 0.254067
v -1.7207 -2.63355 -0.97282
vn -0.393234 0.640419 0.65972
v -1.6753 -2.6685 -0.99397
vn 0.146606 -0.268687 0.952005
v -1.698 -2.6328 -0.97229
vn 0.199008 0.628662 0.751785
v -1.6753 -2.6319 -0.982
vn 0.105461 0.407756 0.90698
v -1.68665 -2.6092 -0.98712
vn 0.0501944 0.414699 0.908573
v -1.5845 -2.6319 -0.9831
vn 0.390723 -0.234951 0.890019
v -1.55613 -2.6546 -1.00652
vn 0.229637 -0.433837 0.871236
v -1.698 -2.6231 -0.49445
vn 0.377854 0.925381 0.0299467
v -1.72483 -2.61271 -0.477422
vn 0.416877 0.908692 0.0221708
v -1.73115 -2.6092 -0.551215
vn 0.411226 0.911044 0.0298548
v -1.4781 -3.5628 -0.10846
vn 0.983293 0.157113 -0.0919284
v -1.4771 -3.5855 -0.10846
vn 0.993878 0.0612919 -0.0919263
v -1.1304 -3.6819 -0.2674
vn 0.0347598 0.369801 0.92846
v -1.6911 -2.6319 -0.43769
vn 0.648227 0.758972 0.0613368
v -1.73645 -2.60575 -0.38093
vn 0.453964 0.890558 -0.0286827
v -1.69453 -2.6288 -0.369575
vn 0.58803 0.791953 -0.164413
v -1.6955 -2.6092 -0.33552
vn 0.233321 0.790333 -0.566511
v -1.5618 -2.92795 -0.179855
vn 0.707167 0.674239 0.212876
v -1.45005 -2.7023 -0.2447
vn 0.481892 0.466823 0.741523
v -1.4573 -2.7 -0.22199
vn 0.598566 0.724853 0.341038
v -1.2821 -2.7227 -0.19929
vn 0.910098 0.396145 -0.121617
v -1.2893 -2.7204 -0.2447
vn 0.946341 0.232995 -0.223947
v -1.2893 -2.711 -0.19929
vn 0.854467 0.516195 -0.0585619
v -1.4898 -3.3097 -0.10846
vn 0.627434 0.729752 -0.271641
v -1.9251 -2.5638 -1.0338
vn -0.0198982 0.0839889 0.996268
v -1.87403 -2.52975 -1.03442
vn -0.0634669 0.0543416 0.996503
v -1.857 -2.48151 -1.03365
vn 0.00262746 -0.0586062 0.998278
v -1.9251 -2.4616 -1.032
vn 0.0136911 -0.0399082 0.99911
v -1.9251 -2.3821 -1.027
vn 0.0154071 -0.106111 0.994235
v -1.89105 -2.4048 -1.0299
vn -0.0330996 -0.0935152 0.995067
v -1.74917 -2.4389 -1.02792
vn -0.0457988 -0.0841234 0.995402
v -1.82295 -2.3821 -1.02305
vn -0.0513073 -0.132082 0.98991
v -1.7321 -2.3821 -1.0198
vn -0.0489189 -0.0960997 0.994169
v -1.5618 -2.5997 -0.642035
vn 0.228545 0.966596 -0.116013
v -1.68665 -2.58425 -0.31281
vn -0.0879767 0.929702 -0.357652
v -1.91375 -2.6963 -0.928357
vn 0.611125 0.689412 0.388892
v -1.9436 -2.6773 -0.85773
vn 0.538355 0.841392 0.0472609
v -1.7662 -3.7672 -1.0075
vn -0.166697 -0.124095 0.978168
v -1.698 -3.7217 -0.98379
vn -0.308552 -0.122187 0.943327
v -1.6072 -3.699 -0.98294
vn 0.0988835 0.119587 0.987887
v -1.6299 -3.7217 -0.97862
vn 0.144405 0.0020018 0.989517
v -1.8343 -3.6309 -0.87351
vn 0.556192 0.381582 0.738272
v -1.8116 -3.6309 -0.89555
vn 0.561717 0.341871 0.753391
v -1.8343 -3.6134 -0.88326
vn 0.637935 0.340273 0.690835
v -1.8116 -3.6021 -0.973705
vn 0.542651 0.464548 -0.699804
v -1.7752 -3.6082 -0.94855
vn 0.612308 0.783637 -0.104839
v -1.8116 -3.6536 -0.88587
vn 0.462068 0.34787 0.81577
v -1.81505 -3.5855 -0.967005
vn 0.759241 0.498137 -0.418823
v -1.8261 -3.5628 -0.97126
vn 0.712362 0.691494 0.119899
v -1.70368 -3.6763 -0.986095
vn -0.0229317 0.270397 0.962476
v -1.74185 -3.64267 -0.997535
vn -0.0502477 0.253051 0.966147
v -1.66395 -3.62522 -1.0042
vn 0.0518466 0.221371 0.97381
v -1.857 -2.66275 -0.998835
vn -0.118203 0.492269 0.86238
v -1.83318 -2.6445 -0.999535
vn -0.439774 0.277879 0.854039
v -1.7889 -2.6319 -0.9734
vn -0.184653 0.0475693 0.981652
v -1.7435 -2.6319 -0.98001
vn 0.0104821 0.156187 0.987672
v -1.7321 -2.6092 -0.98636
vn -0.00552292 0.414448 0.910056
v -1.6526 -2.6546 -0.98808
vn 0.0225723 -0.410769 0.91146
v -1.51072 -2.62055 -1.00425
vn 0.187989 -0.207149 0.960078
v -1.5526 -2.6092 -0.992387
vn 0.302081 -0.0636912 0.951152
v -1.48615 -3.3358 -0.15186
vn 0.912714 0.222422 -0.342757
v -1.293 -2.7227 -0.179615
vn 0.449333 0.604389 0.657886
v -1.3121 -2.7227 -0.17161
vn 0.138359 0.145329 0.979661
v -1.5391 -2.9324 -0.10846
vn 0.398669 0.912239 -0.0942509
v -1.5391 -2.9388 -0.15387
vn 0.453278 0.874416 -0.173017
v -1.1304 -2.77377 -0.282218
vn 0.148067 0.0615916 0.987057
v -1.1531 -2.69433 -0.281957
vn 0.172378 0.0303662 0.984563
v -1.84281 -2.5638 -1.02612
vn -0.13785 0.206976 0.968586
v -1.80025 -2.56985 -1.0167
vn -0.178254 0.481946 0.857877
v -1.77755 -2.5411 -1.02285
vn -0.0822705 0.163978 0.983027
v -1.75485 -2.56038 -1.01498
vn -0.0645696 0.436977 0.897152
v -1.70935 -2.5184 -1.0235
vn -0.0573276 0.0719606 0.995759
v -1.68414 -2.54327 -1.01748
vn -0.0747135 0.305248 0.949337
v -1.7662 -2.58995 -0.99645
vn -0.0183946 0.512958 0.858217
v -1.6753 -2.57695 -1.00183
vn -0.0532871 0.437307 0.897732
v -1.80593 -2.47868 -1.03132
vn -0.0727107 0.0246611 0.997048
v -1.698 -2.473 -1.0234
vn -0.0889438 -0.00559179 0.996021
v -1.619 -2.5184 -1.0167
vn -0.00860313 0.12329 0.992333
v -1.6363 -2.5858 -0.993547
vn -0.054429 0.470348 0.880801
v -1.61855 -2.5411 -1.01215
vn -0.0300667 0.339698 0.940054
v -1.45444 -2.51557 -1.01619
vn -0.0256557 0.14191 0.989547
v -1.59585 -2.6092 -0.98307
vn 0.0803357 0.406118 0.910283
v -1.55613 -2.57563 -0.998655
vn 0.0414779 0.331472 0.942553
v -1.50505 -2.5638 -1.00375
vn -0.0247423 0.293962 0.955497
v -1.6526 -2.4503 -1.0208
vn -0.0378754 0.0110791 0.999221
v -1.6072 -2.41615 -1.0215
vn -0.0132531 0.0259622 0.999575
v -1.56058 -2.47867 -1.01828
vn -0.00871868 0.00708676 0.999937
v -1.52775 -2.3821 -1.0186
vn -0.0253428 0.00745297 0.999651
v -1.6526 -2.3821 -1.0204
vn 0.0206246 -0.0588396 0.998054
v -1.47668 -2.4957 -1.01792
vn 0.00912579 -0.00489908 0.999946
v -1.42702 -2.44176 -1.01809
vn 0.0175314 0.01848 0.999676
v -1.3007 -2.3821 -1.02045
vn 0.00923696 0.0202132 0.999753
v -1.1531 -2.55245 -0.28284
vn 0.130841 0.103153 0.986022
v -1.90865 -3.48335 -0.99397
vn 0.728215 0.371558 0.575888
v -1.9024 -3.46065 -1.00535
vn 0.456834 0.189893 0.869047
v -1.90045 -3.5151 -0.97126
vn 0.68558 0.688274 0.237188
v -1.9135 -3.4947 -0.97126
vn 0.954524 0.297568 -0.0183492
v -1.9272 -3.4266 -0.99397
vn 0.863772 0.0970288 0.494453
v -1.9024 -3.40957 -1.0074
vn 0.412084 -0.0710558 0.908371
v -1.9276 -3.4266 -0.97126
vn 0.987821 -0.068421 -0.139744
v -1.9251 -2.8064 -0.2674
vn 0.8389 -0.543254 0.0335045
v -1.7662 -3.699 -0.99798
vn -0.192156 -0.140334 0.971279
v -1.7207 -3.699 -0.98562
vn -0.161773 0.0201046 0.986623
v -1.6753 -3.71035 -0.97575
vn -0.395469 0.0669151 0.916038
v -1.5391 -3.7217 -0.99147
vn -0.129176 0.0200438 0.991419
v -1.5391 -3.699 -0.9913
vn -0.0781856 0.0988043 0.992031
v -1.45495 -3.699 -0.99004
vn 0.228363 -0.00346115 0.97357
v -1.7568 -3.66495 -0.995077
vn -0.109212 0.0685575 0.991651
v -1.7662 -3.61955 -1.0054
vn -0.0412698 0.244843 0.968684
v -1.8265 -3.59685 -0.99397
vn 0.97719 0.201778 -0.0662228
v -1.8259 -3.5628 -0.99397
vn 0.961538 0.268432 0.0582139
v -1.8343 -3.5174 -1.0106
vn 0.28434 0.415597 0.863961
v -1.8797 -3.5301 -0.97126
vn 0.469596 0.850145 0.238186
v -1.8574 -3.5409 -0.957532
vn 0.517887 0.816695 0.254562
v -1.8369 -3.54335 -0.99397
vn 0.636439 0.615175 0.465302
v -1.87565 -3.53685 -0.92585
vn 0.608107 0.785954 0.111725
v -1.83325 -3.49265 -1.0167
vn 0.144266 0.0984014 0.984634
v -1.8797 -3.48335 -1.0092
vn 0.295207 0.2849 0.911968
v -1.39155 -3.6763 -1.00271
vn 0.0905038 0.0644326 0.99381
v -1.83495 -3.65515 -0.85773
vn 0.708633 0.434753 0.555724
v -1.8176 -3.6763 -0.88044
vn 0.850135 0.134461 0.509107
v -1.78606 -3.25058 -1.01852
vn 0.0356193 0.00822388 0.999332
v -1.54686 -2.67162 -1.01519
vn 0.0962634 -0.261027 0.96052
v -1.44262 -2.65017 -1.01714
vn 0.0246881 -0.262019 0.964747
v -1.45965 -2.6092 -1.0019
vn 0.0211017 -0.28998 0.9568
v -1.3348 -2.6546 -1.0204
vn 0.0450273 -0.0604623 0.997154
v -1.33285 -2.6325 -1.0167
vn 0.0706555 -0.307759 0.948837
v -1.2666 -2.64325 -1.02385
vn 0.0650189 -0.142298 0.987686
v -1.5096 -3.3358 -0.2447
vn 0.988738 0.147741 0.0238559
v -1.50405 -3.3358 -0.21064
vn 0.938426 0.289183 -0.189023
v -1.5046 -3.46065 -0.10846
vn 0.983194 0.174068 -0.0550393
v -1.7207 -3.32375 -0.233345
vn 0.137662 0.984806 0.105858
v -1.698 -3.3237 -0.10846
vn -0.224595 0.974451 -0.00168499
v -1.52048 -3.31432 -0.21064
vn 0.763038 0.646218 -0.0132518
v -1.5169 -3.313 -0.1751
vn 0.516101 0.835477 -0.188728
v -1.4483 -2.7227 -0.20818
vn 0.762445 0.598192 0.246667
v -1.4483 -2.7681 -0.18953
vn 0.222813 0.0177887 0.974699
v -1.443 -2.7454 -0.196345
vn 0.431238 0.310873 0.84699
v -1.1304 -2.9271 -0.2757
vn 0.0595935 -0.0233704 0.997949
v -1.5164 -2.5865 -0.9998
vn 0.0301534 0.0737238 0.996823
v -1.4483 -2.5865 -0.99703
vn -0.000344138 -0.0647116 0.997904
v -1.43695 -2.5638 -0.999315
vn -0.045612 0.285189 0.957385
v -1.3802 -2.5638 -1.0006
vn -0.0024176 0.159223 0.98724
v -1.31775 -2.5865 -1.00118
vn 0.0430045 -0.184926 0.981811
v -1.35466 -2.52407 -1.01179
vn -0.0170055 0.274156 0.961535
v -1.37878 -2.48435 -1.01799
vn -0.000378122 0.0351705 0.999381
v -1.26071 -2.50082 -1.01705
vn 0.0354504 0.163234 0.98595
v -1.2893 -2.44458 -1.02002
vn 0.00729027 0.0238229 0.99969
v -1.28365 -2.5638 -1.00064
vn 0.0578644 0.0306173 0.997855
v -1.27795 -2.5411 -1.00475
vn 0.0314297 0.243703 0.96934
v -1.18988 -2.52732 -1.01788
vn 0.114217 0.147768 0.982405
v -1.1758 -2.5666 -1.0167
vn 0.102892 -0.00416657 0.994684
v -1.23255 -2.5638 -1.00655
vn 0.161743 -0.0468957 0.985718
v -1.2439 -2.3821 -1.0208
vn 0.0505629 0.0137354 0.998626
v -1.1531 -2.48435 -1.02265
vn 0.013669 0.055517 0.998364
v -1.1985 -2.41615 -1.0262
vn 0.109532 0.0244981 0.993681
v -1.14459 -2.41047 -1.02699
vn -0.0127824 0.0505566 0.998639
v -1.14175 -2.3821 -1.02675
vn 0.0153938 -0.0396091 0.999097
v -1.09635 -2.473 -1.01985
vn 0.0051559 0.0591811 0.998234
v -1.05095 -2.41615 -1.02785
vn 0.0487005 0.0515085 0.997484
v -0.94877 -2.3821 -1.0313
vn 0.0223124 0.0121499 0.999677
v -1.2212 -2.6092 -0.42349
vn -0.0882887 0.619783 0.779791
v -1.1985 -2.6025 -0.42634
vn -0.0878304 0.63454 0.767883
v -1.61855 -3.7444 -0.98806
vn 0.184139 -0.37681 0.907803
v -1.6526 -3.7217 -0.97306
vn 0.197946 -0.133726 0.971048
v -1.6526 -3.699 -0.97661
vn 0.0864779 0.299709 0.950103
v -1.4937 -3.7217 -0.97996
vn 0.175469 0.0353886 0.983849
v -1.81085 -3.63015 -0.99397
vn 0.784144 0.60843 -0.122193
v -1.8116 -3.6082 -1.0057
vn 0.398236 0.212137 0.892416
v -1.7889 -3.6309 -1.0054
vn 0.155371 0.303899 0.93995
v -1.7889 -3.57772 -1.01375
vn 0.153262 0.143362 0.977731
v -1.8116 -3.5628 -1.0068
vn 0.465902 0.206898 0.860307
v -1.7662 -3.57815 -1.01545
vn -0.0284041 0.176719 0.983851
v -1.698 -3.5628 -1.0138
vn -0.000542383 0.137808 0.990459
v -1.63558 -3.66404 -0.993135
vn 0.088132 0.350597 0.93237
v -1.57315 -3.6763 -0.993215
vn 0.0475284 0.309471 0.94972
v -1.5618 -3.6309 -1.011
vn 0.0101448 0.265339 0.964102
v -1.4937 -3.6763 -0.98938
vn -0.00676389 0.274729 0.961498
v -1.6072 -3.5628 -1.0199
vn 0.0303222 0.099642 0.994561
v -1.6526 -3.5401 -1.0203
vn 0.0293316 -0.00724779 0.999543
v -1.51072 -3.5774 -1.01903
vn -0.00709454 0.156395 0.987669
v -1.47384 -3.5401 -1.02329
vn 0.0206735 0.0397148 0.998997
v -1.4937 -3.64225 -1.00282
vn 0.00546049 0.325154 0.945645
v -1.4483 -3.63657 -1.00958
vn 0.0786609 0.281889 0.956217
v -1.44262 -3.6031 -1.01687
vn 0.0562714 0.14217 0.988242
v -1.3802 -3.6536 -1.0076
vn 0.000570716 0.192912 0.981216
v -1.4029 -3.52875 -1.0253
vn 0.0106837 -0.0119036 0.999872
v -1.39155 -3.57415 -1.02325
vn 0.0328661 0.0991334 0.994531
v -1.3575 -3.6082 -1.0181
vn -0.0239568 0.213872 0.976568
v -1.32345 -3.5401 -1.02485
vn 0.0160077 -0.0084506 0.999836
v -1.31775 -3.43795 -1.02337
vn 0.0280661 -0.0179698 0.999445
v -1.7435 -2.6866 -0.97126
vn -0.478858 -0.118429 0.869868
v -1.20985 -2.6319 -1.02445
vn -0.0364793 -0.038266 0.998602
v -1.1531 -2.6092 -1.0204
vn 0.00960879 -0.0223807 0.999703
v -1.5391 -2.6282 -0.687445
vn 0.82128 0.568335 -0.0499461
v -1.5415 -2.6092 -0.61049
vn 0.760798 0.63828 -0.117414
v -1.5374 -2.6546 -0.78962
vn 0.997876 -0.0118256 -0.0640618
v -1.5286 -2.6546 -0.732855
vn 0.979083 0.162514 -0.122413
v -1.5186 -2.6546 -0.640805
vn 0.958078 0.250507 -0.139039
v -1.5164 -2.6773 -0.64149
vn 0.97053 -0.134832 -0.199732
v -1.5264 -2.6319 -0.63068
vn 0.862313 0.498033 -0.0915438
v -1.09635 -2.65744 -1.02247
vn 0.0727619 0.00487619 0.997337
v -1.0396 -2.68865 -1.03005
vn 0.100412 -0.00776894 0.994916
v -1.1077 -2.5411 -1.0209
vn 0.0410505 -0.0182111 0.998991
v -1.05095 -2.59785 -1.0267
vn 0.0696857 -0.0283855 0.997165
v -0.99418 -2.6092 -1.0294
vn 0.0122398 -0.0316068 0.999425
v -1.471 -2.6263 -0.497675
vn 0.177999 0.567378 -0.803989
v -1.02186 -2.52195 -1.02552
vn 0.0491461 -0.00968209 0.998745
v -0.94877 -2.52975 -1.0281
vn 0.00216551 0.0244347 0.999699
v -1.3121 -2.58255 -0.42303
vn 0.149614 0.635178 0.757737
v -1.295 -2.50027 -0.35404
vn -0.160383 0.838439 -0.520862
v -1.25525 -2.4957 -0.353965
vn -0.0274149 0.77102 -0.63622
v -1.37575 -3.7444 -1.0187
vn 0.0962485 -0.275213 0.956553
v -1.28368 -3.7672 -1.02633
vn 0.0888867 -0.0783304 0.992957
v -1.3121 -3.7444 -1.0216
vn 0.0476466 -0.151431 0.987319
v -1.25525 -3.7217 -1.0235
vn 0.136836 -0.216767 0.966586
v -1.20417 -3.7672 -1.03252
vn 0.0311534 -0.0705376 0.997023
v -1.1985 -3.699 -1.0272
vn 0.0984272 -0.227851 0.968708
v -1.31205 -3.5855 -1.0218
vn 0.00450825 0.125299 0.992109
v -1.2439 -3.59685 -1.01995
vn -0.00127039 0.216025 0.976387
v -1.29503 -3.6763 -1.0076
vn 0.0689209 -0.109176 0.99163
v -1.26092 -3.6309 -1.01138
vn 0.027881 0.17338 0.98446
v -1.27795 -3.5401 -1.0276
vn 0.0322517 0.0659738 0.9973
v -1.27795 -3.50605 -1.02805
vn 0.0311884 -0.0224874 0.999261
v -1.5391 -3.6763 -0.2627
vn 0.32228 0.0263174 0.946278
v -1.47032 -3.33422 -0.111735
vn 0.95608 0.0574972 -0.287412
v -1.9024 -2.778 -0.85773
vn 0.991794 -0.127325 0.0115348
v -1.9024 -2.712 -0.44904
vn 0.915512 0.399857 -0.0441926
v -1.90065 -2.77205 -0.88044
vn 0.992364 -0.119178 -0.0317706
v -1.9024 -2.7681 -0.90123
vn 0.970603 -0.235147 0.0513316
v -1.898 -2.7454 -0.88044
vn 0.993448 -0.00514323 0.11417
v -1.8922 -2.7454 -0.90314
vn 0.932011 0.170363 0.319894
v -1.89885 -2.7681 -0.778265
vn 0.990746 0.115189 -0.0717842
v -1.8931 -2.7454 -0.596625
vn 0.943867 0.329976 -0.0151992
v -1.9024 -2.7188 -0.57392
vn 0.93028 0.359373 0.0736902
v -1.7207 -2.6456 -0.92585
vn -0.485731 0.873084 -0.0423013
v -1.698 -2.61955 -0.57392
vn 0.449518 0.887222 0.103785
v -1.93565 -3.14275 -0.2674
vn 0.984181 0.163214 -0.0689072
v -1.9407 -3.1314 -0.31281
vn 0.976907 0.202264 -0.068858
v -1.9438 -3.1087 -0.29011
vn 0.975049 0.201879 -0.09233
v -1.9411 -3.1087 -0.2674
vn 0.9777 0.1852 -0.099017
v -1.943 -3.0179 -0.2447
vn 0.924106 0.0415352 0.379873
v -1.5548 -2.9271 -0.19929
vn 0.897021 0.226285 0.379668
v -1.5445 -2.9271 -0.22199
vn 0.81292 -0.325759 0.482744
v -1.5391 -2.9044 -0.22674
vn 0.66278 -0.0131578 0.748698
v -1.8797 -2.7908 -0.27918
vn 0.307942 -0.54188 0.782009
v -1.7207 -3.3261 -0.10846
vn 0.0747675 0.996696 0.0317365
v -1.698 -3.3219 -0.2447
vn -0.136893 0.946846 0.291108
v -1.1196 -3.5628 -0.19929
vn 0.815565 -0.116605 -0.566796
v -1.6818 -2.6546 -0.44904
vn 0.948244 0.317434 -0.00835412
v -1.676 -2.6546 -0.414985
vn 0.809035 0.587719 -0.00698628
v -1.6812 -2.6546 -0.38093
vn 0.854681 0.516752 -0.049875
v -1.6526 -2.6319 -0.34747
vn -0.0125146 0.460081 -0.887789
v -1.2212 -2.6238 -0.40363
vn -0.460975 0.678832 -0.571568
v -1.698 -2.646 -0.94855
vn 0.355989 0.921225 0.156897
v -1.9413 -3.1314 -0.33552
vn 0.979751 0.198541 -0.0258817
v -1.9388 -2.9044 -0.38093
vn 0.710268 -0.665877 0.228312
v -1.6526 -2.8989 -0.2674
vn -0.0506039 0.996247 0.0702213
v -1.6658 -2.8817 -0.2674
vn 0.764409 0.639128 0.0848227
v -1.6328 -2.8817 -0.2674
vn -0.686621 0.726658 -0.0227959
v -1.68665 -3.2449 -0.296465
vn -0.109155 0.159548 0.981137
v -1.5164 -2.96115 -0.28042
vn 0.333709 -0.306285 0.891531
v -1.36318 -3.72335 -0.26375
vn -0.0918603 -0.0501722 0.994507
v -1.5618 -3.7004 -0.2674
vn -0.175639 -0.201363 0.963641
v -1.5618 -3.699 -0.26669
vn 0.0151425 -0.187768 0.982097
v -1.9382 -2.8589 -0.33552
vn 0.646413 -0.542326 0.536687
v -1.9251 -2.84005 -0.331085
vn 0.638544 -0.570377 0.516654
v -1.1498 -3.47025 -0.24349
vn 0.87377 0.357538 0.329686
v -1.17777 -2.6108 -0.420895
vn 0.351964 0.92937 -0.111321
v -1.185 -2.6092 -0.44904
vn 0.778562 0.525689 0.342773
v -1.1876 -2.5865 -0.44904
vn 0.901932 0.230131 0.365455
v -1.2439 -3.6536 -0.24969
vn -0.383357 0.242617 0.891165
v -1.9442 -3.0179 -0.29011
vn 0.995202 0.0269319 -0.0940649
v -1.93015 -2.8817 -0.362555
vn 0.669652 -0.503215 0.546206
v -1.9421 -3.0633 -0.2674
vn 0.996651 -0.00300327 -0.0817165
v -1.9444 -3.0406 -0.29011
vn 0.988962 -0.0103787 -0.147804
f 3//3 4//4 5//5
f 12//12 13//13 14//14
f 15//15 14//14 13//13
f 18//18 19//19 20//20
f 25//25 26//26 27//27
f 26//26 31//31 32//32
f 31//31 33//33 34//34
f 35//35 37//37 36//36
f 38//38 36//36 37//37
f 37//37 35//35 39//39
f 41//41 37//37 39//39
f 39//39 40//40 43//43
f 43//43 42//42 39//39
f 44//44 46//46 47//47
f 47//47 46//46 48//48
f 51//51 50//50 52//52
f 51//51 52//52 53//53
f 54//54 50//50 51//51
f 48//48 49//49 55//55
f 47//47 48//48 55//55
f 47//47 55//55 56//56
f 56//56 57//57 47//47
f 58//58 57//57 59//59
f 59//59 57//57 56//56
f 54//54 62//62 50//50
f 63//63 64//64 65//65
f 62//62 66//66 67//67
f 62//62 67//67 68//68
f 67//67 66//66 69//69
f 28//28 70//70 29//29
f 30//30 29//29 70//70
f 68//68 67//67 71//71
f 68//68 71//71 52//52
f 68//68 52//52 50//50
f 50//50 62//62 68//68
f 72//72 73//73 74//74
f 75//75 72//72 76//76
f 76//76 72//72 74//74
f 77//77 78//78 73//73
f 79//79 80//80 81//81
f 79//79 81//81 75//75
f 82//82 30//30 70//70
f 84//84 82//82 83//83
f 67//67 69//69 71//71
f 71//71 69//69 64//64
f 71//71 64//64 63//63
f 85//85 26//26 25//25
f 85//85 25//25 29//29
f 85//85 29//29 30//30
f 86//86 31//31 26//26
f 87//87 31//31 86//86
f 86//86 26//26 85//85
f 85//85 88//88 86//86
f 90//90 89//89 34//34
f 90//90 34//34 33//33
f 101//101 100//100 99//99
f 99//99 102//102 101//101
f 109//109 107//107 106//106
f 111//111 112//112 106//106
f 109//109 106//106 112//112
f 115//115 107//107 109//109
f 114//114 113//113 117//117
f 113//113 116//116 118//118
f 118//118 117//117 113//113
f 119//119 114//114 117//117
f 120//120 114//114 119//119
f 117//117 121//121 119//119
f 121//121 117//117 122//122
f 120//120 124//124 123//123
f 127//127 125//125 126//126
f 125//125 128//128 129//129
f 128//128 125//125 130//130
f 130//130 125//125 127//127
f 128//128 130//130 131//131
f 132//132 129//129 128//128
f 132//132 128//128 133//133
f 133//133 128//128 131//131
f 131//131 130//130 134//134
f 135//135 134//134 130//130
f 137//137 134//134 138//138
f 138//138 136//136 139//139
f 139//139 136//136 142//142
f 143//143 144//144 145//145
f 146//146 148//148 149//149
f 149//149 148//148 150//150
f 149//149 150//150 151//151
f 155//155 151//151 154//154
f 152//152 156//156 157//157
f 156//156 158//158 157//157
f 157//157 158//158 159//159
f 139//139 142//142 160//160
f 164//164 146//146 149//149
f 164//164 149//149 165//165
f 165//165 151//151 155//155
f 155//155 166//166 165//165
f 167//167 165//165 166//166
f 156//156 168//168 158//158
f 169//169 159//159 170//170
f 170//170 171//171 172//172
f 172//172 169//169 170//170
f 170//170 158//158 171//171
f 173//173 172//172 171//171
f 171//171 174//174 175//175
f 176//176 158//158 168//168
f 177//177 178//178 176//176
f 171//171 158//158 179//179
f 179//179 158//158 176//176
f 179//179 176//176 178//178
f 179//179 178//178 180//180
f 179//179 180//180 181//181
f 174//174 171//171 179//179
f 185//185 138//138 186//186
f 186//186 138//138 139//139
f 187//187 185//185 186//186
f 189//189 87//87 99//99
f 189//189 99//99 100//100
f 88//88 102//102 99//99
f 190//190 101//101 102//102
f 191//191 192//192 193//193
f 194//194 193//193 192//192
f 195//195 194//194 196//196
f 107//107 113//113 108//108
f 113//113 107//107 116//116
f 118//118 116//116 197//197
f 120//120 119//119 183//183
f 183//183 119//119 121//121
f 124//124 120//120 183//183
f 121//121 122//122 198//198
f 200//200 199//199 202//202
f 202//202 199//199 201//201
f 204//204 205//205 206//206
f 206//206 205//205 207//207
f 206//206 208//208 204//204
f 208//208 206//206 207//207
f 209//209 204//204 208//208
f 210//210 209//209 211//211
f 211//211 212//212 210//210
f 202//202 201//201 213//213
f 203//203 213//213 214//214
f 217//217 218//218 219//219
f 221//221 220//220 217//217
f 220//220 223//223 222//222
f 223//223 220//220 221//221
f 224//224 223//223 221//221
f 224//224 221//221 225//225
f 226//226 223//223 224//224
f 226//226 228//228 227//227
f 228//228 226//226 229//229
f 229//229 226//226 224//224
f 230//230 227//227 228//228
f 224//224 225//225 232//232
f 233//233 234//234 190//190
f 192//192 233//233 190//190
f 191//191 233//233 192//192
f 194//194 192//192 196//196
f 16//16 17//17 238//238
f 239//239 16//16 240//240
f 241//241 242//242 243//243
f 8//8 245//245 9//9
f 246//246 8//8 247//247
f 249//249 247//247 8//8
f 249//249 8//8 9//9
f 250//250 251//251 248//248
f 252//252 248//248 247//247
f 15//15 253//253 12//12
f 254//254 255//255 256//256
f 256//256 13//13 12//12
f 264//264 265//265 266//266
f 266//266 267//267 264//264
f 267//267 268//268 264//264
f 17//17 215//215 270//270
f 238//238 17//17 270//270
f 250//250 248//248 252//252
f 218//218 250//250 252//252
f 252//252 219//219 218//218
f 228//228 231//231 230//230
f 188//188 273//273 185//185
f 275//275 195//195 276//276
f 277//277 276//276 195//195
f 279//279 275//275 276//276
f 276//276 278//278 279//279
f 278//278 280//280 279//279
f 281//281 280//280 278//278
f 282//282 283//283 284//284
f 283//283 285//285 286//286
f 284//284 283//283 287//287
f 283//283 288//288 287//287
f 291//291 292//292 290//290
f 291//291 290//290 289//289
f 291//291 289//289 293//293
f 294//294 296//296 297//297
f 293//293 289//289 298//298
f 300//300 293//293 298//298
f 259//259 298//298 299//299
f 300//300 298//298 259//259
f 302//302 301//301 303//303
f 303//303 301//301 300//300
f 260//260 37//37 41//41
f 41//41 39//39 42//42
f 307//307 42//42 306//306
f 308//308 41//41 42//42
f 308//308 42//42 307//307
f 311//311 312//312 307//307
f 307//307 312//312 309//309
f 310//310 309//309 312//312
f 312//312 313//313 310//310
f 262//262 263//263 315//315
f 282//282 316//316 283//283
f 283//283 318//318 285//285
f 266//266 314//314 316//316
f 266//266 316//316 292//292
f 292//292 316//316 282//282
f 292//292 267//267 266//266
f 292//292 291//291 267//267
f 269//269 268//268 267//267
f 269//269 267//267 319//319
f 319//319 267//267 291//291
f 319//319 291//291 293//293
f 319//319 301//301 269//269
f 293//293 300//300 319//319
f 301//301 319//319 300//300
f 321//321 269//269 301//301
f 321//321 301//301 302//302
f 322//322 53//53 45//45
f 95//95 45//45 53//53
f 44//44 322//322 45//45
f 322//322 323//323 53//53
f 53//53 323//323 324//324
f 44//44 61//61 322//322
f 60//60 61//61 44//44
f 49//49 96//96 98//98
f 49//49 98//98 326//326
f 326//326 98//98 325//325
f 326//326 325//325 327//327
f 274//274 194//194 195//195
f 303//303 300//300 330//330
f 305//305 303//303 330//330
f 260//260 38//38 37//37
f 261//261 260//260 41//41
f 41//41 308//308 261//261
f 334//334 335//335 333//333
f 334//334 333//333 332//332
f 308//308 307//307 309//309
f 336//336 308//308 310//310
f 310//310 308//308 309//309
f 336//336 310//310 337//337
f 338//338 337//337 339//339
f 339//339 337//337 310//310
f 339//339 340//340 338//338
f 313//313 339//339 310//310
f 341//341 339//339 313//313
f 345//345 344//344 346//346
f 346//346 268//268 345//345
f 348//348 347//347 349//349
f 347//347 348//348 350//350
f 351//351 347//347 345//345
f 345//345 347//347 350//350
f 351//351 345//345 268//268
f 268//268 346//346 264//264
f 264//264 346//346 265//265
f 351//351 352//352 347//347
f 351//351 353//353 352//352
f 342//342 349//349 347//347
f 342//342 347//347 352//352
f 353//353 351//351 269//269
f 269//269 351//351 268//268
f 343//343 342//342 352//352
f 352//352 353//353 343//343
f 354//354 343//343 353//353
f 320//320 353//353 269//269
f 353//353 320//320 354//354
f 355//355 343//343 354//354
f 354//354 356//356 355//355
f 356//356 354//354 320//320
f 320//320 321//321 356//356
f 321//321 320//320 269//269
f 358//358 236//236 357//357
f 363//363 361//361 364//364
f 364//364 361//361 362//362
f 363//363 364//364 365//365
f 366//366 367//367 368//368
f 369//369 366//366 368//368
f 369//369 368//368 370//370
f 371//371 369//369 372//372
f 372//372 369//369 370//370
f 45//45 95//95 96//96
f 44//44 47//47 60//60
f 373//373 371//371 372//372
f 374//374 375//375 376//376
f 95//95 377//377 378//378
f 60//60 47//47 379//379
f 379//379 380//380 60//60
f 57//57 58//58 381//381
f 58//58 382//382 381//381
f 201//201 199//199 383//383
f 384//384 331//331 385//385
f 385//385 331//331 332//332
f 16//16 238//238 240//240
f 240//240 238//238 387//387
f 52//52 95//95 53//53
f 46//46 49//49 48//48
f 52//52 377//377 95//95
f 55//55 49//49 326//326
f 55//55 326//326 327//327
f 146//146 147//147 148//148
f 146//146 161//161 393//393
f 397//397 396//396 91//91
f 398//398 399//399 400//400
f 402//402 403//403 404//404
f 405//405 402//402 404//404
f 383//383 407//407 408//408
f 409//409 405//405 404//404
f 404//404 410//410 409//409
f 410//410 411//411 409//409
f 386//386 383//383 408//408
f 386//386 408//408 412//412
f 412//412 408//408 409//409
f 201//201 383//383 386//386
f 412//412 409//409 411//411
f 386//386 412//412 411//411
f 270//270 386//386 411//411
f 413//413 411//411 410//410
f 416//416 413//413 410//410
f 416//416 410//410 415//415
f 270//270 411//411 238//238
f 411//411 417//417 238//238
f 387//387 417//417 413//413
f 387//387 413//413 389//389
f 418//418 389//389 416//416
f 418//418 388//388 389//389
f 92//92 123//123 124//124
f 124//124 184//184 92//92
f 184//184 124//124 420//420
f 420//420 421//421 184//184
f 422//422 423//423 424//424
f 427//427 428//428 429//429
f 427//427 429//429 430//430
f 431//431 427//427 432//432
f 431//431 434//434 433//433
f 429//429 435//435 436//436
f 436//436 430//430 429//429
f 436//436 437//437 430//430
f 436//436 435//435 438//438
f 438//438 437//437 436//436
f 430//430 437//437 439//439
f 437//437 438//438 440//440
f 440//440 441//441 437//437
f 439//439 437//437 441//441
f 441//441 442//442 439//439
f 438//438 407//407 440//440
f 430//430 439//439 432//432
f 439//439 443//443 432//432
f 443//443 439//439 444//444
f 432//432 443//443 431//431
f 434//434 431//431 443//443
f 443//443 445//445 434//434
f 444//444 439//439 442//442
f 443//443 444//444 446//446
f 446//446 444//444 442//442
f 443//443 448//448 445//445
f 448//448 443//443 446//446
f 447//447 449//449 446//446
f 448//448 446//446 449//449
f 450//450 440//440 407//407
f 383//383 450//450 407//407
f 199//199 450//450 383//383
f 449//449 447//447 398//398
f 451//451 445//445 452//452
f 452//452 445//445 448//448
f 452//452 448//448 449//449
f 449//449 453//453 452//452
f 453//453 449//449 398//398
f 398//398 401//401 453//453
f 401//401 398//398 400//400
f 455//455 456//456 438//438
f 435//435 457//457 454//454
f 454//454 438//438 435//435
f 407//407 438//438 456//456
f 460//460 462//462 459//459
f 376//376 459//459 462//462
f 462//462 460//460 374//374
f 376//376 462//462 374//374
f 465//465 466//466 467//467
f 468//468 467//467 469//469
f 468//468 465//465 467//467
f 470//470 467//467 464//464
f 463//463 464//464 466//466
f 466//466 464//464 467//467
f 469//469 467//467 470//470
f 470//470 110//110 469//469
f 464//464 463//463 106//106
f 470//470 464//464 107//107
f 107//107 108//108 470//470
f 106//106 107//107 464//464
f 470//470 471//471 110//110
f 108//108 471//471 470//470
f 472//472 468//468 469//469
f 473//473 469//469 110//110
f 469//469 395//395 472//472
f 473//473 110//110 471//471
f 471//471 114//114 473//473
f 463//463 466//466 475//475
f 114//114 471//471 113//113
f 108//108 113//113 471//471
f 125//125 476//476 126//126
f 393//393 483//483 146//146
f 146//146 483//483 147//147
f 147//147 482//482 148//148
f 148//148 482//482 150//150
f 150//150 482//482 484//484
f 484//484 482//482 485//485
f 484//484 485//485 486//486
f 150//150 484//484 419//419
f 152//152 419//419 153//153
f 419//419 151//151 150//150
f 154//154 419//419 157//157
f 157//157 419//419 152//152
f 487//487 154//154 157//157
f 162//162 481//481 161//161
f 163//163 146//146 164//164
f 488//488 164//164 489//489
f 489//489 164//164 165//165
f 489//489 165//165 167//167
f 396//396 395//395 91//91
f 493//493 494//494 492//492
f 493//493 492//492 495//495
f 495//495 492//492 496//496
f 493//493 498//498 497//497
f 498//498 493//493 495//495
f 499//499 497//497 498//498
f 495//495 500//500 498//498
f 495//495 496//496 502//502
f 502//502 496//496 501//501
f 500//500 495//495 504//504
f 504//504 495//495 502//502
f 492//492 505//505 496//496
f 496//496 503//503 501//501
f 506//506 507//507 508//508
f 457//457 503//503 506//506
f 413//413 417//417 411//411
f 417//417 387//387 238//238
f 389//389 413//413 416//416
f 474//474 473//473 114//114
f 519//519 520//520 425//425
f 425//425 520//520 422//422
f 521//521 499//499 498//498
f 522//522 498//498 500//500
f 523//523 524//524 521//521
f 523//523 521//521 525//525
f 525//525 526//526 523//523
f 525//525 521//521 522//522
f 522//522 527//527 525//525
f 526//526 525//525 527//527
f 503//503 428//428 501//501
f 501//501 427//427 502//502
f 427//427 501//501 428//428
f 435//435 429//429 428//428
f 502//502 431//431 504//504
f 504//504 522//522 500//500
f 504//504 528//528 522//522
f 431//431 502//502 427//427
f 433//433 528//528 431//431
f 504//504 431//431 528//528
f 399//399 447//447 529//529
f 398//398 447//447 399//399
f 528//528 527//527 522//522
f 530//530 527//527 528//528
f 530//530 528//528 531//531
f 531//531 528//528 433//433
f 532//532 434//434 445//445
f 445//445 451//451 532//532
f 521//521 498//498 522//522
f 457//457 506//506 455//455
f 435//435 503//503 457//457
f 454//454 457//457 455//455
f 438//438 454//454 455//455
f 455//455 403//403 456//456
f 403//403 455//455 406//406
f 406//406 455//455 508//508
f 403//403 402//402 456//456
f 408//408 407//407 456//456
f 405//405 456//456 402//402
f 408//408 456//456 409//409
f 409//409 456//456 405//405
f 533//533 534//534 535//535
f 390//390 533//533 535//535
f 391//391 533//533 390//390
f 534//534 536//536 537//537
f 538//538 539//539 540//540
f 541//541 539//539 538//538
f 543//543 541//541 538//538
f 543//543 544//544 510//510
f 545//545 511//511 542//542
f 511//511 546//546 390//390
f 547//547 545//545 542//542
f 542//542 543//543 547//547
f 511//511 545//545 546//546
f 546//546 545//545 547//547
f 551//551 424//424 549//549
f 51//51 53//53 324//324
f 51//51 324//324 552//552
f 553//553 51//51 552//552
f 554//554 56//56 55//55
f 554//554 55//55 555//555
f 395//395 473//473 91//91
f 395//395 469//469 473//473
f 556//556 473//473 474//474
f 91//91 473//473 556//556
f 474//474 114//114 120//120
f 474//474 120//120 556//556
f 478//478 127//127 477//477
f 477//477 127//127 126//126
f 127//127 478//478 130//130
f 557//557 130//130 478//478
f 130//130 557//557 135//135
f 135//135 557//557 515//515
f 136//136 134//134 135//135
f 138//138 134//134 136//136
f 517//517 516//516 135//135
f 136//136 135//135 558//558
f 558//558 135//135 516//516
f 136//136 558//558 142//142
f 168//168 559//559 272//272
f 176//176 168//168 272//272
f 176//176 272//272 177//177
f 177//177 272//272 180//180
f 180//180 272//272 560//560
f 177//177 180//180 178//178
f 397//397 91//91 556//556
f 556//556 92//92 397//397
f 120//120 123//123 556//556
f 92//92 556//556 123//123
f 548//548 391//391 546//546
f 546//546 391//391 390//390
f 562//562 548//548 546//546
f 564//564 562//562 563//563
f 565//565 548//548 562//562
f 564//564 565//565 562//562
f 423//423 561//561 548//548
f 548//548 565//565 423//423
f 424//424 565//565 564//564
f 564//564 549//549 424//424
f 565//565 424//424 423//423
f 425//425 422//422 424//424
f 568//568 567//567 520//520
f 568//568 570//570 569//569
f 573//573 572//572 571//571
f 574//574 572//572 573//573
f 576//576 236//236 577//577
f 577//577 578//578 576//576
f 579//579 576//576 578//578
f 580//580 579//579 578//578
f 581//581 584//584 583//583
f 585//585 583//583 584//584
f 588//588 589//589 590//590
f 592//592 588//588 590//590
f 593//593 591//591 594//594
f 595//595 597//597 596//596
f 598//598 596//596 597//597
f 602//602 599//599 600//600
f 602//602 600//600 601//601
f 602//602 601//601 603//603
f 604//604 602//602 605//605
f 605//605 602//602 603//603
f 608//608 606//606 607//607
f 608//608 607//607 599//599
f 608//608 599//599 602//602
f 597//597 595//595 610//610
f 610//610 595//595 606//606
f 610//610 606//606 608//608
f 610//610 608//608 611//611
f 609//609 597//597 610//610
f 609//609 610//610 611//611
f 609//609 611//611 612//612
f 611//611 608//608 602//602
f 611//611 602//602 604//604
f 613//613 612//612 611//611
f 613//613 611//611 604//604
f 616//616 615//615 617//617
f 618//618 615//615 616//616
f 619//619 617//617 615//615
f 617//617 620//620 595//595
f 595//595 596//596 617//617
f 598//598 616//616 596//596
f 617//617 596//596 616//616
f 623//623 624//624 625//625
f 625//625 624//624 626//626
f 627//627 278//278 277//277
f 625//625 627//627 277//277
f 277//277 623//623 625//625
f 628//628 626//626 624//624
f 278//278 627//627 281//281
f 627//627 625//625 630//630
f 281//281 627//627 631//631
f 629//629 631//631 630//630
f 630//630 631//631 627//627
f 631//631 632//632 281//281
f 631//631 629//629 633//633
f 631//631 634//634 632//632
f 618//618 635//635 634//634
f 634//634 615//615 618//618
f 619//619 631//631 633//633
f 631//631 615//615 634//634
f 631//631 619//619 615//615
f 88//88 85//85 30//30
f 88//88 30//30 636//636
f 636//636 30//30 82//82
f 636//636 82//82 637//637
f 637//637 82//82 84//84
f 637//637 638//638 102//102
f 102//102 636//636 637//637
f 637//637 84//84 639//639
f 637//637 235//235 638//638
f 639//639 640//640 637//637
f 640//640 235//235 637//637
f 640//640 639//639 641//641
f 235//235 642//642 196//196
f 640//640 641//641 643//643
f 643//643 642//642 235//235
f 235//235 640//640 643//643
f 277//277 196//196 642//642
f 642//642 643//643 644//644
f 642//642 623//623 277//277
f 645//645 623//623 644//644
f 642//642 644//644 623//623
f 357//357 236//236 576//576
f 646//646 357//357 576//576
f 576//576 579//579 646//646
f 647//647 646//646 579//579
f 648//648 647//647 579//579
f 579//579 580//580 648//648
f 649//649 650//650 651//651
f 649//649 651//651 652//652
f 657//657 655//655 656//656
f 659//659 657//657 656//656
f 658//658 657//657 659//659
f 660//660 661//661 659//659
f 662//662 661//661 660//660
f 663//663 664//664 665//665
f 666//666 667//667 663//663
f 666//666 665//665 668//668
f 665//665 666//666 663//663
f 666//666 669//669 670//670
f 670//670 669//669 512//512
f 512//512 669//669 671//671
f 673//673 658//658 659//659
f 673//673 659//659 661//661
f 661//661 662//662 674//674
f 661//661 674//674 675//675
f 676//676 673//673 661//661
f 661//661 675//675 676//676
f 675//675 677//677 676//676
f 680//680 673//673 676//676
f 680//680 679//679 681//681
f 677//677 684//684 676//676
f 676//676 684//684 680//680
f 678//678 684//684 677//677
f 678//678 97//97 684//684
f 685//685 684//684 97//97
f 97//97 682//682 685//685
f 679//679 680//680 685//685
f 685//685 680//680 684//684
f 679//679 685//685 683//683
f 683//683 685//685 682//682
f 686//686 674//674 667//667
f 674//674 686//686 675//675
f 667//667 666//666 686//686
f 666//666 670//670 686//686
f 675//675 686//686 677//677
f 677//677 686//686 670//670
f 670//670 678//678 677//677
f 678//678 670//670 512//512
f 378//378 688//688 689//689
f 688//688 690//690 689//689
f 96//96 95//95 378//378
f 688//688 691//691 690//690
f 325//325 98//98 689//689
f 327//327 325//325 234//234
f 327//327 234//234 692//692
f 555//555 327//327 514//514
f 692//692 514//514 327//327
f 514//514 328//328 513//513
f 513//513 328//328 97//97
f 233//233 514//514 692//692
f 328//328 514//514 233//233
f 233//233 191//191 328//328
f 328//328 193//193 682//682
f 683//683 682//682 193//193
f 193//193 274//274 683//683
f 682//682 97//97 328//328
f 679//679 683//683 694//694
f 696//696 679//679 694//694
f 697//697 694//694 695//695
f 700//700 698//698 279//279
f 160//160 701//701 187//187
f 694//694 683//683 274//274
f 695//695 694//694 274//274
f 274//274 275//275 695//695
f 698//698 695//695 279//279
f 279//279 695//695 275//275
f 646//646 358//358 357//357
f 648//648 582//582 702//702
f 703//703 702//702 582//582
f 653//653 649//649 654//654
f 649//649 704//704 654//654
f 704//704 649//649 705//705
f 362//362 654//654 704//704
f 706//706 704//704 705//705
f 705//705 707//707 655//655
f 656//656 655//655 587//587
f 708//708 705//705 655//655
f 708//708 655//655 657//657
f 367//367 704//704 709//709
f 368//368 367//367 709//709
f 711//711 709//709 710//710
f 709//709 704//704 706//706
f 705//705 712//712 706//706
f 710//710 709//709 706//706
f 706//706 713//713 710//710
f 713//713 706//706 712//712
f 714//714 710//710 713//713
f 712//712 716//716 713//713
f 712//712 705//705 708//708
f 657//657 658//658 708//708
f 716//716 712//712 708//708
f 716//716 708//708 717//717
f 717//717 708//708 658//658
f 593//593 656//656 591//591
f 718//718 662//662 660//660
f 512//512 671//671 103//103
f 719//719 720//720 713//713
f 719//719 713//713 716//716
f 720//720 719//719 721//721
f 714//714 722//722 710//710
f 722//722 714//714 720//720
f 715//715 710//710 722//722
f 714//714 713//713 720//720
f 722//722 720//720 724//724
f 724//724 720//720 725//725
f 726//726 722//722 724//724
f 721//721 725//725 720//720
f 716//716 727//727 719//719
f 727//727 716//716 717//717
f 721//721 719//719 728//728
f 728//728 672//672 721//721
f 721//721 672//672 725//725
f 729//729 725//725 731//731
f 672//672 731//731 725//725
f 728//728 719//719 727//727
f 727//727 717//717 732//732
f 727//727 733//733 728//728
f 733//733 727//727 732//732
f 512//512 97//97 678//678
f 732//732 717//717 680//680
f 734//734 732//732 680//680
f 690//690 100//100 689//689
f 325//325 689//689 100//100
f 100//100 101//101 325//325
f 234//234 325//325 101//101
f 328//328 191//191 193//193
f 735//735 736//736 737//737
f 735//735 738//738 736//736
f 739//739 735//735 740//740
f 740//740 735//735 737//737
f 741//741 740//740 742//742
f 743//743 739//739 740//740
f 740//740 741//741 743//743
f 744//744 742//742 745//745
f 741//741 742//742 744//744
f 741//741 744//744 747//747
f 748//748 672//672 728//728
f 749//749 672//672 748//748
f 729//729 731//731 750//750
f 749//749 731//731 672//672
f 751//751 750//750 731//731
f 738//738 735//735 751//751
f 749//749 751//751 731//731
f 748//748 728//728 733//733
f 733//733 752//752 748//748
f 693//693 733//733 732//732
f 733//733 693//693 752//752
f 732//732 734//734 693//693
f 753//753 749//749 748//748
f 754//754 753//753 748//748
f 755//755 738//738 751//751
f 751//751 749//749 755//755
f 755//755 749//749 753//753
f 693//693 756//756 752//752
f 754//754 748//748 752//752
f 752//752 757//757 754//754
f 756//756 757//757 752//752
f 754//754 759//759 753//753
f 761//761 759//759 754//754
f 760//760 759//759 761//761
f 761//761 754//754 757//757
f 757//757 762//762 761//761
f 760//760 761//761 699//699
f 699//699 763//763 760//760
f 764//764 763//763 699//699
f 699//699 761//761 765//765
f 762//762 757//757 758//758
f 766//766 767//767 762//762
f 765//765 761//761 762//762
f 771//771 772//772 773//773
f 774//774 769//769 775//775
f 775//775 769//769 770//770
f 776//776 777//777 774//774
f 774//774 777//777 769//769
f 486//486 419//419 484//484
f 419//419 486//486 153//153
f 153//153 486//486 785//785
f 153//153 785//785 786//786
f 152//152 153//153 786//786
f 787//787 786//786 788//788
f 167//167 166//166 169//169
f 744//744 790//790 747//747
f 791//791 792//792 741//741
f 791//791 741//741 747//747
f 795//795 359//359 646//646
f 580//580 581//581 648//648
f 582//582 648//648 581//581
f 582//582 583//583 703//703
f 797//797 702//702 703//703
f 798//798 797//797 703//703
f 703//703 799//799 798//798
f 799//799 703//703 583//583
f 581//581 583//583 582//582
f 799//799 583//583 585//585
f 801//801 798//798 799//799
f 799//799 585//585 801//801
f 705//705 649//649 707//707
f 655//655 707//707 587//587
f 710//710 715//715 711//711
f 803//803 711//711 715//715
f 687//687 804//804 803//803
f 659//659 805//805 660//660
f 806//806 807//807 808//808
f 671//671 669//669 809//809
f 722//722 723//723 715//715
f 722//722 726//726 723//723
f 724//724 725//725 729//729
f 726//726 724//724 730//730
f 730//730 724//724 729//729
f 803//803 715//715 723//723
f 810//810 803//803 723//723
f 810//810 723//723 811//811
f 103//103 812//812 512//512
f 512//512 812//812 97//97
f 513//513 555//555 514//514
f 274//274 193//193 194//194
f 813//813 740//740 814//814
f 814//814 737//737 815//815
f 816//816 815//815 737//737
f 737//737 736//736 816//816
f 740//740 737//737 814//814
f 817//817 816//816 736//736
f 817//817 736//736 738//738
f 818//818 817//817 738//738
f 755//755 820//820 738//738
f 820//820 818//818 738//738
f 742//742 740//740 813//813
f 743//743 741//741 746//746
f 819//819 818//818 820//820
f 479//479 822//822 820//820
f 750//750 751//751 735//735
f 820//820 755//755 753//753
f 479//479 753//753 823//823
f 823//823 753//753 759//759
f 753//753 479//479 820//820
f 823//823 759//759 760//760
f 763//763 823//823 760//760
f 768//768 762//762 767//767
f 825//825 826//826 776//776
f 776//776 827//827 825//825
f 825//825 828//828 829//829
f 781//781 830//830 782//782
f 485//485 763//763 764//764
f 699//699 765//765 831//831
f 699//699 831//831 764//764
f 485//485 764//764 486//486
f 486//486 764//764 785//785
f 785//785 764//764 831//831
f 831//831 765//765 768//768
f 767//767 832//832 768//768
f 833//833 768//768 832//832
f 831//831 786//786 785//785
f 786//786 831//831 833//833
f 786//786 833//833 788//788
f 788//788 833//833 832//832
f 832//832 834//834 788//788
f 787//787 788//788 837//837
f 838//838 787//787 837//837
f 837//837 788//788 834//834
f 837//837 839//839 838//838
f 836//836 840//840 839//839
f 789//789 838//838 841//841
f 560//560 789//789 841//841
f 842//842 560//560 841//841
f 841//841 843//843 842//842
f 838//838 839//839 841//841
f 844//844 839//839 840//840
f 839//839 845//845 841//841
f 843//843 841//841 845//845
f 839//839 844//844 845//845
f 846//846 844//844 840//840
f 849//849 844//844 846//846
f 848//848 845//845 844//844
f 844//844 849//849 848//848
f 850//850 851//851 852//852
f 852//852 853//853 850//850
f 851//851 854//854 852//852
f 792//792 746//746 741//741
f 836//836 835//835 856//856
f 849//849 860//860 848//848
f 849//849 861//861 860//860
f 862//862 860//860 861//861
f 863//863 864//864 865//865
f 646//646 647//647 795//795
f 796//796 795//795 647//647
f 796//796 648//648 793//793
f 647//647 648//648 796//796
f 871//871 870//870 869//869
f 873//873 874//874 872//872
f 877//877 875//875 878//878
f 878//878 875//875 876//876
f 879//879 878//878 880//880
f 879//879 880//880 881//881
f 798//798 800//800 797//797
f 798//798 801//801 800//800
f 801//801 882//882 800//800
f 869//869 800//800 882//882
f 801//801 883//883 882//882
f 884//884 882//882 883//883
f 585//585 586//586 801//801
f 586//586 585//585 584//584
f 883//883 801//801 586//586
f 811//811 723//723 726//726
f 814//814 815//815 885//885
f 819//819 822//822 477//477
f 819//819 820//820 822//822
f 822//822 479//479 887//887
f 888//888 887//887 889//889
f 889//889 887//887 479//479
f 769//769 891//891 770//770
f 777//777 891//891 769//769
f 892//892 893//893 894//894
f 895//895 896//896 892//892
f 895//895 897//897 896//896
f 899//899 897//897 895//895
f 899//899 900//900 898//898
f 902//902 900//900 901//901
f 899//899 895//895 901//901
f 899//899 901//901 900//900
f 899//899 903//903 897//897
f 899//899 898//898 904//904
f 899//899 904//904 903//903
f 481//481 904//904 480//480
f 480//480 904//904 898//898
f 162//162 906//906 905//905
f 907//907 905//905 906//906
f 865//865 864//864 908//908
f 909//909 865//865 908//908
f 909//909 908//908 910//910
f 911//911 909//909 910//910
f 910//910 912//912 911//911
f 906//906 915//915 907//907
f 916//916 879//879 881//881
f 920//920 918//918 917//917
f 921//921 922//922 923//923
f 924//924 906//906 925//925
f 925//925 906//906 488//488
f 787//787 838//838 559//559
f 926//926 927//927 928//928
f 930//930 931//931 932//932
f 932//932 931//931 933//933
f 927//927 930//930 932//932
f 930//930 927//927 926//926
f 930//930 934//934 931//931
f 926//926 929//929 930//930
f 930//930 929//929 934//934
f 934//934 929//929 935//935
f 936//936 931//931 938//938
f 938//938 931//931 934//934
f 937//937 936//936 938//938
f 915//915 906//906 924//924
f 915//915 924//924 939//939
f 939//939 924//924 925//925
f 940//940 915//915 939//939
f 941//941 942//942 173//173
f 926//926 928//928 942//942
f 941//941 926//926 942//942
f 926//926 941//941 943//943
f 943//943 944//944 929//929
f 943//943 929//929 926//926
f 943//943 853//853 944//944
f 853//853 852//852 944//944
f 852//852 935//935 929//929
f 852//852 929//929 944//944
f 847//847 946//946 934//934
f 854//854 847//847 935//935
f 934//934 935//935 847//847
f 842//842 843//843 847//847
f 946//946 847//847 843//843
f 843//843 845//845 946//946
f 938//938 934//934 946//946
f 938//938 946//946 845//845
f 426//426 938//938 845//845
f 426//426 845//845 848//848
f 852//852 854//854 935//935
f 949//949 892//892 894//894
f 894//894 948//948 949//949
f 949//949 895//895 892//892
f 950//950 949//949 948//948
f 952//952 901//901 895//895
f 895//895 949//949 952//952
f 953//953 902//902 952//952
f 952//952 902//902 901//901
f 950//950 952//952 949//949
f 952//952 950//950 953//953
f 567//567 954//954 957//957
f 959//959 958//958 567//567
f 917//917 959//959 569//569
f 963//963 917//917 569//569
f 964//964 963//963 569//569
f 965//965 961//961 962//962
f 965//965 966//966 961//961
f 954//954 881//881 880//880
f 958//958 881//881 954//954
f 967//967 916//916 958//958
f 958//958 916//916 881//881
f 968//968 969//969 967//967
f 967//967 969//969 916//916
f 959//959 967//967 958//958
f 959//959 917//917 918//918
f 970//970 968//968 967//967
f 967//967 959//959 970//970
f 959//959 918//918 919//919
f 959//959 919//919 970//970
f 970//970 973//973 968//968
f 968//968 973//973 974//974
f 919//919 973//973 970//970
f 919//919 975//975 973//973
f 973//973 976//976 974//974
f 974//974 976//976 971//971
f 971//971 976//976 972//972
f 981//981 980//980 982//982
f 986//986 984//984 983//983
f 983//983 985//985 986//986
f 987//987 988//988 983//983
f 983//983 984//984 987//987
f 984//984 986//986 989//989
f 989//989 987//987 984//984
f 990//990 991//991 987//987
f 990//990 987//987 989//989
f 992//992 993//993 990//990
f 990//990 993//993 991//991
f 992//992 257//257 993//993
f 858//858 994//994 859//859
f 995//995 978//978 994//994
f 995//995 994//994 858//858
f 490//490 980//980 978//978
f 978//978 995//995 490//490
f 997//997 937//937 938//938
f 938//938 426//426 997//997
f 491//491 997//997 426//426
f 996//996 982//982 980//980
f 980//980 490//490 996//996
f 426//426 998//998 491//491
f 996//996 491//491 998//998
f 998//998 426//426 848//848
f 996//996 998//998 999//999
f 998//998 848//848 860//860
f 860//860 999//999 998//998
f 999//999 860//860 1000//1000
f 1000//1000 860//860 862//862
f 996//996 605//605 982//982
f 603//603 982//982 605//605
f 999//999 605//605 996//996
f 1000//1000 604//604 605//605
f 605//605 999//999 1000//1000
f 1002//1002 1003//1003 1001//1001
f 1004//1004 1001//1001 1003//1003
f 1004//1004 1006//1006 1005//1005
f 1007//1007 1006//1006 1004//1004
f 1003//1003 1008//1008 1004//1004
f 1003//1003 1009//1009 1008//1008
f 1009//1009 1003//1003 1010//1010
f 1011//1011 1009//1009 1010//1010
f 1015//1015 1013//1013 1014//1014
f 702//702 793//793 648//648
f 1019//1019 1008//1008 1020//1020
f 1020//1020 1008//1008 1009//1009
f 1009//1009 1011//1011 1020//1020
f 1022//1022 1020//1020 1021//1021
f 1023//1023 1022//1022 1021//1021
f 1021//1021 867//867 1023//1023
f 1024//1024 1025//1025 1022//1022
f 1022//1022 1023//1023 1024//1024
f 1023//1023 1027//1027 1024//1024
f 1027//1027 1023//1023 867//867
f 1027//1027 1028//1028 1024//1024
f 1026//1026 1024//1024 1028//1028
f 1030//1030 1028//1028 1029//1029
f 1015//1015 1014//1014 1016//1016
f 1021//1021 1015//1015 1031//1031
f 1031//1031 868//868 867//867
f 867//867 1021//1021 1031//1031
f 868//868 1031//1031 872//872
f 1032//1032 1016//1016 1034//1034
f 1033//1033 1032//1032 1034//1034
f 797//797 800//800 1018//1018
f 870//870 1034//1034 1018//1018
f 870//870 1018//1018 800//800
f 873//873 1034//1034 870//870
f 870//870 800//800 869//869
f 1027//1027 867//867 1035//1035
f 1035//1035 867//867 868//868
f 1035//1035 868//868 1037//1037
f 1037//1037 868//868 1036//1036
f 1035//1035 1028//1028 1027//1027
f 1028//1028 1035//1035 1037//1037
f 1036//1036 868//868 872//872
f 1036//1036 872//872 874//874
f 1029//1029 1028//1028 1037//1037
f 1029//1029 1037//1037 1036//1036
f 1039//1039 1036//1036 1038//1038
f 1029//1029 1039//1039 1040//1040
f 1029//1029 1036//1036 1039//1039
f 1038//1038 1036//1036 874//874
f 1041//1041 1038//1038 1042//1042
f 1041//1041 1039//1039 1038//1038
f 1028//1028 1030//1030 1043//1043
f 414//414 1043//1043 1030//1030
f 1030//1030 1045//1045 414//414
f 1030//1030 1044//1044 1045//1045
f 415//415 414//414 1045//1045
f 1047//1047 1045//1045 1046//1046
f 1047//1047 1048//1048 415//415
f 1047//1047 415//415 1045//1045
f 537//537 1049//1049 1050//1050
f 1051//1051 1052//1052 1053//1053
f 534//534 537//537 1050//1050
f 511//511 1051//1051 1054//1054
f 511//511 535//535 1051//1051
f 511//511 390//390 535//535
f 533//533 1055//1055 534//534
f 9//9 1055//1055 533//533
f 391//391 9//9 533//533
f 247//247 249//249 1056//1056
f 1029//1029 1044//1044 1030//1030
f 1044//1044 1029//1029 1040//1040
f 1046//1046 1044//1044 1040//1040
f 1045//1045 1044//1044 1046//1046
f 1046//1046 1040//1040 1060//1060
f 1061//1061 1046//1046 1060//1060
f 1047//1047 1046//1046 1061//1061
f 1062//1062 1047//1047 1061//1061
f 1060//1060 1040//1040 1039//1039
f 1060//1060 1039//1039 1059//1059
f 1060//1060 1063//1063 1061//1061
f 1063//1063 1060//1060 1059//1059
f 1041//1041 1059//1059 1039//1039
f 1059//1059 1041//1041 1064//1064
f 1064//1064 1065//1065 1059//1059
f 1065//1065 1064//1064 1066//1066
f 1063//1063 1059//1059 1065//1065
f 1069//1069 1067//1067 1068//1068
f 1061//1061 1070//1070 1062//1062
f 1047//1047 1071//1071 1048//1048
f 1071//1071 1047//1047 1062//1062
f 1070//1070 1061//1061 1063//1063
f 1062//1062 1070//1070 1071//1071
f 1072//1072 1071//1071 1070//1070
f 1063//1063 1073//1073 1070//1070
f 1065//1065 1074//1074 1063//1063
f 1073//1073 1063//1063 1074//1074
f 1074//1074 1075//1075 1073//1073
f 1074//1074 1065//1065 1069//1069
f 1074//1074 1069//1069 1077//1077
f 1076//1076 1074//1074 1077//1077
f 1075//1075 1074//1074 1076//1076
f 1079//1079 1080//1080 1078//1078
f 1081//1081 1078//1078 1082//1082
f 1082//1082 1078//1078 1080//1080
f 1083//1083 540//540 539//539
f 1084//1084 540//540 1078//1078
f 1078//1078 540//540 1079//1079
f 540//540 1084//1084 538//538
f 1081//1081 1084//1084 1078//1078
f 1085//1085 1084//1084 1081//1081
f 544//544 538//538 1084//1084
f 1084//1084 1085//1085 544//544
f 538//538 544//544 543//543
f 1086//1086 1085//1085 1081//1081
f 1087//1087 1086//1086 1081//1081
f 510//510 544//544 509//509
f 1088//1088 247//247 1056//1056
f 1057//1057 1058//1058 1056//1056
f 1058//1058 548//548 1089//1089
f 1089//1089 1056//1056 1058//1058
f 561//561 1089//1089 548//548
f 1090//1090 1056//1056 1089//1089
f 1091//1091 1089//1089 561//561
f 1091//1091 1090//1090 1089//1089
f 510//510 547//547 543//543
f 547//547 562//562 546//546
f 563//563 562//562 547//547
f 1092//1092 1090//1090 1093//1093
f 1093//1093 1090//1090 1091//1091
f 551//551 1095//1095 21//21
f 22//22 21//21 1095//1095
f 1096//1096 22//22 1095//1095
f 1097//1097 21//21 22//22
f 884//884 1098//1098 1099//1099
f 883//883 1098//1098 884//884
f 1098//1098 883//883 1100//1100
f 883//883 1101//1101 1100//1100
f 1102//1102 1099//1099 1098//1098
f 1098//1098 1103//1103 1102//1102
f 1104//1104 1102//1102 1103//1103
f 1100//1100 1105//1105 1098//1098
f 1106//1106 1100//1100 1101//1101
f 1098//1098 1107//1107 1103//1103
f 1107//1107 1098//1098 1105//1105
f 1101//1101 883//883 586//586
f 1105//1105 1100//1100 1106//1106
f 1067//1067 1066//1066 1104//1104
f 1068//1068 1104//1104 1103//1103
f 1108//1108 1103//1103 1107//1107
f 1108//1108 1107//1107 1105//1105
f 1108//1108 1105//1105 1106//1106
f 1106//1106 1109//1109 1108//1108
f 1104//1104 1068//1068 1067//1067
f 1103//1103 1110//1110 1068//1068
f 1110//1110 1103//1103 1108//1108
f 1068//1068 1077//1077 1069//1069
f 1077//1077 1068//1068 1110//1110
f 1111//1111 1108//1108 1109//1109
f 1109//1109 1112//1112 1111//1111
f 1110//1110 1108//1108 1111//1111
f 1077//1077 1114//1114 1076//1076
f 1114//1114 1077//1077 1113//1113
f 1077//1077 1110//1110 1111//1111
f 1113//1113 1077//1077 1111//1111
f 1112//1112 1115//1115 1111//1111
f 1115//1115 1112//1112 1109//1109
f 1116//1116 1115//1115 1109//1109
f 368//368 709//709 711//711
f 669//669 808//808 807//807
f 687//687 803//803 810//810
f 814//814 885//885 1118//1118
f 813//813 814//814 1118//1118
f 735//735 739//739 750//750
f 1119//1119 1120//1120 1121//1121
f 1123//1123 1122//1122 775//775
f 1125//1125 774//774 1122//1122
f 1125//1125 1126//1126 774//774
f 1127//1127 1126//1126 1125//1125
f 1127//1127 1128//1128 1126//1126
f 894//894 893//893 1128//1128
f 894//894 1128//1128 1127//1127
f 827//827 1126//1126 1128//1128
f 1128//1128 1124//1124 827//827
f 893//893 1130//1130 1124//1124
f 893//893 1124//1124 1128//1128
f 1124//1124 141//141 140//140
f 143//143 141//141 1124//1124
f 1124//1124 1130//1130 143//143
f 892//892 896//896 1130//1130
f 892//892 1130//1130 893//893
f 1131//1131 145//145 1132//1132
f 1132//1132 145//145 903//903
f 1129//1129 140//140 141//141
f 141//141 1133//1133 1129//1129
f 1133//1133 141//141 143//143
f 1131//1131 1133//1133 143//143
f 1134//1134 1129//1129 1133//1133
f 1135//1135 1133//1133 1131//1131
f 1132//1132 903//903 904//904
f 1137//1137 1138//1138 1139//1139
f 1140//1140 1138//1138 1141//1141
f 1141//1141 1138//1138 1142//1142
f 1143//1143 1141//1141 1144//1144
f 1143//1143 1144//1144 1145//1145
f 1133//1133 1146//1146 1134//1134
f 1146//1146 1133//1133 1135//1135
f 783//783 1134//1134 1146//1146
f 1146//1146 1135//1135 1147//1147
f 1148//1148 783//783 1146//1146
f 1147//1147 1149//1149 1146//1146
f 1149//1149 1147//1147 1150//1150
f 1148//1148 1146//1146 1149//1149
f 1149//1149 784//784 1148//1148
f 1151//1151 907//907 915//915
f 784//784 1149//1149 1152//1152
f 1154//1154 1137//1137 1139//1139
f 1155//1155 1154//1154 1139//1139
f 1156//1156 1142//1142 1137//1137
f 1137//1137 1154//1154 1156//1156
f 784//784 1154//1154 1155//1155
f 784//784 1156//1156 1154//1154
f 1155//1155 1148//1148 784//784
f 1157//1157 1142//1142 1156//1156
f 784//784 1152//1152 1156//1156
f 1156//1156 1152//1152 1157//1157
f 1158//1158 1142//1142 1157//1157
f 1144//1144 1142//1142 1158//1158
f 1145//1145 1144//1144 1160//1160
f 1159//1159 1145//1145 1160//1160
f 1161//1161 1162//1162 1159//1159
f 1162//1162 1161//1161 933//933
f 931//931 936//936 933//933
f 1162//1162 933//933 936//936
f 1153//1153 915//915 940//940
f 940//940 939//939 1163//1163
f 1163//1163 1164//1164 940//940
f 941//941 173//173 171//171
f 1158//1158 1153//1153 945//945
f 1166//1166 1158//1158 945//945
f 1166//1166 945//945 1165//1165
f 1144//1144 1158//1158 1166//1166
f 789//789 559//559 838//838
f 947//947 847//847 854//854
f 1167//1167 947//947 854//854
f 851//851 1167//1167 854//854
f 1127//1127 1122//1122 1168//1168
f 1122//1122 1127//1127 1125//1125
f 1169//1169 1127//1127 1168//1168
f 951//951 1127//1127 1169//1169
f 1127//1127 951//951 894//894
f 894//894 951//951 948//948
f 509//509 544//544 1085//1085
f 1086//1086 509//509 1085//1085
f 566//566 1093//1093 561//561
f 1170//1170 1093//1093 566//566
f 1171//1171 509//509 1086//1086
f 1172//1172 510//510 509//509
f 509//509 1171//1171 1172//1172
f 1173//1173 1171//1171 1086//1086
f 1174//1174 1171//1171 1173//1173
f 1175//1175 1172//1172 1171//1171
f 1172//1172 1175//1175 550//550
f 965//965 1179//1179 1181//1181
f 1181//1181 574//574 966//966
f 1181//1181 1179//1179 1180//1180
f 1140//1140 1141//1141 1143//1143
f 857//857 1140//1140 1143//1143
f 1143//1143 1179//1179 857//857
f 1179//1179 1143//1143 1180//1180
f 977//977 1182//1182 964//964
f 574//574 1181//1181 858//858
f 1181//1181 1180//1180 858//858
f 1183//1183 1184//1184 1180//1180
f 1180//1180 1184//1184 858//858
f 995//995 858//858 1184//1184
f 1180//1180 1143//1143 1145//1145
f 1145//1145 1159//1159 1162//1162
f 1180//1180 1145//1145 1162//1162
f 1162//1162 1183//1183 1180//1180
f 1184//1184 490//490 995//995
f 1183//1183 491//491 1184//1184
f 490//490 1184//1184 491//491
f 936//936 997//997 1162//1162
f 997//997 936//936 937//937
f 1183//1183 1162//1162 997//997
f 1183//1183 997//997 491//491
f 1189//1189 1187//1187 1186//1186
f 1189//1189 1186//1186 1188//1188
f 1185//1185 1186//1186 1187//1187
f 1187//1187 1190//1190 1185//1185
f 1010//1010 1192//1192 1012//1012
f 1012//1012 1011//1011 1010//1010
f 1017//1017 1018//1018 1016//1016
f 1033//1033 873//873 872//872
f 1018//1018 1034//1034 1016//1016
f 873//873 1033//1033 1034//1034
f 874//874 873//873 870//870
f 874//874 1042//1042 1038//1038
f 871//871 874//874 870//870
f 869//869 884//884 871//871
f 1042//1042 874//874 871//871
f 1042//1042 871//871 884//884
f 884//884 1099//1099 1042//1042
f 1041//1041 1042//1042 1099//1099
f 1066//1066 1041//1041 1099//1099
f 17//17 1195//1195 1196//1196
f 17//17 1196//1196 237//237
f 1198//1198 1199//1199 1200//1200
f 1064//1064 1041//1041 1066//1066
f 1066//1066 1067//1067 1065//1065
f 1065//1065 1067//1067 1069//1069
f 882//882 884//884 869//869
f 1066//1066 1099//1099 1102//1102
f 1102//1102 1104//1104 1066//1066
f 698//698 697//697 695//695
f 697//697 698//698 766//766
f 698//698 767//767 766//766
f 767//767 698//698 700//700
f 700//700 855//855 767//767
f 835//835 767//767 855//855
f 832//832 767//767 835//835
f 1130//1130 1201//1201 1202//1202
f 1130//1130 1202//1202 143//143
f 912//912 1136//1136 1206//1206
f 1208//1208 1209//1209 781//781
f 782//782 780//780 781//781
f 781//781 780//780 1134//1134
f 1134//1134 783//783 781//781
f 781//781 1210//1210 1208//1208
f 1150//1150 907//907 1151//1151
f 834//834 832//832 835//835
f 835//835 836//836 834//834
f 837//837 834//834 836//836
f 836//836 839//839 837//837
f 1211//1211 928//928 927//927
f 1168//1168 1122//1122 1212//1212
f 1214//1214 1212//1212 1213//1213
f 1214//1214 1168//1168 1212//1212
f 1173//1173 1086//1086 1094//1094
f 1094//1094 1086//1086 1087//1087
f 1174//1174 1173//1173 1094//1094
f 1215//1215 1094//1094 1216//1216
f 1217//1217 1171//1171 1174//1174
f 1218//1218 1174//1174 1215//1215
f 1215//1215 1174//1174 1094//1094
f 1218//1218 1217//1217 1174//1174
f 425//425 424//424 551//551
f 21//21 425//425 551//551
f 955//955 425//425 21//21
f 519//519 425//425 955//955
f 1219//1219 1215//1215 1216//1216
f 1216//1216 1220//1220 1219//1219
f 1219//1219 1218//1218 1215//1215
f 1221//1221 1217//1217 1218//1218
f 1222//1222 1218//1218 1219//1219
f 1218//1218 1222//1222 1221//1221
f 1223//1223 1219//1219 1220//1220
f 1176//1176 1223//1223 1224//1224
f 1176//1176 1224//1224 1177//1177
f 1224//1224 1223//1223 1220//1220
f 1219//1219 1223//1223 1222//1222
f 1225//1225 1222//1222 1176//1176
f 1176//1176 1222//1222 1223//1223
f 1225//1225 1221//1221 1222//1222
f 1226//1226 519//519 955//955
f 1227//1227 519//519 1226//1226
f 1226//1226 956//956 1227//1227
f 568//568 520//520 519//519
f 568//568 519//519 1227//1227
f 570//570 568//568 1227//1227
f 1227//1227 1228//1228 570//570
f 570//570 1228//1228 961//961
f 570//570 961//961 573//573
f 966//966 573//573 961//961
f 1230//1230 1225//1225 1229//1229
f 1229//1229 1225//1225 1176//1176
f 1231//1231 1230//1230 1232//1232
f 1230//1230 1233//1233 1225//1225
f 1232//1232 1234//1234 1231//1231
f 1235//1235 1236//1236 1231//1231
f 1140//1140 857//857 1236//1236
f 857//857 1179//1179 965//965
f 859//859 1237//1237 977//977
f 977//977 574//574 859//859
f 1239//1239 1240//1240 1238//1238
f 1238//1238 1204//1204 1239//1239
f 663//663 667//667 664//664
f 808//808 668//668 806//806
f 668//668 808//808 666//666
f 666//666 808//808 669//669
f 673//673 717//717 658//658
f 680//680 717//717 673//673
f 734//734 680//680 681//681
f 1242//1242 614//614 807//807
f 1242//1242 80//80 614//614
f 693//693 734//734 681//681
f 1244//1244 693//693 681//681
f 1244//1244 681//681 696//696
f 696//696 681//681 679//679
f 1245//1245 693//693 1244//1244
f 1245//1245 1244//1244 696//696
f 756//756 693//693 1245//1245
f 756//756 758//758 757//757
f 758//758 756//756 1245//1245
f 766//766 1245//1245 697//697
f 694//694 697//697 696//696
f 696//696 697//697 1245//1245
f 889//889 823//823 824//824
f 824//824 823//823 763//763
f 1245//1245 766//766 758//758
f 766//766 762//762 758//758
f 762//762 768//768 765//765
f 1246//1246 770//770 1247//1247
f 1247//1247 770//770 1248//1248
f 891//891 1249//1249 1248//1248
f 773//773 1249//1249 1250//1250
f 1250//1250 1249//1249 891//891
f 1248//1248 770//770 891//891
f 773//773 1250//1250 771//771
f 771//771 1252//1252 1251//1251
f 775//775 770//770 1246//1246
f 1212//1212 1123//1123 1213//1213
f 1212//1212 1122//1122 1123//1123
f 1122//1122 774//774 775//775
f 1126//1126 776//776 774//774
f 1126//1126 827//827 776//776
f 140//140 828//828 827//827
f 140//140 827//827 1124//1124
f 828//828 140//140 778//778
f 1129//1129 778//778 140//140
f 778//778 1129//1129 779//779
f 779//779 1129//1129 1134//1134
f 896//896 1201//1201 1130//1130
f 897//897 1254//1254 1201//1201
f 897//897 1201//1201 896//896
f 1254//1254 897//897 903//903
f 1254//1254 903//903 144//144
f 904//904 905//905 1132//1132
f 481//481 162//162 905//905
f 481//481 905//905 904//904
f 1206//1206 1255//1255 912//912
f 912//912 1255//1255 1256//1256
f 1207//1207 1259//1259 1260//1260
f 1235//1235 1259//1259 1207//1207
f 1261//1261 1209//1209 1262//1262
f 1262//1262 1209//1209 1208//1208
f 780//780 779//779 1134//1134
f 1264//1264 1263//1263 1260//1260
f 1265//1265 1262//1262 1208//1208
f 1266//1266 1263//1263 1264//1264
f 1266//1266 1264//1264 1208//1208
f 1267//1267 1207//1207 1263//1263
f 1266//1266 1267//1267 1263//1263
f 1260//1260 1263//1263 1207//1207
f 1208//1208 1210//1210 1266//1266
f 1266//1266 1210//1210 1267//1267
f 1138//1138 1137//1137 1142//1142
f 1139//1139 1236//1236 1235//1235
f 1138//1138 1140//1140 1139//1139
f 1139//1139 1140//1140 1236//1236
f 1235//1235 1207//1207 1139//1139
f 1141//1141 1142//1142 1144//1144
f 1210//1210 783//783 1148//1148
f 1152//1152 1151//1151 915//915
f 915//915 1153//1153 1152//1152
f 1267//1267 1139//1139 1207//1207
f 1155//1155 1139//1139 1267//1267
f 1267//1267 1210//1210 1155//1155
f 1155//1155 1210//1210 1148//1148
f 1157//1157 1152//1152 1158//1158
f 1158//1158 1152//1152 1153//1153
f 1268//1268 824//824 763//763
f 485//485 1268//1268 763//763
f 768//768 833//833 831//831
f 933//933 1161//1161 932//932
f 1161//1161 1159//1159 1160//1160
f 941//941 175//175 943//943
f 943//943 175//175 853//853
f 1166//1166 1160//1160 1144//1144
f 1235//1235 1231//1231 1234//1234
f 1234//1234 1259//1259 1235//1235
f 1271//1271 1272//1272 1273//1273
f 1273//1273 1272//1272 1274//1274
f 1274//1274 1275//1275 1273//1273
f 1276//1276 1271//1271 1273//1273
f 1273//1273 1277//1277 1276//1276
f 1274//1274 1278//1278 1279//1279
f 1274//1274 1279//1279 1280//1280
f 1275//1275 1274//1274 1280//1280
f 1204//1204 1285//1285 1284//1284
f 1239//1239 1204//1204 1284//1284
f 891//891 1252//1252 1250//1250
f 826//826 1252//1252 891//891
f 826//826 891//891 777//777
f 772//772 771//771 1286//1286
f 1286//1286 771//771 1288//1288
f 1288//1288 771//771 1251//1251
f 1288//1288 1287//1287 1286//1286
f 1252//1252 771//771 1250//1250
f 1251//1251 1253//1253 1288//1288
f 776//776 826//826 777//777
f 825//825 827//827 828//828
f 1291//1291 1289//1289 1290//1290
f 1291//1291 1290//1290 829//829
f 829//829 778//778 1291//1291
f 1291//1291 778//778 779//779
f 1291//1291 779//779 1292//1292
f 1294//1294 1293//1293 1204//1204
f 1204//1204 1293//1293 1285//1285
f 910//910 908//908 1287//1287
f 1288//1288 1295//1295 1287//1287
f 910//910 1287//1287 1295//1295
f 1295//1295 913//913 910//910
f 912//912 910//910 914//914
f 914//914 910//910 913//913
f 912//912 914//914 1136//1136
f 1297//1297 1136//1136 914//914
f 782//782 1298//1298 780//780
f 1265//1265 1299//1299 1136//1136
f 1276//1276 1301//1301 1303//1303
f 1301//1301 1276//1276 1302//1302
f 1277//1277 1281//1281 1276//1276
f 1304//1304 1281//1281 1305//1305
f 1305//1305 1306//1306 1304//1304
f 1284//1284 1285//1285 1282//1282
f 1136//1136 1299//1299 1206//1206
f 1206//1206 1299//1299 1308//1308
f 1255//1255 1206//1206 1258//1258
f 1255//1255 1258//1258 1257//1257
f 1296//1296 1257//1257 1258//1258
f 1206//1206 1308//1308 1270//1270
f 1270//1270 1258//1258 1206//1206
f 1260//1260 1308//1308 1299//1299
f 1270//1270 1308//1308 1259//1259
f 1259//1259 1308//1308 1260//1260
f 1264//1264 1260//1260 1265//1265
f 1265//1265 1260//1260 1299//1299
f 1265//1265 1208//1208 1264//1264
f 1228//1228 1227//1227 1310//1310
f 1310//1310 1227//1227 956//956
f 961//961 1228//1228 1310//1310
f 1312//1312 1177//1177 1309//1309
f 1229//1229 1177//1177 1312//1312
f 1296//1296 1178//1178 1312//1312
f 1232//1232 1229//1229 1312//1312
f 1232//1232 1312//1312 1178//1178
f 1258//1258 1178//1178 1296//1296
f 1270//1270 1234//1234 1258//1258
f 1258//1258 1234//1234 1178//1178
f 1178//1178 1234//1234 1232//1232
f 1232//1232 1230//1230 1229//1229
f 1234//1234 1270//1270 1259//1259
f 1117//1117 1313//1313 1314//1314
f 1314//1314 1315//1315 805//805
f 1316//1316 1315//1315 1314//1314
f 10//10 1317//1317 921//921
f 10//10 1318//1318 1317//1317
f 1319//1319 1320//1320 1318//1318
f 255//255 1320//1320 1319//1319
f 971//971 1323//1323 974//974
f 979//979 1324//1324 1325//1325
f 1325//1325 978//978 979//979
f 981//981 1326//1326 979//979
f 980//980 981//981 979//979
f 993//993 257//257 991//991
f 255//255 1327//1327 256//256
f 1//1 256//256 1327//1327
f 1327//1327 1328//1328 1326//1326
f 1327//1327 1326//1326 1//1
f 981//981 1329//1329 1326//1326
f 1329//1329 1//1 1326//1326
f 1329//1329 1330//1330 1//1
f 1333//1333 1330//1330 1329//1329
f 330//330 259//259 329//329
f 259//259 330//330 300//300
f 321//321 302//302 1334//1334
f 1336//1336 321//321 1334//1334
f 1336//1336 1334//1334 1335//1335
f 1334//1334 302//302 303//303
f 1334//1334 303//303 304//304
f 304//304 303//303 305//305
f 1335//1335 1334//1334 304//304
f 1337//1337 1341//1341 1340//1340
f 1342//1342 1340//1340 1341//1341
f 1083//1083 1342//1342 1343//1343
f 535//535 1052//1052 1051//1051
f 535//535 1344//1344 1052//1052
f 535//535 534//534 1344//1344
f 1343//1343 1346//1346 540//540
f 1343//1343 540//540 1083//1083
f 1087//1087 1081//1081 1347//1347
f 1347//1347 1081//1081 1082//1082
f 1094//1094 1087//1087 1347//1347
f 1347//1347 1348//1348 1094//1094
f 1216//1216 1094//1094 1349//1349
f 1349//1349 1094//1094 1348//1348
f 1097//1097 22//22 1096//1096
f 21//21 1097//1097 955//955
f 1350//1350 1097//1097 1096//1096
f 1220//1220 1216//1216 1349//1349
f 1354//1354 1351//1351 1352//1352
f 1351//1351 1354//1354 1355//1355
f 1349//1349 1356//1356 1220//1220
f 1357//1357 1355//1355 1354//1354
f 1224//1224 1356//1356 1355//1355
f 1355//1355 1357//1357 1224//1224
f 1224//1224 1220//1220 1356//1356
f 1358//1358 955//955 1097//1097
f 1310//1310 956//956 1359//1359
f 1359//1359 956//956 890//890
f 1360//1360 1361//1361 1362//1362
f 775//775 1246//1246 1363//1363
f 1136//1136 1262//1262 1265//1265
f 1364//1364 1365//1365 6//6
f 1365//1365 1364//1364 921//921
f 1366//1366 1365//1365 1317//1317
f 1317//1317 1365//1365 921//921
f 1311//1311 961//961 1310//1310
f 962//962 961//961 1311//1311
f 962//962 1311//1311 1367//1367
f 1237//1237 859//859 1325//1325
f 978//978 1325//1325 994//994
f 1371//1371 1370//1370 1372//1372
f 1374//1374 1375//1375 1373//1373
f 1375//1375 1374//1374 1376//1376
f 1378//1378 1373//1373 1379//1379
f 1379//1379 1373//1373 1380//1380
f 1380//1380 1373//1373 1381//1381
f 1381//1381 1373//1373 1375//1375
f 1382//1382 1378//1378 1383//1383
f 1383//1383 1378//1378 1379//1379
f 1383//1383 1379//1379 1380//1380
f 1380//1380 1381//1381 1384//1384
f 1385//1385 1386//1386 1387//1387
f 1388//1388 1385//1385 1387//1387
f 1388//1388 1387//1387 1389//1389
f 1390//1390 1301//1301 1302//1302
f 1391//1391 1390//1390 1302//1302
f 1392//1392 1376//1376 1388//1388
f 1392//1392 1388//1388 1393//1393
f 1393//1393 1388//1388 1389//1389
f 1377//1377 1375//1375 1392//1392
f 1375//1375 1376//1376 1392//1392
f 1393//1393 1389//1389 1391//1391
f 1393//1393 1391//1391 1302//1302
f 1302//1302 1281//1281 1393//1393
f 1393//1393 1281//1281 1304//1304
f 1394//1394 1393//1393 1395//1395
f 1395//1395 1393//1393 1304//1304
f 1055//1055 536//536 534//534
f 1396//1396 1397//1397 1398//1398
f 1396//1396 1400//1400 1397//1397
f 1397//1397 1400//1400 1399//1399
f 1401//1401 1399//1399 1400//1400
f 1396//1396 1398//1398 1402//1402
f 1403//1403 1396//1396 1402//1402
f 1403//1403 1400//1400 1396//1396
f 1404//1404 1401//1401 1400//1400
f 1405//1405 1400//1400 1403//1403
f 1403//1403 1406//1406 1405//1405
f 1405//1405 1404//1404 1400//1400
f 1409//1409 1406//1406 1410//1410
f 1411//1411 1405//1405 1406//1406
f 1406//1406 1409//1409 1411//1411
f 1411//1411 1408//1408 1405//1405
f 1412//1412 1413//1413 1408//1408
f 1408//1408 1411//1411 1412//1412
f 1413//1413 1412//1412 1414//1414
f 1415//1415 1414//1414 1412//1412
f 1417//1417 1419//1419 1418//1418
f 1422//1422 1421//1421 1420//1420
f 1373//1373 1420//1420 1374//1374
f 1374//1374 1420//1420 1421//1421
f 1376//1376 1374//1374 1421//1421
f 1417//1417 1418//1418 1385//1385
f 1417//1417 1385//1385 1388//1388
f 1417//1417 1388//1388 1376//1376
f 1423//1423 1409//1409 1410//1410
f 1424//1424 1411//1411 1409//1409
f 1409//1409 1423//1423 1424//1424
f 1425//1425 1423//1423 1426//1426
f 1424//1424 1423//1423 1425//1425
f 1426//1426 1427//1427 1425//1425
f 1428//1428 1424//1424 1425//1425
f 1428//1428 1429//1429 1424//1424
f 1431//1431 1425//1425 1427//1427
f 1433//1433 1430//1430 1428//1428
f 1309//1309 1224//1224 1357//1357
f 1285//1285 1293//1293 1438//1438
f 1438//1438 1293//1293 1436//1436
f 1439//1439 1436//1436 1293//1293
f 940//940 945//945 1153//1153
f 422//422 566//566 423//423
f 422//422 520//520 1442//1442
f 1309//1309 1177//1177 1224//1224
f 571//571 569//569 570//570
f 573//573 571//571 570//570
f 573//573 966//966 574//574
f 966//966 965//965 1181//1181
f 5//5 1053//1053 3//3
f 1443//1443 592//592 1444//1444
f 1444//1444 592//592 590//590
f 7//7 1364//1364 6//6
f 1364//1364 7//7 921//921
f 1237//1237 1445//1445 1182//1182
f 1445//1445 1237//1237 1446//1446
f 1325//1325 1446//1446 1237//1237
f 1446//1446 1325//1325 1324//1324
f 1//1 13//13 256//256
f 922//922 1447//1447 1448//1448
f 1445//1445 922//922 1182//1182
f 1318//1318 10//10 1449//1449
f 1450//1450 1321//1321 1449//1449
f 1451//1451 255//255 1319//1319
f 1451//1451 1327//1327 255//255
f 1330//1330 2//2 1//1
f 1332//1332 1452//1452 1453//1453
f 1413//1413 1407//1407 1454//1454
f 1424//1424 1412//1412 1411//1411
f 1351//1351 1353//1353 1455//1455
f 921//921 7//7 1447//1447
f 1445//1445 923//923 922//922
f 11//11 1449//1449 10//10
f 2//2 13//13 1//1
f 1285//1285 1438//1438 1435//1435
f 1436//1436 1456//1456 1438//1438
f 1436//1436 1437//1437 1456//1456
f 156//156 152//152 559//559
f 272//272 559//559 789//789
f 1312//1312 1309//1309 1300//1300
f 1296//1296 1312//1312 1300//1300
f 1351//1351 1355//1355 1353//1353
f 1456//1456 1437//1437 1432//1432
f 1454//1454 1407//1407 1404//1404
f 1454//1454 1404//1404 1405//1405
f 1408//1408 1454//1454 1405//1405
f 1455//1455 1416//1416 1457//1457
f 1353//1353 1416//1416 1455//1455
f 1459//1459 1458//1458 1429//1429
f 1429//1429 1428//1428 1459//1459
f 1460//1460 1352//1352 1351//1351
f 1425//1425 1431//1431 1461//1461
f 1432//1432 1461//1461 1431//1431
f 1434//1434 1438//1438 1431//1431
f 1435//1435 1438//1438 1434//1434
f 1354//1354 1462//1462 1357//1357
f 1463//1463 1357//1357 1462//1462
f 1256//1256 1440//1440 1439//1439
f 1464//1464 1465//1465 1466//1466
f 1202//1202 1466//1466 144//144
f 144//144 1466//1466 1465//1465
f 15//15 12//12 14//14
f 1467//1467 1448//1448 6//6
f 1342//1342 1341//1341 1468//1468
f 1469//1469 1470//1470 1471//1471
f 1471//1471 1470//1470 1472//1472
f 1474//1474 1473//1473 1471//1471
f 1475//1475 1473//1473 1474//1474
f 1476//1476 1478//1478 1477//1477
f 1478//1478 1476//1476 1479//1479
f 1482//1482 1480//1480 1481//1481
f 1282//1282 1482//1482 1283//1283
f 1282//1282 1480//1480 1482//1482
f 1238//1238 1205//1205 1204//1204
f 1484//1484 1205//1205 1485//1485
f 1238//1238 1485//1485 1205//1205
f 340//340 1486//1486 263//263
f 263//263 262//262 340//340
f 1487//1487 1489//1489 1490//1490
f 1488//1488 1487//1487 1491//1491
f 1491//1491 1487//1487 1490//1490
f 1493//1493 1488//1488 1491//1491
f 1493//1493 1491//1491 1494//1494
f 1494//1494 1495//1495 1199//1199
f 18//18 1489//1489 1496//1496
f 1496//1496 1489//1489 1487//1487
f 1497//1497 1498//1498 1339//1339
f 1339//1339 1340//1340 1497//1497
f 239//239 389//389 1499//1499
f 1499//1499 389//389 388//388
f 243//243 1499//1499 388//388
f 1502//1502 1498//1498 1500//1500
f 1502//1502 1500//1500 1501//1501
f 1049//1049 1501//1501 1050//1050
f 249//249 9//9 1057//1057
f 543//543 542//542 541//541
f 510//510 1172//1172 563//563
f 1506//1506 1505//1505 1507//1507
f 1509//1509 372//372 1508//1508
f 1510//1510 71//71 63//63
f 1510//1510 63//63 621//621
f 1120//1120 1505//1505 1506//1506
f 1511//1511 1120//1120 1506//1506
f 1512//1512 1511//1511 1506//1506
f 1513//1513 1511//1511 1512//1512
f 1513//1513 1512//1512 960//960
f 960//960 1514//1514 1513//1513
f 1205//1205 911//911 912//912
f 1150//1150 1152//1152 1149//1149
f 1152//1152 1150//1150 1151//1151
f 1516//1516 932//932 1269//1269
f 1269//1269 1165//1165 1517//1517
f 1518//1518 180//180 1519//1519
f 1519//1519 1520//1520 1518//1518
f 1523//1523 1524//1524 1522//1522
f 1525//1525 1522//1522 1524//1524
f 1526//1526 1525//1525 1527//1527
f 1524//1524 1527//1527 1525//1525
f 1527//1527 1524//1524 1528//1528
f 1527//1527 1529//1529 1526//1526
f 1529//1529 1527//1527 1528//1528
f 1528//1528 1530//1530 1529//1529
f 1531//1531 1170//1170 566//566
f 857//857 1532//1532 1236//1236
f 255//255 254//254 1320//1320
f 1470//1470 1533//1533 1472//1472
f 1533//1533 1188//1188 1191//1191
f 1533//1533 1189//1189 1188//1188
f 1472//1472 1533//1533 1191//1191
f 1191//1191 1534//1534 1472//1472
f 1471//1471 1472//1472 1534//1534
f 1473//1473 1469//1469 1471//1471
f 1474//1474 1479//1479 1476//1476
f 1479//1479 1481//1481 1478//1478
f 23//23 1536//1536 1535//1535
f 1537//1537 1538//1538 1307//1307
f 1539//1539 1540//1540 1541//1541
f 1541//1541 1540//1540 262//262
f 313//313 312//312 341//341
f 341//341 312//312 1543//1543
f 338//338 340//340 262//262
f 341//341 340//340 339//339
f 338//338 1540//1540 1544//1544
f 262//262 1540//1540 338//338
f 1486//1486 1545//1545 1546//1546
f 263//263 1486//1486 1546//1546
f 262//262 315//315 1541//1541
f 340//340 1543//1543 1486//1486
f 341//341 1543//1543 340//340
f 1488//1488 1493//1493 1189//1189
f 1189//1189 1493//1493 1187//1187
f 1493//1493 1550//1550 1187//1187
f 1493//1493 1551//1551 1550//1550
f 1551//1551 1493//1493 1494//1494
f 1551//1551 1494//1494 1199//1199
f 1190//1190 1187//1187 1550//1550
f 1190//1190 1550//1550 1551//1551
f 1190//1190 1551//1551 1197//1197
f 1198//1198 1197//1197 1551//1551
f 1551//1551 1199//1199 1198//1198
f 1495//1495 1552//1552 1199//1199
f 1552//1552 1495//1495 1553//1553
f 1553//1553 1495//1495 1338//1338
f 1200//1200 1199//1199 1552//1552
f 1200//1200 1552//1552 1553//1553
f 1553//1553 1338//1338 1339//1339
f 1498//1498 1553//1553 1339//1339
f 1553//1553 1554//1554 1200//1200
f 1554//1554 1553//1553 1498//1498
f 1496//1496 1487//1487 1488//1488
f 1470//1470 1496//1496 1533//1533
f 1533//1533 1496//1496 1488//1488
f 1189//1189 1533//1533 1488//1488
f 1054//1054 1342//1342 1083//1083
f 1554//1554 1498//1498 1502//1502
f 1501//1501 1499//1499 1555//1555
f 1555//1555 1050//1050 1501//1501
f 1502//1502 1501//1501 1049//1049
f 1503//1503 1556//1556 1557//1557
f 1058//1058 1057//1057 9//9
f 1083//1083 539//539 1054//1054
f 542//542 1054//1054 539//539
f 539//539 541//541 542//542
f 561//561 1093//1093 1091//1091
f 459//459 458//458 460//460
f 374//374 461//461 1558//1558
f 1508//1508 372//372 804//804
f 1508//1508 804//804 687//687
f 104//104 103//103 392//392
f 902//902 1515//1515 900//900
f 1147//1147 1135//1135 1150//1150
f 1150//1150 1135//1135 1131//1131
f 1150//1150 1131//1131 907//907
f 253//253 1322//1322 12//12
f 1165//1165 1269//1269 1160//1160
f 1164//1164 1517//1517 945//945
f 945//945 1517//1517 1165//1165
f 945//945 940//940 1164//1164
f 180//180 560//560 1519//1519
f 1520//1520 1519//1519 947//947
f 947//947 1167//1167 1520//1520
f 1559//1559 1520//1520 850//850
f 1559//1559 1560//1560 182//182
f 850//850 1560//1560 1559//1559
f 953//953 1561//1561 902//902
f 1564//1564 840//840 1563//1563
f 1563//1563 598//598 1564//1564
f 1522//1522 1185//1185 1190//1190
f 1522//1522 1190//1190 1565//1565
f 1197//1197 1565//1565 1190//1190
f 1566//1566 1565//1565 1197//1197
f 1523//1523 1522//1522 1565//1565
f 1523//1523 1565//1565 1567//1567
f 1197//1197 1198//1198 1566//1566
f 1565//1565 1566//1566 1567//1567
f 1568//1568 1567//1567 1566//1566
f 1567//1567 1568//1568 1570//1570
f 1569//1569 1567//1567 1570//1570
f 1568//1568 1566//1566 1571//1571
f 1198//1198 1200//1200 1566//1566
f 1200//1200 1571//1571 1566//1566
f 1568//1568 1571//1571 1572//1572
f 1571//1571 1200//1200 1554//1554
f 1572//1572 1570//1570 1568//1568
f 1524//1524 1523//1523 1573//1573
f 1573//1573 1523//1523 1567//1567
f 1573//1573 1528//1528 1524//1524
f 1573//1573 1567//1567 1569//1569
f 1573//1573 1569//1569 1528//1528
f 1528//1528 1569//1569 1574//1574
f 1574//1574 1530//1530 1528//1528
f 1575//1575 1569//1569 1570//1570
f 1571//1571 1554//1554 1502//1502
f 1502//1502 1572//1572 1571//1571
f 1576//1576 1577//1577 1572//1572
f 1572//1572 1502//1502 1049//1049
f 1049//1049 1576//1576 1572//1572
f 1576//1576 1049//1049 537//537
f 1570//1570 1572//1572 1577//1577
f 1575//1575 1570//1570 1577//1577
f 1576//1576 1579//1579 1577//1577
f 1576//1576 537//537 1579//1579
f 1577//1577 1579//1579 1580//1580
f 1575//1575 1577//1577 1581//1581
f 1569//1569 1582//1582 1574//1574
f 1582//1582 1569//1569 1575//1575
f 1530//1530 1574//1574 1582//1582
f 1575//1575 1584//1584 1582//1582
f 1584//1584 1575//1575 1578//1578
f 1583//1583 1582//1582 1584//1584
f 1583//1583 1584//1584 1585//1585
f 1582//1582 1586//1586 1530//1530
f 1582//1582 1583//1583 1586//1586
f 1583//1583 1585//1585 1586//1586
f 1587//1587 1588//1588 1584//1584
f 1585//1585 1584//1584 1588//1588
f 1589//1589 1585//1585 1588//1588
f 1507//1507 1175//1175 1217//1217
f 1217//1217 1175//1175 1171//1171
f 1507//1507 550//550 1175//1175
f 566//566 1442//1442 1531//1531
f 957//957 1531//1531 1442//1442
f 1506//1506 1507//1507 1217//1217
f 1221//1221 1506//1506 1217//1217
f 1512//1512 1506//1506 1221//1221
f 960//960 1512//1512 1221//1221
f 1221//1221 1225//1225 960//960
f 960//960 1225//1225 1514//1514
f 959//959 567//567 568//568
f 569//569 959//959 568//568
f 1225//1225 1233//1233 1514//1514
f 1514//1514 1233//1233 1532//1532
f 1236//1236 1532//1532 1233//1233
f 1236//1236 1233//1233 1231//1231
f 862//862 861//861 1590//1590
f 613//613 862//862 1590//1590
f 1593//1593 1591//1591 1594//1594
f 1592//1592 1595//1595 1591//1591
f 1595//1595 1592//1592 1596//1596
f 1594//1594 1591//1591 1595//1595
f 1595//1595 1597//1597 1594//1594
f 494//494 1595//1595 1596//1596
f 1597//1597 1595//1595 494//494
f 494//494 493//493 1597//1597
f 494//494 1596//1596 492//492
f 318//318 1593//1593 1594//1594
f 1594//1594 285//285 318//318
f 286//286 285//285 1594//1594
f 286//286 1594//1594 1597//1597
f 286//286 1597//1597 497//497
f 286//286 288//288 283//283
f 288//288 286//286 497//497
f 524//524 288//288 497//497
f 497//497 1597//1597 493//493
f 524//524 497//497 499//499
f 499//499 521//521 524//524
f 292//292 282//282 284//284
f 284//284 290//290 292//292
f 290//290 284//284 297//297
f 297//297 284//284 287//287
f 297//297 287//287 294//294
f 288//288 295//295 287//287
f 295//295 288//288 523//523
f 523//523 288//288 524//524
f 287//287 295//295 294//294
f 297//297 296//296 290//290
f 1598//1598 863//863 93//93
f 1599//1599 1535//1535 1536//1536
f 1599//1599 1536//1536 1600//1600
f 94//94 1601//1601 1536//1536
f 1307//1307 331//331 384//384
f 384//384 1602//1602 1307//1307
f 333//333 335//335 1604//1604
f 1604//1604 335//335 575//575
f 1600//1600 1547//1547 1605//1605
f 1548//1548 1605//1605 1547//1547
f 1545//1545 1607//1607 1546//1546
f 1546//1546 1607//1607 1608//1608
f 1610//1610 317//317 1593//1593
f 1611//1611 317//317 1610//1610
f 1612//1612 1609//1609 317//317
f 1612//1612 1611//1611 1546//1546
f 1546//1546 1608//1608 1612//1612
f 1611//1611 1612//1612 317//317
f 1613//1613 1610//1610 318//318
f 318//318 1610//1610 1593//1593
f 1613//1613 1611//1611 1610//1610
f 1611//1611 263//263 1546//1546
f 263//263 314//314 315//315
f 265//265 1541//1541 315//315
f 265//265 315//315 314//314
f 314//314 1611//1611 316//316
f 316//316 1611//1611 1613//1613
f 316//316 1613//1613 318//318
f 318//318 283//283 316//316
f 314//314 263//263 1611//1611
f 1606//1606 1548//1548 1549//1549
f 1006//1006 1614//1614 1005//1005
f 317//317 1615//1615 1591//1591
f 317//317 1609//1609 1615//1615
f 1592//1592 1591//1591 1615//1615
f 1593//1593 317//317 1591//1591
f 1609//1609 1614//1614 1615//1615
f 1615//1615 1006//1006 1592//1592
f 1006//1006 1615//1615 1614//1614
f 1596//1596 1592//1592 1006//1006
f 505//505 1596//1596 1006//1006
f 492//492 1596//1596 505//505
f 1007//1007 505//505 1006//1006
f 1008//1008 1007//1007 1004//1004
f 1616//1616 1604//1604 575//575
f 348//348 1618//1618 1617//1617
f 350//350 348//348 1617//1617
f 1617//1617 1539//1539 344//344
f 1541//1541 346//346 344//344
f 1541//1541 344//344 1539//1539
f 350//350 1617//1617 344//344
f 344//344 345//345 350//350
f 266//266 265//265 314//314
f 346//346 1541//1541 265//265
f 507//507 1007//1007 1619//1619
f 496//496 505//505 503//503
f 503//503 505//505 1007//1007
f 506//506 503//503 1007//1007
f 507//507 506//506 1007//1007
f 1619//1619 1007//1007 1008//1008
f 1008//1008 1019//1019 1619//1619
f 1019//1019 1025//1025 1619//1619
f 508//508 507//507 1619//1619
f 508//508 1619//1619 1025//1025
f 1025//1025 1019//1019 1022//1022
f 1022//1022 1019//1019 1020//1020
f 404//404 406//406 1024//1024
f 508//508 1025//1025 1024//1024
f 406//406 508//508 1024//1024
f 1024//1024 1026//1026 404//404
f 410//410 404//404 1026//1026
f 414//414 1026//1026 1028//1028
f 1028//1028 1043//1043 414//414
f 1489//1489 214//214 215//215
f 17//17 237//237 215//215
f 1492//1492 215//215 237//237
f 418//418 416//416 415//415
f 415//415 1048//1048 418//418
f 418//418 1620//1620 388//388
f 241//241 388//388 1504//1504
f 1504//1504 388//388 1620//1620
f 244//244 241//241 1503//1503
f 536//536 1579//1579 537//537
f 244//244 1503//1503 536//536
f 536//536 1503//1503 1579//1579
f 1503//1503 1504//1504 1556//1556
f 1503//1503 241//241 1504//1504
f 1503//1503 1557//1557 1579//1579
f 245//245 244//244 1055//1055
f 1055//1055 244//244 536//536
f 418//418 1048//1048 1071//1071
f 1072//1072 1070//1070 1073//1073
f 1620//1620 418//418 1071//1071
f 1071//1071 1072//1072 1620//1620
f 1620//1620 1072//1072 1621//1621
f 1556//1556 1504//1504 1620//1620
f 1556//1556 1620//1620 1621//1621
f 1622//1622 1556//1556 1621//1621
f 1073//1073 1623//1623 1072//1072
f 1621//1621 1072//1072 1623//1623
f 1623//1623 1624//1624 1621//1621
f 1623//1623 1073//1073 1075//1075
f 1625//1625 1623//1623 1075//1075
f 1624//1624 1623//1623 1625//1625
f 1625//1625 1345//1345 1624//1624
f 1622//1622 1621//1621 1624//1624
f 1345//1345 1625//1625 1441//1441
f 548//548 1058//1058 391//391
f 372//372 370//370 711//711
f 372//372 711//711 804//804
f 804//804 711//711 803//803
f 730//730 729//729 1626//1626
f 811//811 726//726 458//458
f 458//458 726//726 730//730
f 730//730 461//461 458//458
f 461//461 730//730 1626//1626
f 1626//1626 1627//1627 461//461
f 461//461 460//460 458//458
f 1627//1627 1558//1558 461//461
f 1628//1628 687//687 810//810
f 1508//1508 687//687 1628//1628
f 1628//1628 810//810 811//811
f 1628//1628 811//811 458//458
f 459//459 1628//1628 458//458
f 377//377 71//71 1510//1510
f 813//813 821//821 742//742
f 745//745 742//742 821//821
f 821//821 1630//1630 745//745
f 1626//1626 729//729 1243//1243
f 750//750 1243//1243 729//729
f 1627//1627 1626//1626 1631//1631
f 1631//1631 1626//1626 1243//1243
f 1631//1631 1243//1243 743//743
f 743//743 1243//1243 739//739
f 1558//1558 1627//1627 1632//1632
f 1632//1632 1627//1627 1631//1631
f 1632//1632 1631//1631 746//746
f 746//746 1631//1631 743//743
f 1558//1558 1632//1632 1521//1521
f 1211//1211 927//927 1516//1516
f 1269//1269 1161//1161 1160//1160
f 932//932 1161//1161 1269//1269
f 932//932 1516//1516 927//927
f 1164//1164 1633//1633 1517//1517
f 925//925 489//489 1634//1634
f 925//925 1163//1163 939//939
f 1163//1163 925//925 1634//1634
f 1634//1634 1635//1635 1163//1163
f 1164//1164 1163//1163 1635//1635
f 942//942 928//928 1633//1633
f 1633//1633 928//928 1211//1211
f 1633//1633 1211//1211 1516//1516
f 1635//1635 942//942 1633//1633
f 1635//1635 1633//1633 1164//1164
f 1635//1635 1634//1634 173//173
f 1517//1517 1516//1516 1269//1269
f 272//272 789//789 560//560
f 1519//1519 560//560 842//842
f 1519//1519 842//842 947//947
f 947//947 842//842 847//847
f 850//850 1167//1167 851//851
f 1560//1560 850//850 853//853
f 850//850 1520//1520 1167//1167
f 790//790 745//745 1630//1630
f 790//790 744//744 745//745
f 792//792 1632//1632 746//746
f 792//792 1521//1521 1632//1632
f 279//279 280//280 700//700
f 856//856 1636//1636 635//635
f 635//635 618//618 856//856
f 840//840 856//856 1563//1563
f 1590//1590 846//846 1564//1564
f 1557//1557 1637//1637 1580//1580
f 1580//1580 1579//1579 1557//1557
f 1580//1580 1581//1581 1577//1577
f 1637//1637 1557//1557 1556//1556
f 1637//1637 1581//1581 1580//1580
f 1637//1637 1556//1556 1622//1622
f 1622//1622 1638//1638 1637//1637
f 1581//1581 1637//1637 1638//1638
f 1581//1581 1638//1638 1639//1639
f 1575//1575 1581//1581 1578//1578
f 1578//1578 1581//1581 1639//1639
f 1638//1638 1640//1640 1639//1639
f 1638//1638 1622//1622 1641//1641
f 1640//1640 1638//1638 1641//1641
f 1639//1639 1642//1642 1578//1578
f 1640//1640 1642//1642 1639//1639
f 1584//1584 1578//1578 1587//1587
f 1578//1578 1643//1643 1587//1587
f 1643//1643 1578//1578 1644//1644
f 1588//1588 1587//1587 1643//1643
f 1645//1645 1588//1588 1643//1643
f 1642//1642 1644//1644 1578//1578
f 1641//1641 1622//1622 1624//1624
f 1640//1640 1641//1641 1646//1646
f 1641//1641 1624//1624 1345//1345
f 1646//1646 1641//1641 1345//1345
f 1642//1642 1640//1640 1647//1647
f 1647//1647 1640//1640 1646//1646
f 1647//1647 1644//1644 1642//1642
f 1646//1646 1345//1345 1650//1650
f 1650//1650 1345//1345 1441//1441
f 1441//1441 1649//1649 1650//1650
f 1647//1647 1646//1646 1650//1650
f 1650//1650 1648//1648 1647//1647
f 1644//1644 1647//1647 1648//1648
f 1648//1648 1650//1650 1649//1649
f 1645//1645 1643//1643 1644//1644
f 1645//1645 1644//1644 1651//1651
f 1644//1644 1648//1648 1652//1652
f 1651//1651 1644//1644 1652//1652
f 1653//1653 1651//1651 1652//1652
f 1652//1652 1654//1654 1653//1653
f 1589//1589 1588//1588 1645//1645
f 1589//1589 1645//1645 1651//1651
f 1651//1651 1653//1653 1655//1655
f 1655//1655 1653//1653 1654//1654
f 561//561 423//423 566//566
f 1442//1442 566//566 422//422
f 567//567 1442//1442 520//520
f 567//567 957//957 1442//1442
f 1649//1649 1652//1652 1648//1648
f 1654//1654 1652//1652 1656//1656
f 1656//1656 1657//1657 1654//1654
f 1655//1655 1654//1654 1657//1657
f 1657//1657 1658//1658 1655//1655
f 1331//1331 1660//1660 1659//1659
f 861//861 846//846 1590//1590
f 40//40 35//35 1535//1535
f 1599//1599 40//40 1535//1535
f 43//43 40//40 1599//1599
f 94//94 1536//1536 23//23
f 1600//1600 1536//1536 1601//1601
f 1538//1538 1662//1662 1661//1661
f 1662//1662 1663//1663 1601//1601
f 1663//1663 1662//1662 1538//1538
f 1538//1538 1537//1537 1663//1663
f 1538//1538 1661//1661 1307//1307
f 1307//1307 1603//1603 1537//1537
f 1603//1603 1307//1307 1602//1602
f 385//385 333//333 1664//1664
f 333//333 1604//1604 1664//1664
f 1665//1665 1666//1666 1607//1607
f 1607//1607 1542//1542 1665//1665
f 43//43 1599//1599 1605//1605
f 43//43 1605//1605 306//306
f 42//42 43//43 306//306
f 1605//1605 1599//1599 1600//1600
f 1667//1667 1665//1665 306//306
f 1667//1667 306//306 1606//1606
f 1606//1606 306//306 1605//1605
f 1665//1665 1667//1667 1666//1666
f 1666//1666 1667//1667 1668//1668
f 1668//1668 1667//1667 1606//1606
f 1665//1665 311//311 306//306
f 307//307 306//306 311//311
f 311//311 1665//1665 1542//1542
f 1606//1606 1605//1605 1548//1548
f 1607//1607 1666//1666 1669//1669
f 1607//1607 1669//1669 1608//1608
f 1542//1542 1607//1607 1545//1545
f 1608//1608 1669//1669 1612//1612
f 1614//1614 1609//1609 1669//1669
f 1669//1669 1609//1609 1612//1612
f 1668//1668 1670//1670 1001//1001
f 1668//1668 1005//1005 1614//1614
f 1005//1005 1668//1668 1001//1001
f 1671//1671 1001//1001 1670//1670
f 1671//1671 1002//1002 1001//1001
f 1669//1669 1666//1666 1668//1668
f 1606//1606 1670//1670 1668//1668
f 1614//1614 1669//1669 1668//1668
f 1543//1543 312//312 1542//1542
f 1542//1542 312//312 311//311
f 1543//1543 1542//1542 1545//1545
f 1543//1543 1545//1545 1486//1486
f 1547//1547 1600//1600 1601//1601
f 1547//1547 1601//1601 1663//1663
f 1537//1537 1672//1672 1663//1663
f 1672//1672 1547//1547 1663//1663
f 1547//1547 1549//1549 1548//1548
f 1549//1549 1547//1547 1672//1672
f 1673//1673 1674//1674 1672//1672
f 1537//1537 1673//1673 1672//1672
f 1675//1675 1674//1674 1673//1673
f 1673//1673 1537//1537 1603//1603
f 1603//1603 1675//1675 1673//1673
f 1672//1672 1674//1674 1549//1549
f 1674//1674 1676//1676 1549//1549
f 1671//1671 1677//1677 1002//1002
f 1677//1677 1671//1671 1676//1676
f 1670//1670 1606//1606 1549//1549
f 1671//1671 1670//1670 1549//1549
f 1674//1674 1678//1678 1676//1676
f 1193//1193 1677//1677 1676//1676
f 1671//1671 1549//1549 1676//1676
f 1001//1001 1004//1004 1005//1005
f 1002//1002 1010//1010 1003//1003
f 1010//1010 1002//1002 1192//1192
f 1192//1192 1002//1002 1677//1677
f 1192//1192 1677//1677 1193//1193
f 1676//1676 1679//1679 1193//1193
f 1193//1193 1012//1012 1192//1192
f 1015//1015 1012//1012 1013//1013
f 1015//1015 1011//1011 1012//1012
f 1675//1675 1603//1603 1664//1664
f 1675//1675 1681//1681 1680//1680
f 1675//1675 1604//1604 1681//1681
f 1675//1675 1664//1664 1604//1604
f 1675//1675 1680//1680 1674//1674
f 1678//1678 1674//1674 1680//1680
f 1678//1678 1680//1680 1681//1681
f 1681//1681 1682//1682 1678//1678
f 1681//1681 1604//1604 1616//1616
f 1616//1616 1683//1683 1681//1681
f 1682//1682 1681//1681 1683//1683
f 1679//1679 1678//1678 1682//1682
f 1678//1678 1679//1679 1676//1676
f 1685//1685 1682//1682 1686//1686
f 1679//1679 1682//1682 1685//1685
f 1685//1685 1684//1684 1679//1679
f 1194//1194 1679//1679 1684//1684
f 1193//1193 1679//1679 1194//1194
f 1193//1193 1013//1013 1012//1012
f 1194//1194 1013//1013 1193//1193
f 1194//1194 1684//1684 1687//1687
f 1014//1014 1194//1194 1688//1688
f 1688//1688 1017//1017 1014//1014
f 1014//1014 1013//1013 1194//1194
f 1016//1016 1014//1014 1017//1017
f 1194//1194 1687//1687 1688//1688
f 1011//1011 1021//1021 1020//1020
f 1021//1021 1011//1011 1015//1015
f 1015//1015 872//872 1031//1031
f 1016//1016 1032//1032 1015//1015
f 872//872 1015//1015 1032//1032
f 1032//1032 1033//1033 872//872
f 1337//1337 1338//1338 1689//1689
f 1050//1050 1344//1344 534//534
f 9//9 245//245 1055//1055
f 1625//1625 1075//1075 1690//1690
f 1690//1690 1075//1075 1076//1076
f 1690//1690 1076//1076 1114//1114
f 1114//1114 1691//1691 1690//1690
f 1441//1441 1625//1625 1690//1690
f 1441//1441 1690//1690 1691//1691
f 252//252 247//247 1088//1088
f 1692//1692 1092//1092 1093//1093
f 1170//1170 1692//1692 1093//1093
f 1170//1170 1693//1693 1692//1692
f 219//219 252//252 1088//1088
f 1088//1088 1694//1694 219//219
f 225//225 219//219 1694//1694
f 1694//1694 1088//1088 1090//1090
f 1090//1090 1088//1088 1056//1056
f 1695//1695 225//225 1694//1694
f 1090//1090 1092//1092 1694//1694
f 1695//1695 1694//1694 1092//1092
f 232//232 225//225 1695//1695
f 1692//1692 1695//1695 1092//1092
f 1696//1696 232//232 1695//1695
f 232//232 1697//1697 229//229
f 1697//1697 232//232 1696//1696
f 1696//1696 1695//1695 1692//1692
f 1698//1698 1696//1696 1692//1692
f 875//875 229//229 1697//1697
f 875//875 1697//1697 1696//1696
f 875//875 1696//1696 876//876
f 1692//1692 1693//1693 1698//1698
f 876//876 1696//1696 1698//1698
f 876//876 1698//1698 1693//1693
f 878//878 876//876 1693//1693
f 879//879 877//877 878//878
f 880//880 878//878 1693//1693
f 1699//1699 1113//1113 1700//1700
f 1700//1700 1113//1113 1111//1111
f 1700//1700 1111//1111 1115//1115
f 1699//1699 1114//1114 1113//1113
f 1114//1114 1699//1699 1691//1691
f 1699//1699 1701//1701 1691//1691
f 1700//1700 1115//1115 1116//1116
f 1116//1116 1703//1703 1700//1700
f 1700//1700 1702//1702 1699//1699
f 1701//1701 1699//1699 1702//1702
f 1702//1702 1700//1700 1703//1703
f 807//807 614//614 669//669
f 669//669 614//614 809//809
f 809//809 614//614 79//79
f 71//71 377//377 52//52
f 392//392 671//671 809//809
f 392//392 103//103 671//671
f 916//916 1704//1704 879//879
f 1704//1704 916//916 969//969
f 1366//1366 918//918 920//920
f 1467//1467 1366//1366 920//920
f 920//920 964//964 1467//1467
f 918//918 1366//1366 1317//1317
f 1317//1317 919//919 918//918
f 1317//1317 975//975 919//919
f 187//187 186//186 160//160
f 855//855 700//700 280//280
f 855//855 1636//1636 835//835
f 1636//1636 855//855 635//635
f 856//856 835//835 1636//1636
f 840//840 836//836 856//856
f 840//840 1564//1564 846//846
f 957//957 1693//1693 1531//1531
f 954//954 1693//1693 957//957
f 880//880 1693//1693 954//954
f 1649//1649 1441//1441 1691//1691
f 1649//1649 1691//1691 1701//1701
f 1652//1652 1649//1649 1701//1701
f 1705//1705 1702//1702 1703//1703
f 1705//1705 1701//1701 1702//1702
f 1656//1656 1652//1652 1701//1701
f 1656//1656 1701//1701 1705//1705
f 1705//1705 1657//1657 1656//1656
f 1657//1657 1705//1705 1706//1706
f 1705//1705 1703//1703 1116//1116
f 1116//1116 1706//1706 1705//1705
f 1706//1706 1658//1658 1657//1657
f 1323//1323 971//971 972//972
f 975//975 976//976 973//973
f 976//976 975//975 254//254
f 254//254 985//985 976//976
f 972//972 976//976 985//985
f 977//977 964//964 572//572
f 994//994 1325//1325 859//859
f 1320//1320 254//254 975//975
f 980//980 979//979 978//978
f 1707//1707 985//985 254//254
f 1707//1707 986//986 985//985
f 972//972 985//985 983//983
f 1322//1322 989//989 1707//1707
f 256//256 1707//1707 254//254
f 256//256 12//12 1707//1707
f 1707//1707 12//12 1322//1322
f 1708//1708 1329//1329 981//981
f 982//982 1708//1708 981//981
f 1709//1709 1329//1329 1708//1708
f 603//603 1709//1709 1708//1708
f 1708//1708 982//982 603//603
f 1709//1709 1333//1333 1329//1329
f 861//861 849//849 846//846
f 862//862 613//613 1000//1000
f 39//39 35//35 40//40
f 335//335 334//334 1710//1710
f 1710//1710 575//575 335//335
f 1710//1710 334//334 1712//1712
f 1712//1712 334//334 1711//1711
f 1712//1712 575//575 1710//1710
f 575//575 1712//1712 1713//1713
f 1713//1713 1712//1712 1711//1711
f 1711//1711 1714//1714 866//866
f 1715//1715 1713//1713 1711//1711
f 1715//1715 1711//1711 866//866
f 1682//1682 1683//1683 1686//1686
f 1685//1685 1686//1686 1716//1716
f 1616//1616 575//575 1718//1718
f 1683//1683 1616//1616 1718//1718
f 1718//1718 575//575 1713//1713
f 1683//1683 1718//1718 360//360
f 1686//1686 1683//1683 1719//1719
f 1719//1719 1683//1683 360//360
f 1717//1717 1686//1686 1719//1719
f 360//360 1713//1713 1715//1715
f 1715//1715 359//359 360//360
f 360//360 1718//1718 1713//1713
f 1719//1719 360//360 795//795
f 1717//1717 1719//1719 795//795
f 795//795 796//796 1717//1717
f 1716//1716 1686//1686 1717//1717
f 1684//1684 1685//1685 1716//1716
f 1716//1716 1687//1687 1684//1684
f 1687//1687 1716//1716 1720//1720
f 1717//1717 793//793 1716//1716
f 793//793 1717//1717 796//796
f 1720//1720 1716//1716 793//793
f 1720//1720 794//794 1721//1721
f 794//794 1720//1720 793//793
f 1688//1688 1687//1687 1720//1720
f 1688//1688 1720//1720 1721//1721
f 1688//1688 1721//1721 794//794
f 797//797 1688//1688 794//794
f 794//794 702//702 797//797
f 1017//1017 1688//1688 797//797
f 1018//1018 1017//1017 797//797
f 866//866 1714//1714 236//236
f 1715//1715 866//866 358//358
f 358//358 866//866 236//236
f 359//359 1715//1715 358//358
f 359//359 358//358 646//646
f 359//359 795//795 360//360
f 793//793 702//702 794//794
f 654//654 1722//1722 653//653
f 1722//1722 654//654 362//362
f 331//331 1661//1661 24//24
f 331//331 1307//1307 1661//1661
f 1435//1435 1725//1725 1480//1480
f 1435//1435 1480//1480 1282//1282
f 386//386 270//270 201//201
f 213//213 201//201 270//270
f 215//215 213//213 270//270
f 1490//1490 1489//1489 215//215
f 1491//1491 1490//1490 1492//1492
f 1494//1494 1491//1491 1196//1196
f 1689//1689 1338//1338 1195//1195
f 1470//1470 19//19 1496//1496
f 18//18 1496//1496 19//19
f 1726//1726 1727//1727 1728//1728
f 1728//1728 1727//1727 1729//1729
f 1729//1729 19//19 1470//1470
f 1728//1728 1729//1729 1469//1469
f 1469//1469 1729//1729 1470//1470
f 211//211 208//208 216//216
f 216//216 208//208 207//207
f 212//212 211//211 216//216
f 1724//1724 1726//1726 1728//1728
f 1728//1728 1469//1469 1724//1724
f 207//207 1724//1724 1730//1730
f 1730//1730 1724//1724 1469//1469
f 216//216 207//207 1730//1730
f 1473//1473 1730//1730 1469//1469
f 1475//1475 1730//1730 1473//1473
f 1402//1402 216//216 1730//1730
f 1402//1402 1730//1730 1475//1475
f 1398//1398 216//216 1402//1402
f 1402//1402 1475//1475 1477//1477
f 1403//1403 1402//1402 1731//1731
f 1731//1731 1402//1402 1477//1477
f 1406//1406 1403//1403 1731//1731
f 1731//1731 1732//1732 1406//1406
f 1477//1477 1732//1732 1731//1731
f 1410//1410 1406//1406 1732//1732
f 1410//1410 1732//1732 1241//1241
f 1426//1426 1423//1423 1410//1410
f 1429//1429 1412//1412 1424//1424
f 1426//1426 1410//1410 1241//1241
f 1427//1427 1426//1426 1725//1725
f 1725//1725 1426//1426 1241//1241
f 1461//1461 1428//1428 1425//1425
f 1428//1428 1461//1461 1433//1433
f 6//6 1365//1365 1467//1467
f 1467//1467 1365//1365 1366//1366
f 964//964 1448//1448 1467//1467
f 1448//1448 964//964 1182//1182
f 203//203 202//202 213//213
f 1495//1495 1494//1494 1338//1338
f 1733//1733 1497//1497 1340//1340
f 550//550 549//549 1172//1172
f 1505//1505 1734//1734 1507//1507
f 805//805 659//659 1314//1314
f 636//636 102//102 88//88
f 278//278 276//276 277//277
f 281//281 632//632 855//855
f 564//564 563//563 1172//1172
f 549//549 564//564 1172//1172
f 215//215 1492//1492 1490//1490
f 33//33 31//31 87//87
f 1241//1241 1732//1732 1481//1481
f 1481//1481 1732//1732 1478//1478
f 1735//1735 1736//1736 1737//1737
f 1738//1738 1735//1735 1737//1737
f 1480//1480 1241//1241 1481//1481
f 375//375 374//374 1723//1723
f 1131//1131 1132//1132 1203//1203
f 921//921 923//923 10//10
f 1633//1633 1516//1516 1517//1517
f 1520//1520 1559//1559 1518//1518
f 1229//1229 1176//1176 1177//1177
f 1231//1231 1233//1233 1230//1230
f 466//466 465//465 1118//1118
f 126//126 886//886 819//819
f 819//819 886//886 818//818
f 477//477 126//126 819//819
f 478//478 477//477 887//887
f 887//887 477//477 822//822
f 558//558 516//516 1740//1740
f 1740//1740 516//516 1741//1741
f 1740//1740 1741//1741 898//898
f 898//898 1741//1741 1742//1742
f 142//142 558//558 1515//1515
f 1515//1515 558//558 1740//1740
f 900//900 1515//1515 1740//1740
f 900//900 1740//1740 898//898
f 143//143 145//145 1131//1131
f 1743//1743 908//908 864//864
f 1165//1165 1160//1160 1166//1166
f 1237//1237 1182//1182 977//977
f 94//94 23//23 1662//1662
f 1662//1662 23//23 24//24
f 24//24 1661//1661 1662//1662
f 1601//1601 94//94 1662//1662
f 1602//1602 384//384 385//385
f 385//385 1664//1664 1602//1602
f 1603//1603 1602//1602 1664//1664
f 225//225 217//217 219//219
f 221//221 217//217 225//225
f 229//229 224//224 232//232
f 374//374 460//460 461//461
f 622//622 73//73 78//78
f 1629//1629 465//465 468//468
f 472//472 1629//1629 468//468
f 1744//1744 1629//1629 472//472
f 472//472 394//394 1744//1744
f 1745//1745 1118//1118 465//465
f 465//465 1629//1629 1745//1745
f 1745//1745 813//813 1118//1118
f 821//821 1745//1745 1629//1629
f 821//821 813//813 1745//1745
f 1630//1630 821//821 1629//1629
f 1629//1629 1744//1744 1630//1630
f 1318//1318 975//975 1317//1317
f 1318//1318 1320//1320 975//975
f 394//394 472//472 395//395
f 991//991 257//257 988//988
f 1322//1322 1659//1659 989//989
f 986//986 1707//1707 989//989
f 989//989 1659//1659 990//990
f 990//990 1659//1659 992//992
f 992//992 1659//1659 1660//1660
f 1333//1333 1709//1709 601//601
f 1746//1746 77//77 382//382
f 1119//1119 1095//1095 1734//1734
f 1121//1121 1096//1096 1119//1119
f 1427//1427 1434//1434 1431//1431
f 1434//1434 1427//1427 1725//1725
f 1725//1725 1435//1435 1434//1434
f 1120//1120 1119//1119 1505//1505
f 1226//1226 955//955 1358//1358
f 1747//1747 1121//1121 1120//1120
f 1120//1120 1511//1511 1747//1747
f 1748//1748 1747//1747 1511//1511
f 956//956 1226//1226 1358//1358
f 890//890 956//956 1358//1358
f 1749//1749 1748//1748 1511//1511
f 1511//1511 1513//1513 1749//1749
f 1362//1362 1749//1749 1513//1513
f 1513//1513 1360//1360 1362//1362
f 1367//1367 1750//1750 1360//1360
f 865//865 909//909 911//911
f 1182//1182 922//922 1448//1448
f 1449//1449 1319//1319 1318//1318
f 1321//1321 1319//1319 1449//1449
f 1449//1449 11//11 1450//1450
f 1751//1751 1452//1452 1331//1331
f 1367//1367 1360//1360 1532//1532
f 1367//1367 1532//1532 962//962
f 1331//1331 1452//1452 1332//1332
f 214//214 213//213 215//215
f 240//240 387//387 389//389
f 239//239 240//240 389//389
f 4//4 1499//1499 5//5
f 5//5 1499//1499 1501//1501
f 5//5 1501//1501 1500//1500
f 1752//1752 1500//1500 1498//1498
f 1053//1053 5//5 1752//1752
f 1752//1752 5//5 1500//1500
f 1051//1051 1752//1752 1733//1733
f 1051//1051 1053//1053 1752//1752
f 551//551 549//549 550//550
f 1095//1095 551//551 1734//1734
f 1734//1734 551//551 550//550
f 1096//1096 1095//1095 1119//1119
f 917//917 963//963 920//920
f 964//964 920//920 963//963
f 1281//1281 1302//1302 1276//1276
f 1337//1337 1339//1339 1338//1338
f 1340//1340 1339//1339 1337//1337
f 1054//1054 1051//1051 1733//1733
f 542//542 511//511 1054//1054
f 1734//1734 1505//1505 1119//1119
f 76//76 622//622 809//809
f 76//76 74//74 622//622
f 75//75 76//76 79//79
f 809//809 79//79 76//76
f 635//635 855//855 634//634
f 634//634 855//855 632//632
f 958//958 954//954 567//567
f 1305//1305 1281//1281 1277//1277
f 1491//1491 1492//1492 271//271
f 271//271 1196//1196 1491//1491
f 237//237 1196//1196 271//271
f 1494//1494 1196//1196 1195//1195
f 1195//1195 1338//1338 1494//1494
f 1498//1498 1497//1497 1752//1752
f 1733//1733 1752//1752 1497//1497
f 1056//1056 249//249 1057//1057
f 563//563 547//547 510//510
f 1507//1507 1734//1734 550//550
f 78//78 77//77 1746//1746
f 74//74 73//73 622//622
f 622//622 78//78 1746//1746
f 622//622 1746//1746 392//392
f 392//392 809//809 622//622
f 196//196 192//192 638//638
f 638//638 235//235 196//196
f 173//173 942//942 1635//1635
f 855//855 280//280 281//281
f 1563//1563 856//856 618//618
f 598//598 1590//1590 1564//1564
f 569//569 571//571 964//964
f 572//572 964//964 571//571
f 609//609 598//598 597//597
f 1590//1590 598//598 609//609
f 612//612 1590//1590 609//609
f 1054//1054 1733//1733 1342//1342
f 1342//1342 1733//1733 1340//1340
f 1518//1518 1559//1559 181//181
f 618//618 616//616 1563//1563
f 598//598 1563//1563 616//616
f 1693//1693 1170//1170 1531//1531
f 428//428 503//503 435//435
f 432//432 427//427 430//430
f 1476//1476 1475//1475 1474//1474
f 1477//1477 1475//1475 1476//1476
f 1732//1732 1477//1477 1478//1478
f 10//10 923//923 11//11
f 1753//1753 1736//1736 1277//1277
f 1735//1735 1277//1277 1736//1736
f 1306//1306 1735//1735 1738//1738
f 1725//1725 1241//1241 1480//1480
f 1452//1452 253//253 15//15
f 1452//1452 1751//1751 253//253
f 991//991 988//988 987//987
f 613//613 604//604 1000//1000
f 613//613 1590//1590 612//612
f 1282//1282 1285//1285 1435//1435
f 1256//1256 1439//1439 1294//1294
f 1294//1294 1439//1439 1293//1293
f 977//977 572//572 574//574
f 455//455 506//506 508//508
f 406//406 404//404 403//403
f 886//886 112//112 111//111
f 886//886 111//111 817//817
f 1201//1201 1755//1755 1756//1756
f 1756//1756 1466//1466 1201//1201
f 1755//1755 1201//1201 1757//1757
f 1202//1202 1201//1201 1466//1466
f 1254//1254 1757//1757 1201//1201
f 393//393 1742//1742 483//483
f 393//393 161//161 481//481
f 490//490 491//491 996//996
f 1555//1555 1499//1499 243//243
f 1050//1050 1555//1555 242//242
f 9//9 391//391 1058//1058
f 1205//1205 1294//1294 1204//1204
f 912//912 1256//1256 1205//1205
f 1205//1205 1256//1256 1294//1294
f 858//858 859//859 574//574
f 863//863 1598//1598 864//864
f 414//414 410//410 1026//1026
f 414//414 415//415 410//410
f 1758//1758 475//475 815//815
f 815//815 816//816 1758//1758
f 1118//1118 885//885 466//466
f 475//475 466//466 885//885
f 885//885 815//815 475//475
f 111//111 1758//1758 816//816
f 111//111 816//816 817//817
f 886//886 126//126 476//476
f 817//817 818//818 886//886
f 478//478 887//887 557//557
f 888//888 557//557 887//887
f 515//515 557//557 888//888
f 824//824 1759//1759 889//889
f 517//517 515//515 518//518
f 518//518 515//515 888//888
f 516//516 517//517 1741//1741
f 480//480 898//898 1742//1742
f 481//481 480//480 393//393
f 518//518 1759//1759 824//824
f 518//518 824//824 483//483
f 483//483 1742//1742 518//518
f 483//483 824//824 1268//1268
f 483//483 1268//1268 482//482
f 482//482 1268//1268 485//485
f 483//483 482//482 147//147
f 162//162 161//161 163//163
f 906//906 162//162 163//163
f 163//163 488//488 906//906
f 152//152 786//786 787//787
f 559//559 152//152 787//787
f 333//333 385//385 332//332
f 707//707 649//649 652//652
f 707//707 652//652 1760//1760
f 1760//1760 587//587 707//707
f 154//154 151//151 419//419
f 168//168 156//156 559//559
f 802//802 653//653 1761//1761
f 361//361 1762//1762 1722//1722
f 1722//1722 1762//1762 653//653
f 362//362 361//361 1722//1722
f 1117//1117 1314//1314 659//659
f 372//372 1509//1509 373//373
f 377//377 1510//1510 688//688
f 621//621 691//691 1510//1510
f 1510//1510 691//691 688//688
f 378//378 377//377 688//688
f 690//690 691//691 189//189
f 189//189 100//100 690//690
f 96//96 378//378 98//98
f 98//98 378//378 689//689
f 692//692 234//234 233//233
f 179//179 181//181 182//182
f 588//588 1760//1760 589//589
f 591//591 588//588 592//592
f 89//89 90//90 621//621
f 621//621 63//63 89//89
f 691//691 621//621 189//189
f 189//189 621//621 90//90
f 1210//1210 781//781 783//783
f 189//189 90//90 87//87
f 1117//1117 656//656 593//593
f 659//659 656//656 1117//1117
f 80//80 79//79 614//614
f 33//33 87//87 90//90
f 243//243 388//388 241//241
f 244//244 242//242 241//241
f 587//587 1760//1760 588//588
f 656//656 588//588 591//591
f 830//830 781//781 1209//1209
f 488//488 163//163 164//164
f 1518//1518 181//181 180//180
f 175//175 174//174 182//182
f 182//182 1560//1560 175//175
f 175//175 1560//1560 853//853
f 1559//1559 182//182 181//181
f 802//802 650//650 649//649
f 802//802 649//649 653//653
f 365//365 362//362 366//366
f 588//588 656//656 587//587
f 1315//1315 660//660 805//805
f 555//555 1765//1765 554//554
f 1765//1765 555//555 513//513
f 105//105 56//56 554//554
f 105//105 554//554 1765//1765
f 475//475 1758//1758 463//463
f 106//106 463//463 111//111
f 111//111 463//463 1758//1758
f 112//112 886//886 476//476
f 1751//1751 1659//1659 1322//1322
f 1322//1322 253//253 1751//1751
f 1331//1331 1659//1659 1751//1751
f 163//163 161//161 146//146
f 167//167 169//169 172//172
f 160//160 186//186 139//139
f 274//274 195//195 275//275
f 1768//1768 258//258 992//992
f 992//992 258//258 257//257
f 1766//1766 1767//1767 1660//1660
f 1660//1660 1767//1767 1768//1768
f 1768//1768 992//992 1660//1660
f 1331//1331 1766//1766 1660//1660
f 603//603 601//601 1709//1709
f 323//323 594//594 324//324
f 324//324 594//594 1769//1769
f 1277//1277 1273//1273 1275//1275
f 1305//1305 1277//1277 1735//1735
f 1306//1306 1305//1305 1735//1735
f 1514//1514 1360//1360 1513//1513
f 1255//1255 1440//1440 1256//1256
f 1514//1514 1532//1532 1360//1360
f 965//965 962//962 1532//1532
f 857//857 965//965 1532//1532
f 1275//1275 1753//1753 1277//1277
f 865//865 1483//1483 863//863
f 863//863 1483//1483 93//93
f 1483//1483 865//865 1484//1484
f 1484//1484 865//865 911//911
f 1484//1484 911//911 1205//1205
f 104//104 382//382 58//58
f 104//104 58//58 59//59
f 1746//1746 382//382 104//104
f 104//104 392//392 1746//1746
f 59//59 56//56 105//105
f 104//104 59//59 105//105
f 479//479 823//823 889//889
f 1759//1759 888//888 889//889
f 135//135 515//515 517//517
f 1742//1742 393//393 480//480
f 1203//1203 1132//1132 905//905
f 905//905 907//907 1203//1203
f 1203//1203 907//907 1131//1131
f 518//518 888//888 1759//1759
f 517//517 518//518 1742//1742
f 517//517 1742//1742 1741//1741
f 489//489 925//925 488//488
f 167//167 172//172 1634//1634
f 167//167 1634//1634 489//489
f 173//173 1634//1634 172//172
f 701//701 160//160 1562//1562
f 1562//1562 1561//1561 701//701
f 1738//1738 1739//1739 1306//1306
f 1739//1739 1738//1738 1772//1772
f 1773//1773 1770//1770 1772//1772
f 1739//1739 1772//1772 1770//1770
f 87//87 86//86 88//88
f 88//88 99//99 87//87
f 55//55 327//327 555//555
f 192//192 190//190 638//638
f 638//638 190//190 102//102
f 160//160 142//142 1562//1562
f 1521//1521 1723//1723 1558//1558
f 277//277 195//195 196//196
f 1723//1723 374//374 1558//1558
f 739//739 1243//1243 750//750
f 1562//1562 142//142 1515//1515
f 1562//1562 1515//1515 902//902
f 143//143 1202//1202 144//144
f 1561//1561 1562//1562 902//902
f 367//367 362//362 704//704
f 366//366 362//362 367//367
f 370//370 368//368 711//711
f 46//46 45//45 96//96
f 46//46 44//44 45//45
f 1765//1765 513//513 97//97
f 105//105 1765//1765 812//812
f 97//97 812//812 1765//1765
f 46//46 96//96 49//49
f 234//234 101//101 190//190
f 103//103 104//104 105//105
f 103//103 105//105 812//812
