# Created by Open3D 
# object name: cluster22
# number of vertices: 1613
# number of triangles: 2999
v -2.5608 1.3032 -0.94855
vn 0.65236 -0.671509 0.351429
v -2.5608 1.2961 -0.96111
vn 0.611168 -0.616205 0.496754
v -2.5381 1.3188 -0.96088
vn 0.623203 -0.637823 0.452549
v -2.5442 1.3188 -0.94855
vn 0.648601 -0.690185 0.320878
v -2.5495 1.2961 -0.97126
vn 0.553666 -0.559915 0.6164
v -2.47 1.3282 -0.88044
vn 0.459828 -0.884583 -0.0779209
v -2.47 1.3314 -0.90314
vn 0.457664 -0.88042 -0.124114
v -2.4473 1.34 -0.88044
vn 0.478021 -0.87744 -0.0399325
v -2.47 1.3274 -0.85773
vn 0.486784 -0.87352 0.00192123
v -2.44717 1.3412 -0.856337
vn 0.684315 -0.726841 0.0584331
v -2.4927 1.3375 -0.7215
vn 0.48671 -0.868055 0.0979478
v -2.4927 1.3348 -0.74421
vn 0.440641 -0.88952 0.120787
v -2.4854 1.3415 -0.7215
vn 0.571061 -0.802523 0.172762
v -2.4784 1.3415 -0.74421
vn 0.523386 -0.836685 0.161325
v -2.4927 1.3415 -0.68439
vn 0.608726 -0.786222 0.106336
v -2.49 1.3415 -0.6988
vn 0.653827 -0.744531 0.134844
v -2.47 1.349 -0.74421
vn 0.674079 -0.703645 0.224724
v -2.47 1.3568 -0.7215
vn 0.742436 -0.63781 0.204909
v -2.47 1.3642 -0.69147
vn 0.894983 -0.427234 0.128359
v -2.4659 1.3642 -0.7215
vn 0.914497 -0.387161 0.117478
v -2.4598 1.3869 -0.6988
vn 0.948142 -0.282353 0.145959
v -2.457 1.3869 -0.7215
vn 0.956384 -0.26402 0.124989
v -2.5003 1.3415 -0.67609
vn 0.142024 -0.981284 0.130043
v -2.4927 1.3426 -0.67609
vn 0.637448 -0.763815 0.101223
v -2.4731 1.3642 -0.67609
vn 0.737639 -0.669344 0.0887036
v -2.4635 1.3869 -0.67609
vn 0.959223 -0.245822 0.139512
v -2.47 1.3768 -0.65339
vn 0.941938 -0.314799 0.11685
v -2.4669 1.3869 -0.65339
vn 0.974082 -0.192461 0.118844
v -2.47 1.3869 -0.62494
vn 0.968924 -0.22429 0.104312
v -2.4551 1.4096 -0.6988
vn 0.98064 -0.102239 0.167012
v -2.4518 1.4096 -0.7215
vn 0.982813 -0.116897 0.142874
v -2.4516 1.4323 -0.7215
vn 0.987058 0.027535 0.157984
v -2.4554 1.4323 -0.6988
vn 0.983841 0.0222849 0.177654
v -2.4534 1.455 -0.7215
vn 0.991487 0.0251124 0.12776
v -2.4563 1.455 -0.6988
vn 0.992114 -0.00962071 0.124968
v -2.4557 1.4777 -0.6988
vn 0.994054 0.00584054 0.108731
v -2.4515 1.4777 -0.74421
vn 0.994693 -0.0258432 0.0995891
v -2.4532 1.5004 -0.7215
vn 0.990426 0.0276359 0.135253
v -2.4568 1.5004 -0.6988
vn 0.992091 0.0407938 0.118704
v -2.4544 1.5231 -0.7215
vn 0.988546 0.0579782 0.139341
v -2.4574 1.5231 -0.6988
vn 0.992941 0.0538255 0.105694
v -2.4566 1.5459 -0.7215
vn 0.984876 0.101329 0.140543
v -2.4591 1.5459 -0.6988
vn 0.984868 0.128429 0.116362
v -2.4596 1.5686 -0.7215
vn 0.976826 0.149178 0.153484
v -2.4637 1.5686 -0.6988
vn 0.975916 0.166952 0.140409
v -2.4624 1.5913 -0.7215
vn 0.971666 0.136973 0.192623
v -2.4673 1.5913 -0.6988
vn 0.987275 0.13308 0.0870527
v -2.4601 1.4096 -0.67609
vn 0.980835 -0.0763354 0.179264
v -2.4604 1.4323 -0.67609
vn 0.986917 -0.011303 0.160835
v -2.4632 1.4096 -0.65339
vn 0.989852 -0.0866098 0.112661
v -2.4631 1.4323 -0.65339
vn 0.994006 -0.0211658 0.107255
v -2.4595 1.455 -0.67609
vn 0.989229 -0.0404642 0.140669
v -2.4578 1.4777 -0.67609
vn 0.993486 -0.00656385 0.113761
v -2.4622 1.455 -0.65339
vn 0.989847 -0.03139 0.138626
v -2.4609 1.4777 -0.65339
vn 0.987081 -0.00507236 0.160141
v -2.4673 1.4323 -0.60798
vn 0.993085 -0.0045793 0.11731
v -2.47 1.398 -0.60798
vn 0.96548 -0.202815 0.163443
v -2.4691 1.4096 -0.603165
vn 0.981355 -0.0924913 0.168486
v -2.465 1.455 -0.63068
vn 0.990736 0.0227114 0.133892
v -2.4658 1.4777 -0.63068
vn 0.976377 0.0543938 0.209116
v -2.46935 1.455 -0.60491
vn 0.981409 0.0766552 0.175954
v -2.47 1.4671 -0.60798
vn 0.97668 0.101483 0.189203
v -2.4588 1.5004 -0.67609
vn 0.992572 0.0371657 0.115846
v -2.4594 1.5231 -0.67609
vn 0.987918 0.0665834 0.139943
v -2.4622 1.5004 -0.65339
vn 0.97386 0.0725216 0.21526
v -2.4641 1.5231 -0.65339
vn 0.969599 0.0770187 0.232262
v -2.4616 1.5459 -0.67609
vn 0.979527 0.137067 0.147442
v -2.4657 1.5686 -0.67609
vn 0.985615 0.137465 0.0983227
v -2.466 1.5459 -0.65339
vn 0.978619 0.0973797 0.18117
v -2.47 1.5902 -0.65339
vn 0.989179 0.0940943 0.112564
v -2.46925 1.5004 -0.62763
vn 0.966683 0.0995962 0.235808
v -2.4707 1.5231 -0.63068
vn 0.970701 0.0627169 0.231961
v -2.4736 1.5004 -0.60798
vn 0.987077 0.0677924 0.1452
v -2.4747 1.5231 -0.60798
vn 0.98859 0.0251179 0.148522
v -2.4706 1.5459 -0.633545
vn 0.978565 0.0359106 0.202784
v -2.47095 1.5686 -0.636065
vn 0.98471 0.0529498 0.165961
v -2.4766 1.5686 -0.596625
vn 0.991546 0.0298447 0.126278
v -2.4771 1.3869 -0.58527
vn 0.961514 -0.183714 0.204304
v -2.473 1.4096 -0.58527
vn 0.974084 -0.10843 0.198501
v -2.47075 1.4323 -0.58893
vn 0.982725 0.00728982 0.184927
v -2.4776 1.4096 -0.56257
vn 0.981852 -0.115696 0.15027
v -2.4755 1.4323 -0.56257
vn 0.989316 -0.0239752 0.143802
v -2.4731 1.455 -0.58527
vn 0.985604 0.0625809 0.157064
v -2.4749 1.4777 -0.58527
vn 0.987875 0.080547 0.132725
v -2.4759 1.455 -0.56257
vn 0.992251 0.0502652 0.113625
v -2.4801 1.4096 -0.53986
vn 0.990998 -0.106229 0.081476
v -2.4777 1.4323 -0.53986
vn 0.995192 -0.037265 0.0905742
v -2.4817 1.4096 -0.51716
vn 0.989616 -0.108991 0.093712
v -2.4792 1.4323 -0.51716
vn 0.99565 -0.0314308 0.0877102
v -2.4784 1.455 -0.53986
vn 0.992814 0.0670639 0.0991146
v -2.4808 1.4777 -0.53986
vn 0.986735 0.101424 0.126755
v -2.4804 1.455 -0.51716
vn 0.987696 0.0971744 0.122531
v -2.4836 1.4777 -0.51716
vn 0.978894 0.140152 0.148743
v -2.4777 1.5231 -0.58527
vn 0.99327 0.0218299 0.113743
v -2.4793 1.5004 -0.56257
vn 0.989854 0.0537842 0.131516
v -2.4797 1.5231 -0.56257
vn 0.988347 0.0289666 0.149439
v -2.4777 1.5459 -0.58527
vn 0.993275 0.0116406 0.115189
v -2.4804 1.5459 -0.56257
vn 0.983247 0.0302517 0.17975
v -2.481 1.5686 -0.56257
vn 0.983205 0.0274314 0.180434
v -2.483 1.5004 -0.53986
vn 0.980283 0.0892463 0.176298
v -2.4848 1.5231 -0.53986
vn 0.97343 0.0656047 0.219384
v -2.4876 1.5004 -0.51716
vn 0.977283 0.128445 0.168583
v -2.4899 1.5231 -0.51716
vn 0.986136 0.0534602 0.15709
v -2.4861 1.5459 -0.53986
vn 0.980343 0.0141641 0.196793
v -2.486 1.5686 -0.53986
vn 0.983354 0.0155989 0.18103
v -2.4897 1.5459 -0.51716
vn 0.99078 -0.00798194 0.135247
v -2.4892 1.5686 -0.51716
vn 0.988824 0.00488868 0.149008
v -2.4723 1.614 -0.65339
vn 0.99341 0.0868271 0.0748198
v -2.4704 1.614 -0.68008
vn 0.994441 0.0535943 0.0906351
v -2.4733 1.5913 -0.63068
vn 0.989154 0.0630154 0.132678
v -2.4744 1.614 -0.63068
vn 0.992326 0.0451745 0.115099
v -2.4772 1.614 -0.60798
vn 0.992114 0.0402469 0.118699
v -2.4787 1.5913 -0.58527
vn 0.991208 0.0429405 0.125149
v -2.48 1.614 -0.58527
vn 0.988397 0.0471679 0.144382
v -2.482 1.5913 -0.56257
vn 0.982729 0.0548376 0.17674
v -2.4839 1.614 -0.56257
vn 0.981641 0.0583782 0.181585
v -2.4776 1.6367 -0.60798
vn 0.991048 0.0261944 0.130913
v -2.4808 1.6367 -0.58527
vn 0.986611 0.0347661 0.15934
v -2.4847 1.6367 -0.56257
vn 0.981994 0.0172998 0.18812
v -2.4865 1.5913 -0.53986
vn 0.985135 0.0506317 0.164152
v -2.4884 1.614 -0.53986
vn 0.984415 0.0591271 0.165624
v -2.4895 1.5913 -0.51716
vn 0.98672 0.0610339 0.15053
v -2.4927 1.614 -0.51041
vn 0.990283 0.0548039 0.127811
v -2.49275 1.6367 -0.51738
vn 0.99045 0.0239324 0.135776
v -2.4928 1.6594 -0.517775
vn 0.987576 0.00145169 0.157138
v -2.4892 1.6367 -0.53986
vn 0.983882 0.00200736 0.178808
v -2.4837 1.6594 -0.56257
vn 0.982479 -0.0295654 0.184014
v -2.4929 1.6821 -0.51828
vn 0.984493 0.00544097 0.175337
v -2.4819 1.4323 -0.49445
vn 0.988728 0.0337535 0.145869
v -2.4841 1.455 -0.49445
vn 0.980246 0.109396 0.164776
v -2.487 1.4777 -0.49445
vn 0.982142 0.131967 0.134096
v -2.4862 1.4323 -0.47175
vn 0.978778 0.083357 0.187205
v -2.488 1.455 -0.47175
vn 0.982403 0.0766356 0.170325
v -2.4895 1.4777 -0.47175
vn 0.988104 0.094025 0.121696
v -2.4976 1.455 -0.42634
vn 0.983441 -0.102533 0.149435
v -2.4927 1.4618 -0.44904
vn 0.986719 -0.0177181 0.161466
v -2.4951 1.4777 -0.42634
vn 0.989038 -0.0556088 0.136791
v -2.4927 1.4837 -0.44904
vn 0.994585 0.0271267 0.100325
v -2.49273 1.4542 -0.449125
vn 0.977588 0.0375987 0.207143
v -2.4927 1.50045 -0.471695
vn 0.98934 0.116857 0.0868909
v -2.4927 1.5231 -0.4919
vn 0.993317 0.0211244 0.113465
v -2.4946 1.5231 -0.47175
vn 0.995069 0.065465 0.0745147
v -2.4905 1.5004 -0.49445
vn 0.98693 0.117685 0.110087
v -2.4952 1.5459 -0.47175
vn 0.995911 0.0124296 0.0894859
v -2.4951 1.5686 -0.47175
vn 0.995834 0.0109335 0.0905286
v -2.4927 1.5695 -0.494265
vn 0.992102 0.00907647 0.125101
v -2.4938 1.5004 -0.44904
vn 0.995238 0.0874072 0.0431377
v -2.4962 1.5231 -0.44904
vn 0.996656 0.0664401 0.0475698
v -2.4943 1.5004 -0.42634
vn 0.995643 0.0527608 0.076888
v -2.4968 1.5231 -0.42634
vn 0.994124 0.0757446 0.0773257
v -2.4968 1.5459 -0.44904
vn 0.997848 0.0182732 0.0629766
v -2.4967 1.5686 -0.44904
vn 0.99441 0.0317415 0.100701
v -2.4984 1.5459 -0.42634
vn 0.994396 0.0480844 0.0941564
v -2.5005 1.455 -0.40363
vn 0.989449 -0.0653848 0.129291
v -2.4984 1.4777 -0.40363
vn 0.985013 -0.0593093 0.161963
v -2.5028 1.4323 -0.38093
vn 0.996885 3.58741e-06 0.0788729
v -2.5023 1.4777 -0.38093
vn 0.991088 -0.00435926 0.133137
v -2.5042 1.455 -0.35822
vn 0.993535 0.0393923 0.106473
v -2.5057 1.4777 -0.35822
vn 0.988258 0.0594973 0.140735
v -2.509 1.455 -0.31281
vn 0.991493 0.0800755 0.102611
v -2.5086 1.4777 -0.33552
vn 0.991381 0.0713349 0.109887
v -2.4975 1.5004 -0.40363
vn 0.986505 0.0448225 0.157477
v -2.5026 1.5004 -0.38093
vn 0.980937 0.030251 0.191957
v -2.5037 1.5231 -0.38093
vn 0.983243 0.0381736 0.178257
v -2.5008 1.5459 -0.40363
vn 0.988808 0.0550538 0.138662
v -2.5042 1.5459 -0.38093
vn 0.990242 0.0337861 0.135202
v -2.50495 1.57995 -0.38093
vn 0.993898 0.0105731 0.109795
v -2.5071 1.5004 -0.35822
vn 0.987062 0.0434811 0.154331
v -2.50755 1.5345 -0.35822
vn 0.993284 0.00480456 0.115605
v -2.5099 1.5004 -0.33552
vn 0.995711 0.0175419 0.0908375
v -2.5091 1.5459 -0.33552
vn 0.997587 -0.0149027 0.067809
v -2.5076 1.5913 -0.35822
vn 0.995064 0.00730035 0.0989661
v -2.509 1.5686 -0.33552
vn 0.995938 0.0358202 0.0826062
v -2.4931 1.5913 -0.49715
vn 0.989849 0.0449327 0.134832
v -2.4959 1.5913 -0.47175
vn 0.99472 0.044953 0.0922541
v -2.4973 1.614 -0.47175
vn 0.994849 0.0409089 0.0927451
v -2.4953 1.6367 -0.49445
vn 0.992957 0.0289998 0.114875
v -2.4963 1.6594 -0.49445
vn 0.99428 0.0226303 0.104378
v -2.49818 1.64237 -0.466072
vn 0.996599 0.0167517 0.0806854
v -2.4975 1.5913 -0.44904
vn 0.994455 0.0496503 0.0927083
v -2.499 1.614 -0.44904
vn 0.99579 0.0365582 0.0840599
v -2.5001 1.5913 -0.42634
vn 0.992876 0.0379053 0.112965
v -2.5008 1.614 -0.42634
vn 0.994589 0.0222744 0.101476
v -2.4994 1.6594 -0.44904
vn 0.995358 0.00563114 0.0960736
v -2.50225 1.62535 -0.414985
vn 0.995123 0.0208226 0.0964218
v -2.5024 1.6594 -0.42634
vn 0.990126 0.0370786 0.135186
v -2.4965 1.6821 -0.49445
vn 0.992086 0.00874227 0.125252
v -2.4983 1.6821 -0.47175
vn 0.99792 0.00615788 0.0641656
v -2.4993 1.7048 -0.44904
vn 0.993314 -0.00729276 0.115213
v -2.5028 1.6821 -0.42634
vn 0.98686 0.00683452 0.161434
v -2.5027 1.7048 -0.42634
vn 0.987315 -0.00434495 0.158716
v -2.5049 1.614 -0.38093
vn 0.994051 0.022626 0.106536
v -2.5037 1.6367 -0.40363
vn 0.992423 0.0575631 0.108547
v -2.5059 1.6594 -0.40363
vn 0.985782 0.0828674 0.146173
v -2.5062 1.6367 -0.38093
vn 0.986702 0.0920055 0.133995
v -2.5079 1.614 -0.35822
vn 0.98751 0.0543771 0.147877
v -2.5102 1.5913 -0.33552
vn 0.989824 0.0661121 0.126008
v -2.5098 1.6367 -0.35822
vn 0.982586 0.0966744 0.15868
v -2.5123 1.6594 -0.35822
vn 0.989058 0.0711637 0.129231
v -2.5136 1.6367 -0.33552
vn 0.989599 0.0707873 0.125233
v -2.51515 1.6594 -0.33228
vn 0.997169 0.0160036 0.0734642
v -2.5071 1.6821 -0.40363
vn 0.985855 0.0195417 0.166458
v -2.5105 1.7048 -0.38093
vn 0.987052 -0.0148562 0.159713
v -2.5107 1.6821 -0.38093
vn 0.99032 0.0314084 0.135203
v -2.5133 1.6821 -0.35822
vn 0.994204 0.0189797 0.105822
v -2.5136 1.7048 -0.35822
vn 0.995048 0.000838919 0.0993883
v -2.5153 1.7074 -0.33552
vn 0.997633 0.00664248 0.068438
v -2.5132 1.7275 -0.35822
vn 0.993129 -0.0170185 0.115779
v -2.5096 1.7275 -0.38093
vn 0.98691 -0.03913 0.156451
v -2.5154 1.7326 -0.336245
vn 0.996559 -0.00690097 0.0825997
v -2.5129 1.7502 -0.35822
vn 0.994821 -0.0169532 0.100218
v -2.51595 1.7502 -0.324165
vn 0.996578 -0.0148898 0.0813092
v -2.5125 1.4777 -0.29011
vn 0.994056 0.0587192 0.0916784
v -2.51035 1.44365 -0.29011
vn 0.994244 0.0543707 0.0923142
v -2.5129 1.44365 -0.2674
vn 0.989851 0.0570775 0.130145
v -2.51515 1.48035 -0.2674
vn 0.985976 0.069792 0.15159
v -2.5154 1.4299 -0.245845
vn 0.982975 0.0656894 0.171593
v -2.519 1.4777 -0.2447
vn 0.978186 0.0690795 0.195906
v -2.5116 1.5004 -0.31281
vn 0.996842 -0.00518086 0.0792475
v -2.5136 1.5004 -0.29011
vn 0.994554 -0.0139805 0.103281
v -2.5102 1.5459 -0.31281
vn 0.997394 -0.00939024 0.071535
v -2.5121 1.5459 -0.29011
vn 0.993333 0.000953706 0.115275
v -2.5128 1.5686 -0.29011
vn 0.992054 0.0671264 0.106406
v -2.516 1.5004 -0.271515
vn 0.988445 0.0221221 0.149955
v -2.516 1.5231 -0.27068
vn 0.98465 -0.0178629 0.173622
v -2.5207 1.5004 -0.2447
vn 0.981265 0.0447191 0.1874
v -2.51545 1.5459 -0.267485
vn 0.982258 -0.0121416 0.187143
v -2.516 1.5686 -0.2674
vn 0.983167 0.0527001 0.174946
v -2.5206 1.5459 -0.2447
vn 0.97792 -0.00573181 0.2089
v -2.521 1.5686 -0.2447
vn 0.980405 0.0323883 0.19431
v -2.52145 1.44365 -0.22199
vn 0.970256 0.0657356 0.232987
v -2.5252 1.5004 -0.22199
vn 0.977557 0.0520226 0.204147
v -2.52545 1.5345 -0.22199
vn 0.980207 -0.00135131 0.197973
v -2.5253 1.5686 -0.22199
vn 0.982641 0.00721747 0.185379
v -2.5126 1.5913 -0.31281
vn 0.992017 0.0765749 0.100192
v -2.5149 1.614 -0.306505
vn 0.994047 0.0635864 0.0884709
v -2.5151 1.5913 -0.29011
vn 0.990095 0.0732646 0.119766
v -2.517 1.6367 -0.29011
vn 0.994734 0.0338931 0.0967219
v -2.5154 1.6333 -0.315025
vn 0.995838 0.0486738 0.0770588
v -2.5193 1.6594 -0.2674
vn 0.996955 0.0210799 0.0750764
v -2.5181 1.5913 -0.2674
vn 0.985317 0.0636458 0.158428
v -2.5192 1.614 -0.2674
vn 0.990356 0.013658 0.137868
v -2.5218 1.5913 -0.2447
vn 0.98643 0.0296935 0.161473
v -2.5189 1.6367 -0.2674
vn 0.994394 0.000629011 0.10574
v -2.5215 1.6594 -0.2447
vn 0.991745 -0.00543229 0.128107
v -2.5164 1.7048 -0.31281
vn 0.996845 0.0140132 0.0781315
v -2.518 1.6821 -0.29011
vn 0.996369 0.01703 0.0834245
v -2.5169 1.7275 -0.31281
vn 0.997069 0.00911079 0.0759625
v -2.5189 1.7502 -0.29011
vn 0.997098 -0.0149376 0.0746471
v -2.5204 1.7048 -0.2674
vn 0.995371 0.0146167 0.094987
v -2.5229 1.7048 -0.2447
vn 0.991651 0.0207579 0.12727
v -2.5203 1.7502 -0.2674
vn 0.995983 -0.00651931 0.0893013
v -2.5226 1.73885 -0.2447
vn 0.990708 -0.00218458 0.13599
v -2.5258 1.614 -0.22199
vn 0.98419 -0.0013825 0.177113
v -2.5246 1.6594 -0.22199
vn 0.988327 0.00145174 0.152338
v -2.5253 1.6821 -0.22199
vn 0.984367 0.0440856 0.170525
v -2.5267 1.7048 -0.22199
vn 0.978866 0.0191963 0.203599
v -2.527 1.78425 -0.22199
vn 0.978121 0.00575119 0.207957
v -2.46923 1.9091 -0.711097
vn 0.99325 0.0789807 0.0849442
v -2.47 1.9362 -0.7215
vn 0.992268 0.0676388 0.104062
v -2.46995 1.8164 -0.675825
vn 0.981344 -0.0516578 0.185188
v -2.47 1.88345 -0.677755
vn 0.994694 0.0505668 0.0895916
v -2.4927 2.11315 -0.65434
vn 0.9165 0.370478 0.15091
v -2.49273 1.953 -0.51744
vn 0.995499 0.0331516 0.0887901
v -2.4927 2 -0.55856
vn 0.99576 0.0533425 0.074938
v -2.4927 1.97775 -0.539385
vn 0.992395 0.0875098 0.0865683
v -2.49253 2.0924 -0.606968
vn 0.963267 0.21071 0.166489
v -2.5473 2.1816 -0.85773
vn 0.657143 0.748405 0.0897398
v -2.5504 2.1816 -0.83503
vn 0.658399 0.749836 0.0652442
v -2.5381 2.1708 -0.83503
vn 0.663709 0.745449 0.0616201
v -2.5381 2.1691 -0.81232
vn 0.672987 0.737591 0.0552113
v -2.5518 2.1816 -0.81232
vn 0.666601 0.743842 0.0483864
v -2.4927 2.1362 -0.79277
vn 0.831097 0.553624 0.0527131
v -2.5154 2.1362 -0.56805
vn 0.793164 0.594913 0.130267
v -2.5381 2.1589 -0.57833
vn 0.446727 0.893188 0.051489
v -2.49285 1.7502 -0.49539
vn 0.989239 -0.04945 0.137698
v -2.4927 1.7586 -0.49445
vn 0.987355 -0.0241834 0.15667
v -2.49315 1.8776 -0.49445
vn 0.990791 0.0520451 0.124999
v -2.5154 2.1135 -0.4531
vn 0.962311 0.261439 0.0748871
v -2.51555 2.0908 -0.405175
vn 0.98962 0.0981827 0.104937
v -2.5154 2.06905 -0.376805
vn 0.994214 0.104674 0.0241062
v -2.5197 1.7729 -0.2674
vn 0.995297 -0.0167167 0.0954187
v -2.5154 1.7729 -0.31727
vn 0.994998 -0.0451442 0.0891129
v -2.52275 1.78425 -0.2447
vn 0.985541 -0.000643794 0.169438
v -2.5154 1.9245 -0.31281
vn 0.990624 0.0271448 0.133892
v -2.5154 1.9048 -0.31281
vn 0.997736 -0.00822375 0.0667548
v -2.5154 1.993 -0.31224
vn 0.992862 -0.0113886 0.11872
v -2.5154 2.0227 -0.31373
vn 0.993977 0.0174615 0.108188
v -2.5381 2.1135 -0.20358
vn 0.963318 0.217512 0.157184
v -2.56085 2.1816 -0.38047
vn 0.705867 0.704186 -0.0766461
v -2.5608 2.227 -0.34178
vn 0.998224 0.0387242 -0.0452716
v -2.5381 2.1362 -0.28937
vn 1 0 0
v -2.47 1.3288 -0.83503
vn 0.526469 -0.84612 0.0831357
v -2.4496 1.3415 -0.83503
vn 0.568255 -0.816419 0.102697
v -2.4473 1.3446 -0.83503
vn 0.873782 -0.466709 0.136705
v -2.47 1.3315 -0.81232
vn 0.416802 -0.897246 0.14569
v -2.4545 1.3415 -0.81232
vn 0.640056 -0.751528 0.159795
v -2.47 1.3352 -0.78962
vn 0.287498 -0.945736 0.151422
v -2.4927 1.3327 -0.78962
vn 0.109013 -0.989816 0.0915483
v -2.4617 1.3415 -0.78962
vn 0.763682 -0.600828 0.236212
v -2.4473 1.3526 -0.81232
vn 0.864546 -0.450822 0.22208
v -2.4473 1.3642 -0.79452
vn 0.932605 -0.286271 0.219764
v -2.4927 1.3332 -0.76691
vn 0.288867 -0.949256 0.124373
v -2.47 1.3415 -0.76525
vn 0.520223 -0.820469 0.237062
v -2.4542 1.3642 -0.76691
vn 0.882691 -0.40778 0.233606
v -2.4473 1.3869 -0.77374
vn 0.982115 -0.0611896 0.178064
v -2.4484 1.3869 -0.76691
vn 0.979493 -0.132478 0.151798
v -2.461 1.3642 -0.74421
vn 0.892806 -0.397928 0.21107
v -2.4529 1.3869 -0.74421
vn 0.954082 -0.236767 0.183491
v -2.4382 1.3642 -0.83503
vn 0.955599 -0.260583 0.137575
v -2.4359 1.3642 -0.85773
vn 0.964305 -0.239673 0.11257
v -2.4364 1.3869 -0.83503
vn 0.986594 -0.0383878 0.158614
v -2.4329 1.3869 -0.85773
vn 0.985781 -0.0716526 0.151992
v -2.4426 1.3642 -0.81232
vn 0.957418 -0.192602 0.21507
v -2.4404 1.3869 -0.81232
vn 0.981664 -0.0461065 0.184961
v -2.4473 1.5575 -0.78962
vn 0.984609 0.0573091 0.16511
v -2.4473 1.4096 -0.77226
vn 0.995188 0.0310413 0.0929331
v -2.4494 1.4323 -0.76691
vn 0.995662 0.0443855 0.0817716
v -2.4473 1.4323 -0.78909
vn 0.98757 0.0375351 0.152631
v -2.4496 1.4096 -0.74421
vn 0.994556 -0.0292103 0.100027
v -2.4504 1.4323 -0.74421
vn 0.99754 0.0373529 0.0593157
v -2.4473 1.455 -0.78913
vn 0.985051 -0.0397054 0.167626
v -2.4503 1.455 -0.76691
vn 0.995205 -0.00448536 0.0977071
v -2.449 1.4777 -0.76691
vn 0.985672 -0.0832388 0.146703
v -2.4518 1.455 -0.74421
vn 0.997106 0.0307451 0.0695265
v -2.447 1.5004 -0.76467
vn 0.988419 -0.0443186 0.145133
v -2.4489 1.5231 -0.754235
vn 0.988081 0.0404164 0.148534
v -2.44815 1.53715 -0.76691
vn 0.985609 0.0964995 0.138791
v -2.4441 1.5231 -0.78962
vn 0.987606 0.0788828 0.135693
v -2.4515 1.5686 -0.76691
vn 0.985317 0.0741352 0.153798
v -2.4553 1.5686 -0.74421
vn 0.980031 0.0906698 0.176971
v -2.4326 1.4096 -0.85773
vn 0.983026 0.00722042 0.183326
v -2.4372 1.4096 -0.83503
vn 0.981171 0.0244955 0.191581
v -2.4326 1.4323 -0.85773
vn 0.9777 0.0129182 0.209607
v -2.4383 1.455 -0.83503
vn 0.978271 0.0308858 0.205017
v -2.4331 1.455 -0.85773
vn 0.974589 0.040071 0.220388
v -2.4347 1.4777 -0.85773
vn 0.977975 0.0445211 0.203921
v -2.4392 1.4777 -0.83503
vn 0.988946 0.00746672 0.148088
v -2.4414 1.4096 -0.81232
vn 0.982672 0.0396815 0.181054
v -2.4424 1.4323 -0.81232
vn 0.979806 0.0338108 0.197072
v -2.4454 1.4096 -0.78962
vn 0.985411 0.0495591 0.162815
v -2.4425 1.455 -0.81232
vn 0.984438 -0.0192011 0.174678
v -2.4416 1.4777 -0.81232
vn 0.992729 -0.0419843 0.112811
v -2.4448 1.4777 -0.78962
vn 0.98252 -0.0818999 0.167172
v -2.4329 1.5231 -0.88044
vn 0.996278 -0.0219531 0.0833503
v -2.4348 1.5231 -0.85773
vn 0.991104 -0.0163414 0.132081
v -2.4353 1.5004 -0.85773
vn 0.987479 -0.00957397 0.157459
v -2.4393 1.5004 -0.83503
vn 0.991795 -0.00873647 0.127541
v -2.4378 1.5459 -0.83503
vn 0.987396 -0.0117438 0.157835
v -2.435 1.5459 -0.85773
vn 0.992441 0.00870708 0.122415
v -2.4411 1.5004 -0.81232
vn 0.996589 -0.000879013 0.0825161
v -2.4415 1.5231 -0.81232
vn 0.992496 0.0162059 0.121198
v -2.4428 1.5004 -0.78962
vn 0.991414 -0.0203571 0.129165
v -2.4425 1.5459 -0.81232
vn 0.982287 0.0557127 0.178911
v -2.4388 1.5686 -0.83503
vn 0.977219 0.0545277 0.205109
v -2.4436 1.5686 -0.81232
vn 0.978848 0.0594447 0.195762
v -2.4488 1.5913 -0.78962
vn 0.988309 0.00604818 0.152346
v -2.4473 1.5913 -0.80033
vn 0.983993 0.032492 0.175217
v -2.4473 1.614 -0.80105
vn 0.986987 -0.0220984 0.159275
v -2.4473 1.6367 -0.79535
vn 0.985444 -0.0116192 0.169601
v -2.4473 1.6594 -0.79549
vn 0.981666 0.0030615 0.190582
v -2.44775 1.6821 -0.792255
vn 0.983494 -0.0158012 0.180251
v -2.44717 1.71915 -0.788705
vn 0.988587 -0.0250412 0.148557
v -2.4525 1.5913 -0.76691
vn 0.984863 0.0209661 0.172059
v -2.4522 1.614 -0.76691
vn 0.979918 0.000860813 0.199401
v -2.457 1.5913 -0.74421
vn 0.975414 0.0551476 0.213367
v -2.4579 1.614 -0.74421
vn 0.966994 0.0326607 0.252695
v -2.4521 1.6367 -0.76691
vn 0.977588 0.00861028 0.210351
v -2.4527 1.6594 -0.76691
vn 0.972555 0.00795712 0.232538
v -2.459 1.6594 -0.74421
vn 0.967681 0.00597533 0.252107
v -2.4641 1.614 -0.7215
vn 0.973612 0.0414623 0.224412
v -2.4681 1.614 -0.6988
vn 0.987743 0.0184181 0.154999
v -2.4646 1.6367 -0.7215
vn 0.981036 3.38977e-06 0.193827
v -2.4643 1.6594 -0.7215
vn 0.983336 -0.0389881 0.177566
v -2.4715 1.6367 -0.67609
vn 0.992279 -0.00790523 0.123776
v -2.4672 1.6594 -0.6988
vn 0.989188 -0.0487644 0.138305
v -2.4528 1.6821 -0.76691
vn 0.973782 -0.0291679 0.225605
v -2.4517 1.7048 -0.76691
vn 0.977045 -0.0529057 0.206357
v -2.4586 1.6821 -0.74421
vn 0.974721 -0.0322055 0.22109
v -2.4572 1.7048 -0.74421
vn 0.971955 -0.0563769 0.228311
v -2.4503 1.7275 -0.76691
vn 0.981813 -0.0284814 0.187703
v -2.4473 1.7502 -0.78362
vn 0.987971 -0.00308492 0.15461
v -2.4504 1.7502 -0.76691
vn 0.97858 0.015062 0.205317
v -2.4554 1.7275 -0.74421
vn 0.971659 -0.0324091 0.234157
v -2.4554 1.7502 -0.74421
vn 0.973497 0.025731 0.22725
v -2.4628 1.6821 -0.7215
vn 0.985967 -0.0452934 0.160676
v -2.4618 1.7048 -0.7215
vn 0.983585 -0.036398 0.176739
v -2.4657 1.6821 -0.6988
vn 0.987701 -0.0308636 0.153275
v -2.4653 1.7048 -0.6988
vn 0.985035 4.05624e-06 0.172355
v -2.4614 1.7275 -0.7215
vn 0.976606 -0.0172162 0.214348
v -2.461 1.7502 -0.7215
vn 0.972716 0.00489899 0.231949
v -2.4663 1.7275 -0.6988
vn 0.977939 0.0240232 0.207504
v -2.4666 1.7502 -0.6988
vn 0.972467 0.000455843 0.233039
v -2.4405 1.5913 -0.83503
vn 0.977437 0.0322945 0.208742
v -2.4454 1.614 -0.81232
vn 0.978007 -0.0247703 0.207098
v -2.44 1.614 -0.83503
vn 0.968851 -0.0597529 0.240329
v -2.4439 1.6367 -0.81232
vn 0.972459 -0.0399211 0.229629
v -2.4378 1.6367 -0.83503
vn 0.964403 -0.0531072 0.25905
v -2.4375 1.6594 -0.83503
vn 0.966334 0.0170273 0.256728
v -2.4435 1.6594 -0.81232
vn 0.972692 0.0198265 0.231252
v -2.4425 1.7502 -0.85773
vn 0.999283 0.0220195 0.0308148
v -2.4432 1.7502 -0.83503
vn 0.999311 0.0117432 0.03521
v -2.4427 1.7275 -0.83503
vn 0.997887 0.0208855 0.0615256
v -2.4394 1.6821 -0.83503
vn 0.97389 0.0657847 0.217279
v -2.444 1.6821 -0.81232
vn 0.983082 0.025938 0.181321
v -2.4416 1.7048 -0.83503
vn 0.989011 0.0493758 0.139354
v -2.4441 1.7048 -0.81232
vn 0.992393 0.000984636 0.123106
v -2.4439 1.7275 -0.81232
vn 0.996312 -0.00611553 0.0855812
v -2.4433 1.7729 -0.81232
vn 0.993106 -0.000237747 0.117219
v -2.46988 1.67485 -0.67524
vn 0.989893 -0.0266056 0.139296
v -2.4734 1.6367 -0.65339
vn 0.99689 0.0193241 0.0763967
v -2.4732 1.6594 -0.65339
vn 0.994634 -0.00276119 0.103421
v -2.4748 1.6367 -0.63068
vn 0.994973 0.0175328 0.0985988
v -2.4699 1.70875 -0.67609
vn 0.992046 0.0163284 0.124814
v -2.4726 1.6821 -0.65339
vn 0.991957 -0.0277909 0.123485
v -2.4722 1.7048 -0.65339
vn 0.995254 -0.0158886 0.0960004
v -2.47 1.7502 -0.68402
vn 0.983532 0.0277726 0.178589
v -2.4712 1.76155 -0.67609
vn 0.996738 0.00979667 0.080111
v -2.4719 1.7275 -0.65339
vn 0.997827 0.0101119 0.0651127
v -2.4725 1.76155 -0.65339
vn 0.998481 0.0140023 0.0532851
v -2.4755 1.6821 -0.63068
vn 0.994275 -0.0127591 0.106091
v -2.4744 1.7048 -0.63068
vn 0.991359 -0.041489 0.124439
v -2.4775 1.7048 -0.60798
vn 0.991013 -0.013092 0.133125
v -2.4732 1.7275 -0.63068
vn 0.995361 -0.0153456 0.0949773
v -2.4733 1.7502 -0.63068
vn 0.994011 0.0167858 0.107986
v -2.4768 1.7275 -0.60798
vn 0.982983 -0.00123568 0.183693
v -2.4773 1.7502 -0.60798
vn 0.978604 0.0172433 0.205031
v -2.4801 1.6594 -0.58527
vn 0.992073 -0.0101964 0.125249
v -2.48 1.6821 -0.58527
vn 0.990722 0.0130971 0.135272
v -2.4813 1.7048 -0.58527
vn 0.985265 0.039783 0.166346
v -2.4834 1.6821 -0.56257
vn 0.984425 0.0180675 0.174872
v -2.4844 1.7048 -0.56257
vn 0.985241 0.0484619 0.164168
v -2.4826 1.7275 -0.58527
vn 0.980179 0.038858 0.194265
v -2.483 1.7502 -0.58527
vn 0.985869 -0.0188169 0.166457
v -2.4859 1.7275 -0.56257
vn 0.991091 0.0162128 0.132194
v -2.4859 1.7502 -0.56257
vn 0.994396 -0.0394261 0.098097
v -2.49275 1.7073 -0.517475
vn 0.989065 -0.0264311 0.145092
v -2.4882 1.6821 -0.53986
vn 0.978759 0.012393 0.204637
v -2.4886 1.7048 -0.53986
vn 0.984027 0.0147235 0.177411
v -2.4887 1.7275 -0.53986
vn 0.991151 -0.0324847 0.128706
v -2.4878 1.7502 -0.53986
vn 0.993971 -0.048163 0.0985012
v -2.49 1.7502 -0.51716
vn 0.991286 -0.0582764 0.118131
v -2.5631 1.2961 -0.460395
vn 0.321626 -0.946761 -0.0141647
v -2.5835 1.289 -0.44904
vn 0.321626 -0.946761 -0.0141647
v -2.5835 1.2866 -0.40363
vn 0.28026 -0.959055 -0.0408349
v -2.5835 1.2875 -0.42634
vn 0.322592 -0.94487 -0.0561698
v -2.5608 1.2939 -0.40363
vn 0.316808 -0.94624 -0.0652875
v -2.5608 1.2961 -0.43205
vn 0.564032 -0.824417 -0.0469512
v -2.5835 1.2866 -0.38093
vn 0.202449 -0.977773 -0.0545428
v -2.5608 1.2919 -0.38093
vn 0.253625 -0.96491 -0.0679991
v -2.5835 1.2856 -0.35822
vn 0.143326 -0.985857 -0.0868492
v -2.5608 1.2891 -0.35822
vn 0.235629 -0.966962 -0.097275
v -2.6062 1.2824 -0.35822
vn 0.122056 -0.987932 -0.0953511
v -2.5608 1.2863 -0.33552
vn 0.309322 -0.946054 -0.0964494
v -2.5455 1.2961 -0.33552
vn 0.533988 -0.840592 -0.0908978
v -2.5608 1.2845 -0.31281
vn 0.257867 -0.962463 -0.0846778
v -2.5381 1.2961 -0.28069
vn 0.638516 -0.766645 -0.0674664
v -2.5835 1.2787 -0.29011
vn 0.185702 -0.980324 -0.0669245
v -2.5608 1.283 -0.29011
vn 0.251615 -0.965893 -0.0611667
v -2.5835 1.2775 -0.2674
vn 0.196364 -0.979674 -0.0409909
v -2.5608 1.2819 -0.2674
vn 0.190188 -0.981213 -0.032412
v -2.5835 1.2755 -0.22199
vn 0.224555 -0.974031 -0.028958
v -2.5608 1.2815 -0.2447
vn 0.33117 -0.943201 -0.0264404
v -2.5381 1.2961 -0.24792
vn 0.65048 -0.755908 0.0740196
v -2.5608 1.2808 -0.22199
vn 0.408878 -0.91251 -0.0120394
v -2.541 1.2961 -0.22199
vn 0.611445 -0.791287 -7.88332e-05
v -2.4955 1.7048 -0.49445
vn 0.993795 -0.0462944 0.101138
v -2.4974 1.7048 -0.47175
vn 0.99507 -0.0447141 0.0885237
v -2.494 1.7275 -0.49445
vn 0.993746 -0.044483 0.102422
v -2.4961 1.7275 -0.47175
vn 0.99442 -0.0335852 0.100006
v -2.4959 1.7502 -0.47175
vn 0.992944 -0.0154728 0.117572
v -2.4986 1.7275 -0.44904
vn 0.992057 -0.0253481 0.123208
v -2.4985 1.7502 -0.44904
vn 0.989846 0.0108418 0.141728
v -2.5055 1.7275 -0.40363
vn 0.987632 -0.0226815 0.155141
v -2.5052 1.7502 -0.40363
vn 0.986792 0.019565 0.160808
v -2.5093 1.7502 -0.38093
vn 0.98849 -0.00684383 0.15113
v -2.437 1.9091 -0.92585
vn 0.996555 0.0523063 0.0643581
v -2.4384 1.9091 -0.90314
vn 0.994488 0.0438109 0.0952544
v -2.4377 1.8864 -0.90314
vn 0.99175 0.0305824 0.124485
v -2.4398 1.9318 -0.90314
vn 0.99484 0.0624482 0.0799542
v -2.442 1.8864 -0.88044
vn 0.982078 0.0302841 0.186027
v -2.4473 2.1057 -0.97126
vn 0.773184 0.224062 0.593281
v -2.4473 2.1135 -0.97537
vn 0.618587 0.349414 0.703747
v -2.4501 2.1135 -0.97126
vn 0.842267 0.433564 0.320326
v -2.4473 2.0148 -0.92585
vn 0.990447 0.123968 0.0603951
v -2.4473 2.0227 -0.93759
vn 0.987203 0.102335 0.122303
v -2.4473 2.0107 -0.90314
vn 0.982967 0.18203 0.0253172
v -2.4491 2.0227 -0.90314
vn 0.990615 0.124815 0.0557134
v -2.4451 2 -0.88044
vn 0.985054 0.165926 0.0462221
v -2.4504 2.0227 -0.88044
vn 0.977709 0.197398 0.0715516
v -2.4473 2.0461 -0.94855
vn 0.952408 0.0753129 0.295375
v -2.4473 2.0681 -0.95427
vn 0.922194 0.106086 0.371894
v -2.4488 2.0681 -0.94855
vn 0.977186 0.0896315 0.192548
v -2.4501 2.0454 -0.92585
vn 0.990462 0.10191 0.0927321
v -2.4529 2.0681 -0.92585
vn 0.980453 0.127675 0.149702
v -2.4514 2.0908 -0.94855
vn 0.958712 0.171287 0.227005
v -2.4473 2.0908 -0.96232
vn 0.914434 0.179287 0.362858
v -2.4575 2.1135 -0.94855
vn 0.91025 0.346598 0.226528
v -2.4565 2.0908 -0.92585
vn 0.969513 0.184641 0.161099
v -2.4616 2.1135 -0.92585
vn 0.949255 0.2856 0.131709
v -2.4522 2.0454 -0.90314
vn 0.981902 0.154993 0.108836
v -2.4555 2.0454 -0.88044
vn 0.97349 0.197272 0.115763
v -2.4594 2.0681 -0.88044
vn 0.971338 0.190747 0.141835
v -2.4649 2.1135 -0.90314
vn 0.964265 0.217655 0.151059
v -2.4641 2.0908 -0.88044
vn 0.96862 0.206941 0.137665
v -2.47 2.11655 -0.87701
vn 0.960577 0.227736 0.15946
v -2.4246 2.0227 -0.98224
vn 0.545929 0.083765 0.833634
v -2.4106 2.0681 -0.99397
vn 0.4013 0.105341 0.909869
v -2.4358 2.0227 -0.97126
vn 0.843573 0.0771129 0.53145
v -2.4246 2.0454 -0.98359
vn 0.609634 0.066536 0.789886
v -2.4373 2.0454 -0.97126
vn 0.865048 0.0725303 0.496418
v -2.4393 2.0681 -0.97126
vn 0.798556 0.0974617 0.593977
v -2.4246 2.0681 -0.98585
vn 0.631653 0.108192 0.767665
v -2.42425 2.1135 -0.99379
vn 0.510698 0.144597 0.847513
v -2.4426 2.0908 -0.97126
vn 0.745031 0.151086 0.649694
v -2.4246 2.0908 -0.98972
vn 0.657212 0.145866 0.739456
v -2.4385 1.9773 -0.94855
vn 0.985624 0.112646 0.125922
v -2.4414 1.9773 -0.92585
vn 0.990846 0.105979 0.0836235
v -2.4399 1.9545 -0.92585
vn 0.994977 0.0656034 0.0756167
v -2.4455 2.0227 -0.94855
vn 0.93506 0.0939019 0.341827
v -2.4422 2 -0.94855
vn 0.971769 0.152147 0.180323
v -2.4447 2 -0.92585
vn 0.986697 0.152007 0.0576489
v -2.4411 1.9545 -0.90314
vn 0.995963 0.0510786 0.0738105
v -2.4424 1.9773 -0.90314
vn 0.995387 0.0853249 0.0438645
v -2.4427 1.9318 -0.88044
vn 0.99387 0.0177299 0.109128
v -2.443 1.9545 -0.88044
vn 0.995941 0.016783 0.0884326
v -2.4432 1.9773 -0.88044
vn 0.996715 0.0518384 0.0622286
v -2.4452 2 -0.90314
vn 0.990279 0.138339 0.0144949
v -2.5397 2.2043 -0.97126
vn 0.446713 0.42829 0.785503
v -2.463 2.1362 -0.97126
vn 0.790811 0.464771 0.398253
v -2.4473 2.1362 -0.98668
vn 0.50642 0.346704 0.789516
v -2.47 2.1447 -0.97126
vn 0.6706 0.639328 0.376239
v -2.47 2.1589 -0.98524
vn 0.436048 0.380541 0.815506
v -2.485 2.1589 -0.97126
vn 0.619238 0.639993 0.454921
v -2.4473 2.1589 -0.9932
vn 0.304619 0.238084 0.922238
v -2.4927 2.1655 -0.97126
vn 0.551963 0.750115 0.364232
v -2.4927 2.1816 -0.98313
vn 0.420279 0.351442 0.836573
v -2.5138 2.1816 -0.97126
vn 0.399893 0.423436 0.812888
v -2.5154 2.2043 -0.97973
vn 0.331368 0.233455 0.914163
v -2.4927 2.2043 -0.98804
vn 0.304209 0.126045 0.94423
v -2.4581 2.1816 -0.99397
vn 0.172458 0.134566 0.975782
v -2.4473 2.2043 -0.9983
vn 0.145738 0.0954182 0.984711
v -2.47 2.2035 -0.99397
vn 0.216068 0.0947944 0.971766
v -2.47 2.1816 -0.99142
vn 0.284049 0.18884 0.94003
v -2.44525 2.1619 -0.99397
vn 0.220189 0.138712 0.965544
v -2.5381 2.227 -0.97789
vn 0.263738 0.161774 0.950932
v -2.5587 2.227 -0.97126
vn 0.545969 0.488075 0.680956
v -2.5608 2.231 -0.97126
vn 0.513429 0.158709 0.843328
v -2.5608 2.2497 -0.97384
vn 0.308858 0.0632667 0.949002
v -2.5656 2.2497 -0.97126
vn 0.786611 0.142546 0.600769
v -2.5381 2.2497 -0.98021
vn 0.257367 0.0822329 0.962808
v -2.5608 2.2724 -0.97402
vn 0.341099 0.0205085 0.939804
v -2.5663 2.2724 -0.97126
vn 0.788337 0.0322276 0.614399
v -2.5381 2.2724 -0.98155
vn 0.307374 0.0658667 0.949306
v -2.5154 2.227 -0.98241
vn 0.263432 0.110607 0.958316
v -2.4927 2.227 -0.98978
vn 0.288817 0.095144 0.952645
v -2.5154 2.2497 -0.98556
vn 0.267058 0.116257 0.956642
v -2.4941 2.2724 -0.994225
vn 0.208884 0.0903965 0.973754
v -2.47415 2.227 -0.99492
vn 0.217821 0.0714711 0.973368
v -2.4473 2.227 -1.0001
vn 0.117548 0.0341647 0.992479
v -2.47 2.2497 -0.99694
vn 0.164843 0.0272648 0.985943
v -2.4856 2.2497 -0.99397
vn 0.203107 0.0634288 0.9771
v -2.4473 2.2497 -0.9999
vn 0.105225 -0.00341802 0.994443
v -2.5154 2.2724 -0.98896
vn 0.284349 0.108599 0.95255
v -2.47 2.2724 -0.99739
vn 0.12061 0.0292026 0.99227
v -2.4246 2.2724 -1.0017
vn 0.0715773 0.00149574 0.997434
v -2.5381 2.1913 -0.94855
vn 0.591158 0.766885 0.24984
v -2.5549 2.2043 -0.94855
vn 0.635142 0.714203 0.294124
v -2.5381 2.1879 -0.92585
vn 0.591043 0.796969 0.124529
v -2.5608 2.2062 -0.92585
vn 0.704727 0.701704 0.104747
v -2.5608 2.2043 -0.91531
vn 0.677031 0.724586 0.128858
v -2.5633 2.2043 -0.90314
vn 0.804731 0.579401 0.129236
v -2.5381 2.1839 -0.90314
vn 0.527379 0.837543 0.142806
v -2.5381 2.1816 -0.89239
vn 0.464773 0.867478 0.177389
v -2.5418 2.1816 -0.88044
vn 0.636896 0.752519 0.167568
v -2.5608 2.1982 -0.88044
vn 0.713474 0.693006 0.103433
v -2.5664 2.2043 -0.88044
vn 0.829388 0.554259 0.0700934
v -2.47 2.1375 -0.94855
vn 0.808554 0.561465 0.176062
v -2.4901 2.1589 -0.94855
vn 0.633947 0.770659 0.0647736
v -2.4704 2.1362 -0.92585
vn 0.885653 0.463914 0.0200747
v -2.47 2.1362 -0.93672
vn 0.841338 0.539272 0.0365656
v -2.4872 2.1589 -0.92585
vn 0.773846 0.630368 -0.0616361
v -2.5154 2.1757 -0.94855
vn 0.540661 0.83596 0.0941086
v -2.5154 2.1816 -0.96902
vn 0.587065 0.753395 0.296229
v -2.5247 2.1816 -0.94855
vn 0.541439 0.830407 0.131408
v -2.5154 2.1751 -0.92585
vn 0.48197 0.874595 0.0528019
v -2.5277 2.1816 -0.92585
vn 0.491073 0.865567 0.0981876
v -2.4927 2.1627 -0.92585
vn 0.511838 0.859081 -0.00128973
v -2.4714 2.1362 -0.90314
vn 0.915165 0.393405 0.0877762
v -2.4854 2.1589 -0.90314
vn 0.841877 0.538693 0.0324439
v -2.4739 2.1362 -0.88044
vn 0.909304 0.400824 0.111828
v -2.4872 2.1589 -0.88044
vn 0.844083 0.517848 0.139127
v -2.5154 2.1731 -0.90314
vn 0.423697 0.898669 0.11347
v -2.5154 2.1698 -0.88044
vn 0.376181 0.912502 0.160709
v -2.4927 2.1639 -0.90314
vn 0.372253 0.918477 0.133521
v -2.5608 2.2095 -0.94855
vn 0.745737 0.618322 0.248103
v -2.5608 2.227 -0.96966
vn 0.729716 0.500461 0.46589
v -2.5734 2.227 -0.94855
vn 0.85347 0.366295 0.370698
v -2.5802 2.2497 -0.94855
vn 0.926098 0.155788 0.343617
v -2.577 2.227 -0.92585
vn 0.881749 0.459797 0.105385
v -2.5831 2.2497 -0.92585
vn 0.989871 0.128767 0.0597842
v -2.5822 2.2724 -0.94855
vn 0.956288 0.0333341 0.290521
v -2.584 2.2724 -0.92585
vn 0.999985 0.00458927 -0.0029607
v -2.5788 2.227 -0.90314
vn 0.903977 0.42249 0.0657888
v -2.5835 2.2497 -0.90314
vn 0.994508 0.104647 0.00178966
v -2.5794 2.227 -0.88044
vn 0.949512 0.313716 0.00298964
v -2.5832 2.2497 -0.88044
vn 0.995729 0.0880126 -0.0278982
v -2.5835 2.2724 -0.88044
vn 0.999375 -0.00714117 -0.0346245
v -2.4246 2.1168 -0.99397
vn 0.326036 0.107205 0.939259
v -2.43 2.1362 -0.99397
vn 0.294498 0.125583 0.947365
v -2.4246 2.1816 -0.99835
vn 0.163411 0.0699207 0.984077
v -2.4246 2.2043 -1.0006
vn 0.0865012 0.0635077 0.994225
v -2.4246 2.227 -1.0017
vn 0.0475086 0.0246341 0.998567
v -2.4473 1.8266 -0.81232
vn 0.989354 0.142565 0.02922
v -2.4473 1.8376 -0.83503
vn 0.986914 0.14512 0.070291
v -2.4478 1.841 -0.83503
vn 0.984954 0.154935 0.0765576
v -2.4496 1.841 -0.81232
vn 0.988264 0.151599 0.0187771
v -2.4473 1.8211 -0.78803
vn 0.991081 0.0506549 0.12326
v -2.4495 1.841 -0.78962
vn 0.985372 0.160431 0.0574819
v -2.4473 1.9318 -0.83781
vn 0.99144 0.00680625 0.130383
v -2.4485 1.9091 -0.83503
vn 0.990068 -0.0287242 0.137624
v -2.4529 1.8637 -0.81232
vn 0.992873 0.115179 0.0306206
v -2.454 1.8637 -0.78962
vn 0.985787 0.128841 0.107819
v -2.453 1.8864 -0.81232
vn 0.99119 0.00982486 0.132086
v -2.4561 1.8864 -0.78962
vn 0.98698 0.063481 0.147788
v -2.4515 1.9091 -0.81232
vn 0.982718 -0.0400429 0.180725
v -2.451 1.9318 -0.81232
vn 0.988216 0.0021776 0.153049
v -2.4563 1.9091 -0.78962
vn 0.977444 -0.010452 0.210936
v -2.4551 1.9318 -0.78962
vn 0.976033 -0.0190432 0.216787
v -2.4512 1.7729 -0.76691
vn 0.975839 0.0169821 0.21783
v -2.44685 1.7956 -0.78676
vn 0.988934 0.0185805 0.147188
v -2.4511 1.7956 -0.76691
vn 0.974866 -0.00761579 0.22266
v -2.4565 1.7729 -0.74421
vn 0.975084 0.0171835 0.221171
v -2.4566 1.7956 -0.74421
vn 0.977624 -0.0186657 0.209531
v -2.4511 1.8183 -0.76691
vn 0.979828 0.037223 0.196347
v -2.4527 1.841 -0.76691
vn 0.979474 0.124596 0.158448
v -2.4557 1.8183 -0.74421
vn 0.980755 0.00719832 0.195111
v -2.4563 1.841 -0.74421
vn 0.984178 0.0903191 0.152436
v -2.4612 1.7956 -0.7215
vn 0.97585 -0.0260105 0.216887
v -2.4601 1.8183 -0.7215
vn 0.982348 -0.0247256 0.185421
v -2.4597 1.841 -0.7215
vn 0.9853 0.0729266 0.154485
v -2.4646 1.8183 -0.6988
vn 0.975727 -0.0477159 0.21373
v -2.4639 1.841 -0.6988
vn 0.980878 0.0302474 0.192259
v -2.4572 1.8637 -0.76691
vn 0.979808 0.144594 0.138091
v -2.4599 1.8864 -0.76691
vn 0.980539 0.0971837 0.170583
v -2.4599 1.8637 -0.74421
vn 0.980619 0.147595 0.12885
v -2.4638 1.8864 -0.74421
vn 0.981568 0.132607 0.137621
v -2.4619 1.9091 -0.76691
vn 0.976806 0.0533566 0.207372
v -2.4617 1.9318 -0.76691
vn 0.969025 -0.0176873 0.246327
v -2.4664 1.9091 -0.74421
vn 0.986867 0.0652178 0.147782
v -2.4672 1.9318 -0.74421
vn 0.986665 0.0275464 0.160416
v -2.4625 1.8637 -0.7215
vn 0.983528 0.129262 0.126346
v -2.4659 1.8864 -0.7215
vn 0.988559 0.118539 0.0932666
v -2.4655 1.8637 -0.6988
vn 0.988177 0.0901415 0.124017
v -2.4727 1.9545 -0.6988
vn 0.996914 0.0372783 0.0690841
v -2.4463 1.7729 -0.78962
vn 0.992129 0.0048497 0.125128
v -2.4442 1.7956 -0.81232
vn 0.993132 0.0452073 0.107914
v -2.4463 1.8183 -0.81232
vn 0.996297 0.0672033 0.0536203
v -2.4473 1.9545 -0.84178
vn 0.98983 0.0278013 0.139514
v -2.4495 1.9773 -0.83503
vn 0.983737 0.0535503 0.171444
v -2.4473 1.9773 -0.84521
vn 0.985813 0.0396542 0.163095
v -2.4473 2.0015 -0.855895
vn 0.98296 0.15681 0.0959137
v -2.4519 2.0227 -0.85773
vn 0.969539 0.23194 0.0787295
v -2.4507 2 -0.83503
vn 0.981899 0.0808429 0.171287
v -2.4537 2.0227 -0.83503
vn 0.978082 0.181494 0.102055
v -2.4517 1.9545 -0.81232
vn 0.986987 0.0426621 0.15504
v -2.4534 1.9773 -0.81232
vn 0.986304 0.0585276 0.154206
v -2.4551 1.9545 -0.78962
vn 0.981887 0.0405486 0.185078
v -2.4566 1.9773 -0.78962
vn 0.982953 0.0504063 0.17681
v -2.4544 2 -0.81232
vn 0.987493 0.0652557 0.143522
v -2.4557 2.0227 -0.81232
vn 0.991225 0.10408 0.0814905
v -2.458 2 -0.78962
vn 0.989516 -0.00552954 0.144316
v -2.4577 2.0227 -0.78962
vn 0.997234 0.0219596 0.0710085
v -2.4578 2.0454 -0.85773
vn 0.974147 0.209563 0.0843827
v -2.4618 2.0681 -0.85773
vn 0.977304 0.191586 0.0903946
v -2.4593 2.0454 -0.83503
vn 0.979692 0.195651 0.0438675
v -2.4637 2.0681 -0.83503
vn 0.974839 0.21941 0.0393573
v -2.4666 2.0908 -0.85773
vn 0.965388 0.236397 0.110191
v -2.47 2.1027 -0.85773
vn 0.959579 0.246553 0.13572
v -2.46985 2.0912 -0.83503
vn 0.957691 0.265378 0.111365
v -2.4762 2.1135 -0.83503
vn 0.944583 0.295048 0.143909
v -2.4589 2.0454 -0.81232
vn 0.988905 0.148125 -0.0112006
v -2.4632 2.0681 -0.81232
vn 0.963912 0.265573 -0.0185546
v -2.4582 2.0454 -0.78962
vn 0.995219 0.0964535 0.0153414
v -2.4621 2.0681 -0.78962
vn 0.968119 0.25003 0.0151999
v -2.47 2.0908 -0.8276
vn 0.951331 0.307424 0.0214197
v -2.4786 2.1135 -0.81232
vn 0.915181 0.393138 0.0888101
v -2.47035 2.08965 -0.78962
vn 0.936096 0.350512 0.0294156
v -2.4802 2.1135 -0.78962
vn 0.898949 0.43513 0.0505181
v -2.4608 1.9545 -0.76691
vn 0.970193 -0.00426148 0.242298
v -2.461 1.9773 -0.76691
vn 0.982361 0.00864628 0.186795
v -2.4669 1.9545 -0.74421
vn 0.972075 -0.026922 0.23312
v -2.4661 1.9773 -0.74421
vn 0.975476 -0.0351484 0.21728
v -2.4602 2.0227 -0.76691
vn 0.990758 -0.0261873 0.133089
v -2.4649 2 -0.74421
vn 0.983496 -0.0532187 0.172924
v -2.4633 2.0227 -0.74421
vn 0.987565 -0.0356744 0.153111
v -2.47 1.9545 -0.72843
vn 0.991225 0.0079596 0.131947
v -2.4708 1.9773 -0.7215
vn 0.988461 -0.0533774 0.141762
v -2.4725 1.9773 -0.6988
vn 0.996285 -0.016633 0.0844932
v -2.47 2 -0.71194
vn 0.986592 -0.0619347 0.150998
v -2.4672 2.0227 -0.7215
vn 0.984776 -0.0264101 0.171809
v -2.4721 2 -0.6988
vn 0.986671 0.00609968 0.162615
v -2.47095 2.0227 -0.702865
vn 0.977023 -0.00965173 0.212916
v -2.4596 2.0454 -0.76691
vn 0.991344 0.0800652 0.104052
v -2.4635 2.0681 -0.76691
vn 0.96964 0.226696 0.0916865
v -2.4634 2.0454 -0.74421
vn 0.985692 0.058309 0.158152
v -2.4662 2.0681 -0.74421
vn 0.982887 0.14144 0.118018
v -2.471 2.0878 -0.76691
vn 0.932498 0.359403 0.0357216
v -2.4815 2.1135 -0.76691
vn 0.909211 0.416159 0.0121362
v -2.47 2.0838 -0.74421
vn 0.960465 0.272037 0.0591854
v -2.4719 2.0908 -0.74421
vn 0.931694 0.362734 0.0192467
v -2.4814 2.1135 -0.74421
vn 0.914641 0.40367 0.0219593
v -2.4675 2.0454 -0.7215
vn 0.98755 0.0402316 0.152074
v -2.47 2.0681 -0.70916
vn 0.98766 0.0909868 0.12747
v -2.4706 2.0454 -0.701765
vn 0.976474 0.00192076 0.215625
v -2.4718 2.0681 -0.6988
vn 0.969658 0.07636 0.232234
v -2.47 2.0777 -0.7215
vn 0.971249 0.214059 0.104185
v -2.4734 2.0908 -0.7215
vn 0.938135 0.3371 0.0791575
v -2.4825 2.1135 -0.7215
vn 0.910529 0.402276 0.0954515
v -2.4763 2.0908 -0.6988
vn 0.94834 0.271374 0.164342
v -2.4854 2.1135 -0.6988
vn 0.908932 0.392934 0.139448
v -2.4455 1.9773 -0.85773
vn 0.993674 0.025282 0.109425
v -2.47 1.7729 -0.68481
vn 0.977335 -0.00855539 0.211525
v -2.47 1.7956 -0.68184
vn 0.988271 -0.0398658 0.147416
v -2.4728 1.7956 -0.65339
vn 0.996943 -0.00321439 0.0780723
v -2.46965 1.841 -0.67418
vn 0.984557 -0.00381846 0.175024
v -2.4729 1.8183 -0.65339
vn 0.994225 -0.00101193 0.107312
v -2.4726 1.841 -0.65339
vn 0.994 -0.0364996 0.103107
v -2.4739 1.7729 -0.63068
vn 0.993433 0.0175684 0.11306
v -2.4782 1.7729 -0.60798
vn 0.98444 0.00650875 0.1756
v -2.4776 1.7956 -0.60798
vn 0.988528 -0.00925772 0.150754
v -2.475 1.8183 -0.63068
vn 0.994045 0.00729759 0.108724
v -2.4775 1.8183 -0.60798
vn 0.993235 -0.0145907 0.115199
v -2.4771 1.841 -0.60798
vn 0.992987 -0.0323695 0.113706
v -2.4697 1.8637 -0.67355
vn 0.992284 -1.35694e-05 0.123988
v -2.4714 1.8637 -0.65339
vn 0.996618 -0.0424079 0.0703803
v -2.4708 1.8864 -0.65339
vn 0.999212 0.0189606 0.0348659
v -2.4724 1.92045 -0.67609
vn 0.998239 0.0512992 0.0297824
v -2.4716 1.9091 -0.65339
vn 0.999108 0.0403449 0.0124655
v -2.4728 1.9318 -0.65339
vn 0.99721 0.0695576 0.0270843
v -2.4731 1.8637 -0.63068
vn 0.992851 -0.056858 0.104946
v -2.4719 1.8864 -0.63068
vn 0.99651 -0.0117054 0.0826531
v -2.4757 1.8637 -0.60798
vn 0.989306 -0.037765 0.140884
v -2.4753 1.8864 -0.60798
vn 0.987323 -0.00994 0.158414
v -2.4722 1.9091 -0.63068
vn 0.991577 0.0440308 0.1218
v -2.4739 1.9318 -0.63068
vn 0.986209 0.10825 0.125198
v -2.482 1.7729 -0.58527
vn 0.98806 -0.0251839 0.151994
v -2.4845 1.7729 -0.56257
vn 0.994642 -0.0350505 0.0972525
v -2.4844 1.7956 -0.56257
vn 0.994242 -0.0175182 0.10572
v -2.4806 1.8183 -0.58527
vn 0.989336 -0.0298884 0.142551
v -2.4796 1.841 -0.58527
vn 0.991015 -0.0227031 0.131811
v -2.4838 1.8183 -0.56257
vn 0.991394 -0.0131004 0.130253
v -2.4831 1.841 -0.56257
vn 0.986629 -0.00217111 0.162966
v -2.4861 1.7729 -0.53986
vn 0.995631 -0.0358171 0.0862339
v -2.4861 1.7956 -0.53986
vn 0.995116 0.00438211 0.098613
v -2.4886 1.7729 -0.51716
vn 0.991042 -0.0308983 0.12993
v -2.4884 1.7956 -0.51716
vn 0.992566 0.00291295 0.121676
v -2.4868 1.8183 -0.53986
vn 0.993824 0.0183898 0.109433
v -2.4869 1.841 -0.53986
vn 0.991324 0.0168446 0.130357
v -2.4892 1.841 -0.51716
vn 0.99512 0.0180478 0.0970107
v -2.4795 1.8637 -0.58527
vn 0.986045 0.000720963 0.166478
v -2.4798 1.8864 -0.58527
vn 0.980413 -0.00802022 0.196787
v -2.4842 1.8637 -0.56257
vn 0.982517 0.0331848 0.183189
v -2.4848 1.8864 -0.56257
vn 0.982139 -0.00143935 0.188152
v -2.4793 1.9091 -0.58527
vn 0.984556 0.0238558 0.173438
v -2.4805 1.9318 -0.58527
vn 0.982291 0.097368 0.160073
v -2.4837 1.9091 -0.56257
vn 0.980224 -0.000721829 0.197888
v -2.4844 1.9318 -0.56257
vn 0.980386 0.0820534 0.179194
v -2.4886 1.8864 -0.53986
vn 0.992708 0.0367485 0.11481
v -2.4911 1.8864 -0.51716
vn 0.9922 0.0346561 0.119744
v -2.4886 1.9091 -0.53986
vn 0.985661 0.00433872 0.16868
v -2.4887 1.9318 -0.53986
vn 0.987127 0.0487595 0.152328
v -2.4927 1.9091 -0.51216
vn 0.991939 0.0167938 0.125598
v -2.4738 1.9545 -0.67609
vn 0.998132 0.0372872 0.0483899
v -2.4745 1.9773 -0.67609
vn 0.990505 0.0587718 0.124281
v -2.4751 1.9545 -0.65339
vn 0.989601 0.110926 0.0915717
v -2.4782 1.9773 -0.65339
vn 0.979664 0.127038 0.155304
v -2.4765 2 -0.67609
vn 0.977848 0.0696385 0.197394
v -2.4781 2.0227 -0.67609
vn 0.974142 0.0307533 0.223834
v -2.4809 2 -0.65339
vn 0.980121 0.0964308 0.17339
v -2.4828 2.0227 -0.65339
vn 0.986361 0.0354849 0.160725
v -2.4777 1.9545 -0.63068
vn 0.978721 0.159893 0.128606
v -2.4818 1.9773 -0.63068
vn 0.979556 0.144958 0.139486
v -2.4823 1.9545 -0.596625
vn 0.976876 0.159235 0.142682
v -2.4878 1.9773 -0.58527
vn 0.981296 0.141968 0.130015
v -2.4878 2 -0.60798
vn 0.985952 0.094825 0.137499
v -2.4861 2.0227 -0.63068
vn 0.991431 0.0167452 0.12955
v -2.4888 2.0227 -0.60798
vn 0.992461 0.00656073 0.122382
v -2.4777 2.0454 -0.67609
vn 0.970392 -0.0134345 0.241163
v -2.4775 2.0681 -0.67609
vn 0.973022 0.0917319 0.211691
v -2.4828 2.0454 -0.65339
vn 0.985163 -0.018085 0.170667
v -2.4819 2.0681 -0.65339
vn 0.982716 0.0526693 0.177469
v -2.4808 2.0908 -0.67609
vn 0.953186 0.245655 0.176322
v -2.4849 2.0908 -0.65339
vn 0.957951 0.240601 0.156337
v -2.4852 2.0681 -0.63068
vn 0.991613 0.02077 0.127566
v -2.4879 2.0454 -0.60798
vn 0.991956 -0.0123819 0.125978
v -2.4884 2.0681 -0.60798
vn 0.984965 0.094242 0.144786
v -2.4952 2.1135 -0.63068
vn 0.93624 0.331765 0.115697
v -2.4983 2.1135 -0.60798
vn 0.927854 0.346471 0.138003
v -2.4888 2.0908 -0.63068
vn 0.971189 0.187633 0.14692
v -2.4876 1.9545 -0.56257
vn 0.982102 0.123749 0.141991
v -2.4902 1.9773 -0.56257
vn 0.989218 0.103278 0.103838
v -2.4915 2.0227 -0.58527
vn 0.99572 0.0124 0.0915835
v -2.4905 2 -0.58527
vn 0.992061 0.0734942 0.102045
v -2.4905 1.9545 -0.53986
vn 0.989625 0.0891757 0.112647
v -2.4951 2.0227 -0.53986
vn 0.995603 0.0272725 0.0896184
v -2.4959 2 -0.51716
vn 0.994017 0.0717233 0.0823727
v -2.4976 2.0227 -0.51716
vn 0.991944 0.0575374 0.11286
v -2.4912 2.0454 -0.58527
vn 0.99485 0.00922506 0.100941
v -2.4962 2.0681 -0.53986
vn 0.987681 0.109851 0.111441
v -2.49235 2.071 -0.58527
vn 0.985155 0.11713 0.125502
v -2.4957 2.0908 -0.58527
vn 0.966223 0.222034 0.130823
v -2.5018 2.1135 -0.58527
vn 0.928482 0.344528 0.138642
v -2.4983 2.0908 -0.56257
vn 0.968775 0.222386 0.109631
v -2.5049 2.1135 -0.56257
vn 0.924806 0.35986 0.123432
v -2.4952 2.0454 -0.53986
vn 0.992601 0.0313367 0.117308
v -2.5 2.0681 -0.51716
vn 0.985913 0.0874717 0.14256
v -2.5009 2.0908 -0.53986
vn 0.960085 0.246718 0.131786
v -2.5084 2.1135 -0.53986
vn 0.934927 0.335743 0.114842
v -2.504 2.0908 -0.51716
vn 0.967891 0.225264 0.111547
v -2.5107 2.1135 -0.51716
vn 0.95205 0.298207 0.0683581
v -2.5381 2.1741 -0.85773
vn 0.469083 0.865246 0.176945
v -2.568 2.2043 -0.85773
vn 0.859279 0.509619 0.0439093
v -2.5608 2.1927 -0.83503
vn 0.757627 0.650581 0.0523954
v -2.5696 2.2043 -0.83503
vn 0.872374 0.487392 0.0375879
v -2.5608 2.1914 -0.81232
vn 0.776167 0.630092 0.0234311
v -2.5706 2.2043 -0.81232
vn 0.916442 0.40006 0.00928713
v -2.5381 2.1677 -0.78962
vn 0.546036 0.834671 0.0718987
v -2.5525 2.1816 -0.78962
vn 0.709791 0.703592 0.0340019
v -2.5608 2.19065 -0.778265
vn 0.80361 0.59492 0.0167539
v -2.5708 2.2043 -0.78962
vn 0.906825 0.421433 -0.00793354
v -2.4927 2.1486 -0.83503
vn 0.704055 0.65475 0.27497
v -2.4927 2.15875 -0.85829
vn 0.496914 0.82721 0.262298
v -2.5058 2.1589 -0.83503
vn 0.513893 0.824404 0.237217
v -2.4784 2.1362 -0.85773
vn 0.915247 0.348574 0.202037
v -2.4848 2.1362 -0.83503
vn 0.880156 0.430933 0.199054
v -2.5154 2.1667 -0.85773
vn 0.334932 0.926305 0.172568
v -2.4927 2.1629 -0.88044
vn 0.327696 0.928974 0.17211
v -2.5154 2.1628 -0.83503
vn 0.382248 0.913133 0.141689
v -2.4927 2.1395 -0.81232
vn 0.685744 0.698927 0.203114
v -2.5143 2.1589 -0.81232
vn 0.495694 0.853102 0.162802
v -2.5154 2.1589 -0.80615
vn 0.573784 0.815794 0.0724652
v -2.4903 2.1362 -0.81232
vn 0.867419 0.470415 0.162154
v -2.5789 2.227 -0.85773
vn 0.960356 0.278518 -0.0119862
v -2.5822 2.2497 -0.85773
vn 0.995618 0.0796762 -0.0489627
v -2.5785 2.227 -0.83503
vn 0.976017 0.217125 -0.0157616
v -2.5807 2.2497 -0.83503
vn 0.996425 0.0409665 -0.0738789
v -2.5823 2.2724 -0.85773
vn 0.996402 -0.0307239 -0.0789916
v -2.5796 2.2724 -0.83503
vn 0.992384 -0.0524619 -0.111453
v -2.5778 2.227 -0.78962
vn 0.987017 0.159436 -0.0194177
v -2.5787 2.2497 -0.81232
vn 0.998272 -0.0106777 -0.0577824
v -2.5778 2.2497 -0.78962
vn 0.998836 -0.045466 -0.0161331
v -2.5769 2.2724 -0.81232
vn 0.997911 -0.0276356 -0.058394
v -2.5761 2.2724 -0.78962
vn 0.999903 -0.0132168 -0.00440462
v -2.5381 2.165 -0.76691
vn 0.564506 0.821702 0.0783491
v -2.554 2.1816 -0.76691
vn 0.738593 0.671993 0.0539137
v -2.5705 2.2043 -0.74421
vn 0.910537 0.413406 0.00426465
v -2.5381 2.1631 -0.74421
vn 0.647698 0.760876 0.0394346
v -2.5557 2.1816 -0.74421
vn 0.75036 0.660203 0.0330497
v -2.5608 2.1889 -0.74421
vn 0.831118 0.555522 0.0252528
v -2.5381 2.1624 -0.7215
vn 0.669756 0.742538 -0.00801928
v -2.556 2.1816 -0.7215
vn 0.792648 0.60939 -0.0187637
v -2.571 2.2043 -0.7215
vn 0.918626 0.395078 -0.00632693
v -2.5381 2.1628 -0.6988
vn 0.693002 0.720072 -0.035273
v -2.5542 2.1816 -0.6988
vn 0.7668 0.639779 -0.0519612
v -2.5608 2.1905 -0.6988
vn 0.815552 0.576288 -0.0526058
v -2.5704 2.2043 -0.6988
vn 0.920087 0.387809 -0.055177
v -2.49315 2.13555 -0.76691
vn 0.788425 0.615085 0.00743338
v -2.5154 2.1557 -0.76691
vn 0.507402 0.859769 0.0577984
v -2.4927 2.1362 -0.76005
vn 0.773707 0.63295 -0.0274373
v -2.5154 2.1543 -0.74421
vn 0.463318 0.884916 0.0475435
v -2.4927 2.1378 -0.74421
vn 0.778865 0.627191 0
v -2.49315 2.1362 -0.72464
vn 0.764674 0.636342 0.101698
v -2.5154 2.1528 -0.7215
vn 0.534268 0.840292 0.0920123
v -2.5296 2.1589 -0.7215
vn 0.411515 0.909621 0.0569578
v -2.4927 2.1272 -0.6988
vn 0.866322 0.482126 0.130537
v -2.4986 2.1362 -0.6988
vn 0.672502 0.730408 0.119351
v -2.5154 2.1495 -0.6988
vn 0.561926 0.824696 0.064157
v -2.5315 2.1589 -0.6988
vn 0.487569 0.873074 0.00421603
v -2.5768 2.227 -0.76691
vn 0.979921 0.198575 -0.017985
v -2.5777 2.2497 -0.76691
vn 0.999993 0.00377408 0.000629995
v -2.5767 2.227 -0.74421
vn 0.986477 0.162973 0.0173802
v -2.5784 2.2497 -0.7215
vn 0.999812 0.0190119 0.00388795
v -2.5767 2.2724 -0.76691
vn 0.999731 -0.00733833 0.0220142
v -2.5779 2.2724 -0.732855
vn 0.99964 0.00937455 0.0251584
v -2.5776 2.227 -0.7215
vn 0.992761 0.11954 -0.01166
v -2.5765 2.227 -0.6988
vn 0.983992 0.168184 -0.0589419
v -2.5768 2.2497 -0.6988
vn 0.996706 0.0426555 -0.0689785
v -2.5782 2.2724 -0.6988
vn 0.997962 0.0596687 -0.022603
v -2.5381 2.1647 -0.67609
vn 0.731567 0.680284 -0.0449755
v -2.5521 2.1816 -0.67609
vn 0.775509 0.630808 -0.0258263
v -2.5608 2.193 -0.67609
vn 0.812114 0.583061 -0.0226191
v -2.5688 2.2043 -0.67609
vn 0.926906 0.37349 -0.0367427
v -2.5381 2.1651 -0.65339
vn 0.690552 0.722989 0.0205951
v -2.5528 2.1816 -0.65339
vn 0.769603 0.636234 0.0540213
v -2.5608 2.1926 -0.65339
vn 0.830142 0.556194 0.038891
v -2.5686 2.2043 -0.65339
vn 0.930379 0.366537 0.0067888
v -2.5381 2.1632 -0.63068
vn 0.697569 0.713228 0.0685723
v -2.5556 2.1816 -0.63068
vn 0.768425 0.636037 0.0705711
v -2.5608 2.1897 -0.63068
vn 0.856236 0.514462 0.0467861
v -2.5694 2.2043 -0.63068
vn 0.945384 0.3259 0.00612869
v -2.5381 2.1609 -0.60798
vn 0.721219 0.691555 0.0399315
v -2.5572 2.1816 -0.60798
vn 0.753515 0.656455 0.0358119
v -2.5608 2.1878 -0.60798
vn 0.882868 0.469526 0.00947624
v -2.569 2.2043 -0.60798
vn 0.947919 0.313541 -0.0560498
v -2.4927 2.1214 -0.67609
vn 0.882311 0.454265 0.12317
v -2.5014 2.1362 -0.67609
vn 0.739547 0.668834 0.0757113
v -2.5154 2.1479 -0.67609
vn 0.628722 0.777363 0.020392
v -2.5303 2.1589 -0.67609
vn 0.568157 0.82282 -0.0128483
v -2.5029 2.1362 -0.65339
vn 0.834572 0.54537 0.077846
v -2.5154 2.148 -0.65339
vn 0.662152 0.748773 0.0298958
v -2.5293 2.1589 -0.65339
vn 0.603278 0.797375 0.0157914
v -2.5051 2.1362 -0.63068
vn 0.843062 0.528294 0.100754
v -2.5154 2.1466 -0.63068
vn 0.658676 0.749249 0.0690812
v -2.5311 2.1589 -0.63068
vn 0.591495 0.802541 0.0778555
v -2.5085 2.1362 -0.60798
vn 0.867678 0.476747 0.14088
v -2.5154 2.1439 -0.60798
vn 0.646174 0.757113 0.096119
v -2.5745 2.227 -0.67609
vn 0.98947 0.137851 -0.0441256
v -2.575 2.2497 -0.67609
vn 0.997653 0.0597705 -0.0333992
v -2.5742 2.227 -0.65339
vn 0.987349 0.158326 0.00869618
v -2.5751 2.2497 -0.65339
vn 0.998476 0.0520523 0.018322
v -2.5771 2.2724 -0.67609
vn 0.994885 0.0920384 -0.0416295
v -2.5767 2.2724 -0.65339
vn 0.996633 0.0797613 0.0190208
v -2.5746 2.227 -0.63068
vn 0.992023 0.126002 -0.00363899
v -2.5778 2.2724 -0.63068
vn 0.996675 0.0742723 0.0335048
v -2.5734 2.227 -0.60798
vn 0.982037 0.170881 -0.0800166
v -2.5762 2.2497 -0.60798
vn 0.992484 0.119928 -0.0243536
v -2.5791 2.2724 -0.60798
vn 0.995355 0.0903261 0.0333201
v -2.5395 2.1589 -0.56257
vn 0.744646 0.662777 0.0789263
v -2.557 2.1816 -0.58527
vn 0.788479 0.61506 -0.00153063
v -2.556 2.1816 -0.56257
vn 0.882828 0.469056 -0.0245046
v -2.5666 2.2043 -0.58527
vn 0.96832 0.227788 -0.102317
v -2.5608 2.1938 -0.56257
vn 0.938604 0.341659 -0.0478787
v -2.5641 2.2043 -0.56257
vn 0.980093 0.190627 -0.0554814
v -2.542 2.1589 -0.53986
vn 0.764323 0.641986 0.0605347
v -2.5438 2.1589 -0.51716
vn 0.77153 0.634196 0.0503588
v -2.5559 2.1816 -0.53986
vn 0.893421 0.448598 0.0236276
v -2.5636 2.2043 -0.53986
vn 0.96913 0.246314 0.0108187
v -2.5567 2.1816 -0.51716
vn 0.875018 0.480597 0.0580462
v -2.5608 2.1924 -0.51716
vn 0.942944 0.327498 0.0600141
v -2.5646 2.2043 -0.51716
vn 0.984466 0.168625 0.0489062
v -2.5154 2.1403 -0.58527
vn 0.678206 0.723039 0.131345
v -2.5154 2.1296 -0.53986
vn 0.89748 0.430191 0.0972905
v -2.5191 2.1362 -0.53986
vn 0.745616 0.663595 0.0608153
v -2.5154 2.1257 -0.51716
vn 0.91007 0.410093 0.0599721
v -2.5714 2.2497 -0.56257
vn 0.97646 0.172059 -0.130085
v -2.5743 2.2497 -0.58527
vn 0.977514 0.178709 -0.111939
v -2.5675 2.227 -0.56257
vn 0.984974 0.145354 -0.0932708
v -2.5789 2.2724 -0.58527
vn 0.989043 0.134442 -0.0609796
v -2.5761 2.2724 -0.56257
vn 0.974117 0.160922 -0.158744
v -2.5665 2.227 -0.53986
vn 0.995194 0.0964527 -0.0169075
v -2.5684 2.2497 -0.53986
vn 0.989409 0.117684 -0.0849757
v -2.5666 2.227 -0.51716
vn 0.998016 0.0509974 0.0369232
v -2.567 2.2497 -0.51716
vn 0.998399 0.056439 -0.00366233
v -2.5714 2.2724 -0.53986
vn 0.980967 0.142615 -0.131777
v -2.5695 2.2724 -0.51716
vn 0.99545 0.0929953 -0.0207513
v -2.4958 1.7729 -0.47175
vn 0.988396 0.0127463 0.151362
v -2.4922 1.7956 -0.49445
vn 0.98804 -0.0215172 0.152692
v -2.4947 1.8183 -0.47175
vn 0.986106 -0.021485 0.164721
v -2.4913 1.8183 -0.49445
vn 0.991011 -0.0159207 0.132832
v -2.4911 1.841 -0.49445
vn 0.991458 0.0241727 0.128164
v -2.4987 1.841 -0.44904
vn 0.983214 0.0145481 0.181875
v -2.4995 1.7956 -0.44904
vn 0.983382 -0.00812409 0.181366
v -2.5031 1.7729 -0.42634
vn 0.986397 0.0405597 0.159295
v -2.504 1.7956 -0.42634
vn 0.987135 0.015656 0.159118
v -2.4988 1.8183 -0.44904
vn 0.980773 -0.0172852 0.194385
v -2.5037 1.8183 -0.42634
vn 0.983943 -0.00804979 0.178302
v -2.5038 1.841 -0.42634
vn 0.983403 0.00938521 0.181191
v -2.4955 1.8637 -0.47175
vn 0.987084 0.0410152 0.154867
v -2.4965 1.8864 -0.47175
vn 0.995279 0.000194312 0.097057
v -2.4945 1.9091 -0.49445
vn 0.995357 0.0142356 0.0951906
v -2.4945 1.9545 -0.49445
vn 0.996997 0.0132115 0.0763054
v -2.4958 1.9318 -0.47175
vn 0.996134 0.00438647 0.0877429
v -2.4993 1.8637 -0.44904
vn 0.983994 -0.00246853 0.178185
v -2.4992 1.8864 -0.44904
vn 0.987346 -0.0191399 0.157424
v -2.5038 1.8637 -0.42634
vn 0.984162 -0.0101154 0.176984
v -2.4982 1.9091 -0.44904
vn 0.989938 -0.0123592 0.14096
v -2.4987 1.9318 -0.44904
vn 0.982444 0.0353454 0.183177
v -2.5031 1.9091 -0.42634
vn 0.98051 0.0104918 0.19619
v -2.5054 1.9545 -0.42634
vn 0.978839 0.0414319 0.200395
v -2.5064 1.7729 -0.40363
vn 0.989606 0.031973 0.140203
v -2.507 1.7956 -0.40363
vn 0.99367 0.00145796 0.112328
v -2.5092 1.7729 -0.38093
vn 0.994665 -0.0138801 0.102217
v -2.5087 1.7956 -0.38093
vn 0.996516 0.0105323 0.0827335
v -2.5069 1.8183 -0.40363
vn 0.992866 0.0102067 0.118799
v -2.5075 1.85235 -0.40363
vn 0.991063 0.00945864 0.133062
v -2.5103 1.8637 -0.38093
vn 0.996087 0.0155457 0.0870039
v -2.5117 1.7729 -0.35822
vn 0.992958 -0.0456151 0.109334
v -2.5104 1.7956 -0.35822
vn 0.995777 -0.0146201 0.0906327
v -2.5129 1.7956 -0.33552
vn 0.994305 -0.0246868 0.103677
v -2.5107 1.8183 -0.35822
vn 0.996925 0.0153693 0.0768364
v -2.5124 1.8183 -0.33552
vn 0.994358 0.00651705 0.10588
v -2.5131 1.841 -0.33552
vn 0.995574 0.021288 0.091538
v -2.5072 1.9091 -0.40363
vn 0.988672 0.0026527 0.150069
v -2.5102 1.8864 -0.38093
vn 0.996695 -0.00878139 0.0807599
v -2.508 1.9318 -0.40363
vn 0.991112 0.0385665 0.127317
v -2.5099 1.9091 -0.38093
vn 0.996675 -0.0065886 0.0812094
v -2.5097 1.9318 -0.38093
vn 0.998192 0.0211047 0.0562789
v -2.5135 1.8637 -0.33552
vn 0.995472 0.00649478 0.0948308
v -2.5133 1.8864 -0.33552
vn 0.996134 -0.017551 0.0860725
v -2.5114 1.9091 -0.35822
vn 0.997527 -0.0207148 0.0671587
v -2.5107 1.9318 -0.35822
vn 0.998235 -0.00219903 0.0593475
v -2.5127 1.9091 -0.33552
vn 0.995686 -0.01081 0.0921497
v -2.5127 1.9318 -0.33552
vn 0.994979 0.00893939 0.0996883
v -2.4974 1.9773 -0.47175
vn 0.993687 0.0687953 0.0886207
v -2.4963 1.9545 -0.47175
vn 0.993039 0.040013 0.110781
v -2.5001 2.0227 -0.49445
vn 0.991639 0.0877327 0.0946269
v -2.4997 2 -0.47175
vn 0.990101 0.101771 0.0966621
v -2.5023 2.0227 -0.47175
vn 0.989617 0.0835429 0.116959
v -2.4998 1.9545 -0.44904
vn 0.97969 0.0325958 0.197849
v -2.5001 1.9773 -0.44904
vn 0.984517 0.0597487 0.164793
v -2.5057 1.9773 -0.42634
vn 0.977586 0.0331397 0.20791
v -2.5021 2 -0.44904
vn 0.980699 0.105129 0.164854
v -2.5056 2.0227 -0.44904
vn 0.983194 0.101783 0.15156
v -2.5067 2 -0.42634
vn 0.983405 0.0714724 0.166753
v -2.5089 2.0227 -0.42634
vn 0.991373 0.0655062 0.113524
v -2.5032 2.0681 -0.49445
vn 0.990011 0.0843024 0.11301
v -2.5054 2.0681 -0.47175
vn 0.990306 0.0694425 0.1203
v -2.506 2.0908 -0.49445
vn 0.978678 0.188985 0.0804589
v -2.5117 2.1135 -0.49445
vn 0.960662 0.268902 0.0694268
v -2.508 2.0908 -0.47175
vn 0.978165 0.184003 0.0966278
v -2.508 2.0681 -0.44904
vn 0.989486 0.0741032 0.124204
v -2.5102 2.0454 -0.42634
vn 0.993277 0.0517811 0.103536
v -2.5112 2.0681 -0.42634
vn 0.989968 0.0770798 0.118411
v -2.5105 2.0908 -0.44904
vn 0.982041 0.153218 0.110089
v -2.519 2.1135 -0.40363
vn 0.961129 0.262999 0.0840439
v -2.5094 1.9545 -0.40363
vn 0.992647 0.0349098 0.115899
v -2.5099 1.9773 -0.40363
vn 0.994243 0.0174889 0.105708
v -2.5104 1.9545 -0.38093
vn 0.998654 0.0307274 0.0417918
v -2.5114 1.9773 -0.38093
vn 0.999028 0.0210691 0.0387113
v -2.5099 2 -0.40363
vn 0.995486 0.0263114 0.0911906
v -2.5103 2.0227 -0.40363
vn 0.997706 0.0395603 0.0549289
v -2.5112 2 -0.38093
vn 0.999112 -0.000630056 0.0421183
v -2.5118 2.0227 -0.35822
vn 0.998942 0.0155853 0.0432629
v -2.511 1.9545 -0.35822
vn 0.9977 0.0285066 0.0614943
v -2.5118 1.9773 -0.35822
vn 0.998658 0.0109733 0.0506096
v -2.51452 1.9545 -0.32539
vn 0.994682 0.00956208 0.102553
v -2.5133 1.98865 -0.33552
vn 0.996787 -0.000881636 0.0800886
v -2.5135 2.0227 -0.33552
vn 0.996512 0.0279899 0.0786169
v -2.512 2.0454 -0.40363
vn 0.995199 0.0737978 0.0642868
v -2.514 2.0681 -0.40363
vn 0.993352 0.086135 0.0763717
v -2.5128 2.0454 -0.38093
vn 0.996013 0.0850546 0.0268861
v -2.5176 2.0908 -0.38093
vn 0.988916 0.128845 0.0737887
v -2.522 2.1135 -0.369575
vn 0.94828 0.306345 0.0831796
v -2.5129 2.0454 -0.35822
vn 0.995904 0.0809194 0.0403483
v -2.5154 2.0653 -0.35822
vn 0.988599 0.140201 0.0549133
v -2.5143 2.0454 -0.33552
vn 0.993049 0.0687549 0.0955338
v -2.5154 2.0544 -0.33552
vn 0.986657 0.143671 0.0765884
v -2.5192 2.0908 -0.35822
vn 0.985603 0.151423 0.0752146
v -2.5212 2.0908 -0.33552
vn 0.983214 0.16531 0.0772251
v -2.5254 2.1135 -0.33552
vn 0.945898 0.313209 0.0847118
v -2.51575 1.80695 -0.31281
vn 0.993535 -0.00359306 0.113466
v -2.51555 1.841 -0.314055
vn 0.993391 0.0113624 0.114212
v -2.5181 1.841 -0.29011
vn 0.995026 0.0142394 0.0985946
v -2.5197 1.8183 -0.2674
vn 0.992951 0.0211447 0.116623
v -2.5187 1.8637 -0.29011
vn 0.98998 0.0340957 0.137032
v -2.523 1.8183 -0.2447
vn 0.984973 0.0347124 0.169184
v -2.5243 1.841 -0.2447
vn 0.985854 0.0477725 0.160652
v -2.5158 1.8864 -0.31281
vn 0.99145 -0.0102461 0.130087
v -2.51955 1.9318 -0.278755
vn 0.99297 -0.0127921 0.117677
v -2.5222 1.8637 -0.2674
vn 0.988751 0.034843 0.145458
v -2.5223 1.8864 -0.2674
vn 0.990269 -0.0170887 0.138113
v -2.5253 1.8637 -0.2447
vn 0.991241 0.0112267 0.13159
v -2.5253 1.8864 -0.2447
vn 0.991718 -0.0232966 0.126301
v -2.5238 1.9318 -0.2447
vn 0.990209 -0.0145409 0.138831
v -2.5278 1.82965 -0.22199
vn 0.981683 0.0188276 0.189588
v -2.52795 1.87505 -0.22199
vn 0.98955 -0.0104623 0.143811
v -2.5272 1.9318 -0.22199
vn 0.987965 -0.00970416 0.15437
v -2.5178 1.9773 -0.29011
vn 0.992991 -0.00491447 0.118092
v -2.5181 2.0227 -0.29011
vn 0.992436 0.0143138 0.121928
v -2.52375 1.9659 -0.2447
vn 0.990532 0.00333929 0.137241
v -2.5225 2 -0.25605
vn 0.991911 -0.00697075 0.12674
v -2.521 2.0227 -0.2674
vn 0.993763 0.00875409 0.111166
v -2.5233 2.0227 -0.2447
vn 0.993947 -0.00948859 0.10945
v -2.5193 2.0681 -0.31281
vn 0.988324 0.129127 0.080885
v -2.52005 2.0454 -0.278755
vn 0.993964 0.0525369 0.096308
v -2.521 2.0681 -0.29011
vn 0.991733 0.100845 0.0793526
v -2.5225 2.0908 -0.31281
vn 0.984325 0.164778 0.0628608
v -2.5272 2.1135 -0.31281
vn 0.944562 0.321799 0.0651749
v -2.5238 2.0908 -0.29011
vn 0.98352 0.164639 0.0747189
v -2.5286 2.1135 -0.29011
vn 0.947432 0.314597 0.0583168
v -2.5232 2.0454 -0.2447
vn 0.994557 0.0292087 0.100018
v -2.5246 2.0681 -0.2447
vn 0.990738 0.09456 0.0974492
v -2.5305 2.1135 -0.2674
vn 0.955932 0.279306 0.0904591
v -2.5276 2.0908 -0.2447
vn 0.978526 0.177453 0.104869
v -2.5354 2.1135 -0.22199
vn 0.961311 0.251967 0.111329
v -2.52695 1.98865 -0.22199
vn 0.984003 -0.0126317 0.177704
v -2.5258 2.0454 -0.22199
vn 0.986412 0.0081342 0.164088
v -2.5273 2.0681 -0.22199
vn 0.981049 0.0943614 0.169231
v -2.5303 2.0908 -0.22199
vn 0.973217 0.171645 0.15293
v -2.5381 2.1518 -0.49445
vn 0.703138 0.708915 0.0551012
v -2.54575 2.1589 -0.4831
vn 0.826637 0.560071 0.0546945
v -2.5381 2.1476 -0.44904
vn 0.726901 0.684541 0.0549437
v -2.5608 2.187 -0.49445
vn 0.943004 0.327491 0.0590945
v -2.5666 2.2043 -0.49445
vn 0.984442 0.16665 0.0556942
v -2.56068 2.1819 -0.466565
vn 0.915507 0.39979 0.0448871
v -2.5672 2.2043 -0.47175
vn 0.986448 0.163281 0.0161276
v -2.5479 2.1589 -0.44904
vn 0.822356 0.568258 0.0285052
v -2.5381 2.1462 -0.42634
vn 0.759648 0.649209 0.0382392
v -2.5614 2.1816 -0.44904
vn 0.921408 0.387587 0.0279977
v -2.5671 2.2043 -0.44904
vn 0.991602 0.129188 -0.00600715
v -2.5619 2.1816 -0.42634
vn 0.929019 0.370019 -0.00306546
v -2.5666 2.2043 -0.42634
vn 0.996711 0.0702558 -0.0403907
v -2.5154 2.1238 -0.49445
vn 0.907821 0.411018 0.0832151
v -2.5219 2.1362 -0.49445
vn 0.795538 0.601644 0.071725
v -2.5266 2.1362 -0.44904
vn 0.838421 0.540307 0.071546
v -2.5676 2.227 -0.49445
vn 0.999561 0.0198141 0.0220121
v -2.5676 2.2497 -0.49445
vn 0.998547 0.052056 0.0139282
v -2.5675 2.227 -0.47175
vn 0.999904 0.00734024 -0.0117439
v -2.5679 2.2497 -0.47175
vn 0.998814 0.0461978 -0.0153968
v -2.5686 2.2724 -0.44904
vn 0.998434 0.0328422 -0.0452916
v -2.5661 2.227 -0.42634
vn 0.999266 -5.35277e-05 -0.0382979
v -2.5671 2.2497 -0.44904
vn 0.998428 0.0377044 -0.0414618
v -2.5656 2.2724 -0.40363
vn 0.999349 0.0142372 -0.0331589
v -2.5668 2.2724 -0.42634
vn 0.997685 0.0307619 -0.0606422
v -2.5381 2.1442 -0.39228
vn 0.80561 0.59196 0.0239935
v -2.5486 2.1589 -0.40363
vn 0.835131 0.550028 0.00505449
v -2.5484 2.1589 -0.38093
vn 0.851904 0.523636 -0.0080846
v -2.5618 2.1816 -0.40363
vn 0.940434 0.339428 -0.0193253
v -2.5651 2.2043 -0.40363
vn 0.995631 0.079575 -0.0488614
v -2.56325 2.2043 -0.369575
vn 0.997773 0.0237081 -0.0623429
v -2.5381 2.1425 -0.35822
vn 0.840375 0.539836 0.0484516
v -2.5483 2.1589 -0.35822
vn 0.882794 0.469692 -0.0080002
v -2.53715 2.13765 -0.33552
vn 0.884057 0.462828 0.0650597
v -2.5491 2.1589 -0.33552
vn 0.909799 0.414935 0.00971243
v -2.5578 2.1816 -0.33552
vn 0.945242 0.320505 -0.0615898
v -2.5608 2.1886 -0.35822
vn 0.988435 0.134401 -0.0702365
v -2.5606 2.2043 -0.33552
vn 0.994853 0.0635492 -0.0789256
v -2.5312 2.1362 -0.39228
vn 0.855115 0.5145 0.0637883
v -2.5335 2.1362 -0.35822
vn 0.887381 0.45325 0.0843752
v -2.5645 2.227 -0.40363
vn 0.998059 0.0150212 -0.0604405
v -2.5656 2.2497 -0.40363
vn 0.999155 0.0234724 -0.0337383
v -2.5647 2.2497 -0.38093
vn 0.997379 0.0585804 -0.0424636
v -2.5656 2.2724 -0.38093
vn 0.999663 0.0234899 -0.0110088
v -2.5635 2.2497 -0.35822
vn 0.99531 0.0884745 -0.0391149
v -2.5628 2.2497 -0.33552
vn 0.993413 0.10724 -0.0403771
v -2.5654 2.2724 -0.35822
vn 0.998393 0.0564432 -0.00512789
v -2.5655 2.2724 -0.33552
vn 0.995698 0.0908644 -0.0181678
v -2.538 2.1364 -0.31281
vn 0.905201 0.424199 0.0258077
v -2.5491 2.1589 -0.31281
vn 0.928982 0.369498 -0.0215236
v -2.5481 2.1589 -0.29011
vn 0.945254 0.325032 -0.0291328
v -2.5561 2.1816 -0.31281
vn 0.97516 0.208361 -0.0751605
v -2.5583 2.2043 -0.31281
vn 0.990944 0.0938578 -0.0960196
v -2.5538 2.1816 -0.29011
vn 0.980955 0.178609 -0.0763249
v -2.5558 2.2043 -0.29011
vn 0.991869 0.0983138 -0.0808159
v -2.53875 2.1347 -0.2674
vn 0.930335 0.359923 0.0702359
v -2.5478 2.1589 -0.2674
vn 0.962565 0.270935 0.00790947
v -2.5413 2.1362 -0.2447
vn 0.943913 0.323852 0.0643973
v -2.5477 2.1589 -0.2447
vn 0.980903 0.194449 -0.00432061
v -2.552 2.1816 -0.2674
vn 0.985034 0.164031 -0.0529277
v -2.5544 2.2043 -0.2674
vn 0.992411 0.111793 -0.051203
v -2.5509 2.1816 -0.2447
vn 0.991445 0.125411 -0.0361833
v -2.5534 2.2043 -0.2447
vn 0.99128 0.120526 -0.0532634
v -2.56 2.227 -0.31281
vn 0.996475 0.0536947 -0.0644512
v -2.5608 2.2394 -0.31281
vn 0.993083 0.0906992 -0.074559
v -2.5581 2.227 -0.29011
vn 0.994189 0.0865456 -0.0640141
v -2.5608 2.2627 -0.29011
vn 0.995445 0.0845838 -0.0439974
v -2.5642 2.2724 -0.31281
vn 0.990036 0.122785 -0.0689362
v -2.5619 2.2724 -0.29011
vn 0.986005 0.16123 -0.0424129
v -2.5595 2.2497 -0.2674
vn 0.994129 0.105692 -0.0231689
v -2.5566 2.227 -0.2447
vn 0.989751 0.135787 -0.044218
v -2.5608 2.2558 -0.2447
vn 0.990075 0.139217 -0.0192158
v -2.5618 2.2724 -0.2674
vn 0.990832 0.132917 0.0241907
v -2.5631 2.2724 -0.2447
vn 0.992287 0.123853 -0.00520734
v -2.5381 2.1221 -0.22199
vn 0.955637 0.282108 0.0846936
v -2.5424 2.1362 -0.22199
vn 0.965604 0.257498 0.0361101
v -2.5473 2.1589 -0.22199
vn 0.987619 0.15663 -0.0086982
v -2.5502 2.1816 -0.22199
vn 0.99358 0.108696 -0.0313607
v -2.5547 2.227 -0.22199
vn 0.991513 0.112785 -0.0646652
v -2.5582 2.2497 -0.22199
vn 0.984417 0.155848 -0.0814525
v -2.5608 2.2641 -0.22199
vn 0.984433 0.158595 -0.075752
v -2.5622 2.2724 -0.22199
vn 0.991348 0.111926 -0.0685751
v -2.5608 2.2724 -0.21145
vn 0.984392 0.10068 -0.144349
v -2.6744 1.1826 -0.98748
vn -0.0119146 0.0237706 0.999646
v -2.6744 1.2053 -0.9878
vn -0.00703917 0.0514724 0.99865
v -2.629 1.1826 -0.98797
vn -0.00993126 0.0362828 0.999292
v -2.6517 1.2053 -0.98823
vn 0.000660726 0.0146829 0.999892
v -2.6176 1.2053 -0.988025
vn -0.00777661 0.00753467 0.999941
v -2.6744 1.228 -0.99007
vn -0.0331805 0.0608665 0.997594
v -2.6744 1.2507 -0.99057
vn -0.0594488 -0.0596369 0.996448
v -2.6517 1.228 -0.9888
vn -0.0430497 0.0197283 0.998878
v -2.629 1.228 -0.98811
vn -0.0244223 -0.0200722 0.9995
v -2.6517 1.2507 -0.98819
vn -0.0847975 -0.115535 0.989677
v -2.629 1.2507 -0.98662
vn -0.0563074 -0.15281 0.98665
v -2.6744 1.2734 -0.98664
vn -0.103556 -0.233943 0.96672
v -2.6744 1.2961 -0.97943
vn -0.128692 -0.328607 0.935658
v -2.6517 1.2734 -0.98356
vn -0.116901 -0.263959 0.957424
v -2.629 1.2734 -0.98088
vn -0.1092 -0.300184 0.94761
v -2.6517 1.2961 -0.97589
vn -0.148353 -0.340677 0.928402
v -2.62905 1.29608 -0.97123
vn -0.229828 -0.59657 0.76895
v -2.6831 1.3188 -0.97126
vn -0.138664 -0.366888 0.919873
v -2.66305 1.3105 -0.97126
vn -0.199969 -0.471685 0.858793
v -2.62975 1.31835 -0.94855
vn -0.349093 -0.830062 0.434892
v -2.6517 1.3188 -0.96233
vn -0.314123 -0.668646 0.673972
v -2.6702 1.3415 -0.94855
vn -0.374836 -0.587668 0.717039
v -2.6744 1.3188 -0.96935
vn -0.306374 -0.66384 0.68224
v -2.6517 1.3297 -0.94855
vn -0.361826 -0.749114 0.554897
v -2.629 1.3254 -0.92585
vn -0.430557 -0.858649 0.278105
v -2.6062 1.1826 -0.98735
vn -0.00521731 0.0315443 0.999489
v -2.5608 1.1826 -0.98732
vn 0.0110856 0.0249792 0.999627
v -2.5835 1.2053 -0.98804
vn 0.00824315 0.0188133 0.999789
v -2.5608 1.2053 -0.98852
vn 0.0413522 0.0343118 0.998555
v -2.6062 1.228 -0.9878
vn -0.00790478 -0.0429319 0.999047
v -2.5835 1.228 -0.98792
vn 0.0438449 -0.0428392 0.998119
v -2.6062 1.2507 -0.98579
vn -0.0280441 -0.189229 0.981532
v -2.5835 1.2507 -0.98573
vn 0.0530857 -0.250669 0.966616
v -2.5608 1.228 -0.98978
vn 0.120123 -0.0242656 0.992462
v -2.5608 1.2507 -0.98833
vn 0.120568 -0.134109 0.983605
v -2.5381 1.2507 -0.9924
vn 0.153292 -0.0413729 0.987314
v -2.5303 1.228 -0.99397
vn 0.130962 -0.0253229 0.991064
v -2.6062 1.2734 -0.97864
vn -0.0481066 -0.313963 0.948216
v -2.5835 1.2734 -0.97748
vn 0.0496224 -0.341158 0.938695
v -2.5608 1.2734 -0.98104
vn 0.127327 -0.321211 0.938409
v -2.5381 1.3275 -0.94855
vn 0.81378 -0.532381 0.233093
v -2.5493 1.3188 -0.92585
vn 0.834992 -0.548744 0.0408453
v -2.5381 1.3358 -0.92585
vn 0.85139 -0.519525 0.072308
v -2.5466 1.3188 -0.90314
vn 0.831154 -0.54956 -0.0846593
v -2.5381 1.3324 -0.90314
vn 0.841496 -0.53024 -0.103588
v -2.5453 1.3188 -0.88044
vn 0.779382 -0.626342 -0.0161151
v -2.5381 1.3282 -0.88044
vn 0.811199 -0.581594 -0.060856
v -2.5294 1.3415 -0.94855
vn 0.77613 -0.520866 0.355416
v -2.5307 1.3188 -0.97126
vn 0.676309 -0.539977 0.50103
v -2.5154 1.3376 -0.97126
vn 0.656495 -0.538356 0.528381
v -2.5154 1.3415 -0.96807
vn 0.597355 -0.507755 0.620767
v -2.5058 1.3415 -0.97126
vn 0.249106 -0.613171 0.749645
v -2.5352 1.3415 -0.92585
vn 0.859777 -0.505577 0.0719463
v -2.5214 1.3642 -0.92585
vn 0.85231 -0.518151 0.0713215
v -2.5332 1.3415 -0.90314
vn 0.818254 -0.565026 -0.105856
v -2.5284 1.3415 -0.88044
vn 0.73657 -0.666975 -0.112288
v -2.4473 1.3415 -0.90552
vn 0.673364 -0.735555 -0.0744329
v -2.5154 1.3521 -0.88044
vn 0.627038 -0.769012 -0.124276
v -2.446 1.3415 -0.88044
vn 0.887828 -0.45994 0.0146782
v -2.4334 1.3642 -0.90314
vn 0.943562 -0.325669 0.0602465
v -2.4345 1.3642 -0.88044
vn 0.943545 -0.328358 0.043636
v -2.4306 1.3869 -0.88044
vn 0.987322 -0.119599 0.104363
v -2.428 1.3869 -0.90314
vn 0.981819 -0.135711 0.132716
v -2.4246 1.4733 -0.92585
vn 0.976614 0.118742 0.179238
v -2.4246 1.5004 -0.93582
vn 0.955872 0.0760679 0.283764
v -2.4246 1.4096 -0.9068
vn 0.978702 -0.0529276 0.198344
v -2.4247 1.4323 -0.903655
vn 0.981479 0.0177399 0.190746
v -2.4194 1.4323 -0.92585
vn 0.973052 0.0500926 0.225079
v -2.4291 1.4096 -0.88044
vn 0.987055 -0.0447205 0.154024
v -2.4286 1.4323 -0.88044
vn 0.987087 0.00782523 0.159994
v -2.4246 1.455 -0.91301
vn 0.983201 0.0833785 0.162369
v -2.4286 1.4777 -0.90314
vn 0.986967 0.0999792 0.126098
v -2.4289 1.455 -0.88044
vn 0.98825 0.0653032 0.138192
v -2.4276 1.5004 -0.92585
vn 0.981724 0.066794 0.178203
v -2.4278 1.5231 -0.92585
vn 0.981467 0.00734373 0.191489
v -2.4246 1.5459 -0.93372
vn 0.945829 -0.0103929 0.3245
v -2.4273 1.5686 -0.92585
vn 0.972223 0.0023404 0.234044
v -2.4308 1.5004 -0.90314
vn 0.991943 0.0575332 0.112864
v -2.432 1.5459 -0.90314
vn 0.991712 0.0216815 0.126642
v -2.4324 1.5004 -0.88044
vn 0.993645 0.0423135 0.104303
v -2.4327 1.5686 -0.90314
vn 0.984212 0.0317939 0.174114
v -2.4341 1.5459 -0.88044
vn 0.99582 0.0459615 0.0789311
v -2.4356 1.5686 -0.88044
vn 0.99546 0.0460485 0.0833035
v -2.4278 1.5913 -0.92585
vn 0.972652 0.0214227 0.231276
v -2.4332 1.5913 -0.90314
vn 0.989178 0.0095884 0.146406
v -2.4363 1.5913 -0.88044
vn 0.995902 0.0131652 0.0894782
v -2.4356 1.614 -0.88044
vn 0.99565 -0.0463696 0.0808119
v -2.4333 1.614 -0.90314
vn 0.995796 -0.0263181 0.0877359
v -2.4342 1.6367 -0.88044
vn 0.99839 -0.0241928 0.0513044
v -2.4328 1.6367 -0.90314
vn 0.998082 -0.00659374 0.0615554
v -2.433 1.6594 -0.90314
vn 0.997024 0.0541261 0.0548948
v -2.4341 1.6594 -0.88044
vn 0.998814 0.0388585 0.0293251
v -2.4362 1.6821 -0.88044
vn 0.994809 0.0934944 0.0401656
v -2.4364 1.7048 -0.90314
vn 0.994933 0.0584424 0.0818149
v -2.4385 1.7048 -0.88044
vn 0.994754 0.0745036 0.0701005
v -2.4327 1.7502 -0.92585
vn 0.97353 0.0793409 0.214345
v -2.4377 1.7502 -0.90314
vn 0.981423 0.0734972 0.177221
v -2.4365 1.7275 -0.90314
vn 0.987965 0.0413494 0.149049
v -2.4398 1.7275 -0.88044
vn 0.99282 0.0612322 0.102757
v -2.4411 1.7502 -0.88044
vn 0.993784 0.0532623 0.0977539
v -2.5458 1.3188 -0.85773
vn 0.760425 -0.648307 -0.038117
v -2.5381 1.3275 -0.85773
vn 0.751118 -0.658343 -0.049045
v -2.5381 1.326 -0.83503
vn 0.740684 -0.670255 -0.0463187
v -2.542 1.3188 -0.81232
vn 0.697365 -0.716193 -0.0273987
v -2.5381 1.3242 -0.81232
vn 0.770641 -0.637241 -0.00595471
v -2.5608 1.3013 -0.78962
vn 0.570791 -0.817848 -0.0729576
v -2.5835 1.3025 -0.81232
vn 0.0524966 -0.993086 -0.104992
v -2.5608 1.3037 -0.81232
vn 0.484104 -0.872249 -0.0694667
v -2.5414 1.3188 -0.78962
vn 0.698355 -0.715155 -0.0292017
v -2.5242 1.3415 -0.85773
vn 0.684013 -0.723005 -0.0969046
v -2.5216 1.3415 -0.78962
vn 0.721609 -0.692241 0.00914625
v -2.5641 1.2961 -0.76691
vn 0.570144 -0.818013 -0.0760954
v -2.5608 1.2984 -0.76691
vn 0.710412 -0.702074 -0.0490648
v -2.5412 1.3188 -0.76691
vn 0.751802 -0.658653 -0.0311615
v -2.5381 1.3248 -0.76691
vn 0.683367 -0.729956 -0.0131594
v -2.5622 1.2961 -0.74421
vn 0.590612 -0.806906 0.00894938
v -2.5608 1.2972 -0.74421
vn 0.726027 -0.687651 -0.0045437
v -2.5407 1.3188 -0.74421
vn 0.742028 -0.670198 -0.0151291
v -2.5381 1.3237 -0.74421
vn 0.596728 -0.801248 -0.0437816
v -2.5608 1.2981 -0.7215
vn 0.702944 -0.711201 0.00797324
v -2.5398 1.3188 -0.7215
vn 0.713947 -0.700197 -0.00191487
v -2.5381 1.3218 -0.7215
vn 0.632128 -0.774533 -0.0226626
v -2.5645 1.2961 -0.6988
vn 0.574925 -0.818181 -0.00632993
v -2.5608 1.2987 -0.6988
vn 0.689426 -0.724355 0.00084789
v -2.5403 1.3188 -0.67609
vn 0.73346 -0.679733 0.000482955
v -2.5381 1.3224 -0.6988
vn 0.614515 -0.787791 0.0419151
v -2.5154 1.337 -0.74421
vn 0.201891 -0.979285 0.0155257
v -2.5154 1.3363 -0.7215
vn 0.404264 -0.914636 0.00335746
v -2.5154 1.3379 -0.6988
vn 0.327096 -0.941782 0.0778138
v -2.563 1.2961 -0.67609
vn 0.603405 -0.797398 -0.007657
v -2.5608 1.2978 -0.67609
vn 0.707101 -0.707105 -0.00311483
v -2.5381 1.3239 -0.67609
vn 0.608426 -0.793453 -0.0158071
v -2.5638 1.2961 -0.65339
vn 0.578421 -0.805676 0.127727
v -2.5608 1.2985 -0.65339
vn 0.688044 -0.724423 0.0425068
v -2.5393 1.3188 -0.65339
vn 0.685061 -0.727822 0.0310855
v -2.5381 1.3214 -0.65339
vn 0.59271 -0.800952 -0.0846841
v -2.5704 1.2961 -0.63068
vn 0.498717 -0.854932 0.142732
v -2.5608 1.3025 -0.63068
vn 0.617062 -0.781969 0.0880893
v -2.5395 1.3188 -0.63068
vn 0.60443 -0.796165 0.0280228
v -2.5381 1.3208 -0.63068
vn 0.500285 -0.864979 -0.0390733
v -2.5788 1.2961 -0.60798
vn 0.442071 -0.894091 0.0719329
v -2.5608 1.305 -0.60798
vn 0.525492 -0.850092 0.0346707
v -2.53875 1.31945 -0.60798
vn 0.515763 -0.855942 -0.0367545
v -2.5154 1.3397 -0.67609
vn 0.422044 -0.906435 -0.0159692
v -2.5154 1.3371 -0.65339
vn 0.442668 -0.889924 -0.109912
v -2.4989 1.3415 -0.65339
vn 0.286957 -0.955214 -0.072264
v -2.4927 1.3435 -0.65339
vn 0.750869 -0.660447 0.00226709
v -2.4768 1.3642 -0.65339
vn 0.804825 -0.588703 0.0753985
v -2.5154 1.3329 -0.63068
vn 0.42766 -0.899979 -0.0845269
v -2.4927 1.3417 -0.63035
vn 0.622179 -0.78191 -0.0388665
v -2.5154 1.331 -0.60798
vn 0.439805 -0.897054 -0.0432068
v -2.4927 1.3414 -0.605855
vn 0.671039 -0.741279 0.0145819
v -2.4778 1.3642 -0.63068
vn 0.872302 -0.487429 0.0387522
v -2.4788 1.3642 -0.60798
vn 0.9151 -0.394245 0.0846336
v -2.5608 1.3045 -0.58527
vn 0.490429 -0.869575 -0.057604
v -2.5381 1.3188 -0.59703
vn 0.494132 -0.866823 -0.0667198
v -2.5608 1.3022 -0.56257
vn 0.51042 -0.855577 -0.0863682
v -2.5747 1.2961 -0.56257
vn 0.400132 -0.911789 -0.0923848
v -2.5355 1.3174 -0.56257
vn 0.515155 -0.855107 -0.0583771
v -2.5608 1.2992 -0.53986
vn 0.553048 -0.830586 -0.0653029
v -2.5663 1.2961 -0.53986
vn 0.489237 -0.867965 -0.0853513
v -2.5381 1.3146 -0.53986
vn 0.529775 -0.845937 -0.061063
v -2.5637 1.2961 -0.51716
vn 0.534831 -0.844574 -0.0255044
v -2.5381 1.3137 -0.51716
vn 0.54098 -0.840452 -0.0313208
v -2.5154 1.3307 -0.58527
vn 0.488293 -0.872671 -0.00389314
v -2.4983 1.3415 -0.56257
vn 0.526494 -0.847963 0.0613481
v -2.5154 1.3307 -0.56257
vn 0.567479 -0.823294 -0.0124525
v -2.4927 1.3431 -0.58527
vn 0.857704 -0.510089 0.0644415
v -2.4927 1.3467 -0.56257
vn 0.851725 -0.513677 0.103441
v -2.4815 1.3642 -0.58527
vn 0.932371 -0.337834 0.128658
v -2.4856 1.3642 -0.56257
vn 0.962011 -0.235747 0.137689
v -2.4821 1.3869 -0.56257
vn 0.969182 -0.182878 0.165052
v -2.52945 1.3188 -0.52851
vn 0.559053 -0.828459 -0.0333876
v -2.5154 1.3298 -0.53986
vn 0.621586 -0.783144 -0.0177743
v -2.5006 1.3415 -0.53986
vn 0.650349 -0.758373 0.0437711
v -2.5154 1.3291 -0.51716
vn 0.653868 -0.756605 -0.00238649
v -2.5021 1.3415 -0.51716
vn 0.749213 -0.660886 0.0436962
v -2.4927 1.351 -0.53986
vn 0.884281 -0.456216 0.0995739
v -2.4927 1.3571 -0.51716
vn 0.907935 -0.406818 0.100766
v -2.4886 1.3642 -0.53986
vn 0.976344 -0.193032 0.0974187
v -2.4854 1.3869 -0.53986
vn 0.977545 -0.184456 0.101896
v -2.4869 1.3869 -0.51716
vn 0.978631 -0.193175 0.0704606
v -2.4364 1.5686 -0.85773
vn 0.995373 0.0548138 0.0789119
v -2.4379 1.5913 -0.85773
vn 0.995371 0.0131539 0.0951978
v -2.4372 1.614 -0.85773
vn 0.991517 -0.0768749 0.10481
v -2.4346 1.6367 -0.85773
vn 0.996336 -0.056329 0.0643536
v -2.4341 1.6594 -0.85773
vn 0.996317 0.0409682 0.0753301
v -2.4365 1.6821 -0.85773
vn 0.991131 0.107701 0.0778487
v -2.4394 1.7048 -0.85773
vn 0.992239 0.0968927 0.0779357
v -2.4414 1.7275 -0.85773
vn 0.995654 0.0628683 0.0687021
v -2.5641 1.2961 -0.49445
vn 0.498961 -0.866624 -0.00109766
v -2.5608 1.29785 -0.4831
vn 0.548158 -0.836354 -0.00581096
v -2.5381 1.313 -0.49445
vn 0.552257 -0.833662 -0.00450235
v -2.5381 1.3132 -0.47175
vn 0.573116 -0.819248 0.0192474
v -2.5608 1.2972 -0.44904
vn 0.58964 -0.807656 -0.00402568
v -2.5381 1.3146 -0.44904
vn 0.610251 -0.792073 0.014644
v -2.5381 1.3151 -0.42634
vn 0.644357 -0.76388 -0.0359404
v -2.5285 1.3188 -0.49445
vn 0.576106 -0.817355 0.00567987
v -2.5154 1.3293 -0.49445
vn 0.670281 -0.74115 0.0376949
v -2.5029 1.3415 -0.49445
vn 0.841609 -0.534101 0.0801882
v -2.5296 1.3188 -0.47175
vn 0.604091 -0.795719 0.0436589
v -2.5154 1.3309 -0.47175
vn 0.689668 -0.720043 0.0767892
v -2.5055 1.3415 -0.47175
vn 0.853132 -0.508496 0.116606
v -2.4927 1.3642 -0.49783
vn 0.965597 -0.23854 0.103542
v -2.496 1.3642 -0.47175
vn 0.929866 -0.343537 0.131648
v -2.4927 1.3779 -0.47175
vn 0.969458 -0.202722 0.138037
v -2.532 1.3188 -0.44904
vn 0.634716 -0.770491 0.0589762
v -2.5154 1.3338 -0.44904
vn 0.704114 -0.706346 0.0727863
v -2.5091 1.3415 -0.44904
vn 0.87504 -0.468463 0.121854
v -2.533 1.3188 -0.42634
vn 0.669843 -0.742395 0.0126413
v -2.5154 1.3366 -0.42634
vn 0.743585 -0.667876 0.0319872
v -2.512 1.3415 -0.42634
vn 0.919744 -0.384716 0.0778698
v -2.4999 1.3642 -0.44904
vn 0.946243 -0.283524 0.155685
v -2.4939 1.3869 -0.45547
vn 0.966893 -0.184485 0.176305
v -2.5033 1.3642 -0.42634
vn 0.95303 -0.281986 0.110533
v -2.4987 1.3869 -0.42634
vn 0.979861 -0.143388 0.138967
v -2.5575 1.2961 -0.40363
vn 0.642447 -0.762521 -0.076313
v -2.5541 1.2961 -0.38093
vn 0.644237 -0.757655 -0.10449
v -2.5381 1.3136 -0.40363
vn 0.655029 -0.75169 -0.076807
v -2.5381 1.3107 -0.38093
vn 0.66504 -0.739434 -0.104684
v -2.5381 1.3071 -0.35822
vn 0.70342 -0.704461 -0.0945199
v -2.5381 1.3038 -0.33552
vn 0.763078 -0.642904 -0.0662249
v -2.5315 1.3188 -0.40363
vn 0.71103 -0.701357 -0.0503544
v -2.5154 1.3374 -0.40363
vn 0.791509 -0.610439 -0.0296311
v -2.5131 1.3415 -0.40363
vn 0.935706 -0.352631 0.0103021
v -2.5286 1.3188 -0.38093
vn 0.743143 -0.664294 -0.0803225
v -2.5154 1.3358 -0.38093
vn 0.829408 -0.556584 -0.0479246
v -2.5125 1.3415 -0.38093
vn 0.942978 -0.332744 -0.00860254
v -2.5053 1.3642 -0.40363
vn 0.962762 -0.267811 0.036955
v -2.5008 1.3869 -0.40363
vn 0.991195 -0.110627 0.0727623
v -2.5057 1.3642 -0.38093
vn 0.973647 -0.228043 0.00285739
v -2.5022 1.3869 -0.35822
vn 0.995965 -0.08033 0.0400056
v -2.5258 1.3188 -0.35822
vn 0.761258 -0.645605 -0.0606731
v -2.5154 1.3347 -0.35822
vn 0.870717 -0.491623 0.0126134
v -2.5123 1.3415 -0.35822
vn 0.947904 -0.316525 0.0359266
v -2.5251 1.3188 -0.33552
vn 0.831399 -0.555652 0.0050868
v -2.5154 1.3384 -0.33552
vn 0.929386 -0.358035 0.0897355
v -2.5053 1.3642 -0.35822
vn 0.978722 -0.198337 0.0525891
v -2.5075 1.3642 -0.33552
vn 0.97144 -0.212059 0.106465
v -2.5047 1.3869 -0.33552
vn 0.992818 -0.0393621 0.112972
v -2.5381 1.2954 -0.2674
vn 0.719595 -0.694394 0
v -2.5381 1.3007 -0.31281
vn 0.806971 -0.586804 -0.0667705
v -2.5254 1.3188 -0.31281
vn 0.869561 -0.493779 -0.0067838
v -2.5154 1.3415 -0.32576
vn 0.938016 -0.33781 0.0775261
v -2.5154 1.3446 -0.31281
vn 0.950188 -0.31073 0.0242929
v -2.525 1.3188 -0.29011
vn 0.893823 -0.447925 -0.0210412
v -2.5169 1.3415 -0.2674
vn 0.945762 -0.323698 0.0274393
v -2.5103 1.3642 -0.31281
vn 0.976936 -0.201141 0.0716884
v -2.5076 1.3869 -0.31281
vn 0.996291 -0.048262 0.0712425
v -2.5154 1.346 -0.29011
vn 0.970864 -0.238602 0.0221796
v -2.5114 1.3642 -0.29011
vn 0.988381 -0.145409 0.0442661
v -2.5249 1.3188 -0.2674
vn 0.91343 -0.404749 0.0426976
v -2.5277 1.3188 -0.2447
vn 0.918369 -0.374065 0.12913
v -2.5193 1.3415 -0.2447
vn 0.940354 -0.317172 0.123033
v -2.5154 1.3473 -0.2674
vn 0.975591 -0.21357 0.0510877
v -2.5124 1.3642 -0.2674
vn 0.990767 -0.118716 0.0654752
v -2.5101 1.3869 -0.2674
vn 0.996152 -0.0394938 0.0782356
v -2.5154 1.3551 -0.2447
vn 0.966742 -0.2291 0.113681
v -2.5138 1.3642 -0.2447
vn 0.99307 -0.0843129 0.0818695
v -2.5127 1.3869 -0.2447
vn 0.992043 -0.00649958 0.125734
v -2.629 1.2679 -0.22199
vn 0.107436 -0.993047 -0.0481152
v -2.629 1.2695 -0.2447
vn 0.100123 -0.992515 -0.0699274
v -2.6062 1.2702 -0.22199
vn 0.107419 -0.993263 -0.0434672
v -2.5381 1.3011 -0.22199
vn 0.926521 -0.360752 0.106849
v -2.5231 1.3415 -0.22199
vn 0.940726 -0.288599 0.178171
v -2.517 1.3642 -0.22199
vn 0.973698 -0.121348 0.192841
v -2.5171 1.3869 -0.22199
vn 0.971246 0.0385823 0.234929
v -2.4832 1.4096 -0.49445
vn 0.985525 -0.130253 0.108513
v -2.4864 1.4096 -0.47175
vn 0.977485 -0.106903 0.18192
v -2.4927 1.4024 -0.44904
vn 0.97232 -0.134677 0.190932
v -2.4963 1.4096 -0.42634
vn 0.984086 -0.00255438 0.177674
v -2.4923 1.4096 -0.44727
vn 0.976505 -0.0256314 0.213963
v -2.4927 1.4323 -0.44561
vn 0.973658 0.0156592 0.227474
v -2.4998 1.4096 -0.40363
vn 0.992266 -0.0160266 0.123087
v -2.5005 1.4323 -0.40363
vn 0.992553 0.0196746 0.120215
v -2.502 1.4096 -0.38093
vn 0.99754 0.0200918 0.0671595
v -2.5033 1.4096 -0.35822
vn 0.995651 0.0416703 0.083318
v -2.5041 1.4323 -0.35822
vn 0.995537 0.023457 0.0914083
v -2.5081 1.42095 -0.31281
vn 0.99648 0.0193883 0.0815547
v -2.509 1.4096 -0.29011
vn 0.997646 0.0234406 0.064443
v -2.5109 1.4096 -0.2674
vn 0.992212 0.0508648 0.113698
v -2.5139 1.4096 -0.2447
vn 0.982201 0.0696463 0.174443
v -2.4352 1.7729 -0.92585
vn 0.974244 0.0965644 0.203773
v -2.4397 1.7729 -0.90314
vn 0.988903 0.0642584 0.133945
v -2.4419 1.7729 -0.88044
vn 0.998022 0.0227146 0.0586125
v -2.4408 1.7956 -0.90314
vn 0.995098 0.0219159 0.0964308
v -2.4422 1.7956 -0.88044
vn 0.999258 0.00703949 0.0378536
v -2.4373 1.8183 -0.92585
vn 0.986205 0.0130306 0.165015
v -2.4411 1.8183 -0.90314
vn 0.994755 0.0175276 0.100776
v -2.4428 1.8183 -0.88044
vn 0.996861 0.0263533 0.0746619
v -2.4423 1.7729 -0.85773
vn 0.99979 -0.0138421 0.0150988
v -2.4416 1.7956 -0.85773
vn 0.999503 -0.0308213 0.00660691
v -2.4426 1.7729 -0.83503
vn 0.999632 -0.0158538 0.0220109
v -2.4425 1.7956 -0.83503
vn 0.999215 6.5295e-06 0.0396065
v -2.4421 1.9091 -0.88044
vn 0.991598 0.0262036 0.126675
v -2.4324 2 -0.97126
vn 0.908839 0.142133 0.392187
v -2.4246 1.9773 -0.97499
vn 0.571431 0.105939 0.813783
v -2.4284 1.9773 -0.97126
vn 0.697106 0.123487 0.706254
v -2.6744 1.3415 -0.9519
vn -0.397351 -0.528643 0.750099
v -2.6564 1.3415 -0.92585
vn -0.59483 -0.714429 0.368467
v -2.6517 1.3383 -0.92585
vn -0.492502 -0.850844 0.183049
v -2.6744 1.3452 -0.94855
vn -0.620254 -0.636534 0.458376
v -2.6744 1.3606 -0.92585
vn -0.659822 -0.621828 0.421858
v -2.629 1.3258 -0.90314
vn -0.388264 -0.921469 -0.0120722
v -2.6376 1.3188 -0.76691
vn -0.463506 -0.879482 -0.108044
v -2.629 1.3188 -0.79807
vn -0.418523 -0.899769 -0.123512
v -2.629 1.3142 -0.76691
vn -0.471244 -0.87644 -0.0989044
v -2.6422 1.3188 -0.74421
vn -0.434418 -0.899558 -0.0455681
v -2.629 1.3124 -0.74421
vn -0.444374 -0.893867 -0.0594392
v -2.6436 1.3188 -0.7215
vn -0.432396 -0.901593 0.0127843
v -2.629 1.3118 -0.7215
vn -0.424026 -0.905577 0.0115096
v -2.6417 1.3188 -0.6988
vn -0.399116 -0.916898 -0.00225536
v -2.629 1.3134 -0.6988
vn -0.391191 -0.92004 0.0222833
v -2.6517 1.3236 -0.6988
vn -0.419015 -0.907279 -0.0356569
v -2.6455 1.3188 -0.67609
vn -0.357322 -0.928098 -0.104667
v -2.629 1.3129 -0.67609
vn -0.351224 -0.933176 -0.0763226
v -2.6517 1.3188 -0.65956
vn -0.3593 -0.924279 -0.128883
v -2.6614 1.3188 -0.63068
vn -0.440365 -0.887027 -0.138791
v -2.629 1.3095 -0.65339
vn -0.340193 -0.928875 -0.146495
v -2.6517 1.3103 -0.60798
vn -0.387197 -0.909767 -0.149671
v -2.629 1.3056 -0.63068
vn -0.348911 -0.921665 -0.169692
v -2.6674 1.3188 -0.60798
vn -0.476477 -0.871315 -0.117384
v -2.629 1.3006 -0.60798
vn -0.349091 -0.92242 -0.165159
v -2.629 1.2948 -0.56257
vn -0.2997 -0.9524 -0.055798
v -2.628 1.2964 -0.58527
vn -0.297672 -0.948576 -0.107678
v -2.6349 1.2961 -0.53986
vn -0.379554 -0.923366 -0.0577388
v -2.629 1.294 -0.53986
vn -0.227407 -0.972293 -0.0541594
v -2.6387 1.2961 -0.51716
vn -0.323486 -0.941742 -0.0920823
v -2.629 1.2928 -0.51716
vn -0.241851 -0.968437 -0.0603201
v -2.6726 1.3188 -0.58527
vn -0.482319 -0.869006 -0.110442
v -2.6517 1.3072 -0.58527
vn -0.432786 -0.893893 -0.116838
v -2.6517 1.3051 -0.56257
vn -0.41391 -0.907298 -0.0740877
v -2.6517 1.3031 -0.53986
vn -0.373435 -0.924252 -0.0794074
v -2.6517 1.301 -0.51716
vn -0.358486 -0.928661 -0.0952664
v -2.6744 1.3101 -0.51716
vn -0.370729 -0.924792 -0.0855531
v -2.5381 1.1826 -0.98931
vn 0.0957249 0.0577853 0.993729
v -2.5381 1.2053 -0.9911
vn 0.112678 0.066602 0.991397
v -2.6062 1.2871 -0.97126
vn -0.144254 -0.507195 0.849673
v -2.5835 1.2823 -0.97126
vn 0.0102853 -0.667475 0.744561
v -2.5608 1.2878 -0.97126
vn 0.157854 -0.651494 0.742049
v -2.6062 1.2961 -0.96315
vn -0.212427 -0.748165 0.628589
v -2.5835 1.2961 -0.95449
vn -0.0435249 -0.815839 0.576639
v -2.6062 1.3063 -0.94855
vn -0.324369 -0.826648 0.459823
v -2.5835 1.2993 -0.94855
vn -0.0640506 -0.938017 0.340618
v -2.6132 1.3188 -0.92585
vn -0.387262 -0.904785 0.177179
v -2.5835 1.3065 -0.92585
vn -0.0990165 -0.977253 0.187544
v -2.5608 1.309 -0.92585
vn 0.336834 -0.936561 0.0969343
v -2.60805 1.3181 -0.90314
vn -0.370076 -0.929002 -0.00024544
v -2.5835 1.3075 -0.90314
vn -0.256115 -0.966271 0.0269534
v -2.6199 1.3188 -0.85773
vn -0.324793 -0.943829 -0.0607948
v -2.6062 1.3161 -0.88044
vn -0.342742 -0.938602 -0.0394235
v -2.5835 1.3082 -0.88044
vn -0.127341 -0.991856 -0.00249593
v -2.629 1.3236 -0.88044
vn -0.333392 -0.939992 -0.0725618
v -2.5608 1.3079 -0.90314
vn 0.260067 -0.965588 -0.00205519
v -2.5608 1.3085 -0.88044
vn 0.333937 -0.94255 0.00926054
v -2.4927 1.3356 -0.88044
vn -0.30285 -0.929012 -0.212644
v -2.4927 1.3415 -0.89705
vn -0.293645 -0.900775 -0.319963
v -2.5154 1.3642 -0.90392
vn 0.73775 -0.58979 -0.328439
v -2.6062 1.3144 -0.85773
vn -0.300145 -0.952596 -0.0497297
v -2.5835 1.3077 -0.85773
vn -0.131446 -0.989119 -0.0660765
v -2.629 1.32225 -0.84638
vn -0.385704 -0.92199 -0.0341543
v -2.6215 1.3188 -0.83503
vn -0.351345 -0.935638 -0.0337433
v -2.6062 1.3134 -0.83503
vn -0.32061 -0.945839 -0.0509715
v -2.5835 1.3053 -0.83503
vn -0.203432 -0.97419 -0.0978231
v -2.5608 1.3088 -0.85773
vn 0.277271 -0.960311 -0.0303799
v -2.5608 1.3065 -0.83503
vn 0.323671 -0.941251 -0.096351
v -2.629 1.3208 -0.81232
vn -0.368237 -0.926861 -0.0730119
v -2.6062 1.3124 -0.81232
vn -0.350918 -0.933909 -0.0683421
v -2.5835 1.2961 -0.78473
vn 0.125462 -0.968792 -0.21378
v -2.52 1.3415 -0.83503
vn 0.566282 -0.820647 -0.076571
v -2.4927 1.3325 -0.85773
vn -0.224212 -0.974044 -0.0311025
v -2.4927 1.3321 -0.83503
vn -0.260262 -0.965286 0.022061
v -2.5154 1.3455 -0.85773
vn 0.185233 -0.977119 -0.104531
v -2.5154 1.3427 -0.83503
vn 0.0320726 -0.99759 -0.0615241
v -2.5077 1.3415 -0.83503
vn -0.309613 -0.950734 -0.0156725
v -2.5188 1.3415 -0.81232
vn 0.594972 -0.803746 0.000648645
v -2.5068 1.3415 -0.81232
vn -0.453851 -0.891052 0.00673983
v -2.5073 1.3415 -0.78962
vn -0.366848 -0.929346 -0.0416876
v -2.5154 1.3424 -0.81232
vn -0.0776448 -0.996937 0.00941058
v -2.5154 1.3434 -0.78962
vn 0.0318227 -0.999363 -0.0161218
v -2.5943 1.2961 -0.76691
vn -0.326229 -0.940477 -0.0952792
v -2.5835 1.2926 -0.76691
vn 0 -0.991236 -0.132101
v -2.5978 1.2961 -0.74421
vn -0.338394 -0.940957 -0.00945149
v -2.5835 1.2907 -0.74421
vn 0.038688 -0.999049 -0.020121
v -2.598 1.2961 -0.7215
vn -0.308335 -0.951243 0.00814777
v -2.5835 1.2914 -0.7215
vn -0.0467414 -0.998616 0.0241039
v -2.5966 1.2961 -0.6988
vn -0.287188 -0.957873 0.00162911
v -2.5835 1.2923 -0.6988
vn 0 -0.999978 0.00660743
v -2.5154 1.3415 -0.77285
vn 0.158537 -0.973656 -0.163889
v -2.5985 1.2961 -0.67609
vn -0.263698 -0.96426 -0.0257958
v -2.5835 1.2917 -0.67609
vn 0.037421 -0.999209 -0.013489
v -2.6025 1.2961 -0.65339
vn -0.200535 -0.979682 0.00304093
v -2.5835 1.2915 -0.65339
vn -0.01325 -0.999635 0.0235284
v -2.6051 1.2961 -0.63068
vn -0.257635 -0.965363 -0.0412086
v -2.5835 1.2931 -0.63068
vn -0.0387908 -0.997912 0.0516345
v -2.6123 1.2961 -0.60798
vn -0.196491 -0.973828 -0.11424
v -2.6062 1.2961 -0.6221
vn -0.193617 -0.978844 -0.066154
v -2.6062 1.2952 -0.60798
vn 0.00976003 -0.998839 -0.0471711
v -2.5835 1.2951 -0.60798
vn 0.00271683 -0.999585 0.0286802
v -2.6062 1.2932 -0.58527
vn -0.00502579 -0.996058 -0.0885567
v -2.5822 1.2958 -0.58527
vn 0.210561 -0.976705 -0.0413587
v -2.6062 1.2909 -0.56257
vn -0.0497978 -0.994768 -0.0891976
v -2.5835 1.2938 -0.56257
vn 0.148198 -0.983878 -0.10011
v -2.6062 1.2889 -0.53986
vn -0.0977569 -0.993324 -0.0612484
v -2.5835 1.2908 -0.53986
vn 0.157942 -0.984371 -0.0778978
v -2.6062 1.288 -0.51716
vn -0.026986 -0.99897 -0.0364877
v -2.5835 1.2899 -0.51716
vn 0.21828 -0.975834 -0.0100722
v -2.629 1.2908 -0.49445
vn -0.224449 -0.971446 -0.076913
v -2.6517 1.2961 -0.47912
vn -0.297935 -0.948231 -0.109967
v -2.629 1.2888 -0.47175
vn -0.209275 -0.974104 -0.0855914
v -2.6627 1.2961 -0.44904
vn -0.286181 -0.953908 -0.0903282
v -2.6517 1.2909 -0.42634
vn -0.256312 -0.963191 -0.0810337
v -2.629 1.2868 -0.44904
vn -0.168552 -0.983255 -0.0692759
v -2.629 1.2855 -0.42634
vn -0.144059 -0.988113 -0.0536609
v -2.6517 1.289 -0.40363
vn -0.203581 -0.976326 -0.0730956
v -2.629 1.2846 -0.40363
vn -0.112666 -0.992211 -0.0531359
v -2.6517 1.2867 -0.38093
vn -0.167086 -0.980921 -0.099375
v -2.629 1.2831 -0.38093
vn -0.0512487 -0.995615 -0.0782529
v -2.6517 1.282 -0.34687
vn -0.136969 -0.981852 -0.131171
v -2.629 1.2806 -0.35822
vn -0.0232393 -0.991303 -0.129528
v -2.629 1.2772 -0.33552
vn -0.0203132 -0.990209 -0.138105
v -2.6517 1.2776 -0.31281
vn -0.153824 -0.980332 -0.123644
v -2.629 1.27375 -0.309565
vn -0.020325 -0.992366 -0.121642
v -2.6437 1.2734 -0.29011
vn -0.13734 -0.985641 -0.0982335
v -2.629 1.2719 -0.29011
vn 0.00246119 -0.997473 -0.070997
v -2.6517 1.2753 -0.29011
vn -0.229977 -0.968239 -0.0981045
v -2.629 1.2706 -0.2674
vn 0.0340864 -0.997803 -0.0568096
v -2.6062 1.2872 -0.49445
vn 0.00146242 -0.998964 -0.0454896
v -2.5835 1.2904 -0.49445
vn 0.18122 -0.983401 -0.0090615
v -2.6062 1.2862 -0.47175
vn 0.0307144 -0.998211 -0.0513062
v -2.5835 1.2898 -0.47175
vn 0.219842 -0.975112 -0.0287418
v -2.6062 1.284 -0.42634
vn 0.0453325 -0.998068 -0.0424869
v -2.6062 1.2838 -0.40363
vn 0.0395041 -0.999014 -0.0202621
v -2.6062 1.2836 -0.38093
vn 0.0948411 -0.995105 -0.027762
v -2.6062 1.2796 -0.33552
vn 0.132439 -0.982461 -0.131265
v -2.6062 1.2764 -0.31281
vn 0.144945 -0.981725 -0.123321
v -2.6062 1.2735 -0.29011
vn 0.137716 -0.986147 -0.0924597
v -2.6062 1.272 -0.2674
vn 0.0829852 -0.995166 -0.0525201
v -2.5979 1.2734 -0.2674
vn 0.228131 -0.972377 -0.0493895
v -2.5904 1.2734 -0.22199
vn 0.237345 -0.9712 -0.0209371
f 1//1 2//2 3//3
f 1//1 3//3 4//4
f 3//3 2//2 5//5
f 6//6 7//7 8//8
f 9//9 6//6 8//8
f 8//8 10//10 9//9
f 11//11 12//12 13//13
f 13//13 12//12 14//14
f 15//15 11//11 16//16
f 16//16 11//11 13//13
f 13//13 14//14 17//17
f 17//17 18//18 13//13
f 19//19 18//18 20//20
f 19//19 20//20 21//21
f 21//21 20//20 22//22
f 23//23 15//15 24//24
f 24//24 15//15 25//25
f 19//19 15//15 16//16
f 26//26 19//19 21//21
f 27//27 19//19 26//26
f 26//26 28//28 27//27
f 29//29 27//27 28//28
f 21//21 22//22 30//30
f 30//30 22//22 31//31
f 30//30 31//31 32//32
f 32//32 33//33 30//30
f 33//33 32//32 34//34
f 34//34 35//35 33//33
f 35//35 34//34 36//36
f 36//36 34//34 37//37
f 36//36 37//37 38//38
f 38//38 39//39 36//36
f 39//39 38//38 40//40
f 40//40 41//41 39//39
f 41//41 40//40 42//42
f 42//42 43//43 41//41
f 43//43 42//42 44//44
f 44//44 45//45 43//43
f 45//45 44//44 46//46
f 46//46 47//47 45//45
f 26//26 21//21 48//48
f 48//48 21//21 30//30
f 48//48 30//30 33//33
f 33//33 49//49 48//48
f 28//28 26//26 50//50
f 50//50 26//26 48//48
f 50//50 48//48 49//49
f 49//49 51//51 50//50
f 49//49 33//33 52//52
f 52//52 33//33 35//35
f 52//52 35//35 53//53
f 53//53 35//35 36//36
f 51//51 49//49 52//52
f 52//52 54//54 51//51
f 54//54 52//52 55//55
f 55//55 52//52 53//53
f 29//29 28//28 50//50
f 56//56 50//50 51//51
f 57//57 29//29 50//50
f 57//57 50//50 58//58
f 58//58 50//50 56//56
f 56//56 51//51 59//59
f 59//59 51//51 54//54
f 59//59 54//54 60//60
f 60//60 54//54 55//55
f 59//59 61//61 56//56
f 61//61 59//59 62//62
f 62//62 59//59 60//60
f 53//53 36//36 39//39
f 39//39 63//63 53//53
f 63//63 39//39 41//41
f 41//41 64//64 63//63
f 55//55 53//53 63//63
f 63//63 65//65 55//55
f 65//65 63//63 64//64
f 64//64 66//66 65//65
f 64//64 41//41 43//43
f 43//43 67//67 64//64
f 67//67 43//43 45//45
f 45//45 68//68 67//67
f 66//66 64//64 67//67
f 67//67 69//69 66//66
f 69//69 67//67 68//68
f 68//68 70//70 69//69
f 60//60 55//55 65//65
f 65//65 71//71 60//60
f 71//71 65//65 72//72
f 72//72 65//65 66//66
f 73//73 62//62 71//71
f 60//60 71//71 62//62
f 73//73 71//71 74//74
f 74//74 71//71 72//72
f 69//69 75//75 66//66
f 66//66 75//75 72//72
f 70//70 76//76 69//69
f 69//69 76//76 75//75
f 74//74 72//72 75//75
f 74//74 75//75 76//76
f 76//76 77//77 74//74
f 78//78 57//57 58//58
f 78//78 58//58 79//79
f 79//79 58//58 80//80
f 56//56 80//80 58//58
f 81//81 78//78 79//79
f 81//81 79//79 82//82
f 82//82 79//79 80//80
f 83//83 80//80 61//61
f 56//56 61//61 80//80
f 83//83 61//61 84//84
f 84//84 61//61 62//62
f 82//82 80//80 83//83
f 83//83 85//85 82//82
f 85//85 83//83 84//84
f 86//86 81//81 87//87
f 87//87 81//81 82//82
f 88//88 86//86 89//89
f 89//89 86//86 87//87
f 87//87 82//82 85//85
f 85//85 90//90 87//87
f 90//90 85//85 84//84
f 84//84 91//91 90//90
f 89//89 87//87 90//90
f 90//90 92//92 89//89
f 92//92 90//90 91//91
f 91//91 93//93 92//92
f 84//84 62//62 73//73
f 74//74 94//94 73//73
f 73//73 95//95 84//84
f 95//95 73//73 94//94
f 94//94 96//96 95//95
f 74//74 97//97 94//94
f 97//97 74//74 77//77
f 96//96 94//94 97//97
f 97//97 98//98 96//96
f 98//98 97//97 77//77
f 77//77 99//99 98//98
f 91//91 84//84 95//95
f 95//95 100//100 91//91
f 100//100 95//95 96//96
f 96//96 101//101 100//100
f 93//93 91//91 100//100
f 100//100 102//102 93//93
f 102//102 100//100 101//101
f 101//101 103//103 102//102
f 101//101 96//96 98//98
f 98//98 104//104 101//101
f 104//104 98//98 99//99
f 99//99 105//105 104//104
f 103//103 101//101 104//104
f 104//104 106//106 103//103
f 106//106 104//104 107//107
f 107//107 104//104 105//105
f 68//68 45//45 47//47
f 70//70 68//68 47//47
f 108//108 70//70 47//47
f 110//110 76//76 70//70
f 110//110 70//70 108//108
f 108//108 111//111 110//110
f 77//77 76//76 110//110
f 110//110 112//112 77//77
f 112//112 110//110 111//111
f 112//112 113//113 77//77
f 112//112 114//114 113//113
f 99//99 77//77 113//113
f 113//113 115//115 99//99
f 115//115 113//113 114//114
f 114//114 116//116 115//115
f 114//114 112//112 117//117
f 117//117 118//118 114//114
f 116//116 114//114 118//118
f 118//118 119//119 116//116
f 105//105 99//99 115//115
f 115//115 120//120 105//105
f 120//120 115//115 116//116
f 116//116 121//121 120//120
f 107//107 105//105 120//120
f 120//120 122//122 107//107
f 122//122 120//120 121//121
f 121//121 123//123 122//122
f 121//121 116//116 119//119
f 119//119 126//126 121//121
f 126//126 119//119 127//127
f 123//123 121//121 124//124
f 124//124 121//121 126//126
f 127//127 125//125 126//126
f 126//126 125//125 124//124
f 129//129 88//88 89//89
f 129//129 89//89 92//92
f 92//92 130//130 129//129
f 130//130 92//92 93//93
f 93//93 131//131 130//130
f 132//132 129//129 130//130
f 130//130 133//133 132//132
f 133//133 130//130 131//131
f 131//131 134//134 133//133
f 135//135 136//136 137//137
f 137//137 136//136 138//138
f 139//139 132//132 133//133
f 136//136 139//139 133//133
f 136//136 133//133 134//134
f 136//136 134//134 138//138
f 140//140 141//141 142//142
f 131//131 93//93 102//102
f 102//102 143//143 131//131
f 143//143 102//102 103//103
f 103//103 141//141 143//143
f 134//134 131//131 143//143
f 143//143 140//140 134//134
f 140//140 143//143 141//141
f 142//142 141//141 144//144
f 144//144 141//141 145//145
f 145//145 141//141 146//146
f 141//141 103//103 106//106
f 141//141 106//106 146//146
f 146//146 106//106 107//107
f 138//138 140//140 147//147
f 147//147 140//140 142//142
f 147//147 142//142 148//148
f 137//137 138//138 149//149
f 149//149 138//138 147//147
f 149//149 147//147 148//148
f 148//148 150//150 149//149
f 138//138 134//134 140//140
f 148//148 142//142 144//144
f 144//144 151//151 148//148
f 151//151 144//144 145//145
f 145//145 152//152 151//151
f 150//150 148//148 151//151
f 151//151 153//153 150//150
f 153//153 151//151 152//152
f 154//154 135//135 155//155
f 155//155 135//135 137//137
f 156//156 154//154 157//157
f 157//157 154//154 155//155
f 158//158 156//156 157//157
f 157//157 159//159 158//158
f 160//160 158//158 159//159
f 159//159 161//161 160//160
f 155//155 137//137 162//162
f 162//162 137//137 149//149
f 162//162 149//149 150//150
f 157//157 155//155 163//163
f 163//163 155//155 162//162
f 162//162 164//164 163//163
f 162//162 150//150 153//153
f 153//153 165//165 162//162
f 165//165 153//153 152//152
f 152//152 166//166 165//165
f 164//164 162//162 165//165
f 165//165 166//166 164//164
f 159//159 157//157 163//163
f 163//163 168//168 159//159
f 168//168 163//163 164//164
f 164//164 169//169 168//168
f 161//161 159//159 168//168
f 168//168 170//170 161//161
f 170//170 168//168 169//169
f 169//169 171//171 170//170
f 169//169 164//164 166//166
f 169//169 166//166 167//167
f 167//167 172//172 169//169
f 171//171 169//169 172//172
f 172//172 173//173 171//171
f 145//145 146//146 175//175
f 175//175 146//146 174//174
f 175//175 174//174 123//123
f 123//123 176//176 175//175
f 146//146 107//107 174//174
f 174//174 107//107 122//122
f 122//122 123//123 174//174
f 177//177 123//123 124//124
f 177//177 124//124 125//125
f 125//125 178//178 177//177
f 176//176 123//123 177//177
f 177//177 179//179 176//176
f 179//179 177//177 178//178
f 152//152 145//145 175//175
f 175//175 180//180 152//152
f 180//180 175//175 176//176
f 176//176 181//181 180//180
f 180//180 182//182 152//152
f 182//182 180//180 181//181
f 181//181 183//183 182//182
f 181//181 176//176 179//179
f 183//183 181//181 179//179
f 179//179 185//185 183//183
f 185//185 179//179 184//184
f 184//184 186//186 185//185
f 178//178 125//125 187//187
f 187//187 125//125 128//128
f 179//179 178//178 188//188
f 188//188 178//178 187//187
f 184//184 179//179 188//188
f 184//184 188//188 189//189
f 184//184 190//190 186//186
f 190//190 184//184 189//189
f 189//189 191//191 190//190
f 166//166 152//152 182//182
f 182//182 183//183 166//166
f 167//167 166//166 183//183
f 167//167 183//183 185//185
f 185//185 192//192 167//167
f 193//193 185//185 186//186
f 186//186 194//194 193//193
f 192//192 185//185 193//193
f 193//193 195//195 192//192
f 195//195 193//193 194//194
f 172//172 167//167 192//192
f 192//192 196//196 172//172
f 172//172 197//197 173//173
f 197//197 172//172 196//196
f 196//196 192//192 195//195
f 195//195 198//198 196//196
f 198//198 195//195 194//194
f 194//194 199//199 198//198
f 197//197 196//196 198//198
f 198//198 200//200 197//197
f 200//200 198//198 199//199
f 199//199 201//201 200//200
f 194//194 186//186 190//190
f 190//190 202//202 194//194
f 202//202 190//190 203//203
f 203//203 190//190 191//191
f 202//202 204//204 194//194
f 204//204 202//202 203//203
f 199//199 194//194 204//204
f 204//204 205//205 199//199
f 205//205 204//204 203//203
f 203//203 206//206 205//205
f 201//201 199//199 205//205
f 201//201 205//205 206//206
f 206//206 207//207 201//201
f 206//206 203//203 208//208
f 208//208 203//203 209//209
f 207//207 206//206 208//208
f 207//207 208//208 210//210
f 210//210 208//208 211//211
f 210//210 211//211 212//212
f 161//161 213//213 160//160
f 214//214 160//160 213//213
f 215//215 214//214 213//213
f 213//213 216//216 215//215
f 218//218 217//217 216//216
f 217//217 215//215 216//216
f 213//213 161//161 170//170
f 170//170 219//219 213//213
f 219//219 170//170 171//171
f 219//219 220//220 213//213
f 219//219 171//171 221//221
f 221//221 171//171 173//173
f 220//220 219//219 221//221
f 221//221 222//222 220//220
f 222//222 221//221 173//173
f 173//173 223//223 222//222
f 216//216 213//213 224//224
f 224//224 213//213 220//220
f 220//220 225//225 224//224
f 218//218 216//216 226//226
f 226//226 216//216 224//224
f 226//226 224//224 225//225
f 222//222 227//227 225//225
f 225//225 220//220 222//222
f 223//223 228//228 222//222
f 222//222 228//228 227//227
f 229//229 225//225 227//227
f 229//229 227//227 228//228
f 228//228 230//230 229//229
f 231//231 217//217 218//218
f 218//218 232//232 231//231
f 232//232 218//218 226//226
f 232//232 226//226 225//225
f 225//225 233//233 232//232
f 233//233 225//225 229//229
f 233//233 229//229 230//230
f 230//230 234//234 233//233
f 197//197 235//235 173//173
f 197//197 236//236 235//235
f 223//223 173//173 235//235
f 235//235 237//237 223//223
f 237//237 236//236 238//238
f 237//237 235//235 236//236
f 236//236 197//197 239//239
f 239//239 197//197 200//200
f 200//200 201//201 239//239
f 238//238 236//236 239//239
f 238//238 239//239 201//201
f 201//201 240//240 238//238
f 241//241 228//228 237//237
f 223//223 237//237 228//228
f 241//241 237//237 242//242
f 242//242 237//237 238//238
f 230//230 228//228 241//241
f 241//241 243//243 230//230
f 243//243 241//241 242//242
f 238//238 244//244 242//242
f 244//244 238//238 240//240
f 244//244 245//245 242//242
f 245//245 244//244 240//240
f 207//207 246//246 201//201
f 240//240 201//201 247//247
f 247//247 201//201 246//246
f 246//246 207//207 248//248
f 248//248 207//207 210//210
f 248//248 210//210 212//212
f 212//212 249//249 248//248
f 246//246 250//250 247//247
f 245//245 240//240 247//247
f 247//247 251//251 245//245
f 251//251 247//247 250//250
f 250//250 246//246 248//248
f 248//248 252//252 250//250
f 252//252 248//248 249//249
f 251//251 250//250 252//252
f 252//252 253//253 251//251
f 234//234 230//230 243//243
f 243//243 254//254 234//234
f 254//254 243//243 242//242
f 254//254 242//242 245//245
f 254//254 245//245 255//255
f 255//255 245//245 251//251
f 251//251 256//256 255//255
f 251//251 257//257 256//256
f 257//257 251//251 253//253
f 253//253 258//258 257//257
f 268//268 269//269 270//270
f 271//271 270//270 272//272
f 272//272 270//270 269//269
f 252//252 249//249 282//282
f 282//282 249//249 283//283
f 253//253 252//252 284//284
f 284//284 252//252 282//282
f 258//258 253//253 284//284
f 293//293 9//9 10//10
f 293//293 10//10 294//294
f 294//294 10//10 295//295
f 296//296 293//293 297//297
f 297//297 293//293 294//294
f 296//296 298//298 299//299
f 298//298 296//296 300//300
f 300//300 296//296 297//297
f 297//297 294//294 295//295
f 295//295 301//301 297//297
f 300//300 297//297 301//301
f 300//300 301//301 302//302
f 303//303 299//299 298//298
f 298//298 304//304 303//303
f 304//304 298//298 300//300
f 12//12 303//303 14//14
f 14//14 303//303 304//304
f 304//304 300//300 305//305
f 305//305 300//300 302//302
f 305//305 302//302 306//306
f 305//305 306//306 307//307
f 14//14 304//304 17//17
f 17//17 304//304 305//305
f 17//17 305//305 308//308
f 308//308 305//305 309//309
f 309//309 305//305 307//307
f 18//18 17//17 308//308
f 308//308 20//20 18//18
f 20//20 308//308 22//22
f 22//22 308//308 309//309
f 295//295 10//10 310//310
f 310//310 10//10 311//311
f 310//310 311//311 312//312
f 312//312 311//311 313//313
f 301//301 295//295 310//310
f 310//310 314//314 301//301
f 314//314 310//310 315//315
f 315//315 310//310 312//312
f 314//314 302//302 301//301
f 302//302 315//315 306//306
f 315//315 302//302 314//314
f 307//307 306//306 317//317
f 318//318 317//317 319//319
f 309//309 307//307 320//320
f 320//320 307//307 317//317
f 320//320 317//317 318//318
f 318//318 321//321 320//320
f 318//318 319//319 322//322
f 322//322 323//323 318//318
f 323//323 322//322 324//324
f 321//321 318//318 323//323
f 323//323 325//325 321//321
f 325//325 323//323 37//37
f 37//37 323//323 324//324
f 22//22 309//309 31//31
f 31//31 309//309 320//320
f 31//31 320//320 321//321
f 321//321 32//32 31//31
f 32//32 321//321 325//325
f 325//325 34//34 32//32
f 34//34 325//325 37//37
f 37//37 324//324 326//326
f 328//328 329//329 330//330
f 330//330 329//329 316//316
f 327//327 328//328 42//42
f 42//42 328//328 330//330
f 330//330 331//331 42//42
f 38//38 37//37 326//326
f 38//38 326//326 327//327
f 327//327 40//40 38//38
f 40//40 327//327 42//42
f 331//331 44//44 42//42
f 312//312 313//313 332//332
f 332//332 333//333 312//312
f 333//333 332//332 334//334
f 334//334 335//335 333//333
f 335//335 334//334 336//336
f 335//335 336//336 337//337
f 337//337 338//338 335//335
f 315//315 312//312 333//333
f 333//333 339//339 315//315
f 339//339 333//333 335//335
f 335//335 340//340 339//339
f 306//306 315//315 339//339
f 339//339 341//341 306//306
f 341//341 339//339 340//340
f 340//340 319//319 341//341
f 335//335 342//342 340//340
f 342//342 335//335 338//338
f 338//338 343//343 342//342
f 319//319 340//340 342//342
f 342//342 322//322 319//319
f 322//322 342//342 344//344
f 344//344 342//342 343//343
f 345//345 346//346 347//347
f 338//338 337//337 347//347
f 347//347 348//348 338//338
f 348//348 347//347 349//349
f 349//349 347//347 346//346
f 349//349 346//346 350//350
f 343//343 338//338 351//351
f 351//351 338//338 348//348
f 351//351 348//348 352//352
f 352//352 348//348 349//349
f 344//344 343//343 353//353
f 353//353 343//343 351//351
f 353//353 351//351 352//352
f 352//352 329//329 353//353
f 349//349 354//354 352//352
f 354//354 349//349 355//355
f 355//355 356//356 354//354
f 329//329 352//352 354//354
f 329//329 354//354 316//316
f 316//316 354//354 356//356
f 341//341 317//317 306//306
f 341//341 319//319 317//317
f 344//344 324//324 322//322
f 326//326 324//324 353//353
f 353//353 324//324 344//344
f 326//326 353//353 329//329
f 329//329 327//327 326//326
f 327//327 329//329 328//328
f 357//357 316//316 358//358
f 357//357 358//358 359//359
f 357//357 359//359 360//360
f 330//330 316//316 357//357
f 357//357 364//364 330//330
f 357//357 365//365 364//364
f 331//331 330//330 364//364
f 364//364 366//366 331//331
f 366//366 364//364 365//365
f 365//365 367//367 366//366
f 365//365 357//357 368//368
f 368//368 357//357 360//360
f 368//368 360//360 361//361
f 361//361 369//369 368//368
f 367//367 365//365 368//368
f 368//368 370//370 367//367
f 370//370 368//368 369//369
f 44//44 331//331 366//366
f 366//366 46//46 44//44
f 46//46 366//366 367//367
f 367//367 371//371 46//46
f 47//47 46//46 371//371
f 371//371 372//372 47//47
f 371//371 367//367 370//370
f 370//370 373//373 371//371
f 370//370 374//374 373//373
f 372//372 371//371 373//373
f 373//373 375//375 372//372
f 375//375 373//373 376//376
f 376//376 373//373 374//374
f 369//369 361//361 362//362
f 362//362 377//377 369//369
f 377//377 362//362 378//378
f 378//378 362//362 363//363
f 370//370 369//369 379//379
f 379//379 369//369 377//377
f 379//379 377//377 380//380
f 380//380 377//377 378//378
f 378//378 363//363 381//381
f 381//381 363//363 382//382
f 382//382 383//383 381//381
f 380//380 378//378 384//384
f 384//384 378//378 381//381
f 384//384 381//381 383//383
f 383//383 385//385 384//384
f 374//374 370//370 386//386
f 386//386 370//370 379//379
f 386//386 379//379 387//387
f 387//387 379//379 380//380
f 376//376 374//374 386//386
f 386//386 388//388 376//376
f 388//388 386//386 389//389
f 389//389 386//386 387//387
f 387//387 380//380 390//390
f 390//390 380//380 384//384
f 390//390 384//384 391//391
f 391//391 384//384 385//385
f 389//389 387//387 390//390
f 390//390 392//392 389//389
f 392//392 390//390 391//391
f 391//391 393//393 392//392
f 356//356 355//355 394//394
f 394//394 358//358 356//356
f 358//358 394//394 395//395
f 395//395 394//394 396//396
f 356//356 358//358 316//316
f 395//395 359//359 358//358
f 395//395 396//396 397//397
f 397//397 396//396 398//398
f 397//397 398//398 399//399
f 399//399 400//400 397//397
f 397//397 360//360 359//359
f 359//359 395//395 397//397
f 400//400 361//361 397//397
f 397//397 361//361 360//360
f 401//401 402//402 403//403
f 400//400 399//399 404//404
f 404//404 405//405 400//400
f 405//405 404//404 406//406
f 406//406 407//407 405//405
f 405//405 362//362 361//361
f 361//361 400//400 405//405
f 407//407 363//363 362//362
f 362//362 405//405 407//407
f 407//407 406//406 403//403
f 403//403 408//408 407//407
f 408//408 403//403 402//402
f 402//402 409//409 408//408
f 363//363 407//407 408//408
f 363//363 408//408 409//409
f 409//409 382//382 363//363
f 108//108 47//47 109//109
f 109//109 47//47 372//372
f 372//372 375//375 109//109
f 376//376 410//410 375//375
f 108//108 109//109 375//375
f 375//375 411//411 108//108
f 411//411 375//375 412//412
f 412//412 375//375 410//410
f 111//111 108//108 411//411
f 411//411 413//413 111//111
f 413//413 411//411 412//412
f 112//112 111//111 413//413
f 413//413 117//117 112//112
f 117//117 413//413 412//412
f 410//410 376//376 388//388
f 410//410 388//388 414//414
f 414//414 388//388 389//389
f 412//412 410//410 415//415
f 415//415 410//410 416//416
f 416//416 410//410 414//414
f 414//414 389//389 392//392
f 414//414 392//392 417//417
f 414//414 417//417 418//418
f 393//393 417//417 392//392
f 416//416 414//414 419//419
f 419//419 414//414 418//418
f 418//418 420//420 419//419
f 421//421 412//412 415//415
f 421//421 415//415 422//422
f 422//422 415//415 416//416
f 423//423 421//421 422//422
f 422//422 416//416 424//424
f 424//424 416//416 419//419
f 424//424 419//419 420//420
f 420//420 425//425 424//424
f 423//423 422//422 426//426
f 426//426 422//422 424//424
f 426//426 424//424 425//425
f 425//425 427//427 426//426
f 118//118 117//117 428//428
f 428//428 117//117 412//412
f 119//119 118//118 127//127
f 127//127 118//118 428//428
f 428//428 412//412 421//421
f 421//421 429//429 428//428
f 429//429 421//421 423//423
f 423//423 430//430 429//429
f 127//127 428//428 429//429
f 429//429 431//431 127//127
f 431//431 429//429 430//430
f 430//430 432//432 431//431
f 430//430 423//423 426//426
f 426//426 433//433 430//430
f 433//433 426//426 427//427
f 427//427 434//434 433//433
f 432//432 430//430 433//433
f 433//433 435//435 432//432
f 435//435 433//433 434//434
f 434//434 436//436 435//435
f 431//431 438//438 127//127
f 438//438 431//431 432//432
f 432//432 439//439 438//438
f 438//438 128//128 127//127
f 127//127 128//128 125//125
f 439//439 437//437 128//128
f 128//128 438//438 439//439
f 439//439 432//432 435//435
f 435//435 440//440 439//439
f 440//440 435//435 441//441
f 441//441 435//435 436//436
f 437//437 439//439 440//440
f 437//437 440//440 276//276
f 276//276 440//440 442//442
f 442//442 440//440 441//441
f 445//445 446//446 447//447
f 447//447 446//446 448//448
f 449//449 445//445 450//450
f 450//450 445//445 447//447
f 451//451 449//449 452//452
f 452//452 449//449 450//450
f 453//453 451//451 454//454
f 454//454 451//451 452//452
f 454//454 452//452 455//455
f 456//456 453//453 454//454
f 456//456 454//454 455//455
f 455//455 457//457 456//456
f 458//458 456//456 459//459
f 459//459 456//456 457//457
f 460//460 458//458 459//459
f 459//459 461//461 460//460
f 462//462 460//460 463//463
f 463//463 460//460 461//461
f 465//465 462//462 463//463
f 465//465 463//463 466//466
f 187//187 128//128 467//467
f 467//467 128//128 437//437
f 188//188 187//187 467//467
f 467//467 468//468 188//188
f 467//467 437//437 276//276
f 467//467 276//276 469//469
f 468//468 467//467 470//470
f 470//470 467//467 469//469
f 470//470 469//469 471//471
f 471//471 469//469 276//276
f 189//189 188//188 468//468
f 189//189 468//468 472//472
f 472//472 468//468 470//470
f 472//472 470//470 473//473
f 473//473 470//470 471//471
f 191//191 189//189 474//474
f 474//474 189//189 472//472
f 474//474 472//472 473//473
f 203//203 191//191 474//474
f 473//473 475//475 474//474
f 474//474 209//209 203//203
f 209//209 474//474 475//475
f 475//475 476//476 209//209
f 208//208 209//209 476//476
f 476//476 211//211 208//208
f 477//477 478//478 479//479
f 477//477 480//480 478//478
f 481//481 479//479 478//478
f 482//482 483//483 484//484
f 487//487 485//485 488//488
f 489//489 487//487 490//490
f 490//490 487//487 488//488
f 491//491 492//492 493//493
f 485//485 486//486 494//494
f 494//494 486//486 491//491
f 494//494 491//491 495//495
f 495//495 491//491 493//493
f 493//493 492//492 496//496
f 496//496 492//492 497//497
f 496//496 497//497 498//498
f 498//498 497//497 482//482
f 498//498 482//482 484//484
f 495//495 493//493 496//496
f 496//496 499//499 495//495
f 499//499 496//496 498//498
f 498//498 500//500 499//499
f 488//488 485//485 494//494
f 494//494 501//501 488//488
f 501//501 494//494 495//495
f 495//495 499//499 501//501
f 490//490 488//488 501//501
f 501//501 502//502 490//490
f 502//502 501//501 499//499
f 499//499 503//503 502//502
f 503//503 499//499 500//500
f 500//500 504//504 503//503
f 505//505 503//503 504//504
f 504//504 506//506 505//505
f 509//509 507//507 510//510
f 510//510 511//511 509//509
f 511//511 510//510 512//512
f 512//512 510//510 513//513
f 508//508 513//513 510//510
f 512//512 513//513 515//515
f 515//515 513//513 516//516
f 508//508 516//516 513//513
f 515//515 516//516 482//482
f 482//482 516//516 514//514
f 482//482 514//514 483//483
f 516//516 508//508 514//514
f 517//517 518//518 519//519
f 509//509 520//520 521//521
f 518//518 517//517 521//521
f 521//521 522//522 518//518
f 522//522 521//521 485//485
f 485//485 521//521 486//486
f 486//486 521//521 520//520
f 480//480 477//477 519//519
f 519//519 523//523 480//480
f 523//523 519//519 518//518
f 518//518 524//524 523//523
f 525//525 480//480 523//523
f 523//523 526//526 525//525
f 526//526 523//523 524//524
f 524//524 527//527 526//526
f 524//524 518//518 522//522
f 522//522 528//528 524//524
f 528//528 522//522 487//487
f 487//487 522//522 485//485
f 527//527 524//524 528//528
f 528//528 489//489 527//527
f 489//489 528//528 487//487
f 520//520 509//509 511//511
f 511//511 491//491 520//520
f 491//491 511//511 492//492
f 492//492 511//511 512//512
f 520//520 491//491 486//486
f 515//515 497//497 512//512
f 512//512 497//497 492//492
f 482//482 497//497 515//515
f 484//484 483//483 530//530
f 530//530 483//483 531//531
f 532//532 533//533 534//534
f 530//530 531//531 532//532
f 532//532 531//531 533//533
f 533//533 531//531 535//535
f 536//536 537//537 538//538
f 538//538 539//539 529//529
f 538//538 537//537 539//539
f 539//539 537//537 540//540
f 541//541 542//542 543//543
f 534//534 533//533 537//537
f 534//534 537//537 536//536
f 537//537 533//533 544//544
f 541//541 544//544 533//533
f 541//541 533//533 545//545
f 545//545 533//533 535//535
f 543//543 540//540 544//544
f 544//544 540//540 537//537
f 543//543 544//544 541//541
f 546//546 547//547 529//529
f 548//548 549//549 550//550
f 547//547 546//546 548//548
f 548//548 546//546 551//551
f 548//548 551//551 549//549
f 550//550 549//549 552//552
f 552//552 553//553 550//550
f 552//552 549//549 551//551
f 551//551 554//554 552//552
f 546//546 529//529 539//539
f 539//539 555//555 546//546
f 555//555 539//539 540//540
f 540//540 556//556 555//555
f 551//551 546//546 555//555
f 555//555 557//557 551//551
f 557//557 555//555 556//556
f 556//556 558//558 557//557
f 559//559 543//543 542//542
f 542//542 560//560 559//559
f 561//561 562//562 559//559
f 561//561 559//559 560//560
f 560//560 563//563 561//561
f 559//559 556//556 540//540
f 540//540 543//543 559//559
f 562//562 558//558 556//556
f 556//556 559//559 562//562
f 554//554 551//551 557//557
f 557//557 564//564 554//554
f 558//558 564//564 557//557
f 562//562 561//561 565//565
f 562//562 565//565 558//558
f 565//565 561//561 563//563
f 563//563 566//566 565//565
f 529//529 568//568 567//567
f 569//569 567//567 568//568
f 568//568 570//570 569//569
f 573//573 569//569 571//571
f 571//571 569//569 570//570
f 576//576 571//571 577//577
f 577//577 571//571 572//572
f 575//575 574//574 576//576
f 576//576 574//574 571//571
f 571//571 574//574 573//573
f 498//498 484//484 530//530
f 530//530 578//578 498//498
f 578//578 532//532 579//579
f 579//579 532//532 534//534
f 578//578 530//530 532//532
f 500//500 498//498 581//581
f 500//500 581//581 580//580
f 581//581 498//498 578//578
f 580//580 581//581 582//582
f 582//582 581//581 579//579
f 579//579 581//581 578//578
f 583//583 584//584 585//585
f 579//579 536//536 583//583
f 583//583 536//536 584//584
f 584//584 536//536 538//538
f 585//585 584//584 567//567
f 567//567 584//584 529//529
f 529//529 584//584 538//538
f 586//586 583//583 585//585
f 585//585 587//587 586//586
f 588//588 579//579 583//583
f 583//583 586//586 588//588
f 587//587 585//585 567//567
f 567//567 569//569 587//587
f 579//579 534//534 536//536
f 582//582 579//579 588//588
f 504//504 500//500 589//589
f 589//589 500//500 580//580
f 589//589 580//580 590//590
f 590//590 580//580 582//582
f 506//506 589//589 591//591
f 506//506 504//504 589//589
f 591//591 589//589 590//590
f 590//590 592//592 591//591
f 593//593 586//586 587//587
f 587//587 573//573 593//593
f 593//593 588//588 586//586
f 573//573 587//587 569//569
f 594//594 593//593 574//574
f 574//574 593//593 573//573
f 594//594 595//595 593//593
f 596//596 597//597 598//598
f 568//568 529//529 547//547
f 568//568 547//547 596//596
f 596//596 547//547 597//597
f 598//598 597//597 548//548
f 598//598 548//548 550//550
f 598//598 550//550 599//599
f 570//570 596//596 600//600
f 600//600 596//596 598//598
f 570//570 568//568 596//596
f 600//600 598//598 599//599
f 599//599 601//601 600//600
f 601//601 602//602 603//603
f 599//599 550//550 553//553
f 553//553 602//602 599//599
f 601//601 599//599 602//602
f 572//572 571//571 604//604
f 604//604 571//571 600//600
f 600//600 571//571 570//570
f 604//604 600//600 601//601
f 601//601 605//605 604//604
f 577//577 572//572 604//604
f 604//604 606//606 577//577
f 606//606 604//604 605//605
f 605//605 607//607 606//606
f 605//605 601//601 603//603
f 603//603 608//608 605//605
f 607//607 605//605 608//608
f 610//610 609//609 611//611
f 611//611 545//545 610//610
f 610//610 531//531 609//609
f 609//609 531//531 483//483
f 609//609 483//483 514//514
f 545//545 535//535 531//531
f 531//531 610//610 545//545
f 545//545 611//611 541//541
f 542//542 541//541 611//611
f 611//611 612//612 542//542
f 560//560 542//542 612//612
f 612//612 613//613 560//560
f 563//563 560//560 566//566
f 566//566 560//560 613//613
f 614//614 615//615 616//616
f 616//616 617//617 614//614
f 618//618 614//614 619//619
f 619//619 614//614 617//617
f 619//619 617//617 622//622
f 622//622 623//623 619//619
f 623//623 622//622 624//624
f 624//624 625//625 623//623
f 626//626 621//621 627//627
f 627//627 621//621 620//620
f 625//625 624//624 628//628
f 628//628 624//624 626//626
f 628//628 626//626 629//629
f 629//629 626//626 627//627
f 383//383 382//382 630//630
f 630//630 382//382 631//631
f 631//631 632//632 630//630
f 385//385 383//383 630//630
f 630//630 633//633 385//385
f 633//633 630//630 632//632
f 632//632 634//634 633//633
f 632//632 631//631 635//635
f 635//635 631//631 618//618
f 635//635 618//618 636//636
f 636//636 618//618 619//619
f 634//634 632//632 637//637
f 637//637 632//632 635//635
f 637//637 635//635 636//636
f 636//636 638//638 637//637
f 391//391 385//385 633//633
f 633//633 639//639 391//391
f 639//639 633//633 634//634
f 393//393 391//391 639//639
f 639//639 634//634 640//640
f 640//640 634//634 637//637
f 640//640 637//637 638//638
f 638//638 641//641 640//640
f 642//642 639//639 640//640
f 642//642 640//640 643//643
f 643//643 640//640 641//641
f 636//636 619//619 623//623
f 623//623 644//644 636//636
f 644//644 623//623 625//625
f 625//625 645//645 644//644
f 638//638 636//636 644//644
f 644//644 646//646 638//638
f 646//646 644//644 645//645
f 645//645 647//647 646//646
f 645//645 625//625 628//628
f 628//628 648//648 645//645
f 648//648 628//628 649//649
f 649//649 628//628 629//629
f 647//647 645//645 648//648
f 648//648 650//650 647//647
f 650//650 648//648 649//649
f 649//649 651//651 650//650
f 641//641 638//638 646//646
f 646//646 652//652 641//641
f 652//652 646//646 647//647
f 647//647 653//653 652//652
f 643//643 641//641 652//652
f 652//652 654//654 643//643
f 654//654 652//652 653//653
f 653//653 647//647 650//650
f 650//650 259//259 653//653
f 259//259 650//650 651//651
f 651//651 260//260 259//259
f 654//654 653//653 259//259
f 655//655 259//259 260//260
f 382//382 409//409 656//656
f 656//656 409//409 657//657
f 657//657 631//631 656//656
f 631//631 657//657 658//658
f 658//658 618//618 631//631
f 618//618 658//658 614//614
f 656//656 631//631 382//382
f 660//660 659//659 661//661
f 662//662 489//489 663//663
f 663//663 489//489 490//490
f 660//660 661//661 664//664
f 664//664 661//661 662//662
f 664//664 662//662 665//665
f 665//665 662//662 663//663
f 627//627 620//620 659//659
f 659//659 666//666 627//627
f 666//666 659//659 660//660
f 660//660 667//667 666//666
f 629//629 627//627 666//666
f 666//666 668//668 629//629
f 668//668 666//666 667//667
f 667//667 669//669 668//668
f 667//667 660//660 664//664
f 664//664 670//670 667//667
f 670//670 664//664 665//665
f 665//665 671//671 670//670
f 669//669 667//667 670//670
f 670//670 672//672 669//669
f 672//672 670//670 671//671
f 671//671 673//673 672//672
f 663//663 490//490 502//502
f 502//502 674//674 663//663
f 674//674 502//502 503//503
f 503//503 675//675 674//674
f 665//665 663//663 674//674
f 674//674 676//676 665//665
f 676//676 674//674 675//675
f 675//675 677//677 676//676
f 675//675 503//503 505//505
f 505//505 678//678 675//675
f 678//678 505//505 679//679
f 679//679 505//505 506//506
f 677//677 675//675 678//678
f 678//678 680//680 677//677
f 680//680 679//679 681//681
f 681//681 679//679 506//506
f 680//680 678//678 679//679
f 671//671 665//665 676//676
f 676//676 682//682 671//671
f 682//682 676//676 677//677
f 677//677 683//683 682//682
f 673//673 671//671 682//682
f 682//682 684//684 673//673
f 684//684 682//682 685//685
f 685//685 682//682 683//683
f 683//683 677//677 686//686
f 686//686 677//677 680//680
f 687//687 686//686 681//681
f 681//681 686//686 680//680
f 685//685 683//683 688//688
f 688//688 683//683 686//686
f 688//688 686//686 687//687
f 687//687 689//689 688//688
f 649//649 629//629 690//690
f 690//690 629//629 668//668
f 690//690 668//668 669//669
f 669//669 691//691 690//690
f 651//651 649//649 692//692
f 692//692 649//649 690//690
f 692//692 690//690 693//693
f 693//693 690//690 691//691
f 691//691 669//669 672//672
f 694//694 672//672 673//673
f 693//693 691//691 695//695
f 695//695 691//691 672//672
f 695//695 672//672 696//696
f 696//696 672//672 694//694
f 260//260 651//651 697//697
f 697//697 651//651 692//692
f 693//693 698//698 697//697
f 697//697 692//692 693//693
f 655//655 260//260 697//697
f 655//655 697//697 698//698
f 698//698 699//699 655//655
f 698//698 693//693 695//695
f 698//698 695//695 700//700
f 700//700 695//695 701//701
f 701//701 695//695 696//696
f 699//699 698//698 700//700
f 699//699 700//700 702//702
f 702//702 700//700 703//703
f 701//701 703//703 700//700
f 694//694 673//673 704//704
f 704//704 673//673 684//684
f 704//704 684//684 685//685
f 685//685 705//705 704//704
f 696//696 694//694 706//706
f 706//706 694//694 704//704
f 706//706 704//704 705//705
f 705//705 707//707 706//706
f 705//705 685//685 708//708
f 708//708 685//685 688//688
f 708//708 688//688 689//689
f 689//689 709//709 708//708
f 710//710 708//708 711//711
f 707//707 705//705 710//710
f 710//710 705//705 708//708
f 711//711 708//708 709//709
f 709//709 712//712 711//711
f 701//701 696//696 706//706
f 706//706 713//713 701//701
f 713//713 706//706 707//707
f 707//707 714//714 713//713
f 713//713 715//715 703//703
f 703//703 701//701 713//713
f 716//716 715//715 714//714
f 713//713 714//714 715//715
f 717//717 710//710 718//718
f 718//718 710//710 711//711
f 714//714 707//707 717//717
f 717//717 707//707 710//710
f 718//718 711//711 712//712
f 712//712 719//719 718//718
f 716//716 714//714 720//720
f 720//720 714//714 717//717
f 720//720 717//717 718//718
f 720//720 718//718 719//719
f 719//719 721//721 720//720
f 526//526 722//722 525//525
f 722//722 526//526 527//527
f 722//722 659//659 525//525
f 525//525 659//659 620//620
f 722//722 661//661 659//659
f 722//722 527//527 489//489
f 489//489 662//662 722//722
f 722//722 662//662 661//661
f 418//418 417//417 723//723
f 393//393 723//723 417//417
f 418//418 723//723 724//724
f 639//639 724//724 723//723
f 723//723 393//393 639//639
f 420//420 418//418 725//725
f 725//725 418//418 724//724
f 261//261 724//724 642//642
f 642//642 724//724 639//639
f 261//261 642//642 726//726
f 726//726 642//642 643//643
f 725//725 724//724 261//261
f 725//725 261//261 727//727
f 727//727 261//261 726//726
f 726//726 728//728 727//727
f 420//420 729//729 425//425
f 729//729 420//420 725//725
f 427//427 425//425 729//729
f 729//729 730//730 427//427
f 730//730 729//729 731//731
f 729//729 725//725 727//727
f 727//727 732//732 729//729
f 732//732 727//727 728//728
f 731//731 729//729 732//732
f 732//732 733//733 731//731
f 733//733 732//732 728//728
f 728//728 734//734 733//733
f 726//726 643//643 654//654
f 654//654 735//735 726//726
f 735//735 654//654 262//262
f 728//728 726//726 735//735
f 735//735 736//736 728//728
f 736//736 735//735 737//737
f 737//737 735//735 262//262
f 738//738 262//262 259//259
f 259//259 262//262 654//654
f 738//738 259//259 655//655
f 737//737 262//262 738//738
f 738//738 739//739 737//737
f 738//738 740//740 739//739
f 741//741 728//728 736//736
f 741//741 736//736 742//742
f 742//742 736//736 737//737
f 734//734 728//728 743//743
f 743//743 728//728 741//741
f 743//743 741//741 744//744
f 744//744 741//741 742//742
f 742//742 737//737 739//739
f 739//739 745//745 742//742
f 745//745 739//739 740//740
f 740//740 746//746 745//745
f 744//744 742//742 745//745
f 434//434 427//427 747//747
f 747//747 427//427 730//730
f 747//747 730//730 731//731
f 436//436 434//434 748//748
f 748//748 434//434 747//747
f 748//748 747//747 749//749
f 747//747 731//731 750//750
f 750//750 731//731 733//733
f 750//750 733//733 751//751
f 751//751 733//733 734//734
f 749//749 747//747 750//750
f 750//750 752//752 749//749
f 752//752 750//750 753//753
f 753//753 750//750 751//751
f 441//441 436//436 754//754
f 754//754 436//436 748//748
f 754//754 748//748 749//749
f 749//749 755//755 754//754
f 442//442 441//441 756//756
f 756//756 441//441 754//754
f 756//756 754//754 755//755
f 755//755 757//757 756//756
f 755//755 749//749 752//752
f 752//752 758//758 755//755
f 758//758 752//752 759//759
f 759//759 752//752 753//753
f 757//757 755//755 758//758
f 758//758 760//760 757//757
f 760//760 758//758 759//759
f 751//751 734//734 761//761
f 761//761 734//734 743//743
f 761//761 743//743 762//762
f 762//762 743//743 744//744
f 753//753 751//751 761//761
f 761//761 763//763 753//753
f 763//763 761//761 762//762
f 762//762 764//764 763//763
f 762//762 744//744 765//765
f 765//765 744//744 745//745
f 765//765 745//745 746//746
f 746//746 766//766 765//765
f 764//764 762//762 767//767
f 767//767 762//762 765//765
f 767//767 765//765 766//766
f 766//766 768//768 767//767
f 759//759 753//753 763//763
f 763//763 769//769 759//759
f 769//769 763//763 764//764
f 760//760 759//759 769//769
f 769//769 764//764 771//771
f 771//771 764//764 767//767
f 771//771 767//767 768//768
f 768//768 772//772 771//771
f 770//770 769//769 771//771
f 771//771 773//773 770//770
f 773//773 771//771 772//772
f 655//655 774//774 738//738
f 774//774 655//655 699//699
f 699//699 775//775 774//774
f 740//740 738//738 774//774
f 774//774 776//776 740//740
f 776//776 774//774 775//775
f 775//775 777//777 776//776
f 775//775 699//699 702//702
f 702//702 778//778 775//775
f 778//778 702//702 703//703
f 703//703 779//779 778//778
f 777//777 775//775 778//778
f 778//778 780//780 777//777
f 780//780 778//778 779//779
f 779//779 781//781 780//780
f 746//746 740//740 776//776
f 776//776 782//782 746//746
f 782//782 776//776 777//777
f 777//777 783//783 782//782
f 782//782 784//784 746//746
f 784//784 782//782 783//783
f 783//783 785//785 784//784
f 783//783 777//777 780//780
f 780//780 786//786 783//783
f 786//786 780//780 781//781
f 781//781 787//787 786//786
f 785//785 783//783 786//786
f 787//787 788//788 786//786
f 779//779 703//703 789//789
f 789//789 703//703 715//715
f 789//789 715//715 716//716
f 716//716 790//790 789//789
f 781//781 779//779 791//791
f 791//791 779//779 789//789
f 791//791 789//789 792//792
f 792//792 789//789 790//790
f 790//790 716//716 720//720
f 720//720 793//793 790//790
f 793//793 720//720 721//721
f 721//721 263//263 793//793
f 792//792 790//790 793//793
f 793//793 794//794 792//792
f 794//794 793//793 263//263
f 787//787 781//781 795//795
f 795//795 781//781 791//791
f 795//795 791//791 792//792
f 788//788 787//787 796//796
f 796//796 787//787 795//795
f 795//795 797//797 796//796
f 267//267 798//798 799//799
f 795//795 792//792 794//794
f 794//794 800//800 795//795
f 800//800 794//794 798//798
f 798//798 794//794 263//263
f 797//797 795//795 800//800
f 800//800 267//267 797//797
f 267//267 800//800 798//798
f 766//766 746//746 784//784
f 768//768 766//766 784//784
f 784//784 801//801 768//768
f 801//801 784//784 785//785
f 785//785 802//802 801//801
f 786//786 804//804 785//785
f 804//804 786//786 788//788
f 788//788 803//803 804//804
f 802//802 785//785 804//804
f 804//804 265//265 802//802
f 265//265 804//804 803//803
f 772//772 768//768 801//801
f 801//801 805//805 772//772
f 805//805 801//801 802//802
f 802//802 266//266 805//805
f 773//773 772//772 264//264
f 264//264 772//772 805//805
f 805//805 266//266 264//264
f 806//806 265//265 803//803
f 807//807 266//266 265//265
f 807//807 265//265 806//806
f 806//806 808//808 807//807
f 266//266 802//802 265//265
f 810//810 809//809 811//811
f 803//803 788//788 809//809
f 809//809 788//788 796//796
f 809//809 796//796 797//797
f 797//797 811//811 809//809
f 811//811 267//267 812//812
f 812//812 267//267 813//813
f 813//813 267//267 799//799
f 810//810 811//811 814//814
f 814//814 811//811 812//812
f 814//814 812//812 813//813
f 813//813 815//815 814//814
f 811//811 797//797 267//267
f 806//806 803//803 809//809
f 809//809 816//816 806//806
f 816//816 809//809 810//810
f 808//808 806//806 816//816
f 816//816 817//817 808//808
f 817//817 816//816 810//810
f 814//814 818//818 810//810
f 818//818 814//814 815//815
f 815//815 819//819 818//818
f 817//817 810//810 818//818
f 818//818 820//820 817//817
f 820//820 818//818 819//819
f 819//819 821//821 820//820
f 822//822 574//574 575//575
f 575//575 268//268 822//822
f 823//823 576//576 577//577
f 268//268 575//575 576//576
f 824//824 576//576 825//825
f 825//825 576//576 823//823
f 269//269 268//268 576//576
f 576//576 824//824 269//269
f 826//826 824//824 825//825
f 825//825 827//827 826//826
f 272//272 269//269 824//824
f 824//824 826//826 272//272
f 828//828 271//271 829//829
f 829//829 271//271 272//272
f 830//830 826//826 831//831
f 831//831 826//826 827//827
f 829//829 272//272 826//826
f 826//826 830//830 829//829
f 833//833 834//834 832//832
f 835//835 506//506 591//591
f 835//835 592//592 833//833
f 681//681 506//506 835//835
f 835//835 836//836 681//681
f 836//836 835//835 832//832
f 822//822 594//594 574//574
f 837//837 833//833 838//838
f 834//834 833//833 837//837
f 837//837 839//839 834//834
f 840//840 832//832 834//834
f 834//834 841//841 840//840
f 842//842 273//273 840//840
f 842//842 840//840 841//841
f 687//687 681//681 836//836
f 836//836 843//843 687//687
f 843//843 836//836 840//840
f 840//840 836//836 832//832
f 689//689 687//687 273//273
f 273//273 687//687 843//843
f 840//840 273//273 843//843
f 841//841 839//839 271//271
f 841//841 834//834 839//839
f 828//828 842//842 271//271
f 271//271 842//842 841//841
f 823//823 577//577 606//606
f 606//606 844//844 823//823
f 844//844 606//606 845//845
f 845//845 606//606 607//607
f 825//825 823//823 844//844
f 844//844 846//846 825//825
f 846//846 844//844 847//847
f 847//847 844//844 845//845
f 845//845 607//607 608//608
f 608//608 848//848 845//845
f 847//847 845//845 848//848
f 848//848 849//849 847//847
f 827//827 825//825 846//846
f 846//846 850//850 827//827
f 850//850 846//846 851//851
f 851//851 846//846 847//847
f 831//831 827//827 850//850
f 851//851 852//852 850//850
f 851//851 847//847 849//849
f 849//849 853//853 851//851
f 852//852 851//851 853//853
f 853//853 854//854 852//852
f 855//855 828//828 856//856
f 856//856 828//828 829//829
f 857//857 830//830 831//831
f 856//856 829//829 830//830
f 858//858 855//855 856//856
f 856//856 859//859 858//858
f 860//860 830//830 857//857
f 859//859 856//856 860//860
f 860//860 856//856 830//830
f 861//861 858//858 862//862
f 862//862 858//858 859//859
f 862//862 860//860 863//863
f 863//863 860//860 857//857
f 862//862 859//859 860//860
f 864//864 861//861 865//865
f 865//865 861//861 862//862
f 866//866 862//862 863//863
f 863//863 867//867 866//866
f 862//862 866//866 865//865
f 868//868 273//273 869//869
f 869//869 273//273 842//842
f 872//872 870//870 871//871
f 871//871 870//870 869//869
f 869//869 870//870 868//868
f 709//709 689//689 868//868
f 868//868 689//689 273//273
f 712//712 709//709 870//870
f 712//712 870//870 872//872
f 870//870 709//709 868//868
f 869//869 842//842 828//828
f 828//828 855//855 869//869
f 871//871 869//869 855//855
f 855//855 858//858 871//871
f 871//871 875//875 874//874
f 874//874 873//873 871//871
f 871//871 873//873 872//872
f 876//876 873//873 877//877
f 878//878 874//874 875//875
f 875//875 879//879 878//878
f 877//877 873//873 874//874
f 874//874 878//878 877//877
f 719//719 712//712 873//873
f 873//873 712//712 872//872
f 721//721 719//719 876//876
f 876//876 719//719 873//873
f 875//875 871//871 858//858
f 858//858 861//861 875//875
f 879//879 875//875 861//861
f 861//861 864//864 879//879
f 857//857 831//831 880//880
f 880//880 831//831 850//850
f 880//880 850//850 881//881
f 881//881 850//850 852//852
f 880//880 882//882 857//857
f 882//882 880//880 881//881
f 881//881 883//883 882//882
f 881//881 852//852 884//884
f 884//884 852//852 854//854
f 883//883 881//881 885//885
f 885//885 881//881 884//884
f 863//863 857//857 882//882
f 882//882 886//886 863//863
f 886//886 882//882 883//883
f 867//867 863//863 887//887
f 887//887 863//863 886//886
f 887//887 886//886 888//888
f 888//888 886//886 883//883
f 888//888 883//883 889//889
f 889//889 883//883 885//885
f 890//890 864//864 865//865
f 865//865 891//891 890//890
f 892//892 866//866 867//867
f 867//867 893//893 892//892
f 891//891 865//865 866//866
f 866//866 892//892 891//891
f 894//894 890//890 891//891
f 891//891 895//895 894//894
f 896//896 892//892 897//897
f 897//897 892//892 893//893
f 895//895 891//891 892//892
f 892//892 896//896 895//895
f 898//898 894//894 895//895
f 895//895 899//899 898//898
f 900//900 896//896 901//901
f 901//901 896//896 897//897
f 899//899 895//895 900//900
f 900//900 895//895 896//896
f 902//902 898//898 903//903
f 903//903 898//898 899//899
f 904//904 900//900 905//905
f 905//905 900//900 901//901
f 903//903 899//899 904//904
f 904//904 899//899 900//900
f 906//906 876//876 907//907
f 907//907 876//876 877//877
f 908//908 878//878 909//909
f 909//909 878//878 879//879
f 907//907 877//877 878//878
f 878//878 908//908 907//907
f 910//910 263//263 906//906
f 910//910 906//906 907//907
f 911//911 908//908 912//912
f 912//912 908//908 909//909
f 910//910 907//907 908//908
f 908//908 911//911 910//910
f 263//263 721//721 906//906
f 906//906 721//721 876//876
f 909//909 879//879 864//864
f 864//864 890//890 909//909
f 912//912 909//909 894//894
f 894//894 909//909 890//890
f 798//798 263//263 910//910
f 910//910 913//913 798//798
f 914//914 911//911 912//912
f 912//912 915//915 914//914
f 913//913 910//910 911//911
f 911//911 914//914 913//913
f 799//799 798//798 913//913
f 913//913 916//916 799//799
f 917//917 914//914 915//915
f 916//916 913//913 914//914
f 914//914 917//917 916//916
f 915//915 912//912 894//894
f 894//894 898//898 915//915
f 898//898 902//902 915//915
f 893//893 867//867 918//918
f 918//918 867//867 887//887
f 918//918 887//887 888//888
f 888//888 919//919 918//918
f 897//897 893//893 918//918
f 918//918 920//920 897//897
f 920//920 918//918 921//921
f 921//921 918//918 919//919
f 919//919 888//888 922//922
f 922//922 888//888 889//889
f 921//921 919//919 923//923
f 923//923 919//919 922//922
f 901//901 897//897 920//920
f 920//920 924//924 901//901
f 924//924 920//920 921//921
f 921//921 925//925 924//924
f 905//905 901//901 926//926
f 926//926 901//901 924//924
f 926//926 924//924 927//927
f 927//927 924//924 925//925
f 925//925 921//921 923//923
f 925//925 928//928 927//927
f 275//275 902//902 930//930
f 930//930 902//902 903//903
f 931//931 904//904 905//905
f 905//905 932//932 931//931
f 930//930 903//903 904//904
f 904//904 931//931 930//930
f 929//929 275//275 931//931
f 931//931 275//275 930//930
f 933//933 931//931 932//932
f 932//932 934//934 933//933
f 935//935 929//929 931//931
f 931//931 937//937 935//935
f 938//938 933//933 934//934
f 937//937 931//931 933//933
f 933//933 938//938 937//937
f 936//936 935//935 937//937
f 937//937 939//939 936//936
f 940//940 938//938 941//941
f 939//939 937//937 940//940
f 940//940 937//937 938//938
f 813//813 799//799 916//916
f 942//942 917//917 275//275
f 275//275 917//917 915//915
f 942//942 916//916 917//917
f 815//815 813//813 274//274
f 274//274 813//813 916//916
f 929//929 274//274 275//275
f 275//275 274//274 942//942
f 942//942 274//274 916//916
f 275//275 915//915 902//902
f 943//943 274//274 944//944
f 819//819 815//815 943//943
f 943//943 815//815 274//274
f 944//944 274//274 929//929
f 929//929 935//935 944//944
f 945//945 943//943 944//944
f 821//821 819//819 945//945
f 945//945 819//819 943//943
f 936//936 944//944 935//935
f 932//932 905//905 946//946
f 946//946 905//905 926//926
f 946//946 926//926 947//947
f 947//947 926//926 927//927
f 934//934 932//932 948//948
f 948//948 932//932 946//946
f 947//947 927//927 949//949
f 949//949 927//927 928//928
f 946//946 947//947 950//950
f 950//950 947//947 949//949
f 938//938 934//934 951//951
f 951//951 934//934 948//948
f 951//951 948//948 952//952
f 952//952 948//948 946//946
f 941//941 938//938 951//951
f 951//951 953//953 941//941
f 953//953 951//951 954//954
f 954//954 951//951 952//952
f 952//952 946//946 955//955
f 955//955 946//946 950//950
f 954//954 952//952 956//956
f 956//956 952//952 955//955
f 471//471 276//276 277//277
f 471//471 277//277 957//957
f 957//957 277//277 958//958
f 958//958 959//959 957//957
f 277//277 276//276 442//442
f 277//277 442//442 756//756
f 277//277 756//756 958//958
f 958//958 756//756 757//757
f 959//959 958//958 960//960
f 959//959 960//960 961//961
f 961//961 962//962 959//959
f 958//958 757//757 960//960
f 960//960 757//757 760//760
f 760//760 961//961 960//960
f 473//473 471//471 957//957
f 963//963 957//957 959//959
f 957//957 964//964 473//473
f 964//964 957//957 963//963
f 963//963 965//965 964//964
f 959//959 966//966 963//963
f 966//966 959//959 962//962
f 965//965 963//963 967//967
f 967//967 963//963 966//966
f 967//967 966//966 962//962
f 962//962 968//968 967//967
f 962//962 961//961 969//969
f 969//969 961//961 278//278
f 969//969 278//278 970//970
f 961//961 760//760 769//769
f 769//769 278//278 961//961
f 278//278 769//769 770//770
f 773//773 971//971 278//278
f 971//971 773//773 972//972
f 970//970 278//278 971//971
f 970//970 971//971 972//972
f 972//972 973//973 970//970
f 770//770 773//773 278//278
f 969//969 974//974 962//962
f 974//974 969//969 970//970
f 970//970 975//975 974//974
f 968//968 962//962 974//974
f 974//974 976//976 968//968
f 975//975 970//970 977//977
f 977//977 970//970 973//973
f 973//973 978//978 977//977
f 974//974 975//975 979//979
f 979//979 975//975 977//977
f 979//979 977//977 978//978
f 978//978 980//980 979//979
f 475//475 473//473 964//964
f 964//964 981//981 475//475
f 981//981 964//964 965//965
f 965//965 982//982 981//981
f 476//476 475//475 981//981
f 981//981 983//983 476//476
f 983//983 981//981 982//982
f 982//982 984//984 983//983
f 982//982 965//965 967//967
f 967//967 985//985 982//982
f 985//985 967//967 968//968
f 968//968 986//986 985//985
f 984//984 982//982 985//985
f 984//984 985//985 986//986
f 986//986 987//987 984//984
f 211//211 476//476 988//988
f 988//988 476//476 983//983
f 988//988 983//983 989//989
f 989//989 983//983 984//984
f 212//212 211//211 988//988
f 988//988 283//283 212//212
f 283//283 988//988 990//990
f 990//990 988//988 989//989
f 984//984 991//991 989//989
f 991//991 984//984 987//987
f 990//990 989//989 991//991
f 991//991 992//992 990//990
f 992//992 991//991 987//987
f 987//987 993//993 992//992
f 986//986 968//968 976//976
f 986//986 976//976 994//994
f 994//994 976//976 974//974
f 987//987 986//986 994//994
f 994//994 995//995 987//987
f 994//994 974//974 979//979
f 994//994 979//979 980//980
f 980//980 996//996 994//994
f 994//994 997//997 995//995
f 997//997 994//994 996//996
f 996//996 998//998 997//997
f 999//999 987//987 995//995
f 993//993 987//987 999//999
f 995//995 1000//1000 999//999
f 1001//1001 995//995 997//997
f 1001//1001 997//997 1002//1002
f 1002//1002 997//997 998//998
f 1000//1000 995//995 1001//1001
f 1001//1001 1003//1003 1000//1000
f 1003//1003 1001//1001 1004//1004
f 1004//1004 1001//1001 1002//1002
f 972//972 773//773 264//264
f 972//972 264//264 266//266
f 266//266 1005//1005 972//972
f 972//972 1006//1006 973//973
f 1006//1006 972//972 1005//1005
f 1005//1005 266//266 807//807
f 807//807 1007//1007 1005//1005
f 1007//1007 807//807 808//808
f 1007//1007 1008//1008 1005//1005
f 1007//1007 1009//1009 1008//1008
f 978//978 973//973 1006//1006
f 1006//1006 1010//1010 978//978
f 1010//1010 1006//1006 1005//1005
f 1005//1005 1011//1011 1010//1010
f 980//980 978//978 1010//1010
f 980//980 1010//1010 1012//1012
f 1012//1012 1010//1010 1011//1011
f 1011//1011 1005//1005 1008//1008
f 1008//1008 1013//1013 1011//1011
f 1013//1013 1008//1008 1009//1009
f 1009//1009 1014//1014 1013//1013
f 1012//1012 1011//1011 1013//1013
f 1013//1013 1015//1015 1012//1012
f 1015//1015 1013//1013 1014//1014
f 1014//1014 1016//1016 1015//1015
f 1007//1007 808//808 817//817
f 817//817 1017//1017 1007//1007
f 1009//1009 1007//1007 1017//1017
f 1017//1017 1018//1018 1009//1009
f 1017//1017 817//817 820//820
f 820//820 1019//1019 1017//1017
f 1019//1019 820//820 821//821
f 821//821 1020//1020 1019//1019
f 1018//1018 1017//1017 1019//1019
f 1019//1019 1021//1021 1018//1018
f 1021//1021 1019//1019 1020//1020
f 1020//1020 279//279 1021//1021
f 1009//1009 1018//1018 1014//1014
f 1016//1016 1014//1014 1018//1018
f 1018//1018 1023//1023 1016//1016
f 1023//1023 1018//1018 1022//1022
f 1022//1022 1024//1024 1023//1023
f 1022//1022 1018//1018 1021//1021
f 1021//1021 1025//1025 1022//1022
f 1025//1025 1021//1021 279//279
f 1024//1024 1022//1022 1025//1025
f 1025//1025 280//280 1024//1024
f 280//280 1025//1025 1026//1026
f 1026//1026 1025//1025 279//279
f 980//980 1027//1027 996//996
f 1027//1027 980//980 1012//1012
f 1012//1012 1028//1028 1027//1027
f 998//998 996//996 1027//1027
f 1027//1027 1029//1029 998//998
f 1029//1029 1027//1027 1028//1028
f 1028//1028 1030//1030 1029//1029
f 1028//1028 1012//1012 1015//1015
f 1015//1015 1031//1031 1028//1028
f 1031//1031 1015//1015 1016//1016
f 1016//1016 1032//1032 1031//1031
f 1030//1030 1028//1028 1033//1033
f 1033//1033 1028//1028 1031//1031
f 1033//1033 1031//1031 1032//1032
f 1032//1032 1034//1034 1033//1033
f 1002//1002 998//998 1029//1029
f 1029//1029 1035//1035 1002//1002
f 1035//1035 1029//1029 1030//1030
f 1030//1030 1036//1036 1035//1035
f 1004//1004 1002//1002 1035//1035
f 1035//1035 1037//1037 1004//1004
f 1037//1037 1035//1035 1036//1036
f 1036//1036 1038//1038 1037//1037
f 1036//1036 1030//1030 1033//1033
f 1033//1033 1034//1034 1036//1036
f 1038//1038 1036//1036 1034//1034
f 1034//1034 1039//1039 1038//1038
f 1032//1032 1016//1016 1023//1023
f 1023//1023 1040//1040 1032//1032
f 1040//1040 1023//1023 1024//1024
f 1024//1024 1041//1041 1040//1040
f 1034//1034 1032//1032 1040//1040
f 1040//1040 1042//1042 1034//1034
f 1042//1042 1040//1040 1041//1041
f 1041//1041 281//281 1042//1042
f 1041//1041 1024//1024 280//280
f 281//281 280//280 1043//1043
f 281//281 1041//1041 280//280
f 1043//1043 280//280 1026//1026
f 1026//1026 1044//1044 1043//1043
f 1042//1042 1045//1045 1034//1034
f 1045//1045 1042//1042 281//281
f 1045//1045 281//281 1046//1046
f 1039//1039 1034//1034 1045//1045
f 1045//1045 1047//1047 1039//1039
f 1047//1047 1045//1045 1048//1048
f 1048//1048 1045//1045 1046//1046
f 1046//1046 281//281 1049//1049
f 1049//1049 281//281 1043//1043
f 1049//1049 1043//1043 1044//1044
f 1048//1048 1046//1046 1049//1049
f 1049//1049 1050//1050 1048//1048
f 1050//1050 1049//1049 1044//1044
f 1044//1044 1051//1051 1050//1050
f 990//990 1052//1052 283//283
f 249//249 212//212 283//283
f 1052//1052 282//282 283//283
f 1052//1052 990//990 992//992
f 993//993 1053//1053 992//992
f 992//992 1053//1053 1052//1052
f 1052//1052 1054//1054 282//282
f 1054//1054 1052//1052 1053//1053
f 1054//1054 1055//1055 282//282
f 1054//1054 1056//1056 1055//1055
f 284//284 282//282 1055//1055
f 1055//1055 1057//1057 284//284
f 1057//1057 1055//1055 1056//1056
f 1056//1056 1058//1058 1057//1057
f 993//993 999//999 1053//1053
f 1000//1000 1059//1059 999//999
f 1054//1054 1053//1053 999//999
f 999//999 1056//1056 1054//1054
f 1056//1056 999//999 1059//1059
f 286//286 1059//1059 1000//1000
f 286//286 1000//1000 1003//1003
f 286//286 1003//1003 285//285
f 285//285 1003//1003 1004//1004
f 286//286 285//285 1060//1060
f 1061//1061 1056//1056 1062//1062
f 1062//1062 1056//1056 1059//1059
f 1058//1058 1056//1056 1061//1061
f 1061//1061 1063//1063 1058//1058
f 1063//1063 1061//1061 1062//1062
f 1062//1062 1064//1064 1063//1063
f 1062//1062 1059//1059 286//286
f 1062//1062 286//286 1060//1060
f 1064//1064 1062//1062 1060//1060
f 1060//1060 1065//1065 1064//1064
f 258//258 284//284 1057//1057
f 1057//1057 1066//1066 258//258
f 1066//1066 1057//1057 1058//1058
f 1066//1066 1058//1058 1063//1063
f 1063//1063 1067//1067 1066//1066
f 1067//1067 1063//1063 1064//1064
f 1067//1067 1064//1064 1068//1068
f 1068//1068 1064//1064 1065//1065
f 1004//1004 1037//1037 285//285
f 1038//1038 287//287 1037//1037
f 1060//1060 285//285 1037//1037
f 1060//1060 1037//1037 1069//1069
f 1069//1069 1037//1037 287//287
f 287//287 1038//1038 288//288
f 288//288 1038//1038 1039//1039
f 1069//1069 287//287 1070//1070
f 1070//1070 287//287 288//288
f 1065//1065 1060//1060 1069//1069
f 1069//1069 1071//1071 1065//1065
f 1071//1071 1069//1069 1070//1070
f 1070//1070 1072//1072 1071//1071
f 1070//1070 1073//1073 1072//1072
f 1074//1074 1072//1072 1073//1073
f 1039//1039 1047//1047 288//288
f 1075//1075 1047//1047 1048//1048
f 1070//1070 288//288 1047//1047
f 1047//1047 1076//1076 1070//1070
f 1076//1076 1047//1047 1075//1075
f 1075//1075 1077//1077 1076//1076
f 1075//1075 1048//1048 1050//1050
f 1050//1050 1078//1078 1075//1075
f 1078//1078 1050//1050 1051//1051
f 1051//1051 1079//1079 1078//1078
f 1077//1077 1075//1075 1078//1078
f 1078//1078 1080//1080 1077//1077
f 1080//1080 1078//1078 1079//1079
f 1079//1079 1081//1081 1080//1080
f 1073//1073 1070//1070 1076//1076
f 1074//1074 1073//1073 1076//1076
f 1076//1076 1082//1082 1074//1074
f 1082//1082 1076//1076 1077//1077
f 1077//1077 1083//1083 1082//1082
f 1081//1081 1084//1084 1080//1080
f 1083//1083 1077//1077 1080//1080
f 1080//1080 1085//1085 1083//1083
f 1085//1085 1080//1080 1084//1084
f 1084//1084 1086//1086 1085//1085
f 1068//1068 1065//1065 1071//1071
f 1071//1071 1087//1087 1068//1068
f 1087//1087 1071//1071 1072//1072
f 1087//1087 1072//1072 1088//1088
f 1088//1088 1072//1072 1074//1074
f 1088//1088 1074//1074 1082//1082
f 1088//1088 1082//1082 1083//1083
f 1083//1083 1089//1089 1088//1088
f 1089//1089 1083//1083 1085//1085
f 1085//1085 1090//1090 1089//1089
f 1090//1090 1085//1085 1086//1086
f 289//289 1090//1090 1086//1086
f 1091//1091 936//936 1092//1092
f 1093//1093 1091//1091 1092//1092
f 1092//1092 936//936 939//939
f 1094//1094 940//940 1095//1095
f 1095//1095 940//940 941//941
f 1094//1094 939//939 940//940
f 939//939 1096//1096 1092//1092
f 1096//1096 1094//1094 1097//1097
f 1097//1097 1094//1094 1095//1095
f 1096//1096 939//939 1094//1094
f 1098//1098 1093//1093 1092//1092
f 1099//1099 1093//1093 1098//1098
f 1098//1098 1092//1092 1096//1096
f 1098//1098 1096//1096 1100//1100
f 1100//1100 1096//1096 1101//1101
f 1101//1101 1096//1096 1097//1097
f 1100//1100 1102//1102 1098//1098
f 1102//1102 1100//1100 1101//1101
f 1101//1101 1103//1103 1102//1102
f 1104//1104 945//945 1105//1105
f 1105//1105 945//945 944//944
f 1020//1020 821//821 1104//1104
f 1104//1104 821//821 945//945
f 1105//1105 944//944 1091//1091
f 1091//1091 944//944 936//936
f 279//279 1020//1020 1104//1104
f 1091//1091 1093//1093 1105//1105
f 1106//1106 279//279 1104//1104
f 1106//1106 1104//1104 1105//1105
f 1106//1106 1105//1105 1093//1093
f 1026//1026 279//279 1106//1106
f 1093//1093 1099//1099 1106//1106
f 1095//1095 941//941 953//953
f 953//953 1107//1107 1095//1095
f 1107//1107 953//953 954//954
f 954//954 1108//1108 1107//1107
f 1097//1097 1095//1095 1107//1107
f 1107//1107 1109//1109 1097//1097
f 1109//1109 1107//1107 1108//1108
f 1108//1108 1110//1110 1109//1109
f 1108//1108 954//954 956//956
f 1110//1110 1108//1108 956//956
f 956//956 1111//1111 1110//1110
f 1101//1101 1097//1097 1109//1109
f 1109//1109 1112//1112 1101//1101
f 1112//1112 1109//1109 1110//1110
f 1110//1110 1113//1113 1112//1112
f 1103//1103 1101//1101 1112//1112
f 1113//1113 1114//1114 1112//1112
f 1113//1113 1110//1110 1111//1111
f 1114//1114 1113//1113 1115//1115
f 1115//1115 1113//1113 1111//1111
f 1116//1116 1099//1099 1117//1117
f 1117//1117 1099//1099 1098//1098
f 1118//1118 1116//1116 1117//1117
f 1117//1117 1098//1098 1102//1102
f 1102//1102 1119//1119 1117//1117
f 1119//1119 1102//1102 1120//1120
f 1120//1120 1102//1102 1103//1103
f 1118//1118 1117//1117 1119//1119
f 1119//1119 290//290 1118//1118
f 290//290 1119//1119 1120//1120
f 1120//1120 1121//1121 290//290
f 1122//1122 1116//1116 1123//1123
f 1123//1123 1116//1116 1118//1118
f 1124//1124 1122//1122 1125//1125
f 1125//1125 1122//1122 1123//1123
f 1123//1123 1118//1118 290//290
f 1123//1123 290//290 1126//1126
f 1127//1127 290//290 1121//1121
f 1126//1126 290//290 1127//1127
f 1125//1125 1123//1123 1126//1126
f 1121//1121 1128//1128 1127//1127
f 1126//1126 1127//1127 1128//1128
f 1106//1106 1129//1129 1026//1026
f 1129//1129 1106//1106 1099//1099
f 1099//1099 1116//1116 1129//1129
f 1044//1044 1026//1026 1129//1129
f 1129//1129 1130//1130 1044//1044
f 1130//1130 1129//1129 1122//1122
f 1122//1122 1129//1129 1116//1116
f 1051//1051 1044//1044 1130//1130
f 1130//1130 1124//1124 1051//1051
f 1124//1124 1130//1130 1122//1122
f 1120//1120 1103//1103 1112//1112
f 1112//1112 1131//1131 1120//1120
f 1131//1131 1112//1112 1132//1132
f 1132//1132 1112//1112 1114//1114
f 1121//1121 1120//1120 1131//1131
f 1133//1133 1131//1131 1132//1132
f 1133//1133 1132//1132 1134//1134
f 1134//1134 1132//1132 1114//1114
f 1131//1131 291//291 1121//1121
f 291//291 1131//1131 1135//1135
f 1135//1135 1131//1131 1133//1133
f 1121//1121 291//291 1128//1128
f 1136//1136 291//291 1135//1135
f 1135//1135 1133//1133 1137//1137
f 1137//1137 1133//1133 1134//1134
f 1136//1136 1135//1135 1138//1138
f 1138//1138 1135//1135 1137//1137
f 1139//1139 1124//1124 1140//1140
f 1140//1140 1124//1124 1125//1125
f 292//292 1139//1139 1141//1141
f 1141//1141 1139//1139 1140//1140
f 1140//1140 1125//1125 1142//1142
f 1142//1142 1125//1125 1126//1126
f 1142//1142 1126//1126 1143//1143
f 1143//1143 1126//1126 1128//1128
f 1141//1141 1140//1140 1144//1144
f 1144//1144 1140//1140 1142//1142
f 1144//1144 1142//1142 1145//1145
f 1145//1145 1142//1142 1143//1143
f 1146//1146 292//292 1147//1147
f 1147//1147 292//292 1141//1141
f 1148//1148 1146//1146 1147//1147
f 1147//1147 1149//1149 1148//1148
f 1147//1147 1141//1141 1150//1150
f 1150//1150 1141//1141 1144//1144
f 1150//1150 1144//1144 1151//1151
f 1151//1151 1144//1144 1145//1145
f 1149//1149 1147//1147 1152//1152
f 1152//1152 1147//1147 1150//1150
f 1152//1152 1150//1150 1151//1151
f 1151//1151 1153//1153 1152//1152
f 1079//1079 1051//1051 1124//1124
f 1124//1124 1139//1139 1079//1079
f 1081//1081 1079//1079 1139//1139
f 1139//1139 292//292 1081//1081
f 1084//1084 1081//1081 1146//1146
f 1146//1146 1081//1081 292//292
f 1086//1086 1084//1084 1148//1148
f 1148//1148 1084//1084 1146//1146
f 1143//1143 1128//1128 1154//1154
f 1154//1154 1128//1128 291//291
f 1155//1155 291//291 1136//1136
f 291//291 1155//1155 1154//1154
f 1145//1145 1143//1143 1156//1156
f 1156//1156 1143//1143 1154//1154
f 1156//1156 1154//1154 1155//1155
f 1156//1156 1155//1155 1157//1157
f 1155//1155 1136//1136 1158//1158
f 1158//1158 1136//1136 1138//1138
f 1157//1157 1155//1155 1158//1158
f 1157//1157 1158//1158 1159//1159
f 1151//1151 1145//1145 1160//1160
f 1160//1160 1145//1145 1156//1156
f 1160//1160 1156//1156 1157//1157
f 1153//1153 1151//1151 1161//1161
f 1161//1161 1151//1151 1160//1160
f 1160//1160 1162//1162 1161//1161
f 1163//1163 1157//1157 1159//1159
f 1157//1157 1163//1163 1160//1160
f 1162//1162 1163//1163 1164//1164
f 1162//1162 1160//1160 1163//1163
f 1165//1165 1148//1148 1166//1166
f 1166//1166 1148//1148 1149//1149
f 1149//1149 1167//1167 1166//1166
f 1167//1167 1149//1149 1168//1168
f 1168//1168 1149//1149 1152//1152
f 1168//1168 1152//1152 1169//1169
f 1169//1169 1152//1152 1153//1153
f 1165//1165 1086//1086 1148//1148
f 1165//1165 289//289 1086//1086
f 1169//1169 1153//1153 1161//1161
f 1169//1169 1161//1161 1170//1170
f 1170//1170 1161//1161 1162//1162
f 1171//1171 1162//1162 1164//1164
f 1164//1164 1172//1172 1171//1171
f 1162//1162 1171//1171 1170//1170
f 1172//1172 1173//1173 1171//1171
f 1174//1174 1177//1177 1175//1175
f 1177//1177 1174//1174 1176//1176
f 1176//1176 1178//1178 1177//1177
f 1179//1179 1175//1175 1181//1181
f 1181//1181 1175//1175 1177//1177
f 1181//1181 1177//1177 1182//1182
f 1182//1182 1177//1177 1178//1178
f 1180//1180 1179//1179 1181//1181
f 1181//1181 1183//1183 1180//1180
f 1183//1183 1181//1181 1182//1182
f 1182//1182 1184//1184 1183//1183
f 1185//1185 1180//1180 1183//1183
f 1183//1183 1187//1187 1185//1185
f 1187//1187 1183//1183 1184//1184
f 1184//1184 1188//1188 1187//1187
f 1186//1186 1185//1185 1187//1187
f 1187//1187 1189//1189 1186//1186
f 1190//1190 1189//1189 1188//1188
f 1188//1188 1189//1189 1187//1187
f 1191//1191 1186//1186 1192//1192
f 1193//1193 1194//1194 1190//1190
f 1190//1190 1194//1194 1192//1192
f 1195//1195 1196//1196 1197//1197
f 1197//1197 1196//1196 1194//1194
f 1198//1198 1197//1197 1193//1193
f 1178//1178 1176//1176 1199//1199
f 1178//1178 1199//1199 1201//1201
f 1201//1201 1199//1199 1200//1200
f 1200//1200 1202//1202 1201//1201
f 1178//1178 1203//1203 1182//1182
f 1203//1203 1178//1178 1201//1201
f 1201//1201 1204//1204 1203//1203
f 1184//1184 1182//1182 1203//1203
f 1203//1203 1205//1205 1184//1184
f 1205//1205 1203//1203 1204//1204
f 1204//1204 1206//1206 1205//1205
f 1204//1204 1201//1201 1202//1202
f 1202//1202 1207//1207 1204//1204
f 1206//1206 1204//1204 1208//1208
f 1208//1208 1204//1204 1207//1207
f 1208//1208 1207//1207 1209//1209
f 1209//1209 1207//1207 1210//1210
f 1188//1188 1184//1184 1205//1205
f 1205//1205 1211//1211 1188//1188
f 1211//1211 1205//1205 1206//1206
f 1206//1206 1212//1212 1211//1211
f 1212//1212 1206//1206 1213//1213
f 1213//1213 1206//1206 1208//1208
f 4//4 3//3 1214//1214
f 1215//1215 4//4 1214//1214
f 1214//1214 1216//1216 1215//1215
f 1217//1217 1215//1215 1218//1218
f 1218//1218 1215//1215 1216//1216
f 1219//1219 1217//1217 1220//1220
f 1220//1220 1217//1217 1218//1218
f 1214//1214 3//3 1221//1221
f 1221//1221 3//3 1222//1222
f 1221//1221 1222//1222 1223//1223
f 1221//1221 1223//1223 1224//1224
f 1225//1225 1224//1224 1223//1223
f 1216//1216 1214//1214 1221//1221
f 1221//1221 1226//1226 1216//1216
f 1226//1226 1221//1221 1227//1227
f 1218//1218 1216//1216 1228//1228
f 1228//1228 1216//1216 1226//1226
f 1220//1220 1218//1218 1229//1229
f 1229//1229 1218//1218 1228//1228
f 8//8 7//7 1230//1230
f 1228//1228 1226//1226 1227//1227
f 1229//1229 1228//1228 1231//1231
f 8//8 1230//1230 1232//1232
f 1232//1232 1230//1230 1234//1234
f 1234//1234 1230//1230 1233//1233
f 1234//1234 1233//1233 1235//1235
f 1235//1235 1233//1233 1236//1236
f 1241//1241 1240//1240 1239//1239
f 1235//1235 1236//1236 1242//1242
f 1242//1242 1236//1236 1239//1239
f 1242//1242 1239//1239 1240//1240
f 1240//1240 1243//1243 1242//1242
f 1237//1237 1244//1244 1241//1241
f 1241//1241 1244//1244 1240//1240
f 1245//1245 1244//1244 1237//1237
f 1243//1243 1240//1240 1244//1244
f 1244//1244 1246//1246 1243//1243
f 1246//1246 1244//1244 1245//1245
f 1237//1237 1238//1238 1247//1247
f 1247//1247 1238//1238 1248//1248
f 1249//1249 1250//1250 1248//1248
f 1245//1245 1237//1237 1247//1247
f 1247//1247 1251//1251 1245//1245
f 1251//1251 1247//1247 1248//1248
f 1248//1248 1252//1252 1251//1251
f 1246//1246 1245//1245 1251//1251
f 1251//1251 1253//1253 1246//1246
f 1253//1253 1251//1251 1252//1252
f 1252//1252 345//345 1253//1253
f 1252//1252 1248//1248 1250//1250
f 1250//1250 1254//1254 1252//1252
f 1252//1252 1255//1255 345//345
f 1255//1255 1252//1252 1254//1254
f 1254//1254 1256//1256 1255//1255
f 1254//1254 1250//1250 1257//1257
f 1257//1257 1258//1258 1254//1254
f 1256//1256 1254//1254 1258//1258
f 1258//1258 1259//1259 1256//1256
f 1259//1259 1258//1258 1260//1260
f 1260//1260 1258//1258 1261//1261
f 1260//1260 1261//1261 1262//1262
f 1262//1262 1261//1261 1263//1263
f 1262//1262 1263//1263 1264//1264
f 1264//1264 1265//1265 1262//1262
f 1264//1264 1266//1266 1265//1265
f 1266//1266 1264//1264 1267//1267
f 1267//1267 1268//1268 1266//1266
f 1269//1269 1270//1270 1271//1271
f 1268//1268 1267//1267 1271//1271
f 1271//1271 1272//1272 1268//1268
f 1272//1272 1271//1271 1270//1270
f 1270//1270 1273//1273 1272//1272
f 1274//1274 1219//1219 1275//1275
f 1275//1275 1219//1219 1220//1220
f 1275//1275 1276//1276 1274//1274
f 1277//1277 1274//1274 1278//1278
f 1278//1278 1274//1274 1276//1276
f 1279//1279 1280//1280 1281//1281
f 1279//1279 1281//1281 1282//1282
f 1282//1282 1281//1281 1277//1277
f 1282//1282 1277//1277 1278//1278
f 1275//1275 1220//1220 1229//1229
f 1229//1229 1283//1283 1275//1275
f 1276//1276 1275//1275 1283//1283
f 1283//1283 1229//1229 1231//1231
f 1285//1285 1279//1279 1286//1286
f 1286//1286 1279//1279 1287//1287
f 1287//1287 1279//1279 1282//1282
f 1287//1287 1282//1282 1278//1278
f 1278//1278 1288//1288 1287//1287
f 1289//1289 1285//1285 1286//1286
f 1286//1286 1290//1290 1289//1289
f 1290//1290 1286//1286 1291//1291
f 1291//1291 1286//1286 1287//1287
f 1291//1291 1287//1287 1292//1292
f 1292//1292 1287//1287 1288//1288
f 1293//1293 1289//1289 1290//1290
f 1293//1293 1290//1290 1291//1291
f 1291//1291 1294//1294 1293//1293
f 1294//1294 1291//1291 1295//1295
f 1295//1295 1291//1291 1292//1292
f 1296//1296 1289//1289 1297//1297
f 1297//1297 1289//1289 1293//1293
f 1297//1297 1293//1293 1294//1294
f 1294//1294 1298//1298 1297//1297
f 1298//1298 1294//1294 1295//1295
f 1295//1295 1299//1299 1298//1298
f 1288//1288 1278//1278 1284//1284
f 1292//1292 1288//1288 1300//1300
f 303//303 12//12 1300//1300
f 1295//1295 1292//1292 1301//1301
f 1301//1301 1292//1292 1300//1300
f 1301//1301 1300//1300 11//11
f 11//11 1300//1300 12//12
f 1299//1299 1295//1295 1301//1301
f 1301//1301 1302//1302 1299//1299
f 1302//1302 1301//1301 11//11
f 11//11 15//15 1302//1302
f 16//16 13//13 18//18
f 18//18 19//19 16//16
f 10//10 8//8 1232//1232
f 10//10 1232//1232 311//311
f 311//311 1232//1232 1234//1234
f 311//311 1234//1234 313//313
f 313//313 1234//1234 1235//1235
f 1303//1303 1296//1296 1297//1297
f 1297//1297 1304//1304 1303//1303
f 1304//1304 1297//1297 1298//1298
f 1299//1299 1305//1305 1298//1298
f 1306//1306 1303//1303 1307//1307
f 1307//1307 1303//1303 1304//1304
f 1307//1307 1304//1304 1298//1298
f 1298//1298 1308//1308 1307//1307
f 1308//1308 1298//1298 1309//1309
f 1309//1309 1298//1298 1305//1305
f 1310//1310 1306//1306 1311//1311
f 1311//1311 1306//1306 1307//1307
f 1311//1311 1307//1307 1308//1308
f 1308//1308 1312//1312 1311//1311
f 1312//1312 1308//1308 1313//1313
f 1313//1313 1308//1308 1309//1309
f 1314//1314 1310//1310 1315//1315
f 1315//1315 1310//1310 1311//1311
f 1315//1315 1311//1311 1312//1312
f 1312//1312 1316//1316 1315//1315
f 1316//1316 1312//1312 1313//1313
f 1305//1305 1299//1299 1302//1302
f 1302//1302 1317//1317 1305//1305
f 1317//1317 1302//1302 23//23
f 23//23 1302//1302 15//15
f 1309//1309 1305//1305 1318//1318
f 1318//1318 1305//1305 1317//1317
f 1318//1318 1317//1317 23//23
f 23//23 1319//1319 1318//1318
f 1319//1319 23//23 24//24
f 24//24 1320//1320 1319//1319
f 25//25 15//15 19//19
f 1320//1320 24//24 1321//1321
f 1321//1321 24//24 25//25
f 1321//1321 25//25 19//19
f 19//19 27//27 1321//1321
f 1313//1313 1309//1309 1322//1322
f 1322//1322 1309//1309 1318//1318
f 1322//1322 1318//1318 1319//1319
f 1319//1319 1323//1323 1322//1322
f 1316//1316 1313//1313 1324//1324
f 1324//1324 1313//1313 1322//1322
f 1324//1324 1322//1322 1325//1325
f 1325//1325 1322//1322 1323//1323
f 1323//1323 1319//1319 1320//1320
f 1323//1323 1320//1320 1326//1326
f 1326//1326 1320//1320 1321//1321
f 1326//1326 1321//1321 27//27
f 27//27 29//29 1326//1326
f 1325//1325 1323//1323 1327//1327
f 1327//1327 1323//1323 1326//1326
f 1327//1327 1326//1326 29//29
f 1327//1327 29//29 57//57
f 1328//1328 1314//1314 1315//1315
f 1328//1328 1315//1315 1329//1329
f 1329//1329 1315//1315 1316//1316
f 1328//1328 1330//1330 1331//1331
f 1330//1330 1328//1328 1332//1332
f 1332//1332 1328//1328 1329//1329
f 1330//1330 1333//1333 1334//1334
f 1333//1333 1330//1330 1335//1335
f 1335//1335 1330//1330 1332//1332
f 1336//1336 1334//1334 1333//1333
f 1336//1336 1333//1333 1337//1337
f 1337//1337 1333//1333 1335//1335
f 1338//1338 1329//1329 1324//1324
f 1324//1324 1329//1329 1316//1316
f 1338//1338 1324//1324 1325//1325
f 1338//1338 1325//1325 1339//1339
f 1332//1332 1329//1329 1338//1338
f 1338//1338 1340//1340 1332//1332
f 1340//1340 1338//1338 1339//1339
f 1339//1339 1325//1325 1341//1341
f 1342//1342 1339//1339 1341//1341
f 1341//1341 1325//1325 1343//1343
f 1343//1343 1325//1325 1327//1327
f 1343//1343 1327//1327 78//78
f 78//78 1327//1327 57//57
f 1342//1342 1341//1341 1343//1343
f 1343//1343 1344//1344 1342//1342
f 1344//1344 1343//1343 1345//1345
f 1345//1345 1343//1343 78//78
f 1332//1332 1346//1346 1335//1335
f 1346//1346 1332//1332 1340//1340
f 1340//1340 1347//1347 1346//1346
f 1347//1347 1340//1340 1348//1348
f 1348//1348 1340//1340 1339//1339
f 1337//1337 1335//1335 1346//1346
f 1347//1347 1349//1349 1346//1346
f 1349//1349 1347//1347 1350//1350
f 1350//1350 1347//1347 1348//1348
f 1348//1348 1339//1339 1342//1342
f 1342//1342 1351//1351 1348//1348
f 1350//1350 1348//1348 1351//1351
f 1351//1351 1352//1352 1350//1350
f 1351//1351 1342//1342 1344//1344
f 1344//1344 1353//1353 1351//1351
f 1353//1353 1344//1344 1354//1354
f 1354//1354 1344//1344 1345//1345
f 1352//1352 1351//1351 1353//1353
f 1355//1355 1353//1353 1354//1354
f 313//313 1235//1235 332//332
f 332//332 1235//1235 1242//1242
f 332//332 1242//1242 334//334
f 334//334 1242//1242 1243//1243
f 334//334 1243//1243 1246//1246
f 1246//1246 336//336 334//334
f 1246//1246 337//337 336//336
f 337//337 1246//1246 1253//1253
f 1253//1253 347//347 337//337
f 347//347 1253//1253 345//345
f 346//346 345//345 1255//1255
f 1255//1255 350//350 346//346
f 350//350 1255//1255 1256//1256
f 1256//1256 1356//1356 350//350
f 349//349 350//350 1356//1356
f 1356//1356 355//355 349//349
f 1356//1356 1256//1256 1259//1259
f 1259//1259 1357//1357 1356//1356
f 1357//1357 1259//1259 1260//1260
f 1260//1260 1358//1358 1357//1357
f 355//355 1356//1356 1357//1357
f 1357//1357 394//394 355//355
f 394//394 1357//1357 396//396
f 396//396 1357//1357 1358//1358
f 1358//1358 1260//1260 1359//1359
f 1359//1359 1260//1260 1262//1262
f 1359//1359 1262//1262 1265//1265
f 1265//1265 1360//1360 1359//1359
f 396//396 1358//1358 398//398
f 398//398 1358//1358 1359//1359
f 398//398 1359//1359 1360//1360
f 1360//1360 399//399 398//398
f 1360//1360 1265//1265 1266//1266
f 1266//1266 1361//1361 1360//1360
f 1361//1361 1266//1266 1268//1268
f 1268//1268 1362//1362 1361//1361
f 399//399 1360//1360 1361//1361
f 1361//1361 404//404 399//399
f 404//404 1361//1361 1362//1362
f 1362//1362 406//406 404//404
f 1362//1362 1268//1268 1272//1272
f 1272//1272 1363//1363 1362//1362
f 1363//1363 1272//1272 1273//1273
f 1273//1273 401//401 1363//1363
f 406//406 1362//1362 1363//1363
f 1363//1363 403//403 406//406
f 403//403 1363//1363 401//401
f 1345//1345 78//78 81//81
f 1354//1354 1345//1345 86//86
f 86//86 1345//1345 81//81
f 1355//1355 1354//1354 88//88
f 88//88 1354//1354 86//86
f 1364//1364 1336//1336 1365//1365
f 1365//1365 1336//1336 1366//1366
f 1366//1366 1336//1336 1337//1337
f 443//443 1364//1364 1365//1365
f 1366//1366 1367//1367 1365//1365
f 1365//1365 1368//1368 443//443
f 1368//1368 1365//1365 1367//1367
f 1367//1367 1369//1369 1368//1368
f 1368//1368 448//448 443//443
f 1370//1370 448//448 1369//1369
f 1369//1369 448//448 1368//1368
f 1366//1366 1337//1337 1371//1371
f 1371//1371 1337//1337 1346//1346
f 1371//1371 1346//1346 1349//1349
f 1349//1349 1372//1372 1371//1371
f 1372//1372 1349//1349 1373//1373
f 1373//1373 1349//1349 1350//1350
f 1367//1367 1366//1366 1374//1374
f 1374//1374 1366//1366 1371//1371
f 1374//1374 1371//1371 1372//1372
f 1372//1372 1375//1375 1374//1374
f 1375//1375 1372//1372 1376//1376
f 1376//1376 1372//1372 1373//1373
f 1373//1373 1350//1350 1352//1352
f 1373//1373 1352//1352 1377//1377
f 1376//1376 1373//1373 1378//1378
f 1378//1378 1373//1373 1377//1377
f 1377//1377 1379//1379 1378//1378
f 1353//1353 1377//1377 1352//1352
f 1355//1355 1377//1377 1353//1353
f 1369//1369 1367//1367 1380//1380
f 1380//1380 1367//1367 1374//1374
f 1380//1380 1374//1374 1375//1375
f 1375//1375 1381//1381 1380//1380
f 1381//1381 1375//1375 1382//1382
f 1382//1382 1375//1375 1376//1376
f 1370//1370 1369//1369 1383//1383
f 1383//1383 1369//1369 1380//1380
f 1383//1383 1380//1380 1381//1381
f 1381//1381 1384//1384 1383//1383
f 1384//1384 1381//1381 1382//1382
f 1382//1382 1385//1385 1384//1384
f 1382//1382 1376//1376 1386//1386
f 1386//1386 1376//1376 1378//1378
f 1386//1386 1378//1378 1379//1379
f 1386//1386 1379//1379 1387//1387
f 1385//1385 1382//1382 1388//1388
f 1388//1388 1382//1382 1386//1386
f 1388//1388 1386//1386 1389//1389
f 1389//1389 1386//1386 1387//1387
f 448//448 1390//1390 447//447
f 450//450 447//447 1390//1390
f 1390//1390 1391//1391 450//450
f 452//452 450//450 455//455
f 455//455 450//450 1391//1391
f 1390//1390 448//448 1370//1370
f 1370//1370 1392//1392 1390//1390
f 1391//1391 1390//1390 1392//1392
f 1392//1392 1393//1393 1391//1391
f 455//455 1391//1391 1393//1393
f 1393//1393 1394//1394 455//455
f 1394//1394 1395//1395 455//455
f 1392//1392 1370//1370 1383//1383
f 1383//1383 1396//1396 1392//1392
f 1396//1396 1383//1383 1384//1384
f 1384//1384 1397//1397 1396//1396
f 1397//1397 1384//1384 1385//1385
f 1385//1385 1398//1398 1397//1397
f 1393//1393 1392//1392 1396//1396
f 1396//1396 1399//1399 1393//1393
f 1399//1399 1396//1396 1397//1397
f 1397//1397 1400//1400 1399//1399
f 1400//1400 1397//1397 1401//1401
f 1401//1401 1397//1397 1398//1398
f 1398//1398 1385//1385 1402//1402
f 1402//1402 1385//1385 1388//1388
f 1402//1402 1388//1388 1403//1403
f 1403//1403 1388//1388 1389//1389
f 1401//1401 1398//1398 1402//1402
f 1402//1402 1404//1404 1401//1401
f 1404//1404 1402//1402 1405//1405
f 1405//1405 1402//1402 1403//1403
f 1394//1394 1393//1393 1406//1406
f 1406//1406 1393//1393 1399//1399
f 1406//1406 1399//1399 1400//1400
f 1400//1400 1407//1407 1406//1406
f 1407//1407 1400//1400 1408//1408
f 1408//1408 1400//1400 1401//1401
f 1395//1395 1394//1394 1409//1409
f 1409//1409 1394//1394 1406//1406
f 1409//1409 1406//1406 1407//1407
f 1407//1407 1410//1410 1409//1409
f 1410//1410 1407//1407 1408//1408
f 1408//1408 1401//1401 1404//1404
f 1404//1404 1411//1411 1408//1408
f 1411//1411 1404//1404 1405//1405
f 1410//1410 1408//1408 1412//1412
f 1412//1412 1408//1408 1411//1411
f 1412//1412 1411//1411 1413//1413
f 1413//1413 1411//1411 1405//1405
f 461//461 459//459 457//457
f 461//461 457//457 1414//1414
f 463//463 461//461 464//464
f 464//464 461//461 1414//1414
f 457//457 455//455 1415//1415
f 1415//1415 455//455 1395//1395
f 1415//1415 1395//1395 1416//1416
f 1416//1416 1395//1395 1409//1409
f 1416//1416 1409//1409 1417//1417
f 1416//1416 1417//1417 1418//1418
f 1417//1417 1409//1409 1410//1410
f 457//457 1415//1415 1419//1419
f 1419//1419 1415//1415 1416//1416
f 1419//1419 1416//1416 1418//1418
f 1418//1418 1420//1420 1419//1419
f 1418//1418 1417//1417 1421//1421
f 1421//1421 1417//1417 1412//1412
f 1412//1412 1417//1417 1410//1410
f 1421//1421 1412//1412 1422//1422
f 1422//1422 1412//1412 1413//1413
f 1418//1418 1423//1423 1420//1420
f 1423//1423 1418//1418 1421//1421
f 1421//1421 1424//1424 1423//1423
f 1424//1424 1421//1421 1422//1422
f 1414//1414 457//457 1425//1425
f 1425//1425 457//457 1419//1419
f 1425//1425 1419//1419 1420//1420
f 1426//1426 464//464 1425//1425
f 1425//1425 464//464 1414//1414
f 1426//1426 1425//1425 1427//1427
f 1427//1427 1425//1425 1420//1420
f 1423//1423 1428//1428 1420//1420
f 1428//1428 1423//1423 1424//1424
f 1424//1424 1429//1429 1428//1428
f 1429//1429 1424//1424 1430//1430
f 1430//1430 1424//1424 1422//1422
f 1427//1427 1420//1420 1428//1428
f 1428//1428 1431//1431 1427//1427
f 1431//1431 1428//1428 1429//1429
f 1429//1429 1432//1432 1431//1431
f 1432//1432 1429//1429 1433//1433
f 1433//1433 1429//1429 1430//1430
f 1434//1434 1435//1435 1436//1436
f 466//466 463//463 464//464
f 464//464 1437//1437 466//466
f 1437//1437 464//464 1426//1426
f 1437//1437 1426//1426 1438//1438
f 1438//1438 1426//1426 1427//1427
f 1438//1438 1427//1427 1431//1431
f 1438//1438 1431//1431 1439//1439
f 1432//1432 1439//1439 1431//1431
f 1433//1433 1440//1440 1439//1439
f 1439//1439 1432//1432 1433//1433
f 1377//1377 1355//1355 1441//1441
f 1441//1441 1355//1355 88//88
f 1441//1441 88//88 129//129
f 1379//1379 1377//1377 1442//1442
f 1442//1442 1377//1377 1441//1441
f 1442//1442 1441//1441 132//132
f 132//132 1441//1441 129//129
f 1389//1389 1387//1387 1443//1443
f 1389//1389 1443//1443 1444//1444
f 1444//1444 1443//1443 1445//1445
f 1444//1444 1445//1445 1446//1446
f 1443//1443 1387//1387 1442//1442
f 1443//1443 1442//1442 1445//1445
f 1442//1442 1387//1387 1379//1379
f 1445//1445 1442//1442 1446//1446
f 1446//1446 1442//1442 132//132
f 1444//1444 1446//1446 135//135
f 135//135 1446//1446 139//139
f 135//135 139//139 136//136
f 1446//1446 132//132 139//139
f 1403//1403 1389//1389 1447//1447
f 1447//1447 1389//1389 1444//1444
f 1444//1444 1448//1448 1447//1447
f 1405//1405 1403//1403 1449//1449
f 1449//1449 1403//1403 1447//1447
f 1449//1449 1447//1447 1448//1448
f 1448//1448 156//156 1449//1449
f 1448//1448 1444//1444 135//135
f 135//135 154//154 1448//1448
f 156//156 1448//1448 154//154
f 1449//1449 1450//1450 1405//1405
f 1450//1450 1449//1449 156//156
f 156//156 1451//1451 1450//1450
f 1413//1413 1405//1405 1450//1450
f 1450//1450 1451//1451 1413//1413
f 1451//1451 156//156 158//158
f 1452//1452 1451//1451 158//158
f 158//158 160//160 1452//1452
f 1422//1422 1413//1413 1451//1451
f 1451//1451 1452//1452 1422//1422
f 1452//1452 1453//1453 1422//1422
f 1452//1452 214//214 1453//1453
f 214//214 1452//1452 160//160
f 1430//1430 1422//1422 1453//1453
f 1453//1453 1454//1454 1430//1430
f 1454//1454 1453//1453 214//214
f 214//214 215//215 1454//1454
f 1433//1433 1430//1430 1454//1454
f 1454//1454 1455//1455 1433//1433
f 1455//1455 1454//1454 217//217
f 217//217 1454//1454 215//215
f 231//231 1440//1440 1455//1455
f 1433//1433 1455//1455 1440//1440
f 231//231 1455//1455 217//217
f 1270//1270 1269//1269 1456//1456
f 1456//1456 1457//1457 1270//1270
f 1273//1273 1270//1270 1457//1457
f 1457//1457 1458//1458 1273//1273
f 1458//1458 1457//1457 1459//1459
f 1459//1459 1460//1460 1458//1458
f 1461//1461 1462//1462 1459//1459
f 1460//1460 1459//1459 1462//1462
f 1462//1462 1463//1463 1460//1460
f 401//401 1273//1273 1458//1458
f 1458//1458 1464//1464 401//401
f 1464//1464 1458//1458 1460//1460
f 1460//1460 1465//1465 1464//1464
f 402//402 401//401 1464//1464
f 1464//1464 1466//1466 402//402
f 1466//1466 1464//1464 1467//1467
f 1467//1467 1464//1464 1465//1465
f 409//409 402//402 1466//1466
f 409//409 1466//1466 1467//1467
f 1467//1467 657//657 409//409
f 480//480 525//525 1468//1468
f 1469//1469 521//521 517//517
f 521//521 1469//1469 509//509
f 590//590 582//582 595//595
f 595//595 582//582 588//588
f 592//592 590//590 595//595
f 595//595 838//838 592//592
f 548//548 597//597 547//547
f 270//270 822//822 268//268
f 835//835 591//591 592//592
f 832//832 835//835 833//833
f 838//838 833//833 592//592
f 1471//1471 1470//1470 507//507
f 507//507 1469//1469 1471//1471
f 507//507 509//509 1469//1469
f 1192//1192 1186//1186 1189//1189
f 1192//1192 1189//1189 1190//1190
f 1192//1192 1196//1196 1191//1191
f 1191//1191 1196//1196 1472//1472
f 1192//1192 1194//1194 1196//1196
f 1195//1195 1472//1472 1196//1196
f 1197//1197 1194//1194 1193//1193
f 1473//1473 1195//1195 1197//1197
f 1197//1197 1474//1474 1473//1473
f 1474//1474 1197//1197 1198//1198
f 1475//1475 1472//1472 1195//1195
f 1476//1476 1475//1475 1473//1473
f 1473//1473 1475//1475 1195//1195
f 1477//1477 1474//1474 1198//1198
f 1480//1480 1478//1478 1479//1479
f 1481//1481 1478//1478 1482//1482
f 1482//1482 1478//1478 1480//1480
f 1483//1483 1481//1481 1484//1484
f 1484//1484 1481//1481 1482//1482
f 1485//1485 1483//1483 1484//1484
f 1484//1484 1486//1486 1485//1485
f 1483//1483 1485//1485 1487//1487
f 1488//1488 1485//1485 1489//1489
f 1489//1489 1485//1485 1486//1486
f 1490//1490 1487//1487 1488//1488
f 1488//1488 1487//1487 1485//1485
f 1492//1492 1490//1490 1488//1488
f 1492//1492 1488//1488 1489//1489
f 1493//1493 1491//1491 1490//1490
f 1493//1493 1490//1490 1492//1492
f 1492//1492 1494//1494 1493//1493
f 1495//1495 1491//1491 1493//1493
f 1494//1494 1496//1496 1493//1493
f 1499//1499 1497//1497 1500//1500
f 1501//1501 1499//1499 1502//1502
f 1502//1502 1499//1499 1500//1500
f 1503//1503 1495//1495 1504//1504
f 1504//1504 1495//1495 1493//1493
f 1504//1504 1493//1493 1496//1496
f 1496//1496 1498//1498 1504//1504
f 1505//1505 1504//1504 1498//1498
f 1505//1505 1498//1498 1497//1497
f 1506//1506 1505//1505 1499//1499
f 1499//1499 1505//1505 1497//1497
f 1506//1506 1507//1507 1508//1508
f 1507//1507 1506//1506 1501//1501
f 1501//1501 1506//1506 1499//1499
f 1202//1202 1200//1200 1509//1509
f 1509//1509 1510//1510 1202//1202
f 1207//1207 1202//1202 1510//1510
f 1190//1190 1188//1188 1511//1511
f 1511//1511 1188//1188 1211//1211
f 1511//1511 1211//1211 1512//1512
f 1512//1512 1211//1211 1212//1212
f 1512//1512 1212//1212 1213//1213
f 1213//1213 1513//1513 1512//1512
f 1511//1511 1514//1514 1190//1190
f 1512//1512 1515//1515 1514//1514
f 1514//1514 1511//1511 1512//1512
f 1513//1513 2//2 1512//1512
f 1512//1512 2//2 1515//1515
f 1193//1193 1190//1190 1516//1516
f 1516//1516 1190//1190 1514//1514
f 1516//1516 1514//1514 1515//1515
f 1515//1515 1517//1517 1516//1516
f 1518//1518 1193//1193 1516//1516
f 1518//1518 1516//1516 1519//1519
f 1519//1519 1516//1516 1517//1517
f 1198//1198 1193//1193 1518//1518
f 1517//1517 1515//1515 1//1
f 1//1 1515//1515 2//2
f 1519//1519 1517//1517 1//1
f 1//1 1520//1520 1519//1519
f 1520//1520 1//1 1215//1215
f 1215//1215 1//1 4//4
f 1521//1521 1518//1518 1522//1522
f 1522//1522 1518//1518 1519//1519
f 1477//1477 1198//1198 1518//1518
f 1518//1518 1521//1521 1477//1477
f 1523//1523 1521//1521 1524//1524
f 1524//1524 1521//1521 1522//1522
f 1522//1522 1525//1525 1524//1524
f 1526//1526 1477//1477 1523//1523
f 1523//1523 1477//1477 1521//1521
f 1522//1522 1519//1519 1527//1527
f 1527//1527 1519//1519 1520//1520
f 1527//1527 1520//1520 1215//1215
f 1215//1215 1217//1217 1527//1527
f 1525//1525 1522//1522 1527//1527
f 1527//1527 1528//1528 1525//1525
f 1528//1528 1527//1527 1217//1217
f 1217//1217 1219//1219 1528//1528
f 1529//1529 1530//1530 6//6
f 1228//1228 1227//1227 1531//1531
f 1532//1532 1523//1523 1524//1524
f 1532//1532 1524//1524 1525//1525
f 1525//1525 1533//1533 1532//1532
f 1534//1534 1526//1526 1523//1523
f 1535//1535 1523//1523 1536//1536
f 1536//1536 1523//1523 1532//1532
f 1536//1536 1532//1532 1533//1533
f 1533//1533 1537//1537 1536//1536
f 1535//1535 1534//1534 1523//1523
f 1533//1533 1525//1525 1538//1538
f 1538//1538 1525//1525 1528//1528
f 1538//1538 1528//1528 1219//1219
f 1219//1219 1274//1274 1538//1538
f 1537//1537 1533//1533 1539//1539
f 1539//1539 1533//1533 1538//1538
f 1539//1539 1538//1538 1274//1274
f 1540//1540 1535//1535 1541//1541
f 1541//1541 1535//1535 1536//1536
f 1541//1541 1536//1536 1537//1537
f 1537//1537 1280//1280 1541//1541
f 1540//1540 1534//1534 1535//1535
f 1541//1541 1479//1479 1540//1540
f 1280//1280 1537//1537 1539//1539
f 1539//1539 1281//1281 1280//1280
f 1281//1281 1539//1539 1277//1277
f 1277//1277 1539//1539 1274//1274
f 1542//1542 1280//1280 1279//1279
f 1283//1283 1543//1543 1276//1276
f 1544//1544 1529//1529 6//6
f 6//6 9//9 1544//1544
f 1545//1545 1544//1544 293//293
f 293//293 1544//1544 9//9
f 1543//1543 1283//1283 1546//1546
f 1546//1546 1547//1547 1543//1543
f 1547//1547 1546//1546 1548//1548
f 1278//1278 1276//1276 1549//1549
f 1549//1549 1276//1276 1543//1543
f 1550//1550 1548//1548 1545//1545
f 1284//1284 1278//1278 1549//1549
f 1551//1551 1550//1550 299//299
f 299//299 1550//1550 1545//1545
f 296//296 1545//1545 293//293
f 299//299 1545//1545 296//296
f 1549//1549 1543//1543 1547//1547
f 1547//1547 1552//1552 1549//1549
f 1552//1552 1547//1547 1548//1548
f 1548//1548 1550//1550 1552//1552
f 1284//1284 1549//1549 1553//1553
f 1553//1553 1549//1549 1552//1552
f 1553//1553 1552//1552 1551//1551
f 1551//1551 1552//1552 1550//1550
f 1554//1554 1542//1542 1555//1555
f 1556//1556 1554//1554 1557//1557
f 1557//1557 1554//1554 1555//1555
f 1555//1555 1542//1542 1285//1285
f 1557//1557 1555//1555 1285//1285
f 1285//1285 1289//1289 1557//1557
f 1558//1558 1556//1556 1559//1559
f 1559//1559 1556//1556 1557//1557
f 1560//1560 1558//1558 1559//1559
f 1559//1559 1561//1561 1560//1560
f 1559//1559 1557//1557 1289//1289
f 1561//1561 1559//1559 1296//1296
f 1296//1296 1559//1559 1289//1289
f 1285//1285 1542//1542 1279//1279
f 1288//1288 1284//1284 1562//1562
f 303//303 1562//1562 1551//1551
f 303//303 1551//1551 299//299
f 1300//1300 1288//1288 1562//1562
f 1300//1300 1562//1562 303//303
f 1553//1553 1562//1562 1284//1284
f 1551//1551 1562//1562 1553//1553
f 1563//1563 1560//1560 1564//1564
f 1564//1564 1560//1560 1561//1561
f 1565//1565 1563//1563 1566//1566
f 1566//1566 1563//1563 1564//1564
f 1564//1564 1561//1561 1296//1296
f 1296//1296 1303//1303 1564//1564
f 1566//1566 1564//1564 1306//1306
f 1306//1306 1564//1564 1303//1303
f 1567//1567 1565//1565 1568//1568
f 1568//1568 1565//1565 1566//1566
f 1569//1569 1570//1570 1571//1571
f 1571//1571 1570//1570 1572//1572
f 1572//1572 1570//1570 1568//1568
f 1568//1568 1570//1570 1567//1567
f 1568//1568 1566//1566 1310//1310
f 1310//1310 1566//1566 1306//1306
f 1572//1572 1568//1568 1314//1314
f 1314//1314 1568//1568 1310//1310
f 1496//1496 1494//1494 1570//1570
f 1496//1496 1570//1570 1569//1569
f 1570//1570 1494//1494 1567//1567
f 1498//1498 1569//1569 1573//1573
f 1573//1573 1569//1569 1571//1571
f 1573//1573 1571//1571 1574//1574
f 1574//1574 1571//1571 1572//1572
f 1497//1497 1498//1498 1575//1575
f 1575//1575 1498//1498 1573//1573
f 1575//1575 1573//1573 1576//1576
f 1576//1576 1573//1573 1574//1574
f 1574//1574 1572//1572 1314//1314
f 1574//1574 1331//1331 1576//1576
f 1500//1500 1497//1497 1575//1575
f 1575//1575 1577//1577 1500//1500
f 1577//1577 1575//1575 1578//1578
f 1578//1578 1575//1575 1576//1576
f 1502//1502 1500//1500 1577//1577
f 1577//1577 1579//1579 1502//1502
f 1579//1579 1577//1577 1578//1578
f 1578//1578 1580//1580 1579//1579
f 1578//1578 1576//1576 1331//1331
f 1331//1331 1334//1334 1578//1578
f 1580//1580 1578//1578 1334//1334
f 1334//1334 1336//1336 1580//1580
f 1498//1498 1496//1496 1569//1569
f 1574//1574 1314//1314 1328//1328
f 1331//1331 1574//1574 1328//1328
f 1334//1334 1331//1331 1330//1330
f 1581//1581 1501//1501 1502//1502
f 1583//1583 1582//1582 1501//1501
f 1583//1583 1501//1501 1581//1581
f 1584//1584 1582//1582 1585//1585
f 1585//1585 1582//1582 1583//1583
f 1583//1583 1586//1586 1585//1585
f 1586//1586 1587//1587 1585//1585
f 1582//1582 1507//1507 1501//1501
f 1588//1588 1585//1585 1587//1587
f 1587//1587 1589//1589 1588//1588
f 1590//1590 1588//1588 1589//1589
f 1589//1589 1591//1591 1590//1590
f 1592//1592 1590//1590 1591//1591
f 1591//1591 1593//1593 1592//1592
f 1593//1593 1594//1594 1592//1592
f 1595//1595 1592//1592 1594//1594
f 1594//1594 1596//1596 1595//1595
f 1597//1597 1596//1596 1598//1598
f 1599//1599 1595//1595 1597//1597
f 1597//1597 1595//1595 1596//1596
f 1600//1600 1597//1597 1598//1598
f 1581//1581 1502//1502 1579//1579
f 1579//1579 1601//1601 1581//1581
f 1601//1601 1579//1579 1602//1602
f 1602//1602 1579//1579 1580//1580
f 1583//1583 1581//1581 1601//1601
f 1601//1601 1603//1603 1583//1583
f 1603//1603 1601//1601 1604//1604
f 1604//1604 1601//1601 1602//1602
f 1602//1602 1580//1580 1364//1364
f 1364//1364 1580//1580 1336//1336
f 1604//1604 1602//1602 1364//1364
f 1364//1364 443//443 1604//1604
f 1586//1586 1583//1583 1603//1603
f 1603//1603 1605//1605 1586//1586
f 1605//1605 1603//1603 444//444
f 444//444 1603//1603 1604//1604
f 1587//1587 1586//1586 1605//1605
f 446//446 1605//1605 444//444
f 444//444 1604//1604 443//443
f 446//446 444//444 448//448
f 448//448 444//444 443//443
f 1589//1589 1587//1587 1605//1605
f 1605//1605 1606//1606 1589//1589
f 1606//1606 1605//1605 445//445
f 445//445 1605//1605 446//446
f 1591//1591 1589//1589 1606//1606
f 1606//1606 1607//1607 1591//1591
f 1607//1607 1606//1606 445//445
f 445//445 449//449 1607//1607
f 1593//1593 1591//1591 453//453
f 453//453 1591//1591 1607//1607
f 453//453 1607//1607 451//451
f 451//451 1607//1607 449//449
f 1594//1594 1593//1593 1608//1608
f 1608//1608 1593//1593 453//453
f 1596//1596 1594//1594 1609//1609
f 1609//1609 1594//1594 1608//1608
f 1609//1609 1608//1608 456//456
f 456//456 1608//1608 453//453
f 1598//1598 1596//1596 1610//1610
f 1610//1610 1596//1596 1609//1609
f 1610//1610 1609//1609 458//458
f 458//458 1609//1609 456//456
f 1600//1600 1598//1598 1610//1610
f 1600//1600 1610//1610 1611//1611
f 1611//1611 1610//1610 1612//1612
f 1612//1612 1610//1610 458//458
f 1612//1612 458//458 460//460
f 1435//1435 1600//1600 1611//1611
f 1611//1611 1436//1436 1435//1435
f 1436//1436 1611//1611 1612//1612
f 460//460 462//462 1612//1612
f 1612//1612 1613//1613 1436//1436
f 1613//1613 1612//1612 462//462
