# Created by Open3D 
# object name: cluster3
# number of vertices: 1728
# number of triangles: 2999
v 2.9664 -1.8145 -0.6988
vn -0.998562 0.0200768 -0.0496992
v 2.9695 -1.8145 -0.74421
vn -0.994717 0.0197198 -0.100743
v 2.9701 -1.8372 -0.74421
vn -0.993293 0.105043 -0.0483205
v 2.9691 -1.7918 -0.7215
vn -0.994504 0.0832387 -0.0635143
v 2.9671 -1.8372 -0.6988
vn -0.999215 -0.0396148 -1.69145e-05
v 2.9685 -1.7918 -0.6988
vn -0.9898 0.142454 0.00145186
v 2.9819 -1.7464 -0.6988
vn -0.976235 0.200525 -0.0821843
v 2.97835 -1.7672 -0.74421
vn -0.957204 0.28703 -0.0370832
v 2.9743 -1.7691 -0.6988
vn -0.958299 0.285609 0.009503
v 2.985 -1.7464 -0.74421
vn -0.992608 0.117105 -0.0318684
v 2.9836 -1.7237 -0.6988
vn -0.993381 0.074391 -0.0875268
v 2.9856 -1.6783 -0.6988
vn -0.987979 0.154058 0.0128058
v 2.98515 -1.6783 -0.732855
vn -0.996632 0.0790204 0.0219248
v 2.9839 -1.701 -0.7215
vn -0.996862 0.0790387 -0.00438697
v 2.9929 -1.6329 -0.74421
vn -0.965694 0.25918 0.0161466
v 2.9865 -1.6556 -0.76691
vn -0.980385 0.18781 0.0597719
v 3.0025 -1.6102 -0.75556
vn -0.863026 0.502828 0.0484712
v 2.9935 -1.6329 -0.67609
vn -0.970567 0.239699 -0.0233114
v 3.0927 -1.5875 -0.74196
vn 0.40376 0.913565 -0.048757
v 3.09 -1.5875 -0.778265
vn 0.420292 0.907342 -0.00923342
v 3.07 -1.5776 -0.74421
vn 0.429356 0.902871 -0.0218662
v 3.0473 -1.5807 -0.7215
vn -0.347136 0.934199 0.0822758
v 3.0473 -1.5787 -0.74421
vn -0.133061 0.987668 0.0824997
v 3.0246 -1.59 -0.7215
vn -0.50637 0.85934 0.0715839
v 2.9691 -1.8145 -0.65339
vn -0.979451 0.133754 -0.15095
v 2.9656 -1.8145 -0.63068
vn -0.96021 0.160733 -0.228388
v 2.9687 -1.7918 -0.63068
vn -0.96316 0.20366 -0.175629
v 2.9634 -1.7918 -0.60798
vn -0.949915 0.225588 -0.216269
v 2.9582 -1.8145 -0.60798
vn -0.942441 0.227313 -0.245222
v 2.97 -1.7918 -0.67609
vn -0.966896 0.247048 0.0638691
v 2.971 -1.7918 -0.65339
vn -0.966233 0.238364 -0.0978583
v 2.9743 -1.7691 -0.63068
vn -0.953216 0.260648 -0.153104
v 2.9565 -1.8019 -0.58527
vn -0.943899 0.28259 -0.170872
v 2.9487 -1.8145 -0.56257
vn -0.940227 0.294644 -0.170761
v 2.9565 -1.7918 -0.56123
vn -0.936339 0.31459 -0.155891
v 2.9668 -1.7691 -0.58527
vn -0.936302 0.334098 -0.108248
v 2.9753 -1.7464 -0.58527
vn -0.93136 0.348752 -0.104601
v 2.9734 -1.7464 -0.56257
vn -0.931145 0.354823 -0.0840869
v 2.9646 -1.7691 -0.56257
vn -0.928606 0.35999 -0.0899924
v 2.9913 -1.6556 -0.65339
vn -0.99398 0.109472 0.00438471
v 2.9912 -1.6556 -0.67609
vn -0.98972 0.137735 0.0385082
v 2.9824 -1.6783 -0.60798
vn -0.984483 0.112766 -0.134449
v 2.9798 -1.701 -0.60798
vn -0.988792 0.0829232 -0.124157
v 2.9772 -1.6102 -0.60798
vn -1 0.00099259 0
v 2.9792 -1.6102 -0.62539
vn -0.849177 0.45598 -0.266423
v 2.9792 -1.6329 -0.61737
vn -0.995412 -0.0554341 -0.0779896
v 2.9792 -1.6329 -0.60692
vn -0.989799 -0.113462 0.0861647
v 2.9822 -1.6102 -0.63068
vn -0.786346 0.427545 -0.445943
v 2.982 -1.6329 -0.63068
vn -0.869832 0.00765583 -0.493289
v 2.9792 -1.6042 -0.60798
vn -0.685154 0.69742 -0.210167
v 3.0019 -1.5963 -0.63068
vn -0.54794 0.788016 -0.280699
v 2.9792 -1.6102 -0.59701
vn -0.983764 0.00662386 0.179342
v 2.9692 -1.8145 -0.76691
vn -0.999757 0.0176146 0.0132201
v 2.9698 -1.8372 -0.76691
vn -0.991504 0.0958393 0.0879447
v 2.9714 -1.7918 -0.74421
vn -0.979585 0.199946 -0.0208504
v 2.9706 -1.7918 -0.76691
vn -0.986394 0.143233 0.0806869
v 2.9757 -1.7691 -0.76691
vn -0.965463 0.249707 0.074347
v 2.9865 -1.7237 -0.74421
vn -0.999751 -0.0102896 -0.0197898
v 2.9825 -1.7237 -0.78962
vn -0.998566 0.0104563 0.0525093
v 2.98305 -1.701 -0.75556
vn -0.995922 -0.0799907 0.0417265
v 3.0925 -1.5875 -0.81232
vn 0.422852 0.906118 0.0121063
v 3.0913 -1.5875 -0.83503
vn 0.447204 0.894413 0.00590865
v 3.07 -1.5773 -0.80097
vn 0.443639 0.896122 0.0122381
v 3.07 -1.5761 -0.83503
vn 0.471587 0.881128 0.0349203
v 3.07 -1.5788 -0.7215
vn 0.248545 0.967533 0.0458751
v 3.0927 -1.5862 -0.7215
vn 0.264551 0.962551 0.0592247
v 3.07 -1.5819 -0.6988
vn 0.111087 0.984638 0.134714
v 3.0473 -1.5854 -0.6988
vn -0.239997 0.945861 0.218515
v 3.0473 -1.5875 -0.68971
vn -0.176661 0.966121 0.188153
v 3.0927 -1.5904 -0.67609
vn 0.338056 0.932554 0.12673
v 3.0847 -1.5875 -0.67609
vn 0.16749 0.975715 0.141166
v 3.07 -1.5904 -0.65339
vn 0 0.984456 0.175633
v 3.0605 -1.5875 -0.67609
vn -0.140206 0.974508 0.175149
v 3.229 -2.1219 -0.2674
vn 0.569211 0.699629 0.431878
v 3.229 -2.1097 -0.27764
vn 0.527839 0.554852 0.64306
v 3.2063 -2.0992 -0.2674
vn 0.526199 0.531807 0.663548
v 3.2323 -2.1324 -0.2447
vn 0.594796 0.759067 0.264642
v 3.2424 -2.1324 -0.2674
vn 0.594796 0.759067 0.264642
v 3.2063 -2.087 -0.27968
vn 0.559644 0.624271 0.545054
v 3.1969 -2.087 -0.2674
vn 0.631872 0.724485 0.275426
v 3.1836 -2.0805 -0.2447
vn 0.648072 0.743058 0.166935
v 2.9792 -1.7575 -0.67609
vn -0.955596 0.292788 0.0333463
v 2.9753 -1.7691 -0.67609
vn -0.947041 0.318392 0.0417084
v 2.9832 -1.7464 -0.65339
vn -0.990849 0.134171 0.0146926
v 2.9844 -1.7237 -0.66474
vn -0.998539 0.045305 0.0294565
v 2.9852 -1.701 -0.65339
vn -0.997466 0.0692043 -0.0164731
v 2.9826 -1.701 -0.6988
vn -0.990771 0.123849 0.0550874
v 2.9802 -1.7464 -0.621075
vn -0.977873 0.171665 -0.11956
v 2.9792 -1.7553 -0.63068
vn -0.937913 0.310623 -0.154378
v 2.9841 -1.7237 -0.63068
vn -0.994375 0.0418201 -0.0973117
v 2.98 -1.7237 -0.60089
vn -0.992945 0.0234063 -0.116242
v 2.9779 -1.701 -0.58527
vn -0.99157 0.0574246 -0.116155
v 2.9761 -1.7237 -0.56257
vn -0.992527 -0.0131243 -0.12132
v 2.9742 -1.701 -0.56257
vn -0.982422 -0.0235432 -0.185181
v 2.9695 -1.701 -0.53986
vn -0.964618 -0.0771967 -0.252096
v 2.9684 -1.7237 -0.51716
vn -0.962979 -0.167469 -0.211246
v 2.9627 -1.701 -0.51716
vn -0.941337 -0.0878286 -0.325838
v 2.9866 -1.6556 -0.63068
vn -0.982205 0.041825 -0.183096
v 2.9906 -1.6329 -0.65339
vn -0.978801 -0.0301831 -0.202578
v 2.96675 -1.6783 -0.52851
vn -0.953245 0.042658 -0.299173
v 2.9792 -1.6783 -0.57529
vn -0.971682 0.10832 -0.210003
v 2.9565 -1.6783 -0.50478
vn -0.888295 0.00782771 -0.459206
v 2.97925 -1.6329 -0.358465
vn -0.97289 0.187616 0.135226
v 3.0102 -1.6556 -0.2674
vn -0.510686 0.0518521 0.858202
v 3.0246 -1.68965 -0.258355
vn -0.315252 0.030097 0.948531
v 3.0246 -1.6556 -0.25863
vn -0.253986 0.182154 0.949901
v 3.0473 -1.6556 -0.25557
vn -0.143469 0.138145 0.979966
v 3.0473 -1.6783 -0.25443
vn -0.167011 0.0494526 0.984714
v 3.0246 -1.6102 -0.27957
vn -0.143589 0.627705 0.765094
v 3.0246 -1.63025 -0.26604
vn -0.0699473 0.443859 0.893363
v 3.0473 -1.6329 -0.26368
vn -0.0476263 0.442118 0.895692
v 3.0191 -1.6329 -0.2674
vn -0.484329 0.222224 0.846193
v 3.0048 -1.6102 -0.293775
vn -0.501349 0.673006 0.543794
v 3.0246 -1.6008 -0.29011
vn -0.383386 0.68929 0.614731
v 2.8802 -1.8372 -1.0621
vn -0.0396243 -0.285325 0.957611
v 2.9338 -1.8354 -1.0394
vn -0.828415 0.0920644 0.552496
v 2.9565 -1.83875 -0.95151
vn -0.951052 0.291027 0.103936
v 2.9488 -1.8599 -0.97126
vn -0.980719 0.15081 0.124284
v 2.95891 -1.8484 -0.925312
vn -0.967576 0.214666 0.133098
v 2.9636 -1.8372 -0.90314
vn -0.981303 0.174477 0.0812591
v 2.9626 -1.8372 -0.81232
vn -0.983317 0.150023 0.102858
v 2.9483 -1.8826 -0.81232
vn -0.942756 0.309885 0.123217
v 2.9646 -1.8145 -0.81232
vn -0.993407 0.0670729 0.0929757
v 2.96425 -1.8145 -0.84638
vn -0.998551 0.0537231 0.00316703
v 2.96115 -1.8372 -0.84638
vn -0.979241 0.201855 0.0184868
v 2.9598 -1.8599 -0.6988
vn -0.915898 0.40005 -0.0330122
v 2.9643 -1.8599 -0.74421
vn -0.917334 0.395667 -0.0441197
v 2.9476 -1.8826 -0.6988
vn -0.89473 0.443604 -0.0516981
v 2.9538 -1.8826 -0.74421
vn -0.908926 0.40268 -0.10818
v 2.9621 -1.8599 -0.67609
vn -0.907994 0.411378 0.0794717
v 2.964 -1.8372 -0.60798
vn -0.948514 -0.188028 -0.254884
v 2.9701 -1.8372 -0.63068
vn -0.948514 -0.188028 -0.254884
v 3.0246 -1.8826 -0.25252
vn -0.087315 -0.0669036 0.993932
v 3.07 -1.9053 -0.25501
vn 0.0808196 -0.0510857 0.995419
v 3.07 -1.8826 -0.25395
vn 0.12662 0.00430419 0.991942
v 3.0927 -1.8826 -0.25852
vn 0.173636 0.00829333 0.984775
v 3.0927 -1.9053 -0.25923
vn 0.182684 -0.0307351 0.982691
v 3.0246 -1.84855 -0.252045
vn -0.0733276 -0.000623394 0.997308
v 3.07 -1.82585 -0.256955
vn 0.14131 0.055546 0.988406
v 3.0927 -1.82585 -0.25983
vn 0.142431 0.052135 0.988431
v 3.3239 -1.4966 -0.43769
vn -0.994771 -0.0906873 0.046969
v 3.32675 -1.5193 -0.37525
vn -0.9944 -0.105676 -0.000910071
v 3.3248 -1.4966 -0.32984
vn -0.997635 -0.0684548 0.00621317
v 3.3267 -1.5193 -0.31281
vn -0.997525 -0.0703057 0.000730018
v 3.3264 -1.5193 -0.29011
vn -0.997186 -0.074676 -0.00658636
v 3.3247 -1.4966 -0.2674
vn -0.997571 -0.0549335 0.0428384
v 2.9809 -1.74601 -0.777345
vn -0.97462 0.18621 0.124266
v 2.9992 -1.6102 -0.78962
vn -0.796456 0.595988 0.102252
v 2.9893 -1.6329 -0.78962
vn -0.952015 0.300242 0.0593418
v 3.0246 -1.5879 -0.77098
vn -0.593668 0.802495 0.0596652
v 3.0246 -1.5946 -0.6988
vn -0.470962 0.872056 0.133092
v 3.00125 -1.60945 -0.67609
vn -0.856054 0.495311 -0.147776
v 3.0019 -1.6102 -0.68362
vn -0.856559 0.515896 -0.0125732
v 2.984 -1.6556 -0.60798
vn -0.995273 -0.0690036 -0.0683411
v 2.9839 -1.6556 -0.58527
vn -0.999915 0.00839147 0.0100251
v 2.9836 -1.6329 -0.58527
vn -0.979884 -0.0129573 0.199146
v 3.0034 -1.6102 -0.7215
vn -0.647439 0.762116 -0.00130885
v 3.0246 -1.599 -0.67609
vn -0.417848 0.889219 0.186261
v 3.07 -2.0189 -0.26518
vn 0.0585925 0.347189 0.935963
v 3.10405 -1.9962 -0.27424
vn 0.146925 0.127939 0.980839
v 3.0473 -2.0189 -0.26439
vn 0.0190744 0.206262 0.978311
v 3.0573 -1.9962 -0.269047
vn 0.0516469 0.0665967 0.996442
v 3.0592 -1.9735 -0.26801
vn 0.0968108 -0.0988567 0.990381
v 3.0927 -1.9734 -0.27093
vn 0.164694 -0.0703356 0.983834
v 3.1325 -2.0244 -0.27027
vn 0.15876 0.329597 0.930678
v 3.1382 -1.9962 -0.28076
vn 0.204707 0.167855 0.964323
v 3.1154 -1.9734 -0.27622
vn 0.251788 0.0503279 0.966473
v 3.24035 -1.9734 -0.30143
vn -0.0240221 -0.0751834 0.99688
v 3.2744 -1.9507 -0.29906
vn -0.100509 -0.0575027 0.993273
v 3.229 -1.9053 -0.29491
vn -0.0150624 -0.0650872 0.997766
v 2.9774 -1.6556 -0.33552
vn -0.98956 0.103222 0.10058
v 2.9715 -1.701 -0.35822
vn -0.985559 0.0610179 0.157958
v 2.9763 -1.701 -0.31281
vn -0.990648 0.0595647 0.122758
v 2.9808 -1.6556 -0.31281
vn -0.949678 0.103636 0.295587
v 2.9792 -1.701 -0.30392
vn -0.919194 0.0685263 0.387796
v 2.98565 -1.70668 -0.29011
vn -0.816522 0.0719441 0.572814
v 2.9907 -1.6556 -0.29011
vn -0.850602 0.0899287 0.518064
v 3.0019 -1.68965 -0.27298
vn -0.759845 0.0660952 0.646735
v 3.3245 -1.5875 -0.29011
vn -0.945794 0.180043 0.270294
v 3.3198 -1.5875 -0.30729
vn -0.938289 0.278278 0.205367
v 3.3198 -1.6063 -0.29011
vn -0.903681 0.215689 0.369917
v 3.3249 -1.5648 -0.31281
vn -0.979988 0.17996 0.0850744
v 3.3266 -1.542 -0.33552
vn -0.999336 0.0234452 0.027876
v 2.8856 -1.701 -1.0621
vn -0.186647 0.0037266 0.98242
v 3.1001 -1.5648 -1.0621
vn 0.0533069 0.0976886 0.993788
v 3.07 -1.5648 -1.0599
vn 0.0732671 0.119889 0.99008
v 3.08135 -1.5193 -1.064
vn 0.0531771 0.0445573 0.997591
v 3.1154 -1.5693 -1.0621
vn 0.0265548 0.167956 0.985437
v 3.16658 -1.56895 -1.06295
vn 0.00894566 0.196391 0.980485
v 3.1268 -1.4966 -1.06735
vn 0.0449753 0.0313307 0.998497
v 3.1609 -1.542 -1.0665
vn 0.0161712 0.0499446 0.998621
v 3.20063 -1.542 -1.06607
vn -0.0313232 0.0526227 0.998123
v 2.8884 -1.7464 -1.0561
vn -0.0295735 0.144683 0.989036
v 2.8884 -1.7237 -1.0595
vn -0.131874 0.0882538 0.98733
v 2.9111 -1.7237 -1.0573
vn -0.000547104 0.00220162 0.999997
v 2.9111 -1.701 -1.0563
vn -0.199366 -0.0652244 0.977752
v 2.9565 -1.7464 -1.0452
vn -0.461784 0.0465068 0.885773
v 2.9565 -1.7237 -1.0444
vn -0.428348 -0.119817 0.895635
v 2.9338 -1.7237 -1.0546
vn -0.303394 -0.108429 0.946676
v 2.9338 -1.701 -1.0503
vn -0.330588 -0.13443 0.934152
v 2.95735 -1.701 -1.04
vn -0.589106 -0.0883192 0.803214
v 2.9626 -1.7237 -1.0394
vn -0.826659 -0.0448859 0.56091
v 2.976 -1.7237 -1.0167
vn -0.962884 0.0395941 0.266996
v 2.9735 -1.7464 -1.0167
vn -0.975669 0.166198 0.143
v 2.9749 -1.701 -1.0167
vn -0.903266 -0.0145396 0.428834
v 2.97015 -1.7691 -0.982615
vn -0.961552 0.263534 0.0772448
v 2.9681 -1.7691 -1.0167
vn -0.970579 0.230885 0.0683216
v 2.97895 -1.7237 -0.983605
vn -0.998444 0.0390231 0.0398276
v 2.9784 -1.701 -0.99397
vn -0.996808 -0.000899545 0.0798373
v 2.9797 -1.701 -0.92585
vn -0.998003 0.057828 0.0254334
v 2.9717 -1.7691 -0.92585
vn -0.969313 0.245525 -0.0122457
v 2.9669 -1.7918 -0.9372
vn -0.983771 0.178189 0.0210435
v 2.9774 -1.7464 -0.97126
vn -0.975906 0.214671 0.039047
v 2.9788 -1.7237 -0.92585
vn -0.998501 0.0534749 0.0116592
v 2.97745 -1.7464 -0.89179
vn -0.977888 0.207768 -0.0238248
v 2.98295 -1.68965 -0.88044
vn -0.995106 0.0973484 0.0169535
v 2.9797 -1.72845 -0.88044
vn -0.994902 0.100403 0.00946138
v 2.8884 -1.6783 -1.0592
vn -0.251269 -0.234575 0.939062
v 2.9111 -1.6783 -1.0543
vn -0.240652 -0.223313 0.944573
v 2.9111 -1.6556 -1.0455
vn -0.1923 -0.34162 0.919954
v 2.8884 -1.6329 -1.0435
vn -0.44586 -0.18993 0.87472
v 2.9111 -1.6329 -1.0353
vn -0.150815 -0.351326 0.924027
v 2.8884 -1.6102 -1.0416
vn -0.544332 -0.0137508 0.838757
v 2.9111 -1.6102 -1.0285
vn -0.304934 -0.160599 0.938735
v 2.9338 -1.6783 -1.0477
vn -0.284363 -0.17643 0.942343
v 2.9582 -1.6783 -1.0394
vn -0.540249 -0.0266928 0.841082
v 2.9338 -1.65135 -1.04075
vn -0.104725 -0.252143 0.962006
v 2.9571 -1.6537 -1.0394
vn -0.274913 -0.0955468 0.95671
v 2.9762 -1.6783 -1.0167
vn -0.883103 0.100191 0.458356
v 2.9792 -1.6631 -1.0167
vn -0.867137 0.151381 0.474507
v 2.9792 -1.6556 -1.0214
vn -0.853764 0.249579 0.456944
v 2.9338 -1.6329 -1.034
vn -0.0438351 -0.333796 0.941626
v 2.9565 -1.6329 -1.0363
vn 0.0233112 -0.24866 0.96831
v 2.9338 -1.6102 -1.0261
vn -0.131438 -0.190016 0.972943
v 2.9792 -1.68075 -0.996455
vn -0.991374 0.107372 0.0751562
v 2.9837 -1.6556 -0.99397
vn -0.981684 0.175812 0.0733955
v 2.98275 -1.6783 -0.914495
vn -0.992275 0.1193 0.0340243
v 2.98535 -1.6556 -0.9372
vn -0.985817 0.166916 0.0174558
v 2.8884 -1.5648 -1.0455
vn -0.615385 -0.0142823 0.788097
v 2.894 -1.5875 -1.0394
vn -0.57118 0.0159451 0.82067
v 2.9111 -1.5875 -1.0268
vn -0.380875 -0.0426262 0.923643
v 2.9111 -1.5648 -1.0271
vn -0.396594 -0.0307988 0.917478
v 2.9111 -1.4966 -1.0234
vn -0.517154 -0.0648278 0.853434
v 2.9338 -1.5875 -1.0224
vn -0.202412 -0.0574234 0.977615
v 2.9338 -1.5534 -1.0212
vn -0.232526 -0.0465971 0.971473
v 2.9854 -1.6556 -0.90314
vn -0.995355 0.0928105 0.0255739
v 3.0473 -1.6027 -1.0394
vn 0.0630638 0.755047 0.652631
v 3.08135 -1.5875 -1.056
vn 0.0636362 0.325107 0.943534
v 3.0473 -1.5648 -1.0574
vn 0.096142 0.132523 0.986506
v 3.0473 -1.5875 -1.053
vn 0.103243 0.189275 0.976481
v 3.1154 -1.5875 -1.0572
vn 0.020313 0.266802 0.963537
v 3.19495 -1.5875 -1.0581
vn 0.00206476 0.25878 0.965934
v 3.07 -1.4966 -1.0642
vn 0.051108 0.0335288 0.99813
v 3.17225 -1.4966 -1.06785
vn -0.0213736 0.0258501 0.999437
v 2.8884 -1.4966 -1.0411
vn -0.623405 -0.0427713 0.780728
v 2.93045 -1.4966 -1.01595
vn -0.183199 -0.134942 0.97377
v 2.9571 -1.4966 -1.01655
vn 0.245488 -0.178502 0.952823
v 2.9565 -1.5193 -1.0204
vn 0.371989 -0.14584 0.916709
v 2.9792 -1.4966 -1.026
vn 0.385097 -0.144323 0.911521
v 2.9835 -1.68965 -0.823675
vn -0.995143 0.0976938 0.0120939
v 2.9792 -1.7244 -0.83503
vn -0.990362 0.138051 -0.011196
v 2.9802 -1.7237 -0.81232
vn -0.985859 0.157647 0.0568359
v 2.9869 -1.6556 -0.85773
vn -0.995157 0.0979105 0.00876743
v 2.98615 -1.6556 -0.823675
vn -0.996781 0.0797681 -0.00804292
v 2.9851 -1.66695 -0.78962
vn -0.994869 0.10106 -0.00469581
v 2.9828 -1.6783 -0.76691
vn -0.992039 0.0983334 0.0786665
v 3.2063 -1.5682 -1.0627
vn -0.0308679 0.160552 0.986545
v 3.2486 -1.5648 -1.062
vn -0.0511858 0.0878881 0.994814
v 3.24035 -1.5193 -1.0652
vn -0.0366405 0.0161464 0.999198
v 3.3198 -1.5229 -1.0621
vn -0.0547984 0.0542842 0.997021
v 3.24035 -1.5875 -1.05755
vn -0.0435508 0.208184 0.97712
v 3.3198 -1.5648 -1.0574
vn -0.0612892 0.138891 0.988409
v 3.21765 -1.4966 -1.06555
vn -0.0432762 -0.00660174 0.999041
v 3.2744 -1.4966 -1.0645
vn -0.0264319 -0.0177457 0.999493
v 3.3237 -1.4966 -1.0621
vn -0.0559334 -0.00265028 0.998431
v 3.07 -2.0515 -0.22199
vn 0.100768 0.994533 0.0273704
v 3.1154 -2.0573 -0.19929
vn 0.124235 0.991864 0.0277653
v 3.07 -2.0534 -0.17658
vn 0.0908588 0.994044 0.0601794
v 3.1382 -2.0602 -0.17658
vn 0.0904376 0.951977 0.292509
v 3.1382 -2.0643 -0.1628
vn 0.0805094 0.948234 0.307198
v 2.9111 -1.7051 -0.44904
vn -0.783064 0.103013 -0.613351
v 2.9048 -1.7237 -0.44904
vn -0.57211 0.236839 -0.785238
v 2.9565 -1.701 -0.50073
vn -0.83049 -0.226308 -0.508991
v 2.9565 -1.7067 -0.49445
vn -0.829228 -0.263874 -0.492698
v 2.9433 -1.7237 -0.47175
vn -0.649083 -0.045808 -0.759337
v 2.9565 -1.7237 -0.486
vn -0.79873 0 -0.60169
v 2.9565 -1.7461 -0.49445
vn -0.778918 0.221347 -0.586765
v 2.9374 -1.701 -0.47175
vn -0.68967 -0.165224 -0.705022
v 2.9604 -1.7237 -0.49445
vn -0.921561 -0.113523 -0.371265
v 2.9152 -1.701 -0.42634
vn -0.972423 0.188684 0.137084
v 2.9483 -1.6783 -0.49445
vn -0.798104 -0.156716 -0.581782
v 2.9338 -1.6906 -0.47175
vn -0.761727 -0.0825373 -0.642619
v 2.9163 -1.6783 -0.44904
vn -0.924501 0.175131 -0.338567
v 3.0456 -1.5193 -1.0621
vn 0.166104 0.0603813 0.984258
v 2.99735 -1.542 -1.04175
vn 0.442574 0.047953 0.895449
v 2.9881 -1.5648 -1.0378
vn 0.347261 -0.00386523 0.93776
v 3.0019 -1.5935 -1.0394
vn 0.282072 0.115631 0.9524
v 3.0246 -1.5875 -1.0474
vn 0.294125 0.144286 0.944813
v 3.0246 -1.5534 -1.0531
vn 0.313515 0.11751 0.942284
v 3.0019 -1.4966 -1.041
vn 0.487361 -0.0593812 0.871179
v 3.0246 -1.5193 -1.0556
vn 0.395619 0.0137758 0.918311
v 3.1382 -1.6102 -1.0441
vn 0.0136915 0.524416 0.851352
v 3.0473 -1.4922 -1.0621
vn 0.148896 -0.00993765 0.988803
v 3.10528 -2.06514 -0.153402
vn 0.11759 0.827935 0.548358
v 3.1382 -2.0703 -0.15387
vn 0.138664 0.830193 0.539956
v 2.9709 -1.8145 -0.35822
vn -0.951856 -0.0315821 0.304916
v 2.9731 -1.7464 -0.33552
vn -0.997487 0.00211869 0.0708211
v 2.9735 -1.7691 -0.31281
vn -0.987453 0.0182407 0.156858
v 2.9824 -1.75775 -0.29011
vn -0.869269 0.071796 0.489097
v 3.0019 -1.737 -0.2674
vn -0.684734 0.0982013 0.722146
v 2.9934 -1.7918 -0.2674
vn -0.83174 0.0838873 0.548791
v 3.0019 -1.7918 -0.25805
vn -0.58273 0.0645286 0.8101
v 3.0019 -1.6556 -0.27529
vn -0.758078 0.040146 0.650927
v 3.05865 -2.4503 -1.06075
vn 0.0277453 -0.0427554 0.9987
v 2.9792 -2.4211 -0.92585
vn -0.448394 -0.885092 -0.124718
v 2.9792 -2.4275 -0.88404
vn -0.429561 -0.886876 -0.170086
v 2.9565 -2.416 -0.88044
vn -0.648969 -0.744633 -0.156079
v 2.9792 -2.4414 -0.83503
vn -0.488324 -0.840306 -0.235425
v 2.9565 -2.43065 -0.822345
vn -0.625409 -0.753567 -0.202487
v 2.9514 -2.4275 -0.81232
vn -0.864287 -0.476894 -0.159937
v 2.94535 -2.4275 -0.778265
vn -0.874372 -0.466165 -0.134771
v 2.9565 -2.4391 -0.78962
vn -0.712791 -0.689576 -0.128117
v 2.9792 -2.4528 -0.78962
vn -0.47745 -0.855471 -0.200524
v 2.9743 -2.4503 -0.78962
vn -0.525354 -0.83279 -0.174537
v 2.94035 -2.4275 -0.732855
vn -0.896502 -0.440488 -0.0474753
v 2.9456 -2.4048 -0.85773
vn -0.796471 -0.598427 -0.0867161
v 2.9433 -2.4048 -0.83503
vn -0.857153 -0.497457 -0.133511
v 2.9397 -2.4048 -0.80097
vn -0.919057 -0.373612 -0.125494
v 2.9322 -2.4048 -0.74421
vn -0.977239 -0.186391 -0.101307
v 2.9338 -2.4124 -0.74421
vn -0.928165 -0.360616 -0.0920068
v 2.9338 -2.4132 -0.7215
vn -0.939426 -0.342743 -0.00245302
v 2.9321 -2.4048 -0.7215
vn -0.984051 -0.162344 0.0727214
v 3.0246 -1.4966 -1.0539
vn 0.486954 -0.0728523 0.870384
v 3.0019 -2.3195 -0.19929
vn -0.308914 -0.925271 -0.220106
v 3.0016 -2.314 -0.22199
vn -0.308914 -0.925271 -0.220106
v 3.05865 -2.34955 -0.2447
vn -0.112276 -0.596772 0.794517
v 3.0473 -2.3367 -0.23618
vn -0.145038 -0.592179 0.792646
v 3.0129 -2.3367 -0.2447
vn -0.190823 -0.555332 0.80944
v 3.0246 -2.3153 -0.22199
vn -0.20225 -0.940694 0.272379
v 3.0473 -2.3159 -0.22199
vn -0.103709 -0.560522 0.82162
v 3.07 -2.3237 -0.22199
vn -0.326768 -0.86684 0.376578
v 3.07 -2.3367 -0.23171
vn -0.155783 -0.591505 0.791109
v 3.07 -2.33625 -0.1987
vn -0.407373 -0.786218 -0.464659
v 3.0473 -2.326 -0.19929
vn -0.354543 -0.821235 -0.447071
v 2.9638 -1.9053 -0.369575
vn -0.989678 0.111168 0.0904425
v 2.9601 -1.928 -0.38093
vn -0.990477 0.114808 0.0759848
v 2.9674 -1.8826 -0.35822
vn -0.989354 0.0775089 0.123167
v 2.9622 -1.8826 -0.39228
vn -0.989208 0.0523527 0.136846
v 2.9677 -1.89395 -0.33552
vn -0.98856 0.116812 0.0954174
v 2.96185 -1.93935 -0.33552
vn -0.990502 0.112334 0.0792942
v 2.9693 -1.9053 -0.31281
vn -0.97947 0.0947152 0.177956
v 2.96475 -1.93935 -0.31281
vn -0.971244 0.104888 0.213737
v 2.97425 -1.91665 -0.29011
vn -0.944563 0.0862883 0.316787
v 2.9795 -1.84085 -0.29011
vn -0.921945 0.0683563 0.381242
v 2.9792 -1.93935 -0.27915
vn -0.777533 0.0310197 0.628076
v 2.9792 -1.89395 -0.28274
vn -0.845182 0.047682 0.532348
v 2.9903 -1.89395 -0.2674
vn -0.795699 0.024919 0.605179
v 2.99135 -1.93935 -0.2674
vn -0.630739 -0.0146645 0.775857
v 3.1609 -2.3546 -0.15387
vn -0.115949 -0.746911 0.654736
v 3.1609 -2.3348 -0.13231
vn 0.000129425 -0.675697 0.73718
v 3.1382 -2.3367 -0.13747
vn -0.115949 -0.746911 0.654736
v 3.3198 -1.8826 -0.28415
vn -0.451842 -0.0808944 0.888423
v 2.9646 -1.8599 -0.38093
vn -0.976914 0.0172147 0.212939
v 2.9704 -1.8372 -0.35822
vn -0.979881 0.0266119 0.197802
v 2.9627 -1.8372 -0.38093
vn -0.919191 -0.0850382 0.384521
v 2.9735 -1.82585 -0.33552
vn -0.995837 0.0382171 0.0827578
v 2.9565 -1.81195 -0.38162
vn -0.785941 -0.143338 0.601457
v 2.95555 -1.78045 -0.378325
vn -0.702364 0.00825558 0.71177
v 2.95605 -1.74375 -0.38093
vn -0.764112 0.0975356 0.637667
v 2.9711 -1.7237 -0.35822
vn -0.977256 0.0214372 0.210977
v 2.9748 -1.82585 -0.31281
vn -0.987856 0.0326556 0.1519
v 2.9934 -1.8372 -0.2674
vn -0.838311 0.0438449 0.543427
v 3.0019 -1.84855 -0.25916
vn -0.568075 0.0187905 0.822762
v 2.9809 -1.8145 -0.29011
vn -0.928159 0.00931623 0.372067
v 3.3191 -1.56175 -0.44904
vn -0.978158 0.191083 0.0818141
v 3.32365 -1.542 -0.43769
vn -0.988239 0.131072 0.078758
v 2.8884 -2.0416 -1.0746
vn -0.19352 -0.0198148 0.980896
v 2.8884 -1.9962 -1.0719
vn -0.226977 -0.0585282 0.97214
v 2.9111 -2.0416 -1.068
vn -0.295559 -0.0200878 0.955113
v 2.9163 -1.9507 -1.0621
vn -0.51414 -0.0748887 0.854431
v 2.9334 -2.39133 -0.53818
vn -0.992107 -0.0775776 -0.0985124
v 2.9362 -2.4048 -0.56257
vn -0.990844 -0.120276 -0.061334
v 2.9377 -2.4275 -0.53986
vn -0.984418 -0.118634 -0.129799
v 2.93328 -2.3826 -0.57392
vn -0.998297 -0.0566719 -0.013852
v 2.9276 -2.4275 -0.49445
vn -0.980152 -0.0393833 -0.194297
v 2.9303 -2.3821 -0.51716
vn -0.988619 -0.0257368 -0.148226
v 3.2131 -2.4275 -1.0394
vn -0.168897 -0.681347 0.712208
v 3.229 -2.4503 -1.0569
vn -0.11612 -0.685625 0.718633
v 3.2744 -2.4389 -1.0394
vn -0.131414 -0.81219 0.5684
v 3.229 -2.4275 -1.0333
vn -0.16224 -0.874065 0.457918
v 3.2756 -2.4275 -1.0167
vn -0.138905 -0.909366 0.39212
v 3.2971 -2.4414 -1.0394
vn -0.09772 -0.88728 0.45076
v 3.229 -2.419 -1.0167
vn -0.168851 -0.89363 0.41583
v 2.8884 -1.7691 -1.0537
vn 0.122975 0.0289643 0.991987
v 2.9111 -1.7918 -1.0557
vn 0.124368 0.0501108 0.99097
v 2.9111 -2.439 -0.42634
vn -0.909382 0.40413 -0.0985105
v 2.9111 -2.4503 -0.44755
vn -0.887627 0.371932 -0.271633
v 2.9048 -2.4503 -0.42634
vn -0.845441 0.471347 -0.25112
v 2.9227 -2.4275 -0.47175
vn -0.974283 0.0927895 -0.205337
v 2.92315 -2.4503 -0.4831
vn -0.954519 0.101492 -0.280344
v 2.9183 -2.4275 -0.44904
vn -0.977933 0.172196 -0.118301
v 2.9157 -2.4275 -0.42634
vn -0.951809 0.298322 -0.0711655
v 2.88635 -2.4503 -0.354535
vn -0.437228 0.887057 0.148192
v 2.8882 -2.4503 -0.38093
vn -0.507928 0.858951 -0.0648997
v 2.9111 -2.4344 -0.35822
vn -0.592537 0.777748 0.209781
v 2.9111 -2.433 -0.38093
vn -0.644036 0.764992 -0.00234396
v 2.8884 -2.4562 -0.33552
vn -0.305571 0.783157 0.541564
v 2.90575 -2.44665 -0.33552
vn -0.539561 0.722802 0.431776
v 2.9153 -2.4275 -0.39228
vn -0.915818 0.399519 0.0407597
v 2.918 -2.4275 -0.35822
vn -0.874312 0.451566 0.177953
v 2.9266 -2.4275 -0.33552
vn -0.834812 0.446343 0.322284
v 2.92545 -2.4048 -0.4831
vn -0.991011 0.0291159 -0.130577
v 2.92635 -2.3821 -0.4831
vn -0.994835 0.0306876 -0.0967584
v 2.92465 -2.3821 -0.43769
vn -0.991162 0.132559 -0.00502176
v 2.9209 -2.4048 -0.42634
vn -0.972053 0.232131 0.0350392
v 2.9273 -2.3821 -0.39228
vn -0.987516 0.134108 0.0826319
v 2.9274 -2.4048 -0.35822
vn -0.961376 0.244858 0.1257
v 2.9302 -2.3821 -0.34687
vn -0.994948 0.00824779 0.100055
v 2.9312 -2.4048 -0.33552
vn -0.974912 0.0814483 0.207155
v 2.8884 -2.473 -0.31586
vn -0.297105 0.669786 0.680526
v 2.9111 -2.46825 -0.309435
vn -0.36847 0.568166 0.735811
v 2.9111 -2.4503 -0.32615
vn -0.524853 0.579782 0.623203
v 2.9338 -2.4472 -0.31281
vn -0.368063 0.482808 0.794623
v 2.9338 -2.4275 -0.32501
vn -0.710953 0.288104 0.641515
v 2.9501 -2.4275 -0.31281
vn -0.368834 -0.307395 0.877194
v 2.9565 -2.4503 -0.30778
vn -0.106572 0.0778615 0.991252
v 2.9792 -2.4275 -0.30791
vn 0.0026386 -0.172166 0.985064
v 3.0019 -2.4503 -0.31029
vn 0.0384202 -0.0829307 0.995814
v 3.0246 -2.4275 -0.30811
vn -0.0859066 -0.112883 0.989888
v 3.0246 -2.4503 -0.31071
vn -0.0859066 -0.112883 0.989888
v 3.0473 -2.4503 -0.30635
vn -0.294792 0.109117 0.949311
v 3.0473 -2.473 -0.29852
vn -0.29222 0.313552 0.903489
v 3.07 -2.4503 -0.2966
vn -0.359034 0.138271 0.923025
v 3.0927 -2.473 -0.28336
vn -0.304287 0.173348 0.936675
v 3.0927 -2.4503 -0.28631
vn -0.370454 -0.0557593 0.927176
v 3.0749 -2.4275 -0.29011
vn -0.426575 -0.444031 0.787953
v 3.0473 -2.4957 -0.28838
vn -0.218456 0.338277 0.915339
v 3.0473 -2.5184 -0.28166
vn -0.217489 0.274026 0.936808
v 3.0927 -2.4957 -0.27738
vn -0.145699 0.237443 0.960413
v 3.07 -2.5184 -0.27647
vn -0.190741 0.235381 0.953003
v 3.0927 -2.5184 -0.27368
vn 0.0202132 0.160839 0.986774
v 3.0927 -2.4275 -0.28156
vn -0.390451 -0.432183 0.812875
v 3.1154 -2.5184 -0.2774
vn 0.0719029 0.0952787 0.99285
v 2.9338 -2.4048 -0.32494
vn -0.971745 -0.112273 0.207621
v 2.9385 -2.4048 -0.31281
vn -0.766372 -0.286527 0.574958
v 2.9565 -2.4058 -0.288795
vn -0.40584 -0.684966 0.605075
v 2.9792 -2.4116 -0.29011
vn -0.132337 -0.747164 0.651332
v 2.9792 -2.4048 -0.27878
vn -0.193505 -0.841214 0.504891
v 3.0246 -2.4048 -0.2825
vn -0.0470931 -0.719526 0.692867
v 3.0473 -2.3923 -0.2674
vn -0.0415101 -0.460518 0.886679
v 3.0246 -2.3915 -0.2674
vn 0.0142307 -0.64734 0.762069
v 3.0246 -2.37075 -0.25753
vn -0.0473146 -0.461168 0.886051
v 3.07 -2.4048 -0.27322
vn -0.253334 -0.606544 0.753609
v 3.08135 -2.3821 -0.262385
vn -0.0130884 -0.40493 0.914254
v 3.0473 -2.3594 -0.25118
vn -0.0315908 -0.504919 0.862588
v 2.9565 -1.8826 -0.43317
vn -0.993712 0.027557 0.108521
v 2.95885 -1.91665 -0.40363
vn -0.992719 0.0378633 0.114345
v 3.3198 -2.0416 -0.28902
vn -0.376692 0.0522678 0.924863
v 3.2971 -2.0643 -0.29405
vn -0.235283 0.0545869 0.970393
v 3.3198 -2.0643 -0.28695
vn -0.380322 0.0856455 0.92088
v 3.31997 -1.98622 -0.29011
vn -0.41444 -0.0108987 0.910011
v 3.30353 -1.93084 -0.292295
vn -0.24571 -0.06561 0.96712
v 3.2971 -1.8665 -0.29011
vn -0.199517 -0.0598636 0.978064
v 2.9565 -1.8599 -0.42442
vn -0.987002 -0.0491688 0.153001
v 3.3167 -1.542 -0.49445
vn -0.984562 0.133868 0.112772
v 3.314 -1.5648 -0.49445
vn -0.988493 0.117062 0.0958065
v 3.29465 -1.62995 -0.31281
vn -0.579648 0.481398 0.657468
v 3.0473 -2.2232 -0.11409
vn 0.226948 0.0102961 0.973852
v 3.07 -2.2005 -0.11962
vn 0.226948 0.0102961 0.973852
v 3.22705 -2.0875 -0.290322
vn 0.214545 0.363169 0.906686
v 3.229 -2.0643 -0.29796
vn 0.280005 0.0685159 0.95755
v 3.2063 -2.06665 -0.29069
vn 0.275751 0.151666 0.949189
v 3.2744 -1.9053 -0.29411
vn -0.0694452 -0.0179049 0.997425
v 3.229 -1.8826 -0.29463
vn -0.0232678 0.00469459 0.999718
v 2.963 -1.701 -0.38093
vn -0.814684 0.122038 0.566919
v 2.9565 -1.68965 -0.39147
vn -0.733129 0.12156 0.669137
v 2.9681 -1.66695 -0.38093
vn -0.911554 0.101236 0.398524
v 3.2744 -1.8599 -0.29418
vn -0.0896309 0.0360569 0.995322
v 3.2744 -1.8145 -0.29344
vn -0.157727 0.0259797 0.987141
v 3.2517 -1.8145 -0.29523
vn -0.0979569 0.0530808 0.993774
v 3.29328 -1.82585 -0.288902
vn -0.314928 -0.0179757 0.948945
v 3.3198 -1.8372 -0.2781
vn -0.47021 -0.0869989 0.878256
v 3.3198 -1.77194 -0.277661
vn -0.536628 -0.00764609 0.843784
v 3.2971 -1.78045 -0.288635
vn -0.354928 0.0138506 0.934791
v 3.2517 -1.75775 -0.299715
vn -0.185799 0.04506 0.981554
v 3.2744 -1.75207 -0.295813
vn -0.217737 0.0282698 0.975598
v 3.2517 -1.701 -0.30229
vn -0.214894 0.0442657 0.975634
v 3.2744 -1.6783 -0.29944
vn -0.236197 0.159411 0.95854
v 3.2959 -1.701 -0.28959
vn -0.386895 -0.00046793 0.922124
v 3.3198 -1.6783 -0.2764
vn -0.600845 -0.0018728 0.799364
v 3.2744 -1.6556 -0.30611
vn -0.218199 0.275122 0.936321
v 3.2517 -1.6783 -0.30473
vn -0.218199 0.275122 0.936321
v 3.2982 -1.6823 -0.29011
vn -0.407795 0.112138 0.906161
v 3.2772 -1.63385 -0.33552
vn -0.316812 0.907757 0.274967
v 3.2744 -1.6436 -0.31281
vn -0.496534 0.826015 0.266745
v 3.3081 -1.57615 -0.56257
vn -0.966422 0.160801 0.200426
v 3.30325 -1.57615 -0.58527
vn -0.965286 0.160336 0.206193
v 3.3104 -1.5193 -0.58527
vn -0.973806 0.0669434 0.217303
v 3.3041 -1.5193 -0.60798
vn -0.956457 0.0824548 0.279983
v 3.3134 -1.53065 -0.56257
vn -0.993003 0.0482547 0.107781
v 3.3147 -1.542 -0.52851
vn -0.997778 0.0526459 0.0408265
v 3.3124 -1.5648 -0.53986
vn -0.995137 0.0900192 0.0399828
v 3.3155 -1.5193 -0.51716
vn -0.995657 0.0129854 0.0921873
v 3.3103 -1.4966 -0.58527
vn -0.981497 -0.0492884 0.185025
v 3.2971 -1.4966 -0.63341
vn -0.973455 0.0125213 0.228536
v 3.3136 -1.4966 -0.56257
vn -0.996783 -0.041882 0.0683409
v 3.3151 -1.4966 -0.51716
vn -0.994473 -0.0428198 0.0958618
v 3.1609 -2.0839 -0.15387
vn 0.32117 0.498286 0.805333
v 3.1561 -2.0643 -0.17658
vn 0.237856 0.830037 0.504443
v 3.1836 -2.0865 -0.15342
vn -0.2273 0.744674 0.627531
v 3.1836 -2.073 -0.17658
vn 0.0780114 0.922306 0.378505
v 3.07 -2.1324 -0.11801
vn 0.232086 0.0361831 0.972022
v 3.07 -2.16645 -0.118745
vn 0.192634 -0.0229283 0.981003
v 3.0927 -2.1324 -0.12343
vn 0.255125 0.0507722 0.965574
v 3.07 -2.1097 -0.12016
vn 0.219531 0.0794595 0.972364
v 3.0927 -2.1097 -0.12499
vn 0.278779 0.0658426 0.958095
v 3.1143 -2.13115 -0.13117
vn 0.393182 -0.0734036 0.916526
v 3.1382 -2.087 -0.14239
vn 0.321386 0.536438 0.780349
v 3.2971 -2.2193 -0.17658
vn -0.240045 0.238126 0.941103
v 3.2971 -2.2459 -0.17229
vn -0.258411 0.137946 0.956135
v 3.3198 -2.2232 -0.16943
vn -0.25676 0.15311 0.95427
v 3.3198 -2.2459 -0.16581
vn -0.271327 0.151575 0.950477
v 3.1836 -2.073 -0.19929
vn 0.156637 0.987656 0
v 3.2063 -2.0766 -0.17658
vn 0.110598 0.990983 0.0756351
v 3.2063 -2.0792 -0.15387
vn -0.0396881 0.965361 0.257882
v 3.229 -2.0796 -0.15387
vn 0.017507 0.993358 0.113725
v 3.20625 -2.0416 -0.290135
vn 0.358676 0.00256071 0.933458
v 3.2048 -2.0189 -0.29065
vn 0.357754 0.0467445 0.932645
v 3.1836 -2.0416 -0.28018
vn 0.40226 0.00442984 0.915515
v 3.2038 -2.0643 -0.29011
vn 0.401901 -0.0424902 0.914697
v 2.9111 -1.7121 -0.42634
vn -0.759928 0.250018 0.600001
v 2.9324 -1.7237 -0.40363
vn -0.546072 0.208496 0.811378
v 2.9338 -1.701 -0.4085
vn -0.655468 0.207889 0.726047
v 3.1382 -1.7334 -0.29011
vn 0.329758 0.169496 0.928725
v 3.1609 -1.7237 -0.30036
vn 0.331733 0.130627 0.934286
v 3.1382 -1.701 -0.29464
vn 0.333032 0.0966873 0.937945
v 3.3243 -1.5193 -0.44904
vn -0.993702 0.0147993 0.11107
v 3.3198 -1.5638 -0.42634
vn -0.961791 0.273665 -0.00811068
v 3.3261 -1.5193 -0.42634
vn -0.998193 0.013196 0.0586216
v 3.2971 -1.6205 -0.35822
vn -0.870759 0.480449 -0.104629
v 3.297 -1.6329 -0.40363
vn -0.857234 0.501196 -0.118124
v 3.2853 -1.6329 -0.35822
vn -0.707022 0.686141 -0.17126
v 3.3041 -1.6102 -0.38093
vn -0.934493 0.352097 -0.0524468
v 3.3058 -1.6102 -0.40363
vn -0.946444 0.315852 -0.0669426
v 3.2744 -1.6377 -0.35822
vn -0.374244 0.921641 -0.102563
v 3.2971 -1.618 -0.33552
vn -0.828837 0.553522 0.0815055
v 3.3056 -1.6102 -0.42634
vn -0.939585 0.342188 0.0093829
v 3.3108 -1.5875 -0.38093
vn -0.954482 0.298244 0.00375548
v 3.3191 -1.5631 -0.38093
vn -0.947182 0.3146 0.0622281
v 3.3256 -1.542 -0.369575
vn -0.986991 0.158423 0.027395
v 3.3122 -1.5875 -0.35822
vn -0.920007 0.3889 0.0484158
v 3.3198 -1.5772 -0.33552
vn -0.888222 0.442842 0.12228
v 3.2517 -1.6366 -0.33552
vn -0.0737391 0.929904 0.360334
v 3.3063 -1.6102 -0.31281
vn -0.857686 0.482332 0.178129
v 3.2971 -1.6556 -0.29705
vn -0.473442 0.326649 0.818018
v 2.9565 -2.4048 -1.0507
vn -0.0662532 -0.272067 0.959995
v 2.9565 -2.4275 -1.0567
vn -0.0722167 -0.254875 0.964274
v 2.9792 -2.41615 -1.0521
vn -0.0642048 -0.270044 0.960705
v 2.9565 -2.3727 -1.0394
vn -0.251429 -0.646675 0.720135
v 2.9792 -2.3782 -1.0394
vn -0.138329 -0.663747 0.735054
v 2.9565 -2.3609 -1.0167
vn -0.893248 -0.428951 0.134572
v 2.9792 -2.3776 -1.0167
vn -0.512429 -0.842734 -0.16497
v 2.9454 -2.3821 -0.97126
vn -0.882909 -0.304862 -0.357114
v 2.95705 -2.38005 -0.993057
vn -0.804216 -0.463902 -0.371527
v 2.9565 -2.3968 -0.97126
vn -0.774943 -0.563053 -0.287113
v 2.9512 -2.3594 -0.99397
vn -0.928887 -0.264685 -0.259057
v 2.9434 -2.3594 -0.97126
vn -0.938711 -0.120184 -0.323074
v 2.9393 -2.3821 -0.94855
vn -0.908223 -0.37178 -0.19212
v 2.9565 -2.40555 -0.951125
vn -0.759953 -0.624848 -0.178986
v 2.94965 -2.4048 -0.914495
vn -0.840912 -0.537313 -0.0645163
v 2.9565 -2.4104 -0.92585
vn -0.578375 -0.810482 -0.092743
v 2.9371 -2.3821 -0.92585
vn -0.963282 -0.264923 -0.0436382
v 2.9375 -2.3594 -0.94855
vn -0.986999 -0.0724691 -0.143465
v 2.9357 -2.3594 -0.92585
vn -0.999811 -0.00937557 0.0170592
v 2.9386 -2.3821 -0.88044
vn -0.97691 -0.211732 0.0285894
v 2.9391 -2.3594 -0.869085
vn -0.997904 0.035109 0.0543566
v 2.9429 -2.3367 -0.90314
vn -0.974986 0.220139 0.0306684
v 2.9507 -1.9734 -1.0167
vn -0.961742 -0.195755 0.191655
v 2.9447 -1.9734 -1.0394
vn -0.937363 -0.199203 0.285778
v 2.9467 -1.9962 -1.0394
vn -0.963339 -0.0845071 0.254629
v 2.9386 -1.9507 -1.0394
vn -0.93276 -0.145896 0.329657
v 2.9338 -1.9507 -1.0464
vn -0.816108 -0.144166 0.559629
v 2.93505 -1.928 -1.0415
vn -0.899067 -0.0866873 0.429143
v 2.9447 -1.9507 -1.0167
vn -0.962155 -0.172347 0.21108
v 2.9425 -1.928 -1.0167
vn -0.967812 -0.0952142 0.232966
v 2.9485 -1.9507 -0.99397
vn -0.985196 -0.148301 0.0860035
v 2.95456 -1.9848 -0.989089
vn -0.987788 -0.146104 0.0541186
v 2.9466 -1.928 -0.99397
vn -0.997414 0.00230989 0.0718278
v 2.9491 -1.9507 -0.97126
vn -0.980973 -0.190662 -0.0366031
v 2.9553 -1.9848 -0.959905
vn -0.984738 -0.173932 -0.006223
v 2.9474 -1.928 -0.97126
vn -0.999828 -0.00385262 -0.0181604
v 2.9487 -1.89395 -0.97126
vn -0.999184 0.0370312 0.0161446
v 2.9456 -1.9507 -0.92585
vn -0.980973 -0.185487 -0.0573236
v 2.9443 -1.928 -0.92585
vn -0.998758 0.0410686 -0.0282224
v 2.9488 -1.89395 -0.94855
vn -0.993888 0.102109 0.0419487
v 2.94995 -1.89395 -0.92585
vn -0.984972 0.161102 0.0622626
v 2.9462 -1.928 -0.88044
vn -0.998195 0.0573006 0.0179731
v 2.9459 -1.9507 -0.90314
vn -0.99836 -0.036652 0.0439745
v 2.94855 -1.9507 -0.869085
vn -0.990442 -0.129331 0.0479395
v 2.9496 -1.9053 -0.90314
vn -0.987197 0.158017 0.0217397
v 2.9489 -1.9053 -0.88044
vn -0.986774 0.1458 -0.0708536
v 2.9393 -2.3821 -0.85773
vn -0.983996 -0.177713 -0.0130008
v 2.9381 -2.3821 -0.823675
vn -0.996611 -0.0631682 -0.0526981
v 2.9364 -2.3821 -0.78962
vn -0.994179 -0.0627769 -0.0875678
v 2.93365 -2.3821 -0.75556
vn -0.996318 0.0362462 -0.0776936
v 2.932 -2.3821 -0.7215
vn -0.999405 -0.00370604 0.0342843
v 2.93485 -2.3821 -0.687538
vn -0.994939 -0.0465282 0.0890561
v 2.9377 -2.4048 -0.67609
vn -0.993631 -0.0846263 0.0744021
v 2.9367 -2.3821 -0.65339
vn -0.995813 -0.0906605 0.011695
v 2.9389 -2.4048 -0.65339
vn -0.994049 -0.0963423 -0.0508366
v 2.93365 -2.37595 -0.60798
vn -0.996697 -0.0447131 -0.0677885
v 2.9354 -2.4048 -0.60798
vn -0.985054 -0.162604 -0.0568271
v 2.93445 -2.4013 -0.58527
vn -0.971143 -0.237585 -0.0208413
v 2.9456 -1.928 -0.85773
vn -0.998875 -0.0452689 -0.0141234
v 2.9447 -1.9053 -0.83503
vn -0.995702 0.0807833 -0.0452918
v 2.93115 -2.3594 -0.505805
vn -0.98914 0.106945 -0.100821
v 3.0246 -2.4092 -0.29011
vn -0.0209421 -0.701084 0.712771
v 3.0473 -2.4275 -0.30278
vn -0.165099 -0.691615 0.703144
v 3.0019 -2.3289 -0.2447
vn -0.207879 -0.540562 0.815217
v 3.0019 -2.3594 -0.25446
vn -0.115276 -0.34469 0.931612
v 2.9537 -1.91665 -0.44904
vn -0.997114 0.0284989 0.0703722
v 2.9555 -1.8826 -0.44904
vn -0.999858 -0.00278764 -0.0166487
v 3.1695 -2.0643 -0.2674
vn 0.416323 0.49906 0.760009
v 3.1496 -2.0416 -0.2674
vn 0.259146 0.333232 0.906532
v 3.1382 -2.2686 -0.14197
vn -0.429558 0.0992294 0.897571
v 3.1154 -2.314 -0.14351
vn -0.318309 0.112377 0.941303
v 3.1382 -2.314 -0.1358
vn -0.362524 0.110478 0.925403
v 3.15565 -2.27995 -0.129785
vn -0.470787 0.090897 0.877552
v 3.1469 -2.314 -0.13117
vn -0.431058 0.0748302 0.899216
v 3.1609 -2.314 -0.12641
vn -0.365689 0.0259381 0.930375
v 3.1609 -2.2913 -0.1263
vn -0.432911 0.0550798 0.899752
v 3.1382 -2.2459 -0.14278
vn -0.286795 0.0341625 0.957383
v 3.1154 -2.2459 -0.14961
vn -0.286795 0.0341625 0.957383
v 3.1154 -2.1551 -0.13744
vn 0.2475 -0.133174 0.959692
v 3.1154 -2.18915 -0.14131
vn 0.0964363 -0.0979939 0.990504
v 3.1382 -2.1551 -0.14332
vn -0.01623 0.0635145 0.997849
v 3.1609 -2.1324 -0.14276
vn 0.00878846 0.229997 0.973152
v 3.1609 -2.1551 -0.1367
vn -0.271202 0.24826 0.929955
v 3.1609 -2.1097 -0.14743
vn 0.290277 0.19283 0.937313
v 3.1382 -2.1097 -0.1404
vn 0.290277 0.19283 0.937313
v 3.2971 -2.08575 -0.28978
vn -0.211523 0.239903 0.947473
v 3.3198 -2.087 -0.28153
vn -0.321453 0.232026 0.918059
v 3.2063 -1.9734 -0.3025
vn -0.0194956 0.0605519 0.997975
v 3.2517 -2.0189 -0.29883
vn -0.0147243 0.0652726 0.997759
v 3.2744 -2.00755 -0.29931
vn -0.0854425 0.0467357 0.995246
v 3.2517 -2.0643 -0.29831
vn -0.0582143 0.0540572 0.996839
v 3.2971 -1.9848 -0.29714
vn -0.212002 -0.0106973 0.977211
v 3.20355 -2.31055 -0.13117
vn 0.224112 -0.283726 0.932349
v 3.2063 -2.2913 -0.12538
vn 0.137254 -0.340824 0.930054
v 3.1836 -2.2913 -0.12203
vn 0.137254 -0.340824 0.930054
v 2.9604 -1.8826 -0.49445
vn -0.982886 0.0909281 -0.160207
v 2.9565 -1.8826 -0.47042
vn -0.984184 0.122995 -0.127492
v 2.9565 -1.8599 -0.46197
vn -0.986986 0.0226982 -0.159199
v 2.9544 -1.8599 -0.44904
vn -0.998912 -0.0426773 0.0188099
v 2.9565 -1.8491 -0.47175
vn -0.953176 -0.202993 -0.224165
v 2.9565 -1.8472 -0.40363
vn -0.936529 -0.26904 0.224789
v 2.9565 -1.8372 -0.39412
vn -0.775277 -0.380448 0.504187
v 2.9338 -1.8145 -0.39781
vn -0.532613 -0.316073 0.785125
v 2.9338 -1.7918 -0.39067
vn -0.499374 -0.09449 0.861219
v 2.9338 -1.7691 -0.39165
vn -0.532579 0.131768 0.83606
v 2.9338 -1.6783 -0.4152
vn -0.693522 0.185989 0.696014
v 2.9338 -1.6556 -0.42203
vn -0.799302 0.229748 0.555277
v 2.9573 -1.6329 -0.404615
vn -0.781727 0.199297 0.590918
v 3.24035 -1.8372 -0.296285
vn -0.0211019 0.000668096 0.999777
v 2.9792 -2.4157 -0.94855
vn -0.376154 -0.908376 -0.182653
v 2.9708 -2.4048 -0.97126
vn -0.453687 -0.810968 -0.369457
v 2.9357 -1.8599 -1.04175
vn -0.855952 -0.128208 0.500909
v 2.941 -1.8826 -1.0394
vn -0.920306 -0.137848 0.366108
v 2.9447 -1.8599 -1.0167
vn -0.944798 -0.141516 0.295515
v 2.9516 -1.8372 -0.99397
vn -0.932972 0.340844 0.115707
v 2.9469 -1.8599 -0.99397
vn -0.975959 0.202078 0.0816608
v 2.9578 -1.8599 -0.90314
vn -0.977735 0.209753 0.00616306
v 2.95565 -1.8599 -0.86846
vn -0.970425 0.23053 -0.0716303
v 2.9629 -1.8372 -0.88044
vn -0.963751 0.260794 -0.0563051
v 2.9956 -1.5193 -1.0394
vn 0.514305 -0.0954688 0.852277
v 2.9992 -1.4966 -1.0394
vn 0.5048 -0.0800592 0.859516
v 2.9498 -1.8826 -0.85773
vn -0.975546 0.190804 -0.109103
v 2.9479 -1.8826 -0.83503
vn -0.970275 0.241924 -0.00625909
v 2.9507 -1.8826 -0.78962
vn -0.92568 0.356443 0.126748
v 2.9537 -1.8826 -0.76691
vn -0.929345 0.354971 0.101555
v 2.9635 -1.8599 -0.76691
vn -0.911643 0.382055 0.151461
v 2.9551 -1.9053 -0.49445
vn -0.987307 0.139222 -0.0764275
v 2.9534 -1.9053 -0.47175
vn -0.990178 0.136902 -0.0283821
v 2.9818 -1.6329 -0.33552
vn -0.970567 0.194133 0.142521
v 2.986 -1.6329 -0.31281
vn -0.930462 0.214491 0.297044
v 2.9991 -1.62575 -0.29011
vn -0.724925 0.322539 0.608649
v 2.91422 -2.2914 -1.06255
vn -0.356236 0.0517144 0.932964
v 2.9792 -2.3941 -0.99397
vn -0.464261 -0.722337 -0.512534
v 2.8884 -1.9507 -1.0728
vn -0.245448 -0.0197864 0.969208
v 2.9111 -1.9734 -1.0657
vn -0.330863 -0.0365833 0.94297
v 2.8884 -1.89962 -1.06923
vn -0.214951 -0.0697418 0.974132
v 2.9141 -1.928 -1.0621
vn -0.472227 -0.00945958 0.881426
v 2.9134 -1.9053 -1.06305
vn -0.42469 -0.00145902 0.905338
v 2.9144 -1.8826 -1.0621
vn -0.4078 -0.118552 0.905342
v 2.9338 -2.00755 -1.0538
vn -0.719928 -0.0240282 0.693633
v 2.9338 -1.9734 -1.0517
vn -0.656426 -0.105232 0.747014
v 2.9338 -1.9053 -1.0478
vn -0.699097 0.0711487 0.711478
v 2.9396 -1.9053 -1.0394
vn -0.939488 0.0991313 0.327926
v 2.9338 -1.8826 -1.0489
vn -0.629119 -0.0726323 0.773908
v 2.9462 -1.8826 -1.0167
vn -0.986728 0.0305584 0.159479
v 2.9378 -2.3594 -0.76691
vn -0.99529 0.087759 -0.0411757
v 2.93405 -2.3617 -0.7215
vn -0.996221 0.0766904 -0.0407711
v 2.9357 -2.3594 -0.687445
vn -0.997371 0.0383184 0.0615003
v 2.9376 -2.3594 -0.65339
vn -0.998531 0.0351905 -0.0412017
v 2.93435 -2.3625 -0.596625
vn -0.995558 0.0935875 -0.0102997
v 2.9338 -2.36375 -0.553155
vn -0.997114 0.0662901 -0.0370107
v 2.9489 -1.9507 -0.83503
vn -0.984374 -0.173455 -0.0303551
v 2.9451 -1.9053 -0.81232
vn -0.995199 0.0971755 0.011687
v 2.9427 -1.928 -0.78962
vn -0.991093 0.132377 0.0145205
v 2.9465 -1.9053 -0.76691
vn -0.964731 0.262631 0.0178469
v 2.9433 -1.9053 -0.7215
vn -0.940883 0.324626 -0.0967288
v 2.8884 -1.8599 -1.0656
vn -0.180611 -0.158989 0.970619
v 2.89575 -1.84967 -1.06178
vn -0.202283 -0.191504 0.960421
v 2.9111 -1.8372 -1.0529
vn -0.451388 -0.134939 0.882066
v 3.0019 -1.6193 -1.0167
vn -0.338795 0.598617 0.725862
v 3.0019 -1.6102 -1.0308
vn -0.0951217 0.836396 0.539808
v 2.9792 -1.6102 -1.0348
vn -0.0665589 0.313393 0.947288
v 2.992 -1.6329 -1.0167
vn -0.490604 0.357126 0.794839
v 2.9565 -1.5875 -1.0279
vn 0.276177 -0.110752 0.954704
v 2.9565 -1.6102 -1.0315
vn 0.224885 -0.0996338 0.969278
v 2.9565 -1.5534 -1.0245
vn 0.322263 -0.0878094 0.942569
v 2.9792 -1.5875 -1.035
vn 0.256765 -0.0246605 0.966159
v 2.9374 -2.3367 -0.551215
vn -0.983439 0.178647 -0.0305343
v 2.9301 -2.3594 -0.47175
vn -0.97571 0.218207 -0.0193657
v 2.9338 -2.3459 -0.414985
vn -0.951776 0.306546 0.0123211
v 2.9302 -2.3594 -0.414985
vn -0.97887 0.201579 0.0343544
v 2.93602 -2.34392 -0.369575
vn -0.95909 0.280025 0.0416314
v 2.93345 -2.35913 -0.335465
vn -0.979362 0.198174 0.0397112
v 2.93325 -2.3821 -0.30999
vn -0.984734 0.00678533 0.173935
v 2.9397 -2.3821 -0.29011
vn -0.861902 -0.0738479 0.501669
v 2.9338 -2.3613 -0.31281
vn -0.967258 0.218196 0.129624
v 2.9388 -2.3594 -0.29011
vn -0.919649 0.183551 0.347211
v 2.9792 -2.3935 -0.2674
vn -0.243061 -0.398704 0.884283
v 2.9792 -2.3821 -0.26226
vn -0.179119 -0.216395 0.959734
v 2.9565 -2.3821 -0.2695
vn -0.559501 -0.176241 0.809875
v 2.95565 -2.3594 -0.26669
vn -0.608704 0 0.793397
v 2.9565 -2.344 -0.2674
vn -0.647205 0.143157 0.748754
v 2.9792 -2.3594 -0.25791
vn -0.239331 -0.139643 0.960844
v 3.0019 -2.3821 -0.26187
vn -0.0816058 -0.249917 0.964822
v 2.9792 -2.3367 -0.25553
vn -0.410966 -0.026574 0.911263
v 2.9477 -2.314 -0.31281
vn -0.953804 0.284787 0.0956799
v 2.9565 -2.314 -0.27875
vn -0.84618 0.213141 0.488416
v 2.9644 -2.314 -0.2674
vn -0.640197 0.152714 0.752879
v 2.9854 -2.314 -0.2447
vn -0.601613 -0.204123 0.772266
v 2.97895 -2.2761 -0.22199
vn -0.998455 -0.0385151 0.0400642
v 2.9792 -2.2913 -0.23018
vn -0.974182 -0.164485 0.154644
v 2.9805 -2.2913 -0.22199
vn -0.988304 -0.151395 0.0183063
v 2.9797 -2.2913 -0.194545
vn -0.996744 -0.0748738 -0.0299111
v 2.9792 -2.2602 -0.22199
vn -0.994727 0.0987019 0.0278752
v 2.9792 -2.2952 -0.17658
vn -0.995482 -0.0949497 0
v 2.9793 -2.2913 -0.15387
vn -0.980046 -0.0338038 0.195874
v 2.9782 -2.2686 -0.17658
vn -0.998703 0.050721 0.00434679
v 2.9792 -2.2686 -0.15387
vn -0.982841 0.0211065 0.183243
v 3.0246 -2.3367 -0.17246
vn -0.222572 -0.743006 -0.631193
v 3.0019 -2.3264 -0.17658
vn -0.222572 -0.743006 -0.631193
v 2.9868 -2.2686 -0.13117
vn -0.868211 -0.0105552 0.496083
v 2.989 -2.2913 -0.13117
vn -0.820445 -0.0795188 0.566168
v 2.9886 -2.2459 -0.13117
vn -0.87984 0.128017 0.457704
v 2.9814 -2.2459 -0.15387
vn -0.960159 0.134431 0.244997
v 3.0019 -2.2913 -0.12112
vn -0.467982 -0.168534 0.867519
v 3.0019 -2.2686 -0.11579
vn -0.405012 -0.147011 0.902415
v 3.0246 -2.2913 -0.1192
vn -0.0680342 -0.214404 0.974373
v 3.0246 -2.2686 -0.11454
vn -0.0538627 -0.2008 0.97815
v 3.0019 -2.2232 -0.1197
vn -0.345979 0.150143 0.926151
v 3.0019 -2.2459 -0.11546
vn -0.256962 0.0770258 0.963347
v 3.0246 -2.2232 -0.11122
vn -0.288116 0.0944533 0.952926
v 3.0246 -2.2459 -0.11183
vn -0.15785 -0.026526 0.987107
v 3.0246 -2.2005 -0.11434
vn -0.347081 0.1277 0.9291
v 3.0019 -1.6329 -0.28206
vn -0.792093 0.184468 0.581859
v 2.8884 -2.3861 -1.0621
vn -0.130403 0.0746 0.988651
v 2.8884 -2.2459 -1.0741
vn -0.278788 0.0257517 0.960007
v 2.8884 -2.30832 -1.06947
vn -0.234027 0.0792211 0.968997
v 2.9111 -2.2459 -1.0662
vn -0.346088 0.0142248 0.938094
v 2.9211 -2.2459 -1.0621
vn -0.539713 0.00699776 0.84182
v 2.9338 -2.3821 -1.0498
vn -0.224194 -0.273134 0.935486
v 2.9338 -2.4048 -1.0545
vn -0.161766 -0.200077 0.966334
v 2.9338 -2.25725 -1.0517
vn -0.686289 0.0220506 0.726994
v 2.9455 -2.2459 -1.0394
vn -0.890227 0.00925713 0.455423
v 2.9524 -2.2459 -1.0167
vn -0.980448 -0.0786343 0.180386
v 2.9517 -2.27995 -1.0167
vn -0.965157 0.0397027 0.258643
v 2.943 -2.3367 -0.88044
vn -0.981498 0.190246 -0.0216126
v 3.0246 -2.4048 -1.0528
vn -0.0747229 -0.444395 0.892709
v 3.0328 -2.3821 -1.0394
vn -0.143397 -0.723038 0.675761
v 3.0019 -2.3821 -1.0434
vn -0.0747229 -0.444395 0.892709
v 3.07 -2.4275 -1.059
vn -0.105557 -0.37351 0.921601
v 3.07 -2.4048 -1.0498
vn -0.105557 -0.37351 0.921601
v 3.0473 -2.4048 -1.0524
vn -0.105557 -0.37351 0.921601
v 2.8884 -2.18915 -1.07395
vn -0.266743 -0.0102727 0.963713
v 2.9111 -2.1778 -1.0668
vn -0.338619 -0.0119206 0.940848
v 2.8884 -2.1097 -1.073
vn -0.244491 -0.000263972 0.969652
v 2.92045 -2.16645 -1.0621
vn -0.629062 -0.0177783 0.777152
v 2.9111 -2.1324 -1.0658
vn -0.3199 0.01039 0.947394
v 2.9195 -2.1324 -1.0621
vn -0.550553 0.0297676 0.834269
v 2.92375 -2.03025 -1.0621
vn -0.538304 -0.00491158 0.842737
v 2.9338 -2.21185 -1.05135
vn -0.704984 -0.0244413 0.708802
v 2.94305 -2.21185 -1.0394
vn -0.907183 -0.0717664 0.414571
v 2.9338 -2.1551 -1.0474
vn -0.759838 0.00670111 0.650078
v 2.939 -2.1551 -1.0394
vn -0.932872 -0.00251295 0.360198
v 2.9453 -2.1778 -1.0167
vn -0.982174 -0.0545089 0.179899
v 2.9458 -2.1551 -1.0167
vn -0.976299 0.0442444 0.211856
v 2.95305 -2.23455 -0.99397
vn -0.996734 -0.0779246 -0.0212038
v 2.9475 -2.1778 -0.99397
vn -0.998065 -0.0616443 0.00809275
v 2.94908 -2.21753 -0.97126
vn -0.992317 -0.0772178 -0.0966659
v 2.9505 -2.1324 -0.99397
vn -0.996811 0.0617638 0.0505273
v 2.9467 -2.1778 -0.97126
vn -0.995875 -0.00438785 -0.0906247
v 2.9475 -2.1551 -0.97126
vn -0.992138 0.0906661 -0.0862633
v 2.9338 -2.09835 -1.05185
vn -0.732033 0.0406133 0.680058
v 2.94265 -2.09267 -1.0394
vn -0.918258 0.0365266 0.394294
v 2.948 -2.12105 -1.0167
vn -0.977778 0.0462956 0.204465
v 2.9502 -2.07565 -1.0167
vn -0.972667 0.0457318 0.227655
v 2.9526 -2.09835 -0.99397
vn -0.990813 0.0858507 0.104494
v 2.9498 -2.1324 -0.97126
vn -0.993175 0.116362 0.00800426
v 2.9565 -2.01925 -0.99397
vn -0.98923 0.0264944 0.143953
v 2.9559 -2.087 -0.97126
vn -0.992672 0.109198 0.0517543
v 2.9575 -2.0643 -0.97126
vn -0.996717 0.0574116 0.0570853
v 2.9451 -2.2005 -0.94855
vn -0.993422 -0.0827809 -0.0791215
v 2.9514 -2.2686 -0.94855
vn -0.996228 -0.0602349 -0.0624691
v 2.9474 -2.23455 -0.92585
vn -0.994775 -0.0992582 -0.0238849
v 2.9435 -2.2005 -0.92585
vn -0.996741 -0.0804992 -0.00512509
v 2.942 -2.1778 -0.92585
vn -0.998763 -0.0102744 -0.0486568
v 2.9429 -2.1551 -0.92585
vn -0.997982 0.0609178 0.0179082
v 2.9443 -2.18915 -0.90314
vn -0.99533 -0.0474338 0.0840752
v 2.9478 -2.23455 -0.90314
vn -0.996507 -0.0766197 0.0332246
v 2.9471 -2.18915 -0.88044
vn -0.99673 -0.0365808 0.0720553
v 2.9479 -2.2232 -0.88044
vn -0.999398 -0.0283064 -0.0200547
v 2.9455 -2.1551 -0.88044
vn -0.998771 -0.0106878 0.0483876
v 2.9476 -2.1324 -0.9372
vn -0.982009 0.176698 -0.0666098
v 2.9527 -2.1097 -0.94855
vn -0.982694 0.183279 -0.0268424
v 2.9564 -2.08617 -0.9372
vn -0.990964 0.134101 -0.00267029
v 2.9588 -2.0643 -0.914495
vn -0.996368 0.0848685 -0.00699979
v 2.9458 -2.1324 -0.90314
vn -0.983913 0.177394 -0.0211264
v 2.9555 -2.087 -0.87476
vn -0.984115 0.177149 -0.0116563
v 2.945 -2.03025 -1.0394
vn -0.878591 0.0395006 0.475938
v 2.9521 -2.03025 -1.0167
vn -0.969069 0.0438538 0.242864
v 2.9533 -1.9962 -1.0167
vn -0.983301 -0.0599804 0.17182
v 2.9591 -2.0189 -0.97126
vn -0.99721 0.00366307 0.0745526
v 2.96035 -2.0416 -0.9372
vn -0.999234 0.0281371 0.027185
v 2.96005 -2.0189 -0.9372
vn -0.997361 -0.0713919 0.0131828
v 2.95665 -1.9959 -0.914495
vn -0.983899 -0.178724 0.00125724
v 2.9604 -2.0416 -0.90314
vn -0.999089 0.0295483 -0.0307995
v 2.95975 -2.0189 -0.89179
vn -0.997539 -0.0665367 -0.022127
v 2.9587 -2.0189 -0.85773
vn -0.999992 0.00282567 -0.00282706
v 2.9518 -1.9734 -0.90314
vn -0.975519 -0.214372 0.0490728
v 2.957 -1.99245 -0.863407
vn -0.99214 -0.119113 0.0383564
v 2.9419 -2.3367 -0.85773
vn -0.99546 0.0733154 -0.0607053
v 2.93965 -2.3367 -0.823675
vn -0.998518 0.0384917 -0.038476
v 2.94775 -2.21185 -0.85773
vn -0.999684 0.00991047 -0.0231144
v 2.94582 -2.21185 -0.829353
vn -0.996655 0.0617406 -0.0535456
v 2.948 -2.1778 -0.85773
vn -0.999385 -0.0317007 0.0149642
v 2.94635 -2.1551 -0.84638
vn -0.99936 -0.0331865 0.0133577
v 2.9473 -2.1778 -0.823675
vn -0.999927 -0.00455984 -0.0111672
v 2.9469 -2.1778 -0.76691
vn -0.999834 -0.0180536 -0.00264296
v 2.9469 -2.2005 -0.78962
vn -0.99934 0.0363087 0.000738059
v 2.9457 -2.1551 -0.76691
vn -0.999961 -0.00366728 -0.00807236
v 2.9453 -2.1324 -0.85773
vn -0.997897 0.0612464 0.0212388
v 2.9492 -2.1097 -0.85773
vn -0.979135 0.203085 0.00719096
v 2.95515 -2.087 -0.823675
vn -0.98602 0.166625 -0.000198388
v 2.9581 -2.0643 -0.823675
vn -0.996047 0.0875748 0.0148842
v 2.9469 -2.1324 -0.81232
vn -0.99704 0.0767043 0.00532875
v 2.95 -2.1097 -0.80097
vn -0.982905 0.184083 -0.00328301
v 2.95507 -2.08525 -0.778265
vn -0.981731 0.18773 -0.0310127
v 2.9581 -2.0643 -0.778265
vn -0.994542 0.094334 -0.0445775
v 2.9467 -2.1551 -0.74421
vn -0.997821 0.00205779 0.0659439
v 2.94675 -2.18915 -0.74421
vn -0.999089 0.0176083 0.0388668
v 2.9521 -2.1778 -0.67609
vn -0.997665 0.0216122 0.064789
v 2.94695 -2.1324 -0.75556
vn -0.998168 0.0559639 0.0229899
v 2.9512 -2.09835 -0.75556
vn -0.987711 0.151311 -0.0391379
v 2.95055 -2.09835 -0.732855
vn -0.994216 0.106627 0.0128245
v 2.949 -2.12105 -0.7215
vn -0.995939 0.0451015 0.0779185
v 2.95528 -2.05295 -0.724715
vn -0.997908 0.0522259 -0.0381127
v 2.9529 -2.087 -0.6988
vn -0.998889 0.0465795 0.00716136
v 2.9587 -2.0416 -0.85773
vn -0.998838 0.0403249 0.0263777
v 2.9616 -2.0189 -0.81232
vn -0.999672 0.0150402 0.0207215
v 2.9552 -1.9734 -0.84638
vn -0.976673 -0.212862 0.0282958
v 2.9602 -2.0416 -0.78962
vn -0.997948 0.0370819 -0.0522012
v 2.9606 -2.0189 -0.78962
vn -0.997757 -0.0263726 -0.0615253
v 2.95515 -1.97455 -0.795292
vn -0.97112 -0.236893 -0.0284007
v 2.9593 -1.9962 -0.80097
vn -0.994095 -0.103314 -0.0331801
v 2.9467 -1.9507 -0.78394
vn -0.965482 -0.25845 -0.0323576
v 2.9562 -1.99488 -0.753918
vn -0.997396 -0.0540521 -0.0477414
v 2.95335 -1.9734 -0.732855
vn -0.971096 -0.238293 -0.0137292
v 2.95635 -1.9962 -0.71693
vn -0.998453 -0.055403 0.00462119
v 2.9562 -2.0189 -0.6988
vn -0.999087 0.041542 -0.00992759
v 2.95705 -1.9962 -0.642035
vn -0.999569 -0.0286333 -0.00645034
v 2.9531 -1.9734 -0.687445
vn -0.97543 -0.218392 0.0290143
v 2.9406 -1.928 -0.74421
vn -0.999159 -0.00733486 -0.0403386
v 2.9452 -1.9507 -0.71015
vn -0.96777 -0.250608 0.0248463
v 2.94095 -1.928 -0.71015
vn -0.998333 -0.0460137 0.0348544
v 2.94275 -1.9053 -0.687445
vn -0.991757 0.122642 0.0371147
v 2.95345 -2.09835 -0.67609
vn -0.999918 3.85549e-06 -0.0128327
v 2.9536 -2.1324 -0.65339
vn -0.996992 -0.0304177 -0.0712918
v 2.95215 -2.18915 -0.65339
vn -0.999142 0.0372357 -0.018112
v 2.9537 -2.0643 -0.67609
vn -0.996951 0.0770901 -0.0121108
v 2.94975 -2.087 -0.642035
vn -0.993859 0.0164192 -0.109433
v 2.95125 -2.0643 -0.642035
vn -0.990171 0.113743 -0.0813876
v 2.95035 -2.16645 -0.60798
vn -0.999415 -0.00620708 -0.033632
v 2.9464 -2.1097 -0.60798
vn -0.993038 -0.0725182 -0.0928297
v 2.94735 -2.07565 -0.60798
vn -0.994735 0.0965713 -0.0343053
v 2.946 -2.1097 -0.58527
vn -0.997885 -0.0560265 0.0329711
v 2.94965 -2.1097 -0.551215
vn -0.994103 -0.00693817 0.108219
v 2.95165 -2.14375 -0.545538
vn -0.996245 -0.0640593 0.0582513
v 2.9464 -2.087 -0.58527
vn -0.995166 0.0810105 0.0555218
v 2.9524 -2.087 -0.52851
vn -0.997212 0.000464608 0.0746189
v 2.9519 -2.05295 -0.56257
vn -0.995661 0.0819202 0.0441285
v 2.95215 -2.0643 -0.52851
vn -0.999788 0.0157756 0.0132079
v 2.956 -2.1097 -0.49445
vn -0.996241 -0.061453 0.0610503
v 2.95675 -2.02082 -0.642035
vn -0.998693 0.0469388 -0.0202143
v 2.9545 -1.9734 -0.642035
vn -0.992821 -0.115781 0.0300359
v 2.9536 -2.0416 -0.61933
vn -0.988799 0.137283 -0.0585604
v 2.9549 -2.0189 -0.596625
vn -0.995652 0.0931463 -0.000846739
v 2.95367 -1.94502 -0.596625
vn -0.999127 -0.0416359 0.00338021
v 2.94865 -1.9507 -0.66474
vn -0.978634 -0.181671 0.0962822
v 2.9439 -1.928 -0.67609
vn -0.987223 -0.0993005 0.124624
v 2.9478 -1.8826 -0.67609
vn -0.888538 0.45316 0.0717439
v 2.94715 -1.9053 -0.642035
vn -0.990964 0.0475859 0.125403
v 2.9513 -1.8826 -0.642035
vn -0.916376 0.390371 0.0886894
v 2.9523 -1.9507 -0.63068
vn -0.995522 -0.0686297 0.0650103
v 2.9518 -1.9053 -0.60798
vn -0.99409 -0.0141008 0.107642
v 2.95565 -1.8806 -0.60798
vn -0.959333 0.276539 0.0566196
v 2.95515 -1.9962 -0.57392
vn -0.999972 0.0035613 -0.00659767
v 2.9542 -1.96205 -0.53986
vn -0.99904 -0.0425447 0.0104862
v 2.9557 -1.9962 -0.52851
vn -0.999238 0.0388806 -0.00339541
v 2.9523 -2.0416 -0.51716
vn -0.998286 0.0569749 -0.01337
v 2.9559 -1.9734 -0.51716
vn -0.99937 -0.0329464 0.0132115
v 2.95235 -1.928 -0.551215
vn -0.99988 -0.0127722 0.00880199
v 2.9529 -1.9053 -0.57392
vn -0.99709 0.0748866 0.014249
v 2.95655 -1.8828 -0.565015
vn -0.981825 0.184758 0.0433994
v 2.9538 -1.928 -0.51716
vn -0.999366 -0.0355165 -0.00262902
v 2.9533 -1.9053 -0.53986
vn -0.985846 0.156288 0.0606798
v 2.9553 -1.9053 -0.51716
vn -0.984972 0.167099 0.0436716
v 2.9611 -1.8826 -0.51716
vn -0.962339 0.261755 0.073397
v 3.1836 -2.4275 -1.047
vn -0.129871 -0.556366 0.820725
v 3.1836 -2.4503 -1.0599
vn -0.0459639 -0.491914 0.869429
v 3.2063 -2.4503 -1.0587
vn -0.127248 -0.55019 0.825287
v 3.2744 -2.4503 -1.0512
vn -0.0691066 -0.728036 0.682047
v 3.2971 -2.4503 -1.0489
vn -0.0691066 -0.728036 0.682047
v 2.9654 -1.8599 -0.65339
vn -0.812004 0.57814 0.080023
v 2.968 -1.8145 -0.67609
vn -0.998673 0.0175955 0.0483966
v 2.9666 -1.8599 -0.63068
vn -0.825167 0.561937 0.0576778
v 2.9792 -2.3056 -0.2447
vn -0.559666 -0.413094 0.71842
v 3.0473 -2.4132 -0.29011
vn -0.179852 -0.731143 0.65809
v 2.952 -2.0643 -0.49445
vn -0.998504 -0.0518022 -0.0175091
v 2.9556 -2.1097 -0.47175
vn -0.992737 -0.103138 -0.0619277
v 2.95025 -2.0643 -0.43769
vn -0.999206 0.033015 0.022289
v 2.9511 -2.09835 -0.43769
vn -0.998322 -0.0525647 -0.0242886
v 2.9553 -1.9962 -0.4831
vn -0.999124 0.0414926 0.00547463
v 2.95175 -2.0416 -0.460395
vn -0.996478 0.0833951 -0.00878422
v 2.9544 -2.0189 -0.44904
vn -0.996459 0.0827811 0.0147377
v 2.95525 -1.9734 -0.460395
vn -0.999198 -0.0383428 0.0115307
v 2.9521 -2.0416 -0.42634
vn -0.994948 0.087663 0.0489333
v 2.95685 -1.9962 -0.435608
vn -0.997056 0.062434 0.0445058
v 2.95668 -1.96375 -0.427505
vn -0.996155 -0.0293466 0.0825416
v 2.95305 -1.928 -0.4831
vn -0.999663 0.00896376 -0.024369
v 2.9529 -1.9507 -0.47175
vn -0.998764 -0.0461973 -0.0183308
v 2.9534 -1.9507 -0.44904
vn -0.996182 -0.0503018 0.0713486
v 2.9545 -2.0643 -0.35822
vn -0.996321 0.0706792 0.0484682
v 2.95255 -2.07565 -0.386605
vn -0.997152 0.0467196 0.0591979
v 2.95767 -2.00755 -0.386605
vn -0.998512 0.0511876 0.0187825
v 2.95815 -1.96205 -0.40363
vn -0.999333 0.000447515 0.0365286
v 2.95795 -1.96773 -0.369575
vn -0.999514 0.0251779 0.018367
v 2.95847 -2.00185 -0.33552
vn -0.997441 0.0447854 0.0557308
v 2.95945 -2.05295 -0.31281
vn -0.971672 0.0421883 0.232537
v 2.969 -2.03025 -0.29011
vn -0.884928 0.0322975 0.464606
v 2.9657 -2.07565 -0.29011
vn -0.860144 0.0652326 0.505863
v 2.9615 -1.9962 -0.31281
vn -0.971135 0.0355721 0.235864
v 2.9696 -1.9848 -0.29011
vn -0.901807 0.0318636 0.430962
v 2.9792 -2.0643 -0.27568
vn -0.615709 0.101035 0.781469
v 2.9792 -2.0416 -0.27785
vn -0.550489 0.0693679 0.831955
v 3.0019 -2.0442 -0.267715
vn -0.352168 0.106666 0.929839
v 2.993 -2.0643 -0.2674
vn -0.424799 0.15184 0.892463
v 2.9792 -2.0189 -0.27882
vn -0.603986 -0.0126437 0.796894
v 3.0019 -2.0189 -0.26827
vn -0.289624 -0.0247552 0.95682
v 3.0019 -2.0643 -0.26377
vn -0.459775 0.332199 0.82356
v 2.9792 -1.9848 -0.276615
vn -0.665139 -0.0241614 0.746328
v 2.9922 -1.9734 -0.2674
vn -0.449546 -0.0509535 0.891803
v 3.0019 -1.93935 -0.26229
vn -0.181605 -0.0967014 0.978605
v 3.0246 -2.0416 -0.26043
vn -0.312479 0.244108 0.918024
v 3.0254 -2.0652 -0.2447
vn -0.628287 0.447347 0.636503
v 3.0246 -2.0189 -0.26535
vn -0.0359911 0.105733 0.993743
v 3.0246 -1.9848 -0.264925
vn 0.0193852 -0.0688341 0.99744
v 3.0246 -1.9507 -0.26125
vn -0.023723 -0.151987 0.988098
v 3.0473 -1.9507 -0.2633
vn 0.103252 -0.174005 0.979317
v 3.0246 -1.928 -0.25736
vn -0.00502463 -0.183153 0.983072
v 3.0473 -2.1324 -0.11593
vn 0.0372316 0.0753707 0.99646
v 3.0473 -2.1778 -0.11551
vn 0.119399 0.0100592 0.992795
v 3.0473 -2.1097 -0.11949
vn 0.0282671 0.286384 0.957698
v 3.0473 -2.08835 -0.13213
vn -0.249524 0.545613 0.800027
v 3.07 -2.0861 -0.130535
vn 0 0.537616 0.84319
v 3.0877 -2.087 -0.13117
vn 0.146262 0.406969 0.901656
v 2.8997 -2.3594 -1.0621
vn -0.283247 0.078561 0.955824
v 2.8884 -2.44458 -1.0576
vn -0.0769274 0.0551882 0.995508
v 3.14955 -2.45222 -1.06203
vn -0.0390133 -0.276681 0.96017
v 3.1154 -2.4275 -1.0563
vn -0.0989767 -0.348151 0.932199
v 3.1609 -2.4275 -1.0508
vn -0.0763032 -0.403842 0.911641
v 2.9111 -2.4048 -1.058
vn -0.112262 -0.011546 0.993612
v 2.92245 -2.4275 -1.05795
vn -0.0460628 -0.0496328 0.997705
v 2.9111 -2.3821 -1.0572
vn -0.254075 -0.0237807 0.966892
v 2.9111 -2.3594 -1.0577
vn -0.474631 0.0294998 0.879691
v 3.0019 -2.4048 -1.051
vn 0.0487969 -0.186296 0.981281
v 2.9469 -2.3594 -1.0394
vn -0.620471 -0.178114 0.763735
v 2.9338 -2.314 -1.0455
vn -0.586843 0.0392454 0.808749
v 2.9416 -2.3367 -1.0394
vn -0.83499 -0.0926287 0.542413
v 2.9509 -2.3367 -1.0167
vn -0.982614 -0.100143 0.156334
v 2.95155 -2.32535 -0.99397
vn -0.998361 0.0364433 -0.0441327
v 2.9473 -2.3367 -0.97126
vn -0.983655 0.107146 -0.144718
v 2.9403 -2.314 -1.0394
vn -0.858659 0.0382091 0.511121
v 2.9501 -2.314 -1.0167
vn -0.956212 0.00491413 0.292633
v 2.9543 -2.2686 -0.99397
vn -0.999443 0.0142526 -0.0301862
v 2.95135 -2.2913 -0.959905
vn -0.996413 0.0739908 -0.0410612
v 2.9474 -2.314 -0.94855
vn -0.977895 0.18293 -0.101287
v 2.94445 -2.32535 -0.92585
vn -0.976347 0.216116 -0.00630562
v 2.95135 -2.2913 -0.914495
vn -0.996829 0.0784481 -0.0132996
v 2.95095 -2.2686 -0.914495
vn -0.998337 -0.0565448 -0.0111828
v 2.9498 -2.2913 -0.88044
vn -0.988366 0.120707 -0.0925304
v 2.9502 -2.2686 -0.88044
vn -0.997299 -0.0292905 -0.0673578
v 3.03595 -2.4275 -1.0573
vn 0.0578949 -0.219905 0.973802
v 2.9383 -2.3367 -0.76691
vn -0.998354 -0.0434702 -0.0374125
v 2.9432 -2.314 -0.85773
vn -0.983083 0.0996082 -0.153709
v 2.9464 -2.2913 -0.85773
vn -0.977532 0.084692 -0.193024
v 2.9406 -2.2913 -0.83503
vn -0.978882 0.0495905 -0.198318
v 2.9469 -2.2459 -0.85773
vn -0.989172 0.0148685 -0.146003
v 2.9421 -2.2459 -0.83503
vn -0.983659 0.0873958 -0.157406
v 2.9362 -2.314 -0.80097
vn -0.997028 -0.0600296 -0.0482963
v 2.9371 -2.27995 -0.81232
vn -0.994287 0.0375836 -0.0999049
v 2.9363 -2.27995 -0.78962
vn -0.998329 0.0575095 -0.00556539
v 2.9393 -2.2459 -0.81232
vn -0.990257 0.122143 -0.0668773
v 2.9414 -2.2459 -0.76691
vn -0.986907 0.140027 0.0800412
v 2.9348 -2.314 -0.76691
vn -0.998478 -0.0505791 0.0219917
v 2.936 -2.2913 -0.76691
vn -0.992431 0.0893055 0.0842963
v 2.9365 -2.314 -0.74421
vn -0.995901 0.0787477 0.0445019
v 2.9408 -2.2913 -0.74421
vn -0.969559 0.165156 0.180773
v 2.9456 -2.2913 -0.7215
vn -0.978184 0.134381 0.158425
v 2.9443 -2.23455 -0.74421
vn -0.993796 0.045518 0.101474
v 2.9397 -2.314 -0.71015
vn -0.968308 0.228838 0.100068
v 2.9366 -2.3367 -0.6988
vn -0.983274 0.164602 0.0779665
v 2.9469 -2.2913 -0.6988
vn -0.991006 0.131589 0.024317
v 2.9479 -2.2686 -0.7215
vn -0.991124 0.0487517 0.123678
v 2.94735 -2.23455 -0.7215
vn -0.995123 -5.07521e-05 0.0986456
v 2.949 -2.2686 -0.6988
vn -0.998149 0.0593657 -0.0131889
v 2.9499 -2.2459 -0.6988
vn -0.99843 0.00237937 0.0559583
v 2.9467 -2.2913 -0.67609
vn -0.999316 0.0369797 -0.000879502
v 2.944 -2.314 -0.67609
vn -0.981875 0.166173 0.0911527
v 2.9464 -2.2686 -0.67609
vn -0.996006 0.0461093 -0.0764615
v 2.9463 -2.314 -0.65339
vn -0.994005 0.108192 0.0157814
v 2.9413 -2.2686 -0.63068
vn -0.994184 0.0200745 -0.105804
v 2.94535 -2.24022 -0.636358
vn -0.986075 0.134301 -0.098076
v 2.9416 -2.314 -0.60798
vn -0.989134 -0.0751684 -0.126346
v 2.9452 -2.314 -0.63068
vn -0.991143 -0.0756811 -0.109124
v 2.9405 -2.2913 -0.60798
vn -0.999297 -0.0369765 -0.00615964
v 2.9397 -2.2686 -0.60798
vn -0.998826 0.0308006 0.0373963
v 2.9419 -2.2459 -0.60798
vn -0.992678 0.118071 0.0255053
v 2.94375 -2.25725 -0.58527
vn -0.983745 0.0717333 0.164621
v 2.9429 -2.2913 -0.58527
vn -0.981998 0.00288811 0.188869
v 2.9483 -2.2686 -0.56257
vn -0.984226 0.0401084 0.17231
v 2.9483 -2.2913 -0.56257
vn -0.986633 0 0.162958
v 2.95135 -2.23455 -0.56257
vn -0.980844 0.102686 0.165533
v 2.9504 -2.2913 -0.53986
vn -0.994508 0.0372318 0.0978152
v 2.9537 -2.23455 -0.53986
vn -0.99685 0.0685171 0.0399469
v 2.9504 -2.2913 -0.51716
vn -0.99445 0.102799 -0.022379
v 2.944 -2.2232 -0.81232
vn -0.988554 0.149929 -0.0167946
v 2.9447 -2.2232 -0.778265
vn -0.992434 0.121256 0.0192988
v 2.94937 -2.2005 -0.69312
vn -0.997374 0.0274652 0.0670199
v 2.95055 -2.18915 -0.63068
vn -0.996862 0.0552353 -0.0567095
v 2.9491 -2.2005 -0.60798
vn -0.991268 0.131283 0.0123734
v 2.9508 -2.2005 -0.58527
vn -0.984661 0.10724 0.137634
v 2.9546 -2.2005 -0.56257
vn -0.994791 0.0331811 0.0963868
v 2.9531 -2.1778 -0.57392
vn -0.995246 -0.0466901 0.0854776
v 2.9505 -2.1551 -0.58527
vn -0.994967 -0.0860781 0.0512986
v 2.9557 -2.2005 -0.53986
vn -0.999459 0.013647 -0.0299184
v 2.9541 -2.2232 -0.51716
vn -0.997945 0.0329755 -0.05494
v 2.9555 -2.1778 -0.53986
vn -0.998842 -0.0455389 -0.0155389
v 2.9531 -2.16645 -0.505805
vn -0.999503 -0.0156327 -0.0273599
v 2.9533 -2.1324 -0.51716
vn -0.997171 0.0328039 0.0676321
v 3.26872 -2.4653 -1.0621
vn -0.0664289 -0.422251 0.904042
v 3.3198 -2.47355 -1.06185
vn -0.0624844 -0.345352 0.936391
v 3.21198 -2.45795 -1.0621
vn -0.0414353 -0.434578 0.899681
v 3.2063 -2.4132 -1.0167
vn -0.271964 -0.844518 0.461329
v 3.1836 -2.418 -1.0394
vn -0.281906 -0.842004 0.459956
v 2.9713 -1.7691 -0.78962
vn -0.9587 0.215391 0.185746
v 2.95685 -1.83615 -0.58311
vn -0.904768 -0.378537 -0.195206
v 2.9565 -1.8407 -0.56257
vn -0.971494 -0.2366 0.0148455
v 2.9561 -1.8372 -0.53986
vn -0.956463 -0.287222 0.0517809
v 2.951 -2.21185 -0.47175
vn -0.998397 0.0293887 -0.0483653
v 2.96785 -2.5184 -0.27776
vn 0.0297382 0.108785 0.99362
v 3.0246 -2.5184 -0.28246
vn 0.0864592 0.171826 0.981326
v 2.9504 -2.2686 -0.47175
vn -0.999388 0.0321684 -0.0137191
v 2.9524 -2.1778 -0.47175
vn -0.998301 0.0570032 0.012089
v 2.951 -2.2232 -0.44904
vn -0.999343 0.0149695 0.0330133
v 2.9519 -2.2686 -0.44904
vn -0.997009 0.00434837 0.077167
v 2.95255 -2.21185 -0.420663
vn -0.999292 -0.0108985 0.0360107
v 2.95242 -2.17212 -0.426338
vn -0.999768 0.0213874 0.00267395
v 2.9558 -2.1324 -0.460395
vn -0.999123 0.0364938 -0.0205151
v 2.9532 -2.1324 -0.42634
vn -0.997953 -0.0197824 -0.0608084
v 2.95095 -2.087 -0.414985
vn -0.999462 -0.0146809 0.029344
v 2.9561 -2.2686 -0.40363
vn -0.999838 0.00691316 0.0166422
v 2.9534 -2.21185 -0.369575
vn -0.997828 -0.0563934 -0.0340327
v 2.9558 -2.2459 -0.38093
vn -0.99914 -0.0413596 -0.00308006
v 2.95335 -2.1551 -0.39228
vn -0.99998 0.00396489 0.00484484
v 2.9522 -2.1778 -0.369575
vn -0.999605 0.0161948 -0.0229535
v 2.95 -2.2005 -0.33552
vn -0.999224 0.0360491 -0.0158775
v 2.9529 -2.1551 -0.35822
vn -0.99739 0.0455339 0.0560391
v 2.9518 -2.1778 -0.33552
vn -0.994487 0.0832139 0.0638036
v 2.9576 -2.1551 -0.31281
vn -0.981884 0.0955359 0.163637
v 2.95265 -2.12105 -0.386605
vn -0.999415 -0.0190864 0.0283808
v 2.95556 -2.087 -0.347126
vn -0.995959 0.00201494 0.0897879
v 2.9585 -2.1324 -0.31281
vn -0.989956 0.0236521 0.139386
v 2.9572 -2.1097 -0.33552
vn -0.996652 0.00333835 0.0816933
v 2.9526 -2.2005 -0.31281
vn -0.970042 0.100558 0.221147
v 2.9641 -2.1551 -0.29011
vn -0.879725 0.0350931 0.474187
v 2.97927 -2.1671 -0.265185
vn -0.883996 0.0844232 0.459808
v 2.958 -2.087 -0.31281
vn -0.990549 0.00851596 0.136892
v 2.9633 -2.1097 -0.29011
vn -0.903798 0.0120144 0.427791
v 2.9811 -2.1324 -0.2674
vn -0.828746 0.0640466 0.555948
v 2.98085 -2.1097 -0.26914
vn -0.741102 0.103149 0.663421
v 2.9959 -2.1324 -0.2447
vn -0.863767 0.248289 0.438473
v 2.98835 -2.16645 -0.2447
vn -0.935036 0.14482 0.323627
v 3.0019 -2.087 -0.25596
vn -0.659323 0.213339 0.720957
v 3.0074 -2.1097 -0.22199
vn -0.93861 0.312751 0.145597
v 2.9943 -2.1551 -0.22199
vn -0.972531 0.187232 0.138304
v 3.01 -2.087 -0.2447
vn -0.803018 0.401748 0.440183
v 3.00795 -2.1097 -0.187935
vn -0.884869 0.463355 0.0480508
v 3 -2.1324 -0.17658
vn -0.950632 0.309697 0.019645
v 3.0186 -2.087 -0.22199
vn -0.81055 0.55427 0.18919
v 3.0375 -2.0643 -0.22199
vn -0.713025 0.687192 0.13915
v 3.0215 -2.087 -0.19929
vn -0.808549 0.584001 0.0720444
v 3.0105 -2.1097 -0.15387
vn -0.846007 0.464672 0.261442
v 3.00165 -2.13165 -0.151705
vn -0.90089 0.363792 0.236754
v 3.0246 -2.087 -0.16465
vn -0.777272 0.6173 0.121609
v 3.0451 -2.06265 -0.17658
vn -0.653864 0.749287 0.105025
v 3.0258 -2.08855 -0.15387
vn -0.638815 0.628217 0.444139
v 3.0473 -2.0692 -0.15387
vn -0.600806 0.700118 0.385834
v 3.0473 -2.0574 -0.22199
vn -0.596234 0.800414 0.061994
v 3.0246 -2.10855 -0.130305
vn -0.536505 0.437653 0.721542
v 3.0112 -2.1324 -0.13117
vn -0.764726 0.38556 0.516273
v 3.0246 -2.1324 -0.1201
vn -0.390767 0.280342 0.876761
v 3.07 -2.06285 -0.15187
vn -0.00516075 0.836827 0.547444
v 3.0583 -2.0643 -0.15387
vn -0.267628 0.695316 0.667016
v 3.1836 -2.2686 -0.12059
vn -0.124796 0.00740083 0.992155
v 3.2063 -2.2686 -0.12069
vn 0.0750949 -0.133429 0.988209
v 3.2063 -2.1044 -0.13117
vn -0.262961 0.243904 0.933468
v 3.2063 -2.1324 -0.12492
vn -0.11995 0.147448 0.981769
v 3.229 -2.1097 -0.12602
vn -0.108513 0.201156 0.97353
v 3.229 -2.14375 -0.123985
vn -0.00667936 0.0610663 0.998111
v 3.229 -2.0955 -0.13117
vn -0.132495 0.337941 0.931795
v 3.05185 -2.5184 -1.0614
vn 0.124067 0.0153781 0.992155
v 3.10408 -2.5184 -1.06585
vn 0.0635734 -0.0301055 0.997523
v 3.05993 -2.4957 -1.06255
vn 0.0598099 -0.00595814 0.998192
v 3.10405 -2.4627 -1.06315
vn 0.0296498 -0.0854541 0.995901
v 3.14953 -2.4957 -1.0673
vn 0.0338026 -0.0746399 0.996637
v 3.15523 -2.473 -1.06575
vn 0.0128445 -0.158774 0.987231
v 3.0927 -2.4275 -1.0582
vn -0.0191563 -0.199093 0.979793
v 2.95082 -2.5184 -1.05205
vn 0.0620973 0.199077 0.978014
v 2.9111 -2.5184 -1.0502
vn 0.0138651 0.150465 0.988518
v 3.01325 -2.5184 -1.05615
vn 0.105027 0.128442 0.98614
v 2.8884 -2.5184 -1.0521
vn -0.104643 0.0961913 0.989847
v 2.9111 -2.46165 -1.056
vn 0.0596212 0.0813881 0.994898
v 2.9338 -2.4957 -1.0546
vn 0.0800395 0.141612 0.986681
v 2.9565 -2.473 -1.0595
vn 0.070186 0.0595326 0.995756
v 2.99055 -2.4957 -1.05905
vn 0.0525894 0.143286 0.988283
v 2.99055 -2.473 -1.0612
vn 0.0192151 0.0113565 0.999751
v 2.9338 -2.4503 -1.0587
vn 0.0451984 0.000625713 0.998978
v 2.96785 -2.4503 -1.0599
vn 0.00597079 -0.0856799 0.996305
v 3.0019 -2.4503 -1.0587
vn -0.00744506 -0.150188 0.988629
v 3.0246 -2.4957 -1.0604
vn 0.054821 0.0767495 0.995542
v 3.0246 -2.473 -1.0611
vn 0.0261201 -0.0679507 0.997347
v 2.9375 -2.3367 -0.60798
vn -0.979908 0.186904 -0.0696198
v 2.941 -2.314 -0.58527
vn -0.991346 0.126014 0.0367975
v 2.9434 -2.314 -0.56257
vn -0.96986 0.223601 0.0968229
v 2.9451 -2.314 -0.53986
vn -0.964935 0.260717 0.03046
v 2.9436 -2.314 -0.49445
vn -0.957277 0.288266 -0.0228774
v 3.229 -2.473 -1.0663
vn -0.0235587 -0.289922 0.95676
v 2.9715 -1.8372 -0.65339
vn -0.994219 -0.105112 0.0218927
v 2.93485 -2.34055 -0.49445
vn -0.954921 0.296809 0.00544558
v 2.94495 -2.314 -0.443368
vn -0.956084 0.291308 0.0322937
v 2.9487 -2.2913 -0.47175
vn -0.984099 0.171602 0.0458505
v 2.9527 -2.2913 -0.42634
vn -0.981049 0.19033 0.0362843
v 2.9549 -2.2686 -0.42634
vn -0.996719 -0.00874426 0.0804709
v 2.9459 -2.314 -0.39228
vn -0.95176 0.30682 0.00389401
v 2.9514 -2.2913 -0.35822
vn -0.978033 0.207878 -0.0154215
v 2.9514 -2.2913 -0.33552
vn -0.977635 0.193767 0.0817541
v 2.955 -2.2686 -0.34687
vn -0.996391 0.0837065 0.0141021
v 2.9548 -2.2459 -0.33552
vn -0.998879 -0.0470333 -0.0052716
v 2.9338 -2.5184 -0.27936
vn -0.214852 0.258882 0.941711
v 2.9565 -2.4957 -0.28679
vn -0.0205744 0.414496 0.909819
v 2.99055 -2.4957 -0.28723
vn 0.0552693 0.441123 0.895743
v 3.0246 -2.4957 -0.28955
vn 0.0669368 0.411926 0.908755
v 2.9569 -2.2913 -0.291535
vn -0.95188 0.188667 0.241513
v 2.95665 -2.27045 -0.31281
vn -0.989306 0.079722 0.122139
v 2.9565 -2.2459 -0.30879
vn -0.988522 -0.0684004 0.134709
v 2.9607 -2.2686 -0.29011
vn -0.965591 0.059753 0.253108
v 2.961 -2.2459 -0.29011
vn -0.945721 0.0317753 0.323424
v 2.9664 -2.2913 -0.2674
vn -0.912199 0.0691265 0.403875
v 2.9753 -2.2913 -0.2447
vn -0.943627 -0.0532256 0.326703
v 2.9701 -2.2459 -0.2674
vn -0.923685 0.0995735 0.369988
v 2.9756 -2.2686 -0.2447
vn -0.97075 0.0971913 0.219542
v 2.9895 -2.2005 -0.19929
vn -0.990381 0.138327 -0.00327001
v 2.9889 -2.2005 -0.17658
vn -0.989407 0.145154 0.00203991
v 3.091 -2.3367 -0.22199
vn -0.366539 -0.82049 0.438686
v 2.9514 -2.2232 -0.33552
vn -0.996204 -0.0870339 -0.00146274
v 2.9531 -2.2232 -0.31281
vn -0.986839 -0.0792102 0.140979
v 2.9565 -2.21185 -0.30005
vn -0.92067 0.0168258 0.38998
v 2.9733 -2.21185 -0.2674
vn -0.882535 0.0748746 0.464247
v 2.987 -2.21185 -0.22199
vn -0.985426 0.133237 0.105748
v 2.9932 -2.1551 -0.17658
vn -0.987288 0.158731 0.00818697
v 2.99 -2.2005 -0.15387
vn -0.968962 0.139436 0.204135
v 2.9952 -2.1551 -0.15387
vn -0.964893 0.156925 0.210609
v 3.0473 -2.2459 -0.1177
vn 0.248699 -0.114817 0.961752
v 3.16195 -2.2334 -0.131645
vn -0.406184 0.0759941 0.910626
v 3.00025 -2.18902 -0.13117
vn -0.867134 0.139875 0.478031
v 3.0019 -2.2005 -0.12619
vn -0.573432 0.173169 0.800743
v 3.005 -2.1551 -0.13117
vn -0.774888 0.136155 0.617261
v 3.0246 -2.1778 -0.1167
vn -0.350315 0.079433 0.933258
v 3.0246 -2.1551 -0.11743
vn -0.355829 0.0737062 0.93164
v 3.16425 -2.1778 -0.132655
vn -0.372912 0.0364181 0.927152
v 3.1836 -2.21185 -0.12503
vn -0.235511 0.0444644 0.970854
v 3.1836 -2.1551 -0.12738
vn -0.301353 0.117606 0.946232
v 3.1836 -2.1778 -0.12573
vn -0.23431 0.0389722 0.97138
v 3.1836 -2.1378 -0.13117
vn -0.353109 0.224456 0.908259
v 3.2063 -2.2459 -0.11994
vn -0.00363356 0.0231214 0.999726
v 3.2063 -2.21185 -0.121245
vn -0.0289198 0.0378386 0.998865
v 3.229 -2.2232 -0.12411
vn 0.20407 -0.0058915 0.978939
v 3.229 -2.2005 -0.12367
vn 0.0793341 0.00768588 0.996818
v 3.2063 -2.1551 -0.1226
vn -0.0919785 0.070789 0.993242
v 3.1836 -2.1097 -0.14056
vn -0.432661 0.29019 0.853578
v 3.229 -2.5184 -1.0711
vn 0.0176516 -0.0356712 0.999208
v 3.0927 -2.4048 -1.0459
vn -0.149363 -0.471063 0.869362
v 3.0246 -2.3738 -1.0167
vn -0.199183 -0.941383 0.272258
v 3.0473 -2.3821 -1.0304
vn -0.174891 -0.943407 0.281774
v 3.3198 -2.5184 -1.0676
vn -0.0648744 -0.0366841 0.997219
v 3.229 -2.4957 -1.0698
vn -0.00790508 -0.101924 0.994761
v 3.3198 -2.4957 -1.0664
vn -0.0702593 -0.125985 0.989541
v 3.3198 -2.4503 -1.0471
vn -0.066563 -0.539424 0.839399
v 2.9338 -2.473 -0.29903
vn -0.206818 0.438062 0.87483
v 3.1382 -2.2232 -0.1421
vn -0.260842 -0.00993692 0.96533
v 3.1154 -2.2232 -0.14478
vn -0.116413 -0.0748238 0.990378
v 3.1382 -2.1778 -0.14297
vn -0.0935836 -0.00302629 0.995607
v 3.2466 -2.1097 -0.13117
vn 0.31673 0.0435726 0.947515
v 3.2063 -2.087 -0.14179
vn -0.250598 0.649445 0.717929
v 3.229 -2.087 -0.13834
vn -0.0868629 0.815968 0.571534
v 2.8884 -2.4957 -0.30147
vn -0.21768 0.4653 0.85797
v 2.8884 -2.5184 -0.29408
vn -0.269997 0.220996 0.937157
v 2.9565 -2.473 -0.29831
vn 0.0400285 0.479713 0.876512
v 3.0246 -2.473 -0.30173
vn 0.00961571 0.481521 0.876382
v 3.2744 -2.3594 -0.29804
vn 0.103663 -0.457825 0.882978
v 3.2517 -2.3821 -0.30387
vn 0.226279 -0.448366 0.864735
v 3.2744 -2.3821 -0.30981
vn 0.0947131 -0.485181 0.869269
v 3.3198 -2.4048 -0.31624
vn -0.20558 -0.212068 0.955387
v 3.3198 -2.3821 -0.30919
vn -0.282925 -0.467854 0.837297
v 3.2971 -2.3821 -0.3119
vn -0.0559654 -0.388273 0.919843
v 3.2971 -2.3594 -0.29743
vn -0.0506575 -0.525614 0.849214
v 3.3198 -2.3536 -0.29011
vn -0.159344 -0.541036 0.825766
v 3.1534 -1.7464 -0.292865
vn 0.344911 0.265688 0.900248
v 3.1382 -1.7691 -0.27959
vn 0.300521 0.315235 0.900174
v 3.16555 -1.7649 -0.29011
vn 0.287154 0.279299 0.916261
v 3.2517 -2.09035 -0.2913
vn 0.0618197 0.357037 0.932042
v 3.2517 -2.1097 -0.28323
vn 0.136314 0.391339 0.910095
v 3.2744 -2.09835 -0.28807
vn -0.00432857 0.333103 0.94288
v 3.2744 -1.6459 -0.40363
vn -0.480626 0.869397 -0.114662
v 3.2744 -1.6424 -0.38093
vn -0.44583 0.882297 -0.150957
v 3.1609 -2.3594 -0.25311
vn 0.18423 -0.621636 0.761333
v 3.1609 -2.3491 -0.2447
vn 0.264214 -0.570461 0.777667
v 3.1382 -2.3525 -0.2447
vn 0.0943033 -0.629643 0.771139
v 3.1836 -2.3594 -0.26132
vn 0.31883 -0.546687 0.774261
v 3.1794 -2.3367 -0.2447
vn 0.34357 -0.512574 0.78691
v 3.0927 -2.314 -0.14197
vn 0.388152 0.248999 0.88732
v 3.0927 -2.2913 -0.14834
vn 0.286743 0.0881108 0.953947
v 3.07 -2.2913 -0.13841
vn 0.397545 0.126711 0.908792
v 3.0927 -2.2686 -0.1483
vn 0.223859 -0.0359333 0.973959
v 3.1154 -2.2913 -0.14895
vn 0.0834996 0.0550093 0.994988
v 3.1154 -2.2686 -0.1515
vn 0.138733 0.110553 0.98414
v 3.0927 -2.2459 -0.14248
vn 0.292428 -0.218399 0.931014
v 3.07 -2.2232 -0.12234
vn 0.339433 -0.111909 0.933949
v 3.0927 -2.201 -0.13117
vn 0.427881 -0.0909804 0.899244
v 3.0927 -2.1551 -0.12595
vn 0.40164 -0.126728 0.906987
v 3.1382 -2.1324 -0.14219
vn 0.409378 -0.151392 0.899717
v 3.1154 -2.1062 -0.13117
vn 0.353056 0.0417702 0.934669
v 3.2517 -2.3594 -0.29711
vn 0.124436 -0.543205 0.830327
v 3.2517 -2.3487 -0.29011
vn 0.163472 -0.502531 0.848964
v 3.2281 -2.3594 -0.29011
vn 0.298144 -0.393044 0.869843
v 3.2744 -2.3483 -0.29011
vn 0.009648 -0.547435 0.836793
v 3.2179 -2.3821 -0.29011
vn 0.314882 -0.0444037 0.948092
v 3.2063 -2.3594 -0.27695
vn 0.450003 -0.264526 0.85295
v 3.2063 -2.3821 -0.28399
vn 0.450003 -0.264526 0.85295
v 3.229 -2.3367 -0.27842
vn 0.208089 -0.45896 0.863744
v 3.3198 -2.2793 -0.17658
vn -0.357509 -0.342501 0.868838
v 3.3076 -2.2686 -0.17658
vn -0.364656 -0.285762 0.886209
v 3.244 -2.2232 -0.13117
vn 0.423007 -0.115537 0.898731
v 3.2378 -2.2459 -0.13117
vn 0.423007 -0.115537 0.898731
v 3.2462 -2.18915 -0.13117
vn 0.385897 -0.0117412 0.922467
v 3.1154 -2.473 -0.27879
vn -0.137426 0.121259 0.983062
v 3.1154 -2.4503 -0.27942
vn -0.259953 -0.0546661 0.964073
v 3.1154 -2.4275 -0.27543
vn -0.103849 -0.278386 0.954839
v 2.9934 -2.314 -0.19929
vn -0.526406 -0.813512 -0.247173
v 3.0927 -2.40155 -0.268665
vn -0.0770609 -0.359122 0.930104
v 3.0927 -2.3508 -0.2447
vn -0.0938787 -0.852808 0.513718
v 3.1154 -2.3821 -0.26276
vn 0.0506054 -0.394322 0.917578
v 3.1382 -2.3989 -0.268855
vn 0.073749 -0.247374 0.966109
v 3.1382 -2.4275 -0.27496
vn 0.0866273 -0.212508 0.973312
v 3.1609 -2.4275 -0.27869
vn 0.189165 -0.240633 0.952005
v 3.1836 -2.4048 -0.27885
vn 0.303564 -0.238116 0.922578
v 3.1836 -2.4275 -0.28449
vn 0.252748 -0.182744 0.950118
v 3.1669 -2.3821 -0.2674
vn 0.135445 -0.406894 0.903378
v 3.1836 -2.3708 -0.2674
vn 0.349901 -0.352183 0.868065
v 3.1382 -2.3594 -0.2509
vn 0.0256969 -0.521988 0.852566
v 3.0927 -2.3482 -0.19929
vn -0.348024 -0.854119 -0.386472
v 3.0246 -2.33715 -0.151605
vn -0.280003 -0.922374 0.266129
v 3.07 -2.3485 -0.17658
vn -0.363934 -0.888276 -0.280211
v 3.0927 -2.3574 -0.17658
vn -0.269848 -0.944084 -0.189439
v 3.07 -2.3536 -0.15387
vn -0.250315 -0.867578 0.429711
v 3.0473 -2.3444 -0.15387
vn -0.269538 -0.897532 0.348978
v 3.0889 -2.3594 -0.15387
vn -0.19215 -0.808677 0.555985
v 3.1154 -2.3451 -0.22199
vn -0.236587 -0.970334 0.0497897
v 3.1382 -2.3484 -0.22199
vn -0.0785826 -0.968409 0.236661
v 3.1154 -2.35765 -0.194225
vn -0.283526 -0.895835 -0.342188
v 3.1154 -2.3619 -0.17658
vn -0.167152 -0.982842 -0.0779809
v 3.1154 -2.3622 -0.15387
vn -0.101394 -0.989598 0.102056
v 3.0927 -2.3594 -0.1554
vn -0.151442 -0.98681 -0.057201
v 3.0019 -2.3295 -0.15387
vn -0.370659 -0.926328 -0.0672922
v 3.00095 -2.31495 -0.13117
vn -0.455167 -0.45511 0.765309
v 3.0473 -2.3367 -0.13987
vn -0.164793 -0.746394 0.644779
v 3.07 -2.3367 -0.13684
vn -0.095786 -0.56241 0.821291
v 3.0927 -2.3367 -0.13728
vn -0.0885492 -0.483437 0.870889
v 3.1154 -2.3594 -0.1486
vn 0.0142866 -0.566843 0.823702
v 3.1359 -2.3594 -0.15387
vn 0.1494 -0.616615 0.772959
v 3.1154 -2.3367 -0.13903
vn -0.0629219 -0.387704 0.919634
v 3.1836 -2.3478 -0.15387
vn 0.167147 -0.776302 0.607797
v 3.1836 -2.3367 -0.13725
vn 0.103903 -0.739006 0.665639
v 3.0246 -2.324 -0.13117
vn -0.232451 -0.797181 0.557197
v 3.0246 -2.314 -0.12655
vn 0.286312 -0.29515 0.911544
v 3.0473 -2.2913 -0.12633
vn 0.340565 -0.21145 0.916136
v 3.0473 -2.3174 -0.13117
vn 0.253083 -0.220572 0.941964
v 3.07 -2.314 -0.13642
vn 0.0193763 -0.0184957 0.999641
v 3.0568 -2.2913 -0.13117
vn 0.448954 -0.148127 0.881192
v 3.0473 -2.2686 -0.12201
vn 0.353107 -0.177737 0.918545
v 3.07 -2.2555 -0.13117
vn 0.423275 -0.218746 0.879198
v 3.1836 -2.3291 -0.13117
vn 0.217424 -0.468885 0.85608
v 3.2063 -2.4338 -0.29011
vn 0.18837 -0.197742 0.961985
v 3.2063 -2.4503 -0.29538
vn 0.196276 -0.298334 0.934062
v 3.229 -2.4503 -0.30015
vn 0.238959 -0.342068 0.908784
v 3.229 -2.4275 -0.29223
vn 0.21959 -0.140082 0.965483
v 3.2624 -2.4503 -0.31281
vn 0.296893 -0.517617 0.802451
v 3.2744 -2.4433 -0.31281
vn 0.286566 -0.410405 0.865706
v 3.2517 -2.4573 -0.31281
vn 0.300719 -0.529287 0.793362
v 3.2517 -2.4275 -0.29856
vn 0.323458 -0.181388 0.928694
v 3.2744 -2.4275 -0.30795
vn 0.326684 -0.0991968 0.939914
v 3.2971 -2.4503 -0.32513
vn 0.160313 -0.407671 0.898946
v 3.2971 -2.4275 -0.31442
vn 0.224331 -0.20012 0.953744
v 3.3198 -2.4275 -0.3171
vn -0.0531798 -0.180337 0.982166
v 3.3198 -2.4503 -0.32442
vn -0.291958 -0.278873 0.914872
v 3.229 -2.3821 -0.2949
vn 0.342458 -0.0520262 0.938091
v 3.2517 -2.4048 -0.29983
vn 0.346366 0.0936161 0.933417
v 3.2744 -2.4048 -0.30886
vn 0.315463 0.0695285 0.946387
v 3.2063 -2.4048 -0.28708
vn 0.294415 -0.114994 0.948734
v 3.2971 -2.4048 -0.31531
vn 0.168128 -0.0323492 0.985234
v 3.1836 -2.314 -0.12543
vn 0.308547 -0.22356 0.924565
v 3.2207 -2.2913 -0.13117
vn 0.360364 -0.223685 0.905595
v 3.229 -2.276 -0.13117
vn 0.35489 -0.17155 0.919034
v 3.0019 -2.4345 -0.88044
vn -0.25992 -0.931242 -0.2554
v 2.9965 -2.4275 -0.90314
vn -0.210705 -0.960343 -0.182607
v 3.0019 -2.377 -1.0394
vn 0.0326059 -0.616817 0.786431
v 3.1154 -2.404 -1.04025
vn -0.124651 -0.6273 0.768737
v 3.1382 -2.4048 -1.0351
vn -0.157647 -0.862265 0.481297
v 3.1609 -2.4114 -1.0394
vn -0.125965 -0.596375 0.792761
v 3.0019 -2.4414 -0.85773
vn -0.27208 -0.92182 -0.276081
v 2.9565 -2.4452 -0.74421
vn -0.737812 -0.67274 -0.0552765
v 2.9632 -2.4503 -0.74421
vn -0.576334 -0.810466 -0.104806
v 2.9565 -2.4471 -0.7215
vn -0.77714 -0.629238 -0.0105753
v 2.94275 -2.4275 -0.687445
vn -0.900509 -0.429568 0.0674914
v 2.9587 -2.4503 -0.6988
vn -0.778225 -0.627957 -0.00597242
v 2.9565 -2.44925 -0.66339
vn -0.869356 -0.493801 -0.0195138
v 2.9451 -2.4275 -0.65339
vn -0.924234 -0.380356 -0.0334923
v 2.9565 -2.4582 -0.60798
vn -0.902044 -0.422032 -0.0905861
v 2.9428 -2.4275 -0.60798
vn -0.940531 -0.336252 -0.048331
v 2.9565 -2.4666 -0.58527
vn -0.93055 -0.347728 -0.114728
v 2.9471 -2.4503 -0.56257
vn -0.955956 -0.225609 -0.187744
v 2.9414 -2.4275 -0.56257
vn -0.966687 -0.233696 -0.104418
v 2.9338 -2.4422 -0.51716
vn -0.963828 -0.0631095 -0.258945
v 2.9792 -1.6329 -1.0315
vn -0.752959 0.0946727 0.651221
v 3.0019 -1.6233 -0.99397
vn -0.815125 0.575584 0.06537
v 3.0246 -1.6006 -1.0394
vn 0.16089 0.514397 0.842325
v 3.0246 -1.6083 -1.0167
vn -0.19713 0.940983 0.275121
v 3.0473 -2.3868 -1.0394
vn -0.177676 -0.576177 0.797779
v 3.07 -2.3938 -1.0394
vn -0.139999 -0.621781 0.770576
v 3.0927 -2.3988 -1.0394
vn -0.187632 -0.851873 0.488986
v 3.0927 -2.3908 -1.0167
vn -0.203393 -0.92343 0.325435
v 2.8884 -1.8145 -1.0556
vn 0.0788257 -0.0744504 0.994104
v 2.9111 -1.8145 -1.0526
vn -0.163622 0.133481 0.977451
v 2.9338 -1.7918 -1.0519
vn -0.163622 0.133481 0.977451
v 2.9628 -1.8145 -0.99397
vn -0.945004 0.317877 0.0769508
v 2.95805 -1.8145 -1.02025
vn -0.848322 0.425487 0.315136
v 2.96555 -1.7918 -0.880435
vn -0.999002 0.019939 -0.0399602
v 2.9934 -1.6329 -0.959905
vn -0.89378 0.448408 -0.00933865
v 3.0019 -1.6198 -0.959905
vn -0.784317 0.619722 -0.028125
v 2.9937 -1.6329 -0.92585
vn -0.911102 0.412031 -0.0111266
v 3.0061 -1.61535 -0.92585
vn -0.77272 0.634701 -0.00766806
v 3.0019 -1.62 -0.90314
vn -0.798003 0.600864 -0.0464033
v 2.9922 -1.6329 -0.88044
vn -0.929726 0.368021 -0.0130697
v 3.00282 -1.61507 -0.869085
vn -0.813974 0.57768 -0.0610935
v 3.0246 -1.6075 -0.99397
vn -0.33409 0.939431 -0.0765093
v 3.01165 -1.6102 -0.959905
vn -0.633204 0.768952 -0.0881214
v 3.0473 -1.6082 -1.0167
vn -0.0337512 0.999042 0.0278517
v 3.07 -1.6102 -1.0269
vn 0.110364 0.927838 0.35628
v 3.0473 -1.6054 -0.99397
vn -0.13733 0.966529 -0.216707
v 3.0246 -1.6029 -0.97126
vn -0.318721 0.929408 -0.186061
v 3.0246 -1.5981 -0.94855
vn -0.598632 0.787212 -0.14811
v 3.0473 -1.5928 -0.94855
vn -0.215326 0.922261 -0.321043
v 3.034 -1.5875 -0.92585
vn -0.410644 0.890161 -0.197443
v 3.0473 -1.5832 -0.92585
vn -0.272546 0.914326 -0.299543
v 3.0246 -1.5879 -0.87568
vn -0.587563 0.805626 -0.0757327
v 3.0473 -1.5786 -0.90314
vn -0.411967 0.907676 -0.0800433
v 2.968 -1.7691 -0.81232
vn -0.954928 0.285532 0.0811421
v 2.9745 -1.7464 -0.83503
vn -0.963621 0.26559 0.0299521
v 2.967 -1.7691 -0.83503
vn -0.959453 0.281793 -0.0065359
v 2.99095 -1.6329 -0.84638
vn -0.929631 0.364741 -0.0524361
v 3.0022 -1.61062 -0.83144
vn -0.812124 0.576009 -0.0931073
v 2.9888 -1.6329 -0.81232
vn -0.962675 0.269409 -0.026007
v 2.9994 -1.6102 -0.81232
vn -0.819256 0.571677 -0.0447738
v 3.0246 -1.5861 -0.84638
vn -0.612877 0.788291 -0.0545828
v 3.0473 -1.5755 -0.85773
vn -0.421203 0.906266 -0.0356384
v 3.02265 -1.586 -0.81232
vn -0.582065 0.813077 -0.0103129
v 3.0473 -1.5756 -0.78962
vn -0.393289 0.918802 0.0335568
v 3.0019 -1.89395 -0.25923
vn -0.371277 -0.0418637 0.927578
v 3.0473 -2.0485 -0.2447
vn -0.463375 0.668736 0.581443
v 3.0473 -2.0416 -0.2515
vn -0.173486 0.520724 0.835912
v 3.07 -1.928 -0.25816
vn 0.050012 -0.197363 0.979054
v 3.0473 -1.82017 -0.254717
vn 0.103621 0.0411447 0.993765
v 3.0246 -1.80315 -0.25178
vn -0.228858 -0.00622739 0.97344
v 2.9653 -1.7918 -0.823675
vn -0.996571 0.0756882 0.0334425
v 3.1009 -1.6102 -1.0394
vn 0.129264 0.798186 0.588379
v 3.3198 -1.5875 -1.0532
vn -0.0405925 0.340202 0.939476
v 3.0927 -1.6179 -1.0167
vn 0.155869 0.923568 0.350324
v 3.1382 -1.6149 -1.0394
vn 0.0561862 0.862557 0.502831
v 3.21765 -1.6102 -1.04625
vn -0.00973141 0.514197 0.857617
v 3.2063 -1.6289 -1.0167
vn 0.0213262 0.895014 0.445528
v 3.1609 -1.6272 -1.0167
vn 0.0334128 0.89235 0.450105
v 3.0604 -1.6102 -1.0167
vn 0.146762 0.961355 0.232931
v 3.229 -1.6174 -1.0394
vn -0.0250355 0.876776 0.480246
v 3.229 -1.6284 -1.0167
vn -0.0484421 0.897685 0.437966
v 3.2744 -1.624 -1.0167
vn -0.100635 0.992838 0.0643894
v 3.2744 -1.6213 -0.99397
vn -0.104316 0.986693 -0.124722
v 3.2971 -1.6226 -1.0167
vn -0.012016 0.909061 0.416489
v 3.28575 -1.61147 -1.04067
vn -0.0319514 0.733272 0.679184
v 3.3198 -1.6127 -1.0394
vn 0.0232531 0.715555 0.69817
v 2.9877 -2.314 -0.17658
vn -0.814431 -0.56584 -0.128559
v 2.9863 -2.314 -0.15387
vn -0.839335 -0.508175 0.193069
v 2.9338 -1.8475 -1.0394
vn -0.83184 -0.0161547 0.55478
v 3.07 -1.6122 -1.0167
vn 0.243428 0.969445 -0.0303089
v 3.0741 -1.6102 -0.99397
vn 0.24153 0.961887 -0.128207
v 3.1268 -1.6244 -1.0167
vn 0.103315 0.898971 0.425649
v 3.17225 -1.6303 -0.99397
vn 0.0171625 0.999374 0.0309226
v 3.19495 -1.6277 -0.97126
vn -0.0424987 0.989699 -0.136712
v 3.1836 -1.6257 -0.92585
vn 0.0885693 0.988753 0.12051
v 3.1836 -1.6241 -0.94855
vn 0.0109925 0.998922 -0.0450942
v 3.1609 -1.6229 -0.92585
vn 0.122122 0.990059 0.069785
v 3.21765 -1.62885 -0.99397
vn -0.0931292 0.993398 -0.0669945
v 3.2063 -1.624 -0.94855
vn -0.129335 0.991197 -0.0283124
v 3.2063 -1.6291 -0.92585
vn -0.0856456 0.972094 0.2184
v 3.229 -1.6217 -0.92585
vn -0.223548 0.966565 0.125614
v 3.229 -1.6209 -0.94855
vn -0.198816 0.973994 -0.108665
v 3.2517 -1.6146 -0.94855
vn -0.261376 0.941781 -0.211497
v 3.2517 -1.6197 -0.97126
vn -0.227772 0.957478 -0.177078
v 2.9465 -1.8372 -1.0167
vn -0.890351 0.281408 0.357888
v 2.9433 -1.8145 -1.0394
vn -0.53736 0.271648 0.798406
v 2.95585 -1.7889 -1.0394
vn -0.772474 0.215465 0.597377
v 2.9652 -1.7918 -1.0167
vn -0.965261 0.173495 0.195372
v 2.9635 -1.8145 -0.94855
vn -0.983081 0.177082 0.0468302
v 2.9338 -1.7691 -1.0546
vn -0.332248 0.0931835 0.938578
v 2.9338 -1.7464 -1.056
vn -0.212369 0.00286948 0.977185
v 2.9631 -1.7464 -1.0394
vn -0.861577 0.0961652 0.498434
v 2.967 -1.8145 -0.90314
vn -0.997809 0.0635926 -0.0182303
v 3.1609 -1.6329 -0.89593
vn 0.313702 0.886915 0.339076
v 3.1836 -1.6329 -0.91223
vn 0.168011 0.90708 0.385976
v 3.2063 -1.6286 -0.38093
vn 0.358081 0.933687 -0.00261039
v 3.1836 -1.6201 -0.40363
vn 0.372978 0.927839 -0.00136273
v 3.1609 -1.6102 -0.38376
vn 0.393599 0.918312 0.0422299
v 3.0927 -1.5992 -0.35822
vn 0.0964583 0.99531 0.00730397
v 3.1154 -1.5977 -0.38093
vn 0.016468 0.997075 0.0746346
v 3.07 -1.5966 -0.38093
vn 0.139538 0.989871 -0.0261516
v 3.07 -1.5937 -0.35822
vn 0.233678 0.964483 -0.123157
v 3.1382 -1.6013 -0.38093
vn 0.371308 0.926187 0.0656288
v 3.229 -1.6352 -0.38093
vn 0.279887 0.957733 -0.0664122
v 3.229 -1.637 -0.40363
vn 0.317237 0.947179 -0.0470303
v 3.1382 -1.6261 -0.97126
vn 0.157212 0.979882 -0.122947
v 3.1382 -1.6278 -0.99397
vn 0.123329 0.992124 -0.0218998
v 3.1154 -1.6234 -0.99397
vn 0.215153 0.971393 -0.100523
v 3.1154 -1.6204 -0.97126
vn 0.240498 0.962013 -0.129197
v 3.1609 -1.6286 -0.97126
vn 0.0508936 0.990196 -0.13008
v 3.1382 -1.623 -0.94855
vn 0.0993602 0.982998 -0.154409
v 3.3198 -1.6227 -1.0167
vn 0.0414722 0.981383 0.187531
v 3.2971 -1.6194 -0.99397
vn -0.0486308 0.981402 -0.185701
v 3.3198 -1.6186 -0.99397
vn -0.0346626 0.983527 -0.177405
v 3.2744 -1.6146 -0.97126
vn -0.0800201 0.956054 -0.282061
v 3.1491 -1.6102 -0.35822
vn 0.343639 0.925208 0.160944
v 3.1836 -1.6224 -0.35822
vn 0.338469 0.93698 0.0866425
v 3.0473 -1.5913 -0.35822
vn 0.135206 0.99004 -0.039254
v 3.0473 -1.5904 -0.33552
vn 0.135206 0.99004 -0.039254
v 3.07 -1.5935 -0.33552
vn 0.186063 0.98225 -0.0238029
v 3.1268 -1.60505 -0.35822
vn 0.194165 0.952343 0.235251
v 3.0019 -1.6025 -0.65339
vn -0.244698 0.954116 -0.172583
v 3.0246 -1.5992 -0.65339
vn -0.19976 0.975174 -0.0955624
v 3.0473 -1.5932 -0.65339
vn -0.220303 0.974219 -0.0486247
v 3.0473 -1.5927 -0.63068
vn -0.148091 0.988734 -0.0217672
v 3.0246 -1.5961 -0.63068
vn -0.20214 0.976295 -0.0773815
v 3.10405 -2.05405 -0.2447
vn 0.201313 0.77259 0.602144
v 3.0927 -2.0416 -0.25416
vn 0.181005 0.614513 0.767861
v 3.0927 -2.0555 -0.22199
vn 0.169745 0.96332 0.207849
v 3.1154 -2.087 -0.13611
vn 0.150896 0.647455 0.747016
v 3.3198 -2.12235 -0.270665
vn -0.510605 0.261905 0.818956
v 3.2971 -2.1097 -0.2825
vn -0.290336 0.269208 0.918277
v 3.2517 -2.1398 -0.2674
vn 0.274374 0.473471 0.836985
v 3.2744 -2.1324 -0.27789
vn 0.227787 0.45323 0.861798
v 3.1951 -2.087 -0.2447
vn 0.49168 0.869903 0.038984
v 3.2971 -2.1551 -0.27087
vn -0.346288 0.431797 0.832848
v 3.2971 -2.1778 -0.25837
vn -0.388677 0.484654 0.783608
v 3.3198 -2.1551 -0.2602
vn -0.613458 0.41348 0.672833
v 3.2357 -2.087 -0.17658
vn 0.464968 0.819806 -0.334248
v 3.2171 -2.087 -0.19929
vn 0.423435 0.856739 -0.29445
v 3.07 -2.04315 -0.246655
vn 0.048002 0.796739 0.602414
v 3.1609 -2.0189 -0.27794
vn 0.271826 0.212554 0.93858
v 3.229 -2.0189 -0.29699
vn 0.247413 -0.0336993 0.968324
v 3.08135 -1.7918 -0.26141
vn 0.172521 0.0759305 0.982075
v 3.11619 -1.80443 -0.267147
vn 0.27705 0.08467 0.957118
v 3.14955 -1.8145 -0.27795
vn 0.310464 0.0375272 0.949844
v 3.14955 -1.7918 -0.27863
vn 0.297379 0.0744971 0.951849
v 3.1878 -1.8145 -0.29011
vn 0.26393 -0.0939992 0.959951
v 3.2063 -1.7918 -0.29455
vn 0.260952 -0.0173096 0.965197
v 3.0246 -1.7464 -0.2544
vn -0.138741 0.0781813 0.987238
v 3.0473 -1.75775 -0.256225
vn 0.156096 0.030927 0.987258
v 3.07 -1.75775 -0.26116
vn 0.205611 0.0503587 0.977337
v 3.0976 -1.7565 -0.2674
vn 0.25862 0.0950699 0.96129
v 3.1154 -1.7464 -0.27546
vn 0.368294 0.195907 0.908834
v 3.2063 -1.8145 -0.29492
vn 0.251602 -0.015773 0.967702
v 3.2901 -1.5875 -0.67609
vn -0.97468 0.0824489 -0.207848
v 3.2971 -1.5648 -0.68904
vn -0.929763 0.0816479 -0.35899
v 3.2931 -1.5193 -0.65339
vn -0.995008 0.0851856 -0.0519886
v 3.2879 -1.5875 -0.65339
vn -0.992895 0.0699851 -0.0962332
v 3.229 -1.6359 -0.33552
vn 0.168248 0.9836 0.064996
v 3.2213 -1.6329 -0.35822
vn 0.179539 0.98161 0.0648645
v 3.2517 -1.6381 -0.35822
vn 0.0998782 0.994211 -0.0396103
v 3.0246 -1.5963 -0.44904
vn 0.11786 0.990871 0.0654477
v 3.0246 -1.5948 -0.47175
vn 0.11786 0.990871 0.0654477
v 3.1609 -1.6174 -0.33552
vn 0.273533 0.908454 0.316056
v 3.12205 -1.6086 -0.33552
vn 0.263886 0.935611 0.234514
v 3.0019 -1.5938 -0.40363
vn 0.113781 0.993419 -0.0131206
v 3.0019 -1.5935 -0.38093
vn 0.113781 0.993419 -0.0131206
v 3.0246 -1.5961 -0.38093
vn 0.113781 0.993419 -0.0131206
v 3.0473 -1.6017 -0.40363
vn -0.0176172 0.999602 -0.0220169
v 3.07 -1.6018 -0.42634
vn -0.0505029 0.998194 -0.0325158
v 3.07 -1.6017 -0.44904
vn 0.0131615 0.999622 0.0241454
v 3.0927 -1.5999 -0.33552
vn 0.294174 0.940534 0.169875
v 3.0612 -1.6102 -0.29011
vn 0.367703 0.739194 0.564258
v 3.10128 -1.6329 -0.288563
vn 0.347967 0.630374 0.693936
v 3.0999 -1.6102 -0.31281
vn 0.267224 0.750089 0.604945
v 3.1716 -1.6329 -0.31281
vn 0.290024 0.562051 0.774587
v 3.1382 -1.6223 -0.31281
vn 0.258828 0.846587 0.46508
v 3.1154 -1.6783 -0.28273
vn 0.432959 0.100626 0.895779
v 3.1263 -1.6556 -0.29011
vn 0.391928 0.0692622 0.917385
v 3.0927 -1.6556 -0.27387
vn 0.446856 0.0998665 0.889014
v 3.0473 -1.5936 -0.31281
vn 0.273817 0.859395 0.431814
v 3.0473 -1.6039 -0.29011
vn 0.140974 0.762278 0.631711
v 3.0473 -1.6102 -0.28201
vn 0.174101 0.777298 0.604563
v 3.2971 -1.6243 -0.44904
vn -0.912674 0.40669 0.0403678
v 3.29585 -1.63145 -0.42634
vn -0.754181 0.651044 0.0857442
v 3.3263 -2.2005 -0.17658
vn -0.82519 0.425323 0.3717
v 3.1836 -1.7823 -0.29011
vn 0.212985 0.235562 0.948234
v 3.0927 -1.6783 -0.27002
vn 0.445728 0.151329 0.882285
v 3.07 -1.6556 -0.263
vn 0.417313 0.245192 0.87506
v 3.2063 -1.8599 -0.29813
vn -0.0246537 0.0558731 0.998133
v 3.2063 -1.7691 -0.29751
vn 0.101618 0.115668 0.988076
v 3.1836 -2.0643 -0.27762
vn 0.503648 0.405877 0.762629
v 3.2971 -2.2034 -0.19929
vn -0.186347 0.945985 0.265304
v 3.2971 -2.2038 -0.22199
vn 0.0902142 0.995508 -0.0287263
v 3.2914 -2.2005 -0.19929
vn 0.381696 0.92349 -0.0384035
v 3.2878 -2.2005 -0.22199
vn 0.333936 0.941107 -0.0529574
v 3.31895 -2.2005 -0.19772
vn -0.552542 0.808769 0.201472
v 3.3141 -2.2005 -0.22199
vn -0.161023 0.986935 0.00548992
v 3.3198 -2.2092 -0.17658
vn -0.419299 0.759831 0.496835
v 3.1609 -2.0709 -0.2447
vn 0.330937 0.933121 0.140593
v 3.1407 -2.0643 -0.2447
vn 0.322375 0.915429 0.240964
v 3.14665 -2.06765 -0.22199
vn 0.239575 0.966166 -0.0955326
v 3.1836 -2.0782 -0.22199
vn 0.378901 0.916148 -0.13079
v 3.1609 -2.0663 -0.19929
vn 0.250092 0.963292 -0.0975836
v 3.2043 -2.087 -0.21847
vn 0.406008 0.889884 -0.208003
v 3.2063 -2.0814 -0.19929
vn 0.374072 0.895104 -0.242609
v 3.2449 -2.087 -0.15387
vn 0.527706 0.784149 0.326554
v 3.2517 -2.1097 -0.13671
vn 0.53604 0.643916 0.545924
v 3.2517 -2.0947 -0.15387
vn 0.554381 0.601159 0.57556
v 3.0473 -1.6 -0.44904
vn 0.0771929 0.991939 0.100489
v 3.0246 -1.6003 -0.42634
vn 0.0830204 0.9919 0.0961317
v 3.0246 -1.6015 -0.40363
vn 0.00879903 0.999719 -0.0220194
v 3.1299 -1.701 -0.29011
vn 0.405335 0.0312612 0.913633
v 3.2744 -1.6453 -0.42634
vn -0.346652 0.931332 0.111598
v 3.2744 -1.6427 -0.44904
vn -0.148769 0.98316 0.106137
v 3.2517 -1.6448 -0.42634
vn 0.0131384 0.994372 0.105128
v 3.2517 -1.6426 -0.44904
vn 0.00438019 0.995327 0.0964586
v 3.2898 -1.6329 -0.44904
vn -0.683119 0.729696 0.0298597
v 3.30485 -1.59885 -0.53986
vn -0.969377 0.243371 0.0328529
v 3.2971 -1.5084 -0.63068
vn -0.971312 0.0670876 0.228148
v 3.30998 -1.5875 -0.477422
vn -0.962298 0.266091 0.0563812
v 3.229 -1.7464 -0.30131
vn -0.0229546 0.0691332 0.997343
v 3.2971 -1.61195 -0.587295
vn -0.959233 0.235904 0.15563
v 3.2873 -1.6329 -0.60798
vn -0.94628 0.282745 0.156873
v 3.2989 -1.6171 -0.56257
vn -0.960759 0.258807 0.0998013
v 3.2936 -1.6329 -0.56257
vn -0.911168 0.411334 0.0240239
v 3.2971 -1.6267 -0.49445
vn -0.92673 0.375643 -0.00797559
v 2.9111 -1.7918 -0.39598
vn -0.242213 -0.0961196 0.96545
v 2.9111 -1.8162 -0.40363
vn -0.167964 -0.656278 0.735586
v 2.9111 -1.7691 -0.39937
vn -0.326901 0.229784 0.916698
v 2.9207 -1.7464 -0.40363
vn -0.439813 0.226687 0.86901
v 2.9668 -1.6102 -0.40363
vn -0.776233 0.30429 0.55215
v 2.9501 -1.6102 -0.42634
vn -0.78699 0.41222 0.459044
v 2.9796 -1.61165 -0.381633
vn -0.783596 0.432318 0.446183
v 3.07 -1.5993 -0.47175
vn 0.0786101 0.991386 0.104761
v 3.1154 -1.5963 -0.47175
vn 0.153933 0.98806 0.00651469
v 3.1154 -1.5982 -0.49445
vn 0.0961365 0.991899 -0.0830257
v 3.0927 -1.596 -0.49445
vn 0.0961365 0.991899 -0.0830257
v 3.1382 -1.6013 -0.44904
vn 0.14747 0.989031 -0.00838891
v 3.1154 -1.5978 -0.42634
vn 0.148499 0.988538 -0.0272121
v 3.0927 -1.5977 -0.40363
vn -0.038903 0.994611 -0.0961044
v 3.0473 -1.5966 -0.38093
vn -0.0184199 0.984295 -0.175569
v 3.0246 -1.5905 -0.35822
vn 0.0606878 0.984109 -0.166871
v 3.0246 -1.5884 -0.33552
vn 0.087394 0.991938 -0.0917648
v 3.1382 -1.5998 -0.40363
vn 0.143018 0.988102 -0.0565666
v 3.1154 -1.5963 -0.40363
vn 0.151409 0.986322 -0.0651472
v 3.2936 -1.6329 -0.49445
vn -0.869575 0.490881 -0.0536181
v 3.3025 -1.6102 -0.47175
vn -0.940567 0.337239 0.0400512
v 3.2517 -1.6433 -0.40363
vn 0.0655719 0.992317 -0.104916
v 3.2063 -1.6296 -0.35822
vn 0.254556 0.963688 0.0806593
v 3.2063 -1.6315 -0.33552
vn 0.276588 0.940614 0.196834
v 3.2116 -1.6329 -0.33552
vn 0.254556 0.963688 0.0806593
v 3.229 -1.701 -0.30367
vn -0.0644067 0.0817126 0.994573
v 3.2289 -1.6556 -0.31281
vn 0.020282 0.49987 0.865863
v 3.21765 -1.6783 -0.30633
vn -0.0080499 0.189363 0.981874
v 3.2517 -1.6517 -0.31281
vn -0.177852 0.570812 0.801588
v 3.1836 -1.6329 -0.31787
vn 0.310777 0.825524 0.471091
v 3.2063 -1.6506 -0.31281
vn 0.108419 0.370787 0.922368
v 3.2517 -2.3367 -0.28275
vn 0.15646 -0.550215 0.820234
v 3.229 -2.3213 -0.2674
vn 0.153291 -0.575061 0.803621
v 2.9042 -1.7237 -0.42634
vn -0.60954 0.362816 0.704859
v 2.9285 -1.6329 -0.44904
vn -0.849099 0.450027 0.276599
v 2.9353 -1.6329 -0.429555
vn -0.797812 0.402515 0.448864
v 2.9417 -1.8372 -0.42634
vn -0.729558 -0.614578 0.300066
v 2.9338 -1.8222 -0.40363
vn -0.609745 -0.694872 0.381266
v 2.9338 -1.8321 -0.42634
vn -0.509288 -0.788894 0.343907
v 2.9729 -1.6329 -0.38093
vn -0.883375 0.216521 0.415653
v 2.9874 -1.6102 -0.35822
vn -0.840477 0.524588 0.135666
v 2.9899 -1.6102 -0.33552
vn -0.869435 0.47804 0.124743
v 3.0019 -1.5926 -0.42634
vn -0.0307792 0.998134 0.0527345
v 2.9792 -1.5945 -0.40363
vn -0.367847 0.882902 0.291843
v 3.0019 -1.5933 -0.35822
vn -0.541603 0.840145 -0.0286738
v 3.0019 -1.5939 -0.33552
vn -0.435468 0.897497 0.0697579
v 2.9944 -1.6102 -0.31281
vn -0.867972 0.398865 0.295858
v 3.0019 -1.5994 -0.31281
vn -0.562195 0.763239 0.318438
v 3.0246 -1.5901 -0.31281
vn -0.211519 0.932242 0.293572
v 3.2884 -1.6102 -0.63068
vn -0.974506 0.119836 0.189676
v 3.2971 -1.4966 -0.66573
vn -0.973911 0.0946752 -0.206237
v 3.2971 -1.579 -0.606672
vn -0.962326 0.114891 0.246432
v 2.9231 -1.6783 -0.42634
vn -0.706035 0.204042 0.678146
v 2.9792 -1.588 -0.42634
vn 0.191222 0.943658 0.270081
v 3.0927 -1.6002 -0.44904
vn -0.0781103 0.99419 0.0740677
v 3.07 -1.5959 -0.49445
vn -0.0306247 0.993038 0.113741
v 3.0593 -1.6329 -0.2674
vn 0.397576 0.491819 0.774627
v 3.1382 -1.6329 -0.30288
vn 0.328645 0.415235 0.848276
v 3.1609 -1.6556 -0.30268
vn 0.296648 0.304623 0.905099
v 2.9642 -1.8599 -0.60798
vn -0.964652 0.24655 -0.0930541
v 2.9606 -1.8599 -0.58527
vn -0.992483 0.0676153 -0.102008
v 2.9593 -1.8599 -0.56257
vn -0.999441 0.00947244 0.0320584
v 2.9644 -1.8599 -0.51716
vn -0.995264 -0.0689598 0.0685203
v 2.9579 -1.8372 -0.51716
vn -0.893032 -0.449184 -0.0269759
v 2.9396 -1.8145 -0.51716
vn -0.740426 -0.660894 -0.122427
v 2.9437 -1.8145 -0.53986
vn -0.824968 -0.563819 -0.039197
v 2.9111 -1.821 -0.44904
vn -0.306911 -0.928889 -0.207296
v 2.9111 -1.8249 -0.42634
vn -0.263387 -0.956649 0.124295
v 2.8884 -1.821 -0.42634
vn -0.0119175 -0.998983 0.0434866
v 2.9419 -1.8372 -0.44904
vn -0.761044 -0.614384 -0.208194
v 2.95665 -1.83695 -0.49445
vn -0.829209 -0.534826 -0.1624
v 2.9635 -1.8599 -0.49445
vn -0.991443 -0.0870616 -0.097273
v 2.9338 -1.8145 -0.49412
vn -0.631379 -0.753413 -0.183656
v 2.9338 -1.8229 -0.47175
vn -0.600326 -0.758921 -0.252287
v 2.9338 -1.8303 -0.44904
vn -0.418755 -0.891428 -0.173209
v 2.8884 -1.8181 -0.40363
vn 0.162516 -0.952326 0.258193
v 2.8884 -1.8145 -0.39992
vn 0.209098 -0.405913 0.88967
v 2.8884 -1.7918 -0.39448
vn 0.314415 -0.12633 0.940842
v 2.8884 -1.7691 -0.39856
vn 0.050144 0.16215 0.985491
v 2.9111 -1.7464 -0.40889
vn -0.439242 0.405454 0.801669
v 2.9338 -1.6419 -0.42634
vn -0.759462 0.224451 0.610606
v 2.9213 -1.6556 -0.44904
vn -0.902957 0.270229 0.334133
v 2.9435 -1.6102 -0.44904
vn -0.774312 0.591404 0.225127
v 2.9565 -1.6023 -0.42634
vn -0.623622 0.677128 0.390633
v 2.8884 -1.821 -0.47175
vn -0.0439596 -0.998067 0.0439399
v 2.8884 -1.7578 -0.40363
vn -0.0538997 0.487689 0.871352
v 2.8884 -1.7464 -0.41445
vn -0.174916 0.677802 0.714135
v 2.9565 -1.5994 -0.44904
vn -0.536254 0.833077 0.135696
v 2.9792 -1.591 -0.44904
vn -0.447213 0.894425 -0.00197278
v 3.0246 -1.7237 -0.25671
vn -0.186208 0.0576228 0.980819
v 3.0473 -1.7237 -0.25702
vn 0.193869 -0.0178759 0.980864
v 3.0473 -1.701 -0.25608
vn 0.036652 -0.026656 0.998973
v 3.0927 -1.701 -0.2686
vn 0.364355 0.0107825 0.931198
v 3.07 -1.6783 -0.2598
vn 0.283492 0.00469931 0.958963
v 3.1836 -1.7464 -0.29956
vn 0.0826969 0.144287 0.986074
v 3.1836 -1.701 -0.30302
vn 0.0327983 0.0755821 0.9966
v 3.1609 -1.6783 -0.30325
vn 0.194133 0.0440656 0.979985
v 3.1154 -1.7237 -0.2791
vn 0.395706 0.0675747 0.915888
v 3.1382 -1.6783 -0.29488
vn 0.353269 0.00893701 0.935479
v 3.1836 -1.6783 -0.3058
vn 0.0812332 0.0837125 0.993173
v 3.1836 -1.6556 -0.30762
vn 0.146138 0.208759 0.966987
v 3.0927 -1.928 -0.26204
vn 0.207637 -0.176939 0.96207
v 3.1609 -1.9053 -0.29114
vn 0.273967 -0.0309831 0.96124
v 3.1609 -1.9507 -0.29197
vn 0.322682 -0.0166762 0.946361
v 3.1836 -1.9507 -0.29994
vn 0.176294 -0.0403163 0.983512
v 3.1836 -1.9053 -0.29795
vn 0.152966 -0.0463719 0.987143
v 3.1154 -1.9507 -0.27378
vn 0.312642 -0.130449 0.940871
v 3.1078 -1.928 -0.2674
vn 0.319485 -0.163261 0.933421
v 3.2063 -1.93935 -0.300685
vn -0.011521 -0.0815033 0.996606
v 3.2063 -1.9053 -0.29724
vn -0.0621215 -0.0727191 0.995416
v 3.2063 -1.8826 -0.29666
vn -0.0411161 0.0182952 0.998987
v 3.1836 -1.8599 -0.29631
vn 0.246427 -0.0597545 0.967317
v 3.1836 -1.8372 -0.29385
vn 0.275957 -0.154498 0.948672
v 3.1154 -1.8739 -0.2674
vn 0.349246 -0.02804 0.936612
v 3.1195 -1.8372 -0.2674
vn 0.332033 -0.0106828 0.943207
v 3.1609 -1.8372 -0.28509
vn 0.380856 -0.10403 0.918764
v 3.2063 -1.8372 -0.29777
vn 0.0712694 -0.0812554 0.994142
v 3.2063 -1.9962 -0.29901
vn 0.219666 0.294246 0.930143
v 3.1754 -1.9962 -0.290815
vn 0.252926 0.28857 0.923448
v 3.1575 -1.9734 -0.29011
vn 0.309521 0.133941 0.941412
v 3.1836 -1.9734 -0.29909
vn 0.233446 0.108967 0.966245
v 3.3129 -1.6329 -0.29011
vn -0.748051 0.251537 0.614124
v 3.3198 -1.64425 -0.279475
vn -0.820243 0.0867427 0.565399
f 1//1 2//2 3//3
f 2//2 1//1 4//4
f 3//3 5//5 1//1
f 6//6 4//4 1//1
f 7//7 8//8 9//9
f 7//7 10//10 8//8
f 10//10 7//7 11//11
f 12//12 13//13 14//14
f 12//12 15//15 16//16
f 18//18 15//15 12//12
f 18//18 17//17 15//15
f 19//19 20//20 21//21
f 22//22 23//23 24//24
f 25//25 26//26 27//27
f 28//28 27//27 26//26
f 26//26 29//29 28//28
f 30//30 9//9 6//6
f 31//31 27//27 32//32
f 27//27 28//28 32//32
f 33//33 29//29 34//34
f 35//35 33//33 34//34
f 33//33 28//28 29//29
f 36//36 32//32 28//28
f 32//32 36//36 37//37
f 38//38 37//37 36//36
f 36//36 39//39 38//38
f 44//44 45//45 46//46
f 46//46 47//47 44//44
f 45//45 48//48 49//49
f 50//50 45//45 44//44
f 50//50 51//51 45//45
f 45//45 51//51 48//48
f 44//44 47//47 52//52
f 44//44 52//52 50//50
f 2//2 53//53 54//54
f 55//55 56//56 2//2
f 2//2 56//56 53//53
f 4//4 55//55 2//2
f 8//8 57//57 55//55
f 55//55 57//57 56//56
f 58//58 59//59 10//10
f 59//59 58//58 60//60
f 55//55 4//4 8//8
f 11//11 58//58 10//10
f 61//61 62//62 63//63
f 63//63 62//62 64//64
f 20//20 61//61 63//63
f 63//63 21//21 20//20
f 65//65 21//21 23//23
f 66//66 19//19 65//65
f 65//65 19//19 21//21
f 67//67 66//66 65//65
f 70//70 66//66 71//71
f 72//72 67//67 73//73
f 73//73 67//67 69//69
f 69//69 67//67 68//68
f 71//71 66//66 67//67
f 71//71 67//67 72//72
f 74//74 75//75 76//76
f 77//77 78//78 74//74
f 76//76 75//75 79//79
f 82//82 7//7 9//9
f 9//9 83//83 82//82
f 7//7 82//82 84//84
f 7//7 84//84 85//85
f 86//86 87//87 85//85
f 88//88 84//84 89//89
f 32//32 88//88 89//89
f 90//90 85//85 84//84
f 84//84 88//88 90//90
f 43//43 86//86 90//90
f 90//90 86//86 85//85
f 91//91 90//90 88//88
f 91//91 43//43 90//90
f 37//37 88//88 32//32
f 37//37 91//91 88//88
f 92//92 43//43 91//91
f 93//93 91//91 37//37
f 94//94 92//92 93//93
f 93//93 92//92 91//91
f 95//95 94//94 96//96
f 96//96 94//94 93//93
f 97//97 95//95 96//96
f 41//41 12//12 87//87
f 40//40 41//41 86//86
f 86//86 41//41 87//87
f 42//42 40//40 86//86
f 86//86 43//43 42//42
f 40//40 42//42 98//98
f 98//98 99//99 40//40
f 100//100 101//101 94//94
f 94//94 95//95 100//100
f 95//95 97//97 100//100
f 102//102 100//100 97//97
f 104//104 105//105 106//106
f 106//106 105//105 107//107
f 107//107 105//105 108//108
f 109//109 110//110 111//111
f 104//104 106//106 112//112
f 112//112 106//106 110//110
f 110//110 106//106 111//111
f 111//111 106//106 107//107
f 113//113 109//109 114//114
f 119//119 117//117 118//118
f 54//54 121//121 122//122
f 123//123 124//124 121//121
f 121//121 124//124 125//125
f 54//54 123//123 121//121
f 126//126 127//127 128//128
f 128//128 127//127 129//129
f 130//130 126//126 128//128
f 131//131 26//26 132//132
f 133//133 134//134 135//135
f 135//135 134//134 136//136
f 136//136 134//134 137//137
f 138//138 133//133 135//135
f 139//139 135//135 136//136
f 136//136 140//140 139//139
f 143//143 141//141 142//142
f 142//142 144//144 143//143
f 144//144 145//145 143//143
f 146//146 143//143 145//145
f 10//10 147//147 57//57
f 10//10 59//59 147//147
f 17//17 148//148 149//149
f 17//17 150//150 148//148
f 24//24 150//150 17//17
f 68//68 24//24 151//151
f 68//68 22//22 24//24
f 152//152 153//153 18//18
f 99//99 18//18 41//41
f 41//41 40//40 99//99
f 154//154 98//98 42//42
f 49//49 99//99 98//98
f 47//47 46//46 154//154
f 154//154 46//46 98//98
f 98//98 46//46 49//49
f 49//49 46//46 45//45
f 92//92 42//42 43//43
f 155//155 154//154 42//42
f 42//42 92//92 155//155
f 94//94 101//101 92//92
f 101//101 155//155 92//92
f 156//156 47//47 155//155
f 155//155 47//47 154//154
f 158//158 151//151 153//153
f 153//153 151//151 157//157
f 158//158 69//69 68//68
f 158//158 68//68 151//151
f 159//159 160//160 161//161
f 161//161 160//160 162//162
f 163//163 162//162 160//160
f 160//160 164//164 163//163
f 159//159 165//165 160//160
f 165//165 166//166 160//160
f 164//164 160//160 167//167
f 167//167 160//160 166//166
f 170//170 168//168 169//169
f 171//171 172//172 173//173
f 174//174 171//171 173//173
f 173//173 175//175 174//174
f 176//176 174//174 175//175
f 177//177 174//174 176//176
f 176//176 178//178 177//177
f 179//179 180//180 181//181
f 186//186 185//185 187//187
f 185//185 190//190 187//187
f 185//185 191//191 190//190
f 185//185 188//188 189//189
f 189//189 191//191 185//185
f 189//189 192//192 191//191
f 194//194 193//193 195//195
f 184//184 194//194 196//196
f 196//196 194//194 195//195
f 197//197 198//198 199//199
f 196//196 195//195 199//199
f 199//199 200//200 196//196
f 200//200 199//199 198//198
f 198//198 201//201 200//200
f 198//198 202//202 201//201
f 203//203 202//202 204//204
f 205//205 201//201 202//202
f 202//202 203//203 205//205
f 206//206 204//204 207//207
f 208//208 203//203 204//204
f 209//209 205//205 203//203
f 203//203 208//208 209//209
f 210//210 209//209 208//208
f 214//214 208//208 213//213
f 210//210 208//208 214//214
f 215//215 213//213 211//211
f 215//215 214//214 213//213
f 216//216 210//210 217//217
f 217//217 210//210 214//214
f 218//218 184//184 196//196
f 196//196 219//219 218//218
f 219//219 220//220 218//218
f 221//221 218//218 222//222
f 222//222 218//218 220//220
f 221//221 222//222 224//224
f 224//224 223//223 221//221
f 219//219 196//196 200//200
f 200//200 225//225 219//219
f 225//225 200//200 201//201
f 201//201 226//226 225//225
f 220//220 219//219 225//225
f 225//225 227//227 220//220
f 227//227 225//225 226//226
f 226//226 228//228 227//227
f 229//229 226//226 205//205
f 205//205 226//226 201//201
f 230//230 231//231 228//228
f 230//230 228//228 226//226
f 230//230 226//226 229//229
f 222//222 220//220 227//227
f 227//227 232//232 222//222
f 228//228 233//233 227//227
f 227//227 233//233 232//232
f 224//224 222//222 232//232
f 232//232 234//234 224//224
f 235//235 205//205 209//209
f 205//205 235//235 229//229
f 229//229 235//235 230//230
f 236//236 231//231 230//230
f 236//236 230//230 235//235
f 209//209 210//210 235//235
f 238//238 236//236 237//237
f 237//237 236//236 235//235
f 240//240 239//239 223//223
f 223//223 224//224 240//240
f 240//240 224//224 241//241
f 240//240 241//241 239//239
f 239//239 241//241 242//242
f 239//239 242//242 243//243
f 241//241 224//224 234//234
f 234//234 244//244 241//241
f 242//242 241//241 244//244
f 244//244 245//245 242//242
f 243//243 242//242 245//245
f 237//237 235//235 210//210
f 246//246 238//238 237//237
f 216//216 237//237 210//210
f 216//216 246//246 237//237
f 249//249 250//250 248//248
f 248//248 186//186 249//249
f 248//248 185//185 186//186
f 185//185 248//248 251//251
f 185//185 251//251 188//188
f 188//188 251//251 189//189
f 189//189 251//251 252//252
f 253//253 187//187 190//190
f 191//191 254//254 190//190
f 254//254 191//191 192//192
f 243//243 255//255 239//239
f 257//257 258//258 259//259
f 260//260 261//261 262//262
f 263//263 246//246 216//216
f 260//260 263//263 216//216
f 216//216 261//261 260//260
f 263//263 260//260 264//264
f 260//260 265//265 264//264
f 13//13 266//266 60//60
f 13//13 16//16 266//266
f 12//12 16//16 13//13
f 192//192 189//189 267//267
f 192//192 267//267 268//268
f 269//269 192//192 268//268
f 270//270 269//269 268//268
f 267//267 271//271 268//268
f 268//268 272//272 270//270
f 254//254 192//192 273//273
f 273//273 192//192 269//269
f 269//269 274//274 273//273
f 274//274 269//269 275//275
f 275//275 269//269 270//270
f 278//278 277//277 276//276
f 285//285 286//286 287//287
f 288//288 283//283 284//284
f 288//288 284//284 285//285
f 285//285 284//284 286//286
f 284//284 283//283 96//96
f 284//284 96//96 289//289
f 287//287 286//286 289//289
f 289//289 286//286 284//284
f 281//281 288//288 285//285
f 281//281 285//285 282//282
f 291//291 102//102 283//283
f 292//292 291//291 283//283
f 292//292 283//283 288//288
f 293//293 292//292 281//281
f 281//281 292//292 288//288
f 290//290 293//293 281//281
f 186//186 187//187 294//294
f 245//245 256//256 243//243
f 296//296 297//297 298//298
f 298//298 299//299 296//296
f 299//299 298//298 250//250
f 250//250 249//249 299//299
f 247//247 248//248 250//250
f 295//295 296//296 299//299
f 300//300 295//295 301//301
f 301//301 295//295 299//299
f 294//294 301//301 299//299
f 294//294 299//299 249//249
f 294//294 249//249 186//186
f 303//303 294//294 187//187
f 187//187 253//253 303//303
f 280//280 304//304 305//305
f 308//308 309//309 175//175
f 308//308 173//173 307//307
f 175//175 309//309 176//176
f 175//175 173//173 308//308
f 310//310 309//309 311//311
f 311//311 312//312 310//310
f 310//310 176//176 309//309
f 176//176 310//310 178//178
f 177//177 178//178 313//313
f 178//178 310//310 104//104
f 104//104 313//313 178//178
f 315//315 316//316 317//317
f 317//317 316//316 318//318
f 319//319 317//317 318//318
f 321//321 320//320 319//319
f 319//319 322//322 321//321
f 319//319 318//318 323//323
f 322//322 319//319 323//323
f 322//322 323//323 324//324
f 325//325 321//321 322//322
f 327//327 326//326 317//317
f 317//317 319//319 327//327
f 328//328 327//327 320//320
f 320//320 327//327 319//319
f 321//321 328//328 320//320
f 329//329 328//328 321//321
f 330//330 329//329 321//321
f 330//330 321//321 325//325
f 330//330 331//331 332//332
f 331//331 330//330 325//325
f 333//333 300//300 301//301
f 336//336 337//337 338//338
f 339//339 338//338 337//337
f 337//337 340//340 339//339
f 340//340 337//337 341//341
f 341//341 337//337 342//342
f 341//341 343//343 344//344
f 347//347 348//348 345//345
f 349//349 345//345 350//350
f 350//350 345//345 346//346
f 349//349 347//347 345//345
f 351//351 349//349 352//352
f 352//352 349//349 350//350
f 353//353 351//351 352//352
f 354//354 351//351 353//353
f 353//353 355//355 356//356
f 357//357 356//356 355//355
f 355//355 358//358 357//357
f 356//356 354//354 353//353
f 359//359 360//360 361//361
f 347//347 363//363 348//348
f 364//364 365//365 363//363
f 363//363 347//347 364//364
f 366//366 347//347 349//349
f 366//366 364//364 347//347
f 306//306 367//367 365//365
f 365//365 364//364 306//306
f 306//306 368//368 367//367
f 366//366 306//306 364//364
f 370//370 369//369 368//368
f 368//368 306//306 370//370
f 307//307 370//370 306//306
f 351//351 366//366 349//349
f 371//371 366//366 351//351
f 354//354 371//371 351//351
f 372//372 354//354 356//356
f 356//356 357//357 372//372
f 372//372 374//374 354//354
f 374//374 372//372 311//311
f 378//378 377//377 379//379
f 381//381 382//382 383//383
f 381//381 384//384 382//382
f 383//383 385//385 381//381
f 386//386 381//381 385//385
f 387//387 388//388 389//389
f 390//390 387//387 389//389
f 389//389 391//391 390//390
f 391//391 389//389 392//392
f 393//393 390//390 391//391
f 193//193 394//394 395//395
f 396//396 397//397 398//398
f 399//399 385//385 400//400
f 401//401 399//399 400//400
f 400//400 397//397 401//401
f 402//402 401//401 396//396
f 396//396 401//401 397//397
f 405//405 406//406 403//403
f 403//403 406//406 404//404
f 408//408 403//403 407//407
f 408//408 405//405 403//403
f 409//409 402//402 396//396
f 406//406 409//409 396//396
f 410//410 409//409 405//405
f 405//405 409//409 406//406
f 411//411 410//410 405//405
f 405//405 408//408 411//411
f 413//413 386//386 412//412
f 412//412 386//386 385//385
f 385//385 399//399 412//412
f 401//401 412//412 399//399
f 414//414 413//413 412//412
f 412//412 401//401 414//414
f 401//401 402//402 415//415
f 401//401 415//415 414//414
f 409//409 415//415 402//402
f 416//416 414//414 415//415
f 417//417 415//415 409//409
f 417//417 416//416 415//415
f 410//410 417//417 409//409
f 418//418 416//416 417//417
f 419//419 417//417 411//411
f 411//411 417//417 410//410
f 419//419 418//418 417//417
f 421//421 422//422 408//408
f 421//421 408//408 420//420
f 420//420 408//408 407//407
f 423//423 422//422 421//421
f 423//423 424//424 422//422
f 422//422 424//424 408//408
f 408//408 424//424 411//411
f 425//425 424//424 423//423
f 423//423 426//426 425//425
f 425//425 426//426 427//427
f 427//427 426//426 428//428
f 429//429 428//428 430//430
f 429//429 430//430 431//431
f 431//431 432//432 433//433
f 433//433 432//432 434//434
f 435//435 433//433 434//434
f 433//433 435//435 436//436
f 437//437 438//438 439//439
f 439//439 438//438 440//440
f 439//439 440//440 441//441
f 442//442 436//436 435//435
f 439//439 441//441 443//443
f 411//411 424//424 419//419
f 419//419 424//424 444//444
f 445//445 444//444 424//424
f 424//424 425//425 445//445
f 444//444 418//418 419//419
f 446//446 445//445 425//425
f 446//446 425//425 447//447
f 447//447 425//425 427//427
f 447//447 448//448 446//446
f 449//449 450//450 451//451
f 451//451 450//450 452//452
f 436//436 442//442 453//453
f 450//450 449//449 453//453
f 338//338 452//452 336//336
f 336//336 452//452 455//455
f 348//348 456//456 457//457
f 345//345 348//348 457//457
f 458//458 459//459 460//460
f 461//461 362//362 462//462
f 363//363 464//464 348//348
f 376//376 465//465 375//375
f 375//375 465//465 466//466
f 470//470 471//471 472//472
f 306//306 366//366 307//307
f 103//103 477//477 172//172
f 171//171 103//103 172//172
f 308//308 307//307 366//366
f 366//366 371//371 308//308
f 371//371 354//354 374//374
f 374//374 308//308 371//371
f 308//308 374//374 309//309
f 311//311 309//309 374//374
f 478//478 474//474 473//473
f 463//463 478//478 473//473
f 481//481 479//479 478//478
f 478//478 463//463 481//481
f 462//462 362//362 463//463
f 463//463 362//362 482//482
f 481//481 463//463 482//482
f 482//482 483//483 481//481
f 484//484 481//481 483//483
f 485//485 480//480 486//486
f 486//486 480//480 479//479
f 487//487 485//485 486//486
f 488//488 487//487 486//486
f 484//484 486//486 481//481
f 481//481 486//486 479//479
f 489//489 486//486 484//484
f 489//489 488//488 486//486
f 489//489 484//484 483//483
f 483//483 490//490 489//489
f 491//491 492//492 488//488
f 467//467 494//494 495//495
f 500//500 498//498 496//496
f 496//496 498//498 497//497
f 501//501 500//500 502//502
f 502//502 500//500 496//496
f 503//503 500//500 501//501
f 504//504 505//505 498//498
f 498//498 505//505 499//499
f 506//506 504//504 498//498
f 498//498 500//500 506//506
f 500//500 503//503 506//506
f 507//507 506//506 503//503
f 510//510 511//511 508//508
f 508//508 511//511 509//509
f 279//279 280//280 509//509
f 512//512 513//513 514//514
f 515//515 512//512 514//514
f 514//514 516//516 515//515
f 517//517 516//516 514//514
f 305//305 518//518 508//508
f 519//519 520//520 521//521
f 521//521 520//520 522//522
f 523//523 511//511 524//524
f 525//525 524//524 511//511
f 511//511 510//510 525//525
f 524//524 525//525 526//526
f 527//527 472//472 471//471
f 528//528 527//527 471//471
f 527//527 529//529 530//530
f 529//529 527//527 528//528
f 281//281 531//531 290//290
f 532//532 533//533 531//531
f 531//531 533//533 290//290
f 536//536 534//534 535//535
f 465//465 503//503 501//501
f 376//376 503//503 465//465
f 537//537 503//503 376//376
f 375//375 538//538 376//376
f 539//539 537//537 376//376
f 541//541 542//542 540//540
f 543//543 544//544 540//540
f 540//540 544//544 541//541
f 494//494 542//542 545//545
f 546//546 540//540 542//542
f 542//542 494//494 546//546
f 548//548 547//547 544//544
f 544//544 543//543 548//548
f 549//549 538//538 547//547
f 547//547 548//548 549//549
f 550//550 376//376 538//538
f 550//550 539//539 376//376
f 549//549 550//550 538//538
f 551//551 548//548 543//543
f 543//543 540//540 551//551
f 551//551 549//549 548//548
f 552//552 551//551 546//546
f 546//546 551//551 540//540
f 552//552 549//549 551//551
f 492//492 487//487 488//488
f 495//495 494//494 553//553
f 493//493 488//488 489//489
f 467//467 546//546 494//494
f 546//546 467//467 554//554
f 495//495 491//491 555//555
f 495//495 555//555 467//467
f 493//493 489//489 490//490
f 554//554 552//552 546//546
f 537//537 507//507 503//503
f 141//141 507//507 537//537
f 537//537 539//539 141//141
f 556//556 557//557 558//558
f 559//559 556//556 558//558
f 558//558 560//560 559//559
f 561//561 559//559 562//562
f 562//562 559//559 560//560
f 563//563 564//564 565//565
f 561//561 564//564 566//566
f 567//567 566//566 564//564
f 567//567 564//564 563//563
f 568//568 563//563 565//565
f 568//568 565//565 569//569
f 570//570 569//569 571//571
f 572//572 568//568 570//570
f 570//570 568//568 569//569
f 573//573 567//567 568//568
f 568//568 567//567 563//563
f 574//574 573//573 572//572
f 572//572 573//573 568//568
f 571//571 317//317 570//570
f 575//575 572//572 570//570
f 326//326 570//570 317//317
f 570//570 326//326 575//575
f 317//317 571//571 315//315
f 572//572 575//575 574//574
f 576//576 574//574 575//575
f 576//576 577//577 574//574
f 578//578 579//579 580//580
f 581//581 582//582 579//579
f 581//581 583//583 582//582
f 584//584 581//581 579//579
f 579//579 578//578 584//584
f 585//585 583//583 581//581
f 581//581 584//584 585//585
f 586//586 584//584 578//578
f 578//578 587//587 586//586
f 588//588 585//585 584//584
f 584//584 586//586 588//588
f 589//589 586//586 587//587
f 587//587 590//590 589//589
f 591//591 588//588 586//586
f 586//586 589//589 591//591
f 592//592 588//588 591//591
f 594//594 591//591 593//593
f 593//593 591//591 589//589
f 595//595 592//592 591//591
f 591//591 594//594 595//595
f 596//596 595//595 594//594
f 597//597 594//594 593//593
f 593//593 598//598 597//597
f 598//598 599//599 597//597
f 600//600 596//596 597//597
f 597//597 596//596 594//594
f 601//601 600//600 597//597
f 602//602 575//575 326//326
f 327//327 602//602 326//326
f 575//575 602//602 576//576
f 328//328 603//603 327//327
f 604//604 603//603 328//328
f 605//605 604//604 329//329
f 329//329 604//604 328//328
f 332//332 329//329 330//330
f 606//606 605//605 329//329
f 329//329 332//332 606//606
f 606//606 332//332 607//607
f 332//332 608//608 607//607
f 609//609 607//607 608//608
f 608//608 610//610 609//609
f 611//611 609//609 610//610
f 612//612 611//611 610//610
f 384//384 611//611 612//612
f 612//612 613//613 384//384
f 614//614 597//597 599//599
f 615//615 601//601 597//597
f 597//597 614//614 615//615
f 386//386 413//413 616//616
f 617//617 429//429 618//618
f 338//338 619//619 620//620
f 338//338 620//620 452//452
f 335//335 619//619 339//339
f 339//339 619//619 338//338
f 621//621 456//456 622//622
f 625//625 626//626 627//627
f 628//628 625//625 629//629
f 629//629 625//625 627//627
f 629//629 630//630 628//628
f 628//628 630//630 631//631
f 625//625 632//632 633//633
f 634//634 635//635 636//636
f 637//637 636//636 638//638
f 637//637 639//639 640//640
f 641//641 642//642 460//460
f 643//643 644//644 645//645
f 645//645 646//646 459//459
f 459//459 647//647 645//645
f 461//461 647//647 459//459
f 169//169 645//645 647//647
f 169//169 473//473 170//170
f 474//474 170//170 473//473
f 647//647 462//462 169//169
f 462//462 647//647 461//461
f 473//473 169//169 462//462
f 462//462 463//463 473//473
f 648//648 649//649 650//650
f 651//651 652//652 653//653
f 654//654 653//653 622//622
f 622//622 653//653 652//652
f 464//464 654//654 456//456
f 456//456 654//654 622//622
f 348//348 464//464 456//456
f 363//363 657//657 656//656
f 363//363 656//656 464//464
f 658//658 657//657 367//367
f 368//368 659//659 367//367
f 367//367 659//659 658//658
f 365//365 367//367 657//657
f 368//368 660//660 659//659
f 660//660 368//368 369//369
f 661//661 476//476 662//662
f 662//662 476//476 663//663
f 477//477 663//663 476//476
f 478//478 479//479 664//664
f 480//480 664//664 479//479
f 666//666 569//569 565//565
f 571//571 569//569 665//665
f 669//669 667//667 668//668
f 117//117 670//670 118//118
f 118//118 670//670 671//671
f 119//119 118//118 596//596
f 596//596 118//118 595//595
f 672//672 119//119 596//596
f 673//673 672//672 601//601
f 120//120 119//119 672//672
f 674//674 120//120 672//672
f 672//672 673//673 674//674
f 675//675 295//295 300//300
f 675//675 300//300 676//676
f 677//677 673//673 601//601
f 125//125 674//674 673//673
f 678//678 125//125 673//673
f 121//121 125//125 678//678
f 678//678 122//122 121//121
f 681//681 122//122 679//679
f 679//679 680//680 681//681
f 652//652 682//682 683//683
f 652//652 651//651 682//682
f 622//622 652//652 621//621
f 621//621 652//652 683//683
f 365//365 657//657 363//363
f 103//103 171//171 684//684
f 685//685 684//684 171//171
f 685//685 171//171 174//174
f 686//686 685//685 177//177
f 177//177 685//685 174//174
f 565//565 564//564 688//688
f 689//689 378//378 690//690
f 690//690 378//378 379//379
f 380//380 690//690 379//379
f 691//691 689//689 690//690
f 690//690 692//692 691//691
f 692//692 693//693 691//691
f 693//693 694//694 691//691
f 690//690 380//380 692//692
f 380//380 695//695 696//696
f 579//579 696//696 695//695
f 695//695 580//580 579//579
f 380//380 696//696 582//582
f 579//579 582//582 696//696
f 380//380 582//582 692//692
f 692//692 582//582 583//583
f 692//692 583//583 697//697
f 697//697 693//693 692//692
f 698//698 697//697 583//583
f 693//693 697//697 699//699
f 699//699 694//694 693//693
f 668//668 699//699 697//697
f 697//697 698//698 668//668
f 700//700 698//698 585//585
f 585//585 698//698 583//583
f 700//700 668//668 698//698
f 588//588 700//700 585//585
f 118//118 700//700 588//588
f 592//592 118//118 588//588
f 672//672 596//596 600//600
f 601//601 672//672 600//600
f 603//603 602//602 327//327
f 603//603 576//576 602//602
f 603//603 604//604 701//701
f 604//604 605//605 701//701
f 702//702 605//605 606//606
f 606//606 607//607 702//702
f 703//703 702//702 607//607
f 704//704 703//703 609//609
f 609//609 703//703 607//607
f 609//609 611//611 704//704
f 705//705 611//611 384//384
f 706//706 705//705 384//384
f 381//381 706//706 384//384
f 616//616 706//706 381//381
f 707//707 614//614 599//599
f 601//601 615//615 677//677
f 678//678 677//677 615//615
f 708//708 615//615 614//614
f 614//614 709//709 708//708
f 122//122 678//678 615//615
f 615//615 708//708 122//122
f 679//679 122//122 709//709
f 709//709 122//122 708//708
f 680//680 679//679 710//710
f 710//710 679//679 709//709
f 129//129 680//680 710//710
f 710//710 711//711 129//129
f 128//128 129//129 711//711
f 713//713 712//712 691//691
f 713//713 691//691 694//694
f 115//115 712//712 713//713
f 694//694 714//714 713//713
f 694//694 699//699 667//667
f 694//694 667//667 714//714
f 668//668 667//667 699//699
f 668//668 700//700 669//669
f 671//671 669//669 700//700
f 700//700 118//118 671//671
f 595//595 118//118 592//592
f 715//715 716//716 717//717
f 715//715 717//717 718//718
f 244//244 234//234 719//719
f 719//719 234//234 720//720
f 245//245 244//244 721//721
f 721//721 244//244 719//719
f 719//719 720//720 722//722
f 722//722 720//720 717//717
f 297//297 722//722 717//717
f 721//721 719//719 296//296
f 296//296 719//719 722//722
f 722//722 297//297 296//296
f 296//296 259//259 721//721
f 295//295 259//259 296//296
f 303//303 333//333 294//294
f 294//294 333//333 301//301
f 678//678 673//673 677//677
f 681//681 54//54 122//122
f 127//127 681//681 680//680
f 680//680 129//129 127//127
f 127//127 54//54 681//681
f 724//724 616//616 413//413
f 413//413 414//414 724//724
f 726//726 724//724 414//414
f 724//724 726//726 725//725
f 416//416 726//726 414//414
f 727//727 725//725 726//726
f 728//728 726//726 418//418
f 418//418 726//726 416//416
f 726//726 728//728 727//727
f 729//729 418//418 444//444
f 730//730 729//729 444//444
f 731//731 728//728 729//729
f 729//729 728//728 418//418
f 732//732 731//731 729//729
f 732//732 729//729 730//730
f 733//733 734//734 735//735
f 736//736 732//732 735//735
f 735//735 732//732 730//730
f 737//737 732//732 736//736
f 735//735 734//734 738//738
f 735//735 738//738 736//736
f 738//738 734//734 739//739
f 739//739 620//620 738//738
f 737//737 736//736 738//738
f 737//737 738//738 740//740
f 740//740 738//738 620//620
f 731//731 741//741 728//728
f 732//732 741//741 731//731
f 732//732 737//737 742//742
f 743//743 742//742 737//737
f 737//737 740//740 743//743
f 745//745 746//746 747//747
f 745//745 748//748 749//749
f 748//748 745//745 747//747
f 752//752 749//749 748//748
f 752//752 748//748 750//750
f 750//750 751//751 752//752
f 752//752 751//751 753//753
f 756//756 753//753 751//751
f 751//751 757//757 756//756
f 758//758 759//759 756//756
f 756//756 759//759 753//753
f 757//757 760//760 756//756
f 756//756 760//760 761//761
f 756//756 761//761 758//758
f 761//761 760//760 762//762
f 762//762 763//763 761//761
f 764//764 765//765 766//766
f 766//766 765//765 767//767
f 768//768 764//764 766//766
f 177//177 313//313 769//769
f 769//769 686//686 177//177
f 771//771 772//772 687//687
f 773//773 771//771 687//687
f 774//774 773//773 687//687
f 775//775 776//776 556//556
f 556//556 559//559 775//775
f 564//564 561//561 562//562
f 687//687 777//777 774//774
f 779//779 778//778 780//780
f 781//781 577//577 576//576
f 782//782 783//783 784//784
f 785//785 786//786 787//787
f 788//788 771//771 773//773
f 789//789 788//788 773//773
f 790//790 788//788 789//789
f 791//791 789//789 774//774
f 774//774 789//789 773//773
f 789//789 792//792 790//790
f 377//377 790//790 379//379
f 379//379 790//790 792//792
f 793//793 792//792 789//789
f 789//789 791//791 793//793
f 794//794 379//379 793//793
f 793//793 379//379 792//792
f 379//379 794//794 380//380
f 774//774 777//777 795//795
f 796//796 795//795 777//777
f 777//777 778//778 796//796
f 779//779 796//796 778//778
f 774//774 795//795 791//791
f 791//791 795//795 797//797
f 798//798 797//797 796//796
f 796//796 797//797 795//795
f 799//799 798//798 796//796
f 796//796 779//779 799//799
f 798//798 799//799 800//800
f 779//779 801//801 802//802
f 803//803 802//802 801//801
f 802//802 799//799 779//779
f 804//804 800//800 802//802
f 802//802 800//800 799//799
f 805//805 802//802 803//803
f 806//806 804//804 802//802
f 802//802 805//805 806//806
f 797//797 793//793 791//791
f 793//793 797//797 807//807
f 808//808 807//807 797//797
f 797//797 798//798 808//808
f 809//809 798//798 800//800
f 809//809 808//808 798//798
f 793//793 807//807 794//794
f 794//794 807//807 695//695
f 808//808 695//695 807//807
f 810//810 808//808 809//809
f 804//804 809//809 800//800
f 811//811 809//809 804//804
f 804//804 806//806 812//812
f 812//812 811//811 804//804
f 811//811 810//810 809//809
f 810//810 811//811 813//813
f 814//814 811//811 812//812
f 814//814 815//815 811//811
f 811//811 815//815 813//813
f 816//816 803//803 817//817
f 818//818 816//816 817//817
f 819//819 816//816 818//818
f 820//820 805//805 816//816
f 816//816 805//805 803//803
f 805//805 820//820 806//806
f 819//819 820//820 816//816
f 821//821 806//806 820//820
f 822//822 819//819 818//818
f 818//818 823//823 822//822
f 824//824 822//822 823//823
f 823//823 825//825 824//824
f 822//822 820//820 819//819
f 822//822 821//821 820//820
f 826//826 821//821 822//822
f 822//822 824//824 826//826
f 827//827 812//812 806//806
f 812//812 827//827 828//828
f 806//806 821//821 827//827
f 829//829 814//814 828//828
f 828//828 814//814 812//812
f 814//814 829//829 815//815
f 830//830 815//815 829//829
f 831//831 827//827 821//821
f 831//831 828//828 827//827
f 826//826 831//831 821//821
f 832//832 829//829 828//828
f 828//828 831//831 832//832
f 832//832 830//830 829//829
f 695//695 808//808 833//833
f 834//834 833//833 808//808
f 808//808 810//810 834//834
f 695//695 380//380 794//794
f 580//580 695//695 833//833
f 835//835 580//580 834//834
f 834//834 580//580 833//833
f 580//580 835//835 578//578
f 813//813 834//834 810//810
f 836//836 813//813 815//815
f 587//587 835//835 813//813
f 813//813 835//835 834//834
f 587//587 578//578 835//835
f 836//836 587//587 813//813
f 837//837 836//836 815//815
f 838//838 836//836 837//837
f 830//830 837//837 815//815
f 593//593 589//589 590//590
f 590//590 839//839 593//593
f 590//590 587//587 836//836
f 836//836 838//838 590//590
f 839//839 590//590 838//838
f 840//840 837//837 830//830
f 841//841 838//838 840//840
f 840//840 838//838 837//837
f 842//842 840//840 830//830
f 840//840 842//842 841//841
f 843//843 593//593 839//839
f 844//844 843//843 839//839
f 838//838 841//841 839//839
f 844//844 839//839 841//841
f 593//593 843//843 598//598
f 599//599 598//598 843//843
f 845//845 781//781 576//576
f 576//576 603//603 846//846
f 381//381 386//386 616//616
f 847//847 824//824 825//825
f 824//824 847//847 849//849
f 850//850 826//826 824//824
f 824//824 849//849 850//850
f 851//851 849//849 847//847
f 847//847 848//848 851//851
f 851//851 850//850 849//849
f 852//852 851//851 853//853
f 853//853 851//851 848//848
f 854//854 850//850 852//852
f 852//852 850//850 851//851
f 855//855 831//831 826//826
f 826//826 850//850 855//855
f 831//831 855//855 856//856
f 831//831 856//856 832//832
f 857//857 832//832 856//856
f 857//857 830//830 832//832
f 858//858 830//830 857//857
f 859//859 855//855 850//850
f 860//860 856//856 859//859
f 859//859 856//856 855//855
f 850//850 854//854 859//859
f 860//860 857//857 856//856
f 861//861 857//857 860//860
f 862//862 858//858 857//857
f 857//857 861//861 862//862
f 863//863 854//854 852//852
f 852//852 864//864 863//863
f 864//864 865//865 863//863
f 866//866 859//859 854//854
f 867//867 860//860 859//859
f 859//859 866//866 867//867
f 863//863 866//866 854//854
f 868//868 867//867 866//866
f 860//860 867//867 861//861
f 867//867 862//862 861//861
f 869//869 866//866 863//863
f 869//869 868//868 866//866
f 870//870 862//862 867//867
f 867//867 868//868 870//870
f 871//871 868//868 869//869
f 871//871 870//870 868//868
f 872//872 842//842 830//830
f 858//858 872//872 830//830
f 873//873 842//842 872//872
f 874//874 843//843 844//844
f 841//841 842//842 844//844
f 842//842 873//873 844//844
f 873//873 872//872 858//858
f 875//875 873//873 858//858
f 858//858 862//862 875//875
f 873//873 875//875 876//876
f 878//878 844//844 873//873
f 877//877 874//874 878//878
f 878//878 874//874 844//844
f 876//876 878//878 873//873
f 843//843 874//874 599//599
f 707//707 599//599 874//874
f 879//879 707//707 877//877
f 877//877 707//707 874//874
f 709//709 614//614 879//879
f 879//879 614//614 707//707
f 880//880 876//876 875//875
f 870//870 875//875 862//862
f 870//870 880//880 875//875
f 881//881 877//877 880//880
f 880//880 878//878 876//876
f 880//880 877//877 878//878
f 882//882 880//880 870//870
f 870//870 871//871 883//883
f 883//883 882//882 870//870
f 882//882 881//881 880//880
f 884//884 882//882 883//883
f 885//885 881//881 882//882
f 886//886 709//709 879//879
f 881//881 879//879 877//877
f 709//709 886//886 710//710
f 711//711 710//710 886//886
f 887//887 879//879 881//881
f 888//888 886//886 887//887
f 887//887 886//886 879//879
f 881//881 885//885 887//887
f 886//886 888//888 711//711
f 889//889 711//711 888//888
f 711//711 889//889 128//128
f 865//865 869//869 863//863
f 890//890 869//869 865//865
f 865//865 892//892 891//891
f 891//891 890//890 865//865
f 890//890 871//871 869//869
f 871//871 890//890 893//893
f 894//894 890//890 891//891
f 895//895 893//893 890//890
f 890//890 894//894 895//895
f 896//896 891//891 892//892
f 897//897 891//891 896//896
f 897//897 894//894 891//891
f 898//898 894//894 897//897
f 898//898 895//895 894//894
f 899//899 901//901 900//900
f 902//902 898//898 897//897
f 897//897 899//899 902//902
f 903//903 902//902 900//900
f 900//900 902//902 899//899
f 904//904 902//902 903//903
f 905//905 904//904 903//903
f 900//900 906//906 903//903
f 893//893 883//883 871//871
f 907//907 883//883 893//893
f 883//883 907//907 884//884
f 908//908 885//885 884//884
f 884//884 885//885 882//882
f 909//909 893//893 895//895
f 909//909 907//907 893//893
f 895//895 898//898 909//909
f 910//910 907//907 909//909
f 910//910 884//884 907//907
f 911//911 908//908 884//884
f 912//912 887//887 885//885
f 913//913 888//888 887//887
f 887//887 912//912 913//913
f 885//885 908//908 912//912
f 888//888 913//913 889//889
f 914//914 128//128 889//889
f 915//915 889//889 913//913
f 916//916 914//914 889//889
f 889//889 915//915 916//916
f 917//917 912//912 908//908
f 918//918 913//913 912//912
f 912//912 917//917 918//918
f 911//911 917//917 908//908
f 913//913 918//918 915//915
f 919//919 916//916 918//918
f 918//918 916//916 915//915
f 910//910 909//909 898//898
f 898//898 902//902 910//910
f 904//904 910//910 902//902
f 920//920 884//884 910//910
f 921//921 911//911 920//920
f 920//920 911//911 884//884
f 922//922 904//904 905//905
f 922//922 910//910 904//904
f 923//923 922//922 905//905
f 922//922 920//920 910//910
f 922//922 921//921 920//920
f 924//924 921//921 922//922
f 925//925 911//911 921//921
f 926//926 918//918 917//917
f 917//917 911//911 926//926
f 918//918 926//926 919//919
f 911//911 925//925 926//926
f 926//926 927//927 919//919
f 921//921 924//924 928//928
f 928//928 925//925 921//921
f 929//929 926//926 925//925
f 929//929 927//927 926//926
f 930//930 929//929 928//928
f 928//928 929//929 925//925
f 927//927 929//929 931//931
f 929//929 930//930 931//931
f 932//932 933//933 934//934
f 934//934 387//387 932//932
f 392//392 935//935 936//936
f 57//57 8//8 10//10
f 128//128 914//914 130//130
f 130//130 914//914 937//937
f 25//25 938//938 5//5
f 938//938 25//25 31//31
f 939//939 937//937 914//914
f 914//914 916//916 939//939
f 27//27 31//31 25//25
f 733//733 448//448 451//451
f 451//451 448//448 449//449
f 618//618 941//941 617//617
f 449//449 617//617 941//941
f 436//436 453//453 941//941
f 941//941 453//453 449//449
f 942//942 903//903 906//906
f 942//942 905//905 903//903
f 943//943 942//942 906//906
f 944//944 942//942 945//945
f 945//945 942//942 943//943
f 905//905 942//942 923//923
f 947//947 923//923 942//942
f 948//948 946//946 923//923
f 923//923 947//947 948//948
f 946//946 922//922 923//923
f 949//949 924//924 922//922
f 922//922 946//946 949//949
f 942//942 944//944 947//947
f 950//950 947//947 944//944
f 951//951 948//948 947//947
f 947//947 950//950 951//951
f 951//951 946//946 948//948
f 946//946 951//951 949//949
f 949//949 951//951 952//952
f 924//924 949//949 928//928
f 954//954 928//928 949//949
f 954//954 953//953 928//928
f 682//682 930//930 928//928
f 928//928 953//953 682//682
f 683//683 682//682 953//953
f 682//682 931//931 930//930
f 955//955 954//954 949//949
f 621//621 953//953 954//954
f 954//954 955//955 621//621
f 952//952 955//955 949//949
f 457//457 621//621 955//955
f 955//955 952//952 457//457
f 621//621 683//683 953//953
f 456//456 621//621 457//457
f 956//956 950//950 957//957
f 957//957 950//950 944//944
f 958//958 951//951 956//956
f 956//956 951//951 950//950
f 959//959 952//952 951//951
f 951//951 958//958 959//959
f 960//960 959//959 958//958
f 961//961 958//958 956//956
f 958//958 961//961 960//960
f 959//959 457//457 952//952
f 346//346 457//457 960//960
f 960//960 457//457 959//959
f 345//345 457//457 346//346
f 350//350 346//346 960//960
f 960//960 961//961 350//350
f 963//963 962//962 964//964
f 965//965 961//961 962//962
f 352//352 961//961 965//965
f 966//966 965//965 963//963
f 963//963 965//965 962//962
f 966//966 352//352 965//965
f 964//964 967//967 968//968
f 968//968 963//963 964//964
f 969//969 968//968 970//970
f 970//970 968//968 967//967
f 963//963 968//968 971//971
f 971//971 968//968 972//972
f 972//972 968//968 969//969
f 970//970 973//973 969//969
f 963//963 971//971 966//966
f 966//966 971//971 974//974
f 972//972 974//974 971//971
f 974//974 972//972 975//975
f 976//976 975//975 972//972
f 352//352 350//350 961//961
f 353//353 352//352 966//966
f 966//966 974//974 355//355
f 358//358 355//355 974//974
f 974//974 975//975 358//358
f 355//355 353//353 966//966
f 975//975 976//976 358//358
f 969//969 973//973 977//977
f 977//977 973//973 978//978
f 969//969 977//977 972//972
f 972//972 977//977 979//979
f 979//979 977//977 161//161
f 972//972 979//979 980//980
f 162//162 980//980 979//979
f 162//162 979//979 161//161
f 976//976 972//972 980//980
f 163//163 980//980 162//162
f 980//980 981//981 976//976
f 981//981 980//980 982//982
f 982//982 980//980 163//163
f 981//981 983//983 976//976
f 983//983 981//981 982//982
f 984//984 985//985 513//513
f 512//512 984//984 513//513
f 512//512 515//515 986//986
f 987//987 986//986 515//515
f 987//987 515//515 988//988
f 989//989 988//988 515//515
f 990//990 772//772 770//770
f 687//687 772//772 990//990
f 992//992 994//994 993//993
f 994//994 992//992 933//933
f 770//770 991//991 995//995
f 995//995 991//991 996//996
f 770//770 995//995 997//997
f 770//770 997//997 990//990
f 990//990 997//997 998//998
f 996//996 776//776 995//995
f 776//776 996//996 557//557
f 557//557 556//556 776//776
f 997//997 995//995 776//776
f 776//776 775//775 997//997
f 560//560 558//558 784//784
f 784//784 558//558 999//999
f 998//998 997//997 775//775
f 775//775 1000//1000 998//998
f 1000//1000 775//775 559//559
f 1001//1001 998//998 1000//1000
f 1002//1002 1001//1001 1000//1000
f 561//561 1000//1000 559//559
f 1003//1003 1002//1002 1000//1000
f 1000//1000 561//561 1003//1003
f 1004//1004 1003//1003 566//566
f 566//566 1003//1003 561//561
f 1005//1005 1004//1004 566//566
f 566//566 567//567 1005//1005
f 990//990 998//998 687//687
f 687//687 998//998 1001//1001
f 1001//1001 1002//1002 1006//1006
f 1007//1007 1006//1006 1002//1002
f 1002//1002 1003//1003 1007//1007
f 780//780 1006//1006 1007//1007
f 687//687 1001//1001 777//777
f 778//778 777//777 1001//1001
f 1001//1001 1006//1006 778//778
f 780//780 778//778 1006//1006
f 1004//1004 1007//1007 1003//1003
f 1008//1008 780//780 1004//1004
f 1004//1004 780//780 1007//1007
f 1009//1009 1008//1008 1004//1004
f 1004//1004 1005//1005 1009//1009
f 801//801 779//779 780//780
f 780//780 1008//1008 801//801
f 803//803 801//801 1008//1008
f 1010//1010 1005//1005 567//567
f 567//567 573//573 1010//1010
f 1011//1011 1010//1010 573//573
f 573//573 574//574 1011//1011
f 577//577 1011//1011 574//574
f 1005//1005 1010//1010 1009//1009
f 1012//1012 1009//1009 1011//1011
f 1011//1011 1009//1009 1010//1010
f 817//817 1008//1008 1009//1009
f 817//817 803//803 1008//1008
f 1013//1013 817//817 1009//1009
f 1009//1009 1012//1012 1013//1013
f 818//818 817//817 1013//1013
f 1011//1011 577//577 1012//1012
f 577//577 781//781 1014//1014
f 1014//1014 1012//1012 577//577
f 823//823 818//818 1013//1013
f 1015//1015 1013//1013 1012//1012
f 1012//1012 1014//1014 1015//1015
f 825//825 823//823 1015//1015
f 1015//1015 823//823 1013//1013
f 782//782 999//999 1016//1016
f 782//782 1016//1016 787//787
f 784//784 999//999 782//782
f 787//787 1016//1016 785//785
f 846//846 845//845 576//576
f 1017//1017 846//846 701//701
f 701//701 846//846 603//603
f 1018//1018 1014//1014 781//781
f 781//781 845//845 1018//1018
f 1014//1014 1018//1018 1019//1019
f 1020//1020 1019//1019 1018//1018
f 1018//1018 845//845 1020//1020
f 1021//1021 1015//1015 1014//1014
f 1014//1014 1019//1019 1021//1021
f 1021//1021 825//825 1015//1015
f 1020//1020 1021//1021 1019//1019
f 1021//1021 1020//1020 1022//1022
f 1023//1023 845//845 846//846
f 1024//1024 1020//1020 845//845
f 845//845 1023//1023 1024//1024
f 1017//1017 1023//1023 846//846
f 1025//1025 1024//1024 1023//1023
f 1026//1026 1022//1022 1020//1020
f 1020//1020 1024//1024 1026//1026
f 1027//1027 1026//1026 1025//1025
f 1025//1025 1026//1026 1024//1024
f 702//702 701//701 605//605
f 701//701 702//702 1017//1017
f 1028//1028 1023//1023 1017//1017
f 1029//1029 1025//1025 1023//1023
f 1023//1023 1028//1028 1029//1029
f 1030//1030 1028//1028 1017//1017
f 1031//1031 1029//1029 1030//1030
f 1030//1030 1029//1029 1028//1028
f 1027//1027 1025//1025 1029//1029
f 1032//1032 1027//1027 1031//1031
f 1031//1031 1027//1027 1029//1029
f 1033//1033 1027//1027 1032//1032
f 1032//1032 1031//1031 1034//1034
f 1034//1034 1031//1031 1030//1030
f 1035//1035 1034//1034 1030//1030
f 1036//1036 1032//1032 1034//1034
f 1038//1038 1033//1033 1037//1037
f 1037//1037 1033//1033 1032//1032
f 1039//1039 1037//1037 1036//1036
f 1036//1036 1037//1037 1032//1032
f 1040//1040 1038//1038 1039//1039
f 1039//1039 1038//1038 1037//1037
f 705//705 704//704 611//611
f 1041//1041 1036//1036 1042//1042
f 1042//1042 1036//1036 1034//1034
f 1043//1043 1041//1041 1044//1044
f 1044//1044 1041//1041 1042//1042
f 1043//1043 1039//1039 1036//1036
f 1036//1036 1041//1041 1043//1043
f 1043//1043 1040//1040 1039//1039
f 1043//1043 1045//1045 1046//1046
f 1047//1047 1043//1043 1048//1048
f 1048//1048 1043//1043 1044//1044
f 1047//1047 1045//1045 1043//1043
f 1050//1050 1045//1045 1049//1049
f 1049//1049 1045//1045 1047//1047
f 1051//1051 1046//1046 1045//1045
f 1045//1045 1050//1050 1051//1051
f 705//705 706//706 723//723
f 723//723 706//706 616//616
f 1052//1052 1050//1050 1049//1049
f 1049//1049 1053//1053 1052//1052
f 1052//1052 1051//1051 1050//1050
f 1054//1054 1052//1052 1053//1053
f 1053//1053 1055//1055 1054//1054
f 1056//1056 1052//1052 1054//1054
f 1057//1057 1054//1054 1055//1055
f 1058//1058 1056//1056 1054//1054
f 1054//1054 1057//1057 1058//1058
f 1059//1059 1058//1058 1057//1057
f 847//847 825//825 1021//1021
f 848//848 847//847 1021//1021
f 1021//1021 1022//1022 848//848
f 1060//1060 848//848 1022//1022
f 1022//1022 1026//1026 1060//1060
f 1061//1061 1060//1060 1027//1027
f 1027//1027 1060//1060 1026//1026
f 853//853 848//848 1060//1060
f 1060//1060 1061//1061 853//853
f 1033//1033 1061//1061 1027//1027
f 864//864 853//853 1061//1061
f 1061//1061 1033//1033 864//864
f 864//864 852//852 853//853
f 1062//1062 864//864 1038//1038
f 1038//1038 864//864 1033//1033
f 1038//1038 1040//1040 1062//1062
f 865//865 864//864 1062//1062
f 1040//1040 1043//1043 892//892
f 1040//1040 892//892 1062//1062
f 892//892 865//865 1062//1062
f 1063//1063 892//892 1043//1043
f 1043//1043 1046//1046 1063//1063
f 1046//1046 1051//1051 1064//1064
f 1064//1064 1063//1063 1046//1046
f 892//892 1063//1063 896//896
f 1063//1063 1064//1064 896//896
f 1065//1065 1064//1064 1052//1052
f 1052//1052 1064//1064 1051//1051
f 1056//1056 1065//1065 1052//1052
f 1066//1066 1065//1065 1056//1056
f 1067//1067 896//896 1065//1065
f 1065//1065 896//896 1064//1064
f 896//896 1067//1067 1068//1068
f 1066//1066 1067//1067 1065//1065
f 1069//1069 1066//1066 1058//1058
f 1058//1058 1066//1066 1056//1056
f 1058//1058 1059//1059 1070//1070
f 1058//1058 1070//1070 1069//1069
f 1071//1071 1067//1067 1066//1066
f 1066//1066 1069//1069 1071//1071
f 901//901 1068//1068 1067//1067
f 1067//1067 1071//1071 901//901
f 1072//1072 901//901 1071//1071
f 899//899 897//897 1068//1068
f 1068//1068 897//897 896//896
f 901//901 899//899 1068//1068
f 901//901 1072//1072 1073//1073
f 906//906 900//900 1073//1073
f 1073//1073 900//900 901//901
f 1076//1076 388//388 934//934
f 389//389 388//388 935//935
f 1074//1074 936//936 935//935
f 1077//1077 1078//1078 387//387
f 57//57 1079//1079 56//56
f 34//34 1080//1080 1081//1081
f 1082//1082 34//34 1081//1081
f 1083//1083 1070//1070 1059//1059
f 1072//1072 1071//1071 1069//1069
f 1069//1069 1070//1070 1072//1072
f 1087//1087 1072//1072 1070//1070
f 1070//1070 1083//1083 1087//1087
f 1088//1088 1083//1083 1086//1086
f 1086//1086 1089//1089 1088//1088
f 1090//1090 1088//1088 1089//1089
f 1091//1091 1087//1087 1083//1083
f 1083//1083 1088//1088 1091//1091
f 1087//1087 1091//1091 1092//1092
f 1090//1090 1091//1091 1088//1088
f 1087//1087 1073//1073 1072//1072
f 1092//1092 1073//1073 1087//1087
f 943//943 906//906 1092//1092
f 1092//1092 906//906 1073//1073
f 1092//1092 1091//1091 1093//1093
f 945//945 943//943 1093//1093
f 1093//1093 943//943 1092//1092
f 945//945 1094//1094 944//944
f 1096//1096 1090//1090 1095//1095
f 1095//1095 1097//1097 1096//1096
f 1099//1099 1091//1091 1090//1090
f 1090//1090 1096//1096 1099//1099
f 1091//1091 1099//1099 1098//1098
f 1100//1100 1099//1099 1096//1096
f 1101//1101 1098//1098 1099//1099
f 1102//1102 1099//1099 1100//1100
f 1103//1103 1101//1101 1102//1102
f 1102//1102 1101//1101 1099//1099
f 1104//1104 1093//1093 1091//1091
f 1091//1091 1098//1098 1104//1104
f 1104//1104 945//945 1093//1093
f 945//945 1104//1104 1094//1094
f 957//957 944//944 1094//1094
f 957//957 1094//1094 1104//1104
f 1101//1101 1104//1104 1098//1098
f 1104//1104 1101//1101 1105//1105
f 1106//1106 1101//1101 1103//1103
f 1101//1101 1106//1106 1107//1107
f 1107//1107 1105//1105 1101//1101
f 1105//1105 957//957 1104//1104
f 956//956 957//957 1105//1105
f 961//961 956//956 1105//1105
f 1108//1108 1102//1102 1100//1100
f 1103//1103 1102//1102 1108//1108
f 1109//1109 1103//1103 1108//1108
f 1111//1111 1107//1107 1106//1106
f 1109//1109 1106//1106 1103//1103
f 1112//1112 1111//1111 1106//1106
f 1106//1106 1109//1109 1112//1112
f 1111//1111 1105//1105 1107//1107
f 962//962 1105//1105 1111//1111
f 964//964 1111//1111 1112//1112
f 964//964 962//962 1111//1111
f 1109//1109 1110//1110 1113//1113
f 1109//1109 1113//1113 1114//1114
f 1114//1114 1112//1112 1109//1109
f 1115//1115 1113//1113 1116//1116
f 1116//1116 1113//1113 1110//1110
f 1115//1115 1114//1114 1113//1113
f 1114//1114 964//964 1112//1112
f 964//964 1114//1114 967//967
f 1114//1114 1115//1115 1117//1117
f 1117//1117 967//967 1114//1114
f 967//967 1117//1117 970//970
f 970//970 1117//1117 973//973
f 1118//1118 1115//1115 1119//1119
f 1119//1119 1115//1115 1116//1116
f 1120//1120 1117//1117 1115//1115
f 978//978 973//973 1120//1120
f 1120//1120 973//973 1117//1117
f 1121//1121 1118//1118 1122//1122
f 1123//1123 1120//1120 1118//1118
f 1118//1118 1120//1120 1115//1115
f 1123//1123 978//978 1120//1120
f 978//978 1123//1123 1124//1124
f 1125//1125 1123//1123 1121//1121
f 1121//1121 1123//1123 1118//1118
f 1123//1123 1125//1125 1124//1124
f 1126//1126 1121//1121 1122//1122
f 1122//1122 1127//1127 1126//1126
f 1128//1128 1125//1125 1121//1121
f 1129//1129 1124//1124 1128//1128
f 1128//1128 1124//1124 1125//1125
f 1130//1130 1128//1128 1126//1126
f 1126//1126 1128//1128 1121//1121
f 1131//1131 1128//1128 1130//1130
f 1128//1128 1131//1131 1129//1129
f 962//962 961//961 1105//1105
f 1129//1129 1132//1132 1124//1124
f 1133//1133 1126//1126 1134//1134
f 1134//1134 1126//1126 1127//1127
f 1134//1134 1135//1135 1133//1133
f 1133//1133 1135//1135 986//986
f 986//986 1135//1135 984//984
f 986//986 984//984 512//512
f 1133//1133 1130//1130 1126//1126
f 987//987 1130//1130 1133//1133
f 1130//1130 987//987 1131//1131
f 986//986 987//987 1133//1133
f 988//988 1136//1136 987//987
f 987//987 1136//1136 1137//1137
f 987//987 1137//1137 1131//1131
f 989//989 304//304 1136//1136
f 989//989 1136//1136 988//988
f 1138//1138 650//650 1139//1139
f 1139//1139 650//650 649//649
f 1140//1140 1141//1141 1142//1142
f 1142//1142 1141//1141 1143//1143
f 1142//1142 1144//1144 1140//1140
f 1149//1149 1150//1150 1148//1148
f 1151//1151 1148//1148 1150//1150
f 1150//1150 992//992 1151//1151
f 992//992 1150//1150 1076//1076
f 991//991 1155//1155 1156//1156
f 1156//1156 1155//1155 1153//1153
f 996//996 991//991 1156//1156
f 1152//1152 1157//1157 1153//1153
f 1156//1156 1153//1153 1157//1157
f 1157//1157 1158//1158 1156//1156
f 1152//1152 1159//1159 1157//1157
f 1159//1159 1152//1152 1154//1154
f 1158//1158 1157//1157 1159//1159
f 1159//1159 1160//1160 1158//1158
f 1161//1161 1156//1156 1158//1158
f 1158//1158 1162//1162 1161//1161
f 996//996 1156//1156 1161//1161
f 996//996 1161//1161 557//557
f 557//557 1161//1161 1162//1162
f 1162//1162 1158//1158 1160//1160
f 1160//1160 1163//1163 1162//1162
f 1162//1162 558//558 557//557
f 558//558 1162//1162 1163//1163
f 1163//1163 999//999 558//558
f 1154//1154 1164//1164 1159//1159
f 1164//1164 1154//1154 1145//1145
f 1145//1145 1147//1147 1164//1164
f 1160//1160 1159//1159 1164//1164
f 1164//1164 1165//1165 1160//1160
f 1165//1165 1164//1164 1147//1147
f 1147//1147 314//314 1165//1165
f 1163//1163 1160//1160 1165//1165
f 999//999 1163//1163 1016//1016
f 1016//1016 1163//1163 1165//1165
f 1016//1016 1165//1165 314//314
f 1016//1016 314//314 785//785
f 785//785 314//314 1148//1148
f 1148//1148 1151//1151 785//785
f 993//993 1151//1151 992//992
f 1076//1076 933//933 992//992
f 786//786 785//785 1151//1151
f 1030//1030 1017//1017 702//702
f 1035//1035 1030//1030 703//703
f 703//703 1030//1030 702//702
f 1042//1042 1035//1035 703//703
f 1044//1044 1042//1042 704//704
f 704//704 1042//1042 703//703
f 1042//1042 1034//1034 1035//1035
f 1044//1044 1166//1166 1048//1048
f 1047//1047 1048//1048 1166//1166
f 1167//1167 1047//1047 1166//1166
f 1053//1053 1049//1049 1167//1167
f 1167//1167 1049//1049 1047//1047
f 1168//1168 1167//1167 723//723
f 723//723 1167//1167 1166//1166
f 1055//1055 1053//1053 1168//1168
f 1168//1168 1053//1053 1167//1167
f 1169//1169 1168//1168 723//723
f 1057//1057 1055//1055 1169//1169
f 1169//1169 1055//1055 1168//1168
f 1170//1170 1169//1169 723//723
f 1059//1059 1057//1057 1169//1169
f 1169//1169 1170//1170 1059//1059
f 1076//1076 1171//1171 1074//1074
f 1074//1074 1171//1171 1075//1075
f 1076//1076 934//934 933//933
f 1074//1074 388//388 1076//1076
f 1074//1074 935//935 388//388
f 5//5 1172//1172 25//25
f 132//132 25//25 1172//1172
f 723//723 1173//1173 1170//1170
f 1174//1174 1170//1170 1173//1173
f 1175//1175 1059//1059 1170//1170
f 1170//1170 1174//1174 1175//1175
f 1059//1059 1086//1086 1083//1083
f 1059//1059 1175//1175 1086//1086
f 725//725 1174//1174 1173//1173
f 1176//1176 1175//1175 1174//1174
f 1089//1089 1086//1086 1175//1175
f 1177//1177 1089//1089 1176//1176
f 1176//1176 1089//1089 1175//1175
f 1178//1178 1174//1174 725//725
f 1174//1174 1178//1178 1176//1176
f 727//727 1178//1178 725//725
f 1179//1179 1176//1176 1178//1178
f 1095//1095 1177//1177 1176//1176
f 1176//1176 1179//1179 1095//1095
f 741//741 1178//1178 727//727
f 1178//1178 741//741 1179//1179
f 728//728 741//741 727//727
f 1180//1180 1179//1179 741//741
f 1181//1181 1095//1095 1179//1179
f 1182//1182 1097//1097 1095//1095
f 1095//1095 1181//1181 1182//1182
f 1180//1180 1181//1181 1179//1179
f 1184//1184 1183//1183 1084//1084
f 1084//1084 1185//1185 1184//1184
f 1185//1185 1084//1084 1085//1085
f 1085//1085 1186//1186 1185//1185
f 1187//1187 741//741 732//732
f 741//741 1187//1187 1180//1180
f 1180//1180 1188//1188 1181//1181
f 1189//1189 1182//1182 1188//1188
f 1188//1188 1182//1182 1181//1181
f 1180//1180 1187//1187 1188//1188
f 1190//1190 1188//1188 1187//1187
f 1191//1191 1189//1189 1190//1190
f 1190//1190 1189//1189 1188//1188
f 732//732 742//742 1187//1187
f 1192//1192 1187//1187 742//742
f 1192//1192 742//742 743//743
f 743//743 740//740 744//744
f 1193//1193 1192//1192 940//940
f 940//940 1192//1192 743//743
f 940//940 743//743 744//744
f 1191//1191 1190//1190 1192//1192
f 1192//1192 1190//1190 1187//1187
f 1195//1195 1191//1191 1193//1193
f 1193//1193 1191//1191 1192//1192
f 1195//1195 1194//1194 1191//1191
f 940//940 746//746 1193//1193
f 744//744 746//746 940//940
f 745//745 1195//1195 746//746
f 746//746 1195//1195 1193//1193
f 749//749 1195//1195 745//745
f 1197//1197 1196//1196 752//752
f 752//752 1196//1196 749//749
f 759//759 1197//1197 752//752
f 759//759 752//752 753//753
f 341//341 342//342 1198//1198
f 1089//1089 1177//1177 1090//1090
f 1095//1095 1090//1090 1177//1177
f 1096//1096 1097//1097 1182//1182
f 1199//1199 1096//1096 1182//1182
f 1199//1199 1100//1100 1096//1096
f 1200//1200 1199//1199 1182//1182
f 1182//1182 1189//1189 1200//1200
f 1108//1108 1100//1100 1199//1199
f 1199//1199 1200//1200 1108//1108
f 1200//1200 1189//1189 1201//1201
f 1201//1201 1108//1108 1200//1200
f 1191//1191 1201//1201 1189//1189
f 1109//1109 1108//1108 1201//1201
f 1202//1202 1201//1201 1194//1194
f 1194//1194 1201//1201 1191//1191
f 1202//1202 1194//1194 1110//1110
f 1116//1116 1110//1110 1194//1194
f 1194//1194 1195//1195 1116//1116
f 1110//1110 1109//1109 1202//1202
f 1202//1202 1109//1109 1201//1201
f 1203//1203 1195//1195 749//749
f 1203//1203 1116//1116 1195//1195
f 1196//1196 1203//1203 749//749
f 1119//1119 1116//1116 1203//1203
f 1204//1204 1119//1119 1196//1196
f 1196//1196 1119//1119 1203//1203
f 1205//1205 1197//1197 759//759
f 1197//1197 1204//1204 1196//1196
f 1206//1206 1197//1197 1205//1205
f 1206//1206 1204//1204 1197//1197
f 1122//1122 1118//1118 1119//1119
f 1119//1119 1204//1204 1122//1122
f 1127//1127 1122//1122 1206//1206
f 1206//1206 1122//1122 1204//1204
f 758//758 761//761 765//765
f 765//765 761//761 763//763
f 763//763 767//767 765//765
f 767//767 763//763 1207//1207
f 1208//1208 628//628 1138//1138
f 1209//1209 1205//1205 758//758
f 758//758 1205//1205 759//759
f 758//758 765//765 764//764
f 758//758 764//764 1210//1210
f 1210//1210 1209//1209 758//758
f 1209//1209 1206//1206 1205//1205
f 1209//1209 1211//1211 1206//1206
f 1206//1206 1211//1211 1127//1127
f 1210//1210 764//764 768//768
f 1209//1209 1210//1210 1212//1212
f 1212//1212 1210//1210 768//768
f 1212//1212 768//768 985//985
f 985//985 768//768 468//468
f 1209//1209 1212//1212 1211//1211
f 1211//1211 1212//1212 1213//1213
f 1213//1213 1212//1212 984//984
f 984//984 1212//1212 985//985
f 985//985 468//468 469//469
f 469//469 513//513 985//985
f 1208//1208 1138//1138 1215//1215
f 1208//1208 1215//1215 1214//1214
f 1216//1216 638//638 1214//1214
f 1214//1214 1215//1215 1217//1217
f 1214//1214 1217//1217 1216//1216
f 1134//1134 1127//1127 1211//1211
f 1211//1211 1213//1213 1134//1134
f 1134//1134 1213//1213 1135//1135
f 1135//1135 1213//1213 984//984
f 1219//1219 1138//1138 1139//1139
f 1215//1215 1138//1138 1220//1220
f 1220//1220 1138//1138 1219//1219
f 1220//1220 1219//1219 1221//1221
f 1221//1221 1222//1222 1220//1220
f 1217//1217 1215//1215 1220//1220
f 1216//1216 1217//1217 1223//1223
f 1223//1223 1217//1217 1220//1220
f 1223//1223 1220//1220 1222//1222
f 1222//1222 1143//1143 1223//1223
f 1140//1140 1224//1224 1218//1218
f 1218//1218 1216//1216 1223//1223
f 1218//1218 1223//1223 1141//1141
f 1218//1218 1141//1141 1140//1140
f 1141//1141 1223//1223 1143//1143
f 1145//1145 1146//1146 1147//1147
f 314//314 1147//1147 1148//1148
f 1147//1147 1146//1146 1149//1149
f 1148//1148 1147//1147 1149//1149
f 1149//1149 1146//1146 1225//1225
f 783//783 782//782 787//787
f 1151//1151 1226//1226 786//786
f 1227//1227 783//783 1228//1228
f 1166//1166 1044//1044 704//704
f 704//704 705//705 1166//1166
f 723//723 1166//1166 705//705
f 1149//1149 1225//1225 1230//1230
f 1150//1150 1149//1149 1171//1171
f 1171//1171 1149//1149 1230//1230
f 1230//1230 1225//1225 1229//1229
f 1230//1230 1075//1075 1171//1171
f 1076//1076 1150//1150 1171//1171
f 1229//1229 1231//1231 1230//1230
f 1075//1075 1230//1230 1231//1231
f 1075//1075 1232//1232 936//936
f 1075//1075 936//936 1074//1074
f 1173//1173 723//723 616//616
f 616//616 724//724 1173//1173
f 725//725 1173//1173 724//724
f 632//632 1234//1234 1235//1235
f 635//635 1235//1235 1234//1234
f 1234//1234 1236//1236 635//635
f 1208//1208 1234//1234 632//632
f 1236//1236 1234//1234 1214//1214
f 1214//1214 1234//1234 1208//1208
f 1218//1218 637//637 1216//1216
f 1216//1216 637//637 638//638
f 1224//1224 637//637 1218//1218
f 1219//1219 1139//1139 1221//1221
f 1237//1237 1142//1142 1143//1143
f 1140//1140 1238//1238 1224//1224
f 1224//1224 1238//1238 510//510
f 1144//1144 1239//1239 1238//1238
f 1238//1238 1140//1140 1144//1144
f 525//525 510//510 1238//1238
f 525//525 1238//1238 526//526
f 526//526 1238//1238 1239//1239
f 1242//1242 1184//1184 1185//1185
f 1185//1185 1243//1243 1242//1242
f 1233//1233 1183//1183 1184//1184
f 1186//1186 1243//1243 1185//1185
f 437//437 432//432 1243//1243
f 1243//1243 1186//1186 437//437
f 1208//1208 632//632 628//628
f 628//628 632//632 625//625
f 1244//1244 1245//1245 1246//1246
f 1247//1247 1248//1248 1249//1249
f 1244//1244 1246//1246 1250//1250
f 1250//1250 1246//1246 1249//1249
f 1250//1250 1249//1249 1248//1248
f 1248//1248 1251//1251 1250//1250
f 1252//1252 1253//1253 1254//1254
f 1183//1183 1240//1240 1241//1241
f 420//420 1240//1240 421//421
f 1233//1233 1240//1240 1183//1183
f 1240//1240 1233//1233 421//421
f 1184//1184 1242//1242 1233//1233
f 428//428 1242//1242 1243//1243
f 430//430 1243//1243 431//431
f 618//618 431//431 433//433
f 433//433 436//436 618//618
f 427//427 617//617 447//447
f 617//617 427//427 429//429
f 941//941 618//618 436//436
f 470//470 75//75 1255//1255
f 1255//1255 75//75 1256//1256
f 1255//1255 1256//1256 1257//1257
f 1252//1252 535//535 534//534
f 542//542 541//541 1258//1258
f 1258//1258 1259//1259 542//542
f 1259//1259 545//545 542//542
f 1260//1260 1261//1261 1262//1262
f 1261//1261 1260//1260 1263//1263
f 1261//1261 1263//1263 1264//1264
f 1265//1265 1266//1266 1267//1267
f 1268//1268 1267//1267 1266//1266
f 1268//1268 1266//1266 1269//1269
f 1269//1269 1270//1270 1268//1268
f 1271//1271 1268//1268 633//633
f 469//469 468//468 1272//1272
f 513//513 469//469 1273//1273
f 1274//1274 513//513 1273//1273
f 1235//1235 1271//1271 633//633
f 1274//1274 634//634 517//517
f 517//517 634//634 1275//1275
f 517//517 1275//1275 640//640
f 517//517 640//640 1276//1276
f 517//517 514//514 1274//1274
f 1276//1276 640//640 518//518
f 639//639 508//508 518//518
f 1277//1277 1278//1278 1279//1279
f 1278//1278 1277//1277 1280//1280
f 1281//1281 1282//1282 1283//1283
f 1284//1284 1279//1279 1278//1278
f 1286//1286 1285//1285 522//522
f 1287//1287 1221//1221 1288//1288
f 1289//1289 1143//1143 1222//1222
f 1237//1237 1143//1143 1289//1289
f 439//439 432//432 437//437
f 432//432 439//439 434//434
f 434//434 439//439 1290//1290
f 1290//1290 439//439 443//443
f 435//435 434//434 1291//1291
f 1291//1291 434//434 1290//1290
f 442//442 435//435 1291//1291
f 1291//1291 1292//1292 442//442
f 755//755 1293//1293 334//334
f 453//453 442//442 1294//1294
f 450//450 453//453 1294//1294
f 1294//1294 454//454 450//450
f 336//336 455//455 1295//1295
f 1294//1294 442//442 1292//1292
f 1292//1292 1296//1296 1294//1294
f 1296//1296 1292//1292 1297//1297
f 1297//1297 1292//1292 1298//1298
f 1294//1294 1296//1296 454//454
f 1297//1297 1298//1298 1299//1299
f 1300//1300 1299//1299 1301//1301
f 1299//1299 1302//1302 1297//1297
f 1302//1302 1299//1299 1300//1300
f 1302//1302 1300//1300 1303//1303
f 1296//1296 1297//1297 1302//1302
f 455//455 454//454 1304//1304
f 1304//1304 454//454 1296//1296
f 1295//1295 455//455 1304//1304
f 1295//1295 1304//1304 1262//1262
f 1304//1304 1296//1296 1260//1260
f 1260//1260 1296//1296 1302//1302
f 1303//1303 1263//1263 1260//1260
f 1303//1303 1260//1260 1302//1302
f 1262//1262 1304//1304 1260//1260
f 336//336 342//342 337//337
f 1198//1198 342//342 1295//1295
f 1295//1295 342//342 336//336
f 343//343 1198//1198 1305//1305
f 1307//1307 343//343 1305//1305
f 1307//1307 1305//1305 1308//1308
f 1307//1307 1309//1309 1310//1310
f 1309//1309 1307//1307 1311//1311
f 1311//1311 1307//1307 1308//1308
f 1198//1198 1295//1295 1312//1312
f 1312//1312 1295//1295 1313//1313
f 1313//1313 1295//1295 1262//1262
f 1305//1305 1198//1198 1312//1312
f 1312//1312 1314//1314 1305//1305
f 1308//1308 1314//1314 1315//1315
f 1308//1308 1305//1305 1314//1314
f 1316//1316 1317//1317 1308//1308
f 1316//1316 1308//1308 1315//1315
f 755//755 334//334 339//339
f 339//339 754//754 755//755
f 1318//1318 755//755 754//754
f 1318//1318 754//754 1306//1306
f 1310//1310 1320//1320 1306//1306
f 1309//1309 1321//1321 1310//1310
f 1310//1310 1321//1321 1320//1320
f 1311//1311 1322//1322 1309//1309
f 1309//1309 1322//1322 1321//1321
f 1316//1316 1323//1323 1311//1311
f 1324//1324 1323//1323 1316//1316
f 1322//1322 1311//1311 1323//1323
f 1324//1324 361//361 1323//1323
f 1323//1323 361//361 1325//1325
f 361//361 1324//1324 359//359
f 1326//1326 1327//1327 360//360
f 360//360 359//359 1326//1326
f 1328//1328 1306//1306 1320//1320
f 762//762 1329//1329 1330//1330
f 1331//1331 1320//1320 1321//1321
f 1332//1332 1321//1321 1322//1322
f 1333//1333 1330//1330 1331//1331
f 763//763 762//762 1334//1334
f 1334//1334 762//762 1330//1330
f 1207//1207 763//763 1334//1334
f 1333//1333 1334//1334 1330//1330
f 1335//1335 1207//1207 1334//1334
f 1327//1327 1336//1336 360//360
f 468//468 767//767 1207//1207
f 468//468 1207//1207 1272//1272
f 1272//1272 1207//1207 1335//1335
f 1337//1337 1338//1338 1339//1339
f 1337//1337 1339//1339 1340//1340
f 1343//1343 1341//1341 1339//1339
f 1340//1340 1339//1339 1344//1344
f 1344//1344 1339//1339 1341//1341
f 1342//1342 1345//1345 1341//1341
f 1341//1341 1345//1345 1344//1344
f 1342//1342 1341//1341 1346//1346
f 1342//1342 1346//1346 1347//1347
f 1347//1347 1346//1346 1348//1348
f 1348//1348 1346//1346 1349//1349
f 1347//1347 1345//1345 1342//1342
f 1337//1337 1340//1340 1281//1281
f 1281//1281 1340//1340 1344//1344
f 1344//1344 1351//1351 1281//1281
f 1351//1351 1344//1344 1345//1345
f 1345//1345 1352//1352 1351//1351
f 1350//1350 1281//1281 1351//1351
f 1351//1351 1245//1245 1350//1350
f 1245//1245 1351//1351 1352//1352
f 1352//1352 1246//1246 1245//1245
f 1281//1281 1350//1350 1279//1279
f 1279//1279 1350//1350 1277//1277
f 1277//1277 1350//1350 1245//1245
f 1277//1277 1245//1245 1244//1244
f 1300//1300 1301//1301 1353//1353
f 1353//1353 1301//1301 1337//1337
f 1281//1281 1353//1353 1337//1337
f 1303//1303 1300//1300 1283//1283
f 1283//1283 1300//1300 1353//1353
f 1281//1281 1283//1283 1353//1353
f 1354//1354 1347//1347 1348//1348
f 1348//1348 1247//1247 1354//1354
f 1249//1249 1354//1354 1247//1247
f 1354//1354 1352//1352 1345//1345
f 1345//1345 1347//1347 1354//1354
f 1249//1249 1246//1246 1354//1354
f 1354//1354 1246//1246 1352//1352
f 648//648 1355//1355 1336//1336
f 648//648 650//650 1355//1355
f 1356//1356 649//649 648//648
f 1357//1357 1139//1139 1356//1356
f 1356//1356 1139//1139 649//649
f 1221//1221 1139//1139 1357//1357
f 1289//1289 1222//1222 1287//1287
f 1287//1287 1222//1222 1221//1221
f 1358//1358 316//316 1359//1359
f 784//784 1360//1360 560//560
f 665//665 569//569 666//666
f 665//665 315//315 571//571
f 316//316 315//315 1359//1359
f 1361//1361 993//993 1363//1363
f 1363//1363 993//993 994//994
f 1363//1363 994//994 1078//1078
f 1362//1362 1361//1361 1363//1363
f 318//318 316//316 1358//1358
f 1358//1358 1364//1364 318//318
f 322//322 1365//1365 325//325
f 1365//1365 322//322 1366//1366
f 1366//1366 322//322 324//324
f 1365//1365 1367//1367 325//325
f 1368//1368 325//325 1367//1367
f 1367//1367 1369//1369 1368//1368
f 1368//1368 332//332 331//331
f 1368//1368 331//331 325//325
f 1369//1369 1370//1370 1368//1368
f 1371//1371 1368//1368 1370//1370
f 1371//1371 1370//1370 1372//1372
f 1373//1373 1371//1371 1372//1372
f 613//613 1373//1373 1374//1374
f 1374//1374 1373//1373 1372//1372
f 1376//1376 613//613 1375//1375
f 1375//1375 613//613 1374//1374
f 383//383 1376//1376 1375//1375
f 1377//1377 385//385 383//383
f 1377//1377 383//383 1375//1375
f 1377//1377 1375//1375 400//400
f 608//608 332//332 1368//1368
f 610//610 608//608 1368//1368
f 1368//1368 1371//1371 610//610
f 612//612 610//610 1373//1373
f 1373//1373 610//610 1371//1371
f 613//613 612//612 1373//1373
f 382//382 613//613 1376//1376
f 383//383 382//382 1376//1376
f 387//387 934//934 388//388
f 385//385 1377//1377 400//400
f 451//451 739//739 734//734
f 734//734 733//733 451//451
f 620//620 619//619 740//740
f 744//744 740//740 619//619
f 335//335 744//744 619//619
f 747//747 746//746 335//335
f 335//335 746//746 744//744
f 451//451 452//452 739//739
f 620//620 739//739 452//452
f 450//450 455//455 452//452
f 455//455 450//450 454//454
f 1329//1329 762//762 760//760
f 1336//1336 1355//1355 630//630
f 631//631 630//630 1355//1355
f 1355//1355 650//650 631//631
f 628//628 631//631 1138//1138
f 1138//1138 631//631 650//650
f 768//768 766//766 468//468
f 461//461 459//459 458//458
f 104//104 769//769 313//313
f 213//213 204//204 206//206
f 718//718 717//717 1378//1378
f 1379//1379 718//718 236//236
f 236//236 718//718 231//231
f 297//297 717//717 716//716
f 258//258 721//721 259//259
f 675//675 259//259 295//295
f 1380//1380 298//298 297//297
f 766//766 767//767 468//468
f 234//234 232//232 720//720
f 720//720 232//232 233//233
f 228//228 1378//1378 233//233
f 720//720 233//233 1378//1378
f 1378//1378 717//717 720//720
f 1381//1381 716//716 715//715
f 1381//1381 1380//1380 716//716
f 716//716 1380//1380 297//297
f 564//564 562//562 688//688
f 565//565 688//688 666//666
f 265//265 266//266 16//16
f 16//16 149//149 265//265
f 1360//1360 784//784 783//783
f 1227//1227 1360//1360 783//783
f 344//344 340//340 341//341
f 1382//1382 787//787 1383//1383
f 1383//1383 787//787 786//786
f 1226//1226 1151//1151 993//993
f 1383//1383 786//786 1384//1384
f 1385//1385 1383//1383 1384//1384
f 394//394 1386//1386 395//395
f 395//395 1387//1387 1388//1388
f 395//395 195//195 193//193
f 15//15 149//149 16//16
f 17//17 149//149 15//15
f 267//267 252//252 271//271
f 228//228 231//231 1378//1378
f 718//718 1378//1378 231//231
f 1379//1379 715//715 718//718
f 1392//1392 1379//1379 236//236
f 236//236 238//238 1392//1392
f 1393//1393 1379//1379 1392//1392
f 1394//1394 1392//1392 238//238
f 1395//1395 1393//1393 1392//1392
f 1392//1392 1394//1394 1395//1395
f 238//238 246//246 1394//1394
f 1396//1396 1395//1395 1394//1394
f 1397//1397 1394//1394 246//246
f 1398//1398 1396//1396 1397//1397
f 1397//1397 1396//1396 1394//1394
f 1399//1399 1381//1381 715//715
f 715//715 1379//1379 1399//1399
f 1400//1400 1399//1399 1379//1379
f 1379//1379 1393//1393 1400//1400
f 247//247 250//250 298//298
f 298//298 1380//1380 247//247
f 1401//1401 247//247 1381//1381
f 1381//1381 247//247 1380//1380
f 1403//1403 1401//1401 1399//1399
f 1399//1399 1401//1401 1381//1381
f 1399//1399 1400//1400 1404//1404
f 1404//1404 1403//1403 1399//1399
f 1395//1395 1400//1400 1393//1393
f 1405//1405 1404//1404 1400//1400
f 1406//1406 1403//1403 1405//1405
f 1405//1405 1403//1403 1404//1404
f 1395//1395 1405//1405 1400//1400
f 1407//1407 1408//1408 1405//1405
f 1405//1405 1408//1408 1406//1406
f 1396//1396 1405//1405 1395//1395
f 1409//1409 1407//1407 1405//1405
f 1410//1410 1408//1408 1407//1407
f 1407//1407 1409//1409 1410//1410
f 1409//1409 1405//1405 1398//1398
f 1398//1398 1405//1405 1396//1396
f 1411//1411 1412//1412 1413//1413
f 147//147 1411//1411 1079//1079
f 262//262 261//261 1412//1412
f 1412//1412 1411//1411 262//262
f 147//147 262//262 1411//1411
f 262//262 147//147 59//59
f 59//59 260//260 262//262
f 57//57 147//147 1079//1079
f 9//9 8//8 4//4
f 4//4 6//6 9//9
f 1414//1414 1397//1397 263//263
f 263//263 1397//1397 246//246
f 1414//1414 1398//1398 1397//1397
f 263//263 264//264 1414//1414
f 1415//1415 1398//1398 1414//1414
f 260//260 59//59 265//265
f 1416//1416 1414//1414 264//264
f 1417//1417 1415//1415 1416//1416
f 1416//1416 1415//1415 1414//1414
f 149//149 1416//1416 265//265
f 265//265 1416//1416 264//264
f 148//148 1417//1417 149//149
f 149//149 1417//1417 1416//1416
f 266//266 265//265 59//59
f 59//59 60//60 266//266
f 1419//1419 1410//1410 1409//1409
f 1419//1419 1409//1409 1418//1418
f 1418//1418 1409//1409 1398//1398
f 1398//1398 1415//1415 1418//1418
f 1420//1420 1418//1418 1415//1415
f 1420//1420 1415//1415 1417//1417
f 1421//1421 1419//1419 1420//1420
f 1420//1420 1419//1419 1418//1418
f 150//150 1420//1420 148//148
f 148//148 1420//1420 1417//1417
f 1420//1420 150//150 1421//1421
f 358//358 976//976 357//357
f 357//357 976//976 1422//1422
f 1423//1423 1424//1424 977//977
f 1423//1423 977//977 978//978
f 161//161 977//977 1424//1424
f 161//161 1424//1424 159//159
f 983//983 982//982 1425//1425
f 1422//1422 976//976 983//983
f 983//983 133//133 1422//1422
f 133//133 983//983 134//134
f 134//134 983//983 1425//1425
f 1124//1124 1423//1423 978//978
f 357//357 1422//1422 372//372
f 372//372 1422//1422 373//373
f 372//372 373//373 312//312
f 372//372 312//312 311//311
f 373//373 1422//1422 133//133
f 133//133 138//138 373//373
f 1426//1426 138//138 135//135
f 135//135 139//139 1426//1426
f 312//312 373//373 138//138
f 138//138 1427//1427 312//312
f 1427//1427 138//138 1426//1426
f 1411//1411 1413//1413 1428//1428
f 63//63 64//64 1421//1421
f 23//23 63//63 1421//1421
f 258//258 257//257 256//256
f 56//56 1428//1428 123//123
f 53//53 56//56 123//123
f 1079//1079 1411//1411 56//56
f 56//56 1411//1411 1428//1428
f 123//123 1428//1428 124//124
f 268//268 1430//1430 272//272
f 1293//1293 335//335 334//334
f 760//760 1319//1319 1329//1329
f 256//256 245//245 258//258
f 258//258 245//245 721//721
f 1431//1431 1429//1429 1402//1402
f 1432//1432 1433//1433 302//302
f 1434//1434 1432//1432 1435//1435
f 1436//1436 247//247 1401//1401
f 247//247 1402//1402 1429//1429
f 251//251 302//302 1433//1433
f 1433//1433 252//252 251//251
f 1437//1437 1433//1433 1432//1432
f 1434//1434 1437//1437 1432//1432
f 1437//1437 1434//1434 1438//1438
f 1439//1439 1437//1437 1438//1438
f 1441//1441 1443//1443 1442//1442
f 252//252 267//267 189//189
f 268//268 271//271 1430//1430
f 1430//1430 1442//1442 1443//1443
f 427//427 428//428 429//429
f 730//730 444//444 445//445
f 730//730 445//445 446//446
f 730//730 446//446 735//735
f 735//735 446//446 733//733
f 748//748 747//747 1293//1293
f 1293//1293 747//747 335//335
f 1444//1444 1293//1293 755//755
f 750//750 748//748 1444//1444
f 1444//1444 748//748 1293//1293
f 1445//1445 1444//1444 755//755
f 755//755 1318//1318 1445//1445
f 1445//1445 751//751 750//750
f 1445//1445 750//750 1444//1444
f 1319//1319 1445//1445 1318//1318
f 757//757 751//751 1445//1445
f 1445//1445 1319//1319 757//757
f 760//760 757//757 1319//1319
f 1402//1402 1447//1447 1431//1431
f 1448//1448 1431//1431 1447//1447
f 1432//1432 302//302 1429//1429
f 1449//1449 1429//1429 1431//1431
f 1449//1449 1432//1432 1429//1429
f 1435//1435 1432//1432 1449//1449
f 1450//1450 1434//1434 1435//1435
f 1429//1429 248//248 247//247
f 1436//1436 1402//1402 247//247
f 1429//1429 251//251 248//248
f 251//251 1429//1429 302//302
f 1452//1452 1453//1453 1454//1454
f 1421//1421 64//64 1419//1419
f 1433//1433 1437//1437 1442//1442
f 1439//1439 1442//1442 1437//1437
f 1455//1455 1434//1434 1450//1450
f 1451//1451 1455//1455 1450//1450
f 1440//1440 1439//1439 1455//1455
f 271//271 1433//1433 1430//1430
f 1430//1430 1433//1433 1442//1442
f 1456//1456 1451//1451 1453//1453
f 1457//1457 1456//1456 1452//1452
f 1452//1452 1456//1456 1453//1453
f 1458//1458 1459//1459 1456//1456
f 1456//1456 1457//1457 1458//1458
f 1460//1460 1461//1461 1459//1459
f 1459//1459 1461//1461 1456//1456
f 115//115 713//713 1386//1386
f 1386//1386 713//713 714//714
f 714//714 1387//1387 1386//1386
f 395//395 1386//1386 1387//1387
f 116//116 714//714 1446//1446
f 1446//1446 714//714 667//667
f 1462//1462 116//116 1446//1446
f 1462//1462 1446//1446 669//669
f 669//669 1446//1446 667//667
f 116//116 1463//1463 714//714
f 714//714 1463//1463 1387//1387
f 1388//1388 1387//1387 1463//1463
f 1464//1464 1388//1388 1463//1463
f 1462//1462 1390//1390 1463//1463
f 1462//1462 1463//1463 116//116
f 1463//1463 1390//1390 1464//1464
f 1465//1465 1464//1464 1390//1390
f 670//670 1462//1462 671//671
f 671//671 1462//1462 669//669
f 670//670 1390//1390 1462//1462
f 1390//1390 670//670 1389//1389
f 1389//1389 1465//1465 1390//1390
f 1466//1466 1389//1389 670//670
f 1467//1467 395//395 1388//1388
f 1464//1464 197//197 1467//1467
f 1464//1464 1467//1467 1388//1388
f 195//195 395//395 1468//1468
f 1468//1468 395//395 1467//1467
f 1468//1468 1467//1467 197//197
f 1469//1469 197//197 1464//1464
f 207//207 1464//1464 1465//1465
f 204//204 1469//1469 207//207
f 207//207 1469//1469 1464//1464
f 1468//1468 199//199 195//195
f 199//199 1468//1468 197//197
f 202//202 198//198 1469//1469
f 1469//1469 198//198 197//197
f 204//204 202//202 1469//1469
f 206//206 207//207 1465//1465
f 1465//1465 1389//1389 206//206
f 1466//1466 206//206 1389//1389
f 213//213 208//208 204//204
f 120//120 1466//1466 119//119
f 119//119 1466//1466 117//117
f 120//120 212//212 1466//1466
f 1391//1391 212//212 1470//1470
f 1470//1470 212//212 120//120
f 120//120 674//674 1470//1470
f 211//211 206//206 212//212
f 212//212 206//206 1466//1466
f 211//211 213//213 206//206
f 212//212 1391//1391 211//211
f 1413//1413 211//211 1391//1391
f 211//211 1413//1413 215//215
f 217//217 214//214 215//215
f 1471//1471 1472//1472 1454//1454
f 1454//1454 1472//1472 1452//1452
f 124//124 1470//1470 674//674
f 674//674 125//125 124//124
f 124//124 1391//1391 1470//1470
f 261//261 217//217 215//215
f 217//217 261//261 216//216
f 1412//1412 261//261 215//215
f 1455//1455 1438//1438 1434//1434
f 1456//1456 1455//1455 1451//1451
f 1455//1455 1439//1439 1438//1438
f 1473//1473 1474//1474 1475//1475
f 1476//1476 1477//1477 1478//1478
f 1478//1478 1479//1479 1476//1476
f 1473//1473 1482//1482 1474//1474
f 1481//1481 1482//1482 1473//1473
f 670//670 117//117 1466//1466
f 1483//1483 1484//1484 1485//1485
f 1485//1485 1486//1486 1483//1483
f 1450//1450 1435//1435 1484//1484
f 1487//1487 1450//1450 1484//1484
f 1484//1484 1483//1483 1487//1487
f 1450//1450 1487//1487 1451//1451
f 1488//1488 1483//1483 1486//1486
f 1488//1488 1487//1487 1483//1483
f 1453//1453 1451//1451 1487//1487
f 1487//1487 1488//1488 1453//1453
f 1428//1428 1391//1391 124//124
f 1391//1391 1428//1428 1413//1413
f 1412//1412 215//215 1413//1413
f 1461//1461 1440//1440 1456//1456
f 1456//1456 1440//1440 1455//1455
f 1442//1442 1439//1439 1441//1441
f 1489//1489 1443//1443 1441//1441
f 1490//1490 1441//1441 1440//1440
f 1440//1440 1441//1441 1439//1439
f 1491//1491 1489//1489 1490//1490
f 1490//1490 1489//1489 1441//1441
f 1492//1492 1490//1490 1440//1440
f 1494//1494 1473//1473 1493//1493
f 1493//1493 1473//1473 1475//1475
f 1495//1495 1496//1496 1497//1497
f 1497//1497 1476//1476 1479//1479
f 1493//1493 1475//1475 1480//1480
f 1480//1480 1498//1498 1493//1493
f 14//14 60//60 58//58
f 87//87 14//14 11//11
f 11//11 14//14 58//58
f 14//14 13//13 60//60
f 14//14 87//87 12//12
f 153//153 17//17 18//18
f 153//153 157//157 17//17
f 21//21 63//63 23//23
f 17//17 157//157 24//24
f 24//24 23//23 150//150
f 151//151 24//24 157//157
f 85//85 11//11 7//7
f 11//11 85//85 87//87
f 41//41 18//18 12//12
f 158//158 153//153 152//152
f 1500//1500 158//158 1499//1499
f 1499//1499 158//158 152//152
f 158//158 1500//1500 1501//1501
f 51//51 1500//1500 1499//1499
f 1502//1502 1501//1501 1503//1503
f 1503//1503 1501//1501 1500//1500
f 1433//1433 271//271 252//252
f 421//421 1233//1233 423//423
f 1506//1506 1504//1504 276//276
f 278//278 276//276 1132//1132
f 1132//1132 1129//1129 278//278
f 1136//1136 278//278 1137//1137
f 1137//1137 278//278 1131//1131
f 1131//1131 278//278 1129//1129
f 304//304 278//278 1136//1136
f 279//279 277//277 278//278
f 304//304 280//280 279//279
f 304//304 279//279 278//278
f 304//304 989//989 1507//1507
f 304//304 1507//1507 518//518
f 518//518 305//305 304//304
f 642//642 1509//1509 1508//1508
f 78//78 1510//1510 1256//1256
f 78//78 1256//1256 74//74
f 74//74 1256//1256 75//75
f 1256//1256 1510//1510 1511//1511
f 1512//1512 80//80 81//81
f 508//508 509//509 280//280
f 508//508 280//280 305//305
f 1424//1424 1423//1423 1518//1518
f 1504//1504 1505//1505 1518//1518
f 159//159 1424//1424 1518//1518
f 159//159 1518//1518 1505//1505
f 159//159 1505//1505 165//165
f 165//165 1505//1505 624//624
f 624//624 623//623 1519//1519
f 624//624 1519//1519 165//165
f 1519//1519 623//623 529//529
f 1132//1132 1423//1423 1124//1124
f 276//276 1518//1518 1423//1423
f 1423//1423 1132//1132 276//276
f 276//276 1504//1504 1518//1518
f 514//514 513//513 1274//1274
f 989//989 515//515 516//516
f 517//517 1276//1276 516//516
f 640//640 1275//1275 637//637
f 1276//1276 1507//1507 989//989
f 1276//1276 518//518 1507//1507
f 989//989 516//516 1276//1276
f 518//518 640//640 639//639
f 471//471 1520//1520 528//528
f 528//528 1519//1519 529//529
f 1144//1144 1142//1142 1237//1237
f 139//139 1521//1521 1426//1426
f 1521//1521 139//139 140//140
f 1522//1522 1523//1523 1524//1524
f 1522//1522 1521//1521 140//140
f 1524//1524 1523//1523 1525//1525
f 1525//1525 1526//1526 1524//1524
f 1527//1527 312//312 1427//1427
f 1527//1527 1427//1427 1426//1426
f 1426//1426 1528//1528 1527//1527
f 1528//1528 1426//1426 1521//1521
f 1521//1521 1529//1529 1528//1528
f 1521//1521 1530//1530 1529//1529
f 1531//1531 1530//1530 1522//1522
f 1531//1531 1522//1522 1524//1524
f 1524//1524 1253//1253 1531//1531
f 1521//1521 1522//1522 1530//1530
f 1525//1525 1532//1532 1526//1526
f 343//343 341//341 1198//1198
f 1533//1533 1536//1536 1535//1535
f 1329//1329 1328//1328 1331//1331
f 1330//1330 1329//1329 1331//1331
f 1537//1537 1539//1539 1538//1538
f 384//384 613//613 382//382
f 1186//1186 1085//1085 437//437
f 437//437 1085//1085 438//438
f 733//733 446//446 448//448
f 1323//1323 1325//1325 1322//1322
f 1319//1319 1318//1318 1328//1328
f 1328//1328 1318//1318 1306//1306
f 1320//1320 1331//1331 1328//1328
f 1328//1328 1329//1329 1319//1319
f 1331//1331 1321//1321 1332//1332
f 1322//1322 1265//1265 1332//1332
f 1331//1331 1332//1332 1333//1333
f 1267//1267 1332//1332 1265//1265
f 1265//1265 1322//1322 1325//1325
f 1325//1325 626//626 1265//1265
f 626//626 1325//1325 627//627
f 627//627 1325//1325 361//361
f 629//629 627//627 361//361
f 629//629 361//361 360//360
f 360//360 630//630 629//629
f 630//630 360//360 1336//1336
f 1542//1542 1493//1493 1498//1498
f 1542//1542 1498//1498 1543//1543
f 1544//1544 1545//1545 1546//1546
f 1547//1547 1548//1548 1549//1549
f 1543//1543 1498//1498 1550//1550
f 1552//1552 1553//1553 1551//1551
f 112//112 769//769 104//104
f 110//110 109//109 112//112
f 112//112 109//109 769//769
f 769//769 109//109 686//686
f 686//686 109//109 113//113
f 1554//1554 1542//1542 1555//1555
f 1556//1556 1557//1557 1558//1558
f 114//114 109//109 1560//1560
f 1560//1560 109//109 1561//1561
f 1560//1560 1561//1561 1551//1551
f 1562//1562 1563//1563 547//547
f 544//544 547//547 1563//1563
f 431//431 618//618 429//429
f 1254//1254 1524//1524 1565//1565
f 1565//1565 1524//1524 1526//1526
f 534//534 1531//1531 1252//1252
f 1558//1558 1567//1567 1566//1566
f 1568//1568 474//474 478//478
f 1526//1526 1532//1532 664//664
f 664//664 1569//1569 1526//1526
f 1569//1569 664//664 480//480
f 1565//1565 1526//1526 1569//1569
f 1570//1570 79//79 472//472
f 1570//1570 472//472 530//530
f 472//472 79//79 470//470
f 1571//1571 1572//1572 1573//1573
f 1573//1573 1572//1572 1574//1574
f 1575//1575 1576//1576 1571//1571
f 1571//1571 1576//1576 1572//1572
f 1577//1577 1575//1575 1571//1571
f 1577//1577 1571//1571 519//519
f 1564//1564 1575//1575 1577//1577
f 1253//1253 1252//1252 1531//1531
f 80//80 1570//1570 623//623
f 1578//1578 623//623 1579//1579
f 81//81 80//80 623//623
f 81//81 623//623 1578//1578
f 1580//1580 1578//1578 1579//1579
f 1581//1581 81//81 1578//1578
f 1578//1578 1580//1580 1581//1581
f 523//523 1581//1581 1580//1580
f 1580//1580 1582//1582 523//523
f 511//511 523//523 1582//1582
f 1582//1582 509//509 511//511
f 1579//1579 623//623 624//624
f 277//277 1506//1506 276//276
f 1580//1580 1504//1504 1506//1506
f 1580//1580 1579//1579 1504//1504
f 277//277 1580//1580 1506//1506
f 1582//1582 1580//1580 277//277
f 509//509 1582//1582 279//279
f 279//279 1582//1582 277//277
f 1513//1513 1514//1514 1515//1515
f 1511//1511 1257//1257 1256//1256
f 79//79 75//75 470//470
f 80//80 79//79 1570//1570
f 1513//1513 1509//1509 1511//1511
f 1508//1508 1509//1509 1513//1513
f 1513//1513 1515//1515 1508//1508
f 1583//1583 1512//1512 1581//1581
f 1581//1581 1512//1512 81//81
f 1584//1584 1583//1583 523//523
f 523//523 1583//1583 1581//1581
f 1517//1517 1583//1583 1584//1584
f 524//524 1584//1584 523//523
f 1516//1516 1517//1517 524//524
f 524//524 1517//1517 1584//1584
f 526//526 1516//1516 524//524
f 1585//1585 1516//1516 526//526
f 1237//1237 1586//1586 1144//1144
f 1144//1144 1586//1586 1587//1587
f 1144//1144 1587//1587 1585//1585
f 1144//1144 1585//1585 1239//1239
f 526//526 1239//1239 1585//1585
f 23//23 1421//1421 150//150
f 633//633 1268//1268 1270//1270
f 1549//1549 1588//1588 1589//1589
f 1541//1541 1588//1588 1549//1549
f 1547//1547 1549//1549 1590//1590
f 1592//1592 1593//1593 1594//1594
f 1594//1594 1593//1593 1595//1595
f 1563//1563 1596//1596 1592//1592
f 1592//1592 1596//1596 1593//1593
f 502//502 496//496 1597//1597
f 1590//1590 1549//1549 1589//1589
f 465//465 501//501 466//466
f 466//466 501//501 502//502
f 553//553 1539//1539 1537//1537
f 487//487 1600//1600 485//485
f 1603//1603 1601//1601 1602//1602
f 1602//1602 1604//1604 1603//1603
f 1605//1605 1603//1603 1604//1604
f 1603//1603 1605//1605 1597//1597
f 496//496 497//497 1603//1603
f 1603//1603 497//497 1601//1601
f 1597//1597 496//496 1603//1603
f 1243//1243 430//430 428//428
f 431//431 1243//1243 432//432
f 1266//1266 1265//1265 626//626
f 626//626 1269//1269 1266//1266
f 1269//1269 626//626 625//625
f 1270//1270 1269//1269 625//625
f 633//633 1270//1270 625//625
f 1235//1235 633//633 632//632
f 638//638 1236//1236 1214//1214
f 471//471 470//470 1255//1255
f 1255//1255 646//646 471//471
f 646//646 1255//1255 1257//1257
f 641//641 459//459 646//646
f 641//641 646//646 1257//1257
f 460//460 459//459 641//641
f 1257//1257 1511//1511 1509//1509
f 1257//1257 1509//1509 641//641
f 641//641 1509//1509 642//642
f 643//643 1520//1520 644//644
f 168//168 643//643 645//645
f 645//645 169//169 168//168
f 1606//1606 1607//1607 658//658
f 658//658 659//659 1606//1606
f 1608//1608 1606//1606 660//660
f 660//660 1606//1606 659//659
f 1609//1609 660//660 532//532
f 660//660 369//369 532//532
f 532//532 369//369 476//476
f 532//532 476//476 533//533
f 1610//1610 1611//1611 663//663
f 1588//1588 1541//1541 1540//1540
f 1549//1549 1613//1613 1541//1541
f 1614//1614 1615//1615 1616//1616
f 1618//1618 1617//1617 1614//1614
f 1619//1619 1548//1548 1547//1547
f 1478//1478 1619//1619 1620//1620
f 1620//1620 1619//1619 1547//1547
f 1477//1477 1619//1619 1478//1478
f 1495//1495 1620//1620 1546//1546
f 1546//1546 1621//1621 1495//1495
f 1621//1621 1622//1622 1496//1496
f 1479//1479 1478//1478 1620//1620
f 1623//1623 1617//1617 1618//1618
f 1618//1618 1624//1624 1623//1623
f 1550//1550 1498//1498 1476//1476
f 1559//1559 1551//1551 1553//1553
f 1604//1604 1625//1625 1605//1605
f 1626//1626 1597//1597 1605//1605
f 1562//1562 1605//1605 1596//1596
f 1596//1596 1605//1605 1625//1625
f 1562//1562 1626//1626 1605//1605
f 1563//1563 1562//1562 1596//1596
f 547//547 1626//1626 1562//1562
f 1599//1599 1597//1597 1626//1626
f 466//466 502//502 1599//1599
f 1599//1599 502//502 1597//1597
f 375//375 466//466 1599//1599
f 538//538 1599//1599 547//547
f 547//547 1599//1599 1626//1626
f 538//538 375//375 1599//1599
f 1627//1627 1539//1539 1259//1259
f 1628//1628 1629//1629 1630//1630
f 545//545 1259//1259 1539//1539
f 494//494 545//545 553//553
f 553//553 545//545 1539//1539
f 664//664 1568//1568 478//478
f 1631//1631 1600//1600 487//487
f 1633//1633 1631//1631 492//492
f 492//492 1631//1631 487//487
f 1632//1632 1633//1633 492//492
f 1632//1632 492//492 1634//1634
f 1635//1635 1629//1629 1542//1542
f 1634//1634 553//553 1632//1632
f 1632//1632 553//553 1537//1537
f 553//553 1634//1634 495//495
f 1278//1278 1637//1637 1284//1284
f 1638//1638 1284//1284 1637//1637
f 532//532 531//531 1639//1639
f 423//423 1233//1233 426//426
f 426//426 1233//1233 1242//1242
f 1242//1242 428//428 426//426
f 639//639 637//637 1224//1224
f 508//508 639//639 510//510
f 510//510 639//639 1224//1224
f 1520//1520 471//471 644//644
f 644//644 471//471 646//646
f 644//644 646//646 645//645
f 657//657 1642//1642 656//656
f 656//656 1642//1642 464//464
f 1643//1643 1644//1644 1642//1642
f 1642//1642 657//657 1643//1643
f 1643//1643 657//657 658//658
f 533//533 476//476 661//661
f 1645//1645 663//663 477//477
f 1612//1612 1610//1610 1645//1645
f 1645//1645 1610//1610 663//663
f 103//103 1645//1645 477//477
f 1645//1645 103//103 1612//1612
f 1646//1646 1612//1612 103//103
f 1647//1647 1646//1646 684//684
f 684//684 1646//1646 103//103
f 1544//1544 1648//1648 1649//1649
f 1610//1610 1612//1612 1649//1649
f 1545//1545 1544//1544 1649//1649
f 1545//1545 1649//1649 1612//1612
f 1650//1650 1545//1545 1646//1646
f 1646//1646 1545//1545 1612//1612
f 1651//1651 1650//1650 1647//1647
f 1647//1647 1650//1650 1646//1646
f 1621//1621 1546//1546 1650//1650
f 1622//1622 1621//1621 1651//1651
f 1651//1651 1621//1621 1650//1650
f 1652//1652 1647//1647 685//685
f 685//685 1647//1647 684//684
f 686//686 113//113 1652//1652
f 686//686 1652//1652 685//685
f 1653//1653 1651//1651 1647//1647
f 1647//1647 1652//1652 1653//1653
f 1652//1652 113//113 1653//1653
f 1654//1654 1622//1622 1651//1651
f 1651//1651 1653//1653 1654//1654
f 114//114 1654//1654 1653//1653
f 114//114 1653//1653 113//113
f 114//114 1559//1559 1654//1654
f 1600//1600 1569//1569 480//480
f 480//480 485//485 1600//1600
f 1634//1634 492//492 491//491
f 491//491 495//495 1634//1634
f 636//636 635//635 1236//1236
f 636//636 1236//1236 638//638
f 1275//1275 634//634 636//636
f 1275//1275 636//636 637//637
f 1656//1656 1534//1534 1533//1533
f 1535//1535 1656//1656 1533//1533
f 1655//1655 1535//1535 1536//1536
f 1598//1598 1535//1535 1655//1655
f 1655//1655 1657//1657 499//499
f 499//499 1598//1598 1655//1655
f 1602//1602 1601//1601 1655//1655
f 1655//1655 1601//1601 1657//1657
f 497//497 1657//1657 1601//1601
f 498//498 499//499 1657//1657
f 1657//1657 497//497 498//498
f 505//505 1598//1598 499//499
f 1658//1658 661//661 662//662
f 1649//1649 1648//1648 1659//1659
f 1660//1660 1616//1616 1661//1661
f 1661//1661 1613//1613 1660//1660
f 1613//1613 1549//1549 1660//1660
f 1548//1548 1660//1660 1549//1549
f 1616//1616 1660//1660 1614//1614
f 1618//1618 1614//1614 1660//1660
f 1660//1660 1548//1548 1618//1618
f 1650//1650 1546//1546 1545//1545
f 1496//1496 1495//1495 1621//1621
f 1497//1497 1479//1479 1495//1495
f 1624//1624 1618//1618 1619//1619
f 1619//1619 1618//1618 1548//1548
f 1477//1477 1624//1624 1619//1619
f 1480//1480 1623//1623 1477//1477
f 1477//1477 1623//1623 1624//1624
f 1498//1498 1477//1477 1476//1476
f 1498//1498 1480//1480 1477//1477
f 1567//1567 1558//1558 1552//1552
f 1567//1567 1552//1552 1662//1662
f 1662//1662 1551//1551 1561//1561
f 1662//1662 1561//1561 111//111
f 1551//1551 1662//1662 1552//1552
f 1555//1555 1543//1543 1553//1553
f 1553//1553 1552//1552 1663//1663
f 1663//1663 1555//1555 1553//1553
f 1555//1555 1542//1542 1543//1543
f 1554//1554 1635//1635 1542//1542
f 1663//1663 1557//1557 1664//1664
f 1664//1664 1554//1554 1663//1663
f 1555//1555 1663//1663 1554//1554
f 1552//1552 1558//1558 1663//1663
f 1663//1663 1558//1558 1557//1557
f 1559//1559 1496//1496 1654//1654
f 1654//1654 1496//1496 1622//1622
f 1560//1560 1559//1559 114//114
f 1559//1559 1497//1497 1496//1496
f 1553//1553 1550//1550 1559//1559
f 1559//1559 1550//1550 1497//1497
f 1553//1553 1543//1543 1550//1550
f 1538//1538 1630//1630 1537//1537
f 1563//1563 541//541 544//544
f 1635//1635 1554//1554 1636//1636
f 1632//1632 1537//1537 1630//1630
f 1632//1632 1630//1630 1636//1636
f 1636//1636 1630//1630 1635//1635
f 1629//1629 1635//1635 1630//1630
f 3//3 54//54 127//127
f 53//53 123//123 54//54
f 127//127 126//126 3//3
f 5//5 3//3 126//126
f 130//130 5//5 126//126
f 1172//1172 5//5 937//937
f 937//937 5//5 130//130
f 132//132 1172//1172 937//937
f 937//937 939//939 132//132
f 1665//1665 939//939 916//916
f 916//916 919//919 1665//1665
f 131//131 132//132 939//939
f 939//939 1665//1665 131//131
f 1666//1666 1665//1665 919//919
f 1080//1080 131//131 1666//1666
f 1666//1666 131//131 1665//1665
f 1667//1667 1666//1666 927//927
f 927//927 1666//1666 919//919
f 1081//1081 1080//1080 1667//1667
f 1667//1667 1080//1080 1666//1666
f 1668//1668 1667//1667 931//931
f 931//931 1667//1667 927//927
f 1082//1082 1081//1081 1668//1668
f 1668//1668 1081//1081 1667//1667
f 1669//1669 1082//1082 1668//1668
f 1670//1670 1671//1671 1669//1669
f 1669//1669 1671//1671 1082//1082
f 651//651 931//931 682//682
f 1672//1672 1673//1673 1674//1674
f 1675//1675 1676//1676 655//655
f 1677//1677 1668//1668 931//931
f 931//931 651//651 1677//1677
f 1676//1676 1669//1669 1677//1677
f 1677//1677 1669//1669 1668//1668
f 653//653 1677//1677 651//651
f 655//655 1676//1676 1677//1677
f 655//655 1677//1677 653//653
f 1678//1678 1670//1670 1676//1676
f 1676//1676 1670//1670 1669//1669
f 1679//1679 1678//1678 1676//1676
f 1679//1679 1676//1676 1675//1675
f 1675//1675 655//655 653//653
f 1675//1675 653//653 654//654
f 1642//1642 1675//1675 654//654
f 1679//1679 1680//1680 1672//1672
f 1680//1680 1679//1679 1675//1675
f 1673//1673 1672//1672 1680//1680
f 1680//1680 1644//1644 1673//1673
f 1644//1644 1680//1680 1675//1675
f 1675//1675 1642//1642 1644//1644
f 1681//1681 1674//1674 1607//1607
f 1607//1607 1674//1674 1673//1673
f 1681//1681 1607//1607 1682//1682
f 1683//1683 1682//1682 1606//1606
f 1606//1606 1682//1682 1607//1607
f 1607//1607 1673//1673 1643//1643
f 1643//1643 1673//1673 1644//1644
f 1643//1643 658//658 1607//1607
f 1684//1684 1683//1683 1606//1606
f 1606//1606 1608//1608 1684//1684
f 1609//1609 1685//1685 1608//1608
f 1608//1608 660//660 1609//1609
f 1686//1686 1687//1687 662//662
f 1611//1611 1688//1688 1640//1640
f 1611//1611 1640//1640 1641//1641
f 663//663 1641//1641 1686//1686
f 663//663 1686//1686 662//662
f 1641//1641 663//663 1611//1611
f 1649//1649 1659//1659 1689//1689
f 1649//1649 1689//1689 1610//1610
f 1610//1610 1689//1689 1611//1611
f 111//111 1561//1561 109//109
f 1662//1662 111//111 107//107
f 1662//1662 107//107 1567//1567
f 54//54 3//3 2//2
f 1674//1674 1690//1690 1672//1672
f 654//654 464//464 1642//1642
f 1608//1608 1685//1685 1691//1691
f 1691//1691 1685//1685 1692//1692
f 1691//1691 1684//1684 1608//1608
f 1689//1689 1693//1693 1611//1611
f 1611//1611 1693//1693 1688//1688
f 1659//1659 1694//1694 1689//1689
f 1689//1689 1694//1694 1693//1693
f 310//310 312//312 1527//1527
f 310//310 1527//1527 1695//1695
f 1695//1695 1527//1527 1528//1528
f 1528//1528 1696//1696 1695//1695
f 310//310 1695//1695 105//105
f 105//105 1695//1695 1697//1697
f 1697//1697 1695//1695 1696//1696
f 1696//1696 1528//1528 1529//1529
f 1698//1698 1696//1696 1529//1529
f 1698//1698 1529//1529 1530//1530
f 1697//1697 1696//1696 1699//1699
f 1698//1698 1699//1699 1696//1696
f 1254//1254 1565//1565 1700//1700
f 1254//1254 1700//1700 1252//1252
f 535//535 1252//1252 1700//1700
f 1700//1700 1701//1701 535//535
f 535//535 1702//1702 536//536
f 1702//1702 535//535 1701//1701
f 1524//1524 1254//1254 1253//1253
f 1530//1530 1531//1531 1703//1703
f 1530//1530 1703//1703 1698//1698
f 310//310 105//105 104//104
f 1697//1697 108//108 105//105
f 108//108 1697//1697 1699//1699
f 1699//1699 1698//1698 1566//1566
f 107//107 108//108 1699//1699
f 1699//1699 1567//1567 107//107
f 1699//1699 1566//1566 1567//1567
f 1591//1591 1704//1704 1557//1557
f 1704//1704 536//536 1702//1702
f 1701//1701 1705//1705 1702//1702
f 1557//1557 1704//1704 1664//1664
f 1664//1664 1704//1704 1702//1702
f 1664//1664 1702//1702 1705//1705
f 1705//1705 1706//1706 1664//1664
f 1554//1554 1664//1664 1706//1706
f 1700//1700 1565//1565 1569//1569
f 1700//1700 1569//1569 1600//1600
f 1701//1701 1700//1700 1600//1600
f 1600//1600 1631//1631 1701//1701
f 1701//1701 1633//1633 1705//1705
f 1633//1633 1701//1701 1631//1631
f 1706//1706 1705//1705 1633//1633
f 1633//1633 1632//1632 1706//1706
f 1554//1554 1706//1706 1636//1636
f 1636//1636 1706//1706 1632//1632
f 34//34 29//29 1080//1080
f 1080//1080 29//29 131//131
f 164//164 1707//1707 163//163
f 163//163 1425//1425 982//982
f 1425//1425 163//163 1707//1707
f 134//134 1425//1425 137//137
f 137//137 1425//1425 1707//1707
f 1708//1708 1709//1709 1710//1710
f 1711//1711 1708//1708 1710//1710
f 1707//1707 164//164 167//167
f 1707//1707 167//167 1712//1712
f 1707//1707 1712//1712 1713//1713
f 168//168 170//170 1714//1714
f 1711//1711 1710//1710 1714//1714
f 1714//1714 1715//1715 1711//1711
f 1715//1715 1714//1714 170//170
f 1715//1715 1716//1716 1711//1711
f 1716//1716 1715//1715 170//170
f 170//170 474//474 1716//1716
f 1708//1708 1711//1711 1717//1717
f 140//140 136//136 1720//1720
f 1720//1720 136//136 1719//1719
f 1717//1717 1721//1721 1708//1708
f 1718//1718 1721//1721 1717//1717
f 1720//1720 1721//1721 1523//1523
f 1523//1523 1522//1522 1720//1720
f 1720//1720 1522//1522 140//140
f 1525//1525 1523//1523 1718//1718
f 1718//1718 1523//1523 1721//1721
f 1717//1717 1711//1711 1716//1716
f 1716//1716 1568//1568 1717//1717
f 1568//1568 1716//1716 474//474
f 1718//1718 1717//1717 1722//1722
f 1722//1722 1717//1717 1568//1568
f 1568//1568 664//664 1722//1722
f 1525//1525 1718//1718 1722//1722
f 1525//1525 1722//1722 1532//1532
f 1532//1532 1722//1722 664//664
f 1724//1724 1726//1726 1725//1725
f 1579//1579 624//624 1504//1504
f 1504//1504 624//624 1505//1505
f 166//166 165//165 1519//1519
f 1519//1519 1724//1724 166//166
f 1724//1724 1519//1519 1723//1723
f 1725//1725 167//167 166//166
f 1725//1725 166//166 1724//1724
f 1709//1709 1725//1725 1726//1726
f 1726//1726 1710//1710 1709//1709
f 1723//1723 528//528 1520//1520
f 1520//1520 643//643 1723//1723
f 1726//1726 1724//1724 1723//1723
f 1723//1723 643//643 1726//1726
f 1723//1723 1519//1519 528//528
f 1710//1710 1726//1726 1714//1714
f 1714//1714 1726//1726 643//643
f 1714//1714 643//643 168//168
f 475//475 476//476 369//369
f 370//370 475//475 369//369
f 172//172 475//475 370//370
f 173//173 172//172 370//370
f 370//370 307//307 173//173
f 476//476 475//475 477//477
f 172//172 477//477 475//475
f 142//142 539//539 550//550
f 549//549 552//552 182//182
f 183//183 550//550 182//182
f 182//182 550//550 549//549
f 144//144 142//142 183//183
f 183//183 142//142 550//550
f 491//491 488//488 555//555
f 555//555 488//488 493//493
f 1727//1727 467//467 555//555
f 181//181 554//554 1727//1727
f 1727//1727 554//554 467//467
f 493//493 490//490 555//555
f 555//555 490//490 1728//1728
f 555//555 1728//1728 1727//1727
f 1727//1727 1728//1728 181//181
f 180//180 552//552 554//554
f 181//181 180//180 554//554
f 552//552 180//180 182//182
f 539//539 142//142 141//141
