# Created by Open3D 
# object name: cluster5
# number of vertices: 1814
# number of triangles: 3000
v -1.29216 -2.53465 -0.375306
vn -0.0367204 0.307275 -0.950912
v -1.68442 -2.66595 -0.951995
vn 0.81492 0.376363 -0.440745
v -1.68234 -2.63757 -0.97791
vn 0.85383 0.039918 0.519018
v -1.50221 -2.66164 -0.377303
vn 0.505695 0.556476 0.659247
v -1.5845 -2.6546 -0.92313
vn 0.557662 -0.299818 -0.77403
v -1.6025 -2.6319 -0.93457
vn 0.79433 0.442832 -0.41586
v -1.41425 -2.64185 -0.38093
vn 0.00742448 0.913304 -0.40721
v -1.36885 -2.6319 -0.37276
vn -0.0272289 0.589471 -0.807331
v -1.32345 -2.59885 -0.40363
vn 0.454771 0.819991 0.34756
v -1.27795 -2.60593 -0.383765
vn 0.494553 0.310857 -0.811656
v -1.95275 -2.83165 -0.284432
vn 0.773216 -0.634141 -0.00159338
v -1.97057 -2.8586 -0.29102
vn 0.958178 -0.184798 0.218503
v -1.75782 -2.71135 -1.00087
vn 0.400452 -0.529184 0.748066
v -1.87605 -2.73405 -0.94132
vn 0.882515 -0.0138268 0.470081
v -1.8797 -2.7575 -0.94855
vn 0.786564 -0.526546 0.322592
v -2.5154 -2.35836 -0.0613936
vn 0.249796 0.960855 -0.119836
v -2.4927 -2.36457 -0.0999501
vn 0.0294593 0.97523 -0.219221
v -2.4927 -2.3469 0.027767
vn -0.227022 0.901286 -0.368977
v -2.5154 -2.3274 0.0618245
vn 0.402853 0.877925 -0.258761
v -2.5154 -2.3431 0.5954
vn 0.0653986 0.997823 -0.00846831
v -2.49777 -2.33567 0.453487
vn -0.56229 0.826914 -0.00650783
v -2.5381 -2.3097 1.42415
vn 0.495586 0.868408 -0.0162027
v -2.4927 -2.31905 1.47523
vn 0.118857 0.992567 -0.0261481
v -2.4927 -2.3125 1.7307
vn -0.083659 0.995666 -0.0406193
v -2.4927 -2.31325 1.85555
vn -0.317484 0.947392 -0.0406513
v -2.5381 -2.30938 1.74202
vn 0.230545 0.972913 -0.0169773
v -2.4768 -2.28345 1.94635
vn -0.846716 0.518193 -0.120619
v -2.5381 -2.30376 2.00594
vn 0.131534 0.990691 -0.035063
v -2.5154 -2.30482 2.00878
vn -0.346954 0.936398 -0.0527377
v -2.45735 -2.2459 2.08255
vn -0.776505 0.63005 0.00874588
v -2.50405 -2.29945 2.0946
vn -0.525956 0.838586 0.14193
v -2.5381 -2.3032 2.0939
vn 0.603847 0.795788 0.0457224
v -2.5163 -2.33715 0.45916
vn 0.66515 0.745964 -0.03335
v -2.4246 -2.2127 2.0712
vn -0.602004 0.798297 0.0177057
v -2.44617 -2.2232 1.81675
vn -0.802045 0.588107 -0.104179
v -2.4529 -2.2178 1.87257
vn -0.638887 0.768869 -0.0257716
v -2.4594 -2.2459 1.9577
vn -0.797227 0.59975 0.0687779
v -2.4246 -2.21031 1.87116
vn -0.0853712 0.996281 0.0116274
v -2.4927 -2.3357 1.3674
vn 0.181421 0.978399 -0.0991048
v -2.47043 -2.31225 1.6398
vn -0.816651 0.575252 0.0465346
v -2.47585 -2.3037 1.5263
vn -0.715592 0.69828 0.0182326
v -2.4246 -2.22348 1.61508
vn -0.513019 0.858331 -0.00888674
v -2.4471 -2.2459 1.6051
vn -0.867994 0.496017 0.0235452
v -2.47475 -2.23455 -0.28248
vn -0.836048 0.499676 0.226598
v -2.50113 -2.33285 1.28015
vn 0.585909 0.810345 0.00721975
v -2.52675 -2.31365 1.33335
vn 0.558722 0.829237 0.0139663
v -2.5154 -2.3524 0.334285
vn 0.280829 0.959134 0.0346098
v -2.4932 -2.3367 0.34564
vn -0.551296 0.830187 -0.0828442
v -2.5154 -2.3408 0.68622
vn 0.152518 0.987025 0.0502053
v -2.44655 -2.22353 1.06332
vn -0.562915 0.826495 0.00565264
v -2.4246 -2.21355 1.10625
vn 0.291817 0.956351 0.0153766
v -2.46645 -2.2547 1.21975
vn -0.854391 0.519341 0.0173675
v -2.4663 -2.25535 1.33335
vn -0.88139 0.472154 -0.0148958
v -2.4735 -2.314 1.3447
vn -0.739226 0.671931 -0.0453128
v -2.4702 -2.29073 1.85555
vn -0.772227 0.635059 -0.0191121
v -2.47045 -2.2913 1.74195
vn -0.853716 0.513482 -0.0866333
v -1.66498 -2.61138 -0.625008
vn -0.346632 0.936346 0.0556993
v -1.6692 -2.62993 -0.568245
vn -0.116206 0.966333 0.229559
v -1.71941 -3.79557 -1.00023
vn -0.151894 -0.290962 0.9446
v -1.64125 -3.7217 -0.97584
vn 0.180587 -0.170556 0.968658
v -1.04615 -3.6082 -0.371288
vn 0.823963 -0.141666 -0.548648
v -1.0445 -3.65527 -0.34969
vn 0.690869 -0.373671 -0.618926
v -1.02764 -3.59401 -0.324165
vn 0.978503 -0.0287002 0.204224
v -1.03177 -3.66015 -0.320046
vn 0.873173 -0.386534 -0.296917
v -1.0364 -3.66598 -0.289364
vn 0.874926 -0.376444 0.304623
v -1.0623 -3.6964 -0.270975
vn 0.758322 -0.633456 0.153885
v -2.0386 -3.9034 -1.0148
vn -0.0405181 0.146793 0.988337
v -2.04995 -3.8353 -1.03285
vn -0.180583 0.219188 0.958826
v -1.9932 -3.9261 -1.0155
vn -0.014832 -0.013501 0.999799
v -1.9705 -3.8126 -1.0193
vn -0.179163 -0.0293912 0.98338
v -1.93078 -3.86724 -1.01426
vn -0.122048 0.00112974 0.992524
v -1.90807 -3.7899 -1.00833
vn -0.06715 -0.152593 0.986005
v -1.91091 -3.76577 -0.996472
vn 0.0777784 -0.472175 0.878067
v -1.7889 -3.6964 -0.99397
vn 0.364838 -0.283916 0.886727
v -1.9024 -3.75 -0.97126
vn 0.361609 -0.819012 0.445487
v -1.81727 -3.77855 -1.0108
vn 0.0633024 -0.131835 0.989248
v -1.84849 -3.71846 -0.959905
vn 0.550592 -0.800771 0.235829
v -1.7916 -3.66723 -0.97126
vn 0.831344 -0.548781 -0.0877866
v -1.1985 -3.6202 -0.22199
vn 0.711485 -0.435743 -0.551287
v -1.2031 -3.6309 -0.2447
vn 0.801077 0.176359 0.571991
v -1.17135 -3.52498 -0.2674
vn 0.807638 -0.512659 -0.291379
v -1.15855 -3.56529 -0.226465
vn 0.524985 -0.384612 -0.759253
v -1.1817 -3.5855 -0.29011
vn 0.563653 -0.0961352 0.820398
v -1.1779 -3.68965 -0.209045
vn 0.673344 0.632928 0.382113
v -1.2054 -3.6686 -0.22138
vn 0.0346576 0.853554 0.519851
v -1.1398 -3.50605 -0.22199
vn 0.9248 -0.201898 -0.322464
v -1.1304 -3.5628 -0.21483
vn 0.439824 -0.116897 -0.890444
v -1.11905 -3.69997 -0.26158
vn 0.0444818 0.0298605 0.998564
v -1.12011 -3.7191 -0.281685
vn 0.403466 -0.730872 0.550492
v -1.15878 -3.70957 -0.240805
vn 0.553606 -0.380403 0.740819
v -1.02235 -3.46065 -0.3446
vn 0.943695 -0.0701367 -0.323297
v -1.10515 -3.61235 -0.18698
vn 0.830975 -0.419055 -0.365887
v -1.10732 -3.6143 -0.15387
vn 0.695467 -0.162419 0.699962
v -1.12325 -3.55825 -0.199033
vn 0.706978 0.559071 0.433153
v -1.14175 -3.6082 -0.142395
vn 0.0594636 0.243881 0.96798
v -1.2038 -3.63075 -0.150677
vn -0.00240114 -0.384023 0.923321
v -1.0171 -3.4266 -0.33552
vn 0.989306 -0.0442079 0.138992
v -1.05512 -3.66855 -0.271958
vn 0.491495 0.0234253 0.870565
v -2.1976 -3.9261 -0.04004
vn 0.953097 -0.0580657 0.297042
v -2.1919 -3.86935 -0.0365457
vn 0.903018 -0.0702732 0.423815
v -2.2168 -3.9261 0.0391195
vn 0.997845 0.0163904 0.0635392
v -2.21105 -3.82395 0.0050616
vn 0.961381 -0.196067 0.193144
v -2.19047 -3.82962 -0.0335757
vn 0.850497 -0.173907 0.496398
v -2.1976 -3.7899 -0.0031929
vn 0.893791 -0.338092 0.294672
v -2.2004 -3.77288 0.107911
vn 0.90527 -0.424162 0.0239442
v -2.1521 -3.7513 0.027767
vn 0.640632 -0.767335 0.0280623
v -2.12022 -3.7155 0.124166
vn 0.818915 -0.561596 0.118275
v -2.0892 -3.699 0.027767
vn 0.812343 -0.531653 0.239674
v -2.0981 -3.6763 0.14129
vn 0.898687 -0.418328 0.131771
v -2.21545 -3.84665 0.169675
vn 0.985941 -0.152543 -0.068196
v -2.17995 -3.7672 0.195665
vn 0.760928 -0.589406 -0.271272
v -2.1521 -3.7672 0.24551
vn 0.751203 -0.657264 -0.0608049
v -2.11945 -3.6763 0.22076
vn 0.872514 -0.479653 0.0930212
v -2.1089 -3.64792 0.286037
vn 0.956692 -0.216536 0.194559
v -1.70935 -3.3585 0.21083
vn -0.177724 0.101646 0.978817
v -1.75485 -3.3358 0.20353
vn -0.134209 0.241472 0.961082
v -1.6443 -3.313 0.214615
vn -0.282241 0.604226 0.745152
v -1.48788 -3.6082 -0.10426
vn 0.717748 -0.689505 -0.0970649
v -1.4937 -3.6207 0.095882
vn 0.695355 -0.718235 0.0248807
v -1.50485 -3.6082 0.134045
vn 0.447239 -0.71113 0.542467
v -1.5164 -3.5855 0.16561
vn 0.156415 -0.493856 0.85536
v -1.4786 -3.57415 0.12994
vn 0.901136 -0.308376 0.304726
v -1.55045 -3.53345 0.1867
vn 0.0414589 -0.280346 0.959003
v -1.52863 -3.50038 0.189096
vn 0.471335 -0.0813631 0.878193
v -1.5618 -3.4493 0.20416
vn 0.293642 -0.226049 0.928804
v -1.48736 -3.43031 0.174533
vn 0.886519 -0.396888 0.237833
v -1.47602 -3.40323 0.164
vn 0.775506 -0.420995 -0.470482
v -1.4975 -3.4039 0.11859
vn 0.871517 -0.324792 -0.367381
v -1.5391 -3.3585 0.22867
vn 0.265677 -0.393085 0.880284
v -1.47087 -3.34917 0.20704
vn 0.548081 -0.288696 0.785023
v -1.7264 -3.32187 0.176408
vn 0.407253 0.905304 0.120706
v -1.7456 -3.3157 0.101559
vn 0.690931 0.721265 -0.0489004
v -1.698 -3.32585 0.17535
vn -0.14817 0.988105 0.0411721
v -2.17812 -3.78425 0.2832
vn 0.712435 -0.701677 0.00929656
v -2.15518 -3.76624 0.345951
vn 0.656007 -0.754202 0.0288669
v -2.1976 -3.793 0.36834
vn 0.726445 -0.683467 0.0717646
v -2.15139 -3.7645 0.535796
vn 0.690973 -0.722077 0.0340794
v -2.1294 -3.60935 0.49322
vn 0.987036 -0.158436 -0.0256509
v -2.13189 -3.58841 0.428527
vn 0.995289 -0.081915 -0.0518572
v -2.1969 -3.7899 0.669625
vn 0.825983 -0.561436 0.050409
v -2.15103 -3.7648 0.700895
vn 0.597942 -0.794432 -0.106507
v -2.1275 -3.7509 0.816772
vn 0.670203 -0.742043 -0.0141677
v -2.1521 -3.7672 0.80969
vn 0.533975 -0.845482 0.00552895
v -2.1232 -3.7472 0.994154
vn 0.607811 -0.793812 0.0207068
v -2.12168 -3.74547 1.12895
vn 0.617664 -0.785572 -0.0369735
v -2.1294 -3.761 1.2765
vn 0.546729 -0.831863 -0.0953484
v -2.1067 -3.7493 1.2993
vn 0.728986 -0.68335 -0.0401501
v -2.10698 -3.5951 1.01682
vn 0.9359 -0.321717 0.143492
v -2.2079 -3.80125 1.53765
vn 0.999831 -0.0179194 -0.00399028
v -2.20715 -3.80125 1.41848
vn 0.994676 -0.100953 0.0207136
v -2.1226 -3.7489 1.3901
vn 0.627112 -0.772809 -0.0974518
v -2.1294 -3.7555 1.5263
vn 0.542668 -0.839596 0.0243037
v -2.1075 -3.74405 1.51737
vn 0.62993 -0.776092 -0.0294724
v -2.1067 -3.75855 1.7477
vn 0.612309 -0.789559 0.0409137
v -2.08565 -3.73972 1.64831
vn 0.705298 -0.705962 -0.0645946
v -1.50505 -3.313 0.23253
vn 0.205201 0.252467 0.945597
v -2.20904 -3.9261 1.74413
vn 0.99994 -0.0101055 -0.00428804
v -2.2129 -3.82395 1.6852
vn 0.999852 0.0165143 0.00476862
v -2.20895 -3.80692 1.72498
vn 0.987609 -0.149441 -0.0479222
v -2.09685 -3.74907 1.79738
vn 0.617017 -0.779772 -0.106048
v -2.084 -3.75831 1.89244
vn 0.685061 -0.720991 -0.104227
v -2.2065 -3.8126 1.8896
vn 0.993389 -0.0948557 -0.0646616
v -2.10472 -3.77654 1.90946
vn 0.562783 -0.822993 -0.0771875
v -2.2014 -3.8126 1.9577
vn 0.986893 -0.148606 -0.0629113
v -2.20255 -3.8353 1.99175
vn 0.991965 -0.124293 -0.0235895
v -2.08515 -3.75575 1.9804
vn 0.687673 -0.718497 0.10425
v -2.10815 -3.7663 2.0485
vn 0.584389 -0.809984 0.0491461
v -2.2113 -3.8807 2.0712
vn 0.981896 -0.189266 0.00760334
v -2.1976 -3.8418 2.0712
vn 0.789945 -0.560537 -0.248565
v -2.1862 -3.80611 2.02097
vn 0.721971 -0.661572 -0.202682
v -2.12875 -3.77885 2.0712
vn 0.539642 -0.840179 -0.053713
v -2.0677 -3.71577 2.0712
vn 0.914597 -0.400629 0.0548472
v -2.17715 -3.8536 -0.085759
vn 0.915169 -0.394905 0.0807229
v -1.471 -3.3358 -0.11501
vn 0.928387 -0.28262 -0.241295
v -1.471 -3.35756 -0.0885951
vn 0.946341 -0.316458 -0.0655153
v -1.5077 -3.3812 -0.040349
vn 0.970501 -0.237905 -0.039111
v -1.50906 -3.41809 -0.0800823
vn 0.999933 -0.000528579 0.0115211
v -1.5001 -3.3712 -0.017643
vn 0.85056 -0.517205 -0.0951153
v -1.4814 -3.3585 0.050472
vn 0.719767 -0.694103 0.0125018
v -1.45625 -3.3358 -0.0062907
vn 0.947237 -0.165879 0.274273
v -1.76615 -3.22172 -0.13033
vn 0.994608 0.0977408 0.0346615
v -1.7681 -3.2903 -0.0971095
vn 0.948448 0.308213 0.0738296
v -1.77518 -3.14843 -0.13117
vn 0.999904 -0.00555287 0.012676
v -1.78497 -3.09735 -0.0119669
vn 0.985429 -0.164278 0.0440756
v -1.59585 -3.02415 -0.017643
vn 0.444914 -0.873144 -0.199174
v -1.5244 -2.9725 -0.053759
vn 0.60825 -0.783905 -0.124604
v -1.77245 -3.2676 0.050472
vn 0.962214 0.259948 -0.0810589
v -1.7641 -3.25625 0.164
vn 0.969024 0.241155 0.0532621
v -1.7688 -3.23355 0.12994
vn 0.993244 0.100771 -0.0575386
v -1.77755 -3.30165 0.205035
vn 0.357084 0.0498093 0.932743
v -1.7662 -3.23922 0.196843
vn 0.676142 -0.0786855 0.732558
v -1.58253 -3.2226 0.16418
vn 0.303521 -0.718554 0.625743
v -1.5682 -3.2222 0.14129
vn 0.775645 -0.613262 -0.149279
v -1.59651 -3.1847 0.183412
vn 0.266326 -0.643064 0.718011
v -1.59585 -3.16475 0.22076
vn 0.447792 -0.875864 0.179845
v -1.5845 -3.1231 0.11859
vn 0.566586 -0.149215 -0.81038
v -1.59585 -3.09167 0.10787
vn 0.403841 -0.456118 -0.793013
v -1.54065 -3.0179 0.100166
vn 0.788529 -0.531703 -0.309053
v -1.51147 -2.97921 0.11291
vn 0.816621 -0.570187 -0.0895361
v -2.22535 -3.9261 0.481865
vn 0.9981 -0.061269 -0.0065229
v -2.2088 -3.8126 0.49322
vn 0.97697 -0.213357 0.00284739
v -2.22388 -3.8807 0.612427
vn 0.998337 -0.0573211 -0.0060444
v -2.15575 -3.3585 0.19987
vn 0.963229 -0.160601 0.215402
v -2.13615 -3.30732 0.229275
vn 0.966512 -0.255177 -0.0271932
v -2.16029 -3.3788 0.314419
vn 0.815312 -0.556485 -0.159972
v -2.1595 -3.4493 0.473775
vn 0.819298 -0.421637 -0.388553
v -2.21675 -3.9261 0.69757
vn 0.998665 -0.0403172 -0.032301
v -2.21571 -3.85134 0.664577
vn 0.988548 -0.146521 -0.0361142
v -2.2068 -3.79558 0.737305
vn 0.950373 -0.301136 0.0781488
v -2.2129 -3.80125 0.80542
vn 0.984249 -0.170286 0.0475091
v -2.21976 -3.9261 0.982109
vn 0.997509 -0.0696017 -0.0114792
v -2.21916 -3.84085 0.899078
vn 0.9983 0.0574168 0.0100638
v -2.2179 -3.80005 0.916037
vn 0.985747 -0.167619 -0.0143748
v -2.11225 -3.65927 0.935975
vn 0.993013 -0.111772 0.0378407
v -2.10885 -3.65585 0.856505
vn 0.913841 -0.390848 0.110149
v -2.21065 -3.80125 1.0722
vn 0.992846 -0.119219 -0.00665092
v -2.2142 -3.9261 1.21407
vn 0.999897 -0.0101991 -0.0100999
v -2.21215 -3.7899 0.964352
vn 0.967901 -0.240858 -0.0718045
v -2.19895 -3.7672 0.947325
vn 0.848222 -0.52687 -0.0541071
v -2.213 -3.8126 1.163
vn 0.99789 -0.0548039 -0.0348168
v -2.2073 -3.7899 1.163
vn 0.992886 -0.110086 -0.0453627
v -2.20869 -3.79841 1.25947
vn 0.996604 -0.0693682 0.0443777
v -2.08785 -3.5855 0.99274
vn 0.954417 -0.220669 0.200982
v -2.2117 -3.9261 1.42983
vn 0.999289 0.00286877 -0.0375894
v -2.20853 -3.80125 1.35038
vn 0.988078 -0.14859 -0.040295
v -2.20568 -3.7923 1.58305
vn 0.917866 -0.39358 0.0511645
v -1.59242 -3.16368 0.317258
vn 0.410502 -0.894314 0.178018
v -1.5618 -3.1464 0.32293
vn 0.631597 -0.747547 0.205572
v -1.5628 -3.13106 0.34294
vn 0.270215 -0.273141 0.923243
v -1.6299 -3.1541 0.35773
vn 0.0320357 -0.259833 0.965122
v -2.2078 -3.82962 1.78745
vn 0.999787 -0.00326088 -0.0203716
v -2.20806 -3.8807 1.89244
vn 0.997665 -0.0587183 -0.0348796
v -2.20275 -3.80205 1.83285
vn 0.946844 -0.32169 -0.00120755
v -2.2111 -3.9261 2.0712
vn 0.998995 -0.043477 0.0108815
v -2.2203 -3.9261 0.17285
vn 0.999836 0.00304949 -0.0178728
v -2.20635 -3.7899 0.152645
vn 0.96703 -0.227041 -0.115347
v -1.9478 -2.8228 -0.22199
vn 0.676707 -0.622652 0.392901
v -1.91568 -2.79833 -0.264562
vn 0.769753 -0.618894 0.156363
v -1.1754 -3.6536 -0.2674
vn 0.617389 0.400992 0.676784
v -1.15119 -3.42182 -0.276512
vn 0.206123 0.367802 0.906772
v -1.12331 -3.56848 -0.298438
vn 0.0857848 -0.0064033 0.996293
v -1.07081 -3.61075 -0.29671
vn 0.0805456 0.244193 0.966376
v -1.0396 -3.38753 -0.301022
vn 0.230889 -0.01784 0.972817
v -1.19216 -3.49311 -0.213246
vn 0.0245945 0.551118 0.834065
v -1.698 -3.1768 -0.28953
vn 0.0182486 -0.150385 0.988459
v -1.7435 -3.1541 -0.28154
vn 0.366924 -0.0765375 0.927097
v -1.7692 -3.2449 -0.2447
vn 0.985818 0.104001 0.13171
v -1.76694 -3.09422 -0.25794
vn 0.837001 -0.202837 0.508218
v -1.7768 -3.1087 -0.2447
vn 0.99369 -0.0725203 0.0855638
v -1.74663 -3.09735 -0.274475
vn 0.260755 -0.243778 0.934119
v -1.7522 -3.05545 -0.22199
vn 0.783425 -0.605133 0.141632
v -1.76535 -3.0633 -0.13544
vn 0.894054 -0.443336 -0.0642009
v -1.65805 -3.03118 -0.207525
vn 0.201436 -0.658193 0.725401
v -1.6204 -3.07511 -0.237369
vn 0.219869 -0.386869 0.895539
v -1.61367 -3.00269 -0.209518
vn 0.58585 -0.688613 0.427308
v -1.6526 -3.0127 -0.17658
vn 0.331521 -0.913428 0.236099
v -1.58288 -2.98027 -0.187935
vn 0.467044 -0.872505 -0.143546
v -1.53983 -2.97135 -0.145375
vn 0.578213 -0.746179 -0.32998
v -1.73443 -2.87071 -0.200783
vn -0.184212 -0.186101 0.965107
v -1.698 -2.9044 -0.19623
vn -0.0322821 -0.0596255 0.997699
v -1.53606 -2.9443 -0.154753
vn 0.874311 0.303575 -0.378713
v -1.67673 -2.8749 -0.20043
vn 0.617994 0.159058 0.769925
v -1.6526 -2.86345 -0.21436
vn 0.538341 -0.762082 0.35975
v -1.52778 -2.88165 -0.239455
vn 0.572153 -0.568158 0.591471
v -1.4782 -2.84755 -0.26672
vn 0.361186 -0.433525 0.825591
v -1.45802 -2.8125 -0.2447
vn 0.387184 -0.829976 0.401534
v -1.35182 -2.82485 -0.278142
vn 0.226668 -0.269504 0.935943
v -1.40317 -2.80215 -0.256807
vn 0.293931 -0.802527 0.519187
v -1.3802 -2.81005 -0.27185
vn -0.0408063 -0.654361 0.75508
v -1.34615 -2.77646 -0.22644
vn 0.286482 -0.868296 0.404958
v -1.39155 -2.7822 -0.227668
vn 0.217731 -0.845424 0.4877
v -1.5164 -2.82762 -0.201458
vn 0.00417 -0.582282 0.812977
v -1.4483 -2.79515 -0.196455
vn 0.512378 -0.775254 0.369393
v -1.3802 -2.75365 -0.19194
vn -0.0468605 -0.623421 0.780481
v -1.4056 -2.75163 -0.201218
vn -0.454875 0.0988286 0.885055
v -1.3121 -2.74975 -0.187935
vn 0.0131777 -0.751091 0.660067
v -1.30879 -2.75545 -0.269148
vn 0.606015 -0.517562 0.604049
v -1.2893 -2.7451 -0.2106
vn 0.617556 -0.785495 -0.0402603
v -1.6072 -3.0071 -0.13117
vn 0.437554 -0.888257 -0.139808
v -2.22035 -3.9261 0.31158
vn 0.995661 -0.0762319 0.0533649
v -2.21292 -3.84949 0.304486
vn 0.985284 -0.163182 0.0508611
v -2.1942 -3.7952 0.243465
vn 0.756438 -0.633428 -0.163004
v -2.20933 -3.80125 0.419427
vn 0.973215 -0.229506 0.0134088
v -2.2 -3.7863 0.57269
vn 0.895834 -0.444353 -0.00573677
v -2.126 -3.6763 0.34564
vn 0.985632 -0.168832 0.00510559
v -2.1282 -3.59694 0.374574
vn 0.941626 -0.0177186 0.336193
v -2.11025 -3.64225 0.39105
vn 0.952387 0.182344 0.244354
v -2.1294 -3.5425 0.39105
vn 0.974572 0.2127 0.0704795
v -2.11472 -3.59118 0.334285
vn 0.981114 -0.172788 0.0869427
v -2.1067 -3.5883 0.36834
vn 0.891488 -0.443041 0.0946788
v -2.12633 -3.667 0.41642
vn 0.850621 0.216653 0.479066
v -2.1067 -3.6281 0.52728
vn 0.801881 -0.59624 -0.0385244
v -2.0883 -3.6082 0.5954
vn 0.865249 -0.501228 -0.0106688
v -2.12497 -3.7217 0.49606
vn 0.998801 0.018827 0.0451803
v -2.13145 -3.64062 0.561335
vn 0.995603 -0.0861134 -0.0368722
v -2.15545 -3.48335 0.482835
vn 0.847013 0.300568 -0.438438
v -2.1862 -3.78095 0.630403
vn 0.64017 -0.762775 -0.0914158
v -2.1748 -3.76925 0.674865
vn 0.671087 -0.737568 0.0750748
v -2.13115 -3.63464 0.586884
vn 0.993281 -0.115723 -0.00137891
v -2.09626 -3.64225 0.779875
vn 0.973136 -0.230221 -0.00212287
v -2.20327 -3.78035 1.12327
vn 0.925094 -0.379737 -0.000679576
v -2.10582 -3.61152 1.17282
vn 0.99655 -0.0671296 -0.0488074
v -2.20282 -3.78435 1.67952
vn 0.872389 -0.484468 -0.0650243
v -1.9932 -2.91363 -0.84035
vn 0.511566 0.180155 0.840146
v -1.94052 -2.91175 -0.869085
vn 0.738015 0.446839 0.505638
v -1.9932 -2.84755 -0.853795
vn 0.736739 -0.0120359 0.676071
v -1.96942 -2.82485 -0.871913
vn 0.791311 0.0953875 0.603928
v -1.08965 -3.45498 -0.291795
vn 0.157991 -0.0132359 0.987352
v -1.14586 -3.36985 -0.292869
vn 0.0675708 0.0735059 0.995003
v -2.16385 -3.4039 0.334285
vn 0.999354 0.0206355 0.0294092
v -2.1294 -3.36882 0.333168
vn 0.937744 -0.329652 -0.109392
v -2.1266 -3.47767 1.08965
vn 0.990298 0.138361 -0.0129089
v -2.12605 -3.472 1.2084
vn 0.987499 0.154642 -0.0305135
v -2.1842 -3.7672 1.549
vn 0.721239 -0.692683 -0.00221045
v -2.18965 -3.77165 1.6398
vn 0.513242 -0.858221 -0.00629718
v -1.9851 -2.84755 -0.97126
vn 0.760207 -0.137181 0.635033
v -1.96698 -2.91008 -0.97126
vn 0.955514 0.267697 -0.123817
v -1.93645 -2.9076 -1.00071
vn 0.502451 -0.0419436 0.863588
v -1.91944 -2.7834 -0.990381
vn 0.343728 -0.575796 0.741828
v -1.89784 -2.82485 -1.01371
vn 0.179912 -0.137586 0.974013
v -1.9932 -2.8589 -0.94038
vn 0.962189 0.182862 -0.201877
v -1.95751 -2.88169 -0.920172
vn 0.852098 0.39677 -0.341326
v -1.9745 -2.82485 -0.9372
vn 0.907561 -0.225673 -0.354125
v -1.96525 -2.82485 -0.90314
vn 0.971013 0.19333 -0.14056
v -1.9932 -2.81113 -0.821727
vn 0.705277 -0.661897 0.253924
v -2.02642 -2.85215 -0.798969
vn 0.817998 -0.224366 0.52966
v -1.9705 -2.7924 -0.81708
vn 0.577006 -0.80408 0.143245
v -1.9251 -2.8265 -0.76691
vn 0.374176 -0.927343 0.00516151
v -1.9058 -2.7908 -0.83503
vn 0.783286 -0.544141 -0.300622
v -1.9017 -2.81585 -0.759213
vn 0.755144 -0.655361 -0.0161114
v -1.77845 -2.7579 -1.0158
vn 0.201345 -0.350976 0.914481
v -1.8595 -2.75345 -0.984952
vn 0.432551 -0.40802 0.804002
v -1.8916 -2.7908 -0.7215
vn 0.998818 -0.00494288 -0.0483634
v -1.57261 -2.71273 -0.779595
vn 0.650848 -0.733059 -0.197537
v -1.5681 -2.68985 -0.852058
vn 0.522759 -0.796498 -0.303832
v -1.5391 -2.6747 -0.83503
vn 0.742132 -0.587234 -0.323105
v -1.57315 -2.7301 -0.715435
vn 0.65307 -0.739045 -0.165262
v -1.54564 -2.71288 -0.659065
vn 0.660725 -0.744659 -0.094478
v -1.53286 -2.66521 -0.748374
vn 0.975792 -0.169567 -0.13812
v -1.5845 -2.741 -0.67609
vn 0.516514 -0.854288 0.0583506
v -1.5688 -2.7292 -0.63068
vn 0.509957 -0.858384 0.0558714
v -2.15713 -3.46391 0.277521
vn 0.970059 0.20457 0.130909
v -2.14096 -3.36615 0.376502
vn 0.733975 -0.6772 -0.0517764
v -2.1354 -3.73086 0.635899
vn 0.908732 -0.39988 -0.119591
v -2.13015 -3.40442 0.448077
vn 0.864392 -0.229389 -0.447445
v -2.1535 -3.3991 0.425105
vn 0.777581 -0.590681 -0.215554
v -2.1294 -3.6536 0.6307
vn 0.974246 -0.155226 -0.163553
v -2.084 -3.6177 0.84515
vn 0.983105 -0.176188 -0.0496125
v -2.09026 -3.59685 0.92178
vn 0.946876 -0.308139 0.0920666
v -2.18525 -3.77957 1.8896
vn 0.756605 -0.647883 -0.0882935
v -2.10867 -3.84997 -1.022
vn 0.34304 0.297712 0.890893
v -2.08968 -3.82962 -1.0321
vn 0.136288 0.155972 0.978314
v -1.98455 -3.50392 -0.790317
vn 0.970132 0.121797 0.209786
v -1.95915 -3.5174 -0.80867
vn 0.589049 0.41897 0.691004
v -1.9806 -3.3585 -0.83503
vn 0.712691 -0.00246614 0.701473
v -1.2002 -3.9261 -1.0394
vn 0.0382077 -0.0793351 0.996116
v -1.13182 -3.85091 -1.03381
vn 0.000971384 -0.0511806 0.998689
v -1.0318 -3.74515 -1.03323
vn 0.0200657 -0.0500804 0.998544
v -1.80593 -2.7246 -0.983885
vn 0.428097 -0.423215 0.798512
v -1.6753 -2.6685 -0.99397
vn 0.120723 -0.461032 0.879134
v -1.59585 -2.63208 -0.97718
vn 0.413966 0.0007954 0.910292
v -1.63557 -2.65607 -0.985683
vn 0.332445 -0.819927 0.466048
v -1.56227 -2.64522 -0.902648
vn 0.743861 0.0165128 -0.66813
v -1.25525 -2.63015 -0.40363
vn 0.239183 0.786983 0.568726
v -1.36842 -2.5865 -0.42915
vn -0.180733 0.609298 0.77207
v -1.19644 -2.55953 -0.461309
vn 0.609064 0.775361 0.166905
v -1.19025 -2.59217 -0.460395
vn 0.936334 0.189601 -0.295515
v -2.1129 -3.629 0.65216
vn 0.781673 -0.615619 -0.100002
v -2.09613 -3.62523 0.68622
vn 0.978549 -0.138519 -0.152491
v -2.18305 -3.78385 1.935
vn 0.630786 -0.769155 -0.102513
v -2.15224 -3.86188 -0.959517
vn 0.923337 0.154797 0.351406
v -2.13385 -3.86368 -0.997009
vn 0.79224 0.214959 0.571094
v -1.91935 -3.4947 -0.79315
vn 0.287915 0.754671 -0.589556
v -1.95915 -3.49916 -0.767291
vn 0.174108 0.861029 -0.477824
v -2.07055 -3.02925 -0.71015
vn 0.815024 0.299004 0.496319
v -2.0355 -2.91575 -0.80097
vn 0.80365 0.0134978 0.594949
v -2.0386 -3.0179 -0.77966
vn 0.873462 0.205028 0.441619
v -2.05827 -2.9044 -0.741015
vn 0.970331 -0.0324615 0.23959
v -2.06395 -2.9725 -0.732855
vn 0.831157 0.0209018 0.555645
v -2.0421 -2.8362 -0.756695
vn 0.899363 -0.341005 0.27361
v -1.8049 -3.6309 -0.899345
vn 0.491498 0.371671 0.787585
v -1.85159 -3.55756 -0.916945
vn 0.59335 0.751748 0.287769
v -1.87969 -3.57724 -0.802555
vn 0.939186 0.237045 0.248475
v -1.85335 -3.57415 -0.88936
vn 0.810582 0.468247 0.351714
v -1.8771 -3.6536 -0.732855
vn 0.972277 0.216946 0.0872517
v -1.74073 -3.04188 -0.0460248
vn 0.470737 -0.881626 -0.0337957
v -1.7662 -3.0617 0.073177
vn 0.760784 -0.648997 0.00326623
v -1.77686 -3.16545 0.0533101
vn 0.99504 0.0477951 -0.0872424
v -1.77465 -3.14275 0.12994
vn 0.995697 0.0926171 0.00324621
v -1.77645 -3.086 0.0845295
vn 0.984174 -0.171343 -0.0451976
v -1.19722 -3.27119 -0.289903
vn 0.0475734 -0.0449501 0.997856
v -1.12472 -3.08742 -0.283733
vn 0.055381 -0.0393703 0.997689
v -1.06798 -3.16686 -0.295777
vn 0.271125 0.00803482 0.962511
v -1.0779 -3.0406 -0.28763
vn 0.477615 -0.0490528 0.877199
v -2.20775 -3.7899 1.31065
vn 0.97915 -0.20261 -0.0146394
v -2.146 -3.9261 -0.959905
vn 0.934571 0.119881 0.334972
v -2.16838 -3.86935 -0.908817
vn 0.942345 0.142523 0.302777
v -2.17192 -3.90372 -0.869642
vn 0.939755 0.226154 0.25635
v -2.08959 -3.9261 -1.00445
vn 0.30266 0.181304 0.935695
v -1.91005 -3.52283 -0.852058
vn 0.772192 0.60183 0.203765
v -1.89007 -3.5226 -0.97126
vn 0.769689 0.624448 0.132831
v -1.92221 -3.43227 -0.951392
vn 0.989988 -0.0327283 -0.137308
v -1.9197 -3.4947 -0.82809
vn 0.867604 0.306105 0.391872
v -1.9242 -3.43795 -0.857375
vn 0.918362 -0.0159382 0.395421
v -2.17607 -3.8647 -0.874762
vn 0.975994 0.056722 0.210282
v -2.1855 -3.9261 -0.78962
vn 0.961906 0.20805 0.177345
v -1.9024 -3.5289 -0.81232
vn 0.772464 0.590994 -0.232432
v -1.99647 -3.47752 -0.732855
vn 0.578899 0.815364 0.00759745
v -2.00875 -3.46027 -0.695271
vn 0.6724 0.614908 -0.412028
v -2.0223 -3.4039 -0.7215
vn 0.95628 0.126222 0.263812
v -1.90002 -3.51173 -0.755559
vn 0.8966 0.442687 -0.0117253
v -1.95472 -3.47045 -0.704472
vn 0.119492 0.98052 -0.155891
v -1.89825 -3.5513 -0.653207
vn 0.979943 0.195299 0.0396334
v -1.9276 -3.47315 -0.67609
vn 0.629424 0.666082 0.400199
v -1.92387 -3.52084 -0.635316
vn 0.238787 0.672043 0.700955
v -1.97061 -2.96974 -0.972308
vn 0.934561 0.0743605 0.347946
v -1.7904 -3.6546 -0.994522
vn 0.275589 0.286773 0.917503
v -1.7641 -3.6536 -0.94855
vn 0.739028 -0.585237 -0.333669
v -1.77485 -3.66485 -0.92585
vn 0.666376 -0.37716 0.64319
v -1.79892 -3.61551 -0.97275
vn 0.603411 0.331024 -0.725477
v -1.7453 -3.6309 -0.92585
vn 0.932889 0.347465 0.0947971
v -1.8215 -3.55794 -1.00039
vn 0.525116 0.477992 0.704114
v -1.23255 -3.6536 -0.244745
vn -0.266704 0.216983 0.939035
v -1.14175 -3.5125 -0.287865
vn 0.325662 -0.226003 0.918078
v -1.7435 -3.0484 0.095882
vn 0.578656 -0.813764 -0.054275
v -1.5651 -3.1442 0.1867
vn 0.872844 -0.447251 0.195216
v -1.5461 -3.1314 0.20941
vn 0.831333 -0.539924 -0.131787
v -1.52629 -3.00734 0.158323
vn 0.834496 -0.549621 0.0391499
v -1.51802 -2.9498 -0.0582268
vn 0.997152 -0.00719219 -0.0750757
v -2.12835 -3.48335 0.529625
vn 0.961286 -0.161807 -0.22304
v -1.56353 -3.14595 0.26617
vn 0.667472 -0.744448 -0.0166773
v -1.51588 -3.09258 0.291715
vn 0.887983 -0.406443 -0.215153
v -1.52885 -3.07465 0.346959
vn 0.273001 -0.215825 0.937491
v -1.93077 -3.9034 -1.01408
vn -0.0334468 0.0149436 0.999329
v -1.71507 -3.9261 -1.01798
vn 0.0213542 -0.0513373 0.998453
v -1.73637 -3.85994 -1.01297
vn 0.028427 -0.0989508 0.994686
v -1.52208 -3.9261 -1.02206
vn 0.0169318 -0.0579945 0.998173
v -1.61855 -3.86557 -1.01875
vn -0.0327509 -0.058415 0.997755
v -1.57036 -3.77295 -1.00419
vn -0.0578389 -0.255368 0.965112
v -1.8797 -3.858 -1.0094
vn -0.021254 -0.0593487 0.998011
v -1.63699 -3.80834 -1.01107
vn 0.139356 -0.270191 0.952668
v -1.46228 -3.81488 -1.02012
vn 0.0933519 -0.111826 0.989333
v -1.4937 -3.7217 -0.97996
vn 0.152111 -0.265948 0.951911
v -1.36885 -3.699 -1.0061
vn 0.166393 -0.196055 0.966372
v -1.85595 -3.70102 -0.733135
vn 0.921833 0.359335 0.145266
v -1.86215 -3.61955 -0.858802
vn 0.881743 0.307633 0.357619
v -1.84155 -3.68765 -0.80097
vn 0.948201 0.244365 0.202979
v -1.83384 -3.67082 -0.84922
vn 0.895939 0.268996 0.35346
v -1.86253 -3.68712 -0.65339
vn 0.886391 0.461661 -0.0343553
v -0.94877 -3.9261 -1.0428
vn 0.0255612 -0.0507479 0.998384
v -1.1985 -3.84665 -1.0384
vn 0.039355 -0.0198269 0.999029
v -0.94877 -3.8353 -1.0335
vn -0.00367167 -0.0631665 0.997996
v -1.15878 -3.74444 -1.03219
vn 0.00932859 -0.0849782 0.996339
v -1.18155 -3.6763 -1.02195
vn 0.0876861 -0.182204 0.979343
v -1.26379 -3.66495 -1.00925
vn 0.0828111 -0.0951132 0.992016
v -1.55173 -3.70234 -0.265937
vn 0.150046 -0.11529 0.981934
v -1.52275 -3.61955 -0.265232
vn 0.469518 -0.223926 0.854055
v -1.52555 -3.60603 -0.237521
vn 0.730011 -0.674675 0.109081
v -1.4869 -3.5855 -0.17658
vn 0.878301 -0.388742 -0.278329
v -1.4731 -3.3585 -0.10846
vn 0.571592 -0.820536 -0.00204696
v -1.1304 -3.64225 -0.286835
vn 0.0416724 0.322598 0.945618
v -1.9999 -3.1995 -0.72595
vn 0.96882 0.083904 -0.233128
v -2.00167 -3.1768 -0.70597
vn 0.899921 0.402817 -0.166976
v -1.64717 -2.71348 -1.01286
vn 0.0232425 -0.14823 0.98868
v -1.57703 -2.67446 -1.01289
vn 0.17432 -0.350866 0.920057
v -1.63557 -2.61406 -0.910765
vn 0.0311514 0.996872 -0.0726406
v -1.47678 -3.34152 0.107326
vn 0.972907 0.190863 -0.130472
v -1.7486 -3.3168 -0.102785
vn 0.681887 0.730885 0.0289428
v -1.7806 -3.2676 -0.0517015
vn 0.997613 0.0262525 0.0638748
v -1.7207 -3.32767 0.00506237
vn 0.0932405 0.995591 0.0102421
v -1.698 -3.3283 0.0164143
vn -0.310956 0.950416 -0.00403112
v -1.6332 -3.29645 0.152645
vn -0.424316 0.905513 0.00106245
v -1.5845 -3.28725 0.0618245
vn -0.177937 0.98304 -0.0443904
v -1.5618 -3.2585 0.164
vn 0.0795477 0.990462 -0.112508
v -2.1104 -2.45425 -0.959905
vn 0.674243 0.458868 -0.578651
v -2.09915 -2.4389 -0.92585
vn 0.885446 -0.256801 -0.387349
v -2.2203 -2.2174 -0.88044
vn -0.214445 -0.0318565 0.976216
v -2.20895 -2.36508 -0.884048
vn 0.230852 0.0342276 0.972387
v -2.1294 -2.3821 -0.888374
vn 0.00546108 -0.0539054 0.998531
v -2.1294 -2.5378 -0.814145
vn 0.00255128 0.817291 -0.576219
v -2.1067 -2.561 -0.83786
vn 0.155575 0.622176 -0.767264
v -2.1521 -2.21185 -0.873365
vn 0.0300569 -0.0632695 0.997544
v -2.174 -2.12955 -0.879782
vn 0.292544 0.660757 0.691244
v -2.1177 -3.7217 0.36834
vn 0.972396 -0.233135 -0.00974904
v -2.12983 -3.74398 0.486582
vn 0.823438 -0.56584 0.0421234
v -2.10885 -3.5626 0.334285
vn 0.956889 0.289561 -0.0227615
v -2.10866 -3.70421 0.703245
vn 0.942187 -0.303381 -0.142279
v -1.91637 -3.02925 -1.00669
vn 0.54431 0.131163 0.828567
v -1.9376 -2.93845 -0.92585
vn 0.961636 0.0940024 -0.25772
v -1.9478 -2.95548 -0.841552
vn 0.403462 0.0837906 0.911152
v -2.03979 -3.02371 -0.224473
vn -0.105366 0.0823498 0.991018
v -1.9929 -2.9952 -0.222949
vn -0.0379647 0.0443009 0.998297
v -1.80522 -2.89513 -1.02426
vn -0.0229115 -0.0168335 0.999596
v -1.84565 -3.12005 -1.02363
vn 0.0780937 0.031653 0.996443
v -1.74349 -3.08742 -1.0233
vn 0.00292811 0.013038 0.999911
v -1.87402 -2.97959 -1.021
vn 0.166118 -0.00645509 0.986085
v -1.7035 -2.78262 -1.01544
vn 0.0231474 -0.0597499 0.997945
v -1.66395 -2.89305 -1.02425
vn -0.00914637 -0.0166054 0.99982
v -1.5164 -2.8135 -1.0156
vn 0.00483335 -0.0265683 0.999635
v -1.42418 -2.85253 -0.278212
vn 0.236571 -0.166158 0.957301
v -1.52095 -2.96095 0.179067
vn 0.825519 0.153957 0.54297
v -2.14651 -2.42331 -0.96119
vn 0.727607 0.683073 0.0632481
v -2.1067 -2.4275 -0.98744
vn 0.651936 0.112703 0.749852
v -2.1043 -2.40655 -0.97126
vn 0.358989 -0.723287 0.589901
v -2.11639 -2.12996 -0.941081
vn 0.254503 0.88605 0.387484
v -2.44737 -2.22931 -0.791036
vn 0.551801 0.826445 -0.111819
v -2.47 -2.2379 -0.83503
vn -0.549753 0.802159 -0.23305
v -2.4777 -2.2232 -0.801512
vn 0.00661464 0.991976 -0.12625
v -2.47 -2.21295 -0.684605
vn 0.244769 0.96832 -0.0494387
v -2.44275 -2.23455 -0.698798
vn 0.763084 0.646005 0.0195073
v -1.6083 -2.5865 -0.54327
vn -0.224194 0.974227 -0.0248675
v -1.6072 -2.5967 -0.687445
vn 0.0434376 0.997742 -0.0512173
v -1.3121 -2.55245 -0.294645
vn -0.0770174 0.0802735 0.993793
v -2.12162 -3.42305 0.672736
vn 0.999886 -0.00407336 0.0145076
v -2.12549 -3.46349 0.807367
vn 0.995441 0.0923838 0.0237118
v -2.11308 -3.7217 1.05517
vn 0.969999 -0.242747 -0.0132831
v -2.10649 -3.72455 1.16871
vn 0.980868 -0.18566 -0.0585493
v -2.1 -3.5628 1.1403
vn 0.985316 0.166763 -0.0366361
v -2.12456 -3.48335 0.960097
vn 0.984062 0.177588 0.00924346
v -2.1246 -3.3358 0.93597
vn 0.998771 -0.0481599 -0.0117272
v -2.0969 -3.699 1.3901
vn 0.988183 -0.153276 0.000759168
v -2.0943 -3.7217 1.5263
vn 0.950529 -0.295321 -0.0963328
v -2.10525 -3.55145 1.34522
vn 0.991091 0.121022 -0.0556039
v -1.9238 -3.19099 -0.982615
vn 0.961079 0.0741897 0.266124
v -1.91262 -3.30015 -0.895928
vn 0.987023 0.126252 0.0992232
v -1.935 -3.1087 -0.88044
vn 0.997548 0.0130178 0.0687677
v -1.93903 -3.22895 -0.863407
vn 0.781607 0.0680517 0.620048
v -1.93218 -3.04821 -0.979776
vn 0.92286 0.194703 0.332296
v -1.95 -2.9842 -0.948252
vn 0.862417 0.0635498 -0.502194
v -1.92503 -2.97675 -0.857527
vn 0.916481 -0.0654089 0.394694
v -1.9731 -3.12005 -0.825441
vn 0.656803 0.131249 0.742552
v -1.97481 -2.86463 -0.232816
vn 0.541566 -0.212486 0.813361
v -1.88151 -3.21511 -1.01258
vn 0.364003 0.0731559 0.92852
v -1.50615 -3.45639 -0.168064
vn 0.993497 0.0825934 -0.0783707
v -1.50269 -3.38688 -0.142521
vn 0.922426 -0.384603 -0.0347908
v -1.5096 -3.3358 -0.2447
vn 0.994413 0.0571283 -0.0887616
v -1.70651 -3.25625 -0.294259
vn 0.122878 0.185698 0.974893
v -1.75167 -3.25625 -0.27616
vn 0.696821 0.119363 0.707243
v -1.73285 -3.29739 -0.271715
vn 0.485428 0.556151 0.674578
v -1.74465 -3.3138 -0.233345
vn 0.779172 0.595938 0.194289
v -1.6526 -3.1768 -0.28042
vn -0.0574008 -0.299786 0.952278
v -1.50593 -3.0406 -0.293212
vn 0.173292 -0.00561283 0.984855
v -1.58549 -2.88423 -0.208585
vn 0.391917 0.563677 0.727097
v -1.56853 -2.8326 -0.208896
vn 0.15585 -0.249618 0.95572
v -1.4937 -2.90545 -0.26706
vn 0.503576 -0.140055 0.852523
v -1.34615 -2.9129 -0.28491
vn 0.0176439 -0.0654448 0.9977
v -2.0764 -2.36328 -0.99684
vn 0.649217 -0.203662 0.73283
v -2.09 -2.3821 -0.97126
vn 0.971277 -0.170416 0.166069
v -2.07443 -2.58082 -0.819825
vn 0.815617 0.285763 -0.503099
v -2.39967 -2.28072 -0.440507
vn 0.841084 0.536498 -0.0689016
v -2.4019 -2.33985 -0.25605
vn 0.930249 -0.366204 -0.023071
v -1.37736 -2.51886 -0.31281
vn -0.165408 0.775438 0.609373
v -1.46891 -2.56373 -0.290115
vn -0.0711843 0.51835 0.852201
v -2.13229 -3.31678 0.884885
vn 0.995345 0.0275713 0.0923534
v -2.11121 -3.37427 1.58731
vn 0.997446 0.0568102 -0.0432941
v -2.13298 -2.98723 1.44246
vn 0.996066 -0.014508 -0.0874239
v -2.4246 -2.21405 1.35605
vn 0.160924 0.986886 -0.0126353
v -2.40228 -2.22336 1.38836
vn 0.503349 0.863918 -0.0168842
v -2.21939 -2.4056 1.75051
vn -0.277173 0.960722 0.0137313
v -2.1954 -2.40425 1.72439
vn 0.0801659 0.996724 0.0107505
v -2.3921 -2.21625 2.0712
vn 0.503409 0.863631 -0.0268546
v -1.9055 -3.33271 -0.982615
vn 0.982283 -0.0756359 0.171464
v -1.92615 -3.416 -0.99397
vn 0.699644 -0.0941508 0.708261
v -1.9034 -3.27332 -0.993747
vn 0.807972 0.0924265 0.581927
v -1.90408 -3.38788 -0.891467
vn 0.986347 -0.152908 0.0611509
v -1.99118 -3.40685 -0.813796
vn 0.872388 0.116074 0.474833
v -2.0288 -3.26193 -0.71015
vn 0.975379 0.0381163 0.217218
v -2.02215 -3.2188 -0.71015
vn 0.937925 -0.324467 0.122547
v -2.0094 -3.15692 -0.76691
vn 0.888998 0.0822955 0.450456
v -1.87265 -3.39823 -1.014
vn 0.201022 -0.0304936 0.979112
v -1.78322 -2.60321 -0.706833
vn -0.0276523 0.993404 -0.111286
v -1.7264 -2.62143 -0.749884
vn 0.0535909 0.991166 -0.121317
v -1.70368 -2.62115 -0.857732
vn -0.129019 0.990297 -0.0516309
v -1.14421 -3.45886 -0.260926
vn 0.856791 0.169458 0.487024
v -1.53386 -2.94036 -0.255697
vn 0.671752 -0.461288 0.579622
v -1.55675 -2.9332 -0.195248
vn 0.974604 -0.0596751 0.21584
v -1.55522 -3.07749 0.14574
vn 0.944527 -0.169211 -0.28149
v -1.4671 -3.30885 -0.017643
vn 0.800468 0.585876 0.126491
v -1.492 -3.313 0.056687
vn 0.415072 0.899202 0.138387
v -2.06128 -2.56268 -0.59647
vn 0.713366 0.699585 0.0411098
v -1.65308 -2.6092 -0.45472
vn -0.534262 0.841928 0.0756437
v -1.5056 -3.0633 0.32293
vn 0.999566 0.028477 -0.00757984
v -1.52775 -3.02818 0.328068
vn 0.78062 0.616824 0.100798
v -1.57851 -3.012 0.340985
vn 0.174461 0.510596 0.841935
v -2.00275 -3.43227 -0.75556
vn 0.952668 0.093513 0.289272
v -1.95875 -3.43569 -0.833596
vn 0.470988 0.165893 0.8664
v -1.9148 -3.39255 -0.85773
vn 0.745901 -0.0075059 0.666015
v -2.01535 -3.2449 -0.765435
vn 0.934408 -0.0684151 0.349572
v -1.9718 -3.2449 -0.834311
vn 0.70022 -0.0686449 0.710619
v -2.032 -3.1126 -0.7215
vn 0.930442 0.329049 0.161258
v -2.057 -3.0633 -0.6988
vn 0.876874 0.439487 -0.194788
v -2.1975 -2.73572 -0.17036
vn 0.967119 -0.124562 -0.221733
v -1.65828 -2.6273 -0.929412
vn -0.46084 0.803861 -0.376077
v -1.63985 -2.62125 -0.973795
vn -0.309561 0.647763 0.696114
v -1.7889 -2.6319 -0.86666
vn -0.146888 0.939911 -0.308208
v -1.68665 -2.61975 -0.778265
vn -0.179762 0.981893 -0.0597614
v -1.6299 -2.60395 -0.795293
vn -0.0785459 0.995258 -0.0573795
v -1.5787 -3.05195 -0.265235
vn 0.514723 -0.143661 0.845235
v -1.29307 -2.71135 -0.26815
vn 0.785546 0.576112 0.22586
v -1.7264 -2.60579 -0.661567
vn -0.0836004 0.993409 -0.0784214
v -1.5618 -2.59093 -0.55689
vn 0.139834 0.989713 -0.0302589
v -1.6072 -2.58665 -0.402395
vn -0.119836 0.990586 -0.0661777
v -1.5618 -2.596 -0.40363
vn 0.345332 0.937902 -0.0329365
v -1.52208 -2.6011 -0.367135
vn 0.370676 0.823617 -0.429248
v -1.59585 -2.57234 -0.343764
vn 0.0260969 0.907151 -0.419994
v -0.94877 -3.67916 -1.03331
vn 0.0239563 -0.0184927 0.999542
v -0.94877 -3.41948 -1.03048
vn 0.0207966 0.0073075 0.999757
v -1.11338 -3.43227 -1.02861
vn 0.0106967 0.0102478 0.99989
v -0.94877 -3.11437 -1.02943
vn 0.0190581 -0.0167245 0.999678
v -1.3007 -3.71035 -0.255705
vn -0.124024 -0.0113907 0.992214
v -1.256 -3.67493 -0.24913
vn -0.231933 0.0882301 0.968722
v -1.25525 -3.6309 -0.260125
vn -0.27709 0.226938 0.93366
v -1.1195 -2.6092 -0.33552
vn 0.951538 0.265584 -0.155047
v -1.12106 -2.66745 -0.301402
vn 0.793789 0.148923 0.589679
v -1.1286 -2.56096 -0.309578
vn 0.960292 0.21629 0.176231
v -1.1645 -2.5301 -0.35822
vn 0.554567 0.58274 -0.594028
v -1.19561 -2.4997 -0.345841
vn 0.320106 0.834118 -0.449198
v -1.26897 -2.49197 -0.33552
vn -0.075033 0.986124 0.148089
v -1.2212 -2.4921 -0.31281
vn 0.137008 0.884776 0.445422
v -1.15118 -2.5167 -0.324145
vn 0.732639 0.658855 -0.170736
v -1.14725 -2.54678 -0.286475
vn 0.486566 0.185837 0.85365
v -1.17993 -2.51785 -0.290047
vn 0.181254 0.596942 0.781541
v -1.2369 -3.6082 -0.15387
vn -0.44635 0.0255494 0.894494
v -1.0737 -2.9044 -0.29011
vn 0.57165 0.0868538 0.815888
v -1.07916 -2.77971 -0.324165
vn 0.8281 0.212228 0.518855
v -1.14033 -2.78159 -0.280396
vn 0.136611 0.045643 0.989573
v -1.0347 -3.18023 -0.318488
vn 0.745903 0.14132 0.65089
v -1.03535 -3.1314 -0.328085
vn 0.847216 0.0828932 0.524741
v -1.04628 -3.03492 -0.31281
vn 0.787602 0.016263 0.61597
v -1.1077 -2.9271 -0.27708
vn 0.0756091 -0.0403104 0.996322
v -1.02365 -3.2449 -0.324165
vn 0.853199 0.0692914 0.516962
v -1.0623 -3.6309 -1.0211
vn 0.0545602 -1.79321e-05 0.99851
v -1.45962 -3.71717 -0.268522
vn 0.00905939 -0.0744922 0.99718
v -1.48235 -3.7444 -0.280135
vn 0.0187465 -0.433105 0.901149
v -1.471 -3.6082 -0.27798
vn 0.0219568 0.0663001 0.997558
v -1.3348 -3.6536 -0.27297
vn -0.122151 0.103461 0.987104
v -1.3277 -3.53797 -0.278228
vn -0.123621 0.0537129 0.990875
v -1.2666 -3.52875 -0.26014
vn -0.629863 -0.0716587 0.773394
v -1.26192 -3.50889 -0.23314
vn -0.815281 0.261109 0.516854
v -1.25455 -3.59118 -0.182257
vn -0.863184 0.188497 0.468382
v -1.24467 -3.51126 -0.207461
vn -0.505272 0.471447 0.722798
v -1.2212 -3.5874 -0.1549
vn -0.0437749 0.492804 0.869039
v -1.48235 -3.48047 -0.287682
vn 0.275395 0.012061 0.961255
v -1.23275 -3.43227 -0.261817
vn -0.264535 0.391249 0.881445
v -1.3348 -3.3585 -0.28291
vn -0.0383406 0.0157012 0.999141
v -1.22687 -3.38606 -0.279305
vn -0.0461767 0.177624 0.983014
v -1.4781 -3.5628 -0.10846
vn 0.981076 0.172265 -0.0883958
v -1.49785 -3.51613 0.154915
vn 0.973851 0.097431 0.205234
v -1.46555 -3.3244 0.182375
vn 0.976499 0.211362 -0.0421484
v -1.31779 -3.21926 -0.285651
vn -0.0934557 0.00641714 0.995603
v -1.20417 -3.14275 -0.285187
vn 0.0339403 -0.0108095 0.999365
v -1.43128 -2.9952 -0.293688
vn -0.0523015 -0.057145 0.996995
v -1.57408 -3.2903 0.222215
vn -0.312997 0.598483 0.737463
v -1.5618 -3.2682 0.201573
vn -0.0923333 0.929821 0.356241
v -1.4937 -3.2801 0.1867
vn 0.520384 0.812752 -0.261982
v -1.4891 -3.2855 0.20941
vn 0.70937 0.445234 0.546407
v -2.07265 -3.41085 -0.239585
vn 0.102615 -0.280855 0.954249
v -2.06985 -3.4266 -0.248745
vn 0.592692 -0.276236 0.756578
v -2.05563 -3.38687 -0.22808
vn -0.168669 -0.246518 0.954348
v -1.9932 -3.4031 -0.22199
vn 0.0103851 -0.104799 0.994439
v -2.1326 -3.5128 0.237787
vn 0.918806 0.386996 0.0776469
v -1.9478 -3.0728 -0.40363
vn 0.857516 0.392651 -0.332402
v -1.9785 -3.0179 -0.40363
vn 0.889993 0.455666 0.0167883
v -2.0028 -3.28462 -0.223096
vn 0.466859 -0.217249 0.857231
v -1.49949 -3.53443 -0.268527
vn 0.659534 0.150881 0.736376
v -1.50725 -3.5401 -0.2447
vn 0.985427 0.170098 -1.66576e-05
v -1.40123 -3.41752 -0.292142
vn -0.0852167 0.0583018 0.994655
v -1.5154 -3.472 -0.2674
vn 0.772113 -0.0487547 0.633612
v -1.5189 -3.472 -0.2447
vn 0.997114 0.0012593 -0.0759043
v -1.50321 -3.30204 -0.272506
vn 0.544433 0.181021 0.819039
v -1.57559 -3.26159 -0.269281
vn -0.0877096 0.537829 0.838479
v -1.54478 -3.2222 -0.28093
vn 0.16662 0.0581721 0.984304
v -1.54855 -3.29441 -0.232678
vn 0.245651 0.918298 0.310459
v -1.59455 -3.28878 -0.2447
vn -0.2487 0.911675 0.327105
v -1.5845 -3.29115 -0.202585
vn -0.058516 0.99769 -0.0345092
v -1.63301 -3.30243 -0.144115
vn -0.313788 0.94902 -0.0299606
v -1.51869 -3.31366 -0.19287
vn 0.486384 0.867885 -0.101027
v -1.41993 -3.2449 -0.29615
vn -0.0171765 -0.0322058 0.999334
v -1.47305 -3.18531 -0.291865
vn 0.0679031 0.0195925 0.9975
v -1.32913 -2.99804 -0.283397
vn -0.0835321 -0.0196513 0.996311
v -1.21836 -2.95831 -0.27666
vn 0.00369953 -0.0310727 0.99951
v -1.78035 -2.91385 -0.2447
vn -0.600194 0.781733 0.169294
v -1.7889 -2.9044 -0.26581
vn -0.454952 0.61621 0.642887
v -1.8255 -2.8135 -0.2674
vn -0.413712 -0.201486 0.887832
v -1.8422 -2.88165 -0.287587
vn -0.550828 -0.0643949 0.832131
v -1.8234 -2.9498 -0.22199
vn -0.649378 0.752078 -0.112638
v -1.75847 -2.89293 -0.21839
vn -0.718839 0.321833 0.616194
v -1.74865 -2.79647 -0.20549
vn -0.661702 -0.083945 0.745053
v -1.74203 -2.71135 -0.194283
vn -0.257824 0.031395 0.965682
v -1.70651 -2.75675 -0.181097
vn -0.070247 0.00615493 0.997511
v -1.69255 -2.6766 -0.198795
vn 0.14872 0.553484 0.819474
v -1.29786 -2.89444 -0.278054
vn -0.112837 0.0538818 0.992152
v -1.50866 -3.29596 -0.0630529
vn 0.317794 0.947734 -0.0284109
v -1.55721 -3.28791 0.0816917
vn 0.353545 0.925458 -0.136136
v -1.49115 -3.313 0.13625
vn 0.635905 0.752343 -0.17206
v -1.84028 -3.06547 0.178524
vn -0.667655 0.289384 0.685925
v -1.82986 -2.98247 0.16484
vn -0.524808 0.200659 0.827232
v -1.77195 -3.00655 0.1867
vn -0.39692 0.27458 0.87582
v -1.7875 -3.06339 0.23779
vn -0.729892 0.554766 0.399364
v -1.8466 -2.9498 -0.085759
vn -0.89585 0.444292 0.00761204
v -1.84238 -2.94668 0.0192524
vn -0.770884 0.636212 0.0311859
v -1.78995 -2.9258 -0.119815
vn -0.0217543 0.999658 -0.0144976
v -1.79741 -2.92521 -0.00327316
vn -0.154244 0.985634 -0.0688077
v -1.79494 -2.9255 0.147154
vn -0.229683 0.941354 0.247179
v -2.10379 -3.57387 0.226379
vn 0.97671 0.183121 0.111822
v -1.79382 -3.09167 0.238977
vn -0.648844 0.206855 0.732265
v -1.72891 -2.99392 0.225879
vn -0.71168 0.58647 0.386737
v -1.76715 -3.0406 0.325375
vn -0.817652 0.574367 0.0393394
v -1.698 -2.9822 0.243465
vn -0.380744 0.924653 -0.00720828
v -1.698 -3.1541 0.34151
vn -0.0505917 -0.00624986 0.9987
v -1.7442 -3.0822 0.34564
vn -0.206374 0.0744263 0.975638
v -1.7709 -3.0633 0.33144
vn -0.773121 0.220666 0.594634
v -2.16795 -3.31872 -0.17658
vn 0.808953 0.189142 0.556614
v -2.0665 -3.52875 -0.27081
vn 0.829718 0.133426 0.542001
v -2.10015 -3.43795 -0.225284
vn 0.809342 -0.0546137 0.584793
v -2.1304 -3.33292 0.177095
vn 0.942537 -0.107877 0.316206
v -1.9689 -3.02925 -0.359645
vn 0.974061 0.157452 -0.162525
v -1.1985 -3.5174 -1.0297
vn -0.0122997 0.052679 0.998536
v -1.16554 -3.62002 -1.01574
vn 0.0306309 0.133072 0.990633
v -1.08145 -3.3024 -1.02822
vn 0.0151317 -0.0166039 0.999748
v -1.2439 -3.57415 -0.263475
vn -0.583703 -0.0536416 0.810194
v -1.49704 -3.49754 0.0249288
vn 0.994068 0.108672 0.00433658
v -1.65665 -3.2676 -0.289445
vn -0.175774 0.0973352 0.979607
v -1.56968 -3.14632 -0.273929
vn 0.152095 -0.118453 0.981242
v -1.698 -3.3254 -0.22199
vn -0.0253749 0.99168 0.126203
v -1.50505 -2.96991 -0.285423
vn 0.182824 -0.249368 0.950995
v -1.75932 -2.84755 -0.226808
vn -0.842007 0.0346542 0.538352
v -1.79882 -2.71703 -0.215087
vn -0.562825 -0.1804 0.80665
v -1.23255 -2.8589 -0.27329
vn -0.0394197 0.030871 0.998746
v -1.20134 -2.72057 -0.283432
vn -0.0279065 0.0295786 0.999173
v -1.26802 -2.70638 -0.282585
vn 0.13394 0.0757732 0.988088
v -1.34048 -2.6595 -0.273387
vn 0.18466 0.5381 0.822404
v -1.30255 -2.71983 -0.176855
vn 0.326682 0.522996 0.787245
v -1.3114 -2.7 -0.198365
vn 0.186522 0.932036 0.310675
v -1.37444 -2.71048 -0.188323
vn -0.362798 0.657118 0.660737
v -1.3575 -2.6829 -0.2447
vn -0.198125 0.860903 0.468608
v -1.8399 -2.9498 0.11859
vn -0.79668 0.577922 0.176938
v -1.57883 -2.913 0.00364285
vn 0.17246 0.984924 -0.0135282
v -1.6072 -2.9102 0.0391195
vn -0.12556 0.992064 -0.00655644
v -1.60153 -2.95776 0.224652
vn 0.167731 0.730399 0.662105
v -1.57315 -2.92965 0.1867
vn 0.0740752 0.864036 0.49795
v -1.5845 -2.9117 0.14129
vn -0.0378292 0.997066 0.0665511
v -1.5391 -2.92965 0.152645
vn 0.384735 0.90627 0.175081
v -1.653 -2.5865 -0.29011
vn -0.068819 0.62778 0.775343
v -1.49434 -2.55138 -0.322923
vn -0.213809 0.921789 -0.323405
v -1.20134 -2.55245 -0.279444
vn -0.0496675 0.0469476 0.997662
v -1.53873 -3.02855 0.243465
vn 0.809626 0.582432 0.072655
v -1.5627 -2.97795 0.219717
vn 0.581509 0.452788 0.675892
v -1.61855 -2.98315 0.260495
vn 0.195286 0.966269 0.167888
v -1.96612 -2.91008 -0.291287
vn 0.982186 0.185517 -0.0298895
v -1.90901 -2.76079 -0.236176
vn 0.539695 -0.212818 0.814517
v -1.5591 -3.19524 -1.01698
vn -0.00647489 0.0496395 0.998746
v -1.1531 -3.21085 -1.02425
vn 0.0137651 -0.00667733 0.999883
v -1.27087 -3.14204 -1.02491
vn 0.0180619 0.00589982 0.999819
v -1.34615 -3.21085 -1.02045
vn 0.0291105 0.00290451 0.999572
v -1.5008 -2.6773 -0.581665
vn 0.944054 0.208952 -0.25515
v -1.4937 -2.626 -0.505805
vn 0.326646 0.648592 -0.687481
v -1.52151 -2.61093 -0.517435
vn 0.518854 0.82876 -0.209638
v -1.4696 -3.5855 -0.017643
vn 0.979881 0.19944 -0.00749142
v -1.68381 -3.3006 -0.27368
vn -0.199572 0.694085 0.691677
v -1.63127 -2.61825 -0.397825
vn -0.830259 0.439779 0.34244
v -1.66535 -2.92622 -0.16345
vn -0.261521 0.893554 0.364923
v -1.66963 -2.92785 -0.131165
vn -0.093314 0.994677 -0.0437127
v -1.65795 -2.90155 -0.21064
vn 0.106042 0.860141 0.498912
v -1.6307 -2.87088 -0.208625
vn -0.288775 0.297479 0.910008
v -1.59889 -2.91202 -0.140228
vn 0.0698154 0.988669 0.132892
v -1.86835 -2.78655 -0.274615
vn -0.00226237 -0.421364 0.906889
v -1.86835 -2.72554 -0.264498
vn 0.287928 0.379508 0.879245
v -1.81975 -2.73405 -0.240935
vn -0.560333 -0.0447984 0.827055
v -1.52208 -2.72554 -0.191426
vn -0.060177 0.0814018 0.994863
v -1.5065 -2.61874 -0.415625
vn 0.167627 0.850599 0.49838
v -1.44996 -2.60767 -0.432312
vn -0.20235 0.846911 0.491728
v -1.466 -2.6546 -0.373995
vn 0.0085757 0.894758 -0.446468
v -1.45965 -2.75675 -0.18781
vn 0.0540543 -0.0112897 0.998474
v -1.41503 -2.72735 -0.2447
vn -0.393915 0.562146 0.727202
v -1.4435 -2.69548 -0.251528
vn 0.226221 0.43459 0.871754
v -1.45969 -2.6206 -0.274297
vn 0.262015 0.257979 0.929944
v -1.41425 -2.62055 -0.286165
vn 0.0369869 0.148472 0.988225
v -1.4256 -2.7454 -0.21146
vn 0.0335821 0.777536 0.627941
v -1.48782 -2.69109 -0.199623
vn 0.375365 0.671763 0.638621
v -1.6526 -2.92495 -0.0517015
vn -0.112516 0.993342 -0.0247508
v -1.73494 -2.92866 0.0107378
vn 0.0660642 0.997631 -0.0191576
v -1.73556 -2.92775 0.153031
vn -0.000208522 0.989328 0.145706
v -1.75706 -2.9447 0.189996
vn -0.159854 0.787293 0.595497
v -1.65118 -2.62055 -0.531699
vn -0.794266 0.490581 0.358428
v -1.5164 -2.6008 -0.44904
vn 0.0688282 0.995805 0.0602993
v -1.71549 -2.61728 -0.375253
vn 0.537861 0.829769 -0.148958
v -1.6299 -2.5865 -0.35787
vn -0.568143 0.653085 -0.500693
v -1.70368 -2.58483 -0.31281
vn -0.00820278 0.920993 -0.389492
v -1.4483 -2.5943 -0.47175
vn -0.252441 0.935499 -0.247216
v -1.3575 -2.56205 -0.474765
vn -0.0953808 0.957376 -0.272644
v -1.3575 -2.5648 -0.450955
vn -0.196916 0.933188 0.30064
v -1.37812 -2.54278 -0.363705
vn -0.251713 0.451387 -0.85609
v -1.3897 -2.5184 -0.342745
vn -0.314523 0.867914 -0.384448
v -1.25655 -2.56375 -0.44985
vn -0.00653502 0.801368 0.598135
v -1.22687 -2.55718 -0.47951
vn -0.0958864 0.992349 -0.0777776
v -1.66313 -2.96115 0.217542
vn -0.155296 0.705219 0.691773
v -1.5755 -2.99115 0.32293
vn 0.36926 0.923985 0.0994893
v -1.95915 -2.6678 -0.97126
vn 0.394287 0.75618 0.522235
v -1.92365 -2.69321 -0.839284
vn 0.580184 0.806454 0.114098
v -1.96482 -2.67293 -0.659065
vn 0.203338 0.978741 -0.0268417
v -2.17225 -2.9725 -0.21921
vn 0.796765 0.0583028 0.601471
v -1.77755 -3.4947 -1.02231
vn 0.00993755 0.0372532 0.999256
v -1.6299 -3.55145 -1.0201
vn 0.0213266 0.0253592 0.999451
v -1.68665 -3.40957 -1.01763
vn -0.0362013 -0.00834317 0.99931
v -1.76052 -3.34994 -1.0229
vn -0.00533341 -0.0189583 0.999806
v -1.61855 -3.34147 -1.01452
vn 0.00978719 -0.0147172 0.999844
v -1.44369 -3.41135 -1.02412
vn 0.011527 -0.0153646 0.999816
v -1.39155 -3.30737 -1.02228
vn 0.0256722 -0.0159513 0.999543
v -1.30427 -3.37338 -1.02315
vn 0.020522 -0.0099518 0.99974
v -1.7207 -3.2222 -1.0216
vn -0.0156316 0.0433206 0.998939
v -1.6753 -3.12005 -1.0253
vn -0.00465311 0.0495187 0.998762
v -1.51569 -3.03102 -1.02356
vn 0.00227502 0.0147388 0.999889
v -1.33338 -3.01506 -1.02437
vn 0.00713075 0.0123553 0.999898
v -1.3802 -2.9271 -1.0283
vn 0.0117713 -0.0203219 0.999724
v -1.64569 -2.57826 -0.997898
vn -0.16869 0.401458 0.900208
v -1.70935 -2.64104 -0.924487
vn -0.150961 0.981952 -0.113938
v -1.54242 -2.6422 -0.852055
vn 0.883506 0.450863 -0.127041
v -1.5618 -2.619 -0.869085
vn 0.327655 0.906333 -0.266839
v -1.30639 -2.89513 -1.02401
vn -0.00334185 -0.0349638 0.999383
v -1.4937 -2.71135 -1.0206
vn 0.0192105 -0.00618597 0.999796
v -1.37452 -2.72838 -1.01986
vn 0.0174521 0.00858889 0.999811
v -1.24533 -2.81066 -1.02064
vn -0.00893789 -0.0123297 0.999884
v -1.14175 -2.893 -1.02161
vn 0.0469736 -0.0156061 0.998774
v -1.13395 -2.71614 -1.02258
vn 0.037889 -0.00943841 0.999237
v -1.80025 -2.62075 -0.826515
vn -0.0837214 0.984315 -0.155291
v -1.82027 -2.6319 -0.846868
vn -0.439423 0.869726 -0.224685
v -1.80787 -2.61136 -0.65339
vn -0.649263 0.758649 -0.0539476
v -1.82425 -2.6319 -0.704475
vn -0.791676 0.610165 0.03079
v -1.7662 -2.6546 -0.89425
vn -0.629485 0.618744 -0.470006
v -1.56112 -2.61359 -0.77952
vn 0.375251 0.924142 -0.0717525
v -1.68135 -2.63985 -0.534185
vn 0.630986 0.53277 0.563926
v -1.05804 -2.93347 -1.02847
vn 0.050182 -0.000410696 0.99874
v -0.94877 -2.91854 -1.02923
vn -0.00435273 0.00325557 0.999985
v -1.0396 -2.68865 -1.03005
vn 0.0369411 0.00193819 0.999316
v -0.94877 -2.65744 -1.02988
vn 0.00703808 -0.0287487 0.999562
v -1.6867 -2.6319 -0.460395
vn 0.689369 0.724073 0.022124
v -1.6823 -2.6546 -0.468909
vn 0.976441 0.213855 0.0287803
v -1.76904 -2.9296 -0.173
vn -0.144251 0.978059 0.150309
v -1.64125 -2.77945 -0.186852
vn 0.141242 -0.162048 0.976622
v -1.81379 -2.6774 -0.250516
vn -0.619397 0.366266 0.694404
v -1.6753 -2.65908 -0.246768
vn 0.0706824 0.746123 0.662046
v -1.6299 -2.6298 -0.2674
vn -0.0870841 0.491473 0.866528
v -1.54194 -2.65071 -0.231295
vn -0.125383 0.668824 0.732771
v -1.50441 -2.62731 -0.257414
vn 0.217127 0.5061 0.834697
v -1.5845 -2.7129 -0.19929
vn -0.0721711 0.354282 0.932349
v -1.64693 -2.67135 -0.22199
vn -0.00901651 0.731068 0.682245
v -1.55143 -2.60669 -0.640454
vn 0.59666 0.793133 -0.122215
v -1.7662 -2.59265 -0.579597
vn 0.275252 0.961317 -0.0103002
v -1.7889 -2.59132 -0.54554
vn -0.223271 0.97324 -0.0543509
v -1.8274 -2.6092 -0.39228
vn -0.670675 0.719775 -0.179219
v -1.857 -2.5957 -0.31281
vn -0.685483 0.709568 -0.163178
v -1.84565 -2.59715 -0.29011
vn -0.714924 0.0398536 0.698066
v -1.47951 -2.60305 -0.357185
vn -0.016611 0.400049 -0.916343
v -2.03775 -2.5865 -0.99322
vn 0.576611 0.377282 0.724691
v -1.99475 -2.588 -1.0167
vn 0.219883 0.40429 0.887807
v -2.03057 -2.62055 -0.960028
vn 0.643885 0.735377 0.211264
v -1.857 -2.6319 -1.0134
vn -0.221639 0.310215 0.924469
v -1.857 -2.67002 -0.993078
vn 0.0495875 0.508287 0.859759
v -1.87483 -2.6934 -0.965583
vn 0.378098 0.630137 0.67821
v -2.05074 -2.6007 -0.92017
vn 0.841892 0.514521 0.162742
v -1.9873 -2.6546 -0.90314
vn 0.513504 0.846918 0.137999
v -2.0829 -2.58868 -0.868101
vn 0.547741 0.603549 0.579404
v -1.93453 -2.68185 -0.92585
vn 0.531833 0.842689 0.0838326
v -2.03197 -2.64865 -0.798131
vn 0.738036 0.668307 0.0931096
v -2.0658 -2.6165 -0.817998
vn 0.825231 0.545566 -0.146122
v -2.0522 -2.59785 -0.778265
vn 0.996909 0.0101414 -0.0779074
v -1.9705 -2.6905 -0.76691
vn 0.336726 0.936647 0.0964761
v -2.0164 -2.67677 -0.714278
vn 0.311885 0.948767 -0.0506774
v -2.0592 -2.6319 -0.71015
vn 0.84119 0.538995 -0.0434001
v -2.02105 -2.6585 -0.65339
vn 0.439399 0.889678 0.1241
v -2.04604 -2.61204 -0.644875
vn 0.962679 0.267764 -0.0393811
v -2.0595 -2.6319 -0.58527
vn 0.934044 0.319224 0.16018
v -2.0239 -2.6867 -0.545538
vn 0.565787 0.790639 -0.23404
v -1.9932 -2.70013 -0.57235
vn -0.102013 0.992905 0.0610936
v -2.0101 -2.65822 -0.481089
vn 0.508851 0.815758 -0.274971
v -2.05055 -2.64165 -0.53986
vn 0.781577 0.553787 -0.287154
v -2.1294 -3.25567 -0.20278
vn 0.324879 -0.137791 0.935664
v -2.0613 -3.23922 -0.206918
vn -0.0409542 -0.103596 0.993776
v -2.1294 -3.12005 -0.187985
vn 0.263829 -0.0535596 0.963081
v -1.99325 -3.28952 -0.25605
vn 0.960491 -0.138387 0.241467
v -1.9932 -3.23355 -0.218335
vn 0.165113 -0.037935 0.985545
v -2.0386 -3.1087 -0.20259
vn 0.208744 0.109335 0.971839
v -2.1748 -3.0496 -0.17658
vn 0.511456 0.463377 0.723667
v -1.9705 -3.1314 -0.21209
vn 0.207219 0.0312313 0.977796
v -2.1521 -2.6264 -0.40363
vn 0.41805 0.660202 -0.623994
v -2.12995 -2.59947 -0.350475
vn -0.664799 0.437336 -0.605623
v -2.03945 -2.62388 -0.458209
vn 0.898207 0.438541 -0.0300973
v -2.0613 -2.61235 -0.388635
vn 0.887482 0.421793 0.18565
v -2.1294 -2.86463 -0.235945
vn 0.286881 0.0811255 0.954525
v -2.196 -2.87638 -0.17658
vn 0.822686 0.116516 0.556428
v -2.14224 -2.68163 -0.209329
vn 0.175681 -0.281384 0.943376
v -2.1751 -2.7642 -0.22221
vn 0.468678 -0.0410739 0.882414
v -2.09535 -2.63797 -0.203107
vn 0.208752 -0.0709763 0.97539
v -1.77755 -2.7 -0.979885
vn 0.130255 -0.325918 0.936382
v -1.80025 -2.63758 -0.979198
vn -0.243395 0.0428309 0.968981
v -1.76902 -2.60439 -0.986722
vn -0.11394 0.433082 0.894124
v -1.7662 -2.649 -0.2447
vn -0.0287124 0.604829 0.795837
v -1.7889 -2.6773 -0.20003
vn -0.5264 0.348522 0.775523
v -1.8343 -2.9333 -0.10846
vn -0.615173 0.787594 -0.0354679
v -1.81568 -2.92506 0.0533103
vn -0.420411 0.907283 0.00958514
v -1.73839 -2.9725 0.204968
vn -0.371728 0.275289 0.886586
v -2.62192 -2.2418 -0.899014
vn 0.343372 0.866202 -0.363028
v -2.6971 -2.2118 -0.88044
vn -0.0931404 0.828188 -0.552657
v -2.7198 -2.20055 -0.85762
vn 0.0507528 0.992032 -0.115308
v -2.7623 -2.2005 -0.731375
vn -0.391215 0.915486 0.0940035
v -2.6517 -2.21285 -0.84638
vn 0.3928 0.918541 -0.044616
v -2.63079 -2.22345 -0.731437
vn 0.509615 0.860399 -0.00259118
v -2.68188 -2.20473 -0.735557
vn 0.314562 0.947999 -0.0484537
v -2.71412 -2.19591 -0.698796
vn 0.0276017 0.999619 -0.000317945
v -2.7198 -2.2045 -0.65339
vn -0.629723 0.744825 0.220647
v -2.67155 -2.19918 -0.596625
vn 0.469281 0.883049 0.000237154
v -2.69865 -2.19722 -0.573436
vn 0.0289709 0.971335 0.235942
v -2.7247 -2.21428 -0.590947
vn -0.746815 0.661682 0.0666742
v -2.7278 -2.2195 -0.54797
vn -0.467409 0.883424 -0.0330285
v -2.6971 -2.2105 -0.47175
vn 0.0257814 0.986166 -0.163742
v -2.64886 -2.22078 -0.539864
vn 0.353177 0.931439 0.0876838
v -2.36225 -2.4163 -0.965583
vn 0.907917 0.30572 0.286745
v -2.33583 -2.45762 -0.961044
vn 0.422331 0.868472 0.259601
v -2.3111 -2.4679 -0.88044
vn -0.248301 0.93909 0.237605
v -2.3204 -2.4766 -0.83503
vn 0.22131 0.960813 0.166915
v -2.61287 -2.26815 -0.97131
vn 0.00289404 0.970501 0.24108
v -2.14075 -2.60636 -0.892599
vn -0.0160812 -0.206018 0.978416
v -2.14075 -2.53543 -0.871537
vn 0.0734311 -0.0730851 0.994619
v -2.1077 -2.59218 -0.875715
vn -0.480587 0.538288 0.692302
v -2.18689 -2.44793 -0.875618
vn 0.340534 0.186767 0.921496
v -2.10217 -2.48132 -0.914495
vn 0.835197 0.321272 0.446352
v -2.0661 -2.55245 -0.97126
vn 0.905701 0.349896 0.239331
v -2.11794 -2.44788 -0.898971
vn 0.480342 0.0340516 0.87642
v -2.1067 -2.5296 -0.88044
vn 0.425577 0.309162 0.850472
v -1.9705 -2.55245 -1.0325
vn 0.112142 0.0823632 0.990273
v -2.243 -2.3635 -0.88044
vn -0.363218 0.189414 0.912248
v -2.2615 -2.3594 -0.90314
vn -0.730383 0.256396 0.633089
v -2.2657 -2.39585 -0.87197
vn -0.679476 0.667976 0.303513
v -2.243 -2.2913 -0.89355
vn -0.731934 0.14002 0.666833
v -2.35875 -2.4526 -0.78962
vn 0.707266 0.706875 0.0100799
v -2.2856 -2.4503 -0.88044
vn -0.723064 0.650045 0.233709
v -2.26003 -2.45105 -0.841111
vn -0.431381 0.803206 0.410817
v -2.3338 -2.473 -0.66015
vn 0.454062 0.890715 -0.0213158
v -2.2563 -2.44605 -0.775426
vn 0.273158 0.943724 -0.18647
v -2.2884 -2.44755 -0.79061
vn -0.759629 0.593693 -0.265505
v -2.2567 -2.4275 -0.74421
vn 0.469079 0.878291 -0.0925707
v -2.2987 -2.473 -0.74421
vn -0.528272 0.846968 0.0597819
v -2.3111 -2.4813 -0.68177
vn -0.0939805 0.995534 -0.00890252
v -2.28845 -2.4275 -0.72188
vn -0.799167 0.594865 -0.0864136
v -2.25856 -2.4275 -0.633521
vn 0.474998 0.879896 0.0126344
v -2.3111 -2.4641 -0.56257
vn -0.30011 0.948887 0.0977056
v -2.3415 -2.45716 -0.449042
vn 0.293197 0.955446 -0.0340446
v -2.27138 -2.43744 -0.543045
vn 0.161943 0.921438 0.353166
v -2.29537 -2.4203 -0.590947
vn -0.22136 0.97118 0.0883717
v -2.1294 -2.5184 -0.79455
vn -0.430275 0.804129 -0.41017
v -2.18782 -2.51092 -0.858005
vn 0.583509 0.266099 0.767274
v -2.22395 -2.44613 -0.849879
vn 0.515012 0.464157 0.72064
v -2.11805 -2.51972 -0.750658
vn -0.0374278 0.913444 0.405239
v -2.1294 -2.5411 -0.72576
vn -0.464068 0.657743 0.593309
v -2.148 -2.52975 -0.76691
vn -0.79136 0.51663 0.32687
v -2.09535 -2.55845 -0.69461
vn 0.466373 0.851684 0.239021
v -2.15368 -2.5995 -0.70764
vn -0.415436 0.714985 -0.562325
v -2.13 -2.55698 -0.687445
vn -0.642112 0.728008 -0.240199
v -2.0632 -2.54395 -0.778265
vn 0.591281 0.804229 -0.0600156
v -2.09876 -2.53928 -0.635594
vn 0.442297 0.822173 -0.358337
v -2.1479 -2.51446 -0.618988
vn 0.0940754 0.847915 -0.521718
v -2.18445 -2.5184 -0.662168
vn 0.757419 0.572591 -0.313778
v -2.18551 -2.5411 -0.718665
vn 0.919791 0.377596 -0.106802
v -2.23308 -2.46124 -0.665849
vn 0.77597 0.630761 -0.00315131
v -2.1805 -2.50656 -0.593786
vn 0.457414 0.889096 0.0167858
v -2.22591 -2.46892 -0.556677
vn 0.684538 0.722588 0.0963049
v -2.1067 -2.51415 -0.596625
vn 0.384923 0.897049 0.217113
v -2.09455 -2.55031 -0.550581
vn 0.447801 0.785176 0.427753
v -2.15275 -2.57515 -0.514262
vn 0.298733 0.261233 0.917886
v -2.1294 -2.6092 -0.51912
vn -0.0255375 -0.0594205 0.997906
v -2.1108 -2.6546 -0.51716
vn -0.523398 0.315938 0.791352
v -2.1521 -2.5327 -0.53986
vn 0.396777 0.714148 0.57668
v -2.2203 -2.5019 -0.49445
vn 0.881785 0.467761 0.0604527
v -2.23115 -2.46165 -0.48024
vn 0.703509 0.696524 -0.141172
v -2.19584 -2.53478 -0.4831
vn 0.883126 0.43121 0.184787
v -2.60585 -2.24573 -0.676645
vn 0.821777 0.569346 0.0229738
v -2.4975 -2.2232 -0.654224
vn -0.558464 0.827546 -0.057315
v -2.4402 -2.23455 -0.532255
vn 0.780315 0.620043 -0.0815821
v -2.45865 -2.214 -0.571435
vn 0.456705 0.889305 -0.0236047
v -2.4927 -2.21062 -0.562568
vn -0.189276 0.981543 -0.0273484
v -2.67943 -2.20145 -0.420663
vn 0.411192 0.894223 -0.176882
v -2.6971 -2.17475 -0.413495
vn 0.325998 0.938953 -0.10997
v -2.6669 -2.2005 -0.34006
vn 0.732582 0.652738 -0.193018
v -2.6971 -2.172 -0.33552
vn 0.135887 0.990237 -0.0310655
v -2.3111 -2.46405 -0.43769
vn -0.228895 0.96982 -0.0840034
v -2.28687 -2.45181 -0.444817
vn -0.582747 0.810087 -0.064539
v -2.27044 -2.4264 -0.446207
vn -0.0348012 0.982353 -0.183773
v -2.2657 -2.41796 -0.311393
vn 0.162887 0.986245 -0.0280774
v -2.28351 -2.43402 -0.291526
vn -0.558209 0.829675 0.00655768
v -2.30825 -2.45094 -0.263407
vn -0.290938 0.956742 -0.000550137
v -2.2884 -2.44413 -0.0687292
vn -0.488776 0.872256 -0.0163589
v -2.37702 -2.39445 -0.261554
vn 0.890249 0.4552 0.0157903
v -2.39502 -2.3594 -0.0800818
vn 0.875215 0.481375 -0.0477256
v -2.39929 -2.36074 -0.218929
vn 0.993473 0.111326 -0.0248681
v -2.11985 -2.5865 -0.4831
vn -0.858524 0.50963 0.0566863
v -2.1056 -2.56389 -0.502317
vn 0.0181598 0.986547 -0.162466
v -2.07375 -2.55463 -0.43769
vn 0.619929 0.780392 0.0817147
v -2.11755 -2.5406 -0.429428
vn -0.312255 0.948859 -0.0465201
v -2.19356 -2.49699 -0.326046
vn 0.915902 0.373498 -0.147048
v -2.17846 -2.5373 -0.325846
vn 0.870443 0.343014 -0.353086
v -2.12725 -2.59265 -0.375253
vn -0.851775 0.448363 0.271017
v -2.08286 -2.56023 -0.3639
vn 0.705102 0.704131 -0.0838511
v -2.243 -2.42365 -0.307135
vn 0.393371 0.917452 -0.0595142
v -2.21665 -2.45035 -0.403635
vn 0.663957 0.73939 -0.111644
v -2.11205 -2.55245 -0.329585
vn -0.619616 0.771524 -0.144316
v -2.1294 -2.55 -0.30985
vn -0.464178 0.436931 -0.770474
v -2.20928 -2.44891 -0.236891
vn 0.86274 0.505207 -0.0211156
v -2.1979 -2.4984 -0.18155
vn 0.952469 0.221996 0.208617
v -2.22212 -2.4291 -0.165225
vn 0.577119 0.816642 -0.00547258
v -2.243 -2.41809 -0.0261579
vn 0.113254 0.99356 0.00355052
v -2.26564 -2.42201 -0.0375681
vn -0.43633 0.899048 0.0364554
v -2.3338 -2.44641 0.0589851
vn 0.12144 0.992052 -0.0329278
v -2.3111 -2.4475 0.12994
vn -0.319223 0.947162 -0.0313291
v -2.2477 -2.42221 0.211536
vn -0.130595 0.991413 -0.00666924
v -2.38153 -2.36998 0.0113179
vn 0.988974 0.148013 -0.00483358
v -2.2194 -2.42585 0.0515369
vn 0.334408 0.942312 -0.0148365
v -2.18 -2.4503 0.050472
vn 0.677071 0.735051 -0.0357113
v -2.20221 -2.43063 0.347056
vn 0.531713 0.846824 -0.0130384
v -1.81775 -2.6038 -0.508644
vn -0.57327 0.816752 -0.0653999
v -1.77456 -2.59233 -0.372794
vn 0.0202217 0.997393 -0.0692762
v -1.80025 -2.5747 -0.29011
vn 0.051221 0.86597 0.497466
v -1.72133 -2.9948 0.32459
vn -0.306471 0.763559 0.568378
v -1.7207 -3.0179 0.34282
vn -0.140774 0.300273 0.943408
v -1.698 -2.9808 0.30023
vn -0.0570137 0.998362 0.00479094
v -1.62047 -3.0288 0.343045
vn -0.0400249 0.115518 0.992499
v -2.5102 -2.33235 0.260492
vn -0.250389 0.937995 0.239732
v -2.5352 -2.314 0.20941
vn 0.832902 0.543691 -0.103318
v -2.37896 -2.34237 0.633146
vn 0.999462 0.0277788 -0.0174319
v -2.41405 -2.23908 0.186702
vn 0.536549 0.843295 0.0311372
v -2.09233 -3.61033 -0.179912
vn 0.571963 0.393806 0.719566
v -2.11081 -3.48335 -0.209081
vn 0.882283 0.151435 0.445695
v -1.99212 -3.3244 -0.242268
vn 0.776102 0.281951 0.564065
v -2.15169 -3.11558 -0.17504
vn 0.677036 0.0789116 0.731707
v -2.10199 -3.06769 -0.204114
vn 0.250747 0.393889 0.884295
v -2.14643 -2.98385 -0.232858
vn 0.401745 0.106227 0.909569
v -2.16472 -2.60352 -0.477422
vn 0.926851 0.285493 0.243806
v -2.0159 -2.6677 -0.42634
vn 0.491226 0.870569 -0.028399
v -2.11805 -2.94129 -0.235931
vn 0.128819 -0.0697182 0.989214
v -2.1294 -2.78513 -0.23677
vn -0.231162 -0.0814366 0.969501
v -2.00644 -2.6557 -0.359446
vn 0.405018 0.896234 -0.180903
v -1.8843 -2.7016 -0.29011
vn 0.504057 0.841109 -0.19612
v -2.05143 -2.62622 -0.213738
vn 0.468918 0.569205 0.675368
v -1.98332 -2.6783 -0.20721
vn 0.323101 0.484661 0.81284
v -2.0159 -2.7 -0.19866
vn -0.118637 -0.151543 0.981305
v -1.8986 -2.7454 -0.505805
vn 0.866164 0.492286 -0.0861074
v -1.8285 -2.9498 -0.25605
vn -0.620295 0.449078 0.643089
v -1.7889 -2.84727 -0.263925
vn -0.442909 -0.104566 0.890448
v -1.85582 -2.68745 -0.294347
vn -0.859745 0.505294 0.0742773
v -1.74915 -2.67055 -0.198589
vn 0.0289967 0.672722 0.739327
v -1.84655 -2.98953 0.135615
vn -0.900245 0.227011 0.371516
v -2.6744 -2.16967 -0.297908
vn 0.59251 0.772121 -0.229697
v -2.6971 -2.15656 -0.247536
vn 0.254408 0.966246 -0.040554
v -2.63822 -2.21055 -0.30146
vn 0.516919 0.854691 -0.0479462
v -2.64329 -2.19709 -0.151036
vn 0.673521 0.739166 0.00160427
v -2.68575 -2.1633 -0.119815
vn 0.295756 0.953521 0.0576695
v -2.67036 -2.18185 -0.070695
vn 0.44825 0.891462 0.0660864
v -2.6971 -2.1833 -0.017643
vn 0.0724975 0.993543 0.0872679
v -2.04972 -2.62288 -0.364183
vn 0.798925 0.56065 -0.217693
v -2.1521 -2.5184 -0.28556
vn 0.214337 0.79201 -0.571646
v -2.1067 -2.5169 -0.27378
vn 0.538751 0.815034 -0.213229
v -2.0613 -2.5543 -0.2674
vn 0.833316 0.545477 -0.0896595
v -2.1067 -2.51755 -0.242615
vn 0.411539 0.824494 0.388389
v -2.1777 -2.50081 -0.250372
vn 0.39352 0.919173 0.0162115
v -2.17882 -2.56589 -0.172229
vn 0.582353 0.126181 0.803083
v -2.1759 -2.5184 -0.20052
vn 0.453008 0.619844 0.640763
v -2.08318 -2.55349 -0.221086
vn 0.538051 0.546945 0.641368
v -2.3111 -2.437 0.288875
vn -0.282375 0.959281 -0.00664885
v -2.5107 -2.33834 0.19175
vn -0.208303 0.931815 -0.297206
v -2.3801 -2.3821 0.1867
vn 0.927166 0.373753 0.0259324
v -2.3652 -2.4131 0.23779
vn 0.76691 0.641754 0.000500001
v -2.07487 -3.699 1.62278
vn 0.998901 -0.0267021 -0.0385274
v -2.15515 -2.8589 1.03815
vn 0.991921 0.118999 -0.0439474
v -2.15363 -2.7681 1.05593
vn 0.998283 0.0370133 -0.0453944
v -2.14725 -2.91008 0.99274
vn 0.999661 0.0220571 -0.0138389
v -2.15386 -2.73121 0.907592
vn 0.998455 0.0372452 0.0412366
v -2.14297 -2.88308 1.13356
vn 0.997204 0.052725 -0.0529646
v -2.15579 -2.66028 0.934553
vn 0.99926 0.0358895 0.0138563
v -2.16341 -2.61771 1.01189
vn 0.998199 0.0595108 -0.00755832
v -2.29395 -2.43664 0.422266
vn -0.26168 0.965137 -0.00583479
v -2.38695 -2.3821 0.278941
vn 0.998971 0.0443262 -0.00961952
v -2.38163 -2.33954 0.185992
vn 0.999871 -0.0136571 0.00850419
v -2.36291 -2.41325 0.359117
vn 0.775493 0.631264 -0.010815
v -2.37684 -2.29388 0.356281
vn 0.999856 0.00985042 -0.0137885
v -2.3774 -2.3821 0.43646
vn 0.974268 0.224063 -0.0244314
v -2.3111 -2.4379 0.57269
vn -0.178005 0.983018 0.044602
v -2.3602 -2.41045 0.589722
vn 0.899662 0.43562 -0.0290306
v -2.38039 -2.33943 0.469382
vn 0.999691 -0.0210035 0.0132782
v -2.18348 -2.46165 0.209407
vn 0.942553 0.333932 0.00914764
v -2.17677 -2.45963 0.447809
vn 0.911533 0.410695 -0.0209179
v -2.23165 -2.41983 0.501734
vn 0.0355418 0.999356 0.00484363
v -2.175 -2.44927 0.666503
vn 0.824449 0.565836 -0.0106224
v -2.21009 -2.42499 0.656416
vn 0.346685 0.93786 -0.0151089
v -2.45025 -2.2232 0.49994
vn -0.104259 0.993465 0.046445
v -2.25435 -2.42662 0.679121
vn -0.285482 0.958345 0.00865656
v -2.27705 -2.43481 0.777747
vn -0.32797 0.944639 -0.00957563
v -2.19635 -2.42695 0.98139
vn 0.55579 0.831085 -0.0198806
v -2.1671 -2.4503 0.91327
vn 0.94312 0.329288 0.0457533
v -2.42395 -2.22394 0.683381
vn 0.306731 0.95174 -0.0103652
v -2.42477 -2.22107 0.903333
vn 0.267248 0.961624 -0.0621038
v -2.17364 -2.46449 0.969462
vn 0.949479 0.313075 0.0217713
v -2.0776 -3.7217 -0.10846
vn 0.994236 0.00394384 0.10714
v -2.1457 -3.4493 0.15832
vn 0.96211 0.08712 0.258368
v -1.9705 -3.2676 -0.21576
vn -0.0457641 -0.125126 0.991085
v -1.95265 -3.1995 -0.22589
vn 0.625263 0.0324826 0.779738
v -2.1928 -3.03492 -0.15387
vn 0.978463 0.200474 -0.0491921
v -2.1955 -2.9952 -0.17658
vn 0.930019 0.115399 0.348924
v -2.09535 -3.00655 -0.238555
vn -0.0573609 0.26845 0.961584
v -2.0613 -2.88734 -0.221596
vn -0.151648 -0.0472626 0.987304
v -2.19651 -2.8351 -0.145853
vn 0.948523 -0.0513693 -0.312515
v -2.2002 -2.78513 -0.186115
vn 0.956034 -0.00266476 0.293245
v -1.96823 -2.94638 -0.224948
vn 0.286529 0.0989181 0.952951
v -2.61515 -2.21275 -0.118088
vn 0.443176 0.894217 -0.0630186
v -2.6971 -2.1637 -0.0971095
vn -0.0697105 0.974862 0.211623
v -2.6517 -2.1926 0.129938
vn 0.158511 0.986745 0.0347727
v -2.6176 -2.20647 0.0745903
vn 0.473862 0.880593 0.00328123
v -2.6971 -2.18898 0.253398
vn 0.123131 0.992369 -0.00652547
v -2.629 -2.20075 0.22441
vn 0.269917 0.962768 0.0149412
v -2.35837 -2.42947 0.0604056
vn 0.708658 0.705029 -0.0271577
v -2.38643 -2.30265 -0.114138
vn 0.998723 0.00716934 -0.0500189
v -2.38145 -2.27855 0.0334433
vn 0.973106 0.230329 0.00358237
v -2.40079 -2.24531 0.0527481
vn 0.746045 0.665892 0.00227221
v -2.40748 -2.2459 -0.17658
vn 0.852091 0.521534 -0.0440872
v -2.38329 -2.27428 0.243961
vn 0.942494 0.333572 -0.0208298
v -2.4473 -2.22538 0.00222462
vn -0.0228131 0.999731 0.00408827
v -2.4246 -2.22507 0.0220906
vn 0.373382 0.927677 0.00103925
v -2.58606 -2.23173 0.28178
vn 0.795759 0.605257 -0.0207634
v -2.4473 -2.2323 0.20373
vn -0.429307 0.903153 0.00310985
v -2.4253 -2.22721 0.282491
vn 0.442995 0.895551 -0.0417577
v -2.15498 -3.5044 0.354151
vn 0.779888 0.60896 0.144712
v -2.16768 -3.472 0.37402
vn 0.999993 0.00158523 -0.00343293
v -2.1294 -3.5401 0.42208
vn 0.851192 0.514144 -0.105489
v -2.1067 -3.53417 0.518764
vn 0.850912 0.505752 -0.141998
v -2.11953 -3.48761 0.677703
vn 0.975982 0.217212 0.016672
v -2.1726 -2.5865 0.52728
vn 0.999525 0.0279252 0.0130606
v -2.16209 -2.69787 0.530115
vn 0.998335 0.0517065 0.0255713
v -2.16664 -2.60849 0.598234
vn 0.999853 0.00274682 -0.0169438
v -2.16294 -2.7454 0.618102
vn 0.995881 0.0905563 0.00460719
v -2.10709 -3.53729 1.03941
vn 0.934538 0.353716 0.0390228
v -2.09455 -3.7217 1.29357
vn 0.995545 -0.0664182 -0.0669202
v -2.11801 -3.47767 1.33903
vn 0.988028 0.0730095 -0.135903
v -2.12679 -3.33291 1.28076
vn 0.992528 -0.0126013 -0.121364
v -2.09005 -3.67914 1.52062
vn 0.997262 -0.00150746 -0.0739352
v -2.09975 -3.64225 1.35605
vn 0.997089 0.041354 -0.0640604
v -2.0947 -3.5401 1.4128
vn 0.989991 0.137067 -0.0336157
v -2.09592 -3.54996 1.50076
vn 0.992209 0.113805 -0.0506924
v -2.11685 -3.38687 1.33903
vn 0.990648 -0.0534151 -0.125556
v -2.10826 -3.4772 1.46083
vn 0.992735 0.10332 -0.0616622
v -2.1118 -3.27327 1.31168
vn 0.991302 0.000960508 -0.131602
v -2.11348 -3.3237 1.45678
vn 0.998577 -0.0419531 0.0329283
v -2.08404 -3.62806 1.61994
vn 0.996268 0.0217757 -0.0835165
v -2.09273 -3.5124 1.58943
vn 0.986597 0.157899 -0.0411631
v -2.09801 -3.47484 1.67743
vn 0.990451 0.126297 -0.0552769
v -2.07591 -3.60252 1.76757
vn 0.998851 0.00289283 -0.0478331
v -2.10323 -3.33204 1.64532
vn 0.994108 0.0159387 -0.107216
v -2.13194 -3.18894 1.19943
vn 0.989077 -0.0256118 -0.145157
v -2.12436 -3.12914 1.26515
vn 0.993354 0.0952169 -0.064671
v -2.13775 -3.1087 1.17435
vn 0.998015 -0.0136207 -0.061487
v -2.13337 -3.03209 1.14881
vn 0.999727 0.0184614 -0.0143469
v -2.13345 -2.98527 1.24105
vn 0.999085 0.040516 -0.0136877
v -2.12473 -3.07749 1.34091
vn 0.997191 0.0747896 -0.00400911
v -2.15494 -2.66077 1.16985
vn 0.997036 0.0751682 -0.0163988
v -2.16017 -2.55812 1.0949
vn 0.998293 0.0577978 -0.00835507
v -2.14136 -2.87316 1.2652
vn 0.998251 0.0378282 -0.0454323
v -2.13814 -2.85504 1.30494
vn 0.99813 0.0467966 -0.0393271
v -2.15817 -2.57795 1.27014
vn 0.995791 0.0687456 -0.0606215
v -2.14304 -2.73263 1.33761
vn 0.996223 0.0865862 -0.00653073
v -2.10518 -3.29881 1.38539
vn 0.998566 0.050365 0.0181679
v -2.11809 -3.14275 1.4128
vn 0.993546 0.108022 0.0346055
v -2.11332 -3.23213 1.56035
vn 0.999774 -0.00409001 -0.0208778
v -2.12108 -3.1217 1.50218
vn 0.992613 0.0901866 -0.0811567
v -2.1101 -3.1995 1.6398
vn 0.998054 0.0483314 -0.0393992
v -2.133 -2.8135 1.4355
vn 0.998789 0.0373281 -0.032034
v -2.62086 -2.20296 0.378629
vn 0.402599 0.914009 -0.0500115
v -2.68575 -2.17925 0.42148
vn 0.13511 0.979833 -0.147216
v -2.6517 -2.1789 0.481867
vn 0.412072 0.9108 -0.0252765
v -2.69142 -2.17365 0.589717
vn 0.145752 0.989105 0.0206645
v -2.6744 -2.1766 0.64081
vn 0.308258 0.951136 -0.0178029
v -2.58561 -2.22449 0.745816
vn 0.640846 0.767669 0.00117001
v -2.62648 -2.19453 0.795485
vn 0.49704 0.867054 -0.0341782
v -2.4109 -2.23667 0.469094
vn 0.550804 0.834394 0.0200549
v -2.37833 -2.2686 0.471033
vn 0.944097 0.329616 0.00576656
v -2.40066 -2.24509 0.58688
vn 0.686608 0.726649 -0.0234761
v -2.17025 -2.473 0.4024
vn 0.992848 0.112352 -0.0403846
v -2.16367 -2.56664 0.43078
vn 0.994685 0.0883805 0.0528274
v -2.16805 -2.473 0.53863
vn 0.997161 0.0544592 -0.0520004
v -2.4473 -2.2143 0.334285
vn 0.272466 0.960841 -0.0504638
v -2.58486 -2.22467 0.456326
vn 0.651673 0.758334 -0.0158965
v -2.3759 -2.37075 0.79974
vn 0.979507 0.200861 -0.0148835
v -2.36186 -2.40632 0.806836
vn 0.807776 0.589263 -0.0163618
v -2.37322 -2.2913 0.747237
vn 0.99857 0.0477686 -0.0239837
v -2.37552 -2.2686 0.828125
vn 0.908881 0.4166 -0.0194729
v -2.16269 -2.69574 0.720275
vn 0.99863 0.0296853 -0.0430827
v -2.1669 -2.473 0.68622
vn 0.993446 0.112899 -0.0178498
v -2.45091 -2.222 0.686219
vn -0.275646 0.961219 0.00880545
v -2.6062 -2.19833 1.30218
vn 0.515743 0.856473 -0.0215065
v -2.6744 -2.172 1.3447
vn 0.278631 0.960386 0.00475908
v -2.6176 -2.19411 1.47806
vn 0.403736 0.914873 -0.00228357
v -2.6744 -2.17285 1.5036
vn 0.27301 0.961496 -0.0314922
v -2.64035 -2.17665 1.6398
vn 0.338934 0.940225 0.0331774
v -2.67055 -2.1769 1.7307
vn 0.213903 0.976549 0.0244334
v -2.35692 -2.41339 1.07362
vn 0.755914 0.653854 -0.0326952
v -2.37516 -2.36649 1.03034
vn 0.993899 0.110298 -0.000311384
v -2.37114 -2.36508 1.20414
vn 0.978169 0.207644 -0.00836318
v -2.33275 -2.42699 1.26986
vn 0.443916 0.896063 -0.00323551
v -2.37605 -2.27995 1.03964
vn 0.975265 0.220749 0.0113186
v -2.37623 -2.2686 1.23254
vn 0.979708 0.199852 -0.0151953
v -2.4015 -2.23746 0.850828
vn 0.706264 0.707944 -0.00270591
v -2.39115 -2.2425 1.28506
vn 0.803837 0.593524 -0.0396845
v -2.35826 -2.40922 1.32765
vn 0.881549 0.471651 0.0204
v -2.3774 -2.32535 1.31065
vn 0.997884 0.0650026 -0.00120553
v -2.1664 -2.46165 1.1176
vn 0.969723 0.243696 -0.0157771
v -2.19209 -2.42281 1.13959
vn 0.585233 0.810232 -0.0320451
v -2.2203 -2.41575 0.945202
vn 0.140376 0.989714 -0.0275733
v -2.25585 -2.42153 1.11405
vn -0.329546 0.944057 -0.0124588
v -2.25435 -2.42626 0.916106
vn -0.314264 0.949205 -0.0157737
v -2.17677 -2.43577 1.31348
vn 0.878955 0.475724 -0.0335385
v -2.16316 -2.47442 1.34609
vn 0.993135 0.110062 -0.0396111
v -2.2203 -2.4092 1.33335
vn -0.169853 0.985436 -0.00806667
v -2.3111 -2.42725 1.4307
vn -0.203045 0.978494 -0.0363728
v -2.58587 -2.2232 0.964352
vn 0.706452 0.707682 -0.0105318
v -2.64035 -2.17285 0.95868
vn 0.520596 0.853507 -0.0224858
v -2.6233 -2.19266 1.07929
vn 0.540533 0.840934 0.0255653
v -2.5622 -2.2459 1.1403
vn 0.797788 0.602421 -0.0249614
v -2.58005 -2.2195 1.322
vn 0.690205 0.723601 0.0042619
v -2.44767 -2.22273 1.38318
vn -0.572964 0.819459 -0.014138
v -2.37073 -2.3821 1.36173
vn 0.972703 0.230996 -0.0221316
v -2.33703 -2.42878 1.41706
vn 0.344275 0.938633 -0.0210645
v -2.35704 -2.40574 1.47243
vn 0.83106 0.554419 -0.0442588
v -2.14903 -2.66914 1.4206
vn 0.994877 0.0847599 -0.0550869
v -2.6062 -2.1942 1.6398
vn 0.632882 0.774208 -0.00785246
v -2.06759 -3.72157 1.89811
vn 0.98809 -0.134461 -0.0748243
v -2.08541 -3.50037 1.85839
vn 0.989291 0.114783 -0.090156
v -2.07725 -3.71035 1.7761
vn 0.99858 -0.0411269 -0.033854
v -2.6933 -2.1703 1.5074
vn 0.133816 0.988991 -0.0631711
v -2.0386 -3.5855 -0.23478
vn 0.452698 0.710333 0.538972
v -2.0889 -3.72965 -0.0289962
vn 0.962585 -0.215777 0.163922
v -2.09673 -3.64792 -0.14252
vn 0.980025 0.196221 -0.0323879
v -2.09147 -3.6082 0.0164143
vn 0.995267 0.096988 -0.00606948
v -1.92628 -3.23152 -0.335518
vn 0.933919 0.331919 -0.132759
v -1.9301 -3.1541 -0.40363
vn 0.971424 0.128938 -0.199274
v -1.94523 -3.11721 -0.329843
vn 0.974577 0.218618 -0.0490518
v -2.0091 -3.00655 -0.435925
vn 0.585878 0.308381 -0.749432
v -1.9442 -3.1541 -0.42634
vn 0.870183 0.12267 -0.477215
v -1.93297 -3.21604 -0.255402
vn 0.954936 0.150518 0.255814
v -1.93015 -2.8817 -0.362555
vn 0.650398 -0.516762 0.556721
v -2.00547 -2.63955 -0.261725
vn 0.510306 0.859993 0.000493377
v -1.95915 -2.6675 -0.366735
vn 0.228718 0.967309 -0.109547
v -1.91375 -2.69113 -0.321443
vn 0.739352 0.654835 -0.156683
v -2.03292 -2.76526 -0.211485
vn -0.0552492 -0.103233 0.993122
v -1.97617 -2.76243 -0.214603
vn 0.0838038 -0.148069 0.98542
v -2.1858 -2.7 -0.19929
vn 0.729387 -0.191815 0.65666
v -2.19388 -2.65176 -0.165225
vn 0.954837 -0.138497 0.262878
v -2.03764 -2.60352 -0.255235
vn 0.878023 0.466829 0.105578
v -1.9478 -2.7 -0.2046
vn 0.395468 0.047351 0.917258
v -1.7612 -2.7908 -0.22199
vn -0.818255 -0.100929 0.565925
v -2.629 -2.21535 -0.414985
vn 0.362507 0.926137 -0.104209
v -2.3733 -2.3821 -0.44904
vn 0.929023 0.36826 -0.0360571
v -2.3956 -2.3594 -0.33552
vn 0.943539 0.328278 0.0443597
v -2.39495 -2.32535 -0.440526
vn 0.996919 -0.0779886 -0.00838405
v -2.38685 -2.30265 -0.358225
vn 0.998602 0.0171939 -0.0499884
v -2.43665 -2.23197 -0.375253
vn 0.785386 0.61898 -0.00568995
v -2.39153 -2.2686 -0.28443
vn 0.811956 0.583681 -0.00654644
v -2.38297 -2.30265 -0.250372
vn 0.999611 0.0184072 0.0209473
v -2.4246 -2.23081 -0.190771
vn 0.475989 0.879051 -0.0265354
v -2.47375 -2.20052 -0.370098
vn 0.182019 0.982401 0.041916
v -2.4473 -2.2141 -0.307137
vn 0.510987 0.854181 0.0962655
v -2.47 -2.2044 -0.29011
vn 0.421676 0.882828 0.20689
v -2.59548 -2.23456 -0.317743
vn 0.588789 0.806229 -0.057648
v -2.4473 -2.22723 -0.187933
vn 0.017363 0.999849 -7.01546e-05
v -2.4733 -2.24067 -0.22483
vn -0.614103 0.78125 0.111923
v -2.58984 -2.22908 -0.0353818
vn 0.75313 0.657841 -0.00635754
v -2.10483 -3.5401 0.706084
vn 0.948509 0.313426 -0.0457717
v -2.084 -3.563 0.86786
vn 0.932942 0.356245 0.0520404
v -2.12065 -3.39255 0.81677
vn 0.996672 -0.0325775 0.0747237
v -2.1321 -3.40957 0.958675
vn 0.998667 -0.0397433 0.0329228
v -2.1681 -2.75108 0.371181
vn 0.999186 0.0134988 -0.0380048
v -2.12873 -3.27358 0.845312
vn 0.99564 0.056374 0.0743173
v -2.13386 -3.22875 0.918942
vn 0.998304 0.0321963 -0.0485109
v -2.13291 -3.15977 0.884888
vn 0.997889 0.0516277 0.0393943
v -2.1486 -3.06856 0.901915
vn 0.993385 0.113709 0.0160173
v -2.13859 -3.13353 0.999126
vn 0.997256 0.0730983 0.0117163
v -2.15042 -2.96399 0.916106
vn 0.998958 -0.012355 0.0439311
v -2.14745 -2.85325 0.882049
vn 0.999147 0.0314022 0.0268295
v -2.1644 -2.55032 0.761428
vn 0.998819 0.0413818 -0.0254694
v -2.15362 -2.73906 0.808966
vn 0.998259 0.0427339 -0.0406471
v -2.13405 -3.3812 1.03815
vn 0.999132 -0.0121417 -0.0398357
v -2.1274 -3.30454 1.07255
vn 0.999705 0.0176527 0.0166809
v -2.13285 -3.35564 1.17435
vn 0.998923 0.0268011 -0.0378698
v -2.1428 -3.1087 1.10625
vn 0.999295 0.0371743 0.00526963
v -2.14541 -3.02641 1.03247
vn 0.996971 0.00987007 -0.077146
v -2.13495 -2.95548 1.0495
vn 0.990693 0.0306705 -0.132615
v -2.3338 -2.4341 0.57269
vn 0.542804 0.839854 0.00290185
v -2.37584 -2.34237 0.849409
vn 0.999912 -0.0122466 -0.00517849
v -2.36233 -2.40692 0.938812
vn 0.927365 0.370995 0.0485518
v -2.33628 -2.43058 0.899077
vn 0.529355 0.848392 -0.0038197
v -2.16311 -2.48435 0.815353
vn 0.997235 0.0673303 -0.0314452
v -2.66745 -2.17595 1.0949
vn 0.271191 0.961281 0.0489339
v -2.667 -2.17595 1.163
vn 0.285968 0.958239 -0.00100177
v -2.66653 -2.17695 1.24812
vn 0.264728 0.964316 0.00379256
v -1.96482 -2.68498 -0.565786
vn 0.075776 0.997096 0.00760082
v -1.95915 -3.347 -0.22199
vn 0.416866 0.661694 0.623204
v -1.92245 -3.26193 -0.300915
vn 0.99137 0.086575 -0.0984386
v -1.93975 -3.12005 -0.2447
vn 0.981241 0.0821471 0.174408
v -1.97138 -2.67267 -0.465384
vn 0.224532 0.970149 -0.0916356
v -2.9014 -2.21185 -0.987927
vn 0.0242332 -0.0584342 0.997997
v -2.89005 -2.12379 -0.986256
vn 0.051751 0.0639478 0.996611
v -2.61321 -2.23634 -0.486591
vn 0.609442 0.790277 -0.0635801
v -2.37744 -2.39262 -0.724586
vn 0.967695 0.251297 0.0203959
v -2.39191 -2.3594 -0.747046
vn 0.970644 0.236251 0.0451251
v -2.39164 -2.34805 -0.63352
vn 0.98499 0.172037 -0.0140823
v -2.3792 -2.4048 -0.53949
vn 0.949826 0.311564 -0.0275447
v -2.40055 -2.28863 -0.650955
vn 0.918619 0.376318 -0.120513
v -2.39501 -2.30917 -0.735694
vn 0.974323 0.224278 0.0198375
v -2.41198 -2.26412 -0.60272
vn 0.829256 0.556424 0.0522194
v -2.39818 -2.3594 -0.534187
vn 0.877684 0.478814 -0.0201924
v -2.3863 -2.314 -0.52851
vn 0.991659 0.118605 0.0504486
v -2.06409 -2.58542 -0.507544
vn 0.864784 0.500915 -0.0351118
v -2.45045 -2.20358 -0.449042
vn 0.723126 0.685976 -0.0807825
v -2.48003 -2.1996 -0.440528
vn -0.449785 0.893122 0.00521677
v -1.65895 -2.62055 -0.34709
vn -0.383805 0.492531 -0.781093
v -2.12343 -3.43795 0.498895
vn 0.999816 0.0079163 -0.017463
v -2.15611 -2.84471 0.51025
vn 0.995892 0.0874835 -0.0233541
v -2.15338 -2.81066 0.591966
vn 0.997272 0.0695524 -0.0247382
v -2.1387 -3.313 0.6181
vn 0.98598 0.163919 0.0312138
v -2.13078 -3.15364 0.632671
vn 0.996501 0.053401 0.064298
v -2.14023 -3.12998 0.768522
vn 0.999131 0.0277711 -0.0310698
v -2.1302 -3.24035 0.765685
vn 0.99807 0.0574 -0.0236944
v -2.13935 -3.08316 0.694731
vn 0.999736 -0.0229102 -0.00150654
v -2.13255 -3.0179 0.74298
vn 0.998674 0.0496247 0.0137146
v -2.15253 -3.02925 0.865115
vn 0.997485 -0.0411164 0.0577257
v -2.1383 -2.9952 0.77704
vn 0.993291 0.0177241 0.114276
v -2.14833 -2.88591 0.657125
vn 0.994714 0.0915974 -0.0464005
v -2.1533 -2.77936 0.739656
vn 0.995003 0.09706 -0.0234011
v -2.14405 -2.87314 0.760008
vn 0.995294 0.0967022 -0.00626388
v -2.6744 -2.16366 0.92462
vn 0.22936 0.97276 -0.0336551
v -2.4696 -2.2232 0.36834
vn -0.599834 0.799175 -0.0389693
v -2.32245 -2.43727 0.764266
vn 0.281867 0.959127 -0.0250192
v -1.356 -2.64085 -0.39228
vn -0.353084 0.819784 0.450873
v -0.94877 -1.9734 -1.0287
vn 0.00310977 -0.0357774 0.999355
v -1.3802 -2.5865 -0.48784
vn -0.299851 0.58256 -0.755456
v -1.41425 -2.57515 -0.36142
vn -0.203569 0.246837 -0.947434
v -1.3509 -2.5865 -0.38093
vn -0.54475 0.382712 -0.746176
v -1.2439 -2.52975 -0.374375
vn 0.0191247 0.288514 -0.957285
v -1.20985 -2.61595 -0.40363
vn -0.467131 0.59812 -0.651185
v -1.2212 -2.59785 -0.384515
vn -0.274092 0.250923 -0.928392
v -1.9478 -3.52575 -0.639865
vn -0.135904 0.687025 0.713811
v -1.74465 -2.68195 -0.97126
vn -0.89025 0.414333 0.189163
v -1.74822 -2.64892 -0.977007
vn -0.47797 0.216113 0.851375
v -1.74135 -2.65735 -0.935575
vn -0.71079 0.674113 -0.200871
v -1.19397 -2.59501 -1.01865
vn 0.0440018 -0.143863 0.988619
v -1.823 -2.6319 -0.56257
vn -0.944899 0.314627 -0.0904185
v -1.8422 -2.68865 -0.460395
vn -0.977368 0.197331 -0.0762437
v -1.8343 -2.64693 -0.438535
vn -0.968818 0.241161 -0.0568647
v -1.84382 -2.66027 -0.375253
vn -0.951607 0.235963 -0.196891
v -1.6735 -2.6319 -0.47175
vn -0.949603 0.259799 0.175381
v -1.6765 -2.6546 -0.35647
vn 0.574946 0.406703 -0.70995
v -1.9705 -3.56565 -0.58873
vn 0.212236 0.733545 0.645653
v -1.97473 -3.53115 -0.616215
vn 0.491757 0.66884 0.557519
v -1.94295 -3.5855 -0.56602
vn -0.071878 0.996158 0.0500267
v -1.96145 -3.5817 -0.559752
vn 0.428927 0.902301 0.0433005
v -2.16746 -2.64041 -0.781104
vn 0.906904 0.370714 -0.200241
v -2.17379 -2.57247 -0.690256
vn 0.856687 0.424789 -0.292646
v -2.1521 -2.64105 -0.739115
vn 0.788099 0.381551 -0.483031
v -2.1294 -2.6234 -0.74421
vn -0.362326 0.659122 -0.658998
v -2.1294 -2.66225 -0.521545
vn 0.352965 0.521316 0.776946
v -2.06315 -3.73305 -0.165985
vn 0.833541 -0.0590819 0.54929
v -1.9064 -3.64337 -0.233345
vn 0.668452 0.456331 0.587311
v -2.0159 -3.64185 -0.192138
vn 0.0516762 0.549773 0.833714
v -1.9932 -3.6127 -0.22199
vn 0.0903436 0.721762 0.68622
v -2.04995 -3.69475 -0.173
vn 0.213706 0.122685 0.969164
v -2.0159 -3.6763 -0.17924
vn -0.00197631 0.198496 0.9801
v -1.98185 -3.68965 -0.17658
vn -0.0297498 -0.00727062 0.999531
v -1.9478 -3.6536 -0.18191
vn 0.350776 0.50823 0.786548
v -1.9061 -3.4234 -0.233345
vn 0.788457 0.327361 0.52074
v -1.8797 -3.41095 -0.26908
vn 0.396591 0.245387 0.884591
v -1.93295 -3.35322 -0.253215
vn 0.39017 0.434332 0.811864
v -1.8914 -3.3585 -0.2674
vn 0.384465 0.140082 0.912449
v -1.94764 -3.4102 -0.19843
vn 0.213511 0.116048 0.970024
v -1.97015 -3.39822 -0.201307
vn -0.45703 0.146666 0.877276
v -1.90931 -3.30574 -0.298645
vn 0.51367 0.821 -0.249205
v -1.9128 -3.2903 -0.2674
vn 0.732472 0.0971145 0.673835
v -1.94677 -3.27895 -0.218335
vn 0.636345 -0.0176176 0.771203
v -1.8887 -2.7908 -0.65339
vn 0.893907 0.364375 -0.261076
v -1.86835 -2.8135 -0.632895
vn 0.38413 0.40385 -0.830271
v -1.84136 -2.78521 -0.612362
vn -0.518008 0.551907 -0.653503
v -1.85575 -2.77234 -0.554052
vn -0.587188 0.797398 -0.139162
v -1.8797 -2.7808 -0.52851
vn 0.410521 0.90788 -0.0850041
v -1.83825 -2.73405 -0.56257
vn -0.940089 0.266294 -0.212887
v -1.8473 -2.7454 -0.505805
vn -0.942211 0.319249 -0.101583
v -1.83667 -2.68292 -0.52851
vn -0.987712 0.140721 -0.0679849
v -1.87402 -3.34518 -0.299885
vn 0.630649 0.577272 0.51869
v -1.8547 -2.7454 -0.44904
vn -0.630126 0.751729 -0.194539
v -1.883 -2.7496 -0.43769
vn 0.420558 0.89797 -0.129538
v -1.8482 -2.7227 -0.414985
vn -0.935887 0.350449 -0.0360619
v -1.86835 -2.7492 -0.39228
vn -0.441386 0.897308 -0.00411553
v -1.8797 -2.7454 -0.34753
vn 0.63141 0.691833 -0.350271
v -1.857 -2.7431 -0.35822
vn -0.901539 0.378645 -0.209417
v -1.8512 -2.9725 -0.017643
vn -0.968814 0.24751 -0.0117322
v -1.8504 -2.9725 0.050472
vn -0.956636 0.282346 0.0716183
v -1.5024 -2.6319 -0.37452
vn 0.426387 0.0123826 -0.904456
v -2.1521 -2.6443 -0.42634
vn 0.844733 0.481848 -0.232915
v -2.1389 -2.681 -0.47175
vn 0.449421 0.844408 -0.29154
v -2.15635 -2.66562 -0.49445
vn 0.820215 0.56114 -0.111217
v -2.13295 -2.65477 -0.403459
vn -0.527109 0.765854 -0.368272
v -2.3111 -2.4631 -0.97126
vn 0.0124125 0.867251 0.497716
v -2.2847 -2.45763 -0.959905
vn -0.487624 0.873052 -0.00160098
v -1.68665 -3.1087 0.33632
vn 0.0378448 0.0842483 0.995726
v -2.65224 -2.25642 -0.918757
vn -0.332741 0.734283 -0.591702
v -2.2884 -2.32535 -1.02725
vn 0.00529269 -0.0182574 0.999819
v -2.2884 -2.27995 -1.0247
vn -0.398855 -0.0496497 0.915669
v -2.243 -2.1919 -0.99397
vn -0.810132 0.0751115 0.581416
v -2.26683 -2.22036 -1.01513
vn -0.542412 0.00334419 0.840106
v -2.22545 -2.12673 -0.965725
vn -0.243 0.26042 0.934415
v -2.19985 -2.1778 -0.92585
vn -0.345449 0.462992 -0.816275
v -2.20774 -2.14408 -0.905848
vn -0.325116 0.58126 -0.745947
v -2.22365 -2.12933 -0.875105
vn -0.303454 0.445958 0.842043
v -2.15914 -2.13402 -0.905968
vn -0.507207 0.858859 -0.0714298
v -2.16285 -2.13763 -0.97126
vn -0.521072 0.466391 0.714817
v -2.1689 -2.15505 -0.9372
vn -0.803786 0.559988 -0.200852
v -2.1748 -2.16135 -0.970315
vn 0.258916 -0.0944273 0.961273
v -2.3049 -2.473 -0.63068
vn -0.619955 0.780083 -0.0844177
v -2.54324 -2.36428 -0.687445
vn 0.812185 0.577131 -0.0852978
v -2.53425 -2.35543 -0.432012
vn 0.937395 0.339478 -0.0777509
v -2.50972 -2.37667 -0.39228
vn 0.313167 0.921882 -0.228166
v -2.50317 -2.38368 -0.42634
vn 0.13796 0.952623 -0.271064
v -2.5154 -2.3724 -0.30146
vn 0.527906 0.849113 0.0179696
v -2.53725 -2.35815 -0.31281
vn 0.887858 0.458341 0.0403925
v -2.48805 -2.3647 -0.278755
vn -0.731344 0.680727 0.0417929
v -2.49838 -2.37285 -0.187935
vn -0.124494 0.992194 0.00727623
v -2.5235 -2.36515 -0.22199
vn 0.443463 0.895516 -0.0373099
v -2.5213 -2.36425 -0.17658
vn 0.558199 0.827578 -0.0593973
v -2.4822 -2.3594 -0.22199
vn -0.788008 0.615183 0.0243568
v -2.498 -2.2232 -0.49445
vn -0.781418 0.61996 0.070959
v -2.4818 -2.2232 -0.35822
vn -0.914459 0.387011 0.118272
v -2.4946 -2.31225 0.050472
vn -0.772955 0.622349 -0.123378
v -2.5 -2.314 0.20941
vn -0.886209 0.462995 -0.01643
v -2.4947 -2.3167 0.272112
vn -0.864097 0.481335 0.147149
v -2.48295 -2.27995 0.243465
vn -0.900647 0.427701 -0.0768568
v -2.17695 -2.65828 -0.85773
vn 0.977586 0.209145 -0.0241644
v -2.1595 -2.6773 -0.885145
vn 0.677403 0.323305 0.660756
v -2.1521 -2.5638 -0.30075
vn -0.372473 0.564238 -0.736817
v -2.70435 -2.2232 -0.884025
vn -0.386113 0.491114 -0.780848
v -2.47 -2.26065 -0.91383
vn -0.69108 0.663363 -0.286979
v -2.44912 -2.26663 -0.959905
vn -0.380897 0.884785 -0.268465
v -2.4883 -2.2686 -0.83503
vn -0.861869 0.501929 -0.0724529
v -2.2226 -2.1796 -0.9372
vn -0.286395 0.957474 0.0349436
v -2.23515 -2.2005 -0.9372
vn -0.809695 0.499367 -0.308265
v -2.5924 -2.25682 -0.811069
vn 0.806519 0.591207 -0.000626889
v -2.46828 -2.2459 -0.141408
vn -0.882256 0.462345 0.0886615
v -2.47016 -2.25352 0.093045
vn -0.837643 0.546217 -0.00056194
v -2.53315 -2.34805 -0.38093
vn 0.965357 0.249084 0.0777389
v -2.4783 -2.2459 0.32293
vn -0.863964 0.500944 -0.0511932
v -2.46873 -2.24445 0.542711
vn -0.813234 0.580594 0.0395035
v -2.50405 -2.3523 0.884888
vn 0.218 0.97159 0.0921397
v -2.5154 -2.3554 0.91327
vn 0.14831 0.988917 -0.00684843
v -2.4638 -2.2459 0.93597
vn -0.827632 0.561044 -0.01594
v -2.4927 -2.35195 0.97003
vn 0.0513374 0.973494 -0.222876
v -2.5154 -2.3469 0.98138
vn 0.698614 0.705186 -0.121041
v -2.4733 -2.2603 1.0041
vn -0.91236 0.408917 -0.0196443
v -2.5048 -2.33785 1.08922
vn 0.439234 0.897823 -0.0314277
v -2.53437 -2.32555 0.293623
vn 0.827525 0.544272 0.137734
v -2.56053 -2.2819 0.261914
vn 0.878298 0.47811 0.00205808
v -2.46377 -2.2459 0.714597
vn -0.831078 0.555942 0.0154485
v -2.5511 -2.2913 1.26093
vn 0.847868 0.530194 -0.0037765
v -2.4918 -2.33815 1.17435
vn -0.0353021 0.999263 0.0150835
v -2.46445 -2.25725 1.42415
vn -0.878847 0.469613 0.0842139
v -2.4604 -2.2686 1.549
vn -0.899441 0.434455 0.0474939
v -2.4612 -2.2686 1.7307
vn -0.91585 0.398468 -0.0494137
v -2.5428 -2.314 0.112911
vn 0.868717 0.487331 0.0885403
v -2.55825 -2.2686 0.504572
vn 0.882883 0.469001 -0.0235844
v -2.528 -2.3367 0.54998
vn 0.815452 0.578109 -0.0287693
v -2.5154 -2.34945 0.794068
vn 0.612582 0.790391 -0.0050298
v -2.5772 -2.2232 1.62278
vn 0.881585 0.472006 -0.00431044
v -2.56885 -2.2459 1.75905
vn 0.890234 0.455397 0.00984874
v -2.4019 -2.22548 1.62402
vn 0.229923 0.973087 -0.0153858
v -2.46205 -2.26292 1.79312
vn -0.915365 0.379672 -0.134003
v -2.15545 -2.45471 1.92507
vn 0.982462 0.184703 -0.0255681
v -2.21015 -2.40457 1.96927
vn -0.121021 0.991735 -0.0426013
v -2.61749 -2.19237 1.76329
vn 0.531147 0.846745 -0.0300801
v -2.57851 -2.22708 1.89811
vn 0.840037 0.542477 -0.00755104
v -2.4019 -2.2122 1.85555
vn 0.551404 0.833135 -0.0428999
v -2.6176 -2.1811 1.9123
vn 0.558731 0.829193 0.0160951
v -2.4942 -2.3367 0.57269
vn -0.728839 0.684654 0.00642678
v -2.54091 -2.314 0.981382
vn 0.85343 0.520928 -0.0170576
v -2.54419 -2.30265 0.765224
vn 0.896453 0.44305 0.00883066
v -2.4927 -2.3451 1.0041
vn -0.311926 0.944716 -0.101067
v -2.5558 -2.2913 1.4128
vn 0.876675 0.48094 0.0117473
v -2.6176 -2.1847 2.0939
vn 0.533694 0.843993 -0.0533549
v -2.57227 -2.23215 2.0939
vn 0.875185 0.483071 -0.0263438
v -2.5562 -2.29013 1.75619
vn 0.860416 0.509583 -0.00307837
v -2.3338 -2.42431 1.83359
vn 0.484427 0.874468 -0.0252394
v -2.4691 -2.2913 1.56035
vn -0.926862 0.373599 0.0367515
v -2.4615 -2.2913 1.65115
vn -0.927095 0.374293 0.0199928
v -2.4852 -2.34675 0.941647
vn -0.571943 0.818869 -0.0483128
v -1.84565 -2.7227 -0.460395
vn -0.948442 0.296607 -0.111725
v -2.50405 -2.35136 -0.96685
vn -0.360429 0.788171 0.498877
v -2.46685 -2.2913 -0.959905
vn -0.871048 0.473856 -0.129365
v -2.48138 -2.2974 -0.99397
vn -0.777908 0.457166 0.431112
v -2.17246 -2.04065 -0.992821
vn 0.00172031 0.241404 0.970423
v -2.54475 -2.35373 -0.551215
vn 0.965417 0.258255 -0.0357069
v -2.552 -2.32096 -0.498212
vn 0.903205 0.418864 -0.0936707
v -2.55031 -2.33102 -0.620749
vn 0.936853 0.349298 -0.01721
v -2.5357 -2.314 -0.35822
vn 0.896944 0.437035 -0.0670156
v -2.483 -2.2686 -0.19929
vn -0.934396 0.340085 0.106047
v -2.1521 -2.60685 -0.34687
vn -0.0252849 0.73926 -0.672946
v -2.53974 -2.3367 -0.191803
vn 0.921999 0.38085 -0.069795
v -2.53575 -2.32535 -0.0487856
vn 0.905192 0.418659 -0.0731624
v -2.4814 -2.2913 0.095882
vn -0.905228 0.424266 0.023699
v -2.5045 -2.3367 0.095882
vn -0.67489 0.663433 0.323078
v -2.5154 -2.356 0.14129
vn 0.0449528 0.994903 0.0902606
v -2.1294 -2.66325 -0.882685
vn -0.659582 0.207972 0.722287
v -2.52675 -2.3349 -0.980868
vn 0.398464 0.485404 0.778209
v -2.53242 -2.36857 -0.914495
vn 0.290791 0.940165 0.177567
v -2.29975 -2.39288 -1.01965
vn 0.150188 0.343888 0.926922
v -2.2657 -2.3726 -1.02115
vn -0.244829 0.243369 0.938526
v -2.33531 -2.3044 -1.01596
vn 0.403423 0.0684798 0.912447
v -2.34278 -2.41192 -0.99397
vn 0.630726 0.281417 0.72318
v -2.18507 -2.2459 -0.97385
vn 0.518958 -0.0654105 0.852294
v -2.18722 -2.21185 -0.97049
vn 0.433371 -0.0683953 0.898616
v -2.19765 -2.2005 -0.946272
vn 0.523626 0.598923 -0.605893
v -2.535 -2.38065 -0.83503
vn 0.677493 0.731771 0.0742576
v -2.5549 -2.3594 -0.81232
vn 0.950479 0.310418 0.0151523
v -2.56135 -2.314 -0.783635
vn 0.94634 0.322546 -0.0201121
v -2.54145 -2.36219 -0.622169
vn 0.962723 0.270083 0.0148262
v -2.4937 -2.3367 0.32293
vn -0.519632 0.842846 0.139972
v -2.4927 -2.34935 0.856505
vn -0.47709 0.87708 0.0558205
v -2.478 -2.3367 0.89056
vn -0.714288 0.698095 0.0495501
v -1.66013 -2.87615 -0.261725
vn 0.890595 -0.429183 0.150477
v -2.48635 -2.33935 1.0495
vn -0.411588 0.911096 0.0223389
v -2.47439 -2.32702 1.14881
vn -0.695112 0.718592 0.0210697
v -2.18648 -2.59217 -0.818
vn 0.970662 0.238818 0.0279413
v -2.88038 -2.46165 -0.99496
vn -0.0564326 0.0126121 0.998327
v -2.9014 -2.30832 -0.999365
vn -0.0691197 -0.01039 0.997554
v -2.83898 -2.43448 -0.992592
vn -0.057567 0.074193 0.995581
v -2.76342 -2.40703 -0.990495
vn -0.18561 0.156418 0.970094
v -2.67905 -2.32995 -0.97126
vn -0.564766 0.367594 0.73886
v -2.66305 -2.2887 -0.978595
vn -0.581853 0.478611 0.657556
v -2.68115 -2.3461 -0.94855
vn -0.8464 0.458845 0.270313
v -2.9014 -1.9734 -0.99359
vn 0.00223148 -0.029419 0.999565
v -2.59315 -2.27525 -0.94134
vn 0.537388 0.842702 0.0326637
v -2.38226 -2.3187 -0.904792
vn 0.9861 0.149944 0.0715809
v -2.2471 -2.2232 -0.99397
vn -0.733505 0.0155769 0.679505
v -2.20398 -2.25725 -0.953514
vn 0.985595 -0.137889 0.0979221
v -2.0702 -2.17496 -0.974171
vn 0.763729 -0.015101 0.64536
v -2.04592 -2.13935 -0.995892
vn 0.369792 0.0617501 0.92706
v -2.08615 -2.16031 -0.938726
vn 0.915086 0.285044 0.28525
v -2.08143 -2.27447 -0.936114
vn 0.988094 -0.0465436 0.14664
v -2.17607 -2.60219 -0.869085
vn 0.840736 -0.0948546 0.533072
v -2.81344 -2.33244 -0.995344
vn -0.0145932 0.00513898 0.99988
v -2.7049 -2.27711 -0.993313
vn 0.0156634 0.0476126 0.998743
v -2.63845 -2.24692 -0.99242
vn -0.152337 0.269615 0.950842
v -2.80313 -2.08216 -0.99501
vn 0.0382729 0.0198031 0.999071
v -2.57215 -2.1551 -1.00406
vn 0.0510511 0.0725607 0.996057
v -2.6517 -2.087 -1.0054
vn 0.0362934 -0.020462 0.999132
v -2.57215 -1.9734 -0.999595
vn 0.0327279 -0.0674713 0.997184
v -2.3771 -2.4275 -0.83503
vn 0.961521 0.271022 0.0450012
v -2.55225 -2.26526 -0.987205
vn 0.39353 0.327212 0.859108
v -2.50405 -2.27428 -0.99975
vn 0.0101526 0.1037 0.994557
v -2.5694 -2.30394 -0.924433
vn 0.879728 0.472168 0.0560067
v -2.365 -2.2913 -0.99397
vn 0.899843 0.147555 0.4105
v -2.3792 -2.2577 -0.99397
vn 0.310866 0.343249 0.886308
v -2.40777 -2.2775 -0.910238
vn 0.672202 0.738947 0.045834
v -2.39945 -2.2674 -0.97126
vn 0.250535 0.881964 0.399214
v -2.064 -2.4389 -1.0167
vn 0.402036 0.110869 0.908887
v -2.0872 -2.2686 -0.90314
vn 0.835318 -0.0501948 0.54747
v -2.1067 -2.21185 -0.884475
vn 0.405879 0.00765445 0.913895
v -2.03292 -2.27995 -1.00953
vn 0.256637 -0.0631478 0.964443
v -1.9705 -2.30755 -1.02032
vn -0.0106353 -0.0882479 0.996042
v -2.45865 -2.18587 -1.00923
vn 0.0490723 0.129104 0.990416
v -2.45865 -2.10324 -1.01563
vn 0.0598066 -0.0575767 0.996548
v -2.37812 -2.19433 -1.01621
vn 0.116883 0.121691 0.985662
v -2.4416 -2.2484 -0.99397
vn -0.172096 0.460798 0.870659
v -2.3111 -2.1324 -1.0228
vn -0.058963 -0.0431102 0.997329
v -2.3812 -2.09032 -1.01682
vn -0.0327557 -0.119683 0.992272
v -2.26574 -2.09857 -1.00997
vn -0.295323 -0.193569 0.935583
v -2.36501 -1.9734 -1.00497
vn -0.0156891 -0.0531045 0.998466
v -2.2428 -2.087 -0.994135
vn -0.308427 0.0259569 0.950894
v -2.10103 -2.10582 -0.977541
vn 0.244545 0.392388 0.886696
v -2.06553 -2.04724 -0.997672
vn 0.12286 0.104217 0.986937
v -2.0973 -2.17163 -0.90314
vn 0.751982 0.261173 0.605237
v -1.9932 -2.10332 -1.00883
vn 0.0610324 -0.0233225 0.997863
v -1.88538 -2.20618 -1.0099
vn -0.0165522 -0.040331 0.999049
v -2.1521 -1.9734 -1.0023
vn 0.00568556 0.0676201 0.997695
v -1.95347 -1.9734 -1.00443
vn -0.0352509 -0.0433656 0.998437
v -1.79457 -1.9734 -1.00784
vn 0.032494 0.00254431 0.999469
v -2.29822 -2.47343 -0.80981
vn -0.463542 0.866555 -0.184964
v -2.35797 -2.45207 -0.667579
vn 0.852402 0.522816 -0.00857507
v -2.57655 -2.2913 -0.61933
vn 0.806176 0.590593 -0.0357804
v -2.393 -2.2913 -0.83503
vn 0.862825 0.502977 0.0504686
v -2.3815 -2.4275 -0.596625
vn 0.914544 0.399543 0.0630443
v -2.358 -2.4515 -0.52851
vn 0.624838 0.780669 -0.011569
v -2.37095 -2.4275 -0.460395
vn 0.981704 0.187983 -0.0303187
v -2.19844 -2.52946 -0.821288
vn 0.947934 0.236438 0.213349
v -2.2222 -2.47035 -0.778265
vn 0.870405 0.488845 0.0585387
v -2.55266 -2.29697 -0.304296
vn 0.935055 0.354122 0.0164365
v -2.54825 -2.2913 -0.233345
vn 0.902306 0.431017 0.00823319
v -2.1748 -2.5865 -0.33126
vn 0.771009 0.378093 -0.512437
v -1.90558 -2.72885 -0.831052
vn 0.951653 0.305241 0.0344092
v -1.897 -2.73353 -0.901143
vn 0.903316 0.334501 0.268568
v -1.92037 -2.69599 -0.651968
vn 0.551036 0.834437 -0.00859346
v -1.90188 -2.71919 -0.620084
vn 0.940687 0.339186 -0.00778692
v -2.06485 -2.5865 -0.71015
vn 0.94413 0.323293 0.0640343
v -2.1382 -3.472 -0.15387
vn 0.968738 0.185549 0.164674
v -2.16069 -3.33335 -0.149131
vn 0.969272 0.141486 -0.201229
v -2.14915 -3.313 -0.196785
vn 0.582868 -0.000289968 0.812567
v -2.12455 -3.4947 -0.0318343
vn 0.991396 0.128275 -0.0260609
v -2.13425 -3.37127 -0.0701481
vn 0.99522 0.0556751 -0.0802324
v -2.14788 -3.28506 -0.108519
vn 0.979921 0.0190804 -0.198472
v -2.1151 -3.5401 -0.15387
vn 0.973752 0.22107 -0.0541719
v -2.13221 -3.3631 0.021381
vn 0.997119 0.0575326 -0.0494284
v -2.1114 -3.52449 0.130966
vn 0.85792 0.504268 0.0984234
v -2.1294 -3.46065 0.10587
vn 0.991263 -0.0638398 0.115426
v -2.12781 -3.30411 0.117018
vn 0.997397 0.0665415 -0.0277867
v -2.1546 -3.23953 -0.165225
vn 0.977523 -0.122675 0.171464
v -2.1599 -3.1314 -0.15387
vn 0.989935 0.137249 -0.0345199
v -1.91643 -2.69531 -0.454718
vn 0.746571 0.663005 -0.0552804
v -1.94836 -2.99108 -0.242264
vn 0.85412 0.126219 0.504527
v -2.14156 -3.22788 0.0277666
vn 0.997818 0.0586096 -0.0303888
v -2.1389 -3.1541 0.027767
vn 0.999506 0.0115723 -0.0292107
v -2.14829 -3.10054 -0.0363895
vn 0.984493 0.128164 -0.119782
v -2.17127 -3.05013 -0.1201
vn 0.926525 0.247586 -0.283289
v -2.17695 -2.9725 -0.053549
vn 0.981296 0.0458238 -0.18697
v -2.1803 -2.9498 -0.10846
vn 0.94217 0.0118755 -0.334926
v -2.15593 -2.96966 0.00384406
vn 0.984596 0.0208977 -0.173594
v -2.14868 -3.0069 0.0834786
vn 0.998253 0.0475851 -0.0350124
v -2.14346 -3.07465 0.156903
vn 0.997909 0.0339921 -0.0549749
v -2.13708 -3.16545 0.200892
vn 0.998522 0.0330225 -0.0431733
v -2.16315 -2.89305 -0.063054
vn 0.985571 -0.0258254 -0.167278
v -1.81885 -3.57165 -0.959905
vn 0.729131 0.68437 -0.00239581
v -1.70935 -2.63318 -0.972555
vn -0.0887061 0.664803 0.741733
v -1.2857 -2.71685 -0.19929
vn 0.884459 0.457836 -0.0901036
v -1.48137 -3.31285 -0.0988462
vn 0.726542 0.642756 -0.2429
v -2.06986 -2.54394 -0.914495
vn 0.885941 0.357493 0.295479
v -1.99887 -2.4389 -1.0287
vn 0.110299 -0.0697853 0.991445
v -1.88821 -2.39629 -1.02869
vn -0.00796205 -0.0778486 0.996933
v -2.243 -2.2109 -0.90314
vn -0.659748 0.148468 0.736675
v -2.1836 -2.5865 -0.44904
vn 0.906092 0.409281 0.107174
v -2.20368 -2.48738 -0.413607
vn 0.949485 0.276399 -0.148598
v -1.75341 -2.46872 -1.02767
vn -0.0671014 0.00674726 0.997723
v -1.7138 -2.35943 -1.01642
vn -0.00138007 -0.0802725 0.996772
v -1.7662 -2.16645 -1.00505
vn 0.00839701 -0.0320858 0.99945
v -1.69378 -2.24732 -1.01327
vn 0.0241517 -0.0321709 0.999191
v -1.52185 -2.32961 -1.01732
vn 0.0075497 -0.00901524 0.999931
v -1.55045 -2.16007 -1.0177
vn 0.0261278 -0.00362836 0.999652
v -1.67709 -2.08771 -1.0108
vn 0.0418822 0.0108244 0.999064
v -1.44401 -1.9734 -1.01899
vn 0.0361923 -0.00605805 0.999326
v -1.33586 -2.13311 -1.02124
vn 0.0270088 0.0276538 0.999253
v -1.2326 -1.9734 -1.02465
vn 0.00928191 -0.0144349 0.999853
v -2.17346 -2.72167 -0.0204817
vn 0.997267 0.056318 -0.047828
v -1.8797 -3.9261 -1.0131
vn 0.00558271 -0.059187 0.998231
v -1.7662 -3.7444 -1.0058
vn -0.173604 -0.130854 0.976083
v -1.6753 -3.71035 -0.97575
vn -0.173265 0.142501 0.974511
v -1.61713 -3.68458 -0.986475
vn 0.0806257 0.27103 0.959188
v -1.5391 -3.71035 -0.991385
vn -0.0095269 0.00684229 0.999931
v -1.68097 -3.59401 -1.009
vn 0.0257109 0.179857 0.983357
v -1.51072 -2.62055 -1.00425
vn 0.10456 -0.24987 0.962617
v -1.53309 -3.0599 0.219446
vn 0.97707 0.0154994 -0.212354
v -1.54038 -3.00685 0.200675
vn 0.927904 0.0848386 0.363039
v -1.5391 -2.927 -0.0263478
vn 0.424327 0.905313 -0.0188226
v -1.80522 -2.56115 -1.02059
vn -0.107791 0.355278 0.928525
v -1.61594 -2.49002 -1.01801
vn -0.0165543 0.0670909 0.99761
v -1.45444 -2.51557 -1.01619
vn -0.00989488 0.112565 0.993595
v -1.53343 -2.57539 -1.00022
vn -0.000976249 0.241128 0.970493
v -1.6299 -2.4048 -1.0223
vn -0.0121637 7.27184e-05 0.999926
v -1.36885 -2.27023 -1.0204
vn 0.0122439 -0.00829347 0.999891
v -1.24035 -2.2342 -1.02121
vn 0.0572512 0.0244184 0.998061
v -1.22351 -2.06749 -1.02505
vn 0.0335325 -0.00923951 0.999395
v -1.1531 -2.2005 -1.0309
vn 0.0381864 -0.00411121 0.999262
v -2.15148 -2.92422 0.347399
vn 0.993798 0.109867 -0.0171794
v -1.91108 -3.48902 -0.982615
vn 0.889063 0.352822 0.291692
v -1.89105 -3.472 -1.00728
vn 0.263519 0.169992 0.949558
v -1.77755 -3.58829 -1.01209
vn 0.059378 0.178079 0.982223
v -1.8265 -3.59685 -0.99397
vn 0.97719 0.201778 -0.0662228
v -1.38588 -3.66495 -1.00515
vn 0.0457005 0.129041 0.990586
v -1.34422 -2.64513 -1.01952
vn 0.051629 -0.19399 0.979644
v -1.33334 -2.57515 -0.999873
vn 0.0334134 0.00631303 0.999422
v -1.26071 -2.50082 -1.01705
vn 0.0269966 0.094602 0.995149
v -1.18284 -2.54696 -1.01729
vn 0.123804 0.0613624 0.990408
v -1.1985 -2.41615 -1.0262
vn 0.0322246 0.0244952 0.99918
v -1.09635 -2.473 -1.01985
vn 0.0361572 0.00538936 0.999332
v -1.08784 -2.39912 -1.0273
vn 0.0223305 0.0253709 0.999429
v -1.05095 -2.30265 -1.0269
vn 0.0218753 -0.0050401 0.999748
v -1.0396 -2.17213 -1.03116
vn -0.015233 0.0204167 0.999676
v -0.94877 -2.34805 -1.0319
vn 0.0228435 -0.00111279 0.999738
v -1.1985 -2.6025 -0.42634
vn 0.155447 0.910035 0.384281
v -1.5618 -3.6309 -1.011
vn 0.00151243 0.211108 0.977462
v -1.4937 -3.65927 -0.996098
vn 0.0177549 0.289425 0.957036
v -1.36953 -3.53726 -1.02526
vn 0.0216809 0.00851821 0.999729
v -1.37593 -3.59274 -1.02001
vn 0.017449 0.145316 0.989231
v -1.5308 -2.63573 -0.661594
vn 0.875519 0.475874 -0.0837299
v -1.27512 -2.49799 -0.354003
vn -0.0945882 0.808464 -0.580894
v -1.95915 -3.9261 -1.0148
vn -0.041556 -0.00101434 0.999136
v -1.3007 -3.9261 -1.02725
vn 0.0437527 -0.0429859 0.998117
v -1.27088 -3.73875 -1.02435
vn 0.0898237 -0.0848107 0.99234
v -1.90153 -2.77008 -0.890835
vn 0.983502 -0.179707 0.0207064
v -2.2345 -2.1778 -0.97126
vn -0.692674 0.237064 0.681178
v -2.33643 -2.4505 -0.24084
vn 0.228633 0.973478 -0.00817293
v -2.56186 -2.28363 -0.0658902
vn 0.874289 0.485385 0.00459196
v -1.9565 -3.03493 -0.333178
vn 0.895607 -0.0406983 -0.442981
v -2.14288 -2.20618 -0.978175
vn -0.42644 0.145887 0.892673
v -2.17485 -2.471 0.0402225
vn 0.996109 0.055409 -0.0685373
v -2.56402 -2.2459 1.29925
vn 0.938672 0.344458 0.0156077
v -2.36553 -2.36366 1.52772
vn 0.994525 0.0994535 -0.0320845
v -2.3709 -2.2686 1.4809
vn 0.993571 0.112966 -0.00747502
v -2.38 -2.2459 1.51495
vn 0.843915 0.536476 -0.00100171
v -2.17947 -2.56238 0.0838204
vn 0.998196 0.0517719 -0.0304105
v -2.30826 -2.43684 0.97003
vn -0.034274 0.999088 -0.0254487
v -2.29975 -2.4316 1.24817
vn -0.0498585 0.998735 -0.0064796
v -2.1754 -2.7454 -0.129825
vn 0.953289 0.0135085 -0.301756
v -2.1637 -2.82485 0.0845295
vn 0.994822 0.0973893 -0.0290717
v -2.15386 -2.85643 0.188744
vn 0.991774 0.117405 0.0509985
v -2.1706 -2.7 0.073177
vn 0.998801 0.0485052 0.00661334
v -2.16859 -2.65744 0.168254
vn 0.999131 0.0191355 -0.0370234
v -2.17046 -2.62339 0.0873676
vn 0.992715 0.0903843 -0.0796659
v -2.165 -2.77094 0.182444
vn 0.995356 0.0840875 -0.046849
v -2.1774 -2.5411 0.23211
vn 0.995535 0.0828161 -0.0452904
v -2.36932 -2.4275 -0.214186
vn 0.777596 0.628336 -0.0231912
v -2.3338 -2.43505 0.288875
vn 0.271976 0.962286 -0.00594335
v -2.1829 -2.53968 -0.027577
vn 0.994888 0.0135854 -0.100067
v -2.1675 -2.8362 0.27752
vn 0.999256 0.0329611 0.0200488
v -2.16117 -2.62622 0.402401
vn 0.999519 -0.0159552 -0.0265934
v -2.10383 -3.33149 -0.21954
vn 0.356224 -0.0602949 0.932453
v -2.1701 -2.7227 -0.085759
vn 0.999937 0.0092448 -0.00635632
v -2.1609 -2.8703 -0.0062905
vn 0.997016 0.0427163 -0.0642932
v -2.1067 -3.5415 0.41375
vn -0.291341 0.95456 -0.0627278
v -2.1349 -3.36985 0.49322
vn 0.999877 -0.0146853 -0.00549652
v -2.12555 -3.37412 0.586902
vn 0.983983 0.154407 -0.0890851
v -2.12597 -3.30737 0.370472
vn 0.999943 -0.000511083 -0.010636
v -2.13609 -3.10019 0.388207
vn 0.99651 0.0802141 0.0230885
v -2.13851 -3.11721 0.31158
vn 0.99582 0.0872446 -0.0270397
v -2.15047 -2.97817 0.362668
vn 0.99576 0.0782127 -0.0484325
v -2.14305 -3.03492 0.271847
vn 0.997947 0.0503059 0.0396315
v -2.129 -3.18531 0.439044
vn 0.992166 0.120625 -0.0324892
v -2.1291 -3.19493 0.527275
vn 0.997321 0.0711284 0.0171046
v -2.12688 -3.31529 0.536792
vn 0.99503 -0.0225304 0.0969882
v -2.1458 -3.04911 0.532952
vn 0.998567 0.0527853 -0.00885799
v -2.14991 -3.03493 0.444971
vn 0.997265 0.073912 0.000295634
v -2.14542 -2.95335 0.512379
vn 0.998932 0.0325199 -0.0328293
v -2.12825 -3.313 0.671215
vn 0.99776 0.0199533 -0.0638438
v -2.1426 -3.0406 0.65216
vn 0.996122 0.0632677 -0.0611471
v -1.5089 -2.9498 0.14129
vn 0.897476 0.440921 0.0112233
v -2.13518 -2.74324 1.61213
vn 0.996903 0.0675032 -0.0403416
v -2.1466 -2.5865 1.5036
vn 0.997134 0.0664091 -0.0362506
v -2.56781 -2.24807 0.818899
vn 0.874149 0.485657 -0.000254035
v -2.3111 -2.4276 1.62278
vn -0.138639 0.990082 -0.0227219
v -2.37158 -2.31967 1.69088
vn 0.991655 0.128285 0.0127949
v -2.36132 -2.37161 1.91191
vn 0.972477 0.232496 -0.0153088
v -2.1364 -2.69645 1.73529
vn 0.995926 0.0891237 -0.0136928
v -2.15122 -2.52548 1.57915
vn 0.994717 0.102603 -0.003232
v -2.1717 -2.42305 1.5036
vn 0.755996 0.653837 -0.0310968
v -2.1677 -2.43773 1.5944
vn 0.920643 0.390403 0.00128894
v -2.1976 -2.40884 1.44543
vn 0.31653 0.948266 -0.0245006
v -2.11884 -2.84618 1.84988
vn 0.998207 0.0577584 -0.0157215
v -2.13106 -2.69856 1.90237
vn 0.996097 0.0873965 -0.0123583
v -2.14028 -2.6092 1.81581
vn 0.996607 0.0790249 -0.0230045
v -2.11666 -2.87029 1.97472
vn 0.998205 0.0589043 -0.0107825
v -2.12138 -2.79647 2.0712
vn 0.997903 0.0637681 0.0111057
v -2.6517 -2.16828 1.92932
vn 0.279661 0.960018 -0.0124805
v -2.6517 -2.1723 2.0939
vn 0.235441 0.970603 -0.0499649
v -2.09985 -3.55145 0.0164143
vn 0.991779 0.125137 -0.0267516
v -2.18083 -2.62055 -0.0971095
vn 0.986093 0.107884 -0.126415
v -2.19362 -2.54961 -0.102064
vn 0.994175 0.0613989 -0.088583
v -2.05955 -3.66779 1.98189
vn 0.996851 -0.00429199 -0.0791837
v -2.14272 -2.57657 1.94067
vn 0.99669 0.0774668 -0.024643
v -2.13973 -2.54678 2.0712
vn 0.994951 0.095536 -0.0307555
v -2.1219 -3.05053 1.58305
vn 0.997377 0.0488909 -0.0533795
v -2.1107 -3.0406 1.6852
vn 0.99666 0.0574317 -0.0580589
v -2.09311 -3.38686 1.78745
vn 0.996874 0.0373723 -0.0696134
v -2.09547 -3.24455 1.82859
vn 0.997881 0.05263 -0.0382591
v -1.94629 -2.91138 -0.366371
vn 0.917051 -0.342581 0.204095
v -1.6328 -2.8817 -0.2674
vn -0.393085 0.919153 0.0253258
v -1.6072 -3.09735 0.336267
vn -0.0810379 0.0908644 0.992561
v -1.6072 -3.0633 0.33707
vn -0.130157 -0.113052 0.985027
v -2.1197 -3.7217 0.26617
vn 0.988708 -0.149095 -0.0150687
v -2.09995 -3.6763 0.0845295
vn 0.996143 -0.0707689 0.0518729
v -2.09162 -3.57415 0.152645
vn 0.999966 0.00203091 -0.00802363
v -1.93972 -2.84743 -0.321948
vn 0.649903 -0.515417 0.558544
v -2.1146 -3.7217 0.77704
vn 0.980695 -0.195131 -0.0126607
v -2.107 -3.7217 0.98138
vn 0.996921 -0.07798 0.00823237
v -1.94825 -2.98728 -0.343691
vn 0.997968 0.0121232 -0.0625553
v -2.243 -2.4155 1.84987
vn -0.194334 0.980932 0.00246459
v -2.38307 -2.25725 1.60285
vn 0.930812 0.365416 0.00775573
v -2.34935 -2.4048 1.90804
vn 0.835491 0.549271 -0.0160121
v -2.36655 -2.33103 1.81015
vn 0.989165 0.146352 0.0115601
v -2.3111 -2.42621 1.86477
vn -0.0775002 0.996972 -0.00641831
v -2.38101 -2.2459 1.77634
vn 0.968588 0.247535 -0.0237554
v -2.3718 -2.2459 2.0712
vn 0.947271 0.318331 -0.0366542
v -2.35625 -2.3594 2.0712
vn 0.984386 0.17087 -0.0422741
v -2.3111 -2.422 2.0712
vn -0.113356 0.993437 -0.0152647
v -2.3338 -2.4141 2.0712
vn 0.731623 0.680238 -0.044769
v -2.1705 -2.42171 1.76901
vn 0.813251 0.581902 -0.0036684
v -2.17049 -2.41664 1.95628
vn 0.707154 0.706517 -0.0276863
v -2.2087 -2.40403 2.0712
vn 0.00438061 0.999916 -0.0121699
v -2.16527 -2.42378 2.0712
vn 0.789532 0.611682 -0.0498436
v -1.9932 -3.0633 -0.44318
vn 0.464625 0.314283 -0.827859
v -2.15101 -2.95739 0.23895
vn 0.993703 0.0945943 0.0600578
v -2.12281 -3.02641 1.52346
vn 0.995697 0.0540503 -0.0752682
v -2.1274 -2.8611 1.56987
vn 0.997544 0.0353049 -0.0604904
v -2.0732 -3.6536 1.8896
vn 0.998223 0.0314616 -0.0506032
v -2.0668 -3.5401 1.9577
vn 0.991108 0.128392 -0.0349426
v -2.06525 -3.5628 2.0712
vn 0.995918 0.0888113 -0.0161181
v -2.08045 -3.46632 1.9577
vn 0.995573 0.0901016 -0.0267594
v -2.0818 -3.4039 2.0712
vn 0.99775 0.0661933 -0.0106877
v -2.1149 -2.96115 1.87825
vn 0.997985 0.0632235 0.00531077
v -2.0948 -3.18815 1.8896
vn 0.997956 0.0638838 0.00172001
v -2.10504 -3.11934 1.97472
vn 0.996017 0.0839981 0.0298934
v -2.10195 -3.12458 2.0712
vn 0.997838 0.0588786 -0.0291834
v -2.09707 -3.57415 0.419427
vn 0.991524 0.110495 -0.0683404
v -2.09045 -3.5628 0.612427
vn 0.965968 0.258563 0.00711048
v -2.12803 -3.24217 0.65216
vn 0.999254 0.034183 -0.0179483
v -2.07075 -3.57415 1.8442
vn 0.995885 0.0768881 -0.0479751
v -2.4805 -2.314 0.549985
vn -0.852657 0.520564 0.044592
v -2.4927 -2.36715 -0.89179
vn -0.385997 0.92232 0.0182192
f 31//31 29//29 32//32
f 20//20 21//21 33//33
f 36//36 37//37 38//38
f 40//40 41//41 23//23
f 43//43 35//35 42//42
f 52//52 53//53 50//50
f 55//55 56//56 24//24
f 24//24 25//25 55//55
f 29//29 25//25 28//28
f 64//64 65//65 66//66
f 68//68 67//67 70//70
f 70//70 67//67 69//69
f 70//70 69//69 71//71
f 73//73 72//72 74//74
f 74//74 72//72 76//76
f 77//77 73//73 74//74
f 79//79 81//81 82//82
f 82//82 81//81 86//86
f 87//87 82//82 86//86
f 63//63 61//61 91//91
f 90//90 88//88 84//84
f 87//87 94//94 92//92
f 95//95 96//96 93//93
f 88//88 90//90 89//89
f 64//64 62//62 61//61
f 64//64 61//61 63//63
f 98//98 66//66 65//65
f 100//100 102//102 99//99
f 101//101 99//99 102//102
f 105//105 102//102 104//104
f 107//107 106//106 108//108
f 112//112 106//106 107//107
f 113//113 109//109 114//114
f 117//117 116//116 115//115
f 121//121 120//120 122//122
f 126//126 129//129 125//125
f 129//129 126//126 130//130
f 117//117 133//133 116//116
f 116//116 133//133 131//131
f 112//112 135//135 134//134
f 136//136 134//134 135//135
f 157//157 158//158 159//159
f 155//155 160//160 154//154
f 163//163 160//160 161//161
f 166//166 163//163 161//161
f 168//168 165//165 169//169
f 169//169 165//165 170//170
f 166//166 172//172 167//167
f 171//171 167//167 172//172
f 173//173 103//103 100//100
f 188//188 187//187 189//189
f 131//131 132//132 188//188
f 116//116 131//131 190//190
f 188//188 190//190 131//131
f 188//188 191//191 190//190
f 196//196 197//197 198//198
f 198//198 185//185 199//199
f 199//199 185//185 186//186
f 202//202 200//200 201//201
f 207//207 200//200 202//202
f 208//208 207//207 202//202
f 208//208 202//202 201//201
f 210//210 208//208 209//209
f 210//210 212//212 211//211
f 207//207 208//208 210//210
f 212//212 210//210 213//213
f 211//211 212//212 213//213
f 213//213 216//216 211//211
f 216//216 213//213 218//218
f 221//221 222//222 217//217
f 217//217 216//216 220//220
f 221//221 217//217 220//220
f 224//224 217//217 222//222
f 222//222 225//225 224//224
f 225//225 150//150 224//224
f 157//157 224//224 149//149
f 157//157 149//149 158//158
f 158//158 149//149 226//226
f 231//231 157//157 159//159
f 231//231 162//162 232//232
f 162//162 231//231 233//233
f 231//231 232//232 157//157
f 234//234 157//157 232//232
f 234//234 232//232 165//165
f 168//168 234//234 165//165
f 102//102 103//103 104//104
f 102//102 110//110 101//101
f 102//102 105//105 110//110
f 110//110 235//235 101//101
f 105//105 236//236 110//110
f 110//110 236//236 111//111
f 237//237 11//11 238//238
f 242//242 243//243 241//241
f 248//248 251//251 249//249
f 249//249 252//252 183//183
f 255//255 253//253 254//254
f 256//256 253//253 255//255
f 258//258 257//257 261//261
f 264//264 265//265 266//266
f 267//267 270//270 269//269
f 269//269 270//270 271//271
f 273//273 264//264 266//266
f 268//268 271//271 266//266
f 273//273 266//266 271//271
f 271//271 274//274 275//275
f 271//271 270//270 274//274
f 274//274 270//270 276//276
f 276//276 270//270 278//278
f 279//279 258//258 186//186
f 185//185 279//279 186//186
f 110//110 281//281 280//280
f 282//282 110//110 111//111
f 281//281 110//110 282//282
f 282//282 134//134 281//281
f 136//136 281//281 134//134
f 283//283 280//280 281//281
f 283//283 281//281 136//136
f 200//200 280//280 283//283
f 201//201 200//200 283//283
f 285//285 113//113 114//114
f 286//286 289//289 290//290
f 139//139 291//291 286//286
f 287//287 286//286 291//291
f 208//208 201//201 284//284
f 220//220 216//216 301//301
f 164//164 232//232 162//162
f 165//165 232//232 164//164
f 307//307 306//306 305//305
f 304//304 305//305 306//306
f 98//98 65//65 242//242
f 63//63 243//243 242//242
f 308//308 241//241 243//243
f 248//248 246//246 250//250
f 252//252 249//249 251//251
f 284//284 201//201 283//283
f 295//295 294//294 138//138
f 226//226 149//149 314//314
f 314//314 315//315 226//226
f 169//169 170//170 171//171
f 318//318 319//319 316//316
f 318//318 320//320 319//319
f 321//321 317//317 316//316
f 322//322 321//321 323//323
f 321//321 316//316 323//323
f 324//324 322//322 323//323
f 307//307 322//322 324//324
f 326//326 306//306 325//325
f 328//328 329//329 330//330
f 319//319 320//320 331//331
f 319//319 331//331 332//332
f 334//334 335//335 336//336
f 338//338 337//337 334//334
f 338//338 334//334 339//339
f 341//341 340//340 338//338
f 309//309 308//308 243//243
f 136//136 284//284 283//283
f 205//205 310//310 342//342
f 292//292 290//290 293//293
f 343//343 345//345 346//346
f 299//299 344//344 295//295
f 349//349 215//215 348//348
f 149//149 224//224 150//150
f 363//363 5//5 6//6
f 336//336 335//335 363//363
f 10//10 364//364 9//9
f 284//284 297//297 208//208
f 208//208 297//297 140//140
f 344//344 299//299 347//347
f 368//368 292//292 293//293
f 350//350 162//162 233//233
f 67//67 68//68 352//352
f 71//71 72//72 70//70
f 306//306 326//326 376//376
f 376//376 378//378 379//379
f 378//378 376//376 326//326
f 378//378 326//326 380//380
f 13//13 332//332 331//331
f 279//279 257//257 258//258
f 189//189 388//388 389//389
f 390//390 388//388 184//184
f 392//392 243//243 393//393
f 394//394 392//392 393//393
f 225//225 222//222 395//395
f 303//303 158//158 226//226
f 303//303 226//226 315//315
f 153//153 155//155 154//154
f 399//399 352//352 351//351
f 351//351 372//372 399//399
f 400//400 401//401 402//402
f 400//400 404//404 403//403
f 406//406 398//398 405//405
f 407//407 400//400 354//354
f 354//354 373//373 407//407
f 409//409 408//408 410//410
f 374//374 353//353 408//408
f 411//411 407//407 373//373
f 412//412 374//374 408//408
f 413//413 411//411 414//414
f 77//77 74//74 78//78
f 418//418 77//77 78//78
f 420//420 421//421 78//78
f 78//78 421//421 418//418
f 419//419 418//418 421//421
f 381//381 382//382 384//384
f 384//384 382//382 407//407
f 407//407 382//382 400//400
f 407//407 383//383 384//384
f 385//385 383//383 411//411
f 411//411 383//383 407//407
f 413//413 385//385 411//411
f 239//239 80//80 85//85
f 85//85 80//80 423//423
f 83//83 241//241 424//424
f 390//390 184//184 387//387
f 386//386 425//425 387//387
f 195//195 194//194 426//426
f 195//195 426//426 427//427
f 391//391 309//309 243//243
f 431//431 195//195 427//427
f 227//227 228//228 229//229
f 229//229 230//230 227//227
f 431//431 427//427 432//432
f 228//228 431//431 432//432
f 371//371 396//396 372//372
f 396//396 399//399 372//372
f 371//371 397//397 396//396
f 397//397 398//398 396//396
f 67//67 399//399 69//69
f 352//352 399//399 67//67
f 406//406 396//396 398//398
f 412//412 373//373 374//374
f 412//412 414//414 373//373
f 414//414 411//411 373//373
f 438//438 435//435 437//437
f 439//439 438//438 437//437
f 440//440 72//72 71//71
f 77//77 75//75 73//73
f 435//435 441//441 436//436
f 442//442 439//439 437//437
f 442//442 444//444 443//443
f 381//381 419//419 421//421
f 385//385 447//447 446//446
f 446//446 447//447 448//448
f 385//385 446//446 383//383
f 383//383 446//446 384//384
f 385//385 445//445 447//447
f 449//449 445//445 385//385
f 385//385 413//413 449//449
f 358//358 357//357 452//452
f 458//458 456//456 457//457
f 118//118 458//458 459//459
f 80//80 239//239 83//83
f 120//120 119//119 122//122
f 322//322 317//317 321//321
f 376//376 304//304 306//306
f 13//13 331//331 360//360
f 360//360 331//331 464//464
f 84//84 239//239 85//85
f 127//127 128//128 467//467
f 81//81 83//83 424//424
f 469//469 182//182 181//181
f 183//183 184//184 469//469
f 131//131 470//470 132//132
f 188//188 132//132 187//187
f 131//131 133//133 470//470
f 472//472 473//473 471//471
f 474//474 473//473 472//472
f 477//477 478//478 479//479
f 112//112 484//484 135//135
f 137//137 135//135 485//485
f 485//485 135//135 484//484
f 206//206 346//346 345//345
f 344//344 137//137 485//485
f 141//141 137//137 344//344
f 142//142 141//141 344//344
f 344//344 487//487 142//142
f 143//143 141//141 142//142
f 318//318 316//316 317//317
f 305//305 322//322 307//307
f 305//305 304//304 490//490
f 493//493 494//494 495//495
f 495//495 497//497 493//493
f 320//320 496//496 493//493
f 331//331 320//320 493//493
f 493//493 497//497 331//331
f 184//184 183//183 252//252
f 387//387 184//184 252//252
f 387//387 252//252 386//386
f 503//503 504//504 502//502
f 506//506 507//507 508//508
f 509//509 506//506 508//508
f 510//510 506//506 509//509
f 511//511 512//512 57//57
f 145//145 144//144 516//516
f 516//516 517//517 145//145
f 145//145 147//147 146//146
f 147//147 521//521 151//151
f 152//152 151//151 153//153
f 525//525 524//524 526//526
f 527//527 525//525 526//526
f 524//524 488//488 528//528
f 528//528 488//488 416//416
f 524//524 528//528 526//526
f 526//526 528//528 489//489
f 489//489 528//528 529//529
f 530//530 526//526 489//489
f 416//416 488//488 318//318
f 416//416 318//318 317//317
f 318//318 488//488 496//496
f 320//320 318//318 496//496
f 529//529 416//416 317//317
f 489//489 529//529 317//317
f 530//530 489//489 305//305
f 494//494 496//496 488//488
f 176//176 177//177 535//535
f 176//176 535//535 460//460
f 179//179 175//175 174//174
f 174//174 180//180 179//179
f 537//537 538//538 539//539
f 540//540 539//539 538//538
f 538//538 247//247 540//540
f 538//538 537//537 245//245
f 245//245 246//246 538//538
f 246//246 247//247 538//538
f 540//540 182//182 468//468
f 249//249 247//247 248//248
f 246//246 248//248 247//247
f 253//253 541//541 254//254
f 264//264 545//545 265//265
f 500//500 266//266 265//265
f 268//268 500//500 269//269
f 269//269 500//500 267//267
f 272//272 544//544 264//264
f 475//475 503//503 502//502
f 504//504 503//503 547//547
f 476//476 504//504 548//548
f 562//562 565//565 402//402
f 562//562 525//525 565//565
f 562//562 570//570 564//564
f 497//497 464//464 331//331
f 128//128 178//178 179//179
f 183//183 247//247 249//249
f 132//132 468//468 182//182
f 182//182 187//187 132//132
f 187//187 182//182 469//469
f 388//388 469//469 184//184
f 187//187 469//469 388//388
f 189//189 187//187 388//388
f 133//133 471//471 470//470
f 472//472 471//471 133//133
f 579//579 180//180 578//578
f 581//581 511//511 57//57
f 566//566 354//354 586//586
f 353//353 354//354 566//566
f 585//585 353//353 566//566
f 585//585 566//566 355//355
f 587//587 404//404 565//565
f 587//587 586//586 404//404
f 587//587 565//565 525//525
f 525//525 527//527 587//587
f 586//586 527//527 355//355
f 586//586 587//587 527//527
f 355//355 566//566 586//586
f 408//408 353//353 585//585
f 585//585 410//410 408//408
f 410//410 585//585 567//567
f 533//533 524//524 564//564
f 564//564 524//524 562//562
f 525//525 562//562 524//524
f 529//529 528//528 416//416
f 317//317 322//322 489//489
f 305//305 489//489 322//322
f 588//588 355//355 569//569
f 589//589 355//355 527//527
f 527//527 531//531 589//589
f 355//355 589//589 569//569
f 569//569 589//589 531//531
f 355//355 588//588 585//585
f 567//567 585//585 588//588
f 568//568 588//588 462//462
f 462//462 588//588 569//569
f 567//567 588//588 568//568
f 463//463 462//462 569//569
f 463//463 569//569 590//590
f 531//531 527//527 530//530
f 526//526 530//530 527//527
f 569//569 531//531 377//377
f 376//376 377//377 531//531
f 531//531 304//304 376//376
f 530//530 490//490 531//531
f 490//490 304//304 531//531
f 590//590 569//569 377//377
f 591//591 590//590 377//377
f 379//379 377//377 376//376
f 377//377 375//375 591//591
f 375//375 377//377 379//379
f 305//305 490//490 530//530
f 488//488 533//533 494//494
f 494//494 493//493 496//496
f 466//466 361//361 594//594
f 573//573 597//597 466//466
f 573//573 572//572 596//596
f 573//573 596//596 597//597
f 86//86 81//81 574//574
f 182//182 247//247 181//181
f 182//182 540//540 247//247
f 181//181 247//247 183//183
f 598//598 255//255 254//254
f 255//255 598//598 575//575
f 575//575 576//576 255//255
f 257//257 255//255 576//576
f 257//257 576//576 261//261
f 270//270 267//267 277//277
f 278//278 277//277 599//599
f 277//277 278//278 270//270
f 469//469 181//181 183//183
f 512//512 597//597 600//600
f 57//57 512//512 600//600
f 602//602 601//601 511//511
f 605//605 604//604 603//603
f 452//452 357//357 450//450
f 452//452 606//606 358//358
f 613//613 615//615 614//614
f 619//619 617//617 618//618
f 620//620 613//613 616//616
f 620//620 616//616 617//617
f 615//615 613//613 620//620
f 621//621 615//615 620//620
f 621//621 620//620 622//622
f 620//620 617//617 619//619
f 622//622 620//620 619//619
f 613//613 614//614 625//625
f 625//625 614//614 624//624
f 627//627 628//628 629//629
f 629//629 394//394 393//393
f 393//393 627//627 629//629
f 629//629 624//624 394//394
f 626//626 630//630 624//624
f 625//625 624//624 629//629
f 63//63 91//91 97//97
f 97//97 631//631 63//63
f 631//631 243//243 63//63
f 631//631 393//393 243//243
f 393//393 631//631 627//627
f 632//632 358//358 606//606
f 637//637 635//635 636//636
f 640//640 641//641 639//639
f 641//641 642//642 244//244
f 644//644 637//637 638//638
f 638//638 639//639 644//644
f 646//646 637//637 644//644
f 644//644 240//240 646//646
f 240//240 309//309 646//646
f 645//645 646//646 309//309
f 639//639 641//641 644//644
f 644//644 641//641 244//244
f 125//125 123//123 124//124
f 124//124 123//123 121//121
f 126//126 125//125 124//124
f 126//126 124//124 648//648
f 649//649 130//130 126//126
f 461//461 242//242 241//241
f 83//83 239//239 461//461
f 461//461 88//88 242//242
f 424//424 241//241 308//308
f 308//308 574//574 424//424
f 240//240 574//574 308//308
f 645//645 309//309 391//391
f 654//654 474//474 472//472
f 130//130 649//649 656//656
f 656//656 649//649 655//655
f 656//656 655//655 474//474
f 474//474 654//654 656//656
f 199//199 501//501 428//428
f 651//651 391//391 392//392
f 156//156 129//129 130//130
f 653//653 117//117 156//156
f 156//156 654//654 653//653
f 656//656 156//156 130//130
f 654//654 156//156 656//656
f 582//582 433//433 228//228
f 633//633 635//635 456//456
f 457//457 456//456 635//635
f 636//636 635//635 610//610
f 666//666 457//457 665//665
f 665//665 457//457 635//635
f 635//635 643//643 665//665
f 635//635 667//667 643//643
f 667//667 635//635 637//637
f 612//612 636//636 611//611
f 668//668 665//665 643//643
f 666//666 665//665 668//668
f 643//643 670//670 668//668
f 244//244 240//240 644//644
f 645//645 667//667 646//646
f 240//240 308//308 309//309
f 673//673 671//671 674//674
f 674//674 675//675 673//673
f 679//679 643//643 678//678
f 679//679 670//670 643//643
f 672//672 671//671 670//670
f 678//678 643//643 667//667
f 667//667 650//650 678//678
f 667//667 645//645 650//650
f 670//670 679//679 672//672
f 652//652 679//679 680//680
f 680//680 679//679 678//678
f 650//650 681//681 680//680
f 686//686 682//682 683//683
f 500//500 546//546 267//267
f 676//676 471//471 473//473
f 473//473 675//675 676//676
f 675//675 473//473 693//693
f 473//473 694//694 579//579
f 694//694 474//474 695//695
f 192//192 193//193 426//426
f 426//426 193//193 577//577
f 426//426 194//194 192//192
f 696//696 698//698 697//697
f 698//698 696//696 699//699
f 719//719 454//454 453//453
f 606//606 607//607 632//632
f 608//608 632//632 607//607
f 608//608 607//607 720//720
f 635//635 633//633 610//610
f 637//637 721//721 638//638
f 668//668 669//669 666//666
f 669//669 668//668 536//536
f 536//536 668//668 670//670
f 534//534 666//666 669//669
f 723//723 671//671 672//672
f 724//724 723//723 672//672
f 673//673 675//675 677//677
f 542//542 598//598 724//724
f 724//724 672//672 679//679
f 679//679 542//542 724//724
f 542//542 679//679 652//652
f 689//689 728//728 688//688
f 652//652 680//680 546//546
f 692//692 680//680 681//681
f 681//681 729//729 692//692
f 729//729 626//626 730//730
f 277//277 729//729 731//731
f 599//599 277//277 731//731
f 729//729 730//730 731//731
f 513//513 731//731 730//730
f 733//733 734//734 735//735
f 734//734 736//736 735//735
f 693//693 677//677 675//675
f 742//742 741//741 743//743
f 729//729 681//681 626//626
f 730//730 746//746 513//513
f 747//747 748//748 749//749
f 450//450 357//357 356//356
f 453//453 357//357 358//358
f 358//358 632//632 453//453
f 453//453 632//632 719//719
f 719//719 632//632 718//718
f 757//757 756//756 758//758
f 720//720 609//609 753//753
f 607//607 609//609 720//720
f 648//648 759//759 722//722
f 671//671 723//723 760//760
f 724//724 598//598 254//254
f 726//726 598//598 542//542
f 762//762 765//765 764//764
f 543//543 765//765 762//762
f 543//543 762//762 766//766
f 543//543 544//544 765//765
f 751//751 238//238 767//767
f 751//751 767//767 768//768
f 272//272 770//770 544//544
f 692//692 729//729 277//277
f 775//775 736//736 776//776
f 776//776 736//736 732//732
f 778//778 776//776 732//732
f 770//770 272//272 774//774
f 275//275 775//775 779//779
f 275//275 735//735 736//736
f 275//275 736//736 775//775
f 599//599 731//731 732//732
f 778//778 732//732 731//731
f 513//513 778//778 731//731
f 766//766 762//762 763//763
f 782//782 781//781 702//702
f 781//781 763//763 702//702
f 781//781 766//766 763//763
f 739//739 781//781 782//782
f 783//783 784//784 742//742
f 740//740 741//741 784//784
f 742//742 784//784 741//741
f 771//771 786//786 603//603
f 789//789 605//605 788//788
f 790//790 757//757 786//786
f 786//786 757//757 758//758
f 790//790 786//786 772//772
f 786//786 771//771 772//772
f 772//772 792//792 790//790
f 790//790 792//792 791//791
f 791//791 792//792 795//795
f 795//795 796//796 791//791
f 795//795 366//366 796//796
f 552//552 794//794 745//745
f 553//553 778//778 513//513
f 552//552 618//618 794//794
f 552//552 553//553 513//513
f 552//552 513//513 622//622
f 746//746 622//622 513//513
f 552//552 619//619 618//618
f 622//622 619//619 552//552
f 749//749 748//748 740//740
f 798//798 747//747 749//749
f 804//804 805//805 803//803
f 806//806 803//803 805//805
f 806//806 570//570 803//803
f 608//608 718//718 632//632
f 811//811 806//806 805//805
f 805//805 807//807 811//811
f 812//812 811//811 752//752
f 813//813 812//812 752//752
f 498//498 812//812 813//813
f 807//807 808//808 809//809
f 752//752 807//807 755//755
f 608//608 720//720 810//810
f 754//754 809//809 810//810
f 754//754 810//810 720//720
f 755//755 809//809 754//754
f 754//754 720//720 753//753
f 813//813 752//752 755//755
f 813//813 755//755 754//754
f 815//815 813//813 814//814
f 814//814 813//813 754//754
f 813//813 499//499 498//498
f 813//813 815//815 499//499
f 573//573 593//593 817//817
f 573//573 466//466 593//593
f 499//499 815//815 820//820
f 821//821 499//499 820//820
f 820//820 822//822 821//821
f 814//814 820//820 815//815
f 822//822 820//820 823//823
f 825//825 823//823 824//824
f 822//822 823//823 825//825
f 828//828 826//826 829//829
f 829//829 826//826 827//827
f 826//826 595//595 827//827
f 571//571 826//826 828//828
f 571//571 595//595 826//826
f 595//595 571//571 572//572
f 819//819 597//597 831//831
f 831//831 818//818 819//819
f 596//596 600//600 597//597
f 785//785 57//57 58//58
f 753//753 833//833 814//814
f 609//609 833//833 753//753
f 824//824 814//814 833//833
f 834//834 833//833 609//609
f 823//823 820//820 824//824
f 835//835 833//833 834//834
f 824//824 833//833 835//835
f 825//825 824//824 835//835
f 836//836 835//835 834//834
f 458//458 457//457 666//666
f 647//647 666//666 534//534
f 177//177 534//534 535//535
f 674//674 671//671 760//760
f 671//671 673//673 670//670
f 832//832 837//837 838//838
f 839//839 682//682 686//686
f 763//763 762//762 839//839
f 687//687 839//839 762//762
f 762//762 260//260 687//687
f 762//762 764//764 260//260
f 260//260 764//764 262//262
f 840//840 263//263 765//765
f 259//259 260//260 262//262
f 840//840 259//259 262//262
f 843//843 842//842 844//844
f 744//744 843//843 844//844
f 744//744 844//844 845//845
f 690//690 259//259 840//840
f 840//840 691//691 690//690
f 691//691 847//847 842//842
f 847//847 844//844 842//842
f 691//691 846//846 847//847
f 776//776 778//778 777//777
f 774//774 780//780 770//770
f 844//844 846//846 780//780
f 599//599 732//732 736//736
f 734//734 599//599 736//736
f 579//579 693//693 473//473
f 686//686 702//702 839//839
f 702//702 763//763 839//839
f 739//739 766//766 781//781
f 739//739 738//738 766//766
f 742//742 739//739 782//782
f 739//739 742//742 738//738
f 512//512 831//831 597//597
f 848//848 831//831 512//512
f 600//600 572//572 571//571
f 571//571 849//849 600//600
f 850//850 849//849 571//571
f 600//600 849//849 58//58
f 789//789 744//744 745//745
f 745//745 744//744 553//553
f 552//552 745//745 553//553
f 553//553 744//744 845//845
f 553//553 845//845 777//777
f 553//553 777//777 778//778
f 799//799 856//856 855//855
f 857//857 799//799 855//855
f 860//860 859//859 799//799
f 856//856 799//799 859//859
f 859//859 858//858 856//856
f 857//857 862//862 799//799
f 861//861 863//863 862//862
f 862//862 857//857 861//861
f 864//864 860//860 799//799
f 862//862 864//864 799//799
f 865//865 862//862 863//863
f 863//863 866//866 865//865
f 800//800 862//862 865//865
f 865//865 866//866 867//867
f 865//865 869//869 800//800
f 869//869 865//865 870//870
f 800//800 869//869 868//868
f 801//801 869//869 871//871
f 874//874 875//875 871//871
f 878//878 879//879 880//880
f 883//883 879//879 882//882
f 814//814 754//754 753//753
f 13//13 895//895 359//359
f 858//858 896//896 897//897
f 820//820 814//814 824//824
f 651//651 681//681 650//650
f 651//651 630//630 681//681
f 899//899 728//728 689//689
f 689//689 688//688 690//690
f 840//840 544//544 770//770
f 702//702 686//686 900//900
f 686//686 700//700 900//900
f 703//703 702//702 900//900
f 701//701 900//900 700//700
f 900//900 701//701 703//703
f 901//901 703//703 701//701
f 737//737 901//901 701//701
f 704//704 703//703 901//901
f 737//737 704//704 901//901
f 704//704 737//737 697//697
f 902//902 797//797 784//784
f 783//783 742//742 782//782
f 784//784 797//797 740//740
f 907//907 903//903 904//904
f 904//904 905//905 907//907
f 910//910 905//905 906//906
f 910//910 909//909 905//905
f 911//911 910//910 906//906
f 916//916 913//913 915//915
f 917//917 913//913 916//916
f 919//919 921//921 920//920
f 924//924 923//923 925//925
f 927//927 928//928 475//475
f 930//930 927//927 929//929
f 479//479 926//926 929//929
f 928//928 857//857 855//855
f 928//928 855//855 503//503
f 928//928 503//503 475//475
f 861//861 857//857 928//928
f 932//932 933//933 934//934
f 478//478 477//477 932//932
f 932//932 477//477 935//935
f 937//937 920//920 938//938
f 946//946 942//942 945//945
f 939//939 948//948 947//947
f 945//945 950//950 946//946
f 949//949 946//946 950//950
f 925//925 930//930 924//924
f 924//924 929//929 952//952
f 929//929 924//924 930//930
f 926//926 952//952 929//929
f 955//955 954//954 956//956
f 957//957 954//954 955//955
f 955//955 959//959 957//957
f 951//951 956//956 954//954
f 954//954 960//960 951//951
f 863//863 549//549 866//866
f 934//934 938//938 953//953
f 953//953 926//926 478//478
f 963//963 964//964 965//965
f 966//966 963//963 965//965
f 968//968 973//973 969//969
f 966//966 965//965 967//967
f 949//949 967//967 946//946
f 974//974 967//967 975//975
f 973//973 966//966 967//967
f 976//976 967//967 974//974
f 976//976 973//973 967//967
f 968//968 962//962 966//966
f 973//973 968//968 966//966
f 978//978 509//509 508//508
f 982//982 916//916 983//983
f 984//984 982//982 983//983
f 985//985 984//984 983//983
f 996//996 997//997 971//971
f 975//975 967//967 949//949
f 975//975 949//949 988//988
f 1003//1003 998//998 999//999
f 1004//1004 988//988 989//989
f 1011//1011 1004//1004 989//989
f 1011//1011 1010//1010 1004//1004
f 989//989 1012//1012 1011//1011
f 1013//1013 1014//1014 992//992
f 1015//1015 1012//1012 992//992
f 992//992 1014//1014 1015//1015
f 1017//1017 1010//1010 1011//1011
f 1015//1015 1011//1011 1012//1012
f 1015//1015 1017//1017 1011//1011
f 850//850 571//571 828//828
f 1020//1020 850//850 828//828
f 581//581 57//57 785//785
f 1021//1021 849//849 850//850
f 1021//1021 850//850 1020//1020
f 1020//1020 851//851 1021//1021
f 602//602 511//511 581//581
f 581//581 761//761 602//602
f 602//602 761//761 788//788
f 602//602 788//788 605//605
f 1022//1022 1021//1021 851//851
f 1022//1022 789//789 1021//1021
f 745//745 854//854 604//604
f 604//604 605//605 745//745
f 1023//1023 708//708 1024//1024
f 709//709 797//797 902//902
f 749//749 797//797 709//709
f 749//749 740//740 797//797
f 709//709 1025//1025 749//749
f 749//749 1025//1025 798//798
f 1023//1023 1024//1024 1026//1026
f 1023//1023 1026//1026 584//584
f 1025//1025 1023//1023 798//798
f 1023//1023 584//584 798//798
f 714//714 1032//1032 1031//1031
f 659//659 660//660 879//879
f 664//664 1033//1033 881//881
f 879//879 660//660 664//664
f 882//882 879//879 664//664
f 880//880 879//879 883//883
f 1034//1034 880//880 1035//1035
f 1042//1042 1043//1043 768//768
f 640//640 623//623 641//641
f 641//641 623//623 642//642
f 646//646 667//667 637//637
f 650//650 645//645 391//391
f 391//391 651//651 650//650
f 726//726 542//542 652//652
f 650//650 680//680 678//678
f 683//683 685//685 1047//1047
f 686//686 683//683 1047//1047
f 839//839 687//687 682//682
f 259//259 687//687 260//260
f 688//688 259//259 690//690
f 841//841 1049//1049 768//768
f 899//899 898//898 841//841
f 1050//1050 898//898 899//899
f 899//899 689//689 1050//1050
f 842//842 744//744 1022//1022
f 842//842 843//843 744//744
f 1022//1022 898//898 842//842
f 689//689 690//690 691//691
f 1050//1050 842//842 898//898
f 691//691 842//842 1050//1050
f 1050//1050 689//689 691//691
f 847//847 846//846 844//844
f 545//545 726//726 652//652
f 546//546 545//545 652//652
f 680//680 692//692 546//546
f 275//275 274//274 735//735
f 780//780 845//845 844//844
f 707//707 698//698 699//699
f 1051//1051 697//697 737//737
f 704//704 697//697 784//784
f 985//985 1052//1052 984//984
f 985//985 1053//1053 1052//1052
f 1055//1055 1054//1054 1052//1052
f 1056//1056 1052//1052 1053//1053
f 1056//1056 1055//1055 1052//1052
f 1057//1057 1055//1055 1056//1056
f 1002//1002 1006//1006 999//999
f 1059//1059 889//889 1003//1003
f 1061//1061 1006//1006 1060//1060
f 1063//1063 1062//1062 1061//1061
f 1064//1064 1001//1001 1000//1000
f 1064//1064 1060//1060 1001//1001
f 1064//1064 1061//1061 1060//1060
f 1063//1063 1061//1061 1064//1064
f 1009//1009 1065//1065 1066//1066
f 1065//1065 894//894 1067//1067
f 1065//1065 1067//1067 1066//1066
f 1063//1063 1066//1066 1067//1067
f 1009//1009 1064//1064 1008//1008
f 1009//1009 1066//1066 1064//1064
f 1064//1064 1066//1066 1063//1063
f 1068//1068 1015//1015 1014//1014
f 1019//1019 1018//1018 1017//1017
f 1073//1073 1075//1075 1076//1076
f 1076//1076 1074//1074 1073//1073
f 1076//1076 1078//1078 1074//1074
f 1078//1078 1079//1079 1074//1074
f 709//709 707//707 699//699
f 699//699 708//708 709//709
f 708//708 712//712 1024//1024
f 1071//1071 1070//1070 1081//1081
f 1081//1081 1070//1070 1082//1082
f 1083//1083 1071//1071 1081//1081
f 1085//1085 1083//1083 1081//1081
f 1087//1087 1083//1083 1085//1085
f 1090//1090 1089//1089 1019//1019
f 1068//1068 1080//1080 1015//1015
f 1091//1091 1017//1017 1015//1015
f 1091//1091 1019//1019 1017//1017
f 1092//1092 1090//1090 1019//1019
f 1093//1093 1092//1092 1019//1019
f 1091//1091 1015//1015 1080//1080
f 1080//1080 1086//1086 1091//1091
f 1093//1093 1019//1019 1091//1091
f 1086//1086 1096//1096 1095//1095
f 1093//1093 1097//1097 1092//1092
f 1095//1095 1091//1091 1086//1086
f 1095//1095 1093//1093 1091//1091
f 1098//1098 1101//1101 1079//1079
f 664//664 1104//1104 882//882
f 1106//1106 884//884 1107//1107
f 884//884 1036//1036 802//802
f 1035//1035 1108//1108 1036//1036
f 1036//1036 884//884 1035//1035
f 1035//1035 491//491 1108//1108
f 1106//1106 1107//1107 1110//1110
f 1107//1107 802//802 891//891
f 1110//1110 891//891 1111//1111
f 1055//1055 1057//1057 1113//1113
f 1057//1057 1056//1056 1114//1114
f 1057//1057 1114//1114 1058//1058
f 1115//1115 1057//1057 1058//1058
f 1116//1116 1113//1113 1057//1057
f 1057//1057 1115//1115 1116//1116
f 1058//1058 1117//1117 1115//1115
f 1118//1118 1116//1116 1115//1115
f 1118//1118 1115//1115 1117//1117
f 1119//1119 993//993 994//994
f 994//994 1016//1016 1119//1119
f 1016//1016 994//994 1120//1120
f 1121//1121 1120//1120 1123//1123
f 1121//1121 1123//1123 1122//1122
f 1120//1120 1121//1121 1016//1016
f 1082//1082 1016//1016 1121//1121
f 1082//1082 1121//1121 1124//1124
f 1070//1070 1016//1016 1082//1082
f 1122//1122 1030//1030 1121//1121
f 1084//1084 1082//1082 1124//1124
f 1124//1124 1121//1121 1030//1030
f 1018//1018 1019//1019 1089//1089
f 1127//1127 1116//1116 1118//1118
f 1030//1030 1126//1126 1125//1125
f 1030//1030 1122//1122 1126//1126
f 1128//1128 1030//1030 1125//1125
f 1129//1129 1030//1030 1128//1128
f 1103//1103 342//342 661//661
f 1103//1103 203//203 342//342
f 486//486 661//661 342//342
f 203//203 205//205 342//342
f 1130//1130 486//486 342//342
f 342//342 1131//1131 1130//1130
f 139//139 286//286 288//288
f 139//139 288//288 1132//1132
f 1132//1132 288//288 296//296
f 296//296 288//288 1130//1130
f 1133//1133 1132//1132 296//296
f 296//296 1130//1130 1131//1131
f 206//206 1131//1131 346//346
f 296//296 1131//1131 206//206
f 1137//1137 1136//1136 1135//1135
f 1136//1136 1137//1137 1138//1138
f 517//517 516//516 148//148
f 302//302 148//148 518//518
f 518//518 148//148 1139//1139
f 517//517 148//148 302//302
f 518//518 523//523 302//302
f 1140//1140 517//517 302//302
f 1140//1140 302//302 523//523
f 523//523 518//518 313//313
f 1143//1143 522//522 521//521
f 521//521 1140//1140 1144//1144
f 1144//1144 1140//1140 523//523
f 521//521 1144//1144 1143//1143
f 1143//1143 1144//1144 1145//1145
f 1145//1145 1144//1144 523//523
f 1145//1145 1146//1146 1143//1143
f 1141//1141 523//523 313//313
f 1141//1141 313//313 1142//1142
f 1148//1148 523//523 1141//1141
f 1148//1148 1141//1141 1147//1147
f 1142//1142 1147//1147 1141//1141
f 1145//1145 523//523 1148//1148
f 1146//1146 1145//1145 1148//1148
f 1148//1148 1147//1147 1150//1150
f 1072//1072 1143//1143 1151//1151
f 1151//1151 1143//1143 1146//1146
f 1152//1152 1151//1151 1146//1146
f 1152//1152 1154//1154 1151//1151
f 1152//1152 1146//1146 1148//1148
f 1152//1152 1148//1148 555//555
f 555//555 1148//1148 1150//1150
f 1153//1153 1152//1152 555//555
f 555//555 1155//1155 1153//1153
f 1149//1149 1142//1142 1156//1156
f 1149//1149 1156//1156 1157//1157
f 1160//1160 1159//1159 1077//1077
f 1157//1157 1156//1156 1158//1158
f 1158//1158 1161//1161 1157//1157
f 1158//1158 1159//1159 1160//1160
f 1161//1161 1158//1158 1160//1160
f 1162//1162 1074//1074 1079//1079
f 1079//1079 1163//1163 1162//1162
f 1164//1164 1077//1077 1074//1074
f 1160//1160 1077//1077 1164//1164
f 1074//1074 1165//1165 1164//1164
f 1165//1165 1074//1074 1162//1162
f 1162//1162 1167//1167 1165//1165
f 1167//1167 1162//1162 1166//1166
f 1142//1142 1149//1149 1147//1147
f 1149//1149 1169//1169 1168//1168
f 1169//1169 1149//1149 1161//1161
f 1150//1150 1168//1168 1169//1169
f 1170//1170 1150//1150 1169//1169
f 1149//1149 1157//1157 1161//1161
f 1160//1160 556//556 1161//1161
f 1171//1171 1169//1169 1161//1161
f 1161//1161 556//556 1171//1171
f 1150//1150 1170//1170 555//555
f 1169//1169 1171//1171 1170//1170
f 1170//1170 1155//1155 555//555
f 556//556 1160//1160 1165//1165
f 1165//1165 1160//1160 1164//1164
f 712//712 708//708 699//699
f 1174//1174 1118//1118 1117//1117
f 1117//1117 1175//1175 1174//1174
f 1176//1176 1174//1174 1175//1175
f 1175//1175 1177//1177 1176//1176
f 1178//1178 1176//1176 1177//1177
f 1179//1179 1176//1176 1178//1178
f 1180//1180 1179//1179 1178//1178
f 1084//1084 1081//1081 1082//1082
f 1181//1181 1124//1124 1030//1030
f 1084//1084 1088//1088 1081//1081
f 1085//1085 1081//1081 1088//1088
f 1124//1124 1182//1182 1084//1084
f 1182//1182 1124//1124 1181//1181
f 1182//1182 1088//1088 1084//1084
f 1029//1029 1085//1085 1088//1088
f 1087//1087 1085//1085 1029//1029
f 1182//1182 1181//1181 1183//1183
f 1029//1029 1088//1088 1182//1182
f 1135//1135 1185//1185 1090//1090
f 1090//1090 1186//1186 1135//1135
f 1137//1137 1135//1135 1186//1186
f 1174//1174 1127//1127 1118//1118
f 1128//1128 1187//1187 1129//1129
f 1181//1181 1030//1030 1129//1129
f 1181//1181 1129//1129 1187//1187
f 1187//1187 1094//1094 1181//1181
f 1099//1099 1181//1181 1094//1094
f 1181//1181 1099//1099 1183//1183
f 1190//1190 1087//1087 1189//1189
f 1189//1189 1087//1087 1029//1029
f 1182//1182 1191//1191 1029//1029
f 1192//1192 1191//1191 1182//1182
f 1192//1192 1182//1182 1183//1183
f 1176//1176 1179//1179 1188//1188
f 1099//1099 1094//1094 1195//1195
f 1198//1198 1196//1196 1197//1197
f 1197//1197 1199//1199 1198//1198
f 1200//1200 1198//1198 1199//1199
f 1199//1199 1201//1201 1200//1200
f 1204//1204 1202//1202 1203//1203
f 1206//1206 1207//1207 1203//1203
f 1207//1207 1206//1206 1208//1208
f 1203//1203 1207//1207 1204//1204
f 1210//1210 1202//1202 1204//1204
f 1210//1210 1204//1204 1211//1211
f 1202//1202 1210//1210 1205//1205
f 1207//1207 1211//1211 1204//1204
f 1101//1101 1212//1212 1079//1079
f 1163//1163 1079//1079 1212//1212
f 1212//1212 1101//1101 1097//1097
f 1097//1097 1213//1213 1212//1212
f 1213//1213 1097//1097 1214//1214
f 1163//1163 1212//1212 1162//1162
f 1166//1166 1162//1162 1212//1212
f 1213//1213 1217//1217 1212//1212
f 1166//1166 1212//1212 1218//1218
f 1212//1212 1217//1217 1218//1218
f 1219//1219 1214//1214 1215//1215
f 1214//1214 1219//1219 1213//1213
f 1215//1215 1220//1220 1219//1219
f 1223//1223 1221//1221 1222//1222
f 1207//1207 1208//1208 51//51
f 1225//1225 1224//1224 1196//1196
f 557//557 51//51 50//50
f 1209//1209 1207//1207 51//51
f 51//51 557//557 1209//1209
f 1226//1226 557//557 50//50
f 558//558 1209//1209 557//557
f 1211//1211 1227//1227 1210//1210
f 1228//1228 1205//1205 1210//1210
f 1196//1196 1198//1198 1225//1225
f 42//42 557//557 1226//1226
f 1234//1234 1151//1151 1154//1154
f 1236//1236 714//714 1031//1031
f 1239//1239 1102//1102 1238//1238
f 1241//1241 1242//1242 1240//1240
f 1241//1241 1244//1244 662//662
f 660//660 1033//1033 664//664
f 1107//1107 884//884 802//802
f 1108//1108 1039//1039 1036//1036
f 491//491 883//883 885//885
f 885//885 492//492 491//491
f 491//491 1035//1035 883//883
f 1041//1041 1038//1038 1059//1059
f 1059//1059 1038//1038 889//889
f 1247//1247 1041//1041 1059//1059
f 1038//1038 1041//1041 1248//1248
f 1108//1108 491//491 1039//1039
f 491//491 1109//1109 1039//1039
f 1040//1040 1039//1039 1109//1109
f 1111//1111 891//891 893//893
f 491//491 1112//1112 1109//1109
f 1112//1112 491//491 492//492
f 532//532 1109//1109 1112//1112
f 1109//1109 532//532 1250//1250
f 1250//1250 532//532 1251//1251
f 1111//1111 893//893 1252//1252
f 1252//1252 592//592 1111//1111
f 592//592 1252//1252 1253//1253
f 894//894 892//892 1040//1040
f 1059//1059 1254//1254 1247//1247
f 1247//1247 1248//1248 1041//1041
f 1248//1248 1247//1247 1042//1042
f 1249//1249 1248//1248 1042//1042
f 1043//1043 1042//1042 1247//1247
f 1040//1040 1109//1109 1250//1250
f 1250//1250 1045//1045 1040//1040
f 1045//1045 1250//1250 1251//1251
f 1251//1251 1255//1255 1045//1045
f 894//894 1040//1040 1045//1045
f 1045//1045 1043//1043 894//894
f 1043//1043 1247//1247 1254//1254
f 1044//1044 1045//1045 1255//1255
f 683//683 1048//1048 685//685
f 687//687 1048//1048 683//683
f 687//687 683//683 682//682
f 685//685 684//684 767//767
f 1048//1048 684//684 685//685
f 727//727 259//259 688//688
f 684//684 769//769 767//767
f 768//768 767//767 769//769
f 768//768 769//769 841//841
f 902//902 697//697 698//698
f 704//704 782//782 703//703
f 783//783 782//782 704//704
f 697//697 902//902 784//784
f 784//784 783//783 704//704
f 982//982 917//917 916//916
f 1257//1257 917//917 982//982
f 1054//1054 1257//1257 982//982
f 982//982 984//984 1054//1054
f 993//993 1258//1258 1259//1259
f 1260//1260 551//551 1259//1259
f 551//551 1260//1260 1261//1261
f 1263//1263 550//550 1262//1262
f 995//995 1259//1259 551//551
f 995//995 993//993 1259//1259
f 1264//1264 551//551 1261//1261
f 1263//1263 1261//1261 550//550
f 1264//1264 1261//1261 1263//1263
f 994//994 993//993 995//995
f 995//995 551//551 1264//1264
f 1123//1123 1263//1263 1265//1265
f 1263//1263 1123//1123 1264//1264
f 1120//1120 1264//1264 1123//1123
f 1006//1006 1003//1003 999//999
f 1061//1061 1003//1003 1006//1006
f 1008//1008 1005//1005 1004//1004
f 1064//1064 1000//1000 1008//1008
f 1010//1010 1008//1008 1004//1004
f 1059//1059 1003//1003 1062//1062
f 1062//1062 1254//1254 1059//1059
f 1062//1062 1003//1003 1061//1061
f 1043//1043 1254//1254 1067//1067
f 1067//1067 1254//1254 1062//1062
f 1067//1067 894//894 1043//1043
f 1067//1067 1062//1062 1063//1063
f 1267//1267 1262//1262 1266//1266
f 1266//1266 1268//1268 1267//1267
f 1262//1262 1267//1267 1263//1263
f 44//44 1267//1267 1268//1268
f 1270//1270 1267//1267 1271//1271
f 1271//1271 1267//1267 44//44
f 1054//1054 1113//1113 1269//1269
f 1054//1054 1055//1055 1113//1113
f 1265//1265 1263//1263 1267//1267
f 1265//1265 1267//1267 1270//1270
f 994//994 995//995 1120//1120
f 1120//1120 995//995 1264//1264
f 1018//1018 1008//1008 1017//1017
f 1017//1017 1008//1008 1010//1010
f 1116//1116 1272//1272 1113//1113
f 1270//1270 1125//1125 1265//1265
f 1122//1122 1123//1123 1265//1265
f 1126//1126 1265//1265 1125//1125
f 1126//1126 1122//1122 1265//1265
f 1127//1127 1272//1272 1116//1116
f 1131//1131 342//342 310//310
f 310//310 346//346 1131//1131
f 346//346 310//310 343//343
f 514//514 515//515 1134//1134
f 515//515 1273//1273 1134//1134
f 1139//1139 1274//1274 515//515
f 515//515 519//519 1139//1139
f 515//515 1275//1275 554//554
f 515//515 1276//1276 519//519
f 1276//1276 515//515 554//554
f 554//554 520//520 1276//1276
f 554//554 1278//1278 1279//1279
f 1281//1281 1282//1282 1280//1280
f 1075//1075 1283//1283 1284//1284
f 1284//1284 1076//1076 1075//1075
f 1076//1076 1284//1284 1286//1286
f 1274//1274 1139//1139 223//223
f 148//148 223//223 1139//1139
f 518//518 1139//1139 312//312
f 1287//1287 519//519 1276//1276
f 312//312 1139//1139 519//519
f 312//312 519//519 1287//1287
f 312//312 1287//1287 1288//1288
f 518//518 312//312 313//313
f 1289//1289 313//313 312//312
f 1289//1289 312//312 1288//1288
f 1142//1142 313//313 1289//1289
f 1288//1288 520//520 1279//1279
f 1276//1276 520//520 1288//1288
f 1287//1287 1276//1276 1288//1288
f 1280//1280 1282//1282 1279//1279
f 1288//1288 1279//1279 1282//1282
f 1290//1290 1288//1288 1282//1282
f 1291//1291 1283//1283 1075//1075
f 1292//1292 1291//1291 1075//1075
f 1290//1290 1282//1282 1291//1291
f 1159//1159 1291//1291 1292//1292
f 1158//1158 1290//1290 1291//1291
f 1291//1291 1159//1159 1158//1158
f 1289//1289 1288//1288 1290//1290
f 1289//1289 1290//1290 1156//1156
f 1142//1142 1289//1289 1156//1156
f 1158//1158 1156//1156 1290//1290
f 1292//1292 1075//1075 1073//1073
f 1292//1292 1073//1073 1077//1077
f 1292//1292 1077//1077 1159//1159
f 1077//1077 1073//1073 1074//1074
f 1023//1023 709//709 708//708
f 1024//1024 712//712 711//711
f 902//902 707//707 709//709
f 1025//1025 709//709 1023//1023
f 1188//1188 1127//1127 1174//1174
f 1176//1176 1188//1188 1174//1174
f 1295//1295 1190//1190 1189//1189
f 1295//1295 1189//1189 1294//1294
f 1190//1190 1295//1295 1296//1296
f 1206//1206 1294//1294 1191//1191
f 1206//1206 1191//1191 1192//1192
f 1206//1206 1192//1192 1208//1208
f 1285//1285 1078//1078 1286//1286
f 1285//1285 1297//1297 1078//1078
f 1098//1098 1092//1092 1097//1097
f 1098//1098 1297//1297 1092//1092
f 1297//1297 1098//1098 1078//1078
f 1079//1079 1078//1078 1098//1098
f 1216//1216 1095//1095 1096//1096
f 1095//1095 1216//1216 1214//1214
f 1299//1299 1223//1223 1298//1298
f 1196//1196 1223//1223 1299//1299
f 1299//1299 1300//1300 1196//1196
f 1300//1300 1197//1197 1196//1196
f 1205//1205 1296//1296 1202//1202
f 1203//1203 1295//1295 1294//1294
f 1202//1202 1296//1296 1295//1295
f 1202//1202 1295//1295 1203//1203
f 1203//1203 1294//1294 1206//1206
f 1097//1097 1101//1101 1098//1098
f 1216//1216 1215//1215 1214//1214
f 1224//1224 1221//1221 1223//1223
f 51//51 1208//1208 1100//1100
f 51//51 1100//1100 50//50
f 1223//1223 1196//1196 1224//1224
f 871//871 869//869 870//870
f 871//871 870//870 872//872
f 875//875 801//801 871//871
f 873//873 871//871 872//872
f 1301//1301 801//801 875//875
f 874//874 876//876 875//875
f 877//877 876//876 874//874
f 875//875 876//876 1301//1301
f 658//658 715//715 714//714
f 660//660 1302//1302 1033//1033
f 1102//1102 108//108 1237//1237
f 1239//1239 108//108 1102//1102
f 1242//1242 1245//1245 1240//1240
f 884//884 1034//1034 1035//1035
f 1035//1035 880//880 883//883
f 888//888 876//876 877//877
f 1038//1038 876//876 888//888
f 1305//1305 1301//1301 876//876
f 1038//1038 1305//1305 876//876
f 889//889 1038//1038 888//888
f 1248//1248 1305//1305 1038//1038
f 1110//1110 1107//1107 891//891
f 1039//1039 1040//1040 890//890
f 1044//1044 1043//1043 1045//1045
f 1049//1049 841//841 853//853
f 898//898 853//853 841//841
f 697//697 1051//1051 696//696
f 703//703 782//782 702//702
f 907//907 905//905 909//909
f 909//909 908//908 907//907
f 912//912 908//908 909//909
f 912//912 909//909 910//910
f 910//910 913//913 912//912
f 917//917 912//912 913//913
f 1311//1311 1309//1309 1310//1310
f 1313//1313 1314//1314 510//510
f 1312//1312 1309//1309 1311//1311
f 1311//1311 1316//1316 1312//1312
f 1258//1258 1312//1312 1316//1316
f 1315//1315 550//550 1317//1317
f 1315//1315 979//979 550//550
f 961//961 957//957 959//959
f 961//961 959//959 962//962
f 961//961 962//962 968//968
f 580//580 961//961 968//968
f 967//967 965//965 946//946
f 969//969 580//580 968//968
f 1318//1318 969//969 997//997
f 997//997 969//969 970//970
f 970//970 969//969 973//973
f 980//980 510//510 509//509
f 981//981 509//509 978//978
f 980//980 509//509 981//981
f 980//980 1313//1313 510//510
f 980//980 1315//1315 1313//1313
f 979//979 1315//1315 980//980
f 1257//1257 1308//1308 917//917
f 987//987 949//949 947//947
f 1316//1316 1259//1259 1258//1258
f 1259//1259 1316//1316 1260//1260
f 1319//1319 550//550 979//979
f 1262//1262 550//550 1319//1319
f 990//990 989//989 988//988
f 971//971 997//997 970//970
f 998//998 997//997 999//999
f 1005//1005 975//975 988//988
f 988//988 1004//1004 1005//1005
f 1319//1319 979//979 980//980
f 1320//1320 980//980 981//981
f 1319//1319 980//980 1320//1320
f 1269//1269 1308//1308 1257//1257
f 1054//1054 1269//1269 1257//1257
f 1319//1319 1266//1266 1262//1262
f 1266//1266 1319//1319 1320//1320
f 1070//1070 1119//1119 1016//1016
f 1071//1071 1119//1119 1070//1070
f 1022//1022 852//852 853//853
f 898//898 1022//1022 853//853
f 287//287 285//285 289//289
f 289//289 286//286 287//287
f 514//514 1134//1134 430//430
f 1185//1185 1135//1135 1136//1136
f 1327//1327 1326//1326 1329//1329
f 1279//1279 1278//1278 1280//1280
f 1281//1281 1327//1327 1330//1330
f 1280//1280 1328//1328 1327//1327
f 1327//1327 1281//1281 1280//1280
f 1330//1330 1332//1332 1281//1281
f 1332//1332 1331//1331 1281//1281
f 1283//1283 1331//1331 1332//1332
f 1281//1281 1331//1331 1283//1283
f 1137//1137 1193//1193 1138//1138
f 1334//1334 1138//1138 1193//1193
f 1283//1283 1332//1332 1284//1284
f 1284//1284 1332//1332 1335//1335
f 1286//1286 1335//1335 1334//1334
f 1284//1284 1335//1335 1286//1286
f 1193//1193 1286//1286 1334//1334
f 1286//1286 1078//1078 1076//1076
f 1282//1282 1281//1281 1291//1291
f 1291//1291 1281//1281 1283//1283
f 1336//1336 1180//1180 1178//1178
f 1222//1222 1180//1180 1336//1336
f 1083//1083 1087//1087 1293//1293
f 1094//1094 1187//1187 1337//1337
f 1190//1190 1293//1293 1087//1087
f 1029//1029 1294//1294 1189//1189
f 1183//1183 1208//1208 1192//1192
f 1296//1296 1338//1338 1190//1190
f 1294//1294 1029//1029 1191//1191
f 1186//1186 1092//1092 1194//1194
f 1137//1137 1285//1285 1193//1193
f 1285//1285 1137//1137 1194//1194
f 1286//1286 1193//1193 1285//1285
f 1297//1297 1285//1285 1194//1194
f 1297//1297 1194//1194 1092//1092
f 1214//1214 1093//1093 1095//1095
f 1093//1093 1214//1214 1097//1097
f 1208//1208 1183//1183 1099//1099
f 1180//1180 1221//1221 1179//1179
f 1221//1221 1180//1180 1222//1222
f 1100//1100 1099//1099 1195//1195
f 1195//1195 50//50 1100//1100
f 1100//1100 1208//1208 1099//1099
f 1298//1298 1222//1222 1336//1336
f 1222//1222 1298//1298 1223//1223
f 7//7 772//772 773//773
f 1339//1339 365//365 7//7
f 9//9 365//365 1339//1339
f 791//791 1341//1341 790//790
f 1//1 9//9 1343//1343
f 1343//1343 793//793 1//1
f 794//794 1//1 793//793
f 415//415 413//413 414//414
f 830//830 1350//1350 1348//1348
f 593//593 2//2 817//817
f 829//829 1352//1352 828//828
f 1020//1020 828//828 1352//1352
f 785//785 58//58 832//832
f 851//851 1020//1020 1352//1352
f 1352//1352 1354//1354 851//851
f 1355//1355 1354//1354 1353//1353
f 1354//1354 1355//1355 851//851
f 841//841 728//728 899//899
f 771//771 4//4 772//772
f 772//772 4//4 773//773
f 1321//1321 788//788 761//761
f 854//854 745//745 793//793
f 1358//1358 1347//1347 1359//1359
f 1358//1358 415//415 1347//1347
f 1364//1364 1362//1362 1363//1363
f 1238//1238 1367//1367 1031//1031
f 1031//1031 1367//1367 1371//1371
f 1031//1031 1371//1371 1372//1372
f 1031//1031 1372//1372 1369//1369
f 1369//1369 1372//1372 1374//1374
f 1370//1370 1369//1369 1374//1374
f 1031//1031 1369//1369 1236//1236
f 1236//1236 1369//1369 1370//1370
f 1376//1376 1377//1377 1375//1375
f 1377//1377 1376//1376 1378//1378
f 1302//1302 660//660 1380//1380
f 1302//1302 1380//1380 1379//1379
f 1375//1375 1377//1377 1302//1302
f 1375//1375 1302//1302 1379//1379
f 1382//1382 1378//1378 1381//1381
f 1377//1377 1378//1378 1382//1382
f 1382//1382 1381//1381 1303//1303
f 1303//1303 1245//1245 1382//1382
f 1383//1383 1105//1105 1104//1104
f 1383//1383 1382//1382 1245//1245
f 1245//1245 1105//1105 1383//1383
f 6//6 361//361 466//466
f 1384//1384 1386//1386 1385//1385
f 1387//1387 1386//1386 1384//1384
f 1384//1384 1388//1388 1387//1387
f 1390//1390 1389//1389 1387//1387
f 1392//1392 1381//1381 1378//1378
f 1393//1393 1387//1387 1388//1388
f 1394//1394 1388//1388 1046//1046
f 1393//1393 1388//1388 1394//1394
f 852//852 851//851 1355//1355
f 1249//1249 1042//1042 1397//1397
f 1397//1397 1042//1042 1398//1398
f 1049//1049 1398//1398 1042//1042
f 770//770 780//780 846//846
f 389//389 388//388 390//390
f 700//700 1399//1399 701//701
f 962//962 959//959 958//958
f 999//999 997//997 996//996
f 605//605 603//603 602//602
f 605//605 789//789 745//745
f 793//793 1342//1342 854//854
f 1//1 10//10 9//9
f 1343//1343 9//9 1339//1339
f 1393//1393 1390//1390 1387//1387
f 1353//1353 1354//1354 1391//1391
f 854//854 7//7 773//773
f 8//8 1339//1339 7//7
f 1402//1402 1403//1403 1404//1404
f 933//933 932//932 935//935
f 1024//1024 711//711 1408//1408
f 1418//1418 1419//1419 1420//1420
f 1420//1420 1419//1419 1421//1421
f 1422//1422 944//944 939//939
f 1424//1424 1425//1425 1426//1426
f 1430//1430 1431//1431 1432//1432
f 18//18 17//17 16//16
f 1436//1436 18//18 19//19
f 1438//1438 1439//1439 1437//1437
f 1402//1402 1404//1404 1037//1037
f 1405//1405 1403//1403 1402//1402
f 507//507 1444//1444 1446//1446
f 990//990 988//988 987//987
f 1125//1125 1270//1270 1450//1450
f 1450//1450 1451//1451 1125//1125
f 1128//1128 1125//1125 1451//1451
f 1054//1054 984//984 1052//1052
f 1128//1128 1451//1451 1437//1437
f 1437//1437 1439//1439 1128//1128
f 1453//1453 1128//1128 1439//1439
f 1187//1187 1128//1128 1453//1453
f 1094//1094 1337//1337 1454//1454
f 1195//1195 1094//1094 1454//1454
f 1456//1456 1459//1459 1458//1458
f 33//33 1462//1462 1463//1463
f 1464//1464 1195//1195 1454//1454
f 50//50 1195//1195 1464//1464
f 1466//1466 1461//1461 1465//1465
f 45//45 1466//1466 1465//1465
f 1457//1457 52//52 50//50
f 1226//1226 50//50 53//53
f 43//43 1467//1467 1468//1468
f 1467//1467 1226//1226 53//53
f 39//39 54//54 46//46
f 1198//1198 1231//1231 1474//1474
f 1198//1198 1200//1200 1231//1231
f 1475//1475 1474//1474 1231//1231
f 1476//1476 558//558 42//42
f 35//35 43//43 1469//1469
f 1469//1469 56//56 35//35
f 56//56 1477//1477 35//35
f 25//25 24//24 26//26
f 27//27 55//55 25//25
f 30//30 27//27 29//29
f 30//30 37//37 27//27
f 1231//1231 1480//1480 1475//1475
f 1480//1480 1231//1231 1200//1200
f 1481//1481 1475//1475 1480//1480
f 1482//1482 1476//1476 38//38
f 1483//1483 1481//1481 1480//1480
f 36//36 35//35 1477//1477
f 29//29 31//31 30//30
f 37//37 30//30 34//34
f 42//42 558//558 557//557
f 1483//1483 1489//1489 1481//1481
f 1490//1490 1481//1481 1489//1489
f 28//28 26//26 1491//1491
f 1468//1468 1469//1469 43//43
f 26//26 23//23 22//22
f 33//33 1472//1472 20//20
f 1485//1485 1473//1473 1486//1486
f 1456//1456 1455//1455 1485//1485
f 1458//1458 1495//1495 1456//1456
f 1459//1459 1456//1456 1485//1485
f 1390//1390 1393//1393 1496//1496
f 1502//1502 1501//1501 1503//1503
f 17//17 1430//1430 1432//1432
f 1505//1505 1450//1450 1271//1271
f 16//16 1432//1432 1507//1507
f 1508//1508 16//16 1507//1507
f 1509//1509 19//19 1510//1510
f 1509//1509 1437//1437 1451//1451
f 47//47 1027//1027 1462//1462
f 47//47 33//33 21//21
f 1454//1454 1337//1337 1453//1453
f 1410//1410 1517//1517 1515//1515
f 1410//1410 1515//1515 1516//1516
f 1423//1423 1523//1523 1524//1524
f 1503//1503 1423//1423 1524//1524
f 949//949 1422//1422 947//947
f 1504//1504 1424//1424 1502//1502
f 1452//1452 1424//1424 1504//1504
f 1007//1007 1442//1442 1060//1060
f 1435//1435 44//44 1268//1268
f 1432//1432 16//16 17//17
f 19//19 18//18 16//16
f 1473//1473 49//49 1486//1486
f 1473//1473 1455//1455 1527//1527
f 1457//1457 50//50 1464//1464
f 262//262 1529//1529 263//263
f 1466//1466 1531//1531 1461//1461
f 1526//1526 1027//1027 47//47
f 1532//1532 1362//1362 1440//1440
f 1403//1403 1366//1366 1404//1404
f 1513//1513 1497//1497 1499//1499
f 1522//1522 1514//1514 1523//1523
f 1514//1514 1497//1497 1513//1513
f 1520//1520 1521//1521 1544//1544
f 1521//1521 1421//1421 1447//1447
f 1520//1520 1421//1421 1521//1521
f 1545//1545 1547//1547 1548//1548
f 1431//1431 1427//1427 1428//1428
f 1427//1427 1431//1431 1429//1429
f 1428//1428 1507//1507 1431//1431
f 1268//1268 1266//1266 1435//1435
f 1510//1510 19//19 1511//1511
f 1069//1069 1510//1510 1511//1511
f 1069//1069 1511//1511 1028//1028
f 1438//1438 1437//1437 1027//1027
f 923//923 1549//1549 1441//1441
f 923//923 1441//1441 1512//1512
f 925//925 923//923 1512//1512
f 1440//1440 1441//1441 1549//1549
f 1532//1532 1440//1440 1549//1549
f 1363//1363 1362//1362 1532//1532
f 1404//1404 1366//1366 1037//1037
f 1402//1402 1037//1037 886//886
f 1506//1506 887//887 886//886
f 1534//1534 1533//1533 1535//1535
f 1535//1535 1550//1550 1534//1534
f 1550//1550 1306//1306 1534//1534
f 1536//1536 1550//1550 1535//1535
f 1536//1536 1551//1551 1550//1550
f 1306//1306 1550//1550 1551//1551
f 1551//1551 1536//1536 1538//1538
f 1538//1538 1536//1536 1537//1537
f 1409//1409 922//922 1538//1538
f 903//903 922//922 1409//1409
f 1307//1307 1306//1306 1553//1553
f 1551//1551 1553//1553 1306//1306
f 1554//1554 1551//1551 1552//1552
f 1551//1551 1555//1555 1553//1553
f 1540//1540 1307//1307 1553//1553
f 1540//1540 1553//1553 1555//1555
f 1540//1540 1555//1555 1556//1556
f 919//919 1518//1518 918//918
f 936//936 918//918 1557//1557
f 920//920 1406//1406 919//919
f 936//936 919//919 918//918
f 1406//1406 920//920 1407//1407
f 921//921 919//919 936//936
f 937//937 1407//1407 920//920
f 1499//1499 1559//1559 1513//1513
f 1559//1559 1558//1558 1513//1513
f 1445//1445 1499//1499 1498//1498
f 1514//1514 1513//1513 1560//1560
f 1523//1523 1514//1514 1560//1560
f 1560//1560 1513//1513 1558//1558
f 918//918 1518//1518 1561//1561
f 1515//1515 1517//1517 1518//1518
f 1561//1561 1518//1518 1517//1517
f 1517//1517 1562//1562 1561//1561
f 1561//1561 1542//1542 918//918
f 1557//1557 918//918 1542//1542
f 929//929 476//476 1548//1548
f 929//929 1548//1548 1566//1566
f 482//482 479//479 929//929
f 929//929 1567//1567 482//482
f 1566//1566 1567//1567 929//929
f 1571//1571 1555//1555 1554//1554
f 1573//1573 1562//1562 1570//1570
f 1562//1562 1572//1572 1570//1570
f 1410//1410 1574//1574 1517//1517
f 1574//1574 1410//1410 1411//1411
f 1517//1517 1574//1574 1572//1572
f 1413//1413 1574//1574 1411//1411
f 1562//1562 1517//1517 1572//1572
f 1571//1571 1570//1570 1572//1572
f 1572//1572 1575//1575 1571//1571
f 1575//1575 1572//1572 1574//1574
f 1576//1576 1574//1574 1413//1413
f 1575//1575 1574//1574 1576//1576
f 1556//1556 1555//1555 1571//1571
f 1577//1577 1556//1556 1571//1571
f 1577//1577 1571//1571 1575//1575
f 1578//1578 1575//1575 1576//1576
f 1577//1577 1575//1575 1578//1578
f 1421//1421 1419//1419 1414//1414
f 1578//1578 1414//1414 1500//1500
f 1500//1500 1414//1414 1419//1419
f 1500//1500 1419//1419 1579//1579
f 1579//1579 1580//1580 1500//1500
f 1581//1581 1567//1567 1566//1566
f 548//548 547//547 1545//1545
f 1546//1546 1568//1568 1582//1582
f 1546//1546 1579//1579 1545//1545
f 1579//1579 1546//1546 1580//1580
f 1580//1580 1546//1546 1582//1582
f 1548//1548 548//548 1545//1545
f 1547//1547 1581//1581 1548//1548
f 1548//1548 1581//1581 1566//1566
f 1545//1545 1579//1579 1547//1547
f 1577//1577 1578//1578 1584//1584
f 1584//1584 1578//1578 1500//1500
f 1584//1584 1500//1500 1580//1580
f 1584//1584 1580//1580 1582//1582
f 1582//1582 1585//1585 1584//1584
f 1585//1585 1582//1582 1583//1583
f 1587//1587 920//920 921//921
f 1587//1587 941//941 938//938
f 1588//1588 936//936 1557//1557
f 939//939 1587//1587 921//921
f 944//944 1587//1587 939//939
f 944//944 943//943 1587//1587
f 939//939 921//921 936//936
f 1587//1587 943//943 941//941
f 1588//1588 939//939 936//936
f 1560//1560 1524//1524 1523//1523
f 1560//1560 977//977 1524//1524
f 977//977 1560//1560 1449//1449
f 1503//1503 1524//1524 977//977
f 977//977 1589//1589 1503//1503
f 1309//1309 1557//1557 1542//1542
f 1310//1310 1309//1309 1542//1542
f 1590//1590 1542//1542 1563//1563
f 506//506 1563//1563 1445//1445
f 1310//1310 1542//1542 1314//1314
f 1314//1314 1542//1542 1590//1590
f 506//506 1590//1590 1563//1563
f 1588//1588 1557//1557 1309//1309
f 1314//1314 1311//1311 1310//1310
f 510//510 1590//1590 506//506
f 1314//1314 1590//1590 510//510
f 1588//1588 1592//1592 939//939
f 1591//1591 1593//1593 1592//1592
f 947//947 1422//1422 939//939
f 948//948 939//939 1592//1592
f 1502//1502 1503//1503 1589//1589
f 1308//1308 1589//1589 977//977
f 1591//1591 1588//1588 1309//1309
f 1313//1313 1311//1311 1314//1314
f 1316//1316 1311//1311 1317//1317
f 1317//1317 1311//1311 1313//1313
f 1317//1317 1313//1313 1315//1315
f 1549//1549 1594//1594 1532//1532
f 1594//1594 1549//1549 952//952
f 1549//1549 923//923 924//924
f 1549//1549 924//924 952//952
f 953//953 1594//1594 952//952
f 1363//1363 1532//1532 1594//1594
f 964//964 1594//1594 1595//1595
f 965//965 942//942 946//946
f 986//986 947//947 948//948
f 947//947 986//986 987//987
f 1502//1502 1589//1589 1308//1308
f 1504//1504 1502//1502 1308//1308
f 1596//1596 1504//1504 1269//1269
f 1312//1312 1258//1258 1593//1593
f 1260//1260 1317//1317 550//550
f 1261//1261 1260//1260 550//550
f 1428//1428 1452//1452 1596//1596
f 1596//1596 1452//1452 1504//1504
f 1507//1507 1428//1428 1596//1596
f 1597//1597 1596//1596 1269//1269
f 1432//1432 1431//1431 1507//1507
f 1002//1002 887//887 1006//1006
f 1506//1506 1598//1598 1442//1442
f 1506//1506 1442//1442 887//887
f 1269//1269 1504//1504 1308//1308
f 1272//1272 1269//1269 1113//1113
f 1269//1269 1272//1272 1597//1597
f 19//19 16//16 1508//1508
f 1511//1511 19//19 1470//1470
f 1509//1509 1436//1436 19//19
f 1470//1470 1028//1028 1511//1511
f 1027//1027 1069//1069 1028//1028
f 1027//1027 1437//1437 1069//1069
f 1337//1337 1187//1187 1453//1453
f 1599//1599 1600//1600 800//800
f 800//800 1600//1600 864//864
f 1601//1601 1599//1599 800//800
f 1602//1602 1599//1599 1601//1601
f 870//870 867//867 1603//1603
f 1318//1318 877//877 873//873
f 1604//1604 1032//1032 715//715
f 1604//1604 715//715 713//713
f 713//713 1605//1605 1604//1604
f 1607//1607 1604//1604 1608//1608
f 1608//1608 1604//1604 1605//1605
f 1608//1608 1605//1605 1609//1609
f 1611//1611 1607//1607 1608//1608
f 1607//1607 1613//1613 1612//1612
f 1612//1612 1613//1613 661//661
f 1611//1611 1613//1613 1607//1607
f 1613//1613 1611//1611 1614//1614
f 1103//1103 661//661 1613//1613
f 203//203 1103//1103 716//716
f 713//713 1606//1606 1615//1615
f 1605//1605 713//713 1615//1615
f 880//880 1034//1034 1615//1615
f 1616//1616 1615//1615 1034//1034
f 885//885 882//882 1104//1104
f 1105//1105 885//885 1104//1104
f 1105//1105 1245//1245 1304//1304
f 1616//1616 1034//1034 1106//1106
f 1106//1106 1034//1034 884//884
f 1248//1248 1617//1617 1305//1305
f 1249//1249 1617//1617 1248//1248
f 1618//1618 750//750 532//532
f 1618//1618 532//532 1112//1112
f 237//237 1255//1255 1251//1251
f 1044//1044 1255//1255 768//768
f 1044//1044 768//768 1043//1043
f 1609//1609 1605//1605 1615//1615
f 1609//1609 1615//1615 1616//1616
f 1609//1609 1620//1620 1619//1619
f 1620//1620 1609//1609 1621//1621
f 1619//1619 1611//1611 1608//1608
f 1622//1622 1616//1616 1106//1106
f 1621//1621 1609//1609 1616//1616
f 1621//1621 1616//1616 1622//1622
f 1621//1621 1622//1622 1623//1623
f 1622//1622 1106//1106 1624//1624
f 1623//1623 1622//1622 1624//1624
f 1621//1621 1623//1623 1625//1625
f 203//203 716//716 204//204
f 1619//1619 1620//1620 1626//1626
f 1627//1627 1619//1619 1626//1626
f 1623//1623 1624//1624 1629//1629
f 421//421 1630//1630 382//382
f 382//382 381//381 421//421
f 860//860 332//332 895//895
f 895//895 332//332 359//359
f 859//859 860//860 895//895
f 817//817 1631//1631 1349//1349
f 1349//1349 1350//1350 817//817
f 360//360 464//464 465//465
f 362//362 360//360 465//465
f 816//816 3//3 594//594
f 363//363 6//6 819//819
f 572//572 573//573 595//595
f 759//759 459//459 647//647
f 787//787 837//837 849//849
f 840//840 846//846 691//691
f 846//846 840//840 770//770
f 1632//1632 278//278 599//599
f 579//579 578//578 693//693
f 695//695 467//467 579//579
f 927//927 475//475 476//476
f 1634//1634 927//927 930//930
f 476//476 929//929 927//927
f 931//931 1565//1565 856//856
f 855//855 856//856 1565//1565
f 931//931 1635//1635 1565//1565
f 503//503 855//855 1565//1565
f 931//931 1636//1636 1635//1635
f 1634//1634 861//861 928//928
f 863//863 861//861 1634//1634
f 1634//1634 930//930 863//863
f 1634//1634 928//928 927//927
f 504//504 547//547 548//548
f 926//926 479//479 478//478
f 548//548 1548//1548 476//476
f 1565//1565 1635//1635 1568//1568
f 1568//1568 1635//1635 1569//1569
f 1565//1565 547//547 503//503
f 1568//1568 547//547 1565//1565
f 1569//1569 1635//1635 1636//1636
f 1637//1637 935//935 477//477
f 1417//1417 483//483 1416//1416
f 938//938 920//920 1587//1587
f 940//940 938//938 941//941
f 549//549 863//863 925//925
f 549//549 925//925 481//481
f 925//925 863//863 930//930
f 960//960 481//481 951//951
f 951//951 481//481 480//480
f 953//953 952//952 926//926
f 953//953 1595//1595 1594//1594
f 1595//1595 953//953 938//938
f 940//940 1595//1595 938//938
f 964//964 1363//1363 1594//1594
f 1595//1595 940//940 942//942
f 1595//1595 965//965 964//964
f 965//965 1595//1595 942//942
f 549//549 960//960 867//867
f 960//960 549//549 481//481
f 1603//1603 867//867 960//960
f 957//957 1603//1603 960//960
f 963//963 1363//1363 964//964
f 962//962 958//958 1363//1363
f 962//962 1363//1363 963//963
f 962//962 963//963 966//966
f 872//872 870//870 1603//1603
f 580//580 1603//1603 957//957
f 1603//1603 580//580 872//872
f 580//580 957//957 961//961
f 873//873 872//872 1318//1318
f 1318//1318 872//872 580//580
f 1318//1318 580//580 969//969
f 1417//1417 477//477 482//482
f 1417//1417 482//482 483//483
f 973//973 976//976 1037//1037
f 1638//1638 1037//1037 976//976
f 1037//1037 970//970 973//973
f 1639//1639 974//974 975//975
f 1001//1001 1638//1638 976//976
f 1318//1318 998//998 888//888
f 889//889 888//888 998//998
f 998//998 1318//1318 997//997
f 1003//1003 889//889 998//998
f 1569//1569 1636//1636 1640//1640
f 1640//1640 1641//1641 1569//1569
f 1583//1583 1569//1569 1642//1642
f 1642//1642 1569//1569 1643//1643
f 1643//1643 1569//1569 1641//1641
f 1644//1644 1645//1645 1643//1643
f 1583//1583 1642//1642 1646//1646
f 1642//1642 1643//1643 1645//1645
f 1646//1646 1642//1642 1645//1645
f 1586//1586 1646//1646 1647//1647
f 1647//1647 1646//1646 1645//1645
f 705//705 486//486 289//289
f 486//486 705//705 661//661
f 1600//1600 14//14 864//864
f 864//864 14//14 860//860
f 800//800 864//864 862//862
f 870//870 865//865 867//867
f 1601//1601 800//800 868//868
f 801//801 868//868 869//869
f 868//868 801//801 1601//1601
f 1301//1301 1601//1601 801//801
f 874//874 871//871 873//873
f 873//873 877//877 874//874
f 1617//1617 1601//1601 1301//1301
f 883//883 882//882 885//885
f 1105//1105 492//492 885//885
f 1301//1301 1305//1305 1617//1617
f 59//59 1653//1653 1652//1652
f 59//59 436//436 441//441
f 1654//1654 60//60 1655//1655
f 858//858 859//859 895//895
f 858//858 895//895 896//896
f 897//897 896//896 1349//1349
f 897//897 1349//1349 1631//1631
f 14//14 332//332 860//860
f 897//897 1631//1631 3//3
f 3//3 360//360 362//362
f 362//362 594//594 3//3
f 830//830 595//595 817//817
f 573//573 817//817 595//595
f 460//460 536//536 174//174
f 647//647 459//459 666//666
f 122//122 119//119 759//759
f 261//261 576//576 766//766
f 780//780 776//776 845//845
f 599//599 734//734 1632//1632
f 474//474 694//694 473//473
f 474//474 655//655 695//695
f 1658//1658 427//427 577//577
f 501//501 748//748 1659//1659
f 738//738 261//261 766//766
f 1660//1660 261//261 738//738
f 743//743 1660//1660 738//738
f 742//742 743//743 738//738
f 501//501 743//743 741//741
f 748//748 501//501 740//740
f 741//741 740//740 501//501
f 931//931 856//856 858//858
f 1422//1422 943//943 944//944
f 867//867 866//866 549//549
f 477//477 479//479 482//482
f 931//931 858//858 1661//1661
f 1636//1636 931//931 1640//1640
f 1640//1640 931//931 1661//1661
f 858//858 897//897 1661//1661
f 1661//1661 897//897 816//816
f 1662//1662 1640//1640 1661//1661
f 3//3 816//816 897//897
f 1662//1662 1661//1661 816//816
f 816//816 594//594 361//361
f 816//816 361//361 1664//1664
f 1662//1662 816//816 1664//1664
f 1641//1641 1640//1640 1662//1662
f 1662//1662 1665//1665 1641//1641
f 1644//1644 1665//1665 1662//1662
f 1641//1641 1665//1665 1644//1644
f 1643//1643 1641//1641 1644//1644
f 1644//1644 1662//1662 1663//1663
f 1666//1666 1648//1648 1645//1645
f 1645//1645 1644//1644 1666//1666
f 1647//1647 1645//1645 1648//1648
f 1648//1648 1666//1666 1667//1667
f 1667//1667 1668//1668 1648//1648
f 1648//1648 1649//1649 1647//1647
f 1649//1649 1648//1648 1668//1668
f 512//512 601//601 848//848
f 1668//1668 1669//1669 1340//1340
f 1649//1649 1668//1668 1340//1340
f 787//787 849//849 1021//1021
f 787//787 1021//1021 789//789
f 786//786 601//601 602//602
f 603//603 786//786 602//602
f 744//744 789//789 1022//1022
f 622//622 746//746 621//621
f 1659//1659 748//748 747//747
f 747//747 1658//1658 1659//1659
f 1672//1672 563//563 1671//1671
f 563//563 402//402 1671//1671
f 563//563 562//562 402//402
f 402//402 401//401 1671//1671
f 402//402 404//404 400//400
f 404//404 402//402 565//565
f 403//403 354//354 400//400
f 586//586 354//354 403//403
f 436//436 59//59 76//76
f 1630//1630 1674//1674 422//422
f 382//382 422//422 401//401
f 422//422 382//382 1630//1630
f 401//401 400//400 382//382
f 1673//1673 417//417 1656//1656
f 570//570 1672//1672 803//803
f 422//422 1672//1672 1671//1671
f 401//401 422//422 1671//1671
f 563//563 1672//1672 570//570
f 562//562 563//563 570//570
f 448//448 381//381 446//446
f 446//446 381//381 384//384
f 494//494 570//570 811//811
f 564//564 570//570 533//533
f 494//494 533//533 570//570
f 811//811 570//570 806//806
f 495//495 494//494 811//811
f 495//495 811//811 812//812
f 812//812 498//498 495//495
f 497//497 495//495 498//498
f 13//13 359//359 332//332
f 464//464 497//497 499//499
f 361//361 465//465 1657//1657
f 464//464 499//499 821//821
f 465//465 464//464 821//821
f 465//465 821//821 1676//1676
f 1657//1657 465//465 1676//1676
f 822//822 1676//1676 821//821
f 597//597 819//819 466//466
f 534//534 669//669 536//536
f 536//536 535//535 534//534
f 759//759 647//647 534//534
f 534//534 177//177 759//759
f 722//722 759//759 177//177
f 176//176 722//722 177//177
f 759//759 648//648 122//122
f 648//648 124//124 121//121
f 121//121 122//122 648//648
f 128//128 722//722 176//176
f 648//648 722//722 128//128
f 178//178 128//128 176//176
f 126//126 648//648 128//128
f 674//674 725//725 675//675
f 676//676 675//675 725//725
f 676//676 725//725 470//470
f 677//677 536//536 670//670
f 677//677 670//670 673//673
f 536//536 677//677 1633//1633
f 776//776 777//777 845//845
f 780//780 774//774 779//779
f 779//779 775//775 776//776
f 779//779 774//774 275//275
f 733//733 1632//1632 734//734
f 693//693 1633//1633 677//677
f 579//579 694//694 695//695
f 621//621 730//730 626//626
f 1664//1664 361//361 1657//1657
f 1657//1657 1677//1677 1664//1664
f 1662//1662 1664//1664 1663//1663
f 1677//1677 1657//1657 1676//1676
f 1677//1677 1676//1676 1351//1351
f 1663//1663 1664//1664 1677//1677
f 1677//1677 1678//1678 1663//1663
f 1677//1677 1351//1351 1679//1679
f 1678//1678 1677//1677 1679//1679
f 1678//1678 1679//1679 1680//1680
f 1663//1663 1666//1666 1644//1644
f 1666//1666 1663//1663 1678//1678
f 1678//1678 1667//1667 1666//1666
f 1667//1667 1678//1678 1680//1680
f 1668//1668 1667//1667 1669//1669
f 601//601 512//512 511//511
f 1682//1682 1680//1680 1681//1681
f 1682//1682 1683//1683 1680//1680
f 1667//1667 1680//1680 1683//1683
f 1683//1683 1669//1669 1667//1667
f 1669//1669 1683//1683 1684//1684
f 1340//1340 1669//1669 1684//1684
f 1685//1685 1340//1340 1684//1684
f 746//746 730//730 621//621
f 586//586 403//403 404//404
f 74//74 76//76 1652//1652
f 438//438 441//441 435//435
f 438//438 439//439 441//441
f 60//60 1654//1654 1653//1653
f 60//60 441//441 1655//1655
f 1655//1655 441//441 439//439
f 1674//1674 420//420 417//417
f 74//74 1652//1652 417//417
f 78//78 74//74 417//417
f 417//417 1652//1652 1653//1653
f 78//78 417//417 420//420
f 1674//1674 417//417 422//422
f 420//420 1674//1674 1630//1630
f 1673//1673 803//803 1672//1672
f 1656//1656 803//803 1673//1673
f 1656//1656 804//804 803//803
f 422//422 417//417 1673//1673
f 1672//1672 422//422 1673//1673
f 421//421 420//420 1630//1630
f 1653//1653 1656//1656 417//417
f 1656//1656 1653//1653 1654//1654
f 1688//1688 1687//1687 1654//1654
f 1655//1655 1688//1688 1654//1654
f 1654//1654 1687//1687 1656//1656
f 1687//1687 804//804 1656//1656
f 804//804 1689//1689 808//808
f 808//808 805//805 804//804
f 807//807 805//805 808//808
f 1688//1688 1655//1655 443//443
f 1688//1688 443//443 444//444
f 1688//1688 1690//1690 1687//1687
f 1688//1688 444//444 1675//1675
f 1690//1690 1688//1688 1675//1675
f 1689//1689 1687//1687 1690//1690
f 1687//1687 1689//1689 804//804
f 809//809 808//808 810//810
f 808//808 1689//1689 810//810
f 807//807 752//752 811//811
f 755//755 807//807 809//809
f 594//594 593//593 466//466
f 1676//1676 822//822 1351//1351
f 1351//1351 822//822 825//825
f 336//336 363//363 818//818
f 1691//1691 818//818 831//831
f 848//848 1691//1691 831//831
f 818//818 339//339 336//336
f 1691//1691 339//339 818//818
f 339//339 756//756 338//338
f 756//756 339//339 1691//1691
f 756//756 1691//1691 848//848
f 758//758 756//756 848//848
f 825//825 1681//1681 1351//1351
f 1681//1681 825//825 835//835
f 642//642 623//623 95//95
f 88//88 239//239 84//84
f 94//94 642//642 95//95
f 94//94 244//244 642//642
f 771//771 604//604 1401//1401
f 117//117 653//653 654//654
f 577//577 193//193 196//196
f 427//427 426//426 577//577
f 186//186 258//258 261//261
f 261//261 429//429 186//186
f 630//630 651//651 392//392
f 626//626 681//681 630//630
f 758//758 848//848 601//601
f 1679//1679 1351//1351 1681//1681
f 1680//1680 1679//1679 1681//1681
f 1681//1681 835//835 836//836
f 1682//1682 1681//1681 1685//1685
f 836//836 1685//1685 1681//1681
f 1683//1683 1682//1682 1685//1685
f 1684//1684 1683//1683 1685//1685
f 365//365 792//792 772//772
f 794//794 793//793 745//745
f 9//9 792//792 365//365
f 9//9 795//795 792//792
f 364//364 795//795 9//9
f 1692//1692 1//1 794//794
f 618//618 1692//1692 794//794
f 1692//1692 1344//1344 1//1
f 1658//1658 432//432 427//427
f 434//434 71//71 69//69
f 435//435 436//436 1651//1651
f 1651//1651 72//72 440//440
f 72//72 1651//1651 436//436
f 436//436 76//76 72//72
f 1652//1652 76//76 59//59
f 442//442 437//437 1694//1694
f 1694//1694 1695//1695 442//442
f 1695//1695 1694//1694 356//356
f 451//451 1695//1695 356//356
f 451//451 356//356 357//357
f 444//444 442//442 1695//1695
f 1695//1695 451//451 453//453
f 454//454 1695//1695 453//453
f 1675//1675 444//444 455//455
f 455//455 444//444 1695//1695
f 1690//1690 1675//1675 719//719
f 719//719 1675//1675 455//455
f 455//455 1695//1695 454//454
f 719//719 718//718 1690//1690
f 1689//1689 1690//1690 718//718
f 810//810 1689//1689 718//718
f 608//608 810//810 718//718
f 451//451 357//357 453//453
f 454//454 719//719 455//455
f 119//119 118//118 759//759
f 958//958 1364//1364 1363//1363
f 1037//1037 1366//1366 970//970
f 1348//1348 1349//1349 895//895
f 333//333 330//330 329//329
f 1600//1600 1599//1599 1696//1696
f 329//329 1696//1696 333//333
f 333//333 1696//1696 1599//1599
f 1602//1602 333//333 1599//1599
f 1384//1384 333//333 1602//1602
f 1388//1388 1384//1384 1602//1602
f 1046//1046 1388//1388 1602//1602
f 1394//1394 1046//1046 1617//1617
f 1396//1396 1393//1393 1394//1394
f 1393//1393 1396//1396 1395//1395
f 1401//1401 4//4 771//771
f 1401//1401 604//604 854//854
f 1448//1448 1447//1447 1697//1697
f 1416//1416 1418//1418 1420//1420
f 988//988 949//949 987//987
f 990//990 987//987 986//986
f 992//992 990//990 991//991
f 1012//1012 990//990 992//992
f 1597//1597 1508//1508 1507//1507
f 1597//1597 1699//1699 1508//1508
f 1012//1012 989//989 990//990
f 1037//1037 1638//1638 886//886
f 1506//1506 886//886 1598//1598
f 1598//1598 886//886 1638//1638
f 1442//1442 1598//1598 1001//1001
f 992//992 991//991 1013//1013
f 19//19 1508//1508 1699//1699
f 1470//1470 19//19 1699//1699
f 1028//1028 1470//1470 1463//1463
f 1462//1462 1028//1028 1463//1463
f 1462//1462 1027//1027 1028//1028
f 1471//1471 33//33 1463//1463
f 896//896 895//895 1349//1349
f 58//58 57//57 600//600
f 837//837 58//58 849//849
f 394//394 624//624 630//630
f 903//903 907//907 1449//1449
f 907//907 908//908 1449//1449
f 977//977 1449//1449 908//908
f 1491//1491 22//22 1488//1488
f 1474//1474 1225//1225 1198//1198
f 1551//1551 1554//1554 1555//1555
f 1571//1571 1554//1554 1570//1570
f 1413//1413 1412//1412 1578//1578
f 1567//1567 1581//1581 483//483
f 505//505 1579//1579 1419//1419
f 1419//1419 1418//1418 505//505
f 505//505 1547//1547 1579//1579
f 1581//1581 505//505 1418//1418
f 1581//1581 1547//1547 505//505
f 547//547 1568//1568 1545//1545
f 1465//1465 1485//1485 1224//1224
f 1224//1224 1703//1703 1465//1465
f 1225//1225 1703//1703 1224//1224
f 1703//1703 1488//1488 1465//1465
f 1704//1704 1227//1227 1211//1211
f 1704//1704 1211//1211 1207//1207
f 1207//1207 1705//1705 1704//1704
f 1209//1209 1706//1706 1207//1207
f 1207//1207 1706//1706 1705//1705
f 1229//1229 1210//1210 1227//1227
f 1706//1706 1209//1209 558//558
f 237//237 238//238 751//751
f 1415//1415 1521//1521 1447//1447
f 942//942 940//940 941//941
f 941//941 945//945 942//942
f 1470//1470 1127//1127 1463//1463
f 1709//1709 1215//1215 1708//1708
f 41//41 54//54 23//23
f 1230//1230 1166//1166 1218//1218
f 1707//1707 1715//1715 1650//1650
f 1713//1713 1650//1650 1715//1715
f 1714//1714 1713//1713 1715//1715
f 1715//1715 1707//1707 1714//1714
f 1001//1001 1060//1060 1442//1442
f 1119//1119 1718//1718 993//993
f 1119//1119 1071//1071 1013//1013
f 1719//1719 1013//1013 1071//1071
f 1013//1013 1719//1719 1014//1014
f 1720//1720 1702//1702 1707//1707
f 1707//1707 1702//1702 1089//1089
f 1089//1089 1702//1702 1018//1018
f 1707//1707 1089//1089 1717//1717
f 1717//1717 1714//1714 1707//1707
f 1721//1721 1716//1716 1714//1714
f 1277//1277 1721//1721 1722//1722
f 1722//1722 1721//1721 1714//1714
f 1722//1722 1714//1714 1717//1717
f 1068//1068 1014//1014 1719//1719
f 1083//1083 1719//1719 1071//1071
f 1080//1080 1068//1068 1719//1719
f 1462//1462 33//33 47//47
f 21//21 48//48 47//47
f 1089//1089 1184//1184 1717//1717
f 1185//1185 1722//1722 1717//1717
f 1185//1185 1717//1717 1184//1184
f 1090//1090 1184//1184 1089//1089
f 1184//1184 1090//1090 1185//1185
f 1046//1046 1602//1602 1617//1617
f 1617//1617 1602//1602 1601//1601
f 878//878 1723//1723 879//879
f 1112//1112 1105//1105 1618//1618
f 1112//1112 492//492 1105//1105
f 1039//1039 890//890 802//802
f 890//890 891//891 802//802
f 891//891 890//890 893//893
f 11//11 237//237 532//532
f 532//532 237//237 1251//1251
f 1624//1624 1106//1106 1110//1110
f 1624//1624 1110//1110 1710//1710
f 1629//1629 1624//1624 1724//1724
f 1724//1724 1624//1624 1710//1710
f 1650//1650 1629//1629 1724//1724
f 1725//1725 1629//1629 1650//1650
f 1713//1713 1725//1725 1650//1650
f 1725//1725 1713//1713 1711//1711
f 1716//1716 1711//1711 1714//1714
f 1714//1714 1711//1711 1713//1713
f 779//779 776//776 780//780
f 1022//1022 851//851 852//852
f 1730//1730 1731//1731 1732//1732
f 1732//1732 1733//1733 1670//1670
f 1734//1734 1729//1729 1730//1730
f 1730//1730 1738//1738 1734//1734
f 1738//1738 1730//1730 1732//1732
f 1739//1739 1738//1738 1732//1732
f 1735//1735 1734//1734 1737//1737
f 1737//1737 1734//1734 1738//1738
f 1326//1326 1735//1735 1737//1737
f 1737//1737 1738//1738 1739//1739
f 1277//1277 1670//1670 1721//1721
f 1739//1739 1732//1732 1670//1670
f 1739//1739 1670//1670 1277//1277
f 1323//1323 1739//1739 1277//1277
f 1741//1741 1326//1326 1737//1737
f 1329//1329 1326//1326 1741//1741
f 1737//1737 1739//1739 1741//1741
f 254//254 541//541 724//724
f 543//543 576//576 545//545
f 766//766 576//576 543//543
f 262//262 263//263 840//840
f 294//294 485//485 484//484
f 294//294 484//484 291//291
f 486//486 290//290 289//289
f 1726//1726 1130//1130 288//288
f 205//205 203//203 204//204
f 291//291 484//484 287//287
f 1133//1133 1726//1726 1132//1132
f 344//344 294//294 295//295
f 296//296 430//430 1133//1133
f 1322//1322 430//430 345//345
f 344//344 485//485 294//294
f 487//487 344//344 347//347
f 347//347 368//368 487//487
f 369//369 487//487 368//368
f 798//798 584//584 583//583
f 1653//1653 59//59 60//60
f 1655//1655 439//439 443//443
f 339//339 334//334 336//336
f 460//460 535//535 536//536
f 179//179 467//467 128//128
f 127//127 126//126 128//128
f 725//725 539//539 540//540
f 470//470 725//725 540//540
f 540//540 468//468 470//470
f 725//725 760//760 539//539
f 725//725 674//674 760//760
f 7//7 365//365 772//772
f 132//132 470//470 468//468
f 471//471 676//676 470//470
f 364//364 1686//1686 795//795
f 795//795 1686//1686 366//366
f 1344//1344 1692//1692 617//617
f 798//798 583//583 747//747
f 978//978 1434//1434 981//981
f 1365//1365 1364//1364 958//958
f 971//971 970//970 1366//1366
f 1031//1031 1610//1610 1238//1238
f 1239//1239 1238//1238 1610//1610
f 1394//1394 1397//1397 1396//1396
f 1397//1397 1394//1394 1617//1617
f 1617//1617 1249//1249 1397//1397
f 581//581 785//785 1356//1356
f 761//761 581//581 1356//1356
f 1357//1357 838//838 837//837
f 837//837 787//787 1357//1357
f 787//787 1321//1321 1357//1357
f 854//854 773//773 1401//1401
f 1321//1321 789//789 788//788
f 49//49 20//20 1472//1472
f 1455//1455 1473//1473 1485//1485
f 1459//1459 1465//1465 1461//1461
f 2//2 360//360 3//3
f 2//2 3//3 817//817
f 817//817 3//3 1631//1631
f 604//604 771//771 603//603
f 1660//1660 429//429 261//261
f 199//199 186//186 429//429
f 429//429 1742//1742 199//199
f 501//501 199//199 1742//1742
f 1596//1596 1597//1597 1507//1507
f 1471//1471 1472//1472 33//33
f 49//49 1472//1472 1486//1486
f 46//46 22//22 39//39
f 26//26 24//24 23//23
f 42//42 1226//1226 1467//1467
f 43//43 42//42 1467//1467
f 1245//1245 1303//1303 1240//1240
f 1350//1350 1349//1349 1348//1348
f 58//58 837//837 832//832
f 93//93 94//94 95//95
f 93//93 92//92 94//94
f 1697//1697 1447//1447 1414//1414
f 1414//1414 1447//1447 1421//1421
f 1582//1582 1568//1568 1569//1569
f 1582//1582 1569//1569 1583//1583
f 1583//1583 1586//1586 1585//1585
f 1586//1586 1583//1583 1646//1646
f 786//786 758//758 601//601
f 1304//1304 1245//1245 1242//1242
f 818//818 363//363 819//819
f 600//600 596//596 572//572
f 630//630 392//392 394//394
f 614//614 621//621 626//626
f 621//621 614//614 615//615
f 1471//1471 1486//1486 1472//1472
f 1465//1465 1459//1459 1485//1485
f 45//45 1465//1465 46//46
f 22//22 46//46 1465//1465
f 23//23 54//54 39//39
f 441//441 60//60 59//59
f 830//830 817//817 1350//1350
f 1632//1632 733//733 278//278
f 614//614 626//626 624//624
f 1538//1538 1552//1552 1551//1551
f 1538//1538 922//922 1552//1552
f 922//922 1558//1558 1552//1552
f 1570//1570 1559//1559 1499//1499
f 1573//1573 1570//1570 1499//1499
f 1445//1445 1573//1573 1499//1499
f 1541//1541 922//922 903//903
f 1560//1560 1558//1558 1541//1541
f 1541//1541 1558//1558 922//922
f 1541//1541 903//903 1560//1560
f 1564//1564 1573//1573 1445//1445
f 1564//1564 1562//1562 1573//1573
f 1561//1561 1562//1562 1564//1564
f 1542//1542 1561//1561 1563//1563
f 1563//1563 1564//1564 1445//1445
f 1563//1563 1561//1561 1564//1564
f 1558//1558 1554//1554 1552//1552
f 1554//1554 1558//1558 1559//1559
f 1559//1559 1570//1570 1554//1554
f 1449//1449 1560//1560 903//903
f 932//932 934//934 953//953
f 953//953 478//478 932//932
f 506//506 1445//1445 1444//1444
f 1444//1444 507//507 506//506
f 912//912 977//977 908//908
f 917//917 977//977 912//912
f 1308//1308 977//977 917//917
f 1060//1060 1006//1006 1007//1007
f 1224//1224 1745//1745 1221//1221
f 1746//1746 1220//1220 1228//1228
f 1228//1228 1492//1492 1746//1746
f 1704//1704 1229//1229 1227//1227
f 1705//1705 1747//1747 1704//1704
f 1748//1748 1229//1229 1704//1704
f 1492//1492 1228//1228 1229//1229
f 524//524 533//533 488//488
f 913//913 914//914 915//915
f 1592//1592 1588//1588 1591//1591
f 1309//1309 1312//1312 1591//1591
f 1593//1593 1591//1591 1312//1312
f 1593//1593 948//948 1592//1592
f 1593//1593 1718//1718 948//948
f 1260//1260 1316//1316 1317//1317
f 993//993 1593//1593 1258//1258
f 1718//1718 1593//1593 993//993
f 1749//1749 1743//1743 1750//1750
f 1485//1485 1486//1486 1745//1745
f 1744//1744 1230//1230 1218//1218
f 1750//1750 1218//1218 1217//1217
f 1217//1217 1752//1752 1750//1750
f 1752//1752 1217//1217 1751//1751
f 1751//1751 1217//1217 1753//1753
f 1750//1750 1744//1744 1218//1218
f 1743//1743 1744//1744 1750//1750
f 1754//1754 1743//1743 1749//1749
f 1755//1755 1754//1754 1749//1749
f 1755//1755 1749//1749 1756//1756
f 1757//1757 1754//1754 1755//1755
f 1755//1755 1758//1758 1757//1757
f 1480//1480 1200//1200 1201//1201
f 1759//1759 1480//1480 1201//1201
f 1759//1759 1483//1483 1480//1480
f 1760//1760 1483//1483 1759//1759
f 1489//1489 1483//1483 1760//1760
f 24//24 40//40 23//23
f 40//40 24//24 56//56
f 26//26 28//28 25//25
f 25//25 29//29 27//27
f 1750//1750 1756//1756 1749//1749
f 1750//1750 1478//1478 1756//1756
f 42//42 38//38 1476//1476
f 42//42 35//35 38//38
f 36//36 38//38 35//35
f 34//34 38//38 37//37
f 34//34 1482//1482 38//38
f 657//657 1723//1723 715//715
f 888//888 877//877 1318//1318
f 892//892 893//893 1040//1040
f 892//892 1252//1252 893//893
f 1253//1253 1252//1252 892//892
f 1253//1253 892//892 1065//1065
f 1065//1065 892//892 894//894
f 751//751 1255//1255 237//237
f 1110//1110 592//592 1710//1710
f 1710//1710 592//592 1253//1253
f 1710//1710 1253//1253 1762//1762
f 1724//1724 1710//1710 1762//1762
f 1650//1650 1724//1724 1762//1762
f 1707//1707 1650//1650 1762//1762
f 1346//1346 364//364 10//10
f 1346//1346 1345//1345 364//364
f 1698//1698 948//948 1718//1718
f 1639//1639 976//976 974//974
f 976//976 1639//1639 1001//1001
f 975//975 1005//1005 1639//1639
f 1598//1598 1638//1638 1001//1001
f 1000//1000 1001//1001 1639//1639
f 1000//1000 1639//1639 1008//1008
f 1008//1008 1639//1639 1005//1005
f 1013//1013 1698//1698 1718//1718
f 1119//1119 1013//1013 1718//1718
f 1763//1763 1253//1253 1065//1065
f 1762//1762 1253//1253 1763//1763
f 1763//1763 1065//1065 1009//1009
f 1720//1720 1762//1762 1763//1763
f 1009//1009 1702//1702 1763//1763
f 1702//1702 1009//1009 1008//1008
f 1008//1008 1018//1018 1702//1702
f 1707//1707 1762//1762 1720//1720
f 1720//1720 1763//1763 1702//1702
f 1471//1471 1127//1127 1188//1188
f 1745//1745 1486//1486 1471//1471
f 1188//1188 1179//1179 1471//1471
f 1745//1745 1471//1471 1179//1179
f 1179//1179 1221//1221 1745//1745
f 1745//1745 1224//1224 1485//1485
f 1709//1709 1708//1708 1205//1205
f 1220//1220 1215//1215 1709//1709
f 1753//1753 1213//1213 1219//1219
f 1213//1213 1753//1753 1217//1217
f 1220//1220 1709//1709 1228//1228
f 1228//1228 1709//1709 1205//1205
f 1229//1229 1228//1228 1210//1210
f 1478//1478 1750//1750 1752//1752
f 559//559 1753//1753 1219//1219
f 560//560 1753//1753 559//559
f 1753//1753 560//560 1751//1751
f 1752//1752 1751//1751 560//560
f 1758//1758 1755//1755 1765//1765
f 1765//1765 1766//1766 1758//1758
f 1765//1765 1755//1755 1756//1756
f 561//561 1482//1482 34//34
f 1409//1409 904//904 903//903
f 914//914 910//910 911//911
f 913//913 910//910 914//914
f 957//957 960//960 954//954
f 1293//1293 1719//1719 1083//1083
f 1719//1719 1293//1293 1080//1080
f 1086//1086 1080//1080 1293//1293
f 1484//1484 21//21 20//20
f 22//22 23//23 39//39
f 160//160 155//155 1072//1072
f 1072//1072 1234//1234 160//160
f 1155//1155 1172//1172 1769//1769
f 1769//1769 1172//1172 1770//1770
f 1768//1768 1172//1172 1767//1767
f 113//113 107//107 109//109
f 541//541 245//245 723//723
f 764//764 1772//1772 1529//1529
f 262//262 764//764 1529//1529
f 765//765 1772//1772 764//764
f 110//110 280//280 235//235
f 1024//1024 1408//1408 1026//1026
f 890//890 1040//1040 893//893
f 532//532 750//750 12//12
f 532//532 12//12 11//11
f 1111//1111 592//592 1110//1110
f 6//6 466//466 819//819
f 768//768 1049//1049 1042//1042
f 484//484 112//112 1775//1775
f 113//113 285//285 1775//1775
f 484//484 1775//1775 285//285
f 285//285 114//114 289//289
f 484//484 285//285 287//287
f 209//209 208//208 140//140
f 711//711 710//710 1408//1408
f 230//230 1773//1773 1408//1408
f 1408//1408 710//710 230//230
f 229//229 1773//1773 230//230
f 433//433 1774//1774 1773//1773
f 1026//1026 1408//1408 1774//1774
f 433//433 1026//1026 1774//1774
f 1026//1026 433//433 584//584
f 498//498 499//499 497//497
f 537//537 539//539 760//760
f 760//760 723//723 537//537
f 245//245 537//537 723//723
f 723//723 724//724 541//541
f 544//544 543//543 264//264
f 575//575 726//726 545//545
f 500//500 545//545 546//546
f 545//545 500//500 265//265
f 267//267 546//546 692//692
f 277//277 267//267 692//692
f 139//139 138//138 294//294
f 442//442 443//443 439//439
f 268//268 266//266 500//500
f 612//612 721//721 637//637
f 459//459 759//759 118//118
f 239//239 88//88 461//461
f 242//242 88//88 98//98
f 83//83 461//461 241//241
f 66//66 98//98 88//88
f 1406//1406 1515//1515 1518//1518
f 1518//1518 919//919 1406//1406
f 1413//1413 1578//1578 1576//1576
f 637//637 636//636 612//612
f 96//96 95//95 623//623
f 483//483 1418//1418 1416//1416
f 937//937 938//938 934//934
f 1463//1463 1127//1127 1471//1471
f 1708//1708 1338//1338 1296//1296
f 1708//1708 1096//1096 1338//1338
f 1216//1216 1096//1096 1708//1708
f 1296//1296 1205//1205 1708//1708
f 1708//1708 1215//1215 1216//1216
f 11//11 12//12 1778//1778
f 362//362 465//465 361//361
f 636//636 610//610 611//611
f 649//649 127//127 467//467
f 126//126 127//127 649//649
f 272//272 264//264 273//273
f 276//276 733//733 274//274
f 274//274 733//733 735//735
f 733//733 276//276 278//278
f 649//649 695//695 655//655
f 1418//1418 483//483 1581//1581
f 1545//1545 1568//1568 1546//1546
f 483//483 482//482 1567//1567
f 142//142 487//487 1779//1779
f 300//300 1779//1779 487//487
f 144//144 142//142 1779//1779
f 1779//1779 1780//1780 144//144
f 215//215 1779//1779 300//300
f 300//300 369//369 348//348
f 300//300 348//348 215//215
f 1274//1274 348//348 1273//1273
f 349//349 348//348 1274//1274
f 1330//1330 1329//1329 1741//1741
f 1330//1330 1741//1741 1333//1333
f 1333//1333 1335//1335 1330//1330
f 1330//1330 1335//1335 1332//1332
f 1335//1335 1333//1333 1334//1334
f 223//223 215//215 349//349
f 1274//1274 223//223 349//349
f 433//433 1773//1773 229//229
f 583//583 584//584 433//433
f 1090//1090 1092//1092 1186//1186
f 1293//1293 1190//1190 1338//1338
f 1338//1338 1086//1086 1293//1293
f 1086//1086 1338//1338 1096//1096
f 1137//1137 1186//1186 1194//1194
f 456//456 634//634 633//633
f 1345//1345 1686//1686 364//364
f 273//273 271//271 275//275
f 654//654 472//472 133//133
f 117//117 654//654 133//133
f 391//391 243//243 392//392
f 367//367 366//366 1686//1686
f 618//618 617//617 1692//1692
f 228//228 432//432 582//582
f 229//229 228//228 433//433
f 80//80 612//612 423//423
f 1610//1610 1031//1031 1032//1032
f 1032//1032 714//714 715//715
f 1610//1610 1032//1032 1604//1604
f 715//715 658//658 657//657
f 1238//1238 1102//1102 1367//1367
f 1607//1607 1610//1610 1604//1604
f 1610//1610 1761//1761 1239//1239
f 789//789 1321//1321 787//787
f 991//991 986//986 948//948
f 948//948 1698//1698 991//991
f 986//986 991//991 990//990
f 1488//1488 22//22 1465//1465
f 26//26 22//22 1491//1491
f 1491//1491 32//32 28//28
f 32//32 1491//1491 1490//1490
f 32//32 29//29 28//28
f 1723//1723 713//713 715//715
f 1723//1723 657//657 659//659
f 107//107 108//108 1776//1776
f 109//109 107//107 1776//1776
f 109//109 1776//1776 1777//1777
f 662//662 1242//1242 1241//1241
f 1242//1242 662//662 663//663
f 1242//1242 663//663 717//717
f 1700//1700 1242//1242 717//717
f 879//879 1723//1723 659//659
f 1771//1771 750//750 1781//1781
f 750//750 1771//1771 12//12
f 12//12 1771//1771 1246//1246
f 12//12 1246//1246 1778//1778
f 1255//1255 751//751 768//768
f 94//94 87//87 86//86
f 545//545 264//264 543//543
f 840//840 765//765 544//544
f 575//575 598//598 726//726
f 575//575 545//545 576//576
f 273//273 774//774 272//272
f 273//273 275//275 774//774
f 174//174 1633//1633 578//578
f 180//180 174//174 578//578
f 649//649 467//467 695//695
f 1742//1742 429//429 1660//1660
f 1660//1660 743//743 1742//1742
f 501//501 1742//1742 743//743
f 1013//1013 991//991 1698//1698
f 1699//1699 1597//1597 1272//1272
f 1271//1271 1450//1450 1270//1270
f 1470//1470 1699//1699 1272//1272
f 1470//1470 1272//1272 1127//1127
f 582//582 583//583 433//433
f 1703//1703 1474//1474 1488//1488
f 1491//1491 1488//1488 1474//1474
f 1705//1705 1783//1783 1747//1747
f 1783//1783 1705//1705 1706//1706
f 1746//1746 1219//1219 1220//1220
f 1784//1784 1492//1492 1229//1229
f 1784//1784 1229//1229 1748//1748
f 559//559 1219//1219 1746//1746
f 1474//1474 1703//1703 1225//1225
f 1706//1706 558//558 1476//1476
f 1783//1783 1706//1706 1476//1476
f 1475//1475 1491//1491 1474//1474
f 1748//1748 1704//1704 1747//1747
f 1785//1785 1748//1748 1747//1747
f 1786//1786 1746//1746 1492//1492
f 1786//1786 559//559 1746//1746
f 1785//1785 1747//1747 1783//1783
f 1785//1785 1783//1783 1787//1787
f 1491//1491 1475//1475 1481//1481
f 1490//1490 1491//1491 1481//1481
f 1748//1748 1785//1785 1787//1787
f 1479//1479 1782//1782 1786//1786
f 1790//1790 1786//1786 1492//1492
f 1789//1789 1784//1784 1748//1748
f 1791//1791 1492//1492 1784//1784
f 1492//1492 1791//1791 1790//1790
f 1791//1791 1784//1784 1789//1789
f 1790//1790 1479//1479 1786//1786
f 1789//1789 1748//1748 1787//1787
f 1789//1789 1787//1787 1788//1788
f 1792//1792 1478//1478 1752//1752
f 1792//1792 1793//1793 1478//1478
f 1792//1792 1752//1752 560//560
f 1782//1782 559//559 1786//1786
f 1765//1765 1756//1756 1478//1478
f 1766//1766 1765//1765 1478//1478
f 1479//1479 559//559 1782//1782
f 1479//1479 560//560 559//559
f 1793//1793 1792//1792 1479//1479
f 1479//1479 1792//1792 560//560
f 1794//1794 1793//1793 1479//1479
f 1787//1787 1783//1783 1476//1476
f 1482//1482 1787//1787 1476//1476
f 1788//1788 1787//1787 1482//1482
f 1482//1482 561//561 1788//1788
f 1795//1795 1478//1478 1793//1793
f 1795//1795 1766//1766 1478//1478
f 1479//1479 1790//1790 1794//1794
f 1795//1795 1793//1793 1794//1794
f 1606//1606 713//713 1723//1723
f 108//108 1239//1239 1776//1776
f 1777//1777 1776//1776 1761//1761
f 1776//1776 1239//1239 1761//1761
f 705//705 109//109 1777//1777
f 716//716 1613//1613 1614//1614
f 663//663 662//662 1243//1243
f 878//878 1606//1606 1723//1723
f 878//878 1615//1615 1606//1606
f 1615//1615 878//878 880//880
f 1304//1304 1242//1242 1700//1700
f 1304//1304 1700//1700 1781//1781
f 1618//1618 1304//1304 1781//1781
f 1618//1618 1781//1781 750//750
f 1618//1618 1105//1105 1304//1304
f 1039//1039 802//802 1036//1036
f 1608//1608 1609//1609 1619//1619
f 1620//1620 1621//1621 1626//1626
f 1626//1626 1621//1621 1625//1625
f 1614//1614 1611//1611 1619//1619
f 204//204 716//716 1614//1614
f 1614//1614 1619//1619 1627//1627
f 204//204 1614//1614 1628//1628
f 1628//1628 1614//1614 1627//1627
f 1628//1628 1627//1627 1733//1733
f 1733//1733 1627//1627 1797//1797
f 1625//1625 1623//1623 1629//1629
f 1725//1725 1625//1625 1629//1629
f 1711//1711 1625//1625 1725//1725
f 1626//1626 1625//1625 1711//1711
f 1797//1797 1627//1627 1626//1626
f 1797//1797 1626//1626 1712//1712
f 1626//1626 1711//1711 1712//1712
f 1712//1712 1711//1711 1716//1716
f 65//65 64//64 63//63
f 63//63 242//242 65//65
f 81//81 424//424 574//574
f 1729//1729 311//311 204//204
f 1729//1729 204//204 1628//1628
f 1628//1628 1730//1730 1729//1729
f 1730//1730 1628//1628 1731//1731
f 1628//1628 1733//1733 1731//1731
f 1670//1670 1733//1733 1797//1797
f 1732//1732 1731//1731 1733//1733
f 1670//1670 1797//1797 1721//1721
f 1712//1712 1721//1721 1797//1797
f 1721//1721 1712//1712 1716//1716
f 1277//1277 1136//1136 1323//1323
f 1136//1136 1277//1277 1722//1722
f 1136//1136 1722//1722 1185//1185
f 1324//1324 1323//1323 1136//1136
f 1138//1138 1324//1324 1136//1136
f 1333//1333 1739//1739 1323//1323
f 1741//1741 1739//1739 1333//1333
f 1323//1323 1324//1324 1333//1333
f 1334//1334 1333//1333 1324//1324
f 1334//1334 1324//1324 1138//1138
f 1171//1171 1172//1172 1170//1170
f 1170//1170 1172//1172 1155//1155
f 1172//1172 1171//1171 1798//1798
f 1798//1798 1767//1767 1172//1172
f 556//556 1798//1798 1171//1171
f 1798//1798 1799//1799 1767//1767
f 1768//1768 1767//1767 1799//1799
f 556//556 1165//1165 1173//1173
f 1166//1166 1230//1230 1167//1167
f 1173//1173 1165//1165 1230//1230
f 1230//1230 1165//1165 1167//1167
f 556//556 1173//1173 1798//1798
f 1173//1173 1799//1799 1798//1798
f 1799//1799 1173//1173 1230//1230
f 1768//1768 1799//1799 1743//1743
f 1799//1799 1230//1230 1744//1744
f 1743//1743 1799//1799 1744//1744
f 582//582 432//432 1658//1658
f 582//582 1658//1658 583//583
f 161//161 160//160 1232//1232
f 166//166 161//161 1232//1232
f 172//172 1232//1232 1764//1764
f 1764//1764 1232//1232 1800//1800
f 1803//1803 1233//1233 1769//1769
f 1804//1804 1803//1803 1769//1769
f 1804//1804 1769//1769 1770//1770
f 1801//1801 1233//1233 1803//1803
f 172//172 1764//1764 1802//1802
f 1802//1802 1801//1801 1803//1803
f 1803//1803 1804//1804 1802//1802
f 1770//1770 1172//1172 1768//1768
f 1805//1805 1770//1770 1768//1768
f 1805//1805 1807//1807 1806//1806
f 1770//1770 1806//1806 1804//1804
f 1770//1770 1805//1805 1806//1806
f 1808//1808 1807//1807 1757//1757
f 1805//1805 1757//1757 1807//1807
f 1768//1768 1743//1743 1754//1754
f 1805//1805 1768//1768 1754//1754
f 1754//1754 1757//1757 1805//1805
f 1804//1804 1806//1806 1807//1807
f 1807//1807 1808//1808 1804//1804
f 1757//1757 1758//1758 1808//1808
f 107//107 1775//1775 112//112
f 1775//1775 107//107 113//113
f 1610//1610 1607//1607 1761//1761
f 1612//1612 1761//1761 1607//1607
f 1777//1777 1761//1761 1612//1612
f 114//114 109//109 705//705
f 705//705 1777//1777 1612//1612
f 705//705 1612//1612 661//661
f 1103//1103 1613//1613 716//716
f 467//467 179//179 180//180
f 1658//1658 577//577 428//428
f 536//536 1633//1633 174//174
f 578//578 1633//1633 693//693
f 467//467 180//180 579//579
f 1658//1658 428//428 1659//1659
f 1659//1659 428//428 501//501
f 289//289 114//114 705//705
f 1809//1809 290//290 486//486
f 1726//1726 486//486 1130//1130
f 1809//1809 486//486 1726//1726
f 205//205 204//204 311//311
f 343//343 310//310 205//205
f 343//343 311//311 1729//1729
f 294//294 291//291 139//139
f 293//293 290//290 1809//1809
f 1133//1133 1809//1809 1726//1726
f 1810//1810 1809//1809 1133//1133
f 345//345 343//343 1729//1729
f 1727//1727 1322//1322 345//345
f 1322//1322 1727//1727 1728//1728
f 430//430 1322//1322 1728//1728
f 1728//1728 1727//1727 1736//1736
f 293//293 1809//1809 1810//1810
f 1133//1133 1134//1134 1810//1810
f 369//369 368//368 293//293
f 369//369 293//293 1810//1810
f 1810//1810 1273//1273 369//369
f 1273//1273 1810//1810 1134//1134
f 300//300 487//487 369//369
f 1134//1134 1133//1133 430//430
f 514//514 430//430 1728//1728
f 1728//1728 1736//1736 1325//1325
f 514//514 1275//1275 515//515
f 1740//1740 514//514 1728//1728
f 348//348 369//369 1273//1273
f 1274//1274 1273//1273 515//515
f 1275//1275 514//514 1740//1740
f 1278//1278 1275//1275 1740//1740
f 1278//1278 554//554 1275//1275
f 1729//1729 1736//1736 1727//1727
f 1727//1727 345//345 1729//1729
f 1736//1736 1729//1729 1734//1734
f 1735//1735 1736//1736 1734//1734
f 1736//1736 1811//1811 1325//1325
f 1736//1736 1326//1326 1811//1811
f 1325//1325 1740//1740 1728//1728
f 1740//1740 1325//1325 1811//1811
f 1326//1326 1736//1736 1735//1735
f 1328//1328 1740//1740 1811//1811
f 1326//1326 1327//1327 1811//1811
f 1328//1328 1811//1811 1327//1327
f 1330//1330 1327//1327 1329//1329
f 1278//1278 1740//1740 1328//1328
f 1280//1280 1278//1278 1328//1328
f 520//520 554//554 1279//1279
f 516//516 144//144 1780//1780
f 147//147 145//145 517//517
f 147//147 517//517 1140//1140
f 516//516 214//214 148//148
f 521//521 147//147 1140//1140
f 153//153 151//151 522//522
f 522//522 151//151 521//521
f 1143//1143 1072//1072 522//522
f 1072//1072 155//155 522//522
f 1147//1147 1149//1149 1168//1168
f 1150//1150 1147//1147 1168//1168
f 1774//1774 1408//1408 1773//1773
f 583//583 1658//1658 747//747
f 1232//1232 160//160 1234//1234
f 1151//1151 1234//1234 1072//1072
f 1812//1812 1154//1154 1152//1152
f 1812//1812 1152//1152 1153//1153
f 1153//1153 1233//1233 1812//1812
f 1232//1232 1234//1234 1154//1154
f 1800//1800 1154//1154 1812//1812
f 1155//1155 1769//1769 1153//1153
f 1233//1233 1153//1153 1769//1769
f 1154//1154 1800//1800 1232//1232
f 1764//1764 1800//1800 1812//1812
f 1801//1801 1764//1764 1812//1812
f 1801//1801 1812//1812 1233//1233
f 1802//1802 1764//1764 1801//1801
f 459//459 458//458 666//666
f 81//81 80//80 83//83
f 81//81 79//79 80//80
f 86//86 574//574 244//244
f 240//240 244//244 574//574
f 211//211 207//207 210//210
f 1780//1780 1779//1779 214//214
f 214//214 1779//1779 215//215
f 217//217 211//211 216//216
f 214//214 215//215 148//148
f 148//148 215//215 223//223
f 214//214 516//516 1780//1780
f 244//244 94//94 86//86
f 196//196 198//198 577//577
f 577//577 198//198 428//428
f 428//428 198//198 199//199
f 155//155 153//153 522//522
f 172//172 166//166 1232//1232
f 1405//1405 1402//1402 886//886
