# Created by Open3D 
# object name: cluster10
# number of vertices: 1867
# number of triangles: 3000
v 1.9357 2.11563 -1.03824
vn 0.0154968 0.000863085 0.99988
v 2.02276 2.08215 -1.03905
vn -0.0112816 -0.00706644 0.999911
v 2.05583 2.14755 -1.04002
vn -0.00765991 -0.0240105 0.999682
v 2.41018 2.28659 -1.04168
vn -0.0129379 0.00309969 0.999911
v 2.33332 2.30326 -1.03966
vn 0.0441779 -0.0239822 0.998736
v 2.37187 2.36888 -1.0428
vn 0.0551215 0.0399564 0.99768
v 2.32647 2.4917 -1.04357
vn 0.0442145 0.0195704 0.99883
v 2.34208 2.5903 -1.04902
vn 0.0457745 0.0620851 0.997021
v 2.37755 2.5676 -1.0469
vn 0.0663044 0.0892347 0.993801
v 2.43997 2.51653 -1.05275
vn 0.0669745 0.0276356 0.997372
v 1.9121 2.0673 -0.35822
vn 0.0173763 -0.988165 -0.15241
v 1.91811 2.06762 -0.33377
vn -0.00755942 -0.900549 0.434689
v 1.87805 2.07915 -0.38093
vn -0.0172852 -0.89864 -0.438345
v 1.844 2.0692 -0.35822
vn -0.0162177 -0.98683 -0.160948
v 1.7969 2.06825 -0.33552
vn 0.103135 -0.891154 0.441823
v 2.41909 2.70129 -0.516516
vn 0.0743021 -0.988871 -0.128891
v 2.7522 2.5676 -0.98171
vn -0.387955 0.0437976 0.920637
v 2.7415 2.613 -0.99397
vn -0.394528 0.132829 0.909233
v 2.793 2.64365 -0.97126
vn -0.611316 0.285312 0.738167
v 2.6841 2.5449 -0.9521
vn -0.765647 0.409525 -0.496059
v 2.6846 2.5222 -0.94855
vn -0.733685 -0.233962 -0.637941
v 2.7068 2.53355 -0.959335
vn -0.445689 0.0523583 -0.893655
v 2.77785 2.54807 -0.941825
vn -0.510085 -0.661184 -0.550136
v 2.7522 2.5676 -0.93629
vn -0.628064 -0.359914 -0.689925
v 2.76705 2.57895 -0.94855
vn -0.647095 -0.0599468 -0.760049
v 2.6159 2.7719 -1.0104
vn -0.36795 -0.0200996 0.929628
v 2.51417 2.75188 -1.04022
vn -0.115689 -0.283591 0.951941
v 2.58469 2.81924 -0.926451
vn 0.03443 -0.997415 0.0630715
v 2.69409 2.69799 -0.995642
vn 0.16715 -0.332048 0.928335
v 2.64995 2.73218 -0.9854
vn -0.320866 0.0785045 0.943866
v 2.6613 2.7038 -0.98369
vn 0.0891889 -0.388892 0.916956
v 2.77045 2.73785 -0.99578
vn -0.146958 0.201993 0.968299
v 2.7295 2.69245 -0.999435
vn -0.156714 -0.0841624 0.984052
v 2.8203 2.6933 -0.97126
vn -0.417985 0.394348 0.8184
v 2.81615 2.73785 -0.988253
vn -0.176607 0.137126 0.974683
v 2.80028 2.77655 -0.99465
vn -0.356604 -0.370938 0.857461
v 2.77 2.775 -0.99397
vn 0.224994 -0.484136 0.845571
v 2.7976 2.797 -0.976325
vn -0.23807 -0.848384 0.472828
v 2.821 2.79478 -0.97155
vn -0.421873 -0.756237 0.500129
v 2.82745 2.79765 -0.94855
vn -0.421052 -0.893401 0.156686
v 2.87705 2.5432 -0.94855
vn 0.363785 -0.930815 0.0352644
v 2.8657 2.5407 -0.97126
vn 0.136168 -0.952007 0.27412
v 2.843 2.7492 -0.98006
vn -0.38518 -0.0874881 0.918685
v 2.843 2.7716 -0.97126
vn -0.585414 -0.532403 0.611423
v 2.8639 2.7719 -0.94855
vn -0.514529 -0.831105 0.21101
v 2.83987 2.79417 -0.893768
vn -0.389362 -0.919668 0.0510651
v 2.9009 2.7492 -0.94855
vn -0.791198 -0.48103 0.377645
v 2.8884 2.7764 -0.85773
vn -0.365852 -0.929847 0.0392027
v 2.80895 2.803 -0.880435
vn -0.24926 -0.967955 0.030533
v 2.68805 2.58545 -0.869085
vn -0.765955 0.640078 0.0601092
v 2.6841 2.5676 -0.82362
vn -0.758795 0.620264 0.198752
v 2.69975 2.5903 -0.81965
vn -0.817816 0.519176 0.248262
v 2.7068 2.5676 -0.76972
vn -0.849608 0.462445 0.253595
v 2.7068 2.6018 -0.6988
vn -0.763296 0.639257 -0.0934328
v 2.71105 2.59275 -0.732855
vn -0.804858 0.532035 -0.262948
v 2.68595 2.56732 -0.716225
vn -0.696503 0.710294 -0.101812
v 2.7522 2.6323 -0.6988
vn -0.745317 0.652634 -0.13628
v 2.768 2.6357 -0.7215
vn -0.689767 0.321397 -0.648788
v 2.7522 2.6147 -0.7215
vn -0.724263 0.544924 -0.422493
v 2.6742 2.5676 -0.51716
vn -0.741973 0.669995 0.0241342
v 2.6601 2.54704 -0.480261
vn -0.893467 0.446694 0.0467038
v 2.6841 2.5768 -0.51716
vn -0.666197 0.745394 0.0238819
v 2.6841 2.5749 -0.60798
vn -0.691546 0.719907 -0.0591469
v 2.6386 2.7946 -0.64049
vn 0.0723899 -0.389856 -0.918026
v 2.6386 2.7719 -0.63085
vn 0.0723899 -0.389856 -0.918026
v 2.6159 2.768 -0.63166
vn 0.0276775 -0.345304 -0.938083
v 2.5932 2.7147 -0.58527
vn -0.322743 -0.840079 -0.436009
v 2.59254 2.70441 -0.554815
vn -0.253757 -0.943264 -0.214153
v 2.7421 2.7946 -0.63068
vn -0.373205 -0.86142 -0.344491
v 2.76775 2.78794 -0.640989
vn -0.241346 -0.91593 -0.320662
v 2.80973 2.7719 -0.63299
vn -0.0352867 -0.619184 -0.784453
v 2.81023 2.7946 -0.65171
vn 0.161835 -0.661756 -0.732044
v 2.7749 2.7719 -0.60442
vn -0.577901 -0.669898 -0.466119
v 2.7937 2.7492 -0.61359
vn -0.885167 -0.0751577 -0.459164
v 2.7295 2.8045 -0.65339
vn -0.204931 -0.968985 -0.138099
v 2.6841 2.68245 -0.5813
vn 0.151215 -0.840124 -0.520888
v 2.7688 2.7492 -0.56257
vn -0.962699 -0.0879595 -0.255877
v 2.7749 2.7573 -0.58527
vn -0.81704 -0.39285 -0.422037
v 2.7639 2.7492 -0.53986
vn -0.938115 -0.281018 -0.202411
v 2.768 2.7265 -0.51716
vn -0.971457 -0.150592 -0.183285
v 2.7522 2.7719 -0.59622
vn -0.213942 -0.776828 -0.592256
v 2.8657 2.78563 -0.818
vn -0.573362 -0.818414 0.03814
v 2.8657 2.79405 -0.76555
vn -0.53416 -0.82564 0.181639
v 2.83165 2.8049 -0.789617
vn -0.252975 -0.956888 0.14272
v 2.7295 2.4861 -0.49445
vn 0.124427 -0.980189 -0.154104
v 2.7295 2.4858 -0.47175
vn 0.144235 -0.988967 -0.0337738
v 2.69545 2.47897 -0.445582
vn 0.00292985 -0.853041 -0.521835
v 2.72615 2.4899 -0.44288
vn 0.533241 -0.829453 -0.166317
v 2.7522 2.4995 -0.4768
vn 0.119699 -0.469065 0.875014
v 2.77405 2.5222 -0.469215
vn -0.720281 -0.291828 0.629311
v 2.7522 2.5222 -0.48845
vn -0.619792 -0.0917461 0.779385
v 2.7718 2.4768 -0.47175
vn -0.726312 -0.252317 0.63938
v 2.7522 2.54365 -0.469055
vn -0.608278 -0.620983 0.494346
v 2.7321 2.4995 -0.44904
vn 0.551498 -0.740696 0.383693
v 2.7824 2.4995 -0.44904
vn -0.992203 0.0807605 0.0949262
v 2.7659 2.5449 -0.44904
vn -0.614514 -0.621372 0.486076
v 2.6317 2.6811 -0.42634
vn -0.506996 -0.861831 0.0142593
v 2.6334 2.6811 -0.47175
vn -0.38145 -0.924187 -0.019349
v 2.6841 2.67995 -0.465275
vn 0.411603 -0.897323 0.159355
v 2.6613 2.6732 -0.47175
vn 0.0806095 -0.992773 0.0889024
v 2.7522 2.744 -0.49445
vn -0.484362 -0.732862 -0.477815
v 2.75335 2.72785 -0.47175
vn -0.719805 -0.526791 -0.452075
v 2.7295 2.7347 -0.47175
vn -0.198911 -0.820944 -0.535243
v 2.7643 2.7265 -0.49445
vn -0.771212 -0.53325 -0.347671
v 2.08088 2.49518 -1.04184
vn 0.0205332 0.0500995 0.998533
v 2.42295 2.73922 -1.0394
vn 0.0811509 -0.303338 0.949421
v 1.5942 2.0701 -0.35822
vn -0.0290796 -0.791895 -0.609964
v 1.74175 2.0681 -0.36692
vn 0.000819014 -0.940474 -0.339866
v 1.64811 2.05892 -0.33552
vn -0.0137249 -0.999905 0.0014767
v 1.71905 2.05855 -0.33552
vn 0.0802255 -0.992692 0.0901444
v 1.67456 2.07006 -0.315035
vn 0.0465689 -0.785743 0.616797
v 1.8213 2.0686 -0.35822
vn 0.0463741 -0.995639 -0.0809448
v 1.8213 2.0787 -0.38093
vn 0.0241479 -0.913444 -0.406248
v 1.7836 2.0908 -0.31281
vn 0.0987002 -0.516024 0.850869
v 2.3435 2.6895 -0.42634
vn 0.0877289 -0.995749 -0.028067
v 2.3208 2.6882 -0.44904
vn 0.0915267 -0.994595 -0.0490335
v 2.3662 2.6918 -0.42634
vn 0.0848357 -0.995227 -0.0482231
v 2.3889 2.6942 -0.44904
vn 0.0441929 -0.998374 -0.0359946
v 2.4343 2.6935 -0.42634
vn 0.110927 -0.990864 -0.0767066
v 2.3208 2.6879 -0.40363
vn 0.0648373 -0.997857 -0.00878927
v 2.3889 2.6928 -0.40363
vn 0.0536638 -0.998547 0.00499086
v 2.2072 2.6357 -0.26353
vn -0.843415 0.268397 -0.465419
v 2.2299 2.6228 -0.293675
vn -0.678025 0.312505 -0.665299
v 2.2299 2.6268 -0.20277
vn -0.761934 0.150679 0.629883
v 2.7522 2.61695 -0.52851
vn -0.97983 0.16717 -0.109483
v 2.754 2.6357 -0.51716
vn -0.997253 0.0602866 -0.0430425
v 2.71815 2.8036 -0.63068
vn -0.134129 -0.98298 -0.125538
v 2.6841 2.805 -0.642035
vn 0.097397 -0.976866 -0.190385
v 2.7522 2.7634 -0.56257
vn -0.643733 -0.75254 -0.138894
v 2.5251 1.9983 -0.33552
vn -0.95655 -0.208675 0.203632
v 2.5203 2.0454 -0.33552
vn -0.903661 -0.127808 0.408732
v 2.54165 2 -0.30618
vn -0.7445 -0.0180432 0.667378
v 2.7295 2.614 -0.44904
vn -0.818533 0.573755 -0.0284507
v 2.7455 2.6357 -0.47175
vn -0.913692 0.406243 0.0115503
v 2.73375 2.613 -0.48183
vn -0.857606 0.465183 -0.219355
v 2.4797 2.7011 -0.42634
vn 0.115703 -0.987422 -0.107752
v 2.5024 2.7075 -0.47175
vn 0.0613197 -0.998113 -0.00324324
v 2.5478 2.7086 -0.42634
vn 0.104571 -0.989004 -0.104571
v 1.6396 2.44665 -0.795292
vn 0.500809 -0.858687 -0.108842
v 1.61385 2.4541 -0.874205
vn 0.397485 -0.884522 -0.244185
v 1.65725 2.4585 -0.75556
vn 0.549884 -0.833539 -0.0532952
v 1.58976 2.45177 -0.712988
vn -0.156322 -0.987704 -0.0021296
v 1.62779 2.45504 -0.71015
vn 0.213114 -0.973278 0.0855142
v 1.6623 2.4612 -0.7215
vn 0.499981 -0.848738 0.17223
v 1.6734 2.4768 -0.7215
vn 0.742504 -0.662119 0.101424
v 1.6169 2.4512 -0.67609
vn 0.217264 -0.96995 -0.109516
v 1.6396 2.4645 -0.67609
vn 0.564957 -0.825116 0.0028029
v 1.5942 2.4468 -0.63068
vn -0.185546 -0.974376 -0.127141
v 1.6169 2.4382 -0.596625
vn 0.127684 -0.982446 -0.136006
v 1.6396 2.4533 -0.60798
vn 0.543851 -0.829953 -0.124109
v 1.6526 2.4768 -0.65339
vn 0.616412 -0.77537 0.137253
v 1.60555 2.43288 -0.53919
vn -0.0975975 -0.989337 -0.108107
v 1.64355 2.447 -0.550005
vn 0.626317 -0.73724 -0.253386
v 1.64325 2.43068 -0.519205
vn 0.253343 -0.922463 -0.291342
v 1.8894 2.77075 -0.91937
vn 0.0417138 -0.989398 0.139112
v 2.10505 2.7896 -0.99397
vn 0.0636112 -0.957839 0.280176
v 1.98267 2.79411 -0.799042
vn 0.12133 -0.99024 0.0685883
v 2.01709 2.79653 -0.696248
vn 0.0415669 -0.983042 -0.178608
v 1.88373 2.70368 -0.607678
vn -0.023491 -0.569265 -0.821818
v 2.09405 2.79494 -0.672695
vn 0.089102 -0.902304 -0.421793
v 1.5261 2.0714 -0.33552
vn -0.54792 -0.77832 -0.306598
v 1.5488 2.0681 -0.34976
vn -0.182612 -0.755318 -0.629403
v 1.56015 2.0599 -0.33552
vn -0.13437 -0.990931 0.000636117
v 1.5261 2.092 -0.357705
vn -0.656399 -0.454557 -0.602095
v 1.5715 2.0908 -0.37569
vn -0.224214 -0.622441 -0.749864
v 1.5052 2.0997 -0.33552
vn -0.886681 -0.444801 -0.126286
v 1.5261 2.0733 -0.31281
vn -0.356075 -0.926739 0.119859
v 1.56582 2.06565 -0.31281
vn -0.0297071 -0.873505 0.485908
v 1.5108 2.0908 -0.31281
vn -0.855763 -0.452335 0.251124
v 1.5034 2.1362 -0.351535
vn -0.849883 -0.119372 -0.513273
v 1.49392 2.17025 -0.33552
vn -0.994601 -0.0654008 -0.0805761
v 1.60335 2.4268 -0.49445
vn -0.250304 -0.92414 -0.288641
v 1.6396 2.4058 -0.479672
vn -0.230691 -0.746972 -0.62355
v 1.4968 2.1816 -0.31281
vn -0.936199 -0.051022 0.347748
v 1.8667 2.45155 -0.291065
vn -0.232342 0.0906538 0.9684
v 1.844 2.4758 -0.289685
vn 0.0341405 -0.442535 0.896101
v 1.90075 2.4768 -0.288805
vn 0.131371 -0.025439 0.991007
v 2.2527 2.2497 -0.31142
vn -0.0522319 -0.0368157 0.997956
v 2.23561 2.19011 -0.308354
vn 0.0643255 0.0182875 0.997761
v 2.29526 2.15464 -0.305538
vn -0.0598988 0.020035 0.998003
v 2.28675 2.2951 -0.302275
vn -0.122237 -0.0602872 0.990668
v 2.3435 2.31213 -0.287562
vn -0.250747 0.0169184 0.967905
v 2.33834 2.38023 -0.29388
vn -0.198248 0.0135578 0.980058
v 2.3662 2.32915 -0.28369
vn -0.00759341 0.0193985 0.999783
v 2.42011 2.38306 -0.284015
vn -0.0358151 -0.0774419 0.996353
v 2.41728 2.44275 -0.278103
vn 0.0847334 -0.222126 0.971329
v 2.46835 2.4541 -0.276525
vn -0.060406 -0.0623328 0.996226
v 2.3991 2.4541 -0.2674
vn 0.340816 -0.835802 0.43044
v 2.457 2.47495 -0.265415
vn 0.287592 -0.793138 0.536864
v 2.05965 2.66725 -0.33552
vn -0.149916 -0.894516 -0.421149
v 2.08235 2.65025 -0.31281
vn -0.155311 -0.842227 -0.516267
v 2.0256 2.6669 -0.31281
vn -0.414395 -0.896004 -0.15954
v 2.0483 2.6612 -0.29011
vn -0.385538 -0.8711 0.304213
v 2.2299 2.7492 -0.2804
vn -0.0149054 -0.365829 0.930563
v 2.2527 2.7492 -0.28266
vn 0.156521 -0.375478 0.913519
v 1.5942 2.4541 -0.88426
vn 0.232353 -0.857938 -0.458208
v 1.5942 2.4795 -0.92246
vn 0.535902 -0.658195 -0.528762
v 1.6169 2.4662 -0.88044
vn 0.556576 -0.653172 -0.51341
v 1.5715 2.5448 -1.0167
vn 0.28626 0.27224 0.918663
v 1.59145 2.53355 -1.02075
vn 0.332966 0.124522 0.934681
v 1.5925 2.5676 -0.858885
vn -0.889918 0.0777418 -0.449447
v 1.5784 2.5676 -0.83503
vn -0.873986 0.456352 -0.167007
v 1.5846 2.5903 -0.823675
vn -0.912251 0.329527 -0.243333
v 1.5689 2.5676 -0.74421
vn -0.938114 0.346045 -0.0140001
v 1.5715 2.5676 -0.65625
vn -0.874011 0.458735 0.160208
v 1.5896 2.5903 -0.65339
vn -0.760992 0.567085 0.315128
v 1.5802 2.5903 -0.67609
vn -0.819454 0.521629 0.237482
v 1.59505 2.61097 -0.681905
vn -0.883252 0.385694 0.266657
v 1.5942 2.6248 -0.53986
vn -0.0278173 -0.998709 0.0425083
v 1.5942 2.6241 -0.56257
vn -0.0130042 -0.999915 -0.0011577
v 1.6169 2.6209 -0.56257
vn -0.139527 -0.989748 0.0305073
v 1.6169 2.62105 -0.505805
vn -0.186134 -0.980372 0.0650041
v 1.844 2.6667 -0.40363
vn 0.0997949 -0.994395 -0.0349283
v 1.8894 2.6719 -0.38093
vn 0.0809999 -0.994094 0.072222
v 2.18575 2.73785 -0.28829
vn -0.0555114 -0.289357 0.95561
v 2.2072 2.76055 -0.28237
vn 0.0127002 -0.276544 0.960917
v 1.6169 2.44635 -0.84638
vn 0.209857 -0.95315 -0.217866
v 1.6169 2.4434 -0.80097
vn -0.0260228 -0.996551 0.0787994
v 1.5942 2.4482 -0.84638
vn -0.249251 -0.966976 -0.0532019
v 1.5762 2.45685 -0.653385
vn -0.576393 -0.814612 -0.0646365
v 1.56672 2.45255 -0.584841
vn -0.609411 -0.781486 -0.133781
v 1.5715 2.44045 -0.505805
vn -0.419709 -0.90366 -0.0851065
v 1.6149 2.6357 -1.01845
vn 0.554447 -0.20119 0.807534
v 1.62825 2.60165 -1.0314
vn 0.236861 -0.0535857 0.970065
v 1.6396 2.6584 -1.0295
vn 0.28842 -0.196646 0.937093
v 1.5576 2.5222 -0.94855
vn -0.586944 -0.0206825 -0.809363
v 1.5715 2.5222 -0.95863
vn -0.838635 0.224224 -0.496402
v 1.5608 2.4995 -0.959905
vn -0.919621 0.182234 -0.347976
v 1.59337 2.61925 -0.88319
vn -0.995843 0.0359559 -0.0836894
v 1.5942 2.5931 -0.876825
vn -0.989537 0.0211853 -0.142718
v 1.6169 2.7034 -0.97126
vn 0.328226 -0.787412 0.521775
v 1.5942 2.7038 -0.96329
vn -0.207873 -0.779717 0.590618
v 1.61877 2.72383 -0.931582
vn 0.458169 -0.846748 0.270369
v 1.64185 2.74668 -0.9372
vn 0.690119 -0.714956 0.112129
v 1.6396 2.73797 -0.852058
vn 0.444416 -0.884199 -0.143827
v 1.685 2.76535 -0.959905
vn -0.0859188 -0.990846 0.10413
v 1.742 2.76794 -0.970708
vn 0.230038 -0.970762 0.0685852
v 1.685 2.7708 -0.92585
vn -0.253526 -0.96723 -0.01378
v 1.7077 2.7631 -0.903145
vn -0.180129 -0.982993 -0.0357553
v 1.6623 2.76658 -0.90882
vn 0.401204 -0.915397 -0.0329116
v 1.685 2.7664 -0.88044
vn 0.0248668 -0.995307 -0.0935226
v 1.7304 2.7641 -0.90882
vn 0.296204 -0.953017 -0.0634208
v 1.5488 2.5316 -0.83503
vn -0.835875 0.544843 -0.0667801
v 1.59403 2.6137 -0.857425
vn -0.903818 0.333747 0.267816
v 1.5974 2.613 -0.83503
vn -0.929548 0.367055 -0.0347961
v 1.5942 2.613 -0.81324
vn -0.865931 0.411639 -0.284106
v 1.577 2.613 -0.76691
vn -0.946053 0.273589 -0.173589
v 1.5942 2.6357 -0.7908
vn -0.858913 0.391876 -0.329698
v 1.5558 2.5449 -0.74421
vn -0.933106 0.358626 0.0264678
v 1.6169 2.72585 -0.7853
vn -0.061635 -0.991202 0.117131
v 1.6169 2.72782 -0.845712
vn 0.29123 -0.952696 -0.086924
v 1.6396 2.7283 -0.80097
vn 0.212984 -0.974908 0.0647466
v 1.685 2.7642 -0.83503
vn 0.257856 -0.965076 -0.0462362
v 1.6396 2.734 -0.76691
vn 0.147894 -0.951791 0.26874
v 1.6396 2.7388 -0.7215
vn 0.442574 -0.895747 0.0420124
v 1.5549 2.5449 -0.67609
vn -0.827048 0.559485 -0.0544834
v 1.5488 2.54272 -0.60161
vn -0.874084 0.466742 -0.134644
v 1.57622 2.60004 -0.724343
vn -0.915702 0.374322 0.146195
v 1.596 2.6357 -0.67609
vn -0.516998 -0.0364409 0.855211
v 1.6169 2.6357 -0.67303
vn -0.144859 -0.0102104 0.9894
v 1.5942 2.7265 -0.67393
vn -0.706313 -0.401997 -0.582684
v 1.6169 2.72255 -0.68548
vn -0.321898 -0.823548 -0.467065
v 1.5903 2.7038 -0.65665
vn -0.587654 -0.337669 -0.735284
v 2.08235 2.7038 -0.602055
vn 0.0441571 -0.553165 -0.831901
v 2.15613 2.72569 -0.610333
vn 0.0370005 -0.542692 -0.839116
v 2.20581 2.7719 -0.637238
vn 0.0476677 -0.512338 -0.85746
v 2.21855 2.73635 -0.61846
vn -0.00469648 -0.530645 -0.847581
v 2.36053 2.7492 -0.622662
vn -0.0223072 -0.446055 -0.894728
v 2.33215 2.7238 -0.608655
vn -0.0329013 -0.574221 -0.818039
v 2.40563 2.72743 -0.606758
vn 0.0485927 -0.721304 -0.690912
v 2.5024 2.7492 -0.62255
vn 0.00899552 -0.56076 -0.82793
v 2.2981 2.7719 -0.62919
vn 0.00283666 -0.484087 -0.875015
v 2.41728 2.7719 -0.633705
vn -0.0155003 -0.473479 -0.880669
v 2.33215 2.7053 -0.58527
vn 0.127764 -0.973718 -0.188546
v 2.40025 2.71505 -0.58527
vn 0.0546478 -0.963466 -0.262198
v 1.5251 2.12485 -0.286955
vn -0.613808 -0.0821634 0.785168
v 1.50465 2.2724 -0.35684
vn -0.831248 0.0344417 -0.554834
v 1.4928 2.2724 -0.33552
vn -0.981089 0.0743348 -0.178713
v 1.5034 2.227 -0.3027
vn -0.762309 -0.0435949 0.645744
v 1.5034 2.32703 -0.339095
vn -0.811698 0.240195 -0.532403
v 1.52565 2.38755 -0.33552
vn -0.777821 0.196591 -0.596947
v 1.6623 2.3859 -0.27294
vn 0.0582354 0.0131985 0.998216
v 1.685 2.4086 -0.27731
vn 0.0276655 0.0612268 0.99774
v 1.90075 2.17309 -0.309185
vn 0.0525641 -0.0425033 0.997713
v 1.99155 2.0908 -0.317015
vn -0.112853 -0.248697 0.961984
v 1.94048 2.0908 -0.32001
vn -0.0100463 -0.221056 0.975209
v 1.9575 2.20714 -0.30244
vn -0.292812 -0.115821 0.949129
v 1.9348 2.24402 -0.30308
vn -0.0793196 -0.105091 0.991294
v 1.90075 2.227 -0.306515
vn -0.00612229 -0.0889465 0.996018
v 1.9575 2.2847 -0.29011
vn -0.478909 -0.221594 0.849437
v 1.9121 2.39725 -0.283615
vn -0.0425108 -0.206162 0.977594
v 2.30945 2.227 -0.305895
vn -0.242976 -0.0449694 0.968989
v 1.5488 2.5809 -0.31281
vn -0.878215 0.349586 -0.326388
v 1.5488 2.5449 -0.34756
vn -0.768535 0.517416 -0.376344
v 1.5261 2.54425 -0.312635
vn -0.788253 0.341557 -0.511856
v 1.9802 2.7492 -0.25221
vn -0.643064 -0.588471 0.490071
v 2.0366 2.6929 -0.2447
vn -0.513259 -0.649642 0.56083
v 2.02395 2.68082 -0.281027
vn -0.623234 -0.68425 0.378658
v 2.10473 2.65514 -0.244601
vn -0.262603 -0.790423 0.553418
v 2.1164 2.642 -0.2674
vn -0.184161 -0.974997 0.124358
v 1.9923 2.77302 -0.213135
vn -0.567109 -0.656684 0.497145
v 1.9599 2.77227 -0.2454
vn -0.347415 -0.722939 0.597212
v 2.21065 2.60252 -0.2447
vn -0.96648 -0.240559 0.0897124
v 2.2115 2.60165 -0.2674
vn -0.983744 -0.178465 -0.0199647
v 2.2069 2.6405 -0.243278
vn -0.890686 0.28638 0.353079
v 2.215 2.6584 -0.2447
vn -0.808874 0.579594 0.0989617
v 2.2269 2.6584 -0.2674
vn -0.729163 0.567629 -0.382255
v 2.2158 2.613 -0.22199
vn -0.912094 -0.244212 0.329311
v 2.2299 2.6611 -0.234538
vn -0.571279 0.713089 0.40638
v 2.15045 2.67195 -0.33552
vn 0.185712 -0.950546 -0.248943
v 2.1391 2.65395 -0.30146
vn 0.549654 -0.763865 -0.338216
v 2.1164 2.6479 -0.31281
vn 0.0838319 -0.763597 -0.640228
v 2.16987 2.67827 -0.31385
vn 0.502575 -0.862388 0.0608721
v 2.2299 2.6744 -0.33552
vn -0.0957637 -0.934487 0.342874
v 2.2299 2.6842 -0.31281
vn -0.0434503 -0.655652 0.753812
v 2.2072 2.6787 -0.32956
vn -0.0565942 -0.912757 0.404564
v 2.2299 2.7038 -0.29578
vn 0.134152 -0.583953 0.800626
v 2.5705 2 -0.28704
vn -0.16595 0.190292 0.9676
v 2.5413 2.0227 -0.30785
vn -0.590752 0.15582 0.791664
v 1.6576 2.753 -0.85773
vn 0.473475 -0.862402 -0.179121
v 1.685 2.7606 -0.7215
vn 0.325623 -0.945212 0.0233097
v 1.685 2.7612 -0.74421
vn 0.337807 -0.940887 -0.0248525
v 1.7077 2.7656 -0.74421
vn 0.223279 -0.974717 0.00858545
v 1.7077 2.7666 -0.7215
vn 0.231278 -0.972463 0.0287258
v 1.685 2.7637 -0.67609
vn 0.147674 -0.988691 0.0261259
v 1.6169 2.6256 -0.58527
vn 0.113499 -0.990855 -0.0729718
v 1.6338 2.73135 -0.67609
vn 0.601704 -0.782931 -0.158024
v 1.6365 2.72985 -0.65339
vn 0.511744 -0.840162 -0.179573
v 1.6396 2.72755 -0.62856
vn 0.521497 -0.798457 -0.300846
v 1.6623 2.7492 -0.65951
vn 0.552843 -0.826103 -0.109177
v 1.7077 2.7659 -0.67609
vn 0.158643 -0.986645 -0.0369269
v 1.9575 2.7492 -0.63264
vn -0.0178752 -0.477002 -0.87872
v 1.87805 2.7499 -0.629572
vn -0.0135834 -0.451321 -0.892258
v 2.0029 2.7038 -0.60282
vn 0.0452756 -0.596875 -0.801055
v 2.02465 2.7498 -0.63068
vn 0.0143371 -0.559044 -0.829014
v 1.98897 2.6751 -0.551215
vn 0.0770042 -0.987077 -0.140533
v 1.5488 2.08865 -0.2887
vn -0.239007 -0.548681 0.80114
v 1.5224 2.23268 -0.28872
vn -0.414919 -0.0462069 0.908684
v 1.5063 2.30645 -0.29264
vn -0.648186 -0.00432725 0.76147
v 1.5152 2.3632 -0.29011
vn -0.848435 0.136307 0.511448
v 1.49858 2.3311 -0.31281
vn -0.967899 0.244071 0.06001
v 1.87845 2.11809 -0.313198
vn 0.127542 -0.139409 0.981987
v 1.5483 2.52932 -0.414985
vn -0.96616 0.217413 0.138801
v 1.54455 2.4995 -0.414985
vn -0.986161 -0.164949 -0.0166592
v 1.6169 2.63165 -0.43769
vn 0.100459 -0.991474 0.0829851
v 1.5942 2.63005 -0.39228
vn 0.121169 -0.985669 -0.117365
v 1.5261 2.7586 -0.21064
vn 0.0689672 -0.997244 -0.0273323
v 1.5942 2.7665 -0.22199
vn 0.0596545 -0.998202 -0.0058744
v 1.58285 2.76171 -0.162389
vn 0.0810741 -0.994219 -0.070394
v 1.5488 2.75325 -0.119815
vn 0.0343799 -0.998311 -0.0468212
v 1.46367 2.75568 -0.233345
vn 0.0731233 -0.994843 -0.0702889
v 1.5547 2.7492 -0.2674
vn 0.125992 -0.730828 0.670833
v 1.5715 2.71305 -0.292313
vn 0.147585 -0.43671 0.887414
v 1.66477 2.69497 -0.325804
vn 0.0761942 -0.522453 0.849257
v 1.67932 2.75455 -0.276483
vn -0.0293749 -0.866347 0.498579
v 1.6396 2.7484 -0.28923
vn 0.0567233 -0.715264 0.696549
v 1.685 2.6756 -0.33552
vn -0.330486 -0.522252 0.78615
v 1.7077 2.74005 -0.283065
vn -0.397335 -0.546496 0.737202
v 1.7314 2.69245 -0.295522
vn -0.627259 -0.227312 0.744899
v 1.53177 2.75695 -0.2447
vn 0.0477399 -0.961392 0.271009
v 1.5942 2.764 -0.2447
vn 0.0279826 -0.950244 0.310247
v 1.65095 2.76472 -0.233345
vn 0.0515273 -0.993536 0.10115
v 1.7077 2.7692 -0.2447
vn -0.0849837 -0.877329 0.472305
v 1.4807 2.7543 -0.17658
vn 0.079987 -0.99679 0.00332924
v 1.40882 2.74965 -0.137668
vn 0.071303 -0.997401 0.0103033
v 1.53461 2.75563 -0.085759
vn 0.0375888 -0.999246 0.00973487
v 1.7077 2.7634 -0.17658
vn 0.0735195 -0.994357 -0.0764733
v 1.6623 2.7594 -0.085759
vn 0.0856314 -0.996265 -0.0111306
v 1.74175 2.6697 -0.488775
vn -0.036956 -0.996042 -0.0808323
v 1.7531 2.6728 -0.56257
vn -0.0374205 -0.993834 -0.104371
v 1.8213 2.6666 -0.56257
vn -0.0665568 -0.989654 -0.127101
v 1.7531 2.6613 -0.42634
vn -0.0359819 -0.993201 -0.110716
v 1.7986 2.6614 -0.42634
vn 0.0143353 -0.998276 -0.0569183
v 1.844 2.6683 -0.460395
vn 0.0599088 -0.998203 0.00130947
v 1.7444 2.613 -0.28067
vn -0.734318 0.0128918 0.678683
v 1.7531 2.7038 -0.274
vn -0.618718 -0.18618 0.763233
v 1.7716 2.7038 -0.266445
vn -0.239556 -0.329819 0.913144
v 1.78152 2.7536 -0.2447
vn -0.207859 -0.524303 0.825773
v 1.83833 2.75493 -0.245025
vn 0.183384 -0.754359 0.630328
v 1.83265 2.76815 -0.22199
vn -0.0732378 -0.826399 0.558302
v 1.9179 2.7727 -0.246627
vn 0.0666041 -0.95444 0.290876
v 2.03307 2.73249 -0.211894
vn -0.44277 -0.521961 0.729048
v 2.22625 2.55707 -0.2674
vn -0.923268 -0.365712 0.117606
v 2.4343 2.7833 -0.2447
vn 0.153847 -0.884633 0.440177
v 2.4116 2.7947 -0.21064
vn 0.0712056 -0.940229 0.333015
v 2.1164 2.7926 -0.085759
vn 0.112343 -0.990617 -0.077824
v 1.3672 2 -1.0299
vn 0.0235634 -0.0306728 0.999252
v 1.4807 2 -1.03065
vn -0.012563 -0.0842312 0.996367
v 1.60555 2 -1.03235
vn 0.030195 0.0073981 0.999517
v 1.56015 2.0454 -1.02935
vn 0.158397 -0.0539517 0.9859
v 1.40125 2.11066 -1.02941
vn -0.0222739 0.0165734 0.999615
v 1.44523 2.12343 -1.02833
vn -0.0964583 -0.00724901 0.995311
v 1.51475 2.05675 -1.02268
vn 0.0357109 -0.109322 0.993365
v 1.70203 2.10641 -1.03673
vn 0.0265315 0.00372154 0.999641
v 1.7758 2 -1.0386
vn 0.000982047 0.0105732 0.999944
v 1.5942 2.1135 -1.0355
vn 0.121748 -0.0262003 0.992215
v 1.3672 2.28375 -1.0325
vn 0.0226202 0.0254666 0.99942
v 1.3672 2.3859 -1.03905
vn 0.0113016 0.0703579 0.997458
v 1.3672 2.46545 -1.0453
vn -0.00481307 0.0525602 0.998606
v 1.5034 2.14755 -1.01912
vn -0.133325 -0.0042693 0.991063
v 1.42963 2.28943 -1.03361
vn -0.0221844 0.0516702 0.998418
v 1.5261 2.28943 -1.01916
vn -0.159876 0.0453084 0.986097
v 1.4807 2.3178 -1.031
vn -0.133385 0.0589047 0.989312
v 1.5488 2.31496 -1.01918
vn 0.101567 0.0066114 0.994807
v 1.42963 2.43003 -1.04144
vn -0.0486542 0.054704 0.997317
v 1.48354 2.42284 -1.03481
vn -0.240488 0.0373272 0.969934
v 1.53745 2.4143 -1.0204
vn -0.207112 -0.0590272 0.976535
v 1.44665 2.55057 -1.04723
vn -0.122402 0.0149333 0.992368
v 1.49274 2.5147 -1.03481
vn -0.339205 0.0278424 0.9403
v 1.5488 2.4768 -1.0039
vn -0.378468 -0.182353 0.907474
v 1.60555 2.35185 -1.03035
vn 0.139986 -0.0120558 0.99008
v 1.58285 2.42 -1.0233
vn 0.204223 -0.0678484 0.97657
v 1.65095 2.35185 -1.03505
vn 0.0345935 0.00410131 0.999393
v 1.6169 2.4995 -1.02875
vn 0.22523 -0.0157405 0.974179
v 1.6623 2.48815 -1.03598
vn 0.100292 0.01398 0.99486
v 1.5715 2.4445 -1.0134
vn 0.288295 -0.253286 0.923435
v 1.5942 2.4995 -1.0167
vn 0.591367 -0.0953389 0.800747
v 1.5715 2.4818 -0.99397
vn -0.206125 -0.550475 0.809005
v 1.5495 2.47539 -0.588887
vn -0.883563 -0.449728 -0.130618
v 1.5529 2.4611 -0.494455
vn -0.901682 -0.432393 -0.0022391
v 1.87096 2.06526 -1.03654
vn 0.00360631 -0.00502249 0.999981
v 1.99155 2 -1.04005
vn 0.012349 -0.00022416 0.999924
v 1.7815 2.12485 -1.03663
vn -0.00121857 -0.0184563 0.999829
v 2.13626 2 -1.03908
vn 0.0111907 -0.0121436 0.999864
v 2.1391 2.10215 -1.03575
vn -0.00726444 -0.0152587 0.999857
v 2.19124 2.04598 -1.03965
vn 0.0146591 -0.0202952 0.999687
v 2.28108 2.16458 -1.03585
vn 0.0243208 -0.0161599 0.999574
v 1.69919 2.1816 -1.0341
vn 0.0156068 -0.0270859 0.999511
v 1.87663 2.22133 -1.0362
vn 0.00850559 -0.0268287 0.999604
v 1.99722 2.24403 -1.03643
vn -0.00682747 -0.0172975 0.999827
v 2.15329 2.17309 -1.03726
vn -0.0254738 -0.00387005 0.999668
v 2.2299 2.1816 -1.0346
vn 0.00851825 0.00816378 0.99993
v 2.17315 2.26105 -1.03535
vn 0.00869238 -0.00618654 0.999943
v 2.3571 2.18294 -1.03941
vn 0.0416079 0.00538758 0.999119
v 1.3672 2.59597 -1.0479
vn 0.015178 0.00719254 0.999859
v 1.40693 2.53639 -1.04849
vn 0.0157821 0.0352854 0.999253
v 1.5488 2.5222 -1.0019
vn -0.50986 0.13903 0.848949
v 1.5488 2.5676 -1.0154
vn -0.371835 -0.00544235 0.928283
v 1.5488 2.5449 -1.0118
vn -0.129339 0.355917 0.925524
v 1.5527 2.4995 -0.99397
vn -0.525242 0.0824953 0.846945
v 1.4126 2.6357 -1.0493
vn -0.0441513 -0.0624093 0.997074
v 1.3672 2.6865 -1.04105
vn 0.0153013 -0.274528 0.961457
v 1.4806 2.65825 -1.0394
vn -0.242165 -0.19758 0.949904
v 1.5303 2.6357 -1.0167
vn -0.572971 -0.0609479 0.817306
v 1.50905 2.66975 -1.0266
vn -0.432291 -0.162084 0.887048
v 1.5482 2.6357 -0.99315
vn -0.800947 0.107573 0.588992
v 1.5488 2.60165 -1.0093
vn -0.566388 -0.241514 0.787956
v 1.5715 2.516 -0.99397
vn -0.675603 0.424421 0.60285
v 1.69067 2.54695 -1.04123
vn 0.0976183 0.0291227 0.994798
v 1.79288 2.50239 -1.03964
vn 0.00335631 0.0716615 0.997423
v 1.7077 2.5903 -1.0435
vn 0.0473975 -0.026069 0.998536
v 1.5617 2.6584 -0.97126
vn -0.851418 0.428424 0.302556
v 1.54885 2.52515 -0.914495
vn -0.999186 0.0206428 -0.0346545
v 1.5518 2.4995 -0.90314
vn -0.96827 -0.244598 -0.0512396
v 1.44665 2.69392 -1.03592
vn -0.100913 -0.313749 0.944128
v 1.39557 2.6983 -1.03715
vn -0.00529593 -0.430731 0.902465
v 1.458 2.7377 -1.0167
vn -0.197186 -0.500928 0.842727
v 1.43246 2.75309 -0.996902
vn -0.0134465 -0.939382 0.342608
v 1.51635 2.70552 -1.01215
vn -0.439625 -0.338481 0.831962
v 1.5586 2.6811 -0.99397
vn -0.653073 0.0169938 0.757105
v 1.494 2.7492 -0.99397
vn -0.231954 -0.750158 0.619242
v 1.5261 2.736 -0.99397
vn -0.469511 -0.44351 0.763451
v 1.54645 2.7486 -0.97054
vn -0.319478 -0.802238 0.504329
v 1.48638 2.75775 -0.957066
vn -0.026211 -0.989521 0.141992
v 1.44665 2.76127 -0.908817
vn -0.00565382 -0.999245 0.0384284
v 1.4126 2.7596 -0.85773
vn 0.0142977 -0.998878 -0.0451488
v 1.46935 2.76315 -0.874762
vn 0.152974 -0.988 0.0213089
v 1.4807 2.76625 -0.914495
vn 0.0983468 -0.992537 0.0720999
v 1.5488 2.7604 -0.9372
vn -0.121892 -0.975372 0.183823
v 1.5488 2.7687 -0.85773
vn -0.104768 -0.994205 0.0240725
v 1.5715 2.67635 -0.977165
vn -0.768542 0.412849 0.488773
v 1.5789 2.7038 -0.97126
vn -0.592012 -0.391208 0.704612
v 1.6636 2.74815 -0.99397
vn 0.643882 -0.685648 0.339563
v 1.6262 2.6811 -1.0167
vn 0.729436 -0.442056 0.522025
v 1.67365 2.7323 -1.0167
vn 0.266666 -0.46185 0.845922
v 1.6623 2.7636 -0.94855
vn 0.509216 -0.817253 0.26981
v 1.685 2.75335 -1.00048
vn 0.207925 -0.89874 0.386048
v 1.5715 2.6612 -0.922145
vn 0.107699 0.437888 0.892555
v 1.5681 2.7501 -0.938334
vn -0.604033 -0.732173 0.314749
v 1.5715 2.7591 -0.85773
vn -0.504023 -0.863671 0.00586725
v 1.5942 2.7367 -0.85773
vn -0.711376 -0.702803 -0.00356024
v 1.5478 2.4995 -0.83503
vn -0.912518 -0.40859 0.0191125
v 1.3672 2.7612 -0.89179
vn 0.0611292 -0.996542 -0.0562826
v 1.44665 2.76138 -0.829353
vn 0.209195 -0.977229 -0.0355114
v 1.3672 2.74855 -0.81883
vn 0.0858472 -0.995705 -0.0346754
v 1.44665 2.7578 -0.78962
vn 0.150207 -0.988648 -0.00351659
v 1.49078 2.77132 -0.816775
vn -0.0764107 -0.997076 -0.00112589
v 1.5261 2.76323 -0.80097
vn -0.118367 -0.991428 -0.0553216
v 1.4807 2.7663 -0.76691
vn 0.0278806 -0.996814 -0.0747361
v 1.5488 2.7619 -0.81232
vn -0.268567 -0.963152 -0.0144797
v 1.3672 2.7498 -0.7215
vn 0.0615303 -0.996991 0.0471584
v 1.45232 2.75737 -0.715825
vn 0.0948519 -0.995491 0.00110097
v 1.5488 2.7584 -0.69312
vn -0.192851 -0.977852 -0.0813262
v 1.5261 2.7578 -0.65339
vn -0.0804726 -0.996276 -0.0309689
v 1.5715 2.7492 -0.79589
vn -0.629301 -0.774696 -0.0618502
v 1.5715 2.75292 -0.72718
vn -0.511464 -0.859279 -0.00663156
v 1.5522 2.51085 -0.67609
vn -0.980023 -0.145512 -0.135579
v 1.56341 2.65923 -0.634315
vn -0.895026 0.0190431 -0.445607
v 1.5488 2.6357 -0.60318
vn -0.907065 -0.230645 -0.352188
v 1.5488 2.61945 -0.57392
vn -0.729114 -0.674066 -0.118445
v 1.53685 2.6584 -0.57392
vn -0.98753 0.078956 -0.136197
v 1.5377 2.6357 -0.56257
vn -0.954046 -0.297776 -0.0335539
v 1.5488 2.616 -0.52851
vn -0.571376 -0.812797 0.113532
v 1.5369 2.6584 -0.47175
vn -0.977257 -0.187353 0.0993355
v 1.5715 2.6202 -0.494452
vn -0.0456438 -0.995751 0.0799825
v 1.5715 2.6174 -0.60798
vn 0.183149 -0.980886 -0.0657228
v 1.54778 2.74744 -0.615872
vn -0.482958 -0.867796 -0.116969
v 1.3672 2.75565 -0.653385
vn -0.0129662 -0.998547 0.0523078
v 1.4126 2.7545 -0.63068
vn 0.0430958 -0.998847 0.0211469
v 1.3672 2.7584 -0.58527
vn 0.0353905 -0.999291 0.0128419
v 1.4353 2.759 -0.58527
vn 0.0520069 -0.998633 -0.00516524
v 1.4807 2.7608 -0.56257
vn 0.014576 -0.999184 0.0376588
v 1.5476 2.68332 -0.592335
vn -0.892936 0.34288 -0.291717
v 1.54185 2.6811 -0.54554
vn -0.90523 0.424705 -0.0135828
v 1.549 2.74935 -0.53986
vn -0.548319 -0.835919 0.0242099
v 1.46935 2.766 -0.49445
vn 0.0821484 -0.996448 -0.0185436
v 1.5261 2.7547 -0.58527
vn -0.214436 -0.975045 0.057476
v 1.5034 2.7659 -0.49445
vn -0.0452023 -0.997591 0.0526286
v 1.5261 2.762 -0.47175
vn -0.307877 -0.951408 0.00584104
v 1.56895 2.7478 -0.664558
vn -0.458785 -0.857288 -0.233609
v 1.5749 2.6811 -0.65339
vn -0.890616 0.188396 -0.413896
v 1.56745 2.7038 -0.619233
vn -0.911196 0.209239 -0.354882
v 1.56849 2.7272 -0.618983
vn -0.848986 -0.461386 -0.257577
v 1.56055 2.7038 -0.57392
vn -0.963805 0.263239 0.0422411
v 1.5672 2.7265 -0.57392
vn -0.922037 -0.381947 0.062965
v 1.57379 2.72845 -0.474585
vn -0.886123 -0.46338 -0.00807261
v 1.7304 2.6697 -0.551215
vn 0.104815 -0.99413 -0.0268235
v 1.7019 2.66105 -0.51716
vn 0.349075 -0.936517 0.0328944
v 1.83265 2.5903 -1.04845
vn 0.01112 0.0834205 0.996452
v 1.844 2.6357 -1.0488
vn 0.0285268 -0.0268167 0.999233
v 1.68455 2.65965 -1.03945
vn 0.0643663 -0.0586444 0.996202
v 1.74175 2.7038 -1.0344
vn 0.0417734 -0.239799 0.969923
v 1.91778 2.62435 -1.04753
vn -0.00266102 0.0104193 0.999942
v 1.94473 2.52052 -1.04063
vn -0.00189788 0.0468806 0.998899
v 1.69067 2.69245 -1.0338
vn 0.105597 -0.253153 0.961646
v 1.85501 2.69786 -1.03814
vn 0.0335576 -0.229028 0.972841
v 1.88656 2.7265 -1.0305
vn 0.0353318 -0.388716 0.92068
v 1.8667 2.7539 -1.0167
vn 0.0371418 -0.590173 0.806422
v 1.85608 2.77124 -0.995709
vn 0.0874553 -0.925773 0.367826
v 1.7872 2.77095 -0.988255
vn 0.0863327 -0.907086 0.411998
v 1.8894 2.7806 -0.88044
vn -0.0281121 -0.995219 0.0935393
v 1.92913 2.78513 -0.869085
vn 0.0602725 -0.994576 0.0847714
v 2.02034 2.77132 -1.01635
vn 0.091472 -0.578596 0.810469
v 2.05398 2.79105 -0.959905
vn 0.0696146 -0.9936 0.0889548
v 1.92273 2.79385 -0.732489
vn 0.0631988 -0.996202 0.0599006
v 1.98304 2.7891 -0.67609
vn 0.0232018 -0.905007 -0.424764
v 1.8667 2.79 -0.6988
vn 0.0918418 -0.995221 -0.0331645
v 1.844 2.77445 -0.65012
vn 0.0226237 -0.80692 -0.590227
v 2.03127 2.775 -0.651097
vn 0.0196925 -0.740541 -0.671722
v 1.80907 2.68064 -0.585219
vn -0.00795382 -0.802314 -0.59685
v 1.87238 2.68365 -0.58527
vn 0.019378 -0.817109 -0.576157
v 1.88089 2.66775 -0.53986
vn 0.0450103 -0.997958 -0.0453303
v 2.1845 2.7932 -0.655095
vn 0.0602477 -0.823943 -0.563461
v 1.97736 2.67286 -0.491615
vn 0.029947 -0.998737 0.0403554
v 1.97453 2.6851 -0.58527
vn 0.0365144 -0.86762 -0.495885
v 2.0937 2.6894 -0.58527
vn 0.0887009 -0.981102 -0.17196
v 2.1188 2.68105 -0.472962
vn 0.0730674 -0.995715 -0.0566824
v 2.2413 2.8066 -0.67609
vn 0.0441998 -0.881976 -0.469217
v 2.2624 2.79355 -0.654391
vn 0.0448435 -0.807818 -0.587723
v 2.19017 2.69368 -0.56257
vn 0.0859751 -0.985468 -0.146496
v 2.1618 2.6993 -0.58527
vn 0.0863925 -0.838787 -0.537562
v 2.3435 2.79635 -0.651185
vn 0.01642 -0.824828 -0.565145
v 2.39457 2.81082 -0.67609
vn -0.00778771 -0.886865 -0.461963
v 1.6623 2.0908 -0.29958
vn 0.083008 -0.566804 0.819661
v 1.54625 2.48815 -0.45551
vn -0.955285 -0.289177 0.0617078
v 1.5373 2.4995 -0.35822
vn -0.93584 0.00756568 -0.352343
v 1.5487 2.4541 -0.35822
vn -0.919703 -0.239921 -0.310779
v 1.5245 2.4541 -0.31281
vn -0.916128 -0.0331078 -0.399517
v 1.5261 2.34618 -0.280728
vn -0.407402 -0.0213182 0.913
v 1.5488 2.40865 -0.27414
vn -0.331835 0.0563912 0.94165
v 1.5182 2.39725 -0.31281
vn -0.966425 0.176561 -0.18668
v 1.52435 2.45977 -0.28791
vn -0.846787 0.0138691 0.531752
v 1.5488 2.48815 -0.27571
vn -0.368534 -0.0239477 0.929306
v 1.56015 2.27098 -0.279776
vn -0.0816359 -0.0973219 0.991899
v 1.58285 2.34618 -0.27029
vn -0.0247868 -0.0991531 0.994763
v 1.63676 2.34618 -0.27205
vn 0.0349868 -0.0667195 0.997158
v 1.5715 2.40865 -0.272775
vn -0.03651 0.0984568 0.994471
v 1.98587 2.07257 -0.33552
vn 0.0306089 -0.902 0.430649
v 2.071 2.0908 -0.31577
vn -0.0054602 -0.56035 0.828238
v 1.53575 2.4995 -0.505805
vn -0.957178 -0.286463 0.0418239
v 1.5488 2.63995 -0.440615
vn -0.797112 -0.588868 0.133592
v 1.54617 2.65588 -0.406473
vn -0.991774 -0.119907 0.0447976
v 1.54135 2.66975 -0.33552
vn -0.993881 -0.0960193 -0.0545976
v 1.5497 2.6371 -0.33552
vn -0.85411 -0.503079 -0.131937
v 1.5715 2.6268 -0.38093
vn -0.442473 -0.896245 -0.0310236
v 1.6169 2.6301 -0.38093
vn 0.024109 -0.996499 -0.0800476
v 1.5942 2.6082 -0.35822
vn -0.160824 -0.831512 -0.531717
v 1.57245 2.61405 -0.33552
vn -0.731907 -0.587818 -0.344649
v 1.5453 2.6811 -0.454695
vn -0.922189 0.381776 0.061763
v 1.5034 2.76215 -0.39228
vn -0.0712027 -0.985927 -0.151257
v 1.458 2.75918 -0.397955
vn 0.0659684 -0.991257 -0.114272
v 1.54954 2.74899 -0.417283
vn -0.575799 -0.811125 -0.102624
v 1.5488 2.68025 -0.39174
vn -0.971944 0.226761 -0.0624873
v 1.5261 2.7492 -0.36526
vn -0.518402 -0.745112 -0.419604
v 1.5364 2.7038 -0.33552
vn -0.932315 -0.191023 -0.307081
v 1.45975 2.75145 -0.34687
vn -0.0554664 -0.990676 -0.124436
v 1.5034 2.7371 -0.324165
vn -0.472249 -0.843701 -0.255246
v 1.53275 2.7265 -0.347288
vn -0.770494 -0.505314 -0.388582
v 1.5261 2.7581 -0.39228
vn -0.313314 -0.92915 -0.196251
v 1.57215 2.72805 -0.42634
vn -0.839443 -0.453144 -0.299995
v 1.7077 2.6644 -0.47175
vn 0.393652 -0.919058 -0.0192353
v 1.70315 2.66055 -0.44904
vn 0.303032 -0.949526 -0.0810683
v 1.7304 2.6626 -0.42634
vn 0.0334893 -0.991566 -0.125203
v 1.56195 2.7038 -0.39228
vn -0.916608 -0.0227207 -0.399141
v 1.5237 2.5222 -0.285635
vn -0.865406 0.0509725 0.498471
v 1.5261 2.5511 -0.29011
vn -0.853076 0.146873 0.500688
v 1.5488 2.5676 -0.27846
vn -0.577724 0.245098 0.778564
v 1.54845 2.5907 -0.29011
vn -0.725518 0.394433 0.563955
v 1.54945 2.64105 -0.31281
vn -0.961209 -0.193452 0.196605
v 1.5589 2.613 -0.31281
vn -0.79734 -0.546897 -0.25525
v 1.5481 2.6811 -0.312095
vn -0.636272 -0.311489 0.705785
v 1.53175 2.7112 -0.31281
vn -0.860228 -0.506412 0.0596247
v 1.5488 2.7162 -0.29011
vn -0.329674 -0.717319 0.613815
v 1.74826 2.77325 -0.204981
vn 0.05816 -0.998289 0.00603149
v 1.75134 2.77212 -0.224328
vn -0.0417546 -0.976521 0.211336
v 1.7077 2.76392 -0.136843
vn 0.101126 -0.994867 -0.0036112
v 1.94048 2.67462 -0.460395
vn 0.0507722 -0.997625 0.0465513
v 1.76445 2.65905 -0.40363
vn 0.00328787 -0.997445 -0.0713652
v 1.8213 2.6632 -0.40363
vn 0.14989 -0.986258 -0.0694865
v 1.844 2.6665 -0.38093
vn 0.10296 -0.994567 0.0153399
v 1.9575 2.6752 -0.42634
vn 0.0627904 -0.997756 -0.0232582
v 2.071 2.6774 -0.42634
vn 0.0540365 -0.998402 -0.0165334
v 1.9802 2.67585 -0.414985
vn -0.00275319 -0.999989 0.00385061
v 2.0256 2.6757 -0.42634
vn 0.00697335 -0.999975 0.00110014
v 2.0029 2.6756 -0.40363
vn -0.0110139 -0.999918 -0.00660633
v 1.99155 2.6761 -0.38093
vn -0.0066036 -0.999397 0.0340901
v 1.94615 2.6757 -0.38093
vn 0.0351375 -0.998764 0.0351463
v 2.0256 2.6753 -0.40363
vn -0.00440528 -0.999835 -0.0176134
v 2.05965 2.67595 -0.40363
vn 0.0373939 -0.998719 -0.0340806
v 1.7689 2.5903 -0.239195
vn -0.615891 0.157364 0.771955
v 1.7562 2.5676 -0.2447
vn -0.796425 0.0609962 0.601653
v 1.76445 2.77065 -0.148195
vn 0.0825573 -0.995608 -0.0441539
v 1.87805 2.7732 -0.198948
vn 0.0458915 -0.994475 0.0944089
v 1.94615 2.78105 -0.22199
vn 0.0324841 -0.987726 0.152784
v 1.94048 2.7786 -0.145359
vn 0.0862668 -0.995424 -0.0410999
v 2.0029 2.7814 -0.17658
vn -0.15959 -0.953266 0.256543
v 1.9575 2.7846 -0.19929
vn 0.0848805 -0.99562 -0.0391957
v 2.01425 2.7833 -0.15387
vn 0.0646533 -0.997907 -0.000849772
v 2.0483 2.77445 -0.17931
vn -0.106104 -0.656102 0.747176
v 2.05965 2.74096 -0.195846
vn -0.0918737 -0.393667 0.914651
v 2.08903 2.7719 -0.190782
vn 0.184943 -0.564587 0.804386
v 2.12105 2.79258 -0.17696
vn 0.150121 -0.842842 0.5168
v 2.23485 2.5553 -0.22199
vn -0.863304 -0.39215 0.317688
v 2.0886 2.6811 -0.219605
vn -0.295115 -0.622061 0.725222
v 2.1164 2.6811 -0.21301
vn -0.0119209 -0.421996 0.906519
v 2.30945 2.79425 -0.241062
vn -0.0514701 -0.927267 0.370846
v 2.3114 2.7756 -0.2674
vn -0.168675 -0.735737 0.655926
v 2.3435 2.7778 -0.25195
vn -0.254114 -0.762006 0.595628
v 2.3662 2.7719 -0.25321
vn -0.227002 -0.817933 0.528636
v 2.85435 2 -1.0352
vn 0.0587581 -0.101152 0.993134
v 3.0019 2 -1.0437
vn 0.0541588 -0.0438472 0.997569
v 3.0277 2.26389 -1.03683
vn -0.0824073 0.00181232 0.996597
v 2.99622 2.2043 -1.03524
vn 0.0110387 0.0121932 0.999865
v 3.03595 2.227 -1.03575
vn 0.0336897 -0.0840933 0.995888
v 3.1154 2.2724 -1.0323
vn 0.000821026 -0.0722429 0.997387
v 2.8389 2.33255 -1.0398
vn 0.20462 -0.038323 0.978091
v 2.8884 2.35753 -1.04243
vn 0.0159317 -0.0412467 0.999022
v 2.84091 2.37883 -1.03426
vn 0.182977 -0.157809 0.970369
v 2.96785 2.45977 -1.02895
vn 0.000403883 -0.173901 0.984763
v 2.9338 2.4093 -1.0394
vn 0.0207325 -0.153935 0.987864
v 2.66885 2.57518 -0.995445
vn -0.0121218 0.225555 0.974155
v 2.70895 2.5668 -0.99397
vn -0.0572752 0.251545 0.966149
v 2.7749 2.50485 -0.869165
vn -0.118648 -0.942439 -0.312621
v 2.774 2.52875 -0.91544
vn -0.452464 -0.780678 -0.431067
v 2.64803 2.7719 -0.996245
vn -0.485909 0.168431 0.857627
v 2.6923 2.77395 -0.972298
vn -0.215002 -0.578431 0.786888
v 2.6613 2.55475 -0.75556
vn -0.690478 0.717314 0.0932767
v 2.65756 2.5465 -0.732855
vn -0.921793 0.366398 0.126688
v 2.6546 2.5222 -0.687445
vn -0.969853 0.185915 -0.157548
v 2.6452 2.5222 -0.65339
vn -0.861903 0.401866 -0.309237
v 2.6568 2.5449 -0.642035
vn -0.767146 0.628658 -0.127583
v 2.7068 2.5981 -0.65339
vn -0.672335 0.725858 0.145241
v 2.70565 2.59135 -0.63068
vn -0.638633 0.765087 0.0824002
v 2.732 2.6112 -0.63068
vn -0.74968 0.660884 0.0348099
v 2.72995 2.613 -0.65555
vn -0.594572 0.798979 0.0900992
v 2.748 2.6357 -0.56257
vn -0.958509 0.283326 -0.0314173
v 2.7522 2.49585 -0.52851
vn -0.179606 -0.968064 -0.174908
v 2.55915 2.73445 -0.60798
vn 0.0193528 -0.74441 -0.667442
v 2.6386 2.7492 -0.62555
vn -0.0181954 -0.389451 -0.920867
v 2.6386 2.7265 -0.61559
vn -0.163422 -0.599894 -0.783211
v 2.56965 2.7719 -0.63068
vn 0.0179229 -0.393828 -0.919009
v 2.77695 2.6988 -0.60798
vn -0.959716 0.239369 -0.147133
v 2.77553 2.68132 -0.643815
vn -0.808285 0.575697 -0.123486
v 2.75355 2.63315 -0.63068
vn -0.885236 0.452799 -0.106446
v 2.7993 2.72285 -0.63068
vn -0.717942 0.330423 -0.612683
v 2.8203 2.7492 -0.63932
vn -0.632557 0.240266 -0.736305
v 2.8277 2.7265 -0.65339
vn -0.568309 0.310786 -0.761864
v 2.89055 2.75405 -0.76691
vn -0.838915 -0.543822 -0.0218934
v 2.8884 2.7715 -0.743115
vn -0.853597 -0.46648 0.231881
v 2.64428 2.0681 -0.308692
vn 0.0560938 -0.21035 0.976016
v 2.98162 2.07258 -0.233345
vn -0.323846 -0.933227 -0.155601
v 3.0019 2.0572 -0.19929
vn -0.404378 -0.914438 -0.0167744
v 2.94788 2.08915 -0.19929
vn -0.624723 -0.775583 0.0905064
v 2.9925 2.0673 -0.173077
vn -0.372529 -0.889992 0.262937
v 3.1023 2.04275 -0.29011
vn -0.148104 -0.664574 0.732398
v 2.96785 2.07905 -0.278755
vn -0.388177 -0.868516 0.308218
v 2.7591 2.481 -0.49445
vn -0.483099 -0.801106 0.353332
v 2.6841 2.5773 -0.47175
vn -0.706809 0.70725 -0.0148034
v 2.7614 2.7038 -0.47175
vn -0.975628 -0.0438106 -0.215014
v 2.58162 2.81859 -0.154903
vn 0.0545568 -0.997958 0.0332197
v 1.5715 2.4768 -0.91397
vn -0.604903 -0.751659 -0.26287
v 1.57392 2.46132 -0.869085
vn -0.666344 -0.739612 -0.0946537
v 2.30377 2 -1.0404
vn 0.00622685 0.0103736 0.999927
v 2.31228 2.09506 -1.03862
vn 0.023428 -0.0303669 0.999264
v 2.39458 2.05675 -1.04185
vn 0.00937548 -0.00478141 0.999945
v 2.457 2 -1.0405
vn -0.0233483 0.027023 0.999362
v 2.43998 2.11066 -1.04259
vn 0.00233633 0.0195712 0.999806
v 2.457 2.17025 -1.0443
vn 0.0295664 -0.0246962 0.999258
v 2.50834 2.32348 -1.0389
vn -0.0412397 0.0281752 0.998752
v 2.1987 2.43591 -1.03964
vn -0.00575041 0.0383065 0.999249
v 2.46835 2.35752 -1.04347
vn -0.021366 0.0513303 0.998453
v 1.3672 2.7332 -1.0167
vn 0.0594558 -0.620853 0.781669
v 1.3672 2.7504 -0.996065
vn 0.0777864 -0.834835 0.544977
v 1.3672 2.75965 -0.959905
vn 0.0397729 -0.992428 0.116212
v 1.5799 2.4995 -0.99397
vn 0.711053 -0.530538 0.461446
v 1.5715 2.4886 -0.959905
vn 0.00637122 -0.974771 -0.223115
v 1.5942 2.4995 -0.945
vn 0.560261 -0.786368 -0.260257
v 1.5715 2.5676 -1.0166
vn 0.0527437 -0.283645 0.957478
v 1.5715 2.6202 -0.99397
vn -0.175013 -0.631591 0.75529
v 1.5942 2.5948 -1.0167
vn 0.550866 -0.281451 0.785705
v 1.5715 2.63555 -0.97081
vn -0.500612 -0.689837 0.522984
v 1.59004 2.63555 -0.98227
vn 0.547425 -0.7262 0.415884
v 1.5715 2.64 -0.94855
vn -0.777141 -0.507571 0.372053
v 1.5942 2.6584 -0.95809
vn 0.81481 -0.419747 0.39987
v 1.5735 2.6584 -0.94855
vn 0.418124 -0.0454505 0.907252
v 1.7304 2.7586 -0.99397
vn 0.0846912 -0.865979 0.492857
v 1.5942 2.7265 -0.93202
vn -0.656298 -0.715312 0.240003
v 1.3672 2.75515 -0.414985
vn 0.0718744 -0.997355 -0.01079
v 1.58685 2.6584 -0.84568
vn -0.114532 -0.99027 -0.0790434
v 1.60265 2.6584 -0.70316
vn 0.0655633 -0.655808 -0.752075
v 1.5942 2.64285 -0.687445
vn 0.569402 -0.649433 -0.504002
v 1.5942 2.73155 -0.80097
vn -0.527037 -0.849819 -0.00635837
v 1.5942 2.73755 -0.715828
vn -0.566111 -0.820492 -0.0794444
v 1.5715 2.63285 -0.632795
vn -0.776908 -0.341657 -0.528852
v 1.40693 2.7579 -0.488776
vn 0.0817883 -0.99665 0.0006504
v 1.5822 2.6584 -0.67609
vn -0.935352 0.0494447 -0.350246
v 1.8962 2.77095 -0.94855
vn 0.0753144 -0.996554 -0.0347661
v 1.91778 2.7804 -0.97126
vn 0.183078 -0.982582 -0.0318558
v 1.844 2.787 -0.67609
vn 0.0498457 -0.939477 -0.338966
v 2.2299 2.6866 -0.47175
vn 0.0430056 -0.992821 -0.111609
v 2.2754 2.7052 -0.58527
vn 0.0297239 -0.872226 -0.488199
v 2.28675 2.69985 -0.56257
vn 0.0683117 -0.984117 -0.163854
v 2.2981 2.6864 -0.44904
vn 0.0306302 -0.997571 -0.0625642
v 2.43146 2.79675 -0.651099
vn -0.00784612 -0.805038 -0.593171
v 2.33641 2.69486 -0.51148
vn 0.070421 -0.987592 -0.14037
v 1.6169 2.1135 -0.28231
vn 0.14063 -0.334626 0.931799
v 1.5625 2.4314 -0.40363
vn -0.930509 -0.335028 -0.148016
v 2.1391 2.0747 -0.35822
vn -0.0405509 -0.999081 0.0138729
v 2.14194 2.07426 -0.33552
vn -0.0237653 -0.97682 0.21274
v 1.8667 2.0908 -0.32029
vn 0.100777 -0.272204 0.956948
v 2.10505 2.1088 -0.31007
vn 0.0878603 -0.319133 0.943628
v 2.14478 2.09788 -0.316145
vn -0.0250597 -0.410706 0.911423
v 2.2455 2.09068 -0.312686
vn -0.0117383 -0.407133 0.913294
v 2.23278 2.1135 -0.306914
vn -0.0404374 -0.149122 0.987992
v 1.9819 2.2098 -0.29011
vn -0.602395 -0.281049 0.747082
v 2.03624 2.16051 -0.283545
vn -0.313942 -0.500046 0.80709
v 2.0483 2.2043 -0.23995
vn -0.281483 -0.359508 0.889675
v 2.071 2.1445 -0.29011
vn 0.0772602 -0.606817 0.791077
v 2.071 2.2043 -0.23964
vn 0.265777 -0.306889 0.913883
v 1.9817 2.3178 -0.245815
vn -0.645446 -0.215208 0.732861
v 2.0256 2.2295 -0.2447
vn -0.459104 -0.272924 0.845421
v 2.0483 2.23835 -0.23413
vn -0.284148 -0.108055 0.952672
v 2.0256 2.2724 -0.23387
vn -0.193152 -0.0622734 0.979191
v 2.0029 2.30645 -0.23755
vn -0.211928 -0.0601567 0.975432
v 1.9121 2.44275 -0.27869
vn -0.220806 0.196857 0.955245
v 1.99889 2.36914 -0.244033
vn -0.243736 0.00233853 0.969839
v 1.96885 2.4086 -0.25167
vn -0.392696 -0.145578 0.908073
v 2.27975 2.46425 -0.19929
vn -0.752409 -0.466428 0.465108
v 2.3208 2.4291 -0.19696
vn -0.156128 -0.677419 0.718838
v 2.3208 2.4541 -0.17913
vn -0.033534 -0.475638 0.879002
v 2.2985 2.46545 -0.182218
vn -0.491805 -0.344443 0.799679
v 2.34215 2.4314 -0.201085
vn 0.272271 -0.614703 0.740277
v 1.3672 2.7507 -0.33552
vn 0.00820004 -0.998038 -0.0620717
v 1.6169 2.6357 -0.36028
vn 0.491565 -0.834348 -0.249453
v 1.5715 2.70518 -0.526513
vn -0.802878 0.578848 0.142558
v 1.5488 2.5449 -0.27377
vn -0.0409724 0.0828574 0.995719
v 1.5715 2.613 -0.29413
vn -0.0898582 0.00563725 0.995939
v 1.5715 2.6811 -0.30445
vn -0.315195 -0.0257411 0.948678
v 1.48381 2.74643 -0.299702
vn -0.28168 -0.938061 0.201739
v 1.5223 2.7492 -0.2674
vn -0.12463 -0.887508 0.443618
v 1.40125 2.75375 -0.30146
vn 0.0522272 -0.996899 0.0588683
v 1.458 2.7544 -0.28443
vn -0.0631644 -0.994099 0.0881877
v 1.5974 2.6584 -0.3111
vn 0.405128 -0.130448 0.904906
v 1.60814 2.69132 -0.310123
vn 0.34451 -0.295682 0.891002
v 1.75877 2.77125 -0.085634
vn 0.0274701 -0.999613 -0.00438626
v 1.9348 2.674 -0.40363
vn 0.0842302 -0.995424 0.0451187
v 2.0937 2.678 -0.39228
vn 0.0411531 -0.998608 -0.0329837
v 2.03695 2.67615 -0.38093
vn -0.00174406 -0.999737 0.0228795
v 2.1164 2.677 -0.35822
vn 0.00623029 -0.999137 -0.0410596
v 1.82981 2.77307 -0.171085
vn 0.0186722 -0.999142 -0.0369628
v 2.078 2.79135 -0.15387
vn 0.096987 -0.992723 0.071374
v 2.1391 2.6811 -0.46707
vn 0.00439365 -0.994264 -0.106863
v 2.19245 2.6811 -0.456445
vn 0.0665155 -0.990963 -0.116485
v 2.1391 2.6781 -0.42634
vn -0.0368813 -0.99743 -0.0614197
v 2.1164 2.6791 -0.42634
vn -0.00990003 -0.99903 -0.0429057
v 2.2072 2.6777 -0.40363
vn 0.067424 -0.993617 -0.0904379
v 2.1845 2.6786 -0.42634
vn 0.0666352 -0.995445 -0.0681908
v 2.1618 2.6766 -0.40363
vn -0.0447344 -0.998891 -0.0146655
v 2.1618 2.6762 -0.35822
vn -0.0381436 -0.999154 -0.0154045
v 2.4343 2.6948 -0.40363
vn 0.0527024 -0.996979 0.0570643
v 2.2464 2.4995 -0.29011
vn -0.784797 -0.213142 0.581949
v 2.2299 2.4995 -0.30607
vn -0.518511 0.0811738 0.851209
v 2.2299 2.4768 -0.30264
vn -0.691178 0.107973 0.714573
v 2.2626 2.4768 -0.22199
vn -0.892387 -0.355141 0.278424
v 2.2345 2.5903 -0.19929
vn -0.748755 -0.239142 0.618204
v 2.26525 2.51085 -0.19929
vn -0.669121 -0.161823 0.725321
v 2.26573 2.57328 -0.181591
vn -0.478392 -0.155882 0.8642
v 2.2754 2.5903 -0.17911
vn -0.17691 0.0961336 0.979521
v 2.2981 2.4995 -0.17315
vn -0.425315 -0.0453532 0.903908
v 2.3208 2.48815 -0.169745
vn -0.254032 -0.100434 0.961967
v 2.30945 2.5449 -0.172248
vn -0.181065 0.0345445 0.982864
v 2.19585 2.80253 -0.148195
vn 0.0548184 -0.998127 -0.0271497
v 2.1847 2.7979 -0.187935
vn 0.0592286 -0.994139 0.0904408
v 2.33405 2.74625 -0.29011
vn -0.158071 -0.533933 0.83062
v 2.3662 2.7901 -0.22199
vn -0.212804 -0.889997 0.403261
v 2.33215 2.80475 -0.187935
vn -0.0368712 -0.984866 0.16935
v 2.4343 2.8063 -0.15387
vn 0.0337845 -0.997509 0.0619158
v 1.844 2.7687 -0.085759
vn 0.0636953 -0.997754 -0.0207363
v 1.92345 2.7779 -0.085759
vn 0.0455094 -0.997978 -0.0443773
v 2.05965 2.7829 -0.085759
vn 0.105173 -0.991203 -0.0803417
v 2.19017 2.79702 -0.085759
vn 0.059491 -0.997014 -0.04924
v 2.53645 2 -1.0343
vn -0.143414 0.228744 0.962865
v 2.6159 1.9985 -1.0167
vn 0.0199425 0.326468 0.944998
v 2.5251 2.07945 -1.04172
vn -0.0211387 0.0222687 0.999529
v 2.58185 2.05555 -1.03795
vn -0.0770908 0.0506962 0.995734
v 2.64995 2.03972 -1.03038
vn -0.0557031 0.0131887 0.99836
v 2.62725 2.0227 -1.02905
vn -0.0570479 0.177803 0.982411
v 2.56778 2.14188 -1.0394
vn -0.130525 -0.0160677 0.991315
v 2.6159 2.1816 -1.0278
vn -0.151454 -0.0483692 0.98728
v 2.74369 2.06101 -1.03008
vn -0.0163443 -0.00288142 0.999862
v 2.7749 2 -1.0294
vn -0.00292156 -0.0444367 0.999008
v 2.68405 2.0681 -1.02955
vn -0.00186776 -0.0549789 0.998486
v 2.6727 2.15039 -1.02314
vn -0.0600491 -0.0437325 0.997237
v 2.80895 2.11066 -1.03179
vn -0.00793996 0.0900489 0.995906
v 2.843 2.07945 -1.02275
vn -0.107706 0.0386631 0.993431
v 2.85435 2.05675 -1.02395
vn 0.0423464 -0.150958 0.987633
v 2.89408 2.12485 -1.02082
vn -0.0672082 0.156637 0.985367
v 2.89975 2.10215 -1.0206
vn 0.169065 -0.120626 0.978196
v 2.9338 2.0908 -1.0339
vn 0.161549 -0.132449 0.977936
v 2.9338 2.1135 -1.0303
vn 0.347243 -0.181053 0.920131
v 2.51375 2.1816 -1.04435
vn -0.0532752 -0.0137456 0.998485
v 2.52735 2.27524 -1.03952
vn -0.0582524 -0.0386857 0.997552
v 2.6386 2.28659 -1.02544
vn -0.0896157 0.0110536 0.995915
v 2.74652 2.12769 -1.02642
vn 0.129483 -0.0770023 0.988587
v 2.7522 2.1816 -1.0197
vn 0.126932 -0.0611259 0.990026
v 2.7295 2.25287 -1.01683
vn -0.06163 0.0298828 0.997652
v 2.7522 2.30645 -1.02065
vn -0.0191947 0.0049363 0.999804
v 2.75266 2.25417 -1.01686
vn 0.1071 0.03115 0.99376
v 2.7749 2.31213 -1.02355
vn 0.216996 0.0190636 0.975986
v 2.83179 2.23835 -1.03821
vn 0.170625 -0.0116251 0.985267
v 2.57901 2.36604 -1.03314
vn -0.121111 0.00247075 0.992636
v 2.4797 2.4314 -1.0456
vn -0.12138 0.0488809 0.991402
v 2.55485 2.48815 -1.03616
vn -0.212489 0.0400221 0.976343
v 2.76639 2.39728 -1.02057
vn 0.0566927 -0.062955 0.996405
v 2.85435 2.42183 -1.02431
vn 0.0794486 -0.383552 0.920095
v 2.8203 2.4455 -1.0167
vn -0.0428882 -0.225733 0.973245
v 2.88559 2.16991 -1.03676
vn -0.140295 0.240611 0.960429
v 2.94515 2.14755 -1.0274
vn 0.1949 -0.0392282 0.980038
v 2.92245 2.1589 -1.0274
vn -0.00269315 0.142008 0.989862
v 2.9565 2.1135 -1.0365
vn 0.171682 -0.0520334 0.983777
v 3.17509 2.23926 -1.03914
vn -0.0110463 -0.131215 0.991292
v 2.9565 2.2497 -1.0436
vn -0.044371 0.00875429 0.998977
v 2.89975 2.43585 -1.02165
vn 0.139525 -0.470844 0.871114
v 2.8648 2.47505 -0.993672
vn -0.11136 -0.434272 0.893872
v 2.93431 2.46495 -1.02007
vn 0.337279 -0.344671 0.876039
v 2.788 2.5222 -0.99397
vn -0.25299 -0.620496 0.742281
v 2.83165 2.4995 -1.0024
vn -0.166283 -0.382937 0.908685
v 2.74085 2.5449 -0.990525
vn -0.0676916 -0.414719 0.907428
v 2.7704 2.5676 -0.97126
vn -0.576298 -0.597582 0.557473
v 2.7976 2.5366 -0.97126
vn -0.461669 -0.648703 0.605018
v 2.7068 2.613 -1.0051
vn -0.155059 0.0417167 0.987024
v 2.7749 2.6584 -0.9829
vn -0.28322 0.0270481 0.958673
v 2.6544 2.5449 -0.90314
vn -0.790893 0.28708 -0.540438
v 2.6841 2.57055 -0.90974
vn -0.6423 0.716925 -0.271051
v 2.6516 2.5222 -0.88044
vn -0.72897 -0.584299 -0.356647
v 2.7976 2.50885 -0.89179
vn -0.266184 -0.918402 -0.292719
v 2.66575 2.56463 -0.863407
vn -0.664425 0.747112 0.0190509
v 2.69545 2.7492 -0.98158
vn 0.034884 -0.293521 0.955316
v 2.7295 2.7719 -0.97199
vn 0.255183 -0.801724 0.540481
v 2.6959 2.79115 -0.949195
vn -0.370979 -0.839123 0.397803
v 2.7295 2.7936 -0.921475
vn 0.00575068 -0.982712 0.185052
v 2.75015 2.7974 -0.916887
vn 0.260084 -0.959293 0.110061
v 2.7749 2.8073 -0.90314
vn 0.23374 -0.96997 0.0672514
v 2.6458 2.5222 -0.85773
vn -0.598311 -0.800079 -0.0435606
v 2.6613 2.51025 -0.84638
vn -0.592837 -0.803216 -0.0582043
v 2.65302 2.5222 -0.766912
vn -0.954801 -0.290571 0.062634
v 2.6613 2.50795 -0.80097
vn -0.810152 -0.584523 0.0445834
v 2.74827 2.49749 -0.806647
vn -0.371634 -0.928379 0.000291519
v 2.73992 2.50075 -0.867992
vn -0.0099191 -0.98589 -0.1671
v 2.7233 2.5939 -0.76691
vn -0.65584 0.730305 0.191125
v 2.7068 2.6025 -0.83503
vn -0.650931 0.73422 0.192899
v 2.77485 2.6357 -0.778265
vn -0.796055 0.559825 0.229982
v 2.76913 2.64527 -0.81232
vn -0.768824 0.624272 0.138547
v 2.7596 2.613 -0.76691
vn -0.590211 0.746362 0.307561
v 2.7976 2.6562 -0.85773
vn -0.870812 0.422892 -0.250696
v 2.6613 2.50968 -0.69312
vn -0.671826 -0.7293 -0.129505
v 2.7295 2.5132 -0.7215
vn -0.510964 -0.85933 0.0216316
v 2.7937 2.6811 -0.78962
vn -0.94433 0.328991 0.0022298
v 2.7707 2.66843 -0.6988
vn -0.841709 0.52661 -0.119196
v 2.773 2.6584 -0.724475
vn -0.829259 0.383221 -0.406781
v 2.7969 2.6819 -0.81937
vn -0.863503 0.485072 -0.138085
v 2.805 2.6811 -0.85773
vn -0.907851 0.366338 -0.203967
v 2.79375 2.6859 -0.74421
vn -0.857435 0.486243 -0.168443
v 2.7316 2.79635 -0.84638
vn -0.151624 -0.986391 -0.0635851
v 2.7522 2.7928 -0.81232
vn 0.0775311 -0.996849 0.0167714
v 2.7311 2.79645 -0.80097
vn -0.210742 -0.97676 0.0390948
v 2.78625 2.80221 -0.805229
vn 0.135742 -0.990055 0.0369607
v 2.7976 2.6992 -0.67609
vn -0.623199 0.776524 -0.0929115
v 2.74652 2.80235 -0.75556
vn -0.00276249 -0.999199 0.0399192
v 2.82425 2.81245 -0.71015
vn 0.203622 -0.976686 -0.067988
v 2.7522 2.8001 -0.67609
vn -0.0110659 -0.99734 -0.0720424
v 2.6383 2.5228 -0.61933
vn -0.948023 0.313158 0.0564411
v 2.64135 2.5025 -0.63068
vn -0.872292 -0.459714 -0.166644
v 2.64413 2.5024 -0.59095
vn -0.95927 -0.206211 0.193075
v 2.68385 2.57025 -0.64771
vn -0.722376 0.688518 -0.0641635
v 2.6572 2.54815 -0.583853
vn -0.850021 0.526174 0.0245859
v 2.7295 2.5106 -0.67609
vn -0.53702 -0.842671 0.0389175
v 2.7295 2.6159 -0.6988
vn -0.568833 0.819707 -0.0671577
v 2.64773 2.5222 -0.55689
vn -0.986754 0.0908561 0.134392
v 2.75055 2.49978 -0.580185
vn -0.521342 -0.851751 -0.0521862
v 2.73615 2.6071 -0.56257
vn -0.785207 0.609323 0.110342
v 2.75277 2.6584 -0.563915
vn -0.938061 0.343156 -0.0478183
v 2.7516 2.6584 -0.505805
vn -0.968401 0.233574 -0.0874232
v 2.55631 2.81374 -0.685658
vn 0.034801 -0.953181 -0.300391
v 2.5478 2.7946 -0.6418
vn 0.0733792 -0.696501 -0.713794
v 2.5705 2.8061 -0.65339
vn 0.0295513 -0.917595 -0.396418
v 2.62238 2.81406 -0.687114
vn -0.15132 -0.96354 -0.220663
v 2.6613 2.804 -0.65339
vn 0.0295135 -0.955044 -0.29499
v 2.5932 2.7946 -0.63811
vn -0.0450258 -0.536493 -0.842703
v 2.52794 2.71136 -0.56257
vn 0.0116766 -0.988589 -0.150182
v 2.55915 2.71895 -0.58527
vn 0.0105895 -0.944291 -0.32894
v 2.5478 2.7085 -0.51716
vn -0.0518667 -0.998639 -0.00551219
v 2.6618 2.70445 -0.60798
vn -0.266066 -0.701651 -0.660981
v 2.6613 2.68325 -0.57632
vn -0.202954 -0.89514 -0.396905
v 2.6613 2.6735 -0.52851
vn -0.218892 -0.97241 -0.0806586
v 2.5932 2.7011 -0.51716
vn -0.351902 -0.935837 0.0193475
v 2.667 2.80722 -0.698798
vn -0.0809722 -0.99547 -0.0498231
v 2.6841 2.67675 -0.505805
vn 0.498581 -0.866826 0.00536689
v 2.76867 2.69245 -0.545538
vn -0.954461 0.289458 -0.0722411
v 2.8657 2.7492 -0.66061
vn -0.582588 0.0864853 -0.808153
v 2.8477 2.7492 -0.65339
vn -0.453579 0.203808 -0.867599
v 2.8825 2.7719 -0.67609
vn -0.693956 0.022827 -0.719655
v 2.843 2.7719 -0.64341
vn -0.415371 0.188499 -0.889907
v 2.6386 2.0227 -0.30634
vn 0.104901 0.13374 0.985449
v 2.56482 2.0753 -0.31115
vn -0.125848 -0.0473394 0.990919
v 3.07 2.056 -0.2674
vn -0.170678 -0.973269 -0.153679
v 3.0246 2.0524 -0.19929
vn -0.102142 -0.99387 -0.0422916
v 3.12113 2.0457 -0.19929
vn -0.0458857 -0.998928 0.0060315
v 3.03595 2.0537 -0.17658
vn -0.126807 -0.930248 0.344325
v 3.0473 2.06792 -0.153845
vn -0.0738013 -0.662496 0.745421
v 3.10975 2.05125 -0.17658
vn 0.0129326 -0.95003 0.311892
v 3.1609 2.0681 -0.16228
vn 0.0323178 -0.634954 0.771873
v 2.5251 2.4086 -0.26484
vn -0.167573 -0.131578 0.97704
v 2.5573 2.4541 -0.2674
vn -0.0124678 -0.0789519 0.9968
v 2.5478 2.4086 -0.26357
vn 0.0480266 -0.117277 0.991937
v 2.5478 2.4883 -0.251642
vn 0.223887 -0.300695 0.927069
v 3.06115 2.22922 -0.289302
vn -0.187644 0.309209 0.932298
v 3.05865 2.2043 -0.279055
vn -0.261282 0.362572 0.89458
v 3.0927 2.0908 -0.1452
vn 0.0285087 -0.150879 0.988141
v 2.6553 2.5222 -0.42634
vn -0.983706 0.178566 0.0208891
v 2.66092 2.5003 -0.51148
vn -0.722998 -0.689735 0.0392297
v 2.6613 2.49775 -0.454735
vn -0.638417 -0.731338 -0.239932
v 2.6841 2.49133 -0.488777
vn -0.143333 -0.974325 -0.173629
v 2.66175 2.47845 -0.42563
vn -0.6979 -0.241963 -0.674084
v 2.6665 2.55685 -0.42634
vn -0.907054 0.418681 -0.0442625
v 2.7694 2.4541 -0.47175
vn -0.956802 0.288354 -0.0371648
v 2.7749 2.473 -0.44904
vn -0.873308 0.434332 -0.220654
v 2.74985 2.64285 -0.44904
vn -0.932196 0.304153 0.196219
v 2.5907 2.7038 -0.40363
vn -0.308511 -0.951212 -0.00402643
v 2.5705 2.7091 -0.47175
vn -0.205504 -0.978641 0.00539794
v 2.6159 2.6924 -0.40363
vn -0.429597 -0.902942 0.0119346
v 2.5807 2.7038 -0.38093
vn -0.153158 -0.986696 -0.0545304
v 2.7572 2.7038 -0.44904
vn -0.991329 0.122429 -0.0477247
v 3.12893 2.81582 -0.17658
vn -0.246751 -0.968601 0.0304178
v 3.0879 2.81775 -0.22709
vn -0.1816 -0.968252 0.171782
v 3.14955 2.808 -0.085759
vn -0.11904 -0.990018 -0.0754627
v 3.07567 2.82294 -0.170903
vn -0.0896556 -0.991826 -0.0907964
v 3.1609 2.8045 -0.204963
vn -0.192768 -0.979461 0.059134
v 3.1836 2.80075 -0.187935
vn -0.0142453 -0.997214 -0.0732172
v 3.18928 2.79855 -0.129823
vn -0.193404 -0.979649 -0.0536869
v 2.6164 2.8173 -0.085759
vn 0.0662415 -0.994685 -0.0788272
v 2.49105 2.80845 -0.114138
vn 0.0611599 -0.996644 -0.0544159
v 2.40025 2.80405 -0.085759
vn 0.0344186 -0.999182 -0.0212331
v 2.62725 2.8203 -0.131168
vn -0.0117929 -0.999782 -0.0172017
v 2.6841 2.8171 -0.085759
vn -0.0088704 -0.999892 0.0116767
v 2.6841 2.8152 -0.13117
vn -0.0188408 -0.99981 -0.00501621
v 2.76355 2.8222 -0.165225
vn 0.0360713 -0.999126 0.0211288
v 2.7749 2.8204 -0.085759
vn 0.0807019 -0.994219 0.0708265
v 2.8203 2.8197 -0.165225
vn 0.0309253 -0.999404 -0.015343
v 2.87705 2.8235 -0.15387
vn 0.0459323 -0.998843 0.0142137
v 2.94515 2.82825 -0.085759
vn -0.0538675 -0.998276 0.0233035
v 2.9338 2.8232 -0.15387
vn 0.0175139 -0.999556 0.0241222
v 2.99055 2.8259 -0.125493
vn -0.0551543 -0.998044 -0.0294248
v 2.9792 2.8318 -0.19929
vn 0.0354079 -0.99876 -0.034993
v 3.0258 2.8173 -0.085759
vn -0.0920162 -0.988287 -0.121742
v 3.229 2.7842 -0.085759
vn -0.291081 -0.952983 -0.0842367
v 3.2063 2.7986 -0.15387
vn 0.183004 -0.964172 -0.192048
v 3.229 2.79535 -0.12351
vn 0.0528953 -0.975903 -0.211696
v 2.6533 2.4638 -0.41179
vn -0.844038 0.0375179 -0.534969
v 1.53745 2.16741 -1.01868
vn 0.124148 -0.0267598 0.991903
v 1.60271 2.26531 -1.02894
vn 0.161255 -0.00956414 0.986866
v 1.72331 2.29368 -1.03478
vn 0.0074372 0.00119405 0.999972
v 1.79004 2.42996 -1.03549
vn 0.00336802 0.035887 0.99935
v 1.69635 2.4143 -1.03668
vn 0.00315948 0.0142707 0.999893
v 1.5715 2.4675 -0.7215
vn -0.798599 -0.601852 -0.00369975
v 1.81563 2.22416 -1.03652
vn 0.0336324 -0.00785296 0.999403
v 1.80425 2.32915 -1.0343
vn 0.00990584 0.0061303 0.999932
v 1.97027 2.33199 -1.03454
vn 0.00380534 0.0106204 0.999936
v 2.08802 2.32348 -1.03613
vn -0.00606415 -0.000445776 0.999982
v 1.87805 2.40294 -1.03617
vn 0.00223219 0.0249068 0.999687
v 1.95892 2.45126 -1.03832
vn 0.00113032 0.0346076 0.9994
v 2.071 2.40439 -1.03589
vn 0.0151816 0.0542832 0.99841
v 2.15612 2.37455 -1.0349
vn 0.0132239 0.020887 0.999694
v 2.22422 2.35752 -1.0371
vn 0.0138749 0.0262159 0.99956
v 2.31512 2.35185 -1.03755
vn 0.0339476 0.010513 0.999368
v 2.17031 2.52788 -1.04425
vn 0.00135367 0.0294477 0.999565
v 2.40309 2.45125 -1.04642
vn 0.0470636 0.0458198 0.99784
v 2.46835 2.47113 -1.0505
vn -0.0452705 0.0762139 0.996063
v 1.54746 2.5222 -0.856539
vn -0.999768 -0.0172232 -0.0129694
v 1.55035 2.5222 -0.742485
vn -0.997045 -0.0270127 0.0719102
v 1.55655 2.4995 -0.71015
vn -0.947763 -0.316899 0.0363311
v 1.58755 2.6357 -0.75556
vn -0.913233 0.406347 -0.0297728
v 1.59414 2.64495 -0.720727
vn -0.942366 0.292209 0.162975
v 1.539 2.5222 -0.6023
vn -0.990391 0.0768567 -0.11497
v 1.53887 2.4995 -0.579597
vn -0.963793 -0.254347 -0.0800623
v 1.6125 2.6584 -0.67609
vn 0.72877 -0.632058 -0.263435
v 1.59665 2.6357 -0.653627
vn 0.283036 -0.856304 -0.432011
v 1.6161 2.6357 -0.60798
vn 0.386309 -0.837653 -0.386138
v 1.93906 2.66975 -1.04661
vn 0.0255934 -0.137261 0.990204
v 1.96317 2.64705 -1.0492
vn -0.00558171 0.0139182 0.999888
v 2.12775 2.61016 -1.04541
vn 0.00214506 0.0429009 0.999077
v 2.08803 2.66975 -1.0464
vn 0.00929253 -0.0832144 0.996488
v 1.96885 2.76015 -1.0167
vn 0.0360933 -0.499922 0.865318
v 1.92913 2.7762 -1.00016
vn 0.062952 -0.864567 0.498559
v 1.96885 2.71115 -1.0394
vn 0.0213399 -0.290026 0.956781
v 2.16747 2.6811 -1.0487
vn 0.0253881 -0.125258 0.991799
v 2.05965 2.7216 -1.037
vn 0.0402916 -0.260204 0.964713
v 2.11356 2.7492 -1.03259
vn 0.0568513 -0.315235 0.947309
v 1.98587 2.78089 -0.997177
vn 0.0661379 -0.883099 0.464502
v 2.0029 2.7919 -0.97126
vn 0.0583759 -0.986386 0.153733
v 2.1164 2.77995 -1.0167
vn 0.06385 -0.653615 0.754129
v 2.14194 2.80059 -0.959905
vn 0.094809 -0.991421 0.089981
v 1.9575 2.7873 -0.94855
vn 0.128749 -0.986161 -0.10445
v 1.95182 2.7827 -0.914495
vn 0.132027 -0.990652 0.0343276
v 2.01992 2.79202 -0.9372
vn 0.093908 -0.991574 -0.0892356
v 1.9802 2.7825 -0.90314
vn 0.111407 -0.993184 0.0342688
v 1.96885 2.78826 -0.837866
vn 0.105685 -0.99006 0.0927983
v 2.26405 2.57895 -1.04408
vn -0.00564924 0.0526767 0.998596
v 2.20011 2.63286 -1.04821
vn 0.00119846 0.0412025 0.99915
v 2.29242 2.64705 -1.0488
vn 0.0236674 0.00350812 0.999714
v 2.46835 2.57327 -1.05468
vn 0.0213184 0.0343684 0.999182
v 2.40025 2.64705 -1.05577
vn 0.0575542 -0.0317238 0.997838
v 2.21574 2.74061 -1.03811
vn -0.00620567 -0.272491 0.962138
v 2.26259 2.69245 -1.04574
vn 0.00419656 -0.119131 0.99287
v 2.35485 2.72995 -1.0394
vn -0.00447381 -0.28325 0.959036
v 2.2754 2.7719 -1.0275
vn -0.0154899 -0.418091 0.908273
v 2.2754 2.7894 -1.0167
vn -0.00011685 -0.778066 0.628182
v 2.1618 2.7946 -1.0005
vn 0.0529408 -0.933981 0.353378
v 2.21004 2.80751 -0.9372
vn 0.0582662 -0.993176 0.10103
v 2.2527 2.8001 -0.99397
vn -0.017244 -0.989598 0.142821
v 2.13626 2.80159 -0.840702
vn 0.0719639 -0.997399 0.00397159
v 2.28675 2.8038 -0.954227
vn 0.0350937 -0.991351 0.126462
v 2.26405 2.8142 -0.90314
vn -0.0537411 -0.990013 0.13033
v 2.21004 2.81026 -0.853476
vn 0.0567137 -0.997418 -0.0440518
v 2.28391 2.81166 -0.874762
vn -0.0380496 -0.998105 -0.0483605
v 2.35485 2.6811 -1.0505
vn 0.0538176 -0.192868 0.979748
v 2.47403 2.66975 -1.05778
vn -0.0101039 -0.0501814 0.998689
v 2.4343 2.7852 -1.0167
vn 0.0724521 -0.500711 0.862577
v 2.4797 2.76055 -1.0371
vn 0.0604258 -0.44276 0.894602
v 2.3662 2.7826 -1.0167
vn -0.0216075 -0.495833 0.868149
v 2.35059 2.7977 -0.999535
vn 0.0121632 -0.906456 0.422125
v 2.46835 2.80805 -0.99397
vn 0.043152 -0.863122 0.503148
v 2.4343 2.8111 -0.97126
vn 0.00395368 -0.995774 0.0917494
v 2.33215 2.80705 -0.914495
vn 0.037686 -0.998911 0.027515
v 2.36904 2.81103 -0.852055
vn 0.0448319 -0.996893 0.0647585
v 2.42295 2.8126 -0.92017
vn 0.0190865 -0.99932 0.0315423
v 2.45641 2.81496 -0.880497
vn 0.050602 -0.996342 0.0688578
v 1.9121 2.78395 -0.80097
vn 0.113647 -0.991058 0.0699124
v 1.8894 2.78705 -0.75556
vn -0.00825784 -0.998513 0.0538776
v 2.03127 2.79852 -0.80097
vn 0.0445123 -0.999002 0.00360964
v 2.03695 2.79908 -0.727177
vn 0.0415909 -0.99905 0.0129872
v 2.15896 2.80347 -0.749885
vn 0.0671636 -0.997512 0.0214106
v 2.1618 2.80655 -0.6988
vn 0.0710173 -0.990194 -0.120304
v 1.7304 2.7421 -0.63068
vn 0.0896672 -0.759614 -0.644164
v 1.80425 2.74905 -0.630945
vn 0.0366978 -0.582797 -0.811789
v 1.7531 2.7265 -0.61912
vn 0.00872521 -0.507841 -0.861407
v 1.7304 2.7642 -0.67609
vn 0.112508 -0.945942 -0.304197
v 1.7531 2.7596 -0.65339
vn 0.126483 -0.863557 -0.488131
v 1.74175 2.70465 -0.607835
vn 0.00230079 -0.547124 -0.837048
v 1.92345 2.6741 -0.56257
vn 0.048777 -0.953824 -0.296378
v 2.1618 2.8061 -0.80097
vn 0.0566015 -0.997837 -0.0334174
v 2.247 2.80644 -0.823675
vn 0.0219698 -0.999491 -0.0231234
v 2.2897 2.81705 -0.72519
vn 0.0718704 -0.995936 0.0542692
v 2.31556 2.81665 -0.6988
vn 0.0242717 -0.995862 -0.0875734
v 2.30945 2.80975 -0.81232
vn 0.0644318 -0.995885 0.0637309
v 2.51741 2.81836 -0.869085
vn 0.027231 -0.999254 0.0273934
v 2.38323 2.82045 -0.73853
vn 0.0480131 -0.998842 -0.00308348
v 2.42721 2.81993 -0.731294
vn -0.0251763 -0.999582 -0.0142362
v 2.33215 2.8151 -0.738532
vn 0.0685319 -0.996562 0.046555
v 2.38058 2.8176 -0.697256
vn -0.00599436 -0.980988 -0.193978
v 2.49389 2.81644 -0.709796
vn 0.00401188 -0.996552 -0.0828785
v 2.26405 2.72592 -0.60844
vn 0.040699 -0.554753 -0.831019
v 1.5488 2.1135 -0.27943
vn -0.0210127 -0.0168215 0.999638
v 1.69881 2.11918 -0.294977
vn 0.080224 -0.0929074 0.992438
v 1.5488 2.19295 -0.284835
vn -0.0204035 0.0536835 0.99835
v 1.62825 2.1362 -0.282735
vn 0.0521443 0.0493312 0.99742
v 1.58852 2.18728 -0.287478
vn 0.0334642 0.0245044 0.999139
v 1.60271 2.23835 -0.285342
vn 0.0252793 -0.104445 0.994209
v 1.6396 2.19863 -0.288472
vn 0.0906426 -0.015878 0.995757
v 1.69067 2.19295 -0.294753
vn 0.00242435 -0.0484422 0.998823
v 1.64527 2.28091 -0.281171
vn -0.00234081 -0.150266 0.988643
v 1.74477 2.24906 -0.287891
vn 0.121015 -0.0863451 0.988888
v 1.7077 2.26105 -0.2823
vn 0.0128241 -0.152664 0.988195
v 1.7077 2.3178 -0.27679
vn 0.12312 -0.0212732 0.992164
v 1.77283 2.36354 -0.287512
vn 0.104015 -0.144116 0.984079
v 1.7304 2.4314 -0.27859
vn -0.0356714 0.313221 0.94901
v 1.79287 2.1135 -0.302655
vn 0.12721 -0.2516 0.959435
v 1.83265 2.1589 -0.29908
vn 0.126155 -0.0793444 0.988832
v 1.9886 2.17593 -0.294857
vn -0.344603 -0.265932 0.900294
v 2.01425 2.13052 -0.30244
vn -0.173392 -0.34186 0.923616
v 2.09365 2.15895 -0.29011
vn 0.31687 -0.40921 0.855652
v 1.77547 2.30361 -0.292679
vn 0.163835 -0.0209836 0.986265
v 1.83832 2.35185 -0.295618
vn -0.0167653 -0.117022 0.992988
v 1.9348 2.36888 -0.281793
vn -0.48147 -0.175234 0.858766
v 1.96395 2.35185 -0.266
vn -0.612372 -0.0837092 0.786125
v 1.94692 2.4314 -0.262675
vn -0.429954 0.0290018 0.902385
v 1.9802 2.4314 -0.25114
vn -0.133931 0.152554 0.979178
v 1.95783 2.4539 -0.26767
vn -0.272433 0.547758 0.791038
v 2.0256 2.3709 -0.2424
vn 0.0476304 0.0616119 0.996963
v 2.07126 2.354 -0.245845
vn 0.334484 0.114058 0.935474
v 2.0553 2.36487 -0.244142
vn 0.123904 0.125861 0.98428
v 2.1346 2.2043 -0.29011
vn 0.551399 -0.448769 0.703253
v 2.3435 2.1135 -0.30123
vn -0.0109107 -0.154851 0.987878
v 2.41728 2.14613 -0.297089
vn -0.0343194 -0.163253 0.985987
v 2.3435 2.1816 -0.29775
vn -0.296791 -0.0521884 0.953515
v 2.3662 2.2497 -0.28148
vn -0.235224 -0.0784057 0.968774
v 2.3889 2.2497 -0.28041
vn 0.0271233 -0.0376105 0.998924
v 2.2981 2.4269 -0.22199
vn -0.571077 -0.817464 0.0749928
v 2.34425 2.48815 -0.17605
vn 0.336392 -0.167941 0.926626
v 1.57355 2.58425 -0.333783
vn -0.694179 0.201066 -0.69115
v 1.7978 2.4995 -0.2674
vn -0.0439195 -0.695148 0.717524
v 1.8667 2.5222 -0.24112
vn 0.00783121 -0.637717 0.770231
v 1.8908 2.5222 -0.2447
vn 0.252317 -0.660402 0.707252
v 1.9121 2.51795 -0.26368
vn 0.56707 -0.601271 0.562942
v 1.91515 2.4995 -0.286235
vn 0.614796 -0.4477 0.6493
v 1.7986 2.5497 -0.22403
vn 0.0048975 -0.3707 0.92874
v 1.8667 2.5449 -0.22821
vn 0.0944301 -0.380268 0.920043
v 1.85265 2.5676 -0.224245
vn 0.118842 -0.122505 0.985327
v 1.89665 2.5449 -0.23988
vn 0.376258 -0.377238 0.84624
v 2.0937 2.7038 -0.20349
vn 0.0343368 -0.258774 0.965328
v 2.1391 2.65785 -0.24394
vn 0.565455 -0.668153 0.483562
v 2.2527 2.613 -0.18729
vn -0.331814 0.31419 0.889485
v 2.2754 2.613 -0.18771
vn -0.117013 0.231047 0.965881
v 2.2754 2.6991 -0.31032
vn 0.232494 -0.424414 0.875111
v 2.2527 2.7719 -0.26802
vn 0.0562847 -0.699834 0.712084
v 2.2299 2.7929 -0.241275
vn 0.00381847 -0.908528 0.417807
v 2.13833 2.6857 -0.222528
vn 0.532847 -0.294938 0.793149
v 2.12775 2.73785 -0.207975
vn 0.241598 -0.147863 0.959045
v 2.15045 2.77817 -0.20451
vn 0.300254 -0.623218 0.722113
v 2.1595 2.75135 -0.222808
vn 0.535807 -0.253688 0.805328
v 2.2299 2.8015 -0.19929
vn 0.0364322 -0.997013 0.0681017
v 2.28675 2.80255 -0.085759
vn 0.0385477 -0.998447 -0.0402281
v 2.2981 2.7265 -0.30178
vn 0.0223452 -0.468371 0.883249
v 2.3435 2.8076 -0.15387
vn 0.00907853 -0.999417 -0.0329271
v 2.51659 2.81212 -0.170902
vn 0.0747252 -0.995966 0.0496797
v 2.6841 2 -1.03
vn 0.0533178 0.0770046 0.995604
v 2.85685 2.19144 -1.04035
vn 0.0414139 0.0540721 0.997678
v 2.51942 2.55341 -1.04954
vn -0.170834 0.0638215 0.983231
v 2.56087 2.57044 -1.03955
vn -0.332896 0.0646672 0.940743
v 2.59036 2.50518 -1.02815
vn -0.297568 -0.0729733 0.951908
v 2.6099 2.5449 -1.013
vn -0.481676 0.0303555 0.875823
v 2.62806 2.51028 -1.01606
vn -0.202323 -0.28936 0.935594
v 2.66702 2.5449 -0.992402
vn -0.146549 -0.274102 0.950469
v 2.53645 2.61867 -1.04807
vn -0.250972 -0.00832563 0.967959
v 2.51375 2.69812 -1.05112
vn -0.216349 -0.092458 0.971928
v 2.56065 2.65556 -1.03779
vn -0.376274 -0.151347 0.914064
v 2.64285 2.62435 -1.01448
vn -0.230271 0.140763 0.962892
v 2.6286 2.6584 -1.0147
vn -0.279685 -0.20871 0.937132
v 2.7085 2.4942 -1.01233
vn -0.0414406 -0.314758 0.948267
v 2.6386 2.5676 -0.99775
vn -0.261542 0.300141 0.917339
v 2.6727 2.6584 -1.0076
vn -0.0624723 -0.224305 0.972514
v 2.64205 2.5449 -0.84638
vn -0.97196 0.232585 -0.0346032
v 2.49105 2.71515 -1.05085
vn -0.0460088 -0.189942 0.980717
v 2.55278 2.7356 -1.0347
vn -0.393891 -0.0936925 0.91437
v 2.6386 2.7038 -0.98992
vn -0.369861 -0.242937 0.896763
v 2.49105 2.79428 -1.0165
vn -0.0256434 -0.78398 0.620256
v 2.57618 2.78666 -1.01291
vn -0.148187 -0.515716 0.843847
v 2.55631 2.80575 -0.99397
vn -0.0236477 -0.905269 0.42418
v 2.5932 2.8141 -0.97126
vn 0.00725907 -0.981083 0.193451
v 2.6474 2.7946 -0.99397
vn -0.334864 -0.685939 0.646029
v 2.6386 2.8089 -0.97126
vn -0.305781 -0.922606 0.23515
v 2.63009 2.81402 -0.940036
vn -0.17823 -0.98121 0.0738962
v 2.61988 2.8191 -0.822965
vn -0.102304 -0.994422 0.025676
v 2.69545 2.80193 -0.90882
vn -0.186756 -0.97736 0.0994509
v 2.96885 2.51923 -1.01828
vn 0.328635 -0.193264 0.924472
v 2.6613 2.5569 -0.78962
vn -0.723914 0.682814 0.0985636
v 2.7295 2.5047 -0.795292
vn -0.0154943 -0.992537 0.120954
v 2.7068 2.6012 -0.85773
vn -0.62364 0.778111 -0.0749458
v 2.55915 2.82325 -0.74421
vn 0.0443826 -0.998944 -0.0118755
v 2.6159 2.821 -0.7215
vn -0.190545 -0.980928 -0.0383908
v 2.7068 2.8055 -0.84638
vn -0.174098 -0.984268 0.0301124
v 2.68977 2.80667 -0.80097
vn -0.162321 -0.986699 -0.00881063
v 2.6613 2.7265 -0.61661
vn -0.125445 -0.447867 -0.885256
v 2.7976 2.7038 -0.64968
vn -0.78396 0.554461 -0.27925
v 2.843 2.81505 -0.687445
vn 0.13379 -0.965241 -0.224522
v 2.843 2.81925 -0.730135
vn -0.102078 -0.983354 0.150319
v 2.8203 2.8108 -0.74421
vn 0.15821 -0.985355 0.063597
v 2.8657 2.8186 -0.7092
vn -0.471036 -0.874497 0.115671
v 2.8925 2.7719 -0.6988
vn -0.879701 -0.446083 -0.164731
v 2.8657 2.8122 -0.67609
vn -0.436327 -0.784431 -0.440779
v 2.843 2.7984 -0.64981
vn -0.15943 -0.692516 -0.703565
v 2.8657 2.7946 -0.65922
vn -0.619291 -0.660248 -0.424913
v 2.98275 2.04715 -0.31281
vn -0.230007 -0.489815 0.840939
v 2.98235 2.0681 -0.291755
vn -0.206136 -0.88387 0.41986
v 2.99105 2.08453 -0.154108
vn -0.272911 -0.358949 0.892567
v 3.07518 2.02473 -0.31077
vn -0.123835 -0.425911 0.89625
v 2.99055 2 -0.32873
vn -0.134526 -0.266958 0.954273
v 3.16612 1.999 -0.313365
vn -0.0458199 -0.499753 0.864955
v 2.52794 2.12485 -0.299353
vn 0.00635505 -0.22983 0.97321
v 2.72383 2.14755 -0.300187
vn 0.0910759 -0.0453657 0.99481
v 2.6613 2.1135 -0.2936
vn 0.0483685 -0.199902 0.978621
v 2.76355 2.10783 -0.305606
vn 0.0557175 -0.0902653 0.994358
v 2.57617 2.30645 -0.295505
vn -0.0765687 -0.0911426 0.99289
v 2.63265 2.3286 -0.287197
vn -0.0733142 -0.133568 0.988324
v 2.56199 2.35053 -0.291058
vn -0.0117397 -0.316744 0.948438
v 3.01325 2.0908 -0.146275
vn -0.130362 -0.17966 0.975053
v 2.5251 2.4768 -0.25672
vn -0.0937838 -0.630504 0.7705
v 2.51375 2.4995 -0.240095
vn -0.00479713 -0.539559 0.841934
v 2.5251 2.5222 -0.23073
vn 0.0198738 -0.389774 0.920696
v 2.62725 2.8141 -0.19929
vn 0.0461254 -0.947739 0.315695
v 2.71065 2.81161 -0.216318
vn 0.0814135 -0.955731 0.282753
v 2.77444 2.8198 -0.209671
vn 0.0649415 -0.991275 0.114706
v 2.8277 2.82153 -0.2447
vn 0.119027 -0.983257 0.137979
v 3.07 2.48815 -0.306445
vn 0.188553 -0.19968 0.961549
v 3.0473 2.46545 -0.30268
vn 0.168483 -0.0742413 0.982905
v 2.9565 2.8296 -0.2447
vn 0.0440409 -0.998162 0.0416283
v 3.03028 2.828 -0.227668
vn -0.111839 -0.988612 0.100686
v 3.05304 2.80104 -0.290124
vn -0.23834 -0.73169 0.638611
v 3.06071 2.81199 -0.270415
vn -0.20818 -0.894861 0.394822
v 2.99055 2.81668 -0.289367
vn -0.0735223 -0.83499 0.545331
v 2.97352 2.82655 -0.2674
vn -0.0138506 -0.963517 0.26729
v 3.1609 2.7909 -0.2674
vn -0.0767865 -0.863421 0.498606
v 3.1609 2.802 -0.2447
vn -0.0880742 -0.961862 0.258969
v 3.1836 2.8057 -0.2447
vn 0.23714 -0.97137 0.0143228
v 3.2083 2.81758 -0.212608
vn 0.383591 -0.922853 -0.0346513
v 3.1609 2.28375 -1.0267
vn -0.0828146 -0.178066 0.980528
v 3.09838 2.31213 -1.03148
vn -0.152621 0.0323532 0.987755
v 3.1836 2.3632 -1.0102
vn -0.235788 0.0171129 0.971654
v 3.18927 2.32793 -1.01724
vn 0.0127414 -0.289812 0.956999
v 3.10405 2.37455 -1.03435
vn -0.240911 0.106853 0.964647
v 3.07 2.5222 -1.0182
vn -0.0370198 0.0434015 0.998372
v 3.10405 2.4086 -1.0343
vn -0.0607144 -0.139351 0.98838
v 3.10405 2.4995 -1.0171
vn 0.0157725 -0.139998 0.990026
v 3.17329 2.43708 -1.02144
vn -0.180222 0.0762865 0.980663
v 3.1382 2.4541 -1.0245
vn -0.0128807 -0.171524 0.985096
v 3.1609 2.4768 -1.0251
vn 0.092965 0.00722673 0.995643
v 3.19495 2.4995 -1.0326
vn -0.0408341 0.235537 0.971007
v 2.5295 2 -0.56257
vn -0.966986 -0.0848614 -0.240286
v 3.229 2 -1.0339
vn -0.0674323 -0.0965542 0.993041
v 3.22735 2.46545 -1.01065
vn -0.333778 0.244341 0.910434
v 3.2063 2.3859 -1.0082
vn -0.274805 0.101407 0.956137
v 3.10405 2.5222 -1.0194
vn 0.100666 0.163263 0.981433
v 3.1609 2.4995 -1.0287
vn 0.134705 0.198849 0.970728
v 3.163 2.5427 -1.0394
vn -0.118058 0.125011 0.985106
v 3.1382 2.5424 -1.04045
vn -0.021803 0.336784 0.94133
v 3.17225 2.5222 -1.03525
vn 0.00428543 0.0870874 0.996191
v 3.229 2.4995 -1.0338
vn 0.122019 0.1214 0.985075
v 3.229 2.5676 -1.0355
vn 0.0277924 -0.00248823 0.999611
v 2.94515 2.03405 -0.33026
vn -0.256929 -0.344181 0.903065
v 2.98974 2.11518 -0.150536
vn -0.232746 0.183462 0.955076
v 3.07 2.1135 -0.14536
vn -0.0301504 0.0360978 0.998893
v 3.1268 2.1135 -0.145715
vn 0.123043 -0.222151 0.967217
v 3.1836 2.1135 -0.14943
vn -0.0292049 -0.227903 0.973246
v 3.229 2.0516 -0.17658
vn 0.028148 -0.643793 0.764682
v 3.229 2.0908 -0.1482
vn -0.0383087 -0.251253 0.967163
v 3.2063 2.1135 -0.14942
vn -0.0143111 0.0255395 0.999571
v 3.229 2.4086 -1.0038
vn -0.258837 0.0721323 0.963224
v 2.8203 2 -0.32643
vn 0.11522 0.122785 0.985722
v 2.9338 2 -0.3308
vn -0.000134775 0.068031 0.997683
v 2.92245 2.0227 -0.33364
vn 0.00413224 -0.0374873 0.999289
v 3.1609 2.0397 -0.29011
vn -0.0773281 -0.564492 0.821809
v 3.229 2.0126 -0.302952
vn -0.015113 -0.656668 0.754028
v 3.229 2.0448 -0.2674
vn -0.161526 -0.956582 0.24261
v 3.1836 2.0511 -0.2674
vn -0.0460388 -0.97457 0.219303
v 3.229 2.0379 -0.21064
vn -0.0861165 -0.982365 0.165962
v 1.6169 2.73165 -0.732855
vn 0.265279 -0.962361 0.0590685
v 1.6663 2.7492 -0.76691
vn 0.468838 -0.877339 0.102306
v 1.5333 2.5449 -0.53986
vn -0.915098 0.387403 -0.111871
v 1.53025 2.5222 -0.505805
vn -0.993054 -0.107283 0.0483025
v 1.5488 2.5647 -0.53986
vn -0.780641 0.624601 -0.0217761
v 1.5252 2.3446 -0.359343
vn -0.753522 0.317408 -0.575722
v 1.57205 2.36095 -0.40363
vn -0.741976 0.22877 -0.630187
v 1.55355 2.4143 -0.371588
vn -0.888801 -0.0335508 -0.457064
v 1.5743 2.4127 -0.42634
vn -0.784372 -0.563911 -0.258388
v 1.59978 2.40993 -0.4621
vn -0.470756 -0.722878 -0.505802
v 1.5901 2.3859 -0.42634
vn -0.752306 -0.367107 -0.547054
v 1.6169 2.3859 -0.45261
vn -0.483312 -0.59722 -0.640108
v 1.5731 2.39385 -0.40363
vn -0.877479 -0.188647 -0.440956
v 1.49235 2.28375 -0.31281
vn -0.97504 0.000409467 0.222028
v 1.62825 2.44147 -0.286532
vn 0.071087 0.18506 0.980153
v 1.67365 2.47276 -0.291811
vn 0.0448117 0.170255 0.984381
v 1.59835 2.4995 -0.289465
vn 0.208171 0.0483247 0.976898
v 1.7077 2.4995 -0.30675
vn -0.1593 0.301186 0.940165
v 1.7404 2.48247 -0.293552
vn -0.417658 -0.0234774 0.908301
v 1.5488 2.5637 -0.49445
vn -0.750087 0.643271 0.153528
v 1.53525 2.5449 -0.4831
vn -0.899382 0.384423 0.208159
v 1.5488 2.5449 -0.44432
vn -0.822711 0.450877 0.346202
v 1.54705 2.52575 -0.369575
vn -0.903072 0.379837 -0.200459
v 1.5694 2.5435 -0.414985
vn -0.514063 0.809073 0.284853
v 1.6396 2.6212 -0.43769
vn -0.379419 -0.922338 0.0730301
v 1.6396 2.6205 -0.40363
vn -0.302589 -0.949685 -0.0808566
v 1.6396 2.6187 -0.38093
vn -0.447663 -0.891404 -0.0706864
v 1.6623 2.6215 -0.40363
vn 0.0438378 -0.995187 -0.0876367
v 1.702 2.613 -0.33552
vn -0.972619 -0.230779 -0.0274513
v 1.70865 2.59315 -0.33552
vn -0.902971 -0.309833 0.297735
v 1.57172 2.70325 -0.436718
vn -0.932239 0.358382 -0.0499322
v 1.5205 2.4995 -0.31281
vn -0.963267 0.0490914 -0.264019
v 1.6396 2.5222 -0.29275
vn 0.128623 0.0868605 0.987882
v 1.5715 2.5846 -0.29011
vn 0.256679 0.265626 0.929279
v 1.685 2.4995 -0.30026
vn 0.22066 0.231512 0.947476
v 1.6623 2.5222 -0.29928
vn 0.249403 0.184276 0.950705
v 1.7077 2.5449 -0.32587
vn -0.499768 0.287227 0.817149
v 1.7336 2.5222 -0.29425
vn -0.724089 -0.000819468 0.689706
v 1.7231 2.5449 -0.31281
vn -0.809172 0.0818517 0.581842
v 1.72265 2.57895 -0.31281
vn -0.850102 -0.135365 0.508923
v 1.5942 2.5903 -0.30359
vn 0.411323 0.0317025 0.910938
v 1.5997 2.613 -0.308595
vn 0.5166 0.0315318 0.855646
v 1.71164 2.63002 -0.313253
vn -0.852672 -0.110688 0.510587
v 1.74462 2.57815 -0.278755
vn -0.847631 0.0128887 0.53043
v 1.7758 2.4768 -0.28164
vn -0.0791964 -0.314644 0.9459
v 1.75449 2.53163 -0.268181
vn -0.726667 -0.252639 0.63885
v 1.76965 2.5449 -0.23924
vn -0.392961 -0.630631 0.669243
v 1.7986 2.58215 -0.224333
vn -0.111599 0.351932 0.929349
v 1.8213 2.58435 -0.22515
vn 0.0584564 0.311225 0.948537
v 1.8667 2.6811 -0.30849
vn 0.362846 -0.520817 0.772717
v 1.87805 2.7038 -0.296735
vn 0.25911 -0.547131 0.795933
v 1.90815 2.72758 -0.29059
vn 0.243556 -0.565704 0.78782
v 1.9483 2.71515 -0.303125
vn -0.00573706 -0.64233 0.766407
v 1.92913 2.74994 -0.27654
vn -0.0496336 -0.681834 0.729821
v 2.0029 2.6821 -0.31563
vn -0.632538 -0.700035 0.331431
v 1.6452 2.67715 -0.33552
vn 0.302712 -0.509836 0.805253
v 1.6623 2.6584 -0.34998
vn -0.0829784 -0.491651 0.86683
v 1.6998 2.6584 -0.33552
vn -0.759447 -0.24685 0.601918
v 1.3672 2.7457 -0.19929
vn 0.0393927 -0.998579 -0.0358807
v 1.6169 2.6584 -0.32841
vn 0.604483 -0.380356 0.69995
v 1.7077 2.68905 -0.31282
vn -0.50872 -0.372388 0.776229
v 1.7758 2.613 -0.24931
vn -0.109818 0.504991 0.85611
v 1.7986 2.6117 -0.2447
vn -0.153719 0.588077 0.794063
v 1.77507 2.65272 -0.261451
vn -0.18491 0.218751 0.9581
v 1.7986 2.6357 -0.25596
vn -0.0695524 0.38133 0.921819
v 1.7758 2.5676 -0.22624
vn -0.474982 0.109983 0.873096
v 1.79777 2.6776 -0.26774
vn 0.226005 0.107831 0.96814
v 1.79985 2.7034 -0.267283
vn 0.097331 -0.331667 0.938362
v 1.8894 2.6811 -0.32179
vn 0.321419 -0.723186 0.611304
v 1.8213 2.7038 -0.27259
vn 0.327948 -0.289493 0.899246
v 1.9802 2.6991 -0.31281
vn -0.292664 -0.678811 0.673471
v 1.9575 2.705 -0.31281
vn -0.147956 -0.670621 0.726895
v 1.7304 2.767 -0.7215
vn 0.0687431 -0.991461 0.110809
v 1.7304 2.7678 -0.6988
vn 0.0663219 -0.993489 -0.0926306
v 1.7077 2.6773 -0.5896
vn 0.191526 -0.806255 -0.559706
v 1.7304 2.68015 -0.586645
vn 0.144215 -0.75912 -0.634774
v 1.7815 2.7784 -0.9372
vn 0.108549 -0.991308 0.0743334
v 1.80425 2.78271 -0.866246
vn 0.204434 -0.978182 -0.0369782
v 1.7724 2.7719 -0.85773
vn 0.302535 -0.946515 -0.112168
v 1.7986 2.775 -0.76691
vn 0.424198 -0.902902 -0.0694536
v 1.76445 2.7657 -0.81232
vn 0.218593 -0.970294 -0.103664
v 1.74175 2.7628 -0.78962
vn 0.00878636 -0.998893 -0.0462027
v 1.7758 2.7635 -0.76691
vn 0.282426 -0.958088 0.0479957
v 1.7531 2.7617 -0.76691
vn 0.0790066 -0.996331 0.0329088
v 1.76112 2.77158 -0.6988
vn 0.203393 -0.977253 0.0600596
v 2.3435 2.0897 -0.312035
vn -0.00648444 -0.562545 0.826741
v 2.0937 2.2497 -0.24693
vn 0.288682 0.0563829 0.955763
v 1.9575 2.3178 -0.27604
vn -0.774511 -0.11352 0.62229
v 2.1164 2.227 -0.25986
vn 0.659486 -0.219347 0.719003
v 2.44607 2.31719 -0.287503
vn 0.1709 -0.0567254 0.983654
v 2.4691 2.28091 -0.294591
vn 0.121258 0.0144899 0.992515
v 2.25553 2.34334 -0.299374
vn 0.0830083 -0.13006 0.988025
v 2.1845 2.2951 -0.3021
vn 0.128853 -0.175852 0.975947
v 2.27302 2.45125 -0.25605
vn -0.775434 -0.621661 0.11063
v 2.3662 2.4086 -0.28178
vn -0.160786 -0.256919 0.952964
v 2.32648 2.4135 -0.290955
vn -0.162546 -0.496847 0.85248
v 2.35602 2.43363 -0.2674
vn 0.348512 -0.792387 0.500662
v 2.33288 2.4288 -0.25605
vn 0.261718 -0.931544 -0.252448
v 2.3752 2.4541 -0.22199
vn 0.577437 -0.802127 0.15218
v 2.3208 2.4139 -0.22199
vn -0.104049 -0.962511 -0.250494
v 2.3435 2.4198 -0.22199
vn 0.52636 -0.810148 -0.258081
v 1.89088 2.75398 -0.269105
vn 0.21236 -0.73239 0.646921
v 1.992 2.6811 -0.33552
vn -0.382148 -0.908057 0.171453
v 2.1391 2.6489 -0.2674
vn 0.592573 -0.804575 0.0389317
v 2.16005 2.6811 -0.295985
vn 0.862913 -0.495823 0.0976773
v 2.1592 2.6811 -0.2447
vn 0.805385 -0.496553 0.323714
v 2.2299 2.7762 -0.2674
vn -0.0809939 -0.667272 0.740397
v 2.1618 2.7038 -0.23925
vn 0.673895 -0.239565 0.69891
v 2.1721 2.7719 -0.22199
vn 0.402648 -0.713796 0.573036
v 3.07 2 -1.04342
vn -0.0336645 -0.0130544 0.999348
v 3.1609 2 -1.0362
vn -0.0720291 -0.0213653 0.997174
v 3.1558 2.1135 -1.0392
vn -0.0792308 0.0228211 0.996595
v 3.20063 2.09648 -1.03308
vn -0.0788114 0.0320097 0.996376
v 3.229 2.13336 -1.0325
vn -0.106331 0.0108831 0.994271
v 2.59887 2.1135 -0.299745
vn -0.0813265 -0.198529 0.976715
v 2.78224 2.06201 -0.313653
vn 0.121496 -0.216558 0.96868
v 2.80895 2.0227 -0.3273
vn 0.102294 -0.0556183 0.993198
v 2.8555 2.12048 -0.311675
vn 0.0632923 -0.178114 0.981972
v 2.9197 2.0908 -0.31281
vn -0.451479 -0.500242 0.738867
v 2.9565 2.0889 -0.2674
vn -0.574159 -0.816564 0.0597035
v 3.2063 2.0421 -0.22199
vn -0.116361 -0.983084 -0.141444
v 3.18928 2.0441 -0.19861
vn -0.0677889 -0.971618 0.226636
v 2.60171 2.15323 -0.297215
vn -0.010214 -0.0863007 0.996217
v 2.82598 2.15323 -0.30672
vn 0.0637843 -0.0851418 0.994325
v 2.5251 2.3178 -0.29868
vn 0.0841542 -0.184985 0.979132
v 2.49105 2.37455 -0.280758
vn -0.0531759 -0.289947 0.955564
v 2.4797 2.47615 -0.266925
vn -0.0616491 -0.643214 0.7632
v 2.6159 2.4314 -0.2798
vn 0.00286033 0.016884 0.999853
v 2.6386 2.4314 -0.27719
vn -0.0958165 0.0126284 0.995319
v 2.80328 2.39728 -0.297637
vn 0.10675 0.0292872 0.993854
v 3.08135 2.3632 -0.30374
vn 0.0665233 0.023507 0.997508
v 2.6841 2.5828 -0.42634
vn -0.81721 0.576162 -0.0143163
v 2.5738 2.4995 -0.26364
vn 0.619584 -0.264333 0.739083
v 2.5506 2.5222 -0.24276
vn 0.378532 -0.158389 0.911935
v 2.52226 2.80601 -0.21064
vn 0.0510057 -0.962186 0.267574
v 2.61715 2.7944 -0.2447
vn 0.0506495 -0.843537 0.534678
v 2.897 2.53084 -0.312543
vn -0.144162 0.0809727 0.986236
v 2.86002 2.5124 -0.309037
vn 0.0882752 0.11566 0.989358
v 1.5715 2.5222 -1.0022
vn 0.181017 0.531085 0.827757
v 1.5715 2.5403 -0.92585
vn -0.591411 0.790869 -0.15735
v 1.5681 2.5449 -0.88044
vn -0.726374 0.679452 -0.103569
v 1.6169 2.5937 -0.88044
vn -0.0764014 -0.788277 -0.610559
v 1.6169 2.632 -0.81232
vn -0.624165 0.755373 -0.199571
v 1.6169 2.626 -0.83503
vn -0.595386 0.789454 -0.149257
v 1.5942 2.6693 -0.80097
vn -0.547257 0.834819 0.0598871
v 1.5772 2.6584 -0.78962
vn -0.750456 0.63873 0.169824
v 1.7077 2.7626 -0.85773
vn -0.0522917 -0.998206 0.0291503
v 1.6396 2.613 -0.49632
vn -0.259702 -0.964879 0.0395331
v 1.6396 2.6133 -0.53986
vn -0.274511 -0.960256 -0.0505101
v 1.77866 2.44275 -0.28336
vn -0.040535 0.0937853 0.994767
v 1.85535 2.43835 -0.28689
vn -0.0293221 0.380379 0.924366
v 1.9445 2.4768 -0.29011
vn -0.189419 0.57074 0.798984
v 1.9802 2.4593 -0.2674
vn -0.159539 0.639333 0.752198
v 1.6623 2.6182 -0.47175
vn 0.0929045 -0.988342 0.120621
v 1.5715 2.5449 -0.37701
vn -0.609831 0.759408 -0.22673
v 1.5942 2.5676 -0.35377
vn -0.604823 0.163273 -0.779443
v 1.5715 2.4768 -0.2767
vn 0.215778 0.0869728 0.972561
v 2.2253 2.5676 -0.31281
vn -0.999038 -0.0214737 0.0382461
v 2.2299 2.59 -0.31281
vn -0.926626 0.0861009 -0.365993
v 2.2421 2.613 -0.31281
vn -0.838153 0.445027 -0.315357
v 2.21945 2.7968 -0.22199
vn 0.197257 -0.943421 0.266545
v 2.7668 2.5903 -0.97126
vn -0.713232 0.298354 0.63426
v 2.77795 2.6085 -0.94855
vn -0.858618 0.497652 0.122957
v 2.81585 2.6652 -0.94855
vn -0.817186 0.554496 0.157291
v 2.7945 2.6357 -0.92585
vn -0.85734 0.496817 -0.134693
v 2.8203 2.6726 -0.914495
vn -0.666337 0.71385 -0.215439
v 2.8054 2.6811 -0.88044
vn -0.838783 0.492216 -0.232736
v 2.8657 2.72365 -0.972005
vn -0.443433 0.265211 0.856172
v 2.83625 2.68525 -0.94855
vn -0.470772 0.785174 0.402337
v 2.87145 2.7038 -0.953395
vn -0.423766 0.75153 0.505594
v 2.8884 2.7038 -0.93159
vn -0.541319 0.783058 0.306258
v 2.89275 2.7265 -0.95316
vn -0.683485 0.461492 0.565573
v 2.87703 2.74918 -0.96578
vn -0.534307 -0.146128 0.832564
v 2.9076 2.7265 -0.92585
vn -0.997128 0.0637358 0.0409101
v 2.9032 2.7492 -0.914495
vn -0.994031 -0.0919345 -0.0587471
v 2.90185 2.7492 -0.869085
vn -0.98001 0.17582 -0.093099
v 2.898 2.7265 -0.88044
vn -0.983926 0.119893 -0.132348
v 2.73 2.61207 -0.829353
vn -0.452028 0.890644 0.0492254
v 2.74945 2.61935 -0.84638
vn -0.508039 0.822667 -0.255178
v 2.7749 2.6357 -0.84277
vn -0.696409 0.644638 -0.315367
v 2.6841 2.5633 -0.76691
vn -0.386329 0.922359 0.0020291
v 2.7081 2.5676 -0.74175
vn -0.881043 0.439088 -0.175967
v 2.7295 2.6053 -0.731417
vn -0.528411 0.804775 -0.270405
v 2.77855 2.6308 -0.74421
vn -0.86478 0.502095 -0.00752551
v 2.7463 2.613 -0.7215
vn -0.515943 0.714141 -0.47308
v 2.8203 2.6899 -0.85773
vn -0.493845 0.862882 -0.107483
v 2.8203 2.7038 -0.72446
vn -0.476054 0.878573 -0.0384864
v 2.895 2.7038 -0.84638
vn -0.987366 -0.083546 -0.134643
v 2.8932 2.7265 -0.83503
vn -0.989479 0.120607 -0.0799034
v 2.894 2.7492 -0.81232
vn -0.970014 0.201429 -0.136012
v 2.6159 2.4541 -0.28841
vn -0.0131802 0.354614 0.93492
v 2.6386 2.4541 -0.28809
vn -0.0591903 0.394133 0.917145
v 2.91305 2.1581 -0.29011
vn -0.278299 0.775554 0.566626
v 2.8884 2.1362 -0.30335
vn -0.187772 0.0635548 0.980154
v 2.94515 2.03405 -1.03555
vn 0.0753857 -0.0424153 0.996252
v 2.9993 2.07945 -1.04025
vn 0.0341199 3.43963e-05 0.999418
v 3.00999 2.14153 -1.04232
vn 0.116035 -0.0543979 0.991754
v 3.07568 2.19295 -1.04442
vn 0.0359893 -0.0412299 0.998501
v 3.229 2.3859 -1.0052
vn -0.0685563 -0.1162 0.990857
v 3.05865 2.12485 -1.0415
vn -0.0387573 0.0368794 0.998568
v 3.14386 2.1986 -1.04195
vn -0.0666266 0.0383825 0.997039
v 3.2063 2.2951 -1.031
vn 0.0352906 -0.173386 0.984221
v 3.229 2.2724 -1.0335
vn -0.139128 -0.0142805 0.990171
v 3.229 2.31213 -1.02477
vn -0.0192935 -0.241041 0.970323
v 2.88395 2.4768 -0.99682
vn 0.265376 -0.29821 0.916868
v 3.0019 2.5449 -1.0214
vn 0.123702 -0.0885145 0.988364
v 3.0019 2.5676 -1.024
vn 0.387558 0.012354 0.921762
v 2.9489 2.5676 -0.99397
vn 0.581901 -0.164099 0.796532
v 3.08135 2.6357 -1.0519
vn 0.132846 0.056671 0.989515
v 3.0927 2.6584 -1.0544
vn 0.110937 -0.0351383 0.993206
v 3.0473 2.6584 -1.047
vn 0.18705 -0.0648797 0.980206
v 3.1382 2.7492 -1.0488
vn 0.132228 -0.177855 0.975133
v 3.1154 2.64705 -1.0546
vn -0.0317005 -8.06146e-05 0.999497
v 3.1154 2.6811 -1.0533
vn 0.0423996 -0.0395749 0.998317
v 3.1836 2.7492 -1.0532
vn 0.0588089 -0.171435 0.983439
v 3.17225 2.7265 -1.0551
vn 0.0405413 -0.0856962 0.995496
v 3.1609 2.77675 -1.0419
vn -0.000158301 -0.416127 0.909307
v 3.1836 2.7758 -1.04175
vn -0.0807274 -0.617745 0.782224
v 3.229 2.613 -1.0375
vn 0.00303428 0.228344 0.973576
v 3.1609 2.6811 -1.055
vn -0.00588995 0.0873117 0.996164
v 3.229 2.6811 -1.0564
vn -0.0349435 0.212237 0.976593
v 3.2063 2.7265 -1.0557
vn 0.0146424 -0.0746727 0.997101
v 3.1836 2.8025 -1.0167
vn -0.145634 -0.78753 0.598822
v 3.2063 2.798 -1.0167
vn -0.129795 -0.802597 0.582229
v 3.21765 2.8069 -0.99397
vn -0.128297 -0.90332 0.409332
v 2.9548 2.0908 -0.17658
vn -0.579377 -0.656634 0.482861
v 1.5942 2.683 -0.97126
vn 0.306116 -0.340632 0.888967
v 1.685 2.6472 -0.53986
vn 0.660957 -0.750109 0.021705
v 1.7077 2.6637 -0.53986
vn 0.401204 -0.915946 -0.00883644
v 1.7986 2.7525 -1.0167
vn 0.0649182 -0.578742 0.812922
v 1.83265 2.78433 -0.89463
vn -0.0796664 -0.991044 0.107173
v 1.844 2.7878 -0.74421
vn 0.196444 -0.980513 -0.00179979
v 1.7758 2.7719 -0.67002
vn 0.201205 -0.95812 -0.203772
v 1.8023 2.77155 -0.654015
vn 0.143929 -0.814895 -0.561454
v 1.8223 2.4541 -0.29011
vn 0.102047 -0.161681 0.981553
v 2.2299 2.3859 -0.28531
vn 0.205962 -0.185244 0.960866
v 2.3679 2.46545 -0.196633
vn 0.539364 -0.560948 0.628031
v 2.43327 2.49085 -0.218713
vn 0.404226 -0.751049 0.522042
v 1.685 2.6498 -0.47175
vn 0.632387 -0.774652 0.000897446
v 1.9202 2.5222 -0.29011
vn 0.886089 -0.437825 0.152166
v 2.2072 2.7842 -0.2674
vn -0.282087 -0.800425 0.528911
v 2.55915 2.17203 -0.292242
vn 0.019308 -0.124004 0.992094
v 2.6841 2.14755 -0.294365
vn 0.0381081 -0.0318451 0.998766
v 2.5705 2.47755 -0.2678
vn 0.54309 -0.332014 0.771246
v 2.457 2.5222 -0.20773
vn 0.275123 -0.374155 0.885616
v 1.7304 2.7632 -0.76691
vn -0.0296437 -0.996688 0.0757267
v 1.3528 2.7492 -0.29011
vn 0.103995 -0.994326 0.0223768
v 1.3672 2.7519 -0.2674
vn 0.0992542 -0.994744 -0.0251577
v 1.40125 2.75473 -0.25605
vn 0.0397391 -0.995895 -0.0813285
v 1.4126 2.7462 -0.19929
vn 0.0216208 -0.994707 -0.100453
v 1.3672 2.7467 -0.085759
vn 0.0854609 -0.996231 -0.0148117
v 1.6169 2.685 -0.999335
vn 0.731046 -0.513904 0.448858
v 1.6105 2.6811 -0.99397
vn 0.702038 -0.576023 0.418737
v 1.7077 2.6357 -0.3493
vn -0.901314 -0.035736 -0.43169
v 2.6527 2.4995 -0.40363
vn -0.978202 -0.0934623 -0.185433
v 2.6466 2.4768 -0.38093
vn -0.960272 0.0601506 -0.272505
v 2.6493 2.4995 -0.38093
vn -0.975143 0.0451054 -0.216935
v 2.2754 2.6836 -0.42634
vn 0.0700104 -0.995534 -0.0633274
v 2.2638 2.6811 -0.40363
vn 0.107786 -0.99229 -0.0611712
v 2.2981 2.6853 -0.40363
vn 0.100777 -0.994562 -0.0262755
v 2.2981 2.7038 -0.31197
vn 0.164127 -0.403975 0.899926
v 3.1268 2.0487 -0.2674
vn -0.045638 -0.990184 0.132109
v 3.0927 2.4961 -0.31174
vn 0.346302 -0.290569 0.891989
v 1.6021 2.6584 -0.99397
vn 0.858152 -0.272188 0.435303
v 2.4116 2.227 -0.28659
vn 0.0588383 -0.0665579 0.996046
v 2.90542 2.24402 -1.04352
vn 0.0298681 -0.000391517 0.999554
v 3.07 2.3178 -1.037
vn -0.0717023 0.0110468 0.997365
v 3.0246 2.36888 -1.0366
vn -0.0313824 -0.0592714 0.997748
v 3.08135 2.3859 -1.03725
vn -0.0118755 -0.0690302 0.997544
v 2.84868 2.52071 -0.992104
vn -0.0161982 -0.574881 0.818077
v 2.7068 2.5071 -0.94855
vn -0.344576 -0.882229 -0.320841
v 2.68977 2.05675 -0.31363
vn 0.0457556 -0.153237 0.98713
v 2.88556 2.07945 -0.324516
vn -0.0043894 -0.243113 0.969988
v 2.73222 2.36927 -0.287435
vn 0.118353 -0.120242 0.985665
v 2.6613 2.4086 -0.27329
vn 0.0687501 -0.144792 0.987071
v 2.96105 2.18113 -0.290327
vn -0.095082 0.30511 0.947559
v 2.9565 2.2043 -0.29732
vn -0.0532323 0.186433 0.981024
v 2.9792 2.1362 -0.16847
vn -0.400798 0.617541 0.676759
v 2.94618 2.1135 -0.170538
vn -0.588894 0.437848 0.679333
v 3.0246 2.1816 -0.27811
vn -0.377991 0.521546 0.764927
v 3.0019 2.186 -0.29011
vn -0.280225 0.380013 0.881512
v 3.0473 2.2497 -0.29546
vn -0.116323 0.116643 0.986338
v 3.0927 2.24405 -0.29134
vn -0.0275479 0.21669 0.975852
v 3.10405 2.4086 -0.30802
vn 0.0539571 0.0592406 0.996784
v 3.1382 2.4179 -0.31012
vn -0.0506928 0.18864 0.980737
v 2.9338 2.6584 -0.33685
vn -0.290028 0.311683 0.904841
v 2.89975 2.60732 -0.323808
vn -0.225659 0.289727 0.930127
v 3.1154 2.5676 -0.29626
vn 0.231794 -0.25069 0.939908
v 3.12297 2.5347 -0.31281
vn 0.405803 -0.362066 0.839186
v 3.1382 2.5676 -0.30485
vn 0.367225 -0.350453 0.861585
v 3.1317 2.7719 -0.288695
vn -0.151757 -0.558191 0.815716
v 1.5942 2.6561 -0.81232
vn 0.185308 -0.982173 -0.0315854
v 2.17315 2.0819 -0.38093
vn -0.0605064 -0.915743 -0.397183
v 2.1845 2.0715 -0.35822
vn -0.0402739 -0.993502 -0.106449
v 2.28675 2.0729 -0.35822
vn -0.0104341 -0.999896 0.00994843
v 2.30945 2.07327 -0.33552
vn 0.000286549 -0.927898 0.372835
v 2.2981 2.0798 -0.38093
vn -0.0251919 -0.952937 -0.30212
v 2.42553 2.06915 -0.35822
vn -0.0437703 -0.984308 0.170946
v 2.4797 2.0718 -0.33552
vn -0.0861731 -0.862285 0.499039
v 2.5096 2.09123 -0.31311
vn -0.0651088 -0.551182 0.831841
v 1.9348 2.4768 -0.29191
vn 0.0919105 -0.0117419 0.995698
v 2.4003 2.49945 -0.194895
vn 0.337008 -0.402556 0.851102
v 2.3208 2.7265 -0.30212
vn 0.0133842 -0.448747 0.893559
v 2.3889 2.78 -0.23685
vn 0.0617809 -0.881111 0.468857
v 2.66135 2.38023 -1.0236
vn -0.084128 0.000113467 0.996455
v 2.69829 2.44272 -1.01949
vn -0.089283 -0.0674134 0.993722
v 2.78057 2.47492 -1.01519
vn -0.0593911 -0.211094 0.97566
v 2.5251 1.9948 -0.53986
vn -0.974738 -0.200613 -0.0981854
v 2.7976 2.4733 -0.74421
vn -0.36805 -0.916115 -0.158973
v 2.8203 2.47935 -0.783605
vn -0.26224 -0.902403 -0.341905
v 2.8289 2.4582 -0.74421
vn -0.424373 -0.87652 -0.227203
v 2.82285 2.45322 -0.705635
vn -0.609962 -0.783647 -0.117661
v 2.80763 2.46175 -0.6619
vn -0.621888 -0.783104 -0.00211208
v 2.7852 2.4849 -0.63068
vn -0.620255 -0.78254 -0.0539878
v 2.8203 2.4393 -0.58527
vn -0.741959 -0.645703 -0.180456
v 2.7749 2.4787 -0.57392
vn -0.646017 -0.733591 -0.210964
v 2.80225 2.4541 -0.574685
vn -0.690235 -0.677505 -0.254091
v 2.7715 2.4768 -0.51716
vn -0.792862 -0.598153 -0.116548
v 2.7976 2.4404 -0.53986
vn -0.793843 -0.558947 -0.239567
v 2.7784 2.4541 -0.50496
vn -0.93305 -0.307808 -0.186207
v 2.8657 2.46802 -0.805792
vn -0.352037 -0.898262 -0.263051
v 2.85235 2.4588 -0.76691
vn -0.38537 -0.838662 -0.384885
v 2.7068 2.5016 -0.92585
vn 0.36398 -0.928365 -0.0752128
v 2.7305 2.51545 -0.914495
vn 0.504553 -0.834118 -0.222876
v 2.8165 2.52093 -0.949875
vn -0.35345 -0.798711 -0.486963
v 2.843 2.4995 -0.93587
vn -0.268242 -0.893862 -0.359246
v 2.8203 2.5285 -0.97126
vn 0.0891289 -0.993173 -0.0752609
v 2.843 2.48955 -0.880435
vn -0.259645 -0.959863 -0.106055
v 2.74605 2.7492 -0.99517
vn 0.204909 -0.266861 0.941699
v 2.7749 2.795 -0.972085
vn 0.332919 -0.851631 0.404832
v 2.87705 2.4995 -0.996445
vn 0.0101027 -0.0334455 0.999389
v 2.9111 2.51085 -0.99231
vn 0.150992 -0.443526 0.883451
v 2.84825 2.5222 -0.951275
vn 0.114671 -0.777238 -0.618669
v 2.87245 2.4995 -0.913603
vn 0.3276 -0.912763 -0.244013
v 2.8657 2.4891 -0.88044
vn -0.0826035 -0.982286 -0.168199
v 3.0473 2.5449 -1.0258
vn 0.0352639 0.244064 0.969118
v 3.07 2.5449 -1.0284
vn 0.00401889 0.409859 0.91214
v 3.0927 2.613 -1.0516
vn 0.0241596 0.0724743 0.997078
v 3.0927 2.5903 -1.0505
vn -0.0246016 0.0708078 0.997187
v 3.1154 2.613 -1.0527
vn -0.0903349 0.102849 0.990586
v 3.1609 2.5903 -1.0434
vn -0.145873 0.082321 0.985872
v 3.19441 2.6139 -1.04064
vn -0.128255 0.156392 0.979333
v 3.1382 2.6584 -1.0537
vn -0.0548375 0.0307757 0.998021
v 2.8884 2.7719 -0.89196
vn -0.391975 -0.904957 0.165555
v 2.7749 2.48827 -0.818
vn -0.0989679 -0.972675 -0.21002
v 2.81895 2.49625 -0.84638
vn -0.256136 -0.950022 -0.17847
v 2.74085 2.51037 -0.636358
vn -0.365104 -0.928616 0.0661102
v 2.7295 2.5102 -0.585275
vn -0.248688 -0.958038 -0.142539
v 2.7068 2.5095 -0.56257
vn -0.0451484 -0.977891 -0.204184
v 2.7068 2.512 -0.642035
vn 0.112482 -0.993601 0.0102213
v 2.6841 2.50192 -0.550217
vn 0.23755 -0.969708 -0.0568923
v 2.907 2.7719 -0.85773
vn -0.235136 -0.971862 -0.0139813
v 2.885 2.7719 -0.82139
vn -0.530997 -0.83667 -0.13426
v 3.229 2.7265 -1.0549
vn -0.0617826 -0.0579836 0.996404
v 2.5163 2 -0.42634
vn -0.933799 -0.357228 0.0201997
v 2.5075 2.0227 -0.40363
vn -0.909056 -0.404473 0.100096
v 2.5112 2.0227 -0.38093
vn -0.912836 -0.348564 0.212683
v 2.49945 2.0454 -0.3745
vn -0.718463 -0.59229 0.364697
v 2.4797 2.063 -0.35822
vn -0.325732 -0.876157 0.355314
v 2.51375 2.0676 -0.33028
vn -0.360073 -0.485207 0.79682
v 2.54798 2.05675 -0.313498
vn -0.390865 0.11455 0.913292
v 2.5932 2.0227 -0.29493
vn 0.00762794 0.300734 0.953678
v 2.7522 2.4682 -0.42634
vn -0.628339 0.587265 -0.510206
v 2.5705 2.21565 -0.28916
vn 0.0122842 0.00739459 0.999897
v 2.62725 2.2724 -0.294513
vn -0.0021588 0.0397328 0.999208
v 2.6727 2.2951 -0.29296
vn 0.0273139 -0.0484922 0.99845
v 2.68977 2.19295 -0.292147
vn 0.0437886 -0.0263224 0.998694
v 2.76213 2.23551 -0.295561
vn 0.0493494 -0.0410227 0.997939
v 2.843 2.2724 -0.29637
vn 0.0484436 -0.0404676 0.998006
v 2.76639 2.31213 -0.29629
vn 0.0399812 -0.0327026 0.998665
v 2.58752 2.39725 -0.278138
vn 0.150401 -0.297581 0.942775
v 2.5705 2.4314 -0.26556
vn 0.200722 0.0449498 0.978616
v 2.87421 2.3405 -0.300405
vn 0.0466353 -0.0167905 0.998771
v 2.75645 2.4314 -0.28871
vn 0.2303 -0.0346859 0.972501
v 2.90826 2.23551 -0.304325
vn 0.0181524 -0.0209727 0.999615
v 2.91677 2.20146 -0.30198
vn -0.157277 0.11461 0.980882
v 2.9111 2.2951 -0.29993
vn 0.0199393 -0.00882009 0.999762
v 3.0019 2.2043 -0.29658
vn -0.0984621 0.121179 0.987735
v 2.9792 2.3405 -0.30451
vn -0.0195094 0.0106452 0.999753
v 2.9565 2.1551 -0.22199
vn -0.490382 0.82571 0.278796
v 2.9338 2.1484 -0.2447
vn -0.497327 0.830094 0.252211
v 2.9349 2.13525 -0.19929
vn -0.831145 0.506165 0.230207
v 2.9558 2.1362 -0.17658
vn -0.376434 0.686941 0.621618
v 3.03595 2.35185 -0.299883
vn 0.0113877 -0.0423203 0.999039
v 3.1154 2.2724 -0.29574
vn -0.0149897 0.0618854 0.997971
v 3.1154 2.2497 -0.29336
vn 0.0181456 0.120463 0.992552
v 3.1382 2.26105 -0.29622
vn 0.0372862 0.0428109 0.998387
v 3.1609 2.2951 -0.29781
vn 0.00857191 -0.087325 0.996143
v 2.97352 2.37455 -0.299667
vn -0.0276892 -0.0760688 0.996718
v 2.89407 2.39725 -0.298755
vn 0.0144573 0.0316116 0.999396
v 3.0246 2.4086 -0.29151
vn -0.00092155 -0.0539312 0.998544
v 2.87705 2.44842 -0.304963
vn 0.00441935 0.106282 0.994326
v 2.93947 2.42285 -0.29868
vn -0.047534 0.0477888 0.997726
v 2.93096 2.48815 -0.305539
vn -0.0687687 -0.0073557 0.997606
v 3.0246 2.4768 -0.30092
vn -0.0265716 0.088857 0.99569
v 3.1382 2.3405 -0.29573
vn -0.0719007 0.114246 0.990847
v 3.1836 2.28375 -0.301175
vn 0.143919 -0.188302 0.971509
v 3.2063 2.3405 -0.29252
vn -0.0128902 -0.000269496 0.999917
v 3.1836 2.3632 -0.29823
vn -0.0580034 0.21197 0.975553
v 3.1609 2.39725 -0.304925
vn -0.0182634 0.178425 0.983784
v 3.229 2.3178 -0.30175
vn 0.199546 -0.246453 0.948389
v 3.229 2.3405 -0.29594
vn 0.0649565 -0.0728329 0.995227
v 3.2063 2.3632 -0.29508
vn -0.101395 0.16229 0.98152
v 3.2063 2.4086 -0.30792
vn -0.164726 0.241228 0.956386
v 3.229 2.4314 -0.30763
vn -0.257776 0.239354 0.936088
v 3.2063 2.4541 -0.3191
vn -0.093008 0.331233 0.938954
v 3.1836 2.4541 -0.32109
vn -0.0786493 0.275341 0.958124
v 2.7068 2.5978 -0.47175
vn -0.661974 0.746668 -0.0653937
v 2.6534 2.5222 -0.40363
vn -0.996048 0.0307149 -0.083331
v 2.7671 2.79936 -0.267615
vn 0.148064 -0.792069 0.592203
v 2.67837 2.7935 -0.263135
vn 0.115278 -0.851285 0.511883
v 2.99604 2.58691 -0.295469
vn -0.127907 -0.0529942 0.990369
v 3.03595 2.51085 -0.301425
vn -0.037561 -0.0982596 0.994452
v 2.99055 2.613 -0.29849
vn -0.265072 0.113896 0.957478
v 3.01325 2.66975 -0.30035
vn -0.416256 0.303864 0.85697
v 3.0473 2.6584 -0.28413
vn -0.253319 0.175372 0.951354
v 3.05865 2.56192 -0.292615
vn -0.00569871 -0.111931 0.9937
v 3.10405 2.60165 -0.29303
vn 0.0996449 -0.0589682 0.993274
v 3.07 2.6357 -0.28404
vn 0.106976 -0.0673404 0.991979
v 3.0473 2.6357 -0.28288
vn -0.0816575 -0.0920626 0.992399
v 3.07 2.6584 -0.28387
vn -0.0114526 -0.00748793 0.999906
v 3.01225 2.70645 -0.315972
vn -0.405267 0.290655 0.866763
v 2.97927 2.7036 -0.329475
vn -0.305788 0.0607607 0.950159
v 2.9565 2.73785 -0.329005
vn -0.0719377 -0.269351 0.960352
v 3.00112 2.76055 -0.31776
vn -0.133845 -0.287222 0.948467
v 2.843 2.8178 -0.26833
vn 0.0773342 -0.911607 0.403722
v 2.90826 2.80091 -0.295959
vn 0.0367379 -0.66429 0.746572
v 2.843 2.77545 -0.315165
vn 0.00601642 -0.476925 0.878924
v 2.87137 2.7492 -0.32605
vn -0.0110363 -0.320788 0.947087
v 2.96785 2.77377 -0.315505
vn 0.000315605 -0.482786 0.875739
v 3.0246 2.7946 -0.30202
vn -0.115214 -0.488687 0.864818
v 3.0473 2.7038 -0.30032
vn -0.258026 0.336752 0.90555
v 3.03345 2.7492 -0.313782
vn -0.224608 0.0224082 0.974192
v 3.07 2.7265 -0.30472
vn -0.069332 0.107819 0.99175
v 3.07 2.7038 -0.29748
vn -0.118358 0.301726 0.946019
v 3.1268 2.7492 -0.30279
vn -0.075644 -0.356533 0.931215
v 3.07568 2.7719 -0.30281
vn -0.175675 -0.351254 0.919652
v 3.1609 2.7492 -0.30961
vn 0.278763 -0.660634 0.697033
v 3.1836 2.7669 -0.30824
vn 0.0332858 -0.711253 0.702147
v 3.22845 2.77145 -0.29011
vn -0.394618 -0.629672 0.669171
v 3.2063 2.7719 -0.30222
vn -0.228223 -0.710715 0.665431
v 3.2063 2.80595 -0.25605
vn 0.00834277 -0.863947 0.503513
v 3.229 2.8231 -0.22199
vn -0.0630248 -0.878676 0.473241
v 3.229 2.8362 -0.19929
vn -0.0233967 -0.885022 0.46496
v 1.6599 2.7492 -0.6988
vn 0.427063 -0.903692 -0.0309484
v 2.1845 2.7038 -0.3015
vn -0.0673518 -0.581432 0.810802
v 2.4116 2.7787 -0.2447
vn 0.109615 -0.876081 0.469538
v 2.457 2.7946 -0.22898
vn 0.0844582 -0.900104 0.42741
v 2.914 2.5449 -0.97126
vn 0.306661 -0.609504 0.731071
v 2.9318 2.55625 -0.97773
vn 0.465447 -0.391465 0.793797
v 2.91645 2.56265 -0.94855
vn 0.467118 -0.799013 0.378654
v 3.1382 2.6811 -1.0538
vn 0.00879872 0.0484 0.998789
v 3.1609 2.7038 -1.0547
vn 0.0630146 -0.00586115 0.997995
v 2.7581 2.7492 -0.51716
vn -0.892473 -0.389221 -0.228033
v 2.75515 2.4314 -0.468985
vn -0.692798 0.374867 -0.616041
v 3.2063 2.4321 -0.31281
vn -0.178472 0.295718 0.938455
v 3.1296 2.71515 -0.31281
vn 0.217169 -0.240538 0.946033
v 3.1154 2.7265 -0.30807
vn 0.184942 -0.178521 0.966399
v 3.22905 2.84 -0.17658
vn 0 -0.996519 0.0833705
v 3.2063 2.7568 -0.31281
vn -0.471222 -0.415628 0.777948
v 3.22985 2.7265 -0.3133
vn -0.515643 -0.486935 0.704987
v 2.72535 2.5222 -0.939685
vn 0.640056 -0.696692 -0.323957
v 2.69567 2.49983 -0.849932
vn -0.0864906 -0.996249 -0.00263554
v 2.74845 2.5203 -0.897465
vn 0.226064 -0.808101 -0.543937
v 2.89335 2.5449 -0.92989
vn 0.415489 -0.877802 -0.238393
v 2.9111 2.5564 -0.92585
vn 0.667721 -0.743194 -0.0425571
v 2.6841 2.509 -0.71015
vn -0.00872208 -0.99934 0.0352635
v 2.7068 2.5145 -0.7215
vn 0.0845062 -0.996423 0.00067369
v 2.68207 2.50395 -0.642035
vn 0.272945 -0.95937 -0.0714803
v 2.6613 2.4995 -0.65206
vn -0.146626 -0.959284 -0.241401
v 2.6613 2.493 -0.58527
vn 0.0113732 -0.998254 0.0579593
v 2.73234 2.0227 -0.317599
vn 0.0985048 -0.00394761 0.995129
v 2.7068 2.4314 -0.27919
vn 0.147589 0.0622044 0.987091
v 2.7749 2.4541 -0.29683
vn 0.0696559 0.0135873 0.997479
v 3.0619 2.13195 -0.15387
vn -0.117979 0.351388 0.928767
v 2.7976 2.4995 -0.30269
vn -0.0537516 0.174541 0.983182
v 3.1836 2.4995 -0.33909
vn 0.192005 -0.164652 0.967483
v 2.8884 2.7038 -0.338475
vn 0.0020902 -0.214866 0.976641
v 2.85855 2.6811 -0.338325
vn 0.0713449 -0.0446559 0.996452
v 2.8345 2.7038 -0.33552
vn 0.090155 -0.0848856 0.992304
v 2.79193 2.73785 -0.327909
vn 0.0176626 -0.322157 0.946521
v 2.92245 2.6811 -0.34201
vn -0.0849773 -0.0849126 0.992758
v 2.8657 2.613 -0.32798
vn -0.0174294 0.233792 0.97213
v 3.1609 2.53355 -0.327325
vn 0.247703 -0.265191 0.931835
v 3.1382 2.4995 -0.32935
vn 0.236194 -0.144764 0.960862
v 3.1836 2.5449 -0.32877
vn 0.177326 -0.300922 0.937017
v 3.2063 2.5676 -0.3271
vn 0.192766 -0.224346 0.955254
v 3.1382 2.5903 -0.3029
vn 0.343387 -0.0709604 0.936509
v 2.7976 2.7038 -0.33198
vn -0.096259 -0.0388103 0.994599
v 3.229 2.55625 -0.33335
vn 0.139473 -0.201349 0.969539
v 3.2063 2.5903 -0.32799
vn 0.138416 0.0385818 0.989622
v 3.229 2.5903 -0.33116
vn 0.122224 0.0294269 0.992066
v 3.23115 2.70465 -0.33552
vn -0.390167 -0.682359 0.618188
v 3.2183 2.8173 -0.17658
vn 0.672529 -0.696618 -0.249857
v 3.229 2.8166 -0.15387
vn 0.56139 -0.707973 -0.428504
v 2.5932 2.4541 -0.28207
vn 0.437001 -0.108562 0.892885
v 2.6995 2.7265 -0.33552
vn 0.194225 -0.779898 0.59501
v 2.71815 2.7176 -0.35822
vn 0.152474 -0.889655 0.430424
v 2.7426 2.728 -0.3374
vn -0.0948723 -0.693949 0.713747
v 2.5932 2.4818 -0.29011
vn 0.706677 -0.220009 0.672461
v 2.7632 2.6357 -0.40363
vn -0.990351 0.122157 -0.0654474
v 2.762 2.6357 -0.35822
vn -0.958936 0.0917798 0.268362
v 2.7645 2.6584 -0.38093
vn -0.992137 0.122377 -0.0262173
v 2.7522 2.5903 -0.35198
vn -0.722447 0.265863 0.638269
v 2.7749 2.5971 -0.33552
vn -0.676164 0.149042 0.721519
v 2.6386 2 -0.29755
vn 0.176324 0.325096 0.929097
v 2.9338 2.1744 -0.29011
vn -0.239485 0.390979 0.888697
v 2.9281 2.1135 -0.21064
vn -0.969788 0.218046 0.109394
v 2.7617 2.6811 -0.35822
vn -0.877501 -0.401516 0.262252
v 2.7596 2.6811 -0.38093
vn -0.973517 -0.210143 0.090021
v 2.7602 2.5449 -0.33552
vn -0.738993 0.191762 0.645846
v 2.7749 2.5449 -0.3187
vn -0.551646 0.178286 0.814801
v 2.7749 2.5676 -0.32544
vn -0.738993 0.191762 0.645846
v 2.1391 2.2497 -0.29227
vn 0.494487 -0.0489144 0.867807
v 2.1618 2.227 -0.29961
vn 0.322131 0.0500334 0.945372
v 2.14385 2.28375 -0.29011
vn 0.383479 -0.17774 0.906285
v 2.20152 2.26105 -0.307105
vn 0.126918 -0.0441621 0.99093
v 2.17467 2.3275 -0.29011
vn 0.254191 -0.254266 0.933132
v 2.1618 2.3178 -0.28875
vn 0.317625 -0.263568 0.910849
v 2.2072 2.3552 -0.29011
vn 0.170399 -0.259768 0.950518
v 2.2072 2.4086 -0.28283
vn 0.119335 0.0411769 0.992
v 2.24395 2.4314 -0.29163
vn 0.165158 0.189323 0.967925
v 2.2981 2.4086 -0.29926
vn 0.0676616 -0.134559 0.988593
v 2.2882 2.4314 -0.29011
vn -0.309958 -0.71749 0.623807
v 2.3435 2.5245 -0.17658
vn 0.295136 0.0887141 0.951328
v 2.5024 2.5449 -0.22548
vn 0.295358 0.047531 0.954204
v 2.4343 2.5449 -0.20853
vn 0.104968 0.13967 0.984619
v 2.457 2.7857 -0.2447
vn 0.0496082 -0.750463 0.659048
v 2.91085 2.1347 -0.28985
vn -0.597303 -0.331086 0.730487
v 2.9282 2.1072 -0.29011
vn -0.696261 -0.556023 0.453937
v 2.9323 2.11105 -0.2674
vn -0.853042 -0.520738 0.0339449
v 2.7068 2.4541 -0.2857
vn 0.0975131 0.245378 0.964511
v 2.748 2.45045 -0.29011
vn 0.185326 0.192583 0.963621
v 2.7749 2.4768 -0.3013
vn -0.0212784 0.120238 0.992517
v 2.9241 2.1362 -0.2674
vn -0.906956 0.0596956 0.416974
v 2.9338 2.1589 -0.27452
vn -0.645449 0.568063 0.510588
v 3.1814 2.1362 -0.15387
vn 0.0502734 0.180083 0.982366
v 2.79115 2.6357 -0.334155
vn -0.286598 0.0152045 0.95793
v 2.77425 2.70185 -0.33552
vn -0.64655 -0.15094 0.74779
v 2.7976 2.5676 -0.31739
vn -0.159593 0.247464 0.955663
v 2.843 2.613 -0.32841
vn 0.0241501 0.230267 0.972828
v 2.5251 2.7346 -0.29011
vn -0.030236 -0.646137 0.762622
v 2.5478 2.7492 -0.2772
vn 0.0230972 -0.557143 0.830096
v 2.5024 2.7492 -0.279
vn -0.0432677 -0.624907 0.779499
v 2.61838 2.74755 -0.28778
vn 0.204769 -0.545074 0.812997
v 2.64345 2.7265 -0.31122
vn 0.258808 -0.594807 0.761067
v 2.4797 2.7719 -0.26139
vn 0.0266966 -0.730301 0.682604
v 2.5024 2.7719 -0.26124
vn 0.0184473 -0.630236 0.776185
v 2.6238 2.77875 -0.2674
vn 0.174023 -0.660773 0.730134
v 2.6613 2.7265 -0.31806
vn 0.288376 -0.607514 0.740112
v 2.7522 2.7584 -0.31281
vn 0.11494 -0.666085 0.736966
v 2.843 2.8019 -0.29011
vn 0.165511 -0.741694 0.649997
v 2.8884 2.6504 -0.337355
vn -0.00634882 0.215216 0.976546
v 1.76445 2.15323 -0.293303
vn 0.0290674 -0.0423683 0.998679
v 1.85251 2.2497 -0.301049
vn 0.0375664 -0.0538352 0.997843
v 1.9348 2.2951 -0.29475
vn -0.103876 -0.112652 0.98819
v 1.81276 2.4086 -0.28089
vn 0.0240373 -0.0738469 0.99698
v 2.0937 2.3405 -0.25503
vn 0.446779 0.135714 0.884291
v 2.111 2.3632 -0.2674
vn 0.452101 0.136392 0.881477
v 2.17599 2.14755 -0.30594
vn 0.0373306 -0.111829 0.993026
v 2.15045 2.18728 -0.298813
vn 0.207096 -0.127681 0.969953
v 2.1391 2.2238 -0.29011
vn 0.51592 -0.100766 0.85069
v 2.27085 2.44495 -0.290875
vn -0.552194 -0.365963 0.749101
v 2.2527 2.4541 -0.2969
vn -0.304091 0.0345959 0.952014
v 2.2559 2.4768 -0.29011
vn -0.892811 -0.215947 0.395292
v 2.1845 2.4314 -0.28815
vn -0.0500004 0.149826 0.987447
v 2.1845 2.4086 -0.28455
vn -0.0929654 0.137538 0.986124
v 1.71905 2.64675 -0.35822
vn -0.432516 -0.467735 -0.770814
v 1.5942 2.5534 -0.29011
vn 0.290091 0.127298 0.948495
v 2.0029 2.6779 -0.35822
vn -0.0773555 -0.995943 -0.0459696
v 1.8894 2.5676 -0.23788
vn 0.445423 0.110376 0.888491
v 2.1845 2.6761 -0.33552
vn 0.0656396 -0.98906 0.132103
v 2.1845 2.6762 -0.35822
vn 0 -0.99999 -0.00440072
v 2.2197 2.5676 -0.33552
vn -0.964969 0.110523 0.237948
v 2.2227 2.5449 -0.31281
vn -0.693895 0.103213 0.712641
v 2.317 2.5676 -0.17658
vn 0.140948 0.154161 0.977941
v 2.16415 2.69745 -0.29011
vn 0.565186 -0.333497 0.75455
v 2.1756 2.7492 -0.2447
vn 0.757301 -0.26149 0.59843
v 1.8894 2.6745 -0.35822
vn 0.0883644 -0.984001 0.154707
v 1.9802 2.6811 -0.34541
vn -0.0347788 -0.982575 0.182583
v 2.50382 2.21814 -0.291786
vn -0.000228093 0.0309992 0.999519
v 2.53645 2.2951 -0.299065
vn -0.0422259 0.0732342 0.99642
f 7//7 9//9 8//8
f 9//9 7//7 10//10
f 14//14 12//12 15//15
f 14//14 13//13 11//11
f 12//12 14//14 11//11
f 23//23 24//24 25//25
f 33//33 34//34 32//32
f 36//36 32//32 35//35
f 38//38 36//36 39//39
f 40//40 38//38 39//39
f 44//44 36//36 43//43
f 36//36 44//44 39//39
f 40//40 39//39 44//44
f 40//40 44//44 45//45
f 49//49 40//40 46//46
f 50//50 51//51 52//52
f 53//53 52//52 51//51
f 54//54 55//55 56//56
f 57//57 58//58 59//59
f 62//62 63//63 60//60
f 64//64 65//65 66//66
f 73//73 71//71 74//74
f 73//73 70//70 71//71
f 69//69 75//75 70//70
f 79//79 77//77 80//80
f 78//78 81//81 73//73
f 78//78 73//73 74//74
f 82//82 46//46 48//48
f 83//83 46//46 82//82
f 84//84 49//49 83//83
f 83//83 49//49 46//46
f 86//86 85//85 89//89
f 90//90 91//91 89//89
f 89//89 92//92 90//90
f 93//93 91//91 90//90
f 94//94 86//86 89//89
f 95//95 90//90 92//92
f 96//96 93//93 90//90
f 101//101 102//102 103//103
f 102//102 101//101 104//104
f 109//109 107//107 108//108
f 108//108 110//110 109//109
f 110//110 111//111 109//109
f 110//110 15//15 111//111
f 110//110 108//108 15//15
f 15//15 108//108 112//112
f 112//112 113//113 14//14
f 15//15 112//112 14//14
f 15//15 114//114 111//111
f 115//115 116//116 117//117
f 120//120 115//115 121//121
f 121//121 115//115 117//117
f 127//127 128//128 75//75
f 79//79 129//129 77//77
f 132//132 131//131 130//130
f 133//133 134//134 135//135
f 119//119 16//16 136//136
f 137//137 136//136 16//16
f 136//136 137//137 138//138
f 139//139 140//140 141//141
f 146//146 142//142 143//143
f 143//143 147//147 146//146
f 148//148 142//142 146//146
f 146//146 149//149 148//148
f 149//149 146//146 147//147
f 147//147 150//150 149//149
f 147//147 143//143 144//144
f 144//144 151//151 147//147
f 151//151 144//144 145//145
f 152//152 148//148 149//149
f 152//152 149//149 154//154
f 154//154 149//149 153//153
f 161//161 162//162 163//163
f 164//164 165//165 162//162
f 166//166 164//164 161//161
f 161//161 164//164 162//162
f 163//163 162//162 109//109
f 109//109 162//162 107//107
f 162//162 165//165 107//107
f 167//167 161//161 163//163
f 163//163 168//168 167//167
f 169//169 166//166 161//161
f 168//168 163//163 109//109
f 109//109 111//111 168//168
f 172//172 152//152 154//154
f 154//154 173//173 172//172
f 171//171 169//169 174//174
f 175//175 177//177 176//176
f 178//178 179//179 180//180
f 183//183 182//182 184//184
f 185//185 183//183 184//184
f 185//185 187//187 186//186
f 190//190 191//191 192//192
f 193//193 192//192 191//191
f 198//198 196//196 197//197
f 201//201 202//202 203//203
f 206//206 207//207 205//205
f 209//209 210//210 211//211
f 218//218 217//217 139//139
f 139//139 217//217 140//140
f 142//142 219//219 218//218
f 139//139 143//143 218//218
f 143//143 142//142 218//218
f 144//144 143//143 139//139
f 144//144 139//139 141//141
f 148//148 220//220 142//142
f 222//222 221//221 148//148
f 148//148 152//152 222//222
f 225//225 223//223 224//224
f 226//226 227//227 228//228
f 233//233 232//232 231//231
f 238//238 236//236 239//239
f 235//235 234//234 240//240
f 244//244 229//229 230//230
f 203//203 230//230 201//201
f 245//245 244//244 230//230
f 245//245 230//230 203//203
f 203//203 246//246 245//245
f 247//247 203//203 202//202
f 247//247 246//246 203//203
f 247//247 248//248 246//246
f 204//204 202//202 243//243
f 243//243 249//249 204//204
f 204//204 247//247 202//202
f 250//250 251//251 252//252
f 253//253 240//240 241//241
f 254//254 250//250 252//252
f 205//205 258//258 204//204
f 258//258 205//205 207//207
f 260//260 259//259 208//208
f 262//262 263//263 261//261
f 266//266 267//267 265//265
f 270//270 268//268 271//271
f 272//272 268//268 269//269
f 268//268 272//272 273//273
f 273//273 271//271 268//268
f 161//161 167//167 169//169
f 278//278 277//277 171//171
f 171//171 277//277 170//170
f 172//172 222//222 152//152
f 174//174 278//278 171//171
f 287//287 288//288 284//284
f 289//289 284//284 288//288
f 193//193 297//297 298//298
f 297//297 193//193 299//299
f 299//299 193//193 300//300
f 296//296 301//301 302//302
f 305//305 122//122 303//303
f 303//303 122//122 304//304
f 306//306 307//307 122//122
f 306//306 122//122 305//305
f 308//308 305//305 303//303
f 305//305 309//309 306//306
f 310//310 311//311 312//312
f 311//311 310//310 313//313
f 314//314 315//315 316//316
f 215//215 194//194 216//216
f 318//318 319//319 132//132
f 320//320 240//240 253//253
f 321//321 255//255 322//322
f 321//321 322//322 323//323
f 323//323 324//324 321//321
f 325//325 321//321 324//324
f 328//328 262//262 327//327
f 328//328 327//327 330//330
f 331//331 325//325 324//324
f 167//167 337//337 169//169
f 276//276 279//279 174//174
f 338//338 279//279 276//276
f 279//279 338//338 339//339
f 340//340 341//341 339//339
f 284//284 342//342 286//286
f 292//292 181//181 178//178
f 348//348 349//349 347//347
f 350//350 347//347 349//349
f 350//350 351//351 347//347
f 354//354 355//355 356//356
f 357//357 358//358 355//355
f 352//352 361//361 360//360
f 361//361 356//356 355//355
f 362//362 361//361 355//355
f 355//355 363//363 362//362
f 358//358 363//363 355//355
f 366//366 365//365 364//364
f 366//366 364//364 350//350
f 367//367 368//368 349//349
f 366//366 350//350 349//349
f 366//366 349//349 368//368
f 369//369 370//370 371//371
f 372//372 369//369 373//373
f 375//375 376//376 359//359
f 376//376 358//358 359//359
f 303//303 304//304 383//383
f 390//390 388//388 389//389
f 393//393 388//388 390//390
f 394//394 389//389 395//395
f 397//397 387//387 391//391
f 391//391 401//401 397//397
f 401//401 391//391 392//392
f 401//401 392//392 402//402
f 403//403 401//401 402//402
f 402//402 392//392 400//400
f 398//398 397//397 401//401
f 405//405 398//398 401//401
f 405//405 401//401 403//403
f 406//406 403//403 402//402
f 402//402 407//407 406//406
f 399//399 398//398 405//405
f 403//403 408//408 405//405
f 409//409 406//406 407//407
f 406//406 408//408 403//403
f 407//407 410//410 409//409
f 411//411 413//413 412//412
f 414//414 412//412 413//413
f 413//413 415//415 414//414
f 417//417 412//412 414//414
f 416//416 418//418 410//410
f 421//421 395//395 422//422
f 394//394 395//395 423//423
f 395//395 421//421 423//423
f 1//1 421//421 422//422
f 421//421 1//1 423//423
f 424//424 425//425 422//422
f 2//2 1//1 422//422
f 422//422 425//425 2//2
f 3//3 2//2 425//425
f 426//426 427//427 425//425
f 2//2 3//3 1//1
f 3//3 425//425 431//431
f 431//431 425//425 427//427
f 433//433 431//431 432//432
f 436//436 399//399 405//405
f 435//435 399//399 436//436
f 408//408 436//436 405//405
f 409//409 408//408 406//406
f 437//437 409//409 410//410
f 438//438 409//409 439//439
f 439//439 409//409 437//437
f 437//437 410//410 440//440
f 441//441 435//435 436//436
f 441//441 436//436 408//408
f 438//438 408//408 409//409
f 408//408 438//438 443//443
f 441//441 408//408 443//443
f 443//443 438//438 445//445
f 445//445 438//438 444//444
f 446//446 444//444 447//447
f 448//448 437//437 440//440
f 227//227 448//448 228//228
f 449//449 415//415 450//450
f 415//415 224//224 414//414
f 449//449 224//224 415//415
f 453//453 226//226 228//228
f 453//453 228//228 454//454
f 441//441 455//455 442//442
f 455//455 441//441 443//443
f 456//456 442//442 455//455
f 455//455 457//457 456//456
f 445//445 459//459 443//443
f 457//457 455//455 443//443
f 457//457 443//443 459//459
f 444//444 446//446 460//460
f 444//444 460//460 445//445
f 460//460 459//459 445//445
f 457//457 461//461 458//458
f 457//457 459//459 462//462
f 461//461 457//457 462//462
f 462//462 463//463 461//461
f 464//464 458//458 461//461
f 464//464 461//461 463//463
f 466//466 465//465 467//467
f 464//464 468//468 465//465
f 468//468 464//464 469//469
f 469//469 464//464 463//463
f 470//470 468//468 469//469
f 467//467 465//465 468//468
f 467//467 468//468 470//470
f 452//452 471//471 460//460
f 452//452 460//460 446//446
f 460//460 471//471 472//472
f 460//460 472//472 459//459
f 472//472 462//462 459//459
f 463//463 462//462 472//472
f 473//473 474//474 475//475
f 476//476 473//473 236//236
f 236//236 473//473 477//477
f 478//478 471//471 452//452
f 479//479 463//463 472//472
f 234//234 235//235 251//251
f 234//234 473//473 476//476
f 469//469 463//463 479//479
f 470//470 469//469 479//479
f 480//480 470//470 479//479
f 480//480 479//479 481//481
f 476//476 240//240 234//234
f 240//240 476//476 236//236
f 236//236 238//238 240//240
f 241//241 240//240 238//238
f 484//484 483//483 466//466
f 484//484 466//466 467//467
f 485//485 483//483 484//484
f 486//486 485//485 484//484
f 467//467 487//487 484//484
f 487//487 467//467 470//470
f 470//470 488//488 487//487
f 486//486 484//484 489//489
f 489//489 484//484 487//487
f 470//470 490//490 488//488
f 491//491 485//485 486//486
f 486//486 492//492 491//491
f 492//492 486//486 489//489
f 489//489 487//487 488//488
f 490//490 493//493 488//488
f 489//489 488//488 493//493
f 494//494 489//489 493//493
f 480//480 495//495 470//470
f 495//495 480//480 481//481
f 490//490 470//470 495//495
f 493//493 490//490 496//496
f 496//496 490//490 495//495
f 501//501 498//498 499//499
f 502//502 499//499 500//500
f 502//502 501//501 499//499
f 500//500 503//503 502//502
f 504//504 502//502 503//503
f 502//502 504//504 501//501
f 503//503 500//500 505//505
f 505//505 500//500 506//506
f 505//505 506//506 210//210
f 508//508 492//492 509//509
f 509//509 511//511 510//510
f 511//511 509//509 492//492
f 494//494 492//492 489//489
f 493//493 507//507 494//494
f 494//494 512//512 492//492
f 501//501 513//513 498//498
f 514//514 513//513 501//501
f 511//511 492//492 512//512
f 494//494 517//517 512//512
f 517//517 494//494 507//507
f 507//507 515//515 517//517
f 516//516 512//512 518//518
f 518//518 512//512 517//517
f 519//519 518//518 517//517
f 519//519 517//517 515//515
f 513//513 521//521 498//498
f 522//522 521//521 513//513
f 523//523 261//261 522//522
f 522//522 261//261 263//263
f 523//523 507//507 520//520
f 496//496 520//520 493//493
f 507//507 493//493 520//520
f 522//522 524//524 525//525
f 523//523 525//525 507//507
f 515//515 507//507 525//525
f 531//531 451//451 532//532
f 532//532 451//451 530//530
f 529//529 533//533 530//530
f 535//535 531//531 532//532
f 538//538 539//539 540//540
f 155//155 542//542 541//541
f 333//333 548//548 549//549
f 371//371 550//550 551//551
f 159//159 333//333 332//332
f 159//159 332//332 334//334
f 335//335 264//264 334//334
f 549//549 160//160 553//553
f 554//554 552//552 336//336
f 336//336 555//555 556//556
f 554//554 336//336 557//557
f 557//557 336//336 556//556
f 558//558 553//553 160//160
f 558//558 559//559 553//553
f 560//560 556//556 561//561
f 557//557 556//556 560//560
f 562//562 558//558 563//563
f 564//564 168//168 111//111
f 566//566 344//344 567//567
f 568//568 566//566 567//567
f 276//276 174//174 169//169
f 339//339 569//569 340//340
f 572//572 571//571 340//340
f 572//572 568//568 571//571
f 340//340 569//569 572//572
f 420//420 565//565 580//580
f 581//581 504//504 503//503
f 582//582 504//504 581//581
f 584//584 583//583 582//582
f 581//581 503//503 505//505
f 209//209 346//346 505//505
f 585//585 581//581 505//505
f 585//585 505//505 346//346
f 582//582 581//581 585//585
f 345//345 586//586 346//346
f 587//587 585//585 346//346
f 584//584 585//585 587//587
f 587//587 588//588 584//584
f 584//584 582//582 585//585
f 589//589 514//514 501//501
f 501//501 504//504 589//589
f 582//582 589//589 504//504
f 590//590 516//516 518//518
f 591//591 516//516 590//590
f 590//590 518//518 519//519
f 519//519 515//515 592//592
f 593//593 589//589 582//582
f 583//583 593//593 582//582
f 583//583 595//595 593//593
f 597//597 596//596 594//594
f 597//597 594//594 598//598
f 519//519 599//599 590//590
f 599//599 519//519 592//592
f 594//594 599//599 592//592
f 596//596 591//591 590//590
f 590//590 594//594 596//596
f 594//594 590//590 599//599
f 592//592 515//515 526//526
f 526//526 600//600 592//592
f 601//601 528//528 527//527
f 602//602 601//601 603//603
f 603//603 601//601 369//369
f 598//598 600//600 604//604
f 594//594 592//592 600//600
f 600//600 598//598 594//594
f 604//604 593//593 595//595
f 604//604 595//595 598//598
f 606//606 607//607 608//608
f 609//609 583//583 584//584
f 609//609 584//584 610//610
f 610//610 584//584 588//588
f 583//583 609//609 611//611
f 612//612 595//595 583//583
f 583//583 611//611 612//612
f 597//597 598//598 612//612
f 612//612 598//598 595//595
f 612//612 613//613 597//597
f 363//363 614//614 362//362
f 614//614 363//363 615//615
f 367//367 362//362 614//614
f 371//371 373//373 369//369
f 369//369 372//372 603//603
f 213//213 373//373 374//374
f 552//552 617//617 374//374
f 213//213 374//374 617//617
f 618//618 372//372 373//373
f 619//619 373//373 213//213
f 213//213 214//214 620//620
f 552//552 554//554 617//617
f 213//213 617//617 621//621
f 624//624 625//625 623//623
f 623//623 626//626 627//627
f 626//626 623//623 625//625
f 624//624 628//628 625//625
f 628//628 624//624 629//629
f 376//376 378//378 358//358
f 378//378 376//376 377//377
f 363//363 358//358 378//378
f 615//615 363//363 378//378
f 615//615 378//378 380//380
f 367//367 614//614 632//632
f 634//634 635//635 633//633
f 635//635 634//634 637//637
f 636//636 638//638 637//637
f 382//382 639//639 301//301
f 382//382 640//640 639//639
f 636//636 301//301 639//639
f 639//639 640//640 641//641
f 641//641 642//642 639//639
f 643//643 303//303 383//383
f 299//299 645//645 644//644
f 646//646 647//647 648//648
f 652//652 653//653 654//654
f 652//652 654//654 655//655
f 667//667 668//668 56//56
f 669//669 670//670 671//671
f 672//672 673//673 674//674
f 674//674 57//57 675//675
f 681//681 679//679 271//271
f 682//682 683//683 684//684
f 685//685 686//686 687//687
f 83//83 82//82 688//688
f 691//691 692//692 693//693
f 694//694 693//693 692//692
f 89//89 85//85 697//697
f 104//104 80//80 699//699
f 102//102 104//104 699//699
f 417//417 418//418 416//416
f 420//420 221//221 222//222
f 420//420 419//419 221//221
f 426//426 424//424 703//703
f 703//703 706//706 705//705
f 703//703 705//705 426//426
f 704//704 426//426 705//705
f 705//705 706//706 707//707
f 704//704 705//705 707//707
f 711//711 4//4 709//709
f 442//442 435//435 441//441
f 438//438 447//447 444//444
f 440//440 410//410 418//418
f 418//418 417//417 715//715
f 228//228 440//440 418//418
f 418//418 716//716 228//228
f 715//715 717//717 716//716
f 718//718 719//719 447//447
f 721//721 446//446 719//719
f 719//719 446//446 447//447
f 721//721 719//719 722//722
f 452//452 446//446 721//721
f 722//722 720//720 223//223
f 197//197 716//716 717//717
f 723//723 452//452 721//721
f 723//723 721//721 722//722
f 723//723 722//722 724//724
f 723//723 724//724 725//725
f 478//478 452//452 723//723
f 712//712 442//442 456//456
f 712//712 456//456 457//457
f 457//457 458//458 713//713
f 713//713 712//712 457//457
f 714//714 713//713 458//458
f 458//458 464//464 714//714
f 465//465 714//714 464//464
f 483//483 714//714 465//465
f 466//466 483//483 465//465
f 474//474 225//225 475//475
f 475//475 225//225 535//535
f 236//236 477//477 726//726
f 727//727 472//472 232//232
f 479//479 472//472 727//727
f 481//481 479//479 727//727
f 241//241 238//238 239//239
f 495//495 481//481 732//732
f 496//496 495//495 732//732
f 732//732 733//733 496//496
f 499//499 498//498 734//734
f 491//491 492//492 508//508
f 508//508 509//509 510//510
f 511//511 512//512 510//510
f 728//728 510//510 735//735
f 735//735 510//510 512//512
f 521//521 736//736 498//498
f 520//520 496//496 733//733
f 733//733 261//261 520//520
f 522//522 263//263 521//521
f 523//523 520//520 261//261
f 525//525 523//523 522//522
f 526//526 515//515 525//525
f 737//737 539//539 738//738
f 548//548 739//739 549//549
f 549//549 739//739 546//546
f 557//557 560//560 740//740
f 560//560 743//743 740//740
f 743//743 560//560 742//742
f 559//559 558//558 562//562
f 562//562 563//563 744//744
f 745//745 274//274 275//275
f 745//745 275//275 16//16
f 565//565 747//747 344//344
f 569//569 339//339 338//338
f 569//569 338//338 574//574
f 572//572 569//569 570//570
f 570//570 573//573 572//572
f 569//569 574//574 575//575
f 570//570 569//569 575//575
f 575//575 577//577 570//570
f 577//577 575//575 576//576
f 578//578 11//11 748//748
f 748//748 749//749 578//578
f 579//579 578//578 749//749
f 753//753 754//754 752//752
f 756//756 757//757 755//755
f 757//757 756//756 758//758
f 758//758 759//759 757//757
f 755//755 757//757 761//761
f 761//761 760//760 755//755
f 762//762 761//761 757//757
f 763//763 760//760 761//761
f 763//763 761//761 762//762
f 760//760 763//763 764//764
f 769//769 770//770 771//771
f 769//769 772//772 770//770
f 587//587 346//346 774//774
f 774//774 346//346 586//586
f 735//735 512//512 516//516
f 591//591 735//735 516//516
f 728//728 735//735 591//591
f 773//773 728//728 591//591
f 596//596 773//773 591//591
f 606//606 776//776 607//607
f 777//777 609//609 610//610
f 609//609 777//777 778//778
f 779//779 596//596 597//597
f 613//613 612//612 611//611
f 779//779 597//597 613//613
f 780//780 779//779 613//613
f 780//780 613//613 352//352
f 596//596 782//782 781//781
f 782//782 596//596 779//779
f 782//782 779//779 780//780
f 360//360 782//782 780//780
f 360//360 780//780 352//352
f 360//360 348//348 347//347
f 611//611 609//609 778//778
f 783//783 784//784 778//778
f 778//778 353//353 611//611
f 613//613 611//611 353//353
f 352//352 613//613 353//353
f 348//348 360//360 361//361
f 348//348 361//361 362//362
f 349//349 348//348 362//362
f 362//362 367//367 349//349
f 368//368 367//367 616//616
f 368//368 616//616 785//785
f 214//214 213//213 786//786
f 621//621 617//617 554//554
f 554//554 623//623 621//621
f 554//554 624//624 623//623
f 554//554 557//557 622//622
f 624//624 554//554 622//622
f 786//786 213//213 621//621
f 786//786 627//627 214//214
f 629//629 622//622 787//787
f 788//788 629//629 787//787
f 789//789 788//788 787//787
f 615//615 633//633 614//614
f 616//616 367//367 632//632
f 790//790 614//614 633//633
f 632//632 614//614 790//790
f 635//635 637//637 638//638
f 638//638 636//636 639//639
f 639//639 791//791 638//638
f 791//791 639//639 642//642
f 792//792 557//557 793//793
f 793//793 557//557 740//740
f 557//557 792//792 794//794
f 787//787 622//622 557//557
f 557//557 795//795 787//787
f 795//795 557//557 794//794
f 793//793 740//740 796//796
f 797//797 793//793 796//796
f 789//789 798//798 799//799
f 743//743 742//742 745//745
f 743//743 745//745 116//116
f 116//116 745//745 118//118
f 118//118 117//117 116//116
f 118//118 745//745 16//16
f 118//118 16//16 119//119
f 121//121 118//118 119//119
f 119//119 800//800 121//121
f 801//801 802//802 803//803
f 383//383 804//804 643//643
f 643//643 804//804 805//805
f 807//807 805//805 806//806
f 303//303 643//643 308//308
f 809//809 806//806 771//771
f 771//771 806//806 768//768
f 806//806 809//809 807//807
f 811//811 807//807 809//809
f 642//642 812//812 791//791
f 648//648 815//815 646//646
f 815//815 648//648 649//649
f 816//816 815//815 385//385
f 816//816 385//385 817//817
f 785//785 616//616 632//632
f 790//790 818//818 632//632
f 785//785 632//632 818//818
f 818//818 790//790 633//633
f 818//818 633//633 635//635
f 635//635 819//819 818//818
f 819//819 635//635 638//638
f 638//638 791//791 386//386
f 820//820 638//638 386//386
f 638//638 820//820 819//819
f 821//821 386//386 791//791
f 821//821 791//791 812//812
f 706//706 824//824 707//707
f 825//825 824//824 706//706
f 706//706 822//822 825//825
f 825//825 822//822 826//826
f 826//826 822//822 827//827
f 824//824 825//825 828//828
f 828//828 825//825 826//826
f 829//829 826//826 832//832
f 832//832 833//833 829//829
f 834//834 831//831 835//835
f 836//836 831//831 650//650
f 835//835 831//831 836//836
f 835//835 836//836 838//838
f 838//838 836//836 839//839
f 837//837 835//835 838//838
f 838//838 839//839 840//840
f 824//824 841//841 707//707
f 824//824 828//828 841//841
f 829//829 828//828 826//826
f 841//841 828//828 842//842
f 829//829 842//842 828//828
f 844//844 845//845 833//833
f 843//843 829//829 833//833
f 833//833 846//846 843//843
f 846//846 833//833 845//845
f 843//843 846//846 847//847
f 845//845 848//848 846//846
f 848//848 845//845 849//849
f 849//849 845//845 850//850
f 847//847 846//846 848//848
f 847//847 848//848 849//849
f 842//842 851//851 709//709
f 711//711 709//709 851//851
f 711//711 851//851 852//852
f 854//854 847//847 849//849
f 854//854 849//849 658//658
f 658//658 849//849 656//656
f 854//854 658//658 855//855
f 856//856 854//854 855//855
f 857//857 835//835 837//837
f 837//837 838//838 858//858
f 858//858 838//838 840//840
f 859//859 837//837 858//858
f 658//658 657//657 660//660
f 660//660 855//855 658//658
f 863//863 855//855 660//660
f 855//855 864//864 856//856
f 864//864 855//855 863//863
f 660//660 659//659 863//863
f 865//865 863//863 659//659
f 868//868 867//867 866//866
f 866//866 869//869 868//868
f 870//870 869//869 866//866
f 871//871 662//662 18//18
f 873//873 20//20 21//21
f 874//874 20//20 873//873
f 21//21 20//20 22//22
f 875//875 873//873 21//21
f 663//663 664//664 876//876
f 666//666 878//878 879//879
f 880//880 666//666 879//879
f 880//880 879//879 881//881
f 875//875 885//885 884//884
f 886//886 884//884 885//885
f 885//885 887//887 886//886
f 51//51 50//50 877//877
f 890//890 891//891 52//52
f 893//893 894//894 892//892
f 887//887 896//896 886//886
f 669//669 886//886 896//896
f 669//669 668//668 886//886
f 899//899 900//900 58//58
f 58//58 57//57 899//899
f 893//893 901//901 895//895
f 898//898 901//901 892//892
f 892//892 901//901 893//893
f 903//903 901//901 898//898
f 904//904 881//881 882//882
f 882//882 905//905 904//904
f 905//905 882//882 883//883
f 906//906 904//904 905//905
f 899//899 903//903 900//900
f 903//903 899//899 908//908
f 909//909 906//906 905//905
f 909//909 905//905 907//907
f 911//911 909//909 910//910
f 912//912 670//670 913//913
f 913//913 914//914 912//912
f 916//916 671//671 912//912
f 63//63 915//915 671//671
f 63//63 673//673 915//915
f 918//918 675//675 57//57
f 684//684 899//899 57//57
f 684//684 57//57 674//674
f 674//674 676//676 684//684
f 919//919 912//912 914//914
f 919//919 916//916 912//912
f 674//674 921//921 676//676
f 922//922 684//684 676//676
f 676//676 126//126 922//922
f 923//923 922//922 126//126
f 744//744 563//563 924//924
f 924//924 925//925 744//744
f 925//925 924//924 926//926
f 927//927 928//928 926//926
f 929//929 66//66 681//681
f 66//66 929//929 64//64
f 929//929 926//926 928//928
f 928//928 64//64 929//929
f 930//930 275//275 931//931
f 16//16 275//275 930//930
f 930//930 932//932 16//16
f 68//68 67//67 934//934
f 931//931 68//68 930//930
f 68//68 931//931 67//67
f 67//67 680//680 933//933
f 934//934 935//935 68//68
f 936//936 68//68 935//935
f 68//68 932//932 930//930
f 899//899 683//683 908//908
f 928//928 927//927 937//937
f 928//928 937//937 128//128
f 128//128 937//937 75//75
f 911//911 70//70 75//75
f 67//67 933//933 934//934
f 934//934 933//933 76//76
f 935//935 934//934 76//76
f 938//938 935//935 76//76
f 922//922 682//682 684//684
f 939//939 682//682 922//922
f 939//939 77//77 682//682
f 77//77 74//74 682//682
f 923//923 939//939 922//922
f 939//939 923//923 699//699
f 80//80 77//77 939//939
f 699//699 80//80 939//939
f 686//686 71//71 943//943
f 943//943 940//940 941//941
f 944//944 690//690 945//945
f 691//691 696//696 946//946
f 692//692 691//691 946//946
f 946//946 947//947 692//692
f 694//694 692//692 949//949
f 949//949 692//692 947//947
f 949//949 950//950 694//694
f 947//947 951//951 949//949
f 951//951 947//947 948//948
f 950//950 949//949 951//951
f 951//951 952//952 950//950
f 947//947 946//946 948//948
f 954//954 187//187 953//953
f 953//953 955//955 954//954
f 960//960 919//919 961//961
f 962//962 961//961 963//963
f 86//86 963//963 85//85
f 960//960 61//61 919//919
f 87//87 963//963 86//86
f 965//965 61//61 960//960
f 95//95 92//92 966//966
f 966//966 967//967 95//95
f 134//134 923//923 126//126
f 968//968 134//134 133//133
f 137//137 16//16 932//932
f 98//98 936//936 935//935
f 969//969 936//936 98//98
f 970//970 932//932 936//936
f 137//137 932//932 970//970
f 936//936 969//969 970//970
f 98//98 97//97 969//969
f 972//972 970//970 969//969
f 98//98 935//935 100//100
f 100//100 935//935 938//938
f 938//938 99//99 100//100
f 923//923 134//134 973//973
f 923//923 973//973 699//699
f 973//973 134//134 968//968
f 974//974 976//976 977//977
f 976//976 974//974 980//980
f 980//980 974//974 978//978
f 980//980 978//978 979//979
f 983//983 982//982 981//981
f 981//981 982//982 700//700
f 981//981 700//700 984//984
f 986//986 985//985 984//984
f 985//985 986//986 987//987
f 981//981 984//984 985//985
f 987//987 988//988 985//985
f 991//991 990//990 992//992
f 990//990 991//991 988//988
f 993//993 992//992 994//994
f 991//991 992//992 993//993
f 993//993 995//995 991//991
f 977//977 976//976 995//995
f 980//980 996//996 976//976
f 980//980 979//979 997//997
f 980//980 997//997 998//998
f 996//996 980//980 998//998
f 388//388 392//392 387//387
f 391//391 387//387 392//392
f 388//388 393//393 392//392
f 393//393 400//400 392//392
f 393//393 1000//1000 400//400
f 1000//1000 393//393 390//390
f 396//396 390//390 389//389
f 396//396 389//389 394//394
f 402//402 400//400 1000//1000
f 1000//1000 404//404 402//402
f 1000//1000 390//390 396//396
f 1001//1001 1000//1000 396//396
f 396//396 394//394 428//428
f 404//404 1000//1000 1001//1001
f 1001//1001 396//396 428//428
f 1001//1001 428//428 1002//1002
f 411//411 1001//1001 413//413
f 413//413 1001//1001 1002//1002
f 415//415 413//413 1004//1004
f 1004//1004 413//413 1003//1003
f 450//450 415//415 1004//1004
f 196//196 701//701 197//197
f 702//702 701//701 196//196
f 702//702 196//196 219//219
f 219//219 196//196 140//140
f 219//219 140//140 217//217
f 1005//1005 482//482 702//702
f 702//702 219//219 1005//1005
f 218//218 219//219 217//217
f 142//142 1005//1005 219//219
f 142//142 220//220 1005//1005
f 419//419 1005//1005 220//220
f 220//220 221//221 419//419
f 221//221 220//220 148//148
f 428//428 394//394 423//423
f 423//423 1006//1006 428//428
f 1006//1006 423//423 1//1
f 1//1 429//429 1006//1006
f 1002//1002 428//428 1006//1006
f 1007//1007 1006//1006 429//429
f 429//429 1//1 430//430
f 430//430 1//1 3//3
f 1008//1008 429//429 430//430
f 413//413 1002//1002 1007//1007
f 1007//1007 1002//1002 1006//1006
f 1003//1003 413//413 1007//1007
f 429//429 1008//1008 1007//1007
f 1008//1008 1010//1010 1007//1007
f 1003//1003 1007//1007 1010//1010
f 450//450 1004//1004 1003//1003
f 1010//1010 1011//1011 1003//1003
f 450//450 1003//1003 1011//1011
f 1008//1008 430//430 1009//1009
f 1008//1008 1009//1009 1012//1012
f 1008//1008 1011//1011 1010//1010
f 1011//1011 1008//1008 1012//1012
f 105//105 1011//1011 1012//1012
f 3//3 433//433 430//430
f 431//431 433//433 3//3
f 1009//1009 430//430 1013//1013
f 1013//1013 430//430 433//433
f 434//434 5//5 432//432
f 433//433 432//432 5//5
f 1012//1012 1009//1009 1013//1013
f 433//433 1014//1014 1013//1013
f 1014//1014 433//433 1015//1015
f 105//105 1012//1012 710//710
f 1013//1013 710//710 1012//1012
f 1016//1016 105//105 710//710
f 710//710 1013//1013 1014//1014
f 1014//1014 6//6 710//710
f 6//6 7//7 710//710
f 1015//1015 433//433 5//5
f 1015//1015 5//5 6//6
f 4//4 6//6 5//5
f 711//711 6//6 4//4
f 1015//1015 6//6 1014//1014
f 711//711 1017//1017 6//6
f 7//7 6//6 1017//1017
f 711//711 1018//1018 1017//1017
f 10//10 1017//1017 1018//1018
f 720//720 224//224 223//223
f 716//716 701//701 228//228
f 454//454 228//228 701//701
f 454//454 1019//1019 453//453
f 473//473 475//475 477//477
f 233//233 231//231 473//473
f 251//251 233//233 234//234
f 1020//1020 1019//1019 482//482
f 249//249 243//243 1019//1019
f 1020//1020 249//249 1019//1019
f 482//482 454//454 702//702
f 482//482 1019//1019 454//454
f 1020//1020 482//482 1021//1021
f 482//482 1005//1005 1021//1021
f 497//497 1020//1020 1021//1021
f 1020//1020 497//497 249//249
f 1022//1022 248//248 247//247
f 258//258 247//247 204//204
f 1023//1023 258//258 208//208
f 252//252 251//251 235//235
f 1025//1025 497//497 419//419
f 1025//1025 1024//1024 497//497
f 257//257 256//256 1024//1024
f 1024//1024 256//256 497//497
f 420//420 1025//1025 419//419
f 497//497 1021//1021 1005//1005
f 419//419 497//497 1005//1005
f 256//256 249//249 497//497
f 256//256 204//204 249//249
f 256//256 205//205 204//204
f 207//207 208//208 258//258
f 259//259 1023//1023 208//208
f 1027//1027 731//731 1026//1026
f 451//451 449//449 450//450
f 450//450 529//529 451//451
f 450//450 1011//1011 534//534
f 529//529 450//450 534//534
f 529//529 530//530 451//451
f 533//533 529//529 534//534
f 532//532 530//530 1029//1029
f 1029//1029 530//530 533//533
f 1011//1011 105//105 534//534
f 105//105 1030//1030 534//534
f 1030//1030 105//105 1031//1031
f 1031//1031 105//105 1016//1016
f 533//533 534//534 1030//1030
f 1029//1029 533//533 1030//1030
f 1031//1031 1032//1032 1030//1030
f 536//536 532//532 1029//1029
f 538//538 537//537 1033//1033
f 1033//1033 1034//1034 538//538
f 538//538 1034//1034 539//539
f 738//738 539//539 1034//1034
f 536//536 1029//1029 1035//1035
f 537//537 536//536 1035//1035
f 1033//1033 537//537 1035//1035
f 1033//1033 1035//1035 543//543
f 1030//1030 1032//1032 1029//1029
f 1035//1035 1029//1029 1032//1032
f 1035//1035 1032//1032 1037//1037
f 1037//1037 1032//1032 1036//1036
f 543//543 1035//1035 1037//1037
f 543//543 1037//1037 1038//1038
f 1033//1033 1039//1039 1034//1034
f 738//738 1034//1034 1039//1039
f 1039//1039 1040//1040 738//738
f 1039//1039 1033//1033 543//543
f 543//543 156//156 1039//1039
f 1040//1040 1039//1039 544//544
f 544//544 1039//1039 156//156
f 156//156 543//543 1041//1041
f 156//156 1042//1042 544//544
f 1043//1043 738//738 1040//1040
f 155//155 737//737 1044//1044
f 1044//1044 737//737 738//738
f 1044//1044 738//738 1043//1043
f 1040//1040 1045//1045 1043//1043
f 1044//1044 1043//1043 1045//1045
f 542//542 155//155 1044//1044
f 1046//1046 1044//1044 1045//1045
f 542//542 1044//1044 1046//1046
f 1046//1046 1047//1047 542//542
f 1045//1045 1040//1040 544//544
f 1046//1046 1045//1045 544//544
f 157//157 1046//1046 544//544
f 710//710 1048//1048 1016//1016
f 1048//1048 710//710 7//7
f 1049//1049 1016//1016 1048//1048
f 1031//1031 1049//1049 1032//1032
f 1031//1031 1016//1016 1049//1049
f 1048//1048 7//7 8//8
f 1017//1017 10//10 7//7
f 8//8 1052//1052 1050//1050
f 1036//1036 1032//1032 1049//1049
f 1036//1036 1038//1038 1037//1037
f 1038//1038 1036//1036 1053//1053
f 1049//1049 1054//1054 1036//1036
f 1054//1054 1049//1049 1050//1050
f 1053//1053 1036//1036 1054//1054
f 1054//1054 1055//1055 1053//1053
f 543//543 1038//1038 1041//1041
f 1041//1041 1038//1038 1056//1056
f 1056//1056 1038//1038 1053//1053
f 1056//1056 1057//1057 1041//1041
f 156//156 1041//1041 1058//1058
f 1057//1057 1058//1058 1041//1041
f 1042//1042 156//156 1058//1058
f 1058//1058 1059//1059 1042//1042
f 1060//1060 1058//1058 1057//1057
f 1059//1059 1058//1058 1060//1060
f 1061//1061 1042//1042 1059//1059
f 1059//1059 1060//1060 1062//1062
f 1063//1063 1059//1059 1062//1062
f 1059//1059 1064//1064 1061//1061
f 1064//1064 1059//1059 1063//1063
f 1063//1063 1065//1065 1064//1064
f 1054//1054 1050//1050 1066//1066
f 1066//1066 1050//1050 1052//1052
f 1055//1055 1054//1054 1066//1066
f 1055//1055 1056//1056 1053//1053
f 1066//1066 1052//1052 1067//1067
f 1055//1055 1066//1066 106//106
f 106//106 1068//1068 1055//1055
f 106//106 1066//1066 1069//1069
f 1057//1057 1056//1056 1070//1070
f 1070//1070 1056//1056 1055//1055
f 1070//1070 1071//1071 1057//1057
f 1060//1060 1057//1057 1071//1071
f 1062//1062 1060//1060 1071//1071
f 1070//1070 1055//1055 1068//1068
f 106//106 1069//1069 1068//1068
f 1070//1070 1072//1072 1071//1071
f 1068//1068 1072//1072 1070//1070
f 1071//1071 1073//1073 1062//1062
f 1073//1073 1071//1071 1072//1072
f 1063//1063 1062//1062 1074//1074
f 1065//1065 1063//1063 1074//1074
f 1074//1074 1075//1075 1065//1065
f 1073//1073 1076//1076 1062//1062
f 1074//1074 1062//1062 1076//1076
f 1076//1076 1075//1075 1074//1074
f 1076//1076 1077//1077 1075//1075
f 542//542 1078//1078 541//541
f 1079//1079 541//541 1078//1078
f 1078//1078 545//545 1079//1079
f 547//547 1079//1079 545//545
f 1046//1046 157//157 1047//1047
f 1078//1078 542//542 1047//1047
f 157//157 1078//1078 1047//1047
f 544//544 1080//1080 157//157
f 1042//1042 1080//1080 544//544
f 1042//1042 1061//1061 1080//1080
f 157//157 545//545 1078//1078
f 545//545 157//157 1081//1081
f 1081//1081 157//157 1080//1080
f 547//547 545//545 158//158
f 158//158 545//545 1081//1081
f 1061//1061 1082//1082 1080//1080
f 1081//1081 1080//1080 1082//1082
f 158//158 1081//1081 1083//1083
f 1083//1083 1081//1081 1082//1082
f 159//159 1085//1085 333//333
f 1084//1084 1087//1087 1088//1088
f 1088//1088 1085//1085 1084//1084
f 549//549 332//332 333//333
f 550//550 159//159 551//551
f 551//551 1090//1090 371//371
f 159//159 555//555 551//551
f 1090//1090 551//551 555//555
f 552//552 371//371 1090//1090
f 546//546 547//547 158//158
f 158//158 160//160 546//546
f 549//549 546//546 160//160
f 160//160 158//158 1083//1083
f 555//555 159//159 334//334
f 555//555 336//336 1090//1090
f 552//552 1090//1090 336//336
f 555//555 334//334 264//264
f 264//264 556//556 555//555
f 1091//1091 1061//1061 1064//1064
f 1092//1092 1064//1064 1065//1065
f 1064//1064 1092//1092 1091//1091
f 1082//1082 1061//1061 1091//1091
f 1083//1083 1082//1082 1093//1093
f 1082//1082 1091//1091 1092//1092
f 1092//1092 1093//1093 1082//1082
f 1083//1083 1093//1093 1094//1094
f 1092//1092 1065//1065 1075//1075
f 1075//1075 1095//1095 1092//1092
f 1095//1095 1075//1075 1077//1077
f 1095//1095 1077//1077 1097//1097
f 1077//1077 1098//1098 1097//1097
f 1096//1096 1098//1098 1077//1077
f 1093//1093 1092//1092 1095//1095
f 1095//1095 1099//1099 1093//1093
f 1094//1094 1093//1093 1099//1099
f 1094//1094 1099//1099 1097//1097
f 1097//1097 1100//1100 1094//1094
f 1099//1099 1095//1095 1097//1097
f 1100//1100 1097//1097 1098//1098
f 1101//1101 1100//1100 1098//1098
f 160//160 1083//1083 558//558
f 558//558 1083//1083 1094//1094
f 556//556 264//264 561//561
f 265//265 561//561 264//264
f 560//560 561//561 741//741
f 741//741 742//742 560//560
f 267//267 741//741 561//561
f 561//561 265//265 267//267
f 741//741 267//267 1102//1102
f 268//268 270//270 269//269
f 558//558 1094//1094 563//563
f 563//563 1094//1094 1100//1100
f 272//272 269//269 1102//1102
f 563//563 1100//1100 1101//1101
f 742//742 741//741 274//274
f 741//741 1102//1102 269//269
f 269//269 274//274 741//741
f 274//274 269//269 270//270
f 745//745 742//742 274//274
f 274//274 270//270 275//275
f 337//337 1103//1103 276//276
f 1103//1103 337//337 564//564
f 564//564 746//746 1103//1103
f 746//746 564//564 1104//1104
f 1103//1103 1105//1105 276//276
f 338//338 276//276 1105//1105
f 1105//1105 574//574 338//338
f 746//746 1106//1106 1103//1103
f 1106//1106 746//746 1104//1104
f 1103//1103 1107//1107 1105//1105
f 1107//1107 1103//1103 1106//1106
f 1106//1106 1109//1109 1107//1107
f 1107//1107 1109//1109 1108//1108
f 574//574 1105//1105 1108//1108
f 1108//1108 1105//1105 1107//1107
f 574//574 1108//1108 1111//1111
f 1108//1108 1109//1109 1111//1111
f 1111//1111 1109//1109 1110//1110
f 1113//1113 576//576 1111//1111
f 1113//1113 1114//1114 576//576
f 1114//1114 1113//1113 1112//1112
f 575//575 574//574 1111//1111
f 576//576 575//575 1111//1111
f 282//282 576//576 1114//1114
f 283//283 282//282 1115//1115
f 564//564 111//111 114//114
f 12//12 286//286 750//750
f 342//342 750//750 286//286
f 749//749 752//752 579//579
f 751//751 579//579 752//752
f 1118//1118 1117//1117 342//342
f 285//285 1119//1119 287//287
f 1119//1119 285//285 1120//1120
f 1119//1119 755//755 287//287
f 579//579 756//756 1120//1120
f 756//756 1119//1119 1120//1120
f 579//579 758//758 756//756
f 756//756 755//755 1119//1119
f 759//759 758//758 1121//1121
f 287//287 755//755 290//290
f 290//290 755//755 760//760
f 762//762 757//757 759//759
f 1114//1114 1112//1112 1122//1122
f 767//767 1124//1124 1125//1125
f 766//766 1125//1125 760//760
f 1124//1124 1126//1126 291//291
f 1124//1124 767//767 1126//1126
f 1126//1126 767//767 1127//1127
f 1128//1128 765//765 1126//1126
f 1129//1129 764//764 763//763
f 1130//1130 1131//1131 1129//1129
f 1132//1132 759//759 1121//1121
f 180//180 754//754 1133//1133
f 1135//1135 1136//1136 292//292
f 1136//1136 181//181 292//292
f 181//181 1136//1136 182//182
f 1136//1136 184//184 182//182
f 184//184 1136//1136 1137//1137
f 768//768 1138//1138 769//769
f 769//769 771//771 768//768
f 770//770 810//810 771//771
f 770//770 772//772 1139//1139
f 1139//1139 810//810 770//770
f 610//610 588//588 1140//1140
f 373//373 371//371 374//374
f 1142//1142 1141//1141 176//176
f 1144//1144 1143//1143 1145//1145
f 1142//1142 176//176 1143//1143
f 1146//1146 1142//1142 1147//1147
f 1146//1146 1147//1147 1148//1148
f 1147//1147 1142//1142 1149//1149
f 1149//1149 1142//1142 1143//1143
f 644//644 297//297 299//299
f 382//382 297//297 644//644
f 644//644 1150//1150 382//382
f 640//640 382//382 1150//1150
f 641//641 640//640 1150//1150
f 123//123 122//122 307//307
f 804//804 768//768 806//806
f 806//806 805//805 804//804
f 308//308 643//643 805//805
f 124//124 308//308 805//805
f 308//308 124//124 305//305
f 305//305 124//124 309//309
f 805//805 807//807 1152//1152
f 805//805 1152//1152 124//124
f 1152//1152 807//807 1153//1153
f 1153//1153 807//807 808//808
f 771//771 810//810 809//809
f 811//811 809//809 810//810
f 807//807 811//811 808//808
f 195//195 194//194 317//317
f 1155//1155 646//646 1156//1156
f 1150//1150 644//644 645//645
f 1158//1158 1150//1150 645//645
f 641//641 1158//1158 1159//1159
f 642//642 641//641 1159//1159
f 1159//1159 813//813 642//642
f 812//812 642//642 813//813
f 812//812 813//813 1161//1161
f 1161//1161 1162//1162 812//812
f 647//647 1163//1163 814//814
f 646//646 1155//1155 647//647
f 1161//1161 1156//1156 646//646
f 646//646 816//816 1161//1161
f 816//816 646//646 815//815
f 1161//1161 1164//1164 1162//1162
f 1164//1164 1161//1161 816//816
f 1164//1164 816//816 817//817
f 821//821 812//812 1162//1162
f 1164//1164 983//983 1162//1162
f 817//817 982//982 1164//1164
f 983//983 1164//1164 982//982
f 1018//1018 711//711 852//852
f 852//852 851//851 853//853
f 858//858 840//840 860//860
f 1168//1168 1018//1018 852//852
f 1018//1018 1051//1051 10//10
f 1051//1051 1018//1018 1168//1168
f 1168//1168 852//852 853//853
f 1169//1169 1168//1168 853//853
f 853//853 1170//1170 1169//1169
f 1170//1170 1172//1172 1171//1171
f 1172//1172 1173//1173 1171//1171
f 1067//1067 1051//1051 1168//1168
f 1174//1174 1168//1168 1169//1169
f 1175//1175 1067//1067 1168//1168
f 1175//1175 1168//1168 1174//1174
f 1175//1175 1174//1174 1176//1176
f 1177//1177 1169//1169 1171//1171
f 1174//1174 1169//1169 1177//1177
f 1176//1176 1174//1174 1177//1177
f 1177//1177 1178//1178 1176//1176
f 1173//1173 1172//1172 1179//1179
f 661//661 1180//1180 1173//1173
f 1179//1179 868//868 1173//1173
f 662//662 1173//1173 868//868
f 1177//1177 1181//1181 1178//1178
f 1181//1181 1177//1177 871//871
f 1182//1182 873//873 875//875
f 873//873 1182//1182 877//877
f 50//50 874//874 877//877
f 1066//1066 1067//1067 1183//1183
f 1183//1183 1067//1067 1175//1175
f 1176//1176 1184//1184 1175//1175
f 1069//1069 1066//1066 1183//1183
f 1183//1183 27//27 1069//1069
f 27//27 1183//1183 1175//1175
f 1175//1175 1184//1184 27//27
f 1178//1178 1185//1185 1176//1176
f 1176//1176 1185//1185 1184//1184
f 26//26 1184//1184 1185//1185
f 30//30 26//26 1185//1185
f 1069//1069 1186//1186 1068//1068
f 27//27 1187//1187 1069//1069
f 27//27 1184//1184 1187//1187
f 1186//1186 1069//1069 1187//1187
f 1072//1072 1068//1068 1186//1186
f 1072//1072 1186//1186 1188//1188
f 1073//1073 1072//1072 1188//1188
f 1188//1188 1189//1189 1073//1073
f 1184//1184 26//26 1187//1187
f 1187//1187 26//26 665//665
f 665//665 1190//1190 1187//1187
f 1188//1188 1186//1186 1187//1187
f 1187//1187 1190//1190 1188//1188
f 1189//1189 1188//1188 1190//1190
f 1189//1189 1190//1190 1191//1191
f 1073//1073 1189//1189 1076//1076
f 1077//1077 1076//1076 1189//1189
f 1096//1096 1189//1189 28//28
f 1189//1189 1096//1096 1077//1077
f 1192//1192 28//28 1189//1189
f 1192//1192 1189//1189 1191//1191
f 1193//1193 28//28 1192//1192
f 1185//1185 1178//1178 1181//1181
f 1181//1181 31//31 1185//1185
f 31//31 1181//1181 29//29
f 29//29 1181//1181 33//33
f 33//33 1181//1181 871//871
f 30//30 1185//1185 31//31
f 878//878 30//30 31//31
f 33//33 872//872 34//34
f 32//32 34//34 35//35
f 665//665 30//30 666//666
f 666//666 30//30 878//878
f 880//880 1190//1190 665//665
f 880//880 665//665 666//666
f 1191//1191 1190//1190 880//880
f 35//35 43//43 36//36
f 1192//1192 1191//1191 1194//1194
f 1194//1194 1191//1191 880//880
f 1194//1194 880//880 881//881
f 1192//1192 1194//1194 1193//1193
f 1195//1195 865//865 659//659
f 46//46 40//40 45//45
f 48//48 46//46 45//45
f 884//884 1182//1182 875//875
f 1196//1196 877//877 1182//1182
f 884//884 886//886 1182//1182
f 668//668 1182//1182 886//886
f 1182//1182 668//668 1196//1196
f 891//891 1198//1198 52//52
f 52//52 1198//1198 50//50
f 667//667 1196//1196 668//668
f 1199//1199 1096//1096 28//28
f 1199//1199 28//28 1193//1193
f 1101//1101 1098//1098 1096//1096
f 1101//1101 1096//1096 1199//1199
f 1199//1199 924//924 1101//1101
f 1193//1193 1200//1200 1199//1199
f 924//924 1199//1199 1200//1200
f 1200//1200 927//927 924//924
f 1201//1201 1193//1193 1194//1194
f 1201//1201 1194//1194 904//904
f 904//904 1194//1194 881//881
f 1200//1200 1193//1193 1202//1202
f 1202//1202 1193//1193 1201//1201
f 1201//1201 906//906 1202//1202
f 906//906 1201//1201 904//904
f 937//937 1200//1200 1202//1202
f 909//909 1202//1202 906//906
f 927//927 1200//1200 937//937
f 937//937 1202//1202 909//909
f 909//909 75//75 937//937
f 909//909 911//911 75//75
f 671//671 668//668 669//669
f 915//915 56//56 668//668
f 668//668 671//671 915//915
f 915//915 54//54 56//56
f 60//60 63//63 916//916
f 61//61 60//60 916//916
f 271//271 678//678 270//270
f 678//678 271//271 679//679
f 679//679 680//680 678//678
f 1101//1101 924//924 563//563
f 925//925 681//681 273//273
f 273//273 744//744 925//925
f 926//926 924//924 927//927
f 679//679 681//681 66//66
f 275//275 270//270 931//931
f 931//931 270//270 678//678
f 67//67 931//931 680//680
f 678//678 680//680 931//931
f 936//936 932//932 68//68
f 1203//1203 933//933 680//680
f 1204//1204 908//908 683//683
f 682//682 1204//1204 683//683
f 74//74 685//685 1204//1204
f 74//74 1204//1204 682//682
f 686//686 685//685 74//74
f 911//911 910//910 1205//1205
f 72//72 911//911 1205//1205
f 74//74 77//77 78//78
f 1206//1206 84//84 83//83
f 910//910 1207//1207 1206//1206
f 1208//1208 1206//1206 83//83
f 1205//1205 910//910 1206//1206
f 1205//1205 1206//1206 1208//1208
f 1208//1208 83//83 689//689
f 1208//1208 689//689 1209//1209
f 1208//1208 1210//1210 1205//1205
f 72//72 1205//1205 1211//1211
f 1211//1211 1205//1205 1212//1212
f 1212//1212 1205//1205 1210//1210
f 1212//1212 1210//1210 1209//1209
f 1209//1209 1210//1210 1208//1208
f 1220//1220 1221//1221 1222//1222
f 1225//1225 1223//1223 1224//1224
f 950//950 1226//1226 1215//1215
f 1165//1165 1230//1230 700//700
f 700//700 1230//1230 1231//1231
f 1231//1231 987//987 700//700
f 984//984 700//700 986//986
f 986//986 700//700 987//987
f 987//987 1231//1231 1232//1232
f 989//989 987//987 1232//1232
f 989//989 1232//1232 990//990
f 990//990 1236//1236 994//994
f 994//994 1236//1236 1237//1237
f 992//992 990//990 994//994
f 1238//1238 1239//1239 1240//1240
f 1241//1241 1240//1240 1239//1239
f 1237//1237 1241//1241 1239//1239
f 1237//1237 1239//1239 975//975
f 975//975 1239//1239 1243//1243
f 1243//1243 1239//1239 1242//1242
f 1243//1243 1242//1242 1244//1244
f 994//994 1237//1237 977//977
f 977//977 1237//1237 975//975
f 994//994 977//977 993//993
f 977//977 995//995 993//993
f 1243//1243 978//978 975//975
f 974//974 975//975 978//978
f 978//978 1243//1243 1244//1244
f 1244//1244 979//979 978//978
f 977//977 975//975 974//974
f 982//982 817//817 1165//1165
f 982//982 1165//1165 700//700
f 988//988 987//987 989//989
f 988//988 989//989 990//990
f 979//979 1244//1244 1245//1245
f 979//979 1245//1245 997//997
f 1248//1248 1246//1246 1249//1249
f 1251//1251 659//659 1252//1252
f 1253//1253 1252//1252 1255//1255
f 1256//1256 1255//1255 1254//1254
f 1254//1254 1257//1257 1256//1256
f 1254//1254 1260//1260 1257//1257
f 1254//1254 1248//1248 1261//1261
f 1254//1254 1261//1261 1260//1260
f 1253//1253 1255//1255 1256//1256
f 1262//1262 1253//1253 1256//1256
f 1263//1263 1256//1256 1257//1257
f 1266//1266 1257//1257 1267//1267
f 1268//1268 1266//1266 1267//1267
f 1264//1264 1266//1266 1268//1268
f 1270//1270 959//959 1271//1271
f 1271//1271 959//959 1272//1272
f 1273//1273 952//952 1275//1275
f 1275//1275 952//952 1274//1274
f 1275//1275 1276//1276 1273//1273
f 1247//1247 655//655 1246//1246
f 1250//1250 1247//1247 1248//1248
f 1280//1280 1279//1279 1269//1269
f 1269//1269 1279//1279 1217//1217
f 1217//1217 1213//1213 1269//1269
f 1217//1217 1216//1216 1213//1213
f 1216//1216 1217//1217 1218//1218
f 1218//1218 1281//1281 1216//1216
f 1216//1216 695//695 1213//1213
f 1283//1283 1284//1284 1282//1282
f 1286//1286 250//250 254//254
f 254//254 255//255 1286//1286
f 255//255 254//254 1287//1287
f 322//322 255//255 1287//1287
f 1288//1288 257//257 1024//1024
f 580//580 1025//1025 420//420
f 1289//1289 1024//1024 580//580
f 580//580 1024//1024 1025//1025
f 1024//1024 1289//1289 1288//1288
f 498//498 736//736 1027//1027
f 1027//1027 734//734 498//498
f 326//326 734//734 1027//1027
f 1027//1027 1028//1028 326//326
f 210//210 506//506 326//326
f 210//210 209//209 505//505
f 524//524 522//522 513//513
f 514//514 524//524 513//513
f 775//775 525//525 524//524
f 1291//1291 281//281 1292//1292
f 281//281 1291//1291 280//280
f 1293//1293 568//568 567//567
f 1294//1294 172//172 1295//1295
f 172//172 173//173 1295//1295
f 222//222 1294//1294 420//420
f 1294//1294 222//222 172//172
f 1294//1294 1295//1295 1296//1296
f 1297//1297 1295//1295 173//173
f 1297//1297 1296//1296 1295//1295
f 1298//1298 1296//1296 1292//1292
f 281//281 1298//1298 1292//1292
f 1298//1298 1294//1294 1296//1296
f 747//747 1294//1294 1298//1298
f 1293//1293 1298//1298 281//281
f 567//567 747//747 1293//1293
f 1293//1293 747//747 1298//1298
f 567//567 344//344 747//747
f 278//278 174//174 1299//1299
f 174//174 279//279 1299//1299
f 1299//1299 279//279 339//339
f 341//341 280//280 278//278
f 278//278 1299//1299 341//341
f 1299//1299 339//339 341//341
f 341//341 281//281 280//280
f 281//281 341//341 571//571
f 571//571 568//568 281//281
f 1301//1301 1302//1302 1300//1300
f 1116//1116 1303//1303 1301//1301
f 1116//1116 1304//1304 1303//1303
f 1300//1300 282//282 283//283
f 283//283 1301//1301 1300//1300
f 1301//1301 283//283 1116//1116
f 1305//1305 1290//1290 1288//1288
f 1288//1288 1306//1306 1305//1305
f 343//343 1289//1289 580//580
f 580//580 565//565 343//343
f 1307//1307 1306//1306 343//343
f 343//343 1306//1306 1289//1289
f 1307//1307 1305//1305 1306//1306
f 1308//1308 343//343 344//344
f 344//344 566//566 1308//1308
f 566//566 294//294 1308//1308
f 1309//1309 1307//1307 343//343
f 345//345 212//212 1310//1310
f 586//586 345//345 1310//1310
f 1310//1310 1311//1311 586//586
f 1311//1311 1312//1312 586//586
f 1311//1311 1310//1310 1313//1313
f 1317//1317 566//566 568//568
f 295//295 566//566 1317//1317
f 295//295 294//294 566//566
f 295//295 293//293 294//294
f 606//606 295//295 605//605
f 605//605 572//572 573//573
f 573//573 776//776 605//605
f 606//606 605//605 776//776
f 608//608 293//293 295//295
f 1318//1318 1302//1302 1301//1301
f 776//776 1319//1319 607//607
f 1301//1301 1321//1321 1318//1318
f 1321//1321 1301//1301 1320//1320
f 1320//1320 1301//1301 1303//1303
f 1322//1322 1303//1303 1304//1304
f 1322//1322 1304//1304 1323//1323
f 1322//1322 1323//1323 1324//1324
f 1326//1326 1327//1327 777//777
f 1315//1315 1328//1328 1314//1314
f 1325//1325 1328//1328 1315//1315
f 1325//1325 1329//1329 375//375
f 375//375 1328//1328 1325//1325
f 1329//1329 1325//1325 1324//1324
f 1323//1323 1304//1304 1331//1331
f 1331//1331 1304//1304 1330//1330
f 1330//1330 1332//1332 1331//1331
f 1141//1141 1332//1332 1330//1330
f 1331//1331 1324//1324 1323//1323
f 1331//1331 1329//1329 1324//1324
f 1141//1141 1146//1146 1332//1332
f 1142//1142 1146//1146 1141//1141
f 1146//1146 1148//1148 1333//1333
f 1337//1337 1336//1336 1339//1339
f 1339//1339 1336//1336 1338//1338
f 1341//1341 1342//1342 354//354
f 354//354 1342//1342 357//357
f 1327//1327 783//783 778//778
f 1328//1328 1343//1343 1314//1314
f 783//783 1345//1345 784//784
f 784//784 1341//1341 354//354
f 1343//1343 1328//1328 1346//1346
f 1343//1343 1346//1346 357//357
f 1332//1332 631//631 1331//1331
f 630//630 1329//1329 631//631
f 630//630 375//375 1329//1329
f 1349//1349 1347//1347 1350//1350
f 1351//1351 631//631 1332//1332
f 1146//1146 1333//1333 1351//1351
f 631//631 1351//1351 630//630
f 1333//1333 630//630 1351//1351
f 1347//1347 630//630 1348//1348
f 1348//1348 630//630 1333//1333
f 1334//1334 1333//1333 1148//1148
f 1352//1352 1349//1349 1350//1350
f 1354//1354 1336//1336 1335//1335
f 1336//1336 1337//1337 1355//1355
f 1356//1356 1338//1338 1357//1357
f 716//716 418//418 715//715
f 702//702 454//454 701//701
f 475//475 535//535 532//532
f 475//475 726//726 477//477
f 1358//1358 1359//1359 324//324
f 331//331 324//324 1359//1359
f 527//527 1360//1360 1361//1361
f 1362//1362 237//237 540//540
f 242//242 237//237 1362//1362
f 1363//1363 242//242 1362//1362
f 1364//1364 242//242 1363//1363
f 1049//1049 1048//1048 1050//1050
f 9//9 10//10 1051//1051
f 1050//1050 1048//1048 8//8
f 9//9 1051//1051 8//8
f 1052//1052 8//8 1051//1051
f 1051//1051 1067//1067 1052//1052
f 1367//1367 1366//1366 1368//1368
f 1366//1366 1364//1364 1365//1365
f 1368//1368 1366//1366 1365//1365
f 1369//1369 1367//1367 1368//1368
f 1358//1358 1369//1369 1368//1368
f 1358//1358 1370//1370 1359//1359
f 1361//1361 1089//1089 550//550
f 565//565 420//420 1294//1294
f 747//747 565//565 1294//1294
f 1106//1106 1104//1104 1109//1109
f 1371//1371 1133//1133 754//754
f 758//758 579//579 1121//1121
f 1132//1132 1374//1374 759//759
f 292//292 180//180 1135//1135
f 1375//1375 1137//1137 1376//1376
f 1379//1379 768//768 804//804
f 183//183 181//181 182//182
f 1382//1382 1381//1381 1380//1380
f 1382//1382 1384//1384 1383//1383
f 1380//1380 183//183 185//185
f 185//185 186//186 1380//1380
f 1382//1382 1380//1380 186//186
f 186//186 188//188 1382//1382
f 1384//1384 1382//1382 188//188
f 186//186 189//189 188//188
f 189//189 186//186 187//187
f 1386//1386 1385//1385 1383//1383
f 768//768 1379//1379 1138//1138
f 1386//1386 1383//1383 1384//1384
f 353//353 784//784 354//354
f 355//355 354//354 357//357
f 1356//1356 1388//1388 1340//1340
f 297//297 296//296 298//298
f 1389//1389 311//311 1390//1390
f 1389//1389 1390//1390 1391//1391
f 1151//1151 1389//1389 1391//1391
f 1392//1392 194//194 195//195
f 195//195 1155//1155 1392//1392
f 1156//1156 1392//1392 1155//1155
f 1157//1157 1391//1391 1393//1393
f 1160//1160 1159//1159 1158//1158
f 1159//1159 1394//1394 813//813
f 1396//1396 1397//1397 1395//1395
f 1397//1397 1396//1396 1398//1398
f 1259//1259 1399//1399 1396//1396
f 1398//1398 1396//1396 1399//1399
f 1397//1397 1398//1398 1399//1399
f 690//690 1221//1221 1400//1400
f 1279//1279 1280//1280 1278//1278
f 696//696 1404//1404 1213//1213
f 696//696 1213//1213 1214//1214
f 696//696 1214//1214 946//946
f 1407//1407 948//948 1406//1406
f 951//951 948//948 1407//1407
f 951//951 1407//1407 1274//1274
f 1408//1408 1400//1400 1221//1221
f 1220//1220 1222//1222 1409//1409
f 1409//1409 1222//1222 1403//1403
f 1375//1375 1376//1376 1410//1410
f 1411//1411 1410//1410 1225//1225
f 953//953 1411//1411 1225//1225
f 187//187 1412//1412 189//189
f 1407//1407 1406//1406 1285//1285
f 1274//1274 1407//1407 1285//1285
f 956//956 1419//1419 1228//1228
f 150//150 147//147 151//151
f 199//199 200//200 718//718
f 718//718 200//200 414//414
f 228//228 448//448 440//440
f 199//199 439//439 1424//1424
f 226//226 453//453 1425//1425
f 1426//1426 1425//1425 453//453
f 1426//1426 453//453 1019//1019
f 239//239 236//236 237//237
f 237//237 242//242 239//239
f 243//243 1426//1426 1019//1019
f 202//202 1426//1426 243//243
f 1428//1428 1429//1429 246//246
f 246//246 1429//1429 245//245
f 1432//1432 241//241 239//239
f 1432//1432 239//239 242//242
f 1023//1023 1430//1430 1431//1431
f 212//212 209//209 1434//1434
f 212//212 1434//1434 1433//1433
f 775//775 524//524 514//514
f 1432//1432 242//242 1364//1364
f 337//337 167//167 168//168
f 276//276 169//169 337//337
f 572//572 1317//1317 568//568
f 573//573 570//570 577//577
f 1116//1116 1435//1435 1304//1304
f 1435//1435 1330//1330 1304//1304
f 1437//1437 765//765 1128//1128
f 1310//1310 212//212 1433//1433
f 1310//1310 1433//1433 1439//1439
f 1440//1440 1309//1309 1308//1308
f 1308//1308 1309//1309 343//343
f 294//294 1440//1440 1308//1308
f 514//514 589//589 775//775
f 1316//1316 775//775 589//589
f 604//604 1316//1316 593//593
f 593//593 1316//1316 589//589
f 604//604 600//600 1316//1316
f 1317//1317 572//572 605//605
f 1329//1329 1331//1331 631//631
f 296//296 1356//1356 1340//1340
f 298//298 296//296 1340//1340
f 1339//1339 302//302 381//381
f 1445//1445 1444//1444 123//123
f 304//304 123//123 1444//1444
f 813//813 1394//1394 1446//1446
f 166//166 170//170 164//164
f 170//170 166//166 171//171
f 169//169 171//171 166//166
f 1447//1447 18//18 17//17
f 1447//1447 19//19 18//18
f 877//877 874//874 873//873
f 1198//1198 874//874 50//50
f 1448//1448 1449//1449 19//19
f 1448//1448 19//19 1447//1447
f 1450//1450 1449//1449 1448//1448
f 1451//1451 1449//1449 1450//1450
f 1452//1452 1451//1451 1450//1450
f 895//895 1452//1452 1450//1450
f 1449//1449 34//34 19//19
f 35//35 34//34 1453//1453
f 1454//1454 34//34 1449//1449
f 1454//1454 1455//1455 34//34
f 1451//1451 1456//1456 1454//1454
f 1451//1451 1454//1454 1449//1449
f 1456//1456 1455//1455 1454//1454
f 1455//1455 1453//1453 34//34
f 1455//1455 1457//1457 1453//1453
f 1453//1453 1457//1457 1458//1458
f 47//47 1458//1458 1457//1457
f 1455//1455 1456//1456 1457//1457
f 1459//1459 1457//1457 1456//1456
f 1460//1460 47//47 1459//1459
f 1459//1459 47//47 1457//1457
f 1461//1461 1460//1460 1459//1459
f 1459//1459 1462//1462 1461//1461
f 890//890 1463//1463 891//891
f 1450//1450 1465//1465 895//895
f 894//894 1463//1463 890//890
f 893//893 1465//1465 1464//1464
f 894//894 893//893 1463//1463
f 1196//1196 667//667 1466//1466
f 56//56 1466//1466 667//667
f 890//890 52//52 53//53
f 55//55 890//890 1467//1467
f 1467//1467 890//890 53//53
f 890//890 55//55 1468//1468
f 1467//1467 56//56 55//55
f 918//918 1468//1468 54//54
f 54//54 1468//1468 55//55
f 1469//1469 892//892 894//894
f 903//903 898//898 1469//1469
f 1469//1469 898//898 892//892
f 57//57 1470//1470 918//918
f 900//900 903//903 1469//1469
f 902//902 1452//1452 895//895
f 901//901 902//902 895//895
f 902//902 901//901 1471//1471
f 903//903 1471//1471 901//901
f 1472//1472 1471//1471 903//903
f 1474//1474 1462//1462 1473//1473
f 1475//1475 1461//1461 1462//1462
f 1462//1462 1474//1474 1475//1475
f 1476//1476 1413//1413 1477//1477
f 1477//1477 1413//1413 1414//1414
f 836//836 650//650 839//839
f 858//858 860//860 1482//1482
f 1480//1480 650//650 651//651
f 839//839 650//650 1480//1480
f 1480//1480 651//651 1481//1481
f 839//839 1480//1480 1481//1481
f 860//860 1481//1481 1482//1482
f 1482//1482 1481//1481 1485//1485
f 1481//1481 651//651 1395//1395
f 1481//1481 1395//1395 1397//1397
f 1485//1485 1481//1481 1397//1397
f 1485//1485 1483//1483 1482//1482
f 1486//1486 1483//1483 1485//1485
f 1397//1397 1486//1486 1485//1485
f 654//654 1483//1483 861//861
f 861//861 1483//1483 1486//1486
f 1486//1486 1397//1397 1399//1399
f 861//861 1486//1486 1399//1399
f 861//861 1399//1399 1488//1488
f 1487//1487 861//861 1488//1488
f 1488//1488 1489//1489 1487//1487
f 1481//1481 860//860 839//839
f 1195//1195 1491//1491 1492//1492
f 1492//1492 1493//1493 1195//1195
f 1494//1494 1495//1495 1496//1496
f 1497//1497 1496//1496 1495//1495
f 1498//1498 1499//1499 1495//1495
f 1497//1497 1495//1495 1500//1500
f 1500//1500 1495//1495 1499//1499
f 1500//1500 1499//1499 1501//1501
f 1502//1502 1497//1497 1500//1500
f 1502//1502 1500//1500 1503//1503
f 1501//1501 1505//1505 1507//1507
f 1500//1500 1501//1501 1507//1507
f 1503//1503 1509//1509 1508//1508
f 1510//1510 1508//1508 1509//1509
f 199//199 718//718 438//438
f 199//199 438//438 439//439
f 720//720 718//718 224//224
f 224//224 718//718 414//414
f 531//531 224//224 449//449
f 531//531 225//225 224//224
f 531//531 449//449 451//451
f 531//531 535//535 225//225
f 726//726 237//237 236//236
f 232//232 1512//1512 231//231
f 528//528 1513//1513 1514//1514
f 532//532 1515//1515 475//475
f 536//536 537//537 532//532
f 1515//1515 532//532 537//537
f 1515//1515 537//537 538//538
f 1515//1515 726//726 475//475
f 726//726 1515//1515 540//540
f 237//237 726//726 540//540
f 540//540 1515//1515 538//538
f 1362//1362 540//540 539//539
f 539//539 1516//1516 1362//1362
f 1363//1363 1362//1362 1516//1516
f 1516//1516 539//539 737//737
f 1516//1516 737//737 155//155
f 541//541 1516//1516 155//155
f 1365//1365 1364//1364 1363//1363
f 1517//1517 1365//1365 1363//1363
f 1516//1516 1517//1517 1363//1363
f 1517//1517 1516//1516 1079//1079
f 1079//1079 1516//1516 541//541
f 1368//1368 1365//1365 1517//1517
f 1370//1370 1358//1358 1368//1368
f 1370//1370 1368//1368 1517//1517
f 547//547 1517//1517 1079//1079
f 1370//1370 1517//1517 547//547
f 1089//1089 1086//1086 159//159
f 159//159 1086//1086 1085//1085
f 1088//1088 1518//1518 1519//1519
f 1519//1519 1085//1085 1088//1088
f 1518//1518 1370//1370 739//739
f 739//739 1370//1370 547//547
f 1519//1519 1518//1518 548//548
f 548//548 1518//1518 739//739
f 739//739 547//547 546//546
f 1085//1085 1519//1519 548//548
f 1085//1085 548//548 333//333
f 527//527 1361//1361 370//370
f 370//370 1361//1361 550//550
f 550//550 1089//1089 159//159
f 370//370 550//550 371//371
f 374//374 371//371 552//552
f 335//335 334//334 332//332
f 549//549 335//335 332//332
f 335//335 549//549 264//264
f 264//264 549//549 265//265
f 265//265 549//549 266//266
f 553//553 266//266 549//549
f 266//266 553//553 559//559
f 559//559 272//272 266//266
f 272//272 1102//1102 266//266
f 266//266 1102//1102 267//267
f 272//272 559//559 562//562
f 562//562 273//273 272//272
f 273//273 562//562 744//744
f 1330//1330 1520//1520 176//176
f 760//760 1373//1373 290//290
f 760//760 764//764 766//766
f 766//766 764//764 1129//1129
f 1385//1385 1138//1138 1383//1383
f 772//772 1386//1386 1522//1522
f 1522//1522 1386//1386 1384//1384
f 188//188 1523//1523 1384//1384
f 1306//1306 1288//1288 1289//1289
f 1524//1524 1513//1513 528//528
f 528//528 601//601 1524//1524
f 527//527 369//369 601//601
f 369//369 527//527 370//370
f 1143//1143 1144//1144 1149//1149
f 1351//1351 1332//1332 1146//1146
f 1148//1148 1147//1147 1149//1149
f 296//296 297//297 382//382
f 301//301 296//296 382//382
f 1523//1523 188//188 189//189
f 1156//1156 1526//1526 1392//1392
f 1150//1150 1158//1158 641//641
f 813//813 1446//1446 1161//1161
f 1161//1161 1446//1446 1156//1156
f 271//271 273//273 681//681
f 965//965 1417//1417 61//61
f 189//189 1412//1412 1523//1523
f 1530//1530 1523//1523 1412//1412
f 1530//1530 1412//1412 1228//1228
f 320//320 235//235 240//240
f 1358//1358 1531//1531 1369//1369
f 1085//1085 1086//1086 1084//1084
f 1370//1370 1518//1518 1359//1359
f 565//565 344//344 343//343
f 1532//1532 773//773 781//781
f 781//781 773//773 596//596
f 1533//1533 1532//1532 781//781
f 781//781 1534//1534 1533//1533
f 1534//1534 781//781 782//782
f 782//782 351//351 1534//1534
f 1535//1535 351//351 364//364
f 1535//1535 364//364 1344//1344
f 365//365 1344//1344 364//364
f 1344//1344 1533//1533 1534//1534
f 1344//1344 1534//1534 1535//1535
f 1535//1535 1534//1534 351//351
f 1536//1536 1344//1344 365//365
f 365//365 366//366 1536//1536
f 945//945 1400//1400 1219//1219
f 1330//1330 1435//1435 1520//1520
f 1527//1527 1219//1219 1408//1408
f 1220//1220 1528//1528 1221//1221
f 1227//1227 1228//1228 1412//1412
f 1424//1424 439//439 437//437
f 231//231 1537//1537 473//473
f 473//473 234//234 233//233
f 1140//1140 587//587 1441//1441
f 1274//1274 952//952 951//951
f 1134//1134 1133//1133 1219//1219
f 1408//1408 1219//1219 1400//1400
f 1417//1417 698//698 61//61
f 1540//1540 964//964 1541//1541
f 1542//1542 1540//1540 1541//1541
f 473//473 1537//1537 474//474
f 284//284 286//286 285//285
f 354//354 356//356 353//353
f 1543//1543 740//740 743//743
f 1544//1544 1543//1543 1545//1545
f 1545//1545 1543//1543 743//743
f 1163//1163 1154//1154 1546//1546
f 195//195 1154//1154 1163//1163
f 1163//1163 647//647 1155//1155
f 1163//1163 1155//1155 195//195
f 1214//1214 1213//1213 695//695
f 946//946 1214//1214 695//695
f 695//695 1216//1216 1281//1281
f 1281//1281 1284//1284 1547//1547
f 1547//1547 695//695 1281//1281
f 946//946 695//695 1547//1547
f 1547//1547 948//948 946//946
f 948//948 1547//1547 1284//1284
f 1284//1284 1406//1406 948//948
f 1527//1527 1134//1134 1219//1219
f 1281//1281 1218//1218 1282//1282
f 1284//1284 1281//1281 1282//1282
f 1406//1406 1284//1284 1283//1283
f 1285//1285 1406//1406 1283//1283
f 1104//1104 1110//1110 1109//1109
f 1117//1117 750//750 342//342
f 579//579 1120//1120 285//285
f 285//285 287//287 284//284
f 179//179 754//754 180//180
f 1137//1137 1550//1550 1376//1376
f 769//769 1138//1138 1385//1385
f 769//769 1385//1385 1386//1386
f 769//769 1386//1386 772//772
f 822//822 823//823 827//827
f 823//823 826//826 827//827
f 826//826 823//823 1166//1166
f 830//830 1166//1166 831//831
f 832//832 826//826 1166//1166
f 832//832 1166//1166 830//830
f 830//830 844//844 832//832
f 830//830 831//831 834//834
f 830//830 834//834 844//844
f 833//833 832//832 844//844
f 845//845 844//844 850//850
f 850//850 844//844 834//834
f 850//850 656//656 849//849
f 857//857 834//834 835//835
f 857//857 837//837 859//859
f 1167//1167 850//850 834//834
f 1167//1167 834//834 857//857
f 857//857 862//862 1167//1167
f 1167//1167 1551//1551 850//850
f 1551//1551 1167//1167 862//862
f 653//653 862//862 857//857
f 857//857 859//859 653//653
f 862//862 653//653 652//652
f 1552//1552 652//652 1247//1247
f 656//656 850//850 1551//1551
f 1551//1551 657//657 656//656
f 1551//1551 862//862 657//657
f 656//656 657//657 658//658
f 862//862 660//660 657//657
f 660//660 862//862 1552//1552
f 1552//1552 1553//1553 660//660
f 1490//1490 863//863 865//865
f 659//659 660//660 1553//1553
f 862//862 652//652 1552//1552
f 1552//1552 1554//1554 1553//1553
f 1554//1554 1552//1552 1247//1247
f 1250//1250 1554//1554 1247//1247
f 1246//1246 1248//1248 1247//1247
f 659//659 1553//1553 1554//1554
f 1554//1554 1252//1252 659//659
f 1252//1252 1554//1554 1250//1250
f 1252//1252 1250//1250 1254//1254
f 1254//1254 1250//1250 1248//1248
f 1255//1255 1252//1252 1254//1254
f 867//867 1555//1555 866//866
f 1278//1278 1280//1280 1402//1402
f 1558//1558 1402//1402 1280//1280
f 954//954 1227//1227 1412//1412
f 1227//1227 954//954 956//956
f 1270//1270 1563//1563 1564//1564
f 1565//1565 958//958 1566//1566
f 957//957 1567//1567 1566//1566
f 1566//1566 958//958 957//957
f 1569//1569 1416//1416 1570//1570
f 1228//1228 1227//1227 956//956
f 1165//1165 1420//1420 1230//1230
f 1573//1573 1234//1234 1548//1548
f 1233//1233 990//990 1232//1232
f 416//416 410//410 407//407
f 426//426 425//425 424//424
f 427//427 426//426 704//704
f 427//427 432//432 431//431
f 434//434 427//427 704//704
f 432//432 427//427 434//434
f 434//434 704//704 707//707
f 707//707 708//708 434//434
f 4//4 434//434 708//708
f 434//434 4//4 5//5
f 4//4 708//708 842//842
f 4//4 842//842 709//709
f 447//447 438//438 718//718
f 718//718 720//720 719//719
f 720//720 722//722 719//719
f 722//722 223//223 1549//1549
f 701//701 716//716 197//197
f 233//233 727//727 232//232
f 481//481 727//727 251//251
f 251//251 727//727 233//233
f 1431//1431 729//729 1577//1577
f 1022//1022 1431//1431 248//248
f 1023//1023 1431//1431 1022//1022
f 1023//1023 1022//1022 258//258
f 732//732 481//481 251//251
f 250//250 732//732 251//251
f 733//733 732//732 1286//1286
f 1286//1286 732//732 250//250
f 1286//1286 262//262 733//733
f 736//736 730//730 731//731
f 1027//1027 736//736 731//731
f 734//734 506//506 499//499
f 506//506 734//734 326//326
f 500//500 499//499 506//506
f 261//261 733//733 262//262
f 1104//1104 564//564 1117//1117
f 1117//1117 564//564 114//114
f 578//578 579//579 285//285
f 1578//1578 1579//1579 748//748
f 749//749 748//748 1579//1579
f 749//749 1579//1579 1580//1580
f 1580//1580 1581//1581 749//749
f 1581//1581 1580//1580 1583//1583
f 1581//1581 1583//1583 1584//1584
f 753//753 752//752 749//749
f 753//753 749//749 1581//1581
f 753//753 1581//1581 1371//1371
f 754//754 753//753 1371//1371
f 1371//1371 1581//1581 1584//1584
f 1584//1584 1585//1585 1371//1371
f 772//772 1522//1522 1139//1139
f 588//588 587//587 1140//1140
f 608//608 295//295 606//606
f 351//351 782//782 360//360
f 360//360 347//347 351//351
f 350//350 364//364 351//351
f 353//353 778//778 784//784
f 352//352 353//353 356//356
f 361//361 352//352 356//356
f 1141//1141 1330//1330 176//176
f 1143//1143 177//177 1145//1145
f 1347//1347 375//375 630//630
f 1349//1349 376//376 375//375
f 375//375 1347//1347 1349//1349
f 177//177 1586//1586 1145//1145
f 376//376 1349//1349 377//377
f 378//378 377//377 1353//1353
f 378//378 1353//1353 379//379
f 379//379 1353//1353 1355//1355
f 380//380 378//378 379//379
f 379//379 633//633 380//380
f 380//380 633//633 615//615
f 633//633 379//379 381//381
f 633//633 381//381 634//634
f 634//634 381//381 302//302
f 634//634 302//302 301//301
f 637//637 634//634 636//636
f 636//636 634//634 301//301
f 299//299 300//300 1389//1389
f 1389//1389 1151//1151 299//299
f 1523//1523 1587//1587 1522//1522
f 195//195 317//317 1154//1154
f 645//645 299//299 1151//1151
f 645//645 1151//1151 1157//1157
f 1391//1391 1157//1157 1151//1151
f 814//814 1163//1163 1588//1588
f 1589//1589 385//385 815//815
f 385//385 1165//1165 817//817
f 708//708 707//707 841//841
f 842//842 708//708 841//841
f 829//829 843//843 842//842
f 851//851 842//842 843//843
f 843//843 1590//1590 851//851
f 851//851 1170//1170 853//853
f 1170//1170 851//851 1591//1591
f 1591//1591 1172//1172 1170//1170
f 843//843 847//847 1590//1590
f 1591//1591 851//851 1590//1590
f 847//847 1591//1591 1590//1590
f 847//847 854//854 1591//1591
f 1591//1591 1179//1179 1172//1172
f 1179//1179 1591//1591 1592//1592
f 854//854 1592//1592 1591//1591
f 1592//1592 854//854 856//856
f 856//856 867//867 1592//1592
f 859//859 858//858 653//653
f 1247//1247 652//652 655//655
f 856//856 864//864 867//867
f 863//863 1490//1490 864//864
f 1596//1596 1597//1597 1594//1594
f 1598//1598 1594//1594 1597//1597
f 1597//1597 1600//1600 1598//1598
f 1598//1598 1600//1600 1599//1599
f 1601//1601 1599//1599 1602//1602
f 1602//1602 1599//1599 1600//1600
f 1603//1603 1601//1601 1604//1604
f 1604//1604 1601//1601 1602//1602
f 1605//1605 1603//1603 1604//1604
f 1594//1594 1595//1595 1607//1607
f 1607//1607 1595//1595 1606//1606
f 1596//1596 1594//1594 1607//1607
f 1249//1249 1484//1484 1248//1248
f 1484//1484 1249//1249 1489//1489
f 1261//1261 1248//1248 1484//1484
f 1260//1260 1261//1261 1277//1277
f 1170//1170 1171//1171 1169//1169
f 1177//1177 1171//1171 1180//1180
f 1592//1592 867//867 1179//1179
f 868//868 1179//1179 867//867
f 1177//1177 1180//1180 661//661
f 661//661 871//871 1177//1177
f 871//871 661//661 662//662
f 33//33 871//871 18//18
f 872//872 18//18 19//19
f 1611//1611 664//664 1610//1610
f 1610//1610 870//870 1612//1612
f 876//876 664//664 1611//1611
f 1611//1611 1613//1613 876//876
f 30//30 665//665 26//26
f 29//29 33//33 1614//1614
f 29//29 1614//1614 31//31
f 878//878 31//31 1614//1614
f 879//879 878//878 1614//1614
f 37//37 879//879 1614//1614
f 879//879 37//37 1615//1615
f 37//37 32//32 36//36
f 36//36 38//38 37//37
f 37//37 38//38 1615//1615
f 879//879 882//882 881//881
f 882//882 879//879 1615//1615
f 882//882 1615//1615 883//883
f 883//883 1615//1615 38//38
f 38//38 49//49 883//883
f 49//49 38//38 40//40
f 864//864 1616//1616 867//867
f 1555//1555 867//867 1616//1616
f 1490//1490 1616//1616 864//864
f 1616//1616 1490//1490 1617//1617
f 1555//1555 42//42 1612//1612
f 1195//1195 659//659 1491//1491
f 1617//1617 1490//1490 865//865
f 1611//1611 1610//1610 1618//1618
f 1612//1612 1618//1618 1610//1610
f 1618//1618 1612//1612 42//42
f 1613//1613 1611//1611 1619//1619
f 1620//1620 1613//1613 1619//1619
f 659//659 1251//1251 1491//1491
f 1252//1252 1253//1253 1251//1251
f 1253//1253 1262//1262 1251//1251
f 1251//1251 1621//1621 1491//1491
f 1622//1622 1251//1251 1262//1262
f 1624//1624 1625//1625 1623//1623
f 1625//1625 1624//1624 1626//1626
f 1625//1625 1626//1626 1627//1627
f 1627//1627 1626//1626 1264//1264
f 1628//1628 1498//1498 1625//1625
f 1628//1628 1625//1625 1505//1505
f 1505//1505 1625//1625 1627//1627
f 1505//1505 1627//1627 1506//1506
f 1458//1458 43//43 1453//1453
f 1453//1453 43//43 35//35
f 1458//1458 47//47 45//45
f 45//45 47//47 1629//1629
f 48//48 45//45 1629//1629
f 888//888 889//889 1630//1630
f 1630//1630 889//889 663//663
f 663//663 876//876 1631//1631
f 1631//1631 876//876 1613//1613
f 1630//1630 663//663 1631//1631
f 1595//1595 1630//1630 1631//1631
f 888//888 1630//1630 1594//1594
f 1630//1630 1595//1595 1594//1594
f 888//888 1594//1594 897//897
f 1594//1594 1598//1598 897//897
f 907//907 905//905 883//883
f 84//84 1207//1207 907//907
f 910//910 909//909 907//907
f 907//907 1207//1207 910//910
f 917//917 897//897 1598//1598
f 1599//1599 917//917 1598//1598
f 917//917 1599//1599 1632//1632
f 1632//1632 920//920 1633//1633
f 920//920 1632//1632 1599//1599
f 1634//1634 1635//1635 1633//1633
f 1633//1633 677//677 1634//1634
f 963//963 1636//1636 1634//1634
f 1601//1601 920//920 1599//1599
f 677//677 920//920 1603//1603
f 1603//1603 920//920 1601//1601
f 677//677 1633//1633 920//920
f 684//684 683//683 899//899
f 1613//1613 1606//1606 1631//1631
f 1606//1606 1613//1613 1620//1620
f 1595//1595 1631//1631 1606//1606
f 1629//1629 1637//1637 48//48
f 48//48 1638//1638 82//82
f 1638//1638 48//48 1637//1637
f 82//82 1638//1638 688//688
f 1212//1212 1209//1209 942//942
f 942//942 940//940 1212//1212
f 1264//1264 1268//1268 1627//1627
f 1504//1504 1627//1627 1268//1268
f 1506//1506 1627//1627 1504//1504
f 1506//1506 1639//1639 1505//1505
f 1640//1640 130//130 1641//1641
f 1642//1642 1641//1641 130//130
f 131//131 1642//1642 130//130
f 1644//1644 1584//1584 1583//1583
f 1645//1645 1584//1584 1643//1643
f 1643//1643 1584//1584 1644//1644
f 131//131 1643//1643 1642//1642
f 1645//1645 1643//1643 131//131
f 319//319 131//131 132//132
f 1646//1646 131//131 319//319
f 1646//1646 1645//1645 131//131
f 1645//1645 1585//1585 1584//1584
f 1133//1133 1371//1371 1585//1585
f 1585//1585 1219//1219 1133//1133
f 1585//1585 1645//1645 945//945
f 945//945 1645//1645 1646//1646
f 1219//1219 1585//1585 945//945
f 1646//1646 319//319 945//945
f 945//945 319//319 318//318
f 690//690 1400//1400 945//945
f 1221//1221 690//690 1557//1557
f 1221//1221 1557//1557 1222//1222
f 1401//1401 1403//1403 1222//1222
f 1558//1558 1280//1280 1269//1269
f 1603//1603 1605//1605 697//697
f 92//92 697//697 1605//1605
f 1650//1650 1651//1651 1223//1223
f 1652//1652 1220//1220 1409//1409
f 1653//1653 1652//1652 1409//1409
f 1651//1651 1652//1652 1653//1653
f 1650//1650 1652//1652 1651//1651
f 1653//1653 1655//1655 1651//1651
f 1653//1653 1654//1654 1655//1655
f 1224//1224 1223//1223 1651//1651
f 955//955 1225//1225 1656//1656
f 1656//1656 1225//1225 1224//1224
f 1224//1224 1414//1414 1656//1656
f 953//953 1225//1225 955//955
f 1412//1412 187//187 954//954
f 1224//1224 1560//1560 1414//1414
f 1655//1655 1559//1559 1651//1651
f 1651//1651 1560//1560 1224//1224
f 1651//1651 1559//1559 1560//1560
f 1654//1654 1658//1658 1655//1655
f 1559//1559 1655//1655 1415//1415
f 1560//1560 1559//1559 1659//1659
f 1403//1403 1479//1479 1409//1409
f 1660//1660 1409//1409 1479//1479
f 1660//1660 1479//1479 1661//1661
f 1654//1654 1409//1409 1660//1660
f 1654//1654 1660//1660 1662//1662
f 1658//1658 1654//1654 1662//1662
f 1662//1662 1660//1660 1664//1664
f 1664//1664 1660//1660 1663//1663
f 1665//1665 1666//1666 1667//1667
f 1668//1668 1665//1665 1667//1667
f 1564//1564 1563//1563 1668//1668
f 1567//1567 1663//1663 1566//1566
f 957//957 1568//1568 1567//1567
f 1664//1664 1663//1663 1567//1567
f 1664//1664 1567//1567 1669//1669
f 1567//1567 1568//1568 1670//1670
f 1669//1669 1567//1567 1670//1670
f 1670//1670 1568//1568 1671//1671
f 1658//1658 1662//1662 1674//1674
f 1415//1415 1655//1655 1658//1658
f 1415//1415 1658//1658 1675//1675
f 1674//1674 1662//1662 1664//1664
f 1675//1675 1658//1658 1674//1674
f 1677//1677 1675//1675 1678//1678
f 1678//1678 1675//1675 1674//1674
f 1678//1678 1674//1674 1676//1676
f 1679//1679 1677//1677 1678//1678
f 1679//1679 1678//1678 1680//1680
f 1680//1680 1678//1678 1676//1676
f 1416//1416 1669//1669 1670//1670
f 1674//1674 1664//1664 1669//1669
f 1676//1676 1674//1674 1669//1669
f 1676//1676 1669//1669 1416//1416
f 1672//1672 1681//1681 1670//1670
f 1416//1416 1670//1670 1681//1681
f 1681//1681 1672//1672 1673//1673
f 1673//1673 1683//1683 1681//1681
f 1570//1570 1416//1416 1681//1681
f 1684//1684 1681//1681 1683//1683
f 1570//1570 1681//1681 1685//1685
f 1685//1685 1681//1681 1684//1684
f 1683//1683 1673//1673 1682//1682
f 1683//1683 1682//1682 1687//1687
f 1687//1687 1682//1682 1686//1686
f 1684//1684 1683//1683 1688//1688
f 1689//1689 1684//1684 1688//1688
f 1689//1689 1688//1688 1690//1690
f 1690//1690 1688//1688 1687//1687
f 1684//1684 1689//1689 1691//1691
f 1691//1691 1692//1692 1684//1684
f 698//698 60//60 61//61
f 87//87 962//962 963//963
f 962//962 964//964 1540//1540
f 964//964 962//962 87//87
f 1540//1540 960//960 962//962
f 86//86 88//88 87//87
f 697//697 677//677 1603//1603
f 92//92 89//89 697//697
f 698//698 62//62 60//60
f 135//135 126//126 125//125
f 134//134 126//126 135//135
f 1694//1694 960//960 1540//1540
f 1530//1530 1228//1228 1229//1229
f 1228//1228 1419//1419 1229//1229
f 1165//1165 385//385 1420//1420
f 1695//1695 1233//1233 1231//1231
f 1231//1231 1233//1233 1232//1232
f 1697//1697 1422//1422 1679//1679
f 1679//1679 1698//1698 1697//1697
f 1572//1572 1422//1422 1699//1699
f 1699//1699 1422//1422 1697//1697
f 1571//1571 1572//1572 1699//1699
f 1571//1571 1699//1699 1701//1701
f 1700//1700 1571//1571 1701//1701
f 1679//1679 1680//1680 1698//1698
f 1698//1698 1702//1702 1697//1697
f 1702//1702 1698//1698 1234//1234
f 1702//1702 1234//1234 1573//1573
f 1574//1574 1575//1575 1573//1573
f 1699//1699 1697//1697 1701//1701
f 1702//1702 1705//1705 1697//1697
f 1701//1701 1697//1697 1705//1705
f 1704//1704 1705//1705 1702//1702
f 1703//1703 1704//1704 1702//1702
f 1701//1701 1705//1705 1704//1704
f 1704//1704 1706//1706 1701//1701
f 1703//1703 1702//1702 1573//1573
f 1710//1710 1709//1709 1708//1708
f 1711//1711 1236//1236 1233//1233
f 1713//1713 1714//1714 1715//1715
f 1715//1715 1714//1714 1709//1709
f 1715//1715 1709//1709 1710//1710
f 1710//1710 1716//1716 1715//1715
f 1715//1715 1240//1240 1712//1712
f 1240//1240 1715//1715 1716//1716
f 1236//1236 1241//1241 1237//1237
f 990//990 1233//1233 1236//1236
f 1707//1707 1700//1700 1717//1717
f 1717//1717 1700//1700 1701//1701
f 1707//1707 1718//1718 1708//1708
f 1710//1710 1708//1708 1718//1718
f 1707//1707 1717//1717 1718//1718
f 1718//1718 1717//1717 1719//1719
f 1719//1719 1717//1717 1720//1720
f 1721//1721 1718//1718 1719//1719
f 1718//1718 1722//1722 1710//1710
f 1716//1716 1710//1710 1722//1722
f 1722//1722 1718//1718 1721//1721
f 1722//1722 1238//1238 1716//1716
f 1240//1240 1716//1716 1238//1238
f 1239//1239 1238//1238 1242//1242
f 1721//1721 1576//1576 1722//1722
f 1238//1238 1722//1722 1576//1576
f 1576//1576 1721//1721 1723//1723
f 1576//1576 1242//1242 1238//1238
f 1242//1242 1576//1576 1723//1723
f 1242//1242 1723//1723 1724//1724
f 1726//1726 1727//1727 1724//1724
f 1724//1724 1727//1727 1242//1242
f 1725//1725 1727//1727 1726//1726
f 1244//1244 1242//1242 1727//1727
f 1727//1727 1725//1725 1728//1728
f 1245//1245 1244//1244 1727//1727
f 1727//1727 1728//1728 1245//1245
f 416//416 412//412 417//417
f 1431//1431 1577//1577 248//248
f 258//258 1022//1022 247//247
f 262//262 1286//1286 1730//1730
f 1730//1730 1286//1286 255//255
f 1026//1026 731//731 730//730
f 526//526 525//525 775//775
f 1293//1293 281//281 568//568
f 12//12 11//11 578//578
f 12//12 750//750 15//15
f 15//15 750//750 114//114
f 578//578 286//286 12//12
f 578//578 285//285 286//286
f 346//346 209//209 345//345
f 345//345 209//209 212//212
f 1316//1316 526//526 775//775
f 600//600 526//526 1316//1316
f 1143//1143 176//176 177//177
f 1731//1731 313//313 315//315
f 315//315 317//317 1731//1731
f 317//317 315//315 1154//1154
f 194//194 1731//1731 317//317
f 1732//1732 385//385 1589//1589
f 1482//1482 653//653 858//858
f 1482//1482 1483//1483 654//654
f 654//654 653//653 1482//1482
f 655//655 654//654 861//861
f 655//655 861//861 1246//1246
f 1246//1246 861//861 1487//1487
f 1249//1249 1246//1246 1487//1487
f 1249//1249 1487//1487 1489//1489
f 872//872 33//33 18//18
f 34//34 872//872 19//19
f 37//37 1614//1614 32//32
f 1555//1555 1616//1616 1617//1617
f 42//42 1555//1555 1617//1617
f 1617//1617 1734//1734 42//42
f 1734//1734 1617//1617 1735//1735
f 1735//1735 1617//1617 865//865
f 1629//1629 47//47 1460//1460
f 1737//1737 1628//1628 1505//1505
f 1501//1501 1738//1738 1505//1505
f 893//893 1464//1464 1463//1463
f 893//893 895//895 1465//1465
f 907//907 883//883 49//49
f 49//49 84//84 907//907
f 671//671 670//670 912//912
f 671//671 916//916 63//63
f 672//672 54//54 915//915
f 673//673 672//672 915//915
f 85//85 1634//1634 677//677
f 61//61 916//916 919//919
f 911//911 72//72 70//70
f 72//72 71//71 70//70
f 686//686 74//74 71//71
f 1739//1739 79//79 80//80
f 689//689 83//83 688//688
f 84//84 1206//1206 1207//1207
f 72//72 943//943 71//71
f 940//940 943//943 1211//1211
f 1211//1211 1212//1212 940//940
f 1507//1507 1505//1505 1639//1639
f 945//945 318//318 1647//1647
f 92//92 1605//1605 966//966
f 1648//1648 966//966 1740//1740
f 967//967 966//966 1648//1648
f 1413//1413 1656//1656 1414//1414
f 1691//1691 1741//1741 1690//1690
f 961//961 962//962 960//960
f 697//697 85//85 677//677
f 1693//1693 62//62 698//698
f 971//971 969//969 97//97
f 1230//1230 1696//1696 1231//1231
f 1707//1707 1571//1571 1700//1700
f 1721//1721 1719//1719 1743//1743
f 1742//1742 1721//1721 1743//1743
f 1180//1180 1171//1171 1173//1173
f 661//661 1173//1173 662//662
f 662//662 868//868 17//17
f 869//869 17//17 868//868
f 870//870 866//866 1612//1612
f 1612//1612 866//866 1555//1555
f 18//18 662//662 17//17
f 21//21 22//22 1556//1556
f 1608//1608 1556//1556 1747//1747
f 875//875 21//21 1556//1556
f 875//875 1556//1556 885//885
f 1609//1609 1608//1608 1747//1747
f 1748//1748 1608//1608 889//889
f 885//885 1556//1556 1748//1748
f 1748//1748 1556//1556 1608//1608
f 889//889 1608//1608 1609//1609
f 869//869 23//23 25//25
f 870//870 1610//1610 23//23
f 23//23 869//869 870//870
f 664//664 23//23 1610//1610
f 889//889 1609//1609 1749//1749
f 663//663 1749//1749 664//664
f 1749//1749 23//23 664//664
f 32//32 1614//1614 33//33
f 865//865 1195//1195 1493//1493
f 1493//1493 1735//1735 865//865
f 41//41 42//42 1736//1736
f 1736//1736 42//42 1734//1734
f 1750//1750 1736//1736 1751//1751
f 1736//1736 1750//1750 41//41
f 1736//1736 1734//1734 1735//1735
f 1197//1197 1748//1748 889//889
f 887//887 885//885 1748//1748
f 1752//1752 887//887 1748//1748
f 1752//1752 1748//1748 1197//1197
f 889//889 1749//1749 663//663
f 1197//1197 889//889 888//888
f 1197//1197 1753//1753 1752//1752
f 1753//1753 1197//1197 897//897
f 896//896 887//887 1752//1752
f 897//897 917//917 1753//1753
f 897//897 1197//1197 888//888
f 1752//1752 1754//1754 896//896
f 670//670 669//669 896//896
f 896//896 1755//1755 670//670
f 1755//1755 896//896 1754//1754
f 1754//1754 1752//1752 1753//1753
f 1635//1635 1754//1754 1753//1753
f 1635//1635 1753//1753 917//917
f 917//917 1632//1632 1635//1635
f 913//913 670//670 1755//1755
f 1756//1756 913//913 1755//1755
f 1756//1756 1755//1755 1754//1754
f 1754//1754 1636//1636 1756//1756
f 1633//1633 1635//1635 1632//1632
f 914//914 913//913 1756//1756
f 1636//1636 1754//1754 1635//1635
f 1635//1635 1634//1634 1636//1636
f 961//961 914//914 1756//1756
f 914//914 961//961 919//919
f 961//961 1756//1756 1636//1636
f 1636//1636 963//963 961//961
f 1634//1634 85//85 963//963
f 1222//1222 1557//1557 1401//1401
f 1560//1560 1758//1758 1414//1414
f 1758//1758 1560//1560 1659//1659
f 1559//1559 1415//1415 1659//1659
f 1759//1759 1415//1415 1677//1677
f 1677//1677 1415//1415 1675//1675
f 1677//1677 1423//1423 1759//1759
f 1676//1676 1416//1416 1569//1569
f 1766//1766 1765//1765 1763//1763
f 1708//1708 1767//1767 1571//1571
f 1767//1767 1709//1709 1763//1763
f 1761//1761 1759//1759 1423//1423
f 1677//1677 1422//1422 1423//1423
f 1422//1422 1677//1677 1679//1679
f 1768//1768 1423//1423 1422//1422
f 1422//1422 1572//1572 1768//1768
f 1698//1698 1680//1680 1235//1235
f 1698//1698 1235//1235 1234//1234
f 1574//1574 1573//1573 1548//1548
f 1769//1769 1770//1770 1762//1762
f 1762//1762 1771//1771 1769//1769
f 1574//1574 1769//1769 1575//1575
f 1575//1575 1769//1769 1772//1772
f 1772//1772 1769//1769 1771//1771
f 1703//1703 1573//1573 1773//1773
f 1773//1773 1573//1573 1575//1575
f 1765//1765 1766//1766 1774//1774
f 1714//1714 1766//1766 1763//1763
f 1708//1708 1571//1571 1707//1707
f 1714//1714 1763//1763 1709//1709
f 1709//1709 1767//1767 1708//1708
f 1715//1715 1712//1712 1713//1713
f 1712//1712 1240//1240 1711//1711
f 1241//1241 1711//1711 1240//1240
f 1236//1236 1711//1711 1241//1241
f 1772//1772 1771//1771 1775//1775
f 1776//1776 1772//1772 1775//1775
f 1775//1775 1777//1777 1776//1776
f 1746//1746 1725//1725 1745//1745
f 1745//1745 1726//1726 1724//1724
f 1725//1725 1726//1726 1745//1745
f 1245//1245 1728//1728 1729//1729
f 1779//1779 997//997 1245//1245
f 1779//1779 1245//1245 1729//1729
f 997//997 1779//1779 1780//1780
f 998//998 997//997 1780//1780
f 1783//1783 1784//1784 1782//1782
f 1529//1529 1785//1785 1418//1418
f 1278//1278 1402//1402 1757//1757
f 1401//1401 1757//1757 1402//1402
f 1215//1215 1226//1226 1270//1270
f 1786//1786 1787//1787 1788//1788
f 1789//1789 1790//1790 1787//1787
f 1557//1557 1757//1757 1401//1401
f 1403//1403 1401//1401 1402//1402
f 1403//1403 1402//1402 1558//1558
f 1479//1479 1403//1403 1558//1558
f 1404//1404 1558//1558 1269//1269
f 1404//1404 1269//1269 1213//1213
f 1661//1661 1479//1479 1478//1478
f 1562//1562 1792//1792 1561//1561
f 1660//1660 1562//1562 1663//1663
f 1793//1793 1564//1564 1667//1667
f 1668//1668 1667//1667 1564//1564
f 1794//1794 1795//1795 1788//1788
f 1796//1796 1797//1797 1798//1798
f 1801//1801 1799//1799 1800//1800
f 1378//1378 1801//1801 1802//1802
f 1803//1803 1801//1801 1378//1378
f 1803//1803 1378//1378 1805//1805
f 1809//1809 1808//1808 1381//1381
f 1384//1384 1523//1523 1522//1522
f 811//811 810//810 1139//1139
f 1139//1139 1810//1810 811//811
f 1587//1587 1523//1523 1530//1530
f 1530//1530 1811//1811 1812//1812
f 1522//1522 1587//1587 1139//1139
f 1810//1810 1139//1139 1587//1587
f 1587//1587 1530//1530 1810//1810
f 1733//1733 384//384 1813//1813
f 945//945 1647//1647 944//944
f 690//690 944//944 1557//1557
f 1479//1479 1558//1558 1404//1404
f 1404//1404 1814//1814 1479//1479
f 1815//1815 1814//1814 1404//1404
f 1815//1815 1404//1404 696//696
f 1816//1816 1815//1815 696//696
f 696//696 1405//1405 1816//1816
f 696//696 691//691 1405//1405
f 1816//1816 693//693 1793//1793
f 693//693 1816//1816 1405//1405
f 693//693 1405//1405 691//691
f 693//693 1564//1564 1793//1793
f 1511//1511 1564//1564 693//693
f 1511//1511 693//693 694//694
f 694//694 1215//1215 1511//1511
f 1270//1270 1564//1564 1215//1215
f 1215//1215 1564//1564 1511//1511
f 1215//1215 694//694 950//950
f 1272//1272 952//952 1273//1273
f 1653//1653 1409//1409 1654//1654
f 955//955 1656//1656 1657//1657
f 1657//1657 1656//1656 1413//1413
f 954//954 1781//1781 1529//1529
f 954//954 955//955 1657//1657
f 1529//1529 956//956 954//954
f 1758//1758 1818//1818 1817//1817
f 1659//1659 1415//1415 1759//1759
f 1659//1659 1759//1759 1818//1818
f 1818//1818 1758//1758 1659//1659
f 1478//1478 1479//1479 1814//1814
f 1792//1792 1661//1661 1478//1478
f 1661//1661 1792//1792 1562//1562
f 1820//1820 1814//1814 1815//1815
f 1820//1820 1815//1815 1816//1816
f 1820//1820 1821//1821 1478//1478
f 1820//1820 1478//1478 1814//1814
f 1667//1667 1820//1820 1816//1816
f 1666//1666 1821//1821 1820//1820
f 1820//1820 1667//1667 1666//1666
f 1478//1478 1821//1821 1792//1792
f 1660//1660 1661//1661 1562//1562
f 1816//1816 1793//1793 1667//1667
f 950//950 959//959 1226//1226
f 1270//1270 1226//1226 959//959
f 959//959 950//950 952//952
f 959//959 952//952 1272//1272
f 1760//1760 1271//1271 1822//1822
f 1822//1822 1271//1271 1272//1272
f 1822//1822 1272//1272 1273//1273
f 1787//1787 1790//1790 1824//1824
f 1823//1823 1824//1824 1790//1790
f 1788//1788 1787//1787 1794//1794
f 1787//1787 1824//1824 1794//1794
f 1783//1783 1794//1794 1784//1784
f 1794//1794 1824//1824 1784//1784
f 1529//1529 1418//1418 956//956
f 956//956 1418//1418 1419//1419
f 1811//1811 1530//1530 1229//1229
f 1761//1761 1819//1819 1759//1759
f 1825//1825 1798//1798 1797//1797
f 1797//1797 1761//1761 1825//1825
f 1825//1825 1761//1761 1826//1826
f 1827//1827 1828//1828 1829//1829
f 1813//1813 1832//1832 1833//1833
f 1833//1833 1829//1829 1828//1828
f 1833//1833 1828//1828 1830//1830
f 1830//1830 1834//1834 1833//1833
f 1813//1813 1833//1833 1421//1421
f 1421//1421 1833//1833 1834//1834
f 1421//1421 1834//1834 1696//1696
f 1813//1813 1421//1421 1733//1733
f 385//385 1733//1733 1420//1420
f 1420//1420 1733//1733 1421//1421
f 1420//1420 1421//1421 1230//1230
f 1230//1230 1421//1421 1696//1696
f 1831//1831 1835//1835 1830//1830
f 1835//1835 1782//1782 1696//1696
f 1784//1784 1836//1836 1782//1782
f 1782//1782 1836//1836 1696//1696
f 1823//1823 1774//1774 1824//1824
f 1766//1766 1784//1784 1824//1824
f 1784//1784 1766//1766 1836//1836
f 1766//1766 1824//1824 1774//1774
f 1835//1835 1834//1834 1830//1830
f 1834//1834 1835//1835 1696//1696
f 1836//1836 1695//1695 1696//1696
f 1837//1837 1695//1695 1836//1836
f 1231//1231 1696//1696 1695//1695
f 1838//1838 1767//1767 1764//1764
f 1767//1767 1838//1838 1571//1571
f 1763//1763 1764//1764 1767//1767
f 1826//1826 1761//1761 1423//1423
f 1423//1423 1768//1768 1826//1826
f 1838//1838 1768//1768 1572//1572
f 1838//1838 1572//1572 1571//1571
f 1836//1836 1766//1766 1713//1713
f 1713//1713 1766//1766 1714//1714
f 1713//1713 1837//1837 1836//1836
f 1713//1713 1712//1712 1837//1837
f 1695//1695 1837//1837 1711//1711
f 1712//1712 1711//1711 1837//1837
f 1711//1711 1233//1233 1695//1695
f 1763//1763 1765//1765 1764//1764
f 407//407 402//402 404//404
f 1001//1001 411//411 404//404
f 404//404 412//412 407//407
f 412//412 404//404 411//411
f 407//407 412//412 416//416
f 200//200 417//417 414//414
f 1104//1104 1839//1839 1110//1110
f 1110//1110 1113//1113 1111//1111
f 1112//1112 1113//1113 1110//1110
f 340//340 571//571 341//341
f 576//576 282//282 577//577
f 1114//1114 1115//1115 282//282
f 1300//1300 577//577 282//282
f 577//577 1442//1442 573//573
f 1442//1442 577//577 1300//1300
f 1300//1300 1302//1302 1442//1442
f 1839//1839 1104//1104 1117//1117
f 1839//1839 1117//1117 1118//1118
f 1118//1118 1122//1122 1839//1839
f 284//284 1118//1118 342//342
f 1112//1112 1110//1110 1839//1839
f 1112//1112 1839//1839 1122//1122
f 1118//1118 1840//1840 1122//1122
f 1840//1840 1118//1118 284//284
f 1840//1840 284//284 289//289
f 1840//1840 289//289 288//288
f 1841//1841 1840//1840 288//288
f 1121//1121 579//579 751//751
f 287//287 290//290 288//288
f 290//290 1841//1841 288//288
f 759//759 1372//1372 762//762
f 763//763 762//762 1372//1372
f 1372//1372 1130//1130 763//763
f 1840//1840 1123//1123 1122//1122
f 1115//1115 1122//1122 1123//1123
f 1115//1115 1114//1114 1122//1122
f 1123//1123 1840//1840 1841//1841
f 1841//1841 291//291 1123//1123
f 291//291 1115//1115 1123//1123
f 1842//1842 283//283 1115//1115
f 283//283 1435//1435 1116//1116
f 1435//1435 283//283 1842//1842
f 1842//1842 1115//1115 291//291
f 176//176 1520//1520 175//175
f 1842//1842 1436//1436 1435//1435
f 1436//1436 1842//1842 291//291
f 291//291 765//765 1436//1436
f 175//175 1436//1436 765//765
f 175//175 765//765 177//177
f 291//291 1841//1841 290//290
f 290//290 1124//1124 291//291
f 290//290 1373//1373 1124//1124
f 1124//1124 1373//1373 1125//1125
f 760//760 1125//1125 1373//1373
f 1843//1843 1130//1130 1372//1372
f 1130//1130 1843//1843 1844//1844
f 765//765 291//291 1126//1126
f 766//766 1127//1127 767//767
f 177//177 765//765 1437//1437
f 1128//1128 1126//1126 1438//1438
f 1438//1438 1126//1126 1127//1127
f 1129//1129 1127//1127 766//766
f 1129//1129 763//763 1130//1130
f 1132//1132 1121//1121 1846//1846
f 1846//1846 1121//1121 751//751
f 1846//1846 751//751 1845//1845
f 1846//1846 1845//1845 179//179
f 1847//1847 1132//1132 1846//1846
f 1847//1847 1846//1846 1800//1800
f 1801//1801 1800//1800 1802//1802
f 1374//1374 1132//1132 1847//1847
f 1372//1372 759//759 1374//1374
f 1800//1800 1846//1846 179//179
f 1802//1802 1800//1800 179//179
f 1802//1802 179//179 178//178
f 1378//1378 1802//1802 178//178
f 178//178 1377//1377 1378//1378
f 1377//1377 178//178 181//181
f 1521//1521 1805//1805 1378//1378
f 1521//1521 1378//1378 1377//1377
f 1521//1521 1806//1806 1805//1805
f 1806//1806 1808//1808 1848//1848
f 1806//1806 1848//1848 1807//1807
f 1848//1848 1849//1849 1807//1807
f 1849//1849 1848//1848 1850//1850
f 1851//1851 1852//1852 1806//1806
f 1806//1806 1807//1807 1851//1851
f 1521//1521 1808//1808 1806//1806
f 804//804 1850//1850 1848//1848
f 1848//1848 1379//1379 804//804
f 1521//1521 1377//1377 1808//1808
f 1808//1808 1377//1377 181//181
f 1808//1808 181//181 183//183
f 183//183 1381//1381 1808//1808
f 1809//1809 1848//1848 1808//1808
f 1381//1381 183//183 1380//1380
f 1138//1138 1809//1809 1383//1383
f 1383//1383 1809//1809 1381//1381
f 1383//1383 1381//1381 1382//1382
f 1379//1379 1848//1848 1809//1809
f 1379//1379 1809//1809 1138//1138
f 1343//1343 1853//1853 1539//1539
f 1343//1343 1539//1539 1314//1314
f 605//605 295//295 1317//1317
f 776//776 573//573 1442//1442
f 776//776 1442//1442 1302//1302
f 1302//1302 1854//1854 776//776
f 1854//1854 1319//1319 776//776
f 1302//1302 1318//1318 1854//1854
f 778//778 777//777 1327//1327
f 357//357 1346//1346 358//358
f 358//358 1346//1346 359//359
f 1855//1855 192//192 1388//1388
f 1855//1855 190//190 192//192
f 190//190 1855//1855 789//789
f 1149//1149 1856//1856 1148//1148
f 1353//1353 377//377 1352//1352
f 379//379 1355//1355 1337//1337
f 1387//1387 379//379 1337//1337
f 379//379 1387//1387 381//381
f 302//302 1356//1356 296//296
f 192//192 1340//1340 1388//1388
f 298//298 1340//1340 192//192
f 298//298 192//192 193//193
f 1339//1339 381//381 1387//1387
f 190//190 789//789 310//310
f 310//310 789//789 799//799
f 310//310 799//799 1857//1857
f 1857//1857 799//799 1858//1858
f 1443//1443 1859//1859 1860//1860
f 804//804 801//801 1850//1850
f 801//801 804//804 383//383
f 383//383 1443//1443 801//801
f 122//122 123//123 304//304
f 1861//1861 811//811 1810//1810
f 808//808 811//811 1861//1861
f 310//310 312//312 191//191
f 191//191 190//190 310//310
f 313//313 310//310 1857//1857
f 311//311 313//313 1390//1390
f 1862//1862 1390//1390 1731//1731
f 1731//1731 1390//1390 313//313
f 1857//1857 316//316 313//313
f 315//315 313//313 316//316
f 215//215 1731//1731 194//194
f 1158//1158 645//645 1157//1157
f 1160//1160 1158//1158 1157//1157
f 1160//1160 1863//1863 1394//1394
f 1394//1394 1159//1159 1160//1160
f 724//724 722//722 1549//1549
f 1512//1512 232//232 472//472
f 168//168 564//564 337//337
f 1117//1117 114//114 750//750
f 1520//1520 1435//1435 1436//1436
f 1125//1125 766//766 767//767
f 752//752 1845//1845 751//751
f 1845//1845 752//752 754//754
f 754//754 179//179 1845//1845
f 1133//1133 1135//1135 180//180
f 1134//1134 1136//1136 1135//1135
f 1135//1135 1133//1133 1134//1134
f 1136//1136 1134//1134 1550//1550
f 178//178 180//180 292//292
f 1136//1136 1550//1550 1137//1137
f 184//184 1137//1137 1375//1375
f 184//184 1375//1375 185//185
f 1328//1328 375//375 359//359
f 1341//1341 784//784 1345//1345
f 359//359 1346//1346 1328//1328
f 1864//1864 214//214 627//627
f 627//627 1865//1865 1864//1864
f 1865//1865 627//627 1855//1855
f 1855//1855 627//627 626//626
f 628//628 788//788 626//626
f 1855//1855 626//626 788//788
f 788//788 789//789 1855//1855
f 193//193 191//191 300//300
f 1353//1353 1352//1352 1355//1355
f 1352//1352 377//377 1349//1349
f 1337//1337 1339//1339 1387//1387
f 1338//1338 302//302 1339//1339
f 302//302 1338//1338 1356//1356
f 801//801 1860//1860 802//802
f 801//801 1443//1443 1860//1860
f 300//300 191//191 312//312
f 300//300 312//312 311//311
f 1389//1389 300//300 311//311
f 304//304 1444//1444 383//383
f 383//383 1444//1444 1443//1443
f 1278//1278 1757//1757 944//944
f 944//944 1791//1791 1278//1278
f 944//944 1757//1757 1557//1557
f 1527//1527 1866//1866 1134//1134
f 1550//1550 1134//1134 1866//1866
f 1527//1527 1649//1649 1866//1866
f 1221//1221 1528//1528 1408//1408
f 1527//1527 1408//1408 1649//1649
f 1649//1649 1408//1408 1528//1528
f 1550//1550 1866//1866 1376//1376
f 1866//1866 1867//1867 1376//1376
f 1649//1649 1867//1867 1866//1866
f 1867//1867 1649//1649 1650//1650
f 1223//1223 1867//1867 1650//1650
f 1649//1649 1528//1528 1652//1652
f 1652//1652 1528//1528 1220//1220
f 1650//1650 1649//1649 1652//1652
f 1410//1410 1376//1376 1867//1867
f 1867//1867 1223//1223 1410//1410
f 1225//1225 1410//1410 1223//1223
f 185//185 1375//1375 1411//1411
f 1411//1411 1375//1375 1410//1410
f 187//187 185//185 1411//1411
f 1411//1411 953//953 187//187
