# Created by Open3D 
# object name: cluster21
# number of vertices: 1682
# number of triangles: 3000
v 2.9999 0.92923 -0.65339
vn -0.703199 -0.383602 0.598632
v 2.9845 0.93281 -0.67609
vn -0.77602 -0.433525 0.458093
v 3.0019 0.95552 -0.64387
vn -0.505894 -0.25618 0.823676
v 2.9864 0.95552 -0.65339
vn -0.505894 -0.25618 0.823676
v 3.0473 0.81929 -0.67144
vn -0.58545 -0.258353 0.768442
v 3.07 0.79658 -0.65716
vn -0.614592 -0.124509 0.778957
v 3.07015 0.81962 -0.65339
vn -0.511512 -0.209075 0.833453
v 3.0575 0.84199 -0.65339
vn -0.55895 -0.347498 0.752874
v 3.0473 0.84199 -0.66007
vn -0.50531 -0.386461 0.771563
v 3.1626 0.77344 -0.60798
vn -0.170382 0.658261 0.733255
v 2.9792 0.95552 -0.66363
vn -0.759376 -0.371836 0.533935
v 2.9792 0.971 -0.65339
vn -0.815596 -0.354007 0.457692
v 2.9565 1.0155 -0.65339
vn -0.811783 -0.528219 0.248984
v 2.9589 1.0009 -0.67609
vn -0.861902 -0.472087 0.185092
v 2.966 1.0009 -0.65339
vn -0.811783 -0.528219 0.248984
v 3.0019 0.91011 -0.66542
vn -0.64401 -0.468299 0.604935
v 3.0132 0.91011 -0.65339
vn -0.64401 -0.468299 0.604935
v 2.9388 1.0463 -0.65339
vn -0.742302 -0.381759 0.550679
v 2.9338 1.0463 -0.66013
vn -0.742302 -0.381759 0.550679
v 2.9518 1.0236 -0.65339
vn -0.729652 -0.417861 0.541295
v 2.9338 1.0586 -0.65339
vn -0.76347 -0.310363 0.566382
v 3.1154 0.79658 -0.63317
vn -0.250769 0.326071 0.911478
v 3.1154 0.77388 -0.62342
vn -0.33061 0.41146 0.849352
v 3.125 0.79658 -0.63068
vn -0.223763 0.382205 0.896576
v 3.1382 0.77388 -0.61387
vn -0.206199 0.51074 0.834641
v 3.1382 0.799405 -0.62924
vn -0.113451 0.446651 0.887486
v 3.1609 0.79658 -0.62522
vn -0.140723 0.556101 0.819114
v 3.1836 0.78022 -0.60798
vn -0.182696 0.61118 0.770117
v 3.1836 0.79658 -0.62167
vn -0.173966 0.582203 0.794214
v 3.1382 0.81929 -0.63646
vn -0.0821817 0.219172 0.972219
v 3.1154 0.81929 -0.63946
vn -0.114487 0.161842 0.980153
v 3.1154 0.84199 -0.6396
vn -0.0271828 0.00616287 0.999611
v 3.1382 0.84199 -0.63898
vn -0.0601854 0.0756557 0.995316
v 3.1609 0.80628 -0.63068
vn -0.0852718 0.407772 0.909093
v 3.1836 0.81929 -0.6335
vn -0.0750956 0.203645 0.976161
v 3.1836 0.81126 -0.63068
vn -0.148835 0.46695 0.871668
v 3.1609 0.84199 -0.63847
vn -0.0564289 0.135734 0.989137
v 3.2063 0.84199 -0.63507
vn -0.0838854 0.160692 0.983433
v 3.1095 0.70576 -0.60798
vn -0.911774 0.150015 0.382313
v 3.1154 0.70576 -0.59096
vn -0.85352 0.274189 0.443084
v 3.1154 0.72847 -0.60282
vn -0.846759 0.225809 0.481674
v 3.112 0.72847 -0.60798
vn -0.831515 0.0915382 0.547908
v 3.1287 0.72847 -0.58527
vn -0.835417 0.456897 0.305489
v 3.1171 0.70576 -0.58527
vn -0.88181 0.450418 0.13977
v 3.136 0.72847 -0.56257
vn -0.78909 0.559414 0.253757
v 3.1199 0.70576 -0.56257
vn -0.838762 0.511529 0.186595
v 3.1836 0.74533 -0.56257
vn -0.174833 0.962676 0.206613
v 3.1836 0.75117 -0.57607
vn -0.255262 0.852495 0.456172
v 3.1609 0.74187 -0.56257
vn -0.221893 0.972517 0.0705289
v 3.1609 0.74266 -0.53986
vn -0.238716 0.971087 -0.00222409
v 3.1382 0.73057 -0.53986
vn -0.640592 0.767828 0.00903261
v 3.1836 0.74367 -0.53986
vn -0.0762538 0.996644 0.0297752
v 3.1609 0.74199 -0.51716
vn -0.18282 0.980063 0.0778051
v 3.1836 0.74369 -0.51716
vn -0.0486553 0.996491 0.0681011
v 3.2823 0.97822 -0.81232
vn -0.854674 -0.210966 0.474369
v 3.2892 0.95552 -0.81232
vn -0.834103 -0.253391 0.489965
v 3.2971 0.95552 -0.78697
vn -0.920893 -0.3471 0.17742
v 3.2063 0.78883 -0.60798
vn -0.228256 0.649579 0.725222
v 3.2063 0.79658 -0.61542
vn -0.212908 0.583028 0.784059
v 3.2275 0.79658 -0.60798
vn -0.277302 0.664116 0.694301
v 3.2068 0.81929 -0.63068
vn -0.141225 0.319041 0.93716
v 3.229 0.83083 -0.63068
vn -0.167873 0.304962 0.937453
v 3.229 0.84199 -0.63329
vn -0.0977971 0.226632 0.969058
v 3.229 0.81929 -0.62614
vn -0.231045 0.560059 0.795583
v 3.2498 0.84199 -0.63068
vn -0.185808 0.316391 0.930254
v 3.2517 0.80672 -0.60798
vn -0.261104 0.629821 0.73154
v 3.2517 0.81929 -0.61924
vn -0.255589 0.514565 0.818472
v 3.278 0.81929 -0.60798
vn -0.303132 0.601799 0.738883
v 3.2744 0.84199 -0.62587
vn -0.249853 0.545542 0.799973
v 3.2971 0.82817 -0.60798
vn -0.264411 0.634946 0.7259
v 3.2971 0.84199 -0.62029
vn -0.243263 0.646676 0.722934
v 3.3198 0.83863 -0.60798
vn -0.351664 0.702436 0.618802
v 3.32245 0.84199 -0.609535
vn -0.353893 0.679258 0.642937
v 3.20585 0.751325 -0.56257
vn -0.321 0.874437 0.363756
v 3.2063 0.74585 -0.53986
vn -0.200227 0.970783 0.132246
v 3.22645 0.75225 -0.53986
vn -0.379089 0.888329 0.25916
v 3.2063 0.74427 -0.51716
vn -0.147996 0.985662 0.0810439
v 3.229 0.74912 -0.51716
vn -0.333014 0.937418 0.101728
v 3.229 0.75117 -0.53028
vn -0.351597 0.924292 0.148538
v 3.2063 0.76644 -0.58527
vn -0.326862 0.789334 0.519723
v 3.229 0.761 -0.56257
vn -0.378796 0.832217 0.404881
v 3.2265 0.77388 -0.58383
vn -0.332609 0.769319 0.545453
v 3.25335 0.773105 -0.56257
vn -0.399501 0.812371 0.424796
v 3.2744 0.78325 -0.56257
vn -0.424809 0.838106 0.342221
v 3.2517 0.78701 -0.58527
vn -0.385506 0.773322 0.503347
v 3.2517 0.76475 -0.53986
vn -0.424711 0.871719 0.24439
v 3.2728 0.77388 -0.53722
vn -0.420717 0.869106 0.260099
v 3.2517 0.75991 -0.51716
vn -0.401616 0.902869 0.153402
v 3.2851 0.77388 -0.51716
vn -0.406432 0.883429 0.233167
v 3.3198 0.8214 -0.58527
vn -0.394545 0.785907 0.476114
v 3.2971 0.81929 -0.59777
vn -0.359926 0.729502 0.581618
v 3.3198 0.81098 -0.56257
vn -0.475537 0.807839 0.348225
v 3.2971 0.80951 -0.58527
vn -0.476569 0.76859 0.426792
v 3.29768 0.796223 -0.563945
vn -0.506956 0.774982 0.377357
v 3.3425 0.8327 -0.58527
vn -0.398799 0.759109 0.514502
v 3.3547 0.84199 -0.58527
vn -0.489182 0.633323 0.599669
v 3.3385 0.81929 -0.56257
vn -0.356372 0.853842 0.379411
v 3.3652 0.82931 -0.56257
vn -0.541926 0.773034 0.32975
v 3.3652 0.84199 -0.57503
vn -0.646632 0.534643 0.544081
v 3.2971 0.78005 -0.51716
vn -0.486554 0.831527 0.268007
v 3.3112 0.79658 -0.53986
vn -0.546676 0.794671 0.263899
v 3.3208 0.79658 -0.51716
vn -0.578599 0.784371 0.223574
v 3.3198 0.80332 -0.53986
vn -0.502792 0.846317 0.175918
v 3.3425 0.81739 -0.53986
vn -0.474996 0.876594 0.0772133
v 3.3425 0.81929 -0.55494
vn -0.407832 0.891765 0.196034
v 3.3494 0.81929 -0.53986
vn -0.330422 0.938317 0.101891
v 3.3652 0.82503 -0.53986
vn -0.620409 0.783731 -0.0293003
v 3.3425 0.81549 -0.51716
vn -0.516793 0.853127 0.0714077
v 3.3493 0.81929 -0.51716
vn -0.502951 0.862618 -0.054133
v 3.3652 0.83144 -0.51716
vn -0.720173 0.680452 -0.135407
v 3.3738 0.84199 -0.56257
vn -0.793464 0.538154 0.284265
v 3.3778 0.84199 -0.53986
vn -0.812357 0.582792 -0.0207144
v 3.3724 0.84199 -0.51716
vn -0.8208 0.553008 -0.143073
v 2.9565 1.0463 -0.6408
vn -0.555472 -0.285673 0.780924
v 2.9315 1.069 -0.65339
vn -0.600679 -0.0160402 0.79933
v 2.9319 1.0917 -0.65339
vn -0.599685 0.0100155 0.800173
v 2.9565 1.0917 -0.63661
vn -0.556107 0.00988292 0.831052
v 3.229 1.0463 -0.7905
vn -0.276963 -0.778732 -0.56291
v 3.2517 1.0364 -0.78962
vn -0.377348 -0.888443 -0.2613
v 3.2426 1.0463 -0.81232
vn -0.380612 -0.893789 -0.237226
v 3.1836 0.74063 -0.49445
vn -0.0632654 0.981412 0.181182
v 3.1609 0.73918 -0.49445
vn -0.0436724 0.981516 0.18633
v 3.1836 0.73491 -0.47175
vn -0.05338 0.956693 0.286163
v 3.1609 0.73478 -0.47175
vn -0.00551815 0.963564 0.267421
v 3.1836 0.72847 -0.45395
vn -0.0513631 0.954017 0.295319
v 3.1609 0.72847 -0.45586
vn -0.0190494 0.942431 0.333856
v 3.1609 0.72652 -0.44904
vn -0.266377 0.9289 0.25727
v 3.1609 0.7202 -0.42634
vn -0.371668 0.90212 0.219185
v 3.1382 0.70576 -0.44644
vn -0.894944 0.390215 0.21635
v 3.1439 0.70576 -0.42634
vn -0.636743 0.749637 0.180565
v 3.1836 0.72092 -0.42634
vn -0.0556109 0.972854 0.224638
v 3.1836 0.71698 -0.40363
vn -0.0563774 0.984455 0.166341
v 3.1557 0.70576 -0.40363
vn -0.64787 0.612547 0.452825
v 3.1609 0.70576 -0.39619
vn -0.64787 0.612547 0.452825
v 3.1609 0.71126 -0.40363
vn -0.64787 0.612547 0.452825
v 3.1836 0.70576 -0.3605
vn -0.506615 0.809904 0.295629
v 3.1663 0.68306 -0.35822
vn -0.737883 0.620007 0.266683
v 3.1709 0.70576 -0.38093
vn -0.695671 0.573612 0.432448
v 3.1836 0.69743 -0.33552
vn -0.586585 0.777476 0.226823
v 3.1699 0.68306 -0.33552
vn -0.719058 0.685531 0.114032
v 3.2063 0.74171 -0.49445
vn -0.118097 0.984174 0.132114
v 3.229 0.74487 -0.47175
vn -0.298443 0.948053 0.110126
v 3.2063 0.73693 -0.47175
vn -0.1944 0.946691 0.256877
v 3.2517 0.75556 -0.47175
vn -0.427545 0.894725 0.129119
v 3.1996 0.72847 -0.44904
vn -0.0941693 0.951094 0.294198
v 3.2063 0.72904 -0.447455
vn -0.358425 0.888795 0.285614
v 3.229 0.74009 -0.44904
vn -0.419685 0.875641 0.23899
v 3.2063 0.72278 -0.42634
vn -0.187419 0.955992 0.225729
v 3.2202 0.72847 -0.42634
vn -0.380997 0.896554 0.225904
v 3.2517 0.75098 -0.449895
vn -0.34032 0.915865 0.213012
v 3.2517 0.74525 -0.42634
vn -0.389309 0.890495 0.235495
v 3.2744 0.75117 -0.42248
vn -0.379191 0.892136 0.245576
v 3.2517 0.75755 -0.49445
vn -0.371621 0.923108 0.0988379
v 3.2744 0.76538 -0.49445
vn -0.343401 0.929846 0.132145
v 3.2744 0.76245 -0.47175
vn -0.32368 0.938382 0.121123
v 3.2744 0.75865 -0.44904
vn -0.331686 0.911683 0.242525
v 3.2978 0.77352 -0.49445
vn -0.448018 0.863035 0.233347
v 3.3198 0.78913 -0.49445
vn -0.575118 0.797016 0.184403
v 3.3198 0.78419 -0.47175
vn -0.580367 0.804442 0.126675
v 3.3057 0.77388 -0.47175
vn -0.540398 0.830941 0.132314
v 3.3652 0.83578 -0.49445
vn -0.757826 0.649034 -0.066744
v 3.3495 0.81929 -0.49445
vn -0.685921 0.72732 -0.0227857
v 3.3507 0.81929 -0.47175
vn -0.724248 0.686494 0.0647348
v 3.3425 0.81321 -0.49445
vn -0.71047 0.70033 0.0690666
v 3.3425 0.80995 -0.47175
vn -0.772198 0.622226 0.128626
v 3.3093 0.77388 -0.44904
vn -0.501345 0.858433 0.108382
v 3.2971 0.768 -0.44904
vn -0.42809 0.898084 0.100915
v 3.2971 0.76991 -0.47175
vn -0.417911 0.905292 0.0761375
v 3.3198 0.78118 -0.44904
vn -0.567488 0.816244 0.108185
v 3.3174 0.775485 -0.42634
vn -0.541915 0.828198 0.142885
v 3.2971 0.76418 -0.42634
vn -0.461716 0.867519 0.185011
v 3.3539 0.81929 -0.44904
vn -0.807368 0.563882 0.173765
v 3.3374 0.79658 -0.44904
vn -0.74589 0.640605 0.182409
v 3.3588 0.81929 -0.42634
vn -0.833994 0.521057 0.18153
v 3.3425 0.79658 -0.43147
vn -0.731946 0.653011 0.194502
v 3.3652 0.83079 -0.42634
vn -0.859544 0.478363 0.179868
v 3.2063 0.71857 -0.40363
vn -0.230031 0.956735 0.178168
v 3.229 0.72847 -0.40774
vn -0.40621 0.887856 0.216111
v 3.2063 0.71494 -0.38093
vn -0.224703 0.959259 0.171265
v 3.229 0.72204 -0.38093
vn -0.326989 0.926676 0.185335
v 3.2517 0.73915 -0.40363
vn -0.443305 0.865894 0.23175
v 3.2517 0.73304 -0.38093
vn -0.448259 0.863182 0.232337
v 3.2429 0.72847 -0.38093
vn -0.445275 0.864274 0.234008
v 3.2104 0.70576 -0.33552
vn -0.322234 0.919207 0.226325
v 3.2063 0.71044 -0.35822
vn -0.263026 0.941565 0.210408
v 3.229 0.7178 -0.35822
vn -0.384886 0.908448 0.163053
v 3.229 0.71352 -0.33552
vn -0.50117 0.856761 0.121612
v 3.2517 0.72847 -0.35877
vn -0.420727 0.904364 0.0715191
v 3.2744 0.73895 -0.35822
vn -0.432375 0.897899 0.082636
v 3.2517 0.72728 -0.33552
vn -0.434478 0.8995 0.0461445
v 3.2744 0.73724 -0.33552
vn -0.397606 0.912952 0.0918068
v 3.2841 0.75117 -0.40363
vn -0.450466 0.871368 0.194417
v 3.2744 0.7468 -0.40363
vn -0.403465 0.895574 0.18752
v 3.29475 0.75257 -0.38093
vn -0.484074 0.863686 0.140423
v 3.2744 0.74247 -0.38093
vn -0.425021 0.892212 0.152693
v 3.29715 0.751162 -0.358313
vn -0.496165 0.861138 0.110728
v 3.3027 0.75117 -0.33552
vn -0.479074 0.864972 0.149371
v 3.2971 0.75868 -0.40363
vn -0.492867 0.849107 0.19
v 3.3652 0.82252 -0.40363
vn -0.850842 0.500844 0.158817
v 3.3493 0.79658 -0.40363
vn -0.837269 0.527543 0.143803
v 3.3652 0.81867 -0.38471
vn -0.850888 0.517593 0.0899257
v 3.3518 0.79658 -0.38093
vn -0.822052 0.566573 0.0567897
v 3.3313 0.77388 -0.35822
vn -0.597156 0.795552 0.102477
v 3.3198 0.76263 -0.33552
vn -0.547939 0.814231 0.191811
v 3.3509 0.79658 -0.35822
vn -0.7836 0.621263 0.00195956
v 3.3425 0.78582 -0.38093
vn -0.776851 0.629589 -0.010958
v 3.3425 0.7855 -0.35822
vn -0.800343 0.59899 0.0257278
v 3.3517 0.79658 -0.33552
vn -0.791625 0.60363 0.0946599
v 3.3425 0.784 -0.33552
vn -0.799967 0.587353 0.122752
v 3.3692 0.84199 -0.49445
vn -0.834859 0.537747 -0.11764
v 3.229 0.70994 -0.31281
vn -0.628862 0.772838 0.0851703
v 3.2227 0.70576 -0.31281
vn -0.452083 0.875019 0.173099
v 3.229 0.70576 -0.28256
vn -0.591616 0.799404 0.104612
v 3.2517 0.728 -0.31281
vn -0.456687 0.889395 0.0203159
v 3.2744 0.7357 -0.31281
vn -0.29438 0.948445 0.117437
v 3.2517 0.72776 -0.29011
vn -0.426804 0.90113 0.076179
v 3.2744 0.72847 -0.27648
vn -0.187111 0.966161 0.177547
v 3.27555 0.72847 -0.26657
vn -0.0296046 0.99839 -0.0483861
v 3.2971 0.7434 -0.31281
vn -0.399668 0.895253 0.196944
v 3.3198 0.75117 -0.29603
vn -0.586556 0.778469 0.223469
v 3.2971 0.73652 -0.29011
vn -0.380161 0.899821 0.214009
v 3.3219 0.75117 -0.29011
vn -0.578012 0.801016 0.155803
v 3.2971 0.73109 -0.2674
vn -0.366199 0.926136 0.0903872
v 3.3198 0.74597 -0.2674
vn -0.54665 0.834015 0.0747845
v 3.2971 0.73198 -0.2447
vn -0.448941 0.887233 -0.106154
v 3.3198 0.74562 -0.2447
vn -0.532759 0.834115 -0.142899
v 3.3268 0.75117 -0.2674
vn -0.673841 0.73498 0.0757805
v 3.3258 0.75117 -0.2447
vn -0.705807 0.707398 -0.0377456
v 3.3562 0.79658 -0.31281
vn -0.777607 0.601497 0.183111
v 3.3392 0.77388 -0.31281
vn -0.779525 0.597907 0.186673
v 3.3441 0.77207 -0.29011
vn -0.723264 0.668883 0.171711
v 3.3625 0.79658 -0.29011
vn -0.761871 0.612086 0.211904
v 3.3652 0.80729 -0.31281
vn -0.752693 0.63252 0.182678
v 3.3425 0.76668 -0.2674
vn -0.715726 0.698237 0.014192
v 3.3491 0.77388 -0.2674
vn -0.747645 0.661521 0.0584577
v 3.3652 0.79658 -0.27898
vn -0.784129 0.604286 0.141351
v 3.3472 0.77388 -0.2447
vn -0.694285 0.719548 -0.0148114
v 3.3652 0.79068 -0.2447
vn -0.713824 0.698697 0.047727
v 3.368 0.79658 -0.2674
vn -0.755761 0.64926 0.0853636
v 3.2639 0.75117 -0.19929
vn 0.0377281 0.81732 -0.574947
v 3.2744 0.751085 -0.1991
vn 0.0338434 0.872363 -0.487685
v 3.2971 0.74123 -0.22199
vn -0.486269 0.809256 -0.329617
v 3.2971 0.74951 -0.19929
vn 0.0598094 0.911195 -0.407612
v 3.2744 0.76669 -0.17658
vn 0.037834 0.816793 -0.575689
v 3.2517 0.76796 -0.17658
vn 0.0455864 0.814817 -0.577923
v 3.3425 0.77007 -0.22199
vn -0.66626 0.745602 -0.0132111
v 3.3652 0.78713 -0.22199
vn -0.641654 0.764438 0.0625738
v 3.3198 0.76751 -0.15387
vn -0.111989 0.943278 -0.312547
v 3.3198 0.75949 -0.17658
vn -0.108195 0.937394 -0.331039
v 3.2971 0.75687 -0.17658
vn -0.108195 0.937394 -0.331039
v 3.3425 0.77025 -0.15387
vn -0.114268 0.946664 -0.30128
v 3.3425 0.76698 -0.17658
vn -0.257894 0.960415 -0.105326
v 3.3535 0.77388 -0.15387
vn -0.416668 0.894418 -0.162492
v 3.3557 0.77388 -0.17658
vn -0.430821 0.901472 -0.0417376
v 3.3652 0.77888 -0.15387
vn -0.381354 0.892382 -0.241295
v 3.3736 0.79658 -0.22199
vn -0.755879 0.645684 0.108345
v 2.9792 1.3541 -0.74421
vn -0.323401 0.608379 -0.724766
v 2.9982 1.3642 -0.74421
vn -0.320286 0.832821 -0.451471
v 2.9875 1.3514 -0.75018
vn -0.323401 0.608379 -0.724766
v 3.3443 0.77924 -0.13874
vn -0.190126 0.84501 -0.499811
v 3.3013 0.91011 -0.81232
vn -0.944402 -0.142866 0.296133
v 3.2971 0.91011 -0.82117
vn -0.920916 -0.208154 0.329522
v 3.3054 0.8874 -0.81232
vn -0.904995 -0.308336 0.293107
v 3.3044 0.93281 -0.78962
vn -0.947485 -0.229744 0.222465
v 3.2971 0.93281 -0.8123
vn -0.890948 -0.270313 0.364886
v 3.3068 0.91011 -0.78962
vn -0.966791 -0.102212 0.234238
v 3.3058 0.93281 -0.76691
vn -0.948389 -0.311673 0.058465
v 3.4106 0.94969 -0.56257
vn -0.170547 0.834105 -0.524579
v 3.3879 0.95552 -0.54592
vn -0.170547 0.834105 -0.524579
v 3.4106 0.95552 -0.5533
vn -0.170547 0.834105 -0.524579
v 3.2242 1.069 -0.81232
vn -0.701947 -0.673413 -0.231916
v 3.229 1.0615 -0.81232
vn -0.926371 -0.342773 0.156026
v 3.2063 1.0861 -0.81232
vn -0.660587 -0.691492 -0.292342
v 3.2063 1.069 -0.79865
vn -0.512289 -0.536257 -0.670812
v 3.3879 1.0341 -0.58527
vn -0.11929 0.982637 0.142107
v 3.3879 1.0463 -0.60072
vn -0.0196533 0.784666 0.619607
v 3.3652 1.0463 -0.60144
vn -0.0196533 0.784666 0.619607
v 3.3879 1.0376 -0.56257
vn -0.224846 0.963015 -0.148482
v 3.3652 1.0323 -0.56257
vn -0.15197 0.985625 -0.0738126
v 3.3652 1.0324 -0.58527
vn -0.0746817 0.997198 0.00439367
v 3.1713 0.66035 -0.33552
vn -0.902116 -0.424024 0.0799416
v 3.1701 0.66035 -0.35822
vn -0.963876 -0.252702 0.0841769
v 3.1836 0.64724 -0.33552
vn -0.705229 -0.701102 0.105392
v 3.1733 0.66035 -0.31281
vn -0.917937 -0.390684 0.0689848
v 3.1836 0.65178 -0.31281
vn -0.617654 -0.774758 0.135105
v 3.1742 0.66035 -0.29011
vn -0.956531 -0.131243 0.26043
v 3.1836 0.65454 -0.29011
vn -0.505849 -0.829267 0.237556
v 3.1836 0.66035 -0.27297
vn -0.782822 -0.0804805 0.617019
v 3.1382 0.67831 -0.47175
vn -0.901154 -0.4174 0.11704
v 3.13855 0.68306 -0.451925
vn -0.934717 -0.321928 0.150552
v 3.1331 0.70576 -0.47175
vn -0.984298 -0.0903003 0.151665
v 3.1382 0.68761 -0.44904
vn -0.976251 -0.0409157 0.212745
v 3.1435 0.68306 -0.42634
vn -0.948659 -0.184068 0.257224
v 3.1531 0.66035 -0.44904
vn -0.835648 -0.52251 0.16934
v 3.1523 0.68306 -0.40363
vn -0.898874 0.121042 0.421158
v 3.16125 0.68306 -0.382
vn -0.891573 0.320412 0.320052
v 3.1685 0.66035 -0.38093
vn -0.983916 -0.164632 0.0693216
v 3.1836 0.68974 -0.31281
vn -0.483965 0.842269 0.237404
v 3.1756 0.68306 -0.31281
vn -0.886468 0.449792 0.108907
v 3.1836 0.68306 -0.28639
vn -0.51645 0.749147 0.414799
v 3.1819 0.68306 -0.29011
vn -0.694025 0.677233 0.244306
v 3.1946 0.63765 -0.33552
vn -0.601322 -0.775744 0.191397
v 3.2032 0.63765 -0.31281
vn -0.573187 -0.795085 0.198234
v 3.2063 0.63765 -0.30169
vn -0.544542 -0.823113 0.16112
v 3.2063 0.64155 -0.29011
vn -0.466983 -0.816055 0.340558
v 3.1921 0.66035 -0.2674
vn -0.608016 -0.0727672 0.790583
v 3.2063 0.65196 -0.2674
vn -0.65331 -0.667575 0.357113
v 3.2063 0.66035 -0.25982
vn -0.785173 0.0277784 0.618653
v 3.2171 0.66035 -0.2447
vn -0.954133 0.107664 0.279356
v 3.2169 0.63765 -0.2447
vn -0.960896 -0.159001 0.226712
v 3.2139 0.63765 -0.2674
vn -0.877215 -0.46589 0.115932
v 3.2213 0.66035 -0.22199
vn -0.973948 0.164066 0.15655
v 3.2157 0.63765 -0.22199
vn -0.989817 0.126447 0.0653729
v 3.2314 0.66035 -0.15387
vn -0.962056 0.233269 0.141539
v 3.229 0.66035 -0.16833
vn -0.934251 0.307545 0.180532
v 3.229 0.65476 -0.15387
vn -0.908392 0.389993 0.150765
v 3.3652 0.91488 -0.49445
vn -0.498359 -0.775783 -0.387038
v 3.3425 0.93281 -0.50116
vn -0.535683 -0.700953 -0.47086
v 3.3652 0.92621 -0.51716
vn -0.535683 -0.700953 -0.47086
v 3.3617 0.93281 -0.51716
vn -0.606201 -0.321468 -0.727446
v 3.3589 0.91011 -0.47175
vn -0.248765 -0.896657 -0.366228
v 3.3425 0.908315 -0.454825
vn -0.229931 -0.921624 -0.312637
v 3.3425 0.91466 -0.47175
vn -0.248765 -0.896657 -0.366228
v 3.2744 0.94107 -0.47175
vn -0.220084 0.905286 -0.363346
v 3.2779 0.93281 -0.49445
vn -0.220084 0.905286 -0.363346
v 3.2744 0.93281 -0.49233
vn -0.220084 0.905286 -0.363346
v 3.3652 0.89449 -0.40363
vn -0.503094 -0.858589 -0.0986019
v 3.3652 0.89798 -0.42634
vn -0.647729 -0.753031 -0.115722
v 3.3775 0.8874 -0.42634
vn -0.647729 -0.753031 -0.115722
v 3.3652 0.89094 -0.38093
vn -0.280956 -0.952155 -0.120272
v 3.3763 0.8874 -0.38093
vn -0.373799 -0.923309 -0.0881745
v 3.378 0.8874 -0.40363
vn -0.484224 -0.874192 -0.0362619
v 3.3652 0.88811 -0.35822
vn -0.165442 -0.97865 -0.121955
v 3.3694 0.8874 -0.35822
vn -0.2663 -0.958669 -0.100188
v 3.3879 1.0213 -0.38093
vn -0.0742667 0.991716 0.104801
v 3.3879 1.0189 -0.35822
vn -0.0746713 0.997118 -0.0134073
v 3.4106 1.0206 -0.35822
vn -0.0746713 0.997118 -0.0134073
v 3.4106 1.0236 -0.3363
vn -0.165883 0.983985 -0.065232
v 3.2063 0.69934 -0.31281
vn -0.362229 0.899026 0.246051
v 3.2063 0.6933 -0.29011
vn -0.452773 0.861214 0.230881
v 3.2063 0.68306 -0.26652
vn -0.609846 0.581135 0.538859
v 3.229 0.7044 -0.2674
vn -0.789775 0.596661 0.142307
v 3.2202 0.68306 -0.2447
vn -0.905067 0.315952 0.284654
v 3.2294 0.70576 -0.2447
vn -0.904629 0.42619 0.00288982
v 3.2517 0.72847 -0.27611
vn 0.0349857 0.996969 -0.0694899
v 3.2517 0.72946 -0.2674
vn 0.0560214 0.978993 -0.196047
v 3.2744 0.733 -0.2447
vn 0.0488192 0.952996 -0.299024
v 3.2517 0.73476 -0.2447
vn 0.0552557 0.957217 -0.284048
v 3.2246 0.68306 -0.22199
vn -0.967444 0.197801 0.15788
v 3.229 0.70039 -0.22199
vn -0.955025 0.265425 0.132197
v 3.229 0.683755 -0.19853
vn -0.964768 0.209169 0.159593
v 3.2231 0.66035 -0.19929
vn -0.966636 0.206035 0.152201
v 3.233 0.70576 -0.19929
vn -0.966497 0.244873 0.0769452
v 3.2304 0.70576 -0.22199
vn -0.924748 0.365545 0.105916
v 3.2744 0.74185 -0.22199
vn 0.0353184 0.937669 -0.345729
v 3.2517 0.74227 -0.22199
vn -0.577433 0.780331 -0.240114
v 3.2383 0.72847 -0.19929
vn -0.940445 0.321258 -0.111158
v 3.2401 0.72847 -0.22199
vn -0.912195 0.409731 -0.00452364
v 3.249 0.75117 -0.19929
vn -0.839381 0.445626 -0.311221
v 3.2517 0.75244 -0.201555
vn -0.82007 0.493797 -0.289223
v 3.229 0.66491 -0.17658
vn -0.95711 0.226277 0.18094
v 3.2329 0.68306 -0.17658
vn -0.972905 0.165062 0.161899
v 3.2355 0.70576 -0.17658
vn -0.988031 0.119218 0.097884
v 3.2365 0.68306 -0.15387
vn -0.98044 0.149354 0.128179
v 3.2376 0.70576 -0.15387
vn -0.998283 0.00440035 0.0584102
v 3.2372 0.72847 -0.17658
vn -0.995163 0.094234 -0.0277454
v 3.2416 0.75117 -0.17658
vn -0.907745 0.372815 -0.192375
v 3.237 0.72847 -0.15387
vn -0.999809 0.0114511 -0.0158517
v 3.2383 0.75117 -0.15387
vn -0.962075 0.245878 -0.118138
v 3.3039 0.75117 -0.19929
vn -0.360278 0.900689 -0.242816
v 3.3185 0.75117 -0.22469
vn -0.575428 0.791409 -0.206289
v 3.2469 0.77388 -0.15387
vn -0.885819 0.410153 -0.217024
v 3.2517 0.77388 -0.16668
vn -0.671609 0.656352 -0.34372
v 3.2744 0.77388 -0.1684
vn -0.0650101 0.829193 -0.555169
v 3.2517 0.78011 -0.15387
vn -0.401189 0.834328 -0.378078
v 3.2744 0.78495 -0.15387
vn -0.235154 0.872726 -0.427845
v 3.3198 0.75669 -0.19929
vn -0.485691 0.871052 -0.0733025
v 3.3425 0.7679 -0.19929
vn -0.468671 0.880614 0.0697612
v 3.3521 0.77388 -0.19929
vn -0.519703 0.851546 0.0691248
v 3.3652 0.77959 -0.17658
vn -0.637588 0.76227 0.111469
v 3.3652 0.78291 -0.19929
vn -0.629106 0.770606 0.101946
v 3.3835 0.79658 -0.17658
vn -0.666824 0.71824 0.198688
v 3.3774 0.79658 -0.19929
vn -0.701441 0.697778 0.145212
v 3.394 0.79658 -0.15387
vn -0.511757 0.832745 0.211283
v 3.3879 0.79658 -0.16405
vn -0.566662 0.799491 0.199271
v 3.4106 0.80629 -0.15387
vn -0.438975 0.787605 0.432411
v 3.4106 0.819925 -0.17544
vn -0.468024 0.788342 0.399337
v 3.3879 0.80137 -0.17658
vn -0.554269 0.732456 0.39534
v 3.4333 0.81929 -0.16625
vn -0.187021 0.828792 0.527377
v 3.229 0.89826 -0.2674
vn -0.0205685 0.843543 0.536667
v 3.229 0.8874 -0.25033
vn -0.0205685 0.843543 0.536667
v 3.2517 0.8874 -0.24946
vn -0.0205685 0.843543 0.536667
v 3.3198 0.94336 -0.2674
vn -0.0104016 0.754767 0.655911
v 3.3198 0.93281 -0.25526
vn -0.0104016 0.754767 0.655911
v 3.3425 0.93281 -0.2549
vn -0.0104016 0.754767 0.655911
v 3.2377 0.66035 -0.063054
vn -0.972487 0.232959 -0.000337277
v 3.2373 0.66035 -0.085759
vn -0.983162 0.182151 0.0146438
v 3.229 0.64108 -0.085759
vn -0.927371 0.372043 0.0395838
v 3.2293 0.63765 -0.063054
vn -0.905057 0.423938 0.0338828
v 3.2369 0.66035 -0.040349
vn -0.974425 0.22049 -0.043368
v 3.229 0.63765 -0.035023
vn -0.913018 0.406318 -0.0361075
v 3.239 0.68306 -0.13117
vn -0.994041 0.0850634 0.0681713
v 3.2344 0.66035 -0.13117
vn -0.973334 0.204297 0.104324
v 3.239 0.70576 -0.13117
vn -0.997846 -0.0553763 0.0351555
v 3.2401 0.68306 -0.10846
vn -0.997486 0.0651669 0.0278226
v 3.2362 0.66035 -0.10846
vn -0.982201 0.178762 0.0576697
v 3.2395 0.70576 -0.10846
vn -0.998499 -0.0538702 0.00988929
v 3.237 0.72847 -0.13117
vn -0.999175 -0.0388729 0.011738
v 3.2369 0.75117 -0.13117
vn -0.990566 0.133071 -0.0327239
v 3.2375 0.72847 -0.0971095
vn -0.9984 -0.0537936 0.0174377
v 3.2367 0.75117 -0.10846
vn -0.996787 0.0781446 0.0175566
v 3.2403 0.68306 -0.085759
vn -0.999361 0.035212 -0.006158
v 3.2399 0.68306 -0.063054
vn -0.998974 0.0395995 -0.0219951
v 3.2393 0.70576 -0.063054
vn -0.998413 -0.0476412 -0.0300449
v 3.2378 0.75117 -0.085759
vn -0.994666 0.0970067 0.0350504
v 3.2378 0.72847 -0.063054
vn -0.999751 -0.0144683 -0.0169806
v 3.2386 0.75117 -0.063054
vn -0.984587 0.174891 0.00145002
v 3.243 0.77388 -0.13117
vn -0.916342 0.387205 -0.101929
v 3.2517 0.78758 -0.13117
vn -0.5495 0.79954 -0.242458
v 3.2744 0.796185 -0.13004
vn -0.327289 0.88636 -0.327488
v 3.2417 0.77388 -0.10846
vn -0.941969 0.335652 -0.00558471
v 3.2517 0.79163 -0.10846
vn -0.801204 0.597672 -0.029335
v 3.2596 0.79658 -0.10846
vn -0.415415 0.896159 -0.155978
v 3.2744 0.80235 -0.10846
vn -0.356272 0.913843 -0.194835
v 3.2429 0.77388 -0.085759
vn -0.936197 0.348818 0.0431326
v 3.2517 0.79143 -0.085759
vn -0.816972 0.576105 0.0256877
v 3.2579 0.79658 -0.085759
vn -0.533826 0.845557 -0.00792073
v 3.2444 0.77388 -0.063054
vn -0.946214 0.3233 0.0125044
v 3.2517 0.78951 -0.063054
vn -0.859654 0.510872 0.00215823
v 3.2587 0.79658 -0.063054
vn -0.588118 0.808429 -0.023676
v 3.2744 0.80578 -0.085759
vn -0.522104 0.851209 -0.0533909
v 3.2391 0.68306 -0.040349
vn -0.998355 0.0307807 -0.0483668
v 3.2383 0.70576 -0.040349
vn -0.99766 -0.047457 -0.0492125
v 3.2367 0.72847 -0.040349
vn -0.997509 -0.0282429 -0.0646409
v 3.2376 0.75117 -0.040349
vn -0.986784 0.142698 -0.0767796
v 3.2435 0.77388 -0.040349
vn -0.942174 0.328643 -0.0655925
v 3.2517 0.7912 -0.040349
vn -0.863178 0.49813 -0.0824066
v 3.257 0.79658 -0.040349
vn -0.606439 0.791803 -0.0726669
v 3.2744 0.80889 -0.040349
vn -0.57224 0.818185 -0.0558138
v 3.40975 1.0241 -0.31281
vn -0.334791 0.941577 0.0367062
v 3.3889 0.79072 -0.13494
vn -0.520176 0.846387 0.114218
v 3.0246 1.3796 -0.7215
vn -0.33172 0.941187 -0.0642528
v 3.0246 1.3724 -0.74421
vn -0.352167 0.913622 -0.203161
v 3.0019 1.3687 -0.7215
vn -0.418542 0.900001 0.121739
v 3.0473 1.3806 -0.6988
vn -0.183252 0.967413 0.17473
v 3.0473 1.3847 -0.7215
vn -0.183252 0.967413 0.17473
v 3.07 1.3841 -0.6988
vn -0.150013 0.972942 0.175728
v 2.9164 1.0917 -0.67609
vn -0.824353 0.060001 0.562887
v 2.9338 1.1006 -0.65339
vn -0.813299 0.173621 0.555338
v 2.9537 1.1372 -0.65339
vn -0.52499 0.506884 0.683706
v 2.9565 1.1372 -0.65124
vn -0.52499 0.506884 0.683706
v 2.9565 1.1401 -0.65339
vn -0.52499 0.506884 0.683706
v 3.2497 0.72847 -0.2674
vn -0.69392 0.692485 -0.197333
v 3.243 0.72847 -0.2447
vn -0.793659 0.59507 -0.126477
v 3.2806 1.0009 -0.78962
vn -0.947577 -0.312872 0.0648834
v 3.2744 1.0079 -0.81232
vn -0.940796 -0.295665 0.165787
v 3.289 0.97822 -0.76691
vn -0.947654 -0.317548 0.0333884
v 3.2882 0.97822 -0.78962
vn -0.947654 -0.317548 0.0333884
v 3.3652 0.86625 -0.58527
vn -0.868797 0.275605 0.41138
v 3.3725 0.8647 -0.56257
vn -0.905026 0.0598582 0.421123
v 3.38825 0.81871 -0.2447
vn -0.853061 0.514791 0.0853056
v 3.3879 0.81929 -0.2517
vn -0.853061 0.514791 0.0853056
v 3.3879 0.81019 -0.19929
vn -0.786623 0.602672 0.134204
v 3.3911 0.81929 -0.22199
vn -0.79042 0.602872 0.108546
v 3.2063 0.59224 -0.1333
vn -0.90226 -0.429111 0.0423161
v 3.2744 1.0009 -0.81808
vn -0.779332 -0.398149 0.483859
v 2.9643 1.3415 -0.74421
vn -0.404741 0.478623 -0.779169
v 3.0246 0.89411 -0.65339
vn -0.545911 -0.374247 0.749613
v 3.0246 0.8874 -0.65674
vn -0.545911 -0.374247 0.749613
v 3.0292 0.8874 -0.65339
vn -0.545911 -0.374247 0.749613
v 2.9565 1.0236 -0.64854
vn -0.491351 -0.281081 0.824359
v 2.9792 1.0236 -0.63501
vn -0.491351 -0.281081 0.824359
v 2.9371 1.1372 -0.67609
vn -0.676883 0.544805 0.494993
v 2.9338 1.1331 -0.67609
vn -0.693907 0.500195 0.517975
v 2.9338 1.1145 -0.65859
vn -0.696984 0.491378 0.522265
v 3.0019 0.97822 -0.6373
vn -0.509326 -0.238343 0.82691
v 3.0473 0.8576 -0.65339
vn -0.484228 -0.286441 0.826725
v 3.0473 0.8647 -0.65093
vn -0.484228 -0.286441 0.826725
v 2.9792 1.0952 -0.63011
vn -0.101181 0.153958 0.982883
v 2.9565 1.1145 -0.64071
vn -0.383998 0.313335 0.868543
v 2.9735 1.0917 -0.63068
vn -0.301721 0.186352 0.935007
v 3.0019 1.1022 -0.63068
vn -0.0434616 0.227452 0.972819
v 3.0019 1.1145 -0.63336
vn -0.0152297 0.21324 0.976881
v 2.9792 1.1145 -0.63457
vn -0.0434616 0.227452 0.972819
v 2.939 1.1145 -0.65339
vn -0.574372 0.371955 0.729209
v 2.9565 1.1556 -0.67609
vn -0.47889 0.724987 0.495033
v 2.9792 1.1529 -0.65339
vn -0.227454 0.56353 0.794165
v 2.9792 1.1599 -0.66193
vn -0.359945 0.794933 0.488386
v 2.9646 1.1599 -0.67609
vn -0.429402 0.773737 0.465773
v 3.0005 1.1603 -0.65339
vn -0.297593 0.611986 0.732743
v 2.9792 1.166 -0.67609
vn -0.351874 0.797953 0.489342
v 3.0019 1.1794 -0.67609
vn -0.447587 0.65446 0.609383
v 2.9792 1.1372 -0.64371
vn -0.236193 0.476136 0.847058
v 3.0019 1.1372 -0.6409
vn -0.171042 0.47333 0.86412
v 3.0246 1.1734 -0.65339
vn -0.346956 0.504832 0.790421
v 3.0246 1.1826 -0.65806
vn -0.544123 0.392515 0.741527
v 3.0042 1.1826 -0.67609
vn -0.597959 0.42978 0.676561
v 3.0365 1.1826 -0.65339
vn -0.260109 0.342995 0.902606
v 3.0246 1.1372 -0.63843
vn -0.0427834 0.213271 0.976056
v 3.0246 1.1145 -0.63347
vn -0.0427834 0.213271 0.976056
v 3.0473 1.1372 -0.63633
vn -0.0874998 0.2106 0.973649
v 3.0246 1.1599 -0.64692
vn -0.213675 0.439369 0.872524
v 3.07 1.1599 -0.63921
vn -0.108645 0.252444 0.961493
v 3.07 1.1372 -0.63435
vn -0.0849841 0.208595 0.974303
v 3.0473 1.1599 -0.64236
vn -0.187356 0.336125 0.922994
v 3.0473 1.1901 -0.65339
vn -0.195353 0.326353 0.924841
v 3.07 1.1826 -0.64627
vn -0.166853 0.313024 0.934974
v 3.07 1.2053 -0.65348
vn -0.194504 0.330495 0.923548
v 3.2469 1.1599 -0.63068
vn -0.157346 -0.201383 0.966792
v 3.2744 1.1599 -0.6259
vn -0.173083 -0.195324 0.965345
v 3.2063 1.1826 -0.63221
vn -0.0293805 -0.0127677 0.999487
v 3.1836 1.1599 -0.63209
vn 0.0180581 -0.0127711 0.999755
v 3.2063 1.1599 -0.6325
vn -0.0359396 -0.0207403 0.999139
v 3.22535 1.1826 -0.63022
vn -0.13174 -0.0421327 0.990389
v 3.229 1.1734 -0.63068
vn -0.125879 -0.126805 0.983908
v 3.2517 1.1826 -0.62548
vn -0.180155 -0.124304 0.975752
v 3.229 1.2053 -0.62882
vn -0.209313 -0.0657597 0.975635
v 3.2517 1.2053 -0.62336
vn -0.232903 -0.0904312 0.968286
v 2.9744 1.455 -0.31281
vn -0.0174544 -0.0681851 0.99752
v 2.9792 1.4323 -0.31479
vn -0.00262968 -0.104344 0.994538
v 3.0019 1.4323 -0.31473
vn -0.018494 -0.108502 0.993924
v 3.0246 1.4437 -0.31281
vn -0.00880688 -0.0804066 0.996723
v 3.03595 1.4323 -0.313975
vn -0.0157225 -0.103421 0.994513
v 3.0246 1.455 -0.31206
vn -0.000790609 -0.0211322 0.999776
v 3.08135 1.4323 -0.313785
vn 0.0193652 -0.062961 0.997828
v 3.0974 1.455 -0.31281
vn 0.0104647 -0.0559583 0.998378
v 3.1154 1.4323 -0.3151
vn 0.0298729 -0.0768498 0.996595
v 3.1382 1.455 -0.31285
vn -0.0303686 -0.0567122 0.997929
v 2.9565 1.069 -0.63668
vn -0.514819 -0.105005 0.850844
v 2.9709 1.069 -0.63068
vn -0.379328 -0.165234 0.910389
v 3.0927 1.1826 -0.64209
vn -0.105289 0.229335 0.967636
v 3.0927 1.1599 -0.63671
vn -0.100609 0.225267 0.969089
v 3.1154 1.1826 -0.63965
vn -0.0859498 0.230788 0.9692
v 3.1154 1.1599 -0.63458
vn -0.0719612 0.209344 0.975191
v 3.1382 1.1826 -0.6379
vn -0.0800654 0.226965 0.970606
v 3.1382 1.1599 -0.63342
vn -0.0579195 0.176349 0.982622
v 3.1382 1.2053 -0.644
vn -0.09026 0.258457 0.961797
v 3.1609 1.1826 -0.63586
vn -0.0892534 0.188632 0.977984
v 3.1609 1.1599 -0.6326
vn -0.0609341 0.14189 0.988005
v 3.1836 1.1826 -0.63388
vn -0.10985 0.135766 0.984632
v 3.1609 1.2053 -0.64148
vn -0.124189 0.23596 0.963795
v 3.1836 1.2053 -0.63791
vn -0.176237 0.185533 0.966705
v 3.1836 1.228 -0.6428
vn -0.216123 0.205609 0.954471
v 3.2063 1.2053 -0.63341
vn -0.164945 0.105183 0.980678
v 3.2202 1.2053 -0.63068
vn -0.167639 0.0407612 0.985005
v 3.2063 1.228 -0.63609
vn -0.226265 0.149508 0.962524
v 3.1831 0.61494 -0.78623
vn -0.915508 0.379387 0.133831
v 3.0745 0.79658 -0.65339
vn -0.479778 -0.0136223 0.877284
v 3.0754 0.77388 -0.65339
vn -0.534222 -0.0211813 0.845079
v 3.0927 0.79658 -0.64281
vn -0.403649 0.109173 0.908377
v 3.0927 0.81929 -0.64501
vn -0.329968 -0.00237667 0.943989
v 3.07 0.84199 -0.64819
vn -0.37426 -0.224767 0.899672
v 3.0927 0.84199 -0.64238
vn -0.157038 -0.104348 0.982064
v 3.0473 0.8874 -0.64525
vn -0.373936 -0.225126 0.899717
v 3.07 0.8647 -0.64221
vn -0.306504 -0.221312 0.925784
v 3.0927 0.8647 -0.6388
vn -0.0974547 -0.123068 0.987602
v 3.1154 0.8647 -0.63827
vn 0.00767888 -0.0584607 0.99826
v 3.1382 0.8647 -0.63915
vn 0.00846512 0.0144076 0.99986
v 3.19495 0.8647 -0.637695
vn -0.0693732 0.0699007 0.995139
v 3.3458 0.8647 -0.60798
vn -0.622218 0.385086 0.681582
v 3.374 0.8647 -0.53986
vn -0.991575 -0.129526 0.00145761
v 2.9565 1.3325 -0.74421
vn -0.8282 0.555307 -0.0756208
v 2.9565 1.3188 -0.75803
vn -0.803835 0.422454 -0.418786
v 2.9493 1.3188 -0.74421
vn -0.928356 0.368553 -0.0482003
v 2.95 1.3188 -0.7215
vn -0.937971 0.297729 0.177674
v 2.9452 1.2961 -0.7215
vn -0.949661 0.207805 0.234437
v 2.9565 1.3317 -0.7215
vn -0.844537 0.514117 0.149806
v 2.9565 1.3067 -0.6988
vn -0.822701 0.247811 0.511618
v 2.9565 1.3188 -0.7062
vn -0.796959 0.424494 0.429723
v 2.9645 1.3415 -0.7215
vn -0.697737 0.677798 0.231849
v 2.9609 1.3188 -0.6988
vn -0.681008 0.439409 0.585789
v 2.9792 1.3401 -0.6988
vn -0.574327 0.616028 0.539127
v 2.9792 1.3546 -0.7215
vn -0.563172 0.770776 0.297897
v 2.9945 1.3642 -0.7215
vn -0.506059 0.861892 0.0323527
v 3.0019 1.3557 -0.6988
vn -0.43977 0.708458 0.551987
v 3.0166 1.3642 -0.6988
vn -0.403918 0.699538 0.589489
v 3.0246 1.3692 -0.6988
vn -0.423319 0.792439 0.439137
v 2.9792 1.3109 -0.67609
vn -0.698679 0.277364 0.659483
v 2.9792 1.3188 -0.67984
vn -0.527427 0.544773 0.651953
v 3.0019 1.332 -0.67609
vn -0.408592 0.581387 0.703592
v 3.0019 1.3415 -0.68394
vn -0.427243 0.61597 0.66185
v 3.0174 1.3415 -0.67609
vn -0.374539 0.609823 0.698453
v 3.0473 1.36215 -0.677985
vn -0.381372 0.662528 0.644679
v 3.07 1.3708 -0.67609
vn -0.172105 0.782212 0.598769
v 3.0555 1.3642 -0.67609
vn -0.312147 0.713135 0.627696
v 3.07 1.3642 -0.67051
vn 0.0619196 0.689612 0.721527
v 3.0927 1.368 -0.67609
vn 0.0619196 0.689612 0.721527
v 3.0927 1.3642 -0.67173
vn 0.0352896 0.75339 0.656627
v 3.3425 1.1599 -0.61919
vn 0.320881 0.157974 0.933852
v 3.3425 1.1826 -0.62303
vn 0.320881 0.157974 0.933852
v 3.3198 1.1826 -0.61523
vn 0.320881 0.157974 0.933852
v 3.2427 1.3188 -0.67609
vn -0.201422 0.954106 0.221608
v 3.2517 1.3188 -0.66791
vn -0.201422 0.954106 0.221608
v 3.2517 1.3207 -0.67609
vn -0.201422 0.954106 0.221608
v 3.3652 0.83793 -0.47175
vn -0.82602 0.563569 0.00894452
v 3.3652 0.83744 -0.44904
vn -0.883691 0.466133 0.0425569
v 3.3652 0.81757 -0.35822
vn -0.847879 0.529299 0.0307263
v 3.3668 0.81689 -0.33552
vn -0.83436 0.543754 0.0904197
v 3.3674 0.84199 -0.47175
vn -0.878567 0.47605 -0.0386967
v 3.3702 0.84199 -0.42634
vn -0.906699 0.404766 0.118577
v 2.8657 1.3321 -0.35822
vn 0.0652534 -0.987498 -0.143492
v 2.8657 1.3354 -0.38093
vn 0.065255 -0.987522 -0.143326
v 2.9111 1.3359 -0.35822
vn 0.0600367 -0.997973 -0.0211072
v 2.8657 1.34115 -0.33511
vn 0.0874063 -0.650862 0.754147
v 2.8657 1.3642 -0.32146
vn 0.0965793 -0.501469 0.859768
v 2.9111 1.3471 -0.33552
vn 0.0531048 -0.635937 0.769912
v 2.9338 1.3642 -0.32594
vn 0.0561308 -0.5442 0.837076
v 2.8884 1.3642 -0.32233
vn 0.0654702 -0.553511 0.830264
v 3.0019 1.0035 -0.63108
vn -0.137393 -0.150606 0.979
v 3.0246 0.99295 -0.63068
vn -0.00780361 -0.106221 0.994312
v 3.02655 1.0009 -0.63044
vn 0.121934 -0.0598174 0.990734
v 3.1154 0.93281 -0.64748
vn 0.0113131 0.136563 0.990567
v 3.1154 0.95552 -0.65
vn 0.0708757 0.0314491 0.996989
v 3.0927 0.95552 -0.64641
vn 0.145563 0.0103129 0.989295
v 3.1382 0.95552 -0.64951
vn -0.0571728 0.114196 0.991812
v 3.1382 0.93281 -0.64516
vn -0.099442 0.187194 0.977277
v 3.0927 0.97822 -0.64588
vn 0.109164 -0.0554127 0.992478
v 3.1154 0.97822 -0.64872
vn 0.105577 -0.0725164 0.991763
v 3.1382 0.97822 -0.65061
vn 0.0343103 -0.0353722 0.998785
v 3.1609 0.97822 -0.65043
vn -0.0564022 0.0298033 0.997963
v 3.1609 0.95552 -0.64643
vn -0.132447 0.172009 0.976151
v 3.0927 1.0009 -0.64476
vn 0.0793413 -0.0598611 0.995049
v 3.1154 1.0009 -0.64657
vn 0.0645063 -0.0754832 0.995058
v 3.1609 1.0236 -0.64752
vn 0.0646176 -0.0939144 0.993481
v 3.0927 1.0236 -0.64315
vn 0.0872386 -0.0777888 0.993146
v 3.1609 1.0009 -0.64981
vn 0.0270938 -0.0691494 0.997238
v 3.1836 0.97822 -0.64744
vn -0.130055 0.0905501 0.987363
v 3.1836 1.0236 -0.64846
vn 0.00967012 -0.0646198 0.997863
v 3.2063 1.0236 -0.64847
vn -0.0558568 0.0096761 0.998392
v 3.2063 1.0009 -0.64697
vn -0.111393 0.0655257 0.991614
v 3.3425 0.95107 -0.63068
vn -0.182967 -0.0945687 0.97856
v 3.3652 0.95552 -0.62344
vn -0.32086 -0.135449 0.937392
v 3.3652 0.97822 -0.62016
vn -0.319079 -0.170909 0.93219
v 3.3425 0.97822 -0.62793
vn -0.297256 -0.179695 0.937736
v 3.3198 0.98976 -0.63068
vn -0.231188 -0.188475 0.954479
v 3.31635 1.0009 -0.62965
vn -0.279665 -0.0462168 0.958985
v 3.3175 1.0236 -0.62955
vn -0.328552 0.0253794 0.944145
v 3.3302 0.97822 -0.63068
vn -0.203963 -0.187371 0.960881
v 3.3425 1.0009 -0.62289
vn -0.257024 -0.151893 0.954394
v 2.9792 1.0483 -0.63068
vn -0.319002 -0.172638 0.931898
v 3.0019 1.1826 -0.67955
vn -0.397635 0.673611 0.623005
v 3.0221 1.0463 -0.63068
vn 0.258615 -0.0419841 0.965068
v 3.02585 1.069 -0.630445
vn 0.209864 -0.0559725 0.976127
v 3.07 1.0463 -0.63938
vn 0.0809043 -0.122735 0.989136
v 3.07 1.0236 -0.64059
vn 0.0951456 -0.0697729 0.993015
v 3.0927 1.0463 -0.64117
vn 0.0922584 -0.111945 0.989422
v 3.08135 1.069 -0.636655
vn 0.0877351 -0.158282 0.983488
v 3.0267 1.0917 -0.63068
vn 0.061522 0.092283 0.99383
v 3.1154 1.0463 -0.64325
vn 0.0742559 -0.0887091 0.993286
v 3.14955 1.0463 -0.6451
vn 0.0529141 -0.0744648 0.995819
v 3.1154 1.069 -0.64005
vn 0.0971516 -0.14573 0.984543
v 3.0473 1.2053 -0.65873
vn -0.248147 0.353951 0.901744
v 3.0246 1.2053 -0.66689
vn -0.325503 0.351412 0.877814
v 3.0927 1.1372 -0.63286
vn -0.0670527 0.151051 0.986249
v 3.0927 1.2053 -0.64904
vn -0.156645 0.31461 0.936207
v 3.1154 1.1372 -0.63185
vn -0.0472986 0.119271 0.991734
v 3.1154 1.2053 -0.64614
vn -0.111784 0.304814 0.945829
v 3.07 1.228 -0.66303
vn -0.192457 0.375829 0.906484
v 3.0927 1.2156 -0.65339
vn -0.164682 0.363294 0.917005
v 3.0927 1.228 -0.65826
vn -0.173217 0.388097 0.905194
v 3.11755 1.228 -0.653705
vn -0.142117 0.362848 0.920947
v 3.1154 1.2507 -0.66483
vn -0.172872 0.404265 0.898156
v 3.1382 1.2348 -0.65339
vn -0.168085 0.346819 0.922748
v 3.1382 1.2507 -0.65943
vn -0.204846 0.36823 0.906888
v 3.1628 1.2491 -0.65339
vn -0.208214 0.321363 0.923782
v 3.1609 1.2734 -0.66474
vn -0.249438 0.395034 0.884154
v 3.1836 1.2645 -0.65339
vn -0.264157 0.349997 0.898734
v 3.1836 1.2734 -0.65701
vn -0.282503 0.36143 0.888572
v 3.1609 1.228 -0.64801
vn -0.14056 0.288768 0.947025
v 3.1836 1.2507 -0.64878
vn -0.253891 0.269516 0.928924
v 3.3198 1.0328 -0.63068
vn -0.477109 0.227498 0.848889
v 3.323 1.0463 -0.63227
vn -0.461392 0.108487 0.880538
v 3.329 1.069 -0.63068
vn -0.406707 -0.00920558 0.913512
v 3.3198 1.069 -0.63503
vn -0.358379 -0.102793 0.9279
v 3.3425 1.0463 -0.62088
vn -0.479532 0.134097 0.867218
v 3.3425 1.069 -0.62447
vn -0.417085 0.0627098 0.906701
v 3.3198 1.09165 -0.63066
vn -0.276753 -0.165192 0.946636
v 3.2971 1.0917 -0.63712
vn -0.246412 -0.19197 0.949963
v 3.2971 1.11775 -0.63154
vn -0.227479 -0.209257 0.951034
v 3.2744 1.1145 -0.63703
vn -0.19949 -0.226417 0.953383
v 3.3198 1.1145 -0.62674
vn -0.229579 -0.169785 0.958367
v 3.3425 1.0917 -0.62402
vn -0.205615 -0.103846 0.973107
v 3.3425 1.1145 -0.62189
vn -0.107284 -0.137253 0.984709
v 3.3652 1.1145 -0.62416
vn 0.0990756 -0.0925568 0.990766
v 3.3198 1.1372 -0.62148
vn -0.208206 -0.215336 0.954086
v 3.2971 1.1599 -0.62125
vn -0.191089 -0.207473 0.959396
v 3.3198 1.1599 -0.61729
vn -0.16929 -0.172069 0.970429
v 3.2971 1.1826 -0.61739
vn -0.169492 -0.165212 0.971585
v 3.1966 1.2734 -0.65339
vn -0.235138 0.357835 0.903695
v 3.2063 1.2507 -0.64202
vn -0.268255 0.312024 0.911417
v 3.2063 1.2789 -0.65339
vn -0.263532 0.377764 0.887607
v 3.229 1.2734 -0.64394
vn -0.320406 0.362592 0.875138
v 3.229 1.2507 -0.63492
vn -0.290597 0.353338 0.889217
v 3.23 1.2961 -0.654035
vn -0.327872 0.478265 0.814716
v 3.241 1.2507 -0.63068
vn -0.3402 0.31138 0.887303
v 3.261 1.2734 -0.63068
vn -0.330736 0.339042 0.880718
v 3.2517 1.2961 -0.64451
vn -0.347482 0.385838 0.854626
v 3.2744 1.2846 -0.63068
vn -0.318685 0.377832 0.8693
v 3.2744 1.2961 -0.63581
vn -0.330359 0.384517 0.86198
v 3.2744 1.2507 -0.62083
vn -0.276577 0.240465 0.93042
v 3.2744 1.2734 -0.62662
vn -0.279368 0.267912 0.92205
v 3.386 0.81929 -0.2674
vn -0.820546 0.562886 0.0993121
v 3.38755 0.84199 -0.31158
vn -0.902076 0.346945 0.256687
v 3.3652 0.88958 -0.60798
vn -0.673114 0.586636 0.450306
v 3.3652 0.8874 -0.60514
vn -0.673114 0.586636 0.450306
v 3.3425 1.0236 -0.61666
vn -0.464542 0.176287 0.867827
v 3.2971 1.228 -0.61645
vn -0.139972 0.0244186 0.989854
v 3.2744 1.2053 -0.6191
vn -0.139972 0.0244186 0.989854
v 3.2971 1.2053 -0.61589
vn -0.139972 0.0244186 0.989854
v 3.3652 1.0917 -0.62027
vn -0.249963 0.133584 0.958996
v 3.3652 1.069 -0.61421
vn -0.400194 0.236373 0.885422
v 3.3425 1.1372 -0.61898
vn 0.097419 -0.0346089 0.994642
v 3.3652 1.1372 -0.62783
vn 0.356942 0.185385 0.915546
v 3.3652 1.1467 -0.63068
vn 0.349831 0.26919 0.897304
v 3.22775 1.23035 -0.63068
vn -0.271774 0.138471 0.952347
v 3.2517 1.228 -0.62342
vn -0.253014 0.0842239 0.963789
v 3.2517 1.2507 -0.62699
vn -0.277428 0.195133 0.940721
v 3.2971 1.2906 -0.63068
vn 0.329329 0.348472 0.877559
v 3.2971 1.2734 -0.62385
vn 0.329329 0.348472 0.877559
v 3.3153 1.2734 -0.63068
vn 0.329329 0.348472 0.877559
v 3.1609 0.87605 -0.640045
vn -0.0128293 0.0528182 0.998522
v 3.1836 0.8874 -0.63997
vn -0.0456683 0.0657205 0.996792
v 3.229 0.8647 -0.63573
vn -0.0768881 0.0837819 0.993513
v 3.2063 0.8874 -0.63865
vn -0.0690256 0.049266 0.996398
v 3.2517 0.8874 -0.63499
vn -0.0668261 0.0254912 0.997439
v 3.2517 0.8647 -0.63409
vn -0.0731376 0.0985936 0.992436
v 3.2744 0.85636 -0.63068
vn -0.144804 0.278304 0.949515
v 3.2961 0.8647 -0.630575
vn -0.149935 0.219545 0.964012
v 3.2744 0.8874 -0.6338
vn -0.0491189 0.059063 0.997045
v 3.229 0.91011 -0.63647
vn -0.0739514 -0.00804917 0.997229
v 3.2517 0.91011 -0.63508
vn -0.0341213 0.0039608 0.99941
v 3.2744 0.91011 -0.63492
vn -0.0235334 0.0563498 0.998134
v 3.2971 0.8874 -0.63329
vn -0.076493 0.0736196 0.994349
v 3.3198 0.8874 -0.62986
vn -0.260065 0.186375 0.947434
v 3.3198 0.8647 -0.62433
vn -0.338753 0.34875 0.873854
v 3.3425 0.8874 -0.62144
vn -0.403959 0.334013 0.851617
v 3.2971 0.91011 -0.634
vn -0.0709427 0.0462424 0.996408
v 3.3198 0.89385 -0.63068
vn -0.184714 0.110744 0.976533
v 3.3319 0.91011 -0.63068
vn -0.131517 0.108649 0.985342
v 3.3198 0.93281 -0.63311
vn -0.086969 0.0531939 0.99479
v 3.3425 0.92177 -0.63068
vn -0.226471 0.106894 0.968135
v 3.3438 0.93281 -0.63096
vn -0.188256 0.0583668 0.980384
v 3.3425 0.91011 -0.62906
vn -0.276469 0.249502 0.92807
v 3.3652 0.91011 -0.62076
vn -0.467456 0.289491 0.835272
v 3.3652 0.93281 -0.62462
vn -0.502317 0.161735 0.849423
v 3.3791 0.91011 -0.60798
vn -0.770298 0.404741 0.492773
v 3.3879 0.92872 -0.60798
vn -0.714312 0.341325 0.610946
v 3.3898 0.93281 -0.60798
vn -0.58127 0.13212 0.802913
v 3.3879 0.95552 -0.61239
vn -0.557088 0.10662 0.823581
v 3.3724 0.8874 -0.58527
vn -0.901516 0.419229 0.107311
v 3.3726 0.8874 -0.56257
vn -0.985851 0.167619 -0.00153928
v 3.3879 0.91446 -0.58527
vn -0.878445 0.477174 0.0252947
v 3.38 0.91011 -0.56257
vn -0.898444 0.396038 -0.189609
v 3.3879 0.92616 -0.56257
vn -0.869578 0.428017 -0.246243
v 3.3722 0.8874 -0.53986
vn -0.998974 -0.0184789 0.0413568
v 3.3744 0.8647 -0.51716
vn -0.998517 0.0395814 0.0373795
v 3.3742 0.8874 -0.51716
vn -0.998613 -0.0300442 0.0432433
v 3.3729 0.91011 -0.53986
vn -0.985575 0.113448 -0.125587
v 3.3698 0.91011 -0.51716
vn -0.973038 -0.188524 -0.132878
v 3.3198 1.2053 -0.61561
vn 0.324921 0.0158288 0.945609
v 3.3198 1.228 -0.6193
vn 0.291882 0.256157 0.921514
v 3.3198 1.2507 -0.62561
vn 0.288491 0.2953 0.910808
v 3.2971 1.2507 -0.61842
vn 0.321131 0.26447 0.909357
v 3.3198 1.2631 -0.63068
vn 0.341288 0.247886 0.906684
v 3.2744 1.3183 -0.65339
vn 0.108747 0.617129 0.779311
v 3.2971 1.3143 -0.65339
vn 0.108747 0.617129 0.779311
v 3.1836 0.62509 -0.51716
vn -0.902785 -0.429182 -0.0279693
v 3.1836 0.62361 -0.49445
vn -0.915227 -0.402885 -0.0065178
v 3.1755 0.63765 -0.4831
vn -0.857389 -0.51466 -0.0030426
v 3.1836 0.62413 -0.44904
vn -0.899508 -0.436002 0.0280679
v 3.1757 0.63765 -0.44904
vn -0.858701 -0.510751 0.0420206
v 3.1836 0.62951 -0.42634
vn -0.907138 -0.401891 0.124838
v 3.1869 0.61494 -0.47175
vn -0.969894 -0.243503 0.00354718
v 3.1865 0.61494 -0.49445
vn -0.969018 -0.246866 0.00782659
v 3.1909 0.59224 -0.49445
vn -0.977785 -0.20676 0.0344548
v 3.1921 0.59224 -0.47175
vn -0.974715 -0.223289 0.00858221
v 3.1871 0.61494 -0.51716
vn -0.946503 -0.321876 -0.0229886
v 3.1865 0.61494 -0.44904
vn -0.970989 -0.234449 0.0470447
v 3.1913 0.59224 -0.44904
vn -0.977889 -0.2057 0.0376855
v 3.1891 0.61494 -0.42634
vn -0.960928 -0.246484 0.125948
v 3.1934 0.59224 -0.42634
vn -0.971911 -0.182675 0.148384
v 3.1933 0.61494 -0.40363
vn -0.968037 -0.213119 0.132227
v 3.1975 0.59224 -0.40363
vn -0.986258 -0.157481 0.049952
v 3.1978 0.59224 -0.35822
vn -0.991212 -0.123887 0.0463683
v 3.1936 0.61494 -0.38093
vn -0.984182 -0.176312 0.0173393
v 3.1944 0.61494 -0.35822
vn -0.984532 -0.156133 0.0794921
v 3.1989 0.61494 -0.33552
vn -0.98784 -0.0478571 0.147927
v 3.2021 0.59224 -0.31281
vn -0.992438 -0.0252162 0.120127
v 3.2037 0.61494 -0.31281
vn -0.976066 0.0687987 0.206305
v 3.2063 0.61494 -0.29334
vn -0.982854 0.160211 0.0912655
v 3.3749 0.84199 -0.40363
vn -0.906148 0.392388 0.157885
v 3.3786 0.84199 -0.38093
vn -0.903228 0.41897 0.0929707
v 3.3801 0.84199 -0.35822
vn -0.904096 0.420978 0.0733983
v 3.3821 0.84199 -0.33552
vn -0.878358 0.450838 0.158846
v 3.3757 0.8647 -0.49445
vn -0.990717 0.133806 0.0239863
v 3.3775 0.8874 -0.49445
vn -0.993538 0.0904539 0.0685558
v 3.376 0.8647 -0.47175
vn -0.975562 0.21967 -0.00483619
v 3.3786 0.8874 -0.47175
vn -0.993502 0.113791 -0.00219082
v 3.3763 0.8647 -0.44904
vn -0.9536 0.293951 0.0651085
v 3.3774 0.8874 -0.44904
vn -0.996502 0.081208 -0.0197412
v 3.3789 0.8647 -0.42634
vn -0.925254 0.346307 0.154843
v 3.383 0.8647 -0.40363
vn -0.932048 0.328326 0.153262
v 3.3864 0.8647 -0.38093
vn -0.947877 0.307972 0.0817421
v 3.3879 0.85827 -0.33552
vn -0.93514 0.319877 0.152287
v 3.3894 0.8647 -0.33552
vn -0.96111 0.223994 0.161535
v 3.3743 0.81929 -0.31281
vn -0.82554 0.517813 0.224397
v 3.381 0.81929 -0.29011
vn -0.784165 0.588443 0.19703
v 3.3879 0.8302 -0.29011
vn -0.826798 0.508994 0.239437
v 3.3948 0.84199 -0.29011
vn -0.845701 0.458645 0.272827
v 3.4016 0.84199 -0.2674
vn -0.795927 0.569383 0.20568
v 3.4106 0.845 -0.2447
vn -0.76823 0.603947 0.212299
v 3.4106 0.84199 -0.23603
vn -0.672337 0.704078 0.228555
v 3.3958 0.8647 -0.31281
vn -0.90744 0.328638 0.26182
v 3.4106 0.85447 -0.2674
vn -0.788073 0.568325 0.236531
v 3.4106 0.98841 -0.2674
vn 0.246825 0.299202 0.921713
v 3.4333 1.0009 -0.27793
vn 0.246384 0.322674 0.91388
v 3.4106 1.0009 -0.27181
vn 0.246384 0.322674 0.91388
v 3.4106 0.97822 -0.26496
vn 0.247233 0.225639 0.942318
v 3.4199 0.97822 -0.2674
vn 0.247233 0.225639 0.942318
v 3.2063 0.61376 -0.10846
vn -0.698169 -0.709983 0.0921138
v 3.2063 0.61494 -0.099365
vn -0.991408 0 0.130803
v 3.2063 0.62 -0.10846
vn -0.965094 0.228868 0.127331
v 3.1268 1.3567 -0.35822
vn 0.0180212 -0.997379 0.0700673
v 3.0927 1.3562 -0.38093
vn 0.0296789 -0.99955 -0.0044021
v 3.1609 1.3574 -0.38093
vn 0.0109726 -0.99993 -0.00440201
v 3.229 1.3552 -0.35822
vn 0.106331 -0.985195 -0.134479
v 3.2063 1.3569 -0.38093
vn 0.0609931 -0.988967 -0.134994
v 3.229 1.3583 -0.38093
vn 0.106331 -0.985195 -0.134479
v 3.2517 1.3587 -0.35822
vn 0.151017 -0.979449 -0.133695
v 3.2031 0.59224 -0.29011
vn -0.995209 0.0894796 0.039404
v 3.2045 0.59224 -0.2447
vn -0.995368 0.0949532 0.0150605
v 3.2063 0.60435 -0.2674
vn -0.976459 0.20988 0.0497752
v 3.209 0.61494 -0.2674
vn -0.972383 0.225397 0.060567
v 3.2063 0.60118 -0.2447
vn -0.976898 0.212593 -0.0218027
v 3.2101 0.61494 -0.2447
vn -0.96182 0.273666 -0.00309567
v 3.2022 0.59224 -0.19929
vn -0.998545 0.0402447 -0.0358841
v 3.20665 0.612285 -0.219998
vn -0.968277 0.225782 -0.107065
v 3.2039 0.61494 -0.19929
vn -0.987021 0.129541 -0.0949091
v 3.2063 0.62348 -0.19929
vn -0.934071 0.339058 -0.112034
v 3.2128 0.63765 -0.19929
vn -0.892238 0.444118 -0.0816716
v 3.203 0.59224 -0.17658
vn -0.993422 -0.0930857 0.0666901
v 3.2027 0.61494 -0.17658
vn -0.994549 0.103117 -0.0154447
v 3.2063 0.58241 -0.15387
vn -0.984262 -0.150027 0.0933841
v 3.2027 0.61494 -0.15387
vn -0.998657 0.0442079 0.0269975
v 3.2063 0.62822 -0.17658
vn -0.929491 0.367478 -0.0317112
v 3.2121 0.63765 -0.17658
vn -0.829381 0.558632 0.00763253
v 3.2063 0.62845 -0.15387
vn -0.893203 0.449456 0.0133492
v 3.2136 0.63765 -0.15387
vn -0.762545 0.645342 0.045376
v 3.34325 0.95552 -0.267735
vn -0.260682 0.703689 0.660959
v 3.3652 0.93281 -0.25953
vn 0.176865 0.465606 0.867139
v 3.203 0.61494 -0.13117
vn -0.997755 -0.0042504 0.0668293
v 3.2071 0.59224 -0.10846
vn -0.993706 -0.111883 -0.00553307
v 3.2063 0.62781 -0.13117
vn -0.859222 0.502845 0.094254
v 3.2156 0.63765 -0.13117
vn -0.722502 0.682851 0.108195
v 3.2204 0.63765 -0.10846
vn -0.766728 0.607173 0.208493
v 3.2068 0.59224 -0.085759
vn -0.999513 -0.0307901 0.00506458
v 3.2083 0.61494 -0.085759
vn -0.933352 0.35468 0.0552726
v 3.2063 0.59224 -0.075804
vn -0.999113 -0.00562429 -0.041741
v 3.2063 0.57509 -0.063054
vn -0.998061 -0.047222 -0.0405445
v 3.2063 0.60066 -0.063054
vn -0.989487 0.144554 -0.0043548
v 3.2099 0.61494 -0.063054
vn -0.834714 0.549578 0.0348769
v 3.2259 0.63765 -0.085759
vn -0.780532 0.613012 0.122415
v 3.2056 0.59224 -0.040349
vn -0.999968 0 0.00802079
v 3.2063 0.60227 -0.040349
vn -0.985515 0.169478 0.00608129
v 3.2096 0.61494 -0.040349
vn -0.832403 0.553642 -0.0242185
v 3.3652 0.91011 -0.48171
vn -0.407666 -0.879557 -0.245331
v 3.3652 0.90146 -0.44904
vn -0.230546 -0.935431 -0.267986
v 3.3425 0.90074 -0.42634
vn -0.165001 -0.957988 -0.234593
v 3.3425 0.8954 -0.40363
vn -0.117539 -0.966703 -0.227311
v 3.3879 0.87733 -0.35822
vn -0.878327 -0.390794 0.275356
v 3.3879 0.8874 -0.31016
vn -0.412598 -0.809383 0.417926
v 3.4106 0.8874 -0.29534
vn -0.466831 -0.520363 0.715046
v 3.3652 0.89849 -0.29011
vn -0.00310504 -0.880974 0.473154
v 3.3652 0.89023 -0.31281
vn -0.13312 -0.931357 0.338899
v 3.3879 0.90298 -0.29011
vn -0.121299 -0.783796 0.609056
v 3.4248 0.95552 -0.58527
vn -0.240464 0.786138 0.569353
v 3.4333 0.95552 -0.58168
vn -0.240464 0.786138 0.569353
v 3.4333 0.95812 -0.58527
vn -0.240464 0.786138 0.569353
v 3.2744 0.91011 -0.25459
vn 0.034774 0.0189203 0.999216
v 3.2744 0.8874 -0.25416
vn 0.034774 0.0189203 0.999216
v 3.2971 0.91011 -0.25147
vn -0.136141 0.0187555 0.990512
v 3.3654 0.8874 -0.33552
vn -0.0704503 -0.993956 0.0841948
v 3.2662 1.0236 -0.81232
vn -0.765809 -0.383771 0.516
v 3.3751 0.95552 -0.53986
vn -0.357572 -0.531515 -0.767876
v 3.3652 0.95552 -0.53525
vn -0.357572 -0.531515 -0.767876
v 3.3652 0.96218 -0.53986
vn -0.357572 -0.531515 -0.767876
v 3.2581 0.93281 -0.47175
vn -0.699384 -0.451687 -0.553932
v 3.2744 0.91011 -0.47382
vn -0.699384 -0.451687 -0.553932
v 3.3879 1.0538 -0.60798
vn -0.0227844 0.695341 0.718319
v 3.3879 1.0394 -0.53986
vn -0.226692 0.970922 -0.0769531
v 3.3879 0.87865 -0.33552
vn -0.894004 -0.425347 0.140846
v 3.1743 0.59224 -0.81232
vn -0.974856 0.10591 0.19606
v 3.1799 0.61494 -0.81232
vn -0.953279 0.265778 0.143603
v 3.1787 0.59224 -0.78962
vn -0.98441 0.0850203 0.153975
v 3.18725 0.629765 -0.81232
vn -0.902499 0.420051 0.0951476
v 3.1836 0.59224 -0.75619
vn -0.989288 0.0567254 0.134503
v 3.1836 0.60463 -0.76691
vn -0.975524 0.168907 0.140793
v 3.1928 0.63765 -0.78962
vn -0.915159 0.392367 0.0923705
v 3.2021 0.66035 -0.78962
vn -0.924236 0.370509 0.09226
v 3.2001 0.66035 -0.81232
vn -0.923151 0.37617 0.0793025
v 3.1891 0.61494 -0.74421
vn -0.96271 0.248757 0.106344
v 3.1955 0.63765 -0.76691
vn -0.923322 0.37058 0.100732
v 3.2042 0.66035 -0.76691
vn -0.946802 0.319781 0.0361422
v 3.1973 0.63765 -0.74421
vn -0.963459 0.267348 -0.0165004
v 3.2029 0.66035 -0.74421
vn -0.969395 0.239145 -0.0555201
v 3.188 0.59224 -0.7215
vn -0.994445 0.063508 0.0839433
v 3.1907 0.61494 -0.7215
vn -0.982353 0.186665 0.0117401
v 3.1889 0.59224 -0.6988
vn -0.999036 0.042352 0.0115512
v 3.1909 0.61494 -0.67609
vn -0.990516 0.135523 0.0226337
v 3.1947 0.63765 -0.6988
vn -0.992236 0.123423 -0.015294
v 3.1884 0.59224 -0.67609
vn -0.999297 0.037414 -0.00219835
v 3.1894 0.59224 -0.642035
vn -0.997876 0.0564042 0.0325925
v 3.1946 0.63765 -0.67609
vn -0.993325 0.114599 0.0131268
v 3.193 0.66035 -0.6988
vn -0.997198 -0.0746767 -0.0043865
v 3.1954 0.63765 -0.65339
vn -0.99055 0.136659 0.0116315
v 3.1925 0.61494 -0.63068
vn -0.998999 0.0407877 -0.0183857
v 3.1907 0.59224 -0.596625
vn -0.999521 0.0296034 0.00901578
v 3.1947 0.63765 -0.63068
vn -0.991875 -0.0463355 -0.118482
v 3.1906 0.63765 -0.60798
vn -0.971617 -0.198905 -0.128055
v 3.1836 0.64786 -0.60798
vn -0.812328 -0.556933 -0.173056
v 3.1918 0.61494 -0.58527
vn -0.993056 -0.100564 -0.0610517
v 3.1912 0.59224 -0.56257
vn -0.999913 0.00792544 -0.0105695
v 3.1912 0.61494 -0.56257
vn -0.984832 -0.165901 -0.0508167
v 3.1836 0.63765 -0.57835
vn -0.876881 -0.447635 -0.175221
v 3.1836 0.63321 -0.56257
vn -0.919366 -0.382443 -0.092208
v 3.1903 0.59224 -0.53986
vn -0.999079 -0.0124669 -0.0410651
v 3.1891 0.61494 -0.53986
vn -0.980728 -0.181945 -0.0711962
v 3.1897 0.59224 -0.51716
vn -0.996406 -0.0846449 -0.00312979
v 3.1836 0.62837 -0.53986
vn -0.92197 -0.379988 -0.0746988
v 3.3581 1.0236 -0.56257
vn -0.270339 0.0869363 -0.958832
v 3.3652 1.0009 -0.56663
vn -0.270339 0.0869363 -0.958832
v 3.3508 1.0009 -0.56257
vn -0.270339 0.0869363 -0.958832
v 3.3198 0.92868 -0.49445
vn -0.0275033 -0.805061 -0.592555
v 3.3425 0.928 -0.49445
vn -0.0291758 -0.804178 -0.593672
v 3.3425 0.94445 -0.51716
vn -0.223657 -0.788163 -0.57339
v 3.3198 0.9447 -0.51716
vn -0.0211408 -0.816588 -0.576834
v 3.0822 0.77388 -0.7215
vn -0.556438 -0.475639 -0.681281
v 3.0927 0.77388 -0.72876
vn -0.507181 -0.452453 -0.733521
v 3.0927 0.76211 -0.7215
vn -0.608591 -0.500455 -0.615761
v 3.0646 0.79658 -0.7215
vn -0.735614 -0.497422 -0.45983
v 3.07 0.79658 -0.72629
vn -0.599644 -0.428312 -0.676
v 3.07 0.78902 -0.7215
vn -0.735968 -0.445774 -0.509545
v 3.0647 0.77388 -0.6988
vn -0.877893 -0.454364 -0.151186
v 3.07 0.77388 -0.71096
vn -0.666562 -0.50552 -0.547855
v 3.07 0.76387 -0.6988
vn -0.80657 -0.485398 -0.337393
v 3.0782 0.75117 -0.6988
vn -0.734452 -0.469002 -0.490528
v 3.0927 0.75117 -0.71431
vn -0.666444 -0.409476 -0.623043
v 3.0473 0.80204 -0.6988
vn -0.830784 -0.522966 -0.190536
v 3.039 0.84199 -0.7215
vn -0.804037 -0.32955 -0.494895
v 3.0473 0.84199 -0.72966
vn -0.676778 -0.260927 -0.688396
v 3.0473 0.8232 -0.7215
vn -0.791258 -0.325087 -0.517909
v 3.0367 0.81929 -0.6988
vn -0.899577 -0.429499 -0.0793267
v 3.0473 0.81929 -0.72005
vn -0.770628 -0.466163 -0.434539
v 3.0273 0.84199 -0.6988
vn -0.926097 -0.358929 -0.116249
v 3.0495 0.81929 -0.7215
vn -0.7172 -0.515655 -0.468748
v 3.0019 0.90633 -0.6988
vn -0.88303 -0.447753 -0.140622
v 3.0019 0.91011 -0.7038
vn -0.793773 -0.391779 -0.465223
v 2.9885 0.93281 -0.6988
vn -0.858729 -0.409421 -0.308155
v 2.99655 0.944305 -0.7215
vn -0.773628 -0.364784 -0.518104
v 2.9792 0.954895 -0.69955
vn -0.882713 -0.363883 -0.297333
v 2.9701 0.97822 -0.6988
vn -0.901208 -0.358455 -0.243584
v 2.9792 0.98179 -0.7215
vn -0.804274 -0.351479 -0.479173
v 2.9453 1.0236 -0.6988
vn -0.791891 -0.534028 -0.296179
v 2.9574 1.0236 -0.7215
vn -0.776207 -0.438614 -0.452902
v 2.9565 1.0069 -0.6988
vn -0.818999 -0.526244 -0.22871
v 2.9699 1.0009 -0.7215
vn -0.803658 -0.411226 -0.430147
v 2.9792 1.0009 -0.73304
vn -0.721439 -0.37616 -0.581402
v 2.96 1.0009 -0.6988
vn -0.893071 -0.418125 -0.166121
v 3.0313 0.8647 -0.7215
vn -0.729115 -0.250317 -0.636971
v 3.0246 0.88366 -0.7215
vn -0.770231 -0.301598 -0.561945
v 3.02 0.8647 -0.6988
vn -0.921103 -0.388244 -0.0289124
v 3.0246 0.8647 -0.7131
vn -0.848177 -0.303383 -0.434229
v 3.0246 0.85051 -0.6988
vn -0.92748 -0.361908 -0.0938221
v 3.0109 0.8874 -0.6988
vn -0.878115 -0.380995 -0.289408
v 3.0132 0.91011 -0.7215
vn -0.775642 -0.368459 -0.512463
v 3.0246 0.91011 -0.73394
vn -0.703002 -0.301263 -0.644228
v 3.0647 0.77388 -0.67609
vn -0.926565 -0.309018 0.214441
v 3.07 0.75582 -0.67609
vn -0.928609 -0.370847 -0.0125429
v 3.0555 0.79658 -0.67609
vn -0.855766 -0.424339 0.295974
v 3.07 0.77388 -0.66165
vn -0.906794 -0.14556 0.395648
v 3.0456 0.81602 -0.67609
vn -0.834677 -0.425094 0.350156
v 3.0333 0.84199 -0.67609
vn -0.828431 -0.358674 0.430181
v 2.99945 0.905935 -0.67609
vn -0.878238 -0.478197 0.00503058
v 2.9752 0.95552 -0.67609
vn -0.94795 -0.318189 -0.0121209
v 2.9792 0.9446 -0.67609
vn -0.903029 -0.413808 0.115334
v 2.9686 0.97822 -0.67609
vn -0.924431 -0.351321 0.148324
v 2.943 1.0236 -0.67609
vn -0.813206 -0.574304 0.0941884
v 3.0246 0.86086 -0.67609
vn -0.861523 -0.427383 0.274084
v 3.0104 0.8874 -0.67609
vn -0.822157 -0.461067 0.333879
v 3.0246 0.8647 -0.67263
vn -0.685532 -0.415232 0.59802
v 3.3652 1.0009 -0.61394
vn -0.366505 -0.302098 0.880006
v 3.3573 1.0236 -0.60798
vn -0.732362 -0.051255 0.678984
v 3.3652 1.0137 -0.60798
vn -0.437155 -0.619858 0.651668
v 3.3652 0.93281 -0.52243
vn -0.745964 -0.287216 -0.60087
v 3.3645 1.0236 -0.58527
vn -0.972162 0.233944 0.0131058
v 3.3652 1.022 -0.58527
vn -0.580059 -0.782065 -0.227828
v 3.3652 0.99255 -0.56257
vn -0.252261 -0.435036 -0.864355
v 3.3057 0.95552 -0.51716
vn -0.794867 0.290124 -0.532929
v 3.3198 0.95552 -0.52572
vn -0.511574 -0.339909 -0.789147
v 3.3198 0.97365 -0.51716
vn -0.840221 0.435612 -0.322909
v 3.3287 0.97822 -0.53986
vn -0.80871 0.211913 -0.548708
v 3.3425 0.97822 -0.54859
vn -0.648885 -0.140084 -0.74788
v 3.3425 0.9654 -0.53986
vn -0.212659 -0.657176 -0.723116
v 3.3224 0.97822 -0.51716
vn -0.750745 0.659224 -0.0424907
v 3.342 1.0009 -0.53986
vn -0.829619 0.51961 -0.204297
v 3.3425 1.0009 -0.54832
vn -0.900405 0.391252 -0.190243
v 3.3614 1.0236 -0.53986
vn -0.752955 0.651762 0.0909164
v 3.34325 0.999965 -0.51716
vn -0.721463 0.68918 0.0672476
v 3.3425 1.0009 -0.52815
vn -0.767744 0.640544 0.0165276
v 3.3652 1.023 -0.51716
vn -0.644985 0.756465 0.108423
v 3.3961 0.95552 -0.60798
vn -0.669603 0.188805 0.718321
v 3.392 0.97822 -0.60798
vn -0.438627 -0.126443 0.88973
v 3.3783 1.0009 -0.60798
vn -0.448506 -0.407778 0.795336
v 3.3879 0.98593 -0.60798
vn -0.371405 -0.183961 0.910064
v 3.4022 0.93281 -0.58527
vn -0.820132 0.557639 0.128148
v 3.3936 0.93281 -0.56257
vn -0.631973 0.560796 -0.534899
v 3.376 0.93281 -0.53986
vn -0.752502 0.0326312 -0.657781
v 3.3879 0.93281 -0.55605
vn -0.800391 0.246044 -0.546659
v 3.4106 0.9454 -0.58527
vn -0.696844 0.646026 0.311541
v 3.4106 0.95552 -0.59406
vn -0.595537 0.280911 0.752612
v 3.4106 0.97822 -0.59752
vn -0.350486 0.195981 0.915833
v 3.4333 0.97822 -0.60064
vn 0.0578868 0.551614 0.832088
v 3.3879 1.0009 -0.60225
vn -0.304746 -0.448299 0.840332
v 3.4106 1.0009 -0.59891
vn -0.305998 -0.109022 0.945769
v 3.3879 1.0185 -0.58527
vn -0.353679 -0.922784 0.152906
v 3.4333 0.98917 -0.60798
vn 0.113431 0.553205 0.825286
v 2.9299 1.0463 -0.6988
vn -0.841477 -0.508541 -0.182489
v 2.9338 1.0463 -0.70735
vn -0.759307 -0.413297 -0.502631
v 2.9445 1.0463 -0.7215
vn -0.745472 -0.44295 -0.498064
v 2.9185 1.069 -0.6988
vn -0.898952 -0.300009 -0.319186
v 2.9338 1.0703 -0.72114
vn -0.745392 -0.250398 -0.617812
v 2.9313 1.0917 -0.7215
vn -0.811779 0 -0.583965
v 2.9338 1.0917 -0.7241
vn -0.720827 0 -0.693115
v 2.9338 1.1074 -0.7215
vn -0.715914 0.252546 -0.650913
v 2.9156 1.0917 -0.6988
vn -0.937963 0.0414086 -0.344255
v 2.9218 1.1145 -0.6988
vn -0.91379 0.373186 -0.160376
v 2.9338 1.1145 -0.71952
vn -0.760176 0.430463 -0.486656
v 2.9565 1.1448 -0.7215
vn -0.691307 0.64036 -0.334714
v 2.9565 1.1372 -0.72877
vn -0.628587 0.537611 -0.562008
v 2.95 1.1372 -0.7215
vn -0.686997 0.585274 -0.430686
v 2.9338 1.1345 -0.6988
vn -0.740314 0.627243 -0.241868
v 2.9565 1.1555 -0.6988
vn -0.660682 0.731722 -0.167576
v 2.9638 1.1599 -0.6988
vn -0.504643 0.862568 -0.0362061
v 2.9712 1.1599 -0.7215
vn -0.644298 0.735268 -0.210383
v 2.9792 1.1694 -0.7215
vn -0.890873 0.428656 -0.15033
v 2.9792 1.1599 -0.73684
vn -0.868009 0.366106 -0.33545
v 2.9838 1.1826 -0.7215
vn -0.995499 0.0585815 0.0744992
v 2.989 1.1826 -0.74421
vn -0.955027 0.126611 -0.26813
v 2.9842 1.1599 -0.74421
vn -0.81514 0.172367 -0.553025
v 2.9797 1.2053 -0.7215
vn -0.930345 -0.331874 0.155939
v 2.9844 1.2053 -0.74421
vn -0.90882 -0.373344 -0.186174
v 2.9792 1.169 -0.6988
vn -0.709651 0.702377 0.0553269
v 2.9912 1.1826 -0.6988
vn -0.838497 0.397149 0.37309
v 2.9905 1.2053 -0.6988
vn -0.825583 -0.221055 0.519179
v 2.9459 1.2734 -0.74421
vn -0.96421 -0.19565 -0.178943
v 2.9565 1.2734 -0.76192
vn -0.766703 -0.173596 -0.618087
v 2.9565 1.2507 -0.74789
vn -0.737514 -0.368508 -0.565929
v 2.95575 1.24935 -0.74421
vn -0.894212 -0.444569 -0.0523757
v 2.9442 1.2961 -0.74421
vn -0.943361 0.0588989 -0.326497
v 2.9565 1.2961 -0.7641
vn -0.822548 0.0318053 -0.567805
v 2.9648 1.2734 -0.76691
vn -0.492911 -0.291357 -0.819848
v 2.9613 1.2961 -0.76691
vn -0.509953 -0.0804373 -0.856433
v 2.9555 1.2485 -0.7215
vn -0.907235 -0.418102 0.0459877
v 2.9565 1.2507 -0.71668
vn -0.829719 -0.360836 0.425867
v 2.9671 1.228 -0.7215
vn -0.849836 -0.504572 0.152269
v 2.9707 1.228 -0.74421
vn -0.818514 -0.559642 -0.129755
v 2.9792 1.22785 -0.69871
vn -0.744696 -0.412583 0.524598
v 2.9665 1.2507 -0.6988
vn -0.768685 -0.372484 0.51998
v 2.9468 1.2734 -0.7215
vn -0.953103 -0.235269 0.190378
v 2.9565 1.2754 -0.6988
vn -0.796097 -0.245442 0.553161
v 2.95565 1.2961 -0.69749
vn -0.846144 0 0.532954
v 2.9267 1.0463 -0.67609
vn -0.889745 -0.44342 0.108317
v 2.9338 1.0358 -0.67609
vn -0.813825 -0.569006 0.11799
v 2.9164 1.069 -0.67609
vn -0.950382 -0.197899 0.240022
v 2.9238 1.1145 -0.67609
vn -0.882202 0.343971 0.321564
v 3.0019 1.2053 -0.68462
vn -0.775491 -0.0247718 0.630872
v 3.02465 1.0236 -0.630675
vn 0.0992476 0.0991293 0.990113
v 3.0112 1.2053 -0.67609
vn -0.575921 0.0807297 0.813509
v 3.00275 1.229 -0.67609
vn -0.540334 -0.262528 0.799449
v 2.9792 1.2507 -0.68363
vn -0.653065 -0.389817 0.649268
v 2.9882 1.2507 -0.67609
vn -0.56625 -0.354103 0.744293
v 3.0019 1.2507 -0.66636
vn -0.371306 -0.325434 0.869612
v 2.9792 1.2734 -0.67365
vn -0.657762 -0.130681 0.741803
v 2.9792 1.2663 -0.67609
vn -0.644907 -0.292573 0.706043
v 2.9741 1.2961 -0.67609
vn -0.737859 0.0280755 0.67437
v 3.0019 1.2734 -0.65835
vn -0.375476 -0.184692 0.908244
v 2.9792 1.2961 -0.67139
vn -0.542784 0.097802 0.834159
v 3.0019 1.2961 -0.65758
vn -0.426983 0.162431 0.889551
v 3.0019 1.3188 -0.66664
vn -0.37399 0.395674 0.838793
v 3.0246 1.228 -0.66813
vn -0.194102 -0.151013 0.969288
v 3.0473 1.228 -0.66637
vn -0.112387 0.160625 0.980596
v 3.0246 1.2507 -0.66218
vn -0.00475214 -0.306459 0.951872
v 3.0473 1.2507 -0.66627
vn 0.13297 -0.195746 0.971598
v 3.07 1.2507 -0.66902
vn 0.0643976 0.0494689 0.996697
v 3.0927 1.2507 -0.66849
vn -0.0719425 0.308318 0.948559
v 3.0246 1.2734 -0.65442
vn -0.0325627 -0.216547 0.975729
v 3.0473 1.2734 -0.65785
vn 0.194398 -0.351612 0.91574
v 3.0167 1.2961 -0.65339
vn -0.138072 -0.0296138 0.989979
v 3.0473 1.283 -0.65339
vn 0.122076 -0.276146 0.953331
v 3.07 1.2734 -0.66457
vn 0.248163 -0.292086 0.923635
v 3.0927 1.2734 -0.67227
vn 0.146437 0.0571214 0.987569
v 3.07 1.2974 -0.65339
vn 0.218704 -0.276243 0.935873
v 3.0661 1.2961 -0.65339
vn 0.0484629 -0.0882674 0.994917
v 3.0246 1.2961 -0.65151
vn -0.091122 0 0.99584
v 3.0473 1.2961 -0.65059
vn -0.000561849 -0.00925153 0.999957
v 3.1154 1.2961 -0.68088
vn -0.0419864 0.245455 0.968498
v 3.1154 1.2772 -0.67609
vn 0.0275492 0.221083 0.974866
v 3.1382 1.2811 -0.67609
vn -0.144671 0.434372 0.889039
v 3.1154 1.2734 -0.67509
vn -0.0525069 0.32783 0.943277
v 3.1382 1.2734 -0.67179
vn -0.193927 0.446113 0.873713
v 3.1082 1.2961 -0.67609
vn 0.155974 0.0594185 0.985972
v 3.1776 1.2961 -0.67609
vn -0.268444 0.627586 0.730803
v 3.1609 1.2961 -0.68542
vn -0.301341 0.786302 0.539372
v 3.1609 1.2897 -0.67609
vn -0.232576 0.609852 0.757621
v 3.0246 1.3035 -0.65339
vn -0.208356 0.241908 0.947665
v 3.0246 1.3188 -0.65824
vn -0.294394 0.442546 0.847045
v 3.0473 1.3188 -0.65266
vn -0.0997592 0.15869 0.982276
v 3.0473 1.3415 -0.66321
vn -0.282086 0.484705 0.827942
v 3.07 1.3327 -0.65339
vn -0.0596498 0.272308 0.960359
v 3.07 1.3415 -0.65608
vn -0.11629 0.474283 0.872658
v 3.0869 1.3188 -0.65339
vn 0.155353 0.0592241 0.986082
v 3.0927 1.3415 -0.65716
vn 0.061016 0.418699 0.906073
v 3.07 1.3188 -0.65014
vn 0.0114335 0.00888214 0.999895
v 3.2063 1.0538 -0.78962
vn -0.392573 -0.627116 -0.672765
v 3.1945 1.0917 -0.81232
vn -0.314254 -0.696664 -0.644906
v 3.2063 1.0917 -0.81807
vn -0.612691 -0.579971 -0.536882
v 3.229 1.0266 -0.76691
vn -0.16729 -0.752711 -0.636742
v 3.2063 1.0463 -0.78472
vn -0.163887 -0.709242 -0.685651
v 3.3607 1.0463 -0.60798
vn -0.641477 0.16561 0.749053
v 3.3652 1.0542 -0.60798
vn -0.350941 0.338955 0.872898
v 3.3652 1.0275 -0.53986
vn -0.547412 0.825547 0.13716
v 3.3879 1.069 -0.61702
vn 0.114244 0.367699 0.922901
v 3.3879 1.0377 -0.51716
vn -0.526939 0.845639 0.0850269
v 3.2063 1.2961 -0.66462
vn -0.295579 0.628752 0.719238
v 3.2744 1.228 -0.61867
vn -0.0999353 0.0539805 0.993529
v 3.229 1.3143 -0.67609
vn -0.298138 0.730508 0.614387
v 3.2517 1.3107 -0.65339
vn -0.373321 0.730274 0.572129
v 3.2744 1.3188 -0.65569
vn -0.253676 0.84474 0.471235
v 3.1836 0.8647 -0.31779
vn -0.940078 0.336806 -0.0530525
v 3.1836 0.86454 -0.31281
vn -0.48318 -0.875383 -0.0155459
v 3.1836 0.86671 -0.31281
vn -0.830422 0.556051 -0.0347525
v 3.1827 0.8647 -0.29011
vn -0.996016 0.0712993 0.0535637
v 3.1836 0.8647 -0.28531
vn -0.776704 0.587316 0.227575
v 3.20627 0.910095 -0.47177
vn -0.843752 0.233067 -0.48349
v 3.229 0.91011 -0.4832
vn -0.39819 -0.46511 -0.790643
v 3.229 0.89054 -0.47175
vn -0.398659 -0.463131 -0.791568
v 3.229 0.91804 -0.47175
vn -0.395187 0.901968 -0.174013
v 3.1906 0.8874 -0.44904
vn -0.942031 0.139999 -0.304923
v 3.2063 0.8874 -0.46607
vn -0.881387 -0.0486336 -0.469885
v 3.2063 0.87753 -0.44904
vn -0.585966 -0.774408 -0.238614
v 3.1879 0.8874 -0.42634
vn -0.996031 -0.0552754 -0.0697578
v 3.2063 0.86996 -0.42634
vn -0.711937 -0.692627 -0.115817
v 3.2037 0.91011 -0.44904
vn -0.895086 0.373592 -0.243414
v 3.2063 0.91167 -0.44904
vn -0.408641 0.909991 -0.0702075
v 3.229 0.9224 -0.44904
vn -0.448525 0.889717 -0.0850288
v 3.2043 0.91011 -0.42634
vn -0.654312 0.756216 0.0037513
v 3.2467 0.93281 -0.42634
vn -0.456975 0.889394 0.0123356
v 3.25065 0.93325 -0.44904
vn -0.440428 0.895296 -0.0668389
v 3.2517 0.93281 -0.45656
vn -0.441421 0.876086 -0.19396
v 3.2517 0.927 -0.47175
vn -0.428369 0.843974 -0.322812
v 3.2744 0.94512 -0.44904
vn -0.494693 0.864968 -0.0843144
v 3.2517 0.93495 -0.42634
vn -0.444866 0.895582 0.00527581
v 3.2744 0.94646 -0.42634
vn -0.496108 0.868251 0.00401501
v 3.2971 0.95552 -0.49439
vn -0.760852 0.598364 -0.251127
v 3.2971 0.93281 -0.50068
vn -0.737926 -0.190404 -0.647466
v 3.3198 0.97515 -0.49445
vn -0.691564 0.714208 -0.10792
v 3.289 0.95552 -0.44904
vn -0.582991 0.807094 -0.0933841
v 3.2971 0.96082 -0.44904
vn -0.62585 0.776668 -0.0714057
v 3.3198 0.97822 -0.46436
vn -0.664898 0.744234 -0.0634474
v 3.3224 0.97822 -0.49445
vn -0.698368 0.715065 -0.0310413
v 3.34395 0.999255 -0.49445
vn -0.709061 0.705147 0.000632372
v 3.367 1.02215 -0.49445
vn -0.636881 0.770519 0.0261304
v 3.3434 0.999875 -0.47175
vn -0.692941 0.720365 -0.030111
v 3.36675 1.02235 -0.47175
vn -0.639536 0.768749 -0.00434778
v 3.3198 0.97912 -0.44904
vn -0.638831 0.769339 0.0034716
v 3.2877 0.95552 -0.42634
vn -0.556075 0.831011 0.0141838
v 3.2971 0.96145 -0.42634
vn -0.588632 0.808071 0.023086
v 3.3198 0.978435 -0.42401
vn -0.613282 0.786915 0.068189
v 3.34305 1.00032 -0.44904
vn -0.676641 0.735743 0.0289736
v 3.3669 1.02225 -0.44904
vn -0.627706 0.776621 0.053344
v 3.3425 0.99751 -0.42634
vn -0.653043 0.750703 0.0999019
v 3.3652 1.0175 -0.42634
vn -0.642333 0.755594 0.128401
v 3.1882 0.8874 -0.40363
vn -0.99852 -0.0335006 0.0428444
v 3.2063 0.86585 -0.40363
vn -0.761594 -0.639669 -0.103911
v 3.1998 0.8647 -0.38093
vn -0.776655 -0.567849 -0.272681
v 3.2063 0.8647 -0.39396
vn -0.63402 -0.754145 -0.171127
v 3.1909 0.8874 -0.38093
vn -0.995269 0.096866 0.00753079
v 3.2063 0.91011 -0.40974
vn -0.612389 0.780747 0.124154
v 3.229 0.92166 -0.40363
vn -0.459541 0.879229 0.125613
v 3.2063 0.90397 -0.38093
vn -0.710329 0.69021 0.137999
v 3.2143 0.91011 -0.38093
vn -0.511178 0.843475 0.165065
v 3.229 0.91774 -0.38093
vn -0.440612 0.882414 0.164944
v 3.2511 0.933075 -0.40363
vn -0.453516 0.883317 0.118632
v 3.255 0.93091 -0.38093
vn -0.4568 0.873343 0.169132
v 3.1939 0.8647 -0.35822
vn -0.972281 -0.213361 -0.0956372
v 3.2063 0.85518 -0.35822
vn -0.568567 -0.804171 -0.173325
v 3.1944 0.8874 -0.35822
vn -0.905446 0.406817 0.121108
v 3.1881 0.8647 -0.33552
vn -0.967465 0.0565018 -0.246613
v 3.1967 0.8874 -0.33552
vn -0.881924 0.469859 -0.0379739
v 3.2063 0.89896 -0.35822
vn -0.644377 0.750959 0.144357
v 3.2224 0.91011 -0.35822
vn -0.470931 0.867101 0.162359
v 3.2063 0.89544 -0.33552
vn -0.566324 0.816074 0.115329
v 3.2294 0.91011 -0.336725
vn -0.471964 0.870001 0.14265
v 3.2517 0.92429 -0.35822
vn -0.446968 0.877657 0.173027
v 3.27456 0.934457 -0.347336
vn -0.478303 0.861726 0.169278
v 3.2517 0.92007 -0.33552
vn -0.435244 0.88793 0.148806
v 3.2744 0.94491 -0.40363
vn -0.488027 0.867333 0.0977905
v 3.2744 0.94118 -0.38093
vn -0.509344 0.844921 0.163334
v 3.2971 0.95951 -0.40363
vn -0.551694 0.826146 0.114527
v 3.3215 0.97681 -0.40363
vn -0.59093 0.793286 0.146626
v 3.2968 0.95552 -0.380015
vn -0.540185 0.827889 0.150996
v 3.3198 0.968635 -0.369575
vn -0.574011 0.802238 0.164091
v 3.3425 0.99307 -0.40363
vn -0.623188 0.767081 0.152392
v 3.35425 1.0009 -0.39228
vn -0.639337 0.753076 0.155322
v 3.3652 1.0122 -0.40363
vn -0.560051 0.806333 0.190183
v 3.3652 1.0075 -0.38093
vn -0.557695 0.817372 0.1445
v 3.2971 0.95056 -0.35822
vn -0.545459 0.817609 0.184362
v 3.2971 0.94521 -0.33552
vn -0.523117 0.834697 0.172135
v 3.3198 0.96123 -0.33552
vn -0.57554 0.797859 0.179372
v 3.3425 0.98386 -0.35822
vn -0.61628 0.770348 0.163596
v 3.34205 0.97822 -0.334235
vn -0.60923 0.769794 0.190411
v 3.3652 1.00215 -0.352885
vn -0.608205 0.777006 0.16232
v 3.3691 1.0009 -0.33552
vn -0.616627 0.752649 0.230848
v 3.3687 0.91011 -0.49445
vn -0.940473 -0.338313 -0.0324876
v 3.3734 1.0236 -0.42634
vn -0.548219 0.818377 0.17238
v 3.3879 1.0329 -0.42634
vn -0.51708 0.82911 0.212614
v 3.3879 1.0236 -0.39332
vn -0.482094 0.849982 0.212406
v 3.3879 1.0156 -0.33552
vn -0.512988 0.845465 0.148435
v 3.198 0.8874 -0.31281
vn -0.772995 0.632904 0.0437198
v 3.2014 0.8874 -0.29011
vn -0.688843 0.714377 0.123128
v 3.2063 0.8933 -0.31281
vn -0.525347 0.846415 0.0871298
v 3.2327 0.908145 -0.31281
vn -0.460669 0.880297 0.113408
v 3.2063 0.89072 -0.29011
vn -0.496896 0.858754 0.125041
v 3.229 0.90337 -0.29011
vn -0.47203 0.870223 0.141069
v 3.2517 0.9168 -0.31281
vn -0.420744 0.899993 0.113957
v 3.2744 0.92795 -0.31281
vn -0.476068 0.869121 0.134119
v 3.2469 0.912165 -0.29011
vn -0.41561 0.895264 0.160536
v 3.2744 0.92506 -0.29011
vn -0.469018 0.86842 0.160838
v 3.20745 0.886335 -0.2674
vn -0.543258 0.75242 0.372472
v 3.2063 0.8874 -0.27229
vn -0.476545 0.859971 0.182635
v 3.2526 0.90956 -0.2674
vn -0.37273 0.811323 0.450364
v 3.2517 0.91011 -0.26974
vn -0.404606 0.890844 0.206618
v 3.2744 0.91913 -0.2674
vn -0.417304 0.824655 0.381839
v 3.29785 0.93228 -0.2674
vn -0.364936 0.599212 0.712578
v 3.2971 0.93281 -0.2693
vn -0.45826 0.859629 0.225911
v 3.3198 0.91011 -0.255
vn 0.0696501 0.011425 0.997506
v 3.2971 0.94091 -0.31281
vn -0.528335 0.836059 0.147874
v 3.3198 0.95552 -0.30793
vn -0.556467 0.811179 0.179811
v 3.2971 0.93774 -0.29011
vn -0.479818 0.854377 0.199536
v 3.32265 0.953545 -0.29011
vn -0.507294 0.8244 0.251033
v 3.34605 0.975415 -0.31281
vn -0.576866 0.784378 0.227984
v 3.3425 0.9658 -0.29011
vn -0.497972 0.795549 0.345145
v 3.3652 0.98098 -0.29011
vn -0.574909 0.760519 0.301813
v 3.3652 0.9899 -0.31281
vn -0.604497 0.753607 0.258184
v 3.3652 0.96375 -0.2674
vn -0.368282 0.638537 0.67575
v 3.3652 0.97822 -0.28404
vn -0.483539 0.678863 0.552572
v 3.3652 0.95552 -0.2616
vn -0.148278 0.177585 0.972871
v 3.3879 1.0095 -0.31281
vn -0.597895 0.757244 0.262875
v 3.3887 1.00019 -0.29011
vn -0.506637 0.667808 0.5453
v 3.4106 1.0175 -0.29011
vn -0.551925 0.732243 0.398998
v 3.4106 1.0236 -0.30801
vn -0.547847 0.797116 0.253909
v 3.38765 0.978355 -0.2674
vn -0.283503 -0.0343747 0.958355
v 3.3879 0.95552 -0.26164
vn -0.0823091 0.168105 0.982327
v 3.4106 0.97649 -0.2674
vn -0.0569813 -0.814442 0.57744
v 2.92245 1.3388 -0.38093
vn 0.0570784 -0.990176 -0.12765
v 2.9111 1.3415 -0.34325
vn 0.0734596 -0.90041 0.428795
v 2.9338 1.3369 -0.35822
vn 0.0598665 -0.998045 0.0179273
v 2.95845 1.3413 -0.38093
vn 0.0817933 -0.970318 -0.227581
v 2.9565 1.3386 -0.35822
vn 0.106805 -0.994254 0.00712364
v 2.9338 1.3415 -0.34462
vn 0.0512278 -0.891954 0.449214
v 2.9565 1.3415 -0.34822
vn 0.140645 -0.888285 0.437227
v 2.9765 1.3415 -0.35822
vn 0.154034 -0.96809 0.197672
v 2.9565 1.3501 -0.33552
vn 0.111269 -0.816917 0.565921
v 2.9792 1.3435 -0.38093
vn 0.112558 -0.992659 -0.0442687
v 3.0019 1.3452 -0.35822
vn 0.133107 -0.959245 0.249263
v 2.9792 1.3547 -0.33552
vn 0.156662 -0.828573 0.537517
v 3.0019 1.3583 -0.33552
vn 0.106206 -0.739157 0.665108
v 3.0473 1.3504 -0.35822
vn 0.0945432 -0.884247 0.45735
v 3.0655 1.3642 -0.33552
vn 0.0630284 -0.774128 0.629883
v 3.0246 1.361 -0.33552
vn 0.0627322 -0.805663 0.589043
v 3.07 1.354 -0.35822
vn 0.0915967 -0.906014 0.413217
v 3.0927 1.3561 -0.35822
vn 0.041047 -0.919404 0.391167
v 3.0927 1.3642 -0.33895
vn 0.0547923 -0.904379 0.423198
v 3.10405 1.36745 -0.33552
vn 0.0343478 -0.548804 0.835245
v 3.1154 1.3642 -0.34035
vn 0.0182088 -0.919146 0.393496
v 3.1382 1.3642 -0.34284
vn 0.0115171 -0.906625 0.42178
v 3.1609 1.3572 -0.35822
vn -0.029105 -0.985973 0.164345
v 3.1836 1.357 -0.38093
vn -0.0366284 -0.997778 -0.0556489
v 3.1836 1.3552 -0.35822
vn -0.0722349 -0.986064 0.149863
v 3.1609 1.3642 -0.34298
vn -0.0819042 -0.892864 0.442815
v 3.1875 1.3642 -0.33552
vn -0.12418 -0.759256 0.638835
v 3.1609 1.3706 -0.33552
vn -0.106415 -0.544597 0.831919
v 3.0019 1.3642 -0.33081
vn 0.0447785 -0.406709 0.91246
v 2.9792 1.3642 -0.32941
vn 0.0644504 -0.434168 0.898523
v 3.0019 1.3869 -0.32322
vn 0.026312 -0.316996 0.948062
v 3.0246 1.3642 -0.33247
vn 0.0532142 -0.450453 0.891213
v 3.0246 1.3869 -0.32308
vn 0.0186195 -0.361036 0.932366
v 3.0473 1.3869 -0.32292
vn 0.00322105 -0.321359 0.946952
v 3.07 1.3869 -0.32274
vn 0.0208346 -0.502963 0.864057
v 3.10405 1.3869 -0.323645
vn 0.0309897 -0.520076 0.853558
v 3.1836 1.3869 -0.32424
vn -0.082542 -0.470755 0.878394
v 3.1609 1.3869 -0.3259
vn -0.0628531 -0.507263 0.859496
v 3.3879 1.0367 -0.49445
vn -0.565601 0.824661 0.00544901
v 3.3879 1.0374 -0.47175
vn -0.572414 0.819948 -0.00527166
v 3.3879 1.0368 -0.44904
vn -0.561513 0.824689 0.0677616
v 3.2063 1.3536 -0.35822
vn -0.0252351 -0.987962 0.152627
v 3.2063 1.3614 -0.33552
vn 0.0158802 -0.925797 0.377687
v 3.22938 1.3641 -0.335325
vn 0.119162 -0.702254 0.701883
v 3.2517 1.3642 -0.34364
vn 0.145077 -0.881459 0.449424
v 3.2744 1.361 -0.35822
vn 0.0433469 -0.937126 0.346287
v 3.2744 1.3642 -0.34956
vn 0.0612136 -0.885174 0.461216
v 3.2517 1.3701 -0.33552
vn 0.131853 -0.586528 0.799124
v 3.2744 1.3745 -0.33552
vn 0.0684575 -0.669777 0.7394
v 3.2971 1.3608 -0.35822
vn -0.036693 -0.930457 0.364559
v 3.2971 1.3642 -0.3493
vn -0.0529297 -0.804841 0.591126
v 3.2971 1.3747 -0.33552
vn -0.0366931 -0.653856 0.755729
v 3.3425 1.3705 -0.33552
vn -0.037383 -0.578351 0.814931
v 3.3425 1.3642 -0.34309
vn -0.0591142 -0.772404 0.632375
v 3.3652 1.3642 -0.34246
vn -0.00299267 -0.76426 0.644901
v 3.3652 1.3701 -0.33552
vn 0.0110005 -0.579053 0.815215
v 3.4106 1.355 -0.35822
vn -0.103336 -0.974648 0.19845
v 3.4106 1.3642 -0.34164
vn -0.0738734 -0.811944 0.579042
v 3.3879 1.3642 -0.34328
vn -0.0119364 -0.801714 0.597588
v 3.3879 1.3712 -0.33552
vn 0.0064838 -0.511805 0.859077
v 3.4106 1.3707 -0.33552
vn -0.0280493 -0.450346 0.892414
v 3.4106 1.3558 -0.38093
vn -0.100744 -0.994296 -0.0350264
v 3.4333 1.3535 -0.38093
vn -0.0818166 -0.994934 -0.0584149
v 3.4333 1.3519 -0.35822
vn -0.068777 -0.972705 0.221617
v 3.456 1.3533 -0.38093
vn 0.0160916 -0.996267 -0.0848137
v 3.456 1.3512 -0.35822
vn 0.0228114 -0.941799 0.335401
v 3.4333 1.3642 -0.33803
vn -0.0462196 -0.823831 0.564947
v 3.456 1.3642 -0.33717
vn 0.0185589 -0.818457 0.574268
v 3.4333 1.3676 -0.33552
vn -0.0409299 -0.40492 0.913436
v 3.456 1.3665 -0.33552
vn 0.00130336 -0.386816 0.922156
v 3.4787 1.3532 -0.35822
vn 0.0684728 -0.933 0.353302
v 3.4787 1.3642 -0.33929
vn 0.05447 -0.832695 0.551047
v 3.4787 1.3681 -0.33552
vn 0.00251942 -0.451714 0.892159
v 3.2063 1.3642 -0.3328
vn -0.00687655 -0.463966 0.885826
v 3.2063 1.3869 -0.32258
vn -0.0630002 -0.425384 0.902817
v 3.229 1.3869 -0.32248
vn 0.0809911 -0.476192 0.875604
v 3.2517 1.3869 -0.32502
vn 0.107934 -0.483901 0.868441
v 3.2744 1.3869 -0.32801
vn 0.0648763 -0.428727 0.901102
v 3.2971 1.3869 -0.32877
vn 0.0137982 -0.416407 0.909074
v 3.3198 1.3869 -0.32817
vn -0.011611 -0.368124 0.929704
v 3.3425 1.3869 -0.32765
vn -0.0122254 -0.340196 0.940275
v 3.3652 1.3869 -0.32773
vn 0.0108288 -0.349967 0.936699
v 3.4106 1.3869 -0.32871
vn 0.012253 -0.380314 0.924776
v 3.4333 1.3869 -0.32873
vn -0.0234604 -0.348628 0.936967
v 3.456 1.3869 -0.32819
vn -0.0196758 -0.359774 0.932832
v 3.4787 1.3869 -0.32654
vn -0.0332056 -0.370233 0.928345
v 3.2744 1.4096 -0.31824
vn 0.0589133 -0.393167 0.917578
v 3.2534 1.4304 -0.31281
vn 0.107678 -0.0963477 0.989506
v 3.3198 1.4096 -0.32041
vn 0.0243732 -0.346456 0.937749
v 3.3425 1.4096 -0.3215
vn 0.0071837 -0.282555 0.959224
v 3.37655 1.4096 -0.3215
vn 0.0088215 -0.27101 0.962536
v 3.4787 1.4096 -0.32027
vn -0.0247159 -0.252274 0.96734
v 3.456 1.4096 -0.32162
vn -0.0572307 -0.265804 0.962327
v 3.4787 1.4556 -0.31281
vn 0.0299571 -0.185919 0.982108
v 2.9338 1.3404 -0.38283
vn 0.05675 -0.89662 -0.439149
v 3.0019 0.93281 -0.6506
vn -0.374724 -0.279417 0.88403
v 2.9792 1.0009 -0.64156
vn -0.69529 -0.2605 0.66986
v 3.0246 0.93281 -0.64181
vn -0.355191 -0.278495 0.892345
v 3.0953 0.75117 -0.63068
vn -0.650726 0.189742 0.735223
v 3.0927 0.75117 -0.63324
vn -0.772329 0.0963068 0.62788
v 3.0927 0.72847 -0.63284
vn -0.789279 0.0489419 0.612082
v 3.1154 0.74106 -0.60798
vn -0.694672 0.288501 0.658938
v 3.1154 0.75117 -0.61206
vn -0.619908 0.334029 0.710027
v 3.1213 0.75117 -0.60798
vn -0.475664 0.446813 0.757695
v 3.0771 0.75117 -0.65339
vn -0.739824 0.0326759 0.672007
v 3.0927 0.77388 -0.63732
vn -0.67727 0.108738 0.727655
v 3.1029 0.77388 -0.63068
vn -0.473178 0.243839 0.846549
v 3.1382 0.76612 -0.60798
vn -0.334927 0.555051 0.761408
v 3.1382 0.7407 -0.58527
vn -0.504473 0.720548 0.475729
v 3.1382 0.75117 -0.59525
vn -0.373406 0.612575 0.69665
v 3.1382 0.73105 -0.56257
vn -0.54822 0.811762 0.201238
v 3.1623 0.75117 -0.585785
vn -0.305432 0.817604 0.488094
v 3.1382 0.72965 -0.51716
vn -0.667632 0.743018 0.0468131
v 3.1836 0.7581 -0.58527
vn -0.246404 0.717565 0.651448
v 3.1836 0.77388 -0.60207
vn -0.235103 0.696272 0.678183
v 3.0246 0.91011 -0.64798
vn -0.301436 -0.305413 0.903249
v 3.0473 0.91011 -0.64201
vn -0.318112 -0.206751 0.925234
v 3.2063 0.77388 -0.59342
vn -0.271805 0.686764 0.674149
v 3.2517 0.79658 -0.59687
vn -0.322987 0.708083 0.627931
v 3.27365 0.79658 -0.584765
vn -0.3813 0.748318 0.542799
v 3.0473 1.0463 -0.63659
vn 0.166557 -0.129612 0.977476
v 3.0473 1.069 -0.63358
vn 0.166557 -0.129612 0.977476
v 3.1382 1.069 -0.64147
vn 0.058985 -0.136783 0.988843
v 3.1391 0.72847 -0.500655
vn -0.479746 0.871951 0.0976991
v 3.1382 0.72669 -0.49445
vn -0.700234 0.694779 0.164181
v 3.1455 0.72847 -0.47175
vn -0.49044 0.839311 0.234575
v 3.1382 0.72106 -0.47175
vn -0.664438 0.654561 0.360654
v 3.1836 0.71201 -0.38093
vn -0.430001 0.873747 0.2273
v 3.328 0.79658 -0.49445
vn -0.698852 0.699171 0.150885
v 3.3324 0.79658 -0.47175
vn -0.726351 0.673748 0.135932
v 3.321 0.77388 -0.40723
vn -0.547674 0.820334 0.164638
v 3.3198 0.76873 -0.38093
vn -0.50816 0.850919 0.133081
v 3.3425 0.7896 -0.40363
vn -0.642682 0.750124 0.155799
v 3.3286 0.77388 -0.38093
vn -0.593644 0.795929 0.118676
v 3.334 0.77388 -0.33552
vn -0.694655 0.71128 0.107402
v 3.1836 0.66035 -0.63861
vn -0.680448 -0.680883 -0.270905
v 3.1635 0.66035 -0.60798
vn -0.494681 -0.835047 -0.240804
v 3.1609 0.6572 -0.58527
vn -0.570557 -0.807643 -0.148921
v 3.1609 0.66035 -0.60203
vn -0.517503 -0.843511 -0.143806
v 3.18 0.63765 -0.56257
vn -0.6703 -0.73258 -0.11842
v 3.1526 0.66035 -0.56257
vn -0.579799 -0.812002 -0.0669723
v 3.1609 0.65398 -0.56257
vn -0.636664 -0.765028 -0.0969085
v 3.1768 0.63765 -0.53986
vn -0.707341 -0.703517 -0.0687948
v 3.151 0.66035 -0.53986
vn -0.602095 -0.798173 -0.0200331
v 3.1609 0.65222 -0.53986
vn -0.659998 -0.750668 -0.0300049
v 3.1758 0.63765 -0.51716
vn -0.751257 -0.659532 -0.0250949
v 3.151 0.66035 -0.51716
vn -0.6361 -0.771475 0.0142746
v 3.1609 0.652 -0.505805
vn -0.685956 -0.727643 0.000432556
v 3.1382 0.67473 -0.60798
vn -0.554997 -0.825031 -0.106313
v 3.1382 0.67211 -0.58527
vn -0.585891 -0.806263 -0.0816808
v 3.1251 0.68306 -0.58527
vn -0.640487 -0.766256 -0.0512617
v 3.1246 0.68306 -0.56257
vn -0.672195 -0.740355 -0.00529993
v 3.1382 0.67024 -0.56257
vn -0.64586 -0.763125 -0.0224911
v 3.1265 0.68306 -0.53986
vn -0.831773 -0.550274 0.0731536
v 3.1382 0.66983 -0.53986
vn -0.694165 -0.71934 0.0261855
v 3.1294 0.68306 -0.51716
vn -0.918702 -0.378307 0.113447
v 3.1382 0.67122 -0.51716
vn -0.721365 -0.690321 0.0555713
v 3.1254 0.70576 -0.51716
vn -0.976321 -0.172037 0.13115
v 2.9912 1.0236 -0.63068
vn -0.263888 -0.150691 0.952709
v 3.0019 1.0236 -0.62879
vn 0.0363758 -0.0495227 0.99811
v 3.07 0.8874 -0.63935
vn -0.140046 -0.0681597 0.987796
v 3.0927 0.8874 -0.63872
vn 0.0216276 0.0537881 0.998318
v 3.0473 0.93281 -0.6386
vn -0.00900289 -0.102634 0.994678
v 3.07 0.91011 -0.63917
vn 0.00352102 0.00880907 0.999955
v 3.0927 0.91011 -0.64181
vn 0.0995079 0.124856 0.987172
v 3.07 0.93281 -0.64011
vn 0.139489 0.0625059 0.988249
v 3.0927 0.93281 -0.64529
vn 0.153226 0.105802 0.982511
v 3.1154 0.8874 -0.63977
vn 0.0279197 0.095253 0.995061
v 3.1154 0.91011 -0.64292
vn 0.00151886 0.159998 0.987116
v 3.1382 0.91011 -0.64198
vn -0.0241933 0.0922973 0.995438
v 3.1609 0.93281 -0.64276
vn -0.0548519 0.0727635 0.99584
v 3.1836 0.91011 -0.64102
vn -0.0588998 0.0312015 0.997776
v 3.1836 0.93281 -0.64139
vn -0.0804257 0.0381042 0.996032
v 3.0246 0.95552 -0.63622
vn -0.137815 -0.183835 0.973248
v 3.0473 0.95552 -0.63568
vn 0.142806 -0.0715672 0.98716
v 3.0246 0.97822 -0.63219
vn -0.0632793 -0.14612 0.987241
v 3.0473 0.97822 -0.63439
vn 0.173696 -0.0531214 0.983366
v 3.07 0.95552 -0.64102
vn 0.202272 -0.000800884 0.979329
v 3.07 0.97822 -0.64121
vn 0.231241 -0.0217909 0.972652
v 3.0473 1.0009 -0.63463
vn 0.222445 0.029958 0.974485
v 3.0473 1.0236 -0.63631
vn 0.20851 0.0217389 0.977779
v 3.07 1.0009 -0.6407
vn 0.208749 -0.00572642 0.977953
v 3.1836 0.95552 -0.64313
vn -0.135749 0.135724 0.981403
v 3.1973 0.66035 -0.7215
vn -0.988328 0.0685907 -0.136026
v 3.191 0.66035 -0.67609
vn -0.940777 -0.331646 -0.070353
v 3.1887 0.66035 -0.65339
vn -0.904307 -0.38775 -0.178546
v 3.3027 0.8874 -0.78962
vn -0.989666 0.123426 -0.072986
v 3.2971 0.8874 -0.77754
vn -0.830774 0.401861 -0.385127
v 3.1836 0.67183 -0.67609
vn -0.834865 -0.538157 -0.1157
v 3.1836 0.66517 -0.65339
vn -0.76708 -0.624321 -0.147684
v 3.2063 0.92146 -0.63918
vn -0.0981044 0.0197565 0.99498
v 3.229 0.93281 -0.63674
vn -0.05916 0.0310233 0.997766
v 3.2517 0.93281 -0.63594
vn -0.012538 0.0494876 0.998696
v 3.2971 0.93281 -0.63519
vn -0.0807009 0.0643247 0.994661
v 3.2063 0.95552 -0.63992
vn -0.122226 0.0814672 0.989153
v 3.229 0.95552 -0.63748
vn -0.0583226 0.0577939 0.996623
v 3.2063 0.97822 -0.64299
vn -0.151742 0.168617 0.973932
v 3.229 0.97822 -0.63956
vn -0.0848903 0.156839 0.983969
v 3.2517 0.95552 -0.63745
vn 0.0156742 0.0655432 0.997727
v 3.2744 0.95552 -0.63859
vn -0.0228706 0.0496985 0.998502
v 3.2517 0.97822 -0.63908
vn -0.0120133 0.0974247 0.99517
v 3.2744 1.0009 -0.6405
vn -0.105016 0.0696033 0.992032
v 3.229 1.0009 -0.64472
vn -0.0835297 0.18506 0.979171
v 3.229 1.0236 -0.64827
vn -0.0302926 0.0325664 0.99901
v 3.2517 1.0009 -0.64323
vn -0.0857085 0.188078 0.978407
v 3.2517 1.0236 -0.64756
vn -0.0570548 0.0798512 0.995173
v 3.2744 1.0236 -0.64455
vn -0.185639 0.153214 0.9706
v 3.2971 0.95552 -0.63707
vn -0.0926361 0.0437218 0.99474
v 3.3198 0.95552 -0.63404
vn -0.138757 0.00552227 0.990311
v 3.2971 0.97822 -0.63672
vn -0.158979 -0.0386993 0.986523
v 3.2971 1.0009 -0.63495
vn -0.247065 0.0264682 0.968637
v 3.2971 1.0236 -0.63796
vn -0.302415 0.147687 0.941666
v 3.0019 1.0463 -0.62778
vn 0.0036417 -0.0461811 0.998926
v 2.9792 1.069 -0.62841
vn -0.106795 0.00582674 0.994264
v 3.0019 1.069 -0.62678
vn 0.0168909 -0.00723915 0.999831
v 3.0019 1.0917 -0.62872
vn 0.0261263 0.0873237 0.995837
v 3.0473 1.0917 -0.63166
vn 0.0649953 -0.00824071 0.997852
v 3.0473 1.1145 -0.63309
vn -0.0114408 0.0862078 0.996211
v 3.07 1.0917 -0.63271
vn 0.0381277 -0.0536187 0.997833
v 3.0927 1.0917 -0.63408
vn 0.064201 -0.120759 0.990604
v 3.07 1.1145 -0.63254
vn -0.0278859 0.0341798 0.999027
v 3.0927 1.1145 -0.63225
vn 0.0186011 -0.0229247 0.999564
v 3.1836 1.0463 -0.64667
vn 0.0275521 -0.116957 0.992755
v 3.1609 1.069 -0.64219
vn 0.037728 -0.162149 0.986045
v 3.1154 1.0917 -0.6358
vn 0.0754772 -0.153807 0.985214
v 3.1382 1.0917 -0.63753
vn 0.057967 -0.164974 0.984593
v 3.1154 1.1145 -0.63291
vn 0.027979 -0.0703719 0.997128
v 3.14955 1.1145 -0.634565
vn 0.0376969 -0.123522 0.991626
v 3.17225 1.0917 -0.638705
vn 0.032425 -0.162175 0.986229
v 3.1836 1.1145 -0.63532
vn 0.025321 -0.134565 0.990581
v 3.1382 1.1372 -0.63196
vn 0.0155268 -0.0183649 0.999711
v 3.1609 1.1372 -0.63274
vn 0.0223345 -0.0694913 0.997333
v 3.1836 1.1372 -0.63286
vn 0.0178317 -0.0650504 0.997723
v 3.229 1.0463 -0.64693
vn 0.00199892 -0.0943347 0.995539
v 3.229 1.0917 -0.64111
vn 0.0230237 -0.136454 0.990379
v 3.2517 1.069 -0.64399
vn 0.00354106 -0.124514 0.992212
v 3.2517 1.0463 -0.6474
vn -0.00395267 -0.0783922 0.996915
v 3.2744 1.0463 -0.64675
vn -0.0913414 -0.0335412 0.995255
v 3.2744 1.069 -0.64404
vn -0.065306 -0.11161 0.991604
v 3.2063 1.0917 -0.63998
vn 0.051455 -0.158879 0.985956
v 3.2063 1.1145 -0.63626
vn 0.0674883 -0.128678 0.989387
v 3.229 1.1145 -0.63853
vn 0.0438406 -0.129715 0.990582
v 3.2517 1.0917 -0.64161
vn -0.00174429 -0.114751 0.993393
v 3.2744 1.0917 -0.64054
vn -0.094599 -0.15419 0.983502
v 3.2517 1.1145 -0.63921
vn -0.035481 -0.141442 0.98931
v 3.2971 1.0463 -0.64263
vn -0.262411 0.0676698 0.96258
v 3.2971 1.069 -0.6421
vn -0.184167 -0.124724 0.974949
v 3.2063 1.1372 -0.63374
vn 0.0495817 -0.0948703 0.994254
v 3.229 1.1372 -0.63573
vn 0.0264372 -0.140814 0.989683
v 3.229 1.1599 -0.63242
vn -0.0103612 -0.116661 0.993118
v 3.2517 1.1372 -0.63523
vn -0.0733265 -0.18973 0.979094
v 3.1517 0.66035 -0.49445
vn -0.681816 -0.73087 0.0309267
v 3.1522 0.66035 -0.47175
vn -0.759404 -0.647959 0.0587746
v 3.1609 0.65231 -0.44904
vn -0.706233 -0.707438 0.0276801
v 3.1781 0.63765 -0.42634
vn -0.733319 -0.668149 0.125777
v 3.1562 0.66035 -0.42634
vn -0.836652 -0.509749 0.200424
v 3.1609 0.65482 -0.42634
vn -0.712855 -0.687738 0.137309
v 3.1836 0.6361 -0.40363
vn -0.816977 -0.56157 0.131102
v 3.1609 0.66035 -0.40877
vn -0.779808 -0.595364 0.193494
v 3.1609 0.66251 -0.40363
vn -0.835062 -0.4936 0.242962
v 3.1836 0.63765 -0.39432
vn -0.845421 -0.526105 0.0920725
v 3.1836 0.64232 -0.35822
vn -0.79194 -0.604029 0.0893318
v 3.1327 0.68306 -0.49445
vn -0.955169 -0.256168 0.148425
v 3.1382 0.67418 -0.49445
vn -0.775032 -0.626456 0.0829384
v 3.1286 0.70576 -0.49445
vn -0.972125 -0.174156 0.156977
v 3.1878 0.63765 -0.35822
vn -0.89189 -0.427131 0.14863
v 3.2971 0.75117 -0.19348
vn -0.193342 0.95468 -0.226284
v 3.3425 0.8874 -0.31049
vn 0.214102 -0.97336 0.082043
v 3.3425 0.88577 -0.33552
vn 0.214491 -0.97513 0.0558189
v 3.2867 0.88046 -0.7772
vn -0.542879 0.801216 -0.251666
v 3.0927 0.73403 -0.6988
vn -0.624924 -0.56264 -0.541207
v 3.1797 0.68306 -0.6988
vn -0.534274 -0.789035 -0.303275
v 3.1836 0.68306 -0.70679
vn -0.862163 -0.455868 -0.221041
v 3.1007 0.72847 -0.6988
vn -0.412799 -0.69782 -0.585359
v 3.1154 0.72847 -0.70805
vn -0.394037 -0.672754 -0.626208
v 3.1154 0.71986 -0.6988
vn -0.419128 -0.723716 -0.54824
v 3.0821 0.72847 -0.67609
vn -0.861843 -0.479983 -0.163834
v 3.0927 0.72847 -0.69327
vn -0.599072 -0.63275 -0.490653
v 3.0927 0.71642 -0.67609
vn -0.600922 -0.714742 -0.357822
v 3.0716 0.75117 -0.67609
vn -0.914275 -0.404488 -0.0221484
v 3.082 0.72847 -0.65339
vn -0.909552 -0.325357 0.25857
v 3.0927 0.70931 -0.65339
vn -0.874499 -0.462584 0.145837
v 3.1113 0.70576 -0.67609
vn -0.463422 -0.788309 -0.404734
v 3.1154 0.70481 -0.67771
vn -0.401862 -0.792009 -0.459597
v 3.0967 0.70576 -0.65339
vn -0.541141 -0.822241 -0.17631
v 3.1154 0.69358 -0.65339
vn -0.525719 -0.835659 -0.159039
v 3.1652 0.68306 -0.67609
vn -0.494334 -0.809949 -0.315622
v 3.1284 0.68306 -0.63068
vn -0.461263 -0.877177 -0.133406
v 3.1382 0.68306 -0.64996
vn -0.397431 -0.892269 -0.214253
v 3.1382 0.67811 -0.63068
vn -0.443944 -0.878918 -0.174402
v 3.0999 0.70576 -0.63068
vn -0.837711 -0.458282 0.297015
v 3.1154 0.69014 -0.63068
vn -0.679249 -0.733128 0.0338256
v 3.1412 0.68306 -0.65339
vn -0.34691 -0.892335 -0.288777
v 3.126 0.68306 -0.60798
vn -0.591534 -0.806125 -0.0158271
v 3.1154 0.69269 -0.60798
vn -0.840866 -0.522609 0.1408
v 3.1226 0.70576 -0.53986
vn -0.969629 0.224919 0.0960799
v 3.2063 0.67355 -0.81232
vn -0.892051 0.450422 -0.0369463
v 3.2133 0.68306 -0.81232
vn -0.701098 0.63213 -0.329959
v 3.229 0.69809 -0.81232
vn -0.609881 0.637071 -0.471366
v 3.2063 0.67287 -0.78962
vn -0.956485 0.29178 -0.00126332
v 3.2101 0.68306 -0.78962
vn -0.934706 0.299489 -0.191391
v 3.2192 0.70576 -0.78962
vn -0.821651 0.441619 -0.360364
v 3.229 0.70576 -0.80258
vn -0.613434 0.629114 -0.477404
v 3.2063 0.67046 -0.76691
vn -0.983642 0.178073 -0.0271831
v 3.208 0.68306 -0.76691
vn -0.993033 0.0680736 -0.0961805
v 3.20645 0.70576 -0.76663
vn -0.914563 -0.0105257 -0.404305
v 3.2015 0.68306 -0.74421
vn -0.904167 -0.248816 -0.347237
v 3.2063 0.68306 -0.75799
vn -0.926731 -0.140637 -0.348412
v 3.1903 0.70576 -0.74421
vn -0.827561 -0.292398 -0.479214
v 3.1899 0.68306 -0.7215
vn -0.842832 -0.356493 -0.403171
v 3.1836 0.69274 -0.7215
vn -0.777936 -0.506297 -0.372128
v 3.2479 1.0236 -0.76691
vn -0.148064 -0.808822 -0.569107
v 3.2517 1.0236 -0.76833
vn -0.364791 -0.680024 -0.635999
v 3.2517 1.0009 -0.75149
vn -0.181004 -0.573184 -0.799186
v 3.2971 0.96333 -0.76691
vn -0.935871 -0.341193 0.0879325
v 3.2998 0.95552 -0.76691
vn -0.945121 -0.326721 0
v 3.2971 0.95552 -0.7532
vn -0.929165 -0.321205 -0.182976
v 3.2669 1.0236 -0.78962
vn -0.585214 -0.694949 -0.417817
v 3.229 1.0236 -0.76383
vn -0.112979 -0.711761 -0.693276
v 3.1382 0.70799 -0.44904
vn -0.697629 0.628878 0.343257
v 3.2971 0.92631 -0.49445
vn -0.235269 -0.694951 -0.679479
v 3.2806 0.91011 -0.47175
vn -0.262068 -0.697801 -0.666629
v 3.3544 0.8874 -0.33552
vn 0.0818708 -0.995096 0.0555011
v 3.2063 0.8412 -0.29011
vn -0.164117 -0.976384 0.1405
v 3.2063 0.84199 -0.28462
vn -0.705475 -0.664494 0.246479
v 3.2016 0.84199 -0.29011
vn -0.745973 -0.655842 0.115739
v 3.3967 0.81929 -0.19929
vn -0.650283 0.714991 0.256748
v 3.4106 0.83086 -0.19929
vn -0.473147 0.828239 0.300254
v 3.4203 0.84199 -0.22199
vn -0.327071 0.886943 0.326123
v 3.4333 0.84199 -0.21266
vn -0.259652 0.892215 0.369504
v 3.4333 0.82514 -0.17658
vn -0.177826 0.882557 0.435283
v 3.1902 0.8647 -0.2674
vn -0.899368 0.0232522 0.436574
v 3.2063 0.84486 -0.2674
vn -0.716817 -0.581688 0.384463
v 3.2063 0.8647 -0.25026
vn -0.544904 0.21264 0.811088
v 3.229 0.8647 -0.24984
vn -0.0283959 0.021572 0.999364
v 3.4106 0.8647 -0.28488
vn -0.761082 0.498696 0.414797
v 3.4106 0.87136 -0.29011
vn -0.686747 0.392814 0.611617
v 3.4256 0.8874 -0.29011
vn -0.467843 0.483257 0.739991
v 3.4106 0.90579 -0.29011
vn 0.0176397 -0.273504 0.961709
v 3.4222 0.89823 -0.29209
vn -0.155803 -0.127083 0.979579
v 3.4259 0.8647 -0.2674
vn -0.509297 0.679239 0.528442
v 3.4333 0.86801 -0.2674
vn -0.311889 0.774804 0.549912
v 3.4333 0.85615 -0.2447
vn -0.406143 0.837611 0.365315
v 3.2744 1.0135 -0.78962
vn -0.863398 -0.503063 -0.0383531
v 3.2744 1.0026 -0.76691
vn -0.830984 -0.50152 -0.240713
v 3.1382 1.2961 -0.68955
vn -0.196456 0.714782 0.671187
v 3.2517 1.0399 -0.81232
vn -0.666211 -0.710681 0.226043
v 3.2971 1.2961 -0.63383
vn -0.0593125 0.730812 0.679997
v 3.0246 1.3483 -0.38093
vn 0.116955 -0.992482 -0.0360566
v 3.0246 1.3475 -0.35822
vn 0.108656 -0.941412 0.319277
v 3.07 1.3546 -0.38093
vn 0.122307 -0.992087 -0.0283678
v 3.1382 1.3706 -0.33552
vn 0.0334569 -0.635579 0.771311
v 2.9565 1.3642 -0.32746
vn 0.0773053 -0.50641 0.858821
v 3.3425 1.3572 -0.35822
vn -0.0499233 -0.910805 0.409807
v 3.3652 1.3566 -0.35822
vn -0.00395659 -0.900735 0.434352
v 3.3879 1.3567 -0.35822
vn -0.0504876 -0.964194 0.260347
v 2.8657 1.3869 -0.31609
vn -0.0404193 -0.147997 0.988161
v 2.8657 1.4096 -0.3127
vn -0.0372662 -0.113365 0.992854
v 2.8657 1.4323 -0.31086
vn -0.0379207 -0.0480114 0.998127
v 2.8884 1.4096 -0.31195
vn -0.0165074 -0.102771 0.994568
v 2.9111 1.4096 -0.31401
vn 0.0862216 -0.0549023 0.994762
v 2.9111 1.4323 -0.31323
vn 0.0736438 -0.0197391 0.997089
v 2.8884 1.4323 -0.3112
vn 0.0508351 -0.0179325 0.998546
v 2.8657 1.455 -0.31036
vn -0.0367388 -0.0220059 0.999083
v 2.9111 1.455 -0.31352
vn 0.0725378 0.0189149 0.997186
v 2.8884 1.3869 -0.31567
vn 0.0641026 -0.168719 0.983578
v 2.9338 1.4096 -0.31612
vn 0.0659487 -0.1129 0.991415
v 2.9338 1.4323 -0.31438
vn 0.0429965 -0.0466019 0.997988
v 2.9565 1.4323 -0.31462
vn 0.013692 -0.0864509 0.996162
v 2.9565 1.4096 -0.3177
vn 0.0442573 -0.152235 0.987353
v 2.9338 1.3869 -0.32004
vn 0.0649914 -0.166646 0.983873
v 2.9792 1.3869 -0.32297
vn 0.0373741 -0.204719 0.978107
v 3.0019 1.4096 -0.31919
vn 0.00280965 -0.19279 0.981236
v 2.9338 1.455 -0.31386
vn -0.00944199 -0.0495573 0.998727
v 3.07 1.4096 -0.31757
vn -0.0140895 -0.186757 0.982305
v 3.10405 1.4096 -0.31815
vn 0.0279584 -0.160318 0.986669
v 3.1382 1.4323 -0.31541
vn 0.00211365 -0.125943 0.992035
v 3.1382 1.4096 -0.31938
vn -0.000867767 -0.172275 0.985048
v 3.1609 1.4096 -0.31936
vn -0.000867767 -0.172275 0.985048
v 3.1609 1.4323 -0.31411
vn -0.0698049 -0.22478 0.971906
v 3.179 1.4323 -0.31235
vn -0.0906473 -0.194457 0.976714
v 3.1836 1.4096 -0.31715
vn -0.104723 -0.233758 0.966639
v 3.2063 1.4173 -0.31281
vn -0.0940527 -0.224736 0.96987
v 3.0927 1.3188 -0.65683
vn 0.51009 0.0125015 0.86003
v 3.2091 0.63765 -0.29011
vn -0.982681 0.0677336 0.172483
v 3.229 0.6493 -0.13117
vn -0.773363 0.62442 0.109583
v 3.229 0.64541 -0.10846
vn -0.841917 0.531614 0.0925334
v 3.1382 1.3869 -0.3256
vn 0.0335871 -0.519588 0.853757
v 3.4261 1.0009 -0.60798
vn 0.32812 0.201403 0.922916
v 3.1836 1.455 -0.31157
vn -0.0337834 0.0120593 0.999356
v 3.2063 1.4096 -0.31492
vn -0.0364481 -0.306342 0.951224
v 3.229 1.4096 -0.31466
vn 0.0249314 -0.307622 0.951182
v 3.229 1.4168 -0.31281
vn 0.0367112 -0.189691 0.981157
v 3.2063 1.4323 -0.3103
vn -0.0312292 -0.0715088 0.996951
v 3.229 1.4323 -0.31021
vn 0.0339831 -0.0419215 0.998543
v 3.2517 1.4096 -0.31611
vn 0.0848078 -0.28755 0.954004
v 3.2744 1.4323 -0.31388
vn 0.00146537 -0.100205 0.994966
v 3.2063 1.455 -0.31085
vn -0.0334824 0.0327286 0.998903
v 3.229 1.455 -0.31056
vn 0.0488365 0.0136392 0.998714
v 3.2744 1.455 -0.31345
vn -0.0189558 0.00589446 0.999803
v 3.2541 1.455 -0.31281
vn 0.0663018 0.00235113 0.997797
v 3.2971 1.4323 -0.31345
vn 0.0366771 -0.221009 0.974582
v 3.3425 1.4323 -0.31591
vn 0.017995 -0.225475 0.974083
v 3.37655 1.4323 -0.31534
vn -0.00204036 -0.24468 0.969602
v 3.2971 1.4374 -0.31281
vn -0.015718 -0.0797121 0.996694
v 3.3198 1.4412 -0.31281
vn 0.026538 -0.141301 0.989611
v 3.2971 1.455 -0.31171
vn -0.0365115 -0.0182057 0.999167
v 3.3198 1.455 -0.31105
vn -0.00377056 -0.0188925 0.999814
v 3.3425 1.4483 -0.31281
vn -1.14709e-05 -0.158306 0.98739
v 3.3425 1.455 -0.31197
vn -0.000493985 -0.0109527 0.99994
v 3.4333 1.4096 -0.32226
vn 0.00501551 -0.272403 0.96217
v 3.4333 1.4323 -0.31618
vn 0.0177458 -0.232992 0.972317
v 3.456 1.4323 -0.31681
vn 0.0114076 -0.188309 0.982044
v 3.3879 1.4437 -0.31281
vn 0.0126386 -0.181145 0.983375
v 3.3879 1.455 -0.31124
vn -0.00576179 -0.0631313 0.997989
v 3.4787 1.4323 -0.31725
vn 0.0368735 -0.163703 0.98582
v 3.229 0.8874 -0.45894
vn 0.210614 -0.91422 -0.346184
v 3.2517 0.90071 -0.47175
vn 0.399 -0.890585 -0.218304
f 3//3 4//4 1//1
f 5//5 6//6 7//7
f 8//8 9//9 5//5
f 8//8 5//5 7//7
f 4//4 11//11 1//1
f 12//12 11//11 4//4
f 13//13 14//14 15//15
f 1//1 16//16 17//17
f 18//18 19//19 20//20
f 21//21 19//19 18//18
f 22//22 23//23 24//24
f 24//24 23//23 25//25
f 24//24 25//25 26//26
f 26//26 25//25 27//27
f 27//27 25//25 10//10
f 28//28 29//29 27//27
f 28//28 27//27 10//10
f 26//26 30//30 24//24
f 24//24 30//30 31//31
f 24//24 31//31 22//22
f 32//32 31//31 33//33
f 33//33 31//31 30//30
f 34//34 35//35 30//30
f 30//30 26//26 34//34
f 35//35 34//34 36//36
f 33//33 30//30 37//37
f 37//37 30//30 35//35
f 35//35 38//38 37//37
f 27//27 34//34 26//26
f 34//34 27//27 29//29
f 29//29 36//36 34//34
f 39//39 40//40 41//41
f 41//41 42//42 39//39
f 43//43 41//41 40//40
f 40//40 44//44 43//43
f 45//45 43//43 46//46
f 46//46 43//43 44//44
f 47//47 48//48 49//49
f 50//50 49//49 51//51
f 52//52 47//47 49//49
f 49//49 50//50 52//52
f 53//53 50//50 51//51
f 54//54 52//52 50//50
f 50//50 53//53 54//54
f 58//58 59//59 29//29
f 29//29 28//28 58//58
f 60//60 59//59 58//58
f 35//35 36//36 61//61
f 38//38 35//35 61//61
f 62//62 63//63 38//38
f 62//62 38//38 61//61
f 36//36 29//29 59//59
f 59//59 61//61 36//36
f 60//60 64//64 59//59
f 59//59 64//64 61//61
f 61//61 64//64 62//62
f 65//65 63//63 62//62
f 66//66 67//67 64//64
f 64//64 60//60 66//66
f 67//67 66//66 68//68
f 62//62 64//64 67//67
f 62//62 67//67 65//65
f 65//65 67//67 69//69
f 69//69 67//67 68//68
f 70//70 71//71 69//69
f 70//70 69//69 68//68
f 72//72 73//73 71//71
f 71//71 70//70 72//72
f 74//74 48//48 47//47
f 75//75 74//74 47//47
f 75//75 47//47 52//52
f 76//76 74//74 75//75
f 77//77 75//75 52//52
f 52//52 54//54 77//77
f 78//78 79//79 77//77
f 77//77 79//79 75//75
f 75//75 79//79 76//76
f 74//74 80//80 48//48
f 81//81 82//82 80//80
f 81//81 80//80 74//74
f 81//81 83//83 82//82
f 84//84 85//85 83//83
f 76//76 81//81 74//74
f 86//86 83//83 81//81
f 81//81 76//76 86//86
f 83//83 86//86 87//87
f 87//87 84//84 83//83
f 88//88 86//86 79//79
f 88//88 79//79 78//78
f 79//79 86//86 76//76
f 89//89 87//87 88//88
f 88//88 87//87 86//86
f 90//90 72//72 91//91
f 91//91 72//72 70//70
f 92//92 90//90 93//93
f 92//92 93//93 94//94
f 95//95 96//96 73//73
f 95//95 73//73 90//90
f 90//90 73//73 72//72
f 97//97 90//90 92//92
f 97//97 95//95 90//90
f 98//98 99//99 96//96
f 98//98 96//96 95//95
f 98//98 95//95 97//97
f 100//100 94//94 84//84
f 84//84 87//87 100//100
f 101//101 94//94 100//100
f 89//89 100//100 87//87
f 100//100 102//102 101//101
f 103//103 92//92 101//101
f 101//101 92//92 94//94
f 104//104 105//105 103//103
f 103//103 105//105 92//92
f 92//92 105//105 97//97
f 106//106 105//105 104//104
f 107//107 98//98 106//106
f 106//106 98//98 105//105
f 105//105 98//98 97//97
f 108//108 104//104 103//103
f 109//109 106//106 104//104
f 104//104 108//108 109//109
f 110//110 107//107 109//109
f 109//109 107//107 106//106
f 111//111 99//99 98//98
f 112//112 111//111 98//98
f 98//98 107//107 112//112
f 113//113 112//112 110//110
f 110//110 112//112 107//107
f 114//114 18//18 20//20
f 18//18 114//114 21//21
f 116//116 115//115 117//117
f 119//119 118//118 120//120
f 121//121 54//54 53//53
f 53//53 122//122 121//121
f 123//123 121//121 122//122
f 122//122 124//124 123//123
f 126//126 127//127 125//125
f 124//124 126//126 123//123
f 123//123 126//126 125//125
f 128//128 127//127 129//129
f 128//128 129//129 130//130
f 131//131 125//125 127//127
f 127//127 128//128 131//131
f 132//132 131//131 128//128
f 133//133 134//134 135//135
f 137//137 136//136 138//138
f 139//139 136//136 137//137
f 137//137 140//140 139//139
f 141//141 77//77 54//54
f 54//54 121//121 141//141
f 142//142 78//78 77//77
f 77//77 141//141 142//142
f 143//143 141//141 121//121
f 121//121 123//123 143//143
f 144//144 78//78 142//142
f 146//146 143//143 145//145
f 145//145 143//143 123//123
f 145//145 123//123 125//125
f 147//147 142//142 143//143
f 143//143 146//146 147//147
f 148//148 146//146 145//145
f 148//148 145//145 131//131
f 131//131 145//145 125//125
f 149//149 146//146 148//148
f 149//149 147//147 146//146
f 147//147 150//150 144//144
f 152//152 150//150 151//151
f 153//153 88//88 78//78
f 154//154 89//89 88//88
f 88//88 153//153 154//154
f 144//144 153//153 78//78
f 155//155 154//154 153//153
f 89//89 157//157 100//100
f 159//159 158//158 160//160
f 160//160 158//158 157//157
f 161//161 110//110 162//162
f 162//162 110//110 109//109
f 163//163 162//162 164//164
f 164//164 165//165 163//163
f 163//163 161//161 162//162
f 166//166 160//160 167//167
f 167//167 160//160 168//168
f 169//169 159//159 166//166
f 166//166 159//159 160//160
f 170//170 166//166 171//171
f 171//171 166//166 167//167
f 172//172 163//163 165//165
f 165//165 173//173 172//172
f 174//174 172//172 175//175
f 175//175 172//172 173//173
f 172//172 174//174 176//176
f 177//177 148//148 131//131
f 131//131 132//132 177//177
f 177//177 178//178 149//149
f 177//177 149//149 148//148
f 179//179 177//177 132//132
f 180//180 178//178 177//177
f 177//177 179//179 180//180
f 181//181 151//151 147//147
f 182//182 181//181 183//183
f 183//183 181//181 178//178
f 139//139 184//184 136//136
f 185//185 179//179 136//136
f 179//179 185//185 186//186
f 136//136 184//184 185//185
f 187//187 186//186 184//184
f 184//184 186//186 185//185
f 190//190 188//188 186//186
f 186//186 187//187 190//190
f 191//191 189//189 190//190
f 190//190 189//189 188//188
f 192//192 152//152 193//193
f 194//194 192//192 195//195
f 195//195 192//192 193//193
f 189//189 196//196 194//194
f 189//189 194//194 195//195
f 189//189 191//191 197//197
f 198//198 171//171 192//192
f 192//192 171//171 152//152
f 194//194 198//198 192//192
f 199//199 174//174 200//200
f 200//200 174//174 175//175
f 199//199 176//176 174//174
f 202//202 201//201 200//200
f 200//200 201//201 199//199
f 204//204 203//203 197//197
f 197//197 203//203 196//196
f 205//205 202//202 206//206
f 206//206 207//207 205//205
f 208//208 205//205 207//207
f 207//207 209//209 208//208
f 210//210 113//113 161//161
f 161//161 113//113 110//110
f 211//211 187//187 212//212
f 212//212 187//187 184//184
f 213//213 211//211 212//212
f 214//214 190//190 187//187
f 187//187 211//211 214//214
f 215//215 191//191 190//190
f 190//190 214//214 215//215
f 216//216 214//214 211//211
f 211//211 213//213 216//216
f 217//217 215//215 216//216
f 216//216 215//215 214//214
f 217//217 216//216 218//218
f 219//219 197//197 191//191
f 191//191 215//215 219//219
f 220//220 197//197 219//219
f 221//221 219//219 215//215
f 215//215 217//217 221//221
f 222//222 220//220 221//221
f 221//221 220//220 219//219
f 223//223 221//221 217//217
f 223//223 217//217 218//218
f 224//224 222//222 221//221
f 221//221 223//223 224//224
f 225//225 223//223 218//218
f 226//226 224//224 225//225
f 225//225 224//224 223//223
f 227//227 222//222 224//224
f 228//228 227//227 224//224
f 224//224 226//226 228//228
f 220//220 204//204 197//197
f 229//229 208//208 209//209
f 209//209 230//230 229//229
f 231//231 220//220 222//222
f 232//232 229//229 231//231
f 208//208 229//229 233//233
f 232//232 233//233 229//229
f 234//234 231//231 227//227
f 227//227 231//231 222//222
f 231//231 234//234 235//235
f 235//235 236//236 231//231
f 231//231 236//236 232//232
f 237//237 234//234 228//228
f 228//228 234//234 227//227
f 238//238 239//239 235//235
f 235//235 237//237 238//238
f 242//242 226//226 225//225
f 244//244 241//241 240//240
f 244//244 240//240 245//245
f 246//246 237//237 228//228
f 247//247 238//238 237//237
f 237//237 246//246 247//247
f 248//248 249//249 250//250
f 251//251 252//252 248//248
f 253//253 254//254 252//252
f 254//254 253//253 255//255
f 239//239 238//238 256//256
f 257//257 258//258 259//259
f 255//255 253//253 260//260
f 251//251 248//248 260//260
f 261//261 262//262 263//263
f 264//264 265//265 261//261
f 264//264 261//261 266//266
f 57//57 265//265 264//264
f 267//267 57//57 264//264
f 268//268 269//269 270//270
f 271//271 274//274 273//273
f 275//275 276//276 277//277
f 278//278 275//275 279//279
f 279//279 275//275 280//280
f 281//281 282//282 283//283
f 284//284 281//281 285//285
f 285//285 281//281 283//283
f 286//286 284//284 287//287
f 287//287 284//284 285//285
f 287//287 288//288 286//286
f 129//129 291//291 292//292
f 292//292 291//291 290//290
f 293//293 290//290 294//294
f 130//130 129//129 292//292
f 130//130 292//292 293//293
f 293//293 292//292 290//290
f 133//133 130//130 295//295
f 295//295 130//130 293//293
f 295//295 296//296 134//134
f 134//134 133//133 295//295
f 138//138 134//134 296//296
f 297//297 282//282 137//137
f 137//137 138//138 296//296
f 140//140 137//137 282//282
f 282//282 281//281 140//140
f 284//284 140//140 281//281
f 298//298 139//139 140//140
f 140//140 299//299 298//298
f 286//286 299//299 284//284
f 300//300 298//298 301//301
f 301//301 298//298 299//299
f 286//286 288//288 300//300
f 300//300 301//301 286//286
f 285//285 283//283 302//302
f 302//302 303//303 285//285
f 287//287 285//285 304//304
f 287//287 304//304 305//305
f 304//304 285//285 303//303
f 306//306 288//288 287//287
f 306//306 287//287 307//307
f 307//307 287//287 305//305
f 307//307 308//308 306//306
f 309//309 308//308 310//310
f 310//310 308//308 307//307
f 310//310 307//307 311//311
f 312//312 309//309 313//313
f 313//313 309//309 310//310
f 314//314 315//315 316//316
f 317//317 318//318 319//319
f 319//319 318//318 320//320
f 321//321 322//322 323//323
f 324//324 325//325 326//326
f 327//327 328//328 329//329
f 330//330 327//327 331//331
f 331//331 327//327 332//332
f 333//333 330//330 334//334
f 334//334 330//330 331//331
f 335//335 336//336 337//337
f 336//336 338//338 337//337
f 139//139 298//298 339//339
f 212//212 184//184 339//339
f 340//340 339//339 298//298
f 298//298 300//300 340//340
f 213//213 212//212 340//340
f 340//340 212//212 339//339
f 341//341 300//300 306//306
f 306//306 300//300 288//288
f 341//341 340//340 300//300
f 342//342 213//213 340//340
f 342//342 340//340 341//341
f 306//306 308//308 341//341
f 343//343 341//341 308//308
f 308//308 309//309 343//343
f 344//344 342//342 343//343
f 343//343 342//342 341//341
f 218//218 345//345 346//346
f 347//347 218//218 348//348
f 348//348 218//218 346//346
f 225//225 218//218 347//347
f 349//349 343//343 312//312
f 312//312 343//343 309//309
f 350//350 344//344 343//343
f 343//343 349//349 350//350
f 351//351 349//349 352//352
f 352//352 349//349 312//312
f 351//351 350//350 349//349
f 353//353 354//354 350//350
f 350//350 351//351 353//353
f 355//355 347//347 348//348
f 348//348 356//356 355//355
f 357//357 358//358 353//353
f 353//353 358//358 354//354
f 359//359 360//360 357//357
f 357//357 360//360 356//356
f 357//357 356//356 358//358
f 361//361 351//351 352//352
f 362//362 351//351 361//361
f 363//363 353//353 351//351
f 363//363 351//351 362//362
f 364//364 362//362 315//315
f 364//364 315//315 314//314
f 315//315 362//362 361//361
f 365//365 363//363 364//364
f 364//364 363//363 362//362
f 366//366 357//357 363//363
f 363//363 357//357 353//353
f 367//367 359//359 357//357
f 357//357 366//366 367//367
f 368//368 366//366 365//365
f 365//365 366//366 363//363
f 369//369 367//367 366//366
f 366//366 368//368 369//369
f 242//242 225//225 347//347
f 347//347 355//355 242//242
f 243//243 242//242 355//355
f 370//370 371//371 242//242
f 242//242 243//243 370//370
f 245//245 360//360 367//367
f 367//367 360//360 359//359
f 372//372 373//373 369//369
f 369//369 373//373 367//367
f 367//367 373//373 245//245
f 245//245 373//373 374//374
f 374//374 244//244 245//245
f 375//375 373//373 372//372
f 376//376 374//374 375//375
f 375//375 374//374 373//373
f 371//371 370//370 377//377
f 378//378 246//246 377//377
f 377//377 246//246 371//371
f 254//254 379//379 252//252
f 252//252 379//379 378//378
f 380//380 381//381 254//254
f 254//254 381//381 379//379
f 255//255 380//380 254//254
f 382//382 383//383 380//380
f 380//380 383//383 381//381
f 384//384 385//385 255//255
f 255//255 385//385 380//380
f 380//380 385//385 382//382
f 386//386 387//387 388//388
f 386//386 388//388 385//385
f 386//386 385//385 384//384
f 386//386 389//389 387//387
f 390//390 391//391 392//392
f 393//393 394//394 395//395
f 396//396 397//397 398//398
f 396//396 398//398 399//399
f 400//400 396//396 399//399
f 399//399 401//401 400//400
f 402//402 364//364 403//403
f 403//403 364//364 314//314
f 404//404 365//365 402//402
f 402//402 365//365 364//364
f 405//405 402//402 406//406
f 406//406 402//402 403//403
f 407//407 404//404 402//402
f 402//402 405//405 407//407
f 408//408 368//368 365//365
f 365//365 404//404 408//408
f 409//409 369//369 368//368
f 368//368 408//408 409//409
f 410//410 408//408 404//404
f 404//404 407//407 410//410
f 411//411 409//409 408//408
f 408//408 410//410 411//411
f 412//412 405//405 397//397
f 397//397 405//405 406//406
f 405//405 412//412 407//407
f 413//413 412//412 397//397
f 397//397 396//396 413//413
f 414//414 407//407 412//412
f 412//412 413//413 414//414
f 415//415 411//411 410//410
f 416//416 410//410 407//407
f 407//407 414//414 416//416
f 417//417 415//415 416//416
f 416//416 415//415 410//410
f 418//418 372//372 369//369
f 369//369 409//409 418//418
f 419//419 375//375 418//418
f 418//418 375//375 372//372
f 420//420 376//376 419//419
f 419//419 376//376 375//375
f 421//421 418//418 409//409
f 409//409 411//411 421//421
f 422//422 419//419 421//421
f 421//421 419//419 418//418
f 423//423 420//420 419//419
f 423//423 419//419 422//422
f 424//424 420//420 423//423
f 425//425 421//421 415//415
f 415//415 421//421 411//411
f 426//426 422//422 425//425
f 425//425 422//422 421//421
f 427//427 423//423 422//422
f 422//422 426//426 427//427
f 428//428 425//425 417//417
f 417//417 425//425 415//415
f 429//429 426//426 425//425
f 425//425 428//428 429//429
f 430//430 427//427 426//426
f 426//426 429//429 430//430
f 431//431 424//424 423//423
f 423//423 427//427 431//431
f 430//430 431//431 427//427
f 432//432 413//413 396//396
f 396//396 400//400 432//432
f 433//433 414//414 413//413
f 413//413 432//432 433//433
f 434//434 416//416 414//414
f 414//414 433//433 434//434
f 435//435 417//417 416//416
f 416//416 434//434 435//435
f 436//436 428//428 417//417
f 417//417 435//435 436//436
f 437//437 429//429 436//436
f 436//436 429//429 428//428
f 438//438 430//430 429//429
f 429//429 437//437 438//438
f 439//439 431//431 430//430
f 430//430 438//438 439//439
f 384//384 255//255 441//441
f 442//442 443//443 444//444
f 444//444 443//443 258//258
f 445//445 446//446 442//442
f 446//446 445//445 447//447
f 116//116 448//448 115//115
f 449//449 448//448 116//116
f 450//450 451//451 452//452
f 339//339 184//184 139//139
f 453//453 345//345 342//342
f 342//342 345//345 213//213
f 213//213 345//345 216//216
f 216//216 345//345 218//218
f 346//346 345//345 453//453
f 454//454 453//453 342//342
f 342//342 344//344 454//454
f 348//348 346//346 453//453
f 453//453 454//454 348//348
f 344//344 350//350 354//354
f 358//358 454//454 344//344
f 344//344 354//354 358//358
f 226//226 371//371 228//228
f 379//379 246//246 378//378
f 457//457 455//455 458//458
f 96//96 99//99 459//459
f 460//460 459//459 99//99
f 99//99 111//111 460//460
f 231//231 229//229 230//230
f 237//237 235//235 234//234
f 356//356 348//348 358//358
f 358//358 348//348 454//454
f 242//242 371//371 226//226
f 246//246 228//228 371//371
f 381//381 247//247 379//379
f 379//379 247//247 246//246
f 383//383 256//256 247//247
f 247//247 381//381 383//383
f 463//463 464//464 256//256
f 256//256 383//383 463//463
f 467//467 257//257 259//259
f 468//468 469//469 470//470
f 114//114 471//471 472//472
f 450//450 473//473 474//474
f 450//450 474//474 475//475
f 4//4 3//3 476//476
f 4//4 476//476 12//12
f 479//479 480//480 481//481
f 481//481 480//480 117//117
f 482//482 483//483 484//484
f 484//484 479//479 482//482
f 450//450 475//475 485//485
f 452//452 486//486 450//450
f 487//487 488//488 452//452
f 452//452 488//488 489//489
f 452//452 489//489 486//486
f 490//490 488//488 487//487
f 489//489 488//488 491//491
f 490//490 492//492 491//491
f 490//490 491//491 488//488
f 485//485 480//480 450//450
f 450//450 480//480 451//451
f 451//451 480//480 493//493
f 452//452 451//451 493//493
f 493//493 487//487 452//452
f 487//487 493//493 494//494
f 487//487 494//494 490//490
f 495//495 496//496 492//492
f 495//495 492//492 490//490
f 492//492 496//496 497//497
f 498//498 496//496 495//495
f 499//499 483//483 500//500
f 499//499 500//500 501//501
f 490//490 494//494 502//502
f 503//503 501//501 504//504
f 502//502 495//495 490//490
f 495//495 502//502 505//505
f 495//495 505//505 498//498
f 498//498 505//505 506//506
f 506//506 505//505 507//507
f 507//507 505//505 503//503
f 507//507 508//508 506//506
f 511//511 512//512 513//513
f 514//514 511//511 513//513
f 514//514 513//513 515//515
f 509//509 516//516 515//515
f 515//515 516//516 514//514
f 516//516 509//509 510//510
f 517//517 514//514 516//516
f 516//516 518//518 517//517
f 519//519 520//520 521//521
f 519//519 521//521 522//522
f 522//522 521//521 523//523
f 522//522 524//524 519//519
f 522//522 523//523 525//525
f 525//525 526//526 522//522
f 524//524 522//522 526//526
f 526//526 525//525 527//527
f 485//485 475//475 449//449
f 21//21 114//114 529//529
f 21//21 529//529 115//115
f 530//530 529//529 114//114
f 117//117 115//115 529//529
f 449//449 117//117 480//480
f 449//449 480//480 485//485
f 479//479 484//484 480//480
f 493//493 480//480 484//484
f 493//493 484//484 494//494
f 494//494 484//484 483//483
f 494//494 483//483 499//499
f 502//502 494//494 499//499
f 502//502 499//499 505//505
f 505//505 499//499 501//501
f 505//505 501//501 503//503
f 531//531 503//503 532//532
f 531//531 532//532 533//533
f 533//533 532//532 534//534
f 533//533 534//534 535//535
f 535//535 534//534 536//536
f 537//537 533//533 535//535
f 535//535 536//536 538//538
f 538//538 536//536 539//539
f 538//538 539//539 540//540
f 537//537 535//535 541//541
f 541//541 535//535 538//538
f 541//541 538//538 542//542
f 542//542 538//538 540//540
f 543//543 541//541 542//542
f 542//542 540//540 544//544
f 544//544 540//540 511//511
f 545//545 544//544 511//511
f 511//511 514//514 545//545
f 517//517 545//545 514//514
f 543//543 542//542 546//546
f 546//546 542//542 544//544
f 545//545 546//546 544//544
f 548//548 6//6 549//549
f 6//6 548//548 7//7
f 550//550 548//548 549//549
f 548//548 550//550 551//551
f 551//551 7//7 548//548
f 7//7 552//552 8//8
f 551//551 550//550 31//31
f 31//31 550//550 22//22
f 553//553 551//551 31//31
f 31//31 32//32 553//553
f 477//477 9//9 8//8
f 477//477 478//478 554//554
f 8//8 552//552 555//555
f 8//8 555//555 477//477
f 477//477 555//555 478//478
f 553//553 556//556 555//555
f 554//554 478//478 555//555
f 556//556 553//553 32//32
f 32//32 557//557 556//556
f 557//557 32//32 558//558
f 558//558 32//32 33//33
f 559//559 37//37 38//38
f 73//73 96//96 560//560
f 459//459 560//560 96//96
f 561//561 460//460 111//111
f 111//111 112//112 561//561
f 113//113 561//561 112//112
f 562//562 563//563 564//564
f 565//565 564//564 566//566
f 567//567 562//562 564//564
f 564//564 565//565 567//567
f 568//568 569//569 566//566
f 566//566 569//569 565//565
f 565//565 569//569 567//567
f 570//570 467//467 562//562
f 562//562 567//567 570//570
f 571//571 569//569 568//568
f 571//571 572//572 569//569
f 569//569 572//572 570//570
f 569//569 570//570 567//567
f 573//573 257//257 570//570
f 570//570 257//257 467//467
f 574//574 258//258 257//257
f 257//257 573//573 574//574
f 258//258 574//574 444//444
f 570//570 572//572 573//573
f 575//575 444//444 573//573
f 575//575 573//573 572//572
f 573//573 444//444 574//574
f 576//576 444//444 575//575
f 577//577 442//442 576//576
f 576//576 442//442 444//444
f 442//442 577//577 445//445
f 578//578 579//579 571//571
f 578//578 571//571 568//568
f 571//571 579//579 572//572
f 580//580 581//581 579//579
f 579//579 581//581 572//572
f 572//572 581//581 575//575
f 582//582 581//581 580//580
f 582//582 576//576 575//575
f 582//582 575//575 581//581
f 576//576 582//582 583//583
f 577//577 576//576 445//445
f 445//445 576//576 583//583
f 584//584 447//447 445//445
f 584//584 445//445 585//585
f 585//585 445//445 583//583
f 584//584 586//586 587//587
f 587//587 586//586 588//588
f 589//589 590//590 591//591
f 592//592 593//593 594//594
f 595//595 161//161 163//163
f 596//596 595//595 172//172
f 172//172 595//595 163//163
f 176//176 596//596 172//172
f 202//202 205//205 597//597
f 598//598 597//597 205//205
f 205//205 208//208 598//598
f 599//599 210//210 595//595
f 595//595 210//210 161//161
f 596//596 599//599 595//595
f 596//596 176//176 600//600
f 233//233 598//598 208//208
f 239//239 236//236 235//235
f 606//606 607//607 608//608
f 612//612 613//613 614//614
f 613//613 612//612 615//615
f 615//615 612//612 616//616
f 617//617 614//614 618//618
f 618//618 614//614 613//613
f 618//618 613//613 619//619
f 619//619 613//613 615//615
f 619//619 615//615 620//620
f 620//620 615//615 621//621
f 622//622 617//617 623//623
f 623//623 617//617 618//618
f 623//623 618//618 624//624
f 624//624 618//618 619//619
f 625//625 622//622 623//623
f 624//624 619//619 626//626
f 626//626 619//619 620//620
f 624//624 626//626 628//628
f 628//628 626//626 620//620
f 628//628 620//620 629//629
f 629//629 620//620 630//630
f 632//632 633//633 634//634
f 638//638 634//634 639//639
f 638//638 639//639 635//635
f 635//635 639//639 636//636
f 639//639 634//634 633//633
f 637//637 636//636 639//639
f 472//472 640//640 114//114
f 530//530 114//114 640//640
f 492//492 641//641 491//491
f 644//644 645//645 646//646
f 646//646 645//645 625//625
f 647//647 644//644 646//646
f 646//646 625//625 649//649
f 649//649 625//625 623//623
f 623//623 650//650 649//649
f 647//647 646//646 651//651
f 651//651 646//646 649//649
f 650//650 623//623 624//624
f 506//506 652//652 498//498
f 498//498 652//652 653//653
f 498//498 653//653 496//496
f 652//652 506//506 508//508
f 503//503 504//504 532//532
f 532//532 504//504 654//654
f 507//507 503//503 531//531
f 508//508 507//507 655//655
f 655//655 507//507 531//531
f 532//532 654//654 534//534
f 534//534 654//654 656//656
f 534//534 656//656 536//536
f 655//655 531//531 657//657
f 657//657 531//531 533//533
f 657//657 533//533 537//537
f 540//540 539//539 512//512
f 658//658 652//652 508//508
f 659//659 660//660 658//658
f 659//659 658//658 508//508
f 508//508 655//655 659//659
f 660//660 659//659 661//661
f 662//662 660//660 661//661
f 663//663 664//664 662//662
f 663//663 662//662 661//661
f 664//664 663//663 665//665
f 666//666 664//664 665//665
f 667//667 668//668 666//666
f 667//667 666//666 665//665
f 659//659 655//655 657//657
f 657//657 661//661 659//659
f 661//661 657//657 537//537
f 661//661 537//537 669//669
f 661//661 669//669 663//663
f 669//669 537//537 541//541
f 669//669 541//541 543//543
f 669//669 665//665 663//663
f 665//665 669//669 543//543
f 665//665 543//543 670//670
f 665//665 670//670 667//667
f 673//673 674//674 672//672
f 671//671 675//675 672//672
f 672//672 675//675 673//673
f 673//673 675//675 676//676
f 677//677 678//678 674//674
f 678//678 679//679 680//680
f 678//678 677//677 679//679
f 681//681 679//679 677//677
f 677//677 674//674 673//673
f 673//673 676//676 682//682
f 673//673 682//682 677//677
f 681//681 677//677 682//682
f 682//682 683//683 681//681
f 683//683 682//682 684//684
f 540//540 512//512 511//511
f 679//679 681//681 685//685
f 680//680 679//679 686//686
f 680//680 686//686 510//510
f 686//686 679//679 685//685
f 685//685 687//687 686//686
f 685//685 681//681 683//683
f 688//688 686//686 687//687
f 689//689 668//668 667//667
f 670//670 543//543 690//690
f 690//690 543//543 546//546
f 667//667 670//670 690//690
f 667//667 690//690 689//689
f 689//689 690//690 691//691
f 691//691 690//690 692//692
f 692//692 690//690 693//693
f 692//692 694//694 691//691
f 695//695 696//696 692//692
f 695//695 692//692 693//693
f 694//694 692//692 697//697
f 697//697 692//692 696//696
f 698//698 699//699 697//697
f 698//698 697//697 696//696
f 695//695 700//700 696//696
f 696//696 700//700 701//701
f 696//696 701//701 698//698
f 597//597 201//201 202//202
f 461//461 462//462 256//256
f 256//256 462//462 239//239
f 238//238 247//247 256//256
f 464//464 461//461 256//256
f 671//671 637//637 706//706
f 671//671 706//706 675//675
f 680//680 510//510 509//509
f 707//707 708//708 709//709
f 682//682 676//676 710//710
f 710//710 676//676 711//711
f 684//684 682//682 710//710
f 516//516 708//708 518//518
f 683//683 712//712 685//685
f 712//712 683//683 684//684
f 684//684 713//713 712//712
f 687//687 685//685 712//712
f 714//714 712//712 713//713
f 687//687 591//591 688//688
f 708//708 516//516 688//688
f 688//688 709//709 708//708
f 709//709 688//688 591//591
f 715//715 546//546 545//545
f 715//715 693//693 690//690
f 715//715 690//690 546//546
f 545//545 517//517 715//715
f 695//695 693//693 715//715
f 715//715 517//517 716//716
f 716//716 517//517 518//518
f 716//716 518//518 708//708
f 715//715 716//716 695//695
f 695//695 716//716 717//717
f 717//717 716//716 700//700
f 695//695 717//717 700//700
f 718//718 719//719 720//720
f 558//558 33//33 37//37
f 37//37 721//721 558//558
f 721//721 37//37 559//559
f 722//722 721//721 559//559
f 559//559 38//38 723//723
f 723//723 38//38 63//63
f 722//722 559//559 724//724
f 724//724 559//559 725//725
f 725//725 559//559 723//723
f 65//65 726//726 723//723
f 65//65 723//723 63//63
f 727//727 728//728 726//726
f 726//726 65//65 727//727
f 725//725 723//723 726//726
f 725//725 726//726 729//729
f 729//729 726//726 728//728
f 69//69 727//727 65//65
f 730//730 724//724 725//725
f 725//725 731//731 730//730
f 731//731 725//725 732//732
f 732//732 725//725 729//729
f 728//728 733//733 729//729
f 734//734 733//733 728//728
f 727//727 69//69 71//71
f 727//727 71//71 728//728
f 728//728 71//71 735//735
f 735//735 71//71 73//73
f 728//728 735//735 734//734
f 734//734 735//735 736//736
f 736//736 735//735 560//560
f 704//704 736//736 560//560
f 732//732 729//729 737//737
f 737//737 729//729 733//733
f 738//738 739//739 737//737
f 738//738 737//737 733//733
f 738//738 733//733 734//734
f 740//740 737//737 739//739
f 741//741 742//742 740//740
f 741//741 740//740 739//739
f 738//738 734//734 736//736
f 738//738 736//736 739//739
f 739//739 736//736 743//743
f 704//704 744//744 736//736
f 736//736 744//744 743//743
f 739//739 743//743 741//741
f 741//741 743//743 744//744
f 741//741 744//744 745//745
f 741//741 745//745 742//742
f 459//459 705//705 560//560
f 560//560 705//705 704//704
f 746//746 744//744 704//704
f 747//747 748//748 745//745
f 747//747 745//745 746//746
f 746//746 745//745 744//744
f 749//749 745//745 748//748
f 750//750 705//705 459//459
f 751//751 750//750 459//459
f 751//751 459//459 460//460
f 752//752 746//746 750//750
f 750//750 746//746 705//705
f 705//705 746//746 704//704
f 752//752 747//747 746//746
f 753//753 752//752 750//750
f 750//750 751//751 753//753
f 754//754 752//752 753//753
f 755//755 751//751 460//460
f 460//460 561//561 755//755
f 756//756 561//561 113//113
f 757//757 755//755 561//561
f 561//561 756//756 757//757
f 758//758 753//753 751//751
f 751//751 755//755 758//758
f 758//758 754//754 753//753
f 759//759 758//758 757//757
f 757//757 758//758 755//755
f 760//760 591//591 590//590
f 761//761 762//762 763//763
f 720//720 719//719 764//764
f 764//764 719//719 763//763
f 764//764 763//763 762//762
f 765//765 699//699 766//766
f 767//767 768//768 769//769
f 770//770 769//769 768//768
f 771//771 769//769 770//770
f 772//772 771//771 770//770
f 773//773 774//774 775//775
f 775//775 776//776 773//773
f 768//768 767//767 777//777
f 777//777 774//774 768//768
f 770//770 768//768 773//773
f 773//773 768//768 774//774
f 778//778 773//773 779//779
f 779//779 773//773 776//776
f 780//780 778//778 779//779
f 779//779 781//781 780//780
f 773//773 778//778 770//770
f 772//772 770//770 780//780
f 780//780 770//770 778//778
f 782//782 780//780 781//781
f 781//781 783//783 782//782
f 785//785 782//782 783//783
f 783//783 784//784 785//785
f 782//782 772//772 780//780
f 786//786 785//785 784//784
f 787//787 786//786 784//784
f 784//784 788//788 787//787
f 789//789 787//787 788//788
f 791//791 600//600 176//176
f 176//176 199//199 791//791
f 792//792 791//791 201//201
f 201//201 791//791 199//199
f 793//793 792//792 597//597
f 597//597 792//792 201//201
f 794//794 793//793 598//598
f 598//598 793//793 597//597
f 795//795 756//756 113//113
f 113//113 210//210 795//795
f 796//796 757//757 795//795
f 795//795 757//757 756//756
f 797//797 795//795 210//210
f 210//210 599//599 797//797
f 798//798 796//796 797//797
f 797//797 796//796 795//795
f 799//799 797//797 596//596
f 596//596 797//797 599//599
f 800//800 798//798 797//797
f 797//797 799//799 800//800
f 801//801 799//799 600//600
f 600//600 799//799 596//596
f 802//802 801//801 791//791
f 791//791 801//801 600//600
f 803//803 802//802 792//792
f 792//792 802//802 791//791
f 793//793 803//803 792//792
f 804//804 803//803 793//793
f 793//793 794//794 804//804
f 803//803 804//804 805//805
f 598//598 233//233 806//806
f 703//703 794//794 806//806
f 806//806 794//794 598//598
f 807//807 806//806 233//233
f 233//233 232//232 807//807
f 808//808 703//703 806//806
f 808//808 806//806 807//807
f 809//809 703//703 808//808
f 702//702 807//807 236//236
f 702//702 236//236 239//239
f 236//236 807//807 232//232
f 702//702 808//808 807//807
f 810//810 809//809 808//808
f 808//808 702//702 810//810
f 239//239 462//462 702//702
f 811//811 810//810 462//462
f 811//811 462//462 461//461
f 462//462 810//810 702//702
f 461//461 812//812 811//811
f 703//703 804//804 794//794
f 813//813 805//805 804//804
f 804//804 703//703 813//813
f 809//809 813//813 703//703
f 814//814 809//809 810//810
f 811//811 814//814 810//810
f 815//815 816//816 817//817
f 815//815 818//818 819//819
f 823//823 824//824 825//825
f 826//826 827//827 828//828
f 826//826 828//828 829//829
f 830//830 790//790 788//788
f 788//788 790//790 789//789
f 832//832 790//790 830//830
f 830//830 831//831 832//832
f 790//790 832//832 833//833
f 834//834 832//832 831//831
f 835//835 833//833 832//832
f 832//832 834//834 835//835
f 310//310 311//311 835//835
f 835//835 311//311 833//833
f 837//837 834//834 836//836
f 836//836 834//834 831//831
f 837//837 835//835 834//834
f 838//838 837//837 836//836
f 313//313 310//310 835//835
f 835//835 837//837 313//313
f 839//839 837//837 838//838
f 840//840 313//313 839//839
f 839//839 313//313 837//837
f 842//842 838//838 836//836
f 836//836 841//841 842//842
f 844//844 842//842 841//841
f 845//845 839//839 842//842
f 842//842 839//839 838//838
f 846//846 840//840 845//845
f 845//845 840//840 839//839
f 847//847 845//845 844//844
f 844//844 845//845 842//842
f 848//848 846//846 847//847
f 847//847 846//846 845//845
f 849//849 395//395 850//850
f 843//843 465//465 841//841
f 851//851 844//844 465//465
f 465//465 844//844 841//841
f 821//821 851//851 820//820
f 820//820 851//851 465//465
f 820//820 465//465 852//852
f 853//853 847//847 844//844
f 844//844 851//851 853//853
f 854//854 848//848 853//853
f 853//853 848//848 847//847
f 822//822 853//853 851//851
f 851//851 821//821 822//822
f 855//855 854//854 853//853
f 853//853 822//822 855//855
f 857//857 821//821 856//856
f 856//856 821//821 852//852
f 852//852 821//821 820//820
f 861//861 857//857 860//860
f 860//860 857//857 858//858
f 858//858 857//857 856//856
f 862//862 855//855 821//821
f 862//862 821//821 857//857
f 821//821 855//855 822//822
f 861//861 399//399 862//862
f 861//861 862//862 857//857
f 862//862 399//399 398//398
f 863//863 858//858 859//859
f 864//864 860//860 863//863
f 863//863 860//860 858//858
f 865//865 861//861 864//864
f 864//864 861//861 860//860
f 401//401 399//399 861//861
f 861//861 865//865 401//401
f 867//867 322//322 321//321
f 867//867 321//321 866//866
f 868//868 322//322 867//867
f 869//869 868//868 328//328
f 800//800 329//329 328//328
f 331//331 332//332 802//802
f 802//802 803//803 331//331
f 870//870 331//331 803//803
f 813//813 872//872 871//871
f 873//873 874//874 871//871
f 873//873 871//871 875//875
f 875//875 871//871 872//872
f 876//876 877//877 878//878
f 879//879 392//392 880//880
f 879//879 880//880 881//881
f 882//882 871//871 874//874
f 884//884 885//885 886//886
f 887//887 326//326 888//888
f 889//889 277//277 276//276
f 890//890 278//278 279//279
f 328//328 327//327 869//869
f 871//871 891//891 813//813
f 547//547 893//893 894//894
f 894//894 893//893 892//892
f 547//547 895//895 893//893
f 897//897 547//547 894//894
f 897//897 894//894 896//896
f 895//895 547//547 898//898
f 899//899 900//900 898//898
f 898//898 900//900 895//895
f 901//901 547//547 897//897
f 901//901 897//897 896//896
f 902//902 898//898 547//547
f 903//903 899//899 902//902
f 902//902 899//899 898//898
f 904//904 902//902 901//901
f 901//901 902//902 547//547
f 905//905 903//903 904//904
f 904//904 903//903 902//902
f 907//907 901//901 906//906
f 906//906 901//901 896//896
f 909//909 907//907 908//908
f 908//908 907//907 906//906
f 907//907 904//904 901//901
f 910//910 904//904 907//907
f 907//907 909//909 910//910
f 908//908 911//911 909//909
f 912//912 909//909 911//911
f 913//913 910//910 909//909
f 913//913 914//914 910//910
f 915//915 913//913 909//909
f 916//916 909//909 912//912
f 917//917 916//916 912//912
f 918//918 915//915 916//916
f 916//916 915//915 909//909
f 919//919 918//918 916//916
f 918//918 919//919 920//920
f 921//921 916//916 917//917
f 923//923 921//921 917//917
f 917//917 922//922 923//923
f 924//924 919//919 921//921
f 921//921 919//919 916//916
f 924//924 920//920 919//919
f 925//925 924//924 923//923
f 923//923 924//924 921//921
f 927//927 923//923 926//926
f 926//926 923//923 922//922
f 777//777 927//927 928//928
f 928//928 927//927 926//926
f 929//929 925//925 923//923
f 923//923 927//927 929//929
f 767//767 929//929 927//927
f 927//927 777//777 767//767
f 265//265 262//262 261//261
f 930//930 931//931 932//932
f 774//774 777//777 928//928
f 928//928 775//775 774//774
f 934//934 933//933 318//318
f 935//935 318//318 936//936
f 936//936 318//318 933//933
f 320//320 318//318 935//935
f 937//937 938//938 939//939
f 940//940 941//941 942//942
f 943//943 944//944 945//945
f 945//945 944//944 939//939
f 945//945 939//939 946//946
f 946//946 939//939 947//947
f 939//939 944//944 937//937
f 948//948 940//940 942//942
f 948//948 942//942 943//943
f 943//943 942//942 944//944
f 937//937 944//944 942//942
f 949//949 950//950 951//951
f 952//952 953//953 948//948
f 954//954 949//949 952//952
f 952//952 949//949 951//951
f 952//952 951//951 953//953
f 948//948 953//953 955//955
f 948//948 955//955 940//940
f 955//955 953//953 951//951
f 958//958 959//959 957//957
f 957//957 956//956 958//958
f 958//958 960//960 959//959
f 961//961 962//962 960//960
f 959//959 960//960 962//962
f 963//963 964//964 965//965
f 966//966 967//967 962//962
f 967//967 966//966 964//964
f 968//968 966//966 961//961
f 961//961 966//966 962//962
f 965//965 964//964 966//966
f 965//965 966//966 968//968
f 950//950 949//949 969//969
f 971//971 972//972 973//973
f 973//973 972//972 949//949
f 973//973 949//949 954//954
f 949//949 972//972 969//969
f 974//974 970//970 972//972
f 974//974 972//972 971//971
f 969//969 972//972 970//970
f 975//975 976//976 970//970
f 956//956 957//957 974//974
f 974//974 957//957 975//975
f 974//974 975//975 970//970
f 975//975 957//957 959//959
f 977//977 943//943 945//945
f 945//945 978//978 977//977
f 978//978 945//945 946//946
f 979//979 948//948 943//943
f 943//943 977//977 979//979
f 978//978 980//980 977//977
f 977//977 980//980 6//6
f 6//6 979//979 977//977
f 549//549 6//6 980//980
f 981//981 952//952 948//948
f 982//982 954//954 952//952
f 952//952 981//981 982//982
f 981//981 5//5 982//982
f 982//982 5//5 9//9
f 981//981 948//948 979//979
f 979//979 6//6 981//981
f 981//981 6//6 5//5
f 2//2 958//958 983//983
f 983//983 958//958 956//956
f 1//1 2//2 16//16
f 16//16 2//2 983//983
f 960//960 985//985 984//984
f 985//985 960//960 958//958
f 958//958 2//2 985//985
f 986//986 961//961 984//984
f 984//984 961//961 960//960
f 985//985 11//11 984//984
f 1//1 11//11 985//985
f 1//1 985//985 2//2
f 12//12 986//986 11//11
f 11//11 986//986 984//984
f 987//987 963//963 965//965
f 965//965 14//14 987//987
f 20//20 987//987 13//13
f 13//13 987//987 14//14
f 14//14 968//968 986//986
f 986//986 968//968 961//961
f 14//14 965//965 968//968
f 15//15 14//14 986//986
f 986//986 12//12 15//15
f 988//988 971//971 973//973
f 988//988 973//973 982//982
f 982//982 973//973 954//954
f 989//989 974//974 971//971
f 971//971 988//988 989//989
f 477//477 990//990 988//988
f 477//477 988//988 982//982
f 477//477 982//982 9//9
f 988//988 990//990 989//989
f 989//989 990//990 469//469
f 470//470 469//469 990//990
f 990//990 477//477 470//470
f 983//983 956//956 974//974
f 974//974 989//989 983//983
f 17//17 16//16 989//989
f 17//17 989//989 468//468
f 468//468 989//989 469//469
f 989//989 16//16 983//983
f 456//456 466//466 55//55
f 633//633 991//991 639//639
f 992//992 706//706 639//639
f 992//992 639//639 993//993
f 993//993 639//639 991//991
f 320//320 994//994 319//319
f 995//995 992//992 996//996
f 996//996 992//992 993//993
f 932//932 931//931 997//997
f 930//930 995//995 996//996
f 930//930 996//996 931//931
f 998//998 999//999 936//936
f 1000//1000 999//999 998//998
f 1001//1001 1002//1002 1003//1003
f 935//935 999//999 1003//1003
f 935//935 1003//1003 885//885
f 935//935 885//885 994//994
f 935//935 994//994 320//320
f 1004//1004 1001//1001 1000//1000
f 1000//1000 1001//1001 999//999
f 999//999 1001//1001 1003//1003
f 1005//1005 1006//1006 1002//1002
f 1002//1002 1001//1001 1005//1005
f 997//997 1002//1002 932//932
f 932//932 1002//1002 1006//1006
f 1007//1007 930//930 1006//1006
f 1007//1007 1006//1006 1005//1005
f 1006//1006 930//930 932//932
f 1008//1008 1009//1009 1004//1004
f 1004//1004 1009//1009 1001//1001
f 1001//1001 1009//1009 1005//1005
f 1008//1008 1010//1010 1009//1009
f 1009//1009 1010//1010 1007//1007
f 1009//1009 1007//1007 1005//1005
f 632//632 745//745 749//749
f 1011//1011 749//749 748//748
f 633//633 632//632 749//749
f 749//749 1012//1012 633//633
f 749//749 1011//1011 1012//1012
f 1013//1013 991//991 633//633
f 1013//1013 633//633 1014//1014
f 1014//1014 633//633 1012//1012
f 993//993 991//991 1013//1013
f 1015//1015 748//748 747//747
f 747//747 752//752 1015//1015
f 1016//1016 1015//1015 754//754
f 754//754 1015//1015 752//752
f 1017//1017 1018//1018 758//758
f 758//758 1018//1018 754//754
f 754//754 1018//1018 1016//1016
f 319//319 994//994 758//758
f 319//319 758//758 759//759
f 758//758 994//994 1017//1017
f 1019//1019 1020//1020 1011//1011
f 1019//1019 1011//1011 1015//1015
f 1015//1015 1011//1011 748//748
f 1011//1011 1020//1020 1021//1021
f 1021//1021 1012//1012 1011//1011
f 268//268 1019//1019 1015//1015
f 1015//1015 1016//1016 268//268
f 876//876 1020//1020 1019//1019
f 878//878 1022//1022 876//876
f 876//876 1022//1022 1021//1021
f 876//876 1021//1021 1020//1020
f 268//268 876//876 1019//1019
f 1014//1014 1023//1023 1013//1013
f 1012//1012 1021//1021 1014//1014
f 1014//1014 1021//1021 1024//1024
f 1014//1014 1024//1024 1023//1023
f 996//996 993//993 1025//1025
f 1025//1025 993//993 1013//1013
f 1025//1025 1013//1013 1023//1023
f 931//931 996//996 1025//1025
f 1026//1026 1021//1021 1022//1022
f 884//884 269//269 1017//1017
f 1017//1017 269//269 1018//1018
f 1016//1016 1018//1018 269//269
f 1016//1016 269//269 268//268
f 1017//1017 994//994 885//885
f 885//885 884//884 1017//1017
f 1027//1027 1028//1028 963//963
f 963//963 1028//1028 1029//1029
f 963//963 1029//1029 964//964
f 1030//1030 1031//1031 1028//1028
f 1028//1028 1027//1027 1030//1030
f 1029//1029 1028//1028 1031//1031
f 1032//1032 1033//1033 1031//1031
f 1034//1034 1033//1033 1032//1032
f 1035//1035 1032//1032 1031//1031
f 1035//1035 1031//1031 1030//1030
f 1036//1036 1037//1037 1034//1034
f 1036//1036 1034//1034 1035//1035
f 1035//1035 1034//1034 1032//1032
f 1038//1038 1039//1039 1040//1040
f 1041//1041 1037//1037 1036//1036
f 1041//1041 1040//1040 1037//1037
f 1037//1037 1040//1040 1034//1034
f 1042//1042 1038//1038 1040//1040
f 1040//1040 1041//1041 1042//1042
f 1043//1043 1044//1044 1042//1042
f 1042//1042 1044//1044 1038//1038
f 1045//1045 1046//1046 1044//1044
f 1047//1047 1048//1048 1045//1045
f 1045//1045 1048//1048 1046//1046
f 1046//1046 1048//1048 1049//1049
f 1050//1050 1051//1051 1047//1047
f 1047//1047 1051//1051 1048//1048
f 1052//1052 1045//1045 1044//1044
f 1044//1044 1043//1043 1052//1052
f 1053//1053 1047//1047 1052//1052
f 1052//1052 1047//1047 1045//1045
f 1054//1054 1050//1050 1047//1047
f 1047//1047 1053//1053 1054//1054
f 1055//1055 1056//1056 1057//1057
f 1057//1057 1058//1058 1055//1055
f 1059//1059 1060//1060 1056//1056
f 1056//1056 1055//1055 1059//1059
f 1061//1061 1057//1057 1056//1056
f 1061//1061 1056//1056 1062//1062
f 1062//1062 1056//1056 1060//1060
f 1065//1065 1066//1066 1051//1051
f 1051//1051 1050//1050 1065//1065
f 1063//1063 1058//1058 1065//1065
f 1065//1065 1058//1058 1066//1066
f 1067//1067 1065//1065 1050//1050
f 1067//1067 1050//1050 1054//1054
f 1068//1068 1064//1064 1065//1065
f 1068//1068 1065//1065 1067//1067
f 1065//1065 1064//1064 1063//1063
f 1069//1069 1055//1055 1058//1058
f 1058//1058 1063//1063 1069//1069
f 566//566 1059//1059 1055//1055
f 1055//1055 1069//1069 566//566
f 1063//1063 1064//1064 1069//1069
f 1069//1069 1064//1064 1070//1070
f 1071//1071 566//566 1070//1070
f 1070//1070 566//566 1069//1069
f 1068//1068 1070//1070 1064//1064
f 564//564 563//563 1059//1059
f 1059//1059 563//563 1060//1060
f 566//566 564//564 1059//1059
f 568//568 566//566 1071//1071
f 1027//1027 1073//1073 1072//1072
f 1073//1073 1027//1027 963//963
f 963//963 987//987 1073//1073
f 1074//1074 1030//1030 1072//1072
f 1072//1072 1030//1030 1027//1027
f 1073//1073 19//19 1072//1072
f 20//20 19//19 1073//1073
f 20//20 1073//1073 987//987
f 115//115 1074//1074 21//21
f 21//21 1074//1074 1072//1072
f 21//21 1072//1072 19//19
f 448//448 1035//1035 1074//1074
f 1074//1074 1035//1035 1030//1030
f 1075//1075 1036//1036 448//448
f 448//448 1036//1036 1035//1035
f 115//115 448//448 1074//1074
f 449//449 475//475 1075//1075
f 449//449 1075//1075 448//448
f 474//474 1041//1041 1036//1036
f 1036//1036 1075//1075 474//474
f 1041//1041 474//474 473//473
f 486//486 1042//1042 473//473
f 473//473 1042//1042 1041//1041
f 1075//1075 475//475 474//474
f 489//489 1043//1043 486//486
f 486//486 1043//1043 1042//1042
f 491//491 1052//1052 1043//1043
f 491//491 641//641 1053//1053
f 491//491 1053//1053 1052//1052
f 1053//1053 641//641 1076//1076
f 1076//1076 1054//1054 1053//1053
f 497//497 641//641 492//492
f 1078//1078 1076//1076 497//497
f 497//497 1076//1076 641//641
f 497//497 496//496 1078//1078
f 1078//1078 496//496 653//653
f 1054//1054 1076//1076 1079//1079
f 1054//1054 1079//1079 1067//1067
f 1068//1068 1067//1067 1080//1080
f 1081//1081 1080//1080 1079//1079
f 1079//1079 1080//1080 1067//1067
f 1079//1079 1082//1082 1081//1081
f 1083//1083 1070//1070 1084//1084
f 1084//1084 1070//1070 1068//1068
f 1084//1084 1068//1068 1080//1080
f 1084//1084 1080//1080 1081//1081
f 1085//1085 1071//1071 1070//1070
f 1085//1085 1070//1070 1083//1083
f 1081//1081 1082//1082 1084//1084
f 1084//1084 1082//1082 1086//1086
f 1084//1084 1086//1086 1083//1083
f 1087//1087 1085//1085 1083//1083
f 1087//1087 1083//1083 1086//1086
f 1086//1086 1088//1088 1087//1087
f 578//578 568//568 1085//1085
f 1085//1085 568//568 1071//1071
f 1085//1085 1087//1087 578//578
f 578//578 1087//1087 1089//1089
f 578//578 1089//1089 579//579
f 1089//1089 1087//1087 1088//1088
f 579//579 1089//1089 580//580
f 1076//1076 1078//1078 1079//1079
f 1078//1078 653//653 1090//1090
f 1090//1090 1079//1079 1078//1078
f 1090//1090 653//653 1091//1091
f 1091//1091 653//653 652//652
f 1079//1079 1090//1090 1082//1082
f 1082//1082 1090//1090 1092//1092
f 1092//1092 1090//1090 1093//1093
f 1093//1093 1090//1090 1091//1091
f 1091//1091 652//652 658//658
f 1093//1093 1091//1091 1094//1094
f 1094//1094 1091//1091 658//658
f 1094//1094 658//658 1095//1095
f 1095//1095 658//658 660//660
f 1086//1086 1082//1082 1092//1092
f 1092//1092 1096//1096 1086//1086
f 1096//1096 1092//1092 1097//1097
f 1097//1097 1092//1092 1093//1093
f 1098//1098 1088//1088 1086//1086
f 1098//1098 1086//1086 1096//1096
f 1098//1098 1096//1096 1099//1099
f 1099//1099 1096//1096 1097//1097
f 1097//1097 1093//1093 1100//1100
f 1100//1100 1093//1093 1094//1094
f 1100//1100 1094//1094 1101//1101
f 1101//1101 1094//1094 1095//1095
f 1099//1099 1097//1097 1100//1100
f 1099//1099 1100//1100 1102//1102
f 1099//1099 1102//1102 1103//1103
f 1099//1099 1105//1105 1098//1098
f 1098//1098 1105//1105 1104//1104
f 1103//1103 1105//1105 1099//1099
f 1095//1095 660//660 662//662
f 1106//1106 1107//1107 1108//1108
f 1101//1101 1095//1095 1109//1109
f 1109//1109 1095//1095 662//662
f 1109//1109 662//662 1110//1110
f 1110//1110 662//662 664//664
f 1111//1111 1101//1101 1107//1107
f 1107//1107 1101//1101 1109//1109
f 1107//1107 1109//1109 1110//1110
f 1110//1110 1108//1108 1107//1107
f 1112//1112 1113//1113 1114//1114
f 1110//1110 664//664 666//666
f 1108//1108 1110//1110 666//666
f 666//666 1114//1114 1108//1108
f 1114//1114 666//666 1112//1112
f 1112//1112 666//666 668//668
f 1115//1115 1116//1116 1089//1089
f 1115//1115 1089//1089 1098//1098
f 1098//1098 1089//1089 1088//1088
f 1117//1117 1116//1116 1115//1115
f 580//580 1089//1089 582//582
f 582//582 1089//1089 1116//1116
f 1117//1117 1118//1118 1116//1116
f 1116//1116 1118//1118 582//582
f 1119//1119 1120//1120 1118//1118
f 1118//1118 1117//1117 1119//1119
f 1121//1121 1122//1122 1119//1119
f 1119//1119 1122//1122 1120//1120
f 1118//1118 583//583 582//582
f 583//583 1118//1118 585//585
f 585//585 1118//1118 586//586
f 586//586 1118//1118 1120//1120
f 586//586 1120//1120 1122//1122
f 1122//1122 588//588 586//586
f 585//585 586//586 584//584
f 1098//1098 1104//1104 1115//1115
f 1115//1115 1104//1104 1105//1105
f 1115//1115 1105//1105 1117//1117
f 1102//1102 1123//1123 1103//1103
f 1103//1103 1123//1123 1117//1117
f 1103//1103 1117//1117 1105//1105
f 1121//1121 1123//1123 1102//1102
f 1123//1123 1119//1119 1117//1117
f 1119//1119 1123//1123 1121//1121
f 1124//1124 274//274 272//272
f 1124//1124 272//272 118//118
f 272//272 274//274 271//271
f 120//120 118//118 272//272
f 1127//1127 1128//1128 118//118
f 118//118 1128//1128 1124//1124
f 1129//1129 675//675 992//992
f 992//992 675//675 706//706
f 1130//1130 711//711 676//676
f 1130//1130 676//676 675//675
f 1130//1130 675//675 1129//1129
f 712//712 589//589 687//687
f 686//686 688//688 516//516
f 591//591 760//760 709//709
f 591//591 687//687 589//589
f 280//280 277//277 992//992
f 280//280 992//992 995//995
f 992//992 277//277 1129//1129
f 1129//1129 277//277 1130//1130
f 279//279 280//280 995//995
f 995//995 930//930 279//279
f 1131//1131 279//279 930//930
f 930//930 1007//1007 1131//1131
f 1007//1007 1010//1010 1131//1131
f 889//889 1132//1132 711//711
f 711//711 1130//1130 889//889
f 710//710 711//711 1132//1132
f 277//277 280//280 275//275
f 1130//1130 277//277 889//889
f 279//279 1131//1131 890//890
f 1133//1133 890//890 1131//1131
f 1133//1133 1131//1131 1010//1010
f 691//691 1134//1134 689//689
f 689//689 1134//1134 1112//1112
f 689//689 1112//1112 668//668
f 1134//1134 691//691 694//694
f 1135//1135 708//708 707//707
f 707//707 709//709 760//760
f 760//760 761//761 707//707
f 700//700 1135//1135 763//763
f 763//763 1135//1135 707//707
f 763//763 707//707 761//761
f 719//719 700//700 763//763
f 1136//1136 1112//1112 1134//1134
f 1136//1136 1134//1134 694//694
f 1137//1137 593//593 592//592
f 1137//1137 592//592 1136//1136
f 1137//1137 1136//1136 694//694
f 1137//1137 1138//1138 593//593
f 694//694 697//697 1137//1137
f 1142//1142 1139//1139 1140//1140
f 1142//1142 1141//1141 1139//1139
f 1145//1145 1146//1146 1144//1144
f 1148//1148 1149//1149 1150//1150
f 1151//1151 1148//1148 1150//1150
f 1150//1150 1152//1152 1151//1151
f 1153//1153 1144//1144 1149//1149
f 1153//1153 1149//1149 1148//1148
f 1144//1144 1153//1153 1154//1154
f 1155//1155 1147//1147 1154//1154
f 1154//1154 1147//1147 1144//1144
f 1156//1156 1153//1153 1148//1148
f 1148//1148 1151//1151 1156//1156
f 1156//1156 1154//1154 1153//1153
f 1157//1157 1155//1155 1156//1156
f 1156//1156 1155//1155 1154//1154
f 1158//1158 1159//1159 1155//1155
f 1155//1155 1159//1159 1147//1147
f 1147//1147 1159//1159 1160//1160
f 1160//1160 1159//1159 887//887
f 1157//1157 1158//1158 1155//1155
f 867//867 328//328 868//868
f 324//324 326//326 887//887
f 1161//1161 324//324 1159//1159
f 1161//1161 1159//1159 1158//1158
f 1159//1159 324//324 887//887
f 1158//1158 1157//1157 1162//1162
f 1163//1163 1161//1161 1162//1162
f 1162//1162 1161//1161 1158//1158
f 1164//1164 998//998 1165//1165
f 1165//1165 998//998 936//936
f 1166//1166 1000//1000 998//998
f 998//998 1164//1164 1166//1166
f 1167//1167 1164//1164 324//324
f 324//324 1164//1164 325//325
f 1168//1168 1164//1164 1167//1167
f 1169//1169 1166//1166 1168//1168
f 1168//1168 1166//1166 1164//1164
f 1170//1170 1004//1004 1166//1166
f 1166//1166 1004//1004 1000//1000
f 1169//1169 1170//1170 1166//1166
f 1171//1171 1008//1008 1004//1004
f 1004//1004 1170//1170 1171//1171
f 1172//1172 1010//1010 1008//1008
f 1008//1008 1171//1171 1172//1172
f 1173//1173 1171//1171 1170//1170
f 1170//1170 1169//1169 1173//1173
f 1174//1174 1172//1172 1171//1171
f 1171//1171 1173//1173 1174//1174
f 324//324 1161//1161 1167//1167
f 1175//1175 1169//1169 1168//1168
f 1176//1176 1167//1167 1161//1161
f 1161//1161 1163//1163 1176//1176
f 1177//1177 1168//1168 1167//1167
f 1167//1167 1176//1176 1177//1177
f 1178//1178 1175//1175 1177//1177
f 1177//1177 1175//1175 1168//1168
f 1179//1179 1173//1173 1169//1169
f 1179//1179 1169//1169 1175//1175
f 1180//1180 1174//1174 1173//1173
f 1173//1173 1179//1179 1180//1180
f 1181//1181 1179//1179 1175//1175
f 1175//1175 1178//1178 1181//1181
f 1182//1182 1180//1180 1179//1179
f 1179//1179 1181//1181 1182//1182
f 1183//1183 1151//1151 1152//1152
f 1152//1152 1184//1184 1183//1183
f 1187//1187 1183//1183 1186//1186
f 1187//1187 1186//1186 1185//1185
f 1186//1186 1183//1183 1184//1184
f 1183//1183 1188//1188 1151//1151
f 1151//1151 1188//1188 1156//1156
f 1189//1189 1157//1157 1188//1188
f 1188//1188 1157//1157 1156//1156
f 1190//1190 1188//1188 1183//1183
f 1183//1183 1187//1187 1190//1190
f 1191//1191 1188//1188 1190//1190
f 1192//1192 1189//1189 1191//1191
f 1191//1191 1189//1189 1188//1188
f 1157//1157 1189//1189 1193//1193
f 1194//1194 1193//1193 1189//1189
f 1194//1194 1189//1189 1192//1192
f 1195//1195 1185//1185 1196//1196
f 1196//1196 1185//1185 1186//1186
f 1197//1197 1187//1187 1195//1195
f 1195//1195 1187//1187 1185//1185
f 1198//1198 1195//1195 1196//1196
f 1199//1199 1197//1197 1195//1195
f 1195//1195 1198//1198 1199//1199
f 1200//1200 1190//1190 1187//1187
f 1187//1187 1197//1197 1200//1200
f 1201//1201 1191//1191 1200//1200
f 1200//1200 1191//1191 1190//1190
f 1201//1201 1192//1192 1191//1191
f 1202//1202 1200//1200 1197//1197
f 1197//1197 1199//1199 1202//1202
f 1202//1202 1203//1203 1201//1201
f 1202//1202 1201//1201 1200//1200
f 1204//1204 1194//1194 1192//1192
f 1192//1192 1201//1201 1204//1204
f 1205//1205 1194//1194 1204//1204
f 1206//1206 1204//1204 1201//1201
f 1206//1206 1201//1201 1203//1203
f 1206//1206 1205//1205 1204//1204
f 1193//1193 1162//1162 1157//1157
f 1207//1207 1163//1163 1162//1162
f 1162//1162 1193//1193 1207//1207
f 1208//1208 1207//1207 1194//1194
f 1194//1194 1207//1207 1193//1193
f 1205//1205 1208//1208 1194//1194
f 1209//1209 1176//1176 1207//1207
f 1207//1207 1176//1176 1163//1163
f 1209//1209 1177//1177 1176//1176
f 1210//1210 1178//1178 1209//1209
f 1209//1209 1178//1178 1177//1177
f 1211//1211 1209//1209 1208//1208
f 1208//1208 1209//1209 1207//1207
f 1212//1212 1210//1210 1209//1209
f 1209//1209 1211//1211 1212//1212
f 1213//1213 1181//1181 1178//1178
f 1213//1213 1178//1178 1210//1210
f 1214//1214 1181//1181 1213//1213
f 1215//1215 1182//1182 1214//1214
f 1214//1214 1182//1182 1181//1181
f 1216//1216 1215//1215 1214//1214
f 1217//1217 1211//1211 1208//1208
f 1217//1217 1208//1208 1205//1205
f 1217//1217 1212//1212 1211//1211
f 1218//1218 1217//1217 1205//1205
f 1219//1219 1217//1217 1218//1218
f 1219//1219 1212//1212 1217//1217
f 1220//1220 1210//1210 1212//1212
f 1221//1221 1220//1220 1219//1219
f 1219//1219 1220//1220 1212//1212
f 1220//1220 1213//1213 1210//1210
f 1222//1222 1214//1214 1220//1220
f 1220//1220 1214//1214 1213//1213
f 1222//1222 1216//1216 1214//1214
f 1223//1223 1222//1222 1221//1221
f 1221//1221 1222//1222 1220//1220
f 1224//1224 759//759 757//757
f 757//757 796//796 1224//1224
f 317//317 319//319 759//759
f 759//759 1224//1224 317//317
f 798//798 866//866 796//796
f 796//796 866//866 1224//1224
f 1224//1224 866//866 317//317
f 867//867 866//866 798//798
f 798//798 800//800 867//867
f 328//328 867//867 800//800
f 1225//1225 1180//1180 1182//1182
f 1226//1226 1225//1225 1215//1215
f 1215//1215 1225//1225 1182//1182
f 335//335 1227//1227 1216//1216
f 1216//1216 1227//1227 1215//1215
f 1215//1215 1227//1227 1226//1226
f 336//336 335//335 1216//1216
f 1216//1216 1222//1222 336//336
f 1228//1228 336//336 1222//1222
f 1228//1228 1222//1222 1223//1223
f 1228//1228 338//338 336//336
f 1229//1229 1199//1199 1139//1139
f 1229//1229 1139//1139 1141//1141
f 1139//1139 1199//1199 1198//1198
f 1230//1230 1229//1229 1142//1142
f 1142//1142 1229//1229 1141//1141
f 1231//1231 1202//1202 1199//1199
f 1199//1199 1229//1229 1231//1231
f 1232//1232 1203//1203 1202//1202
f 1202//1202 1231//1231 1232//1232
f 1233//1233 1231//1231 1230//1230
f 1230//1230 1231//1231 1229//1229
f 1234//1234 1232//1232 1231//1231
f 1231//1231 1233//1233 1234//1234
f 1235//1235 1206//1206 1232//1232
f 1232//1232 1206//1206 1203//1203
f 1236//1236 1205//1205 1206//1206
f 1206//1206 1235//1235 1236//1236
f 1237//1237 1232//1232 1234//1234
f 1237//1237 1235//1235 1232//1232
f 1238//1238 1236//1236 1235//1235
f 1235//1235 1237//1237 1238//1238
f 1143//1143 1230//1230 1142//1142
f 1230//1230 1240//1240 1233//1233
f 390//390 1234//1234 1240//1240
f 390//390 1240//1240 1239//1239
f 1240//1240 1234//1234 1233//1233
f 1239//1239 391//391 390//390
f 1241//1241 1242//1242 390//390
f 390//390 1242//1242 1237//1237
f 390//390 1237//1237 1234//1234
f 1243//1243 1238//1238 1237//1237
f 1243//1243 1237//1237 1242//1242
f 1243//1243 1242//1242 1241//1241
f 1241//1241 879//879 1243//1243
f 1244//1244 1245//1245 1243//1243
f 1243//1243 1245//1245 1238//1238
f 881//881 1244//1244 1243//1243
f 1244//1244 881//881 394//394
f 394//394 881//881 1246//1246
f 394//394 1246//1246 395//395
f 1247//1247 1218//1218 1236//1236
f 1236//1236 1218//1218 1205//1205
f 1248//1248 1219//1219 1247//1247
f 1247//1247 1219//1219 1218//1218
f 1249//1249 1247//1247 1238//1238
f 1238//1238 1247//1247 1236//1236
f 1250//1250 1248//1248 1247//1247
f 1250//1250 1247//1247 1249//1249
f 1251//1251 1221//1221 1219//1219
f 1251//1251 1219//1219 1248//1248
f 1252//1252 1251//1251 1248//1248
f 1252//1252 1248//1248 1250//1250
f 1253//1253 1251//1251 1252//1252
f 1254//1254 1223//1223 1221//1221
f 1254//1254 1221//1221 1251//1251
f 1253//1253 1254//1254 1251//1251
f 1238//1238 1245//1245 1249//1249
f 393//393 1250//1250 1249//1249
f 393//393 1249//1249 1245//1245
f 393//393 1245//1245 1244//1244
f 1244//1244 394//394 393//393
f 393//393 849//849 1250//1250
f 1250//1250 849//849 1252//1252
f 1255//1255 1256//1256 1252//1252
f 1255//1255 1252//1252 849//849
f 1252//1252 1256//1256 1253//1253
f 395//395 849//849 393//393
f 849//849 850//850 1257//1257
f 849//849 1257//1257 1255//1255
f 1258//1258 1223//1223 1254//1254
f 1258//1258 1228//1228 1223//1223
f 440//440 338//338 1228//1228
f 1228//1228 1258//1258 440//440
f 1253//1253 1259//1259 1258//1258
f 1253//1253 1258//1258 1254//1254
f 1260//1260 1261//1261 1258//1258
f 1260//1260 1258//1258 1259//1259
f 1258//1258 1261//1261 440//440
f 1262//1262 1256//1256 1255//1255
f 1257//1257 850//850 1263//1263
f 1255//1255 1263//1263 1262//1262
f 1264//1264 818//818 1262//1262
f 1262//1262 1259//1259 1256//1256
f 1256//1256 1259//1259 1253//1253
f 815//815 817//817 1259//1259
f 815//815 1259//1259 1262//1262
f 1259//1259 817//817 1260//1260
f 818//818 815//815 1262//1262
f 603//603 602//602 1265//1265
f 604//604 601//601 603//603
f 604//604 603//603 1266//1266
f 604//604 1266//1266 606//606
f 603//603 1265//1265 1267//1267
f 1267//1267 1265//1265 1268//1268
f 1268//1268 1269//1269 1267//1267
f 1267//1267 1270//1270 603//603
f 603//603 1270//1270 1266//1266
f 1269//1269 1271//1271 1267//1267
f 1267//1267 1271//1271 1270//1270
f 1268//1268 1272//1272 1269//1269
f 1272//1272 1271//1271 1269//1269
f 606//606 1266//1266 1270//1270
f 606//606 1270//1270 1273//1273
f 1273//1273 1270//1270 1271//1271
f 1272//1272 1268//1268 1274//1274
f 1272//1272 1274//1274 1275//1275
f 1273//1273 1271//1271 1276//1276
f 1276//1276 1271//1271 1272//1272
f 1276//1276 1272//1272 1275//1275
f 1275//1275 1277//1277 1276//1276
f 1278//1278 1279//1279 1280//1280
f 1279//1279 1278//1278 1281//1281
f 1282//1282 1283//1283 1281//1281
f 1281//1281 1283//1283 1279//1279
f 1284//1284 1279//1279 1283//1283
f 823//823 1285//1285 1282//1282
f 1282//1282 1285//1285 1283//1283
f 825//825 1287//1287 823//823
f 1287//1287 825//825 1288//1288
f 1288//1288 1289//1289 1287//1287
f 1287//1287 1290//1290 1286//1286
f 1286//1286 823//823 1287//1287
f 1289//1289 1291//1291 1290//1290
f 1290//1290 1287//1287 1289//1289
f 1292//1292 1290//1290 1291//1291
f 604//604 608//608 605//605
f 608//608 604//604 606//606
f 1277//1277 1293//1293 1294//1294
f 1294//1294 1276//1276 1277//1277
f 1295//1295 1294//1294 1293//1293
f 1280//1280 1296//1296 1293//1293
f 1293//1293 1277//1277 1280//1280
f 1296//1296 1280//1280 1279//1279
f 1295//1295 1293//1293 1297//1297
f 1297//1297 1293//1293 1296//1296
f 1297//1297 1296//1296 1298//1298
f 1279//1279 1299//1299 1298//1298
f 1279//1279 1298//1298 1296//1296
f 1284//1284 1300//1300 1299//1299
f 1299//1299 1279//1279 1284//1284
f 1291//1291 1301//1301 1292//1292
f 1292//1292 1301//1301 1302//1302
f 1303//1303 1133//1133 1172//1172
f 1172//1172 1133//1133 1010//1010
f 1304//1304 1303//1303 1172//1172
f 1172//1172 1174//1174 1304//1304
f 1305//1305 1304//1304 1174//1174
f 1174//1174 1180//1180 1305//1305
f 1226//1226 1305//1305 1225//1225
f 1225//1225 1305//1305 1180//1180
f 1289//1289 1288//1288 827//827
f 827//827 1306//1306 1289//1289
f 1306//1306 827//827 826//826
f 1291//1291 1289//1289 1306//1306
f 1291//1291 1306//1306 1307//1307
f 1307//1307 1306//1306 826//826
f 826//826 1308//1308 1307//1307
f 1308//1308 826//826 1309//1309
f 1309//1309 826//826 829//829
f 1310//1310 1311//1311 829//829
f 829//829 1311//1311 1309//1309
f 1308//1308 1309//1309 1312//1312
f 1312//1312 1309//1309 1313//1313
f 1313//1313 1309//1309 1311//1311
f 1314//1314 1315//1315 1311//1311
f 1311//1311 1310//1310 1314//1314
f 1313//1313 1311//1311 1315//1315
f 1315//1315 1316//1316 1313//1313
f 1315//1315 1317//1317 1316//1316
f 1317//1317 1315//1315 1318//1318
f 1317//1317 1318//1318 1319//1319
f 1319//1319 1320//1320 1317//1317
f 1321//1321 1322//1322 1323//1323
f 1320//1320 1319//1319 1323//1323
f 1323//1323 1324//1324 1320//1320
f 1324//1324 1323//1323 1322//1322
f 1322//1322 1325//1325 1324//1324
f 1321//1321 1326//1326 1327//1327
f 1327//1327 1328//1328 1321//1321
f 1328//1328 1327//1327 1329//1329
f 1329//1329 1330//1330 1328//1328
f 1328//1328 1331//1331 1322//1322
f 1322//1322 1321//1321 1328//1328
f 1330//1330 1332//1332 1331//1331
f 1331//1331 1328//1328 1330//1330
f 1325//1325 1322//1322 1333//1333
f 1333//1333 1322//1322 1331//1331
f 1333//1333 1331//1331 1334//1334
f 1334//1334 1331//1331 1332//1332
f 1330//1330 1329//1329 1335//1335
f 1335//1335 1336//1336 1330//1330
f 1330//1330 1336//1336 1332//1332
f 1334//1334 1332//1332 1337//1337
f 1337//1337 1332//1332 1336//1336
f 1307//1307 1338//1338 1291//1291
f 1307//1307 1308//1308 1338//1338
f 1291//1291 1338//1338 1339//1339
f 1291//1291 1339//1339 1301//1301
f 1339//1339 1338//1338 1340//1340
f 1340//1340 1338//1338 1308//1308
f 1312//1312 1341//1341 1340//1340
f 1312//1312 1340//1340 1308//1308
f 1313//1313 1342//1342 1341//1341
f 1341//1341 1312//1312 1313//1313
f 1316//1316 1343//1343 1313//1313
f 1313//1313 1343//1343 1342//1342
f 1317//1317 1344//1344 1316//1316
f 1316//1316 1344//1344 1343//1343
f 1317//1317 1345//1345 1344//1344
f 1320//1320 1346//1346 1317//1317
f 1317//1317 1346//1346 1345//1345
f 1324//1324 1347//1347 1346//1346
f 1346//1346 1320//1320 1324//1324
f 1325//1325 1347//1347 1324//1324
f 1333//1333 1348//1348 1325//1325
f 1325//1325 1348//1348 1347//1347
f 1334//1334 1349//1349 1333//1333
f 1333//1333 1349//1349 1348//1348
f 1337//1337 1350//1350 1349//1349
f 1349//1349 1334//1334 1337//1337
f 1351//1351 1341//1341 1342//1342
f 1351//1351 1342//1342 1343//1343
f 1351//1351 1343//1343 1353//1353
f 1353//1353 1343//1343 1344//1344
f 1353//1353 1344//1344 1354//1354
f 1354//1354 1344//1344 1345//1345
f 1354//1354 1345//1345 1355//1355
f 1355//1355 1345//1345 1346//1346
f 1355//1355 1346//1346 1347//1347
f 1350//1350 1356//1356 1357//1357
f 1268//1268 1265//1265 1359//1359
f 1//1 1360//1360 3//3
f 17//17 1362//1362 1//1
f 1//1 1362//1362 1360//1360
f 3//3 1360//1360 1362//1362
f 15//15 1361//1361 13//13
f 13//13 472//472 471//471
f 1363//1363 1364//1364 1365//1365
f 1366//1366 1367//1367 1363//1363
f 1366//1366 1363//1363 1365//1365
f 1366//1366 1365//1365 42//42
f 1368//1368 1367//1367 1366//1366
f 1369//1369 1364//1364 1370//1370
f 1370//1370 549//549 1369//1369
f 549//549 1370//1370 550//550
f 7//7 551//551 552//552
f 552//552 551//551 553//553
f 1371//1371 1370//1370 1363//1363
f 1363//1363 1370//1370 1364//1364
f 22//22 550//550 1371//1371
f 1371//1371 550//550 1370//1370
f 1363//1363 1367//1367 23//23
f 23//23 1371//1371 1363//1363
f 1372//1372 25//25 23//23
f 1372//1372 23//23 1368//1368
f 1368//1368 23//23 1367//1367
f 1371//1371 23//23 22//22
f 25//25 1372//1372 10//10
f 42//42 41//41 1366//1366
f 1373//1373 1374//1374 1366//1366
f 1373//1373 1366//1366 43//43
f 43//43 1366//1366 41//41
f 1366//1366 1374//1374 1368//1368
f 1375//1375 1373//1373 43//43
f 43//43 45//45 1375//1375
f 1373//1373 1376//1376 1374//1374
f 49//49 1376//1376 1373//1373
f 1373//1373 1375//1375 49//49
f 49//49 48//48 1376//1376
f 51//51 1375//1375 45//45
f 51//51 49//49 1375//1375
f 51//51 1377//1377 53//53
f 1368//1368 1374//1374 1372//1372
f 1372//1372 1374//1374 10//10
f 10//10 1374//1374 1376//1376
f 1378//1378 1379//1379 10//10
f 1378//1378 10//10 1376//1376
f 10//10 1379//1379 28//28
f 1376//1376 48//48 1378//1378
f 13//13 1361//1361 472//472
f 555//555 552//552 553//553
f 468//468 1380//1380 17//17
f 470//470 554//554 468//468
f 468//468 554//554 1381//1381
f 468//468 1381//1381 1380//1380
f 80//80 1382//1382 1378//1378
f 1378//1378 1382//1382 1379//1379
f 82//82 1382//1382 80//80
f 28//28 1379//1379 1382//1382
f 1382//1382 58//58 28//28
f 82//82 60//60 58//58
f 82//82 58//58 1382//1382
f 48//48 80//80 1378//1378
f 85//85 1383//1383 82//82
f 82//82 1383//1383 60//60
f 1384//1384 1383//1383 85//85
f 85//85 82//82 83//83
f 84//84 1384//1384 85//85
f 66//66 60//60 1383//1383
f 1384//1384 68//68 1383//1383
f 1383//1383 68//68 66//66
f 84//84 94//94 1384//1384
f 93//93 91//91 68//68
f 93//93 68//68 1384//1384
f 90//90 91//91 93//93
f 68//68 91//91 70//70
f 93//93 1384//1384 94//94
f 101//101 102//102 103//103
f 108//108 103//103 102//102
f 643//643 1385//1385 1386//1386
f 651//651 649//649 1387//1387
f 1387//1387 649//649 650//650
f 122//122 53//53 1388//1388
f 1388//1388 53//53 1377//1377
f 1390//1390 1388//1388 1389//1389
f 1389//1389 1391//1391 1390//1390
f 124//124 122//122 1390//1390
f 1390//1390 122//122 1388//1388
f 1391//1391 126//126 1390//1390
f 1390//1390 126//126 124//124
f 135//135 128//128 133//133
f 133//133 128//128 130//130
f 128//128 135//135 132//132
f 1392//1392 132//132 138//138
f 138//138 132//132 134//134
f 134//134 132//132 135//135
f 138//138 136//136 1392//1392
f 141//141 143//143 142//142
f 1393//1393 102//102 158//158
f 1394//1394 1393//1393 158//158
f 158//158 159//159 1394//1394
f 164//164 108//108 1393//1393
f 1393//1393 108//108 102//102
f 162//162 109//109 108//108
f 108//108 164//164 162//162
f 165//165 164//164 1394//1394
f 1394//1394 164//164 1393//1393
f 173//173 1394//1394 169//169
f 169//169 1394//1394 159//159
f 170//170 175//175 169//169
f 169//169 175//175 173//173
f 173//173 165//165 1394//1394
f 198//198 1395//1395 171//171
f 171//171 1395//1395 170//170
f 1396//1396 1395//1395 198//198
f 1397//1397 175//175 170//170
f 1397//1397 170//170 1395//1395
f 175//175 1397//1397 200//200
f 1398//1398 1395//1395 1396//1396
f 206//206 1397//1397 1398//1398
f 1398//1398 1397//1397 1395//1395
f 202//202 200//200 1397//1397
f 1397//1397 206//206 202//202
f 203//203 1398//1398 1396//1396
f 207//207 206//206 203//203
f 203//203 206//206 1398//1398
f 1399//1399 203//203 204//204
f 209//209 207//207 1399//1399
f 1399//1399 207//207 203//203
f 230//230 1399//1399 204//204
f 204//204 220//220 230//230
f 230//230 209//209 1399//1399
f 220//220 231//231 230//230
f 248//248 252//252 249//249
f 252//252 251//251 253//253
f 253//253 251//251 260//260
f 1401//1401 1400//1400 920//920
f 1402//1402 1403//1403 920//920
f 1402//1402 920//920 924//924
f 920//920 1403//1403 1401//1401
f 1404//1404 924//924 925//925
f 1405//1405 1402//1402 1406//1406
f 1406//1406 1402//1402 924//924
f 1406//1406 924//924 1404//1404
f 1407//1407 1404//1404 925//925
f 925//925 929//929 1407//1407
f 1408//1408 1405//1405 1409//1409
f 1409//1409 1405//1405 1406//1406
f 1409//1409 1406//1406 1407//1407
f 1407//1407 1406//1406 1404//1404
f 1410//1410 1407//1407 929//929
f 929//929 767//767 1410//1410
f 1411//1411 1408//1408 1409//1409
f 1409//1409 1412//1412 1411//1411
f 1412//1412 1409//1409 1410//1410
f 1410//1410 1409//1409 1407//1407
f 1413//1413 1414//1414 1415//1415
f 1416//1416 1415//1415 1414//1414
f 1414//1414 1417//1417 1416//1416
f 1414//1414 1413//1413 1403//1403
f 1414//1414 1403//1403 1402//1402
f 1403//1403 1413//1413 1401//1401
f 1417//1417 1414//1414 1405//1405
f 1405//1405 1414//1414 1402//1402
f 1418//1418 1416//1416 1417//1417
f 1417//1417 1419//1419 1418//1418
f 1420//1420 1418//1418 1419//1419
f 1419//1419 1421//1421 1420//1420
f 1418//1418 1420//1420 1422//1422
f 1419//1419 1417//1417 1408//1408
f 1408//1408 1417//1417 1405//1405
f 1421//1421 1419//1419 1411//1411
f 1411//1411 1419//1419 1408//1408
f 1361//1361 12//12 476//476
f 476//476 609//609 1361//1361
f 1423//1423 472//472 1361//1361
f 1423//1423 1361//1361 609//609
f 609//609 1424//1424 1423//1423
f 555//555 1425//1425 554//554
f 1425//1425 555//555 556//556
f 556//556 1426//1426 1425//1425
f 17//17 1380//1380 1362//1362
f 1362//1362 1380//1380 1381//1381
f 1381//1381 1427//1427 1362//1362
f 1381//1381 554//554 1425//1425
f 1425//1425 1428//1428 1381//1381
f 1428//1428 1425//1425 1426//1426
f 1426//1426 1429//1429 1428//1428
f 1427//1427 1381//1381 1428//1428
f 1428//1428 1430//1430 1427//1427
f 1430//1430 1428//1428 1429//1429
f 1429//1429 1431//1431 1430//1430
f 1426//1426 556//556 557//557
f 557//557 1432//1432 1426//1426
f 1432//1432 557//557 558//558
f 1429//1429 1426//1426 1432//1432
f 1432//1432 1433//1433 1429//1429
f 1433//1433 1432//1432 1434//1434
f 1434//1434 1432//1432 558//558
f 1431//1431 1429//1429 1433//1433
f 1433//1433 612//612 1431//1431
f 612//612 1433//1433 616//616
f 616//616 1433//1433 1434//1434
f 1434//1434 558//558 721//721
f 721//721 1435//1435 1434//1434
f 1435//1435 721//721 722//722
f 722//722 1436//1436 1435//1435
f 616//616 1434//1434 1435//1435
f 1437//1437 1435//1435 1436//1436
f 1362//1362 1438//1438 3//3
f 1438//1438 1362//1362 1427//1427
f 1427//1427 1439//1439 1438//1438
f 476//476 3//3 1438//1438
f 1438//1438 1440//1440 476//476
f 1440//1440 1438//1438 1441//1441
f 1441//1441 1438//1438 1439//1439
f 1439//1439 1427//1427 1442//1442
f 1442//1442 1427//1427 1430//1430
f 1442//1442 1430//1430 1431//1431
f 1431//1431 614//614 1442//1442
f 1441//1441 1439//1439 1443//1443
f 1443//1443 1439//1439 1442//1442
f 1443//1443 1442//1442 617//617
f 617//617 1442//1442 614//614
f 610//610 609//609 476//476
f 610//610 476//476 1440//1440
f 610//610 1440//1440 1441//1441
f 610//610 1441//1441 1444//1444
f 610//610 1444//1444 611//611
f 611//611 1444//1444 1445//1445
f 1445//1445 1077//1077 611//611
f 610//610 611//611 1077//1077
f 610//610 1077//1077 609//609
f 609//609 1077//1077 1424//1424
f 1444//1444 1441//1441 1446//1446
f 1446//1446 1441//1441 1443//1443
f 1446//1446 1443//1443 622//622
f 622//622 1443//1443 617//617
f 1445//1445 1444//1444 1446//1446
f 1446//1446 645//645 1445//1445
f 645//645 1446//1446 625//625
f 625//625 1446//1446 622//622
f 614//614 1431//1431 612//612
f 615//615 616//616 621//621
f 621//621 616//616 1435//1435
f 621//621 1435//1435 1447//1447
f 1447//1447 1435//1435 1437//1437
f 620//620 621//621 627//627
f 627//627 621//621 1447//1447
f 1448//1448 905//905 904//904
f 914//914 1448//1448 910//910
f 910//910 1448//1448 904//904
f 1449//1449 914//914 913//913
f 1450//1450 1449//1449 915//915
f 915//915 1449//1449 913//913
f 918//918 1400//1400 915//915
f 915//915 1400//1400 1450//1450
f 920//920 1400//1400 918//918
f 266//266 261//261 1451//1451
f 1451//1451 261//261 263//263
f 57//57 56//56 265//265
f 1452//1452 266//266 1451//1451
f 914//914 1449//1449 1453//1453
f 1454//1454 1453//1453 1449//1449
f 1449//1449 1450//1450 1454//1454
f 1450//1450 1400//1400 1454//1454
f 1436//1436 722//722 1455//1455
f 1455//1455 722//722 724//724
f 1455//1455 724//724 730//730
f 1437//1437 1436//1436 1455//1455
f 730//730 1456//1456 1455//1455
f 1456//1456 730//730 1457//1457
f 1457//1457 730//730 731//731
f 1457//1457 731//731 732//732
f 1458//1458 732//732 737//737
f 1458//1458 737//737 740//740
f 1447//1447 1437//1437 1459//1459
f 1459//1459 1437//1437 1455//1455
f 1459//1459 1455//1455 1460//1460
f 1460//1460 1455//1455 1456//1456
f 627//627 1447//1447 1461//1461
f 1461//1461 1447//1447 1459//1459
f 1461//1461 1459//1459 1462//1462
f 1462//1462 1459//1459 1460//1460
f 1460//1460 1456//1456 1463//1463
f 1463//1463 1456//1456 1457//1457
f 1463//1463 1457//1457 732//732
f 732//732 1464//1464 1463//1463
f 1462//1462 1460//1460 1465//1465
f 1465//1465 1460//1460 1463//1463
f 1465//1465 1463//1463 1464//1464
f 1464//1464 1466//1466 1465//1465
f 620//620 627//627 630//630
f 630//630 627//627 1461//1461
f 630//630 1461//1461 1467//1467
f 1467//1467 1461//1461 1462//1462
f 629//629 630//630 1468//1468
f 1468//1468 630//630 1467//1467
f 1467//1467 1462//1462 1469//1469
f 1469//1469 1462//1462 1465//1465
f 1469//1469 1465//1465 1466//1466
f 1468//1468 1467//1467 1470//1470
f 1470//1470 1467//1467 1469//1469
f 1470//1470 1469//1469 1471//1471
f 1471//1471 1469//1469 1466//1466
f 1464//1464 732//732 1472//1472
f 1472//1472 732//732 1458//1458
f 1472//1472 1458//1458 1473//1473
f 1473//1473 1458//1458 740//740
f 1466//1466 1464//1464 1474//1474
f 1474//1474 1464//1464 1472//1472
f 1474//1474 1472//1472 1473//1473
f 1473//1473 638//638 1474//1474
f 1474//1474 1475//1475 1466//1466
f 636//636 1475//1475 1474//1474
f 636//636 1474//1474 635//635
f 635//635 1474//1474 638//638
f 1471//1471 1466//1466 1476//1476
f 1476//1476 1466//1466 1475//1475
f 637//637 1476//1476 636//636
f 636//636 1476//1476 1475//1475
f 472//472 1423//1423 640//640
f 1423//1423 1424//1424 1477//1477
f 1477//1477 640//640 1423//1423
f 640//640 1478//1478 530//530
f 640//640 1477//1477 1479//1479
f 640//640 1479//1479 1478//1478
f 449//449 116//116 117//117
f 481//481 117//117 530//530
f 530//530 117//117 529//529
f 530//530 1478//1478 481//481
f 481//481 1478//1478 479//479
f 479//479 1478//1478 1480//1480
f 1480//1480 1478//1478 1479//1479
f 1480//1480 482//482 479//479
f 1077//1077 1445//1445 642//642
f 642//642 1445//1445 1385//1385
f 643//643 642//642 1385//1385
f 642//642 1477//1477 1424//1424
f 642//642 1424//1424 1077//1077
f 643//643 1479//1479 1477//1477
f 643//643 1477//1477 642//642
f 1385//1385 1445//1445 644//644
f 644//644 1445//1445 645//645
f 1386//1386 1385//1385 647//647
f 647//647 1385//1385 644//644
f 643//643 1386//1386 1481//1481
f 1481//1481 648//648 643//643
f 648//648 500//500 482//482
f 482//482 500//500 483//483
f 648//648 1481//1481 1482//1482
f 648//648 1482//1482 500//500
f 1480//1480 1479//1479 643//643
f 643//643 648//648 1480//1480
f 482//482 1480//1480 648//648
f 1481//1481 1386//1386 1483//1483
f 1483//1483 1386//1386 647//647
f 1483//1483 647//647 1484//1484
f 1482//1482 1481//1481 1483//1483
f 1483//1483 1485//1485 1482//1482
f 1485//1485 1483//1483 1486//1486
f 1486//1486 1483//1483 1484//1484
f 650//650 624//624 628//628
f 628//628 1487//1487 650//650
f 1387//1387 650//650 1488//1488
f 1488//1488 650//650 1487//1487
f 1484//1484 647//647 1489//1489
f 1489//1489 647//647 651//651
f 1489//1489 651//651 1490//1490
f 1490//1490 651//651 1387//1387
f 1486//1486 1484//1484 1491//1491
f 1491//1491 1484//1484 1489//1489
f 1491//1491 1489//1489 1492//1492
f 1492//1492 1489//1489 1490//1490
f 1490//1490 1387//1387 1493//1493
f 1493//1493 1387//1387 1488//1488
f 1492//1492 1490//1490 1493//1493
f 1492//1492 1493//1493 1494//1494
f 501//501 500//500 1482//1482
f 501//501 1482//1482 504//504
f 504//504 1482//1482 1485//1485
f 504//504 1485//1485 654//654
f 654//654 1485//1485 1486//1486
f 654//654 1486//1486 1491//1491
f 1491//1491 656//656 654//654
f 656//656 1491//1491 1495//1495
f 1495//1495 1491//1491 1492//1492
f 536//536 656//656 1495//1495
f 1495//1495 1492//1492 1496//1496
f 1496//1496 1492//1492 1494//1494
f 1494//1494 1497//1497 1496//1496
f 536//536 1495//1495 539//539
f 539//539 1495//1495 1496//1496
f 539//539 1496//1496 1497//1497
f 1497//1497 512//512 539//539
f 1487//1487 628//628 629//629
f 629//629 1498//1498 1487//1487
f 1498//1498 629//629 1468//1468
f 1488//1488 1487//1487 1499//1499
f 1499//1499 1487//1487 1498//1498
f 1498//1498 1500//1500 1499//1499
f 1498//1498 1468//1468 1470//1470
f 1470//1470 1501//1501 1498//1498
f 1501//1501 1470//1470 1502//1502
f 1502//1502 1470//1470 1471//1471
f 1500//1500 1498//1498 1501//1501
f 1500//1500 1501//1501 1502//1502
f 1502//1502 1503//1503 1500//1500
f 1493//1493 1488//1488 1504//1504
f 1504//1504 1488//1488 1499//1499
f 1494//1494 1493//1493 1504//1504
f 1504//1504 1505//1505 1494//1494
f 1505//1505 1504//1504 1506//1506
f 1506//1506 1504//1504 1499//1499
f 1499//1499 1500//1500 1507//1507
f 1507//1507 1500//1500 1503//1503
f 1503//1503 1508//1508 1507//1507
f 1506//1506 1499//1499 1507//1507
f 1507//1507 1509//1509 1506//1506
f 1509//1509 1507//1507 1508//1508
f 1508//1508 680//680 1509//1509
f 1502//1502 1471//1471 1510//1510
f 1510//1510 1471//1471 1476//1476
f 671//671 672//672 1510//1510
f 671//671 1510//1510 1476//1476
f 671//671 1476//1476 637//637
f 1503//1503 1502//1502 1510//1510
f 1510//1510 1511//1511 1503//1503
f 1511//1511 1510//1510 674//674
f 674//674 1510//1510 672//672
f 1508//1508 1503//1503 1511//1511
f 1511//1511 678//678 1508//1508
f 674//674 678//678 1511//1511
f 680//680 1508//1508 678//678
f 1497//1497 1494//1494 1505//1505
f 1505//1505 1512//1512 1497//1497
f 1512//1512 1505//1505 1513//1513
f 1513//1513 1505//1505 1506//1506
f 512//512 1497//1497 513//513
f 513//513 1497//1497 1512//1512
f 513//513 1512//1512 1514//1514
f 1514//1514 1512//1512 1513//1513
f 1513//1513 1506//1506 1515//1515
f 1515//1515 1506//1506 1509//1509
f 1515//1515 1509//1509 680//680
f 509//509 1514//1514 1513//1513
f 509//509 1513//1513 1515//1515
f 509//509 1515//1515 680//680
f 515//515 513//513 1514//1514
f 515//515 1514//1514 509//509
f 769//769 1410//1410 767//767
f 1516//1516 1411//1411 1412//1412
f 769//769 1412//1412 1410//1410
f 1517//1517 1516//1516 1412//1412
f 1412//1412 1518//1518 1517//1517
f 1518//1518 1412//1412 769//769
f 294//294 1517//1517 1518//1518
f 769//769 771//771 1518//1518
f 1519//1519 771//771 772//772
f 1520//1520 294//294 1518//1518
f 1518//1518 1521//1521 1520//1520
f 1521//1521 1518//1518 1519//1519
f 1519//1519 1518//1518 771//771
f 1522//1522 1519//1519 772//772
f 1521//1521 1523//1523 1520//1520
f 1524//1524 1523//1523 1522//1522
f 1522//1522 1523//1523 1519//1519
f 1519//1519 1523//1523 1521//1521
f 297//297 1524//1524 1525//1525
f 1525//1525 1524//1524 1522//1522
f 282//282 297//297 1526//1526
f 1526//1526 297//297 1525//1525
f 283//283 282//282 1526//1526
f 1527//1527 1420//1420 1528//1528
f 1528//1528 1420//1420 1421//1421
f 1529//1529 1422//1422 1420//1420
f 1420//1420 1527//1527 1529//1529
f 290//290 1527//1527 289//289
f 289//289 1527//1527 1528//1528
f 291//291 1529//1529 1527//1527
f 1527//1527 290//290 291//291
f 1528//1528 1421//1421 1516//1516
f 1516//1516 1421//1421 1411//1411
f 289//289 1528//1528 1517//1517
f 1517//1517 1528//1528 1516//1516
f 294//294 290//290 1517//1517
f 1517//1517 290//290 289//289
f 294//294 1520//1520 293//293
f 295//295 293//293 1520//1520
f 295//295 1520//1520 1523//1523
f 295//295 1523//1523 1524//1524
f 1524//1524 296//296 295//295
f 297//297 296//296 1524//1524
f 137//137 296//296 297//297
f 1522//1522 772//772 782//782
f 785//785 1525//1525 782//782
f 782//782 1525//1525 1522//1522
f 1530//1530 1525//1525 785//785
f 785//785 786//786 1530//1530
f 1526//1526 1525//1525 1530//1530
f 302//302 1530//1530 786//786
f 786//786 787//787 302//302
f 283//283 1526//1526 1530//1530
f 1530//1530 302//302 283//283
f 303//303 302//302 787//787
f 787//787 789//789 303//303
f 307//307 305//305 311//311
f 334//334 331//331 870//870
f 243//243 1531//1531 370//370
f 249//249 377//377 370//370
f 249//249 370//370 1531//1531
f 252//252 378//378 249//249
f 249//249 378//378 377//377
f 1452//1452 1451//1451 1534//1534
f 946//946 947//947 1535//1535
f 1538//1538 1539//1539 1540//1540
f 1535//1535 947//947 1538//1538
f 1541//1541 1542//1542 1543//1543
f 1544//1544 946//946 1541//1541
f 1541//1541 946//946 1535//1535
f 1541//1541 1535//1535 1542//1542
f 1545//1545 1541//1541 1543//1543
f 1543//1543 1546//1546 1545//1545
f 1369//1369 1544//1544 1541//1541
f 1541//1541 1545//1545 1369//1369
f 1546//1546 1365//1365 1545//1545
f 1545//1545 1365//1365 1364//1364
f 1364//1364 1369//1369 1545//1545
f 1549//1549 1547//1547 1550//1550
f 1550//1550 1547//1547 1548//1548
f 1551//1551 1536//1536 1453//1453
f 1453//1453 1536//1536 1537//1537
f 1543//1543 1542//1542 1538//1538
f 1543//1543 1538//1538 1540//1540
f 1543//1543 1540//1540 1547//1547
f 1547//1547 1540//1540 1548//1548
f 1538//1538 1542//1542 1535//1535
f 1546//1546 1543//1543 1549//1549
f 1549//1549 1543//1543 1547//1547
f 1552//1552 1553//1553 1554//1554
f 1555//1555 1549//1549 1550//1550
f 1550//1550 1556//1556 1555//1555
f 1556//1556 1550//1550 1552//1552
f 1552//1552 1550//1550 1553//1553
f 1553//1553 1550//1550 1557//1557
f 1558//1558 1552//1552 1413//1413
f 1413//1413 1552//1552 1554//1554
f 39//39 1555//1555 1556//1556
f 1556//1556 1559//1559 39//39
f 1559//1559 1556//1556 1558//1558
f 1558//1558 1556//1556 1552//1552
f 1555//1555 1365//1365 1546//1546
f 1555//1555 1546//1546 1549//1549
f 42//42 1365//1365 1555//1555
f 1555//1555 39//39 42//42
f 946//946 1544//1544 978//978
f 549//549 980//980 1369//1369
f 1369//1369 980//980 978//978
f 1369//1369 978//978 1544//1544
f 1415//1415 1558//1558 1413//1413
f 1559//1559 40//40 39//39
f 44//44 40//40 1415//1415
f 1415//1415 40//40 1559//1559
f 1415//1415 1559//1559 1558//1558
f 46//46 44//44 1415//1415
f 1415//1415 1416//1416 46//46
f 1560//1560 46//46 1416//1416
f 1416//1416 1418//1418 1560//1560
f 1422//1422 1560//1560 1418//1418
f 51//51 45//45 1560//1560
f 1560//1560 45//45 46//46
f 1377//1377 51//51 1422//1422
f 1422//1422 51//51 1560//1560
f 1564//1564 1561//1561 899//899
f 899//899 1561//1561 900//900
f 1565//1565 1562//1562 1561//1561
f 1561//1561 1564//1564 1565//1565
f 1566//1566 1567//1567 1562//1562
f 1566//1566 1562//1562 1565//1565
f 1562//1562 1567//1567 1563//1563
f 1568//1568 1564//1564 899//899
f 899//899 903//903 1568//1568
f 1569//1569 1565//1565 1564//1564
f 1564//1564 1568//1568 1569//1569
f 1570//1570 1566//1566 1565//1565
f 1565//1565 1569//1569 1570//1570
f 1571//1571 1572//1572 905//905
f 905//905 1572//1572 1568//1568
f 905//905 1568//1568 903//903
f 1568//1568 1572//1572 1569//1569
f 1573//1573 1570//1570 1572//1572
f 1572//1572 1571//1571 1573//1573
f 1569//1569 1572//1572 1570//1570
f 1574//1574 1571//1571 1448//1448
f 1448//1448 1571//1571 905//905
f 1575//1575 1571//1571 1574//1574
f 914//914 1537//1537 1448//1448
f 1448//1448 1537//1537 1574//1574
f 1574//1574 1537//1537 1575//1575
f 458//458 55//55 56//56
f 56//56 57//57 458//458
f 455//455 456//456 55//55
f 55//55 458//458 455//455
f 1577//1577 1578//1578 1576//1576
f 1579//1579 458//458 57//57
f 1579//1579 57//57 1580//1580
f 1580//1580 1581//1581 1579//1579
f 1453//1453 1537//1537 914//914
f 273//273 274//274 1125//1125
f 1127//1127 119//119 1576//1576
f 1576//1576 119//119 1577//1577
f 1582//1582 1577//1577 119//119
f 1576//1576 1583//1583 1127//1127
f 1389//1389 1388//1388 1529//1529
f 1529//1529 1388//1388 1422//1422
f 1422//1422 1388//1388 1377//1377
f 1391//1391 1389//1389 1529//1529
f 1529//1529 291//291 1391//1391
f 1584//1584 1391//1391 291//291
f 291//291 129//129 1584//1584
f 127//127 126//126 1584//1584
f 1584//1584 126//126 1391//1391
f 129//129 127//127 1584//1584
f 1147//1147 1145//1145 1144//1144
f 1149//1149 1144//1144 1146//1146
f 325//325 1165//1165 1585//1585
f 1586//1586 326//326 325//325
f 1586//1586 325//325 1585//1585
f 1164//1164 1165//1165 325//325
f 333//333 882//882 1587//1587
f 329//329 800//800 799//799
f 799//799 801//801 329//329
f 332//332 329//329 801//801
f 801//801 802//802 332//332
f 329//329 332//332 327//327
f 882//882 334//334 891//891
f 891//891 334//334 870//870
f 891//891 870//870 805//805
f 805//805 870//870 803//803
f 882//882 333//333 334//334
f 1588//1588 1589//1589 1590//1590
f 464//464 812//812 461//461
f 464//464 463//463 1591//1591
f 1592//1592 812//812 464//464
f 464//464 1591//1591 1592//1592
f 1592//1592 1594//1594 1593//1593
f 1592//1592 1593//1593 812//812
f 388//388 463//463 383//383
f 383//383 382//382 388//388
f 387//387 1591//1591 388//388
f 388//388 1591//1591 463//463
f 387//387 1592//1592 1591//1591
f 382//382 385//385 388//388
f 1592//1592 387//387 1595//1595
f 1595//1595 387//387 389//389
f 1142//1142 1140//1140 1590//1590
f 1596//1596 1143//1143 1589//1589
f 1596//1596 1589//1589 1597//1597
f 1589//1589 1143//1143 1590//1590
f 1590//1590 1143//1143 1142//1142
f 1239//1239 1240//1240 1596//1596
f 1596//1596 1240//1240 1230//1230
f 1596//1596 1230//1230 1143//1143
f 1597//1597 1598//1598 1596//1596
f 1596//1596 1598//1598 1239//1239
f 1239//1239 1598//1598 391//391
f 391//391 1598//1598 1599//1599
f 391//391 1599//1599 392//392
f 392//392 1241//1241 390//390
f 1241//1241 392//392 879//879
f 1532//1532 1533//1533 1587//1587
f 1532//1532 1587//1587 874//874
f 874//874 1587//1587 882//882
f 1243//1243 879//879 881//881
f 813//813 891//891 805//805
f 1600//1600 813//813 809//809
f 1601//1601 872//872 813//813
f 1601//1601 813//813 1600//1600
f 1602//1602 872//872 1601//1601
f 872//872 1603//1603 875//875
f 1603//1603 872//872 1604//1604
f 872//872 1602//1602 1604//1604
f 814//814 1600//1600 809//809
f 1605//1605 1600//1600 814//814
f 1606//1606 1602//1602 1605//1605
f 1605//1605 1602//1602 1601//1601
f 1605//1605 1601//1601 1600//1600
f 1607//1607 1606//1606 1605//1605
f 1607//1607 1605//1605 814//814
f 1607//1607 814//814 811//811
f 1255//1255 1257//1257 1263//1263
f 1594//1594 1607//1607 1593//1593
f 1593//1593 1607//1607 812//812
f 812//812 1607//1607 811//811
f 1582//1582 883//883 1608//1608
f 1608//1608 883//883 456//456
f 1608//1608 456//456 455//455
f 1609//1609 1582//1582 1608//1608
f 1609//1609 1608//1608 455//455
f 1062//1062 1060//1060 563//563
f 1043//1043 489//489 491//491
f 1114//1114 1113//1113 1610//1610
f 1610//1610 1108//1108 1114//1114
f 119//119 120//120 1611//1611
f 119//119 1611//1611 883//883
f 883//883 1582//1582 119//119
f 1125//1125 1126//1126 273//273
f 765//765 1138//1138 1137//1137
f 766//766 699//699 1612//1612
f 601//601 602//602 603//603
f 1275//1275 1274//1274 1613//1613
f 1613//1613 1614//1614 1275//1275
f 1614//1614 1613//1613 1278//1278
f 1278//1278 1613//1613 1615//1615
f 1277//1277 1275//1275 1614//1614
f 1614//1614 1280//1280 1277//1277
f 1280//1280 1614//1614 1278//1278
f 1278//1278 1615//1615 1281//1281
f 1281//1281 1615//1615 1282//1282
f 1282//1282 1615//1615 824//824
f 824//824 823//823 1282//1282
f 823//823 1286//1286 1285//1285
f 1284//1284 1283//1283 1285//1285
f 1284//1284 1285//1285 1616//1616
f 1616//1616 1285//1285 1286//1286
f 1616//1616 1286//1286 1290//1290
f 1290//1290 1292//1292 1616//1616
f 1273//1273 1617//1617 607//607
f 607//607 606//606 1273//1273
f 1276//1276 1294//1294 1617//1617
f 1617//1617 1273//1273 1276//1276
f 1300//1300 1284//1284 1616//1616
f 1292//1292 1302//1302 1616//1616
f 1618//1618 1318//1318 1315//1315
f 1315//1315 1314//1314 1618//1618
f 1619//1619 1319//1319 1318//1318
f 1318//1318 1618//1618 1619//1619
f 1326//1326 1321//1321 1620//1620
f 1620//1620 1323//1323 1619//1619
f 1619//1619 1323//1323 1319//1319
f 1323//1323 1620//1620 1321//1321
f 450//450 486//486 473//473
f 1622//1622 1621//1621 1624//1624
f 1623//1623 1622//1622 1624//1624
f 1624//1624 1627//1627 1623//1623
f 1626//1626 1627//1627 1625//1625
f 1625//1625 1627//1627 1624//1624
f 1628//1628 1623//1623 1627//1627
f 1627//1627 1626//1626 1629//1629
f 1625//1625 1630//1630 1631//1631
f 1626//1626 1625//1625 1632//1632
f 1632//1632 1625//1625 1631//1631
f 1632//1632 1631//1631 1633//1633
f 1633//1633 1631//1631 1634//1634
f 1634//1634 1635//1635 1636//1636
f 1633//1633 1634//1634 520//520
f 520//520 1634//1634 1636//1636
f 520//520 1636//1636 521//521
f 521//521 1636//1636 1637//1637
f 1638//1638 1626//1626 1632//1632
f 1638//1638 1632//1632 1633//1633
f 521//521 1637//1637 1298//1298
f 1298//1298 523//523 521//521
f 523//523 1298//1298 1639//1639
f 1639//1639 525//525 523//523
f 525//525 1639//1639 1640//1640
f 525//525 1640//1640 527//527
f 1641//1641 1642//1642 1643//1643
f 526//526 527//527 1641//1641
f 1641//1641 528//528 526//526
f 13//13 471//471 20//20
f 20//20 471//471 114//114
f 519//519 1638//1638 1633//1633
f 519//519 1633//1633 520//520
f 527//527 1640//1640 1641//1641
f 1641//1641 1640//1640 1642//1642
f 1643//1643 1644//1644 1641//1641
f 1645//1645 1644//1644 1643//1643
f 1645//1645 1643//1643 1646//1646
f 1645//1645 1646//1646 1647//1647
f 1361//1361 15//15 12//12
f 1624//1624 1621//1621 1630//1630
f 1624//1624 1630//1630 1625//1625
f 1627//1627 1629//1629 1628//1628
f 1631//1631 1630//1630 1635//1635
f 1635//1635 1634//1634 1631//1631
f 1629//1629 1626//1626 1638//1638
f 1121//1121 1648//1648 1122//1122
f 789//789 790//790 304//304
f 304//304 303//303 789//789
f 1649//1649 304//304 790//790
f 305//305 304//304 1649//1649
f 311//311 1649//1649 833//833
f 833//833 1649//1649 790//790
f 311//311 305//305 1649//1649
f 352//352 312//312 313//313
f 313//313 840//840 352//352
f 315//315 352//352 846//846
f 846//846 352//352 840//840
f 316//316 315//315 848//848
f 848//848 315//315 846//846
f 361//361 352//352 315//315
f 1650//1650 316//316 848//848
f 848//848 854//854 1650//1650
f 1651//1651 1650//1650 855//855
f 855//855 1650//1650 854//854
f 403//403 314//314 316//316
f 316//316 1650//1650 403//403
f 406//406 403//403 1650//1650
f 1650//1650 1651//1651 406//406
f 398//398 1651//1651 862//862
f 862//862 1651//1651 855//855
f 397//397 406//406 1651//1651
f 1651//1651 398//398 397//397
f 516//516 510//510 686//686
f 708//708 1135//1135 716//716
f 700//700 716//716 1135//1135
f 718//718 1612//1612 699//699
f 699//699 698//698 718//718
f 701//701 700//700 719//719
f 698//698 701//701 719//719
f 719//719 718//718 698//698
f 1137//1137 697//697 699//699
f 699//699 765//765 1137//1137
f 1616//1616 1652//1652 1300//1300
f 1616//1616 1302//1302 1652//1652
f 554//554 470//470 477//477
f 560//560 735//735 73//73
f 631//631 1473//1473 740//740
f 631//631 740//740 742//742
f 1473//1473 631//631 638//638
f 742//742 745//745 631//631
f 631//631 745//745 632//632
f 634//634 638//638 631//631
f 634//634 631//631 632//632
f 639//639 706//706 637//637
f 1653//1653 1021//1021 1026//1026
f 147//147 144//144 142//142
f 151//151 150//150 147//147
f 153//153 144//144 155//155
f 156//156 155//155 144//144
f 156//156 144//144 150//150
f 152//152 156//156 150//150
f 154//154 157//157 89//89
f 158//158 102//102 100//100
f 158//158 100//100 157//157
f 168//168 157//157 154//154
f 154//154 155//155 168//168
f 160//160 157//157 168//168
f 167//167 168//168 155//155
f 155//155 156//156 167//167
f 171//171 167//167 156//156
f 156//156 152//152 171//171
f 170//170 169//169 166//166
f 149//149 178//178 147//147
f 132//132 1392//1392 179//179
f 181//181 147//147 178//178
f 193//193 152//152 181//181
f 181//181 152//152 151//151
f 183//183 178//178 180//180
f 195//195 193//193 181//181
f 181//181 182//182 195//195
f 136//136 179//179 1392//1392
f 186//186 180//180 179//179
f 186//186 188//188 183//183
f 186//186 183//183 180//180
f 183//183 188//188 182//182
f 189//189 195//195 182//182
f 189//189 182//182 188//188
f 197//197 196//196 189//189
f 198//198 194//194 1396//1396
f 203//203 1396//1396 194//194
f 203//203 194//194 196//196
f 1621//1621 605//605 1630//1630
f 1630//1630 605//605 608//608
f 1630//1630 608//608 607//607
f 1630//1630 607//607 1635//1635
f 1635//1635 607//607 1617//1617
f 1635//1635 1617//1617 1636//1636
f 1636//1636 1617//1617 1294//1294
f 1636//1636 1294//1294 1295//1295
f 1295//1295 1637//1637 1636//1636
f 1637//1637 1295//1295 1297//1297
f 1297//1297 1298//1298 1637//1637
f 1639//1639 1298//1298 1299//1299
f 1639//1639 1299//1299 1640//1640
f 1640//1640 1299//1299 1300//1300
f 1640//1640 1300//1300 1642//1642
f 1642//1642 1300//1300 1652//1652
f 1642//1642 1652//1652 1643//1643
f 1643//1643 1652//1652 1302//1302
f 1643//1643 1302//1302 1301//1301
f 1301//1301 1646//1646 1643//1643
f 528//528 1641//1641 1644//1644
f 528//528 1644//1644 1645//1645
f 1645//1645 1654//1654 528//528
f 1646//1646 1301//1301 1339//1339
f 1339//1339 1655//1655 1646//1646
f 1655//1655 1339//1339 1340//1340
f 1340//1340 1656//1656 1655//1655
f 1647//1647 1646//1646 1655//1655
f 1647//1647 1655//1655 1657//1657
f 1657//1657 1655//1655 1656//1656
f 1647//1647 1658//1658 1645//1645
f 1657//1657 1659//1659 1658//1658
f 1658//1658 1647//1647 1657//1657
f 1656//1656 1340//1340 1660//1660
f 1660//1660 1340//1340 1341//1341
f 1660//1660 1341//1341 1351//1351
f 1657//1657 1656//1656 1660//1660
f 1660//1660 1352//1352 1657//1657
f 1352//1352 1660//1660 1351//1351
f 1352//1352 1351//1351 1661//1661
f 1659//1659 1657//1657 1352//1352
f 1654//1654 1645//1645 1662//1662
f 1662//1662 1645//1645 1658//1658
f 1662//1662 1658//1658 1659//1659
f 1659//1659 1663//1663 1662//1662
f 1352//1352 1661//1661 1664//1664
f 1664//1664 1665//1665 1352//1352
f 1663//1663 1659//1659 1352//1352
f 1352//1352 1665//1665 1663//1663
f 1661//1661 1351//1351 1666//1666
f 1666//1666 1351//1351 1353//1353
f 1666//1666 1353//1353 1667//1667
f 1667//1667 1353//1353 1354//1354
f 1667//1667 1354//1354 1355//1355
f 1355//1355 1668//1668 1667//1667
f 1664//1664 1661//1661 1669//1669
f 1669//1669 1661//1661 1666//1666
f 1666//1666 1670//1670 1669//1669
f 1669//1669 1671//1671 1664//1664
f 1670//1670 1672//1672 1671//1671
f 1671//1671 1669//1669 1670//1670
f 1670//1670 1666//1666 1667//1667
f 1667//1667 1673//1673 1670//1670
f 1673//1673 1667//1667 1668//1668
f 1673//1673 1674//1674 1672//1672
f 1672//1672 1670//1670 1673//1673
f 1347//1347 1675//1675 1355//1355
f 1668//1668 1355//1355 1675//1675
f 1675//1675 1676//1676 1668//1668
f 1675//1675 1347//1347 1348//1348
f 1675//1675 1348//1348 1349//1349
f 1349//1349 1357//1357 1675//1675
f 1676//1676 1675//1675 1357//1357
f 1357//1357 1677//1677 1676//1676
f 1673//1673 1668//1668 1678//1678
f 1678//1678 1668//1668 1676//1676
f 1678//1678 1679//1679 1673//1673
f 1673//1673 1679//1679 1674//1674
f 1678//1678 1676//1676 1677//1677
f 1677//1677 1358//1358 1678//1678
f 1679//1679 1678//1678 1358//1358
f 1357//1357 1349//1349 1350//1350
f 1677//1677 1357//1357 1356//1356
f 1356//1356 1680//1680 1677//1677
f 1358//1358 1677//1677 1680//1680
f 936//936 999//999 935//935
f 886//886 885//885 1003//1003
f 714//714 589//589 712//712
f 1150//1150 1149//1149 1681//1681
f 1146//1146 1681//1681 1149//1149
f 1682//1682 1681//1681 1146//1146
f 1585//1585 1165//1165 933//933
f 934//934 318//318 317//317
f 323//323 934//934 866//866
f 323//323 866//866 321//321
f 866//866 934//934 317//317
f 1165//1165 936//936 933//933
f 871//871 882//882 891//891
f 299//299 140//140 284//284
f 301//301 299//299 286//286
