# Created by Open3D 
# object name: cluster13
# number of vertices: 1641
# number of triangles: 2911
v -2.857 -1.2015 -0.58527
vn 0.648342 0.10567 0.75398
v -2.856 -1.2015 -0.58613
vn 0.840477 0.146593 0.52164
v -2.8607 -1.1788 -0.58527
vn 0.818667 0.188922 0.542303
v -2.856 -1.1788 -0.59269
vn 0.847832 0.207353 0.488043
v -2.8672 -1.1561 -0.58527
vn 0.840293 0.154365 0.519692
v -2.856 -1.1561 -0.60695
vn 0.861717 0.245142 0.44424
v -2.843 -1.2015 -0.60798
vn 0.850165 0.146174 0.505819
v -2.6517 -1.1875 -0.60798
vn 0.260442 -0.607695 0.750251
v -2.629 -1.2015 -0.6272
vn 0.260442 -0.607695 0.750251
v -2.6314 -1.1788 -0.60798
vn 0.260442 -0.607695 0.750251
v -2.7246 -0.8836 -0.92585
vn 0.00608696 0.582473 -0.812827
v -2.7425 -0.86089 -0.90971
vn 0.00608696 0.582473 -0.812827
v -2.7198 -0.86089 -0.90954
vn 0.00608696 0.582473 -0.812827
v -2.8666 -0.86089 -0.78962
vn -0.348196 0.906046 -0.240498
v -2.8787 -0.87125 -0.81232
vn -0.349228 0.90873 -0.228581
v -2.8787 -0.86554 -0.78962
vn -0.348196 0.906046 -0.240498
v -2.8787 -0.86089 -0.77329
vn -0.292363 0.924533 -0.244464
v -2.856 -0.85431 -0.76691
vn -0.215066 0.962915 -0.162913
v -2.8787 -0.85938 -0.76691
vn -0.234168 0.958909 -0.160182
v -2.9014 -0.87173 -0.76691
vn -0.375482 0.889765 -0.259484
v -2.9014 -0.86511 -0.74421
vn -0.377378 0.894258 -0.240601
v -2.8914 -0.86089 -0.74421
vn -0.356848 0.91386 -0.1937
v -2.8787 -0.85597 -0.74421
vn -0.262172 0.950938 -0.164264
v -2.8824 -0.86089 -0.76691
vn -0.361374 0.921718 -0.140868
v -2.9014 -0.86089 -0.72662
vn -0.343895 0.914828 -0.211721
v -2.8787 -0.85151 -0.7215
vn -0.245144 0.951252 -0.18715
v -2.9014 -0.85931 -0.7215
vn -0.311949 0.907855 -0.280156
v -2.856 -0.84817 -0.7215
vn -0.0261916 0.965794 -0.257983
v -2.856 -0.85185 -0.74421
vn -0.159666 0.97169 -0.174143
v -2.856 -0.83972 -0.6988
vn 0.078298 0.975321 -0.206444
v -2.8333 -0.84183 -0.6988
vn 0.166624 0.975628 -0.142778
v -2.6971 -0.83846 -0.83503
vn -0.202095 0.972911 -0.112262
v -2.6971 -0.83819 -0.83269
vn -0.202095 0.972911 -0.112262
v -2.6958 -0.83819 -0.83503
vn -0.202095 0.972911 -0.112262
v -2.856 -1.1512 -0.60798
vn 0.886272 0.0649347 0.45859
v -2.869 -1.1334 -0.58527
vn 0.845689 0.0469966 0.531602
v -2.857 -1.1334 -0.60798
vn 0.881455 0.0781611 0.465756
v -2.8596 -1.1106 -0.60798
vn 0.905912 0.0968271 0.412248
v -2.8691 -1.1106 -0.58527
vn 0.901707 0.0902159 0.422831
v -2.8787 -1.1334 -0.5751
vn 0.723614 0.0059911 0.690178
v -2.8787 -1.1561 -0.57481
vn 0.697041 0.032212 0.716308
v -2.8556 -1.1561 -0.60798
vn 0.929545 0.0758489 0.360823
v -2.8642 -1.0879 -0.60798
vn 0.930216 0.116104 0.348163
v -2.8722 -1.0879 -0.58527
vn 0.929218 0.0941475 0.357336
v -2.865 -1.0652 -0.60798
vn 0.92192 0.0487342 0.384301
v -2.8752 -1.0652 -0.58527
vn 0.892816 0.0779311 0.443628
v -2.8648 -1.0425 -0.60798
vn 0.866453 0.0911232 0.490872
v -2.8783 -1.0425 -0.58527
vn 0.855483 0.118295 0.504138
v -2.8787 -1.0399 -0.58527
vn 0.84556 0.146758 0.513313
v -2.8787 -1.0198 -0.59107
vn 0.838683 0.133164 0.52809
v -2.8826 -1.0198 -0.58527
vn 0.822713 0.130772 0.55321
v -2.8677 -1.0198 -0.60798
vn 0.831718 0.124628 0.54103
v -2.8787 -1.0425 -0.58437
vn 0.906749 0.123826 0.40308
v -2.8855 -0.99712 -0.58527
vn 0.854688 0.0963478 0.510123
v -2.8787 -0.99712 -0.59703
vn 0.856076 0.0976555 0.50754
v -2.8716 -0.99712 -0.60798
vn 0.831894 0.127184 0.540164
v -2.887 -0.97442 -0.58527
vn 0.872593 0.0105148 0.488334
v -2.8787 -0.97442 -0.60074
vn 0.879923 0.0327566 0.473986
v -2.6517 -1.0879 -0.61631
vn 0.241073 0.0614421 0.96856
v -2.6517 -1.1106 -0.61589
vn 0.0873135 0.0184273 0.99601
v -2.629 -1.1106 -0.61788
vn 0.293235 0.147525 0.94459
v -2.629 -1.0879 -0.62379
vn 0.46038 0.104273 0.881577
v -2.6517 -1.0652 -0.6143
vn 0.427177 -0.0171246 0.904006
v -2.629 -1.0652 -0.62665
vn 0.552526 0.0501093 0.831988
v -2.629 -1.0364 -0.63068
vn 0.734903 0.129648 0.665664
v -2.629 -1.0198 -0.6341
vn 0.853881 0.084627 0.513542
v -2.631 -1.0198 -0.63068
vn 0.859565 0.0919084 0.502694
v -2.6517 -1.0425 -0.61216
vn 0.55519 0.030504 0.831164
v -2.629 -1.0425 -0.62954
vn 0.628116 0.107109 0.770713
v -2.6332 -0.99712 -0.63068
vn 0.755365 0.0586494 0.652675
v -2.629 -0.99712 -0.6375
vn 0.853402 0.0682079 0.516771
v -2.6348 -0.97442 -0.63068
vn 0.742503 0.0349741 0.668929
v -2.629 -0.97442 -0.64049
vn 0.859621 0.0523936 0.508239
v -2.6517 -0.97442 -0.6143
vn 0.705447 0.00709686 0.708727
v -2.6517 -0.99712 -0.61429
vn 0.679123 0.024096 0.733629
v -2.8333 -0.84437 -0.67609
vn 0.368377 0.923916 0.103335
v -2.8488 -0.83819 -0.67609
vn 0.179671 0.983511 -0.0205794
v -2.856 -0.83819 -0.67612
vn 0.000280269 0.997732 -0.0673068
v -2.8893 -0.86089 -0.60798
vn 0.888257 0.408319 0.210418
v -2.9014 -0.83819 -0.61777
vn 0.813475 0.533498 0.2316
v -2.9014 -0.84244 -0.60798
vn 0.823744 0.540233 0.172028
v -2.8862 -0.95171 -0.58527
vn 0.87978 -0.0313057 0.47435
v -2.8787 -0.95171 -0.6013
vn 0.905734 -0.00839903 0.423764
v -2.8787 -0.92901 -0.59984
vn 0.924359 -0.00481546 0.381494
v -2.8845 -0.92901 -0.58527
vn 0.87607 -0.0173638 0.481872
v -2.8994 -0.95171 -0.56257
vn 0.864311 -0.0190366 0.502597
v -2.8992 -0.92901 -0.56257
vn 0.847708 -0.0136916 0.530286
v -2.8853 -0.9063 -0.58527
vn 0.903614 0.043988 0.426083
v -2.8787 -0.9063 -0.60237
vn 0.933505 0.0795583 0.349628
v -2.8872 -0.8836 -0.58527
vn 0.921458 0.221876 0.318884
v -2.8787 -0.88938 -0.60798
vn 0.936391 0.12133 0.32932
v -2.8797 -0.8836 -0.60798
vn 0.895322 0.333117 0.295688
v -2.8764 -0.9063 -0.60798
vn 0.918023 0.124791 0.376378
v -2.8933 -0.86089 -0.58527
vn 0.901316 0.342929 0.264629
v -2.8987 -0.8836 -0.56257
vn 0.867504 0.233013 0.43948
v -2.6358 -0.95171 -0.63068
vn 0.757651 0.0323797 0.651856
v -2.629 -0.95171 -0.64232
vn 0.849127 0.0482501 0.52598
v -2.6375 -0.92901 -0.63068
vn 0.780521 0.0489476 0.623211
v -2.629 -0.92901 -0.64374
vn 0.83728 0.0446964 0.544945
v -2.6517 -0.95171 -0.61397
vn 0.727611 0.0273181 0.685445
v -2.6517 -0.92901 -0.61527
vn 0.734689 0.0436485 0.676999
v -2.639 -0.9063 -0.63068
vn 0.780844 0.0515713 0.622593
v -2.6971 -0.82478 -0.67609
vn -0.331527 0.88122 0.336959
v -2.6971 -0.83346 -0.65339
vn -0.331527 0.88122 0.336959
v -2.6744 -0.82492 -0.65339
vn -0.331527 0.88122 0.336959
v -2.6744 -0.84199 -0.63068
vn -0.142001 0.52933 0.836448
v -2.6744 -0.83819 -0.63567
vn -0.264011 0.767351 0.584354
v -2.6971 -0.8498 -0.63068
vn -0.264011 0.767351 0.584354
v -2.629 -0.86089 -0.64873
vn 0.859173 0.0491767 0.509317
v -2.6397 -0.86089 -0.63068
vn 0.773379 0.128585 0.620766
v -2.6384 -0.8836 -0.63068
vn 0.791934 0.0664978 0.606975
v -2.6517 -0.86089 -0.61809
vn 0.515481 0.27721 0.810823
v -2.6517 -0.8836 -0.61435
vn 0.771215 0.10344 0.628115
v -2.6517 -0.83819 -0.62987
vn -0.058845 0.279778 0.95826
v -2.6495 -0.83819 -0.63068
vn 0.672972 0.187565 0.715491
v -2.6721 -0.83819 -0.63068
vn -0.0396714 0.015023 0.9991
v -2.6635 -0.81548 -0.63068
vn -0.0396714 0.015023 0.9991
v -2.6452 -0.81548 -0.63068
vn 0.676891 -0.128161 0.72484
v -2.6517 -0.81548 -0.62461
vn 0.676891 -0.128161 0.72484
v -2.6217 -1.0879 -0.63068
vn 0.67889 0.147464 0.719279
v -2.6253 -1.0652 -0.63068
vn 0.765808 0.0981282 0.635538
v -2.6115 -1.0425 -0.65339
vn 0.803013 0.103165 0.586964
v -2.6281 -1.0425 -0.63068
vn 0.802183 0.102902 0.588145
v -2.8658 -0.9063 -0.63068
vn 0.899284 0.122244 0.419933
v -2.8662 -0.8836 -0.63068
vn 0.799955 0.343032 0.492342
v -2.8787 -0.8836 -0.61037
vn 0.815404 0.343217 0.466174
v -2.8787 -0.83819 -0.65419
vn 0.402556 0.852696 0.332953
v -2.8787 -0.83853 -0.65339
vn 0.339336 0.716952 0.608959
v -2.856 -0.84922 -0.65339
vn 0.337879 0.717483 0.609144
v -2.8793 -0.83819 -0.65339
vn 0.548027 0.724962 0.417248
v -2.9014 -0.82773 -0.65339
vn 0.485659 0.829701 0.275193
v -2.8787 -0.85815 -0.63068
vn 0.570483 0.642002 0.512232
v -2.8964 -0.83819 -0.63068
vn 0.644682 0.666943 0.373593
v -2.8787 -0.86089 -0.62783
vn 0.8086 0.36274 0.463234
v -2.9014 -0.8327 -0.63068
vn 0.72528 0.660561 0.193978
v -2.8755 -0.92901 -0.60798
vn 0.927767 0.0390565 0.371111
v -2.6062 -1.0619 -0.65339
vn 0.7614 0.18456 0.621456
v -2.6062 -1.0652 -0.65241
vn 0.7614 0.18456 0.621456
v -2.6054 -1.0652 -0.65339
vn 0.7614 0.18456 0.621456
v -2.856 -0.83819 -0.67029
vn 0.361436 0.780812 0.509605
v -2.7198 -0.83826 -0.78962
vn -0.09922 0.992538 -0.070874
v -2.7198 -0.83819 -0.78864
vn -0.09922 0.992538 -0.070874
v -2.7191 -0.83819 -0.78962
vn -0.09922 0.992538 -0.070874
v -2.7425 -0.83829 -0.76691
vn -0.0827909 0.993886 -0.0730485
v -2.7425 -0.83819 -0.76555
vn -0.0827909 0.993886 -0.0730485
v -2.7413 -0.83819 -0.76691
vn -0.0827909 0.993886 -0.0730485
v -2.6288 -0.83819 -0.83503
vn 0.442481 0.884961 -0.145101
v -2.629 -0.83819 -0.83564
vn 0.442481 0.884961 -0.145101
v -2.629 -0.83809 -0.83503
vn 0.442481 0.884961 -0.145101
v -2.6971 -0.83819 -0.64727
vn -0.292883 0.765332 0.573137
v -2.7652 -1.2696 -0.72621
vn -0.0191044 -0.867407 -0.497232
v -2.7652 -1.2723 -0.7215
vn -0.0634934 -0.91421 -0.400237
v -2.7879 -1.2718 -0.7215
vn -0.0191044 -0.867407 -0.497232
v -2.7652 -1.2816 -0.6988
vn -0.0731766 -0.922871 -0.378093
v -2.7879 -1.2798 -0.6988
vn -0.0731766 -0.922871 -0.378093
v -2.7425 -1.2242 -0.75643
vn 0.215844 -0.446852 -0.868179
v -2.7425 -1.2469 -0.74483
vn 0.244089 -0.441278 -0.863536
v -2.7652 -1.2469 -0.75122
vn 0.243144 -0.441386 -0.863747
v -2.7404 -1.2469 -0.74421
vn 0.189024 -0.451847 -0.87184
v -2.7198 -1.2386 -0.74421
vn 0.18248 -0.452907 -0.872684
v -2.9014 -1.1561 -0.93599
vn 0.0637422 -0.117296 0.991049
v -2.9014 -1.1788 -0.94047
vn 0.0652245 -0.201697 0.977274
v -2.8787 -1.1561 -0.9373
vn 0.0604447 -0.157362 0.985689
v -2.8787 -1.1788 -0.94219
vn 0.0763341 -0.223723 0.971659
v -2.856 -1.1561 -0.93861
vn 0.0662012 -0.169654 0.983278
v -2.856 -1.1788 -0.94451
vn 0.0900284 -0.261618 0.960963
v -2.8333 -1.1561 -0.94022
vn 0.068425 -0.210797 0.975132
v -2.8333 -1.1788 -0.94696
vn 0.0808184 -0.283703 0.9555
v -2.8106 -1.1788 -0.94835
vn 0.0565996 -0.282658 0.957549
v -2.8106 -1.1561 -0.94168
vn 0.0483023 -0.211849 0.976108
v -2.7425 -1.22 -0.99397
vn -0.113848 -0.552535 0.825677
v -2.7425 -1.2015 -0.98159
vn -0.0699246 -0.66078 0.747315
v -2.7652 -1.2167 -0.99397
vn -0.0601206 -0.574862 0.816039
v -2.7652 -1.2015 -0.98261
vn -0.0311765 -0.719478 0.693815
v -2.7288 -1.2242 -0.99397
vn -0.113849 -0.527767 0.841725
v -2.7198 -1.2015 -0.9793
vn -0.0713211 -0.681925 0.727937
v -2.7652 -1.1948 -0.97126
vn 0.00541611 -0.81127 0.584646
v -2.7425 -1.1951 -0.97126
vn -0.0247738 -0.807836 0.588887
v -2.7198 -1.1963 -0.97126
vn -0.0446981 -0.790608 0.610689
v -2.8044 -1.1788 -0.94855
vn 0.0417432 -0.563225 0.825249
v -2.8106 -1.1979 -0.97126
vn 0.0715038 -0.772884 0.630506
v -2.7879 -1.1958 -0.97126
vn 0.0451537 -0.78552 0.617187
v -2.7879 -1.1788 -0.94912
vn 0.0223138 -0.791261 0.611071
v -2.7652 -1.1788 -0.94951
vn 0.00930053 -0.774267 0.632791
v -2.7879 -1.1778 -0.94855
vn 0.0122513 -0.2892 0.95719
v -2.7652 -1.1771 -0.94855
vn 0.00899079 -0.301934 0.953286
v -2.7879 -1.1561 -0.94252
vn 0.0249947 -0.234674 0.971753
v -2.7425 -1.1788 -0.94979
vn -0.00385393 -0.780192 0.625528
v -2.7198 -1.1788 -0.94948
vn -0.0305596 -0.776961 0.628806
v -2.7425 -1.1766 -0.94855
vn 0.00221441 -0.491208 0.87104
v -2.7198 -1.1772 -0.94855
vn -0.022716 -0.496913 0.867503
v -2.7086 -1.1788 -0.94855
vn -0.0958015 -0.770404 0.630317
v -2.6971 -1.1982 -0.97126
vn -0.182562 -0.780452 0.597968
v -2.6971 -1.1808 -0.94855
vn -0.17991 -0.769114 0.613267
v -2.6744 -1.1868 -0.94855
vn -0.202388 -0.765691 0.610538
v -2.6971 -1.1788 -0.94693
vn -0.145664 -0.622712 0.768773
v -2.6517 -1.188 -0.92585
vn -0.15248 -0.961476 0.228724
v -2.6517 -1.1934 -0.94855
vn -0.15248 -0.961476 0.228724
v -2.629 -1.1916 -0.92585
vn -0.15248 -0.961476 0.228724
v -2.629 -1.1938 -0.90314
vn -0.130113 -0.984559 -0.117105
v -2.629 -1.1965 -0.88044
vn -0.112922 -0.985958 -0.123027
v -2.6517 -1.1935 -0.88044
vn -0.129831 -0.982422 -0.134133
v -2.6517 -1.197 -0.85773
vn -0.080447 -0.9863 -0.144019
v -2.629 -1.1988 -0.85773
vn -0.0784998 -0.990005 -0.117163
v -2.6517 -1.2013 -0.83503
vn -0.031118 -0.985292 -0.168019
v -2.629 -1.2015 -0.83819
vn -0.0518812 -0.98684 -0.15315
v -2.6305 -1.2015 -0.83503
vn 0.0103694 -0.981919 -0.189017
v -2.6517 -1.2064 -0.81232
vn 0.0400591 -0.9776 -0.206623
v -2.6517 -1.2015 -0.83424
vn -0.00816484 -0.975667 -0.219106
v -2.629 -1.2057 -0.81232
vn 0.0303148 -0.983074 -0.180685
v -2.6517 -1.2122 -0.78962
vn 0.0881502 -0.964354 -0.249502
v -2.629 -1.2098 -0.78962
vn 0.0786816 -0.974166 -0.211681
v -2.7879 -1.2696 -0.72598
vn -0.00506295 -0.866206 -0.499661
v -2.7879 -1.2587 -0.74421
vn -0.00519986 -0.858269 -0.513173
v -2.7198 -1.2242 -0.75576
vn 0.147221 -0.618868 -0.771575
v -2.6971 -1.2332 -0.74421
vn 0.147953 -0.621943 -0.768958
v -2.6517 -1.2186 -0.76691
vn 0.0851064 -0.949345 -0.302492
v -2.6744 -1.2182 -0.76691
vn -0.0165982 -0.941795 -0.335776
v -2.629 -1.2147 -0.76691
vn 0.143287 -0.956663 -0.253506
v -2.6744 -1.2242 -0.75484
vn -0.0157797 -0.895351 -0.445082
v -2.645 -1.2242 -0.74421
vn 0.162491 -0.94577 -0.281277
v -2.7198 -1.2469 -0.7374
vn 0.149204 -0.627205 -0.764429
v -2.9014 -1.1334 -0.9342
vn 0.0672593 -0.0784318 0.994648
v -2.9241 -1.1561 -0.93423
vn 0.0770615 -0.078376 0.993941
v -2.856 -1.1334 -0.93654
vn 0.0508243 -0.0906954 0.994581
v -2.8333 -1.1334 -0.93755
vn 0.0552421 -0.108006 0.992614
v -2.8106 -1.1334 -0.93872
vn 0.0504893 -0.124987 0.990873
v -2.9468 -1.2242 -0.98506
vn -0.0341813 -0.677755 0.734493
v -2.9468 -1.2091 -0.97126
vn 0.0500757 -0.929715 0.364859
v -2.9014 -1.2242 -0.98791
vn 0.059769 -0.661817 0.747279
v -2.9014 -1.2054 -0.97126
vn 0.0681225 -0.781158 0.620605
v -2.9241 -1.2079 -0.97126
vn 0.0893917 -0.825464 0.557331
v -2.8787 -1.2038 -0.97126
vn 0.0518618 -0.781063 0.622294
v -2.9468 -1.202 -0.94855
vn 0.139328 -0.907047 0.397309
v -2.9468 -1.2015 -0.9482
vn 0.0896497 -0.441096 0.892971
v -2.9442 -1.2015 -0.94855
vn 0.10871 -0.76413 0.635836
v -2.9241 -1.2015 -0.955
vn 0.114096 -0.911813 0.394435
v -2.9014 -1.2015 -0.96107
vn 0.0981663 -0.894713 0.435719
v -2.9468 -1.1788 -0.93709
vn 0.0714733 -0.340895 0.93738
v -2.9468 -1.1561 -0.93228
vn 0.0688672 -0.211182 0.975018
v -2.9241 -1.198 -0.94855
vn 0.0855765 -0.53679 0.839365
v -2.9014 -1.1945 -0.94855
vn 0.0905401 -0.642095 0.76126
v -2.9241 -1.1788 -0.93876
vn 0.0703956 -0.345362 0.935826
v -2.8787 -1.2015 -0.9649
vn 0.0927679 -0.869295 0.48551
v -2.856 -1.2015 -0.96814
vn 0.0917869 -0.834184 0.543794
v -2.8787 -1.1917 -0.94855
vn 0.0973091 -0.692753 0.71458
v -2.856 -1.1876 -0.94855
vn 0.127091 -0.723435 0.678594
v -2.8416 -1.2015 -0.97126
vn 0.160578 -0.79325 0.587341
v -2.8333 -1.1824 -0.94855
vn 0.133291 -0.705749 0.69581
v -2.8106 -1.1792 -0.94855
vn 0.0923804 -0.737306 0.669213
v -2.7652 -1.2558 -0.74421
vn 0.185865 -0.74009 -0.646314
v -2.7425 -1.2477 -0.74421
vn 0.239641 -0.691074 -0.681902
v -2.7462 -1.2696 -0.7215
vn 0.162824 -0.832795 -0.529094
v -2.7425 -1.2687 -0.7215
vn 0.236231 -0.716682 -0.656172
v -2.7198 -1.261 -0.7215
vn 0.284296 -0.757327 -0.587905
v -2.7425 -1.2796 -0.6988
vn 0.144914 -0.926188 -0.348104
v -2.7425 -1.2696 -0.72019
vn 0.238231 -0.857215 -0.456539
v -2.7198 -1.2696 -0.70795
vn 0.244623 -0.863659 -0.440742
v -2.7198 -1.2735 -0.6988
vn 0.239982 -0.893043 -0.380636
v -2.6971 -1.2469 -0.72713
vn 0.299741 -0.740632 -0.601348
v -2.6971 -1.2508 -0.7215
vn 0.350115 -0.801026 -0.485568
v -2.6876 -1.2469 -0.7215
vn 0.294748 -0.819367 -0.491693
v -2.7093 -1.2696 -0.6988
vn 0.357335 -0.804581 -0.474301
v -2.6971 -1.2643 -0.6988
vn 0.368066 -0.805029 -0.465248
v -2.6744 -1.2532 -0.6988
vn 0.367197 -0.819042 -0.440837
v -2.6744 -1.2469 -0.71222
vn 0.310248 -0.840394 -0.444391
v -2.6744 -1.2298 -0.74421
vn 0.214327 -0.873932 -0.436241
v -2.6517 -1.2242 -0.74889
vn 0.118275 -0.930076 -0.347806
v -2.6517 -1.2258 -0.74421
vn 0.165621 -0.939914 -0.298549
v -2.6744 -1.2417 -0.7215
vn 0.325224 -0.833967 -0.44579
v -2.6517 -1.2329 -0.7215
vn 0.26447 -0.881938 -0.39018
v -2.856 -1.2632 -0.65339
vn -0.236377 -0.958167 0.161378
v -2.8333 -1.2696 -0.65814
vn -0.236377 -0.958167 0.161378
v -2.8333 -1.2688 -0.65339
vn -0.236377 -0.958167 0.161378
v -2.8787 -1.2376 -0.60798
vn -0.304257 -0.88335 0.356539
v -2.8783 -1.2469 -0.63068
vn -0.304257 -0.88335 0.356539
v -2.856 -1.2469 -0.61165
vn -0.304257 -0.88335 0.356539
v -2.7879 -1.2824 -0.67609
vn -0.0935101 -0.987324 -0.12825
v -2.7652 -1.2849 -0.67609
vn -0.0261473 -0.989269 -0.143749
v -2.7425 -1.2836 -0.67609
vn 0.0715816 -0.984797 -0.158276
v -2.6517 -0.80834 -0.65339
vn 0.96293 0.136403 -0.232723
v -2.6517 -0.79278 -0.64427
vn 0.877881 0.0882585 -0.470676
v -2.6417 -0.79278 -0.63068
vn 0.960945 -0.236594 -0.143552
v -2.6517 -0.80725 -0.60798
vn 0.47618 -0.83606 0.2725
v -2.6416 -0.79278 -0.60798
vn 0.819995 -0.572359 -0.00361722
v -2.6517 -0.799 -0.58527
vn -0.315235 -0.89198 0.324035
v -2.6693 -0.79278 -0.58527
vn -0.315235 -0.89198 0.324035
v -2.6517 -0.77007 -0.63503
vn 0.782999 0.234422 -0.576159
v -2.7425 -0.72121 -0.58527
vn 0.0351396 -0.758526 -0.650695
v -2.7475 -0.70196 -0.60798
vn 0.0351396 -0.758526 -0.650695
v -2.7425 -0.70196 -0.60771
vn 0.0438164 -0.66963 -0.741401
v -2.7198 -0.70196 -0.60632
vn 0.0479154 -0.620783 -0.782517
v -2.7346 -0.71209 -0.59919
vn 0.0479154 -0.620783 -0.782517
v -2.6715 -1.2015 -0.97126
vn -0.117861 -0.715886 0.688198
v -2.6744 -1.2015 -0.97213
vn -0.246751 -0.512374 0.822549
v -2.6744 -1.2242 -0.98627
vn -0.117219 -0.537294 0.83521
v -2.6517 -1.2051 -0.97126
vn -0.0689523 -0.657736 0.750086
v -2.6517 -1.2015 -0.96648
vn -0.0360801 -0.904441 0.42507
v -2.629 -1.2034 -0.97126
vn 0.109963 -0.861373 0.495929
v -2.629 -1.2015 -0.96796
vn 0.0393108 -0.905991 0.421467
v -2.629 -1.1943 -0.94855
vn -0.0182086 -0.95772 0.287126
v -2.6235 -1.2015 -0.97126
vn 0.286805 -0.83022 0.477993
v -2.6062 -1.1788 -0.91293
vn 0.510914 -0.85186 -0.115329
v -2.6062 -1.181 -0.90314
vn 0.485186 -0.864237 -0.133
v -2.6062 -1.1838 -0.88044
vn 0.501341 -0.85761 -0.114726
v -2.6062 -1.1873 -0.85773
vn 0.549117 -0.825631 -0.129625
v -2.6007 -1.1788 -0.88044
vn 0.661943 -0.740397 -0.116804
v -2.5966 -1.1788 -0.85773
vn 0.658764 -0.744011 -0.111704
v -2.6267 -1.2015 -0.83503
vn 0.419665 -0.886914 -0.193042
v -2.6062 -1.1918 -0.83503
vn 0.484189 -0.860474 -0.158574
v -2.593 -1.1788 -0.83503
vn 0.680636 -0.72179 -0.125517
v -2.6171 -1.2015 -0.81232
vn 0.443553 -0.884196 -0.146487
v -2.6103 -1.2015 -0.78962
vn 0.446606 -0.884836 -0.132697
v -2.6062 -1.1952 -0.81232
vn 0.503805 -0.852838 -0.137286
v -2.6062 -1.1988 -0.78962
vn 0.544114 -0.826237 -0.145849
v -2.6062 -1.2015 -0.77663
vn 0.44428 -0.885076 -0.138763
v -2.6062 -1.2035 -0.76691
vn 0.576159 -0.80663 -0.131866
v -2.6034 -1.2015 -0.76691
vn 0.605859 -0.787295 -0.114462
v -2.6062 -1.2068 -0.74421
vn 0.616469 -0.782816 -0.0846449
v -2.5996 -1.2015 -0.74421
vn 0.631334 -0.772841 -0.0643004
v -2.6062 -1.2083 -0.7215
vn 0.589286 -0.804596 -0.0732594
v -2.5981 -1.2015 -0.7215
vn 0.639405 -0.765612 -0.0707085
v -2.6062 -1.2107 -0.6988
vn 0.58538 -0.80618 -0.0860479
v -2.629 -1.2242 -0.70823
vn 0.534434 -0.840525 -0.0888678
v -2.5951 -1.2015 -0.6988
vn 0.635875 -0.767203 -0.0840371
v -2.5835 -1.1794 -0.7215
vn 0.948298 -0.315785 -0.0317892
v -2.5835 -1.1788 -0.72746
vn 0.948298 -0.315785 -0.0317892
v -2.5833 -1.1788 -0.7215
vn 0.948298 -0.315785 -0.0317892
v -2.7652 -0.9283 -0.67609
vn -0.273721 -0.0855354 0.957998
v -2.7652 -0.9063 -0.67704
vn -0.163495 0.00353035 0.986538
v -2.7879 -0.9063 -0.68033
vn -0.258864 -0.104057 0.960293
v -2.7879 -0.92901 -0.68558
vn -0.37161 -0.209108 0.904533
v -2.7652 -0.90256 -0.67609
vn -0.139107 -0.243793 0.959799
v -2.7628 -0.9063 -0.67609
vn -0.367755 0.0401174 0.929057
v -2.8333 -0.71599 -0.58527
vn 0.100444 -0.820168 -0.563237
v -2.8333 -0.70196 -0.6057
vn 0.100444 -0.820168 -0.563237
v -2.8106 -0.71321 -0.58527
vn 0.100444 -0.820168 -0.563237
v -2.856 -0.72338 -0.58527
vn 0.138507 -0.42545 -0.89432
v -2.856 -0.70196 -0.59546
vn 0.138507 -0.42545 -0.89432
v -2.7879 -0.71289 -0.60798
vn -0.0702727 -0.996999 -0.0324866
v -2.7879 -0.71363 -0.58527
vn -0.0702727 -0.996999 -0.0324866
v -2.7652 -0.71641 -0.58527
vn -0.121493 -0.992066 -0.0323258
v -2.6634 -0.9063 -0.60798
vn 0.428178 -0.0620316 0.901563
v -2.6517 -0.9063 -0.61618
vn 0.698494 -0.0498548 0.713877
v -2.6604 -0.8836 -0.60798
vn 0.470374 0.0159849 0.882323
v -2.6971 -0.91401 -0.60798
vn -0.0648281 -0.287539 0.955572
v -2.6744 -0.9063 -0.60412
vn 0.0134484 -0.103652 0.994523
v -2.6971 -0.9063 -0.60566
vn -0.0669796 -0.144149 0.987287
v -2.6971 -0.8836 -0.60354
vn -0.0515958 0.0141871 0.998567
v -2.6744 -0.8836 -0.60261
vn 0.119311 0.114791 0.986199
v -2.6971 -0.87199 -0.60798
vn -0.0599172 0.320161 0.945466
v -2.6744 -0.86624 -0.60798
vn 0.0930806 0.294235 0.95119
v -2.609 -0.95171 -0.92585
vn 0.446416 0.0511079 -0.893365
v -2.6062 -0.97442 -0.92575
vn 0.446416 0.0511079 -0.893365
v -2.6064 -0.97442 -0.92585
vn 0.446416 0.0511079 -0.893365
v -2.9177 -0.95171 -0.97126
vn -0.5634 0.630051 0.53443
v -2.9241 -0.95171 -0.97766
vn -0.550007 0.628488 0.549996
v -2.9241 -0.95718 -0.97126
vn -0.544829 0.637443 0.544819
v -2.9014 -0.93672 -0.97126
vn -0.580956 0.631726 0.513238
v -2.9014 -0.92901 -0.98075
vn -0.565728 0.629094 0.533098
v -2.823 -0.9063 -0.92585
vn 0.018184 0.53062 -0.847415
v -2.8333 -0.8836 -0.91243
vn 0.0397911 0.521822 -0.852126
v -2.8106 -0.8836 -0.91137
vn 0.018184 0.53062 -0.847415
v -2.8106 -0.90581 -0.92585
vn -0.0215769 0.546014 -0.837498
v -2.8925 -0.8836 -0.83503
vn -0.574066 0.813449 -0.0935294
v -2.8962 -0.8836 -0.81232
vn -0.572082 0.810638 -0.124856
v -2.9014 -0.8836 -0.79425
vn -0.576663 0.792254 -0.199484
v -2.9014 -0.88175 -0.78962
vn -0.547938 0.767321 -0.333141
v -2.9051 -0.86089 -0.7215
vn -0.462135 0.796564 -0.389765
v -2.9241 -0.87213 -0.7215
vn -0.505374 0.803272 -0.3152
v -2.9241 -0.88167 -0.74421
vn -0.558096 0.765017 -0.321368
v -2.924 -0.86089 -0.6988
vn -0.470828 0.790395 -0.391916
v -2.9014 -0.84735 -0.6988
vn -0.35971 0.809662 -0.463742
v -2.8787 -0.84037 -0.6988
vn -0.144478 0.893859 -0.424432
v -2.9138 -0.83819 -0.67609
vn -0.360549 0.856237 -0.369949
v -2.9014 -0.83819 -0.68543
vn -0.195343 0.885138 -0.422341
v -2.9241 -0.84604 -0.67609
vn -0.448293 0.746849 -0.491172
v -2.9241 -0.86089 -0.69867
vn -0.448474 0.747159 -0.490536
v -2.9014 -0.83346 -0.67609
vn -0.22581 0.907871 -0.353242
v -2.8787 -0.83819 -0.6959
vn -0.0226386 0.957357 -0.288018
v -2.8787 -0.83346 -0.67609
vn 0.0380292 0.959778 -0.278173
v -2.6971 -0.86089 -0.61678
vn -0.562228 0.513756 0.648039
v -2.7198 -0.8836 -0.61847
vn -0.560735 0.500141 0.659876
v -2.707 -0.8836 -0.60798
vn -0.557621 0.475496 0.680413
v -2.6744 -0.71099 -0.60798
vn 0.530163 0.711382 -0.46137
v -2.6744 -0.72466 -0.6179
vn 0.224384 0.592704 -0.773534
v -2.6971 -0.72466 -0.61498
vn -0.103552 0.58417 -0.804998
v -2.6517 -0.72504 -0.60798
vn 0.329833 0.596242 -0.731919
v -2.6517 -0.74737 -0.6263
vn 0.329063 0.59895 -0.730053
v -2.6521 -0.72466 -0.60798
vn 0.480773 0.781572 -0.397494
v -2.6517 -0.77007 -0.57216
vn 0.14639 0.0204766 0.989015
v -2.6517 -0.74737 -0.57263
vn 0.419901 0.185459 0.888419
v -2.6744 -0.74737 -0.56927
vn 0.052889 -0.0350156 0.997986
v -2.6744 -0.72466 -0.56784
vn 0.299451 0.27777 0.912783
v -2.6971 -0.72466 -0.57095
vn -0.105433 -0.00540231 0.994412
v -2.6971 -0.70196 -0.57148
vn 0.113602 0.437745 0.891893
v -2.7198 -0.70196 -0.57248
vn 0.0131551 0.557874 0.829822
v -2.6744 -0.70196 -0.58243
vn 0.378892 0.622022 0.685222
v -2.6428 -0.74737 -0.58527
vn 0.846216 0.322007 0.424535
v -2.6517 -0.72466 -0.58997
vn 0.662637 0.728059 -0.17562
v -2.6515 -0.72466 -0.58527
vn 0.932981 0.359925 0
v -2.6517 -0.7243 -0.58527
vn 0.583479 0.548945 0.598509
v -2.6726 -0.70196 -0.58527
vn 0.760305 0.622712 0.184842
v -2.6744 -0.70196 -0.60528
vn 0.3841 0.918876 -0.0901879
v -2.6517 -0.72466 -0.58487
vn 0.637677 0.369583 0.675852
v -2.7425 -0.68358 -0.58527
vn 0.178449 0.936039 -0.303293
v -2.7652 -0.69901 -0.60798
vn 0.121902 0.731405 -0.67096
v -2.7198 -0.68863 -0.58527
vn 0.136725 0.990609 0
v -2.7425 -0.70196 -0.57163
vn 0.0852879 0.637921 0.765364
v -2.6971 -0.69197 -0.58527
vn 0.175477 0.984404 0.0124871
v -2.6971 -0.70196 -0.60517
vn 0.12656 0.934469 -0.332792
v -2.6744 -0.70064 -0.58527
vn 0.214061 0.953162 -0.213683
v -2.6062 -0.97565 -0.92585
vn 0.445824 0.0725036 -0.89218
v -2.7652 -0.70196 -0.60943
vn 0.0733222 0.439931 -0.895034
v -2.6517 -1.1565 -0.60798
vn 0.00128524 0.0442073 0.999022
v -2.6517 -1.1561 -0.60838
vn -0.40124 0.344823 0.848589
v -2.6657 -1.1788 -0.60798
vn -0.631036 0.400888 0.66414
v -2.6744 -1.1561 -0.62979
vn -0.628955 0.399652 0.666854
v -2.629 -1.1788 -0.60927
vn 0.645262 -0.0289215 0.763414
v -2.629 -1.1561 -0.60841
vn 0.444885 0.0902224 0.891032
v -2.6062 -1.1561 -0.62842
vn 0.65937 0.0277538 0.751306
v -2.9468 -0.95171 -0.98879
vn -0.22451 0.359231 0.905841
v -2.9241 -0.92901 -0.99123
vn -0.368399 0.477017 0.797958
v -2.8903 -0.92901 -0.97126
vn -0.474536 0.683184 0.555044
v -2.629 -1.1334 -0.61287
vn 0.527705 0.177537 0.830667
v -2.6078 -1.1334 -0.63068
vn 0.632777 0.1796 0.753218
v -2.6062 -1.1409 -0.63068
vn 0.644312 0.133734 0.752979
v -2.6148 -1.1106 -0.63068
vn 0.666356 0.193675 0.720041
v -2.6062 -1.1106 -0.64114
vn 0.739867 0.210812 0.638871
v -2.6062 -1.0879 -0.64813
vn 0.732485 0.200351 0.650635
v -2.8829 -0.92901 -0.94855
vn -0.550085 0.815645 0.179245
v -2.9014 -0.9415 -0.94855
vn -0.550474 0.815355 0.179371
v -2.8787 -0.9212 -0.97126
vn -0.549465 0.816108 0.179042
v -2.7198 -0.8904 -0.94855
vn -0.371846 0.880397 -0.294332
v -2.7198 -0.8836 -0.92821
vn -0.371846 0.880397 -0.294332
v -2.7037 -0.8836 -0.94855
vn -0.371846 0.880397 -0.294332
v -2.6517 -1.1334 -0.61429
vn -0.0616035 0.162542 0.984777
v -2.8333 -0.68669 -0.58527
vn -0.260728 0.773282 -0.577976
v -2.8106 -0.68188 -0.58527
vn -0.193877 0.738318 -0.645986
v -2.8106 -0.70175 -0.60798
vn -0.193877 0.738318 -0.645986
v -2.8114 -0.70196 -0.60798
vn -0.193877 0.738318 -0.645986
v -2.7467 -1.2015 -0.6988
vn -0.503413 0.824168 0.259467
v -2.7584 -1.2015 -0.7215
vn -0.517221 0.817853 0.252188
v -2.7652 -1.2128 -0.6988
vn -0.517221 0.817853 0.252188
v -2.7652 -1.2062 -0.7215
vn -0.552983 0.800062 0.232618
v -2.8974 -0.9063 -0.99397
vn -0.139487 0.293668 0.945676
v -2.9014 -0.9063 -0.99456
vn -0.139487 0.293668 0.945676
v -2.9014 -0.9082 -0.99397
vn -0.139487 0.293668 0.945676
v -2.794 -0.8836 -0.99397
vn -0.0475411 0.644419 0.763194
v -2.7879 -0.8836 -0.99359
vn -0.0475411 0.644419 0.763194
v -2.7879 -0.88315 -0.99397
vn -0.0475411 0.644419 0.763194
v -2.6744 -1.1549 -0.63068
vn -0.683888 0.183821 0.70605
v -2.9241 -0.83819 -0.66441
vn -0.251504 0.905601 -0.341515
v -2.9241 -0.83249 -0.65339
vn -0.205185 0.978494 -0.0211764
v -2.7335 -0.8836 -0.63068
vn -0.615562 0.379532 0.69068
v -2.7198 -0.86138 -0.63068
vn -0.615562 0.379532 0.69068
v -2.8572 -0.70196 -0.56257
vn -0.517972 0.835838 0.181879
v -2.856 -0.70887 -0.56257
vn -0.00141552 -0.0433732 0.999058
v -2.856 -0.70196 -0.56227
vn -0.00267272 -0.0436464 0.999043
v -2.8333 -0.70274 -0.56257
vn 0.0115761 -0.0961707 0.995298
v -2.8333 -0.70196 -0.56219
vn 0.000864357 0.0141152 0.9999
v -2.8286 -0.70196 -0.56257
vn 0.548625 0.696318 0.462765
v -2.856 -0.70135 -0.56257
vn -0.455157 0.674664 0.581086
v -2.856 -0.69734 -0.58527
vn -0.492978 0.870038 -0.0025237
v -2.8634 -0.70196 -0.58527
vn -0.524131 0.839519 0.143157
v -2.8333 -0.68564 -0.56257
vn -0.178411 0.899341 0.399194
v -2.8106 -0.70196 -0.56508
vn -0.00749821 0.747935 0.663729
v -2.7329 -0.72466 -0.58527
vn 0.0323039 -0.50471 0.862685
v -2.7879 -0.68027 -0.58527
vn -0.00720435 0.959389 0.281995
v -2.7879 -0.69838 -0.60798
vn -0.0350438 0.772329 -0.634255
v -2.7652 -0.6805 -0.58527
vn 0.0621049 0.990757 -0.120598
v -2.7879 -0.70196 -0.56734
vn 0.0293446 0.661707 0.749188
v -2.7652 -0.70196 -0.56918
vn 0.0580774 0.60815 0.791695
v -2.7879 -1.2124 -0.7215
vn -0.0066088 0.999968 0.00440393
v -2.7879 -1.2123 -0.74421
vn -0.116632 0.992829 0.0262315
v -2.8106 -1.2065 -0.7215
vn 0.251547 0.967836 0.00426242
v -2.7652 -1.2046 -0.74421
vn -0.377826 0.923587 0.065071
v -2.7615 -1.2015 -0.74421
vn -0.594905 0.800845 0.0688139
v -2.6744 -1.1788 -0.61966
vn -0.774908 0.257583 0.577208
v -2.8466 -0.95171 -0.7215
vn 0.881249 -0.457087 0.1203
v -2.856 -0.97442 -0.73893
vn 0.881249 -0.457087 0.1203
v -2.8435 -0.95171 -0.74421
vn 0.881249 -0.457087 0.1203
v -2.6694 -1.1334 -0.63068
vn -0.678535 0.0514231 0.732766
v -2.8106 -1.2057 -0.74421
vn 0.606685 0.794449 0.0279863
v -2.8161 -1.2015 -0.74421
vn 0.728149 0.675155 0.118172
v -2.8189 -1.2015 -0.7215
vn 0.712402 0.695541 0.0933025
v -2.8333 -1.185 -0.7215
vn 0.766822 0.628988 0.127898
v -2.8333 -1.1788 -0.74228
vn 0.79197 0.585317 0.173746
v -2.8329 -1.1788 -0.74421
vn 0.792876 0.586802 0.164354
v -2.8221 -1.2015 -0.6988
vn 0.749213 0.653855 0.10561
v -2.7879 -1.2177 -0.6988
vn -0.0366899 0.960353 0.276361
v -2.8106 -1.2105 -0.6988
vn 0.272015 0.942717 0.193112
v -2.7652 -1.2218 -0.67609
vn -0.196751 0.911487 0.361221
v -2.7425 -1.2015 -0.69313
vn -0.50312 0.655402 0.563311
v -2.722 -1.2015 -0.67609
vn -0.447087 0.714707 0.537873
v -2.7425 -1.2136 -0.67609
vn -0.433645 0.734696 0.521702
v -2.7198 -1.1994 -0.67609
vn -0.583827 0.560768 0.587099
v -2.7198 -1.1788 -0.69586
vn -0.584679 0.566421 0.580791
v -2.7226 -1.1788 -0.6988
vn -0.558355 0.625582 0.544874
v -2.7425 -1.1965 -0.6988
vn -0.554951 0.623932 0.550216
v -2.7038 -1.1788 -0.67609
vn -0.665449 0.516855 0.538553
v -2.629 -0.82726 -0.7215
vn 0.405705 0.910758 -0.0769606
v -2.629 -0.82896 -0.74421
vn 0.473769 0.879423 -0.0464514
v -2.6517 -0.82581 -0.74421
vn 0.165076 0.980954 -0.102372
v -2.6517 -0.82277 -0.7215
vn 0.214167 0.969102 -0.122366
v -2.629 -0.82527 -0.6988
vn 0.480744 0.873719 -0.0741626
v -2.6517 -0.8192 -0.6988
vn 0.264944 0.957168 -0.116765
v -2.9241 -0.83733 -0.58527
vn -0.733018 0.639871 0.230758
v -2.9241 -0.82914 -0.60798
vn -0.733018 0.639871 0.230758
v -2.932 -0.83819 -0.60798
vn -0.733018 0.639871 0.230758
v -2.629 -0.82322 -0.67609
vn 0.521451 0.851904 -0.0484649
v -2.6517 -0.81651 -0.67609
vn 0.281016 0.950683 -0.131274
v -2.6517 -0.81548 -0.67186
vn 0.276042 0.933858 -0.227398
v -2.6094 -0.86089 -0.83503
vn 0.809641 0.581075 -0.0826692
v -2.6103 -0.86089 -0.81232
vn 0.883487 0.467046 -0.0363199
v -2.6234 -0.83819 -0.81232
vn 0.777019 0.621494 -0.0999389
v -2.6101 -0.86089 -0.78962
vn 0.931092 0.362314 -0.042371
v -2.6199 -0.83819 -0.78962
vn 0.814251 0.574448 -0.0836915
v -2.629 -0.83433 -0.81232
vn 0.561827 0.819031 -0.116356
v -2.629 -0.83162 -0.78962
vn 0.579572 0.811392 -0.0757652
v -2.6101 -0.86089 -0.76691
vn 0.956162 0.290643 0.035794
v -2.617 -0.83819 -0.76691
vn 0.89818 0.438824 -0.0265753
v -2.6118 -0.86089 -0.74421
vn 0.97303 0.227184 0.040001
v -2.6163 -0.83819 -0.74421
vn 0.885788 0.464046 0.0064237
v -2.629 -0.83027 -0.76691
vn 0.567807 0.821909 -0.045395
v -2.6136 -0.86089 -0.7215
vn 0.986946 0.155074 0.0434619
v -2.6167 -0.83819 -0.7215
vn 0.908921 0.416969 -2.92296e-05
v -2.6144 -0.86089 -0.6988
vn 0.993385 0.103568 0.0495904
v -2.6164 -0.83819 -0.6988
vn 0.927525 0.372322 0.0327588
v -2.6173 -0.86089 -0.67609
vn 0.993727 0.0569086 0.0962662
v -2.6179 -0.83819 -0.67609
vn 0.87864 0.474414 0.0540684
v -2.629 -0.82871 -0.65339
vn 0.795064 0.589529 0.142578
v -2.8106 -1.2469 -0.6412
vn -0.11996 -0.412522 0.903015
v -2.8243 -1.2696 -0.65339
vn -0.11996 -0.412522 0.903015
v -2.8106 -1.2696 -0.65157
vn -0.11996 -0.412522 0.903015
v -2.7198 -1.2242 -0.65749
vn -0.340033 0.576094 0.743299
v -2.9468 -0.9063 -0.99841
vn -0.103828 0.129401 0.986142
v -2.856 -0.86283 -0.88044
vn -0.523455 0.850461 -0.0520655
v -2.856 -0.86767 -0.90314
vn -0.483093 0.856634 -0.181104
v -2.8787 -0.87757 -0.88044
vn -0.529349 0.846783 -0.0524217
v -2.8333 -0.85966 -0.90314
vn -0.0852859 0.98702 -0.136077
v -2.8333 -0.86089 -0.90793
vn -0.0661698 0.961717 -0.265935
v -2.8415 -0.86089 -0.90314
vn -0.26911 0.95353 -0.135497
v -2.8106 -0.85822 -0.90314
vn -0.0504949 0.989473 -0.135622
v -2.8106 -0.86089 -0.91233
vn -0.0410655 0.950371 -0.308398
v -2.8516 -0.86089 -0.88044
vn -0.302495 0.952103 -0.0446818
v -2.8333 -0.8571 -0.88044
vn -0.106412 0.993706 -0.0349981
v -2.8106 -0.85653 -0.88044
vn -0.0514955 0.997408 -0.0502561
v -2.7879 -0.89707 -0.97126
vn -0.071716 0.857477 0.509499
v -2.8106 -0.90014 -0.97126
vn -0.113712 0.840809 0.529254
v -2.7652 -0.89517 -0.97126
vn -0.0579798 0.881426 0.468749
v -2.7652 -0.8836 -0.99242
vn -0.0490679 0.865576 0.498368
v -2.7425 -0.8941 -0.97126
vn -0.142687 0.956514 0.254404
v -2.7425 -0.8836 -0.9916
vn -0.0770902 0.885941 0.457346
v -2.7198 -0.8836 -0.98602
vn -0.112047 0.88299 0.455822
v -2.6971 -0.88098 -0.97126
vn -0.357678 0.850743 0.385102
v -2.6971 -0.8707 -0.99397
vn -0.357678 0.850743 0.385102
v -2.7023 -0.8836 -0.97126
vn -0.41715 0.827961 0.374789
v -2.6744 -0.87187 -0.97126
vn -0.325331 0.945391 -0.0198634
v -2.7198 -0.88987 -0.97126
vn -0.183142 0.982819 0.0229369
v -2.7425 -0.89547 -0.94855
vn -0.245465 0.955024 -0.166361
v -2.7425 -0.88973 -0.92585
vn -0.315095 0.9201 -0.232661
v -2.7879 -0.85692 -0.90314
vn -0.0333999 0.981431 -0.188884
v -2.7879 -0.86089 -0.91345
vn 0.0017413 0.933205 -0.35934
v -2.7652 -0.85682 -0.90314
vn -0.00547995 0.973941 -0.226736
v -2.7652 -0.86089 -0.91211
vn 0.0203347 0.918922 -0.393915
v -2.7879 -0.85482 -0.88044
vn -0.0726846 0.994898 -0.0699627
v -2.7652 -0.85268 -0.88044
vn -0.0682464 0.987684 -0.140797
v -2.7425 -0.85785 -0.90314
vn 0.00601623 0.959427 -0.281893
v -2.7198 -0.8582 -0.90314
vn -0.070739 0.943709 -0.323124
v -2.7425 -0.85143 -0.88044
vn -0.0498916 0.976234 -0.210898
v -2.7198 -0.85025 -0.88044
vn -0.112587 0.961428 -0.25096
v -2.6744 -0.85406 -0.92585
vn -0.262448 0.900647 -0.346347
v -2.6744 -0.86089 -0.94047
vn -0.242215 0.894273 -0.376307
v -2.693 -0.86089 -0.92585
vn -0.318533 0.867458 -0.38217
v -2.6645 -0.86089 -0.94855
vn -0.264558 0.909544 -0.32053
v -2.6517 -0.86669 -0.97126
vn -0.208351 0.913048 -0.350619
v -2.6744 -0.86563 -0.94855
vn -0.419159 0.875466 -0.240551
v -2.6517 -0.85978 -0.94855
vn -0.071899 0.829136 -0.554405
v -2.6517 -0.86089 -0.95021
vn -0.071899 0.829136 -0.554405
v -2.6517 -0.84977 -0.92585
vn -0.00176838 0.937975 -0.346698
v -2.6971 -0.86396 -0.92585
vn -0.293853 0.777925 -0.555413
v -2.6971 -0.86089 -0.92155
vn -0.267786 0.893555 -0.360348
v -2.6971 -0.85404 -0.90314
vn -0.238562 0.917033 -0.31959
v -2.6744 -0.84625 -0.90314
vn -0.246537 0.920252 -0.3039
v -2.6971 -0.84676 -0.88044
vn -0.229607 0.943336 -0.23958
v -2.6744 -0.83977 -0.88044
vn -0.315888 0.917812 -0.240492
v -2.6517 -0.84155 -0.90314
vn 0.263117 0.907719 -0.326826
v -2.629 -0.85629 -0.90314
vn 0.509086 0.804204 -0.306738
v -2.629 -0.86089 -0.91368
vn 0.531764 0.790192 -0.30467
v -2.6722 -0.83819 -0.88044
vn -0.203366 0.947551 -0.246554
v -2.6517 -0.83819 -0.89257
vn 0.202537 0.925466 -0.320142
v -2.629 -0.84754 -0.88044
vn 0.589328 0.769241 -0.246902
v -2.6424 -0.83819 -0.88044
vn 0.437297 0.879175 -0.189267
v -2.6517 -0.83509 -0.88044
vn -0.0392241 0.987021 -0.155729
v -2.8787 -0.87614 -0.85773
vn -0.509863 0.857781 -0.0652032
v -2.8854 -0.8836 -0.88044
vn -0.615342 0.784571 -0.0761814
v -2.8892 -0.8836 -0.85773
vn -0.566918 0.819974 -0.0790323
v -2.856 -0.86489 -0.85773
vn -0.434326 0.900628 0.0151614
v -2.8787 -0.87446 -0.83503
vn -0.451798 0.889695 -0.0657311
v -2.856 -0.86599 -0.83503
vn -0.322495 0.945733 -0.0398272
v -2.8459 -0.86089 -0.85773
vn -0.280557 0.957954 0.0601007
v -2.8333 -0.85762 -0.85773
vn -0.137228 0.990007 0.0324679
v -2.8106 -0.85641 -0.85773
vn -0.0659318 0.997795 -0.00761706
v -2.8397 -0.86089 -0.83503
vn -0.268414 0.963254 0.0097365
v -2.8333 -0.85914 -0.83503
vn -0.164704 0.986194 0.0171569
v -2.8106 -0.85603 -0.83503
vn -0.113407 0.993385 -0.0180019
v -2.856 -0.8635 -0.81232
vn -0.291766 0.946271 -0.139439
v -2.856 -0.86089 -0.80042
vn -0.219219 0.952324 -0.212186
v -2.856 -0.85831 -0.78962
vn -0.146904 0.970616 -0.190589
v -2.8451 -0.86089 -0.81232
vn -0.219807 0.96983 -0.10543
v -2.8333 -0.85841 -0.81232
vn -0.167466 0.983738 -0.0649274
v -2.8106 -0.85497 -0.81232
vn -0.123692 0.990979 -0.0515751
v -2.8333 -0.85585 -0.78962
vn -0.0945583 0.990007 -0.104617
v -2.8106 -0.85459 -0.78962
vn -0.104503 0.993992 -0.0325415
v -2.8333 -0.85439 -0.76691
vn -0.0130205 0.998442 -0.054262
v -2.8106 -0.8542 -0.76691
vn -0.115266 0.991694 -0.057072
v -2.8333 -0.85296 -0.74421
vn 0.00197104 0.993862 -0.110608
v -2.8106 -0.85204 -0.74421
vn -0.158916 0.974119 -0.160744
v -2.8333 -0.84912 -0.7215
vn -0.0154827 0.98311 -0.182357
v -2.8106 -0.84655 -0.7215
vn -0.230753 0.946379 -0.226097
v -2.7879 -0.85426 -0.85773
vn -0.118888 0.992196 -0.0375818
v -2.7652 -0.8506 -0.85773
vn -0.129229 0.988298 -0.0810348
v -2.7879 -0.85347 -0.83503
vn -0.149401 0.987317 -0.0537043
v -2.7652 -0.84913 -0.83503
vn -0.163543 0.983399 -0.0786118
v -2.7425 -0.84815 -0.85773
vn -0.104572 0.986375 -0.126999
v -2.7198 -0.8457 -0.85773
vn -0.140546 0.976644 -0.162523
v -2.7425 -0.84567 -0.83503
vn -0.13825 0.984217 -0.110473
v -2.7198 -0.84276 -0.83503
vn -0.160398 0.979745 -0.119888
v -2.7879 -0.85182 -0.81232
vn -0.1737 0.982883 -0.0613989
v -2.7652 -0.84722 -0.81232
vn -0.193082 0.97654 -0.0953381
v -2.7879 -0.85036 -0.78962
vn -0.213539 0.974994 -0.0615499
v -2.7652 -0.84455 -0.78962
vn -0.221515 0.969777 -0.102295
v -2.7425 -0.84299 -0.81232
vn -0.158497 0.98088 -0.112932
v -2.7198 -0.84009 -0.81232
vn -0.126549 0.986551 -0.103455
v -2.7425 -0.84047 -0.78962
vn -0.137547 0.985467 -0.0996777
v -2.6971 -0.84155 -0.85773
vn -0.195289 0.96697 -0.163804
v -2.6833 -0.83819 -0.85773
vn -0.263697 0.95104 -0.161204
v -2.6744 -0.83819 -0.87238
vn -0.223128 0.962511 -0.154229
v -2.629 -0.84225 -0.85773
vn 0.719294 0.678836 -0.14764
v -2.6357 -0.83819 -0.85773
vn 0.427092 0.894185 -0.134257
v -2.6744 -0.83541 -0.85773
vn -0.176883 0.973733 -0.143378
v -2.6744 -0.83243 -0.83503
vn -0.211621 0.969527 -0.123424
v -2.6517 -0.83201 -0.85773
vn 0.0553678 0.989043 -0.136851
v -2.6517 -0.82903 -0.83503
vn 0.105242 0.98652 -0.125309
v -2.7079 -0.83819 -0.81232
vn -0.192674 0.976648 -0.0950522
v -2.6971 -0.83542 -0.81232
vn -0.240527 0.966146 -0.0933181
v -2.6744 -0.82985 -0.81232
vn -0.199312 0.975999 -0.0877529
v -2.6971 -0.83403 -0.78962
vn -0.215083 0.975113 -0.0537941
v -2.6744 -0.82873 -0.78962
vn -0.174829 0.984423 -0.0185812
v -2.6517 -0.82651 -0.81232
vn 0.0863823 0.992834 -0.0825782
v -2.6517 -0.82528 -0.78962
vn 0.0891398 0.99576 -0.0227166
v -2.7879 -0.84905 -0.76691
vn -0.258498 0.960908 -0.0991734
v -2.7652 -0.84195 -0.76691
vn -0.22008 0.969427 -0.108518
v -2.7879 -0.84571 -0.74421
vn -0.25672 0.950088 -0.177277
v -2.7652 -0.83958 -0.74421
vn -0.227368 0.96753 -0.110406
v -2.7559 -0.83819 -0.74421
vn -0.138319 0.985409 -0.0991804
v -2.7198 -0.83604 -0.76691
vn -0.109981 0.988957 -0.0993406
v -2.7425 -0.83641 -0.74421
vn -0.122391 0.988435 -0.0895312
v -2.7198 -0.83372 -0.74421
vn -0.114317 0.988009 -0.103774
v -2.7879 -0.83993 -0.7215
vn -0.219884 0.958707 -0.180366
v -2.7773 -0.83819 -0.7215
vn -0.180981 0.962235 -0.203347
v -2.7652 -0.83819 -0.73396
vn -0.168096 0.975574 -0.141417
v -2.7879 -0.83854 -0.6988
vn -0.133776 0.989159 -0.0605689
v -2.8106 -0.84161 -0.6988
vn -0.20682 0.969006 -0.135105
v -2.7652 -0.83683 -0.7215
vn -0.113245 0.987701 -0.107807
v -2.7425 -0.8342 -0.7215
vn -0.133984 0.985935 -0.0999027
v -2.7198 -0.83063 -0.7215
vn -0.140905 0.982684 -0.12032
v -2.7198 -0.82792 -0.6988
vn -0.184255 0.982571 -0.0245948
v -2.7425 -0.83272 -0.6988
vn -0.225365 0.973268 0.0442816
v -2.6971 -0.83327 -0.76691
vn -0.159539 0.985536 -0.0571506
v -2.6744 -0.82904 -0.76691
vn -0.154738 0.987773 -0.0189692
v -2.6971 -0.83153 -0.74421
vn -0.125684 0.986649 -0.103569
v -2.6744 -0.82851 -0.74421
vn -0.126977 0.988255 -0.0850199
v -2.6517 -0.82589 -0.76691
vn -0.00340354 0.99999 -0.00295714
v -2.6971 -0.82793 -0.7215
vn -0.129523 0.980066 -0.150646
v -2.6744 -0.82502 -0.7215
vn -0.11115 0.982295 -0.150809
v -2.6971 -0.82416 -0.6988
vn -0.139646 0.987518 -0.0728515
v -2.6744 -0.8215 -0.6988
vn -0.108241 0.990752 -0.0818178
v -2.8476 -0.8836 -0.65339
vn 0.715819 -0.120616 0.68779
v -2.8333 -0.8836 -0.67059
vn 0.757142 -0.174623 0.629479
v -2.8333 -0.86089 -0.66429
vn 0.708949 0.00136258 0.705259
v -2.846 -0.86089 -0.65339
vn 0.623604 0.223592 0.749083
v -2.856 -0.86089 -0.64603
vn 0.562895 0.360256 0.743885
v -2.8761 -0.86089 -0.63068
vn 0.597946 0.293688 0.745793
v -2.7198 -0.8305 -0.67609
vn -0.258162 0.95411 0.151744
v -2.7417 -0.83819 -0.67609
vn -0.318115 0.91908 0.232582
v -2.7425 -0.83819 -0.67675
vn -0.194803 0.951987 0.236163
v -2.6744 -0.82127 -0.67609
vn -0.206338 0.978476 -0.00298726
v -2.6618 -0.81548 -0.65339
vn -0.434821 0.89685 -0.0811867
v -2.6369 -0.81548 -0.65339
vn 0.517447 0.840793 -0.159109
v -2.6119 -0.86089 -0.85773
vn 0.727749 0.667619 -0.157056
v -2.6192 -0.86089 -0.88044
vn 0.750801 0.631336 -0.1942
v -2.6263 -0.86089 -0.65339
vn 0.917618 0.0280895 0.396469
v -2.627 -0.83819 -0.65339
vn 0.913684 0.0766567 0.399132
v -2.629 -0.83819 -0.65068
vn 0.836801 0.0545527 0.544783
v -2.8787 -0.8836 -0.90071
vn -0.575191 0.784061 -0.233247
v -2.7879 -0.9026 -0.94855
vn -0.160497 0.978078 0.13268
v -2.7652 -0.89849 -0.94855
vn -0.165895 0.984148 0.0627066
v -2.7879 -0.90323 -0.92585
vn -0.185056 0.982642 -0.012986
v -2.8106 -0.90621 -0.94855
vn -0.135092 0.99082 0.00501988
v -2.7652 -0.89643 -0.92585
vn -0.233449 0.962335 -0.139334
v -2.6971 -0.87851 -0.94855
vn -0.445545 0.804407 -0.392963
v -2.7845 -0.83819 -0.6988
vn -0.222226 0.925332 0.307209
v -2.7652 -0.83615 -0.6988
vn -0.123324 0.992344 0.00660096
v -2.7923 -0.86089 -0.67609
vn -0.192868 0.587483 0.785917
v -2.8106 -0.86089 -0.67841
vn -0.0989384 0.617373 0.780424
v -2.7879 -0.86668 -0.67609
vn -0.125198 -0.0951412 0.987559
v -2.7879 -0.85676 -0.67609
vn -0.261156 0.737846 0.6224
v -2.7652 -0.84548 -0.67609
vn -0.297077 0.819859 0.489465
v -2.7652 -0.83819 -0.69116
vn -0.179367 0.92715 0.328969
v -2.7425 -0.83842 -0.67609
vn -0.281799 0.906054 0.315683
v -2.8246 -1.2469 -0.63068
vn 0.597295 -0.0184187 0.80181
v -2.8239 -1.2242 -0.63068
vn 0.702286 0.0351252 0.711028
v -2.856 -1.2434 -0.60798
vn 0.503092 -0.372078 0.780036
v -2.8333 -1.2469 -0.62429
vn 0.64927 -0.224901 0.726545
v -2.8418 -1.2242 -0.60798
vn 0.658349 -0.220382 0.719727
v -2.8333 -1.2242 -0.61864
vn 0.828514 0.0742558 0.555023
v -2.8333 -1.2015 -0.6305
vn 0.852916 0.295536 0.430339
v -2.8431 -1.1788 -0.63068
vn 0.904826 0.299733 0.302406
v -2.8496 -1.1788 -0.60798
vn 0.919555 0.253045 0.300644
v -2.8492 -1.1561 -0.63068
vn 0.935613 0.232505 0.265648
v -2.7879 -1.2469 -0.64727
vn 0.100258 -0.236703 0.966395
v -2.7879 -1.2696 -0.64802
vn -0.0597719 -0.0329627 0.997668
v -2.7652 -1.2469 -0.64591
vn -0.0597719 -0.0329627 0.997668
v -2.6517 -1.1788 -0.60413
vn 0 0.170128 0.985422
v -2.8769 -0.8836 -0.90314
vn -0.552998 0.725528 -0.409638
v -2.9241 -0.8836 -0.74823
vn -0.549476 0.753201 -0.361613
v -2.856 -1.1334 -0.61196
vn 0.965273 0.0784146 0.249198
v -2.856 -1.1106 -0.62073
vn 0.941368 0.145231 0.304523
v -2.8515 -1.1334 -0.63068
vn 0.970979 0.0521874 0.233403
v -2.856 -1.0879 -0.63008
vn 0.935976 0.0577546 0.347293
v -2.856 -1.0652 -0.62828
vn 0.922658 -0.00732675 0.385549
v -2.856 -1.0425 -0.62686
vn 0.907711 0.0451847 0.417156
v -2.856 -1.0287 -0.63068
vn 0.900661 0.115921 0.418774
v -2.8607 -0.99712 -0.63068
vn 0.895126 0.118347 0.429819
v -2.8628 -0.97442 -0.63068
vn 0.892999 0.0852254 0.441917
v -2.8742 -0.97442 -0.60798
vn 0.887389 0.0703482 0.455623
v -2.8646 -0.95171 -0.63068
vn 0.900378 0.0594808 0.431024
v -2.8752 -0.95171 -0.60798
vn 0.90362 0.0355835 0.426855
v -2.8663 -0.92901 -0.63068
vn 0.919864 0.0202569 0.391713
v -2.8266 -0.8836 -0.67609
vn 0.371891 -0.153933 0.915424
v -2.8106 -0.8836 -0.68259
vn 0.117282 -0.174455 0.977656
v -2.8172 -0.86089 -0.67609
vn 0.478858 0.317735 0.818376
v -2.7879 -0.86089 -0.67401
vn -0.38896 0.414395 0.822793
v -2.7198 -0.83819 -0.65861
vn -0.305997 0.871432 0.38337
v -2.8787 -0.92617 -0.94855
vn -0.458957 0.887427 -0.042798
v -2.856 -0.91443 -0.94855
vn -0.458957 0.887427 -0.042798
v -2.8787 -0.91901 -0.92585
vn -0.442345 0.855307 -0.26978
v -2.9033 -0.8836 -0.78962
vn -0.611422 0.721137 -0.325769
v -2.9154 -0.8836 -0.76691
vn -0.604798 0.748634 -0.271601
v -2.7652 -0.86089 -0.66295
vn -0.306862 0.617535 0.724214
v -2.9468 -0.93549 -0.99397
vn -0.163023 0.226045 0.960379
v -2.9468 -0.92901 -0.9953
vn -0.113748 0.1456 0.982783
v -2.9365 -0.92901 -0.99397
vn -0.243464 0.31675 0.91673
v -2.9241 -0.92064 -0.99397
vn -0.193118 0.301611 0.933668
v -2.9241 -0.9063 -0.99674
vn -0.088006 0.195786 0.97669
v -2.9014 -0.8836 -0.99851
vn -0.143806 0.169651 0.974956
v -2.8787 -0.9063 -0.98854
vn -0.340821 0.626393 0.701051
v -2.856 -0.91035 -0.97126
vn -0.366687 0.89826 0.242218
v -2.856 -0.9063 -0.9787
vn -0.297266 0.691922 0.657934
v -2.8787 -0.89746 -0.99397
vn -0.257161 0.593671 0.762511
v -2.856 -0.89009 -0.99397
vn -0.218436 0.707484 0.672125
v -2.8422 -0.9063 -0.97126
vn -0.233921 0.836285 0.495892
v -2.8333 -0.90371 -0.97126
vn -0.15924 0.816877 0.554396
v -2.8333 -0.88577 -0.99397
vn -0.119561 0.786182 0.606319
v -2.8106 -0.88454 -0.99397
vn -0.0454661 0.823412 0.56562
v -2.8333 -0.90862 -0.94855
vn -0.178909 0.983667 -0.0197504
v -2.8333 -0.9063 -0.96372
vn -0.179667 0.959311 0.217811
v -2.8113 -0.9063 -0.94855
vn -0.117274 0.988633 0.0940821
v -2.856 -0.90956 -0.92585
vn -0.242769 0.948502 -0.203489
v -2.8572 -1.0198 -0.63068
vn 0.899437 0.13386 0.416047
v -2.8333 -0.90653 -0.92585
vn -0.0222316 0.995542 -0.091659
v -2.7016 -1.2242 -0.65339
vn -0.204591 0.385339 0.899809
v -2.7198 -1.2284 -0.65339
vn -0.159147 0.689637 0.706451
v -2.6971 -1.2211 -0.65339
vn -0.22025 0.319725 0.921556
v -2.6971 -1.2015 -0.66019
vn -0.210441 0.318584 0.92424
v -2.6517 -1.2016 -0.63068
vn -0.108852 -0.449257 0.886746
v -2.6517 -1.2242 -0.64213
vn -0.108852 -0.449257 0.886746
v -2.629 -1.2071 -0.63068
vn -0.0671591 -0.459434 0.885669
v -2.5789 -1.1561 -0.6988
vn 0.999496 0.0264123 0.0175969
v -2.5793 -1.1561 -0.67609
vn 0.994061 0.0262687 0.10561
v -2.5787 -1.1788 -0.67609
vn 0.99118 0.0187574 0.131188
v -2.5832 -1.1788 -0.65339
vn 0.98057 -0.000372478 0.196169
v -2.5835 -1.1826 -0.65339
vn 0.722349 -0.151881 0.674643
v -2.5835 -1.1646 -0.65339
vn 0.981012 0.0239216 0.192468
v -2.6182 -1.2015 -0.63068
vn 0.324637 -0.430978 0.841943
v -2.6062 -1.2015 -0.63616
vn 0.60579 -0.182308 0.774456
v -2.6064 -1.1788 -0.63068
vn 0.410208 -0.210597 0.887343
v -2.6062 -1.1788 -0.63084
vn 0.682155 -0.157436 0.714057
v -2.5835 -1.1788 -0.65287
vn 0.696768 -0.0972475 0.710673
v -2.9468 -0.8836 -1.0013
vn -0.0762779 0.0981321 0.992246
v -2.9241 -0.8836 -0.99973
vn -0.0629859 0.130331 0.989468
v -2.8787 -0.8836 -0.99775
vn -0.0587619 0.262663 0.963097
v -2.8106 -0.8836 -0.99452
vn 0.000549511 0.250273 0.968175
v -2.8333 -0.8836 -0.99503
vn -0.0221587 0.234855 0.971778
v -2.8333 -0.86089 -0.99966
vn 0.013492 0.233538 0.972254
v -2.8106 -0.86089 -1.0008
vn 0.0144673 0.266499 0.963727
v -2.7652 -0.88192 -0.99397
vn -0.00740675 0.390276 0.920668
v -2.7652 -0.86089 -1.0026
vn 0.00316545 0.385483 0.922709
v -2.7879 -0.86089 -1.0023
vn -0.00373163 0.364778 0.931087
v -2.7425 -0.88128 -0.99397
vn -0.0280653 0.431243 0.901799
v -2.7425 -0.86089 -1.0028
vn -0.0224195 0.41846 0.907959
v -2.7198 -0.87737 -0.99397
vn -0.103053 0.54445 0.832439
v -2.7198 -0.86089 -1.0027
vn -0.0758277 0.483136 0.872256
v -2.6971 -0.86089 -1.0002
vn -0.0925669 0.533796 0.840531
v -2.6585 -0.86089 -0.99397
vn -0.24766 0.786955 0.565126
v -2.6517 -0.86089 -0.99099
vn -0.24766 0.786955 0.565126
v -2.6517 -0.85875 -0.99397
vn -0.24766 0.786955 0.565126
v -2.6442 -0.86089 -0.94855
vn 0.122106 0.825067 -0.551684
v -2.8518 -1.1106 -0.7215
vn 0.991391 0.115007 -0.0625822
v -2.8526 -1.1106 -0.74421
vn 0.993382 0.109396 -0.0349994
v -2.8551 -1.0879 -0.74421
vn 0.993699 0.108048 -0.0297933
v -2.8545 -1.0879 -0.7215
vn 0.991531 0.111351 -0.0668399
v -2.856 -1.0772 -0.74421
vn 0.996136 0.08379 -0.0263119
v -2.8516 -1.0879 -0.6988
vn 0.985104 0.117175 -0.125856
v -2.8525 -0.95171 -0.67609
vn 0.940738 -0.302524 0.153269
v -2.8488 -0.95171 -0.6988
vn 0.80277 -0.480527 0.353064
v -2.8452 -0.92901 -0.67609
vn 0.80277 -0.480527 0.353064
v -2.8333 -0.92901 -0.68885
vn 0.571539 -0.623889 0.533016
v -2.7192 -0.86089 -0.63068
vn -0.459374 0.667031 0.586554
v -2.7198 -0.86089 -0.63115
vn -0.459374 0.667031 0.586554
v -2.7198 -0.84141 -0.65339
vn -0.458569 0.668486 0.585526
v -2.6473 -0.77007 -0.63068
vn 0.894033 0.220457 -0.390005
v -2.6399 -0.77007 -0.60798
vn 0.993321 0.0320618 -0.11084
v -2.6447 -0.79278 -0.58527
vn 0.919973 -0.198496 0.338008
v -2.6398 -0.77007 -0.58527
vn 0.930257 -0.176268 0.321794
v -2.6517 -0.79278 -0.58049
vn 0.458333 -0.194975 0.867131
v -2.6744 -0.78004 -0.58527
vn -0.260665 -0.104348 0.959774
v -2.5835 -0.99347 -0.99397
vn 0.795281 0.0871164 0.599949
v -2.5835 -0.99712 -0.99344
vn 0.795281 0.0871164 0.599949
v -2.5831 -0.99712 -0.99397
vn 0.795281 0.0871164 0.599949
v -2.8106 -1.3377 -0.99832
vn 0.00381642 -0.0270099 0.999628
v -2.7879 -1.3377 -0.9982
vn -0.0036328 -0.0257618 0.999662
v -2.7652 -1.3377 -0.99821
vn 4.37543e-07 -0.0195993 0.999808
v -2.7425 -1.3377 -0.99833
vn 0.00969008 -0.0114523 0.999887
v -2.7198 -1.3377 -0.9985
vn 0.0187177 -0.0117815 0.999755
v -2.6971 -1.3377 -0.99894
vn 0.0293256 -0.0103032 0.999517
v -2.6744 -1.3377 -0.99979
vn 0.0387324 -0.0149653 0.999138
v -2.6517 -1.3377 -1.0011
vn 0.026547 -0.00572617 0.999631
v -2.629 -1.3377 -1.0013
vn -0.0202036 0.0114513 0.99973
v -2.7879 -1.315 -0.99784
vn -0.00308203 -0.0193796 0.999807
v -2.7652 -1.315 -0.99769
vn 0.00719424 -0.0170304 0.999829
v -2.7425 -1.315 -0.99821
vn 0.018408 -0.015414 0.999712
v -2.7198 -1.315 -0.99881
vn 0.0160271 -0.0279151 0.999482
v -2.7425 -1.2923 -0.9975
vn 0.00880473 -0.0312614 0.999472
v -2.7198 -1.2923 -0.9977
vn 0.0065977 -0.0564064 0.998386
v -2.6971 -1.315 -0.99917
vn 0.0289803 -0.0249447 0.999269
v -2.6744 -1.315 -0.99992
vn 0.0346304 -0.0144538 0.999296
v -2.6971 -1.2923 -0.9976
vn 0.0139521 -0.106925 0.994169
v -2.6744 -1.2923 -0.99889
vn 0.0629946 -0.0995231 0.993039
v -2.6517 -1.315 -1.0005
vn 0.0305947 -0.0195896 0.99934
v -2.629 -1.315 -1.0012
vn -0.00146354 -0.0139315 0.999902
v -2.6517 -1.2923 -1.0001
vn 0.0416159 -0.049163 0.997923
v -2.629 -1.2923 -1.0004
vn 0.0124508 -0.0211315 0.999699
v -2.7198 -1.2696 -0.9955
vn -0.0313268 -0.120513 0.992217
v -2.6971 -1.2696 -0.99423
vn -0.0111197 -0.142017 0.989802
v -2.6744 -1.2696 -0.99499
vn 0.0705255 -0.162658 0.984159
v -2.6971 -1.267 -0.99397
vn 0.00629186 -0.143768 0.989591
v -2.6744 -1.2642 -0.99397
vn 0.105269 -0.204395 0.973212
v -2.6517 -1.2696 -0.99788
vn 0.098168 -0.156386 0.982805
v -2.629 -1.2696 -0.99996
vn 0.0748254 -0.0687239 0.994826
v -2.6517 -1.2518 -0.99397
vn 0.119473 -0.22324 0.967414
v -2.6448 -1.2469 -0.99397
vn 0.186721 -0.224307 0.956463
v -2.629 -1.2469 -0.99746
vn 0.167088 -0.160524 0.972787
v -2.6517 -1.2469 -0.99241
vn 0.11737 -0.315884 0.94151
v -2.6744 -1.2469 -0.99028
vn 0.0980798 -0.275787 0.956202
v -2.629 -1.2333 -0.99397
vn 0.202763 -0.289887 0.935336
v -2.6517 -1.2242 -0.98471
vn 0.172876 -0.435839 0.883266
v -2.629 -1.2242 -0.9895
vn 0.210293 -0.59991 0.771936
v -2.8333 -1.1853 -0.6988
vn 0.853046 0.521523 -0.0180495
v -2.8368 -1.1788 -0.6988
vn 0.933587 0.354608 -0.0516585
v -2.8369 -1.1788 -0.7215
vn 0.938301 0.345492 -0.0150416
v -2.8442 -1.1561 -0.6988
vn 0.976845 0.207263 -0.053059
v -2.8449 -1.1561 -0.7215
vn 0.979393 0.196309 -0.0474546
v -2.8106 -1.2149 -0.67609
vn 0.674626 0.714777 0.184317
v -2.8229 -1.2015 -0.67609
vn 0.809559 0.585034 0.0484779
v -2.8106 -1.2216 -0.65339
vn 0.790925 0.576477 0.205211
v -2.8248 -1.2015 -0.65339
vn 0.813253 0.517557 0.265996
v -2.8333 -1.1818 -0.67609
vn 0.890133 0.455452 0.0150608
v -2.8347 -1.1788 -0.67609
vn 0.944941 0.327234 0.00207877
v -2.8422 -1.1561 -0.67609
vn 0.971358 0.23749 -0.00784206
v -2.8333 -1.1869 -0.65339
vn 0.877064 0.444534 0.182065
v -2.8369 -1.1788 -0.65339
vn 0.93793 0.316938 0.140848
v -2.8436 -1.1561 -0.65339
vn 0.967485 0.196061 0.159792
v -2.8106 -1.2242 -0.65062
vn 0.717217 0.506994 0.478077
v -2.8332 -1.2015 -0.63068
vn 0.874913 0.359134 0.324884
v -2.8333 -1.2013 -0.63068
vn 0.863353 0.425656 0.270997
v -2.766 -1.2242 -0.67609
vn -0.0222881 0.892913 0.449677
v -2.7879 -1.2242 -0.67684
vn -0.032794 0.28631 0.957576
v -2.7879 -1.2244 -0.67609
vn -0.0722908 0.91468 0.397661
v -2.7879 -1.2361 -0.65339
vn 0.127222 0.874716 0.46764
v -2.7895 -1.2242 -0.67609
vn 0.416383 0.836658 0.355849
v -2.8082 -1.2242 -0.65339
vn 0.448566 0.825517 0.342505
v -2.7652 -1.2355 -0.65339
vn -0.111227 0.831487 0.544296
v -2.7652 -1.2242 -0.67169
vn -0.134835 0.855104 0.500617
v -2.7425 -1.232 -0.65339
vn -0.1326 0.761701 0.634215
v -2.7425 -1.2242 -0.66323
vn -0.176723 0.785481 0.593117
v -2.6872 -1.2015 -0.65339
vn -0.544359 0.274954 0.792511
v -2.6062 -1.3377 -1.0003
vn -0.0236111 0.00454082 0.999711
v -2.5835 -1.3377 -0.99981
vn 0.0066053 -0.0171774 0.999831
v -2.5608 -1.3377 -1.0006
vn 0.0488263 -0.0247806 0.9985
v -2.6062 -1.315 -1.0008
vn -0.01875 0.00716765 0.999799
v -2.5835 -1.315 -0.99982
vn -0.0036722 0.0138013 0.999898
v -2.6062 -1.2923 -1.0008
vn 0.0108962 -0.00388269 0.999933
v -2.5835 -1.2923 -1.0006
vn -0.00251745 0.014851 0.999887
v -2.5608 -1.315 -1.0004
vn 0.0459127 0.00645412 0.998925
v -2.5608 -1.2923 -1.0008
vn 0.0403438 0.0168718 0.999043
v -2.6062 -1.2696 -1.0008
vn 0.0130154 -0.0017669 0.999914
v -2.5835 -1.2696 -1.0008
vn 0.0110124 0.00660758 0.999918
v -2.6062 -1.2469 -1.0006
vn 0.0832138 -0.0918357 0.992291
v -2.5835 -1.2469 -1.0009
vn 0.0468631 -0.00938688 0.998857
v -2.5608 -1.2696 -1.0013
vn 0.0578787 0.0300385 0.997872
v -2.5608 -1.2469 -1.0023
vn 0.0877257 0.0298279 0.995698
v -2.617 -1.2242 -0.99397
vn 0.322549 -0.453928 0.830609
v -2.6062 -1.2242 -0.99695
vn 0.165111 -0.210159 0.963624
v -2.5835 -1.2242 -0.99971
vn 0.103 -0.170541 0.979952
v -2.6062 -1.2165 -0.99397
vn 0.256578 -0.429872 0.865666
v -2.5835 -1.2029 -0.99397
vn 0.253431 -0.410425 0.87597
v -2.6062 -1.2015 -0.9824
vn 0.437067 -0.549721 0.711884
v -2.5835 -1.2015 -0.99328
vn 0.392681 -0.394328 0.830847
v -2.5608 -1.2242 -1.0022
vn 0.136313 -0.0743305 0.987873
v -2.5817 -1.2015 -0.99397
vn 0.28479 -0.229527 0.930705
v -2.5608 -1.2015 -0.99944
vn 0.242622 -0.114488 0.963342
v -2.6062 -1.1918 -0.97126
vn 0.541938 -0.706519 0.45512
v -2.5835 -1.1788 -0.98253
vn 0.593127 -0.347626 0.726193
v -2.5934 -1.1788 -0.97126
vn 0.774767 -0.444794 0.449326
v -2.5835 -1.1561 -0.97381
vn 0.74342 -0.131247 0.655821
v -2.5848 -1.1561 -0.97126
vn 0.924024 -0.169618 0.342651
v -2.5668 -1.1788 -0.99397
vn 0.438382 -0.17789 0.881009
v -2.5608 -1.1788 -0.99629
vn 0.315734 -0.0498101 0.947539
v -2.5644 -1.1561 -0.99397
vn 0.642421 -0.0980744 0.760051
v -2.5608 -1.1561 -0.99571
vn 0.354868 -0.0038866 0.934908
v -2.6062 -1.1789 -0.94855
vn 0.570959 -0.71441 0.404504
v -2.6062 -1.1788 -0.94855
vn 0.786304 -0.438021 0.435732
v -2.5935 -1.1561 -0.94855
vn 0.922294 -0.293816 0.25109
v -2.6062 -1.1788 -0.94816
vn 0.734614 -0.674137 0.0766983
v -2.6077 -1.1788 -0.92585
vn 0.837592 -0.546297 0
v -2.6062 -1.1765 -0.92585
vn 0.889593 -0.453935 0.0506788
v -2.5968 -1.1561 -0.92585
vn 0.963604 -0.267316 0.00301657
v -2.604 -1.1788 -0.90314
vn 0.865585 -0.479925 -0.142952
v -2.5943 -1.1561 -0.90314
vn 0.961234 -0.242981 -0.130343
v -2.5906 -1.1561 -0.88044
vn 0.959318 -0.231742 -0.16126
v -2.5872 -1.1561 -0.85773
vn 0.982964 -0.134247 -0.125536
v -2.5835 -1.1561 -0.65876
vn 0.943739 0.169191 0.284134
v -2.5856 -1.1561 -0.65339
vn 0.792832 0.145026 0.591934
v -2.6062 -1.1782 -0.63068
vn 0.705643 -0.0477642 0.706956
v -2.6044 -1.1561 -0.63068
vn 0.750198 0.0318188 0.660447
v -2.856 -0.8836 -0.99652
vn -0.0422198 0.198135 0.979265
v -2.9468 -0.86089 -1.0024
vn 0.0286169 -0.00220162 0.999588
v -2.9468 -0.83819 -1.0014
vn 0.0657995 -0.0163212 0.997699
v -2.9241 -0.86089 -1.0025
vn -0.0349069 0.0741828 0.996634
v -2.9014 -0.86089 -1.0011
vn -0.0599934 0.0908471 0.994056
v -2.9241 -0.83819 -1.0034
vn 0.025543 -0.00528559 0.99966
v -2.9014 -0.83819 -1.0028
vn -0.042723 0.037061 0.998399
v -2.9468 -0.81548 -1.0015
vn 0.0281721 0.0290455 0.999181
v -2.9468 -0.79278 -1.0022
vn -0.00367435 0.00807473 0.999961
v -2.9241 -0.81548 -1.0027
vn 0.0333357 -0.00502981 0.999432
v -2.9014 -0.81548 -1.0034
vn -0.00793029 -0.00704692 0.999944
v -2.9241 -0.79278 -1.0023
vn 0.00660275 -0.0264161 0.999629
v -2.9014 -0.79278 -1.0026
vn -0.0154046 -0.0374061 0.999181
v -2.8787 -0.86089 -0.9999
vn -0.0333741 0.072004 0.996846
v -2.856 -0.86089 -0.99955
vn -0.0150108 0.0852085 0.99625
v -2.8787 -0.83819 -1.001
vn -0.0541849 0.0490503 0.997325
v -2.856 -0.83819 -1.0003
vn -0.0135021 0.0318425 0.999402
v -2.8333 -0.83819 -1.0002
vn 0.0281696 0.0277256 0.999219
v -2.8106 -0.83819 -1.0017
vn 0.0684218 0.019455 0.997467
v -2.8787 -0.81548 -1.0021
vn -0.0549792 0.0117247 0.998419
v -2.856 -0.81548 -1.0009
vn -0.0270449 0.0182354 0.999468
v -2.8787 -0.79278 -1.0019
vn -0.0330118 -0.0198045 0.999259
v -2.856 -0.79278 -1.001
vn -0.0117463 0.000734082 0.999931
v -2.8333 -0.81548 -1.0008
vn 0.0234868 0.0161418 0.999594
v -2.8106 -0.81548 -1.0016
vn 0.050154 0.0131948 0.998654
v -2.8333 -0.79278 -1.0013
vn 0.0308143 0.0220051 0.999283
v -2.8106 -0.79278 -1.0022
vn 0.0491113 0.0300451 0.998341
v -2.7879 -0.83819 -1.0037
vn 0.0600695 0.0300288 0.997742
v -2.7652 -0.83819 -1.0048
vn 0.0316387 0.0632661 0.997495
v -2.7879 -0.81548 -1.0032
vn 0.0703105 -0.00366089 0.997518
v -2.7652 -0.81548 -1.0049
vn 0.0653033 0.0100463 0.997815
v -2.7879 -0.79278 -1.0032
vn 0.0666344 0.0300154 0.997326
v -2.6744 -0.8648 -0.99397
vn -0.214067 0.846484 0.487483
v -2.6744 -0.86089 -0.99668
vn -0.144694 0.418768 0.896491
v -2.6517 -0.83819 -1.0022
vn -0.127569 0.307198 0.943057
v -2.629 -0.85238 -0.99397
vn -0.0177233 0.458724 0.888402
v -2.629 -0.83819 -0.99935
vn -0.0355292 0.307435 0.950906
v -2.629 -0.86737 -0.97126
vn 0.507086 0.854161 0.115209
v -2.629 -0.86089 -0.98521
vn 0.257982 0.760386 0.596036
v -2.629 -0.86946 -0.94855
vn 0.763746 0.644603 -0.0343493
v -2.629 -0.86606 -0.92585
vn 0.909191 0.404347 -0.0993766
v -2.632 -0.86089 -0.92585
vn 0.625005 0.749791 -0.217216
v -2.9468 -0.77007 -1.002
vn -0.0352221 -0.0227451 0.999121
v -2.9468 -0.74737 -1.0014
vn -0.0606764 -0.0324885 0.997629
v -2.9241 -0.77007 -1.0014
vn -0.00967384 -0.0492813 0.998738
v -2.9014 -0.77007 -1.0014
vn -0.00188793 -0.0483912 0.998827
v -2.9355 -0.75872 -1.0012
vn -0.0439669 -0.043967 0.998065
v -2.9241 -0.74737 -1
vn -0.0249979 -0.0426533 0.998777
v -2.9014 -0.74737 -1.0001
vn 0.0108278 -0.037582 0.999235
v -2.9468 -0.72466 -1.0005
vn -0.0516608 -0.00879602 0.998626
v -2.9468 -0.70196 -1.0009
vn -0.0273004 0.0114455 0.999562
v -2.9241 -0.72466 -0.99949
vn -0.0163837 -0.00158477 0.999865
v -2.9014 -0.72466 -0.99952
vn 0.0138751 -0.00110163 0.999903
v -2.9241 -0.70196 -1.0002
vn -0.0216364 0.0249661 0.999454
v -2.9014 -0.70196 -0.99977
vn 0.0118215 0.0362135 0.999274
v -2.8787 -0.77007 -1.0013
vn -0.00660811 -0.0161468 0.999848
v -2.856 -0.77007 -1.001
vn 0.0149743 0.0132088 0.999801
v -2.8787 -0.74737 -1.0006
vn 0.0248004 -0.0269953 0.999328
v -2.856 -0.74737 -1.0014
vn 0.0440101 0.0119414 0.99896
v -2.8333 -0.77007 -1.002
vn 0.052023 0.0358966 0.998001
v -2.8106 -0.77007 -1.0033
vn 0.0534605 0.0475911 0.997435
v -2.8333 -0.74737 -1.003
vn 0.06879 0.0431662 0.996697
v -2.8106 -0.74737 -1.0043
vn 0.0563762 0.0490434 0.997204
v -2.8787 -0.72466 -1.0004
vn 0.0446692 0.0011006 0.999001
v -2.856 -0.72466 -1.0019
vn 0.0775872 0.0124415 0.996908
v -2.8787 -0.70196 -1.0003
vn 0.0471599 0.0228726 0.998625
v -2.856 -0.70196 -1.0017
vn 0.0768445 0.0219514 0.996801
v -2.8333 -0.72466 -1.0042
vn 0.0734247 0.0138047 0.997205
v -2.8333 -0.70196 -1.0039
vn 0.050587 -0.0139274 0.998623
v -2.8106 -0.70196 -1.0049
vn 0.0272761 -0.0413511 0.998772
v -2.9468 -0.67925 -1.0012
vn -0.0146791 0.0234793 0.999617
v -2.9468 -0.65655 -1.0018
vn 0.00293718 0.0344803 0.999401
v -2.9241 -0.67925 -1.001
vn -0.000220951 0.0420229 0.999117
v -2.9014 -0.67925 -1.0013
vn 0.0263495 0.0725445 0.997017
v -2.9241 -0.65655 -1.002
vn 0.0300311 0.0622451 0.997609
v -2.9014 -0.65655 -1.0034
vn 0.0569565 0.0876048 0.994526
v -2.9468 -0.63384 -1.003
vn 0.026402 0.038716 0.998901
v -2.9241 -0.63384 -1.0036
vn 0.049065 0.0519843 0.997442
v -2.9014 -0.63384 -1.0049
vn 0.054015 0.0339084 0.997964
v -2.8787 -0.67925 -1.0018
vn 0.040899 0.0884769 0.995238
v -2.856 -0.67925 -1.0028
vn 0.0417146 0.0702331 0.996658
v -2.8787 -0.65655 -1.005
vn 0.0438074 0.0963519 0.994383
v -2.8333 -0.67925 -1.0035
vn -0.00293396 0.0300851 0.999543
v -2.8106 -0.67925 -1.0033
vn 0.00366925 -0.031546 0.999496
v -2.8333 -0.65655 -1.0046
vn -0.0307925 0.0439791 0.998558
v -2.8106 -0.65655 -1.0037
vn -0.0220137 0.0295538 0.999321
v -2.8106 -0.63384 -1.0046
vn -0.0237684 0.0325642 0.999187
v -2.7879 -0.77007 -1.0045
vn 0.071675 0.0511829 0.996114
v -2.7879 -0.70196 -1.0048
vn 0.0263849 -0.0538562 0.9982
v -2.7879 -0.67925 -1.0033
vn 0.0227519 -0.0205452 0.99953
v -2.7652 -0.67925 -1.0046
vn 0.0477304 -0.0433228 0.99792
v -2.7879 -0.65655 -1.0034
vn 0.00616333 0.0255362 0.999655
v -2.7652 -0.65655 -1.0042
vn 0.0322873 0.00440187 0.999469
v -2.7425 -0.65655 -1.0049
vn 0.030187 -0.0182365 0.999378
v -2.7879 -0.63384 -1.0043
vn 0.000734986 0.0256833 0.99967
v -2.7652 -0.63384 -1.0044
vn 0.0102798 0.00734031 0.99992
v -2.7425 -0.63384 -1.0048
vn 0.0168853 -0.0080719 0.999825
v -2.8492 -1.1334 -0.74421
vn 0.988658 0.14993 -0.00870825
v -2.849 -1.1334 -0.7215
vn 0.986845 0.140484 -0.0800037
v -2.8462 -1.1334 -0.6988
vn 0.990105 0.103722 -0.0945161
v -2.8486 -1.1106 -0.6988
vn 0.984174 0.110311 -0.138684
v -2.856 -1.0652 -0.71549
vn 0.985249 0.111442 -0.129865
v -2.8538 -1.0652 -0.6988
vn 0.981354 0.111002 -0.156916
v -2.856 -1.049 -0.6988
vn 0.978406 0.137668 -0.154174
v -2.8443 -1.1334 -0.67609
vn 0.996151 0.0876368 0.00147515
v -2.8457 -1.1106 -0.67609
vn 0.997357 0.0722819 -0.0073088
v -2.8466 -1.1334 -0.65339
vn 0.983109 0.0885876 0.160152
v -2.8479 -1.1106 -0.65339
vn 0.986721 0.0527692 0.153615
v -2.8474 -1.0879 -0.67609
vn 0.995126 0.0847578 -0.0504015
v -2.8497 -1.0652 -0.67609
vn 0.989241 0.104386 -0.102502
v -2.8485 -1.0879 -0.65339
vn 0.984584 0.0396561 0.170355
v -2.8491 -1.0652 -0.65339
vn 0.992308 0.043716 0.115818
v -2.8533 -1.1106 -0.63068
vn 0.963377 0.0745458 0.25758
v -2.8558 -1.0879 -0.63068
vn 0.951336 0.0356211 0.30609
v -2.855 -1.0652 -0.63068
vn 0.967126 0.00549936 0.254238
v -2.8566 -1.0425 -0.6988
vn 0.994031 0.057877 -0.0924825
v -2.856 -1.0425 -0.69235
vn 0.98526 0.0967457 -0.141079
v -2.8577 -1.0198 -0.6988
vn 0.994423 -0.00451316 -0.105368
v -2.856 -1.0198 -0.68315
vn 0.991988 -0.0135665 -0.125604
v -2.8533 -1.0425 -0.67609
vn 0.985682 0.111691 -0.126319
v -2.855 -1.0198 -0.67609
vn 0.995601 0.00219167 -0.0936717
v -2.8505 -1.0425 -0.65339
vn 0.994194 0.0848307 0.0661989
v -2.8532 -1.0198 -0.65339
vn 0.996348 0.0804331 0.0286389
v -2.856 -0.99736 -0.6988
vn 0.990903 -0.0766489 -0.110614
v -2.856 -0.99705 -0.65339
vn 0.985131 0.0438357 0.16612
v -2.856 -0.97442 -0.65898
vn 0.985831 0.018491 0.166718
v -2.8573 -0.97442 -0.65339
vn 0.972914 0.0548812 0.224559
v -2.8534 -0.99712 -0.67609
vn 0.999707 -0.00587133 0.023472
v -2.856 -0.99712 -0.6988
vn 0.99351 0 -0.113742
v -2.856 -0.99712 -0.65339
vn 0.983733 0.121115 0.132668
v -2.8531 -0.97442 -0.67609
vn 0.982263 -0.00562222 0.187422
v -2.856 -1.0198 -0.6361
vn 0.973682 0.134436 0.184041
v -2.8545 -1.0425 -0.63068
vn 0.976679 0.0239754 0.213362
v -2.856 -0.99712 -0.65335
vn 0.967836 0.152228 0.2003
v -2.8579 -0.95171 -0.65339
vn 0.96534 0.0134584 0.260648
v -2.856 -0.95171 -0.66157
vn 0.955041 -0.0886456 0.282911
v -2.856 -0.92901 -0.6559
vn 0.903414 -0.104748 0.415778
v -2.857 -0.92901 -0.65339
vn 0.93978 -0.00670359 0.341713
v -2.856 -0.92042 -0.65339
vn 0.860924 -0.166814 0.480608
v -2.8333 -0.9063 -0.67846
vn 0.613808 -0.243255 0.751044
v -2.8362 -0.9063 -0.67609
vn 0.786161 -0.270643 0.555611
v -2.8529 -0.9063 -0.65339
vn 0.785068 -0.198569 0.586718
v -2.8333 -0.8992 -0.67609
vn 0.765405 -0.214516 0.606744
v -2.856 -0.9063 -0.64864
vn 0.83734 -0.138791 0.528771
v -2.856 -0.8836 -0.64379
vn 0.803024 -0.0230816 0.5955
v -2.7425 -0.85449 -0.65339
vn -0.376027 0.713002 0.591803
v -2.7496 -0.86089 -0.65339
vn -0.505373 0.560639 0.655959
v -2.7425 -0.86089 -0.64792
vn -0.390917 0.598014 0.699688
v -2.7101 -0.83819 -0.65339
vn -0.255674 0.878433 0.403716
v -2.5835 -1.1334 -0.97165
vn 0.777774 0.0144762 0.628377
v -2.5837 -1.1334 -0.97126
vn 0.953443 0.012575 0.30131
v -2.5854 -1.1106 -0.97126
vn 0.950738 0.0752384 0.300726
v -2.5835 -1.1106 -0.97478
vn 0.769025 0.0898186 0.632876
v -2.5645 -1.1334 -0.99397
vn 0.716017 0.0201706 0.697791
v -2.5608 -1.1334 -0.99608
vn 0.366376 0.0371464 0.929725
v -2.5608 -1.1106 -0.99719
vn 0.407379 0.0739709 0.910258
v -2.566 -1.1106 -0.99397
vn 0.689427 0.095175 0.718075
v -2.588 -1.0879 -0.97126
vn 0.932772 0.088122 0.34953
v -2.5835 -1.0879 -0.97923
vn 0.76425 0.104111 0.636461
v -2.5835 -1.0652 -0.98161
vn 0.829066 0.0544233 0.556495
v -2.5893 -1.0652 -0.97126
vn 0.934197 0.0623954 0.35126
v -2.5608 -1.0879 -0.99979
vn 0.427656 0.106077 0.897696
v -2.5699 -1.0879 -0.99397
vn 0.650887 0.10505 0.751871
v -2.5608 -1.0652 -1.0028
vn 0.446748 0.105339 0.888437
v -2.5731 -1.0652 -0.99397
vn 0.692766 0.0783733 0.716891
v -2.5907 -1.0425 -0.97126
vn 0.928176 0.0650545 0.366411
v -2.5835 -1.0425 -0.98357
vn 0.824205 0.0869301 0.55958
v -2.5934 -1.0198 -0.97126
vn 0.930256 0.102047 0.352436
v -2.5835 -1.0198 -0.98845
vn 0.837706 0.115446 0.533781
v -2.5754 -1.0425 -0.99397
vn 0.673066 0.0871866 0.734426
v -2.579 -1.0198 -0.99397
vn 0.60654 0.0862876 0.790357
v -2.5835 -0.97442 -0.99567
vn 0.543328 0.0766488 0.836014
v -2.5854 -0.97442 -0.99397
vn 0.844108 0.0869195 0.529081
v -2.5963 -0.99712 -0.97126
vn 0.926147 0.108843 0.361116
v -2.5988 -0.97442 -0.97126
vn 0.922507 0.0995633 0.372918
v -2.5908 -1.1334 -0.94855
vn 0.961021 -0.0197091 0.275771
v -2.5918 -1.1106 -0.94855
vn 0.95914 0.094156 0.266807
v -2.5957 -1.1334 -0.92585
vn 0.997007 0.0295877 0.0714224
v -2.5985 -1.1106 -0.92585
vn 0.978684 0.123947 0.163751
v -2.5948 -1.0879 -0.94855
vn 0.952836 0.0993385 0.286766
v -2.5968 -1.0652 -0.94855
vn 0.964456 0.0376334 0.26155
v -2.6014 -1.0879 -0.92585
vn 0.985448 0.0969567 0.139611
v -2.6022 -1.0652 -0.92585
vn 0.994262 0.0052578 0.106845
v -2.5938 -1.1334 -0.90314
vn 0.985424 0.075081 -0.15265
v -2.598 -1.1106 -0.90314
vn 0.982288 0.161037 -0.0957971
v -2.5892 -1.1334 -0.88044
vn 0.985306 0.0620774 -0.159115
v -2.5936 -1.1106 -0.88044
vn 0.968227 0.173784 -0.179821
v -2.602 -1.0879 -0.90314
vn 0.993425 0.0809635 -0.0809428
v -2.6026 -1.0652 -0.90314
vn 0.997869 0.00292677 -0.065191
v -2.5976 -1.0879 -0.88044
vn 0.976834 0.119053 -0.177826
v -2.5987 -1.0652 -0.88044
vn 0.988534 0.0486313 -0.142951
v -2.5972 -1.0425 -0.94855
vn 0.972766 0.0505708 0.226205
v -2.5984 -1.0198 -0.94855
vn 0.978928 0.0790994 0.188266
v -2.6014 -1.0425 -0.92585
vn 0.992537 0.00624182 0.12178
v -2.6021 -1.0198 -0.92585
vn 0.994282 0.0555033 0.0912262
v -2.6009 -0.99712 -0.94855
vn 0.980312 0.113007 0.161917
v -2.6041 -0.97442 -0.94855
vn 0.977862 0.119225 0.171963
v -2.6036 -0.99712 -0.92585
vn 0.995634 0.0800687 0.0479745
v -2.6062 -0.97442 -0.92918
vn 0.986905 0.118949 0.108951
v -2.6022 -1.0425 -0.90314
vn 0.999056 0.0161363 -0.0403336
v -2.6029 -1.0198 -0.90314
vn 0.998965 0.0308228 -0.0334374
v -2.5995 -1.0425 -0.88044
vn 0.995059 0.0372623 -0.0920331
v -2.6004 -1.0198 -0.88044
vn 0.996583 0.0263542 -0.0782818
v -2.6032 -0.99712 -0.90314
vn 0.995144 0.0738754 -0.0650452
v -2.6056 -0.97442 -0.90314
vn 0.992922 0.108701 -0.0478511
v -2.6008 -0.99712 -0.88044
vn 0.996485 0.0729085 -0.0412531
v -2.6041 -0.97442 -0.88044
vn 0.988829 0.145473 -0.0324776
v -2.5878 -0.95171 -0.99397
vn 0.825061 0.0651426 0.561276
v -2.5835 -0.95171 -0.99779
vn 0.501563 0.0290886 0.864632
v -2.5835 -0.92901 -0.99823
vn 0.486094 -0.00849369 0.873865
v -2.5888 -0.92901 -0.99397
vn 0.815661 0.0321718 0.577636
v -2.601 -0.95171 -0.97126
vn 0.919813 0.066863 0.386617
v -2.6025 -0.92901 -0.97126
vn 0.88979 0.0760023 0.449997
v -2.5835 -0.9063 -0.99781
vn 0.444373 -0.0174406 0.895672
v -2.5893 -0.9063 -0.99397
vn 0.750041 0.117298 0.650907
v -2.5835 -0.8836 -0.99835
vn 0.392634 0.0493994 0.918367
v -2.5924 -0.8836 -0.99397
vn 0.50038 0.159862 0.85092
v -2.6056 -0.9063 -0.97126
vn 0.818888 0.11924 0.561431
v -2.6062 -0.9036 -0.97126
vn 0.839333 0.31114 0.445772
v -2.6062 -0.8836 -0.98195
vn 0.623025 0.367175 0.690668
v -2.6142 -0.8836 -0.97126
vn 0.798888 0.511066 0.317158
v -2.5835 -0.86089 -1.0001
vn 0.258562 0.115 0.959125
v -2.6043 -0.86089 -0.99397
vn 0.38373 0.262592 0.885323
v -2.6062 -0.8592 -0.99397
vn 0.152074 0.445898 0.88207
v -2.6062 -0.83819 -1.0005
vn 0.104174 0.256805 0.960832
v -2.5835 -0.83819 -1.0033
vn 0.120437 0.14349 0.982296
v -2.6062 -0.86089 -0.99314
vn 0.303174 0.421113 0.854839
v -2.6062 -0.95365 -0.94855
vn 0.979927 0.0999561 0.172486
v -2.6062 -0.95171 -0.94958
vn 0.970997 0.0621243 0.230882
v -2.6064 -0.95171 -0.94855
vn 0.991536 0.0395529 0.123657
v -2.6062 -0.92901 -0.95518
vn 0.971454 0.0996846 0.215269
v -2.6072 -0.92901 -0.94855
vn 0.989351 0.0835611 0.119172
v -2.6098 -0.92901 -0.92585
vn 0.991588 0.119159 0.0505363
v -2.6111 -0.9063 -0.94855
vn 0.946566 0.267166 0.180654
v -2.6062 -0.9063 -0.96932
vn 0.963167 0.14136 0.228749
v -2.6205 -0.8836 -0.94855
vn 0.880205 0.455713 0.132532
v -2.6142 -0.9063 -0.92585
vn 0.959577 0.279656 0.0316999
v -2.6219 -0.8836 -0.92585
vn 0.929649 0.366351 -0.0392352
v -2.6062 -0.97032 -0.90314
vn 0.989341 0.141905 -0.0326843
v -2.6089 -0.95171 -0.90314
vn 0.996711 0.074021 -0.0329827
v -2.61 -0.92901 -0.90314
vn 0.992626 0.108413 -0.0542189
v -2.6062 -0.96238 -0.88044
vn 0.988614 0.148483 -0.0244132
v -2.6077 -0.95171 -0.88044
vn 0.998091 0.0568274 -0.0241789
v -2.6081 -0.92901 -0.88044
vn 0.997216 0.0583495 -0.0464278
v -2.6137 -0.9063 -0.90314
vn 0.976553 0.198569 -0.0831504
v -2.6198 -0.8836 -0.90314
vn 0.947972 0.274735 -0.16084
v -2.6109 -0.9063 -0.88044
vn 0.98655 0.125277 -0.105
v -2.6146 -0.8836 -0.88044
vn 0.962991 0.172476 -0.207126
v -2.6265 -0.86089 -0.90314
vn 0.912718 0.307465 -0.269091
v -2.5864 -1.1334 -0.85773
vn 0.995263 0.0641608 -0.0730451
v -2.5898 -1.1106 -0.85773
vn 0.982697 0.160546 -0.0923726
v -2.5852 -1.1561 -0.83503
vn 0.999027 0.0029373 -0.0440039
v -2.5857 -1.1334 -0.83503
vn 0.997251 0.0736742 -0.00790358
v -2.5888 -1.1106 -0.83503
vn 0.988705 0.1491 -0.0152311
v -2.5933 -1.0879 -0.85773
vn 0.983946 0.136976 -0.114403
v -2.5957 -1.0652 -0.85773
vn 0.992496 0.102742 -0.0662991
v -2.5929 -1.0879 -0.83503
vn 0.986662 0.162688 0.00558756
v -2.5965 -1.0652 -0.83503
vn 0.990262 0.133781 0.0385263
v -2.5849 -1.1561 -0.81232
vn 0.998614 0.0472928 -0.0230931
v -2.5861 -1.1334 -0.81232
vn 0.99523 0.0970785 -0.00963724
v -2.5889 -1.1106 -0.81232
vn 0.985616 0.168397 -0.0142805
v -2.5837 -1.1561 -0.78962
vn 0.996562 0.0614615 -0.0555627
v -2.5851 -1.1334 -0.78962
vn 0.993058 0.109006 -0.0442068
v -2.5882 -1.1106 -0.78962
vn 0.985683 0.167315 -0.0208324
v -2.5938 -1.0879 -0.81232
vn 0.984825 0.173537 -0.00216996
v -2.5973 -1.0652 -0.81232
vn 0.993201 0.116386 -0.00262181
v -2.5928 -1.0879 -0.78962
vn 0.98333 0.177602 -0.0389794
v -2.5964 -1.0652 -0.78962
vn 0.99199 0.12174 -0.0337077
v -2.598 -1.0425 -0.85773
vn 0.995739 0.0899206 -0.0204658
v -2.6001 -1.0198 -0.85773
vn 0.997859 0.0628191 0.0182065
v -2.5992 -1.0425 -0.83503
vn 0.994211 0.10449 0.0250222
v -2.6019 -1.0198 -0.83503
vn 0.995131 0.0921173 0.0350579
v -2.601 -0.99712 -0.85773
vn 0.992861 0.101839 0.0620942
v -2.6043 -0.97442 -0.85773
vn 0.98649 0.156059 0.0498345
v -2.6037 -0.99712 -0.83503
vn 0.992266 0.109674 0.058135
v -2.6062 -0.97715 -0.83503
vn 0.991441 0.126665 0.0316305
v -2.6062 -0.97442 -0.83887
vn 0.987169 0.12989 0.0928767
v -2.6066 -0.97442 -0.83503
vn 0.993683 0.107631 0.0317677
v -2.5991 -1.0425 -0.81232
vn 0.996247 0.0811909 -0.0299843
v -2.6011 -1.0198 -0.81232
vn 0.993298 0.109441 -0.0371846
v -2.5982 -1.0425 -0.78962
vn 0.997003 0.0768611 -0.0087837
v -2.5999 -1.0198 -0.78962
vn 0.994589 0.103723 0.00583946
v -2.6038 -0.99712 -0.81232
vn 0.992637 0.118899 -0.0231383
v -2.6062 -0.98105 -0.81232
vn 0.990511 0.136634 -0.0148068
v -2.6071 -0.97442 -0.81232
vn 0.996226 0.086226 -0.00992319
v -2.6028 -0.99712 -0.78962
vn 0.992314 0.123717 -0.00258218
v -2.6062 -0.97442 -0.7969
vn 0.993228 0.101048 -0.0573399
v -2.6057 -0.97442 -0.78962
vn 0.994566 0.103926 0.00619009
v -2.5835 -1.1337 -0.76691
vn 0.994513 0.0753055 -0.0726215
v -2.5835 -1.1561 -0.78721
vn 0.994445 0.0702862 -0.0783514
v -2.5837 -1.1334 -0.76691
vn 0.979151 0.194177 -0.0596454
v -2.5881 -1.1106 -0.76691
vn 0.985639 0.168214 -0.014823
v -2.5835 -1.1305 -0.74421
vn 0.97399 0.222692 -0.0418492
v -2.5835 -1.1334 -0.76335
vn 0.986854 0.158072 -0.0336491
v -2.5882 -1.1106 -0.74421
vn 0.982991 0.17967 -0.0380547
v -2.5817 -1.1561 -0.76691
vn 0.993536 0.0850402 -0.075195
v -2.58 -1.1561 -0.74421
vn 0.991711 0.118358 -0.0500062
v -2.5829 -1.1334 -0.74421
vn 0.990073 0.135361 -0.0378529
v -2.592 -1.0879 -0.76691
vn 0.986005 0.165058 -0.0234482
v -2.5953 -1.0652 -0.76691
vn 0.988547 0.14734 -0.0326534
v -2.5915 -1.0879 -0.74421
vn 0.987563 0.152888 -0.036661
v -2.5948 -1.0652 -0.74421
vn 0.981518 0.190977 -0.0122477
v -2.5835 -1.1257 -0.7215
vn 0.978128 0.203371 -0.0436502
v -2.5868 -1.1106 -0.7215
vn 0.985538 0.158491 -0.0599707
v -2.5835 -1.1205 -0.6988
vn 0.986788 0.161901 0.00618659
v -2.5852 -1.1106 -0.6988
vn 0.988383 0.151596 -0.0108873
v -2.5789 -1.1561 -0.7215
vn 0.991095 0.130972 -0.0240042
v -2.5819 -1.1334 -0.7215
vn 0.989732 0.140609 -0.0257006
v -2.5817 -1.1334 -0.6988
vn 0.989985 0.14031 0.0156043
v -2.5897 -1.0879 -0.7215
vn 0.985353 0.159881 -0.0593102
v -2.5939 -1.0652 -0.7215
vn 0.976815 0.209417 -0.0444567
v -2.5885 -1.0879 -0.6988
vn 0.986744 0.162284 0.000721862
v -2.5931 -1.0652 -0.6988
vn 0.976734 0.213706 0.0179248
v -2.5987 -1.0425 -0.76691
vn 0.99058 0.134649 0.0249294
v -2.6017 -1.0198 -0.76691
vn 0.986236 0.128774 0.10371
v -2.6001 -1.0425 -0.74421
vn 0.977146 0.206624 0.0499247
v -2.6053 -1.0198 -0.74421
vn 0.974231 0.216496 0.0632808
v -2.6039 -0.99712 -0.76691
vn 0.993627 0.0900907 0.0677464
v -2.6056 -0.97442 -0.76691
vn 0.996935 0.0771203 0.0131492
v -2.6062 -1.0125 -0.74421
vn 0.988896 0.107316 0.102803
v -2.6062 -0.99712 -0.75126
vn 0.987304 0.0632167 0.145722
v -2.6073 -0.99712 -0.74421
vn 0.992561 0.0443087 0.1134
v -2.6079 -0.97442 -0.74421
vn 0.996434 0.00741008 0.0840527
v -2.6062 -0.97442 -0.75928
vn 0.993506 0.0453292 0.104358
v -2.5998 -1.0425 -0.7215
vn 0.969475 0.243436 -0.0292787
v -2.606 -1.0198 -0.7215
vn 0.965052 0.260599 -0.0276246
v -2.5988 -1.0425 -0.6988
vn 0.971586 0.23612 0.016402
v -2.604 -1.0198 -0.6988
vn 0.973031 0.230655 0.00317407
v -2.6062 -1.0188 -0.7215
vn 0.986614 0.162179 -0.0170663
v -2.6096 -0.99712 -0.7215
vn 0.996562 0.0786319 0.026111
v -2.6098 -0.97442 -0.7215
vn 0.998697 -0.0351867 0.0369496
v -2.6062 -1.0098 -0.6988
vn 0.982522 0.186144 0.00102139
v -2.6087 -0.99712 -0.6988
vn 0.993941 0.109565 0.0087515
v -2.6101 -0.97442 -0.6988
vn 0.998662 0.00439993 0.0515261
v -2.6062 -0.96425 -0.85773
vn 0.989156 0.141761 0.0383885
v -2.6078 -0.95171 -0.85773
vn 0.998992 0.0432904 0.0118393
v -2.6075 -0.92901 -0.85773
vn 0.999595 0.026421 0.0105668
v -2.6088 -0.95171 -0.83503
vn 0.998778 0.0420279 0.0259939
v -2.6082 -0.92901 -0.83503
vn 0.999864 0.0157267 -0.00503472
v -2.6096 -0.9063 -0.85773
vn 0.998013 0.0546317 -0.0313909
v -2.6102 -0.8836 -0.85773
vn 0.991374 0.0655001 -0.113524
v -2.6091 -0.9063 -0.83503
vn 0.999591 0.0110055 -0.0264142
v -2.6087 -0.8836 -0.83503
vn 0.999617 0.014674 -0.0234791
v -2.6086 -0.95171 -0.81232
vn 0.9993 0.0162428 -0.0337026
v -2.6078 -0.92901 -0.81232
vn 0.999541 0.00367063 -0.0300834
v -2.6062 -0.96945 -0.78962
vn 0.997104 0.0693099 -0.0313015
v -2.6073 -0.95171 -0.78962
vn 0.99943 0.012694 -0.031279
v -2.6069 -0.92901 -0.78962
vn 0.999787 0.0193768 -0.00704409
v -2.6084 -0.9063 -0.81232
vn 0.999629 0.0242134 -0.012476
v -2.6092 -0.8836 -0.81232
vn 0.99864 0.0461787 0.0241905
v -2.6082 -0.9063 -0.78962
vn 0.998206 0.0584084 0.0131862
v -2.61 -0.8836 -0.78962
vn 0.998801 0.0364466 0.0326728
v -2.6062 -0.96627 -0.76691
vn 0.997881 0.0621267 0.0193422
v -2.6071 -0.95171 -0.76691
vn 0.999479 0.0226165 0.0230366
v -2.6075 -0.92901 -0.76691
vn 0.998161 0.043232 0.0424965
v -2.6083 -0.95171 -0.74421
vn 0.998647 0.0259709 0.0450617
v -2.6087 -0.92901 -0.74421
vn 0.997637 0.0585825 0.0358847
v -2.6092 -0.9063 -0.76691
vn 0.993959 0.0890079 0.0642046
v -2.6114 -0.8836 -0.76691
vn 0.996001 0.0168163 0.0877405
v -2.6113 -0.9063 -0.74421
vn 0.990617 0.119983 0.0654394
v -2.6141 -0.8836 -0.74421
vn 0.995743 0.0168124 0.0906307
v -2.6085 -0.95171 -0.7215
vn 0.999853 -0.00880684 0.0146814
v -2.6088 -0.92901 -0.7215
vn 0.995804 0.0914724 0.00250731
v -2.6083 -0.95171 -0.6988
vn 0.998284 -0.0339208 0.0477378
v -2.6083 -0.92901 -0.6988
vn 0.994648 0.0963768 0.0372399
v -2.6123 -0.9063 -0.7215
vn 0.987297 0.153068 0.0426098
v -2.6162 -0.8836 -0.7215
vn 0.996967 0.0588384 0.050941
v -2.6127 -0.9063 -0.6988
vn 0.981363 0.183384 0.0574269
v -2.6168 -0.8836 -0.6988
vn 0.995929 0.0144173 0.0889761
v -2.5835 -1.1287 -0.67609
vn 0.949147 0.186081 0.253958
v -2.5863 -1.1106 -0.67609
vn 0.970852 0.153025 0.184471
v -2.59 -1.1334 -0.65339
vn 0.84432 0.201541 0.496492
v -2.5835 -1.1334 -0.67254
vn 0.947089 0.172961 0.270382
v -2.5961 -1.1106 -0.65339
vn 0.865974 0.19316 0.461278
v -2.5829 -1.1334 -0.67609
vn 0.987106 0.147377 0.0624677
v -2.59 -1.0879 -0.67609
vn 0.945214 0.191542 0.264353
v -2.595 -1.0652 -0.67609
vn 0.93884 0.206646 0.275458
v -2.6017 -1.0879 -0.65339
vn 0.86273 0.17998 0.472551
v -2.6062 -1.1334 -0.63248
vn 0.765475 0.215054 0.606464
v -2.6004 -1.0425 -0.67609
vn 0.959662 0.225266 0.16824
v -2.6058 -1.0198 -0.67609
vn 0.969892 0.226829 0.0886436
v -2.6062 -1.0425 -0.66235
vn 0.881572 0.210162 0.422685
v -2.6165 -1.0198 -0.65339
vn 0.884893 0.159032 0.437805
v -2.6062 -1.0198 -0.67473
vn 0.887399 0.224383 0.402711
v -2.6062 -1.0177 -0.67609
vn 0.956553 0.187317 0.223424
v -2.61 -0.99712 -0.67609
vn 0.966983 0.1237 0.222805
v -2.6122 -0.97442 -0.67609
vn 0.958154 0.0344639 0.28417
v -2.6191 -0.99712 -0.65339
vn 0.896343 0.0829465 0.435533
v -2.6207 -0.97442 -0.65339
vn 0.893206 0.0458024 0.44731
v -2.6113 -0.95171 -0.67609
vn 0.959872 -0.0345283 0.278303
v -2.6105 -0.92901 -0.67609
vn 0.967645 0.0951794 0.233673
v -2.6214 -0.95171 -0.65339
vn 0.889877 0.00930299 0.456105
v -2.6217 -0.92901 -0.65339
vn 0.883763 0.0827814 0.460555
v -2.6158 -0.9063 -0.67609
vn 0.943624 0.18425 0.275002
v -2.6199 -0.8836 -0.67609
vn 0.965129 0.0818268 0.248656
v -2.6254 -0.9063 -0.65339
vn 0.910902 0.127162 0.39254
v -2.6275 -0.8836 -0.65339
vn 0.939329 0.0868979 0.331827
v -2.629 -0.9063 -0.64778
vn 0.816925 0.102445 0.567573
v -2.629 -0.8836 -0.65033
vn 0.859937 0.0681875 0.505825
v -2.9241 -1.3377 -0.99404
vn 0.0421623 -0.0424735 0.998208
v -2.9014 -1.3377 -0.99494
vn 0.0427643 -0.0647007 0.996988
v -2.8787 -1.3377 -0.996
vn 0.061301 -0.0581199 0.996426
v -2.9241 -1.3368 -0.99397
vn 0.037756 -0.117286 0.99238
v -2.9014 -1.3298 -0.99397
vn 0.0528388 -0.0982128 0.993762
v -2.8817 -1.315 -0.99397
vn 0.0683068 -0.0799053 0.994459
v -2.8787 -1.315 -0.99434
vn 0.100771 -0.0725614 0.99226
v -2.856 -1.315 -0.99658
vn 0.0550755 -0.0249542 0.99817
v -2.856 -1.3377 -0.99683
vn 0.0380764 -0.0110038 0.999214
v -2.8333 -1.3377 -0.99773
vn 0.0426916 -0.00792232 0.999057
v -2.8333 -1.315 -0.99762
vn 0.03192 -0.0116674 0.999422
v -2.8333 -1.2923 -0.9972
vn 0.0226797 -0.0138709 0.999647
v -2.8106 -1.315 -0.99803
vn 0.0226797 -0.0138709 0.999647
v -2.8106 -1.2923 -0.99782
vn 0.0273017 -0.00924666 0.999584
v -2.7147 -1.2469 -0.99397
vn -0.105198 -0.0433305 0.993507
v -2.7198 -1.2469 -0.99451
vn -0.105198 -0.0433305 0.993507
v -2.8106 -1.2709 -0.65339
vn -0.117759 -0.723841 0.679844
v -2.8333 -1.2561 -0.63068
vn 0.362453 -0.657649 0.660398
v -2.856 -1.2588 -0.63068
vn 0.218197 -0.750919 0.623307
v -2.856 -1.2242 -0.59332
vn 0.451034 -0.476901 0.75441
v -2.8787 -1.2242 -0.59109
vn 0.065683 -0.7407 0.668617
v -2.8787 -1.2171 -0.58527
vn 0.0757555 -0.632131 0.77115
v -2.7879 -1.2753 -0.65339
vn -0.116007 -0.679878 0.724091
v -2.7652 -1.279 -0.65339
vn -0.0375833 -0.682528 0.729893
v -2.7652 -1.2696 -0.6446
vn -0.0486966 -0.339636 0.939295
v -2.7425 -1.2778 -0.65339
vn 0.081294 -0.68794 0.7212
v -2.7425 -1.2696 -0.64548
vn 0.0452903 -0.260216 0.964488
v -2.7198 -1.2717 -0.65339
vn 0.183083 -0.694778 0.695532
v -2.7198 -1.2696 -0.65107
vn 0.181871 -0.72902 0.659888
v -2.7425 -1.2469 -0.64507
vn -0.0369737 -0.0180446 0.999153
v -2.7138 -1.2696 -0.65339
vn 0.251164 -0.717619 0.649569
v -2.6631 -1.2469 -0.65339
vn 0.243205 -0.57254 0.782974
v -2.6744 -1.2469 -0.64988
vn 0.243205 -0.57254 0.782974
v -2.6744 -1.2517 -0.65339
vn 0.243205 -0.57254 0.782974
v -2.7198 -1.2469 -0.64554
vn -0.0252273 0.435612 0.899781
v -2.6517 -1.2412 -0.65339
vn 0.218398 -0.538877 0.813581
v -2.629 -1.232 -0.65339
vn 0.278094 -0.625711 0.7288
v -2.629 -1.2242 -0.64184
vn 0.290143 -0.603827 0.742435
v -2.5906 -1.1788 -0.81232
vn 0.870269 -0.485948 -0.0805458
v -2.5882 -1.1788 -0.78962
vn 0.875874 -0.4721 -0.0998328
v -2.5856 -1.1788 -0.76691
vn 0.828547 -0.550082 -0.104499
v -2.5835 -1.1698 -0.76691
vn 0.972494 -0.205567 -0.109536
v -2.5842 -1.1788 -0.74421
vn 0.83521 -0.548098 -0.044864
v -2.5835 -1.1764 -0.74421
vn 0.969115 -0.238028 -0.0644871
v -2.5835 -1.1851 -0.6988
vn 0.843512 -0.517758 -0.142879
v -2.6062 -1.2195 -0.65339
vn 0.668628 -0.661246 0.340133
v -2.6062 -1.2181 -0.67609
vn 0.710155 -0.704004 -0.00763084
v -2.5895 -1.2015 -0.65339
vn 0.790885 -0.552161 0.263854
v -2.5886 -1.2015 -0.67609
vn 0.764417 -0.643947 -0.0316096
v -2.5835 -1.1933 -0.67609
vn 0.906828 -0.420277 -0.0320909
v -2.6134 -1.2242 -0.65339
vn 0.415327 -0.63253 0.653765
v -2.8333 -0.9063 -0.92473
vn -0.0218694 0.979321 -0.201128
v -2.581 -1.1788 -0.6988
vn 0.983363 -0.16691 -0.0716774
v -2.8574 -1.1106 -0.78962
vn 0.922556 0.208756 -0.324517
v -2.856 -1.1106 -0.78564
vn 0.94523 0.218098 -0.242846
v -2.856 -1.1153 -0.78962
vn 0.908169 0.270513 -0.319456
v -2.856 -1.0915 -0.76691
vn 0.951461 0.208071 -0.226776
v -2.8622 -1.0879 -0.78962
vn 0.958968 0.147557 -0.242091
v -2.8565 -1.0879 -0.76691
vn 0.974148 0.0760394 -0.212729
v -2.8581 -1.0652 -0.76691
vn 0.994477 0.0513868 -0.0915092
v -2.856 -1.0879 -0.76069
vn 0.99541 0.0762323 -0.057857
v -2.8567 -1.0652 -0.74421
vn 0.998097 0.0517762 -0.0334761
v -2.856 -1.0711 -0.7215
vn 0.996887 0.0761469 -0.0204535
v -2.8578 -1.0425 -0.74421
vn 0.999062 0.0385152 -0.0198014
v -2.8582 -1.0425 -0.76691
vn 0.999835 0.00441055 -0.0176212
v -2.8578 -1.0425 -0.7215
vn 0.998719 0.0505964 0
v -2.859 -1.0198 -0.74421
vn 0.998606 0.0527878 0
v -2.8333 -0.93708 -0.6988
vn 0.283796 -0.744729 0.604018
v -2.8106 -0.92901 -0.68876
vn -0.00249754 -0.77666 0.629915
v -2.7879 -1.2923 -0.9979
vn -0.00646095 -0.00058728 0.999979
v -2.7652 -1.2923 -0.99753
vn 0.000991186 -0.00936169 0.999956
v -2.7652 -1.2696 -0.99771
vn -0.0189381 -0.00968949 0.999774
v -2.7425 -1.2696 -0.99688
vn -0.0294649 -0.0504274 0.998293
v -2.6971 -1.2469 -0.99194
vn -0.0525082 -0.136187 0.989291
v -2.8564 -1.0652 -0.7215
vn 0.99773 0.0627964 -0.0243178
v -2.8587 -1.0198 -0.7215
vn 0.998099 0 -0.0616323
v -2.8584 -0.99712 -0.7215
vn 0.994041 -0.0269693 -0.105618
v -2.856 -0.99712 -0.69899
vn 0.992188 -0.0449147 -0.116389
v -2.856 -0.97442 -0.70762
vn 0.988214 -0.0910384 -0.123064
v -2.8547 -0.97442 -0.6988
vn 0.994089 -0.0996992 -0.0429792
v -2.7879 -0.8836 -0.67787
vn -0.226487 -0.101904 0.968669
v -2.7828 -0.8836 -0.67609
vn -0.373224 -0.112497 0.920895
v -2.7652 -0.8836 -0.66867
vn -0.425844 -0.182706 0.886158
v -2.6517 -0.75926 -0.63068
vn 0.889916 0.187876 -0.415635
v -2.6424 -0.74737 -0.60798
vn 0.956769 0.236553 -0.169219
v -2.7198 -0.73218 -0.58527
vn -0.342935 -0.486239 0.803721
v -2.7198 -0.72466 -0.58027
vn -0.345661 -0.365734 0.864151
v -2.6744 -0.77007 -0.57877
vn -0.253002 -0.425521 0.868862
v -2.7001 -0.74737 -0.58527
vn -0.357647 -0.463836 0.810521
v -2.7879 -1.2469 -0.99772
vn 0.00733051 -0.0543962 0.998493
v -2.7879 -1.2696 -0.99783
vn 0.00308258 -0.00484442 0.999984
v -2.7652 -1.2469 -0.99779
vn 0.00307989 -0.0420325 0.999111
v -2.7879 -1.2242 -0.99592
vn 0.00944101 -0.0790437 0.996826
v -2.8106 -1.2469 -0.99736
vn 0.0158079 -0.0790373 0.996746
v -2.7425 -1.2242 -0.99507
vn -0.0798353 -0.0705235 0.99431
v -2.7425 -1.2469 -0.99668
vn -0.0798353 -0.0705235 0.99431
v -2.7198 -1.1771 -0.6988
vn -0.465259 0.766286 0.443102
v -2.6744 -1.2242 -0.64704
vn -0.251117 0.126838 0.959611
v -2.9014 -1.0425 -0.56495
vn -0.45864 0.0768294 0.885294
v -2.9241 -1.0652 -0.57474
vn -0.45864 0.0768294 0.885294
v -2.9014 -1.0652 -0.56298
vn -0.45864 0.0768294 0.885294
v -2.9019 -0.99712 -0.56257
vn -0.190978 -0.0192537 0.981405
v -2.9241 -0.99712 -0.56689
vn -0.16946 -0.0990502 0.980547
v -2.9014 -1.0012 -0.56257
vn 0.197465 -0.146948 0.969234
v -2.9241 -1.0198 -0.57106
vn -0.232768 -0.154223 0.960226
v -2.9014 -1.0198 -0.56503
vn 0.562605 -0.0261845 0.826311
v -2.9041 -0.97442 -0.56257
vn -0.11824 -0.028732 0.992569
v -2.9241 -0.97442 -0.56431
vn -0.0865664 -0.0499577 0.994993
v -2.9006 -0.99712 -0.56257
vn 0.824134 -0.0800191 0.560713
v -2.8988 -0.97442 -0.56257
vn 0.852187 0.00168269 0.523235
v -2.9014 -0.99712 -0.5619
vn 0.696243 -0.061483 0.715168
v -2.9014 -0.97442 -0.55991
vn 0.714954 -0.0200083 0.698885
v -2.9037 -0.95171 -0.56257
vn -0.115335 0.0178817 0.993166
v -2.9241 -0.95171 -0.56461
vn -0.0952691 0.0207955 0.995234
v -2.9029 -0.92901 -0.56257
vn -0.145602 0.00160384 0.989342
v -2.9241 -0.92901 -0.56569
vn -0.133207 0.0106684 0.991031
v -2.9032 -0.9063 -0.56257
vn -0.142346 -0.00302196 0.989812
v -2.9241 -0.9063 -0.56554
vn -0.143237 -0.00021756 0.989688
v -2.9033 -0.8836 -0.56257
vn -0.144511 0.00294977 0.989499
v -2.9241 -0.8836 -0.56569
vn -0.148338 0.00653317 0.988915
v -2.8985 -0.9063 -0.56257
vn 0.85491 0.0141058 0.518585
v -2.9014 -0.95171 -0.5606
vn 0.70701 0.0146073 0.707053
v -2.9014 -0.92901 -0.56066
vn 0.679688 -0.0148186 0.733351
v -2.9014 -0.9063 -0.55974
vn 0.716428 -0.00994087 0.697591
v -2.9014 -0.8836 -0.5595
vn 0.750878 -0.00698305 0.660404
v -2.6744 -0.97442 -0.61224
vn -0.0773979 -0.0933908 0.992617
v -2.6744 -0.95171 -0.6092
vn -0.159009 -0.123599 0.97951
v -2.6971 -0.95171 -0.62134
vn -0.427575 -0.197368 0.882171
v -2.6867 -0.92901 -0.60798
vn -0.197871 -0.194625 0.960712
v -2.6744 -0.94066 -0.60798
vn -0.109078 -0.191853 0.975343
v -2.6662 -0.92901 -0.60798
vn 0.324536 -0.056916 0.94416
v -2.6744 -0.86089 -0.61132
vn -0.0402076 0.70481 0.708256
v -2.6744 -0.92901 -0.60674
vn 0 -0.111638 0.993749
v -2.7015 -0.9063 -0.60798
vn -0.428565 -0.109947 0.896796
v -2.9536 -1.315 -0.99397
vn -0.0360539 0.000792625 0.99935
v -2.9468 -1.3292 -0.99397
vn -0.0548156 -0.0230126 0.998231
v -2.9478 -1.2923 -0.99397
vn -0.0457114 0.0114676 0.998889
v -2.9468 -1.315 -0.9935
vn -0.0819187 -0.00191307 0.996637
v -2.9468 -1.2923 -0.99388
vn -0.0857456 0.0166752 0.996178
v -2.9241 -1.315 -0.99155
vn -0.0855859 -0.00243015 0.996328
v -2.9014 -1.315 -0.99175
vn 0.0467455 -0.058865 0.997171
v -2.9014 -1.2923 -0.99041
vn 0.0823364 -0.0324992 0.996075
v -2.9241 -1.2923 -0.99085
vn -0.0193462 -0.0589184 0.998075
v -2.8787 -1.3091 -0.99397
vn 0.116701 -0.0524772 0.99178
v -2.8787 -1.2923 -0.99322
vn 0.123703 0.00935021 0.992275
v -2.8737 -1.2923 -0.99397
vn 0.0990559 0.00673246 0.995059
v -2.856 -1.2923 -0.99586
vn 0.079696 -0.00614556 0.9968
v -2.856 -1.2696 -0.99572
vn 0.0646036 0.00331519 0.997905
v -2.8774 -1.2696 -0.99397
vn 0.0959343 0.015835 0.995262
v -2.9014 -1.2696 -0.99107
vn 0.121083 0.0271021 0.992272
v -2.8787 -1.2696 -0.9938
vn 0.119922 0.0253586 0.992459
v -2.8333 -1.2696 -0.9967
vn 0.0372693 0.010858 0.999246
v -2.856 -1.2469 -0.99654
vn 0.0343278 0.0272867 0.999038
v -2.8333 -1.2469 -0.99712
vn 0.0155588 -0.0224586 0.999627
v -2.8106 -1.2696 -0.99737
vn 0.0155626 -0.00190868 0.999877
v -2.8106 -1.2242 -0.99542
vn 0.0105323 -0.0851481 0.996313
v -2.6629 -1.2469 -0.6988
vn 0.473295 -0.841997 -0.258907
v -2.629 -1.2195 -0.74421
vn 0.492813 -0.862719 -0.113367
v -2.629 -1.2222 -0.7215
vn 0.508461 -0.853831 -0.111536
v -2.6329 -1.2242 -0.7215
vn 0.430174 -0.89474 -0.119959
v -2.6517 -1.2405 -0.6988
vn 0.503506 -0.829668 -0.241107
v -2.629 -1.226 -0.6988
vn 0.525981 -0.822857 -0.215058
v -2.8787 -1.2015 -0.57772
vn 0.11441 -0.170824 0.978637
v -2.8947 -1.2015 -0.58527
vn -0.416638 -0.216393 0.882942
v -2.9014 -1.1886 -0.58527
vn -0.364495 -0.236439 0.900689
v -2.8787 -1.1788 -0.57389
vn 0.1213 -0.109686 0.986537
v -2.9014 -1.1788 -0.58041
vn -0.26084 -0.327489 0.908137
v -2.9014 -1.1561 -0.57355
vn 0.0180657 -0.106747 0.994122
v -2.7198 -1.2783 -0.67609
vn 0.28286 -0.941325 0.184114
v -2.6971 -1.2696 -0.68168
vn 0.412908 -0.887403 -0.204995
v -2.6971 -1.2698 -0.67609
vn 0.348488 -0.937313 0
v -2.6964 -1.2696 -0.67609
vn 0.409863 -0.912147 0
v -2.6744 -1.2596 -0.67609
vn 0.454497 -0.890372 0.0258831
v -2.6971 -1.2696 -0.67134
vn 0.373724 -0.88244 0.285709
v -2.6971 -1.262 -0.65339
vn 0.305098 -0.685239 0.661334
v -2.6519 -1.2469 -0.67609
vn 0.486842 -0.873487 -0.00235313
v -2.6971 -1.2469 -0.64694
vn 0.00830785 0.00266085 0.999962
v -2.6517 -1.2467 -0.67609
vn 0.529619 -0.848135 -0.013074
v -2.629 -1.2326 -0.67609
vn 0.502462 -0.860941 -0.0794559
v -2.6971 -1.2242 -0.65241
vn -0.22089 0.236545 0.946179
v -2.6519 -1.2015 -0.63068
vn -0.220164 -0.440853 0.870159
v -2.6517 -1.2015 -0.63055
vn -0.0776329 -0.846904 0.526048
v -2.6262 -1.2242 -0.6988
vn 0.53302 -0.813502 -0.232604
v -2.6154 -1.2242 -0.67609
vn 0.520824 -0.840761 -0.147861
v -2.8584 -0.99712 -0.74421
vn 0.999782 -0.0198324 -0.00660204
v -2.9014 -1.1334 -0.56945
vn 0.0913195 -0.126319 0.987777
v -2.9014 -1.1106 -0.56613
vn -0.0469724 -0.10912 0.992918
v -2.9241 -1.1106 -0.57708
vn -0.431342 -0.119882 0.894188
v -2.9241 -1.0879 -0.5743
vn -0.42777 -0.0642116 0.901604
v -2.9014 -1.0879 -0.56362
vn -0.014512 -0.0573882 0.998246
v -2.8787 -1.1106 -0.57419
vn 0.509089 -0.0348359 0.860008
v -2.8787 -1.0879 -0.57364
vn 0.531084 0.000432534 0.847319
v -2.8787 -1.0652 -0.57668
vn 0.672938 0.141399 0.726059
v -2.9241 -1.0425 -0.5742
vn -0.376305 -0.0748535 0.923467
v -2.6744 -1.0827 -0.63068
vn -0.417695 -0.270162 0.867493
v -2.6744 -1.0652 -0.62523
vn -0.419569 -0.254263 0.871385
v -2.6744 -1.0425 -0.61895
vn -0.334612 -0.153859 0.929711
v -2.6744 -1.0198 -0.6161
vn -0.192118 -0.0528267 0.979949
v -2.6517 -1.0198 -0.61282
vn 0.375045 0.0371137 0.926263
v -2.6744 -0.99712 -0.61462
vn -0.0206665 -0.0262086 0.999443
v -2.9468 -1.3377 -0.99426
vn -0.0108328 -0.0279556 0.99955
v -2.9468 -1.272 -0.99397
vn -0.130518 0.0043957 0.991436
v -2.7652 -1.2242 -0.99606
vn -0.0212979 -0.0759725 0.996882
v -2.7198 -1.235 -0.99397
vn -0.113844 -0.0747581 0.990682
v -2.7198 -1.2242 -0.99287
vn -0.128231 -0.100491 0.98664
v -2.6971 -1.2242 -0.98985
vn -0.127457 -0.217722 0.967653
v -2.6971 -1.2015 -0.97628
vn -0.134142 -0.508469 0.850568
v -2.8426 -1.1561 -0.74421
vn 0.938138 0.329238 0.107233
v -2.8333 -1.1779 -0.74421
vn 0.904775 0.385983 0.179998
v -2.8392 -1.1561 -0.76691
vn 0.929273 0.368435 0.0266053
v -2.8413 -1.1561 -0.78962
vn 0.918276 0.38228 -0.103109
v -2.8482 -1.1334 -0.76691
vn 0.945552 0.32546 0.00253266
v -2.8512 -1.1334 -0.78962
vn 0.909972 0.396863 -0.120209
v -2.8528 -1.1106 -0.76691
vn 0.986662 0.162779 0.001293
v -2.7485 -0.8836 -0.65339
vn -0.551875 -0.0267268 0.833499
v -2.6971 -0.75023 -0.58527
vn -0.491785 -0.408449 0.768971
v -2.6971 -0.74737 -0.58312
vn -0.477317 -0.429369 0.766688
v -2.6817 -0.77007 -0.58527
vn -0.498242 -0.386739 0.776007
v -2.8494 -0.97442 -0.76691
vn 0.937882 -0.250904 0.239635
v -2.8552 -0.97442 -0.74421
vn 0.941886 -0.251976 0.222171
v -2.856 -0.97741 -0.74421
vn 0.973394 -0.181758 0.139532
v -2.8566 -0.97442 -0.7215
vn 0.995795 -0.0916085 0
v -2.856 -0.97103 -0.7215
vn 0.915202 -0.402994 0
v -2.8333 -0.94504 -0.7215
vn 0.166294 -0.924644 0.342606
v -2.8106 -0.93834 -0.6988
vn -0.151374 -0.818792 0.553773
v -2.8106 -0.95171 -0.72128
vn -0.259988 -0.807462 0.529538
v -2.7879 -0.9618 -0.7215
vn -0.308014 -0.706842 0.636791
v -2.7879 -0.95171 -0.7103
vn -0.265512 -0.776302 0.571716
v -2.7879 -0.94244 -0.6988
vn -0.291063 -0.701491 0.650532
v -2.7725 -0.95171 -0.6988
vn -0.42436 -0.704973 0.568271
v -2.6952 -0.99712 -0.63068
vn -0.607409 -0.110439 0.786675
v -2.6911 -1.0198 -0.63068
vn -0.607452 -0.109815 0.786729
v -2.6971 -0.9868 -0.63068
vn -0.587581 -0.125012 0.79945
v -2.6971 -0.97442 -0.62744
vn -0.543262 -0.215951 0.811315
v -2.8106 -0.9063 -0.68046
vn 0.0544503 -0.204351 0.977382
v -2.9052 -0.83819 -0.60798
vn 0.519531 0.84762 0.107836
v -2.9241 -0.82672 -0.63068
vn 0.316585 0.947926 0.0347831
v -2.856 -0.83675 -0.67609
vn 0.151755 0.959293 0.238177
v -2.9014 -0.84391 -0.58527
vn 0.802452 0.578609 0.145885
v -2.9093 -0.83819 -0.58527
vn 0.124496 0.865126 0.485857
v -2.9024 -0.86089 -0.56257
vn -0.284868 0.0183844 0.95839
v -2.9241 -0.86089 -0.56902
vn -0.23351 0.369328 0.899483
v -2.9014 -0.85416 -0.56257
vn 0.31135 0.703194 0.639203
v -2.9241 -0.83819 -0.58382
vn 0.0803898 0.565937 0.82052
v -2.9004 -0.86089 -0.56257
vn 0.945343 0.0867022 0.314339
v -2.9014 -0.86089 -0.56091
vn 0.792886 0.0554217 0.606844
v -2.7652 -0.95171 -0.69133
vn -0.462046 -0.622141 0.632023
v -2.6971 -0.92901 -0.61417
vn -0.489279 -0.29131 0.822037
v -2.6744 -1.2009 -0.97126
vn -0.108744 -0.843571 0.525892
v -2.6744 -1.1788 -0.93689
vn -0.307102 -0.6443 0.700404
v -2.6971 -1.1561 -0.93465
vn -0.263203 -0.443481 0.856766
v -2.7198 -1.1561 -0.94047
vn -0.224996 -0.42338 0.877568
v -2.8279 -1.1788 -0.76691
vn 0.795633 0.579874 0.175254
v -2.9187 -1.1561 -0.58527
vn -0.545812 -0.230178 0.805672
v -2.9074 -1.1788 -0.58527
vn -0.540211 -0.268918 0.797405
v -2.856 -1.0281 -0.78962
vn 0.991554 -0.0159172 0.128716
v -2.8586 -1.0198 -0.76691
vn 0.999199 0.00879561 0.0390413
v -2.856 -1.0198 -0.78488
vn 0.977045 -0.105646 0.184993
v -2.8543 -1.0198 -0.78962
vn 0.924277 -0.1893 0.331477
v -2.9241 -1.1392 -0.58527
vn -0.537684 -0.178964 0.823935
v -2.9241 -1.1334 -0.58317
vn -0.5024 -0.238032 0.831225
v -2.6702 -1.1106 -0.63068
vn -0.600448 -0.0283483 0.799161
v -2.6732 -1.0879 -0.63068
vn -0.55375 -0.08336 0.8285
v -2.9468 -1.2696 -0.99399
vn -0.0405782 0 0.999176
v -2.9468 -1.269 -0.99397
vn -0.0647779 -0.0948413 0.993383
v -2.9468 -1.2469 -0.99146
vn -0.0672983 -0.211576 0.975042
v -2.9466 -1.2696 -0.99397
vn -0.129909 -0.0400926 0.990715
v -2.9241 -1.2696 -0.99102
vn -0.0362522 -0.00422322 0.999334
v -2.9241 -1.2469 -0.98998
vn -0.00016404 -0.149325 0.988788
v -2.9014 -1.2469 -0.99153
vn 0.0927967 -0.0690657 0.993287
v -2.8787 -1.249 -0.99397
vn 0.0878196 0.0345453 0.995537
v -2.8787 -1.2469 -0.99461
vn 0.0907593 0 0.995873
v -2.8842 -1.2469 -0.99397
vn 0.118465 0.0111904 0.992895
v -2.9241 -1.2242 -0.9853
vn 0.0528666 -0.481498 0.874852
v -2.8787 -1.2364 -0.99397
vn 0.122256 -0.137634 0.982909
v -2.8578 -1.2242 -0.99397
vn 0.0749834 -0.528427 0.845661
v -2.856 -1.2242 -0.99409
vn 0.0372949 -0.110498 0.993176
v -2.856 -1.2238 -0.99397
vn 0.0770567 -0.712328 0.697603
v -2.8787 -1.2242 -0.99132
vn 0.113312 -0.56792 0.815247
v -2.856 -1.2027 -0.97126
vn 0.0515672 -0.752271 0.656832
v -2.8333 -1.2242 -0.99489
vn 0.0279725 -0.118181 0.992598
v -2.8333 -1.2212 -0.99397
vn 0.0995508 -0.674967 0.731101
v -2.8106 -1.2189 -0.99397
vn 0.0678326 -0.585597 0.807759
v -2.8333 -1.2015 -0.97316
vn 0.138735 -0.758028 0.637296
v -2.8106 -1.2015 -0.97799
vn 0.104269 -0.745722 0.658047
v -2.8333 -1.2006 -0.97126
vn 0.0913575 -0.786687 0.610555
v -2.7879 -1.217 -0.99397
vn 0.0280984 -0.528962 0.84818
v -2.7879 -1.2015 -0.98141
vn 0.0622971 -0.736667 0.673381
v -2.8106 -1.2772 -0.67609
vn -0.174371 -0.945445 0.275189
v -2.7198 -1.2015 -0.67474
vn -0.454923 0.534317 0.712425
v -2.6883 -1.1788 -0.65339
vn -0.570817 -0.0276562 0.820612
v -2.6744 -1.2015 -0.6444
vn -0.44988 -0.292257 0.843916
v -2.6744 -1.1866 -0.63068
vn -0.409283 -0.618042 0.671202
v -2.629 -1.202 -0.83503
vn 0.209789 -0.96511 -0.156685
f 1//1 2//2 3//3
f 3//3 2//2 4//4
f 3//3 4//4 5//5
f 5//5 4//4 6//6
f 7//7 4//4 2//2
f 8//8 9//9 10//10
f 11//11 12//12 13//13
f 14//14 15//15 16//16
f 16//16 17//17 14//14
f 18//18 17//17 19//19
f 20//20 21//21 22//22
f 23//23 19//19 24//24
f 24//24 22//22 23//23
f 23//23 18//18 19//19
f 21//21 25//25 22//22
f 26//26 23//23 22//22
f 26//26 22//22 25//25
f 26//26 25//25 27//27
f 28//28 29//29 26//26
f 26//26 29//29 23//23
f 28//28 30//30 31//31
f 32//32 33//33 34//34
f 5//5 6//6 35//35
f 5//5 35//35 36//36
f 36//36 35//35 37//37
f 36//36 37//37 38//38
f 38//38 39//39 36//36
f 36//36 40//40 41//41
f 41//41 5//5 36//36
f 40//40 36//36 39//39
f 35//35 6//6 42//42
f 39//39 38//38 43//43
f 43//43 44//44 39//39
f 44//44 43//43 45//45
f 45//45 46//46 44//44
f 46//46 45//45 47//47
f 47//47 48//48 46//46
f 49//49 50//50 51//51
f 48//48 47//47 49//49
f 49//49 47//47 50//50
f 50//50 47//47 52//52
f 48//48 53//53 46//46
f 51//51 50//50 54//54
f 54//54 50//50 55//55
f 56//56 55//55 50//50
f 50//50 52//52 56//56
f 54//54 55//55 57//57
f 57//57 55//55 58//58
f 56//56 58//58 55//55
f 59//59 60//60 61//61
f 61//61 62//62 59//59
f 63//63 59//59 62//62
f 62//62 64//64 63//63
f 65//65 66//66 67//67
f 68//68 63//63 64//64
f 64//64 69//69 68//68
f 65//65 68//68 69//69
f 67//67 66//66 70//70
f 70//70 66//66 71//71
f 70//70 71//71 72//72
f 72//72 71//71 73//73
f 72//72 74//74 75//75
f 75//75 70//70 72//72
f 76//76 31//31 77//77
f 77//77 31//31 30//30
f 77//77 30//30 78//78
f 79//79 80//80 81//81
f 57//57 58//58 82//82
f 82//82 58//58 83//83
f 82//82 83//83 84//84
f 84//84 85//85 82//82
f 86//86 57//57 82//82
f 86//86 82//82 87//87
f 87//87 82//82 85//85
f 85//85 84//84 88//88
f 88//88 84//84 89//89
f 88//88 89//89 90//90
f 90//90 89//89 91//91
f 90//90 91//91 92//92
f 91//91 89//89 93//93
f 87//87 85//85 88//88
f 90//90 92//92 79//79
f 79//79 94//94 90//90
f 94//94 79//79 81//81
f 95//95 90//90 94//94
f 72//72 73//73 96//96
f 96//96 97//97 98//98
f 98//98 97//97 99//99
f 96//96 100//100 74//74
f 74//74 72//72 96//96
f 98//98 101//101 100//100
f 100//100 96//96 98//98
f 98//98 99//99 102//102
f 101//101 98//98 102//102
f 103//103 104//104 105//105
f 106//106 107//107 108//108
f 109//109 110//110 111//111
f 110//110 112//112 111//111
f 111//111 112//112 113//113
f 106//106 112//112 114//114
f 115//115 114//114 112//112
f 112//112 110//110 115//115
f 116//116 114//114 117//117
f 118//118 119//119 115//115
f 120//120 62//62 61//61
f 121//121 64//64 62//62
f 62//62 120//120 121//121
f 121//121 122//122 123//123
f 123//123 122//122 65//65
f 123//123 69//69 121//121
f 121//121 69//69 64//64
f 29//29 18//18 23//23
f 93//93 124//124 91//91
f 91//91 125//125 126//126
f 127//127 128//128 129//129
f 130//130 127//127 131//131
f 132//132 128//128 130//130
f 130//130 133//133 132//132
f 132//132 129//129 128//128
f 92//92 126//126 79//79
f 79//79 126//126 134//134
f 125//125 134//134 126//126
f 79//79 134//134 132//132
f 79//79 132//132 133//133
f 79//79 133//133 80//80
f 133//133 130//130 131//131
f 131//131 135//135 133//133
f 135//135 80//80 133//133
f 93//93 89//89 136//136
f 136//136 89//89 84//84
f 137//137 138//138 139//139
f 65//65 69//69 123//123
f 129//129 140//140 127//127
f 141//141 142//142 143//143
f 144//144 145//145 146//146
f 147//147 148//148 149//149
f 105//105 150//150 107//107
f 151//151 152//152 153//153
f 152//152 154//154 155//155
f 156//156 157//157 158//158
f 159//159 157//157 156//156
f 159//159 156//156 160//160
f 161//161 162//162 163//163
f 163//163 162//162 164//164
f 163//163 164//164 165//165
f 165//165 164//164 166//166
f 165//165 166//166 167//167
f 167//167 166//166 168//168
f 167//167 168//168 169//169
f 169//169 170//170 167//167
f 171//171 172//172 173//173
f 173//173 172//172 174//174
f 175//175 176//176 172//172
f 175//175 172//172 171//171
f 177//177 174//174 172//172
f 172//172 178//178 177//177
f 178//178 172//172 176//176
f 176//176 179//179 178//178
f 180//180 181//181 182//182
f 180//180 182//182 183//183
f 177//177 184//184 183//183
f 183//183 182//182 177//177
f 180//180 183//183 185//185
f 185//185 183//183 184//184
f 184//184 186//186 185//185
f 185//185 187//187 180//180
f 180//180 187//187 170//170
f 180//180 170//170 169//169
f 187//187 185//185 186//186
f 178//178 188//188 177//177
f 177//177 188//188 184//184
f 179//179 189//189 178//178
f 178//178 189//189 188//188
f 186//186 184//184 190//190
f 190//190 184//184 188//188
f 190//190 188//188 191//191
f 191//191 188//188 189//189
f 192//192 189//189 179//179
f 192//192 193//193 194//194
f 194//194 193//193 195//195
f 191//191 189//189 192//192
f 194//194 196//196 192//192
f 196//196 194//194 195//195
f 197//197 198//198 199//199
f 200//200 201//201 202//202
f 203//203 202//202 201//201
f 201//201 204//204 203//203
f 205//205 203//203 206//206
f 205//205 206//206 207//207
f 206//206 203//203 204//204
f 208//208 209//209 207//207
f 208//208 207//207 210//210
f 211//211 208//208 212//212
f 212//212 208//208 210//210
f 207//207 209//209 205//205
f 153//153 213//213 151//151
f 214//214 151//151 213//213
f 160//160 215//215 216//216
f 211//211 217//217 218//218
f 217//217 211//211 219//219
f 219//219 211//211 212//212
f 220//220 218//218 217//217
f 221//221 217//217 219//219
f 222//222 160//160 216//216
f 223//223 224//224 161//161
f 223//223 161//161 163//163
f 225//225 163//163 165//165
f 225//225 165//165 226//226
f 226//226 165//165 167//167
f 226//226 167//167 227//227
f 227//227 167//167 170//170
f 227//227 170//170 187//187
f 230//230 231//231 232//232
f 231//231 230//230 233//233
f 234//234 229//229 236//236
f 236//236 229//229 237//237
f 231//231 238//238 232//232
f 232//232 238//238 237//237
f 236//236 235//235 234//234
f 236//236 237//237 241//241
f 241//241 237//237 242//242
f 242//242 237//237 238//238
f 241//241 243//243 239//239
f 241//241 239//239 236//236
f 236//236 239//239 235//235
f 242//242 162//162 243//243
f 243//243 241//241 242//242
f 240//240 239//239 224//224
f 224//224 239//239 243//243
f 224//224 243//243 162//162
f 162//162 161//161 224//224
f 233//233 244//244 231//231
f 231//231 244//244 238//238
f 233//233 245//245 244//244
f 242//242 238//238 246//246
f 246//246 238//238 244//244
f 246//246 244//244 247//247
f 247//247 244//244 245//245
f 246//246 164//164 162//162
f 162//162 242//242 246//246
f 247//247 166//166 164//164
f 164//164 246//246 247//247
f 247//247 245//245 248//248
f 247//247 248//248 249//249
f 181//181 250//250 249//249
f 249//249 168//168 166//166
f 166//166 247//247 249//249
f 250//250 169//169 168//168
f 168//168 249//249 250//250
f 250//250 181//181 180//180
f 180//180 169//169 250//250
f 251//251 158//158 252//252
f 252//252 158//158 157//157
f 252//252 157//157 159//159
f 251//251 151//151 214//214
f 155//155 153//153 152//152
f 152//152 151//151 253//253
f 253//253 151//151 251//251
f 253//253 251//251 252//252
f 253//253 252//252 254//254
f 254//254 252//252 159//159
f 254//254 159//159 255//255
f 255//255 159//159 222//222
f 154//154 152//152 253//253
f 154//154 253//253 256//256
f 256//256 253//253 257//257
f 256//256 257//257 258//258
f 258//258 259//259 256//256
f 254//254 257//257 253//253
f 255//255 258//258 257//257
f 257//257 254//254 255//255
f 255//255 222//222 260//260
f 260//260 261//261 255//255
f 261//261 260//260 262//262
f 263//263 255//255 261//261
f 263//263 261//261 264//264
f 264//264 261//261 262//262
f 264//264 262//262 265//265
f 265//265 262//262 266//266
f 160//160 222//222 159//159
f 267//267 220//220 268//268
f 268//268 269//269 267//267
f 217//217 268//268 220//220
f 221//221 268//268 217//217
f 216//216 260//260 222//222
f 262//262 260//260 216//216
f 262//262 216//216 267//267
f 262//262 267//267 270//270
f 270//270 266//266 262//262
f 270//270 267//267 271//271
f 271//271 267//267 269//269
f 271//271 266//266 270//270
f 272//272 273//273 274//274
f 275//275 276//276 277//277
f 278//278 155//155 154//154
f 154//154 279//279 278//278
f 279//279 154//154 280//280
f 280//280 154//154 256//256
f 118//118 281//281 282//282
f 118//118 282//282 283//283
f 284//284 117//117 119//119
f 284//284 119//119 283//283
f 284//284 283//283 285//285
f 283//283 119//119 118//118
f 284//284 286//286 287//287
f 283//283 282//282 288//288
f 289//289 290//290 291//291
f 291//291 292//292 293//293
f 294//294 295//295 296//296
f 294//294 296//296 297//297
f 297//297 298//298 294//294
f 299//299 300//300 297//297
f 297//297 300//300 298//298
f 198//198 294//294 298//298
f 198//198 298//298 301//301
f 301//301 298//298 300//300
f 199//199 198//198 301//301
f 302//302 300//300 299//299
f 200//200 199//199 303//303
f 200//200 303//303 304//304
f 201//201 200//200 305//305
f 305//305 200//200 304//304
f 204//204 201//201 306//306
f 306//306 201//201 305//305
f 306//306 305//305 307//307
f 307//307 308//308 306//306
f 309//309 206//206 310//310
f 310//310 206//206 204//204
f 310//310 204//204 306//306
f 310//310 306//306 311//311
f 311//311 306//306 308//308
f 312//312 313//313 212//212
f 312//312 309//309 310//310
f 310//310 314//314 312//312
f 313//313 312//312 314//314
f 314//314 315//315 313//313
f 316//316 212//212 313//313
f 317//317 316//316 318//318
f 319//319 317//317 318//318
f 318//318 320//320 319//319
f 315//315 316//316 313//313
f 321//321 319//319 320//320
f 320//320 322//322 321//321
f 323//323 324//324 321//321
f 323//323 321//321 322//322
f 322//322 325//325 323//323
f 326//326 327//327 328//328
f 329//329 330//330 331//331
f 329//329 331//331 332//332
f 333//333 331//331 330//330
f 334//334 330//330 329//329
f 335//335 336//336 337//337
f 338//338 339//339 335//335
f 340//340 341//341 337//337
f 341//341 340//340 342//342
f 343//343 344//344 345//345
f 345//345 344//344 113//113
f 111//111 113//113 344//344
f 344//344 102//102 111//111
f 346//346 347//347 348//348
f 349//349 348//348 347//347
f 347//347 350//350 349//349
f 345//345 350//350 343//343
f 343//343 350//350 347//347
f 351//351 349//349 350//350
f 350//350 352//352 351//351
f 352//352 350//350 345//345
f 353//353 354//354 355//355
f 356//356 357//357 358//358
f 359//359 360//360 356//356
f 356//356 360//360 357//357
f 361//361 362//362 363//363
f 361//361 363//363 364//364
f 365//365 366//366 15//15
f 16//16 15//15 367//367
f 16//16 367//367 368//368
f 367//367 15//15 366//366
f 369//369 25//25 370//370
f 370//370 25//25 21//21
f 370//370 21//21 371//371
f 27//27 25//25 369//369
f 372//372 369//369 370//370
f 373//373 27//27 369//369
f 369//369 372//372 373//373
f 20//20 16//16 368//368
f 374//374 26//26 373//373
f 373//373 26//26 27//27
f 30//30 28//28 374//374
f 374//374 28//28 26//26
f 375//375 376//376 373//373
f 377//377 373//373 378//378
f 378//378 373//373 372//372
f 379//379 376//376 375//375
f 131//131 379//379 375//375
f 373//373 376//376 380//380
f 380//380 374//374 373//373
f 374//374 380//380 30//30
f 30//30 380//380 78//78
f 381//381 380//380 376//376
f 376//376 379//379 381//381
f 381//381 78//78 380//380
f 351//351 382//382 383//383
f 351//351 383//383 384//384
f 385//385 386//386 387//387
f 388//388 389//389 386//386
f 388//388 386//386 390//390
f 390//390 386//386 385//385
f 391//391 392//392 393//393
f 393//393 394//394 395//395
f 395//395 396//396 397//397
f 396//396 395//395 394//394
f 394//394 398//398 396//396
f 399//399 400//400 401//401
f 402//402 400//400 403//403
f 403//403 400//400 385//385
f 403//403 385//385 404//404
f 385//385 400//400 390//390
f 401//401 400//400 402//402
f 394//394 393//393 392//392
f 392//392 405//405 394//394
f 401//401 405//405 399//399
f 399//399 405//405 392//392
f 403//403 398//398 394//394
f 403//403 394//394 402//402
f 402//402 394//394 405//405
f 402//402 405//405 401//401
f 406//406 291//291 290//290
f 406//406 290//290 407//407
f 408//408 292//292 291//291
f 291//291 406//406 408//408
f 406//406 409//409 408//408
f 408//408 409//409 397//397
f 410//410 411//411 292//292
f 292//292 408//408 410//410
f 412//412 404//404 411//411
f 411//411 410//410 412//412
f 408//408 397//397 410//410
f 410//410 397//397 396//396
f 410//410 396//396 398//398
f 398//398 412//412 410//410
f 403//403 404//404 412//412
f 412//412 398//398 403//403
f 355//355 354//354 413//413
f 290//290 414//414 407//407
f 415//415 416//416 417//417
f 417//417 416//416 418//418
f 10//10 419//419 420//420
f 10//10 420//420 415//415
f 415//415 420//420 416//416
f 419//419 421//421 420//420
f 357//357 360//360 423//423
f 424//424 360//360 359//359
f 425//425 416//416 420//420
f 426//426 425//425 427//427
f 427//427 425//425 420//420
f 427//427 420//420 421//421
f 428//428 61//61 425//425
f 425//425 426//426 428//428
f 428//428 429//429 120//120
f 120//120 429//429 430//430
f 61//61 428//428 120//120
f 431//431 424//424 432//432
f 431//431 433//433 424//424
f 434//434 435//435 436//436
f 437//437 416//416 425//425
f 60//60 437//437 425//425
f 425//425 61//61 60//60
f 438//438 336//336 339//339
f 439//439 440//440 441//441
f 442//442 443//443 444//444
f 444//444 443//443 445//445
f 446//446 447//447 448//448
f 449//449 450//450 451//451
f 24//24 17//17 20//20
f 20//20 17//17 16//16
f 19//19 17//17 24//24
f 22//22 24//24 20//20
f 452//452 416//416 437//437
f 131//131 375//375 453//453
f 131//131 453//453 454//454
f 135//135 131//131 454//454
f 455//455 383//383 456//456
f 457//457 458//458 459//459
f 460//460 461//461 459//459
f 459//459 458//458 460//460
f 462//462 461//461 460//460
f 463//463 464//464 457//457
f 457//457 464//464 465//465
f 339//339 464//464 438//438
f 439//439 441//441 438//438
f 438//438 441//441 336//336
f 466//466 438//438 464//464
f 464//464 463//463 466//466
f 462//462 467//467 438//438
f 462//462 438//438 466//466
f 438//438 467//467 439//439
f 457//457 459//459 463//463
f 463//463 459//459 461//461
f 461//461 466//466 463//463
f 466//466 461//461 462//462
f 468//468 397//397 409//409
f 469//469 470//470 439//439
f 439//439 470//470 440//440
f 471//471 407//407 470//470
f 470//470 469//469 471//471
f 439//439 467//467 472//472
f 472//472 469//469 439//439
f 469//469 472//472 473//473
f 473//473 471//471 469//469
f 406//406 407//407 471//471
f 471//471 473//473 406//406
f 406//406 473//473 409//409
f 474//474 475//475 476//476
f 445//445 477//477 475//475
f 475//475 474//474 445//445
f 443//443 478//478 445//445
f 445//445 478//478 477//477
f 417//417 418//418 479//479
f 11//11 435//435 434//434
f 480//480 481//481 482//482
f 483//483 437//437 60//60
f 476//476 484//484 485//485
f 485//485 486//486 476//476
f 486//486 485//485 487//487
f 487//487 485//485 488//488
f 488//488 485//485 489//489
f 490//490 486//486 487//487
f 491//491 474//474 492//492
f 492//492 474//474 476//476
f 444//444 445//445 474//474
f 474//474 491//491 444//444
f 493//493 444//444 491//491
f 444//444 494//494 442//442
f 495//495 494//494 496//496
f 497//497 498//498 494//494
f 497//497 494//494 495//495
f 494//494 498//498 499//499
f 494//494 499//499 500//500
f 501//501 498//498 497//497
f 502//502 503//503 504//504
f 504//504 505//505 502//502
f 506//506 502//502 505//505
f 505//505 507//507 506//506
f 452//452 437//437 483//483
f 508//508 509//509 510//510
f 511//511 506//506 507//507
f 507//507 512//512 511//511
f 513//513 511//511 512//512
f 514//514 148//148 147//147
f 515//515 514//514 516//516
f 516//516 514//514 147//147
f 517//517 515//515 518//518
f 518//518 515//515 516//516
f 516//516 147//147 519//519
f 519//519 147//147 149//149
f 518//518 516//516 520//520
f 520//520 516//516 519//519
f 521//521 517//517 522//522
f 522//522 517//517 518//518
f 523//523 521//521 522//522
f 522//522 524//524 523//523
f 522//522 518//518 525//525
f 525//525 518//518 520//520
f 524//524 522//522 525//525
f 525//525 503//503 524//524
f 526//526 523//523 524//524
f 524//524 527//527 526//526
f 528//528 526//526 527//527
f 527//527 529//529 528//528
f 527//527 524//524 503//503
f 503//503 502//502 527//527
f 529//529 527//527 502//502
f 502//502 506//506 529//529
f 530//530 528//528 529//529
f 529//529 531//531 530//530
f 531//531 529//529 506//506
f 506//506 511//511 531//531
f 532//532 531//531 511//511
f 533//533 534//534 535//535
f 496//496 536//536 495//495
f 538//538 539//539 540//540
f 541//541 542//542 543//543
f 544//544 545//545 542//542
f 542//542 541//541 544//544
f 546//546 543//543 539//539
f 539//539 538//538 546//546
f 547//547 541//541 543//543
f 543//543 546//546 547//547
f 548//548 544//544 547//547
f 547//547 544//544 541//541
f 549//549 449//449 550//550
f 551//551 552//552 549//549
f 549//549 552//552 450//450
f 553//553 554//554 551//551
f 553//553 555//555 554//554
f 556//556 557//557 558//558
f 557//557 556//556 559//559
f 434//434 560//560 553//553
f 553//553 561//561 434//434
f 11//11 434//434 561//561
f 11//11 561//561 562//562
f 563//563 564//564 545//545
f 545//545 544//544 563//563
f 565//565 566//566 563//563
f 563//563 566//566 564//564
f 567//567 563//563 548//548
f 548//548 563//563 544//544
f 568//568 565//565 567//567
f 567//567 565//565 563//563
f 569//569 12//12 565//565
f 565//565 12//12 566//566
f 570//570 13//13 569//569
f 569//569 13//13 12//12
f 571//571 569//569 568//568
f 568//568 569//569 565//565
f 572//572 570//570 571//571
f 571//571 570//570 569//569
f 573//573 574//574 575//575
f 576//576 577//577 559//559
f 576//576 559//559 578//578
f 579//579 580//580 576//576
f 581//581 576//576 574//574
f 581//581 574//574 573//573
f 582//582 13//13 583//583
f 584//584 583//583 13//13
f 13//13 570//570 584//584
f 585//585 573//573 584//584
f 584//584 573//573 583//583
f 583//583 573//573 575//575
f 586//586 584//584 572//572
f 572//572 584//584 570//570
f 587//587 585//585 586//586
f 586//586 585//585 584//584
f 588//588 581//581 585//585
f 585//585 581//581 573//573
f 589//589 590//590 588//588
f 588//588 590//590 581//581
f 591//591 592//592 585//585
f 591//591 585//585 587//587
f 585//585 592//592 588//588
f 593//593 589//589 592//592
f 593//593 592//592 594//594
f 592//592 589//589 588//588
f 595//595 592//592 591//591
f 594//594 592//592 595//595
f 596//596 540//540 597//597
f 597//597 598//598 596//596
f 599//599 538//538 540//540
f 540//540 596//596 599//599
f 600//600 596//596 598//598
f 598//598 365//365 600//600
f 601//601 599//599 600//600
f 600//600 599//599 596//596
f 602//602 546//546 599//599
f 599//599 546//546 538//538
f 603//603 547//547 602//602
f 602//602 547//547 546//546
f 604//604 548//548 547//547
f 547//547 603//603 604//604
f 605//605 602//602 601//601
f 601//601 602//602 599//599
f 606//606 603//603 605//605
f 605//605 603//603 602//602
f 607//607 604//604 603//603
f 603//603 606//606 607//607
f 15//15 600//600 365//365
f 608//608 601//601 15//15
f 15//15 601//601 600//600
f 14//14 609//609 15//15
f 15//15 609//609 608//608
f 610//610 609//609 14//14
f 611//611 605//605 601//601
f 601//601 608//608 611//611
f 612//612 606//606 605//605
f 605//605 611//611 612//612
f 613//613 607//607 612//612
f 612//612 607//607 606//606
f 608//608 609//609 611//611
f 614//614 612//612 611//611
f 614//614 611//611 609//609
f 614//614 609//609 610//610
f 615//615 613//613 614//614
f 614//614 613//613 612//612
f 18//18 610//610 14//14
f 18//18 14//14 17//17
f 616//616 614//614 18//18
f 18//18 614//614 610//610
f 617//617 615//615 616//616
f 616//616 615//615 614//614
f 618//618 616//616 18//18
f 18//18 29//29 618//618
f 619//619 617//617 618//618
f 618//618 617//617 616//616
f 620//620 618//618 29//29
f 29//29 28//28 620//620
f 621//621 619//619 620//620
f 620//620 619//619 618//618
f 622//622 567//567 604//604
f 604//604 567//567 548//548
f 623//623 568//568 622//622
f 622//622 568//568 567//567
f 624//624 622//622 607//607
f 607//607 622//622 604//604
f 625//625 623//623 624//624
f 624//624 623//623 622//622
f 626//626 571//571 623//623
f 623//623 571//571 568//568
f 627//627 572//572 626//626
f 626//626 572//572 571//571
f 628//628 626//626 625//625
f 625//625 626//626 623//623
f 629//629 627//627 628//628
f 628//628 627//627 626//626
f 630//630 624//624 613//613
f 613//613 624//624 607//607
f 631//631 625//625 630//630
f 630//630 625//625 624//624
f 632//632 630//630 615//615
f 615//615 630//630 613//613
f 633//633 631//631 632//632
f 632//632 631//631 630//630
f 634//634 628//628 631//631
f 631//631 628//628 625//625
f 635//635 629//629 628//628
f 628//628 634//634 635//635
f 636//636 634//634 633//633
f 633//633 634//634 631//631
f 141//141 635//635 636//636
f 636//636 635//635 634//634
f 637//637 586//586 627//627
f 627//627 586//586 572//572
f 638//638 639//639 586//586
f 638//638 586//586 637//637
f 586//586 639//639 587//587
f 32//32 637//637 629//629
f 629//629 637//637 627//627
f 34//34 638//638 637//637
f 637//637 32//32 34//34
f 587//587 639//639 591//591
f 640//640 593//593 641//641
f 641//641 593//593 594//594
f 641//641 148//148 640//640
f 642//642 639//639 638//638
f 643//643 642//642 638//638
f 638//638 34//34 643//643
f 644//644 595//595 639//639
f 644//644 639//639 642//642
f 639//639 595//595 591//591
f 641//641 594//594 644//644
f 644//644 594//594 595//595
f 645//645 644//644 642//642
f 642//642 643//643 645//645
f 149//149 148//148 645//645
f 645//645 148//148 641//641
f 645//645 641//641 644//644
f 646//646 33//33 629//629
f 646//646 629//629 635//635
f 629//629 33//33 32//32
f 143//143 646//646 635//635
f 635//635 141//141 143//143
f 647//647 33//33 646//646
f 648//648 643//643 33//33
f 648//648 33//33 647//647
f 33//33 643//643 34//34
f 649//649 647//647 646//646
f 646//646 143//143 649//649
f 650//650 648//648 649//649
f 649//649 648//648 647//647
f 651//651 645//645 648//648
f 648//648 645//645 643//643
f 519//519 149//149 645//645
f 645//645 651//651 519//519
f 652//652 651//651 650//650
f 650//650 651//651 648//648
f 520//520 519//519 651//651
f 651//651 652//652 520//520
f 653//653 632//632 617//617
f 617//617 632//632 615//615
f 654//654 633//633 653//653
f 653//653 633//633 632//632
f 655//655 653//653 619//619
f 619//619 653//653 617//617
f 656//656 654//654 655//655
f 655//655 654//654 653//653
f 144//144 636//636 654//654
f 654//654 636//636 633//633
f 146//146 142//142 636//636
f 146//146 636//636 144//144
f 636//636 142//142 141//141
f 657//657 145//145 654//654
f 657//657 654//654 656//656
f 654//654 145//145 144//144
f 658//658 142//142 146//146
f 659//659 145//145 657//657
f 660//660 658//658 145//145
f 660//660 145//145 659//659
f 145//145 658//658 146//146
f 661//661 655//655 621//621
f 621//621 655//655 619//619
f 662//662 663//663 655//655
f 662//662 655//655 661//661
f 655//655 663//663 656//656
f 664//664 661//661 665//665
f 665//665 661//661 621//621
f 656//656 663//663 657//657
f 666//666 663//663 662//662
f 667//667 659//659 657//657
f 667//667 657//657 663//663
f 667//667 663//663 666//666
f 668//668 660//660 667//667
f 667//667 660//660 659//659
f 669//669 668//668 670//670
f 670//670 668//668 667//667
f 671//671 649//649 142//142
f 671//671 142//142 658//658
f 142//142 649//649 143//143
f 672//672 650//650 671//671
f 671//671 650//650 649//649
f 673//673 671//671 660//660
f 660//660 671//671 658//658
f 674//674 672//672 673//673
f 673//673 672//672 671//671
f 675//675 652//652 650//650
f 650//650 672//672 675//675
f 525//525 520//520 652//652
f 652//652 675//675 525//525
f 504//504 675//675 674//674
f 674//674 675//675 672//672
f 503//503 525//525 675//675
f 675//675 504//504 503//503
f 676//676 673//673 668//668
f 668//668 673//673 660//660
f 677//677 674//674 676//676
f 676//676 674//674 673//673
f 678//678 676//676 669//669
f 669//669 676//676 668//668
f 679//679 677//677 678//678
f 678//678 677//677 676//676
f 505//505 504//504 677//677
f 677//677 504//504 674//674
f 507//507 505//505 677//677
f 677//677 679//679 507//507
f 452//452 418//418 416//416
f 680//680 681//681 682//682
f 682//682 683//683 680//680
f 683//683 682//682 129//129
f 684//684 685//685 125//125
f 685//685 684//684 132//132
f 132//132 684//684 129//129
f 685//685 134//134 125//125
f 132//132 134//134 685//685
f 129//129 684//684 683//683
f 686//686 669//669 670//670
f 686//686 670//670 687//687
f 687//687 670//670 688//688
f 103//103 678//678 669//669
f 669//669 686//686 103//103
f 689//689 679//679 678//678
f 678//678 103//103 689//689
f 105//105 689//689 103//103
f 512//512 507//507 689//689
f 689//689 507//507 679//679
f 690//690 513//513 689//689
f 690//690 689//689 105//105
f 689//689 513//513 512//512
f 532//532 511//511 691//691
f 691//691 511//511 513//513
f 281//281 513//513 690//690
f 691//691 513//513 281//281
f 116//116 107//107 106//106
f 692//692 693//693 640//640
f 640//640 693//693 593//593
f 514//514 692//692 640//640
f 514//514 640//640 148//148
f 694//694 530//530 531//531
f 531//531 695//695 694//694
f 695//695 531//531 532//532
f 695//695 696//696 694//694
f 694//694 696//696 109//109
f 532//532 696//696 695//695
f 540//540 539//539 697//697
f 560//560 555//555 553//553
f 698//698 549//549 550//550
f 699//699 551//551 549//549
f 549//549 698//698 699//699
f 700//700 698//698 701//701
f 701//701 364//364 700//700
f 702//702 699//699 700//700
f 700//700 699//699 698//698
f 551//551 699//699 561//561
f 562//562 561//561 702//702
f 702//702 561//561 699//699
f 578//578 559//559 703//703
f 575//575 574//574 703//703
f 703//703 574//574 578//578
f 578//578 574//574 576//576
f 665//665 621//621 31//31
f 31//31 621//621 620//620
f 704//704 662//662 661//661
f 661//661 664//664 704//704
f 705//705 666//666 662//662
f 662//662 704//704 705//705
f 670//670 667//667 705//705
f 705//705 667//667 666//666
f 76//76 665//665 31//31
f 706//706 707//707 708//708
f 709//709 664//664 665//665
f 709//709 665//665 706//706
f 706//706 665//665 707//707
f 710//710 711//711 704//704
f 710//710 704//704 709//709
f 709//709 704//704 664//664
f 712//712 688//688 710//710
f 710//710 688//688 711//711
f 704//704 711//711 705//705
f 705//705 711//711 670//670
f 670//670 711//711 688//688
f 118//118 532//532 691//691
f 118//118 691//691 281//281
f 713//713 533//533 714//714
f 715//715 716//716 717//717
f 717//717 716//716 718//718
f 714//714 718//718 716//716
f 716//716 713//713 714//714
f 717//717 718//718 7//7
f 7//7 718//718 719//719
f 714//714 719//719 718//718
f 7//7 719//719 720//720
f 7//7 720//720 721//721
f 721//721 720//720 722//722
f 722//722 42//42 721//721
f 721//721 4//4 7//7
f 42//42 6//6 721//721
f 721//721 6//6 4//4
f 533//533 535//535 723//723
f 723//723 724//724 725//725
f 417//417 726//726 415//415
f 415//415 726//726 10//10
f 540//540 697//697 597//597
f 697//697 539//539 727//727
f 21//21 728//728 371//371
f 35//35 729//729 37//37
f 37//37 729//729 38//38
f 38//38 729//729 730//730
f 42//42 722//722 35//35
f 35//35 731//731 729//729
f 38//38 730//730 43//43
f 43//43 730//730 732//732
f 43//43 732//732 733//733
f 733//733 45//45 43//43
f 45//45 733//733 734//734
f 734//734 47//47 45//45
f 47//47 734//734 52//52
f 52//52 734//734 735//735
f 736//736 56//56 52//52
f 56//56 736//736 737//737
f 737//737 738//738 56//56
f 738//738 58//58 56//56
f 738//738 737//737 739//739
f 739//739 740//740 738//738
f 740//740 739//739 741//741
f 741//741 136//136 740//740
f 136//136 741//741 124//124
f 124//124 93//93 136//136
f 742//742 743//743 744//744
f 744//744 743//743 707//707
f 744//744 707//707 665//665
f 744//744 665//665 76//76
f 740//740 83//83 58//58
f 58//58 738//738 740//740
f 136//136 84//84 83//83
f 83//83 740//740 136//136
f 708//708 707//707 743//743
f 706//706 745//745 709//709
f 687//687 746//746 686//686
f 110//110 109//109 696//696
f 696//696 115//115 110//110
f 106//106 114//114 116//116
f 115//115 696//696 532//532
f 115//115 532//532 118//118
f 115//115 119//119 114//114
f 120//120 430//430 121//121
f 121//121 430//430 138//138
f 121//121 138//138 137//137
f 121//121 137//137 122//122
f 10//10 726//726 8//8
f 433//433 747//747 748//748
f 749//749 748//748 747//747
f 558//558 555//555 560//560
f 436//436 558//558 560//560
f 560//560 434//434 436//436
f 703//703 556//556 436//436
f 436//436 556//556 558//558
f 582//582 703//703 436//436
f 575//575 703//703 582//582
f 582//582 583//583 575//575
f 750//750 751//751 20//20
f 21//21 20//20 751//751
f 21//21 751//751 728//728
f 31//31 620//620 28//28
f 752//752 710//710 709//709
f 358//358 357//357 422//422
f 753//753 422//422 755//755
f 755//755 422//422 357//357
f 755//755 357//357 423//423
f 756//756 757//757 537//537
f 756//756 537//537 755//755
f 755//755 537//537 754//754
f 448//448 447//447 757//757
f 757//757 756//756 448//448
f 756//756 423//423 360//360
f 360//360 448//448 756//756
f 446//446 758//758 447//447
f 433//433 759//759 424//424
f 424//424 759//759 360//360
f 360//360 759//759 446//446
f 360//360 446//446 448//448
f 760//760 761//761 433//433
f 433//433 761//761 759//759
f 446//446 759//759 762//762
f 762//762 759//759 761//761
f 761//761 763//763 762//762
f 764//764 761//761 760//760
f 765//765 766//766 764//764
f 764//764 766//766 763//763
f 764//764 763//763 761//761
f 550//550 767//767 766//766
f 766//766 765//765 550//550
f 747//747 433//433 431//431
f 748//748 760//760 433//433
f 768//768 769//769 748//748
f 748//748 769//769 764//764
f 748//748 764//764 760//760
f 770//770 769//769 768//768
f 764//764 769//769 765//765
f 701//701 550//550 770//770
f 770//770 550//550 769//769
f 769//769 550//550 765//765
f 771//771 768//768 748//748
f 361//361 770//770 768//768
f 364//364 701//701 770//770
f 770//770 361//361 364//364
f 550//550 449//449 767//767
f 550//550 701//701 698//698
f 52//52 735//735 772//772
f 52//52 772//772 736//736
f 768//768 773//773 361//361
f 492//492 476//476 486//486
f 486//486 490//490 492//492
f 774//774 536//536 775//775
f 776//776 777//777 774//774
f 774//774 777//777 536//536
f 778//778 779//779 780//780
f 10//10 9//9 419//419
f 781//781 782//782 783//783
f 783//783 784//784 785//785
f 784//784 783//783 786//786
f 786//786 783//783 782//782
f 787//787 9//9 780//780
f 787//787 788//788 789//789
f 789//789 788//788 790//790
f 785//785 791//791 790//790
f 785//785 790//790 788//788
f 787//787 419//419 9//9
f 784//784 791//791 785//785
f 793//793 537//537 757//757
f 793//793 757//757 758//758
f 758//758 757//757 447//447
f 762//762 794//794 758//758
f 762//762 758//758 446//446
f 794//794 762//762 763//763
f 767//767 795//795 796//796
f 796//796 766//766 767//767
f 797//797 796//796 795//795
f 795//795 798//798 797//797
f 449//449 795//795 767//767
f 551//551 554//554 552//552
f 449//449 798//798 795//795
f 799//799 800//800 801//801
f 801//801 451//451 799//799
f 451//451 450//450 552//552
f 552//552 799//799 451//451
f 802//802 803//803 800//800
f 800//800 799//799 802//802
f 804//804 805//805 803//803
f 803//803 802//802 804//804
f 799//799 552//552 802//802
f 802//802 552//552 554//554
f 802//802 554//554 804//804
f 804//804 554//554 555//555
f 557//557 806//806 805//805
f 805//805 804//804 557//557
f 558//558 557//557 555//555
f 555//555 557//557 804//804
f 807//807 808//808 809//809
f 810//810 580//580 579//579
f 581//581 579//579 576//576
f 811//811 812//812 813//813
f 813//813 814//814 811//811
f 814//814 813//813 815//815
f 816//816 811//811 814//814
f 817//817 818//818 819//819
f 819//819 818//818 820//820
f 821//821 822//822 456//456
f 821//821 823//823 822//822
f 288//288 824//824 283//283
f 285//285 283//283 825//825
f 825//825 283//283 824//824
f 826//826 285//285 827//827
f 827//827 285//285 825//825
f 287//287 828//828 829//829
f 827//827 391//391 828//828
f 828//828 826//826 827//827
f 830//830 831//831 832//832
f 842//842 834//834 835//835
f 835//835 843//843 842//842
f 843//843 835//835 836//836
f 836//836 844//844 843//843
f 844//844 836//836 837//837
f 837//837 845//845 844//844
f 846//846 844//844 847//847
f 847//847 844//844 845//845
f 845//845 837//837 848//848
f 848//848 837//837 838//838
f 848//848 838//838 849//849
f 849//849 838//838 839//839
f 847//847 845//845 850//850
f 850//850 845//845 848//848
f 850//850 848//848 851//851
f 851//851 848//848 849//849
f 849//849 839//839 852//852
f 852//852 839//839 840//840
f 852//852 840//840 853//853
f 853//853 840//840 841//841
f 851//851 849//849 854//854
f 854//854 849//849 852//852
f 854//854 852//852 855//855
f 855//855 852//852 853//853
f 856//856 847//847 850//850
f 850//850 857//857 856//856
f 857//857 850//850 858//858
f 858//858 850//850 851//851
f 859//859 856//856 857//857
f 859//859 857//857 858//858
f 858//858 860//860 859//859
f 858//858 851//851 861//861
f 861//861 851//851 854//854
f 861//861 854//854 862//862
f 862//862 854//854 855//855
f 860//860 858//858 861//861
f 861//861 863//863 860//860
f 863//863 861//861 864//864
f 864//864 861//861 862//862
f 864//864 862//862 865//865
f 863//863 866//866 867//867
f 867//867 860//860 863//863
f 864//864 866//866 863//863
f 864//864 865//865 868//868
f 869//869 867//867 866//866
f 868//868 870//870 869//869
f 868//868 869//869 864//864
f 864//864 869//869 866//866
f 299//299 869//869 870//870
f 871//871 487//487 872//872
f 872//872 487//487 873//873
f 487//487 871//871 490//490
f 872//872 873//873 874//874
f 874//874 873//873 875//875
f 876//876 492//492 877//877
f 877//877 492//492 490//490
f 878//878 876//876 879//879
f 879//879 876//876 877//877
f 880//880 871//871 872//872
f 872//872 881//881 880//880
f 877//877 490//490 871//871
f 871//871 880//880 877//877
f 881//881 872//872 882//882
f 882//882 872//872 874//874
f 883//883 880//880 884//884
f 884//884 880//880 881//881
f 879//879 877//877 883//883
f 883//883 877//877 880//880
f 884//884 881//881 882//882
f 882//882 885//885 884//884
f 714//714 886//886 879//879
f 714//714 879//879 887//887
f 879//879 886//886 878//878
f 887//887 719//719 714//714
f 888//888 883//883 720//720
f 720//720 883//883 884//884
f 887//887 879//879 888//888
f 888//888 879//879 883//883
f 720//720 884//884 885//885
f 885//885 722//722 720//720
f 720//720 719//719 888//888
f 889//889 890//890 891//891
f 493//493 890//890 889//889
f 892//892 891//891 893//893
f 893//893 894//894 892//892
f 895//895 896//896 892//892
f 892//892 896//896 891//891
f 891//891 896//896 889//889
f 894//894 893//893 876//876
f 876//876 878//878 894//894
f 496//496 494//494 444//444
f 496//496 444//444 493//493
f 897//897 898//898 895//895
f 895//895 898//898 896//896
f 775//775 536//536 897//897
f 897//897 536//536 898//898
f 493//493 896//896 496//496
f 496//496 896//896 898//898
f 496//496 898//898 536//536
f 899//899 777//777 776//776
f 853//853 841//841 900//900
f 900//900 903//903 853//853
f 903//903 900//900 904//904
f 904//904 900//900 901//901
f 855//855 853//853 903//903
f 903//903 905//905 855//855
f 905//905 903//903 906//906
f 906//906 903//903 904//904
f 904//904 901//901 902//902
f 902//902 907//907 904//904
f 906//906 904//904 907//907
f 907//907 908//908 906//906
f 862//862 855//855 905//905
f 905//905 909//909 862//862
f 909//909 905//905 906//906
f 906//906 910//910 909//909
f 865//865 862//862 911//911
f 911//911 862//862 909//909
f 911//911 909//909 910//910
f 910//910 912//912 911//911
f 910//910 906//906 908//908
f 908//908 913//913 910//910
f 912//912 910//910 913//913
f 913//913 914//914 912//912
f 868//868 865//865 911//911
f 868//868 911//911 915//915
f 915//915 911//911 916//916
f 916//916 911//911 917//917
f 917//917 911//911 912//912
f 915//915 916//916 918//918
f 918//918 916//916 917//917
f 917//917 919//919 918//918
f 915//915 870//870 868//868
f 299//299 870//870 302//302
f 302//302 870//870 915//915
f 302//302 915//915 920//920
f 920//920 915//915 918//918
f 919//919 921//921 920//920
f 920//920 918//918 919//919
f 917//917 912//912 922//922
f 922//922 912//912 914//914
f 919//919 917//917 923//923
f 923//923 917//917 922//922
f 923//923 922//922 924//924
f 302//302 920//920 925//925
f 925//925 920//920 926//926
f 925//925 926//926 927//927
f 926//926 920//920 921//921
f 927//927 926//926 928//928
f 928//928 929//929 927//927
f 923//923 924//924 930//930
f 930//930 924//924 931//931
f 930//930 931//931 932//932
f 932//932 931//931 933//933
f 930//930 926//926 923//923
f 923//923 926//926 921//921
f 932//932 928//928 926//926
f 926//926 930//930 932//932
f 301//301 302//302 925//925
f 301//301 925//925 934//934
f 934//934 925//925 927//927
f 927//927 935//935 934//934
f 935//935 927//927 936//936
f 936//936 927//927 929//929
f 199//199 301//301 937//937
f 937//937 301//301 934//934
f 938//938 937//937 939//939
f 939//939 937//937 936//936
f 939//939 936//936 940//940
f 936//936 937//937 935//935
f 304//304 303//303 941//941
f 939//939 303//303 938//938
f 941//941 303//303 942//942
f 942//942 303//303 940//940
f 940//940 303//303 939//939
f 305//305 304//304 941//941
f 941//941 307//307 305//305
f 307//307 941//941 942//942
f 942//942 943//943 307//307
f 308//308 307//307 943//943
f 943//943 944//944 308//308
f 786//786 945//945 946//946
f 786//786 782//782 945//945
f 947//947 790//790 791//791
f 947//947 791//791 786//786
f 947//947 786//786 948//948
f 948//948 786//786 946//946
f 789//789 419//419 787//787
f 947//947 421//421 419//419
f 947//947 419//419 789//789
f 948//948 421//421 947//947
f 786//786 791//791 784//784
f 792//792 537//537 793//793
f 763//763 949//949 794//794
f 766//766 796//796 949//949
f 949//949 763//763 766//766
f 950//950 792//792 952//952
f 952//952 792//792 793//793
f 952//952 793//793 953//953
f 953//953 793//793 758//758
f 951//951 950//950 954//954
f 954//954 950//950 952//952
f 954//954 952//952 955//955
f 955//955 952//952 953//953
f 956//956 951//951 958//958
f 958//958 951//951 954//954
f 958//958 954//954 955//955
f 955//955 959//959 958//958
f 957//957 956//956 958//958
f 958//958 960//960 957//957
f 960//960 958//958 959//959
f 959//959 961//961 960//960
f 953//953 758//758 962//962
f 962//962 758//758 794//794
f 962//962 794//794 963//963
f 963//963 794//794 949//949
f 955//955 953//953 964//964
f 964//964 953//953 962//962
f 964//964 962//962 965//965
f 965//965 962//962 963//963
f 963//963 949//949 797//797
f 797//797 949//949 796//796
f 965//965 963//963 797//797
f 797//797 966//966 965//965
f 966//966 797//797 798//798
f 798//798 967//967 966//966
f 959//959 955//955 968//968
f 968//968 955//955 964//964
f 968//968 964//964 969//969
f 969//969 964//964 965//965
f 961//961 959//959 968//968
f 968//968 970//970 961//961
f 970//970 968//968 969//969
f 969//969 971//971 970//970
f 969//969 965//965 966//966
f 966//966 972//972 969//969
f 972//972 966//966 967//967
f 967//967 973//973 972//972
f 971//971 969//969 972//972
f 972//972 974//974 971//971
f 974//974 972//972 973//973
f 973//973 975//975 974//974
f 451//451 801//801 449//449
f 449//449 801//801 798//798
f 967//967 798//798 801//801
f 801//801 976//976 967//967
f 976//976 801//801 800//800
f 800//800 977//977 976//976
f 977//977 800//800 803//803
f 973//973 967//967 978//978
f 978//978 967//967 976//976
f 978//978 976//976 979//979
f 979//979 976//976 977//977
f 975//975 973//973 978//978
f 978//978 980//980 975//975
f 980//980 978//978 979//979
f 981//981 982//982 806//806
f 806//806 557//557 981//981
f 559//559 981//981 557//557
f 807//807 982//982 981//981
f 809//809 983//983 807//807
f 984//984 985//985 983//983
f 983//983 809//809 984//984
f 577//577 808//808 807//807
f 577//577 807//807 559//559
f 559//559 807//807 981//981
f 986//986 987//987 577//577
f 577//577 987//987 808//808
f 809//809 808//808 984//984
f 984//984 808//808 987//987
f 576//576 580//580 577//577
f 988//988 986//986 810//810
f 810//810 986//986 577//577
f 810//810 577//577 580//580
f 989//989 988//988 990//990
f 990//990 988//988 810//810
f 581//581 810//810 579//579
f 990//990 590//590 989//989
f 991//991 957//957 960//960
f 960//960 993//993 991//991
f 993//993 960//960 961//961
f 961//961 994//994 993//993
f 992//992 991//991 995//995
f 991//991 993//993 995//995
f 993//993 996//996 995//995
f 996//996 992//992 995//995
f 996//996 993//993 994//994
f 994//994 997//997 996//996
f 998//998 992//992 996//996
f 996//996 1000//1000 998//998
f 1000//1000 996//996 997//997
f 997//997 1001//1001 1000//1000
f 999//999 998//998 1002//1002
f 1002//1002 998//998 1000//1000
f 1002//1002 1000//1000 1001//1001
f 1001//1001 1003//1003 1002//1002
f 994//994 961//961 970//970
f 970//970 1004//1004 994//994
f 1004//1004 970//970 971//971
f 971//971 1005//1005 1004//1004
f 997//997 994//994 1006//1006
f 1006//1006 994//994 1004//1004
f 1006//1006 1004//1004 1007//1007
f 1007//1007 1004//1004 1005//1005
f 1005//1005 971//971 974//974
f 974//974 1008//1008 1005//1005
f 1008//1008 974//974 975//975
f 975//975 1009//1009 1008//1008
f 1007//1007 1005//1005 1008//1008
f 1008//1008 1010//1010 1007//1007
f 1010//1010 1008//1008 1009//1009
f 1009//1009 1011//1011 1010//1010
f 1001//1001 997//997 1006//1006
f 1006//1006 1012//1012 1001//1001
f 1012//1012 1006//1006 1007//1007
f 1007//1007 1013//1013 1012//1012
f 1003//1003 1001//1001 1012//1012
f 1012//1012 1014//1014 1003//1003
f 1014//1014 1012//1012 1013//1013
f 1013//1013 1015//1015 1014//1014
f 1013//1013 1007//1007 1010//1010
f 1010//1010 1016//1016 1013//1013
f 1016//1016 1010//1010 1011//1011
f 1015//1015 1013//1013 1016//1016
f 1016//1016 1017//1017 1015//1015
f 1017//1017 1016//1016 1018//1018
f 1019//1019 999//999 1002//1002
f 1002//1002 1021//1021 1019//1019
f 1021//1021 1002//1002 1003//1003
f 1003//1003 1022//1022 1021//1021
f 1020//1020 1019//1019 1021//1021
f 1021//1021 1023//1023 1020//1020
f 1023//1023 1021//1021 1022//1022
f 1022//1022 1024//1024 1023//1023
f 1025//1025 1020//1020 1023//1023
f 1023//1023 1026//1026 1025//1025
f 1026//1026 1023//1023 1024//1024
f 1024//1024 1027//1027 1026//1026
f 1022//1022 1003//1003 1028//1028
f 1028//1028 1003//1003 1014//1014
f 1028//1028 1014//1014 1015//1015
f 1015//1015 1029//1029 1028//1028
f 1024//1024 1022//1022 1028//1028
f 1028//1028 1030//1030 1024//1024
f 1030//1030 1028//1028 1029//1029
f 1029//1029 1015//1015 1017//1017
f 1017//1017 1031//1031 1029//1029
f 1031//1031 1017//1017 1032//1032
f 1032//1032 1017//1017 1018//1018
f 1033//1033 1031//1031 1034//1034
f 1034//1034 1031//1031 1032//1032
f 1027//1027 1024//1024 1030//1030
f 1009//1009 975//975 980//980
f 980//980 1036//1036 1009//1009
f 1011//1011 1009//1009 1036//1036
f 1032//1032 1018//1018 1037//1037
f 1037//1037 1038//1038 1032//1032
f 1038//1038 1037//1037 1039//1039
f 1034//1034 1032//1032 1038//1038
f 1038//1038 1040//1040 1034//1034
f 1040//1040 1038//1038 1041//1041
f 1041//1041 1038//1038 1039//1039
f 1041//1041 1039//1039 1042//1042
f 1035//1035 1034//1034 1040//1040
f 1040//1040 1043//1043 1035//1035
f 1043//1043 1040//1040 1041//1041
f 1041//1041 1044//1044 1043//1043
f 1044//1044 1041//1041 1042//1042
f 1042//1042 1045//1045 1044//1044
f 1046//1046 1047//1047 875//875
f 1047//1047 1046//1046 811//811
f 874//874 875//875 1048//1048
f 1048//1048 875//875 1047//1047
f 1048//1048 1047//1047 1049//1049
f 1049//1049 1047//1047 811//811
f 1049//1049 811//811 816//816
f 816//816 1050//1050 1051//1051
f 1051//1051 1050//1050 1052//1052
f 882//882 874//874 1053//1053
f 1053//1053 874//874 1048//1048
f 1053//1053 1048//1048 1054//1054
f 1054//1054 1048//1048 1049//1049
f 885//885 882//882 1053//1053
f 1053//1053 1055//1055 885//885
f 1055//1055 1053//1053 1054//1054
f 1054//1054 1056//1056 1055//1055
f 1054//1054 1049//1049 1057//1057
f 1057//1057 1049//1049 816//816
f 1057//1057 816//816 1058//1058
f 1058//1058 816//816 1051//1051
f 1056//1056 1054//1054 1057//1057
f 1057//1057 1059//1059 1056//1056
f 1059//1059 1057//1057 1058//1058
f 1058//1058 1060//1060 1059//1059
f 722//722 885//885 1055//1055
f 1055//1055 731//731 722//722
f 731//731 1055//1055 1056//1056
f 1056//1056 1061//1061 731//731
f 1061//1061 730//730 731//731
f 731//731 730//730 729//729
f 1061//1061 1056//1056 1059//1059
f 1059//1059 1062//1062 1061//1061
f 1062//1062 1059//1059 1063//1063
f 1063//1063 1059//1059 1060//1060
f 1062//1062 732//732 1061//1061
f 1061//1061 732//732 730//730
f 1063//1063 733//733 732//732
f 732//732 1062//1062 1063//1063
f 1064//1064 1065//1065 1052//1052
f 1066//1066 1067//1067 1065//1065
f 1065//1065 1064//1064 1066//1066
f 1058//1058 1051//1051 1052//1052
f 1058//1058 1052//1052 1065//1065
f 1058//1058 1065//1065 1068//1068
f 1068//1068 1065//1065 1067//1067
f 1067//1067 1069//1069 1068//1068
f 1060//1060 1058//1058 1070//1070
f 1070//1070 1058//1058 1068//1068
f 1070//1070 1068//1068 1071//1071
f 1071//1071 1068//1068 1069//1069
f 1072//1072 1067//1067 1066//1066
f 1073//1073 1074//1074 1075//1075
f 1069//1069 1067//1067 1076//1076
f 1076//1076 1067//1067 1072//1072
f 1076//1076 1072//1072 1077//1077
f 1071//1071 1069//1069 1076//1076
f 1076//1076 1078//1078 1071//1071
f 1078//1078 1076//1076 1073//1073
f 1073//1073 1076//1076 1074//1074
f 1074//1074 1076//1076 1079//1079
f 735//735 1080//1080 772//772
f 1063//1063 1060//1060 1070//1070
f 1070//1070 1081//1081 1063//1063
f 1081//1081 1070//1070 735//735
f 735//735 1070//1070 1071//1071
f 735//735 1071//1071 1080//1080
f 1081//1081 734//734 733//733
f 733//733 1063//1063 1081//1081
f 735//735 734//734 1081//1081
f 772//772 1080//1080 736//736
f 736//736 1080//1080 1082//1082
f 736//736 1082//1082 1073//1073
f 736//736 1073//1073 1075//1075
f 736//736 1075//1075 737//737
f 1078//1078 1082//1082 1080//1080
f 1080//1080 1071//1071 1078//1078
f 1075//1075 1074//1074 1083//1083
f 1083//1083 1074//1074 1084//1084
f 1083//1083 1084//1084 1085//1085
f 1085//1085 1086//1086 1083//1083
f 817//817 1084//1084 1079//1079
f 1079//1079 1084//1084 1074//1074
f 819//819 1085//1085 1084//1084
f 1084//1084 817//817 819//819
f 1086//1086 1085//1085 1087//1087
f 1088//1088 1089//1089 819//819
f 1087//1087 1085//1085 819//819
f 1087//1087 819//819 1089//1089
f 1087//1087 1089//1089 1090//1090
f 1090//1090 1089//1089 1091//1091
f 1090//1090 1091//1091 680//680
f 680//680 1091//1091 681//681
f 737//737 1075//1075 1083//1083
f 1083//1083 739//739 737//737
f 739//739 1083//1083 1086//1086
f 1086//1086 741//741 739//739
f 741//741 1086//1086 1087//1087
f 741//741 1087//1087 124//124
f 124//124 1087//1087 1092//1092
f 124//124 1092//1092 1093//1093
f 1093//1093 125//125 124//124
f 1090//1090 1092//1092 1087//1087
f 680//680 1093//1093 1092//1092
f 1092//1092 1090//1090 680//680
f 76//76 682//682 744//744
f 125//125 1093//1093 684//684
f 680//680 684//684 1093//1093
f 708//708 745//745 706//706
f 687//687 688//688 712//712
f 1094//1094 712//712 710//710
f 1094//1094 710//710 752//752
f 823//823 746//746 1094//1094
f 1094//1094 746//746 687//687
f 1094//1094 687//687 712//712
f 1095//1095 1096//1096 1094//1094
f 1094//1094 1096//1096 823//823
f 1097//1097 746//746 823//823
f 104//104 103//103 1097//1097
f 1097//1097 103//103 686//686
f 1097//1097 686//686 746//746
f 1097//1097 150//150 104//104
f 104//104 150//150 105//105
f 117//117 114//114 119//119
f 286//286 284//284 285//285
f 285//285 826//826 286//286
f 826//826 828//828 286//286
f 929//929 928//928 1098//1098
f 1098//1098 1099//1099 929//929
f 1099//1099 1098//1098 1100//1100
f 1100//1100 1098//1098 1101//1101
f 932//932 933//933 1102//1102
f 1102//1102 933//933 1103//1103
f 1102//1102 1103//1103 1104//1104
f 1104//1104 1105//1105 1102//1102
f 1102//1102 1098//1098 928//928
f 928//928 932//932 1102//1102
f 1105//1105 1101//1101 1102//1102
f 1102//1102 1101//1101 1098//1098
f 1100//1100 1101//1101 1106//1106
f 1106//1106 1101//1101 1107//1107
f 1106//1106 1107//1107 1108//1108
f 1108//1108 1109//1109 1106//1106
f 1105//1105 1104//1104 1110//1110
f 1110//1110 1111//1111 1105//1105
f 1111//1111 1110//1110 1112//1112
f 1112//1112 1113//1113 1111//1111
f 1111//1111 1107//1107 1105//1105
f 1105//1105 1107//1107 1101//1101
f 1113//1113 1108//1108 1107//1107
f 1107//1107 1111//1111 1113//1113
f 1109//1109 1108//1108 1114//1114
f 1114//1114 1108//1108 1115//1115
f 1114//1114 1115//1115 1116//1116
f 1116//1116 1115//1115 1117//1117
f 1118//1118 1115//1115 1113//1113
f 1113//1113 1115//1115 1108//1108
f 1119//1119 1117//1117 1118//1118
f 1118//1118 1117//1117 1115//1115
f 830//830 1120//1120 1121//1121
f 1116//1116 1117//1117 1122//1122
f 1122//1122 1117//1117 831//831
f 1122//1122 831//831 830//830
f 1122//1122 830//830 1123//1123
f 1123//1123 830//830 1121//1121
f 832//832 831//831 1119//1119
f 1119//1119 831//831 1117//1117
f 936//936 929//929 1124//1124
f 1124//1124 929//929 1099//1099
f 1124//1124 1099//1099 1100//1100
f 1100//1100 1125//1125 1124//1124
f 940//940 936//936 1126//1126
f 1126//1126 936//936 1124//1124
f 1126//1126 1124//1124 1125//1125
f 1125//1125 1127//1127 1126//1126
f 1125//1125 1100//1100 1106//1106
f 1106//1106 1128//1128 1125//1125
f 1128//1128 1106//1106 1109//1109
f 1109//1109 1129//1129 1128//1128
f 1127//1127 1125//1125 1128//1128
f 1128//1128 1130//1130 1127//1127
f 1130//1130 1128//1128 1129//1129
f 1129//1129 1131//1131 1130//1130
f 942//942 940//940 1126//1126
f 1126//1126 1132//1132 942//942
f 1132//1132 1126//1126 1133//1133
f 1133//1133 1126//1126 1127//1127
f 943//943 942//942 1132//1132
f 1132//1132 1134//1134 943//943
f 1134//1134 1132//1132 1135//1135
f 1135//1135 1132//1132 1133//1133
f 1133//1133 1127//1127 1130//1130
f 1130//1130 1136//1136 1133//1133
f 1136//1136 1130//1130 1131//1131
f 1131//1131 1137//1137 1136//1136
f 1135//1135 1133//1133 1138//1138
f 1138//1138 1133//1133 1136//1136
f 1138//1138 1136//1136 1139//1139
f 1139//1139 1136//1136 1137//1137
f 1129//1129 1109//1109 1114//1114
f 1114//1114 1140//1140 1129//1129
f 1140//1140 1114//1114 1116//1116
f 1116//1116 1141//1141 1140//1140
f 1131//1131 1129//1129 1142//1142
f 1142//1142 1129//1129 1140//1140
f 1142//1142 1140//1140 1141//1141
f 1141//1141 1143//1143 1142//1142
f 1141//1141 1116//1116 1122//1122
f 1122//1122 1144//1144 1141//1141
f 1144//1144 1122//1122 1123//1123
f 1123//1123 1145//1145 1144//1144
f 1143//1143 1141//1141 1144//1144
f 1144//1144 1146//1146 1143//1143
f 1146//1146 1144//1144 1147//1147
f 1146//1146 1147//1147 413//413
f 1147//1147 1144//1144 1145//1145
f 1137//1137 1131//1131 1142//1142
f 1142//1142 1148//1148 1137//1137
f 1148//1148 1142//1142 1143//1143
f 1143//1143 1149//1149 1148//1148
f 1139//1139 1137//1137 1150//1150
f 1150//1150 1137//1137 1148//1148
f 1150//1150 1148//1148 1151//1151
f 1151//1151 1148//1148 1149//1149
f 1149//1149 1143//1143 1146//1146
f 1146//1146 1152//1152 1149//1149
f 1152//1152 1146//1146 413//413
f 1152//1152 413//413 1153//1153
f 1153//1153 413//413 354//354
f 1151//1151 1149//1149 1152//1152
f 1152//1152 1154//1154 1151//1151
f 1154//1154 1152//1152 1155//1155
f 1155//1155 1152//1152 1153//1153
f 1121//1121 1120//1120 1156//1156
f 1156//1156 1120//1120 1157//1157
f 1156//1156 1157//1157 1158//1158
f 1158//1158 1159//1159 1156//1156
f 1123//1123 1121//1121 1156//1156
f 1156//1156 1160//1160 1123//1123
f 1160//1160 1156//1156 1159//1159
f 1159//1159 1161//1161 1160//1160
f 1159//1159 1158//1158 1162//1162
f 1162//1162 1163//1163 1159//1159
f 1163//1163 1162//1162 1164//1164
f 1164//1164 1165//1165 1163//1163
f 1161//1161 1159//1159 1163//1163
f 1163//1163 1166//1166 1161//1161
f 1167//1167 1168//1168 1169//1169
f 1166//1166 1163//1163 1167//1167
f 1167//1167 1163//1163 1168//1168
f 1168//1168 1163//1163 1165//1165
f 1165//1165 1164//1164 1170//1170
f 1170//1170 1171//1171 1165//1165
f 1172//1172 1173//1173 984//984
f 984//984 1173//1173 985//985
f 1171//1171 1170//1170 1173//1173
f 1171//1171 1173//1173 1172//1172
f 1173//1173 1170//1170 1174//1174
f 1169//1169 1168//1168 987//987
f 1169//1169 987//987 986//986
f 987//987 1168//1168 1175//1175
f 1171//1171 1175//1175 1168//1168
f 1168//1168 1165//1165 1171//1171
f 984//984 987//987 1172//1172
f 1172//1172 987//987 1175//1175
f 1172//1172 1175//1175 1171//1171
f 1176//1176 1177//1177 1178//1178
f 1145//1145 1123//1123 1176//1176
f 1176//1176 1123//1123 1160//1160
f 1176//1176 1160//1160 1177//1177
f 1178//1178 1177//1177 1179//1179
f 1179//1179 1180//1180 1178//1178
f 1161//1161 1179//1179 1160//1160
f 1160//1160 1179//1179 1177//1177
f 353//353 1147//1147 1176//1176
f 353//353 1176//1176 1178//1178
f 1176//1176 1147//1147 1145//1145
f 353//353 1178//1178 1180//1180
f 1180//1180 1181//1181 353//353
f 1180//1180 1179//1179 1182//1182
f 1182//1182 1179//1179 1183//1183
f 1166//1166 1183//1183 1161//1161
f 1161//1161 1183//1183 1179//1179
f 1182//1182 1183//1183 1167//1167
f 1182//1182 1167//1167 1169//1169
f 1182//1182 1169//1169 1184//1184
f 1167//1167 1183//1183 1166//1166
f 1181//1181 1180//1180 1182//1182
f 1182//1182 1185//1185 1181//1181
f 1185//1185 1182//1182 1184//1184
f 1184//1184 1186//1186 1185//1185
f 1187//1187 354//354 353//353
f 1187//1187 353//353 1188//1188
f 1153//1153 354//354 1187//1187
f 1188//1188 353//353 1181//1181
f 1181//1181 1189//1189 1188//1188
f 1190//1190 1187//1187 1188//1188
f 1188//1188 1191//1191 1190//1190
f 1155//1155 1153//1153 1187//1187
f 1187//1187 1190//1190 1155//1155
f 1191//1191 1188//1188 1192//1192
f 1192//1192 1188//1188 1189//1189
f 1189//1189 1181//1181 1193//1193
f 1193//1193 1181//1181 1185//1185
f 1193//1193 1185//1185 1194//1194
f 1194//1194 1185//1185 1186//1186
f 1192//1192 1189//1189 1195//1195
f 1195//1195 1189//1189 1193//1193
f 1195//1195 1193//1193 1196//1196
f 1196//1196 1193//1193 1194//1194
f 1184//1184 1169//1169 986//986
f 986//986 988//988 1184//1184
f 1186//1186 1184//1184 988//988
f 988//988 989//989 1186//1186
f 1194//1194 1186//1186 590//590
f 1194//1194 590//590 1197//1197
f 590//590 1186//1186 989//989
f 1197//1197 590//590 589//589
f 1196//1196 1194//1194 693//693
f 693//693 1194//1194 1197//1197
f 693//693 1197//1197 589//589
f 589//589 593//593 693//693
f 944//944 943//943 1134//1134
f 1134//1134 1198//1198 944//944
f 1198//1198 1134//1134 1199//1199
f 1199//1199 1134//1134 1135//1135
f 1200//1200 944//944 1198//1198
f 1198//1198 1201//1201 1200//1200
f 1201//1201 1198//1198 1202//1202
f 1202//1202 1198//1198 1199//1199
f 1199//1199 1135//1135 1203//1203
f 1203//1203 1135//1135 1138//1138
f 1203//1203 1138//1138 1204//1204
f 1204//1204 1138//1138 1139//1139
f 1202//1202 1199//1199 1205//1205
f 1205//1205 1199//1199 1203//1203
f 1205//1205 1203//1203 1204//1204
f 1204//1204 1206//1206 1205//1205
f 1207//1207 1200//1200 1201//1201
f 1201//1201 1208//1208 1207//1207
f 1208//1208 1201//1201 1202//1202
f 1202//1202 1209//1209 1208//1208
f 1210//1210 1207//1207 1211//1211
f 1211//1211 1207//1207 1208//1208
f 1211//1211 1208//1208 1209//1209
f 1209//1209 1212//1212 1211//1211
f 1209//1209 1202//1202 1205//1205
f 1205//1205 1213//1213 1209//1209
f 1213//1213 1205//1205 1206//1206
f 1206//1206 1214//1214 1213//1213
f 1212//1212 1209//1209 1215//1215
f 1215//1215 1209//1209 1213//1213
f 1215//1215 1213//1213 1216//1216
f 1216//1216 1213//1213 1214//1214
f 1204//1204 1139//1139 1217//1217
f 1217//1217 1139//1139 1150//1150
f 1217//1217 1150//1150 1218//1218
f 1218//1218 1150//1150 1151//1151
f 1206//1206 1204//1204 1217//1217
f 1217//1217 1219//1219 1206//1206
f 1219//1219 1217//1217 1218//1218
f 1218//1218 1220//1220 1219//1219
f 1218//1218 1151//1151 1154//1154
f 1154//1154 1221//1221 1218//1218
f 1221//1221 1154//1154 1155//1155
f 1155//1155 1222//1222 1221//1221
f 1220//1220 1218//1218 1221//1221
f 1221//1221 1223//1223 1220//1220
f 1224//1224 1225//1225 1226//1226
f 1223//1223 1221//1221 1225//1225
f 1223//1223 1225//1225 1224//1224
f 1225//1225 1221//1221 1222//1222
f 1214//1214 1206//1206 1219//1219
f 1219//1219 1227//1227 1214//1214
f 1227//1227 1219//1219 1228//1228
f 1228//1228 1219//1219 1220//1220
f 1216//1216 1214//1214 1227//1227
f 1227//1227 1229//1229 1216//1216
f 1229//1229 1227//1227 1230//1230
f 1230//1230 1227//1227 1228//1228
f 1228//1228 1220//1220 1231//1231
f 1231//1231 1220//1220 1223//1223
f 1232//1232 1224//1224 1226//1226
f 1226//1226 1233//1233 1232//1232
f 1231//1231 1223//1223 1232//1232
f 1232//1232 1223//1223 1224//1224
f 1230//1230 1228//1228 1234//1234
f 1234//1234 1228//1228 1231//1231
f 1233//1233 1235//1235 1232//1232
f 1234//1234 1231//1231 1232//1232
f 1234//1234 1232//1232 1235//1235
f 1234//1234 1235//1235 1236//1236
f 1237//1237 1238//1238 1211//1211
f 1237//1237 1211//1211 1239//1239
f 1211//1211 1238//1238 1210//1210
f 1239//1239 1211//1211 1240//1240
f 1240//1240 1211//1211 1212//1212
f 1241//1241 1242//1242 1243//1243
f 1243//1243 1242//1242 1240//1240
f 1240//1240 1242//1242 1239//1239
f 1244//1244 1238//1238 1237//1237
f 1245//1245 1244//1244 1242//1242
f 1245//1245 1242//1242 1246//1246
f 1242//1242 1244//1244 1237//1237
f 1246//1246 1242//1242 1241//1241
f 1240//1240 1212//1212 1247//1247
f 1247//1247 1212//1212 1215//1215
f 1247//1247 1215//1215 1248//1248
f 1248//1248 1215//1215 1216//1216
f 1243//1243 1240//1240 1249//1249
f 1249//1249 1240//1240 1247//1247
f 1249//1249 1247//1247 1248//1248
f 1248//1248 1250//1250 1249//1249
f 1251//1251 1241//1241 1243//1243
f 1243//1243 1252//1252 1251//1251
f 1253//1253 1251//1251 1252//1252
f 1252//1252 1254//1254 1253//1253
f 1255//1255 1245//1245 1256//1256
f 1256//1256 1245//1245 1246//1246
f 1256//1256 1246//1246 1241//1241
f 1241//1241 1251//1251 1256//1256
f 781//781 1255//1255 1256//1256
f 1256//1256 1257//1257 781//781
f 1257//1257 1256//1256 1251//1251
f 1251//1251 1253//1253 1257//1257
f 1252//1252 1243//1243 1258//1258
f 1258//1258 1243//1243 1249//1249
f 1258//1258 1249//1249 1259//1259
f 1259//1259 1249//1249 1250//1250
f 1254//1254 1252//1252 1260//1260
f 1260//1260 1252//1252 1258//1258
f 1260//1260 1258//1258 1261//1261
f 1261//1261 1258//1258 1259//1259
f 1248//1248 1216//1216 1262//1262
f 1262//1262 1216//1216 1229//1229
f 1262//1262 1229//1229 1230//1230
f 1230//1230 1263//1263 1262//1262
f 1250//1250 1248//1248 1262//1262
f 1262//1262 1264//1264 1250//1250
f 1264//1264 1262//1262 1263//1263
f 1263//1263 1265//1265 1264//1264
f 1263//1263 1230//1230 1234//1234
f 1234//1234 1266//1266 1263//1263
f 1266//1266 1234//1234 1236//1236
f 1236//1236 1267//1267 1266//1266
f 1268//1268 1269//1269 1270//1270
f 1265//1265 1263//1263 1268//1268
f 1268//1268 1263//1263 1269//1269
f 1269//1269 1263//1263 1266//1266
f 1270//1270 1269//1269 1271//1271
f 1271//1271 1269//1269 1272//1272
f 1267//1267 1272//1272 1266//1266
f 1266//1266 1272//1272 1269//1269
f 1259//1259 1250//1250 1273//1273
f 1273//1273 1250//1250 1264//1264
f 1273//1273 1264//1264 1265//1265
f 1265//1265 1274//1274 1273//1273
f 1261//1261 1259//1259 1275//1275
f 1275//1275 1259//1259 1273//1273
f 1275//1275 1273//1273 1276//1276
f 1276//1276 1273//1273 1274//1274
f 1277//1277 1268//1268 1278//1278
f 1278//1278 1268//1268 1270//1270
f 1274//1274 1265//1265 1277//1277
f 1277//1277 1265//1265 1268//1268
f 1278//1278 1270//1270 1271//1271
f 1271//1271 1279//1279 1278//1278
f 1280//1280 1277//1277 1278//1278
f 1278//1278 1281//1281 1280//1280
f 1276//1276 1274//1274 1277//1277
f 1277//1277 1280//1280 1276//1276
f 1281//1281 1278//1278 1282//1282
f 1282//1282 1278//1278 1279//1279
f 1283//1283 1190//1190 1284//1284
f 1284//1284 1190//1190 1191//1191
f 1222//1222 1155//1155 1283//1283
f 1283//1283 1155//1155 1190//1190
f 1284//1284 1191//1191 1192//1192
f 1192//1192 1285//1285 1284//1284
f 1226//1226 1225//1225 1286//1286
f 1286//1286 1225//1225 1283//1283
f 1286//1286 1283//1283 1284//1284
f 1283//1283 1225//1225 1222//1222
f 1286//1286 1284//1284 1285//1285
f 1285//1285 1287//1287 1286//1286
f 1285//1285 1192//1192 1288//1288
f 1288//1288 1192//1192 1195//1195
f 1288//1288 1195//1195 1289//1289
f 1289//1289 1195//1195 1196//1196
f 1287//1287 1285//1285 1288//1288
f 1288//1288 1290//1290 1287//1287
f 1290//1290 1288//1288 1291//1291
f 1291//1291 1288//1288 1289//1289
f 1233//1233 1226//1226 1286//1286
f 1286//1286 1292//1292 1233//1233
f 1292//1292 1286//1286 1287//1287
f 1287//1287 1293//1293 1292//1292
f 1294//1294 1235//1235 1292//1292
f 1294//1294 1292//1292 1295//1295
f 1292//1292 1235//1235 1233//1233
f 1236//1236 1235//1235 1294//1294
f 1295//1295 1292//1292 1293//1293
f 1293//1293 1296//1296 1295//1295
f 1293//1293 1287//1287 1297//1297
f 1297//1297 1287//1287 1290//1290
f 1297//1297 1290//1290 1291//1291
f 1291//1291 1298//1298 1297//1297
f 1296//1296 1293//1293 1299//1299
f 1299//1299 1293//1293 1297//1297
f 1299//1299 1297//1297 1298//1298
f 1298//1298 1300//1300 1299//1299
f 1289//1289 1196//1196 692//692
f 692//692 1196//1196 693//693
f 1291//1291 1289//1289 514//514
f 514//514 1289//1289 692//692
f 1298//1298 1291//1291 514//514
f 514//514 515//515 1298//1298
f 1300//1300 1298//1298 515//515
f 515//515 517//517 1300//1300
f 1301//1301 1294//1294 1295//1295
f 1295//1295 1302//1302 1301//1301
f 1267//1267 1236//1236 1294//1294
f 1294//1294 1301//1301 1267//1267
f 1302//1302 1295//1295 1296//1296
f 1296//1296 1303//1303 1302//1302
f 1271//1271 1272//1272 1304//1304
f 1304//1304 1272//1272 1301//1301
f 1304//1304 1301//1301 1302//1302
f 1301//1301 1272//1272 1267//1267
f 1304//1304 1302//1302 1303//1303
f 1303//1303 1305//1305 1304//1304
f 1303//1303 1296//1296 1299//1299
f 1299//1299 1306//1306 1303//1303
f 1306//1306 1299//1299 1300//1300
f 1300//1300 1307//1307 1306//1306
f 1305//1305 1303//1303 1306//1306
f 1306//1306 1308//1308 1305//1305
f 1308//1308 1306//1306 1307//1307
f 1307//1307 1309//1309 1308//1308
f 1279//1279 1271//1271 1310//1310
f 1310//1310 1271//1271 1304//1304
f 1310//1310 1304//1304 1305//1305
f 1305//1305 1311//1311 1310//1310
f 1282//1282 1279//1279 1312//1312
f 1312//1312 1279//1279 1310//1310
f 1312//1312 1310//1310 1311//1311
f 1311//1311 1313//1313 1312//1312
f 1311//1311 1305//1305 1308//1308
f 1308//1308 1314//1314 1311//1311
f 1314//1314 1308//1308 1309//1309
f 1309//1309 1315//1315 1314//1314
f 1313//1313 1311//1311 1316//1316
f 1316//1316 1311//1311 1314//1314
f 1316//1316 1314//1314 1315//1315
f 1315//1315 1317//1317 1316//1316
f 1307//1307 1300//1300 521//521
f 521//521 1300//1300 517//517
f 1309//1309 1307//1307 523//523
f 523//523 1307//1307 521//521
f 1315//1315 1309//1309 526//526
f 526//526 1309//1309 523//523
f 1317//1317 1315//1315 526//526
f 526//526 528//528 1317//1317
f 1318//1318 1253//1253 1319//1319
f 1319//1319 1253//1253 1254//1254
f 946//946 945//945 1320//1320
f 1320//1320 945//945 1321//1321
f 1320//1320 1321//1321 1318//1318
f 1320//1320 1318//1318 1322//1322
f 1322//1322 1318//1318 1319//1319
f 782//782 781//781 1257//1257
f 1257//1257 1323//1323 782//782
f 1323//1323 1257//1257 1253//1253
f 1253//1253 1318//1318 1323//1323
f 1323//1323 1321//1321 782//782
f 782//782 1321//1321 945//945
f 1318//1318 1321//1321 1323//1323
f 1319//1319 1254//1254 1260//1260
f 1260//1260 1324//1324 1319//1319
f 1324//1324 1260//1260 1261//1261
f 1261//1261 1325//1325 1324//1324
f 1322//1322 1319//1319 1324//1324
f 1324//1324 1326//1326 1322//1322
f 1326//1326 1324//1324 1325//1325
f 1325//1325 139//139 1326//1326
f 948//948 946//946 427//427
f 427//427 946//946 1320//1320
f 427//427 1320//1320 1327//1327
f 426//426 1327//1327 428//428
f 428//428 1327//1327 429//429
f 1322//1322 429//429 1320//1320
f 1320//1320 429//429 1327//1327
f 427//427 421//421 948//948
f 1326//1326 430//430 1322//1322
f 1322//1322 430//430 429//429
f 139//139 138//138 1326//1326
f 1326//1326 138//138 430//430
f 1325//1325 1261//1261 1275//1275
f 1275//1275 1328//1328 1325//1325
f 1328//1328 1275//1275 1276//1276
f 1276//1276 1329//1329 1328//1328
f 137//137 1330//1330 122//122
f 139//139 1325//1325 137//137
f 137//137 1325//1325 1330//1330
f 1330//1330 1325//1325 1328//1328
f 122//122 1330//1330 1331//1331
f 1331//1331 1330//1330 1332//1332
f 1329//1329 1332//1332 1328//1328
f 1328//1328 1332//1332 1330//1330
f 1333//1333 1280//1280 1334//1334
f 1334//1334 1280//1280 1281//1281
f 1329//1329 1276//1276 1333//1333
f 1333//1333 1276//1276 1280//1280
f 1334//1334 1281//1281 1282//1282
f 1282//1282 1335//1335 1334//1334
f 1331//1331 1332//1332 1333//1333
f 1331//1331 1333//1333 1334//1334
f 1331//1331 1334//1334 1336//1336
f 1333//1333 1332//1332 1329//1329
f 1336//1336 1334//1334 1335//1335
f 1335//1335 1337//1337 1336//1336
f 1336//1336 71//71 1331//1331
f 1337//1337 73//73 1336//1336
f 1336//1336 73//73 71//71
f 1335//1335 1282//1282 1338//1338
f 1338//1338 1282//1282 1312//1312
f 1338//1338 1312//1312 1339//1339
f 1339//1339 1312//1312 1313//1313
f 1337//1337 1335//1335 1340//1340
f 1340//1340 1335//1335 1338//1338
f 1340//1340 1338//1338 1341//1341
f 1341//1341 1338//1338 1339//1339
f 1339//1339 1313//1313 1316//1316
f 1316//1316 1342//1342 1339//1339
f 1342//1342 1316//1316 1317//1317
f 1317//1317 1343//1343 1342//1342
f 1341//1341 1339//1339 1342//1342
f 1342//1342 1344//1344 1341//1341
f 1344//1344 1342//1342 1343//1343
f 1343//1343 1345//1345 1344//1344
f 1340//1340 97//97 1337//1337
f 1337//1337 97//97 73//73
f 1341//1341 99//99 1340//1340
f 1340//1340 99//99 97//97
f 1344//1344 1346//1346 1341//1341
f 1341//1341 1346//1346 99//99
f 1345//1345 1347//1347 1344//1344
f 1344//1344 1347//1347 1346//1346
f 1343//1343 1317//1317 530//530
f 530//530 1317//1317 528//528
f 1351//1351 1348//1348 1349//1349
f 1349//1349 1352//1352 1351//1351
f 1352//1352 1349//1349 1350//1350
f 1352//1352 1350//1350 1353//1353
f 1353//1353 1350//1350 1354//1354
f 1354//1354 1350//1350 1355//1355
f 1355//1355 1350//1350 1356//1356
f 1355//1355 1356//1356 1357//1357
f 1357//1357 1358//1358 1355//1355
f 1359//1359 1358//1358 1360//1360
f 1360//1360 1361//1361 1359//1359
f 1362//1362 1363//1363 856//856
f 296//296 867//867 869//869
f 301//301 300//300 302//302
f 199//199 937//937 938//938
f 303//303 199//199 938//938
f 990//990 810//810 581//581
f 581//581 590//590 990//990
f 35//35 722//722 731//731
f 91//91 124//124 125//125
f 96//96 73//73 97//97
f 102//102 99//99 1346//1346
f 102//102 1346//1346 111//111
f 111//111 1346//1346 1347//1347
f 111//111 1347//1347 109//109
f 1239//1239 1242//1242 1237//1237
f 65//65 122//122 1331//1331
f 65//65 1331//1331 66//66
f 1331//1331 71//71 66//66
f 1345//1345 1343//1343 694//694
f 694//694 1343//1343 530//530
f 694//694 109//109 1347//1347
f 1347//1347 1345//1345 694//694
f 1364//1364 535//535 534//534
f 1365//1365 274//274 534//534
f 1365//1365 534//534 533//533
f 1365//1365 533//533 713//713
f 1365//1365 716//716 1366//1366
f 1366//1366 716//716 277//277
f 713//713 716//716 1365//1365
f 275//275 277//277 715//715
f 715//715 277//277 716//716
f 888//888 719//719 887//887
f 715//715 1367//1367 275//275
f 275//275 1367//1367 1368//1368
f 1369//1369 1368//1368 1367//1367
f 717//717 1367//1367 715//715
f 7//7 2//2 1367//1367
f 1367//1367 717//717 7//7
f 1370//1370 724//724 1364//1364
f 1364//1364 724//724 535//535
f 1371//1371 1372//1372 1370//1370
f 1370//1370 1372//1372 724//724
f 723//723 535//535 724//724
f 725//725 724//724 1372//1372
f 1373//1373 1374//1374 1372//1372
f 1372//1372 1371//1371 1373//1373
f 1375//1375 1376//1376 1374//1374
f 1374//1374 1373//1373 1375//1375
f 725//725 1372//1372 1374//1374
f 1374//1374 1377//1377 725//725
f 1378//1378 1376//1376 1375//1375
f 714//714 533//533 886//886
f 1379//1379 1380//1380 1381//1381
f 893//893 890//890 491//491
f 893//893 491//491 876//876
f 876//876 491//491 492//492
f 493//493 491//491 890//890
f 894//894 886//886 533//533
f 894//894 533//533 892//892
f 892//892 533//533 723//723
f 892//892 723//723 895//895
f 895//895 723//723 725//725
f 878//878 886//886 894//894
f 895//895 725//725 1377//1377
f 1377//1377 897//897 895//895
f 897//897 1377//1377 1382//1382
f 1382//1382 775//775 897//897
f 779//779 1383//1383 1384//1384
f 780//780 779//779 1385//1385
f 311//311 308//308 944//944
f 944//944 1200//1200 311//311
f 314//314 310//310 1386//1386
f 1386//1386 310//310 311//311
f 1386//1386 311//311 1200//1200
f 1200//1200 1207//1207 1386//1386
f 315//315 314//314 1387//1387
f 1387//1387 314//314 1386//1386
f 1387//1387 1386//1386 1207//1207
f 1207//1207 1210//1210 1387//1387
f 318//318 316//316 1388//1388
f 1388//1388 316//316 1387//1387
f 1387//1387 316//316 315//315
f 1388//1388 1387//1387 1389//1389
f 1389//1389 1387//1387 1238//1238
f 1238//1238 1387//1387 1210//1210
f 320//320 318//318 1388//1388
f 1388//1388 1390//1390 320//320
f 1390//1390 1388//1388 1391//1391
f 1391//1391 1388//1388 1389//1389
f 322//322 320//320 327//327
f 322//322 327//327 326//326
f 327//327 320//320 1390//1390
f 325//325 322//322 1392//1392
f 1392//1392 322//322 326//326
f 1393//1393 1394//1394 1395//1395
f 1395//1395 1394//1394 1396//1396
f 1396//1396 325//325 1397//1397
f 1397//1397 325//325 1392//1392
f 1395//1395 1396//1396 1397//1397
f 1397//1397 785//785 1395//1395
f 1397//1397 1392//1392 783//783
f 785//785 1397//1397 783//783
f 1398//1398 1385//1385 1384//1384
f 780//780 1385//1385 787//787
f 787//787 1385//1385 1398//1398
f 787//787 1398//1398 788//788
f 788//788 1398//1398 1393//1393
f 1395//1395 788//788 1393//1393
f 785//785 788//788 1395//1395
f 755//755 754//754 753//753
f 755//755 423//423 756//756
f 773//773 1399//1399 361//361
f 549//549 450//450 449//449
f 561//561 553//553 551//551
f 703//703 559//559 556//556
f 333//333 330//330 334//334
f 1389//1389 1238//1238 1244//1244
f 1391//1391 1389//1389 1245//1245
f 1245//1245 1389//1389 1244//1244
f 1391//1391 327//327 1390//1390
f 328//328 327//327 1255//1255
f 1255//1255 327//327 1245//1245
f 1245//1245 327//327 1391//1391
f 1392//1392 326//326 1400//1400
f 1400//1400 326//326 328//328
f 1400//1400 328//328 1255//1255
f 1255//1255 781//781 1400//1400
f 783//783 1392//1392 1400//1400
f 783//783 1400//1400 781//781
f 1401//1401 1402//1402 1403//1403
f 1404//1404 1402//1402 1405//1405
f 1404//1404 1405//1405 1406//1406
f 1405//1405 1402//1402 1401//1401
f 1406//1406 1405//1405 1407//1407
f 815//815 1408//1408 1407//1407
f 815//815 1407//1407 1409//1409
f 1407//1407 1408//1408 1406//1406
f 1410//1410 815//815 1409//1409
f 815//815 1410//1410 814//814
f 1409//1409 1407//1407 1411//1411
f 1411//1411 1407//1407 1412//1412
f 1413//1413 1409//1409 1411//1411
f 1413//1413 1411//1411 1414//1414
f 820//820 818//818 1415//1415
f 1415//1415 1416//1416 820//820
f 819//819 820//820 1088//1088
f 683//683 684//684 680//680
f 1358//1358 1357//1357 833//833
f 833//833 1360//1360 1358//1358
f 1360//1360 833//833 834//834
f 834//834 842//842 1360//1360
f 1361//1361 1360//1360 842//842
f 842//842 1417//1417 1361//1361
f 1417//1417 842//842 843//843
f 843//843 1418//1418 1417//1417
f 1418//1418 843//843 844//844
f 844//844 846//846 1418//1418
f 1419//1419 1418//1418 846//846
f 846//846 1420//1420 1419//1419
f 1420//1420 846//846 847//847
f 847//847 856//856 1420//1420
f 1362//1362 856//856 859//859
f 859//859 1421//1421 1362//1362
f 860//860 867//867 1421//1421
f 1421//1421 859//859 860//860
f 1409//1409 1422//1422 1410//1410
f 1422//1422 1050//1050 1410//1410
f 816//816 814//814 1410//1410
f 816//816 1410//1410 1050//1050
f 1422//1422 1409//1409 1413//1413
f 1052//1052 1050//1050 1413//1413
f 1052//1052 1413//1413 1064//1064
f 1413//1413 1050//1050 1422//1422
f 1064//1064 1413//1413 1423//1423
f 1423//1423 1066//1066 1064//1064
f 1066//1066 1423//1423 1072//1072
f 1072//1072 1423//1423 1424//1424
f 1072//1072 1424//1424 1425//1425
f 1424//1424 1426//1426 1425//1425
f 1077//1077 1425//1425 1427//1427
f 1427//1427 1425//1425 1426//1426
f 1427//1427 1426//1426 818//818
f 1076//1076 1077//1077 1427//1427
f 1427//1427 1079//1079 1076//1076
f 1079//1079 1427//1427 817//817
f 817//817 1427//1427 818//818
f 708//708 743//743 1428//1428
f 708//708 1428//1428 1429//1429
f 1429//1429 1430//1430 708//708
f 708//708 1430//1430 752//752
f 286//286 828//828 287//287
f 458//458 338//338 335//335
f 335//335 460//460 458//458
f 460//460 335//335 462//462
f 462//462 335//335 337//337
f 462//462 337//337 467//467
f 824//824 288//288 1431//1431
f 825//825 824//824 1431//1431
f 825//825 1431//1431 1432//1432
f 1432//1432 1431//1431 389//389
f 1432//1432 389//389 388//388
f 341//341 472//472 337//337
f 337//337 472//472 467//467
f 342//342 473//473 341//341
f 341//341 473//473 472//472
f 1433//1433 1434//1434 468//468
f 289//289 409//409 342//342
f 342//342 409//409 473//473
f 468//468 1434//1434 397//397
f 468//468 409//409 289//289
f 827//827 825//825 1432//1432
f 1432//1432 399//399 827//827
f 829//829 828//828 391//391
f 829//829 391//391 1435//1435
f 393//393 1435//1435 391//391
f 399//399 392//392 391//391
f 391//391 827//827 399//399
f 1436//1436 395//395 1433//1433
f 1433//1433 395//395 1434//1434
f 397//397 1434//1434 395//395
f 390//390 400//400 388//388
f 399//399 1432//1432 400//400
f 400//400 1432//1432 388//388
f 413//413 1147//1147 355//355
f 355//355 1147//1147 353//353
f 1437//1437 1438//1438 1439//1439
f 1440//1440 1441//1441 1437//1437
f 1440//1440 1437//1437 1439//1439
f 175//175 1442//1442 1443//1443
f 499//499 498//498 1444//1444
f 776//776 1445//1445 899//899
f 935//935 937//937 934//934
f 1446//1446 1447//1447 1448//1448
f 1449//1449 1450//1450 1451//1451
f 1451//1451 1450//1450 1452//1452
f 1451//1451 1452//1452 1453//1453
f 1454//1454 1455//1455 1450//1450
f 1450//1450 1449//1449 1454//1454
f 1451//1451 1453//1453 54//54
f 1451//1451 54//54 1456//1456
f 54//54 1453//1453 51//51
f 1456//1456 54//54 1457//1457
f 1457//1457 54//54 57//57
f 1456//1456 1458//1458 1451//1451
f 1457//1457 1459//1459 1458//1458
f 1458//1458 1456//1456 1457//1457
f 1089//1089 1088//1088 1091//1091
f 742//742 681//681 1091//1091
f 91//91 126//126 92//92
f 744//744 682//682 742//742
f 742//742 682//682 681//681
f 1460//1460 1461//1461 1454//1454
f 1454//1454 1461//1461 1455//1455
f 1462//1462 1463//1463 1460//1460
f 1460//1460 1463//1463 1461//1461
f 1464//1464 1465//1465 1463//1463
f 1463//1463 1462//1462 1464//1464
f 1466//1466 1467//1467 1465//1465
f 1465//1465 1464//1464 1466//1466
f 1457//1457 57//57 86//86
f 88//88 1468//1468 87//87
f 1468//1468 88//88 90//90
f 90//90 95//95 1468//1468
f 86//86 1469//1469 1457//1457
f 1457//1457 1469//1469 1459//1459
f 87//87 1470//1470 86//86
f 86//86 1470//1470 1469//1469
f 1468//1468 1471//1471 1470//1470
f 1470//1470 87//87 1468//1468
f 95//95 1472//1472 1471//1471
f 1471//1471 1468//1468 95//95
f 1473//1473 1474//1474 1475//1475
f 1476//1476 1475//1475 1477//1477
f 1477//1477 1475//1475 1474//1474
f 1474//1474 1473//1473 100//100
f 100//100 1473//1473 74//74
f 1477//1477 1474//1474 100//100
f 1477//1477 100//100 1478//1478
f 1478//1478 100//100 101//101
f 1478//1478 101//101 343//343
f 343//343 101//101 344//344
f 102//102 344//344 101//101
f 709//709 745//745 752//752
f 1094//1094 752//752 1095//1095
f 383//383 382//382 821//821
f 383//383 821//821 456//456
f 352//352 1479//1479 382//382
f 382//382 351//351 352//352
f 821//821 382//382 108//108
f 108//108 382//382 1479//1479
f 1479//1479 106//106 108//108
f 345//345 113//113 112//112
f 345//345 112//112 352//352
f 352//352 112//112 1479//1479
f 106//106 1479//1479 112//112
f 1477//1477 1480//1480 1476//1476
f 1478//1478 1480//1480 1477//1477
f 346//346 348//348 1481//1481
f 1476//1476 1480//1480 347//347
f 1476//1476 347//347 346//346
f 1481//1481 348//348 349//349
f 349//349 384//384 1481//1481
f 343//343 347//347 1478//1478
f 1478//1478 347//347 1480//1480
f 384//384 349//349 351//351
f 1483//1483 1485//1485 1482//1482
f 1482//1482 1485//1485 1484//1484
f 1484//1484 1485//1485 1486//1486
f 1483//1483 1487//1487 1485//1485
f 1486//1486 1485//1485 1487//1487
f 1488//1488 1489//1489 1490//1490
f 1491//1491 1492//1492 1489//1489
f 1491//1491 1489//1489 1488//1488
f 1493//1493 1494//1494 1495//1495
f 1495//1495 1496//1496 1493//1493
f 1497//1497 1489//1489 1492//1492
f 1492//1492 1498//1498 1497//1497
f 1496//1496 1498//1498 1492//1492
f 1492//1492 1493//1493 1496//1496
f 1495//1495 1494//1494 1359//1359
f 1359//1359 1499//1499 1495//1495
f 1500//1500 1495//1495 1499//1499
f 1499//1499 1501//1501 1500//1500
f 1502//1502 1441//1441 1501//1501
f 1503//1503 1501//1501 1441//1441
f 1441//1441 1502//1502 1437//1437
f 1437//1437 1502//1502 1438//1438
f 265//265 266//266 1504//1504
f 1505//1505 1506//1506 1507//1507
f 1504//1504 271//271 1508//1508
f 1508//1508 271//271 324//324
f 1508//1508 324//324 1509//1509
f 324//324 271//271 1507//1507
f 1506//1506 324//324 1507//1507
f 1369//1369 1367//1367 1//1
f 1//1 1367//1367 2//2
f 1//1 1510//1510 1369//1369
f 1511//1511 1510//1510 1512//1512
f 1512//1512 1510//1510 1513//1513
f 1512//1512 1513//1513 1514//1514
f 3//3 1513//1513 1510//1510
f 1510//1510 1//1 3//3
f 1515//1515 1514//1514 1513//1513
f 1513//1513 41//41 1515//1515
f 5//5 41//41 1513//1513
f 1513//1513 3//3 5//5
f 1373//1373 280//280 1516//1516
f 1516//1516 1375//1375 1373//1373
f 1377//1377 1374//1374 1382//1382
f 1382//1382 1374//1374 1376//1376
f 1516//1516 259//259 263//263
f 1516//1516 1517//1517 1518//1518
f 1518//1518 1517//1517 1519//1519
f 264//264 1517//1517 263//263
f 1519//1519 1517//1517 1520//1520
f 1520//1520 1517//1517 264//264
f 1520//1520 264//264 265//265
f 1375//1375 1516//1516 1378//1378
f 1378//1378 1516//1516 1521//1521
f 1521//1521 1516//1516 1518//1518
f 1519//1519 1521//1521 1518//1518
f 1378//1378 1521//1521 1522//1522
f 1522//1522 1521//1521 1520//1520
f 1522//1522 1520//1520 1381//1381
f 1520//1520 1521//1521 1519//1519
f 1520//1520 265//265 1504//1504
f 1504//1504 1523//1523 1520//1520
f 1381//1381 1520//1520 1379//1379
f 1379//1379 1520//1520 1523//1523
f 1522//1522 1524//1524 1382//1382
f 1522//1522 1382//1382 1378//1378
f 1378//1378 1382//1382 1376//1376
f 1381//1381 1380//1380 1524//1524
f 1524//1524 1522//1522 1381//1381
f 891//891 890//890 893//893
f 1523//1523 1504//1504 1508//1508
f 1508//1508 1525//1525 1523//1523
f 1525//1525 1508//1508 1526//1526
f 1526//1526 1508//1508 1509//1509
f 1379//1379 1523//1523 1383//1383
f 1383//1383 1523//1523 1525//1525
f 1383//1383 1525//1525 1526//1526
f 1526//1526 1384//1384 1383//1383
f 775//775 1382//1382 1524//1524
f 775//775 1524//1524 774//774
f 774//774 1524//1524 1527//1527
f 1527//1527 1524//1524 1445//1445
f 1445//1445 1524//1524 1380//1380
f 774//774 1527//1527 776//776
f 776//776 1527//1527 1445//1445
f 1383//1383 779//779 1445//1445
f 1383//1383 1445//1445 1379//1379
f 1379//1379 1445//1445 1380//1380
f 1384//1384 1385//1385 779//779
f 1528//1528 779//779 778//778
f 780//780 9//9 778//778
f 778//778 9//9 1529//1529
f 8//8 1529//1529 9//9
f 8//8 726//726 417//417
f 309//309 312//312 210//210
f 212//212 210//210 312//312
f 219//219 212//212 316//316
f 219//219 316//316 317//317
f 1505//1505 219//219 319//319
f 319//319 219//219 317//317
f 1506//1506 1505//1505 321//321
f 321//321 1505//1505 319//319
f 1509//1509 324//324 1530//1530
f 1530//1530 324//324 323//323
f 321//321 324//324 1506//1506
f 1526//1526 1509//1509 1530//1530
f 1530//1530 1531//1531 1526//1526
f 1531//1531 1530//1530 323//323
f 323//323 1394//1394 1531//1531
f 1394//1394 323//323 325//325
f 325//325 1396//1396 1394//1394
f 1384//1384 1526//1526 1531//1531
f 1531//1531 1398//1398 1384//1384
f 1398//1398 1531//1531 1394//1394
f 1394//1394 1393//1393 1398//1398
f 789//789 790//790 947//947
f 1414//1414 1423//1423 1413//1413
f 1423//1423 1414//1414 1532//1532
f 1532//1532 1424//1424 1423//1423
f 1072//1072 1425//1425 1077//1077
f 1073//1073 1082//1082 1078//1078
f 1533//1533 1534//1534 1535//1535
f 1536//1536 1535//1535 1534//1534
f 1534//1534 1537//1537 1536//1536
f 1447//1447 1536//1536 1537//1537
f 1533//1533 1515//1515 40//40
f 40//40 1515//1515 41//41
f 1534//1534 1533//1533 1538//1538
f 1538//1538 1533//1533 40//40
f 39//39 1538//1538 40//40
f 1537//1537 1534//1534 1539//1539
f 1539//1539 1534//1534 1538//1538
f 44//44 1539//1539 1538//1538
f 1538//1538 39//39 44//44
f 1448//1448 1537//1537 1539//1539
f 1539//1539 1540//1540 1448//1448
f 46//46 1540//1540 44//44
f 44//44 1540//1540 1539//1539
f 1541//1541 1447//1447 1446//1446
f 1452//1452 1541//1541 1446//1446
f 1446//1446 1453//1453 1452//1452
f 1446//1446 1448//1448 1540//1540
f 1540//1540 53//53 1446//1446
f 46//46 53//53 1540//1540
f 51//51 1453//1453 1446//1446
f 51//51 1446//1446 49//49
f 49//49 1446//1446 53//53
f 49//49 53//53 48//48
f 1542//1542 63//63 1543//1543
f 1544//1544 1543//1543 63//63
f 63//63 68//68 1544//1544
f 1545//1545 1544//1544 68//68
f 68//68 1546//1546 1545//1545
f 67//67 1546//1546 65//65
f 65//65 1546//1546 68//68
f 1547//1547 1545//1545 1546//1546
f 1546//1546 75//75 1547//1547
f 70//70 75//75 1546//1546
f 1546//1546 67//67 70//70
f 1473//1473 1547//1547 74//74
f 74//74 1547//1547 75//75
f 1483//1483 1548//1548 1351//1351
f 1351//1351 1548//1548 1348//1348
f 1351//1351 1487//1487 1483//1483
f 1352//1352 1488//1488 1487//1487
f 1487//1487 1351//1351 1352//1352
f 1487//1487 1490//1490 1486//1486
f 1490//1490 1487//1487 1488//1488
f 1484//1484 1486//1486 1549//1549
f 1549//1549 1486//1486 1490//1490
f 1353//1353 1354//1354 1491//1491
f 1491//1491 1354//1354 1355//1355
f 1491//1491 1355//1355 1494//1494
f 1491//1491 1494//1494 1493//1493
f 1353//1353 1488//1488 1352//1352
f 1491//1491 1488//1488 1353//1353
f 1493//1493 1492//1492 1491//1491
f 1494//1494 1355//1355 1358//1358
f 1358//1358 1359//1359 1494//1494
f 1499//1499 1359//1359 1361//1361
f 1361//1361 1502//1502 1499//1499
f 1501//1501 1499//1499 1502//1502
f 1502//1502 1361//1361 1417//1417
f 1417//1417 1438//1438 1502//1502
f 1438//1438 1417//1417 1418//1418
f 1418//1418 1419//1419 1438//1438
f 1439//1439 1438//1438 1419//1419
f 1439//1439 1419//1419 1420//1420
f 1420//1420 1443//1443 1439//1439
f 1443//1443 1420//1420 856//856
f 856//856 1363//1363 1443//1443
f 1439//1439 1550//1550 1440//1440
f 1550//1550 1439//1439 1443//1443
f 175//175 1443//1443 1551//1551
f 1551//1551 1443//1443 1363//1363
f 1551//1551 1552//1552 175//175
f 1551//1551 1363//1363 1362//1362
f 1362//1362 1421//1421 1551//1551
f 1551//1551 1421//1421 1553//1553
f 1551//1551 1553//1553 1552//1552
f 1553//1553 1421//1421 867//867
f 867//867 296//296 1553//1553
f 1554//1554 1553//1553 296//296
f 297//297 296//296 869//869
f 297//297 869//869 299//299
f 487//487 488//488 873//873
f 873//873 488//488 1555//1555
f 873//873 1555//1555 875//875
f 1555//1555 488//488 1556//1556
f 1557//1557 1558//1558 1559//1559
f 1559//1559 1558//1558 1560//1560
f 1555//1555 1557//1557 1559//1559
f 1559//1559 1046//1046 1555//1555
f 1046//1046 1559//1559 1561//1561
f 1561//1561 812//812 1046//1046
f 1406//1406 1408//1408 1404//1404
f 812//812 1561//1561 1408//1408
f 812//812 1408//1408 813//813
f 1408//1408 1561//1561 1404//1404
f 875//875 1555//1555 1046//1046
f 811//811 1046//1046 812//812
f 1095//1095 752//752 1562//1562
f 1096//1096 1095//1095 1562//1562
f 1563//1563 1564//1564 1436//1436
f 1565//1565 393//393 1563//1563
f 1563//1563 393//393 1564//1564
f 1436//1436 1564//1564 395//395
f 395//395 1564//1564 393//393
f 427//427 1327//1327 426//426
f 923//923 921//921 919//919
f 1566//1566 1567//1567 1568//1568
f 1424//1424 1532//1532 481//481
f 1424//1424 481//481 1569//1569
f 481//481 1532//1532 1568//1568
f 1569//1569 1426//1426 1424//1424
f 1567//1567 481//481 1568//1568
f 1569//1569 481//481 1570//1570
f 1570//1570 1426//1426 1569//1569
f 1570//1570 481//481 480//480
f 818//818 1426//1426 480//480
f 480//480 1426//1426 1570//1570
f 818//818 480//480 1571//1571
f 1571//1571 1415//1415 818//818
f 1415//1415 1571//1571 1572//1572
f 1572//1572 1571//1571 1573//1573
f 1574//1574 1575//1575 1573//1573
f 1572//1572 1573//1573 1575//1575
f 1575//1575 1576//1576 1572//1572
f 1576//1576 1575//1575 1577//1577
f 1547//1547 1578//1578 1579//1579
f 1578//1578 1547//1547 1580//1580
f 1580//1580 1547//1547 1473//1473
f 1580//1580 1473//1473 1581//1581
f 1572//1572 1416//1416 1415//1415
f 1088//1088 820//820 1582//1582
f 1582//1582 820//820 1416//1416
f 1091//1091 1088//1088 1582//1582
f 1091//1091 1582//1582 742//742
f 742//742 1582//1582 743//743
f 81//81 80//80 1583//1583
f 454//454 1584//1584 135//135
f 1583//1583 80//80 509//509
f 509//509 80//80 1584//1584
f 1584//1584 80//80 135//135
f 129//129 682//682 77//77
f 129//129 77//77 140//140
f 77//77 682//682 76//76
f 131//131 127//127 379//379
f 381//381 127//127 140//140
f 140//140 1585//1585 381//381
f 1585//1585 140//140 77//77
f 1586//1586 81//81 1583//1583
f 1583//1583 1587//1587 1586//1586
f 1588//1588 1589//1589 1466//1466
f 1466//1466 1589//1589 1467//1467
f 1590//1590 1586//1586 1587//1587
f 1590//1590 1587//1587 1589//1589
f 1590//1590 1589//1589 1588//1588
f 1589//1589 1587//1587 1591//1591
f 1587//1587 1583//1583 509//509
f 509//509 508//508 1587//1587
f 508//508 1591//1591 1587//1587
f 81//81 1586//1586 94//94
f 94//94 1592//1592 95//95
f 1592//1592 94//94 1590//1590
f 1590//1590 94//94 1586//1586
f 1592//1592 1593//1593 95//95
f 95//95 1593//1593 1472//1472
f 1590//1590 1593//1593 1592//1592
f 1576//1576 332//332 1572//1572
f 1572//1572 332//332 1416//1416
f 1594//1594 332//332 1576//1576
f 1582//1582 1416//1416 332//332
f 332//332 331//331 1582//1582
f 743//743 1582//1582 331//331
f 1475//1475 1581//1581 1473//1473
f 1476//1476 1595//1595 1475//1475
f 346//346 1595//1595 1476//1476
f 708//708 752//752 745//745
f 456//456 822//822 1096//1096
f 456//456 1096//1096 455//455
f 823//823 1096//1096 822//822
f 108//108 150//150 1097//1097
f 108//108 1097//1097 821//821
f 821//821 1097//1097 823//823
f 108//108 107//107 150//150
f 175//175 1552//1552 176//176
f 176//176 1552//1552 1553//1553
f 1553//1553 1554//1554 176//176
f 296//296 295//295 1554//1554
f 179//179 176//176 1554//1554
f 1554//1554 193//193 179//179
f 193//193 1554//1554 295//295
f 295//295 1596//1596 193//193
f 1596//1596 295//295 294//294
f 192//192 179//179 193//193
f 195//195 193//193 1596//1596
f 195//195 1597//1597 196//196
f 192//192 196//196 1598//1598
f 192//192 1598//1598 1599//1599
f 1597//1597 1598//1598 196//196
f 195//195 1596//1596 294//294
f 195//195 294//294 198//198
f 198//198 1597//1597 195//195
f 1600//1600 489//489 485//485
f 489//489 1600//1600 1556//1556
f 1556//1556 488//488 489//489
f 1515//1515 1601//1601 1602//1602
f 1369//1369 1510//1510 1511//1511
f 8//8 1528//1528 1529//1529
f 1559//1559 1402//1402 1561//1561
f 1561//1561 1402//1402 1404//1404
f 813//813 1408//1408 815//815
f 1412//1412 1603//1603 1604//1604
f 1604//1604 1603//1603 1605//1605
f 1411//1411 1412//1412 1604//1604
f 1604//1604 1414//1414 1411//1411
f 1606//1606 1605//1605 1603//1603
f 1414//1414 1604//1604 1532//1532
f 1601//1601 1515//1515 1607//1607
f 1607//1607 1515//1515 1533//1533
f 1607//1607 1533//1533 1608//1608
f 1535//1535 1608//1608 1533//1533
f 1537//1537 1448//1448 1447//1447
f 60//60 1609//1609 483//483
f 1609//1609 60//60 59//59
f 59//59 1610//1610 1609//1609
f 1610//1610 59//59 1542//1542
f 1542//1542 59//59 63//63
f 1614//1614 1611//1611 1549//1549
f 1612//1612 1611//1611 1614//1614
f 1549//1549 1490//1490 1615//1615
f 1549//1549 1615//1615 1614//1614
f 1615//1615 1490//1490 1489//1489
f 1489//1489 1497//1497 1615//1615
f 1614//1614 1615//1615 1616//1616
f 1614//1614 1616//1616 1612//1612
f 1612//1612 1616//1616 1613//1613
f 1616//1616 1615//1615 1617//1617
f 1617//1617 1615//1615 1497//1497
f 1618//1618 1619//1619 1620//1620
f 1496//1496 1495//1495 1618//1618
f 1618//1618 1495//1495 1500//1500
f 1618//1618 1500//1500 1619//1619
f 1620//1620 1617//1617 1497//1497
f 1620//1620 1497//1497 1498//1498
f 1620//1620 1498//1498 1618//1618
f 1618//1618 1498//1498 1496//1496
f 228//228 1613//1613 1616//1616
f 1616//1616 1621//1621 228//228
f 1621//1621 1616//1616 230//230
f 230//230 1616//1616 1617//1617
f 229//229 228//228 1621//1621
f 1621//1621 232//232 229//229
f 232//232 1621//1621 230//230
f 1620//1620 1619//1619 1622//1622
f 1622//1622 1619//1619 1500//1500
f 1622//1622 1500//1500 1623//1623
f 1623//1623 1500//1500 1624//1624
f 1623//1623 1624//1624 1625//1625
f 1622//1622 1626//1626 230//230
f 1622//1622 230//230 1617//1617
f 1622//1622 1617//1617 1620//1620
f 1623//1623 1626//1626 1622//1622
f 233//233 230//230 1626//1626
f 233//233 1626//1626 1623//1623
f 233//233 1623//1623 1627//1627
f 1627//1627 1623//1623 1625//1625
f 1624//1624 1500//1500 1628//1628
f 1628//1628 1500//1500 1501//1501
f 1628//1628 1501//1501 1503//1503
f 1625//1625 1624//1624 1628//1628
f 1628//1628 1629//1629 1625//1625
f 1629//1629 1628//1628 1503//1503
f 1503//1503 1630//1630 1629//1629
f 1627//1627 1625//1625 248//248
f 248//248 1625//1625 1629//1629
f 248//248 1629//1629 1631//1631
f 1630//1630 1632//1632 1629//1629
f 1629//1629 1632//1632 1631//1631
f 248//248 1631//1631 1633//1633
f 1633//1633 1631//1631 181//181
f 181//181 1631//1631 1632//1632
f 237//237 229//229 232//232
f 1627//1627 245//245 233//233
f 248//248 245//245 1627//1627
f 249//249 248//248 1633//1633
f 249//249 1633//1633 181//181
f 1503//1503 1441//1441 1440//1440
f 1630//1630 1503//1503 1440//1440
f 1440//1440 1634//1634 1630//1630
f 1634//1634 1440//1440 1550//1550
f 1550//1550 173//173 1634//1634
f 1634//1634 1635//1635 1630//1630
f 1630//1630 1635//1635 1632//1632
f 173//173 174//174 1634//1634
f 1634//1634 174//174 1635//1635
f 1443//1443 1442//1442 1550//1550
f 173//173 1550//1550 171//171
f 171//171 1550//1550 1442//1442
f 171//171 1442//1442 175//175
f 181//181 1632//1632 182//182
f 182//182 1632//1632 1635//1635
f 182//182 1635//1635 177//177
f 177//177 1635//1635 174//174
f 259//259 258//258 263//263
f 263//263 258//258 255//255
f 269//269 268//268 221//221
f 221//221 219//219 1505//1505
f 271//271 269//269 221//221
f 221//221 1507//1507 271//271
f 1507//1507 221//221 1505//1505
f 1504//1504 266//266 271//271
f 534//534 1636//1636 1364//1364
f 274//274 273//273 534//534
f 1366//1366 272//272 1365//1365
f 1365//1365 272//272 274//274
f 1364//1364 1636//1636 1370//1370
f 1370//1370 1636//1636 278//278
f 1370//1370 278//278 1371//1371
f 1371//1371 278//278 279//279
f 280//280 256//256 1516//1516
f 1516//1516 256//256 259//259
f 1371//1371 279//279 280//280
f 280//280 1373//1373 1371//1371
f 1516//1516 263//263 1517//1517
f 495//495 536//536 1637//1637
f 495//495 1637//1637 497//497
f 536//536 777//777 1637//1637
f 497//497 1637//1637 777//777
f 497//497 777//777 501//501
f 777//777 899//899 1638//1638
f 899//899 1445//1445 1639//1639
f 1528//1528 1639//1639 779//779
f 779//779 1639//1639 1445//1445
f 778//778 1529//1529 1528//1528
f 1639//1639 1638//1638 899//899
f 1640//1640 1639//1639 1528//1528
f 1641//1641 206//206 309//309
f 210//210 1641//1641 309//309
f 128//128 127//127 130//130
f 379//379 127//127 381//381
