# Created by Open3D 
# object name: cluster2
# number of vertices: 1699
# number of triangles: 2999
v -0.15409 -2.6546 -1.0174
vn 0.255242 -0.0192255 0.966686
v -0.23356 -2.4945 -0.53995
vn 0.109096 0.74512 0.657947
v -0.1995 -2.4824 -0.56257
vn 0.125219 0.762994 0.634162
v -0.18749 -2.6319 -0.74421
vn 0.988882 0.0265734 -0.146308
v -0.18413 -2.6319 -0.7215
vn 0.995905 0.00996412 -0.089855
v -0.18352 -2.6546 -0.7215
vn 0.98979 0.0800497 -0.117933
v 0.072959 -2.4937 0.27752
vn -0.354868 0.0680101 0.932439
v 0.072959 -2.473 0.26605
vn -0.51792 0.543061 0.660941
v 0.046058 -2.4957 0.258775
vn -0.560529 0.115264 0.820074
v 0.067718 -2.4713 0.25482
vn -0.281126 0.930511 0.234772
v -0.47196 -2.7908 0.18324
vn -0.681166 0.575967 0.451969
v -0.497695 -2.7908 0.145695
vn -0.767643 0.267883 0.582205
v -0.47403 -2.8135 0.195645
vn -0.817006 0.339616 0.466006
v -0.44487 -2.7908 0.225375
vn -0.68164 0.585842 0.438356
v -0.36623 -2.7908 0.32293
vn -0.676744 0.685784 0.267801
v -0.38107 -2.7909 0.300173
vn -0.48398 0.772255 0.411564
v -0.379945 -2.8135 0.321395
vn -0.74056 0.414937 0.528581
v -0.85923 -2.7 -0.452295
vn -0.859756 0.401421 -0.315723
v -0.83257 -2.6773 -0.485525
vn -0.763622 0.583092 -0.277282
v -0.853573 -2.6773 -0.386602
vn -0.811814 0.583623 -0.018512
v -0.84965 -2.6773 -0.44904
vn -0.811377 0.55069 -0.195977
v -0.8661 -2.7 -0.42634
vn -0.854499 0.518449 -0.032294
v -0.869195 -2.7 -0.34687
vn -0.831748 0.55496 0.0146539
v -0.83525 -2.653 -0.33552
vn -0.749037 0.661593 0.035179
v -0.83525 -2.6553 -0.31281
vn -0.737708 0.664071 0.121641
v -0.86261 -2.7 -0.2674
vn -0.861666 0.495696 0.108702
v -0.82279 -2.7 -0.19929
vn -0.878941 0.451084 0.154877
v -0.81254 -2.6712 -0.22199
vn -0.835627 0.487102 0.253889
v -0.83525 -2.7227 -0.21467
vn -0.841873 0.3022 0.447131
v -0.813175 -2.6546 -0.177625
vn -0.655178 0.58243 -0.481162
v -0.82689 -2.6773 -0.17658
vn -0.833585 0.253439 -0.49082
v -0.81461 -2.6725 -0.19929
vn -0.877065 0.442476 -0.187008
v -0.83332 -2.6546 -0.15387
vn -0.633806 0.446931 -0.631302
v -0.81254 -2.63485 -0.149855
vn -0.303179 0.729648 -0.61294
v -0.80425 -2.6546 -0.21064
vn -0.773435 0.623669 -0.113296
v -0.85795 -2.6546 -0.13117
vn -0.768306 0.170558 -0.616941
v -0.83525 -2.6264 -0.135315
vn -0.263156 0.587229 -0.765448
v -0.85795 -2.6319 -0.1269
vn -0.439824 0.527621 -0.726753
v -0.81254 -2.6218 -0.13117
vn -0.0801986 0.733925 -0.674479
v -0.38114 -2.5184 -0.49077
vn -0.0386534 0.338335 0.940231
v -0.40385 -2.4957 -0.49895
vn -0.0543932 0.311602 0.948655
v -0.437905 -2.4957 -0.504515
vn -0.184057 0.400031 0.89783
v -0.44926 -2.5184 -0.5007
vn -0.207418 0.131245 0.969408
v -0.349885 -2.51672 -0.493717
vn 0.0766625 0.489964 0.868365
v 0.120605 -2.473 0.162035
vn 0.603181 0.406809 -0.686061
v 0.11837 -2.4957 0.15505
vn 0.557394 0.0704091 -0.827257
v -0.1995 -2.5002 -0.54359
vn 0.195476 0.649084 0.735172
v 0.12967 -2.4957 0.164
vn 0.842566 0.0858373 -0.531709
v 0.142515 -2.473 0.204965
vn 0.788356 0.512773 -0.339939
v -0.256265 -2.47925 -0.56257
vn -0.00614573 0.862277 0.5064
v -0.287486 -2.49227 -0.536881
vn 0.0757665 0.870464 0.486366
v -0.210855 -2.5411 -0.508165
vn 0.247235 0.527372 0.812868
v -0.27897 -2.51295 -0.51205
vn 0.179964 0.692819 0.698294
v -0.85795 -2.60825 -0.10977
vn -0.467819 0.61814 -0.631703
v -0.79049 -2.473 -0.81232
vn -0.349013 0.756357 0.553276
v -0.448385 -2.7454 0.074287
vn 0.756157 0.270056 0.596068
v -0.1768 -2.5469 -0.51716
vn 0.451015 0.581303 0.677254
v 0.095665 -2.473 0.15422
vn -0.020955 0.339283 -0.940451
v 0.095665 -2.4957 0.14836
vn 0.274349 0.240366 -0.931105
v 0.14108 -2.4957 0.18484
vn 0.89556 0.155714 -0.416804
v -0.6309 -2.67 -0.13117
vn 0.518333 0.227725 -0.824301
v -0.52346 -2.5184 -0.53986
vn -0.200837 0.752448 0.627285
v -0.31303 -2.8135 0.16426
vn 0.777529 0.20278 -0.595256
v -0.37812 -2.7908 0.092568
vn 0.55079 0.703715 -0.448793
v -0.31568 -2.7908 0.172958
vn 0.598305 0.678062 -0.426923
v -0.38114 -2.7755 0.11859
vn 0.365671 0.894217 -0.258188
v -0.33573 -2.7823 0.164
vn 0.495682 0.824077 -0.274221
v -0.33573 -2.777 0.1867
vn 0.38093 0.875802 -0.296416
v -0.30735 -2.77283 0.23779
vn 0.199239 0.956597 -0.212665
v -0.275705 -2.74295 0.32147
vn -0.336699 0.590523 -0.733428
v -0.29032 -2.7227 0.33572
vn -0.363301 0.250435 -0.897382
v -0.262085 -2.71135 0.32473
vn -0.36312 -0.0573619 -0.929975
v -0.085977 -2.598 0.32293
vn 0.342453 0.830639 0.439051
v -0.085977 -2.5891 0.30023
vn 0.0919981 0.92024 0.380389
v -0.10868 -2.5936 0.32293
vn 0.0933339 0.911317 0.400987
v -0.0897655 -2.6092 0.342075
vn 0.254454 0.830465 0.495561
v -0.0684695 -2.60495 0.31158
vn 0.711119 0.491523 0.502708
v -0.063271 -2.5865 0.28827
vn 0.498874 0.540548 0.677446
v -0.049191 -2.6092 0.27752
vn 0.767833 0.162674 0.619653
v -0.0432445 -2.5865 0.275055
vn 0.724551 -1.76873e-05 0.689221
v 0.14385 -2.47075 0.23211
vn 0.622385 0.766199 0.159926
v 0.14065 -2.473 0.254245
vn 0.803219 0.388396 0.45165
v 0.112845 -2.4957 0.275255
vn 0.336917 0.151224 0.929311
v 0.11837 -2.473 0.26982
vn 0.183674 0.390263 0.902196
v 0.095665 -2.4814 0.27752
vn 0.246983 0.201302 0.94788
v 0.14108 -2.4957 0.25973
vn 0.810057 -0.0822101 0.58056
v -0.35844 -2.8135 0.11231
vn 0.689909 -0.141789 -0.709875
v -0.26762 -2.7908 0.23363
vn 0.56161 0.689853 -0.456834
v -0.293015 -2.8135 0.190455
vn 0.755387 0.32362 -0.56979
v -0.26266 -2.8135 0.23211
vn 0.817814 0.194485 -0.541624
v -0.246485 -2.8135 0.263837
vn 0.882611 0.146065 -0.446837
v -0.24491 -2.7908 0.27462
vn 0.779007 0.465409 -0.42017
v -0.29032 -2.76815 0.27764
vn 0.0154857 0.987443 -0.157216
v -0.26762 -2.76965 0.28084
vn 0.506853 0.729506 -0.459261
v -0.684375 -2.7 -0.39228
vn 0.974678 -0.0132063 -0.223223
v -0.67631 -2.67265 -0.35903
vn 0.986603 0.0270538 -0.160883
v -0.673202 -2.71135 -0.348945
vn 0.97181 0.0546945 -0.229335
v -0.67631 -2.6546 -0.34699
vn 0.966686 0.218601 -0.133161
v -0.66284 -2.6773 -0.29011
vn 0.992773 -0.0151519 -0.119045
v -0.6536 -2.68125 -0.152045
vn 0.643778 0.337233 -0.686894
v -0.63999 -2.7227 -0.15387
vn 0.572106 0.265657 -0.775965
v -0.64865 -2.6546 -0.133975
vn 0.375643 0.535363 -0.756491
v -0.612775 -2.7 -0.12882
vn 0.461273 0.233717 -0.855923
v -0.56278 -2.7 -0.09517
vn 0.688478 0.253546 -0.679494
v -0.53015 -2.7227 -0.063054
vn 0.70995 0.191261 -0.677784
v -0.581255 -2.7 -0.11135
vn 0.571279 0.298738 -0.764458
v -0.52223 -2.6773 -0.040349
vn 0.722655 0.221443 -0.654776
v -0.494595 -2.6993 -0.0177258
vn 0.71734 0.197233 -0.668223
v -0.51202 -2.6546 -0.0223495
vn 0.643523 0.202849 -0.738058
v -0.538265 -2.6511 -0.0422232
vn 0.59237 0.53821 -0.599523
v -0.47419 -2.6546 0.0050616
vn 0.572663 0.311703 -0.758221
v -0.47196 -2.6773 0.0014815
vn 0.534389 0.0760466 -0.841811
v -0.6309 -2.5468 -0.53986
vn -0.214814 0.532072 0.818996
v -0.664955 -2.5411 -0.55127
vn -0.212658 0.312953 0.925655
v -0.67631 -2.5638 -0.54634
vn -0.226929 0.209037 0.951213
v -0.43605 -2.6773 0.027767
vn 0.713001 0.0251872 -0.70071
v -0.44926 -2.6773 0.014557
vn 0.680204 0.0772633 -0.728939
v -0.44793 -2.6546 0.025843
vn 0.754124 0.475667 -0.452811
v -0.44926 -2.5411 -0.49864
vn -0.0570935 -0.116085 0.991597
v -0.4152 -2.5638 -0.50004
vn -0.143476 -0.337121 0.930465
v -0.68248 -2.7227 -0.38093
vn 0.958974 0.199493 -0.201426
v -0.6536 -2.5865 -0.54186
vn -0.23707 -0.145832 0.960485
v -0.38114 -2.9431 -1.0394
vn 0.133789 -0.319296 0.938163
v -0.38114 -2.9271 -1.0288
vn 0.256564 -0.488367 0.83407
v -0.35844 -2.9271 -1.0371
vn 0.264608 -0.470991 0.841516
v -0.322045 -2.92375 -1.0394
vn 0.0945346 -0.28331 0.954358
v -0.33573 -2.892 -1.0167
vn 0.375922 -0.700518 0.606595
v -0.32438 -2.9044 -1.03305
vn 0.253725 -0.572588 0.779594
v -0.25775 -2.8817 -1.0394
vn 0.143637 -0.29694 0.944031
v -0.29032 -2.8817 -1.0287
vn 0.274945 -0.60842 0.744466
v -0.33573 -2.8907 -0.99397
vn 0.486033 -0.872363 0.0524781
v -0.27897 -2.8652 -1.0121
vn 0.425745 -0.826181 0.369008
v -0.254865 -2.8527 -1.0167
vn 0.499412 -0.818495 0.283995
v -0.27004 -2.8589 -0.99397
vn 0.481143 -0.873214 0.077444
v -0.220563 -2.82185 -1.0167
vn 0.770563 -0.617223 0.158959
v -0.23356 -2.84755 -1.03155
vn 0.56044 -0.563097 0.607312
v -0.24491 -2.8436 -0.99397
vn 0.65848 -0.751244 0.0451187
v -0.24491 -2.8498 -0.94855
vn 0.684582 -0.718432 -0.123301
v -0.23557 -2.8362 -0.97126
vn 0.739325 -0.666639 -0.094821
v -0.22221 -2.8197 -0.97126
vn 0.84267 -0.522707 -0.129172
v -0.22221 -2.8362 -0.93092
vn 0.804152 -0.556744 -0.208271
v -0.1995 -2.7843 -0.97126
vn 0.867013 -0.497436 0.0290685
v -0.201135 -2.7872 -0.9372
vn 0.922501 -0.367448 -0.118214
v -0.1995 -2.8362 -0.83592
vn 0.825196 -0.523146 -0.213003
v -0.200325 -2.80451 -0.879632
vn 0.968946 -0.215479 -0.121292
v -0.19108 -2.7681 -0.84638
vn 0.992277 -0.006841 -0.123857
v -0.20109 -2.6773 -0.92585
vn 0.980463 0.0810621 0.179224
v -0.1995 -2.6773 -0.93438
vn 0.981954 0.0475837 0.183037
v 0.141075 -2.9044 -1.043
vn 0.0416347 -0.0488634 0.997937
v 0.095665 -2.8589 -1.0374
vn 0.0533001 -0.0236864 0.998298
v 0.18649 -2.8589 -1.0431
vn 0.00435448 0.00631698 0.999971
v 0.1354 -2.77378 -1.04163
vn 0.0629989 0.0106149 0.997957
v -0.21869 -2.8589 -0.83503
vn 0.753234 -0.63642 -0.166154
v -0.1995 -2.8561 -0.78962
vn 0.816661 -0.549694 -0.175791
v -0.1852 -2.8362 -0.78962
vn 0.752098 -0.638612 -0.162857
v -0.197517 -2.73405 -0.874705
vn 0.968828 0.239634 -0.0628246
v -0.19702 -2.7227 -0.84638
vn 0.983987 0.137315 -0.113638
v -0.20418 -2.6773 -0.88044
vn 0.991298 0.0992336 -0.0864904
v -0.199705 -2.6773 -0.8328
vn 0.991974 0.0816323 -0.0965609
v -0.20175 -2.6546 -0.83503
vn 0.992573 0.0804548 -0.091246
v -0.193028 -2.7 -0.80097
vn 0.97695 0.135302 -0.165112
v -0.19747 -2.6773 -0.81232
vn 0.989052 0.0797337 -0.124176
v -0.19645 -2.6546 -0.78962
vn 0.989052 0.0797337 -0.124176
v -0.13139 -2.6484 -0.83503
vn 0.940181 -0.323163 0.107818
v -0.13139 -2.6319 -0.85004
vn 0.982954 -0.0339806 -0.180685
v -0.13139 -2.6319 -0.80599
vn 0.906105 -0.389649 0.164763
v -0.15409 -2.6472 -0.81232
vn 0.47612 -0.854788 0.206511
v -0.13143 -2.5865 -0.81232
vn 0.996671 0.0814373 -0.00396348
v -0.13139 -2.6092 -0.77448
vn 0.996562 -0.0426754 0.0710149
v -0.178455 -2.7886 -0.756029
vn 0.987332 0.0337891 -0.15503
v -0.18851 -2.6546 -0.74421
vn 0.974154 0.0265372 -0.224319
v -0.19343 -2.6546 -0.76691
vn 0.968387 -0.134807 -0.209888
v -0.19027 -2.6319 -0.76691
vn 0.968387 -0.134807 -0.209888
v -0.15409 -2.63745 -0.75556
vn 0.316194 -0.917541 0.241122
v -0.14303 -2.6319 -0.74421
vn 0.75644 -0.61851 0.212705
v -0.13678 -2.6092 -0.7215
vn 0.945717 -0.266523 0.18597
v -0.15409 -2.6108 -0.69659
vn 0.468164 -0.733702 0.492447
v -0.1455 -2.6092 -0.6988
vn 0.718138 -0.52855 0.452673
v -0.311352 -2.8262 -0.54167
vn -0.484422 -0.336059 0.807713
v -0.31303 -2.8589 -0.55163
vn -0.360835 -0.295554 0.88456
v -0.29032 -2.8817 -0.5535
vn -0.110896 -0.433412 0.894347
v -0.26762 -2.8362 -0.52895
vn -0.0723507 -0.492774 0.867144
v -0.26762 -2.7908 -0.50786
vn -0.245545 -0.403637 0.881354
v -0.29032 -2.8049 -0.5207
vn -0.3124 -0.401785 0.860799
v -0.19353 -2.8589 -0.65339
vn 0.867935 -0.496671 -0.00248469
v -0.19185 -2.8589 -0.6988
vn 0.867655 -0.494005 0.0559764
v -0.17945 -2.8362 -0.63068
vn 0.903381 -0.428664 0.0122218
v -0.18363 -2.8362 -0.58527
vn 0.822067 -0.480118 0.306093
v -0.174975 -2.8202 -0.596625
vn 0.943183 -0.315092 0.105468
v -0.1995 -2.8362 -0.55858
vn 0.723253 -0.484369 0.492232
v -0.18037 -2.8135 -0.56257
vn 0.809243 -0.380788 0.447355
v -0.176819 -2.75675 -0.555099
vn 0.915606 -0.132291 0.37969
v -0.24491 -2.8113 -0.51835
vn 0.206495 -0.412926 0.887047
v -0.1995 -2.8143 -0.53986
vn 0.7163 -0.348426 0.604577
v -0.1896 -2.7908 -0.53986
vn 0.828058 -0.17076 0.534005
v -0.22221 -2.7945 -0.51716
vn 0.386425 -0.348213 0.854063
v -0.1995 -2.7908 -0.52881
vn 0.669044 -0.254018 0.698466
v -0.1768 -2.6001 -0.6988
vn 0.506365 -0.713821 0.483792
v -0.1995 -2.7571 -0.51716
vn 0.556722 -0.268903 0.785972
v -0.17291 -2.6945 -0.53986
vn 0.964249 -0.221448 0.145547
v -0.18757 -2.7227 -0.51716
vn 0.813333 -0.213366 0.541262
v -0.1768 -2.6871 -0.51716
vn 0.790672 -0.221806 0.570649
v -0.167805 -2.7681 -0.596625
vn 0.986437 -0.062622 0.151722
v -0.169345 -2.68865 -0.57392
vn 0.992668 -0.100966 0.0664478
v -0.16513 -2.6546 -0.56257
vn 0.966543 -0.24419 -0.0785239
v -0.15593 -2.64325 -0.53986
vn 0.920384 -0.389879 0.0297821
v -0.22221 -2.7454 -0.50259
vn 0.42163 -0.24701 0.872476
v -0.1995 -2.7227 -0.50658
vn 0.565538 -0.195491 0.801218
v -0.1995 -2.7 -0.50467
vn 0.117805 0.0322033 0.992514
v -0.1768 -2.6143 -0.74421
vn 0.800114 -0.579 0.15677
v -0.13929 -2.5865 -0.6988
vn 0.971689 -0.0852953 0.220328
v -0.1768 -2.58865 -0.670515
vn 0.761318 -0.590024 0.268826
v -0.18132 -2.6092 -0.68177
vn 0.973513 -0.223564 0.0478659
v -0.15409 -2.595 -0.67609
vn 0.495341 -0.690453 0.527173
v -0.150555 -2.5865 -0.67164
vn 0.679276 -0.415762 0.604753
v -0.14293 -2.5638 -0.71015
vn 0.948463 0.261265 0.179329
v -0.156365 -2.5638 -0.65643
vn 0.873498 0.0103387 0.486718
v -0.19594 -2.8536 -0.7655
vn 0.75084 -0.646736 -0.13406
v -0.1768 -2.8389 -0.74421
vn 0.816516 -0.554064 -0.162218
v -0.451165 -2.8106 -0.607563
vn -0.244172 0.276612 0.929444
v -0.42655 -2.8135 -0.59996
vn -0.259491 0.267212 0.928042
v -0.160985 -2.63885 -0.51716
vn 0.859902 -0.3084 0.406766
v -0.1995 -2.6773 -0.50654
vn 0.286431 -0.316511 0.904311
v -0.1768 -2.6546 -0.51051
vn 0.647132 -0.141084 0.74921
v -0.35844 -2.9044 -0.55371
vn 0.191679 0.11704 0.974454
v -0.392495 -2.8817 -0.55002
vn 0.187378 0.341208 0.921122
v -0.347085 -2.8817 -0.555885
vn 0.0112963 0.203405 0.979029
v -0.31561 -2.9044 -0.56257
vn 0.157121 -0.437886 0.885194
v -0.33573 -2.9131 -0.56257
vn 0.184404 -0.413954 0.891424
v -0.31303 -2.8817 -0.55297
vn -0.087147 -0.196455 0.976632
v -0.26762 -2.8829 -0.56257
vn 0.264807 -0.602254 0.753105
v -0.346741 -2.8597 -0.565855
vn -0.178313 0.399647 0.899159
v -0.409522 -2.86438 -0.56257
vn 0.0754771 0.676582 0.732489
v -0.2218 -2.86065 0.322278
vn 0.787037 -0.368786 -0.494539
v -0.2444 -2.839 0.414007
vn 0.444755 -0.162019 0.880876
v -0.26088 -2.8589 0.27752
vn 0.707063 -0.334481 -0.623044
v -0.24491 -2.8362 0.28173
vn 0.778471 -0.275852 -0.563816
v -0.21796 -2.8362 0.32293
vn 0.892379 0.0158925 -0.451007
v -0.23087 -2.8135 0.30023
vn 0.840786 -0.174521 -0.512466
v -0.23257 -2.7908 0.30023
vn 0.851739 0.232956 -0.469331
v -0.22533 -2.7681 0.32293
vn 0.902524 0.180332 -0.391063
v -0.21108 -2.8589 0.34564
vn 0.943944 0.0312333 -0.328625
v -0.21693 -2.7908 0.34564
vn 0.963162 0.10119 -0.249157
v -0.24491 -2.8768 0.39105
vn 0.544117 -0.660236 0.517711
v -0.22221 -2.8759 0.36834
vn 0.544117 -0.660236 0.517711
v -0.22265 -2.8589 0.390535
vn 0.731059 -0.427693 0.53163
v -0.24491 -2.7681 0.29807
vn 0.704299 0.50801 -0.495872
v -0.219683 -2.73405 0.343775
vn 0.972471 -0.216616 -0.0858939
v -0.24491 -2.7044 0.32293
vn 0.184062 -0.172175 -0.967717
v -0.22221 -2.7227 0.33542
vn 0.650205 -0.19854 -0.733359
v -0.24491 -2.72525 0.323295
vn 0.459522 0.0454916 -0.887001
v -0.203025 -2.69675 0.34564
vn 0.748606 -0.65845 0.0776722
v -0.21044 -2.7 0.36834
vn 0.812883 -0.565524 0.1393
v -0.1995 -2.6901 0.36834
vn 0.558323 -0.806838 0.1931
v -0.18541 -2.67475 0.39105
vn 0.468522 -0.761969 0.447092
v -0.15409 -2.6637 0.36834
vn 0.529845 -0.800161 0.281082
v -0.085977 -2.6427 0.30023
vn 0.586693 -0.79854 0.134629
v -0.10868 -2.6479 0.34564
vn 0.532596 -0.79223 0.297848
v -0.10868 -2.6518 0.32293
vn 0.496902 -0.854646 0.150559
v -0.092064 -2.6319 0.34564
vn 0.619136 -0.641582 0.452818
v -0.15409 -2.6704 0.34564
vn 0.478085 -0.808402 0.343395
v -0.13784 -2.65095 0.36834
vn 0.436029 -0.64835 0.624116
v -0.142161 -2.63065 0.371012
vn 0.180999 0.114764 0.976764
v -0.10868 -2.6319 0.36045
vn 0.539985 -0.616899 0.572583
v -0.219905 -2.67862 0.41608
vn 0.354186 -0.664839 0.657679
v -0.1995 -2.6743 0.40887
vn 0.372076 -0.799921 0.470836
v -0.1768 -2.65055 0.39273
vn 0.540516 0.0574688 0.839369
v -0.063271 -2.6428 0.23211
vn 0.455282 -0.861739 0.223883
v -0.05645 -2.6319 0.25482
vn 0.617819 -0.727753 0.297784
v -0.085977 -2.6475 0.25482
vn 0.459066 -0.868611 0.186473
v -0.040566 -2.6092 0.26191
vn 0.690522 -0.535072 0.4867
v -0.079853 -2.6319 0.32293
vn 0.786996 -0.522586 0.327935
v -0.0026436 -2.6319 0.1867
vn 0.405377 -0.370331 0.835778
v 0.0161966 -2.6546 0.179335
vn 0.106511 -0.178891 0.978087
v -0.017861 -2.6319 0.19689
vn 0.651299 -0.559982 0.512084
v -0.017861 -2.6546 0.18127
vn 0.250501 -0.517127 0.818431
v -0.027887 -2.6319 0.20941
vn 0.64063 -0.628931 0.440499
v -0.0138302 -2.6036 0.22076
vn 0.760317 -0.39555 0.515226
v 0.0246665 -2.60822 0.186418
vn 0.235376 -0.272589 0.932895
v 0.14108 -2.7085 0.1867
vn 0.459513 -0.515852 0.723011
v 0.11837 -2.7036 0.18935
vn 0.00741629 -0.566071 0.824323
v 0.14108 -2.7142 0.164
vn 0.753684 -0.637448 0.160067
v 0.15309 -2.7 0.164
vn 0.753684 -0.637448 0.160067
v 0.095665 -2.6237 0.206535
vn -0.308602 -0.289244 0.906147
v 0.095665 -2.6546 0.19733
vn -0.288414 -0.257194 0.922317
v 0.11837 -2.66026 0.203356
vn 0.0850871 -0.21335 0.973264
v 0.14108 -2.66027 0.197905
vn 0.309532 -0.184089 0.932899
v 0.14108 -2.6092 0.20519
vn 0.527755 -0.110762 0.842144
v 0.14972 -2.59785 0.1867
vn 0.968944 0.0968309 0.227535
v 0.00221565 -2.5819 0.20941
vn 0.672283 -0.34958 0.652556
v 0.021971 -2.5638 0.20941
vn 0.28629 -0.529142 0.798778
v 0.138785 -2.5865 0.20676
vn 0.71207 0.0134827 0.701979
v -0.26762 -2.83365 0.235185
vn 0.805771 -0.361446 -0.469137
v -0.30414 -2.8362 0.1867
vn 0.752202 -0.283503 -0.594826
v -0.24491 -2.6773 0.4246
vn 0.200624 -0.646881 0.735728
v -0.22221 -2.6546 0.42137
vn -0.0436409 -0.129178 0.990661
v -0.24491 -2.6546 0.42037
vn -0.0436409 -0.129178 0.990661
v -0.040566 -2.6402 0.20941
vn 0.467088 -0.818214 0.335194
v -0.040566 -2.6303 0.23211
vn 0.578104 -0.716206 0.390954
v -0.020647 -2.6092 0.22782
vn 0.688363 -0.565547 0.454216
v 0.00077605 -2.5638 0.22657
vn 0.710954 -0.487987 0.506373
v -0.0187915 -2.5638 0.25408
vn 0.608568 -0.199265 0.768075
v -0.025866 -2.5865 0.25482
vn 0.715155 -0.24982 0.652796
v 0.0048442 -2.5554 0.23211
vn 0.361539 -0.535071 0.763537
v 0.027549 -2.54255 0.23331
vn 0.212888 -0.568759 0.794475
v 0.0048442 -2.5411 0.24027
vn 0.232868 -0.508835 0.82877
v 0.095665 -2.5516 0.238295
vn 0.0873276 -0.467256 0.879798
v 0.095665 -2.5206 0.256495
vn 0.0546441 -0.609365 0.791005
v 0.072959 -2.5199 0.256445
vn -0.0457835 -0.622434 0.781332
v 0.095665 -2.4979 0.278525
vn -0.00938078 -0.4208 0.907105
v 0.11837 -2.55078 0.23512
vn 0.439591 -0.405269 0.801571
v 0.11837 -2.5184 0.25062
vn 0.284618 -0.587161 0.757783
v -0.68042 -2.8362 -0.53986
vn 0.9646 -0.258932 0.0500178
v -0.67631 -2.8589 -0.55155
vn 0.859923 0.303516 0.410379
v -0.67631 -2.844 -0.56257
vn 0.859923 0.303516 0.410379
v -0.657585 -2.8589 -0.56601
vn 0.470116 0.685384 0.556094
v -0.67631 -2.8338 -0.51716
vn 0.792897 -0.601723 0.0961486
v -0.66407 -2.8135 -0.49445
vn 0.875978 -0.482349 -0.0013827
v -0.017861 -2.6773 0.17288
vn 0.0127546 -0.313502 0.949502
v 0.0048442 -2.6773 0.17347
vn -0.00381313 -0.414718 0.909942
v 0.11837 -2.6092 0.14852
vn 0.350408 0.29871 -0.887686
v 0.14108 -2.5899 0.16486
vn 0.673031 0.299757 -0.676147
v 0.13945 -2.5638 0.1867
vn 0.979635 0.191913 -0.0590386
v 0.129155 -2.55245 0.164
vn 0.885087 0.146402 -0.441799
v 0.13534 -2.5638 0.20941
vn 0.897965 0.0639149 0.4354
v 0.13793 -2.5411 0.1867
vn 0.981841 0.0657439 -0.177947
v 0.13929 -2.53 0.21004
vn 0.986684 -0.13056 0.0970021
v -0.21126 -2.8589 0.36834
vn 0.91159 -0.136098 0.387919
v -0.219905 -2.8362 0.394325
vn 0.789653 -0.0965429 0.60591
v -0.2096 -2.8362 0.36834
vn 0.974131 0.0222338 0.224886
v -0.26762 -2.6333 0.39105
vn -0.143525 0.867279 0.476685
v -0.266965 -2.6321 0.36834
vn -0.197063 0.975083 0.10188
v -0.22221 -2.6293 0.39105
vn -0.0663021 0.92066 0.384693
v -0.22221 -2.61985 0.35699
vn -0.223631 0.927599 0.299248
v -0.243991 -2.77945 0.415982
vn 0.641459 -0.0135146 0.767038
v -0.26762 -2.7 0.43113
vn 0.280813 -0.0173323 0.959606
v -0.29032 -2.73973 0.430952
vn -0.0473663 -0.0596904 0.997093
v -0.26762 -2.73973 0.429558
vn 0.250543 -0.0337985 0.967515
v -0.26762 -2.65235 0.41543
vn -0.11185 0.570022 0.813981
v -0.29032 -2.6421 0.39105
vn -0.297501 0.767414 0.567952
v -0.24106 -2.70568 0.41647
vn 0.607757 -0.267832 0.747594
v -0.22153 -2.7 0.392055
vn 0.758956 -0.463524 0.457308
v -0.29032 -2.6773 0.43108
vn 0.0512925 0.340199 0.938954
v -0.22221 -2.6436 0.41375
vn -0.0690402 0.743181 0.665519
v -0.199442 -2.6544 0.413787
vn 0.594612 0.314613 0.739902
v -0.13139 -2.6053 0.35116
vn 0.0438521 0.773642 0.632104
v -0.18815 -2.6086 0.346662
vn -0.125823 0.894073 0.429887
v -0.013657 -2.5865 0.23211
vn 0.815847 -0.339684 0.467984
v -0.040566 -2.55895 0.258635
vn 0.102957 0.402613 0.909562
v 0.11837 -2.59785 0.217905
vn 0.46909 -0.0677643 0.880547
v -0.699455 -2.8596 -0.67609
vn 0.893403 0.435125 -0.111793
v -0.701345 -2.86085 -0.6988
vn 0.793516 0.587583 -0.158364
v -0.70654 -2.8362 -0.67609
vn 0.980805 0.0198198 -0.193981
v -0.71311 -2.8362 -0.6988
vn 0.892063 0.370972 -0.258075
v -0.700005 -2.8362 -0.642035
vn 0.981074 0.0259148 -0.191892
v -0.69902 -2.8135 -0.64994
vn 0.923355 -0.356291 -0.143081
v -0.694945 -2.8135 -0.61933
vn 0.968101 -0.180113 -0.174182
v -0.67986 -2.78715 -0.63068
vn 0.782724 -0.592632 0.190081
v -0.483315 -2.8184 -0.61189
vn -0.194496 0.367418 0.909492
v -0.6864 -2.7908 -0.60798
vn 0.861359 -0.44845 0.23865
v -0.67631 -2.7681 -0.61365
vn 0.868936 -0.389172 0.30577
v -0.6536 -2.7717 -0.628445
vn 0.177783 -0.610346 0.771926
v -0.69545 -2.7227 -0.58527
vn 0.792417 -0.265762 0.54904
v -0.67631 -2.7227 -0.60609
vn 0.448638 -0.299319 0.8421
v -0.67631 -2.7 -0.59832
vn 0.445013 -0.288291 0.847851
v -0.6536 -2.7 -0.60418
vn 0.167436 -0.287616 0.942997
v -0.35844 -2.7589 -0.51716
vn 0.0109997 -0.711223 0.70288
v -0.36979 -2.7454 -0.50307
vn 0.0322888 -0.730148 0.682526
v -0.40385 -2.7454 -0.50237
vn -0.135931 -0.638316 0.757678
v -0.40385 -2.7585 -0.51716
vn -0.0164778 -0.748476 0.662958
v -0.31303 -2.7454 -0.50292
vn -0.0412656 -0.374814 0.926181
v 0.11837 -2.5865 0.15305
vn 0.4528 0.0817891 -0.887853
v -0.323417 -2.77242 0.30023
vn -0.278943 0.959495 -0.0395023
v -0.29032 -2.7615 0.30023
vn -0.163733 0.905099 -0.392412
v -0.26762 -2.7585 0.30023
vn 0.0264091 0.789525 -0.61315
v -0.33573 -2.7681 0.33663
vn -0.434725 0.863049 -0.257218
v -0.239035 -2.7454 0.319875
vn 0.400722 0.423217 -0.812594
v -0.22221 -2.7 0.32306
vn 0.784805 -0.296361 -0.544289
v -0.22565 -2.7227 0.39105
vn 0.871389 -0.0394953 0.489001
v -0.21865 -2.7227 0.36834
vn 0.984327 -0.153528 0.0867707
v -0.24491 -2.8589 0.40774
vn 0.549582 -0.420952 0.721636
v -0.221235 -2.7996 0.392623
vn 0.876196 0.0862275 0.474178
v -0.165445 -2.59235 0.30023
vn -0.204685 0.976181 0.0719391
v -0.1768 -2.5941 0.27752
vn -0.248804 0.966977 0.05524
v -0.1995 -2.60215 0.31158
vn -0.320349 0.941968 0.10036
v -0.14274 -2.58165 0.26347
vn -0.227179 0.949342 0.217117
v -0.13139 -2.5821 0.27752
vn -0.0972384 0.96382 0.248184
v -0.0973285 -2.57785 0.27752
vn -0.0718645 0.876842 0.475377
v -0.0983495 -2.56645 0.255375
vn -0.174543 0.858174 0.482775
v -0.063271 -2.5575 0.25482
vn -0.0726549 0.790077 0.608687
v 0.138755 -2.51505 0.23211
vn 0.748324 -0.595925 0.29135
v 0.149 -2.4957 0.23211
vn 0.992211 -0.124459 0.00521129
v -0.69902 -2.86255 -0.629245
vn 0.710205 -0.147051 -0.688466
v -0.69902 -2.869 -0.65339
vn 0.999012 -0.00102753 0.0444201
v -0.68852 -2.8362 -0.60798
vn 0.93212 0.220915 -0.286963
v -0.68917 -2.8135 -0.58527
vn 0.891348 -0.115946 -0.438241
v -0.67631 -2.8173 -0.56541
vn 0.894089 -0.164522 -0.416579
v -0.67935 -2.8362 -0.58527
vn 0.938885 0.244431 -0.24238
v -0.6713 -2.7908 -0.567415
vn 0.736677 -0.122277 -0.665098
v -0.69902 -2.7005 -0.56257
vn 0.763609 -0.601211 0.235472
v -0.6819 -2.69245 -0.58527
vn 0.692661 -0.49153 0.527843
v -0.67631 -2.6757 -0.56749
vn 0.688068 -0.676958 0.261325
v -0.631745 -2.6546 -0.585695
vn 0.370793 -0.62774 0.684438
v -0.6536 -2.65245 -0.56509
vn 0.646728 -0.654873 0.391004
v -0.67631 -2.6773 -0.52487
vn 0.831775 -0.551388 -0.064197
v -0.66438 -2.6546 -0.53986
vn 0.775897 -0.616446 0.134084
v -0.47196 -2.8362 -0.04485
vn 0.721469 0.15198 -0.675562
v -0.47196 -2.7908 -0.021646
vn 0.808226 0.200689 -0.55362
v -0.44926 -2.8178 0.0050616
vn 0.845981 0.170481 -0.505225
v -0.49467 -2.77226 -0.0467663
vn 0.768567 0.234908 -0.595082
v -0.47057 -2.7227 0.00361035
vn 0.757601 0.13003 -0.639634
v -0.46247 -2.7454 0.0050616
vn 0.818583 0.207301 -0.535675
v -0.47196 -2.7 0.0041027
vn 0.669099 0.0426179 -0.74195
v -0.44926 -2.7256 0.027767
vn 0.715873 -0.271052 -0.643472
v -0.368923 -2.61362 -0.51716
vn -0.180792 -0.320169 0.929949
v -0.40385 -2.6319 -0.52096
vn -0.0331503 0.0712175 0.99691
v -0.301378 -2.67725 -0.517159
vn 0.00226732 0.0912666 0.995824
v -0.344208 -2.65247 -0.517199
vn 0.0536757 0.141239 0.988519
v -0.31303 -2.635 -0.51637
vn -0.0355997 -0.139926 0.989522
v -0.31303 -2.6092 -0.50691
vn -0.15146 -0.422267 0.893729
v -0.26762 -2.62005 -0.500177
vn -0.209817 -0.402399 0.891096
v -0.152345 -2.6092 -0.515145
vn 0.755223 -0.0434235 0.654028
v 0.14108 -2.6773 0.14264
vn 0.576547 0.00525262 -0.817047
v 0.11837 -2.6773 0.13481
vn 0.220713 0.0179133 -0.975174
v 0.14108 -2.6546 0.14465
vn 0.578177 0.0695521 -0.812942
v 0.11837 -2.6546 0.13485
vn 0.372587 0.00163501 -0.927996
v -0.40385 -2.5947 -0.51716
vn -0.165492 -0.438093 0.883565
v -0.330058 -2.58415 -0.495287
vn -0.174913 -0.452833 0.87427
v -0.37557 -2.5638 -0.49445
vn -0.177812 -0.333664 0.925771
v -0.36979 -2.5411 -0.48701
vn -0.112698 -0.107126 0.987838
v -0.32438 -2.5638 -0.48622
vn -0.0713889 -0.209928 0.975107
v -0.26762 -2.5865 -0.48607
vn -0.0231302 -0.32982 0.94376
v -0.29032 -2.5638 -0.48572
vn 0.0455277 0.056678 0.997354
v -0.32438 -2.5411 -0.48675
vn 0.0305338 0.133008 0.990645
v -0.265921 -2.54071 -0.495825
vn 0.174831 0.467895 0.866319
v -0.152985 -2.5865 -0.515945
vn 0.670607 0.133593 0.729685
v 0.14077 -2.5184 0.1867
vn 0.979482 -0.0784492 -0.185635
v 0.11837 -2.4623 0.22076
vn 0.161306 0.986876 -0.00745477
v 0.11837 -2.4627 0.1867
vn 0.25089 0.967519 -0.0310016
v 0.095665 -2.4602 0.1867
vn 0.0876339 0.995456 0.0372448
v -0.20071 -2.63203 0.3908
vn 0.181712 0.879552 0.439737
v -0.15409 -2.6546 0.37516
vn 0.640874 -0.336758 0.689837
v 0.095665 -2.4661 0.25482
vn -0.0412397 0.994938 0.0916386
v -0.67631 -2.8552 -0.610515
vn 0.555307 0.462651 -0.691078
v -0.520695 -2.835 -0.60798
vn -0.365182 0.633331 0.682301
v -0.488993 -2.83455 -0.603075
vn -0.0937658 0.711422 0.696482
v -0.47415 -2.8589 -0.040349
vn 0.289423 -0.21296 -0.933211
v -0.49467 -2.8589 -0.046713
vn 0.289423 -0.21296 -0.933211
v -0.44926 -2.8756 0.073177
vn 0.749515 -0.638021 -0.17651
v -0.45909 -2.8817 0.050472
vn 0.671998 -0.740477 -0.0106293
v -0.26762 -2.9271 -1.0437
vn -0.0150401 -0.0197839 0.999691
v -0.23356 -2.88738 -1.042
vn -0.00756749 -0.0530262 0.998564
v -0.173012 -2.9271 -1.03467
vn -0.0947142 -0.0520004 0.994145
v -0.1995 -2.8492 -1.0394
vn -0.113762 -0.0119771 0.993436
v -0.15409 -2.9044 -1.0307
vn -0.121389 -0.00651013 0.992584
v -0.13139 -2.9271 -1.032
vn 0.0356245 -0.12242 0.991839
v -0.063271 -2.9271 -1.037
vn 0.0839038 -0.0602307 0.994652
v -0.10868 -2.9044 -1.0296
vn 0.0507983 -0.0998404 0.993706
v -0.146996 -2.8561 -1.03293
vn -0.114947 0.0320376 0.992855
v -0.10868 -2.8703 -1.02775
vn 0.0782994 -0.00138264 0.996929
v -0.22221 -2.854 -1.0394
vn 0.047645 -0.151013 0.987383
v -0.18815 -2.82485 -1.03785
vn 0.0623204 -0.0351328 0.997438
v -0.1995 -2.8135 -1.0324
vn 0.43524 -0.342007 0.832825
v -0.1995 -2.7931 -1.0167
vn 0.786289 -0.459444 0.41311
v -0.1768 -2.7908 -1.0376
vn 0.395805 -0.168426 0.902758
v -0.10868 -2.7908 -1.0311
vn -0.05385 0.0272531 0.998177
v -0.063271 -2.84755 -1.0352
vn 0.0599302 0.00647386 0.998182
v -0.14377 -2.7908 -1.0394
vn -0.109089 0.112099 0.987691
v -0.085977 -2.7908 -1.0351
vn 0.118885 0.0255098 0.99258
v -0.18807 -2.7681 -1.0167
vn 0.935129 -0.265801 0.234272
v -0.1768 -2.7454 -1.0269
vn 0.334888 -0.210901 0.918352
v -0.18314 -2.7454 -1.0167
vn 0.964596 -0.215199 0.152461
v -0.191805 -2.7681 -0.959905
vn 0.955916 -0.282189 0.0812085
v -0.1869 -2.7454 -0.959905
vn 0.97066 -0.216672 0.104274
v -0.15409 -2.7721 -1.0394
vn -0.00213629 -0.243377 0.969929
v -0.13139 -2.75675 -1.03085
vn -0.1576 -0.175924 0.971706
v -0.15409 -2.7227 -1.0265
vn 0.036479 -0.196218 0.979881
v -0.10868 -2.73405 -1.0309
vn 0.0839908 0.0133046 0.996378
v -0.085977 -2.7227 -1.0336
vn 0.0437098 0.0052395 0.999031
v -0.179135 -2.68865 -1.0198
vn 0.182048 -0.176276 0.96736
v -0.1768 -2.6698 -1.0167
vn 0.44012 -0.16772 0.882136
v -0.199245 -2.64632 -0.99397
vn 0.893579 -0.052113 0.445871
v -0.1768 -2.62055 -1.00745
vn 0.597151 -0.151414 0.787708
v -0.1839 -2.5865 -0.99397
vn 0.843633 -0.0391133 0.535493
v -0.195655 -2.7681 -0.914495
vn 0.998477 -0.0393134 0.0387116
v -0.195025 -2.7454 -0.914495
vn 0.993335 -0.0284998 0.111684
v -0.15073 -2.6319 -0.90314
vn 0.892965 -0.334839 -0.300827
v -0.15409 -2.62055 -0.919585
vn 0.928813 -0.168358 -0.330095
v -0.13797 -2.6092 -0.88044
vn 0.955479 -0.0223284 -0.294213
v -0.0331785 -2.93055 -1.0394
vn 0.0480135 -0.0570213 0.997218
v 0.027549 -2.9271 -1.0418
vn 0.0173348 -0.0592536 0.998092
v -0.0065084 -2.85325 -1.03538
vn 0.0146408 -0.0395002 0.999112
v 0.18649 -2.9271 -1.0434
vn -0.00169545 -0.00172109 0.999997
v 0.0616065 -2.87438 -1.03816
vn 0.0129859 -0.0660582 0.997731
v -0.063271 -2.80215 -1.03705
vn 0.00835801 0.00253278 0.999962
v 0.027549 -2.7681 -1.0346
vn 0.0061627 0.0156165 0.999859
v 0.072959 -2.7908 -1.036
vn 0.0416877 0.00514083 0.999117
v 0.2319 -2.9271 -1.0424
vn -0.00660599 -0.0132155 0.999891
v 0.2319 -2.80783 -1.04362
vn -0.00492062 0.0181718 0.999823
v -0.0292135 -2.75675 -1.03575
vn 0.00792076 -0.0225866 0.999714
v -0.0235372 -2.71135 -1.03615
vn 0.0107827 0.0242228 0.999648
v -0.0973285 -2.66027 -1.03545
vn 0.0860801 0.0382777 0.995553
v -0.181455 -2.7454 -0.778265
vn 0.980006 0.122828 -0.156531
v -0.17467 -2.7681 -0.7215
vn 0.995046 0.0296512 -0.0948907
v -0.18007 -2.7 -0.74421
vn 0.978536 0.118761 -0.168413
v -0.172425 -2.68865 -0.659063
vn 0.989123 0.0781568 -0.124608
v -0.16638 -2.7681 -0.63068
vn 0.997316 0.0148679 -0.0716854
v -0.166735 -2.68865 -0.61933
vn 0.997515 0.0203682 -0.0674395
v -0.168845 -2.7227 -0.596625
vn 0.997286 -0.019581 0.0709673
v -0.16736 -2.6319 -0.58527
vn 0.983202 0.053778 -0.17442
v -0.154315 -2.62315 -0.560925
vn 0.850449 -0.272583 -0.449929
v -0.44139 -2.8589 0.050472
vn 0.860209 -0.488595 -0.145997
v -0.427878 -2.85713 0.077061
vn 0.683102 -0.56507 -0.462675
v -0.423965 -2.8135 0.0469335
vn 0.827524 -0.246763 -0.504294
v -0.41039 -2.8428 0.0845295
vn 0.668352 -0.432194 -0.605404
v -0.40385 -2.8135 0.075362
vn 0.738821 -0.281418 -0.61233
v -0.401495 -2.7908 0.070804
vn 0.706566 -0.167667 -0.687497
v -0.42655 -2.8696 0.095882
vn 0.536707 -0.692962 -0.481404
v -0.3682 -2.8589 0.14129
vn 0.548138 -0.631383 -0.548544
v -0.375545 -2.83928 0.116175
vn 0.580203 -0.518959 -0.62773
v -0.347085 -2.82635 0.12994
vn 0.596496 -0.522979 -0.60884
v -0.35844 -2.8674 0.164
vn 0.493774 -0.723137 -0.48297
v -0.34566 -2.8589 0.164
vn 0.578015 -0.568505 -0.585407
v -0.32374 -2.8362 0.164
vn 0.716727 -0.378552 -0.585663
v 0.0048442 -2.6943 0.11859
vn 0.193541 -0.253138 -0.947873
v 0.0048442 -2.6773 0.11405
vn 0.193541 -0.253138 -0.947873
v 0.027079 -2.6773 0.11859
vn 0.204106 0.018184 -0.97878
v 0.072959 -2.6546 0.13144
vn 0.0735834 0.146942 -0.986404
v 0.072959 -2.6271 0.140185
vn 0.0622129 0.231748 -0.970785
v 0.072959 -2.59785 0.14377
vn 0.218036 0.0340687 -0.975346
v 0.14108 -2.7 0.14725
vn 0.659358 -0.232346 -0.715026
v 0.11837 -2.696 0.14129
vn 0.251544 -0.259344 -0.932452
v 0.1555 -2.6773 0.164
vn 0.964413 0.0509746 -0.259439
v 0.14929 -2.6319 0.164
vn 0.967948 0.116832 -0.222324
v 0.15074 -2.66595 0.1867
vn 0.943463 -0.0138145 0.331189
v -0.1768 -2.586 -0.970745
vn 0.882118 -0.236909 -0.407113
v -0.1768 -2.5638 -0.97382
vn 0.910116 -0.058148 -0.410253
v -0.17933 -2.5411 -0.968305
vn 0.714123 0.34089 -0.611411
v -0.15409 -2.5865 -0.93113
vn 0.904883 -0.0412733 -0.423654
v -0.157675 -2.56245 -0.93829
vn 0.93205 0.0455837 -0.35945
v -0.144815 -2.5638 -0.89179
vn 0.96768 0.116785 -0.223508
v -0.136565 -2.5865 -0.869085
vn 0.975558 0.139374 -0.169889
v -0.138985 -2.5638 -0.84638
vn 0.970066 0.224403 -0.0928178
v -0.13763 -2.5638 -0.81232
vn 0.956786 0.288272 0.0382053
v -0.145885 -2.57515 -0.56257
vn 0.93303 -0.0109505 -0.359631
v -0.16043 -2.5638 -0.60798
vn 0.877658 -0.175006 -0.446194
v -0.15409 -2.54835 -0.582845
vn 0.752947 0.208749 -0.624095
v 0.0027747 -2.58765 0.14129
vn -0.083774 -0.0729495 -0.993811
v 0.0062442 -2.6092 0.142025
vn -0.330161 -0.182057 -0.926201
v 0.027549 -2.5865 0.13538
vn 0.0529586 0.0602731 -0.996776
v 0.050254 -2.6092 0.13659
vn 0.225356 0.148907 -0.96283
v 0.050254 -2.5638 0.13803
vn 0.188151 0.0451596 -0.981101
v 0.072959 -2.5184 0.14747
vn 0.120341 0.106366 -0.987018
v 0.027549 -2.5388 0.14066
vn -0.0103688 0.23185 -0.972696
v 0.095665 -2.52975 0.14869
vn 0.221972 0.0295169 -0.974606
v 0.12771 -2.5411 0.23211
vn 0.768122 -0.317965 0.555777
v -0.650795 -2.8563 -0.58527
vn 0.631072 0.731723 0.257547
v -0.66753 -2.8135 -0.56257
vn 0.665907 -0.455896 -0.590531
v -0.69626 -2.8589 -0.51716
vn 0.758972 -0.592129 0.270822
v -0.68816 -2.8589 -0.53986
vn 0.758972 -0.592129 0.270822
v -0.65857 -2.8135 -0.53986
vn 0.701049 -0.698844 -0.141942
v -0.71386 -2.7227 -0.53986
vn 0.845334 -0.505357 -0.173276
v -0.70165 -2.7 -0.53986
vn 0.758894 -0.622572 -0.191007
v -0.69105 -2.7 -0.51716
vn 0.773874 -0.602398 -0.19554
v -0.657485 -2.7908 -0.505805
vn 0.99354 -0.104628 0.0439455
v -0.65829 -2.7908 -0.42634
vn 0.958611 -0.28343 0.0270812
v -0.699523 -2.72113 -0.4846
vn 0.88153 -0.457469 -0.116736
v -0.68583 -2.7 -0.49445
vn 0.8217 -0.56075 -0.101825
v -0.69769 -2.7227 -0.43769
vn 0.923377 -0.377416 -0.0702271
v -0.68845 -2.7 -0.42634
vn 0.911615 -0.408259 -0.0477712
v -0.67631 -2.6773 -0.50393
vn 0.999902 0.00593817 0.0126786
v -0.69245 -2.7227 -0.40363
vn 0.914391 -0.355282 -0.194071
v -0.67631 -2.7908 -0.20976
vn 0.808997 -0.57372 -0.127945
v -0.6781 -2.7908 -0.2447
vn 0.948596 -0.316465 -0.00386522
v -0.65946 -2.7908 -0.15387
vn 0.755118 -0.381381 -0.53324
v -0.67127 -2.7946 -0.17658
vn 0.857854 -0.383036 -0.342594
v -0.66134 -2.7681 -0.17658
vn 0.912528 -0.251047 -0.322905
v -0.655085 -2.7454 -0.17379
vn 0.850641 -0.186003 -0.491745
v -0.6407 -2.7454 -0.15387
vn 0.673278 -0.292136 -0.67923
v -0.51737 -2.828 -0.063054
vn 0.157165 -0.161716 -0.974242
v -0.51737 -2.80215 -0.066814
vn 0.363862 -0.030093 -0.930967
v -0.49467 -2.8135 -0.060575
vn 0.484096 0.0786936 -0.871469
v -0.515055 -2.77358 -0.063054
vn 0.508396 0.137452 -0.850083
v -0.49467 -2.8362 -0.059158
vn 0.460573 -0.200125 -0.864767
v -0.47196 -2.8817 -0.010475
vn 0.605882 -0.648889 -0.460272
v -0.47196 -2.8577 -0.040349
vn 0.609196 -0.540271 -0.580507
v -0.45025 -2.8589 -0.015956
vn 0.631281 -0.614503 -0.47315
v -0.45878 -2.8817 0.0050616
vn 0.537056 -0.664644 -0.519441
v -0.44926 -2.8755 0.0050616
vn 0.855166 -0.506689 -0.10935
v -0.64372 -2.7908 -0.13117
vn 0.662939 -0.507706 -0.550224
v -0.61168 -2.7454 -0.13117
vn 0.625373 -0.300887 -0.719983
v -0.56278 -2.7454 -0.091544
vn 0.617457 -0.187391 -0.763958
v -0.581545 -2.7227 -0.1116
vn 0.592853 -0.118878 -0.796488
v -0.44813 -2.75725 0.0258635
vn 0.875511 0.170273 -0.452203
v -0.69902 -2.90125 -0.5172
vn 0.106839 0.158086 0.981628
v -0.69866 -2.8817 -0.51716
vn 0.220526 -0.00484103 0.975369
v -0.71028 -2.8892 -0.51457
vn 0.220526 -0.00484103 0.975369
v -0.66733 -2.8039 -0.40742
vn 0.862597 -0.498453 0.0864303
v -0.66284 -2.7908 -0.38093
vn 0.927003 -0.351828 0.129936
v -0.69193 -2.8017 -0.21995
vn 0.597319 -0.80142 -0.0306008
v -0.18448 -2.7 -1.0167
vn 0.969565 0.0534231 0.238935
v -0.18775 -2.7227 -0.99397
vn 0.980262 0.165221 0.108577
v -0.195485 -2.68865 -0.99397
vn 0.963248 0.124957 0.237778
v -0.13139 -2.71135 -1.02685
vn 0.126563 -0.00734535 0.991931
v -0.15409 -2.68865 -1.0214
vn 0.188425 -0.112752 0.975594
v -0.19734 -2.6773 -0.97126
vn 0.996489 0.083422 -0.00716822
v -0.199675 -2.62995 -0.97126
vn 0.979226 -0.197042 0.0478596
v -0.19098 -2.6092 -0.97126
vn 0.915892 -0.395694 -0.067583
v -0.13139 -2.66595 -1.02825
vn 0.306834 0.00120761 0.951762
v -0.156923 -2.59785 -1.01683
vn 0.480055 0.0608742 0.875124
v -0.13139 -2.59785 -1.03
vn 0.279677 0.0454865 0.959016
v -0.10868 -2.59785 -1.0355
vn 0.196466 0.0640839 0.978414
v -0.063271 -2.6092 -1.0381
vn 0.0104269 0.0116781 0.999877
v -0.19652 -2.6773 -0.94855
vn 0.986313 0.11289 0.120175
v -0.2019 -2.7 -0.90314
vn 0.994088 0.0988778 0.0448533
v -0.198825 -2.6546 -0.945135
vn 0.977883 0.0689632 0.197455
v 0.203515 -2.78513 -1.04468
vn 0.0218813 0.0133973 0.999671
v 0.027549 -2.6773 -1.0346
vn 0.0249712 0.00706969 0.999663
v 0.0389015 -2.7227 -1.03775
vn 0.0454961 0.0106636 0.998908
v 0.084312 -2.68297 -1.03832
vn 0.046991 0.00331496 0.99889
v -0.0519185 -2.64325 -1.03635
vn -0.0257446 -0.00812225 0.999636
v -0.017861 -2.6092 -1.0358
vn -0.0171754 0.0253569 0.999531
v 0.107017 -2.60352 -1.03815
vn 0.0402894 -0.00173394 0.999187
v -0.00650845 -2.5638 -1.03775
vn 0.0158417 0.0153522 0.999757
v 0.050254 -2.5411 -1.0376
vn 0.00748667 0.00177678 0.99997
v 0.14108 -2.6546 -1.0415
vn 0.0302184 -0.013472 0.999453
v 0.175135 -2.73405 -1.04225
vn 0.0282964 -0.0252977 0.999279
v 0.2319 -2.7 -1.0425
vn 0.0170898 -0.017707 0.999697
v 0.16378 -2.59785 -1.04125
vn 0.0148739 -0.0125188 0.999811
v 0.2319 -2.59785 -1.0413
vn -0.00689776 -0.00370735 0.999969
v -0.17767 -2.64345 -0.634706
vn 0.970625 0.152256 -0.186294
v -0.18212 -2.6319 -0.65339
vn 0.997401 0.0546878 -0.0469045
v -0.177692 -2.6092 -0.62081
vn 0.971815 -0.0663035 -0.22623
v -0.166355 -2.59785 -0.596625
vn 0.869672 -0.270294 -0.413052
v -0.14346 -2.6092 -0.53986
vn 0.951832 -0.203582 -0.22928
v -0.31303 -2.7227 -0.50302
vn 0.080039 0.109258 0.990786
v -0.273295 -2.70568 -0.51117
vn -0.00256195 0.208623 0.977993
v -0.256265 -2.6773 -0.51421
vn -0.0383991 -0.0623609 0.997315
v -0.26762 -2.6546 -0.51166
vn -0.115963 -0.105059 0.987682
v -0.23356 -2.64325 -0.51221
vn 0.108834 -0.196604 0.974424
v -0.23356 -2.62055 -0.506775
vn 0.12183 -0.303219 0.945101
v -0.44252 -2.8589 0.0050616
vn 0.918793 -0.380956 -0.103405
v -0.085977 -2.5411 -1.0389
vn 0.00441699 0.00754947 0.999962
v 0.124047 -2.49002 -1.0401
vn 0.0408531 0.00437194 0.999156
v 0.0127912 -2.46718 -1.03927
vn 0.0105276 0.0226017 0.999689
v 0.16378 -2.55245 -1.04225
vn 0.0319977 0.030462 0.999024
v 0.18081 -2.51272 -1.04345
vn 0.0232822 -0.0186788 0.999554
v 0.2319 -2.52975 -1.0431
vn -0.0382248 -0.00358195 0.999263
v 0.16378 -2.473 -1.0416
vn 0.000522176 -0.0556592 0.99845
v 0.2319 -2.4275 -1.0427
vn 0.00315198 0.00997102 0.999945
v -0.1768 -2.5833 -0.65339
vn 0.926566 -0.375063 0.0283301
v -0.1768 -2.5847 -0.627735
vn 0.927085 -0.317219 -0.199712
v -0.16465 -2.5638 -0.63068
vn 0.978811 -0.196536 -0.0574657
v -0.16641 -2.5411 -0.65339
vn 0.955325 0.29073 0.0532021
v -0.16586 -2.5411 -0.61933
vn 0.973362 0.205943 -0.100771
v -0.15298 -2.53825 -0.56257
vn 0.924986 0.359617 -0.122785
v -0.14475 -2.57515 -0.53986
vn 0.988399 0.140557 -0.0575407
v -0.15585 -2.5437 -0.53986
vn 0.89645 0.408527 0.171707
v -0.1995 -2.5865 -0.50119
vn 0.238819 -0.204903 0.9492
v -0.18815 -2.5638 -0.504245
vn 0.308713 0.0897027 0.946916
v -0.6309 -2.8731 -0.56257
vn 0.298414 0.920153 0.253509
v -0.59684 -2.86577 -0.602303
vn -0.0474624 0.979316 0.196691
v -0.56278 -2.8626 -0.56257
vn -0.167546 0.982221 0.0846799
v -0.56278 -2.6092 -0.52214
vn -0.467398 -0.0590942 0.88207
v -0.54008 -2.6319 -0.5102
vn -0.452537 -0.00256212 0.891742
v -0.45431 -2.8362 -0.017643
vn 0.867021 0.252656 -0.429464
v -0.507577 -2.6319 0.0011292
vn 0.538657 0.574577 -0.616206
v -0.47875 -2.6319 0.027767
vn 0.393577 0.861796 -0.320007
v -0.44926 -2.71135 0.071709
vn 0.757629 -0.024532 0.652224
v -0.44926 -2.6773 0.073062
vn 0.695369 0.0501257 0.716903
v -0.44669 -2.6519 0.050472
vn 0.76391 0.64183 0.0670497
v -0.473985 -2.633 0.050472
vn 0.438772 0.868056 0.232289
v -0.49467 -2.63275 0.0717575
vn 0.375553 0.818661 0.434459
v -0.44926 -2.6546 0.062831
vn 0.77028 0.441378 0.460275
v -0.483315 -2.7 0.093418
vn 0.527115 0.0639701 0.847383
v -0.688768 -2.49192 -0.97126
vn 0.428377 0.884306 -0.185734
v -0.712305 -2.47197 -0.92585
vn 0.239726 0.970552 0.0236802
v -0.69902 -2.4755 -0.88044
vn 0.256065 0.96555 -0.0463046
v -0.67631 -2.4838 -0.87476
vn 0.37126 0.928527 -0.002053
v -0.51786 -2.5411 -0.51716
vn -0.329941 0.396282 0.856796
v -0.557105 -2.535 -0.534555
vn -0.214301 0.541072 0.813213
v -0.56278 -2.5638 -0.52273
vn -0.234754 0.273614 0.932752
v -0.48867 -2.5184 -0.51716
vn -0.406544 0.445746 0.797516
v -0.194125 -2.80215 -0.83503
vn 0.979864 -0.0585716 -0.190882
v -0.180015 -2.8135 -0.77669
vn 0.973982 0.0421395 -0.222671
v -0.17388 -2.7908 -0.7215
vn 0.998637 0.0159792 -0.0496909
v -0.19224 -2.6319 -0.78962
vn 0.974935 -0.180815 -0.129648
v -0.4152 -2.7 -0.498835
vn -0.058223 0.0744492 0.995524
v -0.437905 -2.7227 -0.499725
vn -0.119972 -0.151427 0.981161
v -0.392495 -2.7227 -0.495025
vn -0.024076 0.0423968 0.998811
v -0.441275 -2.8362 0.0164143
vn 0.95786 -0.028287 -0.285838
v -0.42005 -2.7908 0.050472
vn 0.785539 0.179195 -0.592298
v -0.44013 -2.7454 0.050472
vn 0.890008 0.125671 -0.438284
v -0.42655 -2.7681 0.059754
vn 0.632669 0.5999 -0.489744
v -0.4242 -2.76665 0.073177
vn 0.488628 0.869356 -0.0739068
v -0.437145 -2.71135 0.050472
vn 0.986206 -0.150614 0.0686533
v -0.40385 -2.7719 0.095882
vn 0.259762 0.960157 -0.10306
v -0.4361 -2.7681 0.095882
vn 0.141917 0.982256 0.122605
v -0.40385 -2.77033 0.135617
vn 0.0308858 0.998879 -0.0358772
v -0.44926 -2.7727 0.12994
vn -0.00403538 0.997425 0.0716006
v -0.43416 -2.6773 0.050472
vn 0.927308 0.15315 0.341533
v -0.36979 -2.77132 0.181028
vn 0.101493 0.99331 -0.0550843
v 0.0048442 -2.658 0.12051
vn 0.0144099 0.315483 -0.948822
v -0.017861 -2.6773 0.11893
vn -0.587118 0.091023 -0.804367
v 0.027549 -2.6546 0.12218
vn 0.152734 0.215032 -0.96459
v 0.027549 -2.62055 0.132615
vn -0.00979998 0.218418 -0.975806
v -0.1995 -2.5262 -1.0167
vn 0.369941 0.528819 0.763868
v -0.1768 -2.5184 -1.0289
vn 0.317373 0.405771 0.857102
v -0.18383 -2.5638 -0.99397
vn 0.933086 0.239509 0.268302
v -0.19466 -2.5411 -0.99397
vn 0.802601 0.556775 -0.214089
v -0.171995 -2.5559 -1.0167
vn 0.595163 0.293967 0.747907
v -0.1995 -2.5058 -0.94855
vn 0.656512 0.660087 -0.365071
v -0.15409 -2.5411 -1.0306
vn 0.430069 0.196565 0.881137
v -0.120035 -2.5411 -1.037
vn 0.0939595 0.0329745 0.99503
v -0.1768 -2.5285 -0.94855
vn 0.705172 0.619082 -0.345644
v -0.176117 -2.51838 -0.914495
vn 0.729685 0.669646 -0.138326
v -0.16454 -2.5411 -0.9372
vn 0.818303 0.493434 -0.294793
v -0.15409 -2.5411 -0.89475
vn 0.843783 0.517323 -0.142856
v -0.1995 -2.4979 -0.92585
vn 0.639724 0.742502 -0.198604
v -0.1995 -2.4901 -0.88044
vn 0.69211 0.721624 -0.0155876
v -0.1995 -2.4935 -0.81232
vn 0.664084 0.747646 0.00415996
v -0.15167 -2.53845 -0.806645
vn 0.791033 0.611152 0.0275704
v -0.1768 -2.51315 -0.732855
vn 0.722688 0.691148 -0.00603042
v -0.153065 -2.53945 -0.7215
vn 0.826993 0.561836 0.0205869
v -0.15409 -2.54475 -0.687445
vn 0.804431 0.561227 0.194718
v -0.175807 -2.51717 -0.687445
vn 0.797101 0.603717 0.0124987
v -0.1995 -2.49 -0.76691
vn 0.620192 0.784118 -0.0228265
v -0.1995 -2.48985 -0.71015
vn 0.676123 0.735384 -0.0454688
v -0.183993 -2.4957 -0.63636
vn 0.841085 0.528309 -0.116046
v -0.1995 -2.4779 -0.625008
vn 0.722397 0.687969 -0.0695817
v -0.17838 -2.49725 -0.56257
vn 0.760287 0.608428 0.227551
v -0.1768 -2.5197 -0.53986
vn 0.595906 0.608197 0.524397
v -0.1768 -2.49547 -0.582397
vn 0.766184 0.642413 0.0163499
v -0.1995 -2.4765 -0.58527
vn 0.468437 0.882953 0.0310066
v -0.017861 -2.5411 0.14286
vn -0.119908 0.385735 -0.914784
v -0.017861 -2.5184 0.15273
vn -0.160114 0.650357 -0.742563
v 0.0161966 -2.5184 0.148815
vn -0.0568017 0.582469 -0.810866
v -0.0614415 -2.54215 0.20941
vn -0.575215 0.78676 -0.223911
v -0.081069 -2.5638 0.19135
vn -0.527656 0.588779 -0.612306
v -0.098217 -2.5638 0.20941
vn -0.435247 0.848819 -0.30011
v -0.061445 -2.54325 0.1867
vn -0.749697 0.592569 -0.294646
v -0.040566 -2.5247 0.20941
vn -0.601737 0.794861 0.0781608
v -0.040566 -2.5188 0.1867
vn -0.472903 0.880989 0.0148613
v -0.036848 -2.52155 0.164
vn -0.514501 0.838962 -0.177288
v -0.0237945 -2.5184 0.21543
vn -0.367867 0.883346 0.290472
v 0.050254 -2.5184 0.14815
vn -0.120196 0.457154 -0.881228
v -0.0065084 -2.51035 0.164
vn -0.211616 0.932265 -0.293428
v -0.0065084 -2.50735 0.1867
vn -0.312209 0.94798 -0.0621203
v 0.0151294 -2.49945 0.20941
vn -0.474843 0.877386 0.0686928
v 0.027549 -2.5037 0.164
vn -0.22062 0.824943 -0.52038
v 0.047504 -2.4957 0.164
vn -0.414693 0.5982 -0.685701
v 0.07491 -2.473 0.164
vn -0.450235 0.710641 -0.540627
v 0.027901 -2.4957 0.1867
vn -0.432282 0.874933 -0.21823
v 0.058751 -2.473 0.1867
vn -0.546885 0.825621 -0.138804
v 0.072959 -2.4658 0.1867
vn -0.299691 0.952592 -0.0524805
v 0.095665 -2.4646 0.164
vn -0.080376 0.965294 -0.248488
v -0.1768 -2.5978 0.32293
vn -0.117772 0.978467 0.169506
v 0.027549 -2.4963 0.23211
vn -0.560337 0.732822 0.385997
v 0.00335717 -2.51755 0.233335
vn -0.33692 0.597198 0.727901
v 0.0535635 -2.47515 0.23211
vn -0.505287 0.861312 0.0531692
v 0.027549 -2.5184 0.24263
vn -0.326221 0.428556 0.842567
v 0.11837 -2.4662 0.25482
vn 0.137911 0.976037 0.16832
v -0.6309 -2.8644 -0.60798
vn 0.151038 0.973203 0.173387
v -0.61661 -2.8589 -0.63068
vn -0.0146853 0.907647 0.419477
v -0.58549 -2.8565 -0.626965
vn -0.0845949 0.804276 0.588204
v -0.562483 -2.85903 -0.608705
vn -0.369136 0.878613 0.302948
v -0.7061 -2.7227 -0.56257
vn 0.9178 0.192399 0.347312
v -0.68724 -2.7454 -0.58527
vn 0.878662 0.358659 0.315145
v -0.69902 -2.73525 -0.505805
vn 0.774843 0.609841 -0.166471
v -0.63921 -2.6319 -0.00828715
vn -0.198583 0.924912 0.324196
v -0.72172 -2.4688 -0.85773
vn 0.0221238 0.991394 -0.129027
v -0.74443 -2.471 -0.88044
vn -0.0145535 0.999881 0.00510909
v -0.74443 -2.4639 -0.83503
vn -0.0800838 0.96533 -0.248443
v -0.78984 -2.4767 -0.85773
vn -0.179764 0.957476 -0.225667
v -0.69902 -2.4708 -0.83503
vn 0.307054 0.950349 -0.0505345
v -0.50602 -2.50115 -0.56257
vn -0.209436 0.86399 0.457885
v -0.49467 -2.5065 -0.53986
vn -0.46123 0.762019 0.454525
v -0.1768 -2.8135 -0.68347
vn 0.997076 -0.055161 0.0528876
v -0.17249 -2.8135 -0.732855
vn 0.999105 0.0396136 0.0148591
v -0.174875 -2.81755 -0.642035
vn 0.984672 -0.156997 -0.0759824
v -0.33573 -2.68865 -0.50816
vn 0.222986 0.300478 0.927357
v -0.24491 -2.7 -0.5127
vn -0.0854912 0.0896892 0.992294
v -0.1995 -2.6319 -0.51039
vn 0.0666802 -0.0894885 0.993753
v -0.33435 -2.4957 -0.51716
vn 0.263943 0.853711 0.448901
v -0.22221 -2.876 0.34564
vn 0.796673 -0.518541 -0.310528
v -0.1995 -2.6199 0.36834
vn -0.102711 0.903434 0.416242
v -0.1768 -2.6319 0.37881
vn 0.144337 0.797033 0.586434
v -0.26762 -2.82485 0.421445
vn 0.297358 -0.08016 0.951395
v -0.0946385 -2.56025 0.23211
vn -0.334544 0.930253 0.150696
v -0.044493 -2.53885 0.23211
vn -0.316571 0.839808 0.441028
v -0.017861 -2.5411 0.24408
vn -0.207834 0.713735 0.66887
v -0.017861 -2.5261 0.23211
vn -0.277155 0.599304 0.751012
v -0.83525 -2.60765 -0.11244
vn 0.00227744 0.927635 -0.373482
v -0.60819 -2.6452 -0.10846
vn 0.479596 0.35102 -0.804222
v -0.567945 -2.6546 -0.080861
vn 0.616053 0.477261 -0.626658
v -0.58549 -2.6319 -0.072467
vn 0.572622 0.695408 -0.434179
v -0.5518 -2.63194 -0.0264433
vn 0.341167 0.855785 -0.388891
v -0.81868 -2.6129 -0.10846
vn 0.36882 0.901053 -0.2282
v -0.83525 -2.6045 -0.085759
vn 0.0217958 0.989363 -0.143825
v -0.85795 -2.6023 -0.085759
vn 0.0942321 0.972246 -0.214146
v -0.26762 -2.8539 0.41375
vn 0.00894601 -0.334216 0.942454
v 0.095665 -2.5865 0.22119
vn 0.0889487 -0.405572 0.909725
v -0.693835 -2.74175 -0.551215
vn 0.618613 0.785119 0.0301072
v -0.685155 -2.6092 -0.54089
vn 0.132138 0.502411 0.854472
v -0.6536 -2.6092 -0.54787
vn 0.236063 0.363937 0.901013
v -0.67865 -2.7468 -0.47175
vn 0.678087 0.734958 -0.00591674
v -0.68451 -2.7454 -0.42634
vn 0.695115 0.711069 -0.105813
v -0.67192 -2.7227 -0.29011
vn 0.982548 -0.182598 0.0354488
v -0.66388 -2.7 -0.25605
vn 0.97362 -0.224857 0.0387746
v -0.66595 -2.7 -0.30146
vn 0.984519 -0.152206 -0.0869203
v -0.67301 -2.7227 -0.22199
vn 0.981424 -0.18532 -0.0496383
v -0.66152 -2.6773 -0.2674
vn 0.997086 0.0627585 0.0433749
v -0.66825 -2.6546 -0.29011
vn 0.975811 0.213469 -0.0471643
v -0.66794 -2.7 -0.22199
vn 0.986437 -0.156393 0.0498401
v -0.66839 -2.7227 -0.19929
vn 0.986808 0.0353997 -0.157978
v -0.66031 -2.73405 -0.186728
vn 0.906984 0.118912 -0.40403
v -0.66785 -2.6773 -0.17658
vn 0.938956 0.178426 -0.294152
v -0.66831 -2.6773 -0.19929
vn 0.99519 0.0356559 0.0912397
v -0.669895 -2.6546 -0.21064
vn 0.98522 0.154081 0.0748313
v -0.674655 -2.65235 -0.17658
vn 0.846049 0.533089 0.00425476
v -0.67202 -2.6509 -0.15387
vn 0.839753 0.50727 -0.193629
v -0.734233 -2.47135 -0.99397
vn 0.238029 0.839859 0.487831
v -0.666917 -2.50537 -0.99397
vn 0.438822 0.846846 0.300477
v -0.66025 -2.4957 -1.0167
vn 0.44007 0.670796 0.596968
v -0.81254 -2.4814 -0.97126
vn -0.39976 0.914883 -0.0563994
v -0.81254 -2.48 -0.94855
vn -0.402936 0.914683 0.0315852
v -0.78984 -2.4708 -0.94855
vn -0.291518 0.956354 -0.0201372
v -0.67631 -2.4872 -0.92585
vn 0.434738 0.889446 -0.141027
v -0.1995 -2.6319 -0.95294
vn 0.928636 -0.362862 -0.0772477
v -0.67631 -2.7508 -0.52851
vn 0.493984 0.867254 -0.0620528
v -0.66882 -2.7454 -0.369575
vn 0.908124 0.395144 -0.138464
v -0.67089 -2.7227 -0.324165
vn 0.99859 0.0448526 -0.0284074
v -0.47196 -2.7 -0.50091
vn -0.0508266 0.0047146 0.998696
v -0.51737 -2.6773 -0.50372
vn -0.109986 -0.117782 0.98693
v -0.51737 -2.6546 -0.50091
vn -0.101736 0.0503477 0.993537
v -0.46061 -2.66595 -0.50534
vn 0.079047 0.163668 0.983343
v -0.543525 -2.6546 -0.514285
vn -0.585798 -0.136489 0.798881
v -0.51737 -2.62055 -0.50539
vn -0.265593 0.0386598 0.96331
v -0.60819 -2.5267 -0.99397
vn 0.190298 0.964739 -0.181837
v -0.622205 -2.51555 -1.0167
vn 0.290158 0.794195 0.533913
v -0.64225 -2.51295 -0.973665
vn 0.33356 0.904528 -0.265646
v -0.72172 -2.4773 -0.97126
vn 0.260893 0.965249 -0.01516
v -0.733075 -2.45135 -1.01743
vn 0.104322 0.692436 0.713897
v -0.69902 -2.4856 -0.99397
vn 0.406293 0.742328 0.5328
v -0.69195 -2.46795 -1.0167
vn 0.387823 0.569761 0.724545
v -0.77914 -2.473 -0.90314
vn -0.315697 0.927671 0.199404
v -0.65309 -2.4982 -0.94855
vn 0.272884 0.923816 -0.268511
v -0.574135 -2.50985 -0.94855
vn -0.0429784 0.951262 -0.305375
v -0.1768 -2.8362 -0.70757
vn 0.963036 -0.261362 0.0651964
v -0.18078 -2.8362 -0.67609
vn 0.94373 -0.329037 0.0332978
v -0.46876 -2.5204 -0.99397
vn -0.0660075 0.987389 -0.143894
v -0.49467 -2.5159 -0.97651
vn -0.100041 0.926236 -0.363426
v -0.23356 -2.4275 -1.0358
vn 0.00120238 0.0280569 0.999606
v -0.15409 -2.4275 -1.0379
vn 0.0303321 0.0346625 0.998939
v -0.44926 -2.4812 -0.51716
vn -0.214109 0.585692 0.781743
v -0.40385 -2.4747 -0.51716
vn 0.0519663 0.660394 0.749119
v -0.36979 -2.4957 -0.50389
vn 0.171304 0.665261 0.726693
v -0.1768 -2.59785 -0.50387
vn 0.399955 -0.0686286 0.913962
v 0.072959 -2.5502 0.23211
vn -0.331699 -0.483708 0.809939
v 0.050254 -2.5415 0.23244
vn -0.186272 -0.535763 0.823566
v 0.0719275 -2.58765 0.20941
vn -0.493981 -0.439025 0.750493
v 0.0559565 -2.604 0.1867
vn -0.481895 -0.480391 0.732804
v -0.42426 -2.8135 0.27752
vn -0.705748 -0.0785672 0.704093
v -0.40385 -2.8362 0.29328
vn -0.662999 -0.151256 0.733181
v -0.33573 -2.8362 0.38542
vn -0.782298 -0.264364 0.564022
v -0.377715 -2.8362 0.31883
vn -0.762916 -0.171864 0.623234
v -0.35993 -2.8135 0.353957
vn -0.858237 -0.0854956 0.506083
v -0.31635 -2.7454 0.34564
vn -0.605164 0.379081 -0.700053
v -0.33573 -2.75 0.41375
vn -0.638919 -0.175361 0.74902
v -0.13139 -2.5751 0.23211
vn -0.369282 0.911579 -0.180706
v 0.050254 -2.5151 0.25482
vn -0.380663 -0.43737 0.814741
v -0.54008 -2.8362 0.08276
vn -0.77037 -0.306862 0.558898
v -0.57126 -2.8362 0.027767
vn -0.825542 -0.354103 0.439422
v -0.54008 -2.79963 0.0969265
vn -0.697011 -0.201601 0.688138
v -0.564889 -2.78033 0.0779656
vn -0.71508 -0.320644 0.621166
v -0.50885 -2.8362 0.11859
vn -0.754811 -0.199924 0.624733
v -0.51789 -2.7933 0.11859
vn -0.730667 -0.188757 0.656122
v -0.47196 -2.8361 0.186505
vn -0.851661 -0.310406 0.422281
v -0.58325 -2.6773 0.11859
vn -0.659461 -0.0883901 0.746524
v -0.58549 -2.7 0.1118
vn -0.683508 -0.123268 0.719459
v -0.54008 -2.7454 0.12091
vn -0.476273 -0.314411 0.821163
v -0.54008 -2.7227 0.12773
vn -0.00541189 -0.26152 0.965183
v -0.56278 -2.7237 0.119195
vn -0.375587 -0.359593 0.854182
v -0.56278 -2.7 0.13
vn -0.457019 -0.265745 0.848831
v -0.51737 -2.7227 0.1195
vn 0.501849 0.0771724 0.861506
v -0.54008 -2.68865 0.12653
vn 0.434385 0.0784237 0.897307
v -0.56278 -2.6773 0.12958
vn -0.507949 -0.0252638 0.861017
v -0.33573 -2.8362 -0.56562
vn -0.521367 0.0239568 0.852996
v -0.33573 -2.79025 -0.540445
vn -0.629214 -0.566245 0.532407
v -0.13064 -2.5885 0.209935
vn -0.498407 0.397081 -0.77066
v -0.10868 -2.5865 0.19896
vn -0.426626 0.0655674 -0.902048
v -0.10868 -2.6092 0.19731
vn -0.426626 0.0655674 -0.902048
v -0.33573 -2.71135 0.37718
vn -0.742879 0.239037 -0.625294
v -0.31303 -2.71135 0.353365
vn -0.68256 0.181727 -0.707875
v -0.33573 -2.7454 0.36579
vn -0.733122 0.272596 -0.623076
v -0.29143 -2.68865 0.34043
vn -0.636024 0.172193 -0.752212
v -0.26762 -2.69495 0.32408
vn -0.522622 0.0258365 -0.852173
v -0.26441 -2.6546 0.32293
vn -0.643699 0.270086 -0.716034
v -0.258363 -2.6351 0.34564
vn -0.471493 0.846717 -0.246504
v -0.315435 -2.6773 0.36551
vn -0.7369 0.285692 -0.612666
v -0.332985 -2.682 0.39105
vn -0.847539 0.515272 -0.127173
v -0.342355 -2.71135 0.39105
vn -0.983005 0.164047 0.0824002
v -0.31268 -2.6549 0.39105
vn -0.649202 0.757658 0.0670138
v -0.30501 -2.6546 0.36834
vn -0.708005 0.585225 -0.395273
v -0.29032 -2.6429 0.36834
vn -0.534429 0.775073 -0.337118
v -0.1995 -2.6445 0.25482
vn -0.679041 -0.0599345 -0.73165
v -0.1995 -2.6247 0.25482
vn -0.673912 0.188869 -0.714263
v -0.17254 -2.6319 0.234575
vn -0.55511 0.0476411 -0.830411
v -0.19061 -2.6092 0.25482
vn -0.702964 0.316268 -0.637037
v -0.16888 -2.6092 0.23211
vn -0.673924 0.296812 -0.676557
v -0.23674 -2.6319 0.30023
vn -0.769876 0.0934703 -0.631312
v -0.22212 -2.6319 0.277635
vn -0.790586 0.0905236 -0.605623
v -0.22221 -2.6546 0.27915
vn -0.746418 0.0204924 -0.665162
v -0.244155 -2.6546 0.301055
vn -0.708547 0.175004 -0.683619
v -0.20728 -2.6092 0.27752
vn -0.585954 0.654135 -0.478293
v -0.15409 -2.6319 0.22436
vn -0.473407 -0.104181 -0.874661
v -0.24491 -2.6773 0.30921
vn -0.618457 -0.0645813 -0.78316
v -0.24524 -2.63163 0.32104
vn -0.654697 0.649143 -0.387278
v -0.31303 -2.73973 0.42707
vn -0.331504 -0.101175 0.938013
v -0.336405 -2.69798 0.41608
vn -0.762093 0.177682 0.62261
v -0.338425 -2.7227 0.417195
vn -0.760752 0.0572439 0.646514
v -0.31303 -2.7 0.43297
vn -0.274815 0.0777905 0.958345
v -0.31303 -2.6643 0.41375
vn -0.690733 0.651965 0.312779
v -0.31303 -2.6773 0.42653
vn -0.598211 0.3542 0.718808
v -0.291075 -2.6546 0.41399
vn -0.174061 0.722287 0.669331
v -0.165445 -2.5919 0.248255
vn -0.558872 0.722647 -0.406748
v -0.1522 -2.58805 0.23211
vn -0.66944 0.663839 -0.333419
v -0.585485 -2.90035 -0.51716
vn -0.0222311 0.55216 0.833442
v -0.60819 -2.8817 -0.53731
vn -0.0398695 0.91309 0.405804
v -0.64225 -2.90005 -0.51716
vn 0.0531177 0.617266 0.78496
v -0.6536 -2.8817 -0.53164
vn 0.0771226 0.847063 0.525868
v -0.574135 -2.8817 -0.53036
vn -0.0552335 0.76351 0.643429
v -0.528725 -2.8817 -0.530675
vn 0.0345849 0.719121 0.694024
v -0.49467 -2.9044 -0.52247
vn 0.120842 0.45144 0.884081
v -0.483315 -2.8817 -0.53297
vn 0.138825 0.527124 0.838372
v -0.47196 -2.9044 -0.52665
vn 0.176973 0.309456 0.9343
v -0.528725 -2.85995 -0.56257
vn -0.0439934 0.889932 0.453966
v -0.483315 -2.87485 -0.53986
vn 0.0425346 0.786773 0.615775
v -0.44926 -2.8601 -0.56257
vn 0.0257127 0.842171 0.538597
v -0.67631 -2.9044 -0.51558
vn -0.0360646 0.228472 0.972882
v -0.49467 -2.731 -0.51716
vn -0.263697 -0.495881 0.827385
v -0.44086 -2.7454 -0.51716
vn -0.231806 -0.618489 0.750824
v -0.40385 -2.6092 -0.52136
vn -0.103954 -0.109245 0.988564
v -0.437905 -2.60838 -0.514517
vn 0.248524 -0.232447 0.940322
v -0.44926 -2.5865 -0.50623
vn 0.143624 -0.363254 0.920553
v -0.075915 -2.6092 0.1867
vn -0.365521 -0.0280212 -0.930381
v 0.0463695 -2.5638 0.210855
vn -0.31383 -0.566966 0.761617
v -0.6309 -2.857 -0.651235
vn -0.780094 0.427542 0.456795
v -0.62812 -2.8362 -0.655505
vn -0.578967 0.0876323 0.810628
v -0.66164 -2.8362 -0.6988
vn -0.801153 0.0022455 0.598455
v -0.6309 -2.8164 -0.65185
vn -0.569139 -0.385637 0.726199
v -0.54008 -2.7908 -0.63605
vn -0.314867 0.067792 0.946712
v -0.51737 -2.8135 -0.62253
vn -0.40097 0.259486 0.878573
v -0.647925 -2.6319 -0.55706
vn 0.538262 -0.250133 0.804803
v -0.6309 -2.6319 -0.5683
vn 0.110463 -0.55304 0.825799
v -0.6309 -2.5933 -0.53986
vn -0.0382337 -0.601751 0.797768
v -0.60819 -2.6773 -0.61763
vn 0.0683324 0.0813399 0.994341
v -0.58549 -2.7227 -0.61755
vn 0.00856699 -0.100223 0.994928
v -0.58549 -2.68865 -0.616555
vn -0.16538 -0.0100206 0.986179
v -0.56278 -2.7049 -0.60798
vn -0.608362 -0.304051 0.733109
v -0.56278 -2.75485 -0.628323
vn -0.0371426 -0.337027 0.940762
v -0.538715 -2.76765 -0.63084
vn -0.252159 -0.229322 0.940121
v -0.55493 -2.67235 -0.53986
vn -0.820136 -0.423395 0.384856
v -0.53258 -2.7227 -0.56257
vn -0.838027 -0.516135 0.176962
v -0.52887 -2.7227 -0.53986
vn -0.835348 -0.377661 0.399458
v -0.6309 -2.71715 -0.608695
vn 0.205479 -0.200841 0.957832
v -0.62717 -2.6773 -0.604955
vn 0.425127 -0.142536 0.89384
v -0.60819 -2.6259 -0.56257
vn -0.233692 -0.636808 0.734754
v -0.59609 -2.6092 -0.53986
vn -0.366417 -0.589529 0.719857
v -0.57484 -2.6546 -0.56257
vn -0.79959 -0.497664 0.336135
v -0.58549 -2.6424 -0.56257
vn -0.610911 -0.600688 0.515716
v -0.571785 -2.6287 -0.533825
vn -0.644814 -0.360632 0.673914
v -0.50086 -2.8135 0.14129
vn -0.864336 -0.173964 0.471869
v -0.6309 -2.7227 0.041075
vn -0.727698 -0.307113 0.6133
v -0.59659 -2.7 0.095882
vn -0.793779 -0.181833 0.580389
v -0.61297 -2.6773 0.073177
vn -0.793697 0.019176 0.608011
v -0.030874 -2.6773 0.14129
vn -0.85942 -0.105998 -0.500162
v -0.017861 -2.6982 0.14129
vn -0.761086 -0.473876 -0.442934
v -0.0194272 -2.65262 0.13667
vn -0.817491 0.33243 -0.470318
v -0.24491 -2.5865 -0.4881
vn 0.21119 -0.306635 0.928102
v -0.256265 -2.5638 -0.487635
vn 0.13256 0.366921 0.920759
v -0.0729065 -2.5865 0.181445
vn -0.45119 -0.115996 -0.884858
v -0.017861 -2.5638 0.14263
vn -0.345718 -0.113557 -0.931442
v -0.040566 -2.5638 0.15436
vn -0.551897 -0.0261425 -0.833502
v -0.0447115 -2.5411 0.1594
vn -0.622843 0.0824206 -0.777993
v -0.45092 -2.8135 0.240655
vn -0.849634 -0.159014 0.502829
v -0.449925 -2.8387 0.233357
vn -0.853973 -0.302133 0.423611
v -0.4384 -2.8362 0.25482
vn -0.822532 -0.130494 0.553546
v -0.423515 -2.8362 0.274135
vn -0.746728 -0.11495 0.655121
v -0.22221 -2.6147 0.30023
vn -0.646144 0.757841 -0.0904152
v -0.22221 -2.6147 0.32293
vn -0.608321 0.793367 -0.0226937
v -0.58549 -2.8362 -0.64376
vn -0.221338 0.408289 0.885613
v -0.60819 -2.8362 -0.64602
vn -0.0713097 0.595385 0.80027
v -0.560178 -2.8404 -0.632123
vn -0.329494 0.469011 0.819428
v -0.574135 -2.8135 -0.644795
vn -0.241435 0.0258351 0.970073
v -0.58549 -2.7908 -0.6428
vn -0.139762 -0.16579 0.976207
v -0.49467 -2.9271 -0.52437
vn 0.18041 -0.0820415 0.980164
v -0.6309 -2.7454 -0.61636
vn 0.125696 -0.324499 0.937497
v -0.59684 -2.77945 -0.637505
vn 0.108294 -0.425745 0.898339
v -0.6309 -2.7908 -0.63902
vn 0.125016 -0.448112 0.885193
v -0.54008 -2.7454 -0.62003
vn -0.142912 -0.417932 0.897167
v -0.54008 -2.7299 -0.60798
vn -0.53773 -0.594342 0.598
v -0.528725 -2.69215 -0.51716
vn -0.653852 -0.380961 0.653717
v -0.60819 -2.6461 -0.58527
vn -0.524833 -0.583317 0.619912
v -0.58549 -2.5865 -0.52565
vn -0.280846 -0.414138 0.865803
v -0.330555 -2.76702 -0.518137
vn -0.293939 -0.500422 0.814357
v -0.36979 -2.7 -0.499555
vn 0.0808836 0.221982 0.97169
v -0.017861 -2.6884 0.164
vn -0.827646 -0.515318 0.222373
v -0.028755 -2.6546 0.164
vn -0.991271 0.127205 -0.0346573
v -0.027833 -2.6773 0.164
vn -0.990351 -0.0402247 0.132614
v -0.017861 -2.6092 0.15677
vn -0.518604 -0.170064 -0.837931
v -0.023014 -2.6319 0.164
vn -0.649135 -0.126237 -0.750125
v -0.0020642 -2.6319 0.14129
vn -0.476342 0.248958 -0.843278
v -0.063271 -2.6092 0.18158
vn -0.429357 -0.325747 -0.842343
v -0.063271 -2.6228 0.1867
vn -0.359839 -0.334542 -0.870975
v -0.049757 -2.6319 0.1867
vn -0.516384 -0.402131 -0.756067
v -0.0409971 -2.59965 0.16645
vn -0.505983 -0.292571 -0.811408
v -0.085977 -2.6319 0.19968
vn -0.362034 -0.336582 -0.869278
v -0.063271 -2.5638 0.17492
vn -0.722587 0.156557 -0.673318
v -0.97148 -2.9271 -1.0306
vn 0.0279366 -0.0102539 0.999557
v -0.93742 -2.876 -1.0288
vn 0.0460608 -0.0481714 0.997776
v -0.90336 -2.89305 -1.03335
vn 0.0371979 -0.0593579 0.997543
v -0.869305 -2.9271 -1.03255
vn -0.0564055 0.0131942 0.998321
v -0.88066 -2.89305 -1.03285
vn -0.066385 -0.069095 0.995399
v -0.823895 -2.9044 -1.027
vn -0.168764 -0.043651 0.984689
v -0.886332 -2.8362 -1.02678
vn -0.0502173 -0.0642421 0.99667
v -0.83525 -2.8589 -1.0252
vn -0.120911 -0.0798811 0.989444
v -0.83942 -2.67145 -0.90314
vn -0.783467 0.480057 -0.394619
v -0.83525 -2.6844 -0.92585
vn -0.651138 0.576463 -0.49367
v -0.84405 -2.7 -0.92585
vn -0.677722 0.423571 -0.601066
v -0.85334 -2.7 -0.90314
vn -0.914846 0.336443 -0.2233
v -0.78888 -2.73405 -1.0167
vn -0.539926 -0.0152511 0.841574
v -0.81254 -2.71135 -1.0266
vn -0.268375 0.0413065 0.962428
v -0.80237 -2.6546 -1.0167
vn -0.417453 -0.137116 0.898294
v -0.78984 -2.6773 -1.0113
vn -0.653772 -0.105387 0.749317
v -0.85679 -2.67995 -0.81232
vn -0.887741 0.449704 -0.0983996
v -0.83842 -2.651 -0.78962
vn -0.726445 0.685298 -0.0514231
v -0.835915 -2.65395 -0.83503
vn -0.734468 0.674684 -0.0731931
v -0.85716 -2.67935 -0.78962
vn -0.911226 0.396446 0.111791
v -0.808625 -2.63183 -0.801232
vn -0.506018 0.849068 -0.151756
v -0.806315 -2.6353 -0.83503
vn -0.577423 0.812734 -0.0777563
v -0.85795 -2.7 -0.77374
vn -0.890956 0.036129 0.45265
v -0.85034 -2.7227 -0.76691
vn -0.885101 0.0644148 0.460919
v -0.84028 -2.7227 -0.74421
vn -0.960348 0.237778 0.145578
v -0.84877 -2.7454 -0.74421
vn -0.94981 0.296235 0.100531
v -0.83525 -2.6773 -0.73786
vn -0.888413 0.12698 0.441133
v -0.839496 -2.71148 -0.72211
vn -0.941861 0.254986 0.218815
v -0.84808 -2.7454 -0.7215
vn -0.923008 0.173218 0.343586
v -0.830245 -2.7454 -0.703345
vn -0.76988 0.00702676 0.63815
v -0.8314 -2.7227 -0.703745
vn -0.803191 0.135722 0.580055
v -0.818055 -2.68783 -0.69825
vn -0.815482 0.254876 0.519642
v -0.85187 -2.6773 -0.76691
vn -0.901979 0.281956 0.327008
v -0.83525 -2.6546 -0.75668
vn -0.793841 0.557948 0.241889
v -0.81495 -2.62955 -0.76691
vn -0.718685 0.695259 0.0103378
v -0.81372 -2.6319 -0.739935
vn -0.837366 0.490411 0.241486
v -0.810009 -2.641 -0.720646
vn -0.8487 0.358239 0.389068
v -0.807185 -2.71135 -0.67609
vn -0.822836 0.133637 0.552342
v -0.80254 -2.6773 -0.67609
vn -0.914899 0.199269 0.351073
v -0.55801 -2.8589 -0.58527
vn -0.245481 0.958154 0.147241
v -0.54008 -2.8448 -0.60798
vn -0.446261 0.868952 0.213947
v -0.51737 -2.8482 -0.58527
vn -0.0218827 0.897881 0.439694
v -0.437905 -2.8471 -0.58527
vn 0.00420536 0.806867 0.590718
v -0.800785 -2.64325 -0.687445
vn -0.985185 0.0728219 0.155267
v -0.79745 -2.6773 -0.65339
vn -0.999605 0.028107 3.76626e-05
v -0.80297 -2.62055 -0.67609
vn -0.995711 -0.0898507 0.0220466
v -0.800642 -2.70568 -0.63068
vn -0.992246 0.0625519 -0.107398
v -0.800647 -2.63758 -0.6023
vn -0.99097 0.0836459 -0.104792
v -0.808215 -2.6773 -0.59255
vn -0.963637 0.13982 -0.227716
v -0.80385 -2.5865 -0.63068
vn -0.999997 0.000455436 -0.00224775
v -0.80349 -2.59785 -0.58527
vn -0.983544 -0.0830248 0.160459
v -0.80221 -2.6319 -0.56257
vn -0.95051 0.310629 -0.00637398
v -0.79852 -2.59785 -0.56257
vn -0.94407 0.0186799 0.329216
v -0.787645 -2.61007 -0.540825
vn -0.647304 0.597957 0.4727
v -0.80755 -2.64248 -0.52851
vn -0.818934 0.560643 0.12258
v -0.78984 -2.6249 -0.51716
vn -0.587934 0.760892 0.274551
v -0.76713 -2.6145 -0.52524
vn -0.0022024 0.872122 0.489283
v -0.74443 -2.625 -0.51716
vn 0.18816 0.908621 0.372832
v -0.73284 -2.60857 -0.539425
vn 0.0671743 0.772603 0.631326
v -0.812595 -2.6546 -0.47215
vn -0.620794 0.770389 -0.14531
v -0.81226 -2.6546 -0.49667
vn -0.742772 0.662211 0.0988268
v -0.83525 -2.663 -0.44904
vn -0.57326 0.799248 -0.180488
v -0.81254 -2.6503 -0.44904
vn -0.445947 0.887701 -0.114531
v -0.83525 -2.6544 -0.382385
vn -0.690224 0.722111 -0.046317
v -0.81254 -2.64085 -0.39228
vn -0.394088 0.913151 -0.104162
v -0.81254 -2.63795 -0.34687
vn -0.372428 0.928061 -0.000661931
v -0.81254 -2.6409 -0.30146
vn -0.422429 0.893078 0.154807
v -0.839745 -2.67305 -0.2674
vn -0.671556 0.681447 0.290933
v -0.81254 -2.6546 -0.25262
vn -0.6483 0.728293 0.222026
v -0.832145 -2.6773 -0.24839
vn -0.700944 0.625938 0.341876
v -0.85795 -2.7 -0.25523
vn -0.722217 0.516255 0.460308
v -0.83653 -2.68865 -0.159022
vn -0.878471 0.0403455 -0.476089
v -0.78984 -2.6361 -0.47175
vn -0.573271 0.81264 0.104766
v -0.76713 -2.62936 -0.47637
vn -0.0256262 0.9842 0.175196
v -0.78984 -2.6392 -0.44904
vn -0.269153 0.957139 0.106968
v -0.69902 -2.6421 -0.49445
vn 0.401469 0.90769 0.122152
v -0.74443 -2.6365 -0.44904
vn 0.171769 0.984009 0.0471273
v -0.78984 -2.6385 -0.414985
vn -0.191108 0.979558 -0.0628016
v -0.76713 -2.6361 -0.40363
vn 0.0278425 0.998999 -0.0350128
v -0.69902 -2.64108 -0.40931
vn 0.350137 0.936319 -0.0266651
v -0.76713 -2.63205 -0.34687
vn -0.0645188 0.997353 -0.0335211
v -0.78984 -2.6347 -0.31281
vn -0.129838 0.989449 0.0642801
v -0.69902 -2.63455 -0.324165
vn 0.227064 0.972236 -0.056568
v -0.72172 -2.632 -0.301453
vn -0.0316097 0.999482 -0.00603911
v -0.78984 -2.6399 -0.2674
vn -0.340449 0.933869 0.109463
v -0.761455 -2.6357 -0.25605
vn -0.153271 0.98788 0.0245196
v -0.72172 -2.63077 -0.22767
vn 0.000654953 0.999979 -0.00637945
v -0.743425 -2.63209 -0.195736
vn -0.0644773 0.997911 -0.00406385
v -0.701705 -2.6325 -0.239023
vn 0.124065 0.992274 -0.000526934
v -0.76713 -2.63465 -0.187935
vn -0.148939 0.987018 -0.0601091
v -0.718455 -2.63288 -0.171214
vn 0.0510782 0.997919 0.0393486
v -0.87351 -2.6546 -0.063054
vn -0.993381 -0.112029 -0.0253765
v -0.87103 -2.6546 -0.10846
vn -0.990331 -0.116769 -0.074895
v -0.86549 -2.7 -0.085759
vn -0.987433 -0.157992 -0.00385445
v -0.85952 -2.60885 -0.0621053
vn -0.611697 0.735262 0.291918
v -0.86829 -2.6092 -0.085759
vn -0.768705 0.59133 0.243765
v -0.87352 -2.6319 -0.063054
vn -0.924693 0.353765 0.140689
v -0.80119 -2.62115 -0.040349
vn 0.193792 0.939175 0.28354
v -0.81254 -2.6144 -0.063054
vn 0.367365 0.930059 -0.00578078
v -0.83525 -2.60835 -0.0600955
vn 0.0715896 0.940922 0.330968
v -0.83525 -2.6172 -0.040349
vn 0.0858339 0.928238 0.361949
v -0.738397 -2.63236 -0.116959
vn 0.0965227 0.994561 -0.0391271
v -0.69902 -2.6345 -0.095233
vn 0.0258169 0.991762 -0.125466
v -0.67838 -2.63505 -0.0971095
vn -0.165383 0.948502 -0.270171
v -0.78984 -2.7681 -0.019425
vn -0.0448862 0.0682858 0.996656
v -0.69986 -2.7681 -0.017643
vn -0.0945283 -0.118051 0.988498
v -0.76713 -2.7227 -0.021551
vn -0.0494877 -0.00072378 0.998774
v -0.727397 -2.6322 -0.0759698
vn -0.010474 0.999889 -0.0106149
v -0.664955 -2.62625 -0.040349
vn -0.103141 0.982898 0.152553
v -0.681988 -2.6337 -0.022356
vn -0.142489 0.889896 0.433339
v -0.664955 -2.62405 -0.063054
vn -0.129135 0.991251 0.0273043
v -0.4704 -2.7433 0.095882
vn 0.538958 0.400371 0.741098
v -0.81837 -2.5407 -0.823675
vn -0.832047 -0.408838 0.3749
v -0.801435 -2.5638 -0.732855
vn -0.994648 0.102909 0.00921009
v -0.801035 -2.5865 -0.732855
vn -0.998168 0.0491198 -0.0353119
v -0.801528 -2.5638 -0.670418
vn -0.901933 0.431393 -0.0204234
v -0.78984 -2.5417 -0.689255
vn -0.764337 0.644472 0.0210902
v -0.78984 -2.5348 -0.732855
vn -0.709188 0.680347 0.184881
v -0.76713 -2.52485 -0.71015
vn -0.377945 0.922321 0.0805109
v -0.72172 -2.5196 -0.7215
vn -0.0970868 0.995083 0.0196075
v -0.767475 -2.51835 -0.744048
vn -0.164747 0.948632 0.270103
v -0.72172 -2.51725 -0.73896
vn -0.126594 0.978908 0.160352
v -0.736765 -2.5198 -0.6988
vn -0.206051 0.974128 -0.0928346
v -0.67631 -2.5127 -0.71015
vn -0.097391 0.992962 -0.0673937
v -0.76713 -2.5261 -0.67609
vn -0.466689 0.873112 -0.140986
v -0.790967 -2.53833 -0.62488
vn -0.804765 0.59033 -0.0621663
v -0.80397 -2.5638 -0.58527
vn -0.948761 0.301757 0.0937838
v -0.770525 -2.5164 -0.60798
vn -0.524963 0.849005 -0.0600418
v -0.71037 -2.51155 -0.66474
vn -0.0746076 0.992635 -0.0954451
v -0.74443 -2.50835 -0.61933
vn -0.182629 0.972216 -0.146435
v -0.71037 -2.50385 -0.60798
vn 0.0194751 0.984354 -0.175125
v -0.687665 -2.5102 -0.63068
vn 0.0675664 0.995739 -0.0627562
v -0.791865 -2.5381 -0.58527
vn -0.707364 0.608912 0.358974
v -0.76827 -2.51765 -0.58233
vn -0.543068 0.770095 0.33471
v -0.769145 -2.53965 -0.56257
vn -0.24199 0.396727 0.885465
v -0.78984 -2.5731 -0.558075
vn -0.74127 0.229414 0.630784
v -0.74443 -2.5044 -0.58527
vn -0.262552 0.964276 -0.0351946
v -0.72172 -2.5005 -0.58527
vn 0.00294991 0.992656 -0.120932
v -0.64225 -2.5074 -0.58527
vn 0.108173 0.985899 -0.12768
v -0.55143 -2.5865 -0.516365
vn -0.318278 0.063197 0.945889
v -0.51737 -2.5638 -0.50999
vn -0.133809 0.125283 0.983056
v -0.483315 -2.5638 -0.50637
vn -0.110923 -0.00816054 0.993796
v -0.483315 -2.5411 -0.50793
vn -0.236705 0.150956 0.959783
v -0.392495 -2.8523 -0.578495
vn -0.122764 0.594665 0.794546
v -0.37954 -2.8376 -0.58527
vn -0.197271 0.302109 0.932638
v -0.35844 -2.8362 -0.57783
vn -0.299158 0.407022 0.863039
v -0.44926 -2.7667 0.098401
vn 0.399238 0.861049 0.314966
v -0.35844 -2.78955 0.347795
vn -0.803968 0.504595 0.314673
v -0.33573 -2.8193 0.392965
vn -0.856349 -0.158992 0.491313
v -0.34375 -2.7681 0.36834
vn -0.866153 0.492722 0.0836853
v -0.33573 -2.7644 0.34564
vn -0.77033 0.593337 -0.233547
v -0.34115 -2.7908 0.39105
vn -0.915308 0.132362 0.380383
v -0.18797 -2.6546 0.25482
vn -0.405061 -0.462416 -0.788732
v -0.15409 -2.644 0.23211
vn -0.417838 -0.490011 -0.765049
v -0.31303 -2.8362 0.40888
vn -0.595118 -0.229475 0.770179
v -0.34465 -2.7454 0.39105
vn -0.962557 -0.0946841 0.254006
v -0.90336 -2.73405 -1.033
vn -0.0163257 0.0420283 0.998983
v -0.83525 -2.7454 -1.0287
vn -0.0850107 0.072951 0.993706
v -0.83525 -2.69433 -1.03073
vn -0.117817 0.00114873 0.993035
v -0.84852 -2.6773 -0.88044
vn -0.886349 0.451202 -0.103932
v -0.83525 -2.6563 -0.88044
vn -0.726061 0.646718 -0.233648
v -0.78984 -2.6319 -0.90087
vn -0.527853 0.706841 -0.470901
v -0.86224 -2.7 -0.80097
vn -0.99739 0.0711133 0.0125145
v -0.85795 -2.7296 -0.81232
vn -0.969789 -0.243807 -0.00825176
v -0.85845 -2.7246 -0.78541
vn -0.958609 -0.150781 0.241526
v -0.84846 -2.7454 -0.76691
vn -0.996496 -0.0825293 -0.0136087
v -0.836838 -2.7227 -0.526067
vn -0.918331 0.16887 -0.357981
v -0.85795 -2.7227 -0.46662
vn -0.921151 0.210932 -0.327091
v -0.868935 -2.7227 -0.278755
vn -0.976162 0.073766 0.204124
v -0.855965 -2.7454 -0.24849
vn -0.868805 -0.107571 0.483328
v -0.85795 -2.7227 -0.24623
vn -0.865544 -0.0525056 0.498073
v -0.82958 -2.7227 -0.19929
vn -0.903367 0.270213 0.333037
v -0.78984 -2.64225 -0.21064
vn -0.431591 0.901278 -0.037779
v -0.78984 -2.6385 -0.17658
vn -0.31809 0.938367 -0.135226
v -0.78984 -2.6331 -0.15387
vn -0.00749209 0.994103 -0.108181
v -0.87105 -2.6319 -0.10846
vn -0.658006 0.300015 -0.690666
v -0.83525 -2.7681 -0.03208
vn -0.394977 -0.143409 0.907429
v -0.81254 -2.7908 -0.025883
vn -0.394746 -0.147341 0.906899
v -0.81254 -2.7681 -0.022195
vn -0.202345 0.0302481 0.978847
v -0.83525 -2.73405 -0.028483
vn -0.253784 -0.00651484 0.967239
v -0.84979 -2.7454 -0.040349
vn -0.730342 -0.0481123 0.681385
v -0.83525 -2.7 -0.027165
vn -0.18917 -0.158948 0.968995
v -0.86812 -2.6546 -0.040349
vn -0.803765 -0.118432 0.58304
v -0.85795 -2.6546 -0.028037
vn -0.570702 -0.143326 0.808552
v -0.856752 -2.71223 -0.0402956
vn -0.575228 -0.0911712 0.812897
v -0.83525 -2.6671 -0.017643
vn -0.395395 -0.230463 0.889129
v -0.802467 -2.6773 -0.0162898
vn -0.0823784 -0.248044 0.96524
v -0.83605 -2.6505 -0.0173363
vn -0.324437 0.135031 0.93622
v -0.862755 -2.6319 -0.0356205
vn -0.687978 0.331176 0.645762
v -0.85795 -2.6204 -0.040349
vn -0.382045 0.761678 0.523342
v -0.823895 -2.6332 -0.021918
vn -0.0723103 0.650831 0.755772
v -0.795512 -2.6546 -0.0106807
vn -0.0492657 0.0539219 0.997329
v -0.78984 -2.6288 -0.13117
vn 0.142794 0.975559 -0.167017
v -0.78984 -2.62675 -0.0971095
vn 0.284041 0.955056 -0.0847903
v -0.763558 -2.62985 -0.0744065
vn 0.169918 0.985437 -0.00649643
v -0.74443 -2.6336 -0.040349
vn 0.0787528 0.972944 0.217203
v -0.6309 -2.63285 -0.10729
vn 0.0111497 0.80915 -0.587497
v -0.6536 -2.6348 -0.10846
vn -0.0303379 0.857095 -0.514265
v -0.6309 -2.6219 -0.085759
vn -0.126713 0.964283 -0.232599
v -0.619545 -2.6209 -0.063054
vn 0.0318607 0.999246 0.0221725
v -0.72172 -2.70005 -0.0176325
vn -0.0809963 -0.202753 0.975874
v -0.6536 -2.7472 0.0050616
vn -0.64887 -0.179386 0.739451
v -0.67631 -2.7454 -0.0093832
vn -0.520215 -0.12634 0.844639
v -0.664955 -2.7681 -0.00686055
vn -0.434984 -0.151656 0.887575
v -0.6309 -2.7775 0.0050616
vn -0.53182 -0.438175 0.724686
v -0.608975 -2.74645 0.050472
vn -0.668324 -0.383998 0.637094
v -0.69829 -2.7227 -0.017848
vn -0.200233 -0.028028 0.979347
v -0.69902 -2.6773 -0.0062456
vn -0.26992 -0.242006 0.931974
v -0.67631 -2.7 -0.004993
vn -0.490568 -0.175332 0.853582
v -0.66335 -2.7 0.0050616
vn -0.744722 -0.260054 0.614623
v -0.78984 -2.6368 -0.017643
vn 0.108158 0.672665 0.731999
v -0.74443 -2.6446 -0.017643
vn -0.0521098 0.777498 0.626722
v -0.733075 -2.6773 -0.011978
vn -0.0923989 -0.186148 0.978167
v -0.74443 -2.6546 -0.011298
vn -0.116156 0.15716 0.980718
v -0.619545 -2.62365 -0.028996
vn -0.0558959 0.985421 0.16069
v -0.67563 -2.6773 0.0045173
vn -0.669794 -0.122342 0.732399
v -0.687665 -2.6546 0.0006554
vn -0.315022 0.451378 0.834877
v -0.642925 -2.69585 0.0391195
vn -0.754297 -0.190206 0.628377
v -0.64225 -2.6438 0.0164143
vn -0.32093 0.825084 0.465016
v -0.64225 -2.6546 0.030277
vn -0.457375 0.650409 0.606445
v -0.572365 -2.6304 0.027767
vn -0.169716 0.970277 0.17251
v -0.574135 -2.6275 0.0050616
vn -0.0394607 0.994658 0.0953837
v -0.579812 -2.62707 -0.028996
vn 0.160992 0.984043 -0.0757668
v -0.60819 -2.6372 0.027767
vn -0.30196 0.874711 0.379079
v -0.6536 -2.6683 0.027767
vn -0.657973 0.403459 0.63584
v -0.4711 -2.7681 0.119555
vn 0.303489 0.833039 0.462537
v -0.49467 -2.753 0.11859
vn 0.350323 0.460795 0.81544
v -0.606605 -2.6546 0.06461
vn -0.536931 0.711232 0.453712
v -0.58549 -2.64085 0.0618245
vn -0.41976 0.871221 0.254509
v -0.54008 -2.6259 0.050472
vn -0.234653 0.964263 0.123023
v -0.56278 -2.6392 0.095882
vn -0.29264 0.916378 0.273153
v -0.51737 -2.63055 0.0758285
vn -0.0153387 0.938557 0.344783
v -0.56278 -2.65605 0.117375
vn -0.477539 0.628538 0.61392
v -0.58549 -2.6536 0.0971885
vn -0.517263 0.755119 0.402783
v -0.54008 -2.6397 0.095882
vn 0.134926 0.809531 0.571361
v -0.49467 -2.7732 0.136605
vn -0.138778 0.659665 0.738636
v -0.51737 -2.7681 0.12672
vn -0.379689 0.158543 0.911428
v -0.51737 -2.7454 0.12472
vn 0.376037 0.154231 0.913679
v -0.47196 -2.7733 0.14129
vn -0.298407 0.894125 0.333906
v -0.43223 -2.7734 0.181028
vn -0.158237 0.979709 0.123006
v -0.437905 -2.77765 0.198055
vn -0.344483 0.90617 0.24533
v -0.60819 -2.5046 -0.92585
vn 0.19795 0.978299 -0.0612083
v -0.637833 -2.49476 -0.869085
vn 0.260694 0.964725 0.0366577
v -0.609942 -2.51419 -0.959677
vn 0.11593 0.938138 -0.326278
v -0.574135 -2.52785 -0.99397
vn 0.00152104 0.962234 -0.27222
v -0.58549 -2.5068 -0.92585
vn 0.04256 0.998168 -0.0429988
v -0.602515 -2.502 -0.84638
vn 0.147482 0.988999 0.0114429
v -0.83525 -2.548 -0.85773
vn -0.72802 -0.537148 0.42598
v -0.81254 -2.56115 -0.839825
vn -0.777691 -0.493355 0.389613
v -0.807045 -2.5184 -0.79827
vn -0.854879 0.129462 0.502415
v -0.8048 -2.5638 -0.81232
vn -0.951341 -0.239449 0.193942
v -0.80566 -2.5411 -0.78962
vn -0.966813 -0.0921752 0.238279
v -0.803115 -2.5638 -0.778265
vn -0.994926 -0.0894129 0.0461152
v -0.78984 -2.4975 -0.790885
vn -0.416731 0.608083 0.6757
v -0.75578 -2.4957 -0.783745
vn -0.0193635 0.673679 0.73877
v -0.75578 -2.473 -0.800575
vn -0.0713537 0.694602 0.715847
v -0.70931 -2.4957 -0.78962
vn 0.23114 0.794365 0.561746
v -0.72172 -2.4666 -0.81232
vn 0.241316 0.824487 0.511847
v -0.72172 -2.464 -0.83503
vn 0.26981 0.949738 0.158745
v -0.74443 -2.4636 -0.81232
vn -0.0538284 0.972452 0.226804
v -0.67585 -2.49105 -0.823345
vn 0.411108 0.861922 0.296783
v -0.645089 -2.49975 -0.820189
vn 0.169494 0.964386 0.203053
v -0.7094 -2.473 -0.81232
vn 0.463541 0.77624 0.427295
v -0.80041 -2.5411 -0.76691
vn -0.939618 0.30018 0.164345
v -0.78984 -2.5184 -0.77063
vn -0.688827 0.620777 0.374371
v -0.76713 -2.5089 -0.76691
vn -0.225509 0.733061 0.641691
v -0.69902 -2.5071 -0.76691
vn 0.0364206 0.906132 0.421424
v -0.59684 -2.50395 -0.806645
vn 0.00882719 0.993752 0.111261
v -0.76713 -2.59355 -0.543115
vn -0.171678 0.41736 0.892377
v -0.76713 -2.5638 -0.55331
vn -0.177394 0.268502 0.946804
v -0.74443 -2.5865 -0.54895
vn 0.00409124 0.25766 0.966227
v -0.33631 -2.81635 -0.561862
vn -0.649436 -0.227402 0.725617
v -0.39817 -2.77138 0.20373
vn -0.0711444 0.995947 0.0550219
v -0.42522 -2.7908 0.25317
vn -0.508071 0.757162 0.410573
v -0.4152 -2.7814 0.243465
vn -0.372821 0.880606 0.292467
v -0.392495 -2.7744 0.243465
vn -0.194005 0.963468 0.184639
v -0.33573 -2.77255 0.26617
vn -0.146912 0.981369 0.123822
v -0.35844 -2.782 0.30023
vn -0.222852 0.945243 0.238439
v -0.22587 -2.6773 0.30023
vn -0.543328 -0.419582 -0.727149
v -0.83525 -2.7454 -0.21314
vn -0.898786 -0.15785 0.408983
v -0.83094 -2.7454 -0.17658
vn -0.995443 -0.00277184 -0.0953215
v -0.86524 -2.7 -0.063054
vn -0.942046 -0.172634 0.287658
v -0.65765 -2.7908 -0.017643
vn -0.23608 -0.426656 0.873059
v -0.67631 -2.7839 -0.017643
vn -0.127424 -0.344594 0.930063
v -0.58549 -2.7454 0.076261
vn -0.68607 -0.427473 0.588706
v -0.47196 -2.7227 0.089668
vn 0.518267 0.312571 0.796052
v -0.574135 -2.52365 -1.0167
vn 0.0241674 0.7804 0.624813
v -0.47196 -2.4927 -0.53986
vn -0.542391 0.838956 -0.0443292
v -0.48027 -2.4957 -0.56257
vn -0.405277 0.914157 0.00822041
v 0.050254 -2.4833 0.25482
vn -0.622138 0.42105 0.660047
v -0.60088 -2.6546 -0.60798
vn 0.498074 -0.222084 0.838213
v -0.5755 -2.6546 -0.60798
vn -0.980987 -0.127604 0.146223
v -0.58549 -2.6546 -0.6166
vn -0.653111 -0.0230088 0.756913
v -0.58082 -2.6546 -0.58527
vn -0.961157 -0.159627 -0.225159
v -0.57173 -2.6773 -0.60798
vn -0.961157 -0.159627 -0.225159
v -0.84373 -2.7681 -0.2447
vn -0.839004 -0.393218 0.3761
v -0.85795 -2.7227 -0.051703
vn -0.96928 -0.125197 0.211713
v -0.505218 -2.8589 0.106277
vn -0.665692 -0.522021 0.533243
v -0.35844 -2.8135 -0.57929
vn -0.600852 -0.319486 0.732738
v -0.35844 -2.7908 -0.57393
vn -0.651553 -0.512458 0.559344
v -0.35844 -2.77065 -0.535735
vn -0.366781 -0.760195 0.53626
v -0.347085 -2.4837 -0.53986
vn 0.210082 0.932518 0.293727
v -0.338 -2.8589 0.350565
vn -0.773516 -0.542796 0.327177
v -0.33573 -2.8535 0.36834
vn -0.803286 -0.474546 0.359914
v -0.44926 -2.78895 -0.608395
vn -0.291495 -0.312929 0.903939
v -0.483315 -2.7908 -0.618015
vn -0.303858 -0.152277 0.940469
v -0.58549 -2.6519 -0.58527
vn -0.726332 -0.634057 0.265355
v -0.58549 -2.7227 0.09406
vn -0.714112 -0.395548 0.577568
v -0.37128 -2.8135 -0.58527
vn -0.327001 0.00591304 0.945006
v -0.38114 -2.8135 -0.58838
vn -0.249021 0.128595 0.959923
v -0.31303 -2.8589 0.3903
vn -0.638165 -0.534278 0.55434
v -0.32916 -2.8589 0.36834
vn -0.666869 -0.561565 0.489827
v -0.81254 -2.812 -0.040349
vn -0.270716 -0.548293 0.791257
v -0.83216 -2.7908 -0.040349
vn -0.555112 -0.39197 0.733628
v -0.77617 -2.8135 -0.040349
vn 0.028711 -0.59535 0.802953
v -0.78984 -2.7908 -0.022313
vn -0.0258933 -0.588564 0.808036
v -0.76713 -2.7908 -0.023504
vn 0.0356604 -0.448348 0.893148
v -0.59299 -2.8135 0.0050616
vn -0.787996 -0.412421 0.457134
v -0.585845 -2.78953 0.040603
vn -0.74521 -0.451144 0.491051
v -0.58549 -2.8333 -0.017643
vn -0.850112 -0.474057 0.229302
v -0.60819 -2.7681 0.032741
vn -0.630465 -0.554406 0.543275
v -0.56278 -2.8522 0.027767
vn -0.789685 -0.44115 0.426362
v -0.5571 -2.8589 0.027767
vn -0.747475 -0.534694 0.394187
v -0.44926 -2.8589 0.20248
vn -0.752681 -0.537045 0.380859
v -0.59431 -2.7681 0.050472
vn -0.683131 -0.458235 0.568641
v -0.56985 -2.7454 0.095882
vn -0.692627 -0.429238 0.579674
v -0.56278 -2.7503 0.099891
vn -0.61186 -0.44563 0.653483
v -0.38114 -2.7681 -0.53965
vn -0.183091 -0.836216 0.516935
v -0.40385 -2.8535 0.27752
vn -0.573774 -0.551557 0.605449
v -0.3015 -2.8362 0.41375
vn -0.22005 -0.25822 0.940692
v -0.29032 -2.80215 0.42315
vn -0.242185 -0.188649 0.951713
v -0.85795 -2.7227 -0.066961
vn -0.955974 -0.290782 0.0394917
v -0.56278 -2.8568 0.0050616
vn -0.879624 -0.466197 0.0944502
v -0.60819 -2.8135 -0.017159
vn -0.619691 -0.575217 0.533955
v -0.67631 -2.6428 -0.13117
vn 0.0704517 0.968505 -0.23882
v -0.528725 -2.6267 0.0050616
vn 0.0736632 0.972831 -0.219483
v -0.51737 -2.6225 0.027767
vn 0.0242322 0.985126 -0.170119
v -0.58549 -2.7208 0.095882
vn -0.663502 -0.47583 0.577365
v -0.51737 -2.6773 0.11055
vn 0.449553 0.250877 0.8573
v -0.42655 -2.8512 0.25482
vn -0.677682 -0.535365 0.504114
v -0.39582 -2.8589 0.27752
vn -0.561178 -0.586138 0.584398
v -0.377405 -2.85748 0.298253
vn -0.598644 -0.567549 0.565255
v -0.35844 -2.85735 0.320255
vn -0.667286 -0.568837 0.480785
v -0.54008 -2.7154 -0.58527
vn -0.750743 -0.598402 0.27982
v -0.51737 -2.7362 -0.58527
vn -0.614267 -0.736666 0.282841
v -0.51737 -2.7342 -0.53986
vn -0.43431 -0.723689 0.536329
v -0.83525 -2.7816 -0.2447
vn -0.76693 -0.481744 0.423959
v -0.86365 -2.7 -0.10846
vn -0.979112 -0.187195 -0.0793604
v -0.6309 -2.7908 -0.0062456
vn -0.446266 -0.555932 0.701275
v -0.50602 -2.624 0.050472
vn 0.180384 0.98131 0.0670207
v -0.42655 -2.7908 -0.60262
vn -0.30566 0.110814 0.94567
v -0.437905 -2.8362 -0.59393
vn -0.19636 0.331201 0.922902
v -0.49467 -2.7681 -0.61323
vn -0.354197 -0.433799 0.82847
v -0.51737 -2.7681 -0.62351
vn -0.392049 -0.311197 0.86571
v -0.43835 -2.7681 -0.58527
vn -0.244913 -0.649481 0.719856
v -0.56342 -2.67855 -0.58527
vn -0.812442 -0.534028 0.233992
v -0.85795 -2.7217 -0.085759
vn -0.966604 -0.256266 -0.00225813
v -0.85795 -2.7215 -0.10846
vn -0.966604 -0.256266 -0.00225813
v -0.42655 -2.6319 -0.51816
vn 0.105797 0.22012 0.969719
v -0.483315 -2.85025 -0.58527
vn -0.0255982 0.740503 0.671565
v -0.69902 -2.6319 -0.51817
vn 0.176913 0.753654 0.633015
v -0.682585 -2.6546 -0.4831
vn 0.560811 0.826616 0.0468683
v -0.68168 -2.6546 -0.432012
vn 0.560414 0.827276 -0.0393802
v -0.40385 -2.7777 -0.58527
vn -0.195343 -0.642666 0.740824
v -0.819165 -2.9271 -1.02422
vn -0.249156 0.0776869 0.965342
v -0.97148 -2.8362 -1.02935
vn -0.0226813 0.0217066 0.999507
v -0.852275 -2.80215 -1.02542
vn -0.0848465 0.0406551 0.995564
v -0.8088 -2.84188 -1.01838
vn -0.349996 -0.0704702 0.934097
v -0.78984 -2.7908 -1.014
vn -0.424146 0.0407201 0.904678
v -0.97148 -2.68865 -1.03107
vn -0.00380536 -0.0176415 0.999837
v -0.945932 -2.6773 -1.03064
vn 0.0241616 -0.0174276 0.999556
v -0.81254 -2.6092 -1.0078
vn -0.533696 -0.280018 0.797972
v -0.83525 -2.5638 -1.0105
vn -0.505228 -0.212798 0.836338
v -0.80299 -2.6319 -0.88044
vn -0.618762 0.781726 -0.0777018
v -0.78984 -2.8886 -1.0167
vn -0.346497 -0.0386386 0.937255
v -0.78984 -2.6546 -1.0072
vn -0.688021 -0.135142 0.712996
v -0.77538 -2.6773 -0.99397
vn -0.91683 -0.035062 0.397736
v -0.77247 -2.6773 -0.97126
vn -0.942439 0.213397 -0.25743
v -0.77139 -2.6546 -0.97126
vn -0.987338 0.128378 -0.0931817
v -0.77606 -2.6546 -0.94855
vn -0.875825 0.3328 -0.349535
v -0.78958 -2.67745 -0.948457
vn -0.579908 0.546297 -0.604373
v -0.790605 -2.65415 -0.92708
vn -0.567247 0.599177 -0.564994
v -0.76713 -2.6328 -0.953985
vn -0.934269 0.355713 -0.024688
v -0.78984 -2.6153 -0.88044
vn -0.958528 0.281319 -0.045638
v -0.78984 -2.6197 -0.84638
vn -0.803165 0.59308 0.056416
v -0.78309 -2.6092 -0.83503
vn -0.99573 0.0446937 0.0807745
v -0.78733 -2.6092 -0.804065
vn -0.836957 0.490348 -0.243025
v -0.80132 -2.6092 -0.74421
vn -0.95085 0.294983 -0.0941753
v -0.80083 -2.6092 -0.7215
vn -0.999347 0.0358397 -0.00468109
v -0.471963 -2.62055 -0.50978
vn 0.0880899 0.0594644 0.994336
v -0.69902 -2.63685 -0.165225
vn 0.181883 0.981304 0.0629323
v -0.85795 -2.7 -0.12387
vn -0.872105 -0.136293 -0.469954
v -0.60819 -2.6284 -0.091705
vn 0.166203 0.890471 -0.423601
v -0.47196 -2.8589 0.16087
vn -0.772925 -0.480611 0.414245
v -0.54008 -2.6546 0.11304
vn 0.222002 0.60447 0.765069
v -0.47196 -2.6546 0.08414
vn 0.439105 0.410237 0.799308
v -0.810065 -2.5865 -0.996795
vn -0.680619 -0.333422 0.652371
v -0.84997 -2.5184 -0.88044
vn -0.966025 -0.251079 -0.0612804
v -0.84853 -2.5184 -0.90314
vn -0.966025 -0.251079 -0.0612804
v -0.84407 -2.5411 -0.88044
vn -0.914449 -0.401742 0.0488509
v -0.81254 -2.5735 -0.99397
vn -0.801224 -0.30508 0.514749
v -0.79096 -2.58767 -0.96648
vn -0.755789 -0.519925 0.398071
v -0.78984 -2.6092 -0.98734
vn -0.749034 -0.441389 0.49409
v -0.80992 -2.5638 -0.97126
vn -0.768801 -0.528344 0.360276
v -0.83525 -2.5535 -0.88044
vn -0.806973 -0.573996 0.139008
v -0.78984 -2.58865 -0.84638
vn -0.96692 -0.24959 0.0526354
v -0.78984 -2.5936 -0.88044
vn -0.991044 -0.127784 0.0387758
v -0.79559 -2.5865 -0.78962
vn -0.978674 -0.180612 -0.0978597
v -0.6309 -2.5145 -0.75556
vn 0.0625614 0.987712 0.143217
v -0.664955 -2.5126 -0.732855
vn 0.088697 0.994652 0.0529134
v -0.62998 -2.51825 -0.71015
vn 0.104588 0.994427 -0.013259
v -0.60819 -2.5184 -0.702445
vn -0.0873478 0.996049 0.0159947
v -0.60819 -2.5145 -0.75556
vn -0.0825659 0.986239 0.143233
v -0.56278 -2.5065 -0.76691
vn -0.124463 0.988584 0.0849104
v -0.559944 -2.50896 -0.687445
vn -0.198078 0.980142 0.00926897
v -0.6309 -2.5158 -0.63068
vn 0.106391 0.987696 -0.114616
v -0.76713 -2.9271 -1.0063
vn -0.385795 0.0562305 0.920869
v -0.74443 -2.9432 -0.99397
vn -0.54849 0.0114175 0.836079
v -0.76713 -2.9044 -1.0059
vn -0.445912 -0.00726822 0.895047
v -0.85795 -2.7226 -0.834485
vn -0.984083 -0.147944 -0.0984538
v -0.85026 -2.7454 -0.78962
vn -0.890742 -0.453627 0.0283153
v -0.8399 -2.7681 -0.74421
vn -0.924151 -0.379226 0.046188
v -0.83832 -2.7681 -0.7215
vn -0.777912 -0.458944 0.429212
v -0.815815 -2.76243 -0.692373
vn -0.848606 -0.248083 0.46725
v -0.81254 -2.7908 -0.70653
vn -0.842096 -0.391109 0.371361
v -0.81816 -2.8135 -0.60798
vn -0.992106 0.066638 -0.106236
v -0.811105 -2.8135 -0.6276
vn -0.968549 0.0594068 -0.241626
v -0.81254 -2.8362 -0.61376
vn -0.956497 -0.153622 -0.24802
v -0.81143 -2.7908 -0.60798
vn -0.982542 0.176219 -0.0596503
v -0.81389 -2.8135 -0.56257
vn -0.995862 0.0867622 0.0270424
v -0.815656 -2.83705 -0.576757
vn -0.994991 -0.0892078 0.0451201
v -0.80946 -2.7908 -0.58527
vn -0.984367 0.173618 0.0296465
v -0.81977 -2.8135 -0.53986
vn -0.959555 -0.0897678 -0.266825
v -0.81321 -2.83725 -0.53986
vn -0.99376 -0.100807 -0.0477375
v -0.81254 -2.78305 -0.560545
vn -0.985367 -0.0366782 -0.166454
v -0.809125 -2.7681 -0.596625
vn -0.984378 -0.0228491 -0.174581
v -0.82012 -2.7454 -0.56257
vn -0.934263 -0.0882695 -0.345488
v -0.80697 -2.7454 -0.60798
vn -0.96297 0.024327 -0.268509
v -0.832632 -2.7 -0.529195
vn -0.939796 0.176438 -0.292667
v -0.85795 -2.7454 -0.47248
vn -0.933146 0.0820877 -0.350001
v -0.82528 -2.6773 -0.52851
vn -0.927534 0.277753 -0.250069
v -0.79879 -2.8135 -0.6988
vn -0.876055 -0.436102 0.205775
v -0.80539 -2.7908 -0.67609
vn -0.958189 -0.119488 0.259994
v -0.8053 -2.7908 -0.65339
vn -0.996345 0.0558938 -0.0646023
v -0.80446 -2.7454 -0.65339
vn -0.996624 0.077106 0.0282009
v -0.87247 -2.7227 -0.414985
vn -0.961681 0.248065 -0.116765
v -0.87479 -2.7227 -0.33552
vn -0.973578 0.227474 0.0200297
v -0.87303 -2.7454 -0.33552
vn -0.989936 -0.104893 0.0949941
v -0.86801 -2.7454 -0.29011
vn -0.95146 -0.222321 0.21283
v -0.85795 -2.7707 -0.29011
vn -0.911015 -0.361174 0.199012
v -0.85088 -2.7227 -0.90314
vn -0.988413 -0.107114 -0.107548
v -0.78984 -2.7 -0.95903
vn -0.434604 0.391713 -0.810975
v -0.8427 -2.7454 -0.13117
vn -0.951738 -0.144682 -0.270671
v -0.83033 -2.7681 -0.15387
vn -0.934493 -0.188544 -0.301949
v -0.76713 -2.4664 -0.92585
vn -0.10634 0.993832 -0.0314597
v -0.74443 -2.4673 -0.9372
vn 0.0837234 0.990927 -0.105137
v -0.76447 -2.4735 -0.88044
vn -0.155361 0.979024 0.131818
v -0.806865 -2.48633 -0.89179
vn -0.349296 0.936069 0.0420368
v -0.84411 -2.5184 -0.85773
vn -0.916463 0.115235 0.383167
v -0.83525 -2.4969 -0.85773
vn -0.760189 0.623426 0.182899
v -0.83525 -2.50025 -0.89179
vn -0.671681 0.740442 0.0242734
v -0.82793 -2.4957 -0.83503
vn -0.823077 0.444603 0.353373
v -0.81254 -2.4797 -0.83503
vn -0.496302 0.860493 0.115044
v -0.81254 -2.4831 -0.85773
vn -0.612856 0.789862 0.0229245
v -0.81254 -2.493 -0.81232
vn -0.712788 0.413378 0.566614
v -0.625225 -2.5184 -0.561105
vn -0.0813019 0.769326 0.633662
v -0.301675 -2.48295 -0.56257
vn 0.0340133 0.963092 0.267015
v -0.83525 -2.6546 -1.0289
vn -0.136317 -0.148565 0.979462
v -0.78984 -2.8589 -1.0099
vn -0.488565 -0.126175 0.863356
v -0.78984 -2.8362 -1.0091
vn -0.379064 0.0579446 0.923554
v -0.77148 -2.7681 -0.99397
vn -0.88214 0.05336 0.467954
v -0.77012 -2.7454 -0.99397
vn -0.852437 -0.0246482 0.522249
v -0.7789 -2.7681 -0.97126
vn -0.949012 0.0568569 -0.31007
v -0.77556 -2.7 -0.99397
vn -0.809569 -0.090029 0.580081
v -0.83525 -2.7711 -0.13117
vn -0.955226 -0.283312 -0.0853034
v -0.84798 -2.7227 -0.13117
vn -0.87944 -0.147304 -0.452643
v -0.81613 -2.5638 -0.99397
vn -0.639256 -0.211207 0.739421
v -0.78984 -2.5896 -0.81232
vn -0.929259 -0.238003 -0.282546
v -0.84506 -2.7454 -0.10846
vn -0.969048 -0.225402 -0.100702
v -0.84108 -2.7227 -0.92585
vn -0.911605 -0.11927 -0.393384
v -0.77072 -2.8362 -0.99397
vn -0.620298 -0.0276261 0.78388
v -0.76713 -2.81495 -0.99469
vn -0.592336 0.209337 0.778021
v -0.78984 -2.6319 -0.9991
vn -0.604928 -0.295251 0.739519
v -0.84255 -2.5184 -0.9372
vn -0.873643 0.434905 -0.218188
v -0.76713 -2.4706 -0.97126
vn -0.0917732 0.992465 -0.0811899
v -0.78648 -2.473 -0.992395
vn -0.251733 0.945302 -0.207447
v -0.10868 -2.6092 0.35313
vn 0.164819 0.752443 0.637703
v -0.69902 -2.8566 -0.7215
vn 0.292596 0.682344 0.669921
v -0.69902 -2.8362 -0.72844
vn 0 0.322069 0.946716
v -0.70897 -2.8362 -0.7215
vn 0.551031 0.268761 0.79002
v -0.6773 -2.8362 -0.7215
vn -0.588181 0.290739 0.754662
v -0.67631 -2.8589 -0.71158
vn -0.463448 0.639082 0.613832
v -0.74673 -2.9271 -0.99397
vn -0.71714 -0.102449 0.689358
v -0.73685 -2.9271 -0.97126
vn -0.93562 -0.14055 -0.323821
v -0.77943 -2.6092 -0.90314
vn -0.932251 0 -0.361813
v -0.31303 -2.8362 0.17597
vn 0.750359 -0.292258 -0.592913
v -0.89201 -2.66311 -1.03206
vn -0.0116197 -0.044454 0.998944
v -0.914715 -2.61488 -1.02937
vn -0.0430927 -0.0870802 0.995269
v -0.675425 -2.65025 -0.514848
vn 0.878557 0.341869 0.333562
v -0.670735 -2.6319 -0.534895
vn 0.77374 0.214823 0.595967
v -0.67631 -2.6428 -0.2674
vn 0.675028 0.737201 -0.0295141
v -0.59325 -2.6319 -0.085759
vn 0.611423 0.532789 -0.585062
v -0.880657 -2.58082 -1.0225
vn -0.127994 -0.10405 0.986302
v -0.8682 -2.54963 -1.0187
vn -0.220877 -0.0775091 0.972217
v -0.83525 -2.5184 -1.0035
vn -0.67017 0.0264817 0.741735
v -0.82753 -2.5184 -0.99397
vn -0.699249 -0.120137 0.704711
v -0.816485 -2.49195 -0.99397
vn -0.681653 0.596636 0.423526
v -0.839365 -2.49165 -1.0167
vn -0.648783 0.299729 0.699459
v -0.82889 -2.4957 -0.97126
vn -0.659982 0.743095 -0.110606
v -0.83371 -2.4957 -0.94855
vn -0.794309 0.605027 -0.0549084
v -0.256265 -2.7681 -0.501475
vn 0.00280861 -0.116247 0.993216
v -0.256265 -2.7454 -0.501655
vn 0.0189073 0.0460861 0.998759
v -0.341407 -2.48258 -0.57392
vn 0.0488974 0.996879 0.0619764
v -0.47196 -2.6773 0.08826
vn 0.471206 0.194369 0.860341
v -0.857505 -2.52025 -1.0167
vn -0.253549 0.0698312 0.964799
v -0.76713 -2.469 -0.99397
vn -0.251166 0.859876 0.444443
v -0.81249 -2.473 -1.0167
vn -0.383885 0.694824 0.608155
v -0.76713 -2.4514 -1.0167
vn -0.216872 0.669943 0.710031
v -0.151888 -2.5377 -0.840705
vn 0.817111 0.57513 -0.0394507
v -0.6309 -2.8642 -0.63068
vn -0.0324283 0.999435 0.00879656
v -0.6536 -2.8596 -0.606415
vn 0.25349 0.927137 -0.275971
v -0.68106 -2.6773 -0.414985
vn 0.999222 0.0393822 0.00216213
v -0.97148 -2.55813 -1.02703
vn 0.0167863 0.0104524 0.999804
v -0.93742 -2.53543 -1.02761
vn -0.0454876 0.0140934 0.998865
v -0.89201 -2.50137 -1.02487
vn -0.0677233 0.0531354 0.996288
v -0.97148 -2.4275 -1.0301
vn -0.0213528 0.0326465 0.999239
v -0.8466 -2.46165 -1.02605
vn -0.0536342 0.0940582 0.994121
v -0.80119 -2.4503 -1.02335
vn -0.150797 0.262093 0.953188
v -0.778485 -2.4275 -1.02495
vn -0.00314468 0.0792537 0.99685
v -0.6309 -2.4215 -1.0394
vn 0.0324227 0.122439 0.991946
v -0.54008 -2.4184 -1.0394
vn -0.0340119 0.0955054 0.994848
v -0.71037 -2.5411 -0.550905
vn -0.0312698 0.197022 0.9799
v -0.67631 -2.5865 -0.54482
vn -0.0270267 0.140356 0.989732
v -0.6536 -2.8589 -0.6795
vn -0.525442 0.700945 0.482273
v -0.6536 -2.8728 -0.63068
vn -0.0994266 0.884355 -0.456103
v -0.6536 -2.8745 -0.65339
vn -0.151739 0.98461 -0.0867106
v -0.67631 -2.876 -0.63068
vn -0.141212 0.938805 -0.314173
v -0.67631 -2.8783 -0.65339
vn -0.164212 0.981405 -0.0993949
v -0.687662 -2.4275 -1.03313
vn 0.111467 0.198645 0.973712
v -0.6309 -2.4957 -1.0273
vn 0.209653 0.379014 0.901329
v -0.67631 -2.4503 -1.0295
vn 0.204971 0.348766 0.914521
v -0.619545 -2.473 -1.0339
vn 0.0669877 0.141862 0.987617
v -0.59684 -2.4957 -1.0309
vn 0.021803 0.327941 0.944446
v -0.554268 -2.46165 -1.03593
vn 0.00779229 0.115337 0.993296
v -0.73033 -2.51695 -0.563562
vn -0.154516 0.60244 0.783065
v -0.689883 -2.51782 -0.562437
vn 0.0527938 0.652678 0.755793
v -0.446445 -2.5187 -1.0167
vn -0.0684257 0.919597 0.386857
v -0.13139 -2.4186 -1.0394
vn 0.0274843 0.0526253 0.998236
v -0.78984 -2.6204 -0.99397
vn -0.645046 -0.365389 0.671123
v -0.77068 -2.6092 -0.97126
vn -0.585476 -0.412968 0.697621
v -0.67631 -2.86985 -0.687445
vn -0.558207 0.796009 0.234039
v -0.528725 -2.52095 -1.0167
vn -0.030589 0.745447 0.665863
v -0.54008 -2.5238 -0.99397
vn -0.0630166 0.996285 -0.0586987
v -0.528725 -2.51435 -0.97126
vn -0.0455227 0.93427 -0.353649
v -0.46061 -2.4957 -1.0312
vn -0.040156 0.385041 0.922025
v -0.44358 -2.473 -1.03548
vn -0.0170019 0.11404 0.993331
v -0.47196 -2.4275 -1.0385
vn -0.00588523 0.0676372 0.997693
v -0.56278 -2.50765 -0.869085
vn -0.0109491 0.999939 -0.00134154
v -0.49467 -2.507 -0.94855
vn -0.135623 0.967864 -0.211769
v -0.49467 -2.5039 -0.92585
vn -0.0841421 0.994721 -0.0587355
v -0.40385 -2.4894 -0.92585
vn -0.0895531 0.991786 -0.0913236
v -0.471963 -2.50123 -0.89179
vn -0.0922242 0.995293 0.0297905
v -0.392495 -2.4879 -0.90314
vn -0.133782 0.987731 0.0805592
v -0.54008 -2.5072 -0.80097
vn -0.00167104 0.999822 -0.0187891
v -0.497506 -2.50454 -0.80097
vn -0.0764429 0.995868 -0.0490324
v -0.40385 -2.5004 -0.83503
vn -0.0592039 0.997442 0.0400425
v -0.437905 -2.50045 -0.78962
vn -0.0548949 0.99738 -0.0471105
v -0.55143 -2.5047 -0.732855
vn -0.127694 0.991478 -0.0258129
v -0.50602 -2.49965 -0.687445
vn -0.110196 0.993865 0.00942458
v -0.47196 -2.4962 -0.74421
vn -0.0639829 0.997916 -0.00838007
v -0.423714 -2.49663 -0.735732
vn -0.025672 0.998906 -0.0390789
v -0.44926 -2.5002 -0.67609
vn 0.00200231 0.997288 -0.0735652
v -0.60819 -2.5151 -0.63068
vn -0.110935 0.991499 -0.0679893
v -0.51737 -2.4996 -0.66474
vn -0.17413 0.983599 -0.0470324
v -0.58549 -2.5085 -0.58527
vn -0.104141 0.992852 0.0583048
v -0.528725 -2.49825 -0.58527
vn -0.160244 0.986796 0.0235677
v -0.47196 -2.4922 -0.63068
vn -0.0912835 0.995169 -0.0361474
v -0.495335 -2.4957 -0.596625
vn -0.103879 0.994264 0.0254551
v -0.437905 -2.49095 -0.63068
vn -0.059625 0.997252 -0.0439638
v -0.144358 -2.6092 0.213757
vn -0.497538 -0.19509 -0.845219
v -0.38682 -2.51055 -1.0167
vn -0.112636 0.810431 0.574905
v -0.38114 -2.4275 -1.038
vn -0.0112064 0.0750929 0.997114
v -0.347085 -2.473 -1.0325
vn -0.0245738 0.198408 0.979811
v -0.26762 -2.4503 -1.0355
vn -0.00851624 0.0536825 0.998522
v -0.394065 -2.49715 -0.85773
vn -0.149229 0.979225 0.137294
v -0.316603 -2.49515 -0.972275
vn -0.0859915 0.942062 -0.324229
v -0.26321 -2.495 -1.0167
vn 0.161812 0.889516 0.427292
v -0.243863 -2.49006 -0.96023
vn 0.253464 0.879992 -0.401709
v 0.0389015 -2.4275 -1.038
vn 0.0033018 -0.0033686 0.999989
v -0.360735 -2.4952 -0.76691
vn -0.213744 0.971636 -0.101173
v -0.392495 -2.4753 -0.53986
vn 0.143054 0.980179 -0.137061
v -0.38114 -2.48245 -0.57392
vn -0.0353773 0.996947 -0.0696002
v -0.40385 -2.4832 -0.56257
vn 0.0357654 0.95561 -0.292454
v -0.67631 -2.8817 -0.52573
vn 0.558408 0.649917 0.515547
v -0.65538 -2.7908 -0.53986
vn 0.973437 0.104634 -0.203647
v -0.67641 -2.7454 -0.60809
vn 0.805704 -0.029213 0.591598
v -0.6536 -2.7454 -0.61623
vn 0.222131 -0.27437 0.935617
v -0.68091 -2.7681 -0.58527
vn 0.999099 0.0158385 0.0393772
v -0.674935 -2.7655 -0.56257
vn 0.898847 0.241264 -0.365876
v -0.66345 -2.7681 -0.53986
vn 0.906546 0.410227 -0.0994418
v -0.66135 -2.7681 -0.369575
vn 0.991512 0.0933974 0.0904482
v -0.66746 -2.7681 -0.33552
vn 0.992323 -0.0682686 0.103126
v -0.67631 -2.8009 -0.33552
vn 0.924391 -0.367338 0.102783
v -0.672885 -2.7681 -0.25605
vn 0.998963 -0.0448181 -0.00806299
v -0.67057 -2.7681 -0.22199
vn 0.988163 -0.0542261 -0.143505
v -0.55412 -2.7227 -0.085759
vn 0.698453 -0.0360227 -0.714749
v -0.43223 -2.49073 -0.58527
vn -0.111915 0.992636 -0.0463574
v -0.44926 -2.4897 -0.56257
vn -0.185128 0.942992 -0.276575
v -0.44926 -2.4796 -0.53986
vn -0.3543 0.922673 -0.152136
v -0.36979 -2.4957 -1.0262
vn -0.0826251 0.446228 0.891097
v -0.392495 -2.5131 -0.99397
vn -0.0814708 0.948115 -0.307312
v -0.32438 -2.5034 -0.99397
vn -0.145481 0.979276 -0.140901
v -0.29607 -2.4957 -1.0167
vn -0.112662 0.845258 0.522347
v -0.301675 -2.473 -1.0302
vn -0.0456681 0.394293 0.917849
v -0.24491 -2.473 -1.0325
vn 0.0675756 0.316532 0.946172
v -0.26762 -2.4968 -0.98814
vn 0.0238885 0.988481 -0.149447
v -0.375468 -2.49205 -0.94855
vn -0.0630082 0.964141 -0.257802
v -0.347085 -2.48585 -0.90314
vn -0.0668632 0.997753 0.00418656
v -0.26762 -2.4828 -0.94855
vn -0.058495 0.972236 -0.226573
v -0.301675 -2.48325 -0.92585
vn -0.106237 0.993366 -0.04401
v -0.26762 -2.4785 -0.92585
vn -0.101211 0.99447 -0.028047
v -0.256265 -2.47815 -0.84638
vn 0.00929795 0.999697 -0.0227832
v -0.22009 -2.5167 -0.99397
vn 0.578058 0.810285 -0.0963673
v -0.14274 -2.50989 -1.03426
vn 0.0864318 0.0487016 0.995067
v -0.0944903 -2.48151 -1.0373
vn 0.0166407 0.0170931 0.999715
v -0.23356 -2.505 -1.0167
vn 0.383859 0.812978 0.437858
v -0.210855 -2.4957 -1.02895
vn 0.170282 0.367188 0.914427
v -0.18815 -2.48435 -1.03365
vn 0.0610898 0.107551 0.992321
v -0.24491 -2.5018 -0.99397
vn 0.348123 0.933609 -0.0847666
v -0.220985 -2.49942 -0.959905
vn 0.42937 0.821203 -0.375856
v -0.24491 -2.4793 -0.92585
vn 0.0938865 0.990607 -0.09941
v -0.22221 -2.4846 -0.92585
vn 0.367053 0.899722 -0.236163
v -0.22221 -2.48005 -0.89179
vn 0.275819 0.959617 -0.055306
v -0.0065084 -2.50705 -1.03785
vn 0.0129679 0.00768126 0.999886
v 0.11837 -2.4275 -1.0416
vn 0.0176694 0.0191534 0.99966
v -0.35986 -2.4957 -0.78962
vn -0.210482 0.977088 0.0315672
v -0.392495 -2.4987 -0.78394
vn -0.0608159 0.997761 -0.0278235
v -0.318705 -2.48478 -0.843541
vn -0.179171 0.983721 -0.0138264
v -0.29032 -2.47607 -0.795293
vn -0.151299 0.987278 -0.0488986
v -0.26762 -2.4737 -0.78394
vn -0.0148584 0.999722 -0.0183272
v -0.35844 -2.4875 -0.7215
vn -0.188714 0.978682 -0.0810513
v -0.42292 -2.49683 -0.687445
vn -0.145986 0.987509 -0.0592753
v -0.40385 -2.4896 -0.65339
vn -0.13604 0.988738 -0.0623715
v -0.33573 -2.4812 -0.67609
vn -0.144317 0.989142 -0.0277709
v -0.31303 -2.4783 -0.74421
vn -0.198971 0.97934 -0.0361173
v -0.29032 -2.4752 -0.71015
vn -0.0849693 0.996382 0.00159852
v -0.24491 -2.4745 -0.7215
vn 0.0226289 0.99942 -0.0254528
v -0.27555 -2.47268 -0.66474
vn -0.136072 0.990426 0.023251
v -0.22221 -2.4813 -0.83503
vn 0.332167 0.943082 -0.0161632
v -0.24491 -2.4745 -0.778265
vn 0.0993126 0.99495 -0.0145734
v -0.22221 -2.4782 -0.74421
vn 0.329234 0.944203 -0.0092169
v -0.22221 -2.4748 -0.709335
vn 0.302173 0.946926 -0.109649
v -0.35844 -2.48322 -0.63636
vn -0.0629294 0.997835 -0.0190941
v -0.31303 -2.48105 -0.642035
vn -0.133941 0.989365 0.0567084
v -0.301675 -2.48055 -0.58527
vn -0.110424 0.99273 0.0478919
v -0.42655 -2.4732 -0.53986
vn -0.116862 0.970651 -0.210192
v -0.249085 -2.4728 -0.58396
vn -0.0661135 0.993327 0.0944976
v -0.218295 -2.47195 -0.67609
vn 0.285408 0.955288 -0.0772477
v -0.24491 -2.4703 -0.66474
vn -0.0165697 0.999418 -0.029829
v -0.21905 -2.47285 -0.58429
vn 0.0944524 0.990928 0.0956064
v -0.157205 -2.5638 -0.52069
vn 0.658317 0.405878 0.633941
v -0.60819 -2.8135 -0.64763
vn 0.00437104 -0.125576 0.992074
v -0.6536 -2.7962 -0.65339
vn -0.403998 -0.438329 0.802903
v -0.69902 -2.7908 -0.025144
vn -0.0671848 -0.300416 0.951439
v -0.660737 -2.7681 -0.443368
vn 0.922738 0.385396 -0.00489812
v -0.66722 -2.8135 -0.44904
vn 0.91025 -0.409816 0.0591334
v -0.65935 -2.7681 -0.40363
vn 0.903065 0.419194 -0.0935456
v 0.050254 -2.62055 0.18107
vn 0.100744 -0.169009 0.980452
v -0.67631 -2.8135 -0.70598
vn -0.748552 -0.249524 0.614336
v -0.6536 -2.8135 -0.67685
vn -0.68426 -0.39899 0.610406
v -0.49467 -2.7618 -0.60798
vn -0.328583 -0.604638 0.725566
v -0.60819 -2.6546 -0.60103
vn 0.488518 -0.516613 0.703179
v -0.6536 -2.7908 -0.64544
vn 0.0221369 -0.689437 0.724007
v 0.050254 -2.6973 0.164
vn -0.0777621 -0.540261 0.837897
v -0.51737 -2.7478 -0.60798
vn -0.350907 -0.568973 0.743729
v 0.071795 -2.6319 0.1867
vn -0.511481 -0.052101 0.857713
v 0.050254 -2.6773 0.17717
vn -0.188628 -0.171914 0.966884
v 0.072959 -2.6773 0.18515
vn -0.321258 -0.140038 0.93658
v 0.095665 -2.6932 0.1867
vn -0.352306 -0.413752 0.839458
v 0.072959 -2.7 0.16811
vn -0.417715 -0.524166 0.742135
f 4//4 5//5 6//6
f 7//7 8//8 9//9
f 11//11 12//12 13//13
f 14//14 11//11 13//13
f 15//15 16//16 17//17
f 20//20 21//21 22//22
f 22//22 23//23 20//20
f 24//24 20//20 23//23
f 23//23 26//26 25//25
f 27//27 28//28 29//29
f 31//31 30//30 32//32
f 33//33 30//30 31//31
f 30//30 33//33 34//34
f 32//32 30//30 35//35
f 36//36 37//37 33//33
f 33//33 37//37 34//34
f 39//39 34//34 37//37
f 40//40 41//41 42//42
f 40//40 42//42 43//43
f 48//48 46//46 45//45
f 49//49 48//48 45//45
f 50//50 51//51 2//2
f 52//52 2//2 53//53
f 53//53 2//2 51//51
f 38//38 54//54 37//37
f 2//2 52//52 47//47
f 45//45 46//46 58//58
f 58//58 46//46 59//59
f 60//60 48//48 49//49
f 63//63 64//64 65//65
f 67//67 64//64 66//66
f 68//68 65//65 67//67
f 70//70 71//71 72//72
f 73//73 74//74 75//75
f 75//75 76//76 73//73
f 77//77 78//78 74//74
f 77//77 79//79 78//78
f 78//78 79//79 80//80
f 73//73 77//77 74//74
f 83//83 84//84 85//85
f 88//88 90//90 89//89
f 91//91 90//90 92//92
f 92//92 90//90 88//88
f 94//94 92//92 88//88
f 95//95 96//96 97//97
f 99//99 97//97 96//96
f 100//100 61//61 101//101
f 103//103 101//101 61//61
f 61//61 106//106 103//103
f 107//107 105//105 104//104
f 108//108 105//105 107//107
f 109//109 108//108 107//107
f 110//110 109//109 107//107
f 111//111 112//112 109//109
f 113//113 114//114 115//115
f 116//116 117//117 118//118
f 123//123 125//125 124//124
f 125//125 123//123 126//126
f 127//127 125//125 128//128
f 128//128 125//125 126//126
f 129//129 130//130 128//128
f 128//128 130//130 127//127
f 132//132 127//127 130//130
f 132//132 130//130 129//129
f 129//129 133//133 132//132
f 134//134 132//132 137//137
f 137//137 132//132 133//133
f 138//138 137//137 139//139
f 139//139 137//137 135//135
f 135//135 140//140 139//139
f 141//141 139//139 140//140
f 142//142 143//143 140//140
f 143//143 141//141 140//140
f 144//144 141//141 143//143
f 153//153 141//141 144//144
f 155//155 154//154 144//144
f 157//157 156//156 158//158
f 159//159 157//157 158//158
f 161//161 162//162 163//163
f 164//164 166//166 167//167
f 166//166 164//164 168//168
f 166//166 168//168 169//169
f 171//171 172//172 173//173
f 174//174 167//167 175//175
f 175//175 167//167 166//166
f 175//175 166//166 169//169
f 176//176 175//175 169//169
f 177//177 174//174 175//175
f 177//177 175//175 176//176
f 178//178 177//177 176//176
f 179//179 180//180 181//181
f 182//182 183//183 184//184
f 185//185 186//186 187//187
f 188//188 187//187 189//189
f 190//190 188//188 191//191
f 191//191 188//188 189//189
f 194//194 190//190 191//191
f 194//194 191//191 195//195
f 195//195 191//191 192//192
f 195//195 197//197 194//194
f 196//196 197//197 199//199
f 195//195 199//199 197//197
f 199//199 195//195 192//192
f 199//199 192//192 201//201
f 201//201 192//192 200//200
f 201//201 200//200 202//202
f 200//200 192//192 204//204
f 200//200 204//204 205//205
f 205//205 206//206 200//200
f 207//207 193//193 196//196
f 199//199 207//207 196//196
f 208//208 207//207 199//199
f 201//201 208//208 199//199
f 202//202 209//209 201//201
f 201//201 209//209 208//208
f 178//178 176//176 211//211
f 198//198 212//212 213//213
f 214//214 198//198 177//177
f 214//214 177//177 211//211
f 214//214 211//211 215//215
f 211//211 177//177 178//178
f 215//215 211//211 216//216
f 214//214 215//215 212//212
f 154//154 155//155 218//218
f 155//155 219//219 218//218
f 179//179 181//181 184//184
f 202//202 200//200 222//222
f 222//222 224//224 202//202
f 225//225 227//227 226//226
f 229//229 228//228 225//225
f 227//227 225//225 228//228
f 228//228 230//230 227//227
f 228//228 181//181 230//230
f 181//181 228//228 231//231
f 227//227 232//232 233//233
f 232//232 227//227 230//230
f 232//232 230//230 180//180
f 180//180 230//230 181//181
f 182//182 181//181 231//231
f 237//237 238//238 234//234
f 234//234 236//236 237//237
f 238//238 237//237 239//239
f 240//240 241//241 238//238
f 238//238 239//239 240//240
f 242//242 238//238 243//243
f 243//243 238//238 241//241
f 244//244 245//245 246//246
f 240//240 92//92 247//247
f 241//241 240//240 247//247
f 243//243 241//241 248//248
f 249//249 250//250 251//251
f 248//248 250//250 252//252
f 253//253 248//248 252//252
f 253//253 252//252 254//254
f 255//255 254//254 256//256
f 257//257 258//258 259//259
f 256//256 261//261 262//262
f 262//262 261//261 258//258
f 264//264 262//262 258//258
f 260//260 264//264 258//258
f 265//265 255//255 266//266
f 268//268 269//269 270//270
f 257//257 270//270 269//269
f 79//79 269//269 271//271
f 272//272 257//257 269//269
f 272//272 269//269 79//79
f 79//79 77//77 272//272
f 258//258 257//257 272//272
f 272//272 260//260 258//258
f 77//77 76//76 272//272
f 79//79 271//271 80//80
f 273//273 275//275 276//276
f 278//278 275//275 273//273
f 273//273 274//274 279//279
f 280//280 282//282 283//283
f 284//284 285//285 286//286
f 286//286 287//287 288//288
f 278//278 273//273 290//290
f 279//279 291//291 273//273
f 293//293 294//294 89//89
f 293//293 89//89 90//90
f 265//265 296//296 297//297
f 268//268 298//298 299//299
f 277//277 299//299 298//298
f 300//300 299//299 277//277
f 300//300 277//277 275//275
f 278//278 300//300 275//275
f 301//301 302//302 303//303
f 306//306 304//304 305//305
f 307//307 308//308 309//309
f 7//7 309//309 310//310
f 310//310 309//309 308//308
f 308//308 307//307 311//311
f 308//308 311//311 312//312
f 312//312 86//86 83//83
f 313//313 314//314 315//315
f 315//315 314//314 316//316
f 317//317 313//313 318//318
f 276//276 319//319 274//274
f 274//274 319//319 320//320
f 286//286 281//281 287//287
f 287//287 281//281 280//280
f 289//289 288//288 287//287
f 323//323 322//322 324//324
f 325//325 292//292 323//323
f 289//289 322//322 323//323
f 289//289 292//292 288//288
f 323//323 292//292 289//289
f 323//323 324//324 326//326
f 325//325 323//323 327//327
f 327//327 323//323 326//326
f 246//246 328//328 329//329
f 329//329 328//328 330//330
f 92//92 94//94 247//247
f 333//333 332//332 331//331
f 333//333 334//334 332//332
f 235//235 329//329 335//335
f 336//336 337//337 338//338
f 339//339 331//331 340//340
f 336//336 338//338 341//341
f 341//341 342//342 265//265
f 343//343 336//336 295//295
f 295//295 336//336 341//341
f 265//265 295//295 341//341
f 339//339 343//343 295//295
f 295//295 297//297 339//339
f 297//297 295//295 265//265
f 265//265 342//342 255//255
f 344//344 331//331 339//339
f 344//344 333//333 331//331
f 297//297 344//344 339//339
f 344//344 297//297 296//296
f 278//278 290//290 348//348
f 348//348 303//303 278//278
f 303//303 348//348 301//301
f 302//302 349//349 303//303
f 304//304 301//301 291//291
f 350//350 292//292 325//325
f 310//310 308//308 312//312
f 310//310 312//312 83//83
f 85//85 310//310 83//83
f 351//351 352//352 353//353
f 353//353 352//352 354//354
f 355//355 351//351 353//353
f 357//357 355//355 356//356
f 357//357 356//356 358//358
f 360//360 358//358 361//361
f 358//358 362//362 361//361
f 363//363 364//364 365//365
f 366//366 365//365 364//364
f 367//367 368//368 369//369
f 369//369 370//370 367//367
f 367//367 371//371 368//368
f 322//322 321//321 372//372
f 322//322 372//372 324//324
f 242//242 234//234 238//238
f 88//88 68//68 69//69
f 94//94 88//88 69//69
f 69//69 93//93 94//94
f 374//374 93//93 373//373
f 375//375 94//94 374//374
f 374//374 94//94 93//93
f 376//376 374//374 373//373
f 70//70 375//375 374//374
f 375//375 247//247 94//94
f 375//375 70//70 377//377
f 377//377 247//247 375//375
f 251//251 250//250 377//377
f 377//377 250//250 248//248
f 252//252 250//250 378//378
f 380//380 248//248 253//253
f 342//342 379//379 253//253
f 253//253 379//379 380//380
f 342//342 253//253 255//255
f 255//255 253//253 254//254
f 246//246 381//381 244//244
f 329//329 381//381 246//246
f 335//335 382//382 379//379
f 379//379 341//341 335//335
f 341//341 379//379 342//342
f 383//383 384//384 385//385
f 383//383 386//386 384//384
f 383//383 387//387 386//386
f 74//74 388//388 387//387
f 75//75 387//387 383//383
f 75//75 74//74 387//387
f 78//78 390//390 388//388
f 388//388 390//390 389//389
f 78//78 349//349 390//390
f 388//388 74//74 78//78
f 86//86 312//312 391//391
f 86//86 391//391 392//392
f 86//86 392//392 82//82
f 82//82 392//392 81//81
f 395//395 355//355 357//357
f 360//360 357//357 358//358
f 396//396 395//395 357//357
f 396//396 357//357 360//360
f 397//397 398//398 396//396
f 396//396 399//399 397//397
f 400//400 363//363 401//401
f 401//401 365//365 403//403
f 404//404 402//402 403//403
f 403//403 402//402 401//401
f 405//405 402//402 406//406
f 406//406 402//402 404//404
f 409//409 407//407 408//408
f 408//408 407//407 410//410
f 408//408 410//410 411//411
f 413//413 117//117 411//411
f 411//411 117//117 414//414
f 419//419 420//420 415//415
f 116//116 414//414 117//117
f 423//423 424//424 425//425
f 425//425 424//424 426//426
f 427//427 415//415 428//428
f 427//427 429//429 120//120
f 429//429 427//427 428//428
f 428//428 415//415 420//420
f 428//428 431//431 429//429
f 428//428 420//420 421//421
f 431//431 428//428 432//432
f 432//432 433//433 431//431
f 430//430 429//429 431//431
f 431//431 434//434 430//430
f 44//44 430//430 434//434
f 434//434 431//431 433//433
f 433//433 435//435 434//434
f 326//326 324//324 48//48
f 48//48 437//437 326//326
f 327//327 326//326 437//437
f 437//437 48//48 60//60
f 392//392 437//437 60//60
f 392//392 60//60 49//49
f 438//438 439//439 440//440
f 438//438 49//49 439//439
f 330//330 242//242 243//243
f 330//330 382//382 329//329
f 241//241 247//247 377//377
f 377//377 248//248 241//241
f 330//330 243//243 380//380
f 380//380 243//243 248//248
f 382//382 330//330 380//380
f 380//380 379//379 382//382
f 255//255 256//256 442//442
f 255//255 442//442 267//267
f 262//262 442//442 256//256
f 335//335 329//329 382//382
f 345//345 266//266 267//267
f 267//267 266//266 255//255
f 81//81 392//392 49//49
f 443//443 438//438 440//440
f 81//81 49//49 438//438
f 444//444 393//393 395//395
f 398//398 444//444 395//395
f 447//447 448//448 407//407
f 126//126 451//451 129//129
f 129//129 451//451 452//452
f 129//129 128//128 126//126
f 453//453 452//452 451//451
f 454//454 452//452 453//453
f 453//453 455//455 454//454
f 455//455 453//453 456//456
f 456//456 458//458 455//455
f 458//458 456//456 457//457
f 458//458 460//460 459//459
f 129//129 452//452 461//461
f 133//133 136//136 135//135
f 461//461 452//452 454//454
f 454//454 462//462 136//136
f 136//136 461//461 454//454
f 135//135 136//136 463//463
f 463//463 136//136 462//462
f 464//464 463//463 465//465
f 465//465 463//463 462//462
f 454//454 455//455 459//459
f 462//462 454//454 459//459
f 460//460 466//466 459//459
f 460//460 467//467 466//466
f 468//468 462//462 459//459
f 468//468 459//459 466//466
f 467//467 469//469 466//466
f 464//464 465//465 470//470
f 470//470 465//465 471//471
f 471//471 472//472 470//470
f 470//470 473//473 142//142
f 473//473 470//470 472//472
f 472//472 474//474 473//473
f 477//477 471//471 475//475
f 477//477 475//475 476//476
f 466//466 478//478 476//476
f 482//482 483//483 484//484
f 143//143 142//142 473//473
f 485//485 143//143 473//473
f 485//485 473//473 486//486
f 486//486 473//473 474//474
f 146//146 485//485 156//156
f 156//156 485//485 486//486
f 487//487 488//488 489//489
f 491//491 492//492 490//490
f 494//494 491//491 149//149
f 149//149 491//491 493//493
f 467//467 457//457 490//490
f 467//467 490//490 492//492
f 467//467 492//492 495//495
f 467//467 495//495 469//469
f 492//492 496//496 495//495
f 494//494 492//492 491//491
f 492//492 494//494 497//497
f 150//150 494//494 149//149
f 497//497 494//494 150//150
f 493//493 151//151 149//149
f 151//151 493//493 498//498
f 498//498 499//499 151//151
f 150//150 149//149 151//151
f 479//479 469//469 500//500
f 500//500 469//469 495//495
f 500//500 495//495 496//496
f 479//479 501//501 502//502
f 501//501 500//500 496//496
f 503//503 146//146 156//156
f 503//503 156//156 157//157
f 161//161 503//503 157//157
f 165//165 487//487 489//489
f 165//165 168//168 164//164
f 505//505 504//504 503//503
f 504//504 505//505 506//506
f 507//507 504//504 508//508
f 508//508 504//504 506//506
f 507//507 509//509 203//203
f 509//509 507//507 508//508
f 204//204 509//509 508//508
f 204//204 508//508 510//510
f 512//512 513//513 449//449
f 513//513 512//512 514//514
f 513//513 514//514 515//515
f 515//515 514//514 516//516
f 516//516 514//514 517//517
f 518//518 449//449 513//513
f 518//518 513//513 519//519
f 519//519 513//513 515//515
f 519//519 515//515 520//520
f 87//87 515//515 516//516
f 517//517 87//87 516//516
f 87//87 520//520 515//515
f 520//520 87//87 521//521
f 522//522 518//518 519//519
f 519//519 520//520 521//521
f 521//521 523//523 519//519
f 523//523 521//521 524//524
f 521//521 87//87 63//63
f 524//524 521//521 63//63
f 525//525 526//526 527//527
f 528//528 424//424 527//527
f 282//282 531//531 283//283
f 532//532 424//424 423//423
f 424//424 528//528 426//426
f 423//423 531//531 532//532
f 283//283 531//531 533//533
f 533//533 531//531 423//423
f 533//533 423//423 425//425
f 321//321 426//426 529//529
f 529//529 426//426 528//528
f 425//425 426//426 321//321
f 321//321 322//322 425//425
f 533//533 425//425 322//322
f 322//322 534//534 533//533
f 280//280 283//283 535//535
f 535//535 283//283 533//533
f 535//535 287//287 280//280
f 535//535 533//533 534//534
f 534//534 289//289 535//535
f 289//289 534//534 322//322
f 287//287 535//535 289//289
f 536//536 484//484 537//537
f 539//539 536//536 537//537
f 539//539 537//537 540//540
f 489//489 488//488 539//539
f 489//489 539//539 541//541
f 541//541 539//539 540//540
f 542//542 489//489 541//541
f 165//165 489//489 542//542
f 543//543 542//542 541//541
f 168//168 165//165 542//542
f 168//168 542//542 543//543
f 544//544 168//168 543//543
f 176//176 169//169 168//168
f 168//168 211//211 176//176
f 530//530 551//551 552//552
f 530//530 552//552 372//372
f 553//553 552//552 554//554
f 553//553 555//555 552//552
f 555//555 372//372 552//552
f 59//59 555//555 553//553
f 372//372 321//321 530//530
f 530//530 321//321 529//529
f 46//46 372//372 555//555
f 324//324 372//372 46//46
f 46//46 48//48 324//324
f 555//555 59//59 46//46
f 556//556 327//327 391//391
f 391//391 312//312 311//311
f 311//311 556//556 391//391
f 391//391 327//327 392//392
f 316//316 557//557 315//315
f 315//315 557//557 398//398
f 558//558 397//397 399//399
f 313//313 315//315 398//398
f 559//559 560//560 317//317
f 313//313 398//398 397//397
f 313//313 397//397 561//561
f 561//561 397//397 558//558
f 318//318 313//313 561//561
f 365//365 401//401 363//363
f 400//400 401//401 402//402
f 564//564 563//563 405//405
f 566//566 318//318 565//565
f 567//567 562//562 563//563
f 567//567 563//563 568//568
f 568//568 563//563 564//564
f 569//569 567//567 570//570
f 570//570 567//567 568//568
f 568//568 564//564 571//571
f 571//571 564//564 405//405
f 572//572 569//569 570//570
f 575//575 576//576 577//577
f 575//575 578//578 579//579
f 580//580 581//581 582//582
f 582//582 581//581 583//583
f 407//407 448//448 584//584
f 585//585 586//586 587//587
f 582//582 584//584 580//580
f 583//583 410//410 582//582
f 407//407 584//584 582//582
f 407//407 582//582 410//410
f 588//588 585//585 587//587
f 588//588 587//587 589//589
f 590//590 575//575 591//591
f 575//575 579//579 591//591
f 101//101 593//593 591//591
f 593//593 592//592 591//591
f 108//108 112//112 413//413
f 449//449 450//450 589//589
f 595//595 596//596 597//597
f 566//566 599//599 598//598
f 574//574 573//573 600//600
f 459//459 455//455 458//458
f 133//133 129//129 136//136
f 461//461 136//136 129//129
f 135//135 463//463 464//464
f 137//137 133//133 135//135
f 135//135 464//464 142//142
f 140//140 135//135 142//142
f 465//465 462//462 468//468
f 142//142 464//464 470//470
f 601//601 602//602 472//472
f 601//601 603//603 602//602
f 474//474 472//472 602//602
f 465//465 468//468 475//475
f 475//475 471//471 465//465
f 468//468 466//466 476//476
f 468//468 476//476 475//475
f 478//478 466//466 469//469
f 479//479 478//478 469//469
f 476//476 604//604 477//477
f 480//480 471//471 605//605
f 605//605 471//471 477//477
f 605//605 477//477 604//604
f 604//604 476//476 478//478
f 479//479 502//502 478//478
f 603//603 601//601 480//480
f 603//603 480//480 481//481
f 603//603 481//481 482//482
f 606//606 603//603 482//482
f 482//482 481//481 483//483
f 606//606 482//482 607//607
f 608//608 607//607 484//484
f 484//484 607//607 482//482
f 481//481 480//480 605//605
f 609//609 605//605 604//604
f 1//1 605//605 609//609
f 609//609 604//604 478//478
f 478//478 502//502 609//609
f 610//610 1//1 609//609
f 609//609 611//611 610//610
f 502//502 612//612 609//609
f 611//611 609//609 612//612
f 502//502 613//613 612//612
f 1//1 483//483 481//481
f 602//602 614//614 474//474
f 614//614 602//602 603//603
f 486//486 474//474 614//614
f 614//614 147//147 486//486
f 145//145 143//143 485//485
f 146//146 145//145 485//485
f 486//486 147//147 615//615
f 615//615 156//156 486//486
f 614//614 603//603 606//606
f 614//614 148//148 147//147
f 614//614 616//616 148//148
f 156//156 615//615 158//158
f 460//460 458//458 457//457
f 467//467 460//460 457//457
f 496//496 492//492 497//497
f 151//151 152//152 150//150
f 152//152 497//497 150//150
f 151//151 617//617 152//152
f 617//617 151//151 499//499
f 479//479 500//500 501//501
f 497//497 619//619 496//496
f 497//497 152//152 619//619
f 496//496 619//619 501//501
f 618//618 501//501 619//619
f 620//620 619//619 152//152
f 501//501 621//621 502//502
f 621//621 501//501 618//618
f 618//618 622//622 621//621
f 621//621 613//613 502//502
f 622//622 613//613 621//621
f 618//618 619//619 620//620
f 620//620 624//624 618//618
f 625//625 620//620 623//623
f 152//152 627//627 626//626
f 627//627 152//152 617//617
f 620//620 152//152 626//626
f 627//627 617//617 499//499
f 499//499 628//628 627//627
f 626//626 627//627 628//628
f 623//623 620//620 626//626
f 623//623 626//626 629//629
f 629//629 626//626 628//628
f 628//628 630//630 629//629
f 170//170 146//146 503//503
f 161//161 157//157 159//159
f 161//161 159//159 162//162
f 504//504 170//170 503//503
f 503//503 161//161 505//505
f 505//505 161//161 171//171
f 506//506 505//505 6//6
f 6//6 505//505 171//171
f 213//213 5//5 210//210
f 632//632 6//6 5//5
f 632//632 5//5 213//213
f 631//631 6//6 632//632
f 631//631 632//632 633//633
f 633//633 632//632 213//213
f 6//6 631//631 506//506
f 508//508 506//506 510//510
f 510//510 506//506 631//631
f 510//510 631//631 633//633
f 192//192 203//203 509//509
f 192//192 509//509 204//204
f 205//205 204//204 510//510
f 633//633 634//634 510//510
f 510//510 511//511 205//205
f 511//511 510//510 634//634
f 206//206 205//205 511//511
f 206//206 511//511 635//635
f 417//417 637//637 638//638
f 417//417 638//638 639//639
f 639//639 638//638 640//640
f 641//641 639//639 640//640
f 589//589 587//587 642//642
f 642//642 512//512 589//589
f 449//449 589//589 512//512
f 484//484 536//536 608//608
f 622//622 624//624 613//613
f 624//624 622//622 618//618
f 620//620 625//625 624//624
f 623//623 646//646 625//625
f 646//646 623//623 629//629
f 646//646 629//629 630//630
f 644//644 625//625 646//646
f 648//648 646//646 630//630
f 647//647 646//646 648//648
f 644//644 646//646 647//647
f 649//649 644//644 647//647
f 649//649 647//647 648//648
f 648//648 650//650 649//649
f 210//210 198//198 213//213
f 633//633 213//213 651//651
f 651//651 652//652 633//633
f 652//652 651//651 653//653
f 653//653 651//651 217//217
f 634//634 633//633 652//652
f 634//634 652//652 653//653
f 634//634 653//653 546//546
f 653//653 217//217 654//654
f 654//654 655//655 653//653
f 546//546 653//653 655//655
f 634//634 546//546 511//511
f 545//545 511//511 546//546
f 547//547 546//546 655//655
f 545//545 546//546 547//547
f 545//545 547//547 656//656
f 635//635 511//511 545//545
f 545//545 657//657 635//635
f 657//657 545//545 658//658
f 658//658 545//545 656//656
f 666//666 407//407 409//409
f 412//412 594//594 409//409
f 117//117 413//413 112//112
f 111//111 118//118 117//117
f 111//111 117//117 112//112
f 667//667 111//111 109//109
f 668//668 111//111 667//667
f 668//668 118//118 111//111
f 671//671 118//118 668//668
f 668//668 672//672 671//671
f 673//673 674//674 671//671
f 673//673 671//671 672//672
f 675//675 669//669 670//670
f 677//677 678//678 679//679
f 680//680 681//681 682//682
f 62//62 680//680 683//683
f 471//471 601//601 472//472
f 601//601 471//471 480//480
f 481//481 605//605 1//1
f 483//483 1//1 610//610
f 684//684 145//145 146//146
f 170//170 685//685 684//684
f 146//146 170//170 684//684
f 686//686 170//170 504//504
f 171//171 161//161 172//172
f 172//172 161//161 163//163
f 172//172 163//163 687//687
f 203//203 192//192 191//191
f 191//191 189//189 203//203
f 635//635 222//222 206//206
f 688//688 689//689 690//690
f 512//512 642//642 691//691
f 691//691 409//409 514//514
f 409//409 692//692 514//514
f 692//692 409//409 594//594
f 517//517 514//514 692//692
f 692//692 594//594 693//693
f 694//694 517//517 692//692
f 693//693 594//594 414//414
f 693//693 414//414 696//696
f 696//696 414//414 116//116
f 697//697 694//694 695//695
f 697//697 695//695 698//698
f 699//699 697//697 700//700
f 700//700 697//697 698//698
f 66//66 64//64 697//697
f 697//697 699//699 66//66
f 116//116 701//701 696//696
f 701//701 116//116 671//671
f 671//671 116//116 118//118
f 701//701 670//670 669//669
f 669//669 696//696 701//701
f 671//671 674//674 701//701
f 701//701 674//674 670//670
f 68//68 67//67 66//66
f 66//66 702//702 68//68
f 69//69 68//68 702//702
f 703//703 526//526 704//704
f 527//527 526//526 703//703
f 703//703 705//705 527//527
f 527//527 705//705 528//528
f 706//706 705//705 703//703
f 551//551 705//705 706//706
f 529//529 528//528 551//551
f 551//551 528//528 705//705
f 529//529 551//551 530//530
f 537//537 484//484 709//709
f 710//710 709//709 711//711
f 538//538 537//537 709//709
f 538//538 709//709 710//710
f 710//710 712//712 538//538
f 713//713 711//711 610//610
f 714//714 612//612 613//613
f 613//613 643//643 714//714
f 610//610 484//484 483//483
f 711//711 709//709 484//484
f 484//484 610//610 711//711
f 715//715 538//538 712//712
f 540//540 537//537 538//538
f 540//540 538//538 717//717
f 717//717 538//538 715//715
f 715//715 716//716 717//717
f 718//718 717//717 716//716
f 716//716 715//715 712//712
f 712//712 719//719 716//716
f 716//716 719//719 720//720
f 720//720 721//721 722//722
f 723//723 722//722 721//721
f 724//724 725//725 216//216
f 725//725 724//724 726//726
f 726//726 724//724 723//723
f 723//723 721//721 727//727
f 727//727 728//728 723//723
f 726//726 723//723 728//728
f 216//216 217//217 215//215
f 651//651 215//215 217//217
f 654//654 217//217 725//725
f 654//654 725//725 726//726
f 654//654 726//726 729//729
f 729//729 726//726 728//728
f 728//728 730//730 729//729
f 655//655 654//654 729//729
f 547//547 655//655 656//656
f 732//732 658//658 731//731
f 731//731 658//658 656//656
f 734//734 733//733 730//730
f 730//730 733//733 729//729
f 731//731 733//733 3//3
f 3//3 733//733 734//734
f 656//656 655//655 729//729
f 656//656 729//729 733//733
f 731//731 656//656 733//733
f 735//735 736//736 737//737
f 735//735 737//737 554//554
f 738//738 739//739 740//740
f 741//741 738//738 742//742
f 745//745 743//743 742//742
f 552//552 551//551 550//550
f 554//554 552//552 550//550
f 554//554 737//737 746//746
f 746//746 553//553 554//554
f 747//747 736//736 744//744
f 747//747 737//737 736//736
f 748//748 747//747 744//744
f 744//744 743//743 748//748
f 745//745 748//748 743//743
f 748//748 745//745 749//749
f 750//750 737//737 747//747
f 751//751 746//746 750//750
f 750//750 746//746 737//737
f 58//58 553//553 746//746
f 746//746 751//751 58//58
f 752//752 58//58 751//751
f 753//753 750//750 748//748
f 748//748 750//750 747//747
f 753//753 751//751 750//750
f 751//751 753//753 754//754
f 749//749 753//753 748//748
f 749//749 754//754 753//753
f 754//754 752//752 751//751
f 755//755 752//752 754//754
f 440//440 756//756 755//755
f 755//755 756//756 752//752
f 439//439 45//45 756//756
f 756//756 440//440 439//439
f 242//242 330//330 328//328
f 383//383 757//757 75//75
f 759//759 758//758 749//749
f 760//760 754//754 749//749
f 760//760 749//749 758//758
f 761//761 758//758 759//759
f 10//10 755//755 760//760
f 760//760 755//755 754//754
f 443//443 440//440 755//755
f 755//755 10//10 443//443
f 762//762 438//438 443//443
f 762//762 82//82 81//81
f 762//762 81//81 438//438
f 661//661 763//763 557//557
f 316//316 661//661 557//557
f 662//662 764//764 763//763
f 662//662 765//765 764//764
f 661//661 662//662 763//763
f 767//767 768//768 363//363
f 562//562 567//567 769//769
f 773//773 771//771 774//774
f 775//775 679//679 678//678
f 771//771 775//775 678//678
f 776//776 62//62 777//777
f 777//777 62//62 683//683
f 778//778 779//779 686//686
f 780//780 778//778 686//686
f 780//780 203//203 189//189
f 780//780 686//686 504//504
f 504//504 507//507 780//780
f 203//203 780//780 507//507
f 641//641 640//640 783//783
f 53//53 51//51 784//784
f 659//659 641//641 783//783
f 435//435 52//52 53//53
f 327//327 437//437 392//392
f 785//785 234//234 242//242
f 786//786 347//347 334//334
f 787//787 347//347 786//786
f 441//441 786//786 334//334
f 441//441 334//334 333//333
f 235//235 381//381 329//329
f 335//335 788//788 235//235
f 344//344 441//441 333//333
f 288//288 350//350 286//286
f 388//388 389//389 386//386
f 386//386 387//387 388//388
f 347//347 757//757 385//385
f 390//390 790//790 789//789
f 789//789 389//389 390//390
f 349//349 790//790 390//390
f 349//349 791//791 790//790
f 791//791 792//792 790//790
f 350//350 288//288 292//292
f 325//325 311//311 350//350
f 311//311 325//325 556//556
f 556//556 325//325 327//327
f 793//793 39//39 37//37
f 587//587 586//586 666//666
f 666//666 586//586 407//407
f 61//61 100//100 102//102
f 61//61 102//102 794//794
f 110//110 795//795 796//796
f 667//667 109//109 110//110
f 799//799 793//793 54//54
f 54//54 800//800 799//799
f 691//691 514//514 512//512
f 697//697 64//64 694//694
f 694//694 64//64 517//517
f 245//245 785//785 242//242
f 242//242 328//328 245//245
f 328//328 246//246 245//245
f 786//786 441//441 787//787
f 787//787 346//346 347//347
f 381//381 235//235 801//801
f 788//788 801//801 235//235
f 338//338 788//788 335//335
f 346//346 75//75 757//757
f 757//757 347//347 346//346
f 790//790 742//742 738//738
f 792//792 745//745 790//790
f 790//790 745//745 742//742
f 302//302 791//791 349//349
f 304//304 306//306 791//791
f 304//304 791//791 301//301
f 301//301 791//791 302//302
f 792//792 791//791 306//306
f 792//792 306//306 759//759
f 759//759 749//749 745//745
f 307//307 802//802 311//311
f 82//82 84//84 86//86
f 86//86 84//84 83//83
f 84//84 762//762 443//443
f 762//762 84//84 82//82
f 767//767 363//363 400//400
f 806//806 769//769 567//567
f 567//567 569//569 806//806
f 807//807 806//806 569//569
f 809//809 808//808 810//810
f 811//811 808//808 809//809
f 809//809 810//810 99//99
f 99//99 812//812 809//809
f 814//814 811//811 809//809
f 815//815 811//811 814//814
f 816//816 815//815 817//817
f 814//814 809//809 818//818
f 818//818 809//809 812//812
f 818//818 812//812 813//813
f 813//813 819//819 818//818
f 815//815 814//814 818//818
f 817//817 815//815 818//818
f 817//817 818//818 819//819
f 819//819 820//820 817//817
f 100//100 816//816 817//817
f 821//821 817//817 820//820
f 104//104 106//106 795//795
f 107//107 104//104 795//795
f 795//795 110//110 107//107
f 825//825 826//826 827//827
f 676//676 677//677 828//828
f 679//679 828//828 677//677
f 608//608 829//829 607//607
f 767//767 562//562 803//803
f 562//562 767//767 563//563
f 563//563 767//767 400//400
f 769//769 803//803 562//562
f 830//830 803//803 769//769
f 563//563 400//400 402//402
f 563//563 402//402 405//405
f 572//572 807//807 569//569
f 831//831 807//807 121//121
f 831//831 121//121 97//97
f 832//832 831//831 97//97
f 99//99 96//96 98//98
f 689//689 833//833 834//834
f 835//835 834//834 833//833
f 665//665 837//837 838//838
f 838//838 837//837 835//835
f 97//97 810//810 832//832
f 808//808 832//832 810//810
f 810//810 97//97 99//99
f 813//813 99//99 98//98
f 812//812 99//99 813//813
f 839//839 840//840 823//823
f 823//823 841//841 839//839
f 823//823 824//824 844//844
f 844//844 824//824 845//845
f 842//842 844//844 822//822
f 676//676 823//823 844//844
f 823//823 676//676 841//841
f 847//847 841//841 676//676
f 828//828 847//847 676//676
f 143//143 145//145 144//144
f 684//684 144//144 145//145
f 155//155 144//144 684//684
f 684//684 685//685 155//155
f 155//155 685//685 219//219
f 779//779 219//219 685//685
f 779//779 685//685 170//170
f 849//849 219//219 779//779
f 686//686 779//779 170//170
f 849//849 779//779 778//778
f 850//850 186//186 849//849
f 187//187 186//186 850//850
f 850//850 849//849 778//778
f 187//187 850//850 780//780
f 780//780 850//850 778//778
f 189//189 187//187 780//780
f 213//213 212//212 651//651
f 855//855 42//42 856//856
f 856//856 42//42 41//41
f 856//856 41//41 857//857
f 44//44 784//784 857//857
f 222//222 422//422 858//858
f 548//548 550//550 549//549
f 859//859 307//307 860//860
f 756//756 58//58 752//752
f 864//864 866//866 863//863
f 863//863 866//866 17//17
f 863//863 17//17 16//16
f 867//867 17//17 866//866
f 866//866 865//865 867//867
f 867//867 15//15 17//17
f 789//789 740//740 870//870
f 759//759 306//306 305//305
f 305//305 761//761 759//759
f 761//761 305//305 860//860
f 860//860 871//871 761//761
f 9//9 761//761 871//871
f 874//874 875//875 872//872
f 872//872 876//876 877//877
f 877//877 874//874 872//872
f 884//884 880//880 883//883
f 884//884 883//883 882//882
f 885//885 886//886 882//882
f 880//880 884//884 887//887
f 887//887 879//879 880//880
f 888//888 180//180 179//179
f 890//890 891//891 892//892
f 893//893 894//894 895//895
f 895//895 894//894 868//868
f 897//897 896//896 898//898
f 901//901 893//893 902//902
f 901//901 900//900 893//893
f 893//893 900//900 894//894
f 903//903 904//904 901//901
f 901//901 904//904 900//900
f 896//896 894//894 900//900
f 904//904 898//898 900//900
f 900//900 898//898 896//896
f 905//905 898//898 904//904
f 332//332 899//899 905//905
f 905//905 899//899 898//898
f 340//340 905//905 904//904
f 904//904 903//903 340//340
f 906//906 907//907 908//908
f 909//909 910//910 908//908
f 909//909 908//908 907//907
f 911//911 912//912 913//913
f 913//913 914//914 911//911
f 912//912 906//906 913//913
f 915//915 909//909 907//907
f 915//915 907//907 912//912
f 916//916 908//908 910//910
f 898//898 914//914 917//917
f 898//898 918//918 914//914
f 899//899 918//918 898//898
f 920//920 902//902 921//921
f 920//920 921//921 919//919
f 919//919 922//922 920//920
f 920//920 901//901 902//902
f 901//901 920//920 923//923
f 923//923 903//903 901//901
f 920//920 922//922 924//924
f 920//920 924//924 923//923
f 925//925 903//903 923//923
f 925//925 340//340 903//903
f 910//910 926//926 927//927
f 928//928 929//929 930//930
f 930//930 929//929 931//931
f 928//928 932//932 929//929
f 928//928 933//933 932//932
f 934//934 935//935 933//933
f 935//935 934//934 936//936
f 937//937 933//933 938//938
f 935//935 938//938 933//933
f 935//935 939//939 938//938
f 930//930 940//940 928//928
f 942//942 689//689 941//941
f 834//834 941//941 689//689
f 881//881 882//882 883//883
f 935//935 936//936 226//226
f 935//935 226//226 233//233
f 935//935 233//233 939//939
f 416//416 415//415 943//943
f 942//942 369//369 689//689
f 427//427 943//943 415//415
f 945//945 944//944 427//427
f 120//120 945//945 427//427
f 430//430 120//120 429//429
f 891//891 946//946 892//892
f 948//948 949//949 950//950
f 929//929 662//662 661//661
f 931//931 929//929 661//661
f 955//955 956//956 805//805
f 955//955 805//805 954//954
f 957//957 958//958 959//959
f 960//960 959//959 958//958
f 960//960 958//958 961//961
f 963//963 964//964 965//965
f 971//971 972//972 969//969
f 956//956 955//955 968//968
f 972//972 970//970 963//963
f 970//970 972//972 971//971
f 973//973 877//877 876//876
f 876//876 878//878 973//973
f 12//12 877//877 973//973
f 13//13 973//973 878//878
f 975//975 880//880 976//976
f 976//976 880//880 879//879
f 977//977 704//704 978//978
f 977//977 979//979 704//704
f 982//982 946//946 891//891
f 740//740 891//891 890//890
f 735//735 983//983 984//984
f 984//984 985//985 735//735
f 986//986 13//13 878//878
f 878//878 987//987 986//986
f 988//988 986//986 987//987
f 988//988 989//989 986//986
f 986//986 989//989 863//863
f 989//989 864//864 863//863
f 990//990 912//912 911//911
f 911//911 914//914 918//918
f 991//991 990//990 911//911
f 991//991 911//911 918//918
f 334//334 991//991 918//918
f 918//918 899//899 334//334
f 385//385 990//990 991//991
f 334//334 385//385 991//991
f 926//926 910//910 909//909
f 384//384 926//926 909//909
f 384//384 909//909 915//915
f 870//870 890//890 927//927
f 870//870 740//740 890//890
f 384//384 386//386 926//926
f 765//765 992//992 993//993
f 993//993 764//764 765//765
f 992//992 765//765 994//994
f 995//995 992//992 994//994
f 953//953 995//995 994//994
f 996//996 995//995 952//952
f 952//952 995//995 953//953
f 994//994 445//445 953//953
f 446//446 359//359 953//953
f 953//953 445//445 446//446
f 934//934 933//933 928//928
f 934//934 997//997 936//936
f 998//998 966//966 366//366
f 998//998 1000//1000 999//999
f 996//996 961//961 999//999
f 961//961 996//996 952//952
f 952//952 962//962 961//961
f 962//962 1001//1001 961//961
f 966//966 998//998 958//958
f 958//958 998//998 961//961
f 966//966 958//958 957//957
f 1003//1003 963//963 965//965
f 969//969 1004//1004 971//971
f 837//837 963//963 1003//1003
f 664//664 972//972 837//837
f 837//837 972//972 963//963
f 972//972 664//664 969//969
f 1003//1003 834//834 837//837
f 122//122 805//805 956//956
f 969//969 1005//1005 956//956
f 956//956 1005//1005 122//122
f 1005//1005 969//969 664//664
f 226//226 936//936 225//225
f 690//690 369//369 368//368
f 688//688 690//690 1007//1007
f 690//690 368//368 636//636
f 636//636 368//368 371//371
f 1007//1007 690//690 636//636
f 421//421 639//639 641//641
f 980//980 421//421 641//641
f 65//65 88//88 89//89
f 68//68 88//88 65//65
f 1008//1008 977//977 978//978
f 1009//1009 979//979 977//977
f 977//977 1010//1010 1009//1009
f 1013//1013 1012//1012 1011//1011
f 1013//1013 1011//1011 549//549
f 946//946 1014//1014 1015//1015
f 1016//1016 1014//1014 1017//1017
f 1015//1015 1018//1018 946//946
f 1012//1012 1016//1016 1017//1017
f 1017//1017 1011//1011 1012//1012
f 432//432 421//421 980//980
f 740//740 739//739 891//891
f 891//891 739//739 982//982
f 1017//1017 549//549 1011//1011
f 984//984 549//549 1017//1017
f 982//982 1017//1017 1014//1014
f 739//739 1019//1019 982//982
f 1017//1017 982//982 984//984
f 984//984 982//982 1019//1019
f 741//741 1019//1019 739//739
f 741//741 985//985 1019//1019
f 1019//1019 985//985 984//984
f 759//759 745//745 792//792
f 1021//1021 1020//1020 1022//1022
f 1022//1022 1020//1020 1023//1023
f 1023//1023 1024//1024 1022//1022
f 1023//1023 1025//1025 1024//1024
f 1024//1024 1026//1026 1022//1022
f 1024//1024 1027//1027 1026//1026
f 1028//1028 1029//1029 1030//1030
f 1028//1028 1030//1030 1031//1031
f 1033//1033 1032//1032 1034//1034
f 1035//1035 1034//1034 1032//1032
f 1037//1037 1038//1038 1036//1036
f 1036//1036 1039//1039 1037//1037
f 1037//1037 1040//1040 1041//1041
f 1037//1037 1041//1041 1038//1038
f 1044//1044 1043//1043 1045//1045
f 1046//1046 1042//1042 1043//1043
f 1043//1043 1044//1044 1046//1046
f 1047//1047 1044//1044 1045//1045
f 1045//1045 1048//1048 1047//1047
f 1044//1044 1047//1047 1046//1046
f 1048//1048 1049//1049 1047//1047
f 1047//1047 1049//1049 1050//1050
f 1051//1051 1047//1047 1050//1050
f 1052//1052 1039//1039 1042//1042
f 1053//1053 1037//1037 1052//1052
f 1052//1052 1037//1037 1039//1039
f 1046//1046 1052//1052 1042//1042
f 1054//1054 1040//1040 1037//1037
f 1037//1037 1053//1053 1054//1054
f 1055//1055 1054//1054 1053//1053
f 1056//1056 1055//1055 1053//1053
f 1057//1057 1051//1051 1050//1050
f 1058//1058 1056//1056 1051//1051
f 1000//1000 951//951 999//999
f 663//663 1059//1059 662//662
f 663//663 937//937 1059//1059
f 1059//1059 937//937 1060//1060
f 1058//1058 1051//1051 1057//1057
f 1064//1064 1063//1063 1058//1058
f 1063//1063 1064//1064 1065//1065
f 1064//1064 1066//1066 1067//1067
f 1066//1066 1068//1068 1067//1067
f 1069//1069 1065//1065 1064//1064
f 1064//1064 1067//1067 1069//1069
f 1072//1072 1070//1070 1071//1071
f 1071//1071 1070//1070 1067//1067
f 1073//1073 1071//1071 1074//1074
f 1071//1071 1073//1073 1072//1072
f 1075//1075 1073//1073 1074//1074
f 1075//1075 1076//1076 1073//1073
f 1077//1077 1078//1078 1076//1076
f 21//21 19//19 18//18
f 1081//1081 19//19 21//21
f 1082//1082 1079//1079 1081//1081
f 1081//1081 1079//1079 19//19
f 1083//1083 1081//1081 20//20
f 20//20 1081//1081 21//21
f 1084//1084 1082//1082 1081//1081
f 1083//1083 1084//1084 1081//1081
f 24//24 1083//1083 20//20
f 1085//1085 1084//1084 24//24
f 24//24 1084//1084 1083//1083
f 1086//1086 1085//1085 25//25
f 25//25 1085//1085 24//24
f 1088//1088 25//25 1087//1087
f 1089//1089 1087//1087 1090//1090
f 1088//1088 1086//1086 25//25
f 1080//1080 1092//1092 1075//1075
f 1080//1080 1075//1075 1074//1074
f 1093//1093 1076//1076 1075//1075
f 1093//1093 1075//1075 1092//1092
f 1092//1092 1080//1080 1079//1079
f 1094//1094 1093//1093 1092//1092
f 1093//1093 1077//1077 1076//1076
f 1095//1095 1077//1077 1096//1096
f 1093//1093 1096//1096 1077//1077
f 1094//1094 1092//1092 1082//1082
f 1082//1082 1092//1092 1079//1079
f 1097//1097 1094//1094 1082//1082
f 1098//1098 1093//1093 1094//1094
f 1094//1094 1097//1097 1098//1098
f 1099//1099 1096//1096 1098//1098
f 1098//1098 1096//1096 1093//1093
f 1084//1084 1097//1097 1082//1082
f 1100//1100 1097//1097 1084//1084
f 1100//1100 1098//1098 1097//1097
f 1085//1085 1100//1100 1084//1084
f 1101//1101 1100//1100 1085//1085
f 1098//1098 1100//1100 1102//1102
f 1085//1085 1086//1086 1101//1101
f 1103//1103 1102//1102 1100//1100
f 1100//1100 1101//1101 1103//1103
f 1104//1104 1101//1101 1086//1086
f 1086//1086 1088//1088 1104//1104
f 1101//1101 1104//1104 1105//1105
f 1105//1105 1103//1103 1101//1101
f 1107//1107 1103//1103 1105//1105
f 1103//1103 1107//1107 1106//1106
f 1108//1108 1103//1103 1106//1106
f 1109//1109 1107//1107 1105//1105
f 1110//1110 1108//1108 1106//1106
f 1111//1111 1112//1112 1113//1113
f 1114//1114 1115//1115 1116//1116
f 1117//1117 1118//1118 1119//1119
f 1117//1117 1119//1119 1120//1120
f 1125//1125 1126//1126 1124//1124
f 1135//1135 1133//1133 1134//1134
f 1135//1135 1136//1136 1133//1133
f 1133//1133 1136//1136 1137//1137
f 1138//1138 1137//1137 1136//1136
f 1139//1139 1140//1140 1138//1138
f 1139//1139 1141//1141 1140//1140
f 1142//1142 1139//1139 1138//1138
f 1143//1143 1139//1139 1142//1142
f 1144//1144 1138//1138 1136//1136
f 1145//1145 1136//1136 1135//1135
f 1145//1145 1144//1144 1136//1136
f 1144//1144 1142//1142 1138//1138
f 1145//1145 1135//1135 1146//1146
f 1147//1147 1144//1144 1145//1145
f 1149//1149 1142//1142 1144//1144
f 1148//1148 1142//1142 1149//1149
f 1147//1147 1149//1149 1144//1144
f 1148//1148 1143//1143 1142//1142
f 1151//1151 1143//1143 1148//1148
f 1151//1151 1148//1148 1149//1149
f 1150//1150 1151//1151 1149//1149
f 1152//1152 1145//1145 1146//1146
f 1153//1153 1147//1147 1152//1152
f 1152//1152 1147//1147 1145//1145
f 1154//1154 1153//1153 1152//1152
f 1072//1072 1073//1073 1155//1155
f 1156//1156 1149//1149 1153//1153
f 1153//1153 1149//1149 1147//1147
f 1157//1157 1150//1150 1156//1156
f 1156//1156 1150//1150 1149//1149
f 1150//1150 1157//1157 1158//1158
f 664//664 665//665 1159//1159
f 682//682 1160//1160 680//680
f 680//680 1160//1160 1162//1162
f 1162//1162 1160//1160 1161//1161
f 1162//1162 683//683 680//680
f 1114//1114 800//800 1115//1115
f 1062//1062 939//939 233//233
f 1164//1164 1163//1163 1165//1165
f 1165//1165 1163//1163 232//232
f 1165//1165 232//232 888//888
f 232//232 180//180 888//888
f 700//700 698//698 1166//1166
f 980//980 641//641 659//659
f 660//660 981//981 659//659
f 659//659 981//981 980//980
f 435//435 981//981 660//660
f 1169//1169 1170//1170 1167//1167
f 1169//1169 1167//1167 1171//1171
f 906//906 908//908 1172//1172
f 908//908 916//916 1173//1173
f 1174//1174 1168//1168 865//865
f 869//869 1175//1175 1168//1168
f 921//921 902//902 1175//1175
f 1175//1175 869//869 921//921
f 1176//1176 1177//1177 1178//1178
f 1033//1033 1034//1034 1178//1178
f 1179//1179 1028//1028 1031//1031
f 1180//1180 1028//1028 1179//1179
f 1180//1180 1181//1181 1028//1028
f 1183//1183 1184//1184 1182//1182
f 1031//1031 1182//1182 1179//1179
f 1179//1179 1038//1038 1180//1180
f 1179//1179 1036//1036 1038//1038
f 1039//1039 1036//1036 1182//1182
f 1182//1182 1184//1184 1042//1042
f 1043//1043 1042//1042 1184//1184
f 1045//1045 1043//1043 1185//1185
f 1182//1182 1042//1042 1039//1039
f 1070//1070 1069//1069 1067//1067
f 1071//1071 1067//1067 1068//1068
f 18//18 1186//1186 1187//1187
f 1188//1188 1189//1189 1190//1190
f 1188//1188 1190//1190 1090//1090
f 25//25 24//24 23//23
f 1087//1087 25//25 26//26
f 1090//1090 1087//1087 26//26
f 1089//1089 1088//1088 1087//1087
f 29//29 1190//1190 1189//1189
f 27//27 29//29 1191//1191
f 1090//1090 29//29 1089//1089
f 28//28 1089//1089 29//29
f 28//28 1088//1088 1089//1089
f 33//33 31//31 1091//1091
f 1088//1088 28//28 35//35
f 1192//1192 1104//1104 35//35
f 35//35 1104//1104 1088//1088
f 1109//1109 1105//1105 1192//1192
f 1192//1192 1105//1105 1104//1104
f 1193//1193 1192//1192 35//35
f 1193//1193 1109//1109 1192//1192
f 1194//1194 1109//1109 1193//1193
f 1106//1106 1107//1107 1110//1110
f 1194//1194 1107//1107 1109//1109
f 798//798 39//39 793//793
f 1196//1196 1197//1197 1198//1198
f 1199//1199 1196//1196 1198//1198
f 1203//1203 1204//1204 1201//1201
f 1201//1201 1205//1205 1203//1203
f 1206//1206 1205//1205 1201//1201
f 1207//1207 1203//1203 1205//1205
f 1208//1208 1116//1116 1202//1202
f 1209//1209 1116//1116 1208//1208
f 1202//1202 1203//1203 1208//1208
f 1120//1120 1119//1119 1209//1209
f 1207//1207 1210//1210 1208//1208
f 1207//1207 1208//1208 1203//1203
f 1209//1209 1208//1208 1120//1120
f 1120//1120 1208//1208 1210//1210
f 1120//1120 1210//1210 1117//1117
f 1206//1206 1211//1211 1205//1205
f 1205//1205 1211//1211 1207//1207
f 1211//1211 1210//1210 1207//1207
f 1212//1212 1194//1194 34//34
f 34//34 39//39 1212//1212
f 1213//1213 1212//1212 39//39
f 39//39 798//798 1213//1213
f 1121//1121 1194//1194 1212//1212
f 1212//1212 1213//1213 1121//1121
f 1121//1121 1107//1107 1194//1194
f 1121//1121 1110//1110 1107//1107
f 798//798 1118//1118 1213//1213
f 1214//1214 1121//1121 1213//1213
f 1213//1213 1118//1118 1214//1214
f 1214//1214 1127//1127 1121//1121
f 1127//1127 1214//1214 1215//1215
f 1216//1216 102//102 1217//1217
f 1121//1121 1127//1127 1122//1122
f 1130//1130 1123//1123 1122//1122
f 1218//1218 1217//1217 1123//1123
f 1218//1218 1216//1216 1217//1217
f 1130//1130 1218//1218 1123//1123
f 1219//1219 1218//1218 1130//1130
f 1199//1199 1198//1198 1124//1124
f 1124//1124 1126//1126 1199//1199
f 1201//1201 1199//1199 1126//1126
f 1126//1126 1220//1220 1201//1201
f 1221//1221 1222//1222 1223//1223
f 1221//1221 1223//1223 1224//1224
f 1226//1226 1227//1227 1220//1220
f 1226//1226 1228//1228 1227//1227
f 1221//1221 1228//1228 1222//1222
f 1228//1228 1221//1221 1229//1229
f 1221//1221 1225//1225 974//974
f 974//974 1229//1229 1221//1221
f 1206//1206 1201//1201 1220//1220
f 1215//1215 1214//1214 1117//1117
f 1117//1117 1214//1214 1118//1118
f 1117//1117 1210//1210 1230//1230
f 1117//1117 1230//1230 1215//1215
f 1231//1231 1215//1215 1230//1230
f 1220//1220 1232//1232 1206//1206
f 1211//1211 1206//1206 1232//1232
f 1232//1232 1233//1233 1211//1211
f 1210//1210 1211//1211 1230//1230
f 1230//1230 1211//1211 1231//1231
f 1231//1231 1211//1211 1233//1233
f 1127//1127 1215//1215 1128//1128
f 1231//1231 1129//1129 1215//1215
f 1128//1128 1215//1215 1129//1129
f 1234//1234 1219//1219 1130//1130
f 1130//1130 1128//1128 1234//1234
f 1128//1128 1129//1129 770//770
f 1232//1232 1220//1220 1227//1227
f 1228//1228 1235//1235 1227//1227
f 1233//1233 1232//1232 1227//1227
f 1227//1227 1236//1236 1233//1233
f 1236//1236 1227//1227 1235//1235
f 1228//1228 1229//1229 1235//1235
f 1237//1237 1235//1235 1229//1229
f 1231//1231 1233//1233 1236//1236
f 1231//1231 1236//1236 1129//1129
f 1238//1238 770//770 1129//1129
f 1238//1238 1129//1129 1236//1236
f 1240//1240 1234//1234 770//770
f 770//770 1234//1234 1128//1128
f 1241//1241 1242//1242 1234//1234
f 1234//1234 1240//1240 1241//1241
f 1243//1243 1240//1240 770//770
f 1243//1243 770//770 1238//1238
f 976//976 1235//1235 1237//1237
f 975//975 1237//1237 974//974
f 700//700 1166//1166 1245//1245
f 1245//1245 1131//1131 1246//1246
f 1245//1245 1166//1166 1131//1131
f 1247//1247 1239//1239 1244//1244
f 975//975 976//976 1237//1237
f 1247//1247 1243//1243 1239//1239
f 1239//1239 1243//1243 1238//1238
f 1248//1248 1240//1240 1243//1243
f 1243//1243 1247//1247 1248//1248
f 1249//1249 1240//1240 1248//1248
f 1250//1250 1249//1249 1248//1248
f 1251//1251 1249//1249 1250//1250
f 1253//1253 1248//1248 1247//1247
f 1248//1248 1253//1253 1250//1250
f 1254//1254 1251//1251 1250//1250
f 1250//1250 1253//1253 1252//1252
f 1255//1255 1256//1256 12//12
f 1246//1246 1257//1257 1256//1256
f 1246//1246 1256//1256 1255//1255
f 1258//1258 1245//1245 1255//1255
f 700//700 1245//1245 1258//1258
f 1246//1246 1255//1255 1245//1245
f 12//12 1258//1258 1255//1255
f 1259//1259 700//700 1258//1258
f 1257//1257 1246//1246 885//885
f 12//12 11//11 1258//1258
f 1260//1260 1259//1259 1258//1258
f 1260//1260 1258//1258 11//11
f 14//14 1260//1260 11//11
f 1262//1262 1261//1261 679//679
f 848//848 1264//1264 839//839
f 839//839 1263//1263 848//848
f 1261//1261 1263//1263 847//847
f 1265//1265 848//848 1263//1263
f 1263//1263 1261//1261 1265//1265
f 1261//1261 1262//1262 1266//1266
f 1132//1132 1267//1267 1268//1268
f 1270//1270 1132//1132 1268//1268
f 1271//1271 1132//1132 1270//1270
f 1270//1270 1272//1272 1271//1271
f 1271//1271 1269//1269 1132//1132
f 1274//1274 1275//1275 1273//1273
f 1276//1276 1277//1277 1274//1274
f 1274//1274 1277//1277 1275//1275
f 1277//1277 1278//1278 1279//1279
f 1279//1279 1275//1275 1277//1277
f 1280//1280 679//679 775//775
f 1281//1281 1262//1262 1280//1280
f 1280//1280 1262//1262 679//679
f 1282//1282 1280//1280 775//775
f 1281//1281 1280//1280 1276//1276
f 1276//1276 1282//1282 1277//1277
f 1282//1282 1276//1276 1280//1280
f 1282//1282 1278//1278 1277//1277
f 1278//1278 1282//1282 775//775
f 1137//1137 1283//1283 1133//1133
f 1269//1269 1284//1284 1273//1273
f 1285//1285 1274//1274 1273//1273
f 1285//1285 1273//1273 1284//1284
f 1274//1274 1285//1285 1286//1286
f 1286//1286 1276//1276 1274//1274
f 1281//1281 1266//1266 1262//1262
f 1287//1287 1266//1266 1281//1281
f 1134//1134 1069//1069 1135//1135
f 1146//1146 1135//1135 1069//1069
f 1069//1069 1070//1070 1146//1146
f 1155//1155 1146//1146 1072//1072
f 1072//1072 1146//1146 1070//1070
f 1155//1155 1152//1152 1146//1146
f 1154//1154 1152//1152 1155//1155
f 1288//1288 1155//1155 1073//1073
f 1073//1073 1076//1076 1288//1288
f 1078//1078 1290//1290 1288//1288
f 1288//1288 1076//1076 1078//1078
f 1155//1155 1289//1289 1154//1154
f 1154//1154 1289//1289 1290//1290
f 638//638 637//637 782//782
f 700//700 1259//1259 1292//1292
f 1010//1010 977//977 1008//1008
f 1008//1008 319//319 1010//1010
f 1009//1009 319//319 276//276
f 276//276 1012//1012 1009//1009
f 946//946 982//982 1014//1014
f 1167//1167 15//15 867//867
f 1294//1294 1260//1260 14//14
f 1295//1295 1259//1259 1260//1260
f 1260//1260 1294//1294 1295//1295
f 14//14 1293//1293 1294//1294
f 1259//1259 1295//1295 1292//1292
f 1292//1292 1295//1295 1296//1296
f 16//16 1294//1294 1293//1293
f 1297//1297 1295//1295 1294//1294
f 1294//1294 16//16 1297//1297
f 1297//1297 1296//1296 1295//1295
f 373//373 1296//1296 1297//1297
f 15//15 1297//1297 16//16
f 376//376 373//373 15//15
f 15//15 373//373 1297//1297
f 1170//1170 376//376 1167//1167
f 1167//1167 376//376 15//15
f 868//868 376//376 1170//1170
f 1169//1169 895//895 1170//1170
f 1170//1170 895//895 868//868
f 914//914 913//913 1298//1298
f 897//897 917//917 72//72
f 1298//1298 917//917 914//914
f 757//757 383//383 385//385
f 9//9 758//758 761//761
f 998//998 362//362 1000//1000
f 1189//1189 1299//1299 29//29
f 1191//1191 29//29 1299//1299
f 1191//1191 1300//1300 31//31
f 1194//1194 1193//1193 34//34
f 34//34 1193//1193 30//30
f 1116//1116 1195//1195 1112//1112
f 1195//1195 1116//1116 1115//1115
f 1111//1111 1116//1116 1112//1112
f 1200//1200 1196//1196 1199//1199
f 1204//1204 1199//1199 1201//1201
f 1301//1301 1204//1204 1202//1202
f 1202//1202 1111//1111 1301//1301
f 1202//1202 1116//1116 1111//1111
f 1302//1302 1223//1223 1303//1303
f 1235//1235 1239//1239 1236//1236
f 1236//1236 1239//1239 1238//1238
f 1237//1237 1229//1229 974//974
f 1304//1304 974//974 1225//1225
f 1305//1305 1246//1246 1131//1131
f 1247//1247 1244//1244 976//976
f 885//885 881//881 1257//1257
f 1264//1264 1306//1306 839//839
f 1118//1118 798//798 799//799
f 435//435 53//53 44//44
f 1168//1168 867//867 865//865
f 867//867 1168//1168 1171//1171
f 1175//1175 1169//1169 1171//1171
f 1175//1175 895//895 1169//1169
f 902//902 893//893 1175//1175
f 1175//1175 893//893 895//895
f 331//331 332//332 905//905
f 905//905 340//340 331//331
f 1171//1171 1168//1168 1175//1175
f 1059//1059 766//766 662//662
f 1059//1059 1060//1060 766//766
f 966//966 957//957 967//967
f 967//967 957//957 1310//1310
f 1311//1311 1312//1312 959//959
f 1313//1313 1311//1311 1314//1314
f 1004//1004 968//968 955//955
f 19//19 1079//1079 1080//1080
f 1299//1299 1189//1189 1315//1315
f 1193//1193 35//35 30//30
f 1199//1199 1204//1204 1200//1200
f 1202//1202 1204//1204 1203//1203
f 1209//1209 1114//1114 1116//1116
f 1209//1209 1119//1119 1114//1114
f 1256//1256 1257//1257 881//881
f 1307//1307 1308//1308 777//777
f 1318//1318 1291//1291 1319//1319
f 1319//1319 1291//1291 889//889
f 1320//1320 1319//1319 889//889
f 889//889 1006//1006 1320//1320
f 784//784 51//51 1321//1321
f 865//865 1322//1322 1323//1323
f 1171//1171 1167//1167 867//867
f 376//376 868//868 70//70
f 894//894 71//71 868//868
f 868//868 71//71 70//70
f 921//921 869//869 919//919
f 662//662 766//766 765//765
f 994//994 765//765 766//766
f 1060//1060 445//445 994//994
f 1060//1060 994//994 766//766
f 220//220 1324//1324 1325//1325
f 959//959 1314//1314 1311//1311
f 971//971 1326//1326 970//970
f 1256//1256 875//875 874//874
f 975//975 974//974 1327//1327
f 1328//1328 1329//1329 1164//1164
f 1164//1164 1165//1165 1328//1328
f 1328//1328 1165//1165 1318//1318
f 1291//1291 1318//1318 1165//1165
f 417//417 636//636 637//637
f 421//421 432//432 428//428
f 981//981 432//432 980//980
f 1330//1330 865//865 1331//1331
f 1332//1332 1197//1197 1333//1333
f 1333//1333 1197//1197 1196//1196
f 1332//1332 1334//1334 1335//1335
f 1332//1332 1335//1335 1197//1197
f 1334//1334 1336//1336 1335//1335
f 873//873 1337//1337 1339//1339
f 1130//1130 1122//1122 1127//1127
f 1225//1225 1221//1221 1224//1224
f 1128//1128 1130//1130 1127//1127
f 1244//1244 1239//1239 1235//1235
f 1225//1225 1224//1224 1340//1340
f 1342//1342 873//873 1341//1341
f 872//872 873//873 1342//1342
f 872//872 1337//1337 873//873
f 872//872 1338//1338 1337//1337
f 875//875 1338//1338 872//872
f 872//872 1342//1342 1317//1317
f 976//976 1244//1244 1235//1235
f 1344//1344 1340//1340 1338//1338
f 1304//1304 1225//1225 1344//1344
f 875//875 1344//1344 1338//1338
f 1304//1304 1344//1344 875//875
f 1345//1345 1304//1304 875//875
f 1345//1345 875//875 1346//1346
f 881//881 1346//1346 1256//1256
f 1256//1256 1346//1346 875//875
f 974//974 1304//1304 1327//1327
f 874//874 877//877 1256//1256
f 1253//1253 1247//1247 976//976
f 976//976 879//879 1253//1253
f 1252//1252 1253//1253 879//879
f 12//12 1256//1256 877//877
f 882//882 881//881 885//885
f 1328//1328 1318//1318 1319//1319
f 367//367 1320//1320 1006//1006
f 1348//1348 864//864 989//989
f 801//801 788//788 1349//1349
f 1113//1113 1301//1301 1111//1111
f 1333//1333 1196//1196 1200//1200
f 1204//1204 1301//1301 1316//1316
f 1316//1316 1301//1301 1351//1351
f 1204//1204 1316//1316 1200//1200
f 1352//1352 1341//1341 873//873
f 1338//1338 1353//1353 1337//1337
f 1217//1217 102//102 1354//1354
f 1354//1354 1123//1123 1217//1217
f 1340//1340 1353//1353 1338//1338
f 1355//1355 667//667 797//797
f 1356//1356 667//667 1355//1355
f 1305//1305 885//885 1246//1246
f 885//885 1305//1305 1358//1358
f 1292//1292 699//699 700//700
f 1359//1359 989//989 988//988
f 864//864 1360//1360 1361//1361
f 1361//1361 866//866 864//864
f 866//866 1361//1361 1362//1362
f 865//865 866//866 1362//1362
f 865//865 1362//1362 1322//1322
f 373//373 93//93 1296//1296
f 1330//1330 1174//1174 865//865
f 1168//1168 1174//1174 869//869
f 919//919 869//869 1174//1174
f 1349//1349 1350//1350 1174//1174
f 919//919 1174//1174 1350//1350
f 922//922 919//919 337//337
f 386//386 870//870 926//926
f 926//926 870//870 927//927
f 871//871 860//860 309//309
f 309//309 860//860 307//307
f 1363//1363 1002//1002 1364//1364
f 1366//1366 1299//1299 1315//1315
f 1195//1195 54//54 38//38
f 1113//1113 1112//1112 1367//1367
f 1115//1115 54//54 1195//1195
f 1354//1354 1122//1122 1123//1123
f 1224//1224 1223//1223 1368//1368
f 110//110 796//796 797//797
f 667//667 110//110 797//797
f 668//668 667//667 1356//1356
f 1358//1358 1305//1305 675//675
f 54//54 1115//1115 800//800
f 220//220 221//221 1370//1370
f 71//71 894//894 896//896
f 897//897 72//72 71//71
f 71//71 896//896 897//897
f 897//897 898//898 917//917
f 359//359 1371//1371 220//220
f 1325//1325 1372//1372 1373//1373
f 1372//1372 1325//1325 1324//1324
f 1324//1324 1374//1374 1372//1372
f 941//941 965//965 1365//1365
f 1314//1314 1375//1375 1313//1313
f 970//970 1313//1313 1375//1375
f 1376//1376 1367//1367 1377//1377
f 1301//1301 1113//1113 1351//1351
f 883//883 1357//1357 1346//1346
f 1346//1346 1357//1357 1345//1345
f 220//220 1371//1371 221//221
f 221//221 1371//1371 1329//1329
f 1329//1329 1371//1371 1164//1164
f 1007//1007 418//418 416//416
f 952//952 953//953 1325//1325
f 1325//1325 953//953 359//359
f 1325//1325 359//359 220//220
f 1061//1061 445//445 1060//1060
f 1379//1379 446//446 1061//1061
f 1061//1061 446//446 445//445
f 1379//1379 1371//1371 446//446
f 359//359 446//446 1371//1371
f 1380//1380 804//804 1078//1078
f 1380//1380 1078//1078 1077//1077
f 1002//1002 961//961 1001//1001
f 960//960 961//961 1002//1002
f 1373//1373 962//962 952//952
f 1373//1373 952//952 1325//1325
f 1373//1373 1001//1001 962//962
f 959//959 960//960 1314//1314
f 1363//1363 960//960 1002//1002
f 1375//1375 1314//1314 960//960
f 1375//1375 960//960 1363//1363
f 970//970 1375//1375 964//964
f 964//964 1375//1375 1363//1363
f 955//955 403//403 1004//1004
f 969//969 968//968 1004//1004
f 968//968 969//969 956//956
f 1382//1382 1381//1381 1099//1099
f 883//883 1346//1346 881//881
f 1374//1374 1324//1324 1370//1370
f 1374//1374 1370//1370 1383//1383
f 70//70 374//374 376//376
f 913//913 906//906 1172//1172
f 1025//1025 1023//1023 1384//1384
f 1025//1025 1027//1027 1024//1024
f 1385//1385 1020//1020 1021//1021
f 1385//1385 1021//1021 1026//1026
f 1026//1026 1021//1021 1022//1022
f 1386//1386 1385//1385 1026//1026
f 1176//1176 1385//1385 1386//1386
f 1025//1025 1387//1387 1027//1027
f 1386//1386 1026//1026 1027//1027
f 1386//1386 1027//1027 1387//1387
f 1389//1389 1385//1385 1176//1176
f 1390//1390 1389//1389 1176//1176
f 1386//1386 1177//1177 1176//1176
f 1178//1178 1177//1177 1033//1033
f 1391//1391 1392//1392 1034//1034
f 1181//1181 1029//1029 1028//1028
f 1181//1181 1180//1180 1393//1393
f 1394//1394 1025//1025 1384//1384
f 1034//1034 1035//1035 1395//1395
f 1396//1396 1395//1395 1035//1035
f 1396//1396 1397//1397 1398//1398
f 1399//1399 1398//1398 1397//1397
f 1397//1397 1400//1400 1399//1399
f 1399//1399 1400//1400 1401//1401
f 1399//1399 1402//1402 1398//1398
f 1029//1029 1181//1181 1401//1401
f 1403//1403 1181//1181 1393//1393
f 1038//1038 1393//1393 1180//1180
f 1041//1041 1393//1393 1038//1038
f 1051//1051 1046//1046 1047//1047
f 1404//1404 1403//1403 1393//1393
f 1403//1403 1404//1404 1405//1405
f 1393//1393 1041//1041 1404//1404
f 1406//1406 1404//1404 1041//1041
f 1041//1041 1040//1040 1406//1406
f 1406//1406 1405//1405 1404//1404
f 1407//1407 1406//1406 1040//1040
f 1040//1040 1054//1054 1407//1407
f 1054//1054 1055//1055 1407//1407
f 1408//1408 1407//1407 1055//1055
f 1408//1408 1055//1055 1056//1056
f 1063//1063 1056//1056 1058//1058
f 1063//1063 1408//1408 1056//1056
f 1060//1060 937//937 1061//1061
f 937//937 1379//1379 1061//1061
f 1062//1062 1371//1371 1379//1379
f 1379//1379 937//937 939//939
f 1379//1379 939//939 1062//1062
f 1065//1065 1408//1408 1063//1063
f 963//963 970//970 964//964
f 1091//1091 31//31 1300//1300
f 1099//1099 1381//1381 1095//1095
f 835//835 1409//1409 838//838
f 1108//1108 1102//1102 1103//1103
f 32//32 35//35 28//28
f 1108//1108 1110//1110 1410//1410
f 1367//1367 1411//1411 1377//1377
f 1112//1112 36//36 1411//1411
f 1411//1411 1367//1367 1112//1112
f 36//36 33//33 1091//1091
f 1195//1195 38//38 1112//1112
f 1112//1112 38//38 36//36
f 1354//1354 1410//1410 1110//1110
f 1110//1110 1121//1121 1354//1354
f 1122//1122 1354//1354 1121//1121
f 102//102 1216//1216 794//794
f 1412//1412 794//794 1216//1216
f 1218//1218 1412//1412 1216//1216
f 1219//1219 1412//1412 1218//1218
f 1234//1234 1242//1242 1219//1219
f 1355//1355 797//797 1241//1241
f 1241//1241 797//797 1242//1242
f 1356//1356 1355//1355 1240//1240
f 1240//1240 1355//1355 1241//1241
f 1317//1317 876//876 872//872
f 878//878 876//876 1317//1317
f 878//878 1317//1317 1413//1413
f 1343//1343 878//878 1413//1413
f 883//883 880//880 1357//1357
f 1249//1249 1356//1356 1240//1240
f 1250//1250 1252//1252 1414//1414
f 1414//1414 1254//1254 1250//1250
f 1356//1356 1249//1249 1369//1369
f 1369//1369 668//668 1356//1356
f 1251//1251 1369//1369 1249//1249
f 673//673 1369//1369 1251//1251
f 1369//1369 673//673 672//672
f 1415//1415 1414//1414 1358//1358
f 1415//1415 673//673 1254//1254
f 1254//1254 673//673 1251//1251
f 1254//1254 1414//1414 1415//1415
f 1392//1392 1391//1391 1416//1416
f 1417//1417 1418//1418 1419//1419
f 1421//1421 1416//1416 1422//1422
f 1421//1421 1420//1420 1416//1416
f 1267//1267 1419//1419 1424//1424
f 1425//1425 1426//1426 1405//1405
f 1405//1405 1426//1426 1403//1403
f 1272//1272 1270//1270 1427//1427
f 1407//1407 1427//1427 1406//1406
f 1134//1134 1427//1427 1407//1407
f 1133//1133 1272//1272 1134//1134
f 1134//1134 1272//1272 1427//1427
f 1283//1283 1271//1271 1272//1272
f 1283//1283 1284//1284 1269//1269
f 1283//1283 1269//1269 1271//1271
f 1133//1133 1283//1283 1272//1272
f 1137//1137 1284//1284 1283//1283
f 1140//1140 1284//1284 1137//1137
f 1407//1407 1408//1408 1134//1134
f 1138//1138 1140//1140 1137//1137
f 1140//1140 1285//1285 1284//1284
f 1140//1140 1286//1286 1285//1285
f 1286//1286 1140//1140 1141//1141
f 1286//1286 1281//1281 1276//1276
f 1286//1286 1141//1141 1429//1429
f 1281//1281 1286//1286 1428//1428
f 1429//1429 1428//1428 1286//1286
f 1143//1143 1429//1429 1141//1141
f 1141//1141 1139//1139 1143//1143
f 1430//1430 1428//1428 1429//1429
f 1428//1428 1287//1287 1281//1281
f 1432//1432 1287//1287 1428//1428
f 1287//1287 1432//1432 1433//1433
f 1431//1431 1432//1432 1428//1428
f 1428//1428 1430//1430 1431//1431
f 1432//1432 1431//1431 1433//1433
f 1434//1434 1433//1433 1431//1431
f 1065//1065 1134//1134 1408//1408
f 1069//1069 1134//1134 1065//1065
f 1151//1151 1429//1429 1143//1143
f 1429//1429 1151//1151 1430//1430
f 1435//1435 1430//1430 1151//1151
f 1151//1151 1150//1150 1435//1435
f 1158//1158 1435//1435 1150//1150
f 1159//1159 665//665 1160//1160
f 1160//1160 665//665 838//838
f 1160//1160 838//838 1409//1409
f 682//682 1159//1159 1160//1160
f 799//799 798//798 793//793
f 1119//1119 799//799 1114//1114
f 1114//1114 799//799 800//800
f 1163//1163 1164//1164 1062//1062
f 1062//1062 1164//1164 1371//1371
f 1291//1291 1165//1165 888//888
f 1007//1007 416//416 1378//1378
f 987//987 878//878 1343//1343
f 70//70 72//72 251//251
f 249//249 251//251 72//72
f 1394//1394 1384//1384 1436//1436
f 1394//1394 1436//1436 1438//1438
f 1184//1184 1183//1183 1440//1440
f 1185//1185 1184//1184 1440//1440
f 1048//1048 1045//1045 1441//1441
f 1441//1441 1442//1442 1048//1048
f 1443//1443 1442//1442 1444//1444
f 1048//1048 1442//1442 1049//1049
f 1445//1445 1446//1446 1447//1447
f 1448//1448 1446//1446 1445//1445
f 1449//1449 1445//1445 1450//1450
f 1450//1450 1445//1445 1447//1447
f 1451//1451 1448//1448 1445//1445
f 1445//1445 1449//1449 1451//1451
f 1452//1452 1449//1449 1453//1453
f 1453//1453 1449//1449 1450//1450
f 1452//1452 1454//1454 1449//1449
f 1456//1456 1455//1455 1454//1454
f 1186//1186 1457//1457 1456//1456
f 1456//1456 1457//1457 1455//1455
f 1457//1457 1186//1186 1458//1458
f 1456//1456 1459//1459 1186//1186
f 1460//1460 1068//1068 1458//1458
f 1462//1462 1444//1444 1461//1461
f 1448//1448 1463//1463 1446//1446
f 1451//1451 1449//1449 1454//1454
f 1462//1462 1443//1443 1444//1444
f 1462//1462 1463//1463 1464//1464
f 1066//1066 1464//1464 1463//1463
f 1463//1463 1448//1448 1455//1455
f 1457//1457 1066//1066 1463//1463
f 1463//1463 1455//1455 1457//1457
f 1066//1066 1457//1457 1068//1068
f 1448//1448 1451//1451 1455//1455
f 1451//1451 1454//1454 1455//1455
f 1068//1068 1457//1457 1458//1458
f 1187//1187 1186//1186 1459//1459
f 22//22 18//18 1187//1187
f 1187//1187 1465//1465 22//22
f 19//19 1458//1458 1186//1186
f 18//18 19//19 1186//1186
f 22//22 21//21 18//18
f 23//23 22//22 1465//1465
f 1465//1465 1466//1466 23//23
f 1188//1188 1466//1466 1467//1467
f 1188//1188 23//23 1466//1466
f 1467//1467 1468//1468 1188//1188
f 26//26 23//23 1188//1188
f 1468//1468 1189//1189 1188//1188
f 1315//1315 1189//1189 1469//1469
f 1189//1189 1468//1468 1469//1469
f 1439//1439 1031//1031 1470//1470
f 1029//1029 1400//1400 1030//1030
f 1030//1030 1400//1400 1471//1471
f 1182//1182 1031//1031 1439//1439
f 1182//1182 1439//1439 1183//1183
f 1036//1036 1179//1179 1182//1182
f 1043//1043 1184//1184 1185//1185
f 1053//1053 1052//1052 1046//1046
f 1056//1056 1053//1053 1046//1046
f 1051//1051 1056//1056 1046//1046
f 1049//1049 1443//1443 1057//1057
f 1057//1057 1050//1050 1049//1049
f 663//663 929//929 932//932
f 1064//1064 1057//1057 1464//1464
f 1066//1066 1064//1064 1464//1464
f 1064//1064 1058//1058 1057//1057
f 1472//1472 1300//1300 1473//1473
f 1472//1472 1091//1091 1300//1300
f 36//36 1091//1091 1411//1411
f 38//38 37//37 36//36
f 826//826 846//846 827//827
f 1474//1474 827//827 846//846
f 677//677 772//772 678//678
f 1478//1478 1417//1417 1419//1419
f 1419//1419 1267//1267 1478//1478
f 1479//1479 1480//1480 1478//1478
f 1478//1478 1480//1480 1417//1417
f 1481//1481 1479//1479 1478//1478
f 1482//1482 1483//1483 1481//1481
f 1481//1481 1483//1483 1479//1479
f 1484//1484 1481//1481 1269//1269
f 1269//1269 1481//1481 1478//1478
f 1484//1484 1482//1482 1481//1481
f 774//774 1476//1476 1477//1477
f 1482//1482 1484//1484 55//55
f 1273//1273 1484//1484 1269//1269
f 1484//1484 1273//1273 55//55
f 1273//1273 1275//1275 55//55
f 1289//1289 1155//1155 1288//1288
f 1485//1485 114//114 113//113
f 681//681 62//62 1485//1485
f 680//680 62//62 681//681
f 689//689 688//688 833//833
f 51//51 1486//1486 1321//1321
f 1031//1031 1030//1030 1470//1470
f 1025//1025 1394//1394 1387//1387
f 1488//1488 1387//1387 1394//1394
f 1387//1387 1488//1488 1489//1489
f 1387//1387 1489//1489 1388//1388
f 1032//1032 1033//1033 1388//1388
f 1490//1490 1032//1032 1388//1388
f 1491//1491 1032//1032 1490//1490
f 1492//1492 1491//1491 1490//1490
f 1493//1493 1032//1032 1491//1491
f 1493//1493 1035//1035 1032//1032
f 1473//1473 1494//1494 1472//1472
f 1495//1495 1091//1091 1472//1472
f 1411//1411 1091//1091 1495//1495
f 772//772 1475//1475 1474//1474
f 771//771 678//678 772//772
f 1401//1401 1400//1400 1029//1029
f 1498//1498 1495//1495 1472//1472
f 1474//1474 1476//1476 772//772
f 1475//1475 772//772 677//677
f 1476//1476 774//774 771//771
f 944//944 1378//1378 416//416
f 1470//1470 1030//1030 1499//1499
f 1500//1500 1489//1489 1488//1488
f 119//119 945//945 120//120
f 1501//1501 1388//1388 1489//1489
f 1502//1502 1391//1391 1034//1034
f 1443//1443 1049//1049 1442//1442
f 1460//1460 1071//1071 1068//1068
f 1074//1074 1071//1071 1460//1460
f 1462//1462 1057//1057 1443//1443
f 1464//1464 1057//1057 1462//1462
f 1003//1003 965//965 941//941
f 19//19 1460//1460 1458//1458
f 19//19 1080//1080 1460//1460
f 1460//1460 1080//1080 1074//1074
f 941//941 834//834 1003//1003
f 837//837 834//834 835//835
f 1132//1132 1478//1478 1267//1267
f 1269//1269 1478//1478 1132//1132
f 1497//1497 1425//1425 1405//1405
f 1405//1405 1406//1406 1497//1497
f 1427//1427 1497//1497 1406//1406
f 1485//1485 113//113 681//681
f 1503//1503 1418//1418 1480//1480
f 1417//1417 1480//1480 1418//1418
f 1504//1504 1505//1505 827//827
f 1474//1474 1504//1504 827//827
f 826//826 1477//1477 846//846
f 1477//1477 1476//1476 846//846
f 771//771 772//772 1476//1476
f 115//115 122//122 1005//1005
f 1005//1005 682//682 115//115
f 664//664 1159//1159 1005//1005
f 682//682 1005//1005 1159//1159
f 113//113 115//115 682//682
f 682//682 681//681 113//113
f 119//119 120//120 430//430
f 43//43 119//119 40//40
f 40//40 119//119 430//430
f 40//40 430//430 44//44
f 13//13 12//12 973//973
f 879//879 887//887 1252//1252
f 1252//1252 887//887 1414//1414
f 1414//1414 887//887 886//886
f 986//986 14//14 13//13
f 986//986 1293//1293 14//14
f 986//986 863//863 1293//1293
f 16//16 1293//1293 863//863
f 8//8 7//7 85//85
f 310//310 85//85 7//7
f 882//882 886//886 884//884
f 887//887 884//884 886//886
f 1090//1090 26//26 1188//1188
f 31//31 27//27 1191//1191
f 32//32 28//28 27//27
f 31//31 32//32 27//27
f 37//37 54//54 793//793
f 267//267 787//787 441//441
f 263//263 346//346 787//787
f 263//263 264//264 346//346
f 346//346 264//264 1506//1506
f 345//345 267//267 441//441
f 1506//1506 75//75 346//346
f 76//76 75//75 1506//1506
f 73//73 76//76 77//77
f 80//80 349//349 78//78
f 303//303 349//349 80//80
f 1507//1507 1508//1508 1509//1509
f 1510//1510 1508//1508 1507//1507
f 1507//1507 1511//1511 1510//1510
f 1310//1310 959//959 1312//1312
f 41//41 40//40 44//44
f 1512//1512 1436//1436 1437//1437
f 1514//1514 1403//1403 1426//1426
f 294//294 1515//1515 89//89
f 89//89 1515//1515 63//63
f 1387//1387 1388//1388 1386//1386
f 1177//1177 1386//1386 1033//1033
f 1033//1033 1386//1386 1388//1388
f 1487//1487 1516//1516 1178//1178
f 1517//1517 1516//1516 1487//1487
f 933//933 937//937 663//663
f 663//663 932//932 933//933
f 938//938 939//939 937//937
f 1518//1518 406//406 1519//1519
f 1520//1520 98//98 1102//1102
f 98//98 1520//1520 813//813
f 820//820 1520//1520 1410//1410
f 819//819 813//813 1520//1520
f 820//820 819//819 1520//1520
f 100//100 817//817 821//821
f 796//796 795//795 1521//1521
f 797//797 796//796 1242//1242
f 1522//1522 1517//1517 1487//1487
f 1392//1392 1522//1522 1487//1487
f 1523//1523 1392//1392 1524//1524
f 1496//1496 1524//1524 1392//1392
f 1524//1524 1496//1496 1525//1525
f 1526//1526 1527//1527 1524//1524
f 826//826 825//825 1528//1528
f 1528//1528 1529//1529 826//826
f 1477//1477 826//826 1480//1480
f 827//827 1505//1505 825//825
f 676//676 844//844 842//842
f 677//677 676//676 842//842
f 828//828 679//679 1261//1261
f 774//774 1482//1482 773//773
f 1278//1278 771//771 773//773
f 1279//1279 773//773 1482//1482
f 771//771 1278//1278 775//775
f 945//945 1409//1409 944//944
f 1161//1161 1409//1409 945//945
f 945//945 119//119 1161//1161
f 1162//1162 1161//1161 119//119
f 683//683 1162//1162 43//43
f 43//43 1162//1162 119//119
f 42//42 683//683 43//43
f 233//233 226//226 227//227
f 1530//1530 1531//1531 371//371
f 1378//1378 944//944 1409//1409
f 1321//1321 1486//1486 1532//1532
f 1516//1516 1176//1176 1178//1178
f 674//674 1415//1415 670//670
f 1415//1415 674//674 673//673
f 1533//1533 670//670 1415//1415
f 1523//1523 1524//1524 1534//1534
f 1524//1524 1525//1525 1526//1526
f 1528//1528 1526//1526 1525//1525
f 1525//1525 1503//1503 1528//1528
f 1529//1529 1528//1528 1503//1503
f 843//843 822//822 844//844
f 677//677 842//842 1475//1475
f 1482//1482 55//55 1279//1279
f 371//371 184//184 183//183
f 183//183 1530//1530 371//371
f 1530//1530 183//183 193//193
f 1530//1530 193//193 207//207
f 1531//1531 1530//1530 207//207
f 209//209 1531//1531 207//207
f 209//209 207//207 208//208
f 202//202 223//223 209//209
f 224//224 223//223 202//202
f 2//2 3//3 50//50
f 422//422 436//436 858//858
f 436//436 660//660 858//858
f 1176//1176 1516//1516 1390//1390
f 1300//1300 1191//1191 1299//1299
f 1108//1108 1520//1520 1102//1102
f 1410//1410 1520//1520 1108//1108
f 821//821 820//820 1410//1410
f 1354//1354 821//821 1410//1410
f 1526//1526 1528//1528 825//825
f 1480//1480 1529//1529 1503//1503
f 1505//1505 1535//1535 1526//1526
f 1526//1526 1535//1535 1536//1536
f 825//825 1505//1505 1526//1526
f 1536//1536 1535//1535 1537//1537
f 1504//1504 1535//1535 1505//1505
f 822//822 843//843 1537//1537
f 1537//1537 1535//1535 822//822
f 842//842 822//822 1504//1504
f 1504//1504 822//822 1535//1535
f 1475//1475 842//842 1504//1504
f 1483//1483 1477//1477 1480//1480
f 1480//1480 1479//1479 1483//1483
f 774//774 1477//1477 1483//1483
f 1482//1482 774//774 1483//1483
f 1279//1279 55//55 1275//1275
f 1289//1289 1288//1288 1290//1290
f 777//777 1308//1308 776//776
f 783//783 223//223 224//224
f 716//716 720//720 1538//1538
f 51//51 50//50 1486//1486
f 1390//1390 1517//1517 1389//1389
f 1517//1517 1390//1390 1516//1516
f 763//763 1539//1539 1540//1540
f 557//557 763//763 1540//1540
f 763//763 764//764 1539//1539
f 1518//1518 1519//1519 1380//1380
f 804//804 1380//1380 1519//1519
f 1381//1381 571//571 1518//1518
f 405//405 1518//1518 571//571
f 1381//1381 1518//1518 1095//1095
f 1095//1095 1518//1518 1380//1380
f 1541//1541 571//571 1382//1382
f 1382//1382 571//571 1381//1381
f 98//98 1541//1541 1382//1382
f 98//98 1382//1382 1099//1099
f 1102//1102 98//98 1099//1099
f 106//106 61//61 794//794
f 794//794 795//795 106//106
f 1521//1521 795//795 1412//1412
f 1412//1412 795//795 794//794
f 1542//1542 1389//1389 1517//1517
f 1517//1517 1543//1543 1542//1542
f 1543//1543 1517//1517 1522//1522
f 1523//1523 1543//1543 1522//1522
f 1544//1544 1543//1543 1523//1523
f 1523//1523 1534//1534 1544//1544
f 1543//1543 1545//1545 1542//1542
f 1545//1545 1543//1543 1544//1544
f 1546//1546 1544//1544 1534//1534
f 1527//1527 1547//1547 1546//1546
f 1527//1527 1546//1546 1534//1534
f 1547//1547 1527//1527 1536//1536
f 1545//1545 1544//1544 1546//1546
f 1546//1546 1548//1548 1545//1545
f 1548//1548 1546//1546 1547//1547
f 1534//1534 1524//1524 1527//1527
f 1526//1526 1536//1536 1527//1527
f 1480//1480 826//826 1529//1529
f 1537//1537 1547//1547 1536//1536
f 844//844 845//845 843//843
f 1504//1504 1474//1474 1475//1475
f 1261//1261 847//847 828//828
f 1279//1279 1278//1278 773//773
f 1552//1552 115//115 1551//1551
f 115//115 114//114 1551//1551
f 776//776 1485//1485 62//62
f 1119//1119 1118//1118 799//799
f 782//782 1531//1531 209//209
f 948//948 950//950 1553//1553
f 1554//1554 1555//1555 1556//1556
f 1556//1556 1555//1555 1557//1557
f 1540//1540 1554//1554 444//444
f 444//444 1554//1554 1556//1556
f 1540//1540 1539//1539 1554//1554
f 557//557 1540//1540 444//444
f 806//806 830//830 769//769
f 1219//1219 796//796 1521//1521
f 1219//1219 1521//1521 1412//1412
f 108//108 413//413 411//411
f 1242//1242 796//796 1219//1219
f 108//108 109//109 112//112
f 1166//1166 56//56 1131//1131
f 672//672 668//668 1369//1369
f 1358//1358 886//886 885//885
f 886//886 1358//1358 1414//1414
f 1415//1415 1358//1358 1533//1533
f 1548//1548 1547//1547 1537//1537
f 1548//1548 1537//1537 843//843
f 843//843 1558//1558 1548//1548
f 840//840 1559//1559 824//824
f 824//824 1560//1560 845//845
f 1560//1560 824//824 1559//1559
f 1559//1559 1561//1561 1560//1560
f 845//845 1560//1560 843//843
f 1558//1558 843//843 1560//1560
f 1558//1558 1560//1560 1561//1561
f 1561//1561 1549//1549 1558//1558
f 823//823 840//840 824//824
f 839//839 1306//1306 840//840
f 1263//1263 839//839 841//841
f 840//840 1562//1562 1559//1559
f 1562//1562 840//840 1306//1306
f 1561//1561 1559//1559 1562//1562
f 1562//1562 1563//1563 1561//1561
f 1549//1549 1561//1561 1563//1563
f 1549//1549 1563//1563 1550//1550
f 847//847 1263//1263 841//841
f 1153//1153 1154//1154 1564//1564
f 1154//1154 1290//1290 1551//1551
f 1564//1564 1154//1154 1551//1551
f 804//804 1552//1552 1078//1078
f 1078//1078 1552//1552 1290//1290
f 1551//1551 1290//1290 1552//1552
f 1564//1564 1551//1551 1565//1565
f 1565//1565 1551//1551 114//114
f 1565//1565 114//114 1485//1485
f 1156//1156 1153//1153 1564//1564
f 1564//1564 1157//1157 1156//1156
f 1565//1565 1157//1157 1564//1564
f 1565//1565 1158//1158 1157//1157
f 1158//1158 1565//1565 1485//1485
f 782//782 209//209 223//223
f 783//783 782//782 223//223
f 702//702 66//66 699//699
f 1569//1569 1422//1422 1568//1568
f 1570//1570 1553//1553 1511//1511
f 954//954 404//404 955//955
f 955//955 404//404 403//403
f 29//29 1090//1090 1190//1190
f 1077//1077 1095//1095 1380//1380
f 1099//1099 1095//1095 1096//1096
f 1102//1102 1099//1099 1098//1098
f 835//835 833//833 836//836
f 409//409 408//408 412//412
f 412//412 408//408 411//411
f 594//594 412//412 414//414
f 414//414 412//412 411//411
f 1422//1422 1416//1416 1568//1568
f 1572//1572 1571//1571 1306//1306
f 1306//1306 1264//1264 1572//1572
f 848//848 1573//1573 1264//1264
f 1573//1573 1572//1572 1264//1264
f 1571//1571 1572//1572 851//851
f 1572//1572 1573//1573 852//852
f 852//852 851//851 1572//1572
f 851//851 1566//1566 1571//1571
f 1562//1562 1306//1306 1571//1571
f 1571//1571 1574//1574 1562//1562
f 1563//1563 1562//1562 1574//1574
f 1574//1574 1571//1571 1566//1566
f 1574//1574 1575//1575 1563//1563
f 1550//1550 1563//1563 1575//1575
f 1575//1575 1576//1576 1550//1550
f 1577//1577 1265//1265 1261//1261
f 1578//1578 852//852 848//848
f 848//848 852//852 1573//1573
f 848//848 1265//1265 1579//1579
f 1579//1579 1578//1578 848//848
f 1580//1580 1578//1578 1579//1579
f 1577//1577 1579//1579 1265//1265
f 1577//1577 1581//1581 1579//1579
f 1582//1582 1580//1580 1579//1579
f 1579//1579 1581//1581 1582//1582
f 1261//1261 1266//1266 1577//1577
f 1583//1583 1577//1577 1266//1266
f 1266//1266 1287//1287 1583//1583
f 1433//1433 1583//1583 1287//1287
f 1577//1577 1583//1583 1584//1584
f 1577//1577 1584//1584 1581//1581
f 1586//1586 1585//1585 1581//1581
f 1581//1581 1584//1584 1586//1586
f 1587//1587 1583//1583 1433//1433
f 1434//1434 1587//1587 1433//1433
f 1588//1588 1587//1587 1434//1434
f 1587//1587 1584//1584 1583//1583
f 1589//1589 1584//1584 1587//1587
f 1590//1590 1586//1586 1589//1589
f 1589//1589 1586//1586 1584//1584
f 1588//1588 1589//1589 1587//1587
f 1591//1591 1590//1590 1589//1589
f 1592//1592 1431//1431 1430//1430
f 1592//1592 1434//1434 1431//1431
f 1593//1593 1434//1434 1592//1592
f 1435//1435 1592//1592 1430//1430
f 1594//1594 1592//1592 1435//1435
f 1595//1595 1593//1593 1592//1592
f 1588//1588 1434//1434 1593//1593
f 1596//1596 1588//1588 1593//1593
f 1591//1591 1589//1589 1588//1588
f 1588//1588 1596//1596 1591//1591
f 1596//1596 1593//1593 1595//1595
f 1597//1597 1596//1596 1595//1595
f 1598//1598 1591//1591 1596//1596
f 1435//1435 1158//1158 1594//1594
f 1485//1485 1594//1594 1158//1158
f 1594//1594 1595//1595 1592//1592
f 1594//1594 1485//1485 776//776
f 776//776 1595//1595 1594//1594
f 776//776 1597//1597 1595//1595
f 1308//1308 1596//1596 1597//1597
f 1308//1308 1597//1597 776//776
f 1161//1161 1160//1160 1409//1409
f 855//855 683//683 42//42
f 836//836 833//833 688//688
f 688//688 1378//1378 836//836
f 1378//1378 688//688 1007//1007
f 642//642 587//587 666//666
f 666//666 691//691 642//642
f 691//691 666//666 409//409
f 698//698 695//695 56//56
f 698//698 56//56 1166//1166
f 1292//1292 702//702 699//699
f 916//916 1599//1599 892//892
f 1013//1013 703//703 979//979
f 1009//1009 1012//1012 979//979
f 979//979 1012//1012 1013//1013
f 1010//1010 319//319 1009//1009
f 703//703 1013//1013 706//706
f 1600//1600 1574//1574 1566//1566
f 1576//1576 1575//1575 1601//1601
f 851//851 1600//1600 1566//1566
f 1601//1601 1602//1602 1603//1603
f 1601//1601 1603//1603 853//853
f 1581//1581 1604//1604 1582//1582
f 1585//1585 1604//1604 1581//1581
f 1610//1610 1611//1611 1612//1612
f 1611//1611 1610//1610 1321//1321
f 784//784 1321//1321 856//856
f 856//856 1321//1321 1610//1610
f 1321//1321 1532//1532 1611//1611
f 784//784 44//44 53//53
f 983//983 550//550 548//548
f 983//983 549//549 984//984
f 548//548 549//549 983//983
f 550//550 983//983 735//735
f 744//744 736//736 985//985
f 985//985 736//736 735//735
f 910//910 1599//1599 916//916
f 1557//1557 1570//1570 394//394
f 394//394 1570//1570 351//351
f 394//394 351//351 355//355
f 1555//1555 1553//1553 1570//1570
f 1570//1570 1557//1557 1555//1555
f 353//353 356//356 355//355
f 1556//1556 1557//1557 394//394
f 394//394 393//393 1556//1556
f 393//393 394//394 355//355
f 444//444 1556//1556 393//393
f 395//395 393//393 355//355
f 1539//1539 948//948 1554//1554
f 1554//1554 948//948 1555//1555
f 557//557 444//444 398//398
f 398//398 395//395 396//396
f 1613//1613 314//314 560//560
f 560//560 314//314 313//313
f 317//317 560//560 313//313
f 931//931 316//316 314//314
f 931//931 314//314 1613//1613
f 931//931 661//661 316//316
f 561//561 558//558 399//399
f 399//399 1614//1614 561//561
f 318//318 561//561 565//565
f 565//565 561//561 1614//1614
f 1615//1615 361//361 1616//1616
f 1616//1616 361//361 362//362
f 1616//1616 362//362 998//998
f 1615//1615 1616//1616 364//364
f 364//364 1616//1616 366//366
f 366//366 1616//1616 998//998
f 396//396 360//360 361//361
f 361//361 1617//1617 396//396
f 1617//1617 361//361 1615//1615
f 1615//1615 768//768 1617//1617
f 1617//1617 1618//1618 399//399
f 399//399 396//396 1617//1617
f 768//768 1615//1615 364//364
f 803//803 768//768 767//767
f 1614//1614 399//399 1619//1619
f 1619//1619 399//399 1618//1618
f 565//565 1614//1614 1619//1619
f 1518//1518 405//405 406//406
f 806//806 1619//1619 830//830
f 570//570 568//568 1541//1541
f 1541//1541 568//568 571//571
f 570//570 95//95 572//572
f 121//121 807//807 572//572
f 121//121 572//572 95//95
f 1621//1621 599//599 1620//1620
f 1621//1621 1620//1620 831//831
f 831//831 832//832 1621//1621
f 97//97 121//121 95//95
f 95//95 570//570 1541//1541
f 1541//1541 96//96 95//95
f 836//836 1409//1409 835//835
f 1622//1622 599//599 1621//1621
f 832//832 808//808 1621//1621
f 574//574 1622//1622 1621//1621
f 1621//1621 1623//1623 574//574
f 1623//1623 1621//1621 808//808
f 808//808 811//811 1623//1623
f 573//573 574//574 1624//1624
f 1624//1624 574//574 1623//1623
f 1624//1624 1623//1623 811//811
f 577//577 573//573 1624//1624
f 1624//1624 816//816 577//577
f 816//816 1624//1624 815//815
f 815//815 1624//1624 811//811
f 576//576 573//573 577//577
f 816//816 578//578 577//577
f 575//575 577//577 578//578
f 579//579 578//578 101//101
f 101//101 578//578 816//816
f 816//816 100//100 101//101
f 591//591 579//579 101//101
f 593//593 101//101 103//103
f 106//106 593//593 103//103
f 593//593 1625//1625 592//592
f 106//106 104//104 593//593
f 593//593 104//104 1625//1625
f 105//105 1625//1625 104//104
f 410//410 583//583 105//105
f 410//410 105//105 108//108
f 411//411 410//410 108//108
f 1626//1626 1598//1598 1596//1596
f 1596//1596 1308//1308 1626//1626
f 1627//1627 1626//1626 1308//1308
f 1628//1628 1627//1627 1307//1307
f 1307//1307 1627//1627 1308//1308
f 855//855 777//777 683//683
f 855//855 1628//1628 777//777
f 777//777 1628//1628 1307//1307
f 636//636 781//781 1007//1007
f 636//636 371//371 1531//1531
f 1531//1531 637//637 636//636
f 517//517 64//64 87//87
f 63//63 87//87 64//64
f 89//89 63//63 65//65
f 704//704 979//979 703//703
f 549//549 706//706 1013//1013
f 1600//1600 1629//1629 1574//1574
f 1575//1575 1574//1574 1602//1602
f 1602//1602 1574//1574 1629//1629
f 1601//1601 1575//1575 1602//1602
f 1600//1600 851//851 1630//1630
f 852//852 1630//1630 851//851
f 1600//1600 1630//1630 1631//1631
f 1605//1605 1631//1631 1630//1630
f 1629//1629 1600//1600 1632//1632
f 1602//1602 1629//1629 1633//1633
f 1633//1633 1629//1629 1632//1632
f 1606//1606 1634//1634 1633//1633
f 1633//1633 1632//1632 1606//1606
f 1603//1603 1602//1602 1633//1633
f 1603//1603 1633//1633 1634//1634
f 1631//1631 1632//1632 1600//1600
f 1635//1635 1632//1632 1631//1631
f 1635//1635 1606//1606 1632//1632
f 1605//1605 1635//1635 1631//1631
f 1578//1578 1636//1636 852//852
f 852//852 1636//1636 1630//1630
f 1580//1580 1636//1636 1578//1578
f 1630//1630 1636//1636 1605//1605
f 1637//1637 1636//1636 1580//1580
f 1580//1580 1582//1582 1637//1637
f 1638//1638 1605//1605 1636//1636
f 1639//1639 1638//1638 1637//1637
f 1637//1637 1638//1638 1636//1636
f 1638//1638 1635//1635 1605//1605
f 1640//1640 1638//1638 1639//1639
f 711//711 708//708 707//707
f 710//710 707//707 1642//1642
f 710//710 711//711 707//707
f 712//712 710//710 1642//1642
f 713//713 610//610 611//611
f 611//611 612//612 713//713
f 612//612 714//714 713//713
f 708//708 711//711 713//713
f 713//713 1643//1643 708//708
f 1643//1643 713//713 714//714
f 1643//1643 714//714 1644//1644
f 1644//1644 714//714 643//643
f 1645//1645 1646//1646 1606//1606
f 1634//1634 1606//1606 1646//1646
f 707//707 708//708 1646//1646
f 707//707 1646//1646 1645//1645
f 708//708 1647//1647 1646//1646
f 1646//1646 1647//1647 1634//1634
f 1634//1634 853//853 1603//1603
f 853//853 1634//1634 1647//1647
f 1647//1647 854//854 853//853
f 1648//1648 1645//1645 1606//1606
f 1648//1648 1606//1606 1635//1635
f 1642//1642 1645//1645 1648//1648
f 1648//1648 1635//1635 1607//1607
f 1649//1649 1642//1642 1648//1648
f 1649//1649 1648//1648 1607//1607
f 1642//1642 707//707 1645//1645
f 712//712 1642//1642 1649//1649
f 1647//1647 708//708 1643//1643
f 1643//1643 854//854 1647//1647
f 854//854 1643//1643 1644//1644
f 1567//1567 854//854 1644//1644
f 1635//1635 1638//1638 1607//1607
f 1650//1650 1607//1607 1638//1638
f 1638//1638 1640//1640 1650//1650
f 1651//1651 1649//1649 1607//1607
f 1607//1607 1650//1650 1651//1651
f 719//719 712//712 1649//1649
f 719//719 1649//1649 1651//1651
f 1652//1652 1651//1651 1650//1650
f 1641//1641 1650//1650 1640//1640
f 1650//1650 1641//1641 1652//1652
f 720//720 719//719 1652//1652
f 1652//1652 719//719 1651//1651
f 624//624 643//643 613//613
f 624//624 1653//1653 643//643
f 1653//1653 624//624 625//625
f 1644//1644 643//643 1653//1653
f 1653//1653 645//645 1644//1644
f 1567//1567 1644//1644 645//645
f 1608//1608 1567//1567 645//645
f 645//645 1653//1653 625//625
f 1654//1654 1608//1608 644//644
f 1604//1604 1637//1637 1582//1582
f 1655//1655 1604//1604 1585//1585
f 1585//1585 1586//1586 1656//1656
f 1585//1585 1656//1656 1655//1655
f 1637//1637 1604//1604 1657//1657
f 1657//1657 1639//1639 1637//1637
f 1604//1604 1655//1655 1657//1657
f 1657//1657 1640//1640 1639//1639
f 1657//1657 1641//1641 1640//1640
f 1658//1658 1641//1641 1657//1657
f 1657//1657 1655//1655 1609//1609
f 1659//1659 1641//1641 1658//1658
f 1609//1609 1658//1658 1657//1657
f 1586//1586 1590//1590 1656//1656
f 1609//1609 1655//1655 1656//1656
f 1609//1609 1656//1656 1590//1590
f 1590//1590 1591//1591 1661//1661
f 1660//1660 1609//1609 1590//1590
f 1662//1662 1660//1660 1661//1661
f 1661//1661 1660//1660 1590//1590
f 1663//1663 1660//1660 1662//1662
f 1664//1664 1658//1658 1609//1609
f 1665//1665 1658//1658 1664//1664
f 1666//1666 1659//1659 1658//1658
f 1658//1658 1665//1665 1666//1666
f 1660//1660 1664//1664 1609//1609
f 1667//1667 1666//1666 1665//1665
f 1668//1668 1652//1652 1641//1641
f 1668//1668 720//720 1652//1652
f 721//721 720//720 1668//1668
f 1669//1669 1641//1641 1659//1659
f 1641//1641 1669//1669 1668//1668
f 727//727 721//721 1668//1668
f 1670//1670 1668//1668 1669//1669
f 1666//1666 1669//1669 1659//1659
f 1666//1666 1670//1670 1669//1669
f 1668//1668 1670//1670 727//727
f 728//728 727//727 1670//1670
f 1671//1671 1670//1670 1666//1666
f 1670//1670 1671//1671 728//728
f 1662//1662 1661//1661 1591//1591
f 1663//1663 1662//1662 1672//1672
f 1598//1598 1662//1662 1591//1591
f 1611//1611 1672//1672 1662//1662
f 1667//1667 1664//1664 1663//1663
f 1663//1663 1664//1664 1660//1660
f 1673//1673 1663//1663 1672//1672
f 1673//1673 1667//1667 1663//1663
f 1667//1667 1665//1665 1664//1664
f 1674//1674 1673//1673 1672//1672
f 1674//1674 1667//1667 1673//1673
f 1626//1626 1662//1662 1598//1598
f 1612//1612 1626//1626 1627//1627
f 1626//1626 1611//1611 1662//1662
f 1532//1532 1672//1672 1611//1611
f 1612//1612 1611//1611 1626//1626
f 1675//1675 1627//1627 1628//1628
f 1610//1610 1612//1612 1675//1675
f 1675//1675 1612//1612 1627//1627
f 855//855 1675//1675 1628//1628
f 856//856 1610//1610 1675//1675
f 1675//1675 855//855 856//856
f 1532//1532 1674//1674 1672//1672
f 1486//1486 1674//1674 1532//1532
f 1676//1676 1667//1667 1674//1674
f 50//50 1676//1676 1674//1674
f 1674//1674 1486//1486 50//50
f 1677//1677 728//728 1671//1671
f 730//730 728//728 1677//1677
f 1677//1677 734//734 730//730
f 1678//1678 1666//1666 1667//1667
f 1677//1677 1671//1671 1678//1678
f 1678//1678 1671//1671 1666//1666
f 1676//1676 1678//1678 1667//1667
f 1678//1678 1676//1676 1677//1677
f 1679//1679 1677//1677 1676//1676
f 1679//1679 734//734 1677//1677
f 3//3 1679//1679 1676//1676
f 1676//1676 50//50 3//3
f 3//3 734//734 1679//1679
f 856//856 857//857 784//784
f 660//660 52//52 435//435
f 890//890 892//892 1599//1599
f 735//735 554//554 550//550
f 743//743 744//744 985//985
f 985//985 741//741 743//743
f 742//742 743//743 741//741
f 549//549 550//550 706//706
f 550//550 551//551 706//706
f 239//239 91//91 240//240
f 240//240 91//91 92//92
f 912//912 907//907 906//906
f 251//251 377//377 70//70
f 927//927 1599//1599 910//910
f 927//927 890//890 1599//1599
f 173//173 4//4 171//171
f 184//184 181//181 182//182
f 183//183 182//182 193//193
f 639//639 418//418 417//417
f 419//419 418//418 639//639
f 222//222 200//200 206//206
f 222//222 635//635 422//422
f 639//639 421//421 419//419
f 420//420 419//419 421//421
f 224//224 858//858 783//783
f 222//222 858//858 224//224
f 718//718 540//540 717//717
f 540//540 718//718 541//541
f 645//645 625//625 644//644
f 645//645 644//644 1608//1608
f 1654//1654 644//644 649//649
f 649//649 650//650 1654//1654
f 543//543 541//541 1538//1538
f 1538//1538 541//541 718//718
f 1538//1538 718//718 716//716
f 544//544 543//543 722//722
f 722//722 543//543 1538//1538
f 722//722 1538//1538 720//720
f 211//211 168//168 544//544
f 544//544 216//216 211//211
f 722//722 724//724 544//544
f 724//724 722//722 723//723
f 216//216 544//544 724//724
f 217//217 216//216 725//725
f 57//57 732//732 52//52
f 422//422 635//635 657//657
f 657//657 436//436 422//422
f 57//57 1680//1680 658//658
f 658//658 1680//1680 657//657
f 732//732 57//57 658//658
f 732//732 731//731 47//47
f 3//3 2//2 47//47
f 3//3 47//47 731//731
f 47//47 52//52 732//732
f 432//432 981//981 433//433
f 435//435 433//433 981//981
f 1681//1681 993//993 995//995
f 995//995 993//993 992//992
f 999//999 1681//1681 996//996
f 996//996 1681//1681 995//995
f 406//406 954//954 1519//1519
f 1519//1519 954//954 805//805
f 1519//1519 805//805 804//804
f 1552//1552 804//804 122//122
f 122//122 804//804 805//805
f 115//115 1552//1552 122//122
f 948//948 993//993 949//949
f 949//949 993//993 1681//1681
f 949//949 1681//1681 951//951
f 999//999 951//951 1681//1681
f 418//418 781//781 417//417
f 345//345 441//441 344//344
f 344//344 296//296 345//345
f 764//764 948//948 1539//1539
f 764//764 993//993 948//948
f 436//436 657//657 1680//1680
f 659//659 783//783 858//858
f 1680//1680 660//660 436//436
f 57//57 660//660 1680//1680
f 948//948 1553//1553 1555//1555
f 951//951 1000//1000 1682//1682
f 96//96 1541//1541 98//98
f 1125//1125 1336//1336 1683//1683
f 233//233 1163//1163 1062//1062
f 233//233 232//232 1163//1163
f 1006//1006 889//889 184//184
f 553//553 58//58 59//59
f 1513//1513 1512//1512 1437//1437
f 662//662 929//929 663//663
f 1198//1198 1197//1197 1335//1335
f 1335//1335 1124//1124 1198//1198
f 1124//1124 1335//1335 1336//1336
f 640//640 782//782 783//783
f 660//660 659//659 858//858
f 57//57 52//52 660//660
f 49//49 45//45 439//439
f 559//559 1613//1613 560//560
f 566//566 565//565 1684//1684
f 1684//1684 565//565 1619//1619
f 1684//1684 1619//1619 806//806
f 807//807 1684//1684 806//806
f 1131//1131 56//56 1305//1305
f 1305//1305 56//56 669//669
f 669//669 675//675 1305//1305
f 675//675 1533//1533 1358//1358
f 695//695 694//694 693//693
f 695//695 693//693 56//56
f 693//693 694//694 692//692
f 56//56 693//693 696//696
f 56//56 696//696 669//669
f 1613//1613 596//596 595//595
f 930//930 931//931 1613//1613
f 1613//1613 595//595 930//930
f 596//596 1613//1613 559//559
f 595//595 940//940 930//930
f 1685//1685 318//318 566//566
f 1684//1684 1686//1686 566//566
f 1686//1686 1684//1684 807//807
f 599//599 566//566 1620//1620
f 1620//1620 566//566 1686//1686
f 1620//1620 1686//1686 831//831
f 831//831 1686//1686 807//807
f 738//738 741//741 739//739
f 389//389 789//789 870//870
f 870//870 386//386 389//389
f 790//790 738//738 740//740
f 740//740 789//789 790//790
f 1310//1310 957//957 959//959
f 403//403 365//365 366//366
f 403//403 366//366 967//967
f 279//279 274//274 1687//1687
f 1511//1511 1553//1553 950//950
f 1688//1688 950//950 1689//1689
f 951//951 1689//1689 950//950
f 1690//1690 1373//1373 1372//1372
f 1006//1006 371//371 367//367
f 951//951 950//950 949//949
f 1618//1618 830//830 1619//1619
f 1531//1531 782//782 637//637
f 184//184 889//889 179//179
f 44//44 857//857 41//41
f 967//967 1691//1691 403//403
f 821//821 102//102 100//100
f 1354//1354 102//102 821//821
f 1220//1220 1126//1126 1226//1226
f 179//179 889//889 1291//1291
f 416//416 943//943 944//944
f 184//184 371//371 1006//1006
f 640//640 638//638 782//782
f 943//943 427//427 944//944
f 309//309 9//9 871//871
f 1570//1570 1511//1511 352//352
f 352//352 1511//1511 1507//1507
f 352//352 1507//1507 1509//1509
f 352//352 1509//1509 354//354
f 351//351 1570//1570 352//352
f 1692//1692 362//362 358//358
f 362//362 1692//1692 1000//1000
f 967//967 366//366 966//966
f 670//670 1533//1533 675//675
f 418//418 419//419 416//416
f 415//415 416//416 419//419
f 1378//1378 1409//1409 836//836
f 636//636 417//417 781//781
f 418//418 1007//1007 781//781
f 85//85 84//84 8//8
f 947//947 291//291 862//862
f 947//947 862//862 861//861
f 1350//1350 1349//1349 788//788
f 1350//1350 337//337 919//919
f 337//337 1350//1350 338//338
f 338//338 1350//1350 788//788
f 1487//1487 1034//1034 1392//1392
f 1487//1487 1178//1178 1034//1034
f 1694//1694 1373//1373 1690//1690
f 1125//1125 1683//1683 1303//1303
f 1303//1303 1223//1223 1125//1125
f 1125//1125 1223//1223 1222//1222
f 1125//1125 1222//1222 1226//1226
f 1226//1226 1222//1222 1228//1228
f 1522//1522 1392//1392 1523//1523
f 406//406 404//404 954//954
f 999//999 961//961 998//998
f 1124//1124 1336//1336 1125//1125
f 1125//1125 1226//1226 1126//1126
f 1476//1476 1474//1474 846//846
f 950//950 1510//1510 1511//1511
f 1618//1618 768//768 803//803
f 768//768 1618//1618 1617//1617
f 768//768 364//364 363//363
f 830//830 1618//1618 803//803
f 179//179 1291//1291 888//888
f 1687//1687 862//862 279//279
f 291//291 279//279 862//862
f 756//756 45//45 58//58
f 9//9 8//8 1309//1309
f 1693//1693 320//320 1008//1008
f 276//276 274//274 273//273
f 1693//1693 1696//1696 320//320
f 274//274 320//320 1696//1696
f 1697//1697 1695//1695 1696//1696
f 285//285 1695//1695 1697//1697
f 1687//1687 274//274 1696//1696
f 1695//1695 1687//1687 1696//1696
f 1687//1687 1695//1695 862//862
f 1698//1698 281//281 286//286
f 1698//1698 286//286 1697//1697
f 285//285 1697//1697 286//286
f 273//273 291//291 290//290
f 861//861 862//862 284//284
f 284//284 802//802 861//861
f 861//861 859//859 947//947
f 1309//1309 760//760 9//9
f 9//9 760//760 758//758
f 10//10 760//760 1309//1309
f 1309//1309 8//8 10//10
f 10//10 8//8 443//443
f 443//443 8//8 84//84
f 284//284 862//862 1695//1695
f 286//286 350//350 284//284
f 802//802 284//284 350//350
f 311//311 802//802 350//350
f 303//303 80//80 271//271
f 65//65 64//64 67//67
f 1368//1368 1223//1223 1302//1302
f 1695//1695 285//285 284//284
f 93//93 69//69 702//702
f 702//702 1292//1292 93//93
f 1296//1296 93//93 1292//1292
f 990//990 915//915 912//912
f 334//334 347//347 385//385
f 899//899 332//332 334//334
f 922//922 337//337 336//336
f 924//924 922//922 343//343
f 343//343 922//922 336//336
f 923//923 924//924 343//343
f 923//923 343//343 925//925
f 343//343 339//339 925//925
f 340//340 925//925 339//339
f 341//341 338//338 335//335
f 915//915 990//990 385//385
f 385//385 384//384 915//915
f 859//859 861//861 802//802
f 802//802 307//307 859//859
f 1697//1697 1699//1699 1698//1698
f 7//7 9//9 309//309
f 265//265 345//345 296//296
f 267//267 442//442 787//787
f 787//787 442//442 263//263
f 262//262 263//263 442//442
f 262//262 264//264 263//263
f 76//76 1506//1506 260//260
f 260//260 1506//1506 264//264
f 266//266 345//345 265//265
f 272//272 76//76 260//260
f 665//665 664//664 837//837
f 369//369 690//690 689//689
f 44//44 434//434 435//435
