# Created by Open3D 
# object name: cluster9
# number of vertices: 1520
# number of triangles: 2999
v 0.0737899 -0.623646 -1.03875
vn 0.537557 0.0349353 0.842503
v 0.0515087 -0.596621 -1.0167
vn 0.788294 0.0568158 0.61267
v 0.0432936 -0.642356 -0.97126
vn 0.989341 0.083292 0.119443
v 0.0469245 -0.645195 -0.99397
vn 0.964714 0.0729229 0.253002
v 0.0439215 -0.599785 -0.99397
vn 0.955507 0.0723054 0.285969
v 0.095665 -0.65655 -1.0474
vn 0.339702 0.0373414 0.939792
v 0.095665 -0.56573 -1.0489
vn 0.293206 -0.00731085 0.956021
v 0.0719525 -0.5487 -1.0394
vn 0.48868 0.019856 0.872237
v 0.095665 -0.508965 -1.04785
vn 0.226554 0.00835922 0.973963
v 0.050254 -0.50329 -1.02373
vn 0.68064 0.041156 0.731461
v 0.0438755 -0.48626 -1.0167
vn 0.912544 0.0531326 0.405512
v 0.068387 -0.48626 -1.0394
vn 0.374228 0.0291709 0.926878
v 0.11837 -0.554375 -1.05215
vn 0.119795 0.000243136 0.992799
v 0.11837 -0.459294 -1.05213
vn 0.104621 0.0125907 0.994432
v 0.095665 -0.37273 -1.0524
vn 0.170112 0.0251805 0.985103
v 0.054723 -0.65087 -0.51716
vn 0.986944 0.050503 0.152941
v 0.0579641 -0.579917 -0.556892
vn 0.989367 0.0485148 0.137113
v 0.048765 -0.527833 -0.51716
vn 0.988436 0.0647518 0.137115
v 0.05911 -0.52032 -0.56257
vn 0.987855 0.0229853 0.153669
v 0.0569945 -0.48626 -0.56257
vn 0.986337 0.0884293 0.138995
v 0.043929 -0.4522 -0.51716
vn 0.99176 0.0607421 0.112797
v 0.023752 -0.40679 -0.94855
vn 0.98719 0.0718987 0.142434
v 0.11837 -0.27056 -1.0547
vn 0.031749 -0.00237765 0.999493
v 0.029529 -0.122975 -0.687445
vn 0.990184 0.0610793 -0.125716
v 0.0262841 -0.099504 -0.619024
vn 0.989145 0.144732 0.0253947
v 0.02452 -0.100269 -0.53986
vn 0.990831 0.0792803 0.109402
v 0.053725 -0.65655 -0.49445
vn 0.998476 0.0521976 -0.0178964
v 0.0518755 -0.588435 -0.49445
vn 0.998503 0.0544545 0.005156
v 0.0565388 -0.673575 -0.43769
vn 0.999293 0.0351847 -0.0132377
v 0.0552865 -0.611135 -0.414985
vn 0.999666 0.0194143 -0.0170374
v 0.056585 -0.70196 -0.414985
vn 0.998756 0.0472948 0.0157714
v 0.055325 -0.65087 -0.375253
vn 0.999764 0.0177355 -0.012518
v 0.0545958 -0.594107 -0.34687
vn 0.999393 0.0298491 0.0179737
v 0.056955 -0.65655 -0.29011
vn 0.998735 0.0498448 -0.00658843
v 0.052193 -0.58843 -0.44904
vn 0.998264 0.0437144 -0.0394815
v 0.050008 -0.539457 -0.463737
vn 0.99765 0.0335993 -0.0597201
v 0.04513 -0.49761 -0.49445
vn 0.99511 0.0983792 -0.0088145
v 0.052216 -0.52032 -0.42634
vn 0.991008 0.133587 -0.00757251
v 0.054488 -0.54302 -0.40363
vn 0.998472 0.0536748 -0.0131566
v 0.0448431 -0.474907 -0.406473
vn 0.992482 0.122333 0.00367842
v 0.038496 -0.42949 -0.49445
vn 0.996119 0.0878414 0.00558739
v 0.046769 -0.49761 -0.35822
vn 0.994737 0.0975305 0.0313973
v 0.0524758 -0.577082 -0.290107
vn 0.997258 0.0737251 0.00639485
v 0.0401669 -0.43233 -0.369575
vn 0.994928 0.100451 0.00523137
v 0.055073 -0.63384 -0.2674
vn 0.997135 0.0673361 -0.0344752
v 0.0549043 -0.585595 -0.213479
vn 0.996742 0.0709587 -0.0383404
v 0.064003 -0.72466 -0.233345
vn 0.997142 0.0692184 -0.0302825
v 0.046825 -0.49761 -0.30146
vn 0.99571 0.091022 0.0166202
v 0.047642 -0.52032 -0.2447
vn 0.994339 0.100734 -0.0337965
v 0.0407505 -0.4522 -0.278755
vn 0.994824 0.0997914 0.0191798
v 0.0389163 -0.40679 -0.32984
vn 0.997141 0.0747607 -0.0109989
v 0.0492382 -0.423817 -0.0855882
vn 0.999515 0.0295616 -0.00982132
v 0.0325757 -0.36138 -0.397958
vn 0.995773 0.0782577 -0.0480782
v 0.0223665 -0.213795 -0.278755
vn 0.99422 0.104329 -0.0253384
v 0.024797 -0.122975 -0.10846
vn 0.99123 0.0633925 -0.115951
v 0.028819 -0.463997 -0.868075
vn 0.991864 0.0872176 -0.092728
v 0.0250482 -0.41814 -0.868512
vn 0.988056 0.0543448 -0.144192
v 0.0256587 -0.37273 -0.854992
vn 0.988945 0.0594345 -0.13585
v 0.0581537 -0.62249 -0.17658
vn 0.997869 0.0650546 -0.00499583
v 0.0421608 -0.4522 -0.21064
vn 0.99638 0.0701068 -0.0480765
v 0.0385825 -0.41814 -0.2674
vn 0.998509 0.0386439 -0.0385465
v 0.0508733 -0.525864 -0.17658
vn 0.99617 0.084888 -0.0209505
v 0.0570375 -0.60546 -0.119815
vn 0.998135 0.0518666 -0.0321797
v 0.049137 -0.497615 -0.14252
vn 0.997586 0.0603948 -0.0342715
v 0.0401541 -0.395435 -0.224833
vn 0.996329 -0.000308517 -0.0856084
v 0.0449547 -0.40111 -0.17658
vn 0.999135 -0.00915611 -0.0405711
v 0.0457175 -0.423815 -0.14252
vn 0.999152 0.0172603 -0.037394
v -0.040566 -0.70196 -0.041761
vn -0.0759684 0.0325134 0.99658
v 0.0048442 -0.673578 -0.038341
vn -0.0412915 0.0156502 0.999025
v -0.017861 -0.62249 -0.041424
vn -0.058077 0.0174492 0.99816
v 0.0309615 -0.622119 -0.0403139
vn 0.363676 0.0759672 0.928423
v 0.050254 -0.63384 -0.049759
vn 0.59787 0.0770083 0.797885
v 0.027549 -0.659385 -0.0384744
vn 0.0560086 0.0219423 0.998189
v 0.00603845 -0.599785 -0.039804
vn 0.0289183 0.0400631 0.998779
v 0.0545605 -0.554375 -0.119815
vn 0.996436 0.0558641 -0.0632042
v 0.057304 -0.554375 -0.085759
vn 0.99744 0.0682933 0.0212134
v 0.053892 -0.52032 -0.085759
vn 0.996541 0.0702523 -0.044395
v 0.059157 -0.60546 -0.085759
vn 0.999447 0.0328124 0.00545682
v 0.056454 -0.599785 -0.063054
vn 0.975373 0.0497374 0.21488
v 0.0518045 -0.530753 -0.063054
vn 0.968135 0.0651167 0.241817
v 0.047451 -0.440845 -0.10846
vn 0.99688 0.040373 -0.0678238
v 0.027549 -0.5487 -0.0446645
vn 0.463636 0.0645713 0.88367
v 0.050254 -0.554375 -0.0584125
vn 0.54738 0.0735394 0.833647
v 0.027549 -0.469228 -0.047713
vn 0.473863 0.0224007 0.880314
v 0.0461388 -0.41814 -0.063054
vn 0.941184 0.0350151 0.336075
v 0.0432192 -0.3557 -0.19929
vn 0.996191 0.028207 -0.0825102
v 0.0462145 -0.38408 -0.119815
vn 0.998506 0.0443093 -0.0319783
v 0.044002 -0.33867 -0.17658
vn 0.998519 0.0529925 -0.0123415
v 0.046874 -0.33867 -0.085759
vn 0.999004 0.0334724 0.0295222
v 0.0506994 -0.552699 -0.756056
vn 0.984318 0.13372 -0.115054
v 0.0521695 -0.440845 -0.60798
vn 0.99376 0.110592 0.0145101
v -0.0973285 -0.670739 -0.042734
vn 0.0251652 0.0141943 0.999583
v -0.040566 -0.57708 -0.043856
vn -0.0490205 0.0146267 0.998691
v -0.0206991 -0.53167 -0.0430295
vn -0.043988 0.0269754 0.998668
v 0.0048442 -0.463555 -0.044554
vn 0.0595741 0.010959 0.998164
v 0.0282509 -0.338784 -0.44735
vn 0.994436 0.101684 -0.0275225
v 0.027687 -0.33867 -0.49445
vn 0.992057 0.0688995 0.105245
v 0.0268085 -0.31597 -0.456382
vn 0.998938 -0.00806832 -0.0453672
v 0.02891 -0.24785 -0.44904
vn 0.997262 0.0176879 -0.0717975
v 0.0273222 -0.196768 -0.420663
vn 0.997757 0.0631331 -0.0222719
v 0.0436318 -0.321642 -0.063054
vn 0.727729 0.0187127 0.68561
v 0.027549 -0.38408 -0.049445
vn 0.519354 0.0017526 0.854558
v 0.0764055 -0.798452 -0.681768
vn 0.99784 0.0555089 0.0351305
v -0.32792 -0.70196 -0.063054
vn -0.782084 -0.0762684 0.618488
v -0.31303 -0.70196 -0.042676
vn -0.622328 -0.0441897 0.781508
v -0.311627 -0.684928 -0.040887
vn -0.530152 -0.0352848 0.847168
v -0.33136 -0.67925 -0.063054
vn -0.759171 -0.0317351 0.650117
v -0.313565 -0.576245 -0.040349
vn -0.554557 -0.00727129 0.832114
v -0.29032 -0.74737 -0.035407
vn -0.19058 -0.00892202 0.981631
v -0.26762 -0.724665 -0.0345925
vn 0.0185563 0.00789766 0.999797
v -0.26762 -0.599785 -0.034966
vn 0.0275797 0.00822601 0.999586
v -0.29032 -0.58843 -0.035088
vn -0.0835507 0.00352685 0.996497
v -0.227885 -0.679255 -0.036379
vn 0.0458282 0.00913669 0.998908
v -0.178366 -0.616815 -0.0392724
vn 0.04096 0.0192017 0.998976
v -0.0916528 -0.582758 -0.0435785
vn 0.0347045 0.0105758 0.999342
v -0.26762 -0.56573 -0.036451
vn 0.0574576 0.0369145 0.997665
v -0.20199 -0.564497 -0.0406672
vn 0.0578929 0.00860599 0.998286
v -0.15409 -0.56573 -0.04182
vn 0.0366223 0.0128094 0.999247
v -0.33338 -0.58843 -0.063054
vn -0.835802 -0.0253035 0.548448
v -0.335265 -0.493465 -0.063054
vn -0.870729 -0.0158901 0.491507
v -0.31318 -0.487265 -0.0408615
vn -0.486535 -0.0399776 0.872746
v -0.29032 -0.508965 -0.0371855
vn -0.0348846 0.00718096 0.999366
v -0.26762 -0.508965 -0.0364055
vn -0.0132837 0.00472237 0.999901
v -0.33573 -0.4522 -0.053007
vn -0.59678 -0.136181 0.790764
v -0.314955 -0.435167 -0.0399745
vn -0.3706 -0.0516437 0.927356
v -0.33573 -0.38976 -0.0476675
vn -0.628572 -0.0667297 0.774884
v -0.29032 -0.42949 -0.037721
vn -0.00414604 -0.00755478 0.999963
v -0.24491 -0.52032 -0.036461
vn 0.0396826 -0.0150704 0.999099
v -0.185145 -0.49374 -0.0412691
vn 0.0617862 0.00258165 0.998086
v -0.13139 -0.52032 -0.042243
vn 0.0440328 0.0347 0.998427
v -0.085977 -0.508965 -0.0450505
vn 0.00751323 0.0226857 0.999714
v -0.24491 -0.47491 -0.037351
vn 0.0201742 0.00686577 0.999773
v -0.15409 -0.463555 -0.044349
vn 0.0655233 0.0308121 0.997375
v -0.120035 -0.446522 -0.0461193
vn 0.0252784 0.00280629 0.999677
v -0.15409 -0.36138 -0.044
vn 0.0840817 -0.00489515 0.996447
v -0.085977 -0.40679 -0.046411
vn 0.00726592 -0.00821401 0.99994
v -0.040566 -0.463555 -0.045867
vn -0.0128573 0.00473586 0.999906
v -0.29032 -0.37273 -0.0355985
vn 0.030369 -0.00735696 0.999512
v -0.347075 -0.38976 -0.063054
vn -0.928632 -0.0826392 0.361682
v -0.354135 -0.32732 -0.063054
vn -0.753377 -0.0636301 0.654504
v -0.31303 -0.313129 -0.0349419
vn -0.0567576 -0.0223873 0.998137
v -0.26762 -0.304615 -0.0371475
vn 0.0562403 0.00314128 0.998412
v -0.33573 -0.30466 -0.040349
vn -0.711657 -0.0662283 0.699399
v -0.210855 -0.406787 -0.0384845
vn 0.0751026 0.000285079 0.997176
v -0.22221 -0.27056 -0.038697
vn 0.0373886 0.00438631 0.999291
v -0.18815 -0.28444 -0.0414496
vn 0.10358 0.01292 0.994537
v -0.15409 -0.27056 -0.045359
vn 0.0262595 0.0045395 0.999645
v -0.10868 -0.29326 -0.044287
vn 0.000287261 0.00259648 0.999997
v -0.0519185 -0.33867 -0.045994
vn -0.00162129 -0.00510697 0.999986
v -0.017861 -0.315965 -0.0440905
vn -0.0178221 -0.0306931 0.99937
v 0.0048442 -0.332998 -0.0448363
vn 0.0944295 -0.0157276 0.995407
v 0.027549 -0.304615 -0.048418
vn 0.378159 -0.00116398 0.92574
v -0.063271 -0.26488 -0.0446703
vn -0.0342746 -0.022701 0.999155
v 0.0048442 -0.25353 -0.043735
vn 0.289833 0.00566093 0.957061
v -0.27897 -0.22515 -0.0358295
vn 0.0535591 -0.0115071 0.998498
v -0.13139 -0.20812 -0.0456768
vn 0.0269002 -0.00909721 0.999597
v -0.341595 -0.25353 -0.040349
vn -0.669776 -0.0465818 0.741101
v -0.33573 -0.230822 -0.0376192
vn -0.279048 -0.00463163 0.960266
v -0.343505 -0.19109 -0.040349
vn -0.355596 -0.0279044 0.934223
v -0.26762 -0.151358 -0.035759
vn 0.0503382 -0.00187783 0.99873
v -0.33573 -0.16271 -0.037385
vn -0.161729 -0.0313557 0.986337
v -0.31303 -0.168385 -0.0357645
vn -0.0513412 -0.000407612 0.998681
v -0.301675 -0.11162 -0.033572
vn 0.0152346 -0.0132619 0.999796
v -0.256265 -0.0775655 -0.0365895
vn 0.0869699 -0.0029347 0.996207
v -0.23356 -0.225145 -0.037651
vn 0.0596517 -0.000180369 0.998219
v -0.216494 -0.171458 -0.0409098
vn 0.0879545 0.0136251 0.996031
v -0.18815 -0.196767 -0.0427125
vn 0.054633 -0.01005 0.998456
v -0.185312 -0.136793 -0.0415364
vn 0.0309606 -0.0250951 0.999206
v -0.0973285 -0.24785 -0.045748
vn -0.0247895 -0.00510656 0.99968
v -0.13139 -0.14568 -0.0450715
vn 0.027385 -0.0381989 0.998895
v -0.074624 -0.14568 -0.043026
vn -0.0491252 -0.0263286 0.998446
v -0.233603 -0.105922 -0.0393464
vn 0.0715981 -0.0228079 0.997173
v -0.20518 -0.0548605 -0.0387655
vn 0.0288081 -0.0219532 0.999344
v -0.131388 -0.0945928 -0.0418197
vn 0.0117484 -0.0413871 0.999074
v -0.110179 -0.0555099 -0.04079
vn -0.0323974 -0.0513843 0.998153
v -0.0462423 -0.066213 -0.0385995
vn -0.0187006 -0.048093 0.998668
v 0.040367 -0.259205 -0.085759
vn 0.994701 0.0864613 0.0556198
v 0.036407 -0.25353 -0.063054
vn 0.851363 0.0696553 0.519932
v 0.027549 -0.2365 -0.052631
vn 0.564155 0.0378488 0.824801
v 0.027549 -0.11951 -0.063054
vn 0.789792 0.127668 0.599941
v 0.0214028 -0.0718892 -0.063054
vn 0.713605 0.0736986 0.696661
v -0.0519185 -0.202442 -0.042146
vn -0.0699821 -0.00918927 0.997506
v -0.040566 -0.13433 -0.039378
vn -0.0528023 -0.0344767 0.99801
v 0.0048442 -0.14568 -0.043643
vn 0.414431 0.0357749 0.909377
v 0.0328355 -0.19109 -0.063054
vn 0.869374 0.0414174 0.492417
v 0.027549 -0.168385 -0.055247
vn 0.615155 0.0602538 0.786101
v -0.01458 -0.13433 -0.040349
vn 0.0890252 -0.014744 0.99592
v 0.0048442 -0.083241 -0.0462955
vn 0.486202 0.0467584 0.872595
v -0.0187121 -0.0589877 -0.0404741
vn 0.21567 -0.00563129 0.97645
v -0.24491 -0.032155 -0.0381365
vn 0.0258267 -0.010648 0.99961
v -0.210855 0.0019031 -0.0355005
vn 0.0461622 -0.0836696 0.995424
v -0.15409 0.0019031 -0.039071
vn 0.020231 -0.0417461 0.998923
v -0.10868 0.0019031 -0.035859
vn -0.0538058 -0.0793552 0.995393
v -0.040566 0.0019031 -0.035072
vn 0.042678 -0.0492234 0.997876
v 0.0048442 -0.020802 -0.050184
vn 0.422118 0.0380463 0.905742
v -0.039652 0.047313 -0.040349
vn -0.130964 0.508255 0.851191
v 0.060577 -0.52032 -0.58527
vn 0.999566 0.0165277 0.0244045
v 0.059321 -0.49761 -0.58527
vn 0.99375 0.111446 -0.0063245
v 0.047306 -0.40679 -0.56257
vn 0.993648 0.0951756 0.0600432
v -0.35844 -0.20244 -0.055719
vn -0.68108 -0.0733457 0.728526
v -0.35844 -0.15703 -0.047591
vn -0.771565 -0.0520879 0.634014
v -0.35165 -0.1173 -0.040349
vn -0.577256 -0.0329577 0.815898
v -0.27897 -0.032155 -0.0360505
vn 0.059714 -0.0104848 0.99816
v 0.0205355 -0.032155 -0.085759
vn 0.983015 0.0994182 0.154264
v 0.016129 -0.00944945 -0.063054
vn 0.867429 -0.0216218 0.497092
v 0.0201655 0.0132555 -0.085759
vn 0.995555 -0.0876406 0.0344971
v 0.019394 0.024608 -0.063054
vn 0.872216 -0.131566 0.471093
v -0.0117264 0.024608 -0.038889
vn 0.288573 -0.112793 0.950791
v 0.0048442 0.0132555 -0.047679
vn 0.611751 -0.143315 0.77796
v 0.0048442 0.047313 -0.043675
vn 0.335596 -0.0666299 0.939647
v 0.046783 -0.32732 -0.56257
vn 0.998094 0.0531386 0.0313651
v 0.0415037 -0.259205 -0.56257
vn 0.996783 0.0744317 0.0297227
v 0.043767 -0.276235 -0.596625
vn 0.999211 0.0360353 -0.0167222
v 0.03704 -0.19109 -0.61933
vn 0.996481 0.0832748 0.00954978
v 0.0353432 -0.185412 -0.56257
vn 0.99316 0.115342 0.0181713
v 0.027354 -0.118132 -0.57392
vn 0.994028 0.104269 0.0321907
v -0.36089 0.024608 -0.165225
vn -0.732087 0.680331 0.0346198
v -0.359885 0.0256035 -0.131165
vn -0.628231 0.777917 -0.0130439
v -0.357176 -0.0468377 -0.0418822
vn -0.487687 -0.0560799 0.871216
v -0.36597 0.024608 -0.063054
vn -0.652794 0.752914 0.0835526
v -0.33573 0.0383643 -0.11414
vn -0.221681 0.975117 0.00200755
v -0.33573 0.040067 -0.17658
vn -0.314093 0.949193 0.0194213
v -0.29032 0.042098 -0.085759
vn -0.0841282 0.996449 -0.00335589
v -0.24491 0.045897 -0.0971095
vn -0.0565179 0.998343 -0.0108181
v -0.36227 0.0019031 -0.040349
vn -0.627028 0.266512 0.731989
v -0.38039 0.0019031 -0.063054
vn -0.741747 0.315271 0.591959
v 0.072959 -0.36138 -1.0464
vn 0.337104 0.0185396 0.941285
v 0.059721 -0.36138 -1.0394
vn 0.462426 0.020458 0.886422
v 0.095665 -0.216635 -1.0531
vn 0.141351 0.0012497 0.989959
v 0.050254 -0.32732 -1.03352
vn 0.569793 0.0242551 0.82143
v 0.050254 -0.213795 -1.03625
vn 0.492124 0.0214934 0.87026
v 0.072959 -0.148518 -1.04814
vn 0.297029 -0.00089572 0.954868
v 0.050254 -0.14568 -1.0379
vn 0.474916 0.00339812 0.880025
v -0.350363 0.024608 -0.86341
vn -0.683812 0.725974 -0.0732292
v -0.35844 0.024608 -0.77773
vn -0.747752 0.647918 -0.145153
v -0.33573 0.0408345 -0.84638
vn -0.533928 0.841951 -0.077708
v -0.31303 0.048665 -0.77042
vn -0.0182051 0.998626 -0.0491336
v -0.250588 0.049526 -0.77259
vn -0.0610345 0.996552 -0.0562096
v 0.023287 0.047313 -0.6988
vn 0.777549 0.627361 -0.042837
v 0.02217 0.047313 -0.7215
vn 0.777473 0.627751 -0.0382573
v 0.0051012 0.070018 -0.6988
vn 0.407974 0.90274 -0.136443
v 0.015582 0.047313 -0.38093
vn 0.994433 0.0381496 0.0982192
v 0.019187 0.024608 -0.42634
vn 0.997972 -0.0477111 0.042134
v -0.33573 -0.043508 -0.036015
vn -0.165937 -0.013144 0.986049
v -0.017861 -0.24785 -0.042579
vn 0.0109973 -0.0235001 0.999663
v -0.26762 0.042425 -0.063054
vn -0.0269258 0.94231 0.333656
v -0.34035 0.0254595 -0.0398087
vn -0.226247 0.443508 0.867245
v -0.35844 0.024608 -0.049017
vn -0.517633 0.604247 0.605756
v -0.33573 0.0019031 -0.033541
vn -0.220122 0.0807194 0.972127
v -0.256265 0.0261712 -0.0401697
vn 0.0154222 0.487868 0.872781
v -0.31303 0.030178 -0.040349
vn 0.000905138 0.85343 0.521207
v -0.22221 0.046016 -0.063054
vn -0.0480141 0.943817 0.326963
v -0.27897 0.0019031 -0.034699
vn 0.070763 0.0591155 0.99574
v -0.23356 0.0132555 -0.037042
vn 0.00206123 0.139175 0.990266
v 0.0159485 -0.020802 -0.119815
vn 0.994088 0.0692461 -0.0836274
v 0.01386 0.0019031 -0.13117
vn 0.995556 0.022623 -0.0914157
v 0.050254 -0.395435 -1.0294
vn 0.664152 0.0570581 0.745417
v 0.050254 -0.0548602 -1.0367
vn 0.438418 -0.0141896 0.898659
v 0.095665 -0.088918 -1.0518
vn 0.126531 -0.0547019 0.990453
v 0.072959 -0.049184 -1.04542
vn 0.225556 -0.0388126 0.973457
v 0.11837 -0.088918 -1.0535
vn 0.0644975 -0.0486458 0.996731
v -0.40385 0.024608 -1.03
vn -0.105302 0.0935594 0.990029
v -0.40385 -0.0208025 -1.0319
vn -0.068184 -0.0302221 0.997215
v -0.38114 0.024608 -1.0253
vn -0.250149 0.0526846 0.966773
v -0.359485 0.02835 -1.01565
vn -0.526205 0.28137 0.802458
v -0.36381 0.0019031 -1.0167
vn -0.680537 0.0118523 0.732618
v -0.40385 0.092724 -1.0359
vn 0.000982748 0.0426472 0.99909
v -0.38114 0.047313 -1.0298
vn -0.218246 0.217338 0.951385
v -0.344246 0.0983997 -1.03511
vn -0.0418359 0.129354 0.990716
v -0.35844 0.070018 -1.0314
vn -0.160559 0.278509 0.946918
v -0.36979 0.132455 -1.03767
vn 0.00334894 0.0531032 0.998583
v -0.3431 0.047313 -1.0167
vn -0.295935 0.655487 0.694808
v -0.32438 0.070018 -1.02695
vn -0.0684461 0.436545 0.897075
v -0.31303 0.057279 -1.0167
vn -0.1164 0.812656 0.571
v -0.26762 0.056994 -1.0167
vn -0.0362942 0.830776 0.555423
v -0.26762 0.070018 -1.0269
vn -0.00770611 0.495284 0.868697
v -0.31303 0.092723 -1.0339
vn 0.0308823 0.216058 0.975892
v -0.282158 0.12678 -1.03873
vn 0.0651798 0.0403786 0.997056
v -0.257473 0.111405 -1.03975
vn 0.0337579 0.117413 0.992509
v -0.33573 0.038152 -0.99397
vn -0.540532 0.823977 0.169961
v -0.34703 0.024608 -0.99397
vn -0.726554 0.603228 0.328991
v -0.31414 0.0475895 -0.989965
vn -0.217479 0.95151 0.217557
v -0.345435 0.024608 -0.959905
vn -0.740314 0.671703 0.0273937
v -0.29032 0.049211 -0.99397
vn 0.0130776 0.984823 0.17307
v -0.26762 0.047508 -0.99397
vn 0.0179253 0.988264 0.151698
v -0.33573 0.0342435 -0.9372
vn -0.464208 0.884609 0.0444703
v -0.31303 0.039862 -0.92585
vn -0.230549 0.968497 0.0941339
v -0.34519 0.024608 -0.914495
vn -0.686568 0.725925 -0.0407202
v -0.29032 0.04587 -0.94855
vn -0.0423456 0.996591 0.0707993
v -0.256265 0.0424565 -0.90314
vn 0.00173244 0.999996 -0.00241756
v -0.33573 0.033965 -0.90314
vn -0.460677 0.883866 -0.0809768
v -0.31303 0.039254 -0.90314
vn -0.171459 0.98226 -0.0759442
v -0.29032 0.041839 -0.90314
vn -0.0525137 0.998225 -0.0281003
v -0.1768 0.063481 -1.0167
vn -0.0918886 0.871483 0.48174
v -0.1768 0.070018 -1.0239
vn -0.0359372 0.567818 0.822369
v -0.23356 0.092723 -1.0368
vn -0.000412644 0.292146 0.956374
v -0.15409 0.092723 -1.0368
vn -0.0349497 0.421421 0.906191
v -0.21653 0.0517578 -0.99397
vn -0.0904683 0.957711 0.273138
v -0.22221 0.0465223 -0.957713
vn -0.0751647 0.989739 0.121522
v -0.1768 0.055737 -0.99397
vn -0.149829 0.955101 0.255605
v -0.123548 0.0731463 -1.0167
vn -0.119628 0.808272 0.576528
v -0.0760671 0.11185 -1.03936
vn -0.0548282 0.357032 0.932482
v -0.074624 0.092723 -1.0296
vn -0.0818705 0.720306 0.688808
v -0.13139 0.063829 -0.99397
vn -0.0700747 0.984197 0.162622
v -0.165445 0.0548567 -0.965583
vn -0.157136 0.980281 0.119823
v -0.085977 0.0686445 -0.997385
vn -0.0858707 0.951215 0.29634
v -0.085977 0.06181 -0.97126
vn -0.0989441 0.986154 0.133084
v -0.24491 0.0432795 -0.9372
vn 0.0117355 0.998152 0.0596215
v -0.210855 0.043135 -0.92585
vn -0.0559645 0.996402 0.0636438
v -0.210855 0.043213 -0.90314
vn -0.05653 0.997315 -0.0465493
v -0.13139 0.055551 -0.92585
vn -0.0531278 0.995983 0.0720823
v -0.0916528 0.0574457 -0.914495
vn -0.0632002 0.997974 -0.00727973
v -0.13139 0.055201 -0.90314
vn -0.119269 0.990603 -0.0669373
v -0.13139 0.059078 -0.85773
vn -0.113194 0.991676 -0.0613667
v -0.33573 0.16084 -1.0402
vn 0.0167225 0.070109 0.997399
v -0.30465 0.16084 -1.0394
vn -0.0140399 0.0628839 0.997922
v 0.0665565 0.0302842 -1.04142
vn 0.257847 0.0111671 0.966121
v 0.11837 -0.00944945 -1.04865
vn 0.0809855 0.00197047 0.996713
v 0.050254 0.047313 -1.0358
vn 0.498707 0.0276711 0.866329
v -0.0519185 0.084088 -1.0167
vn -0.133466 0.873827 0.46756
v -0.017861 0.092723 -1.024
vn -0.0473027 0.695454 0.717012
v -0.0643503 0.0702453 -0.99244
vn -0.240604 0.92876 0.281982
v -0.063271 0.063442 -0.948555
vn -0.235919 0.966531 0.100799
v -0.040566 0.077337 -0.99397
vn -0.241002 0.950893 0.194219
v -0.017861 0.080767 -0.99397
vn 0.0805548 0.962252 0.259965
v -0.0065084 0.090059 -1.02115
vn 0.126232 0.790008 0.599961
v 0.0065296 0.071507 -0.99397
vn 0.629535 0.739899 0.23714
v 0.0048442 0.083107 -1.0167
vn 0.381467 0.861251 0.335752
v -0.017861 0.0758465 -0.942877
vn 0.0353224 0.996284 0.0785509
v 0.00469827 0.0700369 -0.958697
vn 0.685109 0.727479 0.0374245
v 0.0269675 0.047313 -1.0174
vn 0.771838 0.0932109 0.62895
v 0.0235565 0.070018 -1.02015
vn 0.718311 0.281087 0.636412
v 0.0517792 0.077809 -1.03877
vn 0.343344 0.108602 0.93291
v 0.095665 0.0813705 -1.04825
vn 0.113199 0.0171067 0.993425
v 0.017863 0.047313 -0.99397
vn 0.950631 0.162096 0.264625
v 0.015845 0.047313 -0.97126
vn 0.905332 0.419636 0.0654158
v -0.035086 0.068264 -0.90314
vn -0.27309 0.959044 0.0752035
v 0.0048442 0.0695165 -0.89179
vn 0.513654 0.857989 0.00387571
v -0.063271 0.060784 -0.89179
vn -0.124798 0.991374 -0.0400374
v -0.0462423 0.065644 -0.857735
vn -0.142949 0.989683 -0.00964085
v -0.017861 0.0707502 -0.87476
vn -0.0556674 0.997917 0.0325982
v 0.0165195 0.047313 -0.9372
vn 0.86196 0.506127 -0.0293255
v 0.021901 0.047313 -0.852058
vn 0.80443 0.591797 -0.0516485
v 0.0346797 -0.216634 -0.53986
vn 0.98675 0.0751483 0.143797
v 0.02482 -0.0775655 -0.56257
vn 0.998594 0.0380234 0.0369371
v 0.022592 -0.066213 -0.58527
vn 0.998071 0.0412358 -0.0464065
v 0.022122 -0.020802 -0.53986
vn 0.995635 0.00269089 0.0932975
v -0.31303 0.044377 -0.85773
vn -0.082165 0.994415 -0.066236
v -0.26762 0.0449193 -0.840702
vn -0.0166632 0.99849 -0.052344
v -0.33573 0.047159 -0.76553
vn -0.448052 0.884582 -0.129478
v -0.33573 0.051392 -0.71015
vn -0.132032 0.990261 -0.0441667
v -0.27897 0.0501624 -0.718664
vn -0.0137691 0.99906 -0.0411107
v -0.34873 0.047313 -0.7215
vn -0.443877 0.894327 -0.0561488
v -0.35844 0.039161 -0.7215
vn -0.603259 0.795683 -0.0544644
v -0.301675 0.0521335 -0.69312
vn 0.0144677 0.99865 -0.0498954
v -0.20961 0.046987 -0.851051
vn -0.0746032 0.995594 -0.0568135
v -0.1995 0.049919 -0.81232
vn -0.110322 0.989771 -0.0904575
v -0.14274 0.060106 -0.795295
vn -0.0964057 0.993741 -0.0564402
v -0.120035 0.0628145 -0.778265
vn -0.026101 0.999352 -0.0247981
v -0.085977 0.06327 -0.766915
vn -0.0308628 0.999483 -0.00906081
v -0.210855 0.0561545 -0.74421
vn -0.13072 0.987617 -0.0867501
v -0.210855 0.056096 -0.7215
vn -0.0887682 0.995426 0.0353093
v -0.22221 0.052788 -0.6988
vn -0.0122906 0.999787 0.016584
v -0.18815 0.0483205 -0.67609
vn 0.0192254 0.9997 0.0151523
v -0.120035 0.062827 -0.732855
vn -0.0415386 0.998413 0.0380233
v -0.14274 0.060121 -0.7215
vn -0.094697 0.983622 0.153362
v -0.085977 0.065395 -0.71015
vn -0.141797 0.986603 -0.0806695
v -0.120035 0.0584945 -0.6988
vn -0.215993 0.974795 0.0558787
v -0.296 0.053792 -0.647712
vn -0.0165654 0.999277 -0.0342119
v -0.356285 0.0460208 -0.625005
vn -0.46749 0.883843 -0.0165855
v -0.33573 0.052737 -0.63068
vn -0.27911 0.960238 -0.00643134
v -0.26762 0.0543352 -0.613653
vn -0.0553568 0.998387 0.0126379
v -0.33573 0.052552 -0.56257
vn -0.0703882 0.996667 0.0412282
v -0.35844 0.0440785 -0.551215
vn -0.73673 0.67389 0.0556896
v -0.37376 0.024608 -0.53986
vn -0.771273 0.634792 0.0466661
v -0.35844 0.03465 -0.49445
vn -0.656908 0.747858 0.0958114
v -0.37006 0.024608 -0.505805
vn -0.699983 0.712199 0.0528734
v -0.35204 0.047313 -0.551215
vn -0.306126 0.947681 0.0904831
v -0.256265 0.0533085 -0.56257
vn -0.0452691 0.993618 0.103317
v -0.33573 0.047753 -0.52851
vn -0.146696 0.975632 0.163164
v -0.284648 0.0466195 -0.51716
vn -0.0171012 0.995084 0.0975482
v -0.24491 0.052916 -0.67609
vn 0.0535487 0.997542 -0.0452021
v -0.23356 0.057747 -0.63068
vn -0.0498223 0.996103 -0.0727708
v -0.22221 0.054586 -0.65339
vn 0.0325257 0.98707 -0.156955
v -0.165445 0.0520605 -0.6988
vn -0.0473977 0.985657 0.161968
v -0.1768 0.051885 -0.65339
vn 0.00516468 0.973897 -0.226931
v -0.20518 0.0604543 -0.596625
vn -0.095265 0.995347 0.0144304
v -0.18815 0.0587285 -0.63068
vn -0.026165 0.983515 -0.178925
v -0.1768 0.062131 -0.60798
vn -0.0974419 0.993824 -0.0530958
v -0.15409 0.050108 -0.67609
vn -0.103761 0.96794 -0.22875
v -0.13139 0.054183 -0.67609
vn -0.297344 0.945051 -0.135884
v -0.099587 0.0705685 -0.642035
vn -0.186876 0.97563 -0.11499
v -0.15409 0.061842 -0.63068
vn -0.122502 0.961969 -0.24415
v -0.074624 0.0736642 -0.613655
vn -0.103926 0.994441 -0.0169311
v -0.20518 0.0587787 -0.56257
vn -0.122262 0.987042 0.103922
v -0.227883 0.0497955 -0.51716
vn -0.0945544 0.992966 0.0712572
v -0.15409 0.058882 -0.51716
vn -0.11752 0.984992 0.126409
v -0.0973285 0.072349 -0.58527
vn -0.116995 0.993121 -0.00474493
v -0.074624 0.0744985 -0.56257
vn -0.113396 0.989825 0.0859539
v -0.066109 0.0676336 -0.51716
vn -0.116433 0.986486 0.115278
v 0.0048442 0.070018 -0.84208
vn 0.550552 0.833606 -0.0446427
v -0.017861 0.069549 -0.81232
vn -0.10001 0.994957 -0.00760287
v 0.001379 0.070018 -0.78962
vn -0.0770136 0.996771 -0.0227093
v 0.0048442 0.072547 -0.76691
vn 0.00125874 0.999968 0.00784723
v 0.024189 0.047313 -0.80097
vn 0.980423 0.192547 -0.041177
v 0.0103734 0.070018 -0.80097
vn 0.763225 0.642567 -0.0677827
v -0.063271 0.064417 -0.74421
vn -0.110534 0.993219 -0.0360323
v -0.017861 0.0707945 -0.75556
vn -0.0710121 0.997217 -0.022688
v -0.0519185 0.068079 -0.716965
vn -0.104258 0.988927 -0.105608
v 0.0048442 0.070018 -0.72604
vn 0.527896 0.849026 0.0219223
v -0.017861 0.074086 -0.687445
vn -0.00655935 0.992521 -0.121895
v 0.0243835 0.047313 -0.75556
vn 0.900658 0.431747 0.0490776
v 0.012813 0.070018 -0.76691
vn 0.785142 0.614991 0.0730554
v 0.020063 0.024608 -0.7215
vn 0.987211 -0.15613 0.0322151
v -0.017861 0.0794515 -0.642035
vn -0.0787992 0.994461 -0.0695499
v 0.0048442 0.0802305 -0.642035
vn 0.206743 0.974999 -0.0814497
v -0.017861 0.080531 -0.56257
vn -0.0913391 0.99494 0.0418556
v 0.027549 0.047313 -0.67179
vn 0.92884 0.329941 -0.168511
v 0.01909 0.070018 -0.66474
vn 0.618273 0.76534 -0.178866
v 0.0293885 0.047313 -0.642035
vn 0.998725 -0.0475951 -0.0168389
v 0.027204 0.070018 -0.63068
vn 0.832681 0.553675 -0.00928346
v 0.0282318 0.0453313 -0.596625
vn 0.994383 -0.10572 -0.00512111
v 0.023674 -0.020802 -0.56257
vn 0.999932 -0.011666 0.000618975
v 0.0240935 0.0132555 -0.53986
vn 0.980168 -0.0696482 0.185525
v 0.0257393 0.0143766 -0.56257
vn 0.996587 -0.0666812 0.0486623
v 0.018474 0.0132555 -0.51716
vn 0.976557 -0.088176 0.196369
v 0.0048442 0.081441 -0.56257
vn 0.223208 0.974135 0.0352095
v -0.017861 0.073633 -0.51716
vn -0.0481867 0.994621 0.0916873
v 0.0048442 0.073265 -0.51716
vn 0.128442 0.981926 0.139013
v 0.028385 0.0549245 -0.56257
vn 0.994326 0.0964721 0.0448234
v 0.025099 0.070018 -0.56257
vn 0.71672 0.684121 0.135243
v 0.024136 0.047313 -0.529685
vn 0.969256 0.131559 0.207931
v 0.01087 0.070018 -0.51716
vn 0.801509 0.560845 0.207451
v 0.0401695 -0.31597 -0.21064
vn 0.990628 0.111839 -0.0784128
v 0.040991 -0.29326 -0.15387
vn 0.993511 0.104449 -0.045024
v -0.369405 0.024608 -0.460395
vn -0.674819 0.737674 -0.021373
v -0.35844 0.0357625 -0.414985
vn -0.454638 0.890667 0.00401114
v -0.37259 0.024608 -0.40363
vn -0.623258 0.782007 0.00372438
v -0.26762 0.046062 -0.49445
vn -0.0592611 0.998156 0.013124
v -0.29032 0.044479 -0.460395
vn -0.051929 0.998272 0.0274999
v -0.33573 0.0425185 -0.414985
vn -0.178539 0.982412 0.0546894
v -0.33573 0.043128 -0.49445
vn -0.2407 0.970152 0.0294761
v -0.239238 0.0504677 -0.449806
vn -0.0973855 0.995072 -0.018635
v -0.29032 0.0382935 -0.369575
vn -0.121625 0.990689 0.0611743
v -0.25171 0.0481298 -0.41104
vn -0.11342 0.992658 0.042013
v -0.35844 0.033905 -0.324165
vn -0.418627 0.908095 0.0107508
v -0.36821 0.024608 -0.31281
vn -0.646081 0.762926 0.0228723
v -0.33573 0.039543 -0.369575
vn -0.0906534 0.995432 0.0299601
v -0.31303 0.038215 -0.38093
vn 0.00754872 0.997439 0.071129
v -0.25059 0.0433708 -0.34687
vn -0.160377 0.985767 0.0504209
v -0.33573 0.039143 -0.33552
vn -0.0345593 0.998759 -0.0358592
v -0.26762 0.0409935 -0.324165
vn -0.0811324 0.996033 -0.036554
v -0.182472 0.054088 -0.49445
vn -0.104567 0.994486 -0.00791748
v -0.15409 0.05797 -0.460395
vn -0.0901511 0.995617 -0.0248899
v -0.17112 0.0541688 -0.386605
vn -0.0864925 0.995522 0.038154
v -0.14274 0.0594778 -0.420663
vn -0.0948742 0.994309 0.0484579
v -0.0689475 0.0664817 -0.4831
vn -0.115264 0.992992 0.0260798
v -0.10868 0.060877 -0.49445
vn -0.120195 0.992713 0.00865278
v -0.18815 0.053119 -0.352545
vn -0.111032 0.993807 0.00447213
v -0.13139 0.056477 -0.35822
vn -0.0894772 0.995787 0.020036
v -0.1768 0.054917 -0.31281
vn -0.0945167 0.995516 -0.0037153
v -0.35844 0.0314555 -0.233345
vn -0.477225 0.878118 0.0341264
v -0.36776 0.024608 -0.2674
vn -0.683293 0.729116 0.038741
v -0.33573 0.0405327 -0.27308
vn -0.15729 0.987545 0.00389893
v -0.301675 0.041996 -0.2674
vn -0.0305162 0.99952 -0.00539285
v -0.31303 0.0419631 -0.202125
vn -0.0363643 0.999338 -0.000528873
v -0.24491 0.047313 -0.250015
vn -0.0976452 0.995144 -0.0124164
v -0.256265 0.044949 -0.22199
vn -0.0742376 0.994004 0.0802788
v -0.26762 0.042612 -0.17658
vn 0.0277133 0.99931 0.0247213
v -0.256265 0.0432825 -0.14252
vn -0.000837841 0.998859 -0.0477436
v -0.223928 0.0475805 -0.30146
vn -0.116761 0.992747 -0.02865
v -0.1995 0.0495035 -0.278755
vn -0.131202 0.99114 0.0206634
v -0.1995 0.049997 -0.2447
vn -0.0680035 0.997505 0.0189614
v -0.159768 0.0551032 -0.25605
vn -0.0775147 0.991693 0.102647
v -0.13139 0.057201 -0.31281
vn -0.0566952 0.998375 0.00581727
v -0.15409 0.05744 -0.29011
vn -0.0411613 0.999152 -0.000423076
v -0.10868 0.0567478 -0.261727
vn -0.0213236 0.999124 0.0360004
v -0.20518 0.0476433 -0.220863
vn -0.0242896 0.975091 0.220473
v -0.24491 0.042656 -0.19929
vn 0.0450643 0.98935 0.138407
v -0.22221 0.039316 -0.19929
vn 0.103378 0.948222 0.300313
v -0.1995 0.037684 -0.19929
vn 0.0391675 0.894584 0.44518
v -0.148415 0.0490915 -0.21873
vn -0.0492637 0.934949 0.351345
v -0.24491 0.039358 -0.17658
vn 0.204401 0.977272 0.0562062
v -0.1995 0.027593 -0.17658
vn 0.153503 0.982238 0.107913
v -0.24491 0.040552 -0.15387
vn 0.134077 0.984206 -0.115597
v -0.210855 0.033749 -0.15387
vn 0.143611 0.959945 -0.240587
v -0.15409 0.026139 -0.17658
vn -0.161237 0.985255 0.0572283
v -0.1768 0.031782 -0.15387
vn -0.0228106 0.945968 -0.323455
v -0.15409 0.037148 -0.19929
vn -0.143597 0.882164 0.448516
v -0.13139 0.0447505 -0.204265
vn -0.171083 0.893304 0.415619
v -0.14274 0.0362015 -0.15387
vn -0.184654 0.923612 -0.335921
v -0.101436 0.0443725 -0.17658
vn -0.309968 0.943006 -0.12108
v -0.085977 0.054177 -0.13117
vn -0.182775 0.982511 -0.0355699
v -0.10568 0.047313 -0.1504
vn -0.235932 0.94228 -0.237581
v 0.012027 -0.020802 -0.49445
vn 0.999897 -0.00653039 0.0127786
v 0.017362 0.047313 -0.49445
vn 0.98974 0.0837779 0.115744
v -0.017861 0.072182 -0.47175
vn -0.0865227 0.995605 0.0358319
v 0.0048442 0.070018 -0.48248
vn 0.514777 0.852201 0.0935843
v -0.0632715 0.0653105 -0.42634
vn -0.0823174 0.996277 0.0255959
v 0.0048442 0.0664875 -0.43769
vn 0.630649 0.77573 0.022897
v -0.0131374 0.0697797 -0.441625
vn 0.0808411 0.994743 0.0628646
v 0.016148 0.024608 -0.47175
vn 0.998798 -0.0236772 -0.0429192
v 0.016072 0.047313 -0.47175
vn 0.938686 0.344586 -0.0113513
v 0.018504 0.047313 -0.42634
vn 0.974696 0.22118 0.032363
v 0.012738 0.0019031 -0.38093
vn 0.999946 0.00704539 0.00758611
v -0.040566 0.065559 -0.369575
vn -0.11526 0.993061 0.02336
v -0.017861 0.0688967 -0.386602
vn -0.0236049 0.99971 -0.00480977
v 0.0048442 0.067072 -0.39228
vn 0.587563 0.808367 -0.0362224
v -0.0859763 0.061428 -0.341195
vn -0.0824652 0.996576 0.00593525
v -0.040566 0.064767 -0.295782
vn -0.154898 0.987853 0.0123415
v 0.0048442 0.069389 -0.34687
vn 0.504786 0.86306 -0.0178319
v -0.017861 0.0692355 -0.278755
vn -0.112659 0.993626 0.0039433
v 0.019553 0.047313 -0.33552
vn 0.972402 0.22823 -0.0484347
v -0.074624 0.0599172 -0.284432
vn -0.121502 0.992223 0.0270299
v 0.0048442 0.070018 -0.30799
vn 0.549836 0.833321 -0.057072
v 0.0048442 0.070018 -0.24975
vn 0.082883 0.996288 0.0232423
v -0.017861 0.0663785 -0.221995
vn -0.122212 0.991394 0.0469311
v -0.0973285 0.055864 -0.22199
vn -0.131872 0.984196 0.118186
v 0.019354 0.047313 -0.29011
vn 0.999659 0.000388238 0.0261196
v 0.019655 0.047313 -0.2674
vn 0.863244 0.501803 0.0547982
v 0.0094299 0.070018 -0.2674
vn 0.866058 0.498216 0.0415199
v 0.0122025 -0.020802 -0.165225
vn 0.991093 0.0771405 -0.108556
v 0.0092692 0.0019031 -0.19929
vn 0.997276 -0.0505575 -0.0537068
v -0.063271 0.057086 -0.17658
vn -0.169247 0.984935 0.0354892
v -0.0973285 0.050408 -0.198405
vn -0.243426 0.951724 0.186991
v 0.0048442 0.063156 -0.165225
vn 0.452477 0.890466 0.0483172
v -0.017861 0.0642012 -0.15955
vn -0.0824606 0.996594 -0.000608994
v 0.0164335 0.047313 -0.165225
vn 0.878214 0.477796 0.021241
v 0.015745 0.024608 -0.148198
vn 0.998372 -0.0531876 -0.02062
v 0.038571 -0.259205 -0.119815
vn 0.99536 0.0807846 -0.0522716
v 0.0346495 -0.19109 -0.085759
vn 0.990013 0.115376 -0.0810041
v 0.0319655 -0.22231 -0.156711
vn 0.988042 0.129533 -0.0836305
v 0.0300825 -0.14568 -0.085759
vn 0.996604 0.0790773 -0.0229834
v 0.022313 -0.0775655 -0.114138
vn 0.992062 0.0737544 -0.101846
v 0.0264603 -0.0916927 -0.085759
vn 0.996418 0.0783592 -0.031795
v -0.210855 0.0420405 -0.13117
vn 0.0516511 0.968093 -0.245208
v -0.193825 0.0452223 -0.102785
vn -0.00681896 0.997528 -0.0699334
v -0.165445 0.0435705 -0.13117
vn -0.0896305 0.956545 -0.277468
v -0.1768 0.046543 -0.063054
vn -0.013967 0.989769 0.14199
v -0.13225 0.047419 -0.13117
vn -0.128344 0.986006 -0.106393
v -0.0973285 0.0536875 -0.063054
vn -0.118689 0.992686 0.0220725
v -0.154665 0.0473425 -0.063054
vn -0.138513 0.925665 0.352078
v -0.1768 0.028562 -0.040349
vn 0.046239 0.430992 0.90117
v -0.15409 0.02862 -0.040349
vn -0.0889845 0.442816 0.892186
v -0.10868 0.024608 -0.03638
vn -0.0505049 0.0920892 0.994469
v -0.210855 0.032425 -0.040349
vn -0.00213044 0.773667 0.633588
v -0.0973285 0.047313 -0.0468765
vn -0.0922235 0.832167 0.546802
v 0.0048442 0.066069 -0.085759
vn 0.46361 0.885379 -0.0342202
v -0.017861 0.065209 -0.085759
vn -0.120181 0.992742 0.00450455
v -0.017861 0.064097 -0.063054
vn -0.0840888 0.95411 0.287408
v 0.0048442 0.063941 -0.063054
vn 0.284472 0.897233 0.337711
v 0.021409 0.047313 -0.085759
vn 0.923865 0.381944 -0.0243261
v 0.019464 0.047313 -0.063054
vn 0.870903 0.338251 0.356532
v -0.040566 0.024608 -0.035221
vn 0.00935108 0.135541 0.990728
v -0.017861 0.050592 -0.040349
vn 0.00575469 0.510617 0.859789
v -0.38114 -0.032155 -1.02935
vn -0.328199 -0.088493 0.940454
v -0.35844 -0.028707 -1.0167
vn -0.684513 -0.0998154 0.722135
v -0.35165 0.0019031 -0.99397
vn -0.951238 0.0490238 0.304538
v -0.35061 0.0019031 -0.97126
vn -0.960953 0.276199 0.0168132
v -0.35424 0.0019031 -0.89179
vn -0.979314 0.199983 -0.0308456
v -0.176445 0.0472525 -0.92702
vn -0.15149 0.982511 0.108272
v -0.174065 0.0468755 -0.90314
vn -0.177533 0.981633 -0.0698535
v -0.165445 0.0610695 -0.74421
vn -0.0879267 0.996008 -0.0153708
v -0.37529 0.0019031 -0.51148
vn -0.999385 0.0330628 -0.0116624
v -0.3779 0.0019031 -0.35822
vn -0.996202 0.0763499 0.0418527
v -0.37856 0.0019031 -0.40363
vn -0.990887 0.133352 -0.0189572
v -0.37424 0.0019031 -0.31281
vn -0.958843 0.274695 0.0718543
v -0.37406 0.0019031 -0.2674
vn -0.964523 0.262521 0.0278825
v -0.37019 0.0019031 -0.22199
vn -0.97435 0.214844 0.0669596
v -0.37113 0.0019031 -0.10846
vn -0.868391 0.471201 -0.15449
v -0.18815 -0.65655 -0.039378
vn 0.0567467 0.00432905 0.998379
v -0.358088 -0.26547 -0.060965
vn -0.798798 -0.0669302 0.597865
v -0.37933 -0.020802 -0.063054
vn -0.750392 -0.0908865 0.654714
v -0.36527 -0.15703 -0.063054
vn -0.973735 -0.0580597 0.220157
v -0.367725 -0.100269 -0.063054
vn -0.946828 -0.0509104 0.317685
v -0.37096 -0.066213 -0.063054
vn -0.892529 -0.0946984 0.440936
v -0.31303 -0.2365 -0.033861
vn -0.0552217 0.0118051 0.998404
v -0.31303 -0.043508 -0.034134
vn 0.0157374 0.0104443 0.999822
v -0.40385 -0.14949 -1.0394
vn -0.0338201 -0.0318566 0.99892
v -0.36899 0.0019031 -0.148198
vn -0.98356 0.179696 -0.0178385
v -0.31303 0.041047 -0.063054
vn -0.0724496 0.993607 0.0865833
v -0.33573 0.038438 -0.063054
vn -0.21531 0.935741 0.279338
v -0.31303 0.0019031 -0.032355
vn -0.000129385 0.0171503 0.999853
v -0.31303 0.024608 -0.036884
vn -0.00545174 0.261773 0.965114
v -0.1334 -0.8836 -1.0167
vn 0.0955524 -0.918586 0.383496
v -0.239235 -0.903668 -0.960965
vn 0.191916 -0.975697 -0.10575
v 0.059558 -0.65655 -0.119815
vn 0.99777 0.0652738 -0.0139108
v -0.290715 -0.906525 -0.0610895
vn -0.438196 -0.894872 0.084782
v 0.072916 -0.83819 -0.063054
vn 0.912177 0.102223 0.396841
v 0.051149 -0.829053 -0.0405117
vn 0.519032 0.0294265 0.854248
v 0.0673785 -0.75872 -0.063054
vn 0.906695 0.0696758 0.415992
v 0.0633417 -0.68493 -0.085759
vn 0.99783 0.0657095 -0.00409342
v 0.0681034 -0.778586 -0.10846
vn 0.996847 0.0625411 -0.0488233
v 0.06948 -0.77007 -0.085759
vn 0.997109 0.0748529 0.0130921
v 0.06076 -0.67925 -0.063054
vn 0.954823 0.0653254 0.289907
v 0.050254 -0.781425 -0.041445
vn 0.537294 0.0482499 0.842014
v 0.027549 -0.826835 -0.03707
vn 0.0836361 0.0102012 0.996444
v -0.0065084 -0.741692 -0.0374445
vn -0.0402887 0.0203496 0.998981
v -0.29032 -0.89049 -0.53986
vn -0.425291 -0.905029 0.00705988
v -0.29032 -0.890545 -0.61933
vn -0.606644 -0.793549 -0.0475721
v -0.26762 -0.90127 -0.65339
vn -0.205741 -0.977183 -0.052758
v -0.26762 -0.90158 -0.56257
vn -0.314032 -0.949394 0.00596708
v -0.2833 -0.9063 -0.88044
vn -0.316256 -0.948634 0.00870625
v -0.2806 -0.9063 -0.94855
vn -0.27262 -0.960978 -0.0468934
v -0.26762 -0.909406 -0.942686
vn -0.00295446 -0.99637 -0.0850794
v -0.26762 -0.91162 -0.88044
vn -0.071312 -0.9953 0.0655124
v -0.26762 -0.90279 -0.99397
vn 0.0957314 -0.995338 -0.0117465
v -0.24491 -0.9105 -0.90314
vn 0.137137 -0.989124 -0.0531727
v -0.231545 -0.9063 -0.914495
vn 0.318353 -0.945823 -0.0638028
v -0.22221 -0.899845 -0.9372
vn 0.359674 -0.930093 -0.074576
v -0.24491 -0.90976 -0.869085
vn 0.083376 -0.994474 0.0638003
v -0.22573 -0.904375 -0.89179
vn 0.453959 -0.890803 0.0197685
v -0.27626 -0.9063 -0.85773
vn -0.317194 -0.943048 0.100241
v -0.233945 -0.9063 -0.84638
vn 0.316176 -0.948628 0.0117361
v -0.26762 -0.9063 -0.84408
vn -0.236105 -0.950524 0.201886
v -0.24491 -0.90399 -0.803165
vn -0.102553 -0.986649 0.126521
v -0.26762 -0.89559 -0.81232
vn -0.558963 -0.8209 0.116975
v -0.22221 -0.90284 -0.81232
vn 0.23285 -0.972423 -0.0131734
v -0.22221 -0.90125 -0.778265
vn 0.0389625 -0.995999 0.0804174
v -0.1995 -0.89841 -0.78962
vn 0.204279 -0.978108 -0.0396782
v -0.1768 -0.89546 -0.778265
vn 0.0619836 -0.987738 -0.143286
v -0.14274 -0.88912 -0.81232
vn 0.0401403 -0.990487 -0.131623
v -0.120035 -0.894895 -0.76691
vn 0.0478197 -0.989889 -0.133543
v -0.0774615 -0.886981 -0.823675
vn 0.015312 -0.998954 -0.0430946
v -0.0803005 -0.890165 -0.778265
vn 0.046141 -0.996603 -0.0682108
v -0.24491 -0.89473 -0.74421
vn -0.0969294 -0.989339 0.108688
v -0.193825 -0.89908 -0.749885
vn -0.0202787 -0.999779 0.00561465
v -0.193827 -0.89833 -0.7215
vn -0.0122994 -0.998957 0.0439833
v -0.22221 -0.898 -0.6988
vn 0.0686372 -0.997634 0.00385234
v -0.24491 -0.8974 -0.71015
vn -0.0627347 -0.993716 -0.0926931
v -0.165445 -0.89322 -0.6988
vn 0.0771029 -0.971699 0.223285
v -0.14274 -0.89892 -0.74421
vn 0.0503266 -0.997989 -0.0385268
v -0.0802998 -0.892665 -0.74421
vn 0.0864946 -0.996242 0.0046233
v -0.14274 -0.898025 -0.7215
vn 0.0671103 -0.985599 0.155211
v -0.10868 -0.88785 -0.6988
vn 0.098388 -0.930353 0.353218
v -0.085977 -0.89226 -0.7215
vn 0.0965492 -0.992425 0.075962
v -0.26762 -0.89895 -0.51716
vn -0.14836 -0.987883 0.0455608
v -0.24491 -0.90378 -0.65339
vn -0.00600698 -0.999929 -0.0102777
v -0.22221 -0.9022 -0.642035
vn 0.101611 -0.994817 0.00380728
v -0.1995 -0.8963 -0.67609
vn 0.174038 -0.982232 -0.0702241
v -0.1768 -0.89652 -0.63068
vn 0.142833 -0.985924 -0.0869074
v -0.1768 -0.88933 -0.67609
vn 0.186599 -0.977837 -0.0949486
v -0.1995 -0.898925 -0.61933
vn 0.0862771 -0.996183 0.0132266
v -0.1768 -0.89868 -0.58527
vn 0.0428951 -0.999009 -0.011909
v -0.14274 -0.887102 -0.654862
vn 0.122357 -0.957206 -0.26227
v -0.14274 -0.89403 -0.63068
vn 0.0755273 -0.978103 -0.193933
v -0.114359 -0.896473 -0.60798
vn 0.0236558 -0.993684 -0.109688
v -0.091652 -0.893347 -0.63068
vn -0.02475 -0.982006 -0.187222
v -0.24491 -0.90209 -0.56257
vn 0.034139 -0.999128 0.0240509
v -0.193825 -0.89773 -0.556892
vn 0.0836126 -0.993504 0.0771922
v -0.23356 -0.8978 -0.51716
vn 0.0931863 -0.994406 0.0497316
v -0.040566 -0.8914 -0.6988
vn 0.00424826 -0.998302 -0.0581015
v 0.0048442 -0.88757 -0.71015
vn 0.0577918 -0.996013 -0.0679526
v -0.074624 -0.889565 -0.6988
vn -0.0155403 -0.971757 0.23547
v 0.072959 -0.86142 -0.76843
vn 0.981245 -0.173266 -0.0844851
v -0.063271 -0.89025 -0.67609
vn -0.0931673 -0.994749 -0.0423493
v -0.040566 -0.89554 -0.65339
vn -0.110469 -0.988067 -0.107332
v -0.0065084 -0.89589 -0.65339
vn 0.0466956 -0.99252 -0.112795
v -0.017861 -0.89759 -0.63068
vn -0.00453308 -0.99991 -0.0126562
v -0.0348898 -0.89289 -0.56257
vn -0.00985324 -0.984547 0.17484
v -0.0774611 -0.896665 -0.58527
vn 0.0105247 -0.996886 0.0781468
v -0.29032 -0.89276 -0.49445
vn -0.277946 -0.95457 -0.107434
v -0.26762 -0.90153 -0.471745
vn -0.0755336 -0.994008 -0.0790175
v -0.29032 -0.903115 -0.414985
vn -0.20094 -0.974296 -0.101834
v -0.273225 -0.9063 -0.40754
vn -0.0222076 -0.999097 -0.0362224
v -0.26762 -0.90724 -0.34687
vn 0.0631132 -0.998 0.00352717
v -0.29032 -0.903588 -0.34687
vn -0.223596 -0.973459 0.0488083
v -0.27967 -0.9063 -0.33552
vn -0.14997 -0.987989 0.0372479
v -0.24491 -0.900545 -0.477422
vn 0.0697669 -0.996041 -0.0550878
v -0.22221 -0.89673 -0.49445
vn 0.142375 -0.987571 -0.0665753
v -0.1768 -0.894915 -0.43769
vn 0.1648 -0.981353 -0.0989296
v -0.24491 -0.9041 -0.40363
vn 0.0952695 -0.994961 -0.031245
v -0.202341 -0.90044 -0.39228
vn 0.0948864 -0.995431 -0.0106395
v -0.24491 -0.90412 -0.31281
vn 0.103352 -0.994642 0.00230533
v -0.26762 -0.9058 -0.304475
vn -0.0670478 -0.997542 0.020352
v -0.13139 -0.89227 -0.187935
vn 0.129394 -0.983537 0.126142
v -0.15409 -0.89512 -0.17658
vn 0.144528 -0.986961 0.0708507
v -0.13139 -0.88778 -0.15387
vn 0.195982 -0.979173 -0.0530172
v -0.10868 -0.8859 -0.15387
vn 0.0411948 -0.999126 0.0070284
v -0.085977 -0.88954 -0.17658
vn -0.0669326 -0.992792 0.0994178
v -0.085977 -0.88797 -0.15387
vn -0.111287 -0.992198 -0.0561931
v -0.29032 -0.89294 -0.040349
vn -0.389982 -0.32401 0.861935
v -0.29808 -0.8836 -0.040349
vn -0.389982 -0.32401 0.861935
v -0.14274 -0.896165 -0.13117
vn 0.176119 -0.955821 -0.235346
v -0.11303 -0.8836 -0.040349
vn 0.0567945 -0.501057 0.863549
v 0.0507785 -0.862335 -0.040349
vn 0.301567 -0.10946 0.947141
v -0.120035 -0.77007 -0.0394625
vn 0.0311457 0.0314076 0.999021
v -0.074624 -0.753043 -0.0406242
vn -0.00258469 0.0370086 0.999312
v -0.40385 -0.99712 -1.0448
vn 0.0194453 -0.0227481 0.999552
v -0.33573 -0.963065 -1.04505
vn -0.0525498 -0.0623839 0.996668
v -0.33573 -0.99712 -1.0462
vn -0.032091 -0.0195905 0.999293
v -0.40385 -0.94036 -1.04445
vn -0.000382889 -0.00865482 0.999962
v -0.36979 -0.92901 -1.04315
vn -0.0656724 -0.0601721 0.996025
v -0.40385 -0.9063 -1.0449
vn -0.0896985 -0.0100943 0.995918
v -0.34223 -0.91379 -1.0394
vn -0.150557 -0.131544 0.979811
v -0.319885 -0.93359 -1.0394
vn -0.188295 -0.277418 0.942117
v -0.29032 -0.950335 -1.0397
vn -0.0609689 -0.122643 0.990576
v -0.27327 -0.9063 -1.0167
vn -0.033474 -0.787553 0.615337
v -0.29032 -0.92901 -1.0326
vn -0.0314607 -0.535591 0.843891
v -0.29032 -0.90301 -1.0167
vn -0.205521 -0.659409 0.723146
v -0.31303 -0.9063 -1.028
vn -0.260717 -0.65049 0.713365
v -0.22471 -0.9063 -1.0173
vn 0.111922 -0.90318 0.414415
v -0.24491 -0.92901 -1.0371
vn 0.081965 -0.491055 0.867264
v -0.182472 -0.9063 -1.02868
vn 0.170143 -0.723271 0.669276
v -0.22221 -0.9004 -0.99397
vn 0.22615 -0.964358 0.137368
v -0.165445 -0.89017 -1.0167
vn 0.225915 -0.931911 0.283732
v -0.171395 -0.885175 -0.99397
vn 0.279551 -0.930673 0.236007
v -0.193825 -0.89225 -0.959905
vn 0.275271 -0.961358 0.0040341
v -0.163325 -0.882525 -0.97126
vn 0.256434 -0.966143 -0.0284657
v -0.102075 -0.903667 -1.0394
vn 0.051542 -0.466856 0.88283
v -0.1995 -0.89284 -0.92585
vn 0.288636 -0.955657 0.0583844
v -0.1995 -0.88974 -0.89179
vn 0.446873 -0.893778 0.0382781
v -0.13139 -0.8836 -0.90771
vn -0.00650074 -0.99268 -0.120597
v -0.085977 -0.8836 -0.90961
vn -0.0151148 -0.988337 -0.151527
v -0.103004 -0.886712 -0.869085
vn 0.00668344 -0.999145 -0.0407955
v -0.13139 -0.87681 -0.94855
vn 0.0350705 -0.99514 -0.0920123
v -0.10868 -0.87554 -0.94855
vn 0.0127902 -0.981931 -0.188806
v -0.063271 -0.87659 -1.0167
vn 0.0713406 -0.905876 0.417491
v -0.0689478 -0.8836 -1.02612
vn 0.0578732 -0.773085 0.631657
v -0.063271 -0.87473 -0.97126
vn -0.00636682 -0.997836 -0.0654435
v -0.0802998 -0.874567 -0.99397
vn 0.035371 -0.999205 0.0183735
v -0.0292135 -0.87386 -0.99397
vn -0.0180837 -0.99794 -0.0615542
v 0.072959 -0.81706 -1.0167
vn 0.905199 0.118446 0.408149
v 0.072959 -0.83938 -1.0167
vn 0.842521 -0.141262 0.51981
v -0.0547568 -0.885386 -0.886112
vn 0.0121086 -0.999365 -0.033496
v -0.040566 -0.8836 -0.91909
vn -0.0115294 -0.985223 -0.17089
v -0.00010965 -0.88338 -0.90314
vn 0.00122169 -0.996078 -0.0884658
v 0.027549 -0.8836 -0.89113
vn 0.177098 -0.981579 -0.0716866
v -0.040566 -0.87803 -0.94855
vn -0.00343535 -0.988597 -0.150549
v 0.0048442 -0.877485 -0.959905
vn -0.0742245 -0.993021 -0.0916483
v 0.059916 -0.77007 -0.99397
vn 0.98109 0.132747 0.140856
v 0.062749 -0.81548 -0.9372
vn 0.990143 0.128632 0.0554142
v 0.063376 -0.83819 -0.914495
vn 0.999054 -0.0199473 -0.0386393
v 0.027549 -0.88178 -0.9372
vn 0.108402 -0.993519 -0.0341995
v 0.050254 -0.87411 -0.90314
vn 0.596484 -0.796714 -0.0972359
v 0.059763 -0.86089 -0.914495
vn 0.924948 -0.371539 -0.0801886
v 0.066413 -0.86089 -0.840702
vn 0.92991 -0.358783 -0.0808791
v 0.0686741 -0.83819 -0.838524
vn 0.992877 0.066403 -0.0989212
v 0.062294 -0.81548 -0.88044
vn 0.989875 0.138969 -0.0288862
v 0.054013 -0.77007 -0.90314
vn 0.995543 0.0869207 -0.0365927
v 0.058952 -0.79278 -0.869085
vn 0.986635 0.142223 -0.0795248
v 0.0604437 -0.69628 -1.0167
vn 0.883646 0.0876131 0.459884
v 0.072959 -0.77007 -1.0248
vn 0.699106 0.0845402 0.710003
v 0.0865945 -0.724665 -1.0394
vn 0.546801 0.0628514 0.8349
v 0.066904 -0.81548 -0.99397
vn 0.982246 0.121901 0.142591
v 0.0517872 -0.723568 -0.97126
vn 0.985097 0.121586 0.121657
v 0.0530165 -0.702865 -0.99397
vn 0.960262 0.114489 0.254537
v 0.053693 -0.77007 -0.92585
vn 0.997162 0.0749997 0.00656901
v 0.0481698 -0.694858 -0.94855
vn 0.995543 0.0914882 -0.0228709
v 0.056259 -0.77007 -0.869085
vn 0.993751 0.0453744 -0.101978
v 0.0528545 -0.692257 -0.871922
vn 0.99308 0.0867302 -0.0791776
v 0.0559085 -0.72466 -0.869085
vn 0.994292 -0.00133955 -0.106682
v -0.1995 -0.89226 -0.84638
vn 0.201465 -0.973488 -0.108318
v -0.1768 -0.88375 -0.88044
vn 0.0381458 -0.996574 -0.0733844
v -0.26762 -0.890095 -0.778265
vn -0.470008 -0.878142 0.0892182
v -0.15409 -0.88765 -0.84638
vn 0.026546 -0.997752 -0.0615256
v -0.26946 -0.887825 -0.732855
vn -0.383825 -0.920633 -0.0715137
v -0.14274 -0.88125 -0.67609
vn 0.197795 -0.974796 0.103195
v -0.10868 -0.8836 -0.6568
vn -0.0668051 -0.947252 -0.313449
v 0.027549 -0.88655 -0.83503
vn 0.0382212 -0.998818 -0.030036
v -0.0206991 -0.887797 -0.795295
vn 0.00694219 -0.999761 -0.0207134
v 0.050254 -0.8836 -0.83753
vn 0.608387 -0.789555 -0.0804288
v 0.050254 -0.8865 -0.76691
vn 0.123762 -0.992174 -0.0165341
v 0.0658134 -0.80413 -0.826515
vn 0.985923 0.115493 -0.120901
v 0.0161966 -0.886923 -0.75556
vn 0.00949579 -0.999903 0.0101448
v 0.058308 -0.8836 -0.76691
vn 0.708449 -0.704321 -0.0450877
v 0.050254 -0.88645 -0.71015
vn 0.110778 -0.992677 -0.0481715
v 0.058001 -0.8836 -0.7215
vn 0.558042 -0.828212 -0.0515113
v 0.076911 -0.83819 -0.74421
vn 0.999095 -0.0352391 -0.023815
v 0.072959 -0.868965 -0.715828
vn 0.8486 -0.52718 -0.0442506
v 0.0743365 -0.80413 -0.74793
vn 0.993123 0.0868557 -0.0785
v 0.075507 -0.86089 -0.68177
vn 0.991117 -0.132536 -0.0109872
v 0.0754972 -0.781425 -0.71015
vn 0.998675 0.0414577 -0.0304881
v 0.0161966 -0.89616 -0.58527
vn -0.00916088 -0.99958 0.0275097
v 0.050254 -0.89109 -0.65339
vn 0.261068 -0.958773 -0.112244
v 0.065596 -0.8836 -0.65339
vn 0.614583 -0.784967 -0.0781949
v 0.050254 -0.8975 -0.596625
vn 0.150624 -0.988297 -0.024093
v 0.072959 -0.8836 -0.61387
vn 0.744103 -0.648066 -0.162238
v 0.072959 -0.87443 -0.642035
vn 0.943785 -0.325852 -0.0555837
v 0.07729 -0.83819 -0.63068
vn 0.999312 0.0320159 0.018746
v 0.0779105 -0.86089 -0.596625
vn 0.997386 -0.0631105 -0.0351907
v 0.078406 -0.86089 -0.56257
vn 0.998029 0.00295827 0.0626867
v 0.071433 -0.77007 -0.63068
vn 0.996347 0.0847663 -0.0103538
v 0.0161966 -0.893825 -0.56257
vn -0.0599639 -0.985232 0.160379
v -0.0292135 -0.88732 -0.53986
vn 0.0147783 -0.980551 0.195709
v -0.0291975 -0.883555 -0.517627
vn 0.0558339 -0.994149 0.0924726
v 0.050254 -0.888925 -0.505805
vn 0.0035567 -0.998273 0.0586435
v 0.050254 -0.8939 -0.551215
vn 0.138909 -0.979862 0.143438
v 0.072959 -0.8899 -0.58527
vn 0.447563 -0.894221 -0.00747128
v 0.07654 -0.8836 -0.58527
vn 0.98178 -0.188674 -0.0226032
v 0.072959 -0.8836 -0.55085
vn 0.746291 -0.647864 0.152713
v 0.064165 -0.8836 -0.51716
vn 0.735599 -0.667781 0.113849
v 0.074255 -0.79278 -0.58527
vn 0.997428 0.0715791 -0.00362346
v 0.073116 -0.787884 -0.55892
vn 0.988317 0.07859 0.13059
v 0.072959 -0.83819 -0.52789
vn 0.987396 0.110537 0.113271
v 0.0724497 -0.860965 -0.505805
vn 0.978711 -0.187484 0.0835152
v 0.066219 -0.80413 -0.51716
vn 0.983582 0.111891 0.141589
v 0.064611 -0.77007 -0.81232
vn 0.98929 0.0736017 -0.126047
v 0.060602 -0.736015 -0.829353
vn 0.994455 0.0559058 -0.0890737
v 0.067749 -0.75872 -0.76691
vn 0.987523 0.111393 -0.111305
v 0.072959 -0.76049 -0.73234
vn 0.98552 0.118423 -0.12135
v 0.0618375 -0.74169 -0.51716
vn 0.985354 0.0686525 0.156093
v -0.15409 -0.8867 -0.47175
vn 0.0925492 -0.988879 -0.116418
v -0.14274 -0.89448 -0.40363
vn 0.111759 -0.989946 -0.0866989
v -0.14274 -0.89309 -0.33552
vn 0.0907682 -0.995727 0.0170226
v -0.085977 -0.89021 -0.35822
vn 0.070382 -0.997462 -0.0107938
v -0.10868 -0.88704 -0.44904
vn 0.0676733 -0.996544 -0.0481753
v -0.29032 -0.900225 -0.27308
vn -0.226958 -0.973809 0.0136332
v -0.29032 -0.89895 -0.19929
vn -0.25368 -0.966365 -0.0422423
v -0.26762 -0.90507 -0.19929
vn -0.103342 -0.994631 -0.00539468
v -0.26762 -0.90795 -0.15387
vn -0.0644127 -0.996468 -0.0538705
v -0.29032 -0.90461 -0.13117
vn -0.242894 -0.968977 -0.0456732
v -0.165445 -0.89558 -0.31281
vn 0.0743296 -0.996361 -0.0417155
v -0.24491 -0.90459 -0.19929
vn 0.0683444 -0.99715 -0.0319563
v -0.1768 -0.89817 -0.2674
vn 0.0589213 -0.998226 -0.0085495
v -0.120035 -0.892235 -0.31281
vn 0.04149 -0.997912 -0.0494986
v -0.0519185 -0.8903 -0.31281
vn 0.0352959 -0.997399 -0.062847
v -0.0973285 -0.89567 -0.2447
vn 0.0229213 -0.998711 -0.0452895
v -0.15409 -0.8971 -0.22199
vn 0.0530263 -0.998222 0.0272172
v -0.1768 -0.89905 -0.19929
vn 0.102193 -0.994159 -0.0346978
v -0.222205 -0.90573 -0.15387
vn 0.0788939 -0.996239 -0.0358288
v -0.1768 -0.90115 -0.15387
vn 0.171487 -0.984031 -0.0476934
v -0.0802993 -0.895925 -0.22199
vn -0.000462644 -0.999698 0.024553
v -0.074624 -0.894225 -0.19929
vn -0.04458 -0.993407 0.105617
v 0.0145454 -0.88547 -0.49445
vn -0.106164 -0.994348 0.0011205
v 0.0161966 -0.885898 -0.432012
vn -0.0477984 -0.998856 -0.00156524
v -0.0292135 -0.885795 -0.414985
vn 0.0143384 -0.999575 -0.0253774
v 0.027549 -0.887635 -0.460395
vn -0.0694499 -0.997579 0.0035157
v 0.061376 -0.8836 -0.477422
vn 0.79991 -0.599206 0.0330996
v 0.050254 -0.88719 -0.39228
vn 0.0162036 -0.999169 -0.0373894
v 0.0586945 -0.8836 -0.39228
vn 0.765494 -0.643363 -0.0101899
v -0.0292135 -0.882926 -0.487341
vn 0.0211261 -0.999381 -0.0281457
v 0.070405 -0.83819 -0.49445
vn 0.990649 0.133345 0.0288618
v 0.065779 -0.81548 -0.49445
vn 0.988397 0.149992 0.0239692
v 0.0618653 -0.781425 -0.460392
vn 0.996876 0.0770068 0.01753
v 0.069739 -0.83819 -0.35822
vn 0.993914 0.109102 0.0152223
v 0.0707872 -0.86089 -0.37525
vn 0.98341 -0.181192 0.00862283
v 0.062685 -0.79278 -0.40363
vn 0.991069 0.133142 -0.00740376
v -0.040566 -0.88619 -0.35822
vn 0.0342326 -0.998926 -0.0312245
v 0.0048442 -0.88645 -0.35822
vn -0.0320449 -0.997294 -0.0661626
v 0.050254 -0.89103 -0.33552
vn 0.215333 -0.975 -0.0548298
v 0.027549 -0.893 -0.31281
vn -0.0495224 -0.994857 -0.0883523
v 0.062605 -0.8836 -0.33552
vn 0.837155 -0.546431 -0.0241805
v 0.0625153 -0.782844 -0.355384
vn 0.995538 0.0940476 0.00763998
v -0.0348898 -0.893622 -0.27308
vn -0.00377044 -0.997447 -0.0713101
v 0.0048442 -0.89539 -0.233345
vn -0.0271393 -0.998946 -0.037025
v 0.050254 -0.89339 -0.2674
vn 0.338204 -0.939458 -0.0550998
v 0.062731 -0.8836 -0.2674
vn 0.87204 -0.487809 -0.0398597
v 0.027549 -0.8957 -0.25605
vn -0.00307744 -0.998164 -0.060485
v 0.0681528 -0.86089 -0.28443
vn 0.998887 -0.0431435 0.0190758
v 0.063911 -0.798455 -0.30146
vn 0.997425 0.0713009 -0.00769616
v 0.06868 -0.86089 -0.233345
vn 0.997084 -0.032532 -0.0690262
v 0.064255 -0.789938 -0.267402
vn 0.997561 0.0393311 -0.0576583
v -0.040566 -0.89486 -0.17658
vn -0.0401466 -0.999117 0.0123714
v -0.0008321 -0.896475 -0.176581
vn -0.0528939 -0.998191 -0.0285753
v -0.0519185 -0.896479 -0.122653
vn -0.0361965 -0.996309 -0.0778368
v 0.027549 -0.89858 -0.187933
vn -0.0578982 -0.997966 -0.0266658
v 0.050254 -0.8999 -0.17658
vn 0.310136 -0.949627 -0.0449942
v 0.069039 -0.8836 -0.187935
vn 0.843766 -0.532257 -0.0690013
v 0.072959 -0.8836 -0.11652
vn 0.869071 -0.493027 -0.0404885
v 0.0705645 -0.828635 -0.187935
vn 0.997534 0.0578755 -0.0397015
v 0.065794 -0.75872 -0.233345
vn 0.99789 0.0347473 -0.054845
v 0.072959 -0.86947 -0.165225
vn 0.996311 -0.0735952 -0.0441276
v 0.073407 -0.86089 -0.10846
vn 0.99874 0.047618 -0.0158593
v -0.26762 -0.90891 -0.10846
vn 0.00285982 -0.998528 -0.054159
v -0.26762 -0.91195 -0.085759
vn -0.0303284 -0.998286 -0.0500566
v -0.26762 -0.9118 -0.063054
vn 0.00962859 -0.9895 0.144212
v -0.26762 -0.9063 -0.049624
vn 0.018535 -0.831839 0.554708
v -0.26762 -0.89862 -0.040349
vn 0.0340558 -0.627364 0.777981
v -0.26762 -0.8836 -0.032879
vn 0.00371484 -0.222337 0.974963
v -0.29032 -0.86089 -0.036224
vn -0.219962 -0.0122931 0.975431
v -0.26762 -0.84954 -0.032025
vn -0.0122971 0.0139713 0.999827
v -0.18815 -0.90307 -0.13117
vn 0.0917093 -0.993739 -0.063809
v -0.165445 -0.904848 -0.106044
vn 0.0492719 -0.984334 -0.169291
v -0.190989 -0.906778 -0.0622458
vn 0.0208667 -0.920743 0.389612
v -0.13139 -0.90713 -0.085759
vn 0.052603 -0.996093 -0.0709365
v -0.085977 -0.8981 -0.10846
vn 0.0604278 -0.969858 -0.236059
v -0.141866 -0.906686 -0.0618275
vn 0.0360014 -0.902941 0.428253
v -0.040566 -0.89916 -0.085759
vn 0.0396516 -0.997645 -0.0559595
v -0.0292135 -0.89783 -0.063054
vn 0.0468275 -0.913767 0.403532
v -0.199502 -0.885628 -0.0388075
vn 0.0414592 -0.48507 0.873492
v -0.14274 -0.88716 -0.040349
vn 0.0326183 -0.473252 0.880323
v -0.210855 -0.86089 -0.03326
vn 0.0324214 -0.0321356 0.998958
v -0.219371 -0.80413 -0.0353833
vn 0.0415113 0.0322603 0.998617
v -0.13139 -0.86089 -0.034766
vn 0.0224586 -0.0238337 0.999464
v -0.1768 -0.77007 -0.038466
vn 0.0214334 0.0280756 0.999376
v -0.0803005 -0.823998 -0.0376974
vn 0.0208058 0.0326004 0.999252
v 0.050254 -0.90029 -0.13117
vn 0.0435004 -0.997634 -0.0532428
v 0.0161966 -0.902295 -0.085759
vn -0.0936316 -0.994699 -0.0425069
v 0.0161966 -0.901275 -0.063054
vn -0.0802267 -0.898877 0.430794
v 0.050254 -0.90543 -0.085759
vn 0.31293 -0.946727 -0.0760474
v 0.050254 -0.90296 -0.063054
vn 0.346874 -0.870016 0.350358
v 0.072959 -0.88991 -0.085759
vn 0.894824 -0.446419 0.000407909
v 0.072112 -0.8836 -0.063054
vn 0.840546 -0.351303 0.412393
v 0.0680605 -0.782844 -0.151035
vn 0.998105 0.0614876 0.0023415
v 0.075057 -0.86089 -0.085759
vn 0.99858 0.0468986 -0.0252518
v 0.072959 -0.86089 -0.059584
vn 0.904777 -0.0288232 0.424909
v 0.0048442 -0.8836 -0.046037
vn -0.00261513 -0.639083 0.769133
v 0.027549 -0.8836 -0.044388
vn -0.00842161 -0.470775 0.882213
v 0.050254 -0.8836 -0.045181
vn 0.343025 -0.451026 0.823959
v -0.0121847 -0.872202 -0.040349
vn 0.00685593 -0.32033 0.947281
v -0.040566 -0.86089 -0.037436
vn -0.00174465 -0.0335637 0.999435
v 0.027549 -0.86089 -0.037749
vn 0.0260358 -0.0865257 0.995909
v -0.0292135 -0.7871 -0.0386795
vn -0.0172802 0.0116786 0.999782
v -0.134225 -0.99712 -1.04996
vn 0.0242255 -0.0164525 0.999571
v -0.13139 -0.95171 -1.0501
vn 0.00813758 -0.0540938 0.998503
v -0.33573 -0.8836 -1.0333
vn -0.347654 -0.130879 0.928443
v -0.14274 -0.879455 -0.99397
vn 0.157786 -0.97205 0.173846
v -0.1768 -0.88361 -0.90314
vn 0.165423 -0.985445 0.039148
v -0.15409 -0.8819 -0.9372
vn 0.160588 -0.986479 -0.0327155
v -0.017861 -0.99712 -1.0523
vn -0.0232702 -0.0175583 0.999575
v -0.13139 -0.92901 -1.0477
vn 0.0390816 -0.212683 0.976339
v -0.017861 -0.92901 -1.048
vn -0.00173528 -0.169054 0.985605
v 0.0105204 -0.963065 -1.05015
vn -0.0294932 -0.0603819 0.99774
v 0.0389015 -0.92901 -1.0457
vn -0.0308163 -0.214171 0.97631
v -0.017861 -0.89898 -1.0394
vn -0.0268875 -0.406972 0.913045
v 0.0048442 -0.8836 -1.0265
vn -0.0532922 -0.703778 0.708419
v 0.033438 -0.9063 -1.0394
vn -0.078545 -0.526478 0.846553
v 0.05725 -0.9063 -1.0394
vn 0.174945 -0.549056 0.817271
v 0.0161966 -0.880228 -1.01783
vn -0.111544 -0.943198 0.312945
v 0.050254 -0.8825 -1.0185
vn 0.367061 -0.787167 0.495615
v 0.072959 -0.8836 -1.0336
vn 0.485955 -0.462789 0.741401
v -0.0292135 -0.87645 -1.0167
vn -0.0295647 -0.963523 0.265987
v 0.0048442 -0.87612 -0.99397
vn -0.107015 -0.993788 0.0305458
v 0.068174 -0.86089 -1.0167
vn 0.799055 -0.412669 0.437282
v 0.0945575 -0.855285 -1.0394
vn 0.546575 -0.118401 0.828998
v 0.095157 -0.812788 -1.03897
vn 0.501387 0.0367956 0.86444
v 0.027549 -0.88064 -0.99397
vn -0.0322103 -0.999431 0.0100149
v 0.050254 -0.876835 -0.982615
vn 0.49567 -0.865837 0.0680979
v 0.062026 -0.86089 -0.99397
vn 0.892765 -0.430291 0.133491
v 0.067138 -0.83819 -0.99397
vn 0.977912 -0.093075 0.187153
v 0.059237 -0.86089 -0.959905
vn 0.935934 -0.349536 0.043042
v 0.064047 -0.83819 -0.959905
vn 0.990056 -0.123767 0.0668656
v 0.050254 -0.873275 -0.9372
vn 0.591115 -0.80643 0.0159199
v 0.11837 -0.87792 -1.04843
vn 0.224997 -0.0343996 0.973752
v 0.11837 -0.80413 -1.0478
vn 0.327321 0.0328782 0.944341
v 0.0502675 -0.679123 -0.880835
vn 0.991697 0.103078 -0.076886
v 0.043025 -0.63952 -0.914495
vn 0.991942 0.113018 -0.0572551
v 0.036604 -0.58843 -0.94855
vn 0.995868 0.087563 0.0240789
v 0.0358125 -0.565727 -0.914495
vn 0.992079 0.100795 -0.0749585
v 0.11837 -0.707633 -1.05161
vn 0.183015 0.0194368 0.982918
v 0.035592 -0.554375 -0.97126
vn 0.993481 0.0580784 0.0980968
v 0.037957 -0.53167 -0.99397
vn 0.964613 0.0498728 0.25891
v 0.033366 -0.49761 -0.97126
vn 0.988193 0.0584801 0.141616
v 0.041659 -0.40679 -1.0167
vn 0.899608 0.0428465 0.434591
v 0.0354195 -0.463552 -0.99397
vn 0.966903 0.0390894 0.252133
v 0.033859 -0.53167 -0.942875
vn 0.995895 0.077765 0.0463285
v 0.026075 -0.457877 -0.9372
vn 0.99435 0.0966055 0.043987
v 0.037649 -0.54302 -0.85773
vn 0.984357 0.12851 -0.120524
v 0.0312297 -0.511803 -0.89179
vn 0.994605 0.0961379 -0.038961
v 0.021596 -0.412462 -0.90314
vn 0.995476 0.0913128 -0.0262686
v -0.088165 -0.8836 -0.67609
vn -0.19224 -0.976701 0.0953914
v -0.10868 -0.87635 -0.67609
vn 0.0383914 -0.93538 -0.351555
v 0.0537045 -0.643301 -0.80097
vn 0.992431 0.0827896 -0.0907044
v 0.0604818 -0.707632 -0.783942
vn 0.992593 0.0971918 -0.0728862
v 0.043581 -0.56573 -0.83503
vn 0.98988 0.0963639 -0.104171
v 0.0575005 -0.61114 -0.75556
vn 0.990363 0.0731746 -0.117585
v 0.0610665 -0.67925 -0.75556
vn 0.993506 0.0833709 -0.077431
v 0.0660102 -0.718985 -0.732855
vn 0.988898 0.116334 -0.0924483
v 0.072184 -0.731735 -0.6988
vn 0.992476 0.109823 -0.0541258
v 0.0580985 -0.645195 -0.75556
vn 0.996075 0.0432296 -0.0772341
v 0.060493 -0.65655 -0.7215
vn 0.996459 0.0435148 -0.0719448
v 0.060089 -0.59411 -0.715825
vn 0.994853 0.0609365 -0.0809629
v 0.041613 -0.49761 -0.78962
vn 0.996842 0.0701765 -0.0371568
v 0.0373812 -0.48626 -0.817998
vn 0.986231 0.0854641 -0.141576
v 0.044282 -0.49761 -0.74421
vn 0.98664 0.127928 -0.100875
v 0.054933 -0.54302 -0.7215
vn 0.978364 0.129368 -0.161455
v 0.0562675 -0.53167 -0.6988
vn 0.987114 0.137364 -0.0820856
v 0.04011 -0.4522 -0.74421
vn 0.997424 0.0554398 -0.0455219
v 0.048074 -0.47491 -0.6988
vn 0.985944 0.123163 -0.112894
v 0.0472825 -0.446522 -0.681768
vn 0.991514 0.0678289 -0.110905
v 0.072448 -0.73158 -0.67609
vn 0.997181 0.066304 0.0351223
v 0.0678762 -0.684928 -0.66474
vn 0.996291 0.0836989 -0.0199539
v 0.0693745 -0.718988 -0.625005
vn 0.998862 0.0473865 0.00549608
v 0.0687575 -0.690608 -0.590947
vn 0.998641 0.0506211 0.0123689
v 0.065554 -0.633843 -0.642035
vn 0.997621 0.054539 -0.0421587
v 0.0619548 -0.582757 -0.67609
vn 0.997637 0.0488695 -0.0482934
v 0.062253 -0.58843 -0.65339
vn 0.997154 0.0726717 0.0200735
v 0.064749 -0.645195 -0.56257
vn 0.993108 0.0800524 0.0856004
v 0.068596 -0.71331 -0.56257
vn 0.984814 0.0726934 0.157664
v 0.0602725 -0.53167 -0.642035
vn 0.999281 0.0358845 -0.0121979
v 0.0605235 -0.57708 -0.63068
vn 0.998961 0.0420661 0.0175204
v 0.052893 -0.49761 -0.66474
vn 0.985513 0.150694 -0.077822
v 0.0530885 -0.480585 -0.642035
vn 0.991115 0.0840899 -0.103058
v 0.050901 -0.42138 -0.63068
vn 0.994568 0.0674444 -0.0792868
v 0.0605385 -0.57708 -0.58527
vn 0.998941 0.0332741 0.0317745
v 0.0594155 -0.71331 -0.47175
vn 0.997438 0.0700841 0.0143727
v 0.058931 -0.74737 -0.31281
vn 0.997936 0.0576437 -0.0282897
v 0.062678 -0.72466 -0.2674
vn 0.99617 0.0466326 -0.0739607
v 0.064917 -0.72466 -0.17658
vn 0.997874 0.065111 -0.00271804
v 0.0410235 -0.32732 -0.53986
vn 0.95668 0.0509052 0.286657
v 0.03555 -0.37273 -0.51716
vn 0.967245 0.0835018 0.239719
v 0.0285548 -0.28191 -0.513692
vn 0.955462 0.0251963 0.294036
v 0.0322085 -0.37273 -0.49445
vn 0.988668 0.149392 0.014783
v 0.0251995 -0.28191 -0.49445
vn 0.999965 0.00452834 -0.00707316
v 0.0282005 -0.22515 -0.513645
vn 0.986004 0.0127433 0.166231
v 0.0254683 -0.225148 -0.4831
vn 0.999712 0.0194035 -0.0140936
v 0.029984 -0.24785 -0.414985
vn 0.999963 -0.00284801 -0.00808268
v 0.02914 -0.29326 -0.39228
vn 0.998778 0.0193035 -0.0454894
v 0.032196 -0.304615 -0.35822
vn 0.991921 0.107297 -0.0676743
v 0.0285134 -0.240132 -0.380311
vn 0.998706 0.0227703 0.0454815
v 0.0268707 -0.255715 -0.34687
vn 0.997087 0.0687124 0.0331006
v 0.026844 -0.257837 -0.324165
vn 0.989661 0.139464 -0.0334887
v 0.0315715 -0.259205 -0.2674
vn 0.99392 0.10355 -0.0374273
v 0.050254 -0.99712 -1.0488
vn 0.02863 -0.0273195 0.999217
v 0.050254 -0.95171 -1.0475
vn -0.0358328 -0.0581514 0.997664
v 0.11837 -0.99712 -1.0513
vn 0.012582 1.16762e-06 0.999921
v 0.11837 -0.92901 -1.05
vn 0.0459319 -0.0293387 0.998514
v 0.072959 -0.94036 -1.0463
vn 0.08973 -0.115157 0.989286
v 0.0792435 -0.891715 -1.0394
vn 0.243374 -0.195585 0.950008
v 0.095665 -0.89495 -1.0441
vn 0.241949 -0.11024 0.964006
v -0.28731 -0.879145 -0.83503
vn -0.843701 -0.517897 0.141247
v -0.29032 -0.99712 -1.0429
vn 0.0503115 -0.0548783 0.997225
v -0.15977 -0.97442 -1.04847
vn 0.0371958 -0.0372175 0.998615
v -0.25059 -0.948465 -1.04172
vn 0.0823789 -0.173667 0.981353
v -0.21704 -0.92901 -1.0394
vn 0.114123 -0.410724 0.904589
v -0.1768 -0.95171 -1.0465
vn 0.0562167 -0.116168 0.991637
v -0.1768 -0.88905 -0.51716
vn 0.113788 -0.981953 0.151066
v -0.14274 -0.89629 -0.56257
vn 0.0387146 -0.985677 0.16414
v -0.131385 -0.88686 -0.51716
vn 0.0315359 -0.993841 0.106233
v -0.15409 -0.88539 -0.49445
vn 0.0790781 -0.996688 -0.0189787
v -0.0973285 -0.88571 -0.49445
vn 0.0300363 -0.999475 -0.0121835
v -0.313911 -0.84994 -1.01678
vn -0.918144 0.0956435 0.384531
v -0.30793 -0.86089 -0.99397
vn -0.978103 -0.156044 0.137715
v -0.31043 -0.87749 -1.0167
vn -0.80977 -0.340855 0.477588
v -0.29896 -0.8836 -0.99397
vn -0.932856 -0.338318 0.123776
v -0.30665 -0.83819 -0.99397
vn -0.994122 0.0297755 0.104089
v -0.30295 -0.86089 -0.925845
vn -0.978387 -0.200501 0.0505776
v -0.304252 -0.83819 -0.931522
vn -0.999281 -0.0138277 0.0352965
v -0.29032 -0.89439 -0.88044
vn -0.905111 -0.414891 0.0929517
v -0.297498 -0.86089 -0.840702
vn -0.954977 -0.293738 0.041681
v -0.30172 -0.83819 -0.823675
vn -0.996077 -0.0857123 0.0220009
v -0.301963 -0.81548 -0.931522
vn -0.99842 0.0560894 -0.0032651
v -0.30312 -0.80413 -0.88044
vn -0.999959 0.00693877 0.00577353
v -0.30083 -0.81548 -0.83503
vn -0.99949 0.0318333 -0.00268052
v -0.29032 -0.87142 -0.81232
vn -0.797983 -0.602274 0.0220967
v -0.29812 -0.86089 -0.76691
vn -0.949946 -0.311985 -0.0163744
v -0.302393 -0.83819 -0.761238
vn -0.998509 -0.0536583 -0.0100162
v -0.28157 -0.8836 -0.71015
vn -0.61777 -0.775946 -0.127544
v -0.29032 -0.872885 -0.732855
vn -0.767567 -0.640101 -0.0333287
v -0.296855 -0.86089 -0.71015
vn -0.952999 -0.302784 -0.0107034
v -0.30236 -0.77007 -0.78962
vn -0.996791 -0.0797031 -0.00743732
v -0.301548 -0.832513 -0.687445
vn -0.992362 -0.121412 -0.0218352
v -0.29032 -0.8836 -0.66523
vn -0.860773 -0.499175 -0.099472
v -0.30332 -0.81548 -0.6988
vn -0.998641 -0.050872 -0.0113327
v -0.29696 -0.8836 -0.60798
vn -0.920714 -0.389571 -0.0228237
v -0.30303 -0.86089 -0.63068
vn -0.976716 -0.204896 -0.0635814
v -0.30547 -0.772909 -0.701634
vn -0.996162 -0.0738203 -0.0470307
v -0.306242 -0.821158 -0.61933
vn -0.995253 -0.0885002 -0.0404846
v -0.3103 -0.79278 -0.60798
vn -0.992957 -0.101695 -0.0607783
v -0.29604 -0.8836 -0.53986
vn -0.906765 -0.419815 -0.0391622
v -0.3031 -0.86089 -0.56257
vn -0.979659 -0.200657 0.00241085
v -0.30416 -0.86089 -0.51716
vn -0.98372 -0.172744 -0.04955
v -0.312013 -0.781615 -0.57392
vn -0.994094 -0.108504 -0.00218416
v -0.310695 -0.809304 -0.533766
vn -0.995391 -0.0879198 -0.0383085
v -0.312295 -0.781581 -0.534185
vn -0.996279 -0.0792731 -0.0338276
v -0.30212 -0.8836 -0.460395
vn -0.938019 -0.334684 -0.0900426
v -0.310415 -0.826835 -0.47175
vn -0.99765 -0.0684848 -0.00218956
v -0.31431 -0.77007 -0.49445
vn -0.997795 -0.0625299 0.0222381
v -0.3108 -0.86089 -0.43769
vn -0.994716 -0.0953557 -0.0380441
v -0.311765 -0.83819 -0.43769
vn -0.999535 -0.00393464 -0.0302512
v -0.30858 -0.8836 -0.40363
vn -0.976523 -0.202914 -0.0723053
v -0.31137 -0.79278 -0.42634
vn -0.99906 -0.0408793 -0.0144097
v -0.30969 -0.8836 -0.369575
vn -0.992736 -0.119538 -0.0136214
v -0.312863 -0.828958 -0.335515
vn -0.999571 -0.0283388 -0.00743885
v -0.31358 -0.777523 -0.37525
vn -0.999252 -0.0377817 -0.00819614
v -0.31303 -0.861845 -0.33333
vn -0.996543 -0.0828617 0.00593877
v -0.307905 -0.8836 -0.324165
vn -0.956476 -0.288918 0.0409864
v -0.31522 -0.79278 -0.31281
vn -0.999989 0.00207876 -0.00422222
v -0.304782 -0.8836 -0.250372
vn -0.903597 -0.427157 0.0323994
v -0.30961 -0.86089 -0.2674
vn -0.997343 -0.0460375 0.05646
v -0.31362 -0.79278 -0.29011
vn -0.99553 -0.00447254 0.0943396
v -0.305925 -0.86089 -0.21064
vn -0.998356 -0.0540251 0.0191272
v -0.30745 -0.79278 -0.2447
vn -0.996483 -0.0058691 0.083585
v -0.304345 -0.8836 -0.187935
vn -0.925024 -0.376406 -0.0514744
v -0.31017 -0.8836 -0.13117
vn -0.916196 -0.394324 -0.0713753
v -0.305675 -0.826835 -0.22199
vn -0.999498 -0.0289024 0.0129794
v -0.30509 -0.83819 -0.19929
vn -0.999348 -0.0120561 -0.0340308
v -0.30947 -0.74737 -0.19929
vn -0.99769 -0.0587505 -0.0341034
v -0.308888 -0.86089 -0.148198
vn -0.997328 0.0108304 -0.0722502
v -0.308437 -0.80413 -0.153873
vn -0.998761 -0.0356832 -0.0346757
v -0.315025 -0.747365 -0.45826
vn -0.996538 -0.0805036 0.0207591
v -0.315835 -0.747368 -0.39228
vn -0.998222 -0.0591665 0.00719324
v -0.31253 -0.757929 -0.300514
vn -0.999417 0.00557985 0.0336829
v -0.314705 -0.71331 -0.324165
vn -0.99667 -0.059099 0.0561876
v -0.33209 -0.525995 -0.39228
vn -0.993345 -0.100496 0.0562643
v -0.310398 -0.75872 -0.273077
vn -0.996946 -0.00184151 0.0780762
v -0.312145 -0.67876 -0.278755
vn -0.997311 -0.0380724 0.0626152
v -0.309823 -0.73034 -0.2447
vn -0.997552 -0.0628865 -0.0305744
v -0.31599 -0.70196 -0.17658
vn -0.991889 -0.0961139 -0.0831781
v -0.313175 -0.737182 -0.119815
vn -0.992459 -0.115774 -0.0402688
v -0.31847 -0.690605 -0.15387
vn -0.9931 -0.110318 -0.0397669
v -0.31303 -0.66711 -0.2447
vn -0.99214 -0.0998087 -0.0754808
v -0.309865 -0.8836 -0.0971095
vn -0.926717 -0.375755 0.00172427
v -0.309575 -0.83819 -0.119815
vn -0.996508 0.033347 -0.0765514
v -0.313068 -0.861389 -0.0878808
vn -0.999053 -0.0232259 -0.0368038
v -0.30994 -0.77007 -0.10846
vn -0.999009 -0.0264525 -0.0357887
v -0.312665 -0.84954 -0.063054
vn -0.934023 -0.0543245 0.353057
v -0.3095 -0.8836 -0.063054
vn -0.930805 -0.173 0.321983
v -0.31247 -0.79278 -0.085759
vn -0.997748 0.00402284 -0.0669588
v -0.313898 -0.798452 -0.0637743
vn -0.999802 -0.0124963 -0.0154655
v -0.29826 -0.84954 -0.040349
vn -0.763117 -0.0208877 0.645923
v -0.31303 -0.80413 -0.0574805
vn -0.834803 -0.0505257 0.548225
v -0.300805 -0.781425 -0.040349
vn -0.447412 -0.0300086 0.893825
v -0.26762 -0.7871 -0.0339017
vn -0.0248857 0.0167013 0.999551
v -0.31964 -0.67925 -0.10846
vn -0.989518 -0.113034 -0.0898699
v -0.31715 -0.71331 -0.10846
vn -0.985955 -0.12956 -0.10539
v -0.31303 -0.75257 -0.085759
vn -0.688096 -0.0851163 -0.72061
v -0.31861 -0.736015 -0.063054
vn -0.983628 -0.174124 0.0464318
v -0.32369 -0.70196 -0.085759
vn -0.971195 -0.175 -0.161727
v -0.31303 -0.75872 -0.0538295
vn -0.891443 -0.0877457 0.444556
v -0.40385 -0.79278 -1.043
vn -0.0193739 0.0307784 0.999338
v -0.40385 -0.736015 -1.04595
vn -0.0485816 0.0152443 0.998703
v -0.38114 -0.736015 -1.0448
vn -0.0859293 0.0140656 0.996202
v -0.38114 -0.79278 -1.0426
vn -0.067522 0.0110953 0.997656
v -0.35844 -0.71331 -1.0427
vn -0.125472 0.00984808 0.992048
v -0.34072 -0.72466 -1.0394
vn -0.377865 -0.00186889 0.925859
v -0.34732 -0.826835 -1.0394
vn -0.184527 0.0203373 0.982617
v -0.33573 -0.81548 -1.0366
vn -0.460775 0.0270969 0.887103
v -0.31303 -0.81548 -1.0216
vn -0.592703 0.0204498 0.805161
v -0.31303 -0.71671 -1.0167
vn -0.855499 -0.063011 0.513957
v -0.353403 -0.642358 -1.04071
vn -0.252705 -0.0114052 0.967476
v -0.38114 -0.628168 -1.0447
vn -0.09246 0.00584976 0.995699
v -0.40385 -0.59411 -1.04658
vn -0.0645886 0.00381873 0.997905
v -0.33573 -0.71331 -1.03735
vn -0.627957 -0.0384934 0.777295
v -0.3211 -0.61114 -1.0167
vn -0.858239 -0.0378924 0.511849
v -0.34893 -0.54302 -1.0394
vn -0.434407 -0.0253521 0.90036
v -0.33573 -0.571403 -1.03172
vn -0.637372 -0.0180711 0.770344
v -0.313805 -0.60156 -0.99397
vn -0.971331 -0.0583229 0.230467
v -0.31045 -0.67925 -0.99397
vn -0.995633 -0.0570502 0.0738908
v -0.309865 -0.67925 -0.959905
vn -0.998518 -0.0421547 0.0344066
v -0.311627 -0.616813 -0.965583
vn -0.998532 -0.0418773 0.0343596
v -0.309414 -0.645195 -0.92301
vn -0.998644 -0.047241 0.0218957
v -0.312168 -0.583907 -0.886703
vn -0.998772 -0.0422836 -0.0258013
v -0.35844 -0.54302 -1.0427
vn -0.169977 0.00960267 0.985401
v -0.38114 -0.525993 -1.0452
vn -0.0890816 -0.0127112 0.995943
v -0.31648 -0.53167 -0.99397
vn -0.989694 -0.0250269 0.140998
v -0.31292 -0.58843 -0.92585
vn -0.999786 -0.0149399 0.0142942
v -0.312564 -0.535607 -0.937384
vn -0.999634 0.00418086 0.0267435
v -0.31271 -0.54302 -0.90314
vn -0.999533 0.00845232 -0.0293704
v -0.312525 -0.48626 -0.863407
vn -0.999858 -0.00641961 -0.0155661
v -0.30818 -0.65655 -0.83503
vn -0.996938 -0.0638811 -0.0450886
v -0.31456 -0.593455 -0.84638
vn -0.993559 -0.0863549 -0.0733742
v -0.30892 -0.71331 -0.80097
vn -0.995316 -0.0903978 -0.0342774
v -0.315755 -0.616815 -0.778265
vn -0.994677 -0.0853451 -0.057745
v -0.313468 -0.689153 -0.749885
vn -0.99659 -0.0724557 -0.0394767
v -0.31945 -0.58843 -0.7215
vn -0.99707 -0.0503438 -0.0575906
v -0.316707 -0.633843 -0.71015
vn -0.997596 -0.0608043 -0.0332365
v -0.31845 -0.56573 -0.81232
vn -0.999395 -0.0167162 -0.030508
v -0.313213 -0.50349 -0.834434
vn -0.999019 0.0110359 -0.0428979
v -0.31692 -0.52032 -0.78962
vn -0.997261 0.0188455 -0.0715257
v -0.318525 -0.53167 -0.76691
vn -0.997099 -0.033727 -0.0682322
v -0.32267 -0.61114 -0.65339
vn -0.994768 -0.0874546 -0.0528081
v -0.326816 -0.506127 -0.704475
vn -0.99387 -0.0561989 -0.0952062
v -0.318295 -0.645195 -0.66474
vn -0.994582 -0.0935592 -0.0453138
v -0.318605 -0.650872 -0.61933
vn -0.996156 -0.0826888 -0.0289165
v -0.322175 -0.65087 -0.568245
vn -0.99912 -0.0290316 -0.0302619
v -0.32378 -0.605463 -0.551215
vn -0.997259 -0.0734866 -0.00864767
v -0.32182 -0.645195 -0.505805
vn -0.998538 -0.0535817 -0.00706399
v -0.327201 -0.577081 -0.522833
vn -0.992864 -0.105875 -0.05487
v -0.329242 -0.51464 -0.66474
vn -0.997129 -0.0608338 -0.0450912
v -0.328183 -0.5487 -0.607978
vn -0.997583 -0.0630742 -0.0291589
v -0.328253 -0.560052 -0.57392
vn -0.995523 -0.0934293 -0.0143283
v -0.333473 -0.446522 -0.642035
vn -0.998404 -0.0550087 -0.0128245
v -0.33234 -0.47491 -0.596625
vn -0.996997 -0.044361 -0.0634732
v -0.333985 -0.518688 -0.551215
vn -0.989962 -0.127581 -0.0608152
v -0.3342 -0.531275 -0.505805
vn -0.992818 -0.11813 -0.0189139
v -0.33696 -0.49761 -0.53986
vn -0.998196 -0.0395223 -0.0452013
v -0.33691 -0.461459 -0.535511
vn -0.997159 -0.0461571 -0.0595342
v -0.337045 -0.48626 -0.505805
vn -0.999372 -0.0297884 -0.0191657
v -0.336525 -0.106639 -0.94855
vn -0.99317 -0.0958719 -0.0665015
v -0.32796 -0.61114 -0.47175
vn -0.996464 -0.0839435 -0.00349531
v -0.323842 -0.639518 -0.426335
vn -0.997108 -0.0750628 0.0118427
v -0.325445 -0.62249 -0.35822
vn -0.997959 -0.0625582 0.0128246
v -0.33071 -0.56573 -0.460395
vn -0.995223 -0.0932032 0.0290576
v -0.33927 -0.47491 -0.42634
vn -0.996372 -0.0836379 0.0157114
v -0.341597 -0.446522 -0.47175
vn -0.995658 -0.0874954 -0.031775
v -0.328317 -0.537347 -0.34687
vn -0.996508 -0.06357 0.0541389
v -0.32442 -0.565727 -0.324165
vn -0.994889 -0.0564314 0.0837288
v -0.32378 -0.62249 -0.33552
vn -0.992742 -0.0726376 0.0958538
v -0.33511 -0.4706 -0.35822
vn -0.992025 -0.121312 0.0342072
v -0.340755 -0.42949 -0.39228
vn -0.994535 -0.101373 0.0249933
v -0.332635 -0.48626 -0.33552
vn -0.985843 -0.164807 -0.0308723
v -0.34492 -0.40679 -0.34687
vn -0.989752 -0.138018 -0.0366266
v -0.318927 -0.645195 -0.31281
vn -0.990531 -0.0682034 0.11915
v -0.32043 -0.58843 -0.29011
vn -0.995529 -0.0836909 0.0437826
v -0.324833 -0.5487 -0.30146
vn -0.993322 -0.115366 -0.00120785
v -0.330915 -0.525995 -0.22767
vn -0.98962 -0.131355 -0.0582945
v -0.31714 -0.623558 -0.2674
vn -0.99461 -0.103673 -0.00161259
v -0.322865 -0.57708 -0.2447
vn -0.990314 -0.117427 -0.0740943
v -0.341185 -0.4522 -0.30146
vn -0.983411 -0.176947 -0.0399085
v -0.346467 -0.412462 -0.25605
vn -0.995483 -0.09456 -0.00850717
v -0.34127 -0.463555 -0.233345
vn -0.985954 -0.162018 -0.0405644
v -0.325165 -0.599785 -0.193613
vn -0.990838 -0.107589 -0.0816415
v -0.33048 -0.57708 -0.14252
vn -0.993263 -0.106298 -0.0461361
v -0.33669 -0.5018 -0.165225
vn -0.992813 -0.102464 -0.0618287
v -0.341885 -0.463555 -0.187935
vn -0.992947 -0.11856 -0.000823451
v -0.345748 -0.41814 -0.199288
vn -0.997549 -0.0678904 0.0169607
v -0.34158 -0.463555 -0.15387
vn -0.995127 -0.0963833 0.0207824
v -0.34399 -0.41814 -0.10846
vn -0.997644 -0.0677228 -0.0109576
v -0.335797 -0.552535 -0.11937
vn -0.989413 -0.120071 -0.0815204
v -0.338755 -0.50329 -0.13117
vn -0.997566 -0.0592129 -0.0368207
v -0.33887 -0.520315 -0.085759
vn -0.998482 -0.0436567 0.0335695
v -0.334615 -0.591528 -0.085759
vn -0.996657 -0.065933 -0.0482407
v -0.34095 -0.4522 -0.10846
vn -0.998253 -0.0498068 -0.031791
v -0.342695 -0.463555 -0.085759
vn -0.995969 -0.0887205 -0.0132405
v -0.343 -0.4522 -0.063054
vn -0.9658 -0.0999014 0.23927
v -0.336093 -0.275561 -0.757253
vn -0.994956 -0.0810148 -0.0591477
v -0.338995 -0.293265 -0.6988
vn -0.993676 -0.0765424 -0.0821554
v -0.30142 -0.79278 -0.94855
vn -0.99932 -0.0368553 -0.00062293
v -0.30285 -0.79278 -0.99397
vn -0.991138 -0.0545881 0.121099
v -0.30288 -0.81548 -0.99397
vn -0.999313 0.0226103 0.0293733
v -0.310292 -0.77575 -1.0167
vn -0.835673 -0.0400583 0.547765
v -0.304056 -0.745949 -0.900305
vn -0.998381 -0.0564011 0.00743559
v -0.303359 -0.770073 -0.836447
vn -0.998509 -0.0545761 0.000596055
v -0.31357 -0.4522 -0.92585
vn -0.997236 -0.0635871 0.0384354
v -0.30613 -0.72466 -0.83503
vn -0.998454 -0.0433765 -0.0347512
v -0.308471 -0.730337 -0.712989
vn -0.993228 -0.10711 -0.0450064
v -0.314492 -0.684378 -0.697208
vn -0.996824 -0.077187 -0.0195863
v -0.31604 -0.42949 -0.83503
vn -0.996856 -0.0707833 -0.0356013
v -0.31427 -0.72466 -0.65339
vn -0.994798 -0.0763625 -0.067422
v -0.31215 -0.747238 -0.61933
vn -0.994938 -0.0873805 -0.049631
v -0.31679 -0.70196 -0.60798
vn -0.996447 -0.0520765 -0.0661944
v -0.317965 -0.73034 -0.568245
vn -0.995174 -0.0874438 -0.0445337
v -0.31968 -0.71331 -0.517158
vn -0.997942 -0.0607969 0.0203928
v -0.319374 -0.684929 -0.488777
vn -0.998584 -0.0505149 0.0166989
v -0.336605 -0.431295 -0.596625
vn -0.995951 -0.0637892 -0.0633399
v -0.33261 -0.27056 -1.0167
vn -0.83876 -0.0185901 0.544184
v -0.38114 -0.10027 -1.0333
vn -0.228578 -0.0622628 0.971533
v -0.3366 -0.129992 -0.99397
vn -0.976869 -0.102367 0.187743
v -0.35844 -0.111623 -1.02535
vn -0.453351 -0.083226 0.887438
v -0.40385 0.16084 -1.0366
vn 0.0425565 0.00745564 0.999066
v -0.337345 -0.151355 -0.869085
vn -0.994993 -0.089065 -0.0453443
v -0.33548 -0.19959 -0.81232
vn -0.992822 -0.086712 -0.082377
v -0.33547 -0.36138 -0.67609
vn -0.998025 -0.0468064 -0.0418842
v -0.33721 -0.36138 -0.63068
vn -0.996094 -0.0551703 -0.0689381
v -0.35844 -0.11162 -0.60865
vn -0.992081 -0.11077 -0.0592024
v -0.35844 -0.0862928 -0.664415
vn -0.997132 -0.0741284 -0.0152292
v -0.32014 -0.67925 -0.40363
vn -0.99674 -0.0783897 0.0191135
v -0.32955 -0.60546 -0.10846
vn -0.982086 -0.103719 -0.15732
v -0.357559 -0.223537 -0.317756
vn -0.995139 -0.055657 0.0812475
v -0.40385 -0.4522 -1.0434
vn -0.0565934 -0.0236201 0.998118
v -0.35844 -0.46672 -1.0394
vn -0.164227 -0.0397608 0.985621
v -0.38114 -0.395435 -1.04175
vn -0.105638 -0.0162331 0.994272
v -0.373261 -0.367052 -1.0394
vn -0.190318 -0.022066 0.981474
v -0.35844 -0.395435 -1.03633
vn -0.509311 -0.0435708 0.859479
v -0.33573 -0.440847 -1.02422
vn -0.604311 -0.0660467 0.794006
v -0.32626 -0.47491 -1.0167
vn -0.902032 -0.0695326 0.426033
v -0.31908 -0.47491 -0.99397
vn -0.982116 -0.076555 0.172011
v -0.32639 -0.38408 -0.99397
vn -0.971046 -0.0639774 0.230165
v -0.3162 -0.440845 -0.94855
vn -0.991938 -0.0834304 0.0953893
v -0.3143 -0.4522 -0.88044
vn -0.99421 -0.106648 -0.0131516
v -0.319185 -0.457877 -0.778265
vn -0.99214 -0.044143 -0.117092
v -0.31834 -0.41814 -0.81232
vn -0.993361 -0.0759514 -0.0863984
v -0.325855 -0.457877 -0.732855
vn -0.989631 -0.0536192 -0.133252
v -0.330499 -0.389757 -0.718666
vn -0.993779 -0.0498628 -0.0995846
v -0.3333 -0.440845 -0.67609
vn -0.995765 -0.0399604 -0.0828
v -0.34285 -0.40679 -0.52851
vn -0.993692 -0.091246 -0.0651899
v -0.40385 -0.307451 -1.0418
vn -0.0668256 -0.021752 0.997528
v -0.35844 -0.304615 -1.03482
vn -0.449661 0.00546789 0.893183
v -0.335063 -0.37273 -1.01678
vn -0.76929 -0.010788 0.638809
v -0.323822 -0.37273 -0.97126
vn -0.99242 -0.065358 0.104072
v -0.32929 -0.31597 -0.99397
vn -0.990159 0.00909298 0.139648
v -0.37793 -0.29326 -1.0399
vn -0.174517 -0.00282221 0.98465
v -0.380778 -0.193666 -1.03841
vn -0.164013 -0.0329153 0.985909
v -0.35844 -0.21947 -1.03383
vn -0.44212 -0.0387947 0.896117
v -0.33573 -0.27056 -1.0204
vn -0.587521 0.00991164 0.809148
v -0.326917 -0.310293 -0.954227
vn -0.997327 -0.060722 0.0406514
v -0.32694 -0.27056 -0.99397
vn -0.998927 0.0149494 0.0438284
v -0.32809 -0.230822 -0.99397
vn -0.984605 -0.0435984 0.169269
v -0.31968 -0.395435 -0.92585
vn -0.993979 -0.106607 -0.02531
v -0.326085 -0.32732 -0.920172
vn -0.998769 -0.0280454 -0.0409176
v -0.32638 -0.36138 -0.88044
vn -0.992328 -0.12133 0.0237712
v -0.330596 -0.307453 -0.857732
vn -0.997523 -0.0286001 -0.0642674
v -0.327315 -0.259205 -0.931525
vn -0.999466 -0.0278293 -0.0171323
v -0.328245 -0.259205 -0.897465
vn -0.997769 -0.0435551 -0.0505877
v -0.331765 -0.24785 -0.84638
vn -0.998012 -0.0344031 -0.0528032
v -0.341858 -0.151358 -1.0167
vn -0.806902 -0.10233 0.581754
v -0.33573 -0.168385 -1.00665
vn -0.94707 -0.0930228 0.307255
v -0.32871 -0.19109 -0.97126
vn -0.99589 -0.0811947 0.0401302
v -0.34538 -0.043508 -0.99397
vn -0.959796 -0.116864 0.255216
v -0.3443 -0.043508 -0.97126
vn -0.986511 -0.16292 -0.0158878
v -0.32885 -0.19109 -0.94855
vn -0.997293 -0.0557432 -0.0479425
v -0.332043 -0.189254 -0.913076
vn -0.995315 -0.0709481 -0.0656802
v -0.341822 -0.066213 -0.931522
vn -0.991687 -0.122475 -0.0394622
v -0.34099 -0.11162 -0.89179
vn -0.994037 -0.0882781 -0.0640151
v -0.34495 -0.088918 -0.83503
vn -0.992966 -0.101448 -0.0610543
v -0.351475 -0.020802 -0.9372
vn -0.987578 -0.150902 -0.0438021
v -0.349663 -0.032155 -0.886115
vn -0.985389 -0.166762 -0.034636
v -0.1995 0.16084 -1.0441
vn 0.0309861 0.0304613 0.999056
v -0.1768 0.13813 -1.0441
vn 0.00384793 0.0404822 0.999173
v -0.13139 0.16084 -1.0439
vn 0.00713466 0.0459576 0.998918
v 0.0280115 0.11723 -1.0393
vn 0.210071 0.107953 0.971708
v -0.32292 -0.36138 -0.83503
vn -0.991717 -0.128307 -0.00592178
v -0.325012 -0.382664 -0.779684
vn -0.992679 -0.0764498 -0.093512
v -0.329288 -0.321645 -0.778265
vn -0.994203 -0.0924549 -0.0548868
v -0.332438 -0.298938 -0.806647
vn -0.9929 -0.118941 0.00158422
v -0.33381 -0.27056 -0.81232
vn -0.997746 -0.0354419 -0.0569886
v -0.3338 -0.2365 -0.81232
vn -0.997078 -0.022877 -0.072887
v -0.338535 -0.2365 -0.75556
vn -0.992632 -0.0891399 -0.0820682
v -0.342634 -0.159873 -0.789617
vn -0.988057 -0.110067 -0.107838
v -0.351239 -0.0548605 -0.810903
vn -0.989653 -0.11271 -0.0887836
v -0.35039 -0.13433 -0.74421
vn -0.991788 -0.0982804 -0.0818338
v -0.34583 -0.213795 -0.67609
vn -0.994791 -0.0925509 -0.0427254
v -0.35443 -0.13433 -0.6988
vn -0.993476 -0.104584 -0.0454636
v -0.359898 -0.0480993 -0.71015
vn -0.993242 -0.0938598 -0.0682758
v -0.35333 -0.088918 -0.74421
vn -0.994586 -0.0718091 -0.0751101
v -0.34321 -0.287585 -0.61933
vn -0.996335 -0.0718572 -0.0464014
v -0.34928 -0.20244 -0.596625
vn -0.996708 -0.0663648 -0.0465682
v -0.342505 -0.375569 -0.554054
vn -0.994248 -0.0681605 -0.0826196
v -0.35009 -0.32732 -0.51716
vn -0.992041 -0.0844195 -0.093423
v -0.348409 -0.259205 -0.571081
vn -0.994185 -0.0469422 -0.0969162
v -0.35464 -0.29326 -0.49445
vn -0.994697 -0.0682717 -0.0769159
v -0.356487 -0.230825 -0.505805
vn -0.99307 -0.0281569 -0.114097
v -0.354249 -0.159869 -0.588111
vn -0.994957 -0.0941375 -0.0346355
v -0.363305 -0.0378312 -0.670418
vn -0.986288 -0.146342 -0.0762872
v -0.364532 -0.0605367 -0.6023
vn -0.988904 -0.126602 -0.0777277
v -0.35741 -0.17974 -0.5067
vn -0.994776 -0.0515726 -0.0881011
v -0.359125 -0.139495 -0.51716
vn -0.991842 -0.115096 -0.0547906
v -0.35844 -0.13619 -0.56257
vn -0.987479 -0.148236 -0.053963
v -0.36496 -0.100269 -0.56257
vn -0.989514 -0.140178 -0.0348167
v -0.37066 -0.020802 -0.58527
vn -0.994491 -0.09449 -0.0453738
v -0.369435 -0.066213 -0.52851
vn -0.99642 -0.0842838 -0.00662847
v -0.35844 0.0019031 -0.80008
vn -0.997006 -0.00411642 -0.0772101
v -0.355272 -0.020802 -0.823675
vn -0.990912 -0.121664 -0.0573739
v -0.36252 0.0019031 -0.74421
vn -0.989622 -0.111563 -0.0905613
v -0.36888 0.024608 -0.6988
vn -0.983573 0.147888 -0.103501
v -0.37284 0.0019031 -0.65339
vn -0.992049 -0.112717 -0.0559818
v -0.372845 0.024608 -0.63636
vn -0.939449 0.339638 -0.0456293
v -0.371467 -0.0264785 -0.52851
vn -0.996763 -0.0758742 -0.0265883
v -0.34329 -0.41814 -0.443365
vn -0.993827 -0.10867 0.0223358
v -0.347158 -0.378408 -0.49445
vn -0.994629 -0.0984947 -0.0318143
v -0.352805 -0.350025 -0.40363
vn -0.990942 -0.133785 -0.0116724
v -0.359149 -0.266859 -0.457556
vn -0.993092 -0.0971028 -0.0658718
v -0.36381 -0.22515 -0.44904
vn -0.997242 -0.0272032 -0.0690595
v -0.36189 -0.27056 -0.40363
vn -0.995675 -0.0877266 -0.0305947
v -0.353915 -0.332995 -0.358225
vn -0.996823 -0.0774509 0.0185866
v -0.36194 -0.247853 -0.369575
vn -0.993059 -0.0749741 0.0906253
v -0.35445 -0.29894 -0.32984
vn -0.998862 -0.0277689 0.0387785
v -0.362278 -0.185415 -0.460395
vn -0.997428 -0.0144571 -0.0702069
v -0.36319 -0.14568 -0.4831
vn -0.991047 -0.0804946 -0.10652
v -0.36276 -0.15703 -0.386602
vn -0.999539 -0.0171522 0.025059
v -0.365575 -0.11162 -0.4831
vn -0.993311 -0.0943048 -0.0666349
v -0.37104 -0.088918 -0.42634
vn -0.994997 -0.0998093 0.00425359
v -0.3656 -0.13433 -0.42634
vn -0.994193 -0.101897 0.0346153
v -0.37344 -0.066213 -0.44904
vn -0.996566 -0.0746076 -0.0359164
v -0.36413 -0.20244 -0.38093
vn -0.999825 0.0117402 0.0145472
v -0.362395 -0.20244 -0.34687
vn -0.996118 -0.0232936 0.0848878
v -0.36145 -0.168385 -0.329843
vn -0.998247 -0.0219322 0.0549728
v -0.36287 -0.11162 -0.33552
vn -0.996516 -0.0753456 0.0357607
v -0.369115 -0.0718892 -0.375253
vn -0.994513 -0.0920525 0.0496981
v -0.361505 -0.13433 -0.30146
vn -0.996972 -0.0739793 0.0239442
v -0.370215 -0.0548605 -0.34687
vn -0.992292 -0.111647 0.0537733
v -0.35406 -0.33867 -0.29011
vn -0.996399 -0.0830747 0.0169386
v -0.354695 -0.31597 -0.278755
vn -0.999785 0.000559781 0.0207041
v -0.35095 -0.31597 -0.22199
vn -0.99835 0.00299382 0.0573496
v -0.352077 -0.259205 -0.250375
vn -0.998749 -0.0161781 0.0473217
v -0.348437 -0.367055 -0.21064
vn -0.998297 -0.0429722 0.0394583
v -0.3458 -0.38408 -0.165225
vn -0.998784 -0.0483024 0.00982361
v -0.350622 -0.276235 -0.21064
vn -0.999631 -0.0261659 0.00733876
v -0.350368 -0.304615 -0.153875
vn -0.997123 -0.06567 -0.0378683
v -0.354925 -0.27056 -0.119815
vn -0.997837 -0.0239197 -0.0612251
v -0.356735 -0.21947 -0.14252
vn -0.99714 -0.0709008 -0.0261854
v -0.358648 -0.156309 -0.221821
vn -0.994281 -0.105533 -0.0163518
v -0.35406 -0.20244 -0.2447
vn -0.997834 -0.0628839 0.0193367
v -0.36564 -0.088918 -0.2674
vn -0.99662 -0.0800977 0.0182292
v -0.366102 -0.0775655 -0.307135
vn -0.997669 -0.0676228 0.00910776
v -0.36718 -0.043508 -0.2674
vn -0.993678 -0.109988 0.0225241
v -0.36352 -0.088918 -0.22199
vn -0.998784 -0.0305649 0.0386824
v -0.36314 -0.13433 -0.187935
vn -0.991547 -0.113475 -0.0629063
v -0.357115 -0.18341 -0.183245
vn -0.994728 -0.0883808 -0.0520134
v -0.363051 -0.148519 -0.14252
vn -0.995625 -0.0934373 -0.000729591
v -0.36327 -0.11162 -0.21064
vn -0.999462 -0.0170055 -0.0280565
v -0.365595 -0.11162 -0.14252
vn -0.999943 -0.00948096 -0.00486471
v -0.36663 -0.043508 -0.10846
vn -0.998045 -0.0351065 -0.0517119
v -0.375223 -0.0264785 -0.414985
vn -0.99484 -0.0998082 0.0182092
v -0.3695 -0.032155 -0.31281
vn -0.991577 -0.112496 0.0641794
v -0.36384 -0.043508 -0.19929
vn -0.996164 -0.0831775 0.0271897
v -0.34779 -0.36138 -0.10846
vn -0.99653 -0.0739643 -0.0381845
v -0.355675 -0.304615 -0.085759
vn -0.993679 -0.0903194 -0.0666738
v -0.35844 -0.22515 -0.066232
vn -0.99856 -0.0388246 -0.0370267
v -0.357659 -0.208653 -0.102785
vn -0.997024 -0.0680344 -0.0362572
v -0.364017 -0.125812 -0.0971095
vn -0.997788 -0.0570817 -0.0340815
v -0.3689 -0.020802 -0.10846
vn -0.975277 -0.122611 -0.183849
v -0.131385 0.11543 -1.04205
vn -0.0148794 0.102459 0.994626
v 0.0048442 0.11543 -1.036
vn -0.0415188 0.253098 0.966549
v 0.072959 0.092723 -1.0454
vn 0.172514 0.0675851 0.982686
v 0.027549 0.092723 -1.0332
vn 0.319238 0.365482 0.874363
v 0.11837 0.16084 -1.0495
vn 0.0775084 -0.0134413 0.996901
v -0.0519185 0.16084 -1.0443
vn -0.0484054 0.0820587 0.995451
v -0.0065084 0.16084 -1.04055
vn -0.0383964 0.0690133 0.996877
v 0.027549 0.16084 -1.0415
vn 0.10584 0.0534373 0.992946
v 0.050254 0.13813 -1.0444
vn 0.100976 0.00126856 0.994888
v -0.27335 0.16084 -1.0394
vn 0.0558191 -0.00698068 0.998416
v -0.29032 0.1695 -1.0394
vn -0.00159772 0.0279007 0.999609
v -0.354295 -0.872245 -1.0394
vn -0.213745 9.76426e-05 0.976889
v -0.29032 -0.89644 -0.99397
vn -0.615687 -0.787425 0.0298683
v -0.40385 -0.83819 -1.0454
vn -0.0538512 -0.0281561 0.998152
v -0.33573 -0.86089 -1.0322
vn -0.512935 0.060719 0.856277
v -0.30957 -0.81548 -1.0167
vn -0.947464 0.0714981 0.311768
v -0.29032 -0.896275 -0.9372
vn -0.914207 -0.40403 0.0313829
v 0.031693 -0.40679 -0.823675
vn 0.988354 0.0621017 -0.138921
v 0.0377413 -0.406787 -0.778265
vn 0.995604 0.0433088 -0.0830482
v 0.0398137 -0.38976 -0.7215
vn 0.996476 0.0362805 -0.0756257
v 0.0474932 -0.412465 -0.663758
vn 0.99373 0.0480809 -0.100944
v 0.0434155 -0.395435 -0.53986
vn 0.977413 0.0761895 0.197128
v 0.036397 -0.350025 -1.0167
vn 0.853303 0.0563025 0.518367
v 0.0273638 -0.34511 -0.994637
vn 0.954258 0.0653792 0.291747
v 0.019414 -0.350025 -0.94855
vn 0.988638 0.0335005 0.146538
v 0.035438 -0.29894 -1.0167
vn 0.874595 -0.0063287 0.484813
v 0.034361 -0.2365 -1.0167
vn 0.873718 0.0427733 0.484549
v 0.0282711 -0.288975 -0.994301
vn 0.977604 -0.0152702 0.209896
v 0.0229618 -0.304615 -0.959905
vn 0.989434 -0.0757815 0.123603
v 0.0273889 -0.23001 -0.996095
vn 0.983604 0.0343727 0.177036
v 0.0244982 -0.230822 -0.959905
vn 0.998828 0.0306021 0.0375072
v 0.016757 -0.33867 -0.92585
vn 0.997845 0.0410859 0.051161
v 0.01846 -0.33867 -0.88044
vn 0.990145 0.0485416 -0.131367
v 0.0164 -0.33867 -0.90314
vn 0.999004 -0.0138834 -0.0424132
v 0.017727 -0.31597 -0.92585
vn 0.994028 -0.0886492 0.0636418
v 0.0243755 -0.259205 -0.925847
vn 0.997322 -0.0575437 0.0451378
v 0.0205747 -0.287585 -0.89179
vn 0.995814 -0.0873257 -0.0269853
v 0.022655 -0.27056 -0.88044
vn 0.998696 -0.0496077 -0.0120862
v 0.0305411 -0.111622 -1.0167
vn 0.781789 0.014812 0.623368
v 0.027549 -0.122975 -1.00925
vn 0.961064 0.0246236 0.275225
v 0.021527 -0.15703 -0.94855
vn 0.998406 0.0421298 0.0375704
v 0.0225785 -0.0718885 -0.99397
vn 0.980634 0.0290285 0.193688
v 0.019569 -0.088918 -0.97126
vn 0.993691 0.0396238 0.104919
v 0.0279475 -0.00944945 -1.0167
vn 0.869117 0.017057 0.494313
v 0.025148 -0.22515 -0.92585
vn 0.999511 0.0298374 0.00930418
v 0.0229732 -0.201024 -0.888951
vn 0.998905 0.0437432 0.0165776
v 0.0190279 -0.11446 -0.886112
vn 0.999419 0.0340377 -0.00190393
v 0.016802 -0.049184 -0.94855
vn 0.996329 0.0327101 0.0791128
v 0.0160412 -0.0491842 -0.914495
vn 0.999297 0.0374944 -0.000742968
v 0.0197045 -0.0548605 -0.85773
vn 0.999256 0.0134316 -0.0361516
v 0.0168875 0.0132555 -0.97126
vn 0.999606 -0.011924 0.0254283
v 0.017718 0.024608 -0.90314
vn 0.995551 -0.088335 -0.0328017
v 0.016115 0.0019031 -0.84638
vn 0.99946 -0.00624158 -0.0322736
v 0.0225875 -0.31597 -0.84638
vn 0.99247 0.0484443 -0.112501
v 0.0287566 -0.323342 -0.795295
vn 0.985316 0.107782 -0.132422
v 0.0229695 -0.29326 -0.823675
vn 0.998754 0.0295962 -0.0401882
v 0.0230412 -0.256366 -0.829353
vn 0.999682 0.00455879 0.0248007
v 0.022096 -0.27056 -0.78962
vn 0.989348 0.115545 -0.0885424
v 0.0212927 -0.230822 -0.778265
vn 0.999817 0.00908266 -0.0168545
v 0.0370295 -0.350025 -0.75556
vn 0.996881 0.0459095 -0.0641966
v 0.03615 -0.31597 -0.74421
vn 0.991337 0.103298 -0.0811251
v 0.044528 -0.36138 -0.67609
vn 0.996055 0.0594564 -0.065869
v 0.0381778 -0.321642 -0.693123
vn 0.991768 0.106006 -0.0718201
v 0.027549 -0.266635 -0.74814
vn 0.980227 0.148509 -0.130768
v 0.02414 -0.230822 -0.749885
vn 0.990839 0.0535064 -0.123995
v 0.031577 -0.27056 -0.6988
vn 0.990491 0.0621414 -0.122742
v 0.022473 -0.22515 -0.823675
vn 0.999186 0.031484 0.0252037
v 0.0208845 -0.179737 -0.806645
vn 0.999831 0.016485 -0.00808329
v 0.02112 -0.13433 -0.76691
vn 0.999176 0.0380545 -0.0141195
v 0.01949 -0.100269 -0.818
vn 0.998869 0.043945 0.0181657
v 0.0196655 -0.0548605 -0.83503
vn 0.99891 0.0306162 0.0352407
v 0.0167895 -0.088918 -0.778265
vn 0.997173 0.0683573 0.0312108
v 0.0138515 -0.020802 -0.778265
vn 0.996678 -0.0136505 0.0802862
v 0.022547 -0.17974 -0.74421
vn 0.993079 0.02601 -0.114532
v 0.032918 -0.15703 -0.67609
vn 0.98942 0.0246409 -0.142975
v 0.020808 -0.122975 -0.74421
vn 0.991984 0.0641547 -0.108865
v 0.0126525 -0.043508 -0.75556
vn 0.997775 0.0627112 0.0226214
v 0.0160465 -0.0775655 -0.74421
vn 0.985175 0.136633 -0.103735
v 0.024779 -0.088918 -0.6988
vn 0.982316 0.178068 -0.0578559
v 0.0143445 -0.043508 -0.71015
vn 0.985403 0.154453 -0.0715935
v 0.0426247 -0.324481 -0.647712
vn 0.99737 0.0530757 -0.0493549
v 0.046036 -0.37273 -0.613655
vn 0.996889 0.078709 -0.00403486
v 0.037646 -0.304615 -0.67609
vn 0.989162 0.0677834 -0.130246
v 0.0367833 -0.242175 -0.66474
vn 0.991736 0.0399343 -0.121919
v 0.0417605 -0.259205 -0.63068
vn 0.996649 0.065375 -0.0491671
v 0.046172 -0.36138 -0.56257
vn 0.999142 0.00751003 0.0407205
v 0.0338205 -0.14568 -0.65339
vn 0.996585 0.0819167 -0.0103907
v 0.029546 -0.11162 -0.67609
vn 0.988228 0.152393 -0.0134519
v 0.0212803 -0.066213 -0.63636
vn 0.991435 0.127635 -0.0276818
v 0.027127 -0.18625 -0.51716
vn 0.976207 0.0901411 0.197218
v 0.017436 -0.088918 -0.51716
vn 0.975275 0.0646757 0.211319
v 0.01681 -0.020802 -0.823675
vn 0.998247 0.0463749 0.0367733
v 0.0199837 0.0132555 -0.783942
vn 0.987699 -0.156305 -0.00449153
v 0.0115975 -0.020802 -0.732855
vn 0.999369 -0.0328111 -0.0136272
v 0.0144245 0.0019031 -0.732855
vn 0.983576 -0.18016 0.0109642
v 0.0193078 -0.020802 -0.63636
vn 0.996241 -0.0381194 -0.0777811
v 0.017319 0.0019031 -0.687445
vn 0.980175 -0.169935 -0.101877
v 0.0225485 0.024608 -0.687445
vn 0.981664 -0.164744 -0.0958945
v 0.01886 -0.043508 -0.642035
vn 0.996657 0.059291 -0.0562161
v 0.0213105 0.0019031 -0.630685
vn 0.994036 -0.101456 -0.039992
v 0.015038 -0.020802 -0.51716
vn 0.977304 0.00246529 0.211829
v 0.037703 -0.395435 -0.44904
vn 0.993572 0.1116 -0.0190001
v 0.034167 -0.31597 -0.33552
vn 0.999221 0.0316911 -0.0234993
v 0.0356915 -0.37273 -0.31849
vn 0.998029 0.0607586 -0.0157235
v 0.023535 -0.17974 -0.49445
vn 0.997116 0.0755868 -0.00675543
v 0.022994 -0.13433 -0.414985
vn 0.995806 0.0824145 -0.0397155
v 0.0167165 -0.122975 -0.49445
vn 0.996734 0.0799609 -0.0112625
v 0.0158018 -0.0605367 -0.44904
vn 0.996732 0.0680672 -0.0434891
v 0.022027 -0.11162 -0.35822
vn 0.998275 0.0576858 0.0109673
v 0.0239745 -0.22515 -0.324165
vn 0.998499 0.0311561 0.0450386
v 0.023373 -0.17974 -0.31281
vn 0.997785 0.0422099 0.051412
v 0.020899 -0.125814 -0.31849
vn 0.998303 0.0259876 0.0521091
v 0.021113 -0.0775655 -0.33552
vn 0.997925 0.0613086 -0.0196645
v 0.035728 -0.367055 -0.278755
vn 0.9989 0.0322969 -0.0339952
v 0.0354161 -0.324482 -0.273077
vn 0.997691 0.0374429 -0.0566676
v 0.0358825 -0.29326 -0.233345
vn 0.991258 0.123571 -0.0462273
v 0.027677 -0.22515 -0.203755
vn 0.989427 0.122767 -0.0772168
v 0.025878 -0.213905 -0.233345
vn 0.985882 0.157823 -0.0559378
v 0.0161055 -0.105945 -0.25605
vn 0.997244 0.0426497 0.0607152
v 0.019522 -0.17974 -0.2447
vn 0.99724 0.073802 -0.00810317
v 0.021856 -0.088918 -0.31281
vn 0.993755 0.0759378 0.0817612
v 0.0150255 -0.066213 -0.25605
vn 0.995464 0.0762388 0.0569138
v 0.018283 -0.13433 -0.19929
vn 0.990815 0.098569 -0.0925772
v 0.022937 -0.15703 -0.17658
vn 0.992041 0.0962675 -0.0811618
v 0.0257035 -0.168385 -0.148195
vn 0.99321 0.0982089 -0.0623612
v 0.0146385 -0.100269 -0.22199
vn 0.997677 0.0676382 0.00813118
v 0.014958 -0.088918 -0.19929
vn 0.993479 0.0763689 -0.0846565
v 0.017574 -0.0548605 -0.15387
vn 0.992978 0.0845065 -0.0827876
v 0.014217 -0.020802 -0.42634
vn 0.997985 -0.0604317 -0.0193203
v 0.014696 0.0019031 -0.33552
vn 0.99987 0.0150293 -0.00585185
v 0.016447 -0.032155 -0.33552
vn 0.993822 0.0957991 0.0560442
v 0.011757 -0.020802 -0.29011
vn 0.998062 0.0530713 0.0325051
v 0.011672 0.0019031 -0.29011
vn 0.992417 -0.11973 0.0278178
v 0.011692 0.0019031 -0.2447
vn 0.997807 -0.0401231 0.0526525
v 0.0078936 -0.020802 -0.19929
vn 0.99875 0.0488931 0.0104298
v 0.0145595 0.024608 -0.21064
vn 0.986828 -0.161396 0.0110491
f 3//3 4//4 5//5
f 1//1 6//6 7//7
f 8//8 1//1 7//7
f 2//2 1//1 8//8
f 9//9 8//8 7//7
f 8//8 10//10 2//2
f 5//5 2//2 11//11
f 12//12 8//8 9//9
f 9//9 7//7 13//13
f 14//14 9//9 13//13
f 15//15 9//9 14//14
f 17//17 18//18 16//16
f 18//18 17//17 19//19
f 18//18 20//20 21//21
f 19//19 20//20 18//18
f 16//16 28//28 27//27
f 29//29 27//27 28//28
f 30//30 29//29 28//28
f 31//31 29//29 30//30
f 32//32 31//31 30//30
f 30//30 33//33 32//32
f 28//28 16//16 18//18
f 28//28 36//36 35//35
f 28//28 18//18 37//37
f 36//36 28//28 37//37
f 30//30 28//28 35//35
f 39//39 36//36 38//38
f 37//37 18//18 21//21
f 37//37 38//38 36//36
f 40//40 38//38 37//37
f 40//40 37//37 41//41
f 30//30 35//35 36//36
f 30//30 36//36 39//39
f 33//33 30//30 39//39
f 38//38 42//42 39//39
f 39//39 43//43 33//33
f 43//43 39//39 42//42
f 42//42 38//38 40//40
f 41//41 44//44 40//40
f 42//42 40//40 44//44
f 34//34 32//32 33//33
f 45//45 34//34 43//43
f 47//47 45//45 46//46
f 43//43 34//34 33//33
f 43//43 42//42 48//48
f 46//46 45//45 43//43
f 43//43 49//49 46//46
f 48//48 42//42 44//44
f 44//44 50//50 48//48
f 50//50 44//44 51//51
f 48//48 50//50 43//43
f 49//49 43//43 50//50
f 51//51 44//44 53//53
f 7//7 6//6 13//13
f 50//50 60//60 49//49
f 60//60 50//50 61//61
f 49//49 62//62 46//46
f 59//59 62//62 63//63
f 59//59 46//46 62//62
f 61//61 65//65 60//60
f 62//62 49//49 60//60
f 64//64 62//62 60//60
f 66//66 60//60 65//65
f 64//64 60//60 67//67
f 67//67 60//60 66//66
f 68//68 69//69 70//70
f 74//74 69//69 73//73
f 73//73 71//71 74//74
f 62//62 75//75 63//63
f 75//75 62//62 64//64
f 76//76 75//75 77//77
f 77//77 75//75 64//64
f 78//78 63//63 75//75
f 75//75 76//76 78//78
f 79//79 78//78 76//76
f 76//76 80//80 79//79
f 80//80 76//76 77//77
f 77//77 64//64 81//81
f 81//81 64//64 67//67
f 77//77 81//81 52//52
f 71//71 82//82 74//74
f 71//71 72//72 83//83
f 71//71 83//83 82//82
f 80//80 84//84 82//82
f 80//80 82//82 83//83
f 84//84 80//80 85//85
f 66//66 65//65 86//86
f 66//66 87//87 67//67
f 67//67 52//52 81//81
f 52//52 67//67 87//87
f 87//87 66//66 88//88
f 87//87 89//89 52//52
f 85//85 52//52 89//89
f 70//70 92//92 68//68
f 70//70 69//69 74//74
f 94//94 93//93 70//70
f 74//74 94//94 70//70
f 83//83 79//79 80//80
f 74//74 95//95 94//94
f 95//95 74//74 82//82
f 82//82 84//84 95//95
f 89//89 101//101 85//85
f 85//85 102//102 84//84
f 102//102 85//85 101//101
f 52//52 85//85 77//77
f 77//77 85//85 80//80
f 104//104 105//105 106//106
f 106//106 107//107 104//104
f 107//107 106//106 108//108
f 109//109 108//108 106//106
f 110//110 111//111 109//109
f 108//108 109//109 112//112
f 112//112 109//109 111//111
f 111//111 110//110 113//113
f 111//111 113//113 114//114
f 116//116 111//111 114//114
f 114//114 115//115 118//118
f 93//93 115//115 70//70
f 108//108 119//119 107//107
f 108//108 120//120 119//119
f 120//120 108//108 121//121
f 122//122 112//112 116//116
f 125//125 124//124 121//121
f 125//125 126//126 124//124
f 125//125 121//121 122//122
f 127//127 122//122 123//123
f 118//118 130//130 129//129
f 115//115 130//130 118//118
f 115//115 131//131 130//130
f 127//127 123//123 132//132
f 130//130 133//133 129//129
f 130//130 134//134 133//133
f 134//134 130//130 131//131
f 135//135 133//133 134//134
f 131//131 136//136 134//134
f 131//131 115//115 93//93
f 93//93 94//94 131//131
f 94//94 137//137 131//131
f 94//94 95//95 137//137
f 136//136 131//131 137//137
f 126//126 140//140 139//139
f 140//140 126//126 143//143
f 125//125 143//143 126//126
f 132//132 138//138 127//127
f 138//138 132//132 144//144
f 129//129 135//135 144//144
f 144//144 145//145 138//138
f 138//138 145//145 142//142
f 144//144 135//135 146//146
f 134//134 136//136 135//135
f 136//136 147//147 135//135
f 144//144 146//146 145//145
f 135//135 147//147 146//146
f 136//136 148//148 147//147
f 148//148 136//136 137//137
f 137//137 149//149 148//148
f 149//149 137//137 95//95
f 95//95 150//150 149//149
f 150//150 95//95 151//151
f 84//84 102//102 95//95
f 151//151 95//95 102//102
f 152//152 151//151 102//102
f 101//101 152//152 102//102
f 149//149 153//153 148//148
f 149//149 150//150 153//153
f 154//154 151//151 152//152
f 155//155 142//142 145//145
f 157//157 158//158 159//159
f 159//159 158//158 161//161
f 163//163 162//162 160//160
f 164//164 163//163 160//160
f 145//145 165//165 155//155
f 160//160 155//155 165//165
f 166//166 160//160 165//165
f 167//167 168//168 166//166
f 167//167 147//147 156//156
f 170//170 167//167 156//156
f 170//170 156//156 169//169
f 169//169 171//171 170//170
f 160//160 172//172 164//164
f 166//166 172//172 160//160
f 172//172 166//166 168//168
f 164//164 172//172 173//173
f 173//173 172//172 168//168
f 170//170 173//173 168//168
f 174//174 170//170 171//171
f 173//173 170//170 174//174
f 171//171 175//175 174//174
f 152//152 179//179 154//154
f 178//178 179//179 152//152
f 152//152 101//101 178//178
f 169//169 153//153 182//182
f 171//171 169//169 182//182
f 182//182 183//183 171//171
f 184//184 154//154 179//179
f 179//179 178//178 185//185
f 179//179 186//186 184//184
f 185//185 186//186 179//179
f 171//171 183//183 176//176
f 187//187 184//184 188//188
f 176//176 175//175 171//171
f 189//189 187//187 188//188
f 189//189 176//176 183//183
f 183//183 187//187 189//189
f 186//186 180//180 184//184
f 185//185 180//180 186//186
f 180//180 188//188 184//184
f 188//188 180//180 181//181
f 191//191 173//173 192//192
f 174//174 192//192 173//173
f 175//175 192//192 174//174
f 176//176 193//193 175//175
f 192//192 175//175 193//193
f 188//188 195//195 189//189
f 189//189 194//194 176//176
f 181//181 195//195 188//188
f 19//19 197//197 198//198
f 198//198 20//20 19//19
f 20//20 198//198 91//91
f 91//91 199//199 20//20
f 159//159 201//201 200//200
f 201//201 159//159 202//202
f 164//164 190//190 203//203
f 190//190 164//164 173//173
f 204//204 205//205 181//181
f 205//205 206//206 207//207
f 176//176 194//194 193//193
f 195//195 181//181 205//205
f 209//209 205//205 207//207
f 212//212 211//211 213//213
f 214//214 215//215 212//212
f 221//221 222//222 218//218
f 9//9 15//15 12//12
f 227//227 228//228 12//12
f 227//227 12//12 15//15
f 15//15 229//229 227//227
f 227//227 231//231 228//228
f 230//230 228//228 231//231
f 14//14 23//23 15//15
f 229//229 15//15 23//23
f 231//231 227//227 232//232
f 232//232 227//227 229//229
f 232//232 233//233 231//231
f 234//234 235//235 236//236
f 239//239 240//240 241//241
f 156//156 147//147 169//169
f 169//169 147//147 148//148
f 202//202 244//244 219//219
f 169//169 148//148 153//153
f 150//150 245//245 153//153
f 245//245 150//150 151//151
f 151//151 154//154 245//245
f 182//182 153//153 245//245
f 154//154 184//184 245//245
f 183//183 182//182 187//187
f 187//187 182//182 245//245
f 187//187 245//245 184//184
f 225//225 220//220 226//226
f 247//247 248//248 225//225
f 225//225 219//219 249//249
f 225//225 249//249 247//247
f 250//250 246//246 251//251
f 223//223 246//246 252//252
f 253//253 203//203 190//190
f 250//250 253//253 254//254
f 250//250 252//252 246//246
f 228//228 230//230 257//257
f 233//233 232//232 258//258
f 229//229 259//259 232//232
f 258//258 232//232 260//260
f 260//260 232//232 259//259
f 259//259 229//229 261//261
f 261//261 229//229 23//23
f 262//262 263//263 264//264
f 265//265 264//264 266//266
f 268//268 262//262 264//264
f 265//265 268//268 264//264
f 267//267 262//262 269//269
f 269//269 262//262 268//268
f 269//269 268//268 270//270
f 270//270 268//268 265//265
f 271//271 267//267 269//269
f 272//272 273//273 270//270
f 272//272 270//270 265//265
f 273//273 272//272 274//274
f 275//275 276//276 273//273
f 273//273 274//274 275//275
f 269//269 270//270 273//273
f 269//269 273//273 277//277
f 277//277 273//273 276//276
f 279//279 278//278 277//277
f 280//280 272//272 281//281
f 281//281 272//272 265//265
f 282//282 272//272 280//280
f 282//282 274//274 272//272
f 281//281 283//283 280//280
f 284//284 275//275 274//274
f 274//274 282//282 284//284
f 285//285 275//275 284//284
f 286//286 280//280 283//283
f 287//287 282//282 280//280
f 280//280 286//286 287//287
f 283//283 288//288 286//286
f 289//289 284//284 282//282
f 282//282 287//287 289//289
f 289//289 285//285 284//284
f 291//291 286//286 288//288
f 292//292 287//287 286//286
f 286//286 291//291 292//292
f 288//288 234//234 291//291
f 293//293 289//289 287//287
f 287//287 292//292 293//293
f 289//289 293//293 290//290
f 276//276 275//275 294//294
f 294//294 295//295 276//276
f 277//277 276//276 296//296
f 279//279 277//277 296//296
f 296//296 276//276 297//297
f 297//297 276//276 295//295
f 275//275 285//285 298//298
f 298//298 294//294 275//275
f 298//298 285//285 299//299
f 294//294 298//298 300//300
f 294//294 301//301 295//295
f 297//297 295//295 301//301
f 301//301 303//303 297//297
f 302//302 297//297 303//303
f 300//300 301//301 294//294
f 304//304 301//301 300//300
f 300//300 305//305 304//304
f 306//306 301//301 304//304
f 306//306 304//304 307//307
f 308//308 299//299 285//285
f 285//285 289//289 308//308
f 290//290 308//308 289//289
f 309//309 299//299 308//308
f 310//310 309//309 308//308
f 308//308 290//290 310//310
f 311//311 304//304 305//305
f 304//304 311//311 307//307
f 312//312 307//307 311//311
f 311//311 313//313 312//312
f 314//314 312//312 313//313
f 269//269 315//315 271//271
f 315//315 269//269 316//316
f 316//316 269//269 277//277
f 316//316 277//277 278//278
f 258//258 260//260 317//317
f 318//318 260//260 259//259
f 317//317 260//260 318//318
f 317//317 319//319 258//258
f 303//303 301//301 320//320
f 320//320 321//321 303//303
f 323//323 322//322 307//307
f 307//307 322//322 306//306
f 324//324 322//322 323//323
f 322//322 320//320 306//306
f 306//306 320//320 301//301
f 320//320 322//322 324//324
f 325//325 326//326 320//320
f 320//320 324//324 325//325
f 327//327 328//328 325//325
f 325//325 328//328 326//326
f 329//329 325//325 324//324
f 330//330 327//327 329//329
f 329//329 327//327 325//325
f 332//332 331//331 319//319
f 319//319 333//333 332//332
f 318//318 334//334 317//317
f 319//319 317//317 333//333
f 335//335 331//331 332//332
f 332//332 327//327 335//335
f 336//336 335//335 327//327
f 327//327 330//330 336//336
f 327//327 332//332 328//328
f 337//337 324//324 323//323
f 307//307 312//312 323//323
f 324//324 337//337 329//329
f 338//338 330//330 329//329
f 339//339 323//323 312//312
f 323//323 339//339 337//337
f 340//340 337//337 339//339
f 341//341 337//337 340//340
f 341//341 329//329 337//337
f 329//329 341//341 338//338
f 342//342 336//336 330//330
f 338//338 342//342 330//330
f 343//343 342//342 338//338
f 318//318 259//259 261//261
f 344//344 212//212 215//215
f 215//215 26//26 344//344
f 345//345 347//347 26//26
f 236//236 291//291 234//234
f 348//348 292//292 236//236
f 236//236 292//292 291//291
f 349//349 293//293 348//348
f 348//348 293//293 292//292
f 237//237 348//348 236//236
f 237//237 349//349 348//348
f 238//238 349//349 237//237
f 350//350 237//237 236//236
f 237//237 350//350 351//351
f 352//352 238//238 237//237
f 353//353 350//350 235//235
f 235//235 354//354 353//353
f 350//350 353//353 351//351
f 355//355 237//237 351//351
f 237//237 355//355 352//352
f 349//349 290//290 293//293
f 356//356 310//310 290//290
f 290//290 349//349 356//356
f 357//357 356//356 349//349
f 357//357 349//349 238//238
f 312//312 314//314 339//339
f 314//314 358//358 339//339
f 360//360 339//339 359//359
f 359//359 339//339 358//358
f 361//361 357//357 238//238
f 362//362 238//238 352//352
f 362//362 361//361 238//238
f 363//363 362//362 352//352
f 362//362 363//363 364//364
f 359//359 365//365 360//360
f 367//367 360//360 365//365
f 368//368 365//365 366//366
f 368//368 367//367 365//365
f 369//369 355//355 351//351
f 370//370 353//353 354//354
f 353//353 370//370 351//351
f 369//369 352//352 355//355
f 371//371 351//351 370//370
f 369//369 373//373 372//372
f 374//374 370//370 375//375
f 376//376 374//374 375//375
f 375//375 377//377 376//376
f 373//373 371//371 370//370
f 370//370 378//378 373//373
f 370//370 374//374 378//378
f 379//379 372//372 373//373
f 380//380 373//373 378//378
f 376//376 380//380 378//378
f 376//376 378//378 374//374
f 380//380 379//379 373//373
f 380//380 381//381 379//379
f 382//382 363//363 369//369
f 369//369 363//363 352//352
f 383//383 382//382 369//369
f 382//382 383//383 384//384
f 382//382 364//364 363//363
f 386//386 364//364 382//382
f 382//382 384//384 386//386
f 372//372 383//383 369//369
f 387//387 383//383 372//372
f 388//388 386//386 384//384
f 384//384 383//383 388//388
f 389//389 388//388 387//387
f 387//387 388//388 383//383
f 386//386 390//390 364//364
f 391//391 367//367 368//368
f 392//392 367//367 391//391
f 393//393 390//390 386//386
f 386//386 388//388 393//393
f 389//389 393//393 388//388
f 395//395 387//387 372//372
f 372//372 379//379 395//395
f 396//396 379//379 381//381
f 396//396 395//395 379//379
f 395//395 396//396 397//397
f 398//398 394//394 392//392
f 401//401 338//338 341//341
f 402//402 341//341 340//340
f 403//403 401//401 402//402
f 402//402 401//401 341//341
f 360//360 340//340 339//339
f 404//404 401//401 403//403
f 401//401 343//343 338//338
f 405//405 343//343 406//406
f 406//406 343//343 401//401
f 406//406 401//401 404//404
f 407//407 340//340 360//360
f 340//340 407//407 402//402
f 402//402 407//407 408//408
f 404//404 403//403 408//408
f 408//408 403//403 402//402
f 409//409 407//407 367//367
f 367//367 407//407 360//360
f 409//409 408//408 407//407
f 408//408 410//410 404//404
f 411//411 408//408 409//409
f 411//411 241//241 408//408
f 408//408 241//241 410//410
f 412//412 405//405 413//413
f 413//413 405//405 406//406
f 413//413 406//406 404//404
f 240//240 414//414 412//412
f 240//240 412//412 413//413
f 240//240 413//413 410//410
f 241//241 240//240 410//410
f 404//404 410//410 413//413
f 415//415 409//409 367//367
f 415//415 367//367 392//392
f 415//415 411//411 409//409
f 416//416 241//241 411//411
f 411//411 415//415 416//416
f 394//394 415//415 392//392
f 417//417 415//415 394//394
f 415//415 417//417 416//416
f 418//418 239//239 419//419
f 419//419 239//239 241//241
f 416//416 419//419 241//241
f 421//421 418//418 419//419
f 418//418 421//421 420//420
f 422//422 420//420 421//421
f 421//421 419//419 416//416
f 347//347 345//345 423//423
f 347//347 423//423 424//424
f 424//424 423//423 425//425
f 426//426 347//347 424//424
f 417//417 394//394 398//398
f 399//399 417//417 398//398
f 427//427 416//416 417//417
f 399//399 400//400 417//417
f 429//429 427//427 417//417
f 417//417 428//428 429//429
f 417//417 400//400 428//428
f 430//430 421//421 431//431
f 430//430 422//422 421//421
f 431//431 421//421 416//416
f 416//416 427//427 431//431
f 424//424 425//425 432//432
f 430//430 432//432 425//425
f 431//431 432//432 430//430
f 426//426 424//424 432//432
f 431//431 433//433 432//432
f 427//427 429//429 431//431
f 433//433 431//431 429//429
f 88//88 86//86 434//434
f 434//434 435//435 88//88
f 377//377 436//436 376//376
f 437//437 376//376 436//436
f 436//436 438//438 437//437
f 441//441 442//442 437//437
f 440//440 443//443 439//439
f 440//440 441//441 444//444
f 444//444 445//445 440//440
f 440//440 445//445 443//443
f 446//446 437//437 438//438
f 438//438 447//447 446//446
f 448//448 441//441 437//437
f 448//448 449//449 441//441
f 441//441 449//449 444//444
f 437//437 446//446 448//448
f 451//451 448//448 446//446
f 452//452 450//450 444//444
f 439//439 396//396 381//381
f 396//396 439//439 453//453
f 443//443 453//453 439//439
f 453//453 397//397 396//396
f 454//454 453//453 443//443
f 455//455 454//454 443//443
f 443//443 445//445 455//455
f 454//454 455//455 456//456
f 400//400 458//458 457//457
f 450//450 445//445 444//444
f 450//450 459//459 445//445
f 459//459 455//455 445//445
f 460//460 455//455 459//459
f 461//461 460//460 459//459
f 462//462 446//446 447//447
f 447//447 463//463 462//462
f 464//464 451//451 446//446
f 465//465 451//451 464//464
f 465//465 452//452 451//451
f 446//446 462//462 464//464
f 466//466 465//465 464//464
f 467//467 452//452 465//465
f 217//217 462//462 463//463
f 218//218 462//462 217//217
f 222//222 464//464 462//462
f 464//464 222//222 466//466
f 468//468 467//467 465//465
f 469//469 468//468 465//465
f 462//462 218//218 222//222
f 221//221 466//466 222//222
f 466//466 221//221 470//470
f 470//470 469//469 466//466
f 471//471 450//450 452//452
f 461//461 459//459 450//450
f 450//450 471//471 461//461
f 472//472 461//461 471//471
f 467//467 471//471 452//452
f 471//471 467//467 473//473
f 471//471 473//473 472//472
f 474//474 472//472 473//473
f 476//476 461//461 472//472
f 476//476 475//475 461//461
f 474//474 476//476 472//472
f 476//476 474//474 477//477
f 468//468 478//478 467//467
f 473//473 467//467 478//478
f 468//468 469//469 479//479
f 480//480 478//478 479//479
f 479//479 478//478 468//468
f 478//478 474//474 473//473
f 481//481 478//478 480//480
f 481//481 482//482 478//478
f 483//483 479//479 469//469
f 484//484 480//480 483//483
f 483//483 480//480 479//479
f 485//485 483//483 469//469
f 469//469 470//470 485//485
f 486//486 484//484 483//483
f 483//483 485//485 486//486
f 484//484 481//481 480//480
f 487//487 481//481 484//484
f 488//488 487//487 484//484
f 484//484 486//486 488//488
f 474//474 478//478 482//482
f 489//489 482//482 481//481
f 489//489 490//490 482//482
f 487//487 489//489 481//481
f 487//487 490//490 489//489
f 491//491 487//487 488//488
f 491//491 492//492 487//487
f 492//492 494//494 493//493
f 495//495 426//426 496//496
f 497//497 400//400 457//457
f 428//428 400//400 497//497
f 497//497 498//498 428//428
f 428//428 498//498 429//429
f 499//499 497//497 457//457
f 498//498 501//501 500//500
f 499//499 501//501 497//497
f 501//501 498//498 497//497
f 496//496 426//426 432//432
f 496//496 432//432 433//433
f 433//433 498//498 496//496
f 502//502 496//496 503//503
f 503//503 496//496 498//498
f 498//498 433//433 429//429
f 243//243 502//502 503//503
f 500//500 503//503 498//498
f 504//504 243//243 503//503
f 504//504 503//503 500//500
f 505//505 243//243 242//242
f 499//499 460//460 506//506
f 507//507 501//501 499//499
f 508//508 500//500 507//507
f 507//507 500//500 501//501
f 499//499 506//506 507//507
f 509//509 506//506 460//460
f 510//510 506//506 509//509
f 511//511 508//508 507//507
f 512//512 507//507 506//506
f 506//506 510//510 512//512
f 507//507 512//512 511//511
f 242//242 243//243 504//504
f 242//242 504//504 500//500
f 500//500 508//508 242//242
f 513//513 242//242 508//508
f 508//508 511//511 513//513
f 509//509 514//514 510//510
f 515//515 511//511 512//512
f 514//514 517//517 510//510
f 514//514 518//518 517//517
f 516//516 515//515 512//512
f 517//517 512//512 510//510
f 517//517 516//516 512//512
f 511//511 515//515 513//513
f 519//519 513//513 515//515
f 520//520 519//519 521//521
f 521//521 519//519 515//515
f 516//516 520//520 521//521
f 521//521 515//515 516//516
f 256//256 522//522 523//523
f 518//518 525//525 524//524
f 524//524 517//517 518//518
f 526//526 516//516 517//517
f 525//525 492//492 524//524
f 493//493 524//524 492//492
f 527//527 517//517 524//524
f 517//517 527//527 526//526
f 528//528 520//520 526//526
f 526//526 520//520 516//516
f 89//89 87//87 530//530
f 87//87 88//88 435//435
f 435//435 530//530 87//87
f 89//89 530//530 177//177
f 101//101 89//89 177//177
f 177//177 178//178 101//101
f 531//531 530//530 532//532
f 177//177 530//530 531//531
f 178//178 177//177 531//531
f 531//531 185//185 178//178
f 185//185 531//531 533//533
f 533//533 55//55 535//535
f 185//185 533//533 180//180
f 180//180 533//533 535//535
f 535//535 55//55 534//534
f 181//181 180//180 535//535
f 223//223 470//470 221//221
f 223//223 224//224 470//470
f 536//536 486//486 485//485
f 485//485 470//470 536//536
f 537//537 536//536 470//470
f 470//470 224//224 537//537
f 538//538 488//488 536//536
f 536//536 488//488 486//486
f 537//537 538//538 536//536
f 252//252 224//224 223//223
f 252//252 537//537 224//224
f 537//537 252//252 539//539
f 538//538 491//491 488//488
f 540//540 491//491 538//538
f 540//540 538//538 537//537
f 491//491 540//540 494//494
f 493//493 494//494 540//540
f 541//541 493//493 540//540
f 542//542 540//540 539//539
f 539//539 540//540 537//537
f 540//540 542//542 541//541
f 191//191 543//543 254//254
f 543//543 191//191 192//192
f 192//192 544//544 543//543
f 544//544 192//192 545//545
f 545//545 192//192 193//193
f 543//543 539//539 546//546
f 546//546 539//539 252//252
f 546//546 254//254 543//543
f 544//544 542//542 543//543
f 543//543 542//542 539//539
f 544//544 547//547 542//542
f 196//196 547//547 544//544
f 541//541 542//542 547//547
f 545//545 196//196 544//544
f 535//535 534//534 255//255
f 255//255 204//204 535//535
f 181//181 535//535 204//204
f 204//204 255//255 206//206
f 206//206 255//255 256//256
f 205//205 204//204 206//206
f 548//548 526//526 527//527
f 549//549 527//527 493//493
f 493//493 527//527 524//524
f 527//527 549//549 548//548
f 549//549 493//493 541//541
f 550//550 549//549 541//541
f 551//551 548//548 549//549
f 549//549 550//550 551//551
f 528//528 552//552 529//529
f 552//552 528//528 548//548
f 548//548 528//528 526//526
f 207//207 206//206 552//552
f 552//552 553//553 207//207
f 553//553 552//552 548//548
f 548//548 551//551 553//553
f 545//545 193//193 194//194
f 194//194 554//554 545//545
f 189//189 195//195 208//208
f 208//208 195//195 209//209
f 189//189 208//208 194//194
f 554//554 194//194 208//208
f 205//205 209//209 195//195
f 541//541 547//547 550//550
f 550//550 547//547 196//196
f 196//196 545//545 554//554
f 208//208 209//209 210//210
f 555//555 550//550 196//196
f 210//210 551//551 550//550
f 210//210 550//550 555//555
f 196//196 554//554 208//208
f 196//196 208//208 555//555
f 210//210 555//555 208//208
f 553//553 210//210 209//209
f 209//209 207//207 553//553
f 551//551 210//210 553//553
f 556//556 264//264 263//263
f 266//266 264//264 556//556
f 556//556 557//557 266//266
f 281//281 265//265 266//266
f 266//266 558//558 281//281
f 283//283 281//281 559//559
f 559//559 281//281 558//558
f 288//288 283//283 559//559
f 559//559 560//560 288//288
f 305//305 300//300 298//298
f 298//298 299//299 561//561
f 561//561 305//305 298//298
f 309//309 561//561 299//299
f 562//562 561//561 309//309
f 309//309 310//310 562//562
f 562//562 310//310 356//356
f 305//305 561//561 311//311
f 313//313 311//311 561//561
f 561//561 562//562 313//313
f 350//350 236//236 235//235
f 314//314 562//562 356//356
f 357//357 314//314 356//356
f 314//314 313//313 562//562
f 358//358 314//314 357//357
f 358//358 357//357 361//361
f 563//563 358//358 361//361
f 366//366 563//563 361//361
f 361//361 362//362 366//366
f 385//385 366//366 362//362
f 362//362 364//364 385//385
f 359//359 358//358 563//563
f 365//365 359//359 563//563
f 366//366 365//365 563//563
f 366//366 385//385 368//368
f 385//385 364//364 390//390
f 391//391 368//368 385//385
f 385//385 390//390 391//391
f 392//392 391//391 393//393
f 393//393 391//391 390//390
f 389//389 392//392 393//393
f 398//398 389//389 387//387
f 399//399 398//398 387//387
f 387//387 395//395 399//399
f 398//398 392//392 389//389
f 397//397 399//399 395//395
f 400//400 399//399 397//397
f 436//436 377//377 564//564
f 447//447 438//438 565//565
f 565//565 438//438 566//566
f 567//567 447//447 565//565
f 397//397 453//453 458//458
f 454//454 458//458 453//453
f 458//458 400//400 397//397
f 499//499 458//458 454//454
f 454//454 456//456 499//499
f 499//499 457//457 458//458
f 499//499 456//456 460//460
f 456//456 455//455 460//460
f 460//460 461//461 475//475
f 509//509 460//460 475//475
f 463//463 447//447 568//568
f 569//569 463//463 568//568
f 475//475 476//476 477//477
f 475//475 477//477 514//514
f 518//518 514//514 477//477
f 518//518 477//477 474//474
f 474//474 482//482 518//518
f 525//525 518//518 490//490
f 490//490 518//518 482//482
f 492//492 525//525 490//490
f 492//492 490//490 487//487
f 494//494 492//492 491//491
f 509//509 475//475 514//514
f 191//191 190//190 173//173
f 190//190 254//254 253//253
f 254//254 190//190 191//191
f 252//252 250//250 546//546
f 254//254 546//546 250//250
f 111//111 116//116 112//112
f 116//116 123//123 122//122
f 123//123 116//116 128//128
f 128//128 116//116 117//117
f 128//128 132//132 123//123
f 128//128 129//129 132//132
f 567//567 568//568 447//447
f 166//166 146//146 147//147
f 147//147 167//167 166//166
f 168//168 167//167 170//170
f 570//570 226//226 220//220
f 114//114 113//113 571//571
f 114//114 117//117 116//116
f 129//129 128//128 117//117
f 144//144 132//132 129//129
f 146//146 165//165 145//145
f 165//165 146//146 166//166
f 573//573 219//219 225//225
f 114//114 118//118 117//117
f 129//129 117//117 118//118
f 129//129 133//133 135//135
f 143//143 572//572 140//140
f 201//201 575//575 574//574
f 575//575 201//201 219//219
f 219//219 576//576 575//575
f 108//108 112//112 122//122
f 108//108 122//122 121//121
f 122//122 127//127 125//125
f 127//127 138//138 125//125
f 141//141 125//125 138//138
f 125//125 141//141 143//143
f 138//138 142//142 141//141
f 157//157 572//572 143//143
f 158//158 157//157 143//143
f 158//158 143//143 141//141
f 141//141 577//577 158//158
f 577//577 141//141 155//155
f 155//155 141//141 142//142
f 157//157 200//200 572//572
f 159//159 200//200 157//157
f 162//162 158//158 577//577
f 162//162 577//577 155//155
f 155//155 160//160 162//162
f 161//161 158//158 162//162
f 202//202 219//219 201//201
f 163//163 203//203 578//578
f 203//203 163//163 164//164
f 371//371 369//369 351//351
f 373//373 369//369 371//371
f 442//442 380//380 376//376
f 439//439 381//381 380//380
f 380//380 442//442 439//439
f 440//440 439//439 442//442
f 376//376 437//437 442//442
f 441//441 440//440 442//442
f 451//451 449//449 448//448
f 449//449 451//451 444//444
f 452//452 444//444 451//451
f 217//217 463//463 569//569
f 580//580 217//217 569//569
f 465//465 466//466 469//469
f 161//161 202//202 159//159
f 162//162 163//163 161//161
f 202//202 161//161 244//244
f 244//244 161//161 163//163
f 163//163 578//578 244//244
f 218//218 217//217 580//580
f 580//580 570//570 218//218
f 220//220 218//218 570//570
f 220//220 221//221 218//218
f 582//582 221//221 220//220
f 221//221 582//582 581//581
f 581//581 223//223 221//221
f 246//246 223//223 581//581
f 225//225 248//248 220//220
f 219//219 244//244 249//249
f 249//249 244//244 578//578
f 578//578 583//583 249//249
f 583//583 578//578 203//203
f 247//247 249//249 584//584
f 584//584 249//249 583//583
f 253//253 583//583 203//203
f 584//584 583//583 253//253
f 253//253 250//250 584//584
f 247//247 582//582 248//248
f 248//248 582//582 220//220
f 251//251 581//581 582//582
f 582//582 247//247 251//251
f 584//584 251//251 247//247
f 251//251 246//246 581//581
f 251//251 584//584 250//250
f 59//59 63//63 587//587
f 590//590 589//589 591//591
f 587//587 592//592 593//593
f 593//593 592//592 594//594
f 591//591 594//594 592//592
f 592//592 595//595 591//591
f 592//592 587//587 63//63
f 63//63 78//78 592//592
f 595//595 592//592 78//78
f 78//78 79//79 595//595
f 591//591 72//72 596//596
f 69//69 598//598 73//73
f 595//595 72//72 591//591
f 72//72 71//71 596//596
f 73//73 596//596 71//71
f 72//72 595//595 79//79
f 79//79 83//83 72//72
f 599//599 600//600 601//601
f 601//601 602//602 599//599
f 603//603 604//604 605//605
f 605//605 606//606 603//603
f 605//605 607//607 586//586
f 608//608 605//605 586//586
f 586//586 609//609 608//608
f 606//606 605//605 608//608
f 608//608 611//611 606//606
f 611//611 608//608 612//612
f 612//612 608//608 609//609
f 613//613 603//603 606//606
f 614//614 611//611 612//612
f 615//615 611//611 616//616
f 611//611 615//615 606//606
f 616//616 611//611 614//614
f 618//618 619//619 616//616
f 619//619 618//618 620//620
f 621//621 622//622 623//623
f 623//623 622//622 624//624
f 623//623 624//624 625//625
f 626//626 616//616 619//619
f 620//620 627//627 619//619
f 627//627 620//620 621//621
f 628//628 629//629 630//630
f 628//628 631//631 629//629
f 627//627 621//621 632//632
f 632//632 621//621 623//623
f 628//628 627//627 632//632
f 632//632 634//634 628//628
f 631//631 628//628 634//634
f 634//634 635//635 631//631
f 634//634 632//632 633//633
f 633//633 636//636 634//634
f 635//635 634//634 636//636
f 637//637 599//599 602//602
f 630//630 638//638 601//601
f 638//638 630//630 629//629
f 629//629 639//639 638//638
f 640//640 629//629 631//631
f 639//639 629//629 641//641
f 641//641 629//629 640//640
f 641//641 640//640 642//642
f 639//639 643//643 638//638
f 643//643 639//639 641//641
f 644//644 643//643 641//641
f 641//641 642//642 646//646
f 646//646 642//642 645//645
f 644//644 641//641 647//647
f 647//647 641//641 646//646
f 646//646 645//645 648//648
f 647//647 646//646 648//648
f 602//602 601//601 638//638
f 638//638 649//649 602//602
f 649//649 638//638 643//643
f 643//643 650//650 649//649
f 637//637 602//602 649//649
f 649//649 651//651 637//637
f 651//651 649//649 650//650
f 633//633 652//652 636//636
f 652//652 633//633 653//653
f 656//656 654//654 652//652
f 657//657 656//656 652//652
f 658//658 652//652 653//653
f 657//657 652//652 658//658
f 657//657 659//659 648//648
f 659//659 657//657 658//658
f 664//664 662//662 663//663
f 665//665 664//664 663//663
f 667//667 664//664 665//665
f 668//668 665//665 666//666
f 668//668 667//667 665//665
f 663//663 637//637 651//651
f 651//651 669//669 663//663
f 651//651 670//670 669//669
f 672//672 663//663 669//669
f 672//672 665//665 663//663
f 673//673 672//672 669//669
f 666//666 665//665 672//672
f 673//673 669//669 670//670
f 672//672 674//674 666//666
f 674//674 672//672 673//673
f 666//666 675//675 668//668
f 667//667 668//668 675//675
f 678//678 677//677 676//676
f 678//678 676//676 679//679
f 681//681 679//679 680//680
f 684//684 678//678 679//679
f 109//109 106//106 105//105
f 692//692 689//689 690//690
f 694//694 692//692 693//693
f 693//693 695//695 694//694
f 698//698 699//699 702//702
f 702//702 699//699 703//703
f 607//607 698//698 702//702
f 607//607 702//702 705//705
f 586//586 607//607 705//705
f 705//705 702//702 706//706
f 706//706 707//707 705//705
f 705//705 708//708 586//586
f 708//708 705//705 707//707
f 707//707 709//709 708//708
f 609//609 586//586 610//610
f 610//610 586//586 708//708
f 708//708 711//711 610//610
f 610//610 612//612 609//609
f 612//612 610//610 711//711
f 711//711 712//712 612//612
f 714//714 715//715 713//713
f 713//713 716//716 717//717
f 717//717 714//714 713//713
f 720//720 721//721 722//722
f 725//725 714//714 726//726
f 715//715 714//714 725//725
f 725//725 726//726 727//727
f 729//729 720//720 722//722
f 714//714 717//717 729//729
f 729//729 726//726 714//714
f 730//730 727//727 729//729
f 729//729 727//727 726//726
f 734//734 728//728 727//727
f 728//728 734//734 735//735
f 736//736 737//737 735//735
f 737//737 736//736 733//733
f 733//733 738//738 737//737
f 739//739 733//733 732//732
f 732//732 740//740 739//739
f 738//738 733//733 739//739
f 741//741 739//739 740//740
f 742//742 747//747 731//731
f 746//746 731//731 747//747
f 746//746 748//748 731//731
f 731//731 748//748 732//732
f 746//746 749//749 748//748
f 740//740 732//732 748//748
f 741//741 740//740 750//750
f 748//748 751//751 740//740
f 750//750 740//740 752//752
f 752//752 740//740 751//751
f 606//606 615//615 613//613
f 614//614 612//612 712//712
f 712//712 753//753 614//614
f 618//618 614//614 753//753
f 617//617 615//615 616//616
f 618//618 616//616 614//614
f 755//755 617//617 616//616
f 620//620 618//618 753//753
f 621//621 620//620 753//753
f 756//756 754//754 713//713
f 753//753 754//754 756//756
f 756//756 713//713 715//715
f 715//715 624//624 756//756
f 624//624 715//715 725//725
f 622//622 753//753 756//756
f 621//621 753//753 622//622
f 622//622 756//756 624//624
f 626//626 755//755 616//616
f 627//627 626//626 619//619
f 630//630 626//626 627//627
f 627//627 628//628 630//630
f 601//601 757//757 630//630
f 631//631 642//642 640//640
f 631//631 758//758 642//642
f 758//758 631//631 635//635
f 645//645 642//642 758//758
f 648//648 645//645 759//759
f 624//624 725//725 760//760
f 760//760 725//725 727//727
f 625//625 624//624 761//761
f 761//761 624//624 760//760
f 760//760 727//727 728//728
f 728//728 762//762 760//760
f 763//763 760//760 762//762
f 762//762 728//728 735//735
f 737//737 762//762 735//735
f 738//738 739//739 741//741
f 764//764 738//738 741//741
f 737//737 655//655 762//762
f 655//655 737//737 738//738
f 653//653 625//625 761//761
f 653//653 761//761 765//765
f 765//765 761//761 760//760
f 765//765 760//760 763//763
f 762//762 766//766 763//763
f 653//653 765//765 763//763
f 763//763 767//767 653//653
f 767//767 763//763 768//768
f 768//768 763//763 766//766
f 766//766 762//762 655//655
f 769//769 655//655 738//738
f 770//770 766//766 655//655
f 769//769 738//738 771//771
f 771//771 738//738 764//764
f 768//768 766//766 770//770
f 772//772 770//770 655//655
f 772//772 655//655 769//769
f 771//771 773//773 769//769
f 103//103 769//769 773//773
f 658//658 653//653 775//775
f 775//775 653//653 767//767
f 768//768 776//776 767//767
f 775//775 767//767 776//776
f 774//774 659//659 658//658
f 774//774 658//658 777//777
f 777//777 658//658 775//775
f 777//777 775//775 778//778
f 778//778 775//775 776//776
f 776//776 768//768 770//770
f 770//770 779//779 776//776
f 779//779 770//770 772//772
f 769//769 780//780 772//772
f 780//780 769//769 103//103
f 781//781 779//779 772//772
f 781//781 772//772 780//780
f 779//779 778//778 776//776
f 781//781 778//778 779//779
f 780//780 782//782 781//781
f 661//661 659//659 774//774
f 660//660 661//661 784//784
f 784//784 661//661 774//774
f 785//785 660//660 784//784
f 786//786 784//784 787//787
f 784//784 774//774 777//777
f 777//777 788//788 784//784
f 789//789 777//777 778//778
f 789//789 778//778 790//790
f 788//788 777//777 789//789
f 789//789 791//791 788//788
f 791//791 789//789 790//790
f 787//787 784//784 788//788
f 787//787 788//788 792//792
f 792//792 788//788 791//791
f 790//790 778//778 781//781
f 791//791 790//790 782//782
f 782//782 790//790 781//781
f 793//793 782//782 780//780
f 793//793 780//780 783//783
f 793//793 794//794 782//782
f 791//791 796//796 792//792
f 796//796 791//791 782//782
f 796//796 782//782 795//795
f 795//795 782//782 794//794
f 797//797 795//795 794//794
f 764//764 741//741 798//798
f 798//798 741//741 750//750
f 798//798 750//750 799//799
f 799//799 750//750 752//752
f 771//771 764//764 800//800
f 800//800 764//764 798//798
f 800//800 798//798 799//799
f 801//801 771//771 800//800
f 773//773 771//771 801//801
f 783//783 780//780 103//103
f 797//797 794//794 802//802
f 804//804 671//671 803//803
f 673//673 670//670 671//671
f 673//673 805//805 674//674
f 673//673 671//671 804//804
f 673//673 804//804 806//806
f 806//806 804//804 807//807
f 805//805 673//673 806//806
f 808//808 667//667 675//675
f 809//809 808//808 675//675
f 675//675 810//810 809//809
f 810//810 811//811 809//809
f 812//812 809//809 811//811
f 674//674 675//675 666//666
f 805//805 813//813 674//674
f 814//814 675//675 815//815
f 815//815 675//675 674//674
f 815//815 674//674 813//813
f 805//805 816//816 813//813
f 816//816 805//805 806//806
f 816//816 806//806 817//817
f 817//817 818//818 816//816
f 818//818 813//813 816//816
f 815//815 813//813 818//818
f 810//810 675//675 814//814
f 815//815 819//819 814//814
f 820//820 814//814 819//819
f 811//811 810//810 814//814
f 814//814 821//821 811//811
f 820//820 821//821 814//814
f 821//821 820//820 822//822
f 819//819 677//677 820//820
f 819//819 676//676 677//677
f 819//819 815//815 818//818
f 818//818 823//823 819//819
f 676//676 819//819 823//823
f 823//823 679//679 676//676
f 679//679 823//823 824//824
f 822//822 820//820 677//677
f 677//677 678//678 822//822
f 680//680 679//679 824//824
f 825//825 786//786 787//787
f 828//828 825//825 787//787
f 792//792 829//829 787//787
f 826//826 825//825 828//828
f 826//826 828//828 787//787
f 787//787 830//830 826//826
f 830//830 787//787 831//831
f 831//831 787//787 829//829
f 829//829 792//792 796//796
f 796//796 795//795 833//833
f 833//833 795//795 797//797
f 797//797 834//834 833//833
f 797//797 835//835 834//834
f 833//833 836//836 796//796
f 831//831 829//829 837//837
f 837//837 829//829 796//796
f 837//837 796//796 836//836
f 836//836 833//833 834//834
f 834//834 838//838 836//836
f 838//838 834//834 835//835
f 806//806 807//807 839//839
f 817//817 806//806 839//839
f 826//826 830//830 840//840
f 842//842 840//840 830//830
f 842//842 830//830 841//841
f 841//841 830//830 831//831
f 831//831 843//843 841//841
f 843//843 831//831 837//837
f 838//838 844//844 836//836
f 817//817 839//839 840//840
f 840//840 845//845 817//817
f 845//845 840//840 842//842
f 842//842 846//846 845//845
f 845//845 818//818 817//817
f 823//823 845//845 846//846
f 841//841 847//847 842//842
f 847//847 841//841 848//848
f 848//848 841//841 843//843
f 842//842 849//849 846//846
f 849//849 842//842 847//847
f 850//850 843//843 837//837
f 850//850 837//837 836//836
f 848//848 843//843 850//850
f 850//850 836//836 844//844
f 844//844 851//851 850//850
f 850//850 852//852 848//848
f 850//850 853//853 852//852
f 851//851 853//853 850//850
f 823//823 818//818 845//845
f 823//823 854//854 824//824
f 854//854 823//823 846//846
f 680//680 824//824 854//854
f 681//681 680//680 854//854
f 854//854 856//856 681//681
f 846//846 855//855 854//854
f 856//856 854//854 855//855
f 849//849 857//857 846//846
f 857//857 849//849 858//858
f 858//858 849//849 847//847
f 855//855 846//846 857//857
f 858//858 847//847 848//848
f 859//859 858//858 848//848
f 859//859 860//860 858//858
f 859//859 848//848 852//852
f 852//852 853//853 862//862
f 861//861 852//852 862//862
f 863//863 859//859 852//852
f 861//861 863//863 852//852
f 860//860 859//859 863//863
f 864//864 863//863 861//861
f 835//835 797//797 802//802
f 844//844 838//838 835//835
f 865//865 812//812 811//811
f 588//588 812//812 866//866
f 866//866 812//812 865//865
f 867//867 588//588 866//866
f 867//867 868//868 588//588
f 682//682 588//588 868//868
f 868//868 869//869 682//682
f 869//869 870//870 682//682
f 682//682 870//870 683//683
f 871//871 683//683 870//870
f 870//870 872//872 871//871
f 865//865 811//811 821//821
f 865//865 821//821 873//873
f 865//865 873//873 874//874
f 873//873 821//821 822//822
f 866//866 865//865 874//874
f 866//866 875//875 867//867
f 874//874 876//876 866//866
f 875//875 866//866 876//876
f 873//873 822//822 684//684
f 684//684 822//822 678//678
f 874//874 873//873 684//684
f 874//874 684//684 877//877
f 877//877 684//684 679//679
f 877//877 679//679 681//681
f 877//877 876//876 874//874
f 875//875 876//876 878//878
f 876//876 877//877 879//879
f 878//878 876//876 880//880
f 880//880 876//876 879//879
f 875//875 868//868 867//867
f 869//869 881//881 870//870
f 869//869 868//868 881//881
f 881//881 868//868 875//875
f 881//881 875//875 878//878
f 878//878 882//882 881//881
f 882//882 878//878 685//685
f 685//685 878//878 880//880
f 872//872 870//870 883//883
f 883//883 870//870 881//881
f 883//883 884//884 872//872
f 883//883 881//881 882//882
f 883//883 886//886 884//884
f 886//886 883//883 885//885
f 883//883 882//882 885//885
f 885//885 882//882 685//685
f 885//885 687//687 886//886
f 687//687 885//885 887//887
f 877//877 681//681 856//856
f 855//855 888//888 856//856
f 879//879 877//877 856//856
f 879//879 856//856 888//888
f 888//888 889//889 879//879
f 880//880 879//879 890//890
f 890//890 879//879 889//889
f 857//857 888//888 855//855
f 888//888 857//857 858//858
f 888//888 858//858 860//860
f 891//891 888//888 860//860
f 889//889 888//888 891//891
f 890//890 889//889 892//892
f 892//892 889//889 891//891
f 893//893 891//891 860//860
f 892//892 891//891 893//893
f 892//892 893//893 894//894
f 860//860 863//863 864//864
f 895//895 593//593 864//864
f 893//893 860//860 864//864
f 864//864 896//896 893//893
f 894//894 893//893 896//896
f 894//894 896//896 897//897
f 897//897 896//896 589//589
f 593//593 896//896 864//864
f 880//880 898//898 685//685
f 890//890 898//898 880//880
f 890//890 899//899 898//898
f 892//892 900//900 890//890
f 890//890 900//900 899//899
f 894//894 900//900 892//892
f 898//898 901//901 685//685
f 685//685 902//902 885//885
f 902//902 685//685 901//901
f 887//887 885//885 902//902
f 901//901 903//903 902//902
f 903//903 597//597 902//902
f 887//887 902//902 904//904
f 904//904 902//902 597//597
f 901//901 898//898 899//899
f 900//900 686//686 899//899
f 899//899 903//903 901//901
f 903//903 899//899 686//686
f 597//597 903//903 590//590
f 590//590 903//903 686//686
f 686//686 900//900 897//897
f 897//897 900//900 894//894
f 686//686 897//897 590//590
f 590//590 897//897 589//589
f 597//597 590//590 596//596
f 886//886 687//687 110//110
f 113//113 110//110 687//687
f 887//887 688//688 687//687
f 687//687 688//688 92//92
f 687//687 571//571 113//113
f 92//92 114//114 687//687
f 687//687 114//114 571//571
f 114//114 92//92 115//115
f 688//688 887//887 904//904
f 688//688 904//904 598//598
f 688//688 68//68 92//92
f 688//688 598//598 68//68
f 907//907 695//695 701//701
f 585//585 707//707 706//706
f 711//711 909//909 712//712
f 909//909 754//754 712//712
f 709//709 910//910 708//708
f 711//711 708//708 910//910
f 909//909 711//711 910//910
f 910//910 709//709 716//716
f 713//713 910//910 716//716
f 717//717 716//716 720//720
f 909//909 910//910 754//754
f 754//754 910//910 713//713
f 912//912 906//906 913//913
f 911//911 914//914 906//906
f 913//913 906//906 914//914
f 914//914 915//915 913//913
f 710//710 912//912 913//913
f 719//719 710//710 916//916
f 710//710 913//913 916//916
f 916//916 913//913 915//915
f 916//916 917//917 719//719
f 915//915 918//918 916//916
f 918//918 920//920 917//917
f 917//917 916//916 918//918
f 918//918 919//919 921//921
f 918//918 921//921 920//920
f 919//919 922//922 921//921
f 719//719 923//923 718//718
f 923//923 719//719 917//917
f 917//917 920//920 923//923
f 923//923 722//722 721//721
f 722//722 923//923 924//924
f 924//924 923//923 920//920
f 924//924 730//730 722//722
f 925//925 921//921 922//922
f 925//925 922//922 724//724
f 724//724 926//926 927//927
f 724//724 927//927 723//723
f 927//927 743//743 723//723
f 924//924 920//920 928//928
f 928//928 920//920 921//921
f 921//921 929//929 928//928
f 730//730 924//924 928//928
f 929//929 921//921 930//930
f 930//930 921//921 925//925
f 930//930 925//925 931//931
f 931//931 925//925 724//724
f 930//930 932//932 929//929
f 932//932 930//930 933//933
f 933//933 930//930 931//931
f 931//931 724//724 723//723
f 931//931 723//723 745//745
f 933//933 931//931 732//732
f 732//732 931//931 745//745
f 745//745 731//731 732//732
f 720//720 729//729 717//717
f 729//729 722//722 730//730
f 928//928 734//734 730//730
f 734//734 928//928 929//929
f 929//929 934//934 734//734
f 727//727 730//730 734//734
f 934//934 929//929 932//932
f 932//932 736//736 934//934
f 736//736 932//932 733//733
f 733//733 932//932 933//933
f 733//733 933//933 732//732
f 735//735 734//734 934//934
f 735//735 934//934 736//736
f 926//926 935//935 927//927
f 927//927 935//935 936//936
f 744//744 743//743 927//927
f 723//723 743//743 742//742
f 744//744 927//927 6//6
f 723//723 731//731 745//745
f 731//731 723//723 742//742
f 6//6 1//1 744//744
f 742//742 743//743 1//1
f 743//743 744//744 1//1
f 1//1 2//2 742//742
f 3//3 746//746 747//747
f 3//3 747//747 4//4
f 742//742 4//4 747//747
f 2//2 4//4 742//742
f 751//751 748//748 749//749
f 749//749 746//746 3//3
f 937//937 749//749 938//938
f 3//3 939//939 749//749
f 938//938 749//749 939//939
f 749//749 937//937 751//751
f 937//937 938//938 940//940
f 936//936 941//941 927//927
f 6//6 927//927 941//941
f 941//941 13//13 6//6
f 11//11 2//2 10//10
f 5//5 4//4 2//2
f 5//5 942//942 3//3
f 11//11 943//943 5//5
f 942//942 5//5 943//943
f 943//943 944//944 942//942
f 10//10 8//8 12//12
f 10//10 945//945 11//11
f 11//11 946//946 943//943
f 944//944 943//943 946//946
f 946//946 11//11 945//945
f 939//939 3//3 942//942
f 939//939 940//940 938//938
f 942//942 947//947 939//939
f 947//947 942//942 944//944
f 940//940 939//939 947//947
f 940//940 947//947 948//948
f 948//948 950//950 940//940
f 949//949 940//940 950//950
f 944//944 948//948 947//947
f 948//948 944//944 22//22
f 950//950 948//948 56//56
f 56//56 948//948 951//951
f 753//753 712//712 754//754
f 952//952 635//635 654//654
f 953//953 759//759 645//645
f 799//799 752//752 751//751
f 955//955 799//799 954//954
f 751//751 937//937 956//956
f 954//954 799//799 751//751
f 956//956 954//954 751//751
f 800//800 799//799 955//955
f 801//801 800//800 959//959
f 959//959 800//800 955//955
f 959//959 955//955 958//958
f 773//773 801//801 960//960
f 960//960 801//801 959//959
f 958//958 955//955 961//961
f 961//961 955//955 954//954
f 961//961 954//954 957//957
f 959//959 958//958 962//962
f 962//962 958//958 961//961
f 957//957 963//963 961//961
f 962//962 961//961 963//963
f 956//956 937//937 940//940
f 956//956 940//940 949//949
f 954//954 956//956 957//957
f 90//90 956//956 964//964
f 956//956 949//949 965//965
f 964//964 956//956 965//965
f 956//956 90//90 957//957
f 966//966 90//90 964//964
f 963//963 957//957 90//90
f 966//966 967//967 90//90
f 963//963 90//90 967//967
f 968//968 963//963 967//967
f 966//966 964//964 969//969
f 967//967 966//966 970//970
f 970//970 966//966 969//969
f 968//968 967//967 970//970
f 970//970 969//969 971//971
f 103//103 773//773 960//960
f 960//960 972//972 103//103
f 972//972 960//960 973//973
f 783//783 103//103 972//972
f 972//972 974//974 783//783
f 975//975 783//783 974//974
f 974//974 972//972 973//973
f 973//973 960//960 959//959
f 973//973 959//959 962//962
f 962//962 976//976 973//973
f 976//976 962//962 977//977
f 973//973 975//975 974//974
f 975//975 973//973 976//976
f 976//976 979//979 975//975
f 979//979 976//976 978//978
f 793//793 783//783 975//975
f 794//794 793//793 975//975
f 794//794 975//975 980//980
f 802//802 794//794 980//980
f 975//975 979//979 980//980
f 979//979 16//16 980//980
f 802//802 980//980 16//16
f 16//16 979//979 17//17
f 977//977 962//962 963//963
f 976//976 977//977 978//978
f 977//977 963//963 968//968
f 978//978 977//977 981//981
f 981//981 977//977 968//968
f 979//979 978//978 982//982
f 982//982 978//978 981//981
f 981//981 197//197 982//982
f 970//970 984//984 983//983
f 983//983 968//968 970//970
f 984//984 970//970 971//971
f 981//981 968//968 984//984
f 984//984 968//968 983//983
f 197//197 981//981 198//198
f 198//198 981//981 984//984
f 982//982 986//986 979//979
f 17//17 979//979 986//986
f 986//986 982//982 197//197
f 17//17 986//986 197//197
f 197//197 19//19 17//17
f 864//864 861//861 895//895
f 802//802 987//987 835//835
f 31//31 835//835 987//987
f 987//987 802//802 16//16
f 16//16 27//27 987//987
f 29//29 987//987 27//27
f 31//31 987//987 29//29
f 844//844 835//835 31//31
f 31//31 988//988 844//844
f 31//31 32//32 988//988
f 34//34 988//988 32//32
f 851//851 844//844 988//988
f 853//853 851//851 988//988
f 989//989 988//988 34//34
f 989//989 853//853 988//988
f 862//862 853//853 989//989
f 862//862 989//989 47//47
f 47//47 989//989 34//34
f 47//47 34//34 45//45
f 862//862 990//990 861//861
f 990//990 862//862 47//47
f 895//895 861//861 990//990
f 990//990 59//59 895//895
f 46//46 59//59 47//47
f 47//47 59//59 990//990
f 593//593 594//594 896//896
f 589//589 896//896 594//594
f 594//594 591//591 589//589
f 591//591 596//596 590//590
f 587//587 895//895 59//59
f 593//593 895//895 587//587
f 68//68 598//598 69//69
f 598//598 904//904 597//597
f 597//597 73//73 598//598
f 596//596 73//73 597//597
f 115//115 92//92 70//70
f 991//991 211//211 212//212
f 991//991 993//993 992//992
f 212//212 344//344 991//991
f 993//993 991//991 344//344
f 995//995 97//97 993//993
f 992//992 993//993 97//97
f 96//96 97//97 98//98
f 98//98 97//97 995//995
f 995//995 993//993 996//996
f 996//996 997//997 995//995
f 997//997 99//99 995//995
f 995//995 99//99 98//98
f 998//998 98//98 99//99
f 53//53 96//96 999//999
f 999//999 96//96 98//98
f 1000//1000 53//53 999//999
f 999//999 98//98 998//998
f 998//998 1001//1001 999//999
f 1000//1000 999//999 1002//1002
f 1002//1002 999//999 1001//1001
f 1003//1003 1000//1000 1002//1002
f 1004//1004 1000//1000 1003//1003
f 906//906 905//905 911//911
f 914//914 911//911 1005//1005
f 1005//1005 1006//1006 914//914
f 1007//1007 1008//1008 1005//1005
f 915//915 914//914 1006//1006
f 1009//1009 1006//1006 1005//1005
f 1009//1009 1005//1005 1008//1008
f 915//915 1006//1006 1009//1009
f 918//918 915//915 919//919
f 919//919 915//915 1009//1009
f 919//919 1009//1009 1010//1010
f 1010//1010 1009//1009 1011//1011
f 1010//1010 922//922 919//919
f 1010//1010 1011//1011 926//926
f 1011//1011 1009//1009 935//935
f 935//935 1009//1009 1008//1008
f 926//926 1011//1011 935//935
f 690//690 691//691 1013//1013
f 1013//1013 697//697 690//690
f 1014//1014 1013//1013 905//905
f 1013//1013 1015//1015 697//697
f 1015//1015 1013//1013 1014//1014
f 699//699 1015//1015 703//703
f 1015//1015 1014//1014 1017//1017
f 703//703 1015//1015 1016//1016
f 1016//1016 1015//1015 1017//1017
f 702//702 703//703 1016//1016
f 1016//1016 704//704 702//702
f 704//704 706//706 702//702
f 1014//1014 906//906 1017//1017
f 1016//1016 1017//1017 912//912
f 912//912 1017//1017 906//906
f 906//906 1014//1014 905//905
f 912//912 710//710 1016//1016
f 704//704 1016//1016 710//710
f 706//706 704//704 585//585
f 585//585 704//704 710//710
f 710//710 719//719 585//585
f 585//585 719//719 718//718
f 908//908 707//707 585//585
f 709//709 707//707 908//908
f 908//908 716//716 709//709
f 585//585 721//721 908//908
f 721//721 585//585 718//718
f 716//716 908//908 721//721
f 721//721 720//720 716//716
f 721//721 718//718 923//923
f 632//632 623//623 633//633
f 633//633 623//623 625//625
f 636//636 654//654 635//635
f 953//953 635//635 952//952
f 952//952 759//759 953//953
f 650//650 643//643 644//644
f 651//651 650//650 1018//1018
f 644//644 1019//1019 650//650
f 644//644 647//647 661//661
f 1019//1019 644//644 661//661
f 1018//1018 650//650 1019//1019
f 1019//1019 1020//1020 1018//1018
f 1020//1020 1019//1019 785//785
f 633//633 625//625 653//653
f 654//654 636//636 652//652
f 952//952 654//654 656//656
f 759//759 952//952 656//656
f 656//656 657//657 759//759
f 648//648 759//759 657//657
f 648//648 659//659 647//647
f 661//661 647//647 659//659
f 661//661 660//660 1019//1019
f 785//785 1019//1019 660//660
f 785//785 786//786 1020//1020
f 670//670 651//651 1018//1018
f 1018//1018 1021//1021 670//670
f 671//671 670//670 1021//1021
f 1021//1021 1018//1018 1020//1020
f 671//671 1021//1021 803//803
f 1021//1021 1020//1020 1022//1022
f 1022//1022 807//807 1021//1021
f 803//803 1021//1021 807//807
f 804//804 803//803 807//807
f 1022//1022 1020//1020 786//786
f 786//786 832//832 1022//1022
f 1022//1022 832//832 827//827
f 827//827 832//832 826//826
f 839//839 807//807 1022//1022
f 839//839 1022//1022 827//827
f 839//839 827//827 826//826
f 826//826 840//840 839//839
f 926//926 724//724 1010//1010
f 1010//1010 724//724 922//922
f 786//786 785//785 784//784
f 786//786 825//825 832//832
f 826//826 832//832 825//825
f 690//690 689//689 691//691
f 693//693 692//692 690//690
f 690//690 695//695 693//693
f 696//696 695//695 690//690
f 696//696 690//690 697//697
f 697//697 699//699 696//696
f 699//699 697//697 1015//1015
f 696//696 701//701 695//695
f 701//701 696//696 699//699
f 699//699 700//700 701//701
f 698//698 700//700 699//699
f 1024//1024 1023//1023 1025//1025
f 1024//1024 1025//1025 1026//1026
f 1027//1027 1023//1023 1024//1024
f 1028//1028 1024//1024 1026//1026
f 1029//1029 1027//1027 1024//1024
f 1024//1024 1028//1028 1029//1029
f 1026//1026 1030//1030 1028//1028
f 1031//1031 1028//1028 1030//1030
f 1032//1032 1029//1029 1028//1028
f 1028//1028 1031//1031 1032//1032
f 1034//1034 1033//1033 1029//1029
f 1029//1029 1032//1032 1034//1034
f 1031//1031 1030//1030 1012//1012
f 1035//1035 1034//1034 1032//1032
f 1036//1036 1031//1031 1012//1012
f 1012//1012 617//617 1036//1036
f 1037//1037 1031//1031 1036//1036
f 617//617 755//755 1036//1036
f 1038//1038 1032//1032 1037//1037
f 1037//1037 1032//1032 1031//1031
f 1038//1038 1035//1035 1032//1032
f 1036//1036 1040//1040 1037//1037
f 1040//1040 1036//1036 755//755
f 755//755 757//757 1040//1040
f 1041//1041 1037//1037 1040//1040
f 1037//1037 1041//1041 1038//1038
f 1039//1039 1040//1040 757//757
f 1043//1043 1038//1038 1041//1041
f 1040//1040 1044//1044 1041//1041
f 1044//1044 1040//1040 1039//1039
f 1038//1038 1043//1043 1045//1045
f 1045//1045 1042//1042 1038//1038
f 757//757 755//755 626//626
f 1044//1044 600//600 1046//1046
f 1047//1047 1041//1041 1044//1044
f 1047//1047 1043//1043 1041//1041
f 1048//1048 1045//1045 1043//1043
f 1049//1049 1043//1043 1047//1047
f 1049//1049 1048//1048 1043//1043
f 1046//1046 1047//1047 1044//1044
f 1051//1051 1046//1046 599//599
f 1052//1052 1047//1047 1046//1046
f 1052//1052 1049//1049 1047//1047
f 1053//1053 1049//1049 1052//1052
f 1055//1055 1050//1050 1053//1053
f 1053//1053 1050//1050 1049//1049
f 1055//1055 1054//1054 1050//1050
f 1053//1053 1052//1052 1051//1051
f 1051//1051 1052//1052 1046//1046
f 1056//1056 1054//1054 1055//1055
f 1057//1057 1051//1051 662//662
f 662//662 1051//1051 599//599
f 662//662 599//599 637//637
f 637//637 663//663 662//662
f 1057//1057 1053//1053 1051//1051
f 1058//1058 1055//1055 1053//1053
f 1059//1059 1055//1055 1058//1058
f 1060//1060 1053//1053 1057//1057
f 1061//1061 1058//1058 1060//1060
f 1060//1060 1058//1058 1053//1053
f 1062//1062 1060//1060 1057//1057
f 1063//1063 1058//1058 1061//1061
f 1064//1064 1060//1060 1062//1062
f 1066//1066 1063//1063 1061//1061
f 1066//1066 1061//1061 1065//1065
f 1065//1065 1061//1061 1060//1060
f 1067//1067 1060//1060 1064//1064
f 1060//1060 1067//1067 1065//1065
f 1068//1068 1067//1067 1064//1064
f 1069//1069 1066//1066 1065//1065
f 808//808 1068//1068 667//667
f 1070//1070 1068//1068 808//808
f 1071//1071 1065//1065 1067//1067
f 1071//1071 1067//1067 1068//1068
f 1072//1072 1069//1069 1065//1065
f 1071//1071 1072//1072 1065//1065
f 1068//1068 1070//1070 1071//1071
f 1073//1073 1071//1071 1070//1070
f 1071//1071 1073//1073 1074//1074
f 1074//1074 1072//1072 1071//1071
f 808//808 809//809 1070//1070
f 1075//1075 1070//1070 809//809
f 1076//1076 1075//1075 809//809
f 809//809 812//812 1076//1076
f 1077//1077 1074//1074 1073//1073
f 1070//1070 1075//1075 1073//1073
f 1078//1078 1077//1077 1073//1073
f 1080//1080 1073//1073 1075//1075
f 1073//1073 1080//1080 1078//1078
f 1076//1076 1080//1080 1075//1075
f 1081//1081 1077//1077 1078//1078
f 1081//1081 1079//1079 1077//1077
f 1059//1059 1056//1056 1055//1055
f 1082//1082 1059//1059 1058//1058
f 1083//1083 1082//1082 1063//1063
f 1063//1063 1082//1082 1058//1058
f 1066//1066 1083//1083 1063//1063
f 1084//1084 1066//1066 1069//1069
f 1083//1083 1066//1066 1085//1085
f 1066//1066 1084//1084 1085//1085
f 1072//1072 1084//1084 1069//1069
f 1087//1087 1084//1084 1072//1072
f 1087//1087 1072//1072 1074//1074
f 1087//1087 1074//1074 1089//1089
f 1084//1084 1087//1087 1088//1088
f 1089//1089 1088//1088 1087//1087
f 1077//1077 1089//1089 1074//1074
f 1079//1079 1089//1089 1077//1077
f 1090//1090 1089//1089 1091//1091
f 1091//1091 1089//1089 1079//1079
f 1091//1091 1079//1079 1081//1081
f 1092//1092 1090//1090 1091//1091
f 1090//1090 1093//1093 1089//1089
f 1094//1094 1076//1076 812//812
f 1095//1095 1078//1078 1080//1080
f 1096//1096 1080//1080 1094//1094
f 1094//1094 1080//1080 1076//1076
f 1080//1080 1096//1096 1095//1095
f 1095//1095 1081//1081 1078//1078
f 1097//1097 1081//1081 1095//1095
f 1098//1098 1096//1096 1099//1099
f 1099//1099 1096//1096 1094//1094
f 1101//1101 1100//1100 1096//1096
f 1096//1096 1098//1098 1101//1101
f 1096//1096 1100//1100 1097//1097
f 1096//1096 1097//1097 1095//1095
f 683//683 1099//1099 682//682
f 1102//1102 1098//1098 1099//1099
f 1099//1099 683//683 1102//1102
f 871//871 1102//1102 683//683
f 1098//1098 1103//1103 1101//1101
f 1104//1104 1103//1103 1102//1102
f 1102//1102 1103//1103 1098//1098
f 1102//1102 871//871 1104//1104
f 1104//1104 871//871 872//872
f 872//872 1105//1105 1104//1104
f 872//872 884//884 1105//1105
f 1081//1081 1097//1097 1091//1091
f 1106//1106 1092//1092 1091//1091
f 1107//1107 1106//1106 1091//1091
f 1109//1109 1108//1108 1101//1101
f 1101//1101 1108//1108 1100//1100
f 1097//1097 1108//1108 1091//1091
f 1110//1110 1107//1107 1091//1091
f 1110//1110 1091//1091 1108//1108
f 1109//1109 1110//1110 1108//1108
f 1101//1101 1103//1103 1111//1111
f 1101//1101 1111//1111 1109//1109
f 1104//1104 1111//1111 1103//1103
f 105//105 1111//1111 1104//1104
f 109//109 1104//1104 1105//1105
f 109//109 105//105 1104//1104
f 1105//1105 110//110 109//109
f 1109//1109 1111//1111 105//105
f 110//110 1105//1105 884//884
f 110//110 884//884 886//886
f 1114//1114 1115//1115 1116//1116
f 1117//1117 1116//1116 1118//1118
f 1118//1118 1119//1119 1117//1117
f 1117//1117 1119//1119 1120//1120
f 1114//1114 1116//1116 1113//1113
f 1116//1116 1123//1123 1113//1113
f 1123//1123 1116//1116 1122//1122
f 1124//1124 1113//1113 1123//1123
f 1125//1125 1122//1122 1117//1117
f 1125//1125 1121//1121 1126//1126
f 1122//1122 1125//1125 1128//1128
f 1128//1128 1127//1127 1122//1122
f 1126//1126 1128//1128 1125//1125
f 1121//1121 1129//1129 1126//1126
f 1130//1130 1131//1131 1132//1132
f 1132//1132 1129//1129 1130//1130
f 1133//1133 1132//1132 1131//1131
f 1135//1135 1123//1123 1122//1122
f 1123//1123 1136//1136 1124//1124
f 1136//1136 1123//1123 1135//1135
f 1127//1127 1135//1135 1122//1122
f 1126//1126 1129//1129 1137//1137
f 1129//1129 1132//1132 1137//1137
f 1138//1138 1137//1137 1132//1132
f 1138//1138 1132//1132 1133//1133
f 1139//1139 1137//1137 1138//1138
f 1134//1134 1138//1138 1133//1133
f 1138//1138 1134//1134 1140//1140
f 1140//1140 1139//1139 1138//1138
f 1142//1142 1134//1134 1133//1133
f 1143//1143 1134//1134 1142//1142
f 1145//1145 1143//1143 1142//1142
f 1145//1145 1142//1142 1146//1146
f 1147//1147 1145//1145 1146//1146
f 1148//1148 1147//1147 1146//1146
f 1149//1149 1134//1134 1143//1143
f 1150//1150 1141//1141 1140//1140
f 1149//1149 1140//1140 1134//1134
f 1140//1140 1149//1149 1150//1150
f 1149//1149 1143//1143 1145//1145
f 1151//1151 1150//1150 1149//1149
f 1147//1147 1149//1149 1145//1145
f 1149//1149 1147//1147 1152//1152
f 1152//1152 1151//1151 1149//1149
f 1154//1154 1152//1152 1147//1147
f 1154//1154 1147//1147 1153//1153
f 1155//1155 1147//1147 1148//1148
f 1155//1155 1156//1156 1153//1153
f 1158//1158 1156//1156 1157//1157
f 1157//1157 1159//1159 1158//1158
f 1160//1160 1158//1158 1159//1159
f 1147//1147 1155//1155 1153//1153
f 1161//1161 1154//1154 1153//1153
f 1153//1153 1156//1156 1163//1163
f 1153//1153 1163//1163 1162//1162
f 1162//1162 1161//1161 1153//1153
f 1161//1161 1162//1162 1164//1164
f 1165//1165 1164//1164 1162//1162
f 1156//1156 1158//1158 1163//1163
f 1166//1166 1162//1162 1163//1163
f 1160//1160 1163//1163 1158//1158
f 1166//1166 1163//1163 1160//1160
f 1167//1167 1166//1166 1160//1160
f 1168//1168 1165//1165 1166//1166
f 1166//1166 1165//1165 1162//1162
f 1169//1169 1165//1165 1168//1168
f 1166//1166 1167//1167 1168//1168
f 1170//1170 1169//1169 1168//1168
f 1172//1172 1160//1160 1159//1159
f 1175//1175 1160//1160 1172//1172
f 1176//1176 1167//1167 1175//1175
f 1175//1175 1167//1167 1160//1160
f 1086//1086 1176//1176 1175//1175
f 1170//1170 1168//1168 1167//1167
f 1176//1176 1170//1170 1167//1167
f 1177//1177 1170//1170 1176//1176
f 1172//1172 1173//1173 1175//1175
f 1175//1175 1173//1173 1086//1086
f 1178//1178 1173//1173 1174//1174
f 1179//1179 1178//1178 1174//1174
f 1174//1174 1180//1180 1179//1179
f 1178//1178 1086//1086 1173//1173
f 1181//1181 1176//1176 1086//1086
f 1176//1176 1181//1181 1182//1182
f 1086//1086 1178//1178 1181//1181
f 1183//1183 1181//1181 1178//1178
f 1184//1184 1182//1182 1181//1181
f 1181//1181 1183//1183 1184//1184
f 1180//1180 1185//1185 1179//1179
f 1186//1186 1179//1179 1185//1185
f 1179//1179 1186//1186 1187//1187
f 1187//1187 1178//1178 1179//1179
f 1186//1186 1189//1189 1187//1187
f 1189//1189 1093//1093 1190//1190
f 1190//1190 1187//1187 1189//1189
f 1187//1187 1190//1190 1188//1188
f 1187//1187 1183//1183 1178//1178
f 1188//1188 1183//1183 1187//1187
f 1191//1191 1184//1184 1183//1183
f 1192//1192 1184//1184 1191//1191
f 1193//1193 1183//1183 1188//1188
f 1193//1193 1191//1191 1183//1183
f 1191//1191 1193//1193 1192//1192
f 1093//1093 1194//1194 1190//1190
f 1194//1194 1188//1188 1190//1190
f 1196//1196 1188//1188 1195//1195
f 1195//1195 1188//1188 1194//1194
f 1193//1193 1188//1188 1197//1197
f 1197//1197 1192//1192 1193//1193
f 1198//1198 1192//1192 1197//1197
f 1188//1188 1196//1196 1197//1197
f 1199//1199 1197//1197 1196//1196
f 1200//1200 1198//1198 1197//1197
f 1197//1197 1199//1199 1200//1200
f 1195//1195 1201//1201 1196//1196
f 1202//1202 1196//1196 1201//1201
f 1203//1203 1202//1202 1201//1201
f 1203//1203 1201//1201 1204//1204
f 1204//1204 119//119 1203//1203
f 1203//1203 119//119 120//120
f 1202//1202 1199//1199 1196//1196
f 1205//1205 1202//1202 1203//1203
f 1205//1205 1199//1199 1202//1202
f 1206//1206 1205//1205 1203//1203
f 120//120 1206//1206 1203//1203
f 1206//1206 120//120 1207//1207
f 121//121 124//124 120//120
f 120//120 124//124 1207//1207
f 1210//1210 1211//1211 1212//1212
f 1033//1033 1212//1212 1029//1029
f 1212//1212 1033//1033 1210//1210
f 1034//1034 1210//1210 1033//1033
f 1120//1120 1213//1213 1117//1117
f 1125//1125 1117//1117 1213//1213
f 1213//1213 1121//1121 1125//1125
f 1211//1211 1210//1210 1130//1130
f 1130//1130 1121//1121 1213//1213
f 1213//1213 1211//1211 1130//1130
f 1130//1130 1129//1129 1121//1121
f 1117//1117 1122//1122 1116//1116
f 1214//1214 1130//1130 1210//1210
f 1130//1130 1214//1214 1131//1131
f 1034//1034 1214//1214 1210//1210
f 1215//1215 1214//1214 1034//1034
f 1131//1131 1214//1214 1133//1133
f 613//613 1012//1012 1030//1030
f 613//613 1030//1030 603//603
f 1012//1012 613//613 615//615
f 1034//1034 1035//1035 1215//1215
f 1042//1042 1215//1215 1035//1035
f 1038//1038 1042//1042 1035//1035
f 1214//1214 1215//1215 1217//1217
f 1042//1042 1144//1144 1215//1215
f 1144//1144 1217//1217 1215//1215
f 1142//1142 1133//1133 1214//1214
f 1214//1214 1217//1217 1142//1142
f 1144//1144 1142//1142 1217//1217
f 1218//1218 1042//1042 1048//1048
f 1218//1218 1144//1144 1042//1042
f 1218//1218 1146//1146 1144//1144
f 1045//1045 1048//1048 1042//1042
f 1219//1219 1146//1146 1218//1218
f 1146//1146 1142//1142 1144//1144
f 1148//1148 1146//1146 1219//1219
f 1220//1220 1141//1141 1150//1150
f 1221//1221 1218//1218 1048//1048
f 1221//1221 1219//1219 1218//1218
f 1222//1222 1048//1048 1050//1050
f 1050//1050 1048//1048 1049//1049
f 1222//1222 1221//1221 1048//1048
f 1223//1223 1221//1221 1222//1222
f 1155//1155 1148//1148 1219//1219
f 1156//1156 1219//1219 1221//1221
f 1221//1221 1223//1223 1156//1156
f 1156//1156 1155//1155 1219//1219
f 1224//1224 1222//1222 1050//1050
f 1050//1050 1054//1054 1224//1224
f 1224//1224 1223//1223 1222//1222
f 1054//1054 1056//1056 1224//1224
f 1225//1225 1224//1224 1056//1056
f 1157//1157 1223//1223 1224//1224
f 1157//1157 1156//1156 1223//1223
f 1225//1225 1157//1157 1224//1224
f 1157//1157 1225//1225 1159//1159
f 1226//1226 1159//1159 1225//1225
f 263//263 579//579 1229//1229
f 1229//1229 556//556 263//263
f 556//556 1229//1229 1231//1231
f 1231//1231 557//557 556//556
f 271//271 315//315 1232//1232
f 1059//1059 1225//1225 1056//1056
f 1082//1082 1225//1225 1059//1059
f 1225//1225 1082//1082 1226//1226
f 1239//1239 1226//1226 1082//1082
f 1082//1082 1083//1083 1239//1239
f 1172//1172 1159//1159 1226//1226
f 1173//1173 1172//1172 1226//1226
f 1226//1226 1239//1239 1173//1173
f 1083//1083 1085//1085 1239//1239
f 1174//1174 1173//1173 1239//1239
f 1180//1180 1174//1174 1239//1239
f 1239//1239 1085//1085 1180//1180
f 1085//1085 1084//1084 1088//1088
f 1185//1185 1180//1180 1085//1085
f 1085//1085 1088//1088 1185//1185
f 1185//1185 1088//1088 1186//1186
f 1093//1093 1088//1088 1089//1089
f 1093//1093 1189//1189 1088//1088
f 1189//1189 1186//1186 1088//1088
f 1092//1092 1194//1194 1090//1090
f 1090//1090 1194//1194 1093//1093
f 104//104 1110//1110 1109//1109
f 1106//1106 1195//1195 1092//1092
f 1240//1240 1195//1195 1106//1106
f 1110//1110 1106//1106 1107//1107
f 1240//1240 1106//1106 1110//1110
f 107//107 1110//1110 104//104
f 107//107 1240//1240 1110//1110
f 119//119 1204//1204 107//107
f 107//107 1204//1204 1240//1240
f 105//105 104//104 1109//1109
f 1113//1113 1112//1112 1114//1114
f 1114//1114 1112//1112 1115//1115
f 1242//1242 1124//1124 1136//1136
f 1135//1135 1243//1243 1136//1136
f 1127//1127 1243//1243 1135//1135
f 1136//1136 1243//1243 1242//1242
f 1243//1243 1244//1244 1242//1242
f 1245//1245 1244//1244 1243//1243
f 1246//1246 1245//1245 1243//1243
f 1127//1127 1128//1128 1247//1247
f 1248//1248 1247//1247 1128//1128
f 1128//1128 1126//1126 1248//1248
f 1247//1247 1243//1243 1127//1127
f 1246//1246 1243//1243 1247//1247
f 1137//1137 1248//1248 1126//1126
f 1248//1248 1137//1137 1249//1249
f 1248//1248 1249//1249 1250//1250
f 1251//1251 1250//1250 1249//1249
f 1141//1141 1139//1139 1140//1140
f 1216//1216 1249//1249 1137//1137
f 1137//1137 1139//1139 1216//1216
f 1249//1249 1216//1216 1251//1251
f 1141//1141 1216//1216 1139//1139
f 1252//1252 1216//1216 1141//1141
f 1220//1220 1252//1252 1141//1141
f 1220//1220 1150//1150 1151//1151
f 1253//1253 1220//1220 1151//1151
f 1253//1253 1254//1254 1220//1220
f 1255//1255 1253//1253 1152//1152
f 1152//1152 1253//1253 1151//1151
f 1154//1154 1255//1255 1152//1152
f 1257//1257 1255//1255 1154//1154
f 1257//1257 1256//1256 1255//1255
f 1154//1154 1161//1161 1257//1257
f 1164//1164 1257//1257 1161//1161
f 1227//1227 1164//1164 1165//1165
f 1169//1169 1227//1227 1165//1165
f 1258//1258 1227//1227 1169//1169
f 1259//1259 1242//1242 1244//1244
f 1244//1244 1245//1245 1259//1259
f 1245//1245 1246//1246 1260//1260
f 1247//1247 1248//1248 1261//1261
f 1247//1247 1261//1261 1246//1246
f 1260//1260 1246//1246 1261//1261
f 1250//1250 1261//1261 1248//1248
f 1250//1250 1251//1251 1262//1262
f 1261//1261 1250//1250 1263//1263
f 1262//1262 1263//1263 1250//1250
f 1245//1245 1264//1264 1259//1259
f 1245//1245 1260//1260 1264//1264
f 1264//1264 1265//1265 1259//1259
f 1264//1264 1260//1260 1266//1266
f 1266//1266 1265//1265 1264//1264
f 1267//1267 1260//1260 1261//1261
f 1228//1228 1267//1267 1261//1261
f 1266//1266 1260//1260 1267//1267
f 1267//1267 1228//1228 1266//1266
f 1263//1263 1228//1228 1261//1261
f 1263//1263 1262//1262 1268//1268
f 1269//1269 1228//1228 1263//1263
f 1228//1228 1269//1269 1270//1270
f 1268//1268 1262//1262 1251//1251
f 1271//1271 1268//1268 1251//1251
f 1251//1251 1216//1216 1271//1271
f 1268//1268 1271//1271 1272//1272
f 1252//1252 1271//1271 1216//1216
f 1252//1252 1273//1273 1271//1271
f 1273//1273 1272//1272 1271//1271
f 1274//1274 1272//1272 1273//1273
f 1268//1268 1272//1272 1275//1275
f 1268//1268 1269//1269 1263//1263
f 1269//1269 1268//1268 1275//1275
f 1275//1275 1272//1272 1276//1276
f 1277//1277 1276//1276 1274//1274
f 1274//1274 1276//1276 1272//1272
f 579//579 1259//1259 1265//1265
f 1266//1266 1231//1231 1265//1265
f 1266//1266 1228//1228 1278//1278
f 1278//1278 1231//1231 1266//1266
f 1270//1270 1279//1279 1228//1228
f 1270//1270 1269//1269 1280//1280
f 1228//1228 1279//1279 1278//1278
f 1230//1230 1279//1279 1270//1270
f 1280//1280 1230//1230 1270//1270
f 579//579 1265//1265 1229//1229
f 1229//1229 1265//1265 1231//1231
f 1231//1231 1278//1278 557//557
f 1230//1230 1278//1278 1279//1279
f 1281//1281 557//557 1278//1278
f 1278//1278 1230//1230 1281//1281
f 1230//1230 1280//1280 1282//1282
f 1282//1282 1281//1281 1230//1230
f 1283//1283 1280//1280 1269//1269
f 1269//1269 1275//1275 1283//1283
f 1283//1283 1275//1275 1284//1284
f 1284//1284 1275//1275 1276//1276
f 1280//1280 1283//1283 1171//1171
f 1171//1171 1283//1283 1284//1284
f 1171//1171 1282//1282 1280//1280
f 1282//1282 1171//1171 1285//1285
f 1171//1171 1284//1284 1286//1286
f 1233//1233 1286//1286 1284//1284
f 1286//1286 1285//1285 1171//1171
f 1287//1287 1285//1285 1286//1286
f 558//558 266//266 557//557
f 558//558 557//557 1281//1281
f 1282//1282 558//558 1281//1281
f 558//558 1282//1282 559//559
f 1288//1288 559//559 1282//1282
f 1289//1289 1282//1282 1285//1285
f 1289//1289 1288//1288 1282//1282
f 1287//1287 1289//1289 1285//1285
f 560//560 559//559 1288//1288
f 1288//1288 1289//1289 560//560
f 234//234 288//288 560//560
f 279//279 1291//1291 1290//1290
f 1290//1290 1291//1291 1292//1292
f 1252//1252 1220//1220 1273//1273
f 1273//1273 1220//1220 1294//1294
f 1220//1220 1254//1254 1294//1294
f 1295//1295 1294//1294 1254//1254
f 1296//1296 1294//1294 1295//1295
f 1297//1297 1274//1274 1273//1273
f 1273//1273 1294//1294 1297//1297
f 1298//1298 1277//1277 1274//1274
f 1296//1296 1297//1297 1294//1294
f 1274//1274 1297//1297 1298//1298
f 1299//1299 1277//1277 1298//1298
f 1295//1295 1254//1254 1253//1253
f 1256//1256 1295//1295 1255//1255
f 1255//1255 1295//1295 1253//1253
f 1256//1256 1296//1296 1295//1295
f 1208//1208 1296//1296 1209//1209
f 1296//1296 1208//1208 1297//1297
f 1297//1297 1208//1208 1298//1298
f 1298//1298 1208//1208 1299//1299
f 1256//1256 1209//1209 1296//1296
f 1209//1209 1300//1300 1208//1208
f 1277//1277 1284//1284 1276//1276
f 1233//1233 1284//1284 1277//1277
f 1234//1234 1233//1233 1277//1277
f 1277//1277 1299//1299 1234//1234
f 1301//1301 1233//1233 1234//1234
f 1287//1287 1286//1286 1233//1233
f 1301//1301 1287//1287 1233//1233
f 1302//1302 1287//1287 1301//1301
f 1300//1300 1234//1234 1299//1299
f 1300//1300 1299//1299 1208//1208
f 1300//1300 1301//1301 1234//1234
f 1303//1303 1301//1301 1300//1300
f 1304//1304 1300//1300 1209//1209
f 1304//1304 1303//1303 1300//1300
f 1303//1303 1302//1302 1301//1301
f 1307//1307 1302//1302 1303//1303
f 1307//1307 1303//1303 1305//1305
f 1306//1306 1307//1307 1305//1305
f 1235//1235 1256//1256 1257//1257
f 1164//1164 1235//1235 1257//1257
f 1235//1235 1209//1209 1256//1256
f 1236//1236 1235//1235 1164//1164
f 1164//1164 1227//1227 1236//1236
f 1308//1308 1209//1209 1235//1235
f 1209//1209 1308//1308 1309//1309
f 1236//1236 1308//1308 1235//1235
f 1310//1310 1236//1236 1227//1227
f 1258//1258 1310//1310 1227//1227
f 1311//1311 1310//1310 1258//1258
f 1312//1312 1308//1308 1236//1236
f 1311//1311 1236//1236 1310//1310
f 1236//1236 1311//1311 1312//1312
f 1312//1312 1309//1309 1308//1308
f 1313//1313 1312//1312 1311//1311
f 1312//1312 1313//1313 1314//1314
f 1309//1309 1304//1304 1209//1209
f 1303//1303 1304//1304 1305//1305
f 1309//1309 1305//1305 1304//1304
f 1305//1305 1309//1309 1315//1315
f 1316//1316 1306//1306 1238//1238
f 1317//1317 1316//1316 1238//1238
f 1317//1317 1238//1238 1237//1237
f 1238//1238 1306//1306 1305//1305
f 1315//1315 1238//1238 1305//1305
f 1237//1237 1238//1238 1315//1315
f 1318//1318 1309//1309 1312//1312
f 1318//1318 1315//1315 1309//1309
f 1314//1314 1318//1318 1312//1312
f 1319//1319 1315//1315 1318//1318
f 1321//1321 1237//1237 1320//1320
f 1321//1321 1317//1317 1237//1237
f 1322//1322 1317//1317 1321//1321
f 1319//1319 1321//1321 1320//1320
f 1323//1323 1322//1322 1321//1321
f 1321//1321 1319//1319 1323//1323
f 1320//1320 1237//1237 1315//1315
f 1319//1319 1320//1320 1315//1315
f 1302//1302 1289//1289 1287//1287
f 1302//1302 1325//1325 1289//1289
f 1325//1325 560//560 1289//1289
f 1324//1324 560//560 1325//1325
f 560//560 1324//1324 234//234
f 235//235 234//234 1324//1324
f 1325//1325 1326//1326 1324//1324
f 1327//1327 235//235 1324//1324
f 1324//1324 1326//1326 1327//1327
f 1316//1316 1326//1326 1306//1306
f 1326//1326 1325//1325 1302//1302
f 1326//1326 1302//1302 1307//1307
f 1307//1307 1306//1306 1326//1326
f 354//354 235//235 1327//1327
f 1328//1328 1326//1326 1316//1316
f 1328//1328 1327//1327 1326//1326
f 1329//1329 1327//1327 1328//1328
f 1317//1317 1328//1328 1316//1316
f 1329//1329 354//354 1327//1327
f 370//370 354//354 1329//1329
f 1322//1322 1328//1328 1317//1317
f 1328//1328 1322//1322 564//564
f 375//375 1329//1329 1328//1328
f 1328//1328 564//564 375//375
f 1330//1330 1322//1322 1323//1323
f 1322//1322 1330//1330 564//564
f 377//377 375//375 564//564
f 1329//1329 375//375 370//370
f 1177//1177 1169//1169 1170//1170
f 1177//1177 1258//1258 1169//1169
f 1177//1177 1176//1176 1331//1331
f 1182//1182 1331//1331 1176//1176
f 1195//1195 1194//1194 1092//1092
f 1195//1195 1240//1240 1201//1201
f 1204//1204 1201//1201 1240//1240
f 1199//1199 1205//1205 1200//1200
f 1206//1206 1200//1200 1205//1205
f 1207//1207 124//124 126//126
f 1332//1332 1258//1258 1177//1177
f 1332//1332 1311//1311 1258//1258
f 1313//1313 1311//1311 1332//1332
f 1331//1331 1332//1332 1177//1177
f 1333//1333 1332//1332 1331//1331
f 1333//1333 1313//1313 1332//1332
f 1334//1334 1335//1335 1313//1313
f 1313//1313 1335//1335 1314//1314
f 1336//1336 1334//1334 1333//1333
f 1333//1333 1334//1334 1313//1313
f 1331//1331 1182//1182 1333//1333
f 1184//1184 1333//1333 1182//1182
f 1333//1333 1184//1184 1337//1337
f 1336//1336 1337//1337 1338//1338
f 1337//1337 1336//1336 1333//1333
f 1339//1339 1338//1338 1337//1337
f 1241//1241 1338//1338 1339//1339
f 1314//1314 1335//1335 1340//1340
f 1341//1341 1319//1319 1318//1318
f 1340//1340 1318//1318 1314//1314
f 1318//1318 1340//1340 1341//1341
f 1336//1336 1335//1335 1334//1334
f 1343//1343 1319//1319 1341//1341
f 1343//1343 1323//1323 1319//1319
f 1340//1340 1343//1343 1341//1341
f 1345//1345 1343//1343 1340//1340
f 1340//1340 1342//1342 1345//1345
f 1345//1345 1344//1344 1343//1343
f 1343//1343 1344//1344 1346//1346
f 1347//1347 1335//1335 1336//1336
f 1336//1336 1338//1338 1347//1347
f 1335//1335 1347//1347 1340//1340
f 1347//1347 1342//1342 1340//1340
f 1347//1347 1338//1338 1348//1348
f 1338//1338 1241//1241 1348//1348
f 1349//1349 1347//1347 1348//1348
f 1349//1349 1342//1342 1347//1347
f 1350//1350 1345//1345 1342//1342
f 1351//1351 1344//1344 1345//1345
f 1345//1345 1350//1350 1351//1351
f 1352//1352 1350//1350 1342//1342
f 1342//1342 1349//1349 1352//1352
f 1353//1353 1351//1351 1350//1350
f 1354//1354 1337//1337 1184//1184
f 1184//1184 1192//1192 1354//1354
f 1355//1355 1337//1337 1354//1354
f 1337//1337 1355//1355 1339//1339
f 1356//1356 1355//1355 1354//1354
f 1357//1357 1339//1339 1355//1355
f 1357//1357 1241//1241 1339//1339
f 1356//1356 1357//1357 1355//1355
f 1192//1192 1198//1198 1358//1358
f 1358//1358 1354//1354 1192//1192
f 1359//1359 1358//1358 1198//1198
f 1198//1198 1200//1200 1359//1359
f 1358//1358 1356//1356 1354//1354
f 1356//1356 1358//1358 1360//1360
f 1360//1360 1357//1357 1356//1356
f 1361//1361 1360//1360 1358//1358
f 1358//1358 1359//1359 1361//1361
f 1362//1362 1363//1363 1361//1361
f 1241//1241 1349//1349 1348//1348
f 1352//1352 1349//1349 1241//1241
f 1365//1365 1241//1241 1357//1357
f 1241//1241 1365//1365 1352//1352
f 1364//1364 1352//1352 1365//1365
f 1366//1366 1350//1350 1352//1352
f 1367//1367 1353//1353 1350//1350
f 1350//1350 1366//1366 1367//1367
f 1352//1352 1364//1364 1366//1366
f 1368//1368 1367//1367 1366//1366
f 1364//1364 1371//1371 1370//1370
f 1372//1372 1370//1370 1371//1371
f 1357//1357 1360//1360 1365//1365
f 1371//1371 1365//1365 1361//1361
f 1361//1361 1365//1365 1360//1360
f 1371//1371 1364//1364 1365//1365
f 1363//1363 1371//1371 1361//1361
f 1373//1373 1366//1366 1364//1364
f 1370//1370 1373//1373 1364//1364
f 1366//1366 1373//1373 1369//1369
f 1374//1374 1373//1373 1370//1370
f 1370//1370 1372//1372 1374//1374
f 1373//1373 1374//1374 1375//1375
f 1343//1343 1330//1330 1323//1323
f 1346//1346 1330//1330 1343//1343
f 1346//1346 564//564 1330//1330
f 1346//1346 1344//1344 1376//1376
f 1376//1376 564//564 1346//1346
f 564//564 566//566 436//436
f 1376//1376 566//566 564//564
f 438//438 436//436 566//566
f 1344//1344 1351//1351 1376//1376
f 1376//1376 565//565 566//566
f 1353//1353 1376//1376 1351//1351
f 1353//1353 565//565 1376//1376
f 1377//1377 565//565 1353//1353
f 565//565 1377//1377 567//567
f 1353//1353 1367//1367 1377//1377
f 1368//1368 1377//1377 1367//1367
f 568//568 567//567 1377//1377
f 1377//1377 1368//1368 568//568
f 1368//1368 1366//1366 1378//1378
f 569//569 568//568 1368//1368
f 1368//1368 1378//1378 569//569
f 1366//1366 1369//1369 1378//1378
f 1369//1369 1373//1373 1378//1378
f 1375//1375 1378//1378 1373//1373
f 1375//1375 580//580 1378//1378
f 580//580 569//569 1378//1378
f 1359//1359 1200//1200 1379//1379
f 1359//1359 1379//1379 1361//1361
f 1206//1206 1207//1207 139//139
f 1380//1380 1379//1379 1206//1206
f 1206//1206 1379//1379 1200//1200
f 139//139 1380//1380 1206//1206
f 1380//1380 139//139 140//140
f 1380//1380 1361//1361 1379//1379
f 1380//1380 1362//1362 1361//1361
f 1380//1380 140//140 572//572
f 572//572 1362//1362 1380//1380
f 1362//1362 572//572 1381//1381
f 1207//1207 126//126 139//139
f 1371//1371 1363//1363 1372//1372
f 1382//1382 1372//1372 1363//1363
f 1372//1372 1382//1382 1383//1383
f 1382//1382 1381//1381 574//574
f 574//574 1383//1383 1382//1382
f 1382//1382 1363//1363 1362//1362
f 1381//1381 1382//1382 1362//1362
f 1383//1383 1374//1374 1372//1372
f 1374//1374 1383//1383 1375//1375
f 575//575 1383//1383 574//574
f 576//576 1375//1375 575//575
f 575//575 1375//1375 1383//1383
f 1381//1381 572//572 200//200
f 1381//1381 200//200 574//574
f 574//574 200//200 201//201
f 1384//1384 580//580 1375//1375
f 580//580 1384//1384 570//570
f 1384//1384 1375//1375 576//576
f 573//573 1384//1384 576//576
f 226//226 570//570 573//573
f 573//573 570//570 1384//1384
f 219//219 573//573 576//576
f 225//225 226//226 573//573
f 297//297 279//279 296//296
f 297//297 1385//1385 279//279
f 1385//1385 297//297 302//302
f 1291//1291 279//279 1385//1385
f 1292//1292 1291//1291 1385//1385
f 302//302 303//303 321//321
f 326//326 321//321 320//320
f 302//302 321//321 1386//1386
f 1386//1386 321//321 326//326
f 1387//1387 1293//1293 333//333
f 332//332 1388//1388 328//328
f 328//328 1388//1388 326//326
f 333//333 1388//1388 332//332
f 1386//1386 326//326 1388//1388
f 1388//1388 1293//1293 1386//1386
f 1388//1388 333//333 1293//1293
f 333//333 317//317 1387//1387
f 1387//1387 317//317 334//334
f 1390//1390 1385//1385 302//302
f 1292//1292 1385//1385 1390//1390
f 1386//1386 1391//1391 1390//1390
f 1390//1390 302//302 1386//1386
f 1293//1293 1387//1387 1393//1393
f 1293//1293 1393//1393 1392//1392
f 1393//1393 1389//1389 1392//1392
f 1392//1392 1391//1391 1386//1386
f 1392//1392 1386//1386 1293//1293
f 1393//1393 1387//1387 334//334
f 334//334 1389//1389 1393//1393
f 1232//1232 267//267 271//271
f 316//316 278//278 1395//1395
f 1394//1394 1395//1395 278//278
f 279//279 1290//1290 278//278
f 1394//1394 278//278 1290//1290
f 626//626 630//630 757//757
f 695//695 1396//1396 694//694
f 907//907 1396//1396 695//695
f 701//701 1025//1025 907//907
f 1025//1025 701//701 700//700
f 1026//1026 1025//1025 700//700
f 700//700 1397//1397 1026//1026
f 1397//1397 700//700 698//698
f 1397//1397 698//698 607//607
f 694//694 1115//1115 1398//1398
f 1115//1115 694//694 1118//1118
f 1118//1118 694//694 1396//1396
f 1112//1112 1398//1398 1115//1115
f 1396//1396 907//907 1399//1399
f 1023//1023 1399//1399 1025//1025
f 1025//1025 1399//1399 907//907
f 1396//1396 1399//1399 1118//1118
f 1118//1118 1399//1399 1119//1119
f 1119//1119 1399//1399 1120//1120
f 1120//1120 1399//1399 1023//1023
f 1400//1400 1120//1120 1023//1023
f 1120//1120 1400//1400 1213//1213
f 1212//1212 1400//1400 1027//1027
f 1027//1027 1400//1400 1023//1023
f 1211//1211 1213//1213 1400//1400
f 1400//1400 1212//1212 1211//1211
f 1401//1401 1026//1026 1397//1397
f 1030//1030 1026//1026 1401//1401
f 1029//1029 1212//1212 1027//1027
f 1116//1116 1115//1115 1118//1118
f 600//600 1044//1044 601//601
f 600//600 599//599 1046//1046
f 607//607 605//605 1397//1397
f 1401//1401 1397//1397 604//604
f 604//604 1397//1397 605//605
f 603//603 1401//1401 604//604
f 1030//1030 1401//1401 603//603
f 617//617 1012//1012 615//615
f 1044//1044 1039//1039 601//601
f 601//601 1039//1039 757//757
f 949//949 950//950 56//56
f 965//965 949//949 56//56
f 965//965 56//56 57//57
f 1402//1402 965//965 57//57
f 964//964 965//965 1403//1403
f 1403//1403 965//965 1402//1402
f 1403//1403 969//969 964//964
f 971//971 969//969 1404//1404
f 1405//1405 984//984 971//971
f 985//985 984//984 1405//1405
f 198//198 984//984 91//91
f 91//91 984//984 985//985
f 1406//1406 20//20 199//199
f 21//21 20//20 1406//1406
f 1406//1406 992//992 21//21
f 945//945 10//10 257//257
f 228//228 257//257 10//10
f 10//10 12//12 228//228
f 945//945 257//257 1407//1407
f 1407//1407 257//257 230//230
f 945//945 1408//1408 946//946
f 944//944 946//946 22//22
f 22//22 946//946 1408//1408
f 1408//1408 945//945 1407//1407
f 22//22 1408//1408 1409//1409
f 230//230 1410//1410 1407//1407
f 1410//1410 230//230 231//231
f 231//231 1411//1411 1410//1410
f 1410//1410 1412//1412 1408//1408
f 1408//1408 1407//1407 1410//1410
f 1409//1409 1408//1408 1413//1413
f 1413//1413 1408//1408 1412//1412
f 1412//1412 1410//1410 1411//1411
f 1411//1411 1414//1414 1412//1412
f 1415//1415 1412//1412 1414//1414
f 22//22 1416//1416 948//948
f 1416//1416 22//22 1409//1409
f 951//951 948//948 1416//1416
f 951//951 57//57 56//56
f 57//57 951//951 1417//1417
f 1416//1416 1418//1418 951//951
f 1417//1417 951//951 1418//1418
f 1416//1416 1409//1409 1419//1419
f 1419//1419 1409//1409 1413//1413
f 1420//1420 1413//1413 1412//1412
f 1420//1420 1412//1412 1415//1415
f 1419//1419 1413//1413 1420//1420
f 1418//1418 1416//1416 1419//1419
f 1419//1419 1421//1421 1418//1418
f 1421//1421 1419//1419 1420//1420
f 1422//1422 1421//1421 1420//1420
f 231//231 1423//1423 1411//1411
f 1423//1423 231//231 233//233
f 1423//1423 1414//1414 1411//1411
f 1423//1423 1424//1424 1414//1414
f 1414//1414 1425//1425 1415//1415
f 1423//1423 233//233 258//258
f 1414//1414 1424//1424 1426//1426
f 1414//1414 1427//1427 1425//1425
f 1427//1427 1414//1414 1426//1426
f 1426//1426 1424//1424 1428//1428
f 1423//1423 1428//1428 1424//1424
f 1420//1420 1415//1415 1429//1429
f 1429//1429 1415//1415 1430//1430
f 1430//1430 1415//1415 1425//1425
f 1422//1422 1420//1420 1430//1430
f 1430//1430 1420//1420 1429//1429
f 1427//1427 1432//1432 1425//1425
f 1431//1431 1425//1425 1432//1432
f 1432//1432 1433//1433 1431//1431
f 1431//1431 1430//1430 1425//1425
f 1434//1434 1431//1431 1433//1433
f 258//258 1428//1428 1423//1423
f 1428//1428 258//258 319//319
f 319//319 331//331 1428//1428
f 1426//1426 1428//1428 335//335
f 1426//1426 1432//1432 1427//1427
f 1432//1432 1426//1426 335//335
f 335//335 1428//1428 331//331
f 335//335 1435//1435 1432//1432
f 335//335 336//336 1435//1435
f 1433//1433 1432//1432 1435//1435
f 1434//1434 1433//1433 1437//1437
f 1437//1437 1433//1433 1435//1435
f 1437//1437 1435//1435 1436//1436
f 336//336 342//342 1435//1435
f 1436//1436 1435//1435 342//342
f 342//342 343//343 1436//1436
f 318//318 1389//1389 334//334
f 58//58 57//57 1417//1417
f 1402//1402 57//57 58//58
f 1438//1438 1439//1439 58//58
f 1402//1402 58//58 1439//1439
f 58//58 1417//1417 1438//1438
f 1438//1438 1417//1417 1418//1418
f 1438//1438 1418//1418 1421//1421
f 1440//1440 1438//1438 1421//1421
f 1422//1422 1440//1440 1421//1421
f 1422//1422 1441//1441 1440//1440
f 1439//1439 1438//1438 1440//1440
f 1439//1439 1440//1440 1442//1442
f 1442//1442 1440//1440 1441//1441
f 1441//1441 1443//1443 1442//1442
f 1403//1403 1402//1402 1444//1444
f 1444//1444 1402//1402 1445//1445
f 1445//1445 1402//1402 1439//1439
f 1404//1404 1403//1403 1444//1444
f 1404//1404 969//969 1403//1403
f 971//971 1404//1404 1405//1405
f 1405//1405 1404//1404 1446//1446
f 1446//1446 1404//1404 1447//1447
f 1447//1447 1404//1404 1444//1444
f 1442//1442 1448//1448 1439//1439
f 1445//1445 1439//1439 1448//1448
f 1448//1448 1442//1442 1449//1449
f 1449//1449 1442//1442 1443//1443
f 1450//1450 1445//1445 1448//1448
f 1447//1447 1444//1444 1445//1445
f 1447//1447 1445//1445 1450//1450
f 1449//1449 1450//1450 1448//1448
f 1441//1441 1422//1422 1430//1430
f 1430//1430 1451//1451 1441//1441
f 1451//1451 1430//1430 1431//1431
f 1431//1431 1452//1452 1451//1451
f 1443//1443 1441//1441 1451//1451
f 1443//1443 1451//1451 1452//1452
f 1431//1431 1453//1453 1452//1452
f 1431//1431 1454//1454 1453//1453
f 1454//1454 1431//1431 1434//1434
f 1434//1434 1455//1455 1454//1454
f 1456//1456 1454//1454 1455//1455
f 1443//1443 1452//1452 1453//1453
f 1449//1449 1443//1443 1458//1458
f 1458//1458 1443//1443 1453//1453
f 1449//1449 1459//1459 1450//1450
f 1459//1459 1449//1449 1458//1458
f 1459//1459 1458//1458 24//24
f 1453//1453 1460//1460 1458//1458
f 1453//1453 1454//1454 1456//1456
f 1457//1457 1461//1461 1456//1456
f 1460//1460 1453//1453 1456//1456
f 1456//1456 1462//1462 1460//1460
f 1462//1462 1456//1456 1461//1461
f 1458//1458 1460//1460 24//24
f 24//24 1460//1460 1463//1463
f 1463//1463 1460//1460 1462//1462
f 1463//1463 1462//1462 1464//1464
f 1465//1465 1446//1446 1447//1447
f 985//985 1405//1405 1466//1466
f 1466//1466 1405//1405 1446//1446
f 91//91 985//985 1466//1466
f 1466//1466 1446//1446 1465//1465
f 1465//1465 213//213 1466//1466
f 1465//1465 1447//1447 1467//1467
f 1467//1467 1447//1447 1450//1450
f 1467//1467 1450//1450 1468//1468
f 1465//1465 1467//1467 1469//1469
f 1469//1469 1467//1467 1468//1468
f 213//213 1465//1465 1469//1469
f 199//199 91//91 1466//1466
f 199//199 1466//1466 1470//1470
f 1470//1470 1466//1466 211//211
f 211//211 1466//1466 213//213
f 1406//1406 199//199 1470//1470
f 1470//1470 991//991 1406//1406
f 991//991 1470//1470 211//211
f 992//992 1406//1406 991//991
f 1468//1468 1450//1450 1459//1459
f 1459//1459 1471//1471 1468//1468
f 1469//1469 1468//1468 214//214
f 214//214 1468//1468 1471//1471
f 1471//1471 1459//1459 24//24
f 1471//1471 24//24 1472//1472
f 1463//1463 1472//1472 24//24
f 1464//1464 1473//1473 1463//1463
f 1472//1472 1463//1463 1473//1473
f 1472//1472 25//25 1471//1471
f 25//25 1472//1472 1473//1473
f 212//212 213//213 1469//1469
f 212//212 1469//1469 214//214
f 214//214 216//216 215//215
f 344//344 996//996 993//993
f 344//344 1474//1474 996//996
f 1474//1474 344//344 26//26
f 216//216 214//214 1471//1471
f 216//216 1471//1471 25//25
f 216//216 25//25 346//346
f 346//346 25//25 1473//1473
f 345//345 216//216 346//346
f 26//26 215//215 216//216
f 1474//1474 26//26 1475//1475
f 26//26 216//216 345//345
f 1475//1475 26//26 347//347
f 1455//1455 1434//1434 1476//1476
f 1476//1476 1434//1434 1437//1437
f 1436//1436 405//405 1437//1437
f 1455//1455 1476//1476 1456//1456
f 1457//1457 1456//1456 1476//1476
f 1457//1457 1476//1476 1477//1477
f 1477//1477 1476//1476 1437//1437
f 1477//1477 1437//1437 405//405
f 405//405 1436//1436 343//343
f 1457//1457 1478//1478 1461//1461
f 1479//1479 1457//1457 1477//1477
f 1478//1478 1457//1457 1479//1479
f 414//414 1479//1479 1477//1477
f 1464//1464 1462//1462 1461//1461
f 1464//1464 1461//1461 1478//1478
f 1478//1478 1480//1480 1464//1464
f 1480//1480 1478//1478 1479//1479
f 1479//1479 1481//1481 1480//1480
f 1481//1481 1479//1479 414//414
f 414//414 1482//1482 1481//1481
f 405//405 412//412 1477//1477
f 414//414 1477//1477 412//412
f 1482//1482 414//414 240//240
f 240//240 239//239 1482//1482
f 1473//1473 1464//1464 1483//1483
f 1483//1483 1464//1464 1480//1480
f 1481//1481 1484//1484 1480//1480
f 1484//1484 1481//1481 1482//1482
f 1482//1482 420//420 1484//1484
f 422//422 1484//1484 420//420
f 239//239 418//418 1482//1482
f 420//420 1482//1482 418//418
f 346//346 1473//1473 1483//1483
f 346//346 1483//1483 423//423
f 423//423 1483//1483 1480//1480
f 345//345 346//346 423//423
f 423//423 1480//1480 1484//1484
f 422//422 425//425 1484//1484
f 1484//1484 425//425 423//423
f 347//347 1485//1485 1475//1475
f 1485//1485 347//347 426//426
f 425//425 422//422 430//430
f 21//21 41//41 37//37
f 41//41 21//21 992//992
f 51//51 61//61 50//50
f 992//992 994//994 41//41
f 1486//1486 41//41 994//994
f 992//992 97//97 994//994
f 994//994 97//97 96//96
f 53//53 1486//1486 994//994
f 53//53 994//994 96//96
f 44//44 41//41 1486//1486
f 53//53 44//44 1486//1486
f 1488//1488 51//51 53//53
f 1488//1488 53//53 1487//1487
f 1487//1487 53//53 1000//1000
f 997//997 996//996 1489//1489
f 1489//1489 996//996 1474//1474
f 998//998 99//99 100//100
f 99//99 997//997 1489//1489
f 100//100 99//99 1489//1489
f 100//100 1489//1489 1490//1490
f 1474//1474 1491//1491 1489//1489
f 1491//1491 1474//1474 1475//1475
f 1490//1490 1489//1489 1491//1491
f 1490//1490 1491//1491 1492//1492
f 1001//1001 998//998 1493//1493
f 1493//1493 998//998 100//100
f 1001//1001 1494//1494 1002//1002
f 1493//1493 1495//1495 1001//1001
f 1494//1494 1001//1001 1495//1495
f 1493//1493 100//100 1490//1490
f 1490//1490 1497//1497 1493//1493
f 1496//1496 1495//1495 1493//1493
f 61//61 51//51 1488//1488
f 1498//1498 1488//1488 1487//1487
f 1487//1487 1499//1499 1498//1498
f 1488//1488 1498//1498 61//61
f 65//65 61//61 1498//1498
f 65//65 1498//1498 1499//1499
f 1499//1499 86//86 65//65
f 1004//1004 1487//1487 1000//1000
f 1499//1499 1487//1487 1004//1004
f 1003//1003 54//54 1004//1004
f 1500//1500 1499//1499 1004//1004
f 86//86 88//88 66//66
f 434//434 86//86 1499//1499
f 434//434 1499//1499 1500//1500
f 1500//1500 1501//1501 434//434
f 435//435 434//434 532//532
f 532//532 434//434 1501//1501
f 530//530 435//435 532//532
f 1003//1003 1002//1002 1494//1494
f 54//54 1003//1003 1494//1494
f 1004//1004 54//54 1502//1502
f 54//54 1494//1494 1495//1495
f 1495//1495 1503//1503 54//54
f 1502//1502 54//54 1504//1504
f 1504//1504 54//54 1503//1503
f 1496//1496 1493//1493 1497//1497
f 1497//1497 1505//1505 1496//1496
f 1503//1503 1495//1495 1496//1496
f 1503//1503 1496//1496 1505//1505
f 1505//1505 1506//1506 1503//1503
f 1500//1500 1004//1004 1502//1502
f 1501//1501 1500//1500 1502//1502
f 1504//1504 1507//1507 1502//1502
f 1501//1501 1502//1502 1508//1508
f 1508//1508 1502//1502 1507//1507
f 532//532 1501//1501 1508//1508
f 1508//1508 1509//1509 532//532
f 1510//1510 1504//1504 1503//1503
f 1507//1507 1504//1504 1510//1510
f 1510//1510 1503//1503 1506//1506
f 1507//1507 1510//1510 1511//1511
f 1508//1508 1507//1507 1511//1511
f 55//55 1508//1508 1511//1511
f 1491//1491 1475//1475 1485//1485
f 1485//1485 495//495 1491//1491
f 495//495 1485//1485 426//426
f 502//502 495//495 496//496
f 1492//1492 1491//1491 495//495
f 495//495 1513//1513 1492//1492
f 502//502 1513//1513 495//495
f 502//502 243//243 1513//1513
f 1490//1490 1492//1492 505//505
f 505//505 1492//1492 1513//1513
f 1497//1497 1490//1490 505//505
f 505//505 1513//1513 243//243
f 505//505 1514//1514 1497//1497
f 1515//1515 1497//1497 1514//1514
f 242//242 513//513 505//505
f 1514//1514 505//505 513//513
f 1505//1505 1497//1497 1515//1515
f 1515//1515 1506//1506 1505//1505
f 1506//1506 1515//1515 1516//1516
f 1516//1516 1515//1515 1514//1514
f 1514//1514 1517//1517 1516//1516
f 1517//1517 1514//1514 519//519
f 519//519 1514//1514 513//513
f 1516//1516 1518//1518 1506//1506
f 1517//1517 1518//1518 1516//1516
f 1517//1517 519//519 520//520
f 1506//1506 1519//1519 1510//1510
f 1519//1519 1506//1506 1518//1518
f 1511//1511 1510//1510 1519//1519
f 1520//1520 1518//1518 1517//1517
f 523//523 1519//1519 1518//1518
f 523//523 1518//1518 1520//1520
f 522//522 1511//1511 1519//1519
f 1512//1512 1511//1511 522//522
f 522//522 1519//1519 523//523
f 1520//1520 529//529 523//523
f 256//256 523//523 529//529
f 1520//1520 1517//1517 528//528
f 528//528 1517//1517 520//520
f 529//529 1520//1520 528//528
f 531//531 532//532 1509//1509
f 1509//1509 55//55 531//531
f 533//533 531//531 55//55
f 1508//1508 55//55 1509//1509
f 55//55 1511//1511 534//534
f 534//534 1511//1511 1512//1512
f 534//534 1512//1512 255//255
f 255//255 1512//1512 522//522
f 255//255 522//522 256//256
f 529//529 206//206 256//256
f 206//206 529//529 552//552
f 662//662 664//664 1057//1057
f 1062//1062 1057//1057 664//664
f 1064//1064 1062//1062 667//667
f 667//667 1062//1062 664//664
f 1068//1068 1064//1064 667//667
f 812//812 588//588 1094//1094
f 1099//1099 1094//1094 588//588
f 682//682 1099//1099 588//588
f 1097//1097 1100//1100 1108//1108
f 645//645 758//758 953//953
f 758//758 635//635 953//953
