# Created by Open3D 
# object name: cluster15
# number of vertices: 1377
# number of triangles: 2452
v -1.7207 -3.3585 0.20844
vn -0.0793164 0.059616 0.995065
v -1.7207 -3.3358 0.20708
vn -0.0559594 0.619364 0.783107
v -1.7435 -3.3358 0.20585
vn -0.0456315 0.531467 0.845849
v -1.7009 -3.3358 0.20941
vn -0.110382 0.617183 0.779039
v -1.7159 -3.3585 0.20941
vn -0.132596 0.0734184 0.988447
v -1.4937 -3.6247 -0.017643
vn 0.689971 -0.722965 -0.0355113
v -1.4937 -3.6233 -0.040349
vn 0.699439 -0.713338 -0.0439826
v -1.4783 -3.6082 -0.040349
vn 0.691696 -0.720153 -0.0541875
v -1.4762 -3.6082 -0.017643
vn 0.681627 -0.731201 -0.0270185
v -1.4937 -3.6247 0.0050616
vn 0.680108 -0.733064 0.0083913
v -1.4756 -3.6082 0.0050616
vn 0.673661 -0.738987 0.00890076
v -1.4937 -3.6242 0.027767
vn 0.694271 -0.719173 0.0278886
v -1.4768 -3.6082 0.027767
vn 0.682389 -0.730227 0.033369
v -1.4937 -3.6236 0.050472
vn 0.711602 -0.702245 0.0217764
v -1.4784 -3.6082 0.050472
vn 0.701475 -0.71197 0.0321115
v -1.4937 -3.623 0.073177
vn 0.716012 -0.696669 0.0444929
v -1.4793 -3.6082 0.073177
vn 0.71367 -0.699404 0.0388522
v -1.4937 -3.6207 0.095882
vn 0.71494 -0.695626 0.0704671
v -1.516 -3.6082 0.14129
vn 0.360925 -0.706022 0.609316
v -1.4937 -3.6082 0.1268
vn 0.372808 -0.729265 0.573748
v -1.4937 -3.5968 0.14129
vn 0.458191 -0.673839 0.579656
v -1.5164 -3.5877 0.164
vn 0.352636 -0.689716 0.632408
v -1.5121 -3.5855 0.164
vn 0.440194 -0.604272 0.664142
v -1.4937 -3.5855 0.15076
vn 0.482931 -0.562447 0.671141
v -1.4763 -3.5855 0.11859
vn 0.762594 -0.573635 0.298988
v -1.4852 -3.5855 0.14129
vn 0.762594 -0.573635 0.298988
v -1.5164 -3.5855 0.16561
vn 0.0338729 -0.402626 0.914738
v -1.5391 -3.5628 0.17991
vn 0.16511 -0.506885 0.846053
v -1.5391 -3.5855 0.16631
vn 0.0998737 -0.456929 0.883879
v -1.5164 -3.5628 0.17548
vn 0.0998737 -0.456929 0.883879
v -1.5222 -3.4493 0.1867
vn 0.73458 -0.211967 0.644564
v -1.5164 -3.4493 0.18009
vn 0.521673 -0.266519 0.810447
v -1.5164 -3.4292 0.1867
vn 0.513573 -0.278879 0.811461
v -1.4937 -3.4266 0.17582
vn 0.426535 -0.39828 0.81206
v -1.514 -3.4266 0.1867
vn 0.365579 -0.485275 0.794267
v -1.5164 -3.4266 0.18781
vn 0.37719 -0.439004 0.815477
v -1.476 -3.4039 0.164
vn 0.779655 -0.618301 -0.0992061
v -1.4937 -3.4163 0.14129
vn 0.801595 -0.471903 -0.367087
v -1.4864 -3.4039 0.14129
vn 0.829535 -0.421026 -0.366891
v -1.471 -3.3912 0.164
vn 0.845348 -0.526205 -0.0921741
v -1.471 -3.3812 0.15368
vn 0.850709 -0.377488 -0.365782
v -1.4937 -3.4118 0.1867
vn 0.418682 -0.554329 0.719322
v -1.4937 -3.4039 0.19187
vn 0.29913 -0.49687 0.814642
v -1.5164 -3.4039 0.20032
vn 0.312623 -0.475267 0.822428
v -1.5164 -3.3875 0.20941
vn 0.267177 -0.467609 0.84259
v -1.5053 -3.3812 0.20941
vn 0.278938 -0.480227 0.831611
v -1.4937 -3.3812 0.20598
vn 0.30508 -0.524167 0.795094
v -1.4849 -3.4039 0.1867
vn 0.721497 -0.648169 0.243554
v -1.471 -3.3861 0.1867
vn 0.725809 -0.629676 0.276964
v -1.471 -3.3812 0.19104
vn 0.441954 -0.594769 0.671511
v -1.4937 -3.374 0.20941
vn 0.257914 -0.415528 0.872248
v -1.7207 -3.3239 0.1867
vn 0.145706 0.959485 0.241161
v -1.7207 -3.3253 0.164
vn 0.284421 0.956881 -0.0590145
v -1.7414 -3.313 0.164
vn 0.510111 0.858477 -0.0529455
v -1.698 -3.3245 0.1867
vn -0.235892 0.935777 0.262063
v -1.6753 -3.3143 0.1867
vn -0.407386 0.90663 0.109811
v -1.6753 -3.3169 0.164
vn -0.407646 0.907209 -0.103908
v -1.698 -3.3349 0.20941
vn -0.429721 0.820973 0.375956
v -1.6753 -3.3224 0.20941
vn -0.420196 0.840397 0.342299
v -1.5164 -3.3812 0.21291
vn 0.268787 -0.467773 0.841987
v -1.5391 -3.3812 0.2202
vn 0.270281 -0.46757 0.841622
v -1.5167 -3.3358 0.23211
vn 0.122808 -0.368864 0.921335
v -1.5164 -3.3358 0.23207
vn 0.122808 -0.368864 0.921335
v -1.5164 -3.3357 0.23211
vn 0.122808 -0.368864 0.921335
v -1.461 -3.3358 -0.085759
vn 0.832561 -0.541363 -0.117337
v -1.4578 -3.3358 -0.063054
vn 0.807622 -0.580286 -0.104953
v -1.471 -3.3561 -0.063054
vn 0.832561 -0.541363 -0.117337
v -1.5099 -3.4039 -0.040349
vn 0.994725 -0.0964061 -0.0350492
v -1.5107 -3.4039 -0.063054
vn 0.994725 -0.0964061 -0.0350492
v -1.5077 -3.3812 -0.040349
vn 0.935813 -0.350125 -0.0408151
v -1.5065 -3.3812 -0.017643
vn 0.842501 -0.533054 -0.0777531
v -1.4937 -3.3606 -0.040349
vn 0.826289 -0.561551 -0.0436675
v -1.4551 -3.3358 -0.040349
vn 0.782372 -0.615823 -0.093036
v -1.471 -3.356 -0.040349
vn 0.782372 -0.615823 -0.093036
v -1.5033 -3.3812 0.0050616
vn 0.860564 -0.494691 -0.12129
v -1.4937 -3.3645 0.0050616
vn 0.860564 -0.494691 -0.12129
v -1.4584 -3.3358 0.0050616
vn 0.763499 -0.629413 0.144598
v -1.471 -3.3563 -0.017643
vn 0.763499 -0.629413 0.144598
v -1.4541 -3.3358 -0.017643
vn 0.763499 -0.629413 0.144598
v -1.471 -3.3554 0.0050616
vn 0.522448 -0.842151 0.13353
v -1.471 -3.3518 0.027767
vn 0.526135 -0.848094 0.0626027
v -1.4818 -3.3585 0.027767
vn 0.526135 -0.848094 0.0626027
v -1.4814 -3.3585 0.050472
vn 0.527146 -0.849724 -0.00928565
v -1.7661 -3.2449 -0.15387
vn 0.965976 0.107217 -0.235359
v -1.7662 -3.2449 -0.15428
vn 0.965976 0.107217 -0.235359
v -1.7662 -3.244 -0.15387
vn 0.965976 0.107217 -0.235359
v -1.7661 -3.2449 -0.13117
vn 0.953152 -0.238004 0.186698
v -1.7662 -3.2449 -0.13066
vn 0.953152 -0.238004 0.186698
v -1.7662 -3.2453 -0.13117
vn 0.953152 -0.238004 0.186698
v -1.7662 -3.2203 -0.13117
vn 0.987633 0.103857 0.117455
v -1.7662 -3.2222 -0.12949
vn 0.987633 0.103857 0.117455
v -1.766 -3.2222 -0.13117
vn 0.987633 0.103857 0.117455
v -1.7793 -3.1087 -0.085759
vn 0.972512 -0.147806 0.179927
v -1.7776 -3.1314 -0.10846
vn 0.977596 -0.107667 0.180868
v -1.7751 -3.1087 -0.10846
vn 0.972512 -0.147806 0.179927
v -1.7749 -3.086 -0.085759
vn 0.965924 -0.187228 0.178709
v -1.7844 -3.1314 -0.017643
vn 0.992478 0.122421 0
v -1.7844 -3.1314 0.0050616
vn 0.992478 0.122421 0
v -1.7816 -3.1541 0.0050616
vn 0.992478 0.122421 0
v -1.5845 -3.0194 -0.017643
vn 0.461939 -0.862345 -0.207302
v -1.5845 -3.0179 -0.023462
vn 0.46046 -0.859584 -0.221564
v -1.5817 -3.0179 -0.017643
vn 0.466097 -0.860531 -0.205525
v -1.5636 -3.0179 0.027767
vn 0.569744 -0.79677 -0.201366
v -1.5718 -3.0179 0.0050616
vn 0.53512 -0.820261 -0.202036
v -1.5618 -3.0102 0.0050616
vn 0.626095 -0.75653 -0.188858
v -1.5618 -3.0163 0.027767
vn 0.643333 -0.740462 -0.194524
v -1.5391 -2.9952 0.021976
vn 0.631786 -0.756305 -0.169848
v -1.5391 -2.9963 0.027767
vn 0.664974 -0.729509 -0.160085
v -1.5432 -2.9952 0.0050616
vn 0.599716 -0.786899 -0.145364
v -1.7666 -3.2903 0.027767
vn 0.861764 0.492667 -0.121005
v -1.7662 -3.2903 0.030617
vn 0.861764 0.492667 -0.121005
v -1.7662 -3.291 0.027767
vn 0.861764 0.492667 -0.121005
v -1.7435 -3.317 0.11859
vn 0.53047 0.839909 -0.114698
v -1.7435 -3.3139 0.14129
vn 0.53191 0.838075 -0.121253
v -1.7207 -3.3283 0.14129
vn 0.533213 0.837938 -0.11638
v -1.7443 -3.313 0.14129
vn 0.83869 0.533545 -0.109219
v -1.7471 -3.313 0.11859
vn 0.839884 0.532788 -0.103598
v -1.7587 -3.2903 0.14129
vn 0.902513 0.420025 -0.0951303
v -1.7435 -3.313 0.14628
vn 0.70033 0.708003 -0.0909428
v -1.7435 -3.3109 0.164
vn 0.835524 0.549442 -0.00371525
v -1.7565 -3.2903 0.164
vn 0.901018 0.432228 -0.0366888
v -1.7648 -3.2676 0.14129
vn 0.971325 0.225229 -0.0761512
v -1.7605 -3.2903 0.11859
vn 0.967543 0.245043 -0.0617567
v -1.7662 -3.2676 0.11936
vn 0.973468 0.220225 -0.0621349
v -1.7662 -3.2587 0.14129
vn 0.984908 0.154899 -0.0772161
v -1.7627 -3.2676 0.164
vn 0.978042 0.206264 -0.0298105
v -1.7662 -3.313 0.20418
vn 0.368729 0.242278 0.897408
v -1.7662 -3.2903 0.20216
vn 0.501471 0.0610667 0.863017
v -1.7889 -3.2903 0.20589
vn 0.162084 -0.0267245 0.986415
v -1.7419 -3.313 0.1867
vn 0.474466 0.879496 0.0369987
v -1.7435 -3.3116 0.1867
vn 0.819461 0.571648 0.04126
v -1.7572 -3.2903 0.1867
vn 0.889528 0.357331 0.284701
v -1.7662 -3.3358 0.20121
vn -0.198654 -0.126597 0.971859
v -1.7435 -3.313 0.19093
vn 0.459492 0.50833 0.728332
v -1.7889 -3.2676 0.20914
vn 0.327297 0.0228705 0.944645
v -1.7662 -3.2676 0.19749
vn 0.713158 0.0653757 0.697948
v -1.7889 -3.2655 0.20941
vn 0.414144 -0.184705 0.891274
v -1.7794 -3.2449 0.20941
vn 0.629765 -0.0938152 0.7711
v -1.7662 -3.2449 0.19328
vn 0.849602 0.0133301 0.527256
v -1.7629 -3.2676 0.1867
vn 0.981471 0.15823 0.108065
v -1.7651 -3.2449 0.1867
vn 0.994023 0.107806 0.0172092
v -1.7655 -3.2449 0.164
vn 0.992328 0.12239 -0.0174784
v -1.7662 -3.2222 0.1983
vn 0.766409 -0.138702 0.627199
v -1.5845 -3.2254 0.164
vn 0.276168 -0.854389 0.440171
v -1.5845 -3.2371 0.14129
vn 0.545603 -0.789771 0.280319
v -1.5746 -3.2222 0.164
vn 0.545603 -0.789771 0.280319
v -1.5682 -3.2222 0.14129
vn 0.662821 -0.725105 0.186792
v -1.5964 -3.2222 0.164
vn -0.113221 -0.33428 0.935648
v -1.5845 -3.2222 0.16544
vn -0.113221 -0.33428 0.935648
v -1.5845 -3.1995 0.17355
vn 0.0549749 -0.42314 0.904395
v -1.6072 -3.1825 0.1867
vn 0.19358 -0.590942 0.783144
v -1.5898 -3.1768 0.1867
vn 0.233811 -0.707209 0.667224
v -1.6072 -3.1768 0.19629
vn 0.312819 -0.838468 0.446224
v -1.6072 -3.1717 0.20941
vn 0.392718 -0.857175 0.333202
v -1.5845 -3.1613 0.20941
vn 0.322164 -0.840517 0.435593
v -1.5845 -3.1231 0.11859
vn 0.471748 -0.157252 -0.867598
v -1.5845 -3.1087 0.11598
vn 0.464762 -0.231081 -0.85475
v -1.5797 -3.1087 0.11859
vn 0.557321 -0.218767 -0.800958
v -1.5845 -3.0651 0.095882
vn 0.529922 -0.618219 -0.580507
v -1.5845 -3.0633 0.093965
vn 0.529922 -0.618219 -0.580507
v -1.5824 -3.0633 0.095882
vn 0.66343 -0.492674 -0.563145
v -1.5845 -3.086 0.10856
vn 0.638193 -0.313396 -0.703201
v -1.5718 -3.086 0.11859
vn 0.603555 -0.227329 -0.764227
v -1.5626 -3.0633 0.11859
vn 0.667349 -0.348265 -0.658298
v -1.5618 -3.0179 0.032886
vn 0.669596 -0.717693 -0.191202
v -1.5558 -3.0179 0.050472
vn 0.691347 -0.687227 -0.223065
v -1.5391 -3.0011 0.050472
vn 0.69879 -0.692237 -0.180281
v -1.5488 -3.0179 0.073177
vn 0.712502 -0.674186 -0.194456
v -1.5391 -3.0068 0.073177
vn 0.738525 -0.653935 -0.164164
v -1.5618 -3.0406 0.095121
vn 0.691894 -0.639151 -0.335811
v -1.5618 -3.041 0.095882
vn 0.707753 -0.526465 -0.471083
v -1.5618 -3.0615 0.11859
vn 0.708986 -0.516775 -0.479877
v -1.5504 -3.0406 0.11859
vn 0.805823 -0.439539 -0.396804
v -1.5378 -2.9952 0.027767
vn 0.664073 -0.735348 -0.135169
v -1.5333 -2.9952 0.050472
vn 0.688904 -0.714073 -0.124543
v -1.5287 -2.9952 0.073177
vn 0.710059 -0.689741 -0.141682
v -1.5243 -2.9952 0.095882
vn 0.70879 -0.691918 -0.137357
v -1.5773 -3.0209 0.0050616
vn 0.468738 -0.862494 -0.190761
v -1.7889 -3.2449 0.21279
vn 0.33127 -0.15277 0.931086
v -1.4975 -3.4039 0.11859
vn 0.939158 -0.33988 -0.049633
v -1.4987 -3.4039 0.095882
vn 0.950745 -0.302039 -0.0696813
v -1.4937 -3.3934 0.11859
vn 0.922139 -0.374403 -0.097381
v -1.4937 -3.3867 0.095882
vn 0.907951 -0.400648 -0.122908
v -1.4863 -3.3812 0.11859
vn 0.85158 -0.500374 -0.156321
v -1.4907 -3.3812 0.095882
vn 0.865456 -0.472084 -0.167695
v -1.7662 -3.2671 -0.2447
vn 0.967373 0.19329 0.163794
v -1.7662 -3.2676 -0.24411
vn 0.967373 0.19329 0.163794
v -1.7661 -3.2676 -0.2447
vn 0.967373 0.19329 0.163794
v -1.7768 -3.1087 -0.2447
vn 0.938156 -0.135174 0.318735
v -1.7721 -3.086 -0.2447
vn 0.936667 -0.293749 0.1907
v -1.7662 -3.0749 -0.2447
vn 0.819401 -0.532298 0.212699
v -1.7738 -3.086 -0.22199
vn 0.948021 -0.311763 0.0637182
v -1.7662 -3.0697 -0.22199
vn 0.886516 -0.453144 0.0935371
v -1.7771 -3.1087 -0.19929
vn 0.993305 -0.0918967 0.0699951
v -1.7773 -3.1087 -0.22199
vn 0.991786 -0.126709 0.0174741
v -1.7748 -3.086 -0.19929
vn 0.973159 -0.222457 0.0589481
v -1.7662 -3.0641 -0.19929
vn 0.889626 -0.443271 0.109893
v -1.7609 -3.0633 -0.22199
vn 0.763131 -0.628416 0.150747
v -1.7656 -3.0633 -0.19929
vn 0.789356 -0.591782 0.163433
v -1.7793 -3.1087 -0.17658
vn 0.997198 -0.0746765 -0.00439174
v -1.7776 -3.086 -0.17658
vn 0.996131 -0.0877661 -0.00438442
v -1.7769 -3.1087 -0.15387
vn 0.984861 -0.0911086 -0.147469
v -1.7746 -3.086 -0.15387
vn 0.967869 -0.150343 -0.201559
v -1.6526 -3.103 -0.2447
vn 0.0255729 -0.449168 0.893081
v -1.6299 -3.086 -0.2368
vn 0.026117 -0.409173 0.912083
v -1.6526 -3.086 -0.23615
vn 0.0481214 -0.416051 0.908067
v -1.6526 -3.0633 -0.22537
vn 0.0867208 -0.411719 0.907175
v -1.6299 -3.0633 -0.22754
vn 0.0787866 -0.368154 0.926421
v -1.6526 -3.0548 -0.22199
vn 0.136455 -0.331348 0.933589
v -1.6299 -3.0443 -0.22199
vn 0.148781 -0.321652 0.935096
v -1.6526 -3.0406 -0.21612
vn 0.256035 -0.506491 0.823355
v -1.6526 -3.0187 -0.19929
vn 0.193336 -0.615163 0.764327
v -1.6753 -3.0256 -0.19929
vn 0.252393 -0.814544 0.522318
v -1.6508 -3.0179 -0.19929
vn 0.423056 -0.718249 0.552396
v -1.6299 -3.0179 -0.21135
vn 0.422959 -0.505871 0.751798
v -1.6299 -3.0406 -0.22096
vn 0.212148 -0.380977 0.899916
v -1.6299 -3.007 -0.19929
vn 0.483016 -0.746136 0.458231
v -1.6753 -3.0196 -0.17658
vn 0.260152 -0.933536 0.246642
v -1.6692 -3.0179 -0.17658
vn 0.290911 -0.927932 0.233053
v -1.6526 -3.0179 -0.19785
vn 0.29486 -0.924539 0.241423
v -1.6526 -3.0127 -0.17658
vn 0.386319 -0.892841 0.231502
v -1.6148 -3.0179 -0.22199
vn 0.551323 -0.3501 0.75728
v -1.6277 -3.0406 -0.22199
vn 0.530362 -0.31712 0.786226
v -1.6072 -3.0179 -0.22864
vn 0.594438 -0.430259 0.679353
v -1.6072 -3.0074 -0.22199
vn 0.575031 -0.594006 0.56258
v -1.6072 -2.9952 -0.20572
vn 0.575517 -0.685374 0.446142
v -1.6104 -2.9952 -0.19929
vn 0.500433 -0.829183 0.249044
v -1.5981 -2.9952 -0.22199
vn 0.731428 -0.545573 0.4091
v -1.7721 -3.1087 -0.13117
vn 0.966145 -0.1213 -0.227706
v -1.7687 -3.086 -0.13117
vn 0.957262 -0.147467 -0.248805
v -1.7662 -3.0704 -0.13117
vn 0.963377 -0.201012 -0.177482
v -1.7662 -3.0633 -0.13971
vn 0.949748 -0.251741 -0.186024
v -1.7689 -3.0633 -0.15387
vn 0.946222 -0.26853 -0.18043
v -1.7645 -3.0633 -0.13117
vn 0.971817 -0.232658 -0.03797
v -1.7662 -3.0684 -0.10846
vn 0.972314 -0.232777 0.0205009
v -1.7662 -3.0564 -0.15387
vn 0.916892 -0.358805 -0.174837
v -1.7863 -3.1087 0.0050616
vn 0.996516 0.0834067 0
v -1.5845 -3.0022 -0.10846
vn 0.447393 -0.884833 -0.13004
v -1.5845 -2.9982 -0.13117
vn 0.424596 -0.891658 -0.157049
v -1.5782 -2.9952 -0.13117
vn 0.436709 -0.891307 -0.12189
v -1.5723 -2.9952 -0.10846
vn 0.475852 -0.874504 -0.09385
v -1.6072 -3.0157 -0.085759
vn 0.40914 -0.901682 -0.139907
v -1.6072 -3.0122 -0.10846
vn 0.404542 -0.904721 -0.133511
v -1.5845 -3.0054 -0.085759
vn 0.453065 -0.881683 -0.131787
v -1.6032 -3.0179 -0.063054
vn 0.40664 -0.894593 -0.185331
v -1.6072 -3.0179 -0.071725
vn 0.403458 -0.901237 -0.158093
v -1.5845 -3.0094 -0.063054
vn 0.49417 -0.854334 -0.160964
v -1.5693 -2.9952 -0.085759
vn 0.535211 -0.838534 -0.102025
v -1.5641 -2.9952 -0.063054
vn 0.550116 -0.824345 -0.13352
v -1.5618 -2.9938 -0.063054
vn 0.463141 -0.877168 -0.126792
v -1.5929 -3.0179 -0.040349
vn 0.409639 -0.892787 -0.187425
v -1.5845 -3.014 -0.040349
vn 0.525193 -0.829518 -0.189926
v -1.5618 -2.9952 -0.055319
vn 0.512966 -0.840749 -0.173226
v -1.5618 -2.9991 -0.040349
vn 0.541765 -0.81553 -0.203474
v -1.5562 -2.9952 -0.040349
vn 0.517066 -0.838048 -0.174122
v -1.5618 -3.0046 -0.017643
vn 0.555492 -0.806059 -0.204198
v -1.549 -2.9952 -0.017643
vn 0.539935 -0.823396 -0.174611
v -1.7648 -3.2222 0.1867
vn 0.999627 -0.0132078 0.0238981
v -1.7701 -3.0633 -0.17658
vn 0.942575 -0.329852 0.0524415
v -1.7662 -3.0633 -0.19767
vn 0.917066 -0.360402 0.17059
v -1.7435 -3.0476 -0.22199
vn 0.663551 -0.735408 0.137386
v -1.5845 -2.9952 -0.14305
vn 0.423048 -0.881029 -0.211704
v -1.6072 -3.0195 -0.063054
vn 0.366057 -0.915143 -0.168868
v -1.6072 -3.0235 -0.040349
vn 0.359067 -0.914502 -0.186432
v -1.6072 -3.0289 -0.017643
vn 0.356019 -0.909123 -0.216208
v -1.7435 -3.0433 -0.063054
vn 0.392035 -0.91691 -0.0747229
v -1.7435 -3.0414 -0.085759
vn 0.386872 -0.918922 -0.0768955
v -1.7416 -3.0406 -0.085759
vn 0.3914 -0.917053 -0.0762944
v -1.7372 -3.0406 -0.063054
vn 0.404771 -0.911783 -0.0693652
v -1.7662 -3.0633 -0.019802
vn 0.745188 -0.665021 0.0494237
v -1.78 -3.086 -0.040349
vn 0.836138 -0.546863 0.0425851
v -1.7662 -3.0649 -0.040349
vn 0.825049 -0.563356 0.0438694
v -1.7645 -3.0633 -0.040349
vn 0.656361 -0.752491 0.0542992
v -1.7831 -3.1314 0.027767
vn 0.995826 0.0526413 -0.0745585
v -1.7835 -3.1087 0.027767
vn 0.994583 0.0361462 -0.0974609
v -1.7435 -3.0451 -0.040349
vn 0.560154 -0.828376 0.0044787
v -1.7338 -3.0406 -0.040349
vn 0.420003 -0.905341 -0.0628913
v -1.6072 -3.0071 -0.13117
vn 0.394899 -0.896399 -0.201305
v -1.7702 -3.2222 0.11859
vn 0.998095 0.00439766 -0.0615346
v -1.7716 -3.2222 0.095882
vn 0.998095 0.00439766 -0.0615346
v -1.7717 -3.1995 0.095882
vn 0.998095 0.00439766 -0.0615346
v -1.7742 -3.1541 0.073177
vn 0.9936 0.091924 -0.0656372
v -1.7727 -3.1541 0.095882
vn 0.995469 0.0888082 -0.033973
v -1.7714 -3.1768 0.095882
vn 0.997198 0.0571123 -0.0483061
v -1.7707 -3.1768 0.11859
vn 0.996328 0.0855937 -0.00219153
v -1.7733 -3.1541 0.11859
vn 0.993161 0.113762 0.0262461
v -1.7662 -3.2676 0.11859
vn 1 0 0
v -1.7662 -3.2679 0.11859
vn 1 0 0
v -1.5845 -3.2222 0.13409
vn 0.369559 -0.404286 -0.836647
v -1.7806 -3.1314 0.050472
vn 0.992485 0.0360712 -0.116929
v -1.7812 -3.1087 0.050472
vn 0.994343 0.0262865 -0.102915
v -1.7771 -3.1314 0.073177
vn 0.98899 0.100207 -0.108893
v -1.7788 -3.1087 0.073177
vn 0.990415 0.0501756 -0.128685
v -1.6072 -3.0772 0.095882
vn 0.276995 -0.519651 -0.80823
v -1.6072 -3.1682 0.23211
vn 0.412487 -0.900325 0.138816
v -1.7826 -3.086 0.0050616
vn 0.849105 -0.523673 -0.0691831
v -1.7833 -3.086 -0.017643
vn 0.826383 -0.562446 0.0272981
v -1.7686 -3.0633 0.0050616
vn 0.84721 -0.53114 -0.0112163
v -1.7664 -3.0633 -0.017643
vn 0.800124 -0.594803 0.0775255
v -1.7796 -3.086 0.027767
vn 0.914531 -0.39885 -0.0674645
v -1.7685 -3.0633 0.027767
vn 0.891787 -0.451436 -0.0303588
v -1.7662 -3.063 -0.017643
vn 0.643021 -0.759961 0.0947809
v -1.7435 -3.0449 -0.017643
vn 0.559396 -0.828001 0.0386037
v -1.7333 -3.0406 -0.017643
vn 0.388447 -0.921461 0.00427573
v -1.7662 -3.0602 0.0050616
vn 0.627381 -0.777252 0.047665
v -1.7662 -3.0599 0.027767
vn 0.611862 -0.790947 -0.0053941
v -1.7435 -3.0437 0.0050616
vn 0.590104 -0.806944 0.0248752
v -1.7343 -3.0406 0.0050616
vn 0.388394 -0.921335 0.0171072
v -1.7435 -3.0431 0.027767
vn 0.594889 -0.803806 -0.0017725
v -1.5845 -3.1718 0.1867
vn 0.74236 -0.608146 0.281176
v -1.57 -3.1541 0.1867
vn 0.658785 -0.731547 0.175615
v -1.5732 -3.1541 0.20941
vn 0.551032 -0.834372 0.0137069
v -1.7778 -3.086 0.050472
vn 0.957597 -0.281235 -0.0625617
v -1.7678 -3.0633 0.050472
vn 0.911487 -0.410117 -0.0315484
v -1.7767 -3.086 0.073177
vn 0.95247 -0.302106 -0.0391546
v -1.7672 -3.0633 0.073177
vn 0.917695 -0.396545 -0.0242501
v -1.7662 -3.0607 0.050472
vn 0.618977 -0.784115 -0.0450729
v -1.7662 -3.0617 0.073177
vn 0.594681 -0.801818 -0.0586676
v -1.7435 -3.0438 0.050472
vn 0.595844 -0.801918 -0.0435575
v -1.7435 -3.046 0.073177
vn 0.577222 -0.813841 -0.0669088
v -1.7435 -3.0484 0.095882
vn 0.566701 -0.819359 -0.0866064
v -1.5615 -3.0406 0.095882
vn 0.731254 -0.59626 -0.331273
v -1.5422 -3.0179 0.095882
vn 0.749097 -0.610296 -0.257668
v -1.5391 -3.0179 0.10445
vn 0.775095 -0.57876 -0.253504
v -1.5391 -3.0235 0.11859
vn 0.809633 -0.545699 -0.216118
v -1.5391 -3.0138 0.095882
vn 0.758647 -0.615185 -0.214481
v -1.5618 -3.1455 0.20941
vn 0.662259 -0.742912 -0.0974406
v -1.5618 -3.1372 0.1867
vn 0.862239 -0.475726 -0.173864
v -1.5586 -3.1314 0.1867
vn 0.689503 -0.654861 -0.309423
v -1.5461 -3.1314 0.20941
vn 0.65663 -0.731149 -0.185088
v -1.5351 -3.0179 0.11859
vn 0.804483 -0.548645 -0.227587
v -1.5198 -2.9952 0.11859
vn 0.790152 -0.588649 -0.170741
v -1.5172 -2.9952 0.14129
vn 0.747411 -0.664354 0.00329238
v -1.5164 -2.9943 0.14129
vn 0.741338 -0.671103 0.00625473
v -1.52 -2.9952 0.164
vn 0.740953 -0.665351 0.0910874
v -1.5845 -3.1612 0.23211
vn 0.490747 -0.871257 0.00884864
v -1.5713 -3.1541 0.23211
vn 0.542992 -0.839732 -0.00309084
v -1.5845 -3.1603 0.25482
vn 0.480737 -0.876177 0.0347242
v -1.5732 -3.1541 0.25482
vn 0.5116 -0.85824 0.0411071
v -1.5618 -3.1475 0.23211
vn 0.677137 -0.735826 0.00672555
v -1.5458 -3.1314 0.23211
vn 0.724061 -0.689684 0.00843715
v -1.5618 -3.146 0.25482
vn 0.664648 -0.746426 0.0330192
v -1.5476 -3.1314 0.25482
vn 0.742064 -0.670325 -0.0023231
v -1.5391 -3.1187 0.25482
vn 0.818128 -0.571064 -0.0674664
v -1.5618 -3.1461 0.27752
vn 0.698469 -0.715161 -0.0261934
v -1.546 -3.1314 0.27752
vn 0.708615 -0.702319 -0.0679202
v -1.5391 -3.1237 0.27752
vn 0.781779 -0.61223 -0.118305
v -1.5279 -3.1087 0.27752
vn 0.793467 -0.591105 -0.144934
v -1.5391 -3.616 -0.2447
vn 0.570813 -0.723279 0.388639
v -1.5303 -3.6082 -0.2447
vn 0.705578 -0.707071 0.0470166
v -1.5164 -3.5938 -0.2447
vn 0.74675 -0.662055 -0.0636292
v -1.5391 -3.6167 -0.22199
vn 0.663118 -0.748159 -0.0230607
v -1.5164 -3.604 -0.22199
vn 0.73909 -0.619245 -0.265108
v -1.5021 -3.5855 -0.22199
vn 0.748835 -0.594703 -0.292532
v -1.5103 -3.6082 -0.19929
vn 0.727815 -0.600881 -0.330495
v -1.5164 -3.6082 -0.20998
vn 0.722631 -0.61851 -0.308626
v -1.4937 -3.5862 -0.19929
vn 0.753301 -0.568394 -0.330856
v -1.5018 -3.6082 -0.17658
vn 0.660764 -0.723247 -0.200759
v -1.4937 -3.6008 -0.17658
vn 0.71038 -0.643487 -0.285104
v -1.4965 -3.6082 -0.15387
vn 0.663584 -0.732297 -0.15296
v -1.4937 -3.6057 -0.15387
vn 0.837889 -0.536479 -0.100665
v -1.4937 -3.6098 -0.13117
vn 0.71244 -0.690733 -0.123761
v -1.4937 -3.6082 -0.13979
vn 0.873255 -0.471417 -0.123252
v -1.4922 -3.6082 -0.13117
vn 0.866985 -0.474523 -0.152202
v -1.4937 -3.6138 -0.10846
vn 0.708586 -0.695946 -0.116471
v -1.4882 -3.6082 -0.10846
vn 0.791968 -0.595284 -0.135735
v -1.4937 -3.6174 -0.085759
vn 0.701255 -0.704188 -0.111174
v -1.4844 -3.6082 -0.085759
vn 0.700726 -0.705256 -0.107686
v -1.4937 -3.6208 -0.063054
vn 0.702934 -0.704985 -0.0942311
v -1.4811 -3.6082 -0.063054
vn 0.701715 -0.706944 -0.08847
v -1.4804 -3.5855 -0.13117
vn 0.876632 -0.458467 -0.146027
v -1.4839 -3.5855 -0.15387
vn 0.884094 -0.452958 -0.114922
v -1.4794 -3.3585 -0.13117
vn 0.522204 -0.840426 -0.144867
v -1.4731 -3.3585 -0.10846
vn 0.527764 -0.849374 0.00533786
v -1.4937 -3.3713 -0.10846
vn 0.527764 -0.849374 0.00533786
v -1.4937 -3.3671 -0.085759
vn 0.521373 -0.839089 0.155242
v -1.4809 -3.6082 0.095882
vn 0.69221 -0.708832 0.135658
v -1.4937 -3.613 0.11859
vn 0.628984 -0.720744 0.291389
v -1.4882 -3.6082 0.11859
vn 0.663276 -0.706957 0.245513
v -1.4937 -3.4039 0.13113
vn 0.813415 -0.388326 -0.43308
v -1.4937 -3.4266 0.14349
vn 0.595822 -0.167757 -0.7854
v -1.4966 -3.4266 0.14129
vn 0.595822 -0.167757 -0.7854
v -1.4773 -3.3812 0.14129
vn 0.832792 -0.398793 -0.383957
v -1.477 -3.3585 0.11859
vn 0.868731 -0.35591 -0.344433
v -1.7537 -3.313 -0.10846
vn 0.849521 0.524511 0.0565908
v -1.7516 -3.313 -0.13117
vn 0.856549 0.51086 0.0731206
v -1.7662 -3.2903 -0.11874
vn 0.92561 0.363677 0.104812
v -1.7662 -3.2922 -0.10846
vn 0.860743 0.504434 0.0683191
v -1.7653 -3.2903 -0.13117
vn 0.878586 0.47333 0.0635997
v -1.767 -3.2903 -0.10846
vn 0.963171 0.258799 0.0729665
v -1.7729 -3.2676 -0.10846
vn 0.975512 0.136512 0.172458
v -1.7681 -3.2676 -0.13117
vn 0.979339 0.034289 0.199296
v -1.7662 -3.2859 -0.13117
vn 0.991548 0.122306 0.0432919
v -1.7721 -3.2449 -0.10846
vn 0.970062 -0.0392967 0.239657
v -1.7662 -3.2948 -0.085759
vn 0.841846 0.537494 0.048939
v -1.7687 -3.2903 -0.085759
vn 0.936208 0.335383 0.105043
v -1.7662 -3.2974 -0.063054
vn 0.806262 0.590437 0.0364155
v -1.7709 -3.2903 -0.063054
vn 0.90891 0.408387 0.0842735
v -1.7539 -3.313 -0.085759
vn 0.813129 0.581694 0.0213091
v -1.7536 -3.313 -0.063054
vn 0.734192 0.678908 0.00680342
v -1.777 -3.2676 -0.085759
vn 0.961935 0.232223 0.144058
v -1.7777 -3.2449 -0.085759
vn 0.986505 -0.0124173 0.163258
v -1.7803 -3.2676 -0.063054
vn 0.970967 0.210664 0.113329
v -1.7805 -3.2449 -0.063054
vn 0.992139 -0.0262256 0.122361
v -1.7712 -3.2222 -0.10846
vn 0.970113 -0.0384638 0.239586
v -1.777 -3.2222 -0.085759
vn 0.980378 -0.0331112 0.194328
v -1.7791 -3.2222 -0.063054
vn 0.993178 -0.0459448 0.107174
v -1.7662 -3.2988 -0.040349
vn 0.775126 0.63143 0.0218201
v -1.7721 -3.2903 -0.040349
vn 0.885526 0.462423 0.0448249
v -1.7535 -3.313 -0.040349
vn 0.672024 0.740523 -0.0029603
v -1.7435 -3.3194 -0.040349
vn 0.539059 0.842265 -0.00237458
v -1.7755 -3.1314 -0.13117
vn 0.98557 -0.128083 0.110665
v -1.7806 -3.1314 -0.085759
vn 0.997988 0.0351723 0.0527438
v -1.7818 -3.1314 -0.063054
vn 0.997928 0.0556856 0.0322298
v -1.781 -3.1541 -0.063054
vn 0.999138 0.0352128 0.022001
v -1.7808 -3.1541 -0.040349
vn 0.997583 0.0659205 0.0219668
v -1.783 -3.1314 -0.040349
vn 0.995421 0.0767415 0.0569917
v -1.7843 -3.1087 -0.040349
vn 0.990833 -0.0733309 0.113454
v -1.787 -3.1087 -0.017643
vn 0.992718 -0.0240539 0.118039
v -1.7771 -3.086 -0.063054
vn 0.974881 -0.184674 0.124512
v -1.773 -3.1768 0.073177
vn 0.991891 0.0524329 -0.115769
v -1.7767 -3.1768 0.050472
vn 0.98375 0.0606714 -0.168979
v -1.7783 -3.1541 0.050472
vn 0.979435 0.097084 -0.176867
v -1.77 -3.1995 0.11859
vn 0.996737 0.0307362 -0.0746317
v -1.7207 -3.3302 0.11859
vn 0.24024 0.967331 -0.0809643
v -1.7683 -3.1995 0.14129
vn 0.996828 0.0329323 -0.0724556
v -1.7691 -3.1768 0.14129
vn 0.993695 0.0875488 -0.0700414
v -1.7723 -3.1541 0.14129
vn 0.989054 0.137978 -0.05229
v -1.6684 -3.313 0.11859
vn -0.471878 0.879744 0.0581463
v -1.6712 -3.313 0.095882
vn -0.47204 0.879653 0.0582045
v -1.6753 -3.3152 0.095882
vn -0.471878 0.879744 0.0581463
v -1.6753 -3.3167 0.11859
vn -0.471781 0.879798 0.0581118
v -1.6526 -3.3045 0.095882
vn -0.406042 0.912581 0.0482236
v -1.6526 -3.3057 0.11859
vn -0.405636 0.91351 0.0309614
v -1.6299 -3.2956 0.11859
vn -0.391837 0.918881 0.0460587
v -1.698 -3.3292 0.14129
vn 0.0395866 0.998432 0.0395867
v -1.698 -3.3283 0.11859
vn -0.0220141 0.999515 -0.0220142
v -1.6526 -3.306 0.14129
vn -0.404955 0.914257 0.0120799
v -1.6667 -3.313 0.14129
vn -0.444639 0.895632 0.0118338
v -1.6299 -3.2967 0.14129
vn -0.379835 0.924542 0.0307861
v -1.614 -3.2903 0.14129
vn -0.381576 0.924144 0.0189096
v -1.6155 -3.2903 0.11859
vn -0.359927 0.932426 0.0321796
v -1.6072 -3.2871 0.14129
vn -0.440902 0.892066 -0.0991184
v -1.6072 -3.2871 0.11859
vn -0.364572 0.931161 0.00520826
v -1.5845 -3.2729 0.14129
vn -0.518314 0.828572 -0.211706
v -1.5845 -3.2787 0.11859
vn -0.442749 0.889417 -0.113626
v -1.776 -3.1314 0.14129
vn 0.986043 0.160723 -0.0434452
v -1.4937 -3.3837 0.073177
vn 0.878099 -0.473849 -0.0663934
v -1.4937 -3.3812 0.058322
vn 0.876842 -0.477663 -0.0546529
v -1.4924 -3.3812 0.073177
vn 0.881747 -0.465371 -0.0771555
v -1.4804 -3.3585 0.073177
vn 0.876491 -0.478418 -0.05367
v -1.771 -3.086 -0.10846
vn 0.974028 -0.194151 0.116514
v -1.764 -3.0633 -0.10846
vn 0.789895 -0.612138 -0.036792
v -1.7662 -3.0648 -0.085759
vn 0.918782 -0.392974 0.0375519
v -1.7662 -3.0642 -0.063054
vn 0.899073 -0.43699 0.0266161
v -1.7652 -3.0633 -0.085759
vn 0.711809 -0.702304 -0.00987024
v -1.7654 -3.0633 -0.063054
vn 0.670609 -0.741366 -0.0257101
v -1.7488 -3.0406 -0.13117
vn 0.780876 -0.618428 -0.0881983
v -1.7451 -3.0406 -0.10846
vn 0.736397 -0.667111 -0.11262
v -1.7435 -3.0367 -0.13117
vn 0.591655 -0.800481 -0.0957839
v -1.7435 -3.0394 -0.10846
vn 0.597593 -0.79683 -0.0891346
v -1.7435 -3.0406 -0.096305
vn 0.734312 -0.678514 -0.0200879
v -1.7703 -3.2449 0.095882
vn 0.996478 0.0570711 -0.0614349
v -1.5302 -2.9952 0.1867
vn 0.705008 -0.634515 0.316788
v -1.5106 -3.5855 -0.2447
vn 0.783646 -0.547604 -0.293306
v -1.5097 -3.4039 -0.17658
vn 0.996248 -0.0746105 -0.0438598
v -1.5087 -3.4039 -0.15387
vn 0.977213 -0.195875 -0.0817732
v -1.5104 -3.4266 -0.15387
vn 0.996149 -0.0746031 -0.0460644
v -1.5054 -3.3812 -0.17658
vn 0.909416 -0.382109 -0.164182
v -1.5013 -3.3812 -0.15387
vn 0.91341 -0.392748 -0.106914
v -1.4937 -3.3682 -0.15387
vn 0.855682 -0.491269 -0.162676
v -1.4937 -3.3585 -0.1678
vn 0.82755 -0.4607 -0.320806
v -1.4883 -3.3585 -0.15387
vn 0.779238 -0.577514 -0.243446
v -1.5093 -3.4266 -0.13117
vn 0.996045 -0.0745954 -0.0482693
v -1.5073 -3.4039 -0.13117
vn 0.969069 -0.246738 -0.00511924
v -1.4997 -3.3812 -0.13117
vn 0.910753 -0.412875 0.00802142
v -1.5075 -3.4039 -0.10846
vn 0.991328 -0.120826 0.0516679
v -1.508 -3.4266 -0.10846
vn 0.999719 -0.0220133 0.00880742
v -1.5017 -3.3812 -0.10846
vn 0.915448 -0.396186 0.0706545
v -1.4937 -3.3739 -0.13117
vn 0.783042 -0.618411 -0.0664387
v -1.5082 -3.4266 -0.085759
vn 0.998674 0.0176033 0.0483867
v -1.5095 -3.4039 -0.085759
vn 0.992218 -0.0979112 0.0769153
v -1.5042 -3.3812 -0.085759
vn 0.915038 -0.391177 0.0984189
v -1.5085 -3.4266 -0.063054
vn 0.995298 0.0964606 0.00876606
v -1.5066 -3.3812 -0.063054
vn 0.945259 -0.316146 0.0808579
v -1.471 -3.3574 -0.085759
vn 0.907205 -0.420002 0.024045
v -1.5066 -3.4039 0.0050616
vn 0.991033 0.10477 -0.0829312
v -1.5061 -3.4266 -0.017643
vn 0.991033 0.10477 -0.0829312
v -1.5085 -3.4039 -0.017643
vn 0.991033 0.10477 -0.0829312
v -1.4937 -3.3794 0.050472
vn 0.860489 -0.496581 -0.11387
v -1.4945 -3.3812 0.050472
vn 0.909877 -0.404383 -0.0927278
v -1.7435 -3.3129 -0.2447
vn 0.735708 0.560509 0.380216
v -1.7605 -3.2903 -0.2447
vn 0.864952 0.436016 0.24849
v -1.7432 -3.313 -0.2447
vn 0.435678 0.741457 0.510319
v -1.7692 -3.2449 -0.2447
vn 0.986847 0.0882962 0.135414
v -1.7702 -3.2222 -0.2447
vn 0.983191 0.0317202 0.179803
v -1.7706 -3.1995 -0.2447
vn 0.982668 0.0350198 0.182038
v -1.7715 -3.1768 -0.2447
vn 0.971129 0.0556535 0.231971
v -1.7732 -3.1541 -0.2447
vn 0.965529 0.0742527 0.249482
v -1.7481 -3.313 -0.22199
vn 0.811668 0.570197 0.126768
v -1.7435 -3.313 -0.2441
vn 0.787766 0.594241 0.162181
v -1.7629 -3.2903 -0.22199
vn 0.9098 0.408185 0.0751608
v -1.7662 -3.2778 -0.22199
vn 0.974287 0.219275 0.0517914
v -1.7681 -3.2676 -0.22199
vn 0.991761 0.127624 0.0110223
v -1.7709 -3.2449 -0.22199
vn 0.995335 0.0922433 0.0282864
v -1.7662 -3.2779 -0.19929
vn 0.981727 0.190293 0.000837434
v -1.7677 -3.2676 -0.19929
vn 0.992191 0.124033 -0.0131656
v -1.7697 -3.2449 -0.19929
vn 0.994075 0.100722 -0.0408722
v -1.7633 -3.2903 -0.19929
vn 0.890986 0.453762 0.0156232
v -1.749 -3.313 -0.17658
vn 0.838669 0.544329 0.0184649
v -1.7483 -3.313 -0.19929
vn 0.834032 0.551116 0.0257076
v -1.7636 -3.2903 -0.17658
vn 0.874227 0.485214 0.0171587
v -1.7495 -3.313 -0.15387
vn 0.840915 0.54085 0.0185151
v -1.7641 -3.2903 -0.15387
vn 0.948021 0.316879 0.0290485
v -1.7662 -3.2748 -0.17658
vn 0.991888 0.127016 -0.00501938
v -1.7662 -3.2691 -0.15387
vn 0.994393 0.0975165 0.040899
v -1.7724 -3.2222 -0.22199
vn 0.996576 0.0614579 0.0553016
v -1.7737 -3.1995 -0.22199
vn 0.987607 0.0565563 0.146405
v -1.7718 -3.2222 -0.19929
vn 0.995655 0.0862578 -0.035088
v -1.7741 -3.1995 -0.19929
vn 0.994563 0.100762 -0.0262872
v -1.7754 -3.1768 -0.22199
vn 0.984244 0.0679295 0.163244
v -1.7767 -3.1541 -0.22199
vn 0.990348 0.0567169 0.126467
v -1.7754 -3.1314 -0.2447
vn 0.966723 0.0672903 0.246816
v -1.7771 -3.1314 -0.22199
vn 0.998739 0.024199 0.0439861
v -1.7772 -3.1314 -0.19929
vn 0.999789 1.10301e-06 0.0205506
v -1.7787 -3.1314 -0.17658
vn 0.998965 0.0161369 0.0425199
v -1.7779 -3.1314 -0.15387
vn 0.996429 -0.0204793 -0.0819122
v -1.6526 -3.1087 -0.24749
vn -0.027472 -0.472442 0.880934
v -1.6299 -3.1087 -0.24705
vn 0.0383339 -0.455514 0.889403
v -1.6299 -3.1036 -0.2447
vn 0.0426945 -0.417075 0.907869
v -1.6065 -3.0633 -0.2447
vn 0.743431 -0.185858 0.64247
v -1.6072 -3.0633 -0.24389
vn 0.743431 -0.185858 0.64247
v -1.6072 -3.0661 -0.2447
vn 0.743431 -0.185858 0.64247
v -1.7662 -3.2676 -0.15387
vn 0.996515 0 0.0834173
v -1.7662 -3.2539 -0.15387
vn 0.997274 -0.0526393 0.0517118
v -1.7814 -3.1087 -0.063054
vn 0.993539 -0.0685692 0.0904355
v -1.698 -3.3272 0.164
vn 0.0826932 0.987992 -0.130515
v -1.4937 -3.3612 -0.017643
vn 0.839698 -0.537407 -0.0781082
v -1.4986 -3.3812 0.027767
vn 0.890649 -0.42146 -0.170634
v -1.4937 -3.3709 0.027767
vn 0.822235 -0.549807 -0.147109
v -1.4663 -3.3358 0.027767
vn 0.944104 -0.0693189 0.322278
v -1.471 -3.3358 0.04238
vn 0.845899 0.336468 0.413816
v -1.4897 -3.4493 0.164
vn 0.240074 -0.0380733 -0.970008
v -1.4937 -3.4493 0.16301
vn 0.240074 -0.0380733 -0.970008
v -1.4861 -3.4266 0.164
vn 0.240074 -0.0380733 -0.970008
v -1.7763 -3.1768 -0.19929
vn 0.997058 0.067353 0.0366035
v -1.7774 -3.1541 -0.19929
vn 0.999575 0.019083 0.0220155
v -1.6146 -3.086 -0.2447
vn 0.426147 -0.370457 0.825324
v -1.5845 -3.0012 -0.2447
vn 0.77108 -0.324909 0.547603
v -1.5845 -2.9952 -0.24114
vn 0.707804 -0.496328 0.502666
v -1.7781 -3.1995 -0.085759
vn 0.996963 0.0285497 0.0724495
v -1.7793 -3.1995 -0.063054
vn 0.999897 0.00770846 0.0121139
v -1.7662 -3.2979 -0.017643
vn 0.796127 0.603462 -0.0448895
v -1.771 -3.2903 -0.017643
vn 0.915893 0.396546 -0.0623864
v -1.7535 -3.313 -0.017643
vn 0.704565 0.709441 -0.0167957
v -1.7809 -3.2676 -0.040349
vn 0.988846 0.148115 -0.0156789
v -1.7805 -3.2449 -0.040349
vn 0.999213 -0.0330135 -0.0220048
v -1.7794 -3.2676 -0.017643
vn 0.98436 0.168502 -0.0514061
v -1.7797 -3.2449 -0.017643
vn 0.999707 -0.0132134 -0.0202579
v -1.7662 -3.295 0.0050616
vn 0.812295 0.577272 -0.0832678
v -1.769 -3.2903 0.0050616
vn 0.917116 0.38937 -0.085377
v -1.7435 -3.3202 0.0050616
vn 0.636382 0.770993 -0.0242413
v -1.7435 -3.3199 -0.017643
vn 0.593908 0.804507 -0.00645769
v -1.7526 -3.313 0.0050616
vn 0.727554 0.684339 -0.0484329
v -1.7435 -3.3194 0.027767
vn 0.686844 0.725419 -0.0448633
v -1.7505 -3.313 0.027767
vn 0.780045 0.620154 -0.0832993
v -1.7779 -3.2676 0.0050616
vn 0.972421 0.222041 -0.0713799
v -1.7793 -3.2449 0.0050616
vn 0.999196 0.0227427 -0.0330062
v -1.776 -3.2676 0.027767
vn 0.959789 0.255168 -0.117026
v -1.7781 -3.2449 0.027767
vn 0.994583 0.0507001 -0.0907388
v -1.7792 -3.2222 -0.040349
vn 0.999782 -0.0205553 -0.00366914
v -1.7792 -3.1995 -0.040349
vn 0.99995 0.00792838 0.00616554
v -1.7793 -3.2222 -0.017643
vn 0.99999 -4.51961e-08 0.00440229
v -1.7796 -3.1995 -0.017643
vn 0.999794 0.0132153 0.0154117
v -1.7795 -3.1768 -0.040349
vn 0.999684 0.0231204 0.00991052
v -1.7798 -3.1768 -0.017643
vn 0.999275 0.0344854 0.0161382
v -1.7812 -3.1541 -0.017643
vn 0.995306 0.0935359 0.0248392
v -1.7795 -3.2222 0.0050616
vn 0.99975 0.016883 -0.0146773
v -1.78 -3.1995 0.0050616
vn 0.999842 0.0154178 -0.00880778
v -1.7787 -3.2222 0.027767
vn 0.997246 0.0237239 -0.0702734
v -1.7792 -3.1995 0.027767
vn 0.996918 0.0190313 -0.076105
v -1.7802 -3.1768 0.0050616
vn 0.999151 0.0402425 -0.00880334
v -1.7796 -3.1768 0.027767
vn 0.995108 0.0394531 -0.0905769
v -1.781 -3.1541 0.027767
vn 0.994426 0.0781231 -0.0708042
v -1.7435 -3.318 0.050472
vn 0.568031 0.822744 -0.0208302
v -1.7483 -3.313 0.050472
vn 0.807755 0.586933 -0.0551473
v -1.7636 -3.2903 0.050472
vn 0.836391 0.541526 -0.0848542
v -1.7435 -3.3176 0.073177
vn 0.487737 0.87292 0.0111195
v -1.7476 -3.313 0.073177
vn 0.815086 0.579339 0.00105996
v -1.7207 -3.3291 0.073177
vn 0.322834 0.945671 0.0385167
v -1.7207 -3.3286 0.050472
vn 0.436124 0.899885 0.00197965
v -1.7618 -3.2903 0.073177
vn 0.872883 0.487068 -0.0289682
v -1.7662 -3.2843 0.050472
vn 0.926404 0.358971 -0.113648
v -1.7724 -3.2676 0.050472
vn 0.970077 0.196803 -0.142191
v -1.7748 -3.2449 0.050472
vn 0.987086 0.0768212 -0.140567
v -1.7662 -3.2775 0.073177
vn 0.950393 0.301959 -0.0746626
v -1.7689 -3.2676 0.073177
vn 0.983469 0.156394 -0.0912679
v -1.7716 -3.2449 0.073177
vn 0.990899 0.0880319 -0.101832
v -1.7435 -3.3184 0.095882
vn 0.520227 0.854018 0.00420882
v -1.7483 -3.313 0.095882
vn 0.843539 0.536796 -0.0170988
v -1.7207 -3.3303 0.095882
vn 0.124708 0.991579 0.0349175
v -1.7615 -3.2903 0.095882
vn 0.915916 0.40021 -0.0304822
v -1.7662 -3.2734 0.095882
vn 0.966547 0.251279 -0.051436
v -1.7674 -3.2676 0.095882
vn 0.988816 0.138439 -0.055478
v -1.7692 -3.2449 0.11859
vn 0.990449 0.128754 -0.0493235
v -1.7759 -3.2222 0.050472
vn 0.991556 0.0305788 -0.126024
v -1.7765 -3.1995 0.050472
vn 0.992008 0.0174801 -0.124959
v -1.7731 -3.2222 0.073177
vn 0.994391 0.0365057 -0.0992694
v -1.7735 -3.1995 0.073177
vn 0.993079 0.00437467 -0.117364
v -1.698 -3.3265 0.095882
vn -0.317739 0.945905 0.0656112
v -1.6753 -3.318 0.14129
vn -0.454829 0.890552 -0.00692237
v -1.669 -3.313 0.164
vn -0.512248 0.857566 -0.0467098
v -1.5391 -3.1102 0.20941
vn 0.869268 -0.23935 -0.432532
v -1.5501 -3.1087 0.1867
vn 0.867064 -0.241217 -0.435906
v -1.5391 -3.1087 0.20858
vn 0.869268 -0.23935 -0.432532
v -1.4632 -3.313 -0.017643
vn 0.879852 0.455483 0.135632
v -1.4667 -3.313 0.0050616
vn 0.873966 0.452298 0.177793
v -1.471 -3.3047 -0.017643
vn 0.724836 0.679877 0.111265
v -1.471 -3.3084 0.0050616
vn 0.726049 0.67869 0.110602
v -1.471 -3.3209 0.027767
vn 0.840983 0.387315 0.377803
v -1.471 -3.313 0.017546
vn 0.896232 0.33796 0.287318
v -1.4738 -3.3358 0.050472
vn 0.780047 0.564512 0.269911
v -1.4903 -3.313 0.050472
vn 0.760932 0.495432 0.418962
v -1.5388 -3.1087 0.20941
vn 0.924168 -0.184951 -0.334227
v -1.5164 -3.0739 0.27752
vn 0.955191 -0.0673272 -0.288231
v -1.7669 -3.2676 -0.17658
vn 0.998021 0.0479097 -0.0407332
v -1.768 -3.2449 -0.17658
vn 0.995021 0.0743274 -0.0663922
v -1.7703 -3.2222 -0.17658
vn 0.988424 0.121271 -0.0911631
v -1.7737 -3.1995 -0.17658
vn 0.98909 0.135074 -0.0587951
v -1.7676 -3.2222 -0.15387
vn 0.982671 0.114833 -0.145505
v -1.7714 -3.1995 -0.15387
vn 0.979995 0.172112 -0.0999366
v -1.7765 -3.1768 -0.17658
vn 0.995759 0.0908645 -0.0144054
v -1.7782 -3.1541 -0.17658
vn 0.999204 0.0369749 0.0149577
v -1.7753 -3.1768 -0.15387
vn 0.989482 0.127135 -0.0690018
v -1.7775 -3.1541 -0.15387
vn 0.997498 0.054195 -0.0453938
v -1.6072 -3.0406 -0.23717
vn 0.624442 -0.259373 0.736748
v -1.6008 -3.0406 -0.2447
vn 0.741586 -0.228244 0.630837
v -1.5924 -3.0179 -0.2447
vn 0.705863 -0.349696 0.616011
v -1.7662 -3.2222 -0.14889
vn 0.993833 0.0939691 -0.0588696
v -1.7694 -3.1995 -0.13117
vn 0.983847 0.176483 0.0299965
v -1.7733 -3.1995 -0.10846
vn 0.975236 0.11368 0.189713
v -1.7736 -3.1768 -0.13117
vn 0.988967 0.145944 0.0254083
v -1.7761 -3.1541 -0.13117
vn 0.998631 0.0521645 -0.0037691
v -1.7761 -3.1768 -0.10846
vn 0.986299 0.0963109 0.133936
v -1.778 -3.1541 -0.10846
vn 0.993889 0.0218933 0.108189
v -1.7795 -3.1768 -0.085759
vn 0.994998 0.054062 0.084003
v -1.7805 -3.1541 -0.085759
vn 0.997969 0.0281384 0.0571439
v -1.78 -3.1768 -0.063054
vn 0.999123 0.0418151 0.00219884
v -1.7684 -3.2222 0.14129
vn 0.996933 0.0102475 -0.0775887
v -1.6072 -3.1087 0.11252
vn 0.191909 -0.321168 -0.927374
v -1.6072 -3.086 0.10184
vn 0.258748 -0.411221 -0.87404
v -1.4935 -3.5855 -0.19929
vn 0 1 0
v -1.4937 -3.5855 -0.19966
vn 0 1 0
v -1.4937 -3.5855 -0.19929
vn 0 1 0
v -1.5391 -3.5387 0.1867
vn 0.140259 -0.192704 0.971181
v -1.5391 -3.5174 0.19078
vn 0.0501283 -0.166674 0.984737
v -1.5618 -3.5282 0.1867
vn -0.0737412 -0.213061 0.974252
v -1.5618 -3.5174 0.18964
vn -0.00300997 -0.192252 0.981341
v -1.5618 -3.4947 0.195
vn 0.106789 -0.167378 0.980092
v -1.5391 -3.4947 0.19349
vn 0.206304 -0.0926156 0.974095
v -1.5618 -3.472 0.19958
vn 0.212444 -0.168343 0.962563
v -1.5391 -3.472 0.19518
vn 0.265497 -0.116572 0.957038
v -1.5618 -3.4493 0.20416
vn 0.259361 -0.199203 0.945013
v -1.5391 -3.4493 0.19793
vn 0.287574 -0.160575 0.944202
v -1.5391 -3.4266 0.20292
vn 0.258912 -0.207376 0.943377
v -1.4937 -3.5174 -0.13117
vn 1 0 0
v -1.4937 -3.5174 -0.13088
vn 1 0 0
v -1.4937 -3.5175 -0.13117
vn 1 0 0
v -1.4988 -3.5628 0.164
vn 0.537285 -0.314794 0.782451
v -1.5391 -3.5401 0.18639
vn 0.261517 -0.261749 0.92903
v -1.5164 -3.5401 0.18
vn 0.262668 -0.208865 0.942009
v -1.5234 -3.5174 0.1867
vn 0.320042 -0.120723 0.93968
v -1.5164 -3.5174 0.18299
vn 0.658755 -0.000742695 0.752357
v -1.5224 -3.4947 0.1867
vn 0.458676 0.0113489 0.888531
v -1.5164 -3.4947 0.18182
vn 0.738872 0.059671 0.671198
v -1.502 -3.4947 0.164
vn 0.73319 0.00428607 0.68001
v -1.524 -3.472 0.1867
vn 0.51661 -0.0159414 0.856073
v -1.5164 -3.472 0.17882
vn 0.661804 -0.0395463 0.748633
v -1.4984 -3.472 0.164
vn 0.628057 -0.153771 0.762823
v -1.4937 -3.4608 0.164
vn 0.581051 -0.110765 0.806294
v -1.471 -3.3593 0.14129
vn 0.947852 -0.118376 -0.295911
v -1.471 -3.3585 0.14097
vn 0.947852 -0.118376 -0.295911
v -1.4709 -3.3585 0.14129
vn 0.947852 -0.118376 -0.295911
v -1.4691 -3.3812 0.1867
vn 0.88824 -0.244586 0.388853
v -1.4634 -3.3585 0.1867
vn 0.916632 -0.141178 0.37397
v -1.471 -3.3585 0.20438
vn 0.86508 -0.206943 0.456958
v -1.4781 -3.3585 0.20941
vn 0.471523 -0.229301 0.85152
v -1.471 -3.3439 0.20941
vn 0.731577 -0.190156 0.654703
v -1.462 -3.3358 0.1867
vn 0.974107 0.0876372 0.208409
v -1.47 -3.3358 0.20941
vn 0.9357 0 0.352796
v -1.6072 -3.2835 0.164
vn -0.479397 0.874268 0.0763797
v -1.6204 -3.2903 0.164
vn -0.42575 0.904716 -0.015
v -1.5964 -3.2903 0.20941
vn -0.380711 0.787778 0.484215
v -1.6072 -3.2903 0.20133
vn -0.302443 0.891915 0.336177
v -1.6072 -3.2949 0.20941
vn -0.297188 0.697738 0.651799
v -1.6072 -3.2855 0.1867
vn -0.395188 0.898949 0.188992
v -1.6199 -3.2903 0.1867
vn -0.350804 0.928197 0.124045
v -1.5845 -3.2747 0.1867
vn -0.458614 0.847854 0.266115
v -1.5845 -3.268 0.164
vn -0.549273 0.801461 0.236556
v -1.5845 -3.2845 0.20941
vn -0.451731 0.808001 0.378251
v -1.5716 -3.2676 0.1867
vn -0.425533 0.863394 0.271057
v -1.584 -3.2676 0.164
vn -0.411931 0.88344 0.223263
v -1.5618 -3.2636 0.1867
vn -0.13392 0.95798 0.253651
v -1.5618 -3.2585 0.164
vn -0.370959 0.906165 0.203114
v -1.5618 -3.2708 0.20941
vn -0.252462 0.763852 0.593963
v -1.5618 -3.2676 0.20077
vn -0.200816 0.945515 0.256269
v -1.5391 -3.269 0.20941
vn -0.0106724 0.841821 0.539651
v -1.5391 -3.2676 0.20066
vn 0.153032 0.987527 0.0370371
v -1.5391 -3.2673 0.1867
vn 0.0854775 0.985547 0.146257
v -1.5618 -3.1678 0.14129
vn 0.884796 -0.0193706 -0.465575
v -1.5618 -3.1541 0.14072
vn 0.884796 -0.0193706 -0.465575
v -1.5615 -3.1541 0.14129
vn 0.884796 -0.0193706 -0.465575
v -1.5531 -3.0633 0.14129
vn 0.921318 -0.285486 -0.263951
v -1.5618 -3.086 0.13339
vn 0.903382 -0.217635 -0.369508
v -1.5618 -3.0633 0.12002
vn 0.903382 -0.217635 -0.369508
v -1.5492 -3.0633 0.164
vn 0.95076 -0.293189 -0.100476
v -1.5446 -3.0406 0.14129
vn 0.95076 -0.293189 -0.100476
v -1.5437 -3.0406 0.164
vn 0.971159 -0.235308 -0.0384884
v -1.4738 -3.313 0.164
vn 0.78476 0.46752 -0.406911
v -1.471 -3.313 0.1694
vn 0.884414 0.403372 -0.234743
v -1.471 -3.3177 0.164
vn 0.78476 0.46752 -0.406911
v -1.4672 -3.313 0.1867
vn 0.968853 0.235964 0.0751293
v -1.471 -3.3061 0.1867
vn 0.829405 0.557435 0.0368021
v -1.4832 -3.2903 0.1867
vn 0.76451 0.643067 -0.0445888
v -1.471 -3.3205 0.20941
vn 0.81032 0.0602897 0.582878
v -1.471 -3.313 0.20728
vn 0.889039 0.414568 0.194274
v -1.4722 -3.313 0.20941
vn 0.654334 0.292505 0.697344
v -1.4845 -3.2903 0.20941
vn 0.779782 0.523491 0.343361
v -1.5378 -3.2676 0.1867
vn 0.263013 0.964516 0.0231035
v -1.5391 -3.2676 0.18414
vn 0.22351 0.96807 -0.113509
v -1.5164 -3.2726 0.20941
vn 0.230564 0.880025 0.415207
v -1.5164 -3.2735 0.1867
vn 0.279705 0.960032 -0.0101837
v -1.4937 -3.2807 0.20941
vn 0.419346 0.891919 0.169202
v -1.4937 -3.2801 0.1867
vn 0.528343 0.848551 0.028549
v -1.5164 -3.3585 0.22365
vn 0.259401 -0.342154 0.903129
v -1.4937 -3.3358 0.22573
vn 0.424308 -0.205048 0.881997
v -1.4937 -3.3585 0.21695
vn 0.387194 -0.311775 0.867685
v -1.471 -3.3358 0.21057
vn 0.567148 0 0.823616
v -1.6072 -3.313 0.22563
vn -0.297818 0.581987 0.7567
v -1.5845 -3.2903 0.21789
vn -0.34857 0.574274 0.740748
v -1.5845 -3.313 0.23087
vn -0.193642 0.486989 0.851671
v -1.5618 -3.2975 0.23211
vn -0.263721 0.288617 0.920408
v -1.5618 -3.2903 0.22945
vn -0.33086 0.611254 0.718958
v -1.5787 -3.313 0.23211
vn -0.302678 0.375074 0.876188
v -1.5536 -3.2903 0.23211
vn -0.145174 0.58166 0.800373
v -1.5618 -3.313 0.2354
vn -0.146135 0.205403 0.967706
v -1.5391 -3.313 0.23809
vn -0.0245209 0.183759 0.982665
v -1.5391 -3.2903 0.23418
vn 0 0.221718 0.975111
v -1.5391 -3.2867 0.23211
vn 0.0460125 0.765748 0.641493
v -1.5023 -3.313 0.23211
vn 0.339512 0.0504858 0.939246
v -1.4937 -3.313 0.22858
vn 0.61992 0.133791 0.773174
v -1.5164 -3.2919 0.23211
vn 0.351784 0.24795 0.902646
v -1.5164 -3.2903 0.23149
vn 0.270246 0.733509 0.623644
v -1.5195 -3.2903 0.23211
vn 0.112702 0.441158 0.890325
v -1.4937 -3.2903 0.22093
vn 0.437247 0.522161 0.732232
v -1.5164 -3.313 0.23648
vn 0.190844 0.0943968 0.977071
v -1.5164 -3.0864 0.27752
vn 0.899416 -0.224854 -0.374822
v -1.5164 -3.086 0.27728
vn 0.899416 -0.224854 -0.374822
v -1.5163 -3.086 0.27752
vn 0.899416 -0.224854 -0.374822
v -1.5057 -3.5628 -0.2447
vn 0.949499 -0.00627527 0.313708
v -1.5062 -3.5401 -0.2447
vn 0.943061 0.153715 0.294971
v -1.5088 -3.5174 -0.2447
vn 0.928638 0.278179 0.245457
v -1.5142 -3.4947 -0.2447
vn 0.957629 0.21281 0.194059
v -1.5164 -3.4848 -0.2447
vn 0.953275 0.242899 0.179632
v -1.5164 -3.4428 -0.2447
vn 0.956051 -0.269722 0.114964
v -1.5117 -3.4039 -0.2447
vn 0.959963 -0.135322 0.245272
v -1.4975 -3.5174 0.14129
vn 0.990347 0.127206 0.0550658
v -1.4937 -3.5401 0.15037
vn 0.970682 0.209574 0.117712
v -1.4937 -3.535 0.14129
vn 0.970682 0.209574 0.117712
v -1.4967 -3.5174 0.11859
vn 0.994295 0.100744 0.0350366
v -1.499 -3.4947 0.11859
vn 0.994295 0.100744 0.0350366
v -1.5618 -3.2886 -0.2447
vn 0.0903247 0.724771 0.683043
v -1.5845 -3.2864 -0.2447
vn 0.0197007 0.809933 0.586191
v -1.5542 -3.2903 -0.2447
vn 0.262325 0.72372 0.63829
v -1.5391 -3.2903 -0.25338
vn 0.38643 0.649554 0.654791
v -1.5845 -3.292 -0.22199
vn -0.0354424 0.999304 0.0116145
v -1.5845 -3.2903 -0.23253
vn -0.0451804 0.970117 0.238394
v -1.6072 -3.2971 -0.22199
vn -0.211759 0.970627 0.114201
v -1.602 -3.2903 -0.2447
vn -0.201631 0.945604 0.255301
v -1.6072 -3.292 -0.2447
vn -0.303918 0.929547 0.20875
v -1.5845 -3.2913 -0.19929
vn -0.0132042 0.998955 -0.0437616
v -1.6072 -3.2959 -0.19929
vn -0.23311 0.969777 -0.0720545
v -1.5618 -3.2948 -0.22199
vn 0.110228 0.984152 0.138903
v -1.5618 -3.2903 -0.24065
vn 0.0978147 0.957795 0.270299
v -1.5618 -3.2953 -0.19929
vn 0.160994 0.98559 -0.0518934
v -1.6072 -3.2936 -0.17658
vn -0.301041 0.950286 -0.0795721
v -1.6299 -3.3026 -0.17658
vn -0.367268 0.926349 -0.0836171
v -1.5901 -3.2903 -0.17658
vn -0.150014 0.985613 -0.0778687
v -1.5845 -3.2903 -0.18318
vn -0.00839852 0.995061 -0.0989113
v -1.6072 -3.292 -0.15387
vn -0.32164 0.946107 -0.0378054
v -1.6299 -3.3008 -0.15387
vn -0.363261 0.930004 -0.0559729
v -1.5987 -3.2903 -0.15387
vn -0.146312 0.988205 -0.0452162
v -1.5618 -3.2935 -0.17658
vn 0.280624 0.955679 -0.0890358
v -1.5731 -3.2903 -0.17658
vn 0.132223 0.988151 -0.0779397
v -1.5618 -3.2913 -0.15387
vn 0.288467 0.953029 -0.0923187
v -1.5652 -3.2903 -0.15387
vn 0.143519 0.98838 -0.050083
v -1.5391 -3.2982 -0.15387
vn 0.289581 0.952694 -0.0922863
v -1.5845 -3.289 -0.15387
vn 0.00989186 0.99913 -0.040521
v -1.5845 -3.29 -0.17658
vn 0.00428688 0.999013 -0.0442172
v -1.6072 -3.2916 -0.13117
vn -0.328262 0.944577 0.00416091
v -1.6299 -3.3001 -0.13117
vn -0.347949 0.937499 -0.00516093
v -1.6017 -3.2903 -0.13117
vn -0.180021 0.98366 -0.00253399
v -1.6072 -3.2922 -0.10846
vn -0.31619 0.948548 0.0167387
v -1.6299 -3.3001 -0.10846
vn -0.328651 0.94435 0.0138637
v -1.5999 -3.2903 -0.10846
vn -0.201178 0.979539 0.00557156
v -1.5391 -3.2909 -0.10846
vn 0.27215 0.952254 -0.13837
v -1.5391 -3.2942 -0.13117
vn 0.25762 0.955998 -0.140357
v -1.5412 -3.2903 -0.10846
vn 0.198193 0.974472 -0.105473
v -1.5537 -3.2903 -0.13117
vn 0.191225 0.976049 -0.103739
v -1.5845 -3.2878 -0.13117
vn -0.0413746 0.99829 -0.0413044
v -1.5845 -3.2874 -0.10846
vn -0.109332 0.993886 -0.0153674
v -1.5618 -3.2889 -0.13117
vn 0.0805772 0.992786 -0.0887845
v -1.5618 -3.2903 -0.14536
vn 0.076846 0.994815 -0.0666233
v -1.5618 -3.287 -0.10846
vn 0.0540429 0.996759 -0.0595953
v -1.6072 -3.2927 -0.085759
vn -0.315539 0.948675 0.0212339
v -1.6299 -3.3006 -0.085759
vn -0.331039 0.94325 0.0263087
v -1.5992 -3.2903 -0.085759
vn -0.243517 0.969887 0.00424119
v -1.6072 -3.2933 -0.063054
vn -0.326957 0.944647 0.0272022
v -1.6299 -3.3014 -0.063054
vn -0.340532 0.939818 0.0279409
v -1.5983 -3.2903 -0.063054
vn -0.272373 0.96204 0.0171017
v -1.5845 -3.2869 -0.085759
vn -0.123016 0.992132 -0.0232681
v -1.5845 -3.2867 -0.063054
vn -0.134666 0.990889 0.001921
v -1.5618 -3.2854 -0.085759
vn 0.0579838 0.997581 -0.0383505
v -1.5391 -3.289 -0.085759
vn 0.16627 0.985307 -0.0390517
v -1.5391 -3.2903 -0.103
vn 0.158232 0.984895 -0.0703104
v -1.5618 -3.285 -0.063054
vn 0.0633007 0.997895 -0.0140623
v -1.5391 -3.2886 -0.063054
vn 0.162628 0.986534 -0.0173797
v -1.6299 -3.302 -0.040349
vn -0.341465 0.939539 0.0258651
v -1.6526 -3.3101 -0.063054
vn -0.357771 0.933483 0.0246722
v -1.6072 -3.294 -0.040349
vn -0.325446 0.945199 0.0261278
v -1.5956 -3.2903 -0.040349
vn -0.286298 0.957894 0.021743
v -1.6072 -3.2945 -0.017643
vn -0.331989 0.943197 0.0127748
v -1.6299 -3.3028 -0.017643
vn -0.348203 0.937274 0.0165116
v -1.5948 -3.2903 -0.017643
vn -0.290594 0.956846 0.00114353
v -1.5845 -3.2872 -0.040349
vn -0.158969 0.987201 0.012746
v -1.5845 -3.2873 -0.017643
vn -0.117519 0.992753 0.0251273
v -1.5618 -3.2848 -0.040349
vn 0.00264284 0.999978 0.00616368
v -1.5391 -3.2882 -0.040349
vn 0.163701 0.986432 0.0124135
v -1.5618 -3.2851 -0.017643
vn 0.0600429 0.996626 0.0559564
v -1.5391 -3.2895 -0.017643
vn 0.196333 0.977906 0.0717889
v -1.6072 -3.2945 0.0050616
vn -0.349177 0.936938 0.0149556
v -1.6299 -3.3032 0.0050616
vn -0.361302 0.932006 0.0287337
v -1.5955 -3.2903 0.0050616
vn -0.318261 0.947994 0.00423475
v -1.6072 -3.2952 0.027767
vn -0.36152 0.932302 0.0107306
v -1.6299 -3.3042 0.027767
vn -0.368552 0.929587 0.00613982
v -1.595 -3.2903 0.027767
vn -0.287338 0.957806 0.00666164
v -1.5391 -3.2936 0.0050616
vn 0.287897 0.942145 0.171689
v -1.5391 -3.2903 -0.011743
vn 0.215166 0.966559 0.139522
v -1.5499 -3.2903 0.0050616
vn 0.26583 0.95504 0.131273
v -1.5391 -3.2975 0.027767
vn 0.322117 0.939035 0.120227
v -1.5595 -3.2903 0.027767
vn 0.332955 0.939401 0.0816501
v -1.5845 -3.2873 0.0050616
vn -0.131491 0.991286 0.00791946
v -1.5845 -3.2878 0.027767
vn 0.00446699 0.999406 0.0341738
v -1.5618 -3.2872 0.0050616
vn 0.0536938 0.996424 0.0652338
v -1.5618 -3.2896 0.027767
vn 0.103168 0.992831 0.0603517
v -1.6072 -3.2953 0.050472
vn -0.364392 0.930827 -0.0279332
v -1.6299 -3.3035 0.050472
vn -0.354251 0.935069 -0.0123571
v -1.5951 -3.2903 0.050472
vn -0.302754 0.952444 -0.0345055
v -1.6002 -3.2903 0.073177
vn -0.293564 0.950299 -0.103691
v -1.6072 -3.2932 0.073177
vn -0.38015 0.917545 -0.116611
v -1.5391 -3.2994 0.050472
vn 0.384276 0.923168 -0.00960584
v -1.5608 -3.2903 0.050472
vn 0.378207 0.925135 -0.0329388
v -1.5391 -3.2982 0.073177
vn 0.442531 0.889494 -0.113869
v -1.5553 -3.2903 0.073177
vn 0.37717 0.92025 -0.104319
v -1.5845 -3.288 0.050472
vn -0.0120129 0.999307 -0.0352206
v -1.5845 -3.2865 0.073177
vn -0.0360882 0.993462 -0.108309
v -1.5618 -3.29 0.050472
vn 0.107695 0.99399 -0.0196307
v -1.5618 -3.2884 0.073177
vn 0.117032 0.988713 -0.0935399
v -1.6072 -3.2903 0.089815
vn -0.296514 0.946846 -0.124748
v -1.5391 -3.2944 0.095882
vn 0.468558 0.868509 -0.161695
v -1.5467 -3.2903 0.095882
vn 0.396348 0.90151 -0.173747
v -1.5391 -3.2903 0.11561
vn 0.436836 0.883389 -0.1697
v -1.5845 -3.2831 0.095882
vn -0.060158 0.982316 -0.177304
v -1.5618 -3.2852 0.095882
vn 0.168127 0.96812 -0.185682
v -1.5618 -3.2788 0.11859
vn 0.377413 0.888279 -0.261763
v -1.5391 -3.2897 0.11859
vn 0.424562 0.879276 -0.215918
v -1.5391 -3.284 0.14129
vn 0.522829 0.798995 -0.29708
v -1.5618 -3.2681 0.14129
vn 0.53523 0.764132 -0.360044
v -1.5618 -3.2676 0.14236
vn 0.13252 0.93055 -0.341344
v -1.5391 -3.2749 0.164
vn 0.561583 0.768054 -0.307761
v -1.5488 -3.2676 0.164
vn 0.549617 0.771074 -0.321504
v -1.5647 -3.1995 0.164
vn 0.851194 -0.243633 0.464879
v -1.5635 -3.1995 0.14129
vn 0.989395 -0.143501 0.0224532
v -1.5618 -3.1819 0.164
vn 0.833644 -0.213486 0.509374
v -1.5618 -3.1768 0.14484
vn 0.997321 -0.0650403 -0.0334795
v -1.5621 -3.1768 0.14129
vn 0.995025 -0.0533584 -0.0841338
v -1.5611 -3.1768 0.164
vn 0.997204 -0.0700659 -0.0259719
v -1.5594 -3.1541 0.164
vn 0.997777 -0.0633591 0.0206741
v -1.5618 -3.1768 0.16557
vn 0.858461 -0.145294 0.491869
v -1.5845 -3.1768 0.1841
vn 0.585313 -0.324032 0.743244
v -1.5618 -3.1541 0.1725
vn 0.960362 -0.0646597 0.271152
v -1.813 -3.0406 0.1867
vn -0.513086 0.506317 0.693098
v -1.8116 -3.0398 0.1867
vn -0.314218 0.48233 0.817695
v -1.8116 -3.0179 0.17418
vn -0.36814 0.32554 0.870917
v -1.8116 -3.0622 0.20941
vn -0.531568 0.603226 0.594604
v -1.8116 -3.0406 0.18757
vn -0.461992 0.649774 0.60362
v -1.8126 -3.0633 0.20941
vn -0.644578 0.437674 0.626866
v -1.8116 -2.9952 0.17212
vn -0.360935 0.0750163 0.929569
v -1.7889 -3.0249 0.1867
vn -0.375856 0.568221 0.732023
v -1.7889 -3.0179 0.18267
vn -0.322018 0.472362 0.820475
v -1.7797 -3.0179 0.1867
vn -0.354912 0.466457 0.810219
v -1.7889 -3.044 0.20941
vn -0.519591 0.648236 0.556611
v -1.7889 -3.0406 0.20509
vn -0.470679 0.652338 0.594067
v -1.7834 -3.0406 0.20941
vn -0.436941 0.706843 0.556287
v -1.7642 -2.9952 0.1867
vn -0.352315 0.128103 0.927073
v -1.7662 -2.9952 0.18594
vn -0.352315 0.128103 0.927073
v -1.7662 -3.0007 0.1867
vn -0.352315 0.128103 0.927073
v -1.5611 -3.1314 0.14129
vn 0.991339 -0.0480416 -0.122225
v -1.5583 -3.1314 0.164
vn 0.998746 -0.0484005 -0.0128025
v -1.5338 -3.2903 -0.085759
vn 0.238155 0.971076 -0.0171106
v -1.5359 -3.2903 -0.017643
vn 0.24188 0.967702 0.0710398
v -1.5302 -3.2903 0.14129
vn 0.55878 0.789405 -0.254174
v -1.538 -3.2903 0.11859
vn 0.556777 0.80697 -0.196975
v -1.7996 -3.086 0.23211
vn -0.604559 0.263122 0.751848
v -1.8116 -3.086 0.22263
vn -0.594789 0.281735 0.752895
v -1.8057 -3.1087 0.23211
vn -0.569347 0.152991 0.807736
v -1.7889 -3.064 0.23211
vn -0.651353 0.328058 0.68419
v -1.7889 -3.0633 0.23167
vn -0.525528 0.63824 0.562557
v -1.8116 -3.0633 0.21046
vn -0.591101 0.472919 0.653411
v -1.7883 -3.0633 0.23211
vn -0.685677 0.587706 0.429475
v -1.7889 -3.1087 0.24293
vn -0.535828 0.143984 0.83196
v -1.7744 -3.0633 0.25482
vn -0.688546 0.590166 0.421436
v -1.7686 -3.0406 0.23211
vn -0.687209 0.6344 0.35395
v -1.7662 -3.0406 0.23677
vn -0.799439 0.55355 0.23341
v -1.7662 -3.038 0.23211
vn -0.687209 0.6344 0.35395
v -1.7613 -3.0406 0.25482
vn -0.827563 0.555465 0.0812297
v -1.7662 -3.0479 0.25482
vn -0.827563 0.555465 0.0812297
v -1.7419 -3.0179 0.25482
vn -0.720406 0.678071 0.145723
v -1.7435 -3.0179 0.24691
vn -0.731063 0.639441 0.238037
v -1.7435 -3.0196 0.25482
vn -0.720406 0.678071 0.145723
v -1.7486 -3.0179 0.23211
vn -0.732061 0.63281 0.252265
v -1.7435 -3.012 0.23211
vn -0.732061 0.63281 0.252265
v -1.7622 -3.0406 0.27752
vn -0.829857 0.557005 -0.0328985
v -1.7435 -3.0188 0.27752
vn -0.679728 0.679728 -0.275574
v -1.7435 -3.0179 0.27974
vn -0.679728 0.679728 -0.275574
v -1.7426 -3.0179 0.27752
vn -0.679728 0.679728 -0.275574
v -1.72 -2.9952 0.25482
vn -0.647501 0.755289 0.101398
v -1.7207 -2.9952 0.25035
vn -0.647501 0.755289 0.101398
v -1.7207 -2.9958 0.25482
vn -0.647501 0.755289 0.101398
v -1.7207 -2.9958 0.27752
vn -0.641783 0.748619 -0.166387
v -1.7207 -2.9952 0.28022
vn -0.641783 0.748619 -0.166387
v -1.72 -2.9952 0.27752
vn -0.641783 0.748619 -0.166387
v -1.8159 -3.086 0.21599
vn -0.69259 0.291893 0.659634
v -1.5039 -3.5401 -0.22199
vn 0.991297 0.0851567 -0.100397
v -1.5073 -3.5174 -0.22199
vn 0.984295 0.147425 -0.0971036
v -1.4937 -3.5308 -0.15387
vn 0.950784 0.25492 -0.176141
v -1.4937 -3.5401 -0.16891
vn 0.948443 0.269573 -0.166691
v -1.5015 -3.5174 -0.17658
vn 0.965497 0.200405 -0.166291
v -1.497 -3.5174 -0.15387
vn 0.953502 0.234813 -0.188938
v -1.5189 -3.472 -0.2447
vn 0.999909 0.0135227 0
v -1.5174 -3.4493 -0.2447
vn 0.997824 -0.0659312 0
v -1.5137 -3.4266 -0.2447
vn 0.984915 -0.13228 0.111552
v -1.5108 -3.3812 -0.2447
vn 0.977486 0 0.210998
v -1.5114 -3.4947 -0.22199
vn 0.979239 0.146024 -0.140599
v -1.5164 -3.472 -0.23098
vn 0.98311 0.0374919 -0.179134
v -1.505 -3.5174 -0.19929
vn 0.983491 0.121311 -0.13427
v -1.5078 -3.4947 -0.19929
vn 0.986314 0.0897915 -0.138285
v -1.5084 -3.472 -0.19929
vn 0.985689 0.0463149 -0.162088
v -1.5134 -3.472 -0.22199
vn 0.972994 0.0857301 -0.214321
v -1.5164 -3.4493 -0.23727
vn 0.985082 -0.05513 -0.163015
v -1.5114 -3.4266 -0.22199
vn 0.981509 -0.163582 -0.0994053
v -1.5043 -3.4947 -0.17658
vn 0.983126 0.102499 -0.151516
v -1.5058 -3.472 -0.17658
vn 0.990062 0.0457955 -0.132966
v -1.4937 -3.5318 0.11859
vn 0.972672 0.229384 0.0359514
v -1.4937 -3.5277 0.095882
vn 0.978648 0.20207 0.0376369
v -1.4958 -3.5174 0.095882
vn 0.997089 0.0635904 0.0420644
v -1.4914 -3.5401 0.14129
vn 0.911115 0.410899 0.0321103
v -1.4906 -3.5401 0.11859
vn 0.926674 0.373438 0.0426514
v -1.4953 -3.5174 0.073177
vn 0.99967 0.0132084 0.0220127
v -1.4956 -3.4947 0.073177
vn 0.998413 0.0351842 0.0439727
v -1.4971 -3.4947 0.095882
vn 0.99545 0.0716257 0.0628375
v -1.6299 -3.3018 -0.2447
vn -0.362843 0.887671 0.283524
v -1.6072 -3.2903 -0.24824
vn -0.382919 0.787592 0.482775
v -1.5391 -3.2951 -0.2447
vn 0.285472 0.898033 0.334728
v -1.6535 -3.313 -0.22199
vn -0.295068 0.952837 0.0709714
v -1.6673 -3.313 -0.2447
vn -0.293016 0.939382 0.178054
v -1.6753 -3.3198 -0.22199
vn -0.297798 0.953554 0.045287
v -1.6555 -3.313 -0.19929
vn -0.294857 0.955023 -0.0314776
v -1.6753 -3.3192 -0.19929
vn -0.298667 0.953787 -0.0329872
v -1.6526 -3.3122 -0.19929
vn -0.311484 0.949296 -0.0426065
v -1.6299 -3.3046 -0.19929
vn -0.342828 0.937617 -0.0578169
v -1.6299 -3.3057 -0.22199
vn -0.342095 0.939373 0.0234452
v -1.6586 -3.313 -0.17658
vn -0.294342 0.955081 -0.0343822
v -1.6526 -3.3112 -0.17658
vn -0.331588 0.942526 -0.0411629
v -1.6526 -3.311 -0.15387
vn -0.371759 0.927591 -0.0370229
v -1.5391 -3.302 -0.22199
vn 0.309152 0.938739 0.152294
v -1.5391 -3.3035 -0.19929
vn 0.33972 0.940445 -0.0124281
v -1.5391 -3.3014 -0.17658
vn 0.330793 0.93862 -0.0978174
v -1.6109 -3.2903 0.095882
vn -0.290031 0.940531 -0.176872
v -1.6299 -3.2961 0.095882
vn -0.287442 0.941621 -0.175293
v -1.6072 -3.2891 0.095882
vn -0.258456 0.947665 -0.187434
v -1.7373 -2.9952 0.20941
vn -0.682162 0.469936 0.560192
v -1.7435 -2.9952 0.20186
vn -0.682162 0.469936 0.560192
v -1.7435 -3.0042 0.20941
vn -0.682162 0.469936 0.560192
v -1.5313 -3.2903 -0.063054
vn 0.207665 0.977975 -0.0209877
v -1.5288 -3.2903 -0.040349
vn 0.199729 0.979642 0.0202327
v -1.7889 -3.086 0.24094
vn -0.608024 0.295719 0.736788
v -1.7662 -3.0475 0.27752
vn -0.850191 0.492855 -0.185118
v -1.5618 -3.0056 0.25482
vn 0.526396 0.759221 0.382741
v -1.5618 -2.9952 0.23419
vn 0.557646 0.717943 0.416641
v -1.5768 -2.9952 0.25482
vn 0.559677 0.721916 0.406939
v -1.5618 -2.9934 0.23211
vn 0.51845 0.646634 0.55953
v -1.4998 -3.5401 -0.19929
vn 0.954427 0.241597 -0.175216
v -1.4937 -3.5439 -0.17658
vn 0.927793 0.317404 -0.196097
v -1.495 -3.5401 -0.17658
vn 0.940177 0.276731 -0.198715
v -1.5123 -3.4493 -0.22199
vn 0.966918 -0.0550017 -0.249089
v -1.4886 -3.5401 0.073177
vn 0.9487 0.314177 0.0355146
v -1.4879 -3.5401 0.050472
vn 0.948892 0.314241 0.0292544
v -1.4937 -3.5247 0.073177
vn 0.955494 0.292899 0.0352232
v -1.4896 -3.5401 0.095882
vn 0.948374 0.313766 0.0462453
v -1.5618 -3.0061 0.27752
vn 0.619391 0.779618 -0.0924659
v -1.5766 -2.9952 0.27752
vn 0.55706 0.824031 -0.103234
v -1.5495 -3.0179 0.27752
vn 0.692201 0.72153 0.0158916
v -1.5013 -3.5628 -0.22199
vn 0.981 0.0388957 -0.190067
v -1.5088 -3.4493 -0.19929
vn 0.99442 0.00876124 -0.105127
v -1.5097 -3.4266 -0.19929
vn 0.996429 0.0394967 -0.0746296
v -1.5011 -3.4947 -0.15387
vn 0.975047 0.148186 -0.165303
v -1.5079 -3.4493 -0.17658
vn 0.995545 0.0548224 -0.0767149
v -1.5112 -3.4039 -0.22199
vn 0.999465 -0.0242149 -0.0220034
v -1.4935 -3.5174 0.027767
vn 0.981208 0.178421 0.0734618
v -1.4918 -3.5174 0.0050616
vn 0.97197 0.224295 0.0704662
v -1.4937 -3.5163 0.027767
vn 0.976549 0.204495 0.06733
v -1.4937 -3.5094 0.0050616
vn 0.970549 0.230496 0.0700468
v -1.4937 -3.5226 0.050472
vn 0.961379 0.273675 0.0291877
v -1.4937 -3.5174 0.030328
vn 0.994261 0.10363 0.0265677
v -1.495 -3.5174 0.050472
vn 0.997765 0.0639427 0.0194151
v -1.4961 -3.4947 0.050472
vn 0.999263 0.0381081 -0.00450339
v -1.4965 -3.4947 0.027767
vn 0.998474 0.0477141 -0.0278011
v -1.4958 -3.472 0.050472
vn 0.999651 1.3116e-06 -0.0264171
v -1.4971 -3.472 0.027767
vn 0.998018 0.0263784 -0.0571416
v -1.4956 -3.472 0.073177
vn 0.998235 0.0161251 0.0571558
v -1.4982 -3.472 0.095882
vn 0.995618 0.0394747 0.0847714
v -1.4995 -3.472 0.11859
vn 0.998124 0.0219834 0.0571402
v -1.5164 -3.3014 -0.13117
vn 0.297305 0.937345 -0.181644
v -1.5164 -3.2966 -0.10846
vn 0.261018 0.956702 -0.128804
v -1.5164 -3.2948 -0.085759
vn 0.245471 0.968213 -0.0480368
v -1.5164 -3.2939 -0.063054
vn 0.237026 0.971071 -0.0289955
v -1.5164 -3.2934 -0.040349
vn 0.242367 0.969423 0.0384273
v -1.5164 -3.2957 -0.017643
vn 0.263153 0.956188 0.128279
v -1.5164 -3.3 0.0050616
vn 0.268821 0.947145 0.175076
v -1.5164 -3.3039 0.027767
vn 0.267723 0.94959 0.163104
v -1.5164 -3.3059 0.073177
vn 0.307315 0.951275 -0.0251425
v -1.5164 -3.306 0.050472
vn 0.279179 0.96023 -0.00422481
v -1.5164 -3.3054 0.095882
vn 0.398375 0.913447 -0.0831416
v -1.5164 -3.3035 0.11859
vn 0.473084 0.872341 -0.123341
v -1.7662 -3.0179 0.19668
vn -0.608026 0.469615 0.64013
v -1.7552 -3.0179 0.20941
vn -0.707381 0.645026 0.289054
v -1.7662 -3.0283 0.20941
vn -0.657479 0.698026 0.283693
v -1.7267 -2.9952 0.23211
vn -0.679593 0.680536 0.273905
v -1.7725 -3.0633 0.27752
vn -0.928858 0.37038 -0.00652759
v -1.4937 -3.4493 0.16857
vn 0.747167 -0.118493 0.653988
v -1.5845 -3.0179 -0.25219
vn 0.608937 -0.262774 0.748429
v -1.5164 -3.313 -0.24981
vn 0.845701 0.355967 0.397589
v -1.7889 -2.9952 0.17818
vn -0.296557 0.0284123 0.954593
v -1.7775 -3.086 0.25482
vn -0.768495 0.104946 0.631191
v -1.7756 -3.1314 0.095882
vn 0.993199 0.116381 -0.00349982
v -1.7777 -3.1087 0.095882
vn 0.999781 0.0144731 -0.0150966
v -1.7766 -3.1314 0.11859
vn 0.994296 0.100741 0.0350312
v -1.7781 -3.1087 0.11859
vn 0.999845 2.62534e-06 0.0176151
v -1.7762 -3.086 0.095882
vn 0.997822 -0.0659304 -0.00219496
v -1.481 -3.5628 -0.13117
vn 0.989874 0.0261631 -0.139513
v -1.4771 -3.5855 -0.10846
vn 0.993878 0.0612919 -0.0919263
v -1.4781 -3.5628 -0.10846
vn 0.993896 0.0379428 -0.103588
v -1.475 -3.5855 -0.085759
vn 0.991144 0.096058 -0.0916873
v -1.4772 -3.5628 -0.085759
vn 0.995366 0.0701563 -0.065768
v -1.471 -3.5962 -0.017643
vn 0.9933 -0.114474 -0.0158185
v -1.471 -3.5855 -0.037645
vn 0.997559 0 -0.0698219
v -1.4696 -3.5855 -0.017643
vn 0.999736 0.0169133 -0.015569
v -1.471 -3.5702 -0.017643
vn 0.995604 0.0911004 -0.0217584
v -1.471 -3.5969 0.0050616
vn 0.996172 -0.0873773 -0.0026939
v -1.47 -3.5855 0.0050616
vn 0.999008 -0.0433005 0.0104367
v -1.471 -3.5753 0.0050616
vn 0.995415 0.0936828 0.0192916
v -1.4742 -3.5855 0.095882
vn 0.97934 0.198458 0.0388195
v -1.4739 -3.5855 0.073177
vn 0.979997 0.198591 0.0129508
v -1.4785 -3.5628 0.073177
vn 0.979997 0.198591 0.0129508
v -1.4788 -3.5628 0.095882
vn 0.978767 0.198342 0.0517271
v -1.4797 -3.3585 0.095882
vn 0.996599 0.0234157 -0.0790021
v -1.48 -3.3358 0.095882
vn 0.947528 0.319163 -0.0180451
v -1.4785 -3.3358 0.073177
vn 0.901341 0.427062 0.0721208
v -1.478 -3.3358 0.11859
vn 0.93183 0.333371 -0.143377
v -1.4976 -3.313 -0.13117
vn 0.60429 0.736453 -0.304089
v -1.4937 -3.313 -0.12342
vn 0.60429 0.736453 -0.304089
v -1.4937 -3.3162 -0.13117
vn 0.60429 0.736453 -0.304089
v -1.4937 -3.2984 -0.063054
vn 0.371718 0.927259 -0.0449162
v -1.4937 -3.2973 -0.040349
vn 0.328664 0.94441 -0.0083152
v -1.471 -3.3064 -0.040349
vn 0.371718 0.927259 -0.0449162
v -1.4937 -3.298 -0.017643
vn 0.282165 0.956025 0.0799992
v -1.4937 -3.3011 0.0050616
vn 0.302496 0.932703 0.19637
v -1.4782 -3.313 0.027767
vn 0.354231 0.909647 0.21694
v -1.4937 -3.3148 0.073177
vn 0.801267 0.592669 0.0819466
v -1.4937 -3.313 0.062902
vn 0.747044 0.655759 0.109109
v -1.4961 -3.313 0.073177
vn 0.594218 0.792238 0.138791
v -1.4937 -3.3068 0.027767
vn 0.364326 0.910807 0.194159
v -1.4937 -3.3114 0.050472
vn 0.422947 0.898739 0.115688
v -1.4937 -3.3175 0.095882
vn 0.803566 0.59431 0.0328224
v -1.4937 -3.3164 0.11859
vn 0.787591 0.614202 -0.0495622
v -1.4886 -3.313 0.14129
vn 0.660434 0.672437 -0.334149
v -1.4937 -3.313 0.13121
vn 0.660434 0.672437 -0.334149
v -1.4937 -3.3091 0.14129
vn 0.580649 0.759302 -0.293782
v -1.4869 -3.5855 -0.17658
vn 0.989081 0.0479264 -0.139366
v -1.4848 -3.5628 -0.15387
vn 0.973495 0.171571 -0.151234
v -1.4882 -3.5628 -0.17658
vn 0.974479 0.170606 -0.145892
v -1.491 -3.5401 -0.15387
vn 0.953148 0.260336 -0.154061
v -1.495 -3.3358 -0.17658
vn 0.949302 -0.0710947 -0.306221
v -1.4937 -3.3358 -0.17255
vn 0.946463 0.0692285 -0.315302
v -1.4967 -3.3585 -0.17658
vn 0.94578 -0.0686313 -0.317475
v -1.4875 -3.3358 -0.15387
vn 0.933604 0.077505 -0.349823
v -1.4876 -3.5401 -0.13117
vn 0.95456 0.271935 -0.121932
v -1.4861 -3.5401 -0.10846
vn 0.947157 0.314329 -0.0639576
v -1.4734 -3.5855 -0.063054
vn 0.988289 0.12916 -0.0812508
v -1.4763 -3.5628 -0.063054
vn 0.981888 0.18059 -0.0573008
v -1.4859 -3.5401 -0.085759
vn 0.936594 0.349335 -0.0275016
v -1.485 -3.5401 -0.063054
vn 0.933129 0.357634 -0.0369894
v -1.4713 -3.5855 -0.040349
vn 0.986669 0.134745 -0.0912572
v -1.4744 -3.5628 -0.040349
vn 0.987621 0.130523 -0.0869948
v -1.4752 -3.5628 0.0050616
vn 0.945795 0.317793 0.0669286
v -1.471 -3.5855 0.019801
vn 0.99325 -0.00148447 0.115981
v -1.4717 -3.5855 0.027767
vn 0.997662 -0.00220047 0.0683082
v -1.4767 -3.5628 0.027767
vn 0.969104 0.230998 0.0864736
v -1.4786 -3.3358 -0.13117
vn 0.919857 0.154263 -0.360646
v -1.4731 -3.5855 0.050472
vn 0.997218 -0.0527176 0.0527051
v -1.4778 -3.5628 0.050472
vn 0.979144 0.200575 0.0323437
v -1.4996 -3.4039 0.073177
vn 0.958328 -0.281378 -0.0493406
v -1.5008 -3.4039 0.050472
vn 0.958501 -0.278102 -0.0627348
v -1.4937 -3.3263 -0.15387
vn 0.718684 0.62697 -0.300669
v -1.6299 -3.2997 0.073177
vn -0.288404 0.94681 -0.142738
v -1.6526 -3.3062 0.073177
vn -0.271785 0.949157 -0.158851
v -1.5396 -3.0406 0.1867
vn 0.992144 -0.0406974 -0.118299
v -1.5391 -3.0406 0.18838
vn 0.981245 0.0398892 -0.188593
v -1.5419 -3.0633 0.1867
vn 0.914272 -0.0834259 -0.396417
v -1.5391 -3.0633 0.19263
vn 0.969006 -0.0150516 -0.246579
v -1.5391 -3.0203 0.20941
vn 0.977768 0.208256 -0.0244897
v -1.5393 -3.0289 0.19752
vn 0.999955 0.00924679 -0.00203577
v -1.5391 -3.0361 0.1867
vn 0.988309 -0.107781 0.107838
v -1.5391 -3.0179 0.20451
vn 0.972334 0.0247036 0.232285
v -1.5398 -3.0179 0.20941
vn 0.959919 0.2521 0.122475
v -1.5464 -2.9952 0.20941
vn 0.790703 0.334812 0.512533
v -1.5391 -2.9952 0.19963
vn 0.87695 -0.0259907 0.479878
v -1.508 -3.313 -0.15387
vn 0.650127 0.699011 -0.297857
v -1.4859 -3.313 -0.10846
vn 0.626751 0.740715 -0.241916
v -1.4937 -3.3064 -0.10846
vn 0.626751 0.740715 -0.241916
v -1.4937 -3.3007 -0.085759
vn 0.634388 0.749741 -0.188256
v -1.4997 -3.313 0.095882
vn 0.599505 0.799313 0.0411438
v -1.4984 -3.313 0.11859
vn 0.590926 0.803527 -0.0717728
v -1.5164 -3.2985 0.14129
vn 0.417788 0.842826 -0.33926
v -1.5164 -3.2903 0.1579
vn 0.393343 0.821687 -0.412446
v -1.4937 -3.2937 0.164
vn 0.361292 0.768471 -0.52813
v -1.5036 -3.2903 0.164
vn 0.274763 0.826459 -0.491397
v -1.5164 -3.2866 0.164
vn 0.350883 0.80886 -0.471833
v -1.4937 -3.2903 0.16849
vn 0.456455 0.769262 -0.447086
v -1.5347 -3.086 0.20941
vn 0.966826 -0.0569818 -0.248998
v -1.5391 -3.086 0.1971
vn 0.947985 -0.0758734 -0.309141
v -1.5344 -3.0633 0.20941
vn 0.981784 0.0423892 -0.185214
v -1.5359 -3.0406 0.20941
vn 0.988927 0.107633 -0.102172
v -1.5369 -3.0179 0.1867
vn 0.955928 -0.107646 0.273156
v -1.5391 -3.0256 0.23211
vn 0.964836 0.261175 0.0296627
v -1.543 -3.0179 0.23211
vn 0.849439 0.43899 0.292817
v -1.56 -2.9952 0.23211
vn 0.712298 0.545554 0.441591
v -1.5311 -3.0633 0.23211
vn 0.988379 0.103057 -0.111738
v -1.5348 -3.0406 0.23211
vn 0.977108 0.206056 -0.0529221
v -1.5337 -3.0406 0.25482
vn 0.963375 0.264065 -0.0466655
v -1.5391 -3.0301 0.25482
vn 0.934584 0.355519 0.0125889
v -1.4951 -3.5628 -0.19929
vn 0.955422 0.129665 -0.265248
v -1.4937 -3.5628 -0.1948
vn 0.951912 0.143334 -0.270774
v -1.5102 -3.3585 -0.2447
vn 0.998765 -0.045763 0.0193532
v -1.5096 -3.3358 -0.2447
vn 0.988738 0.147741 0.0238559
v -1.5043 -3.472 -0.15387
vn 0.989197 0.133632 -0.060267
v -1.5101 -3.4266 -0.17658
vn 0.999205 0.039611 0.00440372
v -1.5076 -3.4493 -0.15387
vn 0.992534 0.118784 -0.027686
v -1.5106 -3.3812 -0.22199
vn 0.997097 -0.0636895 -0.0417196
v -1.5107 -3.4039 -0.19929
vn 0.999011 -0.0102656 -0.0432723
v -1.5094 -3.3812 -0.19929
vn 0.98143 -0.154926 -0.113108
v -1.5078 -3.3585 -0.22199
vn 0.985543 -0.109256 -0.129496
v -1.5063 -3.3358 -0.22199
vn 0.957982 0.244362 -0.150194
v -1.5035 -3.3585 -0.19929
vn 0.968559 -0.142517 -0.203917
v -1.5018 -3.3358 -0.19929
vn 0.915212 0.332876 -0.227115
v -1.4919 -3.5174 -0.10846
vn 0.9656 0.253845 -0.0563919
v -1.4912 -3.5174 -0.085759
vn 0.972115 0.233468 -0.0220333
v -1.4908 -3.5174 -0.063054
vn 0.971478 0.236761 -0.0132291
v -1.4738 -3.5628 -0.017643
vn 0.913441 0.406652 0.0160924
v -1.4844 -3.5401 -0.040349
vn 0.938879 0.343291 -0.0256366
v -1.4908 -3.5174 -0.040349
vn 0.965315 0.261084 -0.00138484
v -1.4844 -3.5401 -0.017643
vn 0.934279 0.356309 0.0129322
v -1.491 -3.5174 -0.017643
vn 0.962575 0.270073 0.0225963
v -1.485 -3.5401 0.0050616
vn 0.942913 0.330644 0.0398675
v -1.4864 -3.5401 0.027767
vn 0.934722 0.350035 0.0613999
v -1.4992 -3.4947 -0.13117
vn 0.97509 0.20719 -0.0791983
v -1.5034 -3.472 -0.13117
vn 0.984662 0.168307 -0.0459711
v -1.4937 -3.5109 -0.10846
vn 0.970183 0.235211 -0.0584938
v -1.4975 -3.4947 -0.10846
vn 0.973872 0.21786 -0.064116
v -1.5026 -3.472 -0.10846
vn 0.978921 0.197292 -0.0528129
v -1.5073 -3.4493 -0.13117
vn 0.990777 0.131809 -0.0314169
v -1.4937 -3.5064 -0.085759
vn 0.975452 0.217791 -0.0325699
v -1.4961 -3.4947 -0.085759
vn 0.979145 0.199861 -0.0364725
v -1.501 -3.472 -0.085759
vn 0.978305 0.200832 -0.0508463
v -1.4937 -3.5051 -0.063054
vn 0.976956 0.213437 -0.00130617
v -1.4958 -3.4947 -0.063054
vn 0.982904 0.184107 0.00216487
v -1.4999 -3.472 -0.063054
vn 0.982989 0.183112 -0.0142238
v -1.5043 -3.4493 -0.063054
vn 0.983349 0.179055 -0.0310361
v -1.505 -3.4493 -0.085759
vn 0.986151 0.165082 -0.0159247
v -1.4937 -3.5058 -0.040349
vn 0.973149 0.23004 0.00786583
v -1.4962 -3.4947 -0.040349
vn 0.982948 0.183508 0.0117795
v -1.5 -3.472 -0.040349
vn 0.987204 0.159461 -0.000724717
v -1.4937 -3.5068 -0.017643
vn 0.973534 0.228107 0.0141068
v -1.4965 -3.4947 -0.017643
vn 0.985899 0.167314 -0.00294298
v -1.5001 -3.472 -0.017643
vn 0.988864 0.14811 -0.0145162
v -1.5039 -3.4493 -0.040349
vn 0.986389 0.16223 -0.0267907
v -1.5075 -3.4266 -0.040349
vn 0.985466 0.164971 -0.0405053
v -1.5031 -3.4493 -0.017643
vn 0.989629 0.140603 -0.0294249
v -1.4966 -3.4947 0.0050616
vn 0.992077 0.124914 -0.013388
v -1.4989 -3.472 0.0050616
vn 0.991039 0.123335 -0.0512876
v -1.5049 -3.4266 0.0050616
vn 0.993769 0.0805545 -0.0770361
v -1.5002 -3.4493 0.027767
vn 0.989072 0.139429 -0.0479152
v -1.5035 -3.4266 0.027767
vn 0.996123 0.0772303 -0.0421159
v -1.503 -3.4039 0.027767
vn 0.989898 -0.0834776 -0.114599
v -1.479 -3.5628 0.11859
vn 0.943814 0.327637 0.0432319
v -1.4937 -3.5628 0.15782
vn 0.824021 0.00177734 0.566557
v -1.4809 -3.5628 0.14129
vn 0.93285 0.151487 0.326869
v -1.4985 -3.5401 0.164
vn 0.74872 -0.00511518 0.662867
v -1.4998 -3.5174 0.164
vn 0.905568 0.0705452 0.418293
v -1.4996 -3.4493 0.050472
vn 0.989138 0.14434 -0.0277733
v -1.5028 -3.4266 0.050472
vn 0.998558 0.0167134 -0.0510175
v -1.4993 -3.4493 0.073177
vn 0.993941 0.108734 0.0160495
v -1.5017 -3.4266 0.073177
vn 0.997169 0.0658885 -0.0362348
v -1.4998 -3.4493 0.095882
vn 0.998281 0.0527717 0.0254991
v -1.5009 -3.4266 0.095882
vn 0.998101 0.0615541 0.00219689
v -1.5001 -3.4493 0.11859
vn 0.997082 0.0190346 -0.0739271
v -1.5011 -3.4266 0.11859
vn 0.994793 0.0438149 -0.0920179
v -1.4998 -3.4947 0.14129
vn 0.998451 0.0431155 0.03518
v -1.4974 -3.472 0.14129
vn 0.990532 -0.056729 -0.125016
v -1.4957 -3.4493 0.14129
vn 0.985063 -0.0347258 -0.168655
v -1.698 -3.3248 -0.19929
vn -0.162205 0.986195 -0.0333065
v -1.698 -3.3254 -0.22199
vn -0.162231 0.986408 -0.0260733
v -1.7207 -3.3254 -0.22199
vn 0 0.999651 -0.0264269
v -1.6753 -3.3156 -0.2447
vn -0.304408 0.936658 0.173225
v -1.6526 -3.3128 -0.22199
vn -0.294876 0.953316 0.0650833
v -1.6526 -3.3091 -0.2447
vn -0.286637 0.945138 0.156696
v -1.6753 -3.3182 -0.17658
vn -0.25748 0.965962 -0.0249407
v -1.698 -3.3237 -0.17658
vn -0.236632 0.97078 -0.0398968
v -1.6753 -3.3179 -0.15387
vn -0.248374 0.968662 -0.00213604
v -1.698 -3.323 -0.15387
vn -0.223287 0.974732 -0.00644061
v -1.659 -3.313 -0.15387
vn -0.291449 0.956586 0.000243968
v -1.5164 -3.3154 -0.2447
vn 0.912753 0.398242 0.0910272
v -1.5176 -3.313 -0.2447
vn 0.608966 0.77463 0.170611
v -1.5164 -3.3196 -0.22199
vn 0.868821 0.494953 -0.0131353
v -1.5217 -3.313 -0.22199
vn 0.60232 0.796572 0.0518069
v -1.5164 -3.3183 -0.19929
vn 0.768456 0.63299 -0.0937968
v -1.5221 -3.313 -0.19929
vn 0.522268 0.850599 -0.0609692
v -1.5164 -3.3138 -0.17658
vn 0.723651 0.667597 -0.175053
v -1.5174 -3.313 -0.17658
vn 0.52102 0.845841 -0.114412
v -1.5164 -3.313 -0.17362
vn 0.602567 0.753345 -0.263408
v -1.5164 -3.3081 -0.15387
vn 0.431097 0.878163 -0.207329
v -1.6753 -3.3181 -0.13117
vn -0.256092 0.966648 0.00278715
v -1.698 -3.3232 -0.13117
vn -0.219204 0.97567 0.00429787
v -1.6753 -3.3181 -0.10846
vn -0.277866 0.960561 -0.0106102
v -1.6583 -3.313 -0.13117
vn -0.299653 0.954029 -0.00607897
v -1.6526 -3.3111 -0.13117
vn -0.412458 0.91085 -0.0151876
v -1.6597 -3.313 -0.10846
vn -0.310962 0.950311 -0.014568
v -1.6526 -3.3105 -0.10846
vn -0.399198 0.916832 -0.00769953
v -1.6611 -3.313 -0.085759
vn -0.310681 0.950326 -0.0189091
v -1.6753 -3.3174 -0.085759
vn -0.295847 0.954782 -0.0294412
v -1.6526 -3.3101 -0.085759
vn -0.363714 0.93151 0.000971447
v -1.4691 -3.3812 0.164
vn 0.932363 -0.361522 0
v -1.6299 -3.2939 0.1867
vn -0.332508 0.923602 0.190783
v -1.6299 -3.3031 0.20941
vn -0.286537 0.790026 0.541993
v -1.5845 -3.1995 0.12801
vn 0.530097 -0.123008 -0.838967
v -1.5845 -3.1768 0.12406
vn 0.613119 -0.0928037 -0.78452
v -1.5845 -3.1541 0.1218
vn 0.64284 -0.0548276 -0.764035
v -1.5618 -3.1314 0.13992
vn 0.655368 -0.0562457 -0.753212
v -1.5845 -3.1314 0.11956
vn 0.665719 -0.0768574 -0.742234
v -1.5618 -3.1087 0.13937
vn 0.742481 -0.199154 -0.639577
v -1.6299 -3.313 0.21982
vn -0.1737 0.713624 0.678653
v -1.5391 -3.1171 0.23211
vn 0.905476 -0.424228 -0.0119686
v -1.5305 -3.086 0.23211
vn 0.902309 -0.353769 -0.246345
v -1.5243 -3.086 0.25482
vn 0.887379 -0.384045 -0.255083
v -1.5332 -3.1087 0.25482
vn 0.906154 -0.355277 -0.229486
v -1.4683 -3.3358 -0.10846
vn 0.871133 -0.403302 -0.280133
v -1.471 -3.3358 -0.11501
vn 0.859522 0.368364 -0.354303
v -1.471 -3.3295 -0.10846
vn 0.859522 0.368364 -0.354303
v -1.6072 -3.086 -0.24962
vn 0.560591 -0.146167 0.815091
v -1.7207 -3.3221 -0.2447
vn 0.188349 0.953819 0.233997
v -1.7435 -3.3164 -0.22199
vn 0.387901 0.919268 0.0669266
v -1.7435 -3.3166 -0.19929
vn 0.387298 0.921944 -0.00432513
v -1.7207 -3.325 -0.19929
vn 0.180081 0.983328 -0.0252445
v -1.7435 -3.3168 -0.17658
vn 0.36009 0.932905 0.00479612
v -1.7207 -3.3241 -0.17658
vn 0.154847 0.987715 -0.0210062
v -1.7435 -3.3171 -0.15387
vn 0.373176 0.927037 0.0366351
v -1.7207 -3.3238 -0.15387
vn 0.14652 0.988968 0.0217956
v -1.698 -3.3219 -0.2447
vn -0.136893 0.946846 0.291108
v -1.6753 -3.313 -0.25091
vn -0.245666 0.875425 0.416269
v -1.7435 -3.3187 -0.13117
vn 0.354287 0.933086 0.0619041
v -1.7207 -3.3248 -0.13117
vn 0.088907 0.994764 0.0504004
v -1.7435 -3.3205 -0.10846
vn 0.34268 0.938621 0.0395239
v -1.7207 -3.3261 -0.10846
vn 0.0316418 0.999126 0.0272987
v -1.7435 -3.3207 -0.085759
vn 0.375695 0.926663 -0.0122426
v -1.7207 -3.3264 -0.085759
vn 0.0996781 0.995018 -0.00174881
v -1.7435 -3.3199 -0.063054
vn 0.372114 0.92794 -0.0214335
v -1.7207 -3.3259 -0.063054
vn 0.0401619 0.999049 -0.0169862
v -1.7207 -3.3256 -0.040349
vn 0.122084 0.992266 0.0224344
v -1.7207 -3.3265 -0.017643
vn 0.139823 0.98891 0.050058
v -1.7207 -3.3278 0.0050616
vn 0.134946 0.989893 0.0436027
v -1.7207 -3.3286 0.027767
vn 0.224354 0.974484 0.00684803
v -1.698 -3.3237 -0.10846
vn -0.153208 0.988025 0.0182775
v -1.698 -3.3236 -0.085759
vn -0.190779 0.981451 -0.018913
v -1.698 -3.3228 -0.063054
vn -0.216745 0.976219 -0.00430337
v -1.6753 -3.3166 -0.063054
vn -0.264138 0.964326 -0.0175381
v -1.662 -3.313 -0.063054
vn -0.282371 0.959227 -0.0122721
v -1.698 -3.3233 -0.040349
vn -0.203174 0.977816 0.0509611
v -1.6753 -3.3167 -0.040349
vn -0.273765 0.961251 0.0324094
v -1.698 -3.3257 -0.017643
vn -0.187468 0.978291 0.0883274
v -1.6753 -3.3183 -0.017643
vn -0.30602 0.948916 0.0768798
v -1.6623 -3.313 -0.040349
vn -0.290277 0.956731 0.0200985
v -1.6526 -3.31 -0.040349
vn -0.317562 0.948169 0.0114074
v -1.6605 -3.313 -0.017643
vn -0.340439 0.939107 0.0466847
v -1.6526 -3.3103 -0.017643
vn -0.322535 0.946247 0.024253
v -1.698 -3.3279 0.0050616
vn -0.161268 0.98495 0.0621801
v -1.6753 -3.3205 0.0050616
vn -0.335694 0.939151 0.0728286
v -1.698 -3.3287 0.027767
vn -0.10514 0.994453 0.00291866
v -1.6753 -3.3218 0.027767
vn -0.344536 0.938717 -0.0102926
v -1.6573 -3.313 0.0050616
vn -0.376774 0.925039 0.0484215
v -1.6526 -3.3112 0.0050616
vn -0.335767 0.941095 0.0400098
v -1.6547 -3.313 0.027767
vn -0.384787 0.922841 -0.0174356
v -1.6526 -3.3122 0.027767
vn -0.334364 0.942298 -0.0165984
v -1.698 -3.3277 0.050472
vn -0.194951 0.979799 -0.0445941
v -1.6753 -3.3199 0.050472
vn -0.367173 0.924384 -0.103436
v -1.698 -3.3263 0.073177
vn -0.280395 0.958591 -0.049818
v -1.6753 -3.3164 0.073177
vn -0.420887 0.904754 -0.065379
v -1.6591 -3.313 0.050472
vn -0.387361 0.914662 -0.115518
v -1.6526 -3.3104 0.050472
vn -0.31541 0.94396 -0.0972468
v -1.6683 -3.313 0.073177
vn -0.405339 0.908048 -0.105588
v -1.5563 -3.1087 0.164
vn 0.954754 -0.142996 -0.260763
v -1.5529 -3.086 0.164
vn 0.931942 -0.175166 -0.31749
v -1.5444 -3.086 0.1867
vn 0.927374 -0.157255 -0.339483
v -1.5391 -3.0278 0.27752
vn 0.658299 0.696254 -0.286134
v -1.471 -3.3489 0.14129
vn 0.954517 0.00993276 -0.297992
v -1.5609 -3.1087 0.14129
vn 0.905425 -0.00797861 -0.424432
v -1.5582 -3.086 0.14129
vn 0.90459 -0.108593 -0.412219
v -1.5814 -2.9952 -0.2447
vn 0.631238 -0.336903 0.698595
v -1.5391 -3.3585 0.22867
vn 0.202882 -0.342314 0.91742
v -1.4659 -3.3585 0.164
vn 0.984879 -0.119939 -0.125011
v -1.4655 -3.3358 0.164
vn 0.986382 0.0527768 -0.155771
v -1.471 -3.3358 0.14275
vn 0.967723 0.0279144 -0.250467
v -1.536 -3.1087 0.23211
vn 0.931933 -0.343946 -0.114901
v -1.5066 -3.4493 -0.10846
vn 0.990436 0.130894 -0.043625
v -1.5017 -3.4493 0.0050616
vn 0.989533 0.130774 -0.0610129
v -1.5391 -3.4065 0.20941
vn 0.300967 -0.300967 0.904897
v -1.5365 -3.4039 0.20941
vn 0.353328 -0.367151 0.860442
v -1.6526 -3.3038 0.164
vn -0.422006 0.903746 -0.0717899
v -1.6299 -3.2943 0.164
vn -0.377755 0.924215 -0.0559307
v -1.6731 -3.313 0.1867
vn -0.468152 0.880123 0.0788497
v -1.6526 -3.3025 0.1867
vn -0.394008 0.910131 0.128138
v -1.6587 -3.313 0.20941
vn -0.410346 0.745515 0.525189
v -1.6526 -3.3107 0.20941
vn -0.303275 0.882268 0.360038
v -1.5321 -3.0179 0.14129
vn 0.809055 -0.577926 -0.106924
v -1.5391 -3.4039 0.21047
vn 0.351113 -0.367319 0.861276
v -1.6753 -3.3358 0.21686
vn -0.229353 0.472971 0.850703
v -1.6526 -3.3358 0.22298
vn -0.27517 0.429899 0.859923
v -1.6526 -3.313 0.21243
vn -0.286966 0.528674 0.798846
v -1.4716 -3.3358 0.14129
vn 0.924089 0.0423312 -0.379825
v -1.471 -3.3157 -0.085759
vn 0.870733 0.433203 -0.232723
v -1.471 -3.313 -0.077746
vn 0.892664 0.426337 -0.146245
v -1.4681 -3.313 -0.063054
vn 0.901734 0.407364 -0.144673
v -1.465 -3.313 -0.040349
vn 0.89676 0.431641 -0.0975074
v -1.471 -3.3584 -0.10846
vn 0.989152 -0.118171 -0.0872616
v -1.474 -3.313 -0.085759
vn 0.539923 0.817081 -0.202144
v -1.471 -3.3095 -0.063054
vn 0.749643 0.653342 -0.105739
v -1.5262 -3.0633 0.25482
vn 0.927561 0.201528 -0.31467
v -1.5183 -3.0633 0.27752
vn 0.877786 0.350589 -0.326465
v -1.5164 -3.0633 0.28117
vn 0.856221 0.353658 -0.376579
v -1.5297 -3.0406 0.27752
vn 0.836974 0.423779 -0.346245
v -1.5391 -3.0297 0.14129
vn 0.935512 -0.352716 0.0201922
v -1.5391 -3.0284 0.164
vn 0.950454 -0.310854 0.00264711
v -1.5344 -3.0179 0.164
vn 0.890348 -0.408974 0.200052
v -1.549 -3.0179 0.25482
vn 0.742537 0.665585 0.0750717
v -1.5618 -3.5401 0.183
vn -0.144283 -0.213933 0.966134
v -1.698 -3.3585 0.21322
vn -0.24826 0.13607 0.959089
v -1.698 -3.3358 0.20998
vn -0.276125 0.15318 0.948836
f 1//1 2//2 3//3
f 4//4 2//2 5//5
f 5//5 2//2 1//1
f 6//6 7//7 8//8
f 8//8 9//9 6//6
f 10//10 6//6 9//9
f 9//9 11//11 10//10
f 12//12 10//10 13//13
f 13//13 10//10 11//11
f 14//14 12//12 15//15
f 15//15 12//12 13//13
f 16//16 14//14 17//17
f 17//17 14//14 15//15
f 18//18 16//16 17//17
f 19//19 20//20 21//21
f 22//22 19//19 21//21
f 22//22 21//21 23//23
f 23//23 21//21 24//24
f 21//21 25//25 26//26
f 23//23 27//27 22//22
f 28//28 29//29 30//30
f 30//30 29//29 27//27
f 31//31 32//32 33//33
f 33//33 32//32 34//34
f 33//33 34//34 35//35
f 35//35 36//36 33//33
f 37//37 38//38 39//39
f 40//40 39//39 41//41
f 35//35 34//34 42//42
f 42//42 43//43 44//44
f 42//42 44//44 35//35
f 35//35 44//44 36//36
f 45//45 44//44 46//46
f 46//46 44//44 43//43
f 46//46 43//43 47//47
f 42//42 37//37 48//48
f 40//40 49//49 48//48
f 48//48 43//43 42//42
f 49//49 50//50 47//47
f 46//46 47//47 51//51
f 52//52 53//53 54//54
f 52//52 3//3 2//2
f 53//53 52//52 55//55
f 56//56 57//57 55//55
f 58//58 55//55 4//4
f 4//4 55//55 2//2
f 2//2 55//55 52//52
f 59//59 56//56 55//55
f 55//55 58//58 59//59
f 45//45 60//60 61//61
f 46//46 60//60 45//45
f 62//62 63//63 64//64
f 65//65 66//66 67//67
f 68//68 69//69 70//70
f 71//71 70//70 72//72
f 66//66 73//73 74//74
f 75//75 71//71 76//76
f 77//77 78//78 79//79
f 80//80 81//81 82//82
f 83//83 82//82 81//81
f 84//84 85//85 86//86
f 87//87 88//88 89//89
f 90//90 91//91 92//92
f 93//93 94//94 95//95
f 93//93 95//95 96//96
f 97//97 98//98 99//99
f 100//100 101//101 102//102
f 103//103 104//104 105//105
f 105//105 106//106 103//103
f 106//106 105//105 107//107
f 106//106 107//107 108//108
f 107//107 105//105 109//109
f 110//110 111//111 112//112
f 113//113 114//114 115//115
f 116//116 117//117 118//118
f 116//116 119//119 114//114
f 53//53 115//115 119//119
f 53//53 119//119 54//54
f 119//119 115//115 114//114
f 120//120 119//119 121//121
f 121//121 119//119 118//118
f 118//118 119//119 116//116
f 54//54 119//119 120//120
f 122//122 123//123 124//124
f 122//122 124//124 125//125
f 121//121 118//118 126//126
f 126//126 118//118 122//122
f 126//126 122//122 125//125
f 127//127 128//128 129//129
f 54//54 130//130 52//52
f 131//131 120//120 132//132
f 132//132 120//120 121//121
f 130//130 54//54 131//131
f 131//131 54//54 120//120
f 127//127 133//133 3//3
f 3//3 134//134 127//127
f 130//130 134//134 52//52
f 52//52 134//134 3//3
f 132//132 128//128 127//127
f 132//132 127//127 134//134
f 132//132 134//134 131//131
f 131//131 134//134 130//130
f 135//135 129//129 128//128
f 128//128 136//136 135//135
f 137//137 135//135 136//136
f 137//137 136//136 138//138
f 138//138 136//136 139//139
f 132//132 121//121 126//126
f 126//126 140//140 132//132
f 140//140 126//126 141//141
f 141//141 126//126 142//142
f 140//140 136//136 132//132
f 132//132 136//136 128//128
f 141//141 139//139 140//140
f 140//140 139//139 136//136
f 138//138 139//139 143//143
f 144//144 145//145 146//146
f 146//146 145//145 147//147
f 148//148 149//149 150//150
f 151//151 150//150 152//152
f 152//152 153//153 151//151
f 154//154 153//153 155//155
f 155//155 153//153 152//152
f 156//156 157//157 158//158
f 159//159 160//160 161//161
f 158//158 157//157 162//162
f 162//162 163//163 158//158
f 163//163 162//162 164//164
f 164//164 162//162 161//161
f 106//106 165//165 103//103
f 166//166 165//165 167//167
f 167//167 165//165 108//108
f 108//108 165//165 106//106
f 168//168 166//166 167//167
f 167//167 169//169 168//168
f 161//161 170//170 171//171
f 164//164 161//161 172//172
f 172//172 161//161 171//171
f 172//172 171//171 173//173
f 108//108 107//107 174//174
f 167//167 108//108 175//175
f 175//175 108//108 174//174
f 169//169 167//167 176//176
f 176//176 167//167 175//175
f 100//100 102//102 178//178
f 102//102 104//104 178//178
f 104//104 103//103 178//178
f 138//138 179//179 137//137
f 180//180 181//181 182//182
f 182//182 181//181 183//183
f 182//182 183//183 184//184
f 184//184 183//183 185//185
f 186//186 187//187 188//188
f 192//192 189//189 190//190
f 192//192 190//190 191//191
f 191//191 193//193 192//192
f 194//194 195//195 196//196
f 196//196 195//195 192//192
f 196//196 192//192 193//193
f 193//193 197//197 196//196
f 193//193 191//191 198//198
f 197//197 193//193 198//198
f 198//198 199//199 197//197
f 200//200 194//194 201//201
f 201//201 194//194 196//196
f 202//202 200//200 201//201
f 201//201 203//203 202//202
f 204//204 205//205 206//206
f 207//207 206//206 208//208
f 208//208 206//206 205//205
f 209//209 207//207 208//208
f 208//208 210//210 209//209
f 211//211 209//209 210//210
f 211//211 212//212 213//213
f 212//212 211//211 214//214
f 214//214 211//211 215//215
f 215//215 211//211 216//216
f 214//214 215//215 217//217
f 218//218 213//213 219//219
f 219//219 213//213 220//220
f 220//220 213//213 212//212
f 214//214 220//220 212//212
f 219//219 220//220 221//221
f 221//221 214//214 217//217
f 222//222 215//215 223//223
f 223//223 215//215 216//216
f 222//222 224//224 225//225
f 217//217 215//215 225//225
f 217//217 225//225 226//226
f 217//217 226//226 227//227
f 225//225 215//215 222//222
f 228//228 226//226 225//225
f 229//229 202//202 203//203
f 203//203 230//230 229//229
f 230//230 203//203 231//231
f 231//231 203//203 232//232
f 232//232 203//203 233//233
f 231//231 232//232 234//234
f 235//235 231//231 234//234
f 236//236 232//232 233//233
f 98//98 97//97 237//237
f 238//238 239//239 240//240
f 240//240 241//241 238//238
f 242//242 243//243 244//244
f 244//244 243//243 238//238
f 245//245 246//246 247//247
f 247//247 246//246 244//244
f 244//244 246//246 242//242
f 244//244 238//238 241//241
f 241//241 248//248 244//244
f 247//247 244//244 248//248
f 248//248 249//249 247//247
f 251//251 245//245 247//247
f 247//247 252//252 251//251
f 252//252 101//101 251//251
f 252//252 247//247 253//253
f 252//252 253//253 254//254
f 253//253 247//247 249//249
f 254//254 253//253 255//255
f 250//250 253//253 249//249
f 102//102 101//101 256//256
f 256//256 101//101 252//252
f 256//256 252//252 254//254
f 256//256 254//254 255//255
f 255//255 257//257 256//256
f 104//104 102//102 256//256
f 256//256 105//105 104//104
f 105//105 256//256 257//257
f 141//141 142//142 258//258
f 139//139 141//141 258//258
f 201//201 196//196 259//259
f 259//259 196//196 260//260
f 260//260 196//196 197//197
f 203//203 201//201 259//259
f 199//199 260//260 197//197
f 199//199 198//198 261//261
f 259//259 233//233 203//203
f 233//233 259//259 236//236
f 263//263 246//246 245//245
f 264//264 263//263 245//245
f 245//245 251//251 264//264
f 265//265 264//264 251//251
f 266//266 267//267 268//268
f 268//268 269//269 266//266
f 270//270 271//271 272//272
f 273//273 270//270 272//272
f 274//274 99//99 98//98
f 274//274 98//98 275//275
f 275//275 98//98 237//237
f 276//276 266//266 269//269
f 269//269 277//277 276//276
f 276//276 270//270 273//273
f 243//243 278//278 238//238
f 239//239 262//262 240//240
f 265//265 251//251 101//101
f 265//265 101//101 100//100
f 279//279 280//280 281//281
f 282//282 283//283 284//284
f 285//285 284//284 283//283
f 283//283 286//286 285//285
f 287//287 124//124 288//288
f 145//145 289//289 147//147
f 290//290 274//274 275//275
f 275//275 291//291 290//290
f 292//292 290//290 293//293
f 293//293 290//290 291//291
f 283//283 282//282 292//292
f 160//160 159//159 294//294
f 159//159 162//162 294//294
f 161//161 162//162 159//159
f 295//295 154//154 155//155
f 296//296 297//297 298//298
f 298//298 297//297 299//299
f 300//300 296//296 298//298
f 298//298 301//301 300//300
f 299//299 270//270 302//302
f 302//302 270//270 303//303
f 303//303 270//270 276//276
f 303//303 276//276 277//277
f 277//277 304//304 303//303
f 298//298 299//299 302//302
f 302//302 305//305 298//298
f 301//301 298//298 305//305
f 305//305 306//306 301//301
f 305//305 302//302 303//303
f 303//303 307//307 305//305
f 308//308 303//303 304//304
f 306//306 305//305 307//307
f 307//307 309//309 306//306
f 257//257 109//109 105//105
f 155//155 310//310 311//311
f 311//311 312//312 155//155
f 300//300 313//313 291//291
f 313//313 300//300 301//301
f 301//301 314//314 313//313
f 293//293 291//291 313//313
f 313//313 315//315 293//293
f 315//315 313//313 314//314
f 314//314 316//316 315//315
f 314//314 301//301 317//317
f 317//317 301//301 306//306
f 316//316 314//314 318//318
f 318//318 314//314 317//317
f 317//317 306//306 319//319
f 319//319 306//306 309//309
f 318//318 317//317 320//320
f 320//320 317//317 319//319
f 321//321 318//318 320//320
f 171//171 170//170 322//322
f 322//322 170//170 323//323
f 173//173 171//171 322//322
f 173//173 322//322 324//324
f 173//173 324//324 325//325
f 324//324 322//322 323//323
f 323//323 168//168 326//326
f 326//326 168//168 169//169
f 326//326 324//324 323//323
f 312//312 311//311 327//327
f 327//327 328//328 329//329
f 329//329 330//330 327//327
f 325//325 324//324 331//331
f 326//326 169//169 177//177
f 177//177 169//169 176//176
f 331//331 324//324 332//332
f 332//332 324//324 177//177
f 177//177 324//324 326//326
f 333//333 332//332 334//334
f 335//335 333//333 334//334
f 336//336 155//155 312//312
f 312//312 337//337 336//336
f 338//338 336//336 339//339
f 339//339 336//336 337//337
f 337//337 312//312 327//327
f 327//327 340//340 337//337
f 340//340 327//327 341//341
f 341//341 327//327 330//330
f 339//339 337//337 342//342
f 342//342 337//337 340//340
f 342//342 340//340 343//343
f 343//343 340//340 341//341
f 343//343 341//341 344//344
f 345//345 342//342 343//343
f 343//343 346//346 345//345
f 346//346 343//343 347//347
f 347//347 343//343 344//344
f 347//347 344//344 348//348
f 352//352 349//349 350//350
f 353//353 350//350 351//351
f 353//353 351//351 354//354
f 355//355 356//356 354//354
f 355//355 354//354 357//357
f 354//354 356//356 353//353
f 358//358 355//355 359//359
f 359//359 355//355 357//357
f 360//360 358//358 359//359
f 359//359 361//361 360//360
f 362//362 363//363 364//364
f 365//365 362//362 366//366
f 366//366 362//362 364//364
f 367//367 365//365 366//366
f 366//366 368//368 367//367
f 369//369 367//367 368//368
f 368//368 370//370 369//369
f 361//361 363//363 360//360
f 364//364 363//363 371//371
f 371//371 363//363 372//372
f 372//372 363//363 361//361
f 366//366 364//364 371//371
f 7//7 369//369 370//370
f 370//370 8//8 7//7
f 373//373 374//374 375//375
f 376//376 375//375 374//374
f 17//17 377//377 18//18
f 378//378 18//18 379//379
f 379//379 18//18 377//377
f 379//379 20//20 378//378
f 182//182 380//380 180//180
f 38//38 381//381 382//382
f 38//38 380//380 39//39
f 39//39 380//380 383//383
f 383//383 380//380 182//182
f 383//383 182//182 184//184
f 383//383 184//184 384//384
f 385//385 386//386 387//387
f 385//385 387//387 388//388
f 387//387 386//386 389//389
f 390//390 387//387 391//391
f 391//391 387//387 392//392
f 392//392 387//387 393//393
f 391//391 392//392 394//394
f 394//394 392//392 88//88
f 88//88 392//392 89//89
f 393//393 387//387 389//389
f 395//395 388//388 396//396
f 396//396 388//388 390//390
f 397//397 395//395 398//398
f 398//398 395//395 396//396
f 399//399 385//385 395//395
f 395//395 385//385 388//388
f 400//400 399//399 397//397
f 397//397 399//399 395//395
f 396//396 390//390 391//391
f 391//391 401//401 396//396
f 401//401 391//391 402//402
f 402//402 391//391 394//394
f 398//398 396//396 401//401
f 401//401 403//403 398//398
f 403//403 401//401 402//402
f 402//402 404//404 403//403
f 394//394 88//88 91//91
f 91//91 405//405 394//394
f 402//402 394//394 406//406
f 406//406 394//394 405//405
f 404//404 402//402 407//407
f 407//407 402//402 406//406
f 408//408 397//397 409//409
f 409//409 397//397 398//398
f 400//400 410//410 411//411
f 410//410 400//400 408//408
f 408//408 400//400 397//397
f 409//409 398//398 403//403
f 94//94 412//412 95//95
f 95//95 412//412 229//229
f 413//413 414//414 415//415
f 416//416 415//415 414//414
f 414//414 417//417 416//416
f 97//97 417//417 418//418
f 418//418 419//419 97//97
f 420//420 271//271 418//418
f 419//419 418//418 297//297
f 297//297 418//418 271//271
f 297//297 271//271 270//270
f 297//297 270//270 299//299
f 421//421 422//422 282//282
f 282//282 422//422 423//423
f 284//284 421//421 282//282
f 424//424 281//281 285//285
f 285//285 281//281 284//284
f 115//115 425//425 113//113
f 118//118 117//117 123//123
f 118//118 123//123 122//122
f 426//426 424//424 285//285
f 285//285 427//427 426//426
f 427//427 285//285 428//428
f 428//428 285//285 286//286
f 429//429 430//430 431//431
f 431//431 432//432 429//429
f 433//433 434//434 435//435
f 436//436 437//437 115//115
f 115//115 437//437 425//425
f 438//438 434//434 439//439
f 440//440 435//435 434//434
f 434//434 438//438 440//440
f 441//441 442//442 440//440
f 440//440 442//442 435//435
f 443//443 444//444 441//441
f 441//441 444//444 442//442
f 445//445 446//446 443//443
f 443//443 446//446 444//444
f 282//282 423//423 292//292
f 428//428 286//286 447//447
f 448//448 449//449 450//450
f 450//450 449//449 451//451
f 451//451 449//449 83//83
f 183//183 448//448 185//185
f 195//195 189//189 192//192
f 95//95 229//229 452//452
f 452//452 229//229 230//230
f 452//452 230//230 231//231
f 231//231 235//235 452//452
f 234//234 453//453 235//235
f 96//96 95//95 452//452
f 96//96 452//452 235//235
f 235//235 454//454 96//96
f 420//420 96//96 455//455
f 455//455 96//96 454//454
f 454//454 235//235 453//453
f 453//453 456//456 454//454
f 455//455 454//454 456//456
f 456//456 457//457 455//455
f 234//234 232//232 458//458
f 453//453 234//234 458//458
f 458//458 459//459 453//453
f 459//459 458//458 460//460
f 460//460 461//461 459//459
f 456//456 453//453 462//462
f 456//456 462//462 267//267
f 462//462 453//453 459//459
f 461//461 462//462 459//459
f 457//457 456//456 266//266
f 266//266 456//456 267//267
f 271//271 420//420 272//272
f 272//272 420//420 455//455
f 272//272 455//455 457//457
f 457//457 273//273 272//272
f 273//273 457//457 276//276
f 276//276 457//457 266//266
f 279//279 463//463 280//280
f 292//292 423//423 290//290
f 354//354 351//351 465//465
f 466//466 467//467 468//468
f 469//469 470//470 467//467
f 470//470 469//469 471//471
f 471//471 472//472 473//473
f 474//474 468//468 467//467
f 475//475 467//467 470//470
f 470//470 476//476 475//475
f 475//475 477//477 478//478
f 477//477 475//475 479//479
f 479//479 475//475 476//476
f 476//476 470//470 480//480
f 480//480 470//470 471//471
f 479//479 476//476 480//480
f 480//480 375//375 479//479
f 480//480 471//471 473//473
f 473//473 373//373 480//480
f 375//375 480//480 373//373
f 481//481 478//478 477//477
f 477//477 482//482 481//481
f 482//482 477//477 483//483
f 483//483 477//477 479//479
f 482//482 69//69 484//484
f 69//69 482//482 485//485
f 485//485 482//482 483//483
f 483//483 479//479 375//375
f 375//375 376//376 483//483
f 485//485 483//483 376//376
f 67//67 486//486 65//65
f 68//68 484//484 69//69
f 74//74 67//67 66//66
f 78//78 74//74 73//73
f 73//73 79//79 78//78
f 487//487 488//488 489//489
f 80//80 78//78 77//77
f 490//490 449//449 491//491
f 83//83 449//449 490//490
f 500//500 501//501 493//493
f 500//500 493//493 502//502
f 493//493 501//501 492//492
f 503//503 187//187 504//504
f 504//504 187//187 505//505
f 505//505 187//187 495//495
f 495//495 187//187 186//186
f 506//506 503//503 507//507
f 507//507 503//503 504//504
f 507//507 504//504 508//508
f 508//508 504//504 505//505
f 502//502 493//493 503//503
f 503//503 493//493 187//187
f 187//187 493//493 188//188
f 509//509 502//502 503//503
f 503//503 506//506 509//509
f 510//510 511//511 509//509
f 509//509 512//512 510//510
f 513//513 510//510 512//512
f 512//512 514//514 513//513
f 514//514 512//512 515//515
f 515//515 516//516 514//514
f 505//505 495//495 496//496
f 496//496 517//517 505//505
f 517//517 496//496 497//497
f 497//497 518//518 517//517
f 508//508 505//505 519//519
f 519//519 505//505 517//517
f 519//519 517//517 520//520
f 518//518 497//497 498//498
f 498//498 521//521 518//518
f 521//521 498//498 499//499
f 499//499 522//522 521//521
f 522//522 499//499 523//523
f 523//523 524//524 522//522
f 524//524 523//523 189//189
f 189//189 195//195 524//524
f 525//525 524//524 195//195
f 195//195 194//194 525//525
f 526//526 525//525 194//194
f 194//194 200//200 526//526
f 527//527 526//526 200//200
f 200//200 202//202 527//527
f 204//204 528//528 530//530
f 530//530 528//528 529//529
f 530//530 205//205 204//204
f 531//531 532//532 533//533
f 388//388 387//387 390//390
f 514//514 389//389 386//386
f 393//393 516//516 392//392
f 392//392 516//516 534//534
f 392//392 534//534 535//535
f 535//535 89//89 392//392
f 389//389 514//514 393//393
f 393//393 514//514 516//516
f 412//412 527//527 202//202
f 202//202 229//229 412//412
f 413//413 94//94 93//93
f 414//414 413//413 536//536
f 536//536 413//413 93//93
f 536//536 93//93 420//420
f 420//420 93//93 96//96
f 417//417 414//414 536//536
f 536//536 418//418 417//417
f 418//418 536//536 420//420
f 237//237 97//97 419//419
f 237//237 419//419 297//297
f 297//297 296//296 237//237
f 275//275 237//237 296//296
f 296//296 300//300 275//275
f 115//115 53//53 537//537
f 291//291 275//275 300//300
f 76//76 71//71 538//538
f 539//539 75//75 540//540
f 540//540 75//75 76//76
f 540//540 76//76 82//82
f 81//81 80//80 77//77
f 77//77 541//541 81//81
f 491//491 539//539 490//490
f 490//490 539//539 540//540
f 490//490 540//540 83//83
f 83//83 540//540 82//82
f 541//541 542//542 81//81
f 543//543 544//544 545//545
f 520//520 517//517 518//518
f 520//520 518//518 521//521
f 521//521 546//546 520//520
f 546//546 521//521 522//522
f 522//522 547//547 546//546
f 547//547 522//522 524//524
f 524//524 525//525 547//547
f 548//548 205//205 530//530
f 228//228 549//549 550//550
f 407//407 406//406 551//551
f 551//551 552//552 407//407
f 553//553 408//408 409//409
f 409//409 554//554 553//553
f 555//555 411//411 410//410
f 555//555 410//410 408//408
f 408//408 553//553 555//555
f 403//403 556//556 409//409
f 556//556 403//403 404//404
f 404//404 557//557 556//556
f 554//554 409//409 558//558
f 558//558 409//409 556//556
f 558//558 556//556 557//557
f 557//557 559//559 558//558
f 560//560 553//553 554//554
f 554//554 561//561 560//560
f 112//112 560//560 561//561
f 561//561 110//110 112//112
f 562//562 563//563 564//564
f 564//564 563//563 555//555
f 564//564 555//555 553//553
f 553//553 560//560 564//564
f 565//565 562//562 566//566
f 566//566 562//562 564//564
f 566//566 564//564 560//560
f 560//560 112//112 566//566
f 561//561 554//554 567//567
f 567//567 554//554 558//558
f 567//567 558//558 568//568
f 568//568 558//558 559//559
f 110//110 561//561 569//569
f 569//569 561//561 567//567
f 569//569 567//567 570//570
f 570//570 567//567 568//568
f 557//557 404//404 407//407
f 407//407 571//571 557//557
f 571//571 407//407 552//552
f 552//552 572//572 571//571
f 559//559 557//557 571//571
f 571//571 573//573 559//559
f 573//573 571//571 572//572
f 572//572 574//574 573//573
f 572//572 552//552 575//575
f 574//574 572//572 575//575
f 575//575 576//576 574//574
f 576//576 575//575 416//416
f 416//416 577//577 576//576
f 568//568 559//559 573//573
f 573//573 578//578 568//568
f 578//578 573//573 574//574
f 574//574 579//579 578//578
f 570//570 568//568 578//578
f 578//578 580//580 570//570
f 580//580 578//578 579//579
f 579//579 581//581 580//580
f 579//579 574//574 576//576
f 576//576 582//582 579//579
f 582//582 576//576 577//577
f 577//577 99//99 582//582
f 581//581 579//579 582//582
f 582//582 583//583 581//581
f 583//583 582//582 584//584
f 584//584 582//582 99//99
f 577//577 416//416 417//417
f 417//417 97//97 577//577
f 99//99 577//577 97//97
f 584//584 99//99 274//274
f 585//585 565//565 586//586
f 586//586 565//565 566//566
f 586//586 566//566 587//587
f 587//587 566//566 111//111
f 111//111 566//566 112//112
f 588//588 585//585 589//589
f 589//589 585//585 586//586
f 590//590 591//591 588//588
f 588//588 591//591 585//585
f 589//589 586//586 592//592
f 592//592 586//586 587//587
f 593//593 111//111 569//569
f 593//593 569//569 594//594
f 569//569 111//111 110//110
f 594//594 569//569 595//595
f 595//595 569//569 570//570
f 596//596 593//593 594//594
f 594//594 597//597 596//596
f 597//597 594//594 598//598
f 598//598 594//594 595//595
f 587//587 111//111 593//593
f 592//592 587//587 593//593
f 593//593 596//596 592//592
f 599//599 588//588 589//589
f 589//589 600//600 599//599
f 601//601 590//590 599//599
f 599//599 590//590 588//588
f 600//600 589//589 592//592
f 592//592 602//602 600//600
f 113//113 599//599 600//600
f 600//600 117//117 113//113
f 425//425 601//601 599//599
f 599//599 113//113 425//425
f 117//117 600//600 123//123
f 123//123 600//600 602//602
f 603//603 596//596 597//597
f 597//597 604//604 603//603
f 604//604 597//597 463//463
f 463//463 597//597 598//598
f 288//288 603//603 604//604
f 604//604 287//287 288//288
f 287//287 604//604 605//605
f 605//605 604//604 463//463
f 602//602 592//592 596//596
f 596//596 603//603 602//602
f 123//123 602//602 603//603
f 603//603 288//288 123//123
f 595//595 570//570 606//606
f 606//606 570//570 580//580
f 606//606 580//580 581//581
f 581//581 607//607 606//606
f 598//598 595//595 608//608
f 608//608 595//595 606//606
f 608//608 606//606 609//609
f 609//609 606//606 607//607
f 607//607 581//581 583//583
f 583//583 422//422 607//607
f 422//422 583//583 423//423
f 423//423 583//583 584//584
f 609//609 607//607 422//422
f 422//422 421//421 609//609
f 463//463 598//598 280//280
f 280//280 598//598 608//608
f 280//280 608//608 281//281
f 281//281 608//608 609//609
f 281//281 609//609 421//421
f 421//421 284//284 281//281
f 114//114 113//113 117//117
f 117//117 116//116 114//114
f 605//605 124//124 287//287
f 124//124 123//123 288//288
f 590//590 601//601 610//610
f 437//437 610//610 601//601
f 601//601 425//425 437//437
f 432//432 431//431 610//610
f 610//610 437//437 432//432
f 434//434 433//433 429//429
f 429//429 433//433 430//430
f 611//611 432//432 437//437
f 437//437 436//436 611//611
f 57//57 611//611 537//537
f 537//537 611//611 436//436
f 439//439 429//429 611//611
f 611//611 429//429 432//432
f 439//439 434//434 429//429
f 612//612 439//439 611//611
f 611//611 57//57 612//612
f 155//155 152//152 310//310
f 423//423 584//584 290//290
f 290//290 584//584 274//274
f 613//613 614//614 615//615
f 616//616 617//617 77//77
f 617//617 616//616 618//618
f 618//618 619//619 617//617
f 541//541 77//77 620//620
f 620//620 77//77 621//621
f 621//621 77//77 617//617
f 622//622 542//542 623//623
f 623//623 542//542 620//620
f 613//613 615//615 624//624
f 511//511 500//500 502//502
f 502//502 509//509 511//511
f 515//515 506//506 507//507
f 507//507 626//626 515//515
f 626//626 507//507 627//627
f 627//627 507//507 508//508
f 516//516 515//515 626//626
f 626//626 534//534 516//516
f 534//534 626//626 535//535
f 535//535 626//626 627//627
f 535//535 627//627 85//85
f 512//512 509//509 506//506
f 506//506 515//515 512//512
f 535//535 85//85 84//84
f 627//627 508//508 519//519
f 519//519 628//628 627//627
f 628//628 519//519 629//629
f 629//629 519//519 520//520
f 86//86 85//85 627//627
f 86//86 627//627 628//628
f 86//86 628//628 630//630
f 630//630 628//628 631//631
f 631//631 628//628 629//629
f 629//629 520//520 632//632
f 632//632 520//520 546//546
f 632//632 546//546 547//547
f 547//547 633//633 632//632
f 631//631 629//629 634//634
f 634//634 629//629 632//632
f 634//634 632//632 635//635
f 635//635 632//632 633//633
f 633//633 547//547 525//525
f 525//525 526//526 633//633
f 635//635 633//633 526//526
f 526//526 527//527 635//635
f 533//533 532//532 208//208
f 533//533 208//208 548//548
f 548//548 208//208 205//205
f 210//210 208//208 636//636
f 210//210 636//636 223//223
f 636//636 208//208 532//532
f 637//637 636//636 532//532
f 532//532 531//531 637//637
f 223//223 636//636 222//222
f 222//222 636//636 224//224
f 638//638 224//224 636//636
f 636//636 637//637 638//638
f 225//225 224//224 638//638
f 225//225 638//638 228//228
f 228//228 638//638 549//549
f 89//89 535//535 84//84
f 84//84 87//87 89//89
f 630//630 639//639 86//86
f 90//90 639//639 640//640
f 640//640 639//639 631//631
f 631//631 639//639 630//630
f 405//405 91//91 90//90
f 405//405 90//90 641//641
f 641//641 90//90 640//640
f 87//87 84//84 86//86
f 87//87 86//86 639//639
f 87//87 639//639 92//92
f 92//92 639//639 90//90
f 92//92 91//91 88//88
f 88//88 87//87 92//92
f 640//640 631//631 642//642
f 642//642 631//631 634//634
f 642//642 634//634 643//643
f 643//643 634//634 635//635
f 641//641 640//640 642//642
f 642//642 644//644 641//641
f 644//644 642//642 643//643
f 643//643 645//645 644//644
f 406//406 405//405 641//641
f 641//641 551//551 406//406
f 551//551 641//641 644//644
f 644//644 646//646 551//551
f 646//646 644//644 645//645
f 645//645 647//647 646//646
f 552//552 551//551 646//646
f 646//646 648//648 552//552
f 648//648 646//646 647//647
f 647//647 415//415 648//648
f 575//575 552//552 648//648
f 575//575 648//648 416//416
f 416//416 648//648 415//415
f 643//643 635//635 527//527
f 527//527 412//412 643//643
f 645//645 643//643 412//412
f 412//412 94//94 645//645
f 647//647 645//645 413//413
f 413//413 645//645 94//94
f 415//415 647//647 413//413
f 605//605 463//463 279//279
f 281//281 424//424 279//279
f 125//125 124//124 605//605
f 649//649 605//605 279//279
f 649//649 279//279 424//424
f 424//424 426//426 649//649
f 537//537 436//436 115//115
f 55//55 57//57 537//537
f 156//156 650//650 157//157
f 162//162 157//157 650//650
f 650//650 651//651 162//162
f 652//652 653//653 654//654
f 655//655 656//656 657//657
f 657//657 656//656 658//658
f 659//659 658//658 660//660
f 660//660 658//658 656//656
f 661//661 659//659 662//662
f 662//662 659//659 660//660
f 663//663 661//661 664//664
f 664//664 661//661 662//662
f 665//665 663//663 664//664
f 666//666 667//667 668//668
f 23//23 24//24 669//669
f 669//669 30//30 23//23
f 670//670 28//28 671//671
f 671//671 28//28 30//30
f 655//655 670//670 671//671
f 655//655 671//671 672//672
f 672//672 671//671 673//673
f 672//672 656//656 655//655
f 672//672 673//673 674//674
f 674//674 673//673 675//675
f 676//676 675//675 673//673
f 674//674 675//675 677//677
f 677//677 675//675 678//678
f 679//679 678//678 676//676
f 676//676 678//678 675//675
f 674//674 660//660 672//672
f 672//672 660//660 656//656
f 677//677 662//662 660//660
f 660//660 674//674 677//677
f 680//680 32//32 678//678
f 680//680 678//678 679//679
f 677//677 664//664 662//662
f 681//681 682//682 683//683
f 684//684 50//50 49//49
f 51//51 47//47 50//50
f 685//685 686//686 50//50
f 50//50 684//684 685//685
f 687//687 686//686 688//688
f 688//688 686//686 685//685
f 688//688 685//685 689//689
f 688//688 689//689 690//690
f 691//691 443//443 441//441
f 441//441 692//692 691//691
f 693//693 694//694 695//695
f 696//696 691//691 692//692
f 692//692 697//697 696//696
f 698//698 699//699 691//691
f 691//691 696//696 698//698
f 697//697 694//694 696//696
f 700//700 698//698 693//693
f 693//693 698//698 696//696
f 693//693 696//696 694//694
f 701//701 702//702 698//698
f 698//698 702//702 699//699
f 703//703 704//704 701//701
f 701//701 704//704 702//702
f 705//705 706//706 700//700
f 700//700 706//706 701//701
f 700//700 701//701 698//698
f 707//707 708//708 706//706
f 706//706 705//705 707//707
f 701//701 706//706 703//703
f 703//703 706//706 709//709
f 709//709 706//706 708//708
f 710//710 711//711 712//712
f 713//713 714//714 715//715
f 716//716 713//713 717//717
f 717//717 718//718 716//716
f 719//719 720//720 721//721
f 689//689 720//720 722//722
f 723//723 720//720 724//724
f 725//725 726//726 727//727
f 690//690 689//689 725//725
f 725//725 689//689 722//722
f 725//725 722//722 726//726
f 727//727 726//726 728//728
f 728//728 726//726 723//723
f 728//728 723//723 724//724
f 723//723 726//726 722//722
f 729//729 730//730 709//709
f 731//731 732//732 708//708
f 731//731 708//708 707//707
f 708//708 732//732 729//729
f 733//733 734//734 732//732
f 732//732 731//731 733//733
f 709//709 708//708 729//729
f 728//728 724//724 734//734
f 734//734 733//733 728//728
f 63//63 735//735 736//736
f 736//736 735//735 737//737
f 688//688 738//738 736//736
f 688//688 736//736 737//737
f 688//688 737//737 687//687
f 690//690 738//738 688//688
f 695//695 739//739 693//693
f 693//693 739//739 740//740
f 740//740 739//739 741//741
f 742//742 743//743 740//740
f 742//742 740//740 744//744
f 744//744 740//740 741//741
f 745//745 743//743 742//742
f 744//744 746//746 742//742
f 742//742 746//746 747//747
f 742//742 747//747 745//745
f 745//745 747//747 748//748
f 693//693 740//740 700//700
f 700//700 740//740 705//705
f 705//705 740//740 743//743
f 749//749 707//707 745//745
f 745//745 707//707 705//705
f 745//745 705//705 743//743
f 745//745 748//748 749//749
f 64//64 736//736 750//750
f 750//750 736//736 751//751
f 752//752 753//753 754//754
f 750//750 751//751 755//755
f 750//750 755//755 752//752
f 752//752 755//755 753//753
f 64//64 756//756 62//62
f 750//750 756//756 64//64
f 754//754 748//748 747//747
f 754//754 747//747 756//756
f 754//754 756//756 752//752
f 752//752 756//756 750//750
f 727//727 751//751 725//725
f 725//725 751//751 736//736
f 725//725 736//736 738//738
f 725//725 738//738 690//690
f 728//728 755//755 751//751
f 751//751 727//727 728//728
f 754//754 753//753 731//731
f 754//754 731//731 749//749
f 749//749 731//731 707//707
f 731//731 753//753 755//755
f 755//755 733//733 731//731
f 749//749 748//748 754//754
f 733//733 755//755 728//728
f 757//757 758//758 759//759
f 767//767 768//768 769//769
f 767//767 770//770 771//771
f 776//776 777//777 778//778
f 778//778 777//777 779//779
f 778//778 779//779 780//780
f 781//781 776//776 782//782
f 782//782 776//776 778//778
f 783//783 784//784 777//777
f 777//777 776//776 783//783
f 783//783 774//774 784//784
f 785//785 783//783 776//776
f 776//776 781//781 785//785
f 779//779 777//777 773//773
f 773//773 777//777 784//784
f 784//784 772//772 773//773
f 786//786 782//782 787//787
f 788//788 789//789 782//782
f 788//788 782//782 786//786
f 782//782 789//789 781//781
f 790//790 786//786 791//791
f 791//791 786//786 787//787
f 792//792 788//788 786//786
f 786//786 790//790 792//792
f 793//793 785//785 794//794
f 794//794 785//785 789//789
f 789//789 785//785 781//781
f 795//795 793//793 796//796
f 796//796 793//793 794//794
f 793//793 795//795 797//797
f 798//798 799//799 788//788
f 788//788 792//792 798//798
f 794//794 789//789 799//799
f 796//796 794//794 798//798
f 798//798 794//794 799//799
f 800//800 790//790 801//801
f 801//801 790//790 791//791
f 802//802 792//792 790//790
f 790//790 800//800 802//802
f 803//803 800//800 801//801
f 801//801 804//804 803//803
f 805//805 802//802 803//803
f 803//803 802//802 800//800
f 806//806 807//807 808//808
f 808//808 807//807 809//809
f 810//810 798//798 792//792
f 792//792 802//802 810//810
f 811//811 810//810 805//805
f 805//805 810//810 802//802
f 812//812 813//813 810//810
f 810//810 813//813 798//798
f 798//798 813//813 796//796
f 809//809 813//813 812//812
f 814//814 812//812 810//810
f 810//810 811//811 814//814
f 808//808 809//809 814//814
f 814//814 809//809 812//812
f 815//815 803//803 804//804
f 804//804 816//816 815//815
f 817//817 805//805 815//815
f 815//815 805//805 803//803
f 818//818 815//815 816//816
f 816//816 819//819 818//818
f 820//820 817//817 818//818
f 818//818 817//817 815//815
f 821//821 811//811 817//817
f 817//817 811//811 805//805
f 822//822 821//821 820//820
f 820//820 821//821 817//817
f 823//823 814//814 821//821
f 821//821 814//814 811//811
f 824//824 825//825 823//823
f 823//823 825//825 814//814
f 814//814 825//825 808//808
f 826//826 823//823 822//822
f 822//822 823//823 821//821
f 827//827 824//824 823//823
f 823//823 826//826 827//827
f 828//828 819//819 829//829
f 830//830 818//818 819//819
f 819//819 828//828 830//830
f 831//831 820//820 830//830
f 830//830 820//820 818//818
f 832//832 830//830 828//828
f 828//828 833//833 832//832
f 834//834 831//831 832//832
f 832//832 831//831 830//830
f 835//835 822//822 831//831
f 831//831 822//822 820//820
f 836//836 835//835 834//834
f 834//834 835//835 831//831
f 837//837 826//826 822//822
f 822//822 835//835 837//837
f 838//838 827//827 826//826
f 826//826 837//837 838//838
f 839//839 837//837 835//835
f 835//835 836//836 839//839
f 840//840 838//838 839//839
f 839//839 838//838 837//837
f 841//841 832//832 833//833
f 833//833 842//842 841//841
f 843//843 834//834 832//832
f 832//832 841//841 843//843
f 844//844 841//841 842//842
f 842//842 845//845 844//844
f 846//846 843//843 844//844
f 844//844 843//843 841//841
f 847//847 848//848 849//849
f 850//850 847//847 849//849
f 849//849 851//851 850//850
f 852//852 836//836 834//834
f 834//834 843//843 852//852
f 853//853 852//852 846//846
f 846//846 852//852 843//843
f 854//854 839//839 836//836
f 836//836 852//852 854//854
f 849//849 848//848 839//839
f 849//849 839//839 854//854
f 839//839 848//848 840//840
f 855//855 854//854 853//853
f 853//853 854//854 852//852
f 851//851 849//849 854//854
f 854//854 855//855 851//851
f 856//856 844//844 857//857
f 857//857 844//844 845//845
f 858//858 846//846 844//844
f 844//844 856//856 858//858
f 859//859 858//858 856//856
f 856//856 860//860 859//859
f 861//861 850//850 851//851
f 851//851 862//862 861//861
f 863//863 861//861 864//864
f 864//864 861//861 862//862
f 865//865 853//853 846//846
f 846//846 858//858 865//865
f 866//866 865//865 858//858
f 858//858 859//859 866//866
f 867//867 855//855 853//853
f 853//853 865//865 867//867
f 862//862 851//851 855//855
f 855//855 867//867 862//862
f 868//868 867//867 865//865
f 865//865 866//866 868//868
f 864//864 862//862 867//867
f 867//867 868//868 864//864
f 860//860 869//869 859//859
f 870//870 863//863 871//871
f 871//871 863//863 864//864
f 871//871 872//872 870//870
f 873//873 866//866 859//859
f 873//873 859//859 869//869
f 874//874 868//868 866//866
f 866//866 873//873 874//874
f 871//871 864//864 874//874
f 874//874 864//864 868//868
f 875//875 874//874 873//873
f 876//876 872//872 875//875
f 875//875 872//872 871//871
f 875//875 871//871 874//874
f 877//877 876//876 875//875
f 875//875 878//878 877//877
f 702//702 879//879 445//445
f 880//880 877//877 881//881
f 881//881 877//877 879//879
f 879//879 877//877 878//878
f 704//704 879//879 702//702
f 881//881 879//879 704//704
f 146//146 147//147 882//882
f 882//882 147//147 883//883
f 882//882 883//883 884//884
f 884//884 883//883 885//885
f 885//885 883//883 886//886
f 884//884 885//885 887//887
f 710//710 885//885 886//886
f 887//887 885//885 710//710
f 887//887 710//710 888//888
f 882//882 150//150 146//146
f 884//884 889//889 890//890
f 884//884 890//890 150//150
f 884//884 150//150 882//882
f 887//887 889//889 884//884
f 888//888 891//891 889//889
f 889//889 887//887 888//888
f 893//893 894//894 892//892
f 895//895 896//896 892//892
f 892//892 896//896 893//893
f 899//899 900//900 894//894
f 894//894 893//893 899//899
f 901//901 900//900 899//899
f 902//902 903//903 895//895
f 895//895 903//903 896//896
f 904//904 903//903 902//902
f 893//893 896//896 899//899
f 899//899 896//896 903//903
f 905//905 906//906 907//907
f 908//908 909//909 888//888
f 909//909 891//891 888//888
f 827//827 910//910 824//824
f 838//838 840//840 911//911
f 840//840 848//848 911//911
f 912//912 913//913 877//877
f 877//877 913//913 876//876
f 880//880 912//912 877//877
f 914//914 915//915 916//916
f 917//917 918//918 919//919
f 917//917 919//919 914//914
f 914//914 919//919 915//915
f 920//920 918//918 917//917
f 916//916 921//921 914//914
f 922//922 920//920 917//917
f 897//897 919//919 895//895
f 895//895 919//919 902//902
f 902//902 919//919 918//918
f 923//923 924//924 925//925
f 926//926 924//924 927//927
f 928//928 929//929 930//930
f 931//931 929//929 932//932
f 933//933 926//926 927//927
f 934//934 935//935 936//936
f 937//937 938//938 939//939
f 940//940 941//941 942//942
f 919//919 897//897 943//943
f 944//944 760//760 761//761
f 944//944 761//761 945//945
f 945//945 761//761 762//762
f 946//946 947//947 948//948
f 946//946 948//948 949//949
f 945//945 762//762 954//954
f 954//954 762//762 763//763
f 950//950 955//955 764//764
f 954//954 763//763 764//764
f 956//956 945//945 957//957
f 957//957 945//945 954//954
f 957//957 954//954 958//958
f 958//958 954//954 959//959
f 951//951 960//960 950//950
f 950//950 960//960 955//955
f 961//961 765//765 952//952
f 948//948 956//956 962//962
f 962//962 956//956 957//957
f 962//962 957//957 963//963
f 963//963 957//957 958//958
f 964//964 965//965 770//770
f 770//770 965//965 966//966
f 769//769 964//964 767//767
f 767//767 964//964 770//770
f 967//967 968//968 769//769
f 769//769 968//968 964//964
f 966//966 969//969 970//970
f 970//970 971//971 966//966
f 770//770 966//966 971//971
f 971//971 771//771 770//770
f 780//780 973//973 972//972
f 779//779 973//973 780//780
f 974//974 775//775 774//774
f 975//975 976//976 977//977
f 978//978 975//975 977//977
f 977//977 979//979 978//978
f 975//975 978//978 980//980
f 981//981 982//982 980//980
f 983//983 978//978 979//979
f 984//984 980//980 978//978
f 978//978 983//983 984//984
f 787//787 981//981 984//984
f 984//984 981//981 980//980
f 985//985 984//984 983//983
f 791//791 787//787 985//985
f 985//985 787//787 984//984
f 778//778 780//780 972//972
f 972//972 982//982 778//778
f 782//782 778//778 981//981
f 981//981 778//778 982//982
f 986//986 974//974 774//774
f 986//986 774//774 783//783
f 987//987 986//986 785//785
f 785//785 986//986 783//783
f 772//772 784//784 774//774
f 787//787 782//782 981//981
f 988//988 987//987 785//785
f 785//785 793//793 988//988
f 797//797 988//988 793//793
f 799//799 789//789 788//788
f 807//807 797//797 809//809
f 809//809 797//797 813//813
f 813//813 797//797 795//795
f 989//989 869//869 990//990
f 991//991 869//869 989//989
f 873//873 869//869 991//991
f 873//873 446//446 875//875
f 992//992 993//993 994//994
f 910//910 825//825 824//824
f 995//995 910//910 827//827
f 996//996 995//995 838//838
f 838//838 995//995 827//827
f 911//911 996//996 838//838
f 913//913 872//872 876//876
f 914//914 997//997 917//917
f 999//999 1000//1000 1001//1001
f 1003//1003 944//944 956//956
f 1004//1004 1003//1003 1005//1005
f 1005//1005 1003//1003 948//948
f 948//948 1003//1003 956//956
f 954//954 764//764 955//955
f 954//954 955//955 959//959
f 959//959 955//955 1006//1006
f 1006//1006 955//955 960//960
f 961//961 960//960 765//765
f 958//958 959//959 1006//1006
f 1007//1007 1008//1008 1009//1009
f 965//965 1009//1009 966//966
f 1010//1010 1007//1007 1009//1009
f 1009//1009 965//965 1010//1010
f 964//964 1010//1010 965//965
f 1011//1011 999//999 1012//1012
f 1012//1012 999//999 1001//1001
f 999//999 1011//1011 1013//1013
f 760//760 1014//1014 354//354
f 1014//1014 760//760 944//944
f 956//956 944//944 945//945
f 765//765 960//960 951//951
f 1006//1006 960//960 961//961
f 1006//1006 1015//1015 958//958
f 1015//1015 1006//1006 961//961
f 961//961 1016//1016 1015//1015
f 949//949 948//948 1017//1017
f 1017//1017 948//948 962//962
f 963//963 958//958 1018//1018
f 1018//1018 958//958 1015//1015
f 961//961 952//952 766//766
f 766//766 1019//1019 961//961
f 1019//1019 766//766 953//953
f 478//478 474//474 475//475
f 1020//1020 1021//1021 1022//1022
f 1022//1022 1021//1021 1023//1023
f 1024//1024 1025//1025 1026//1026
f 1009//1009 1024//1024 969//969
f 969//969 1024//1024 1026//1026
f 1009//1009 1008//1008 1024//1024
f 966//966 1009//1009 969//969
f 1026//1026 1025//1025 1027//1027
f 1027//1027 1025//1025 1028//1028
f 1028//1028 1025//1025 1022//1022
f 1027//1027 1028//1028 1029//1029
f 1029//1029 1028//1028 1030//1030
f 969//969 1026//1026 970//970
f 970//970 1026//1026 1027//1027
f 970//970 1027//1027 1029//1029
f 1029//1029 1031//1031 970//970
f 971//971 970//970 1031//1031
f 1031//1031 1032//1032 971//971
f 771//771 971//971 1032//1032
f 1032//1032 1033//1033 771//771
f 446//446 873//873 444//444
f 881//881 730//730 880//880
f 797//797 807//807 1034//1034
f 1035//1035 1034//1034 807//807
f 807//807 806//806 1035//1035
f 1036//1036 1035//1035 910//910
f 910//910 1035//1035 825//825
f 1037//1037 1036//1036 995//995
f 995//995 1036//1036 910//910
f 1038//1038 1037//1037 996//996
f 996//996 1037//1037 995//995
f 1039//1039 1038//1038 996//996
f 996//996 911//911 1039//1039
f 1040//1040 1039//1039 848//848
f 1040//1040 848//848 847//847
f 848//848 1039//1039 911//911
f 1041//1041 1040//1040 847//847
f 847//847 850//850 1041//1041
f 1042//1042 1043//1043 861//861
f 861//861 863//863 1042//1042
f 1044//1044 1042//1042 863//863
f 863//863 870//870 1044//1044
f 1045//1045 1044//1044 870//870
f 1045//1045 870//870 872//872
f 994//994 993//993 1046//1046
f 994//994 1046//1046 1047//1047
f 1046//1046 993//993 907//907
f 923//923 904//904 920//920
f 925//925 1048//1048 923//923
f 923//923 1048//1048 904//904
f 922//922 924//924 920//920
f 920//920 924//924 923//923
f 931//931 1047//1047 1048//1048
f 1048//1048 925//925 931//931
f 930//930 929//929 926//926
f 926//926 929//929 924//924
f 924//924 929//929 931//931
f 924//924 931//931 925//925
f 932//932 994//994 1047//1047
f 1047//1047 931//931 932//932
f 1049//1049 992//992 932//932
f 932//932 992//992 994//994
f 939//939 938//938 928//928
f 928//928 938//938 929//929
f 929//929 938//938 1049//1049
f 929//929 1049//1049 932//932
f 998//998 927//927 1050//1050
f 927//927 998//998 933//933
f 677//677 678//678 31//31
f 31//31 678//678 32//32
f 31//31 664//664 677//677
f 33//33 665//665 31//31
f 31//31 665//665 664//664
f 1051//1051 543//543 545//545
f 974//974 1053//1053 775//775
f 1048//1048 1046//1046 901//901
f 1048//1048 901//901 899//899
f 1048//1048 899//899 904//904
f 904//904 899//899 903//903
f 1047//1047 1046//1046 1048//1048
f 898//898 894//894 1054//1054
f 1054//1054 894//894 900//900
f 907//907 1054//1054 901//901
f 901//901 1054//1054 900//900
f 901//901 1046//1046 907//907
f 920//920 904//904 902//902
f 920//920 902//902 918//918
f 927//927 924//924 922//922
f 1050//1050 927//927 922//922
f 934//934 930//930 926//926
f 926//926 933//933 934//934
f 936//936 928//928 930//930
f 930//930 934//934 936//936
f 933//933 935//935 934//934
f 940//940 939//939 928//928
f 928//928 936//936 940//940
f 914//914 921//921 997//997
f 922//922 917//917 997//997
f 915//915 919//919 943//943
f 907//907 906//906 1054//1054
f 935//935 941//941 936//936
f 936//936 941//941 940//940
f 942//942 937//937 939//939
f 939//939 940//940 942//942
f 922//922 997//997 1055//1055
f 292//292 1056//1056 283//283
f 1056//1056 292//292 1057//1057
f 1057//1057 292//292 293//293
f 286//286 283//283 1056//1056
f 1056//1056 1058//1058 286//286
f 1058//1058 1056//1056 1057//1057
f 1057//1057 1059//1059 1058//1058
f 1057//1057 293//293 315//315
f 315//315 1060//1060 1057//1057
f 1059//1059 1057//1057 1060//1060
f 371//371 372//372 1061//1061
f 1062//1062 371//371 1063//1063
f 1063//1063 371//371 1061//1061
f 1064//1064 1062//1062 1065//1065
f 1065//1065 1062//1062 1063//1063
f 1066//1066 1067//1067 1068//1068
f 1068//1068 1067//1067 1069//1069
f 1070//1070 1066//1066 1071//1071
f 1071//1071 1066//1066 1068//1068
f 1071//1071 1068//1068 1072//1072
f 1072//1072 1068//1068 1069//1069
f 1073//1073 1074//1074 1075//1075
f 1075//1075 1076//1076 1073//1073
f 25//25 1073//1073 1076//1076
f 1077//1077 451//451 1078//1078
f 1078//1078 451//451 1079//1079
f 384//384 1077//1077 1080//1080
f 1080//1080 1077//1077 1078//1078
f 1081//1081 1082//1082 1083//1083
f 1084//1084 1085//1085 1086//1086
f 1085//1085 1087//1087 618//618
f 619//619 618//618 1088//1088
f 1088//1088 618//618 1087//1087
f 1089//1089 621//621 1088//1088
f 1088//1088 621//621 619//619
f 1090//1090 1091//1091 1092//1092
f 623//623 1089//1089 1093//1093
f 1079//1079 1091//1091 1090//1090
f 1094//1094 1091//1091 623//623
f 1078//1078 1079//1079 1095//1095
f 1095//1095 1079//1079 1090//1090
f 1080//1080 1078//1078 1096//1096
f 1096//1096 1078//1078 1095//1095
f 1097//1097 1080//1080 1098//1098
f 1097//1097 1098//1098 1099//1099
f 372//372 1100//1100 1101//1101
f 1101//1101 1100//1100 1102//1102
f 1101//1101 1102//1102 947//947
f 1101//1101 947//947 1103//1103
f 467//467 466//466 469//469
f 1104//1104 1105//1105 1106//1106
f 1106//1106 1105//1105 472//472
f 473//473 472//472 1107//1107
f 1107//1107 472//472 1105//1105
f 1061//1061 372//372 1101//1101
f 1061//1061 1101//1101 1108//1108
f 1108//1108 1101//1101 1103//1103
f 1063//1063 1061//1061 1109//1109
f 1109//1109 1061//1061 1108//1108
f 1110//1110 1064//1064 1111//1111
f 1111//1111 1064//1064 1065//1065
f 1065//1065 1063//1063 1112//1112
f 1112//1112 1063//1063 1109//1109
f 1111//1111 1065//1065 1113//1113
f 1113//1113 1065//1065 1112//1112
f 1114//1114 1110//1110 1115//1115
f 1115//1115 1110//1110 1111//1111
f 1072//1072 1069//1069 1116//1116
f 13//13 1070//1070 1117//1117
f 13//13 1117//1117 1118//1118
f 1071//1071 1117//1117 1070//1070
f 1118//1118 1117//1117 1119//1119
f 1119//1119 1117//1117 1072//1072
f 1119//1119 1072//1072 1116//1116
f 1072//1072 1117//1117 1071//1071
f 467//467 475//475 474//474
f 373//373 473//473 1107//1107
f 1107//1107 1120//1120 373//373
f 487//487 489//489 71//71
f 15//15 13//13 1121//1121
f 1121//1121 13//13 1118//1118
f 1121//1121 1118//1118 1119//1119
f 17//17 15//15 1074//1074
f 1074//1074 15//15 1121//1121
f 1074//1074 1121//1121 1122//1122
f 1122//1122 1075//1075 1074//1074
f 1123//1123 1124//1124 449//449
f 1123//1123 449//449 448//448
f 449//449 1124//1124 491//491
f 451//451 83//83 1079//1079
f 383//383 384//384 681//681
f 1107//1107 1105//1105 1125//1125
f 808//808 825//825 806//806
f 1126//1126 857//857 1127//1127
f 860//860 856//856 1126//1126
f 1126//1126 856//856 857//857
f 990//990 869//869 1126//1126
f 1126//1126 869//869 860//860
f 442//442 989//989 990//990
f 990//990 435//435 442//442
f 444//444 991//991 989//989
f 989//989 442//442 444//444
f 444//444 873//873 991//991
f 699//699 445//445 691//691
f 878//878 875//875 445//445
f 445//445 875//875 446//446
f 702//702 445//445 699//699
f 445//445 879//879 878//878
f 709//709 730//730 703//703
f 703//703 730//730 881//881
f 703//703 881//881 704//704
f 1128//1128 1129//1129 1130//1130
f 1130//1130 1129//1129 1131//1131
f 1132//1132 1129//1129 1133//1133
f 1129//1129 1128//1128 1133//1133
f 1128//1128 1134//1134 1133//1133
f 1134//1134 1135//1135 1133//1133
f 1135//1135 1136//1136 1133//1133
f 1136//1136 1132//1132 1133//1133
f 1136//1136 1135//1135 1137//1137
f 1137//1137 1135//1135 1138//1138
f 1083//1083 1125//1125 1081//1081
f 1081//1081 1125//1125 1139//1139
f 1120//1120 1107//1107 1125//1125
f 1140//1140 1082//1082 1141//1141
f 1142//1142 1140//1140 1141//1141
f 1089//1089 1088//1088 1093//1093
f 1092//1092 1091//1091 1042//1042
f 1042//1042 1091//1091 1043//1043
f 1093//1093 1094//1094 623//623
f 1095//1095 1090//1090 1143//1143
f 1143//1143 1090//1090 1092//1092
f 1096//1096 1095//1095 1144//1144
f 1144//1144 1095//1095 1143//1143
f 1045//1045 872//872 913//913
f 1144//1144 1098//1098 1096//1096
f 1145//1145 1045//1045 912//912
f 912//912 1045//1045 913//913
f 1099//1099 1098//1098 1145//1145
f 1145//1145 1098//1098 1045//1045
f 912//912 1146//1146 1145//1145
f 1147//1147 1099//1099 1148//1148
f 1148//1148 1099//1099 1145//1145
f 1148//1148 1145//1145 1146//1146
f 1147//1147 1097//1097 1099//1099
f 1149//1149 1146//1146 880//880
f 880//880 1146//1146 912//912
f 1148//1148 1146//1146 1149//1149
f 1148//1148 1150//1150 1147//1147
f 732//732 1149//1149 880//880
f 732//732 880//880 730//730
f 732//732 730//730 729//729
f 734//734 1150//1150 1148//1148
f 734//734 1148//1148 732//732
f 732//732 1148//1148 1149//1149
f 724//724 1150//1150 734//734
f 624//624 615//615 1151//1151
f 1151//1151 615//615 1152//1152
f 1151//1151 1152//1152 1153//1153
f 1153//1153 1152//1152 1131//1131
f 1153//1153 1131//1131 1154//1154
f 1154//1154 1131//1131 1129//1129
f 1135//1135 1134//1134 1155//1155
f 1129//1129 1132//1132 1154//1154
f 464//464 1138//1138 1155//1155
f 1155//1155 1138//1138 1135//1135
f 1156//1156 1132//1132 1157//1157
f 1157//1157 1132//1132 1136//1136
f 1157//1157 1136//1136 1137//1137
f 1137//1137 1158//1158 1157//1157
f 1158//1158 1137//1137 1002//1002
f 1000//1000 1157//1157 1158//1158
f 1159//1159 1151//1151 1153//1153
f 1159//1159 1153//1153 1160//1160
f 1160//1160 1153//1153 1154//1154
f 1160//1160 1154//1154 1156//1156
f 1156//1156 1154//1154 1132//1132
f 1161//1161 1159//1159 1160//1160
f 1161//1161 1160//1160 1162//1162
f 1162//1162 1160//1160 1156//1156
f 357//357 354//354 653//653
f 654//654 653//653 1163//1163
f 1163//1163 653//653 1014//1014
f 1014//1014 653//653 354//354
f 1163//1163 1014//1014 1003//1003
f 1003//1003 1014//1014 944//944
f 1163//1163 1164//1164 654//654
f 1100//1100 357//357 652//652
f 1100//1100 652//652 1164//1164
f 1100//1100 1164//1164 1102//1102
f 1164//1164 652//652 654//654
f 1004//1004 1164//1164 1003//1003
f 1003//1003 1164//1164 1163//1163
f 948//948 947//947 1005//1005
f 1102//1102 1164//1164 1004//1004
f 947//947 1102//1102 1004//1004
f 1103//1103 947//947 946//946
f 1017//1017 962//962 1167//1167
f 1167//1167 962//962 963//963
f 1018//1018 1015//1015 1168//1168
f 1168//1168 1015//1015 1016//1016
f 1167//1167 963//963 1169//1169
f 1169//1169 963//963 1018//1018
f 1169//1169 1018//1018 468//468
f 468//468 1018//1018 1168//1168
f 953//953 1170//1170 1019//1019
f 1016//1016 961//961 1171//1171
f 1171//1171 961//961 1019//1019
f 1171//1171 1019//1019 1170//1170
f 1170//1170 1172//1172 1171//1171
f 1170//1170 953//953 1165//1165
f 1165//1165 1173//1173 1170//1170
f 1173//1173 1165//1165 1166//1166
f 1166//1166 1174//1174 1173//1173
f 1172//1172 1170//1170 1173//1173
f 1173//1173 1175//1175 1172//1172
f 1175//1175 1173//1173 1174//1174
f 1174//1174 1176//1176 1175//1175
f 1168//1168 1016//1016 466//466
f 466//466 1016//1016 1171//1171
f 466//466 1171//1171 1172//1172
f 1172//1172 469//469 466//466
f 468//468 1168//1168 466//466
f 469//469 1172//1172 1175//1175
f 1106//1106 1175//1175 1176//1176
f 1176//1176 1104//1104 1106//1106
f 668//668 946//946 949//949
f 949//949 666//666 668//668
f 1108//1108 1103//1103 946//946
f 946//946 668//668 1108//1108
f 1109//1109 1108//1108 1177//1177
f 1177//1177 1108//1108 667//667
f 667//667 1108//1108 668//668
f 1112//1112 1109//1109 1178//1178
f 1178//1178 1109//1109 1177//1177
f 1113//1113 1112//1112 1179//1179
f 1179//1179 1112//1112 1178//1178
f 1067//1067 8//8 1114//1114
f 1069//1069 1067//1067 1115//1115
f 1069//1069 1115//1115 1180//1180
f 1115//1115 1067//1067 1114//1114
f 1115//1115 1111//1111 1181//1181
f 1181//1181 1111//1111 1113//1113
f 1181//1181 1113//1113 1182//1182
f 1182//1182 1113//1113 1179//1179
f 1180//1180 1115//1115 1183//1183
f 1183//1183 1115//1115 1181//1181
f 1183//1183 1181//1181 1182//1182
f 1182//1182 1184//1184 1183//1183
f 1116//1116 1069//1069 1180//1180
f 1116//1116 1180//1180 1183//1183
f 1183//1183 1185//1185 1116//1116
f 1185//1185 1183//1183 1184//1184
f 1184//1184 1021//1021 1185//1185
f 1119//1119 1116//1116 1186//1186
f 1186//1186 1116//1116 1185//1185
f 1186//1186 1185//1185 1021//1021
f 1021//1021 1020//1020 1186//1186
f 666//666 949//949 1187//1187
f 1187//1187 949//949 1017//1017
f 1187//1187 1017//1017 1188//1188
f 1188//1188 1017//1017 1167//1167
f 1189//1189 667//667 1187//1187
f 1189//1189 1187//1187 1190//1190
f 1187//1187 667//667 666//666
f 1190//1190 1187//1187 1191//1191
f 1191//1191 1187//1187 1188//1188
f 1177//1177 667//667 1189//1189
f 1188//1188 1167//1167 1192//1192
f 1192//1192 1167//1167 1169//1169
f 1192//1192 1169//1169 474//474
f 474//474 1169//1169 468//468
f 1191//1191 1188//1188 1192//1192
f 478//478 1192//1192 474//474
f 1193//1193 1189//1189 1190//1190
f 1190//1190 1194//1194 1193//1193
f 1194//1194 1190//1190 1195//1195
f 1195//1195 1190//1190 1191//1191
f 1196//1196 1193//1193 1194//1194
f 1194//1194 1197//1197 1196//1196
f 1197//1197 1194//1194 1198//1198
f 1198//1198 1194//1194 1195//1195
f 1178//1178 1177//1177 1189//1189
f 1189//1189 1193//1193 1178//1178
f 1179//1179 1178//1178 1193//1193
f 1193//1193 1196//1196 1179//1179
f 1198//1198 1195//1195 1199//1199
f 1199//1199 1195//1195 1200//1200
f 1199//1199 1200//1200 484//484
f 484//484 1200//1200 481//481
f 484//484 481//481 482//482
f 1201//1201 1196//1196 1202//1202
f 1202//1202 1196//1196 1197//1197
f 1202//1202 1197//1197 1198//1198
f 1198//1198 1203//1203 1202//1202
f 1204//1204 1201//1201 1205//1205
f 1205//1205 1201//1201 1202//1202
f 1205//1205 1202//1202 1203//1203
f 1203//1203 1206//1206 1205//1205
f 1182//1182 1179//1179 1201//1201
f 1201//1201 1179//1179 1196//1196
f 1184//1184 1182//1182 1204//1204
f 1204//1204 1182//1182 1201//1201
f 1203//1203 1198//1198 1207//1207
f 1207//1207 1198//1198 1199//1199
f 1207//1207 1199//1199 1208//1208
f 1208//1208 1199//1199 484//484
f 1206//1206 1203//1203 1209//1209
f 1209//1209 1203//1203 1207//1207
f 1209//1209 1207//1207 488//488
f 488//488 1207//1207 1208//1208
f 1023//1023 1204//1204 1210//1210
f 1210//1210 1204//1204 1205//1205
f 1210//1210 1205//1205 1211//1211
f 1211//1211 1205//1205 1206//1206
f 1022//1022 1023//1023 1028//1028
f 1028//1028 1023//1023 1210//1210
f 1028//1028 1210//1210 1030//1030
f 1030//1030 1210//1210 1211//1211
f 1021//1021 1184//1184 1023//1023
f 1023//1023 1184//1184 1204//1204
f 1212//1212 1209//1209 488//488
f 1030//1030 1211//1211 1213//1213
f 1212//1212 1214//1214 1213//1213
f 1212//1212 488//488 487//487
f 71//71 75//75 487//487
f 1214//1214 1212//1212 1215//1215
f 1215//1215 1212//1212 487//487
f 1215//1215 487//487 75//75
f 75//75 539//539 1215//1215
f 1119//1119 1122//1122 1121//1121
f 1122//1122 1119//1119 1186//1186
f 1186//1186 1008//1008 1122//1122
f 1008//1008 1186//1186 1024//1024
f 1024//1024 1186//1186 1025//1025
f 1025//1025 1186//1186 1020//1020
f 1075//1075 1122//1122 1008//1008
f 1008//1008 1007//1007 1075//1075
f 1076//1076 1216//1216 25//25
f 1076//1076 1075//1075 1007//1007
f 1007//1007 1010//1010 1076//1076
f 1216//1216 1076//1076 1010//1010
f 1010//1010 968//968 1216//1216
f 968//968 1010//1010 964//964
f 669//669 24//24 1217//1217
f 26//26 25//25 1218//1218
f 1218//1218 25//25 1216//1216
f 1218//1218 1217//1217 24//24
f 24//24 26//26 1218//1218
f 669//669 1217//1217 1219//1219
f 1219//1219 1217//1217 768//768
f 1219//1219 768//768 1220//1220
f 1220//1220 768//768 767//767
f 1218//1218 1216//1216 968//968
f 968//968 967//967 1218//1218
f 967//967 768//768 1218//1218
f 1218//1218 768//768 1217//1217
f 769//769 768//768 967//967
f 1219//1219 671//671 30//30
f 30//30 669//669 1219//1219
f 1220//1220 673//673 671//671
f 671//671 1219//1219 1220//1220
f 1029//1029 1030//1030 1221//1221
f 1221//1221 1030//1030 1213//1213
f 1221//1221 1213//1213 1214//1214
f 1214//1214 1222//1222 1221//1221
f 1031//1031 1029//1029 1221//1221
f 1221//1221 1223//1223 1031//1031
f 1223//1223 1221//1221 1224//1224
f 1224//1224 1221//1221 1222//1222
f 1032//1032 1031//1031 1223//1223
f 1223//1223 1225//1225 1032//1032
f 1225//1225 1223//1223 1226//1226
f 1226//1226 1223//1223 1224//1224
f 1033//1033 1032//1032 1225//1225
f 1225//1225 1227//1227 1033//1033
f 1227//1227 1225//1225 1226//1226
f 1226//1226 1228//1228 1227//1227
f 1222//1222 1214//1214 1215//1215
f 1215//1215 1124//1124 1222//1222
f 1124//1124 1215//1215 539//539
f 539//539 491//491 1124//1124
f 1224//1224 1222//1222 1124//1124
f 771//771 1229//1229 767//767
f 1229//1229 771//771 1033//1033
f 1033//1033 1230//1230 1229//1229
f 1220//1220 767//767 1229//1229
f 1229//1229 676//676 1220//1220
f 1230//1230 1033//1033 1227//1227
f 1227//1227 1231//1231 1230//1230
f 1231//1231 1227//1227 1228//1228
f 680//680 1230//1230 1231//1231
f 673//673 1220//1220 676//676
f 1232//1232 1233//1233 1234//1234
f 979//979 977//977 1233//1233
f 1233//1233 1232//1232 979//979
f 977//977 976//976 1235//1235
f 1236//1236 1237//1237 975//975
f 975//975 1237//1237 976//976
f 982//982 972//972 1237//1237
f 1237//1237 1236//1236 982//982
f 980//980 1236//1236 975//975
f 980//980 982//982 1236//1236
f 1238//1238 979//979 1239//1239
f 1239//1239 979//979 1232//1232
f 1240//1240 1238//1238 1241//1241
f 1241//1241 1238//1238 1239//1239
f 979//979 1238//1238 983//983
f 1242//1242 983//983 1238//1238
f 1238//1238 1240//1240 1242//1242
f 983//983 1242//1242 985//985
f 1166//1166 1053//1053 1243//1243
f 1244//1244 1053//1053 974//974
f 1245//1245 1243//1243 1246//1246
f 1246//1246 1243//1243 1244//1244
f 1174//1174 1166//1166 1245//1245
f 1245//1245 1166//1166 1243//1243
f 1246//1246 1244//1244 986//986
f 986//986 1244//1244 974//974
f 1247//1247 1245//1245 1246//1246
f 1246//1246 1248//1248 1247//1247
f 1176//1176 1174//1174 1247//1247
f 1247//1247 1174//1174 1245//1245
f 1248//1248 1246//1246 987//987
f 987//987 1246//1246 986//986
f 1249//1249 1247//1247 1250//1250
f 1250//1250 1247//1247 1248//1248
f 1104//1104 1176//1176 1249//1249
f 1249//1249 1176//1176 1247//1247
f 1250//1250 1248//1248 988//988
f 988//988 1248//1248 987//987
f 1250//1250 1251//1251 1249//1249
f 1125//1125 1105//1105 1251//1251
f 1125//1125 1251//1251 1139//1139
f 1251//1251 1105//1105 1104//1104
f 1251//1251 1104//1104 1249//1249
f 1252//1252 1251//1251 988//988
f 1252//1252 988//988 797//797
f 988//988 1251//1251 1250//1250
f 1139//1139 1251//1251 1252//1252
f 1253//1253 1240//1240 1241//1241
f 1241//1241 1254//1254 1253//1253
f 1255//1255 1253//1253 1254//1254
f 1256//1256 1242//1242 1253//1253
f 1253//1253 1242//1242 1240//1240
f 1257//1257 985//985 1256//1256
f 1256//1256 985//985 1242//1242
f 801//801 791//791 1257//1257
f 1257//1257 791//791 985//985
f 1258//1258 1256//1256 1253//1253
f 1253//1253 1255//1255 1258//1258
f 1259//1259 1257//1257 1256//1256
f 1256//1256 1258//1258 1259//1259
f 804//804 801//801 1259//1259
f 1259//1259 801//801 1257//1257
f 1260//1260 1258//1258 1255//1255
f 1255//1255 1261//1261 1260//1260
f 1262//1262 1259//1259 1258//1258
f 1258//1258 1260//1260 1262//1262
f 816//816 804//804 1259//1259
f 1259//1259 1262//1262 816//816
f 829//829 1262//1262 1260//1260
f 819//819 816//816 1262//1262
f 1262//1262 829//829 819//819
f 796//796 813//813 795//795
f 1034//1034 1252//1252 797//797
f 1081//1081 1139//1139 1034//1034
f 1034//1034 1139//1139 1252//1252
f 1141//1141 1082//1082 1035//1035
f 1035//1035 1082//1082 1034//1034
f 1034//1034 1082//1082 1081//1081
f 825//825 1035//1035 806//806
f 1142//1142 1141//1141 1035//1035
f 1035//1035 1036//1036 1142//1142
f 1084//1084 1142//1142 1036//1036
f 1036//1036 1037//1037 1084//1084
f 1085//1085 1084//1084 1037//1037
f 1037//1037 1038//1038 1085//1085
f 1087//1087 1085//1085 1039//1039
f 1039//1039 1085//1085 1038//1038
f 1088//1088 1087//1087 1040//1040
f 1040//1040 1087//1087 1039//1039
f 1093//1093 1088//1088 1041//1041
f 1041//1041 1088//1088 1040//1040
f 1043//1043 1041//1041 861//861
f 861//861 1041//1041 850//850
f 1094//1094 1093//1093 1043//1043
f 1043//1043 1093//1093 1041//1041
f 1043//1043 1091//1091 1094//1094
f 1143//1143 1092//1092 1042//1042
f 1042//1042 1044//1044 1143//1143
f 1144//1144 1143//1143 1045//1045
f 1045//1045 1143//1143 1044//1044
f 1045//1045 1098//1098 1144//1144
f 489//489 68//68 70//70
f 680//680 544//544 543//543
f 543//543 1051//1051 680//680
f 681//681 41//41 383//383
f 1263//1263 684//684 49//49
f 492//492 501//501 494//494
f 697//697 692//692 1264//1264
f 695//695 694//694 1265//1265
f 1265//1265 694//694 697//697
f 1265//1265 697//697 1264//1264
f 147//147 289//289 1266//1266
f 1266//1266 883//883 147//147
f 883//883 1266//1266 886//886
f 886//886 1266//1266 1267//1267
f 886//886 1267//1267 710//710
f 710//710 1267//1267 1268//1268
f 710//710 1268//1268 711//711
f 1269//1269 711//711 1268//1268
f 1268//1268 1270//1270 1269//1269
f 158//158 1271//1271 156//156
f 156//156 1269//1269 1270//1270
f 158//158 714//714 1271//1271
f 327//327 311//311 328//328
f 330//330 329//329 614//614
f 330//330 614//614 613//613
f 1265//1265 1272//1272 739//739
f 739//739 695//695 1265//1265
f 341//341 330//330 1273//1273
f 1274//1274 1275//1275 1276//1276
f 348//348 1276//1276 1275//1275
f 348//348 1275//1275 757//757
f 357//357 653//653 652//652
f 1062//1062 1064//1064 368//368
f 370//370 368//368 1064//1064
f 1064//1064 1110//1110 370//370
f 8//8 370//370 1110//1110
f 1110//1110 1114//1114 8//8
f 9//9 8//8 1066//1066
f 1066//1066 8//8 1067//1067
f 11//11 9//9 1070//1070
f 1070//1070 9//9 1066//1066
f 13//13 11//11 1070//1070
f 1277//1277 65//65 486//486
f 1277//1277 1278//1278 1279//1279
f 374//374 373//373 1278//1278
f 40//40 41//41 1263//1263
f 471//471 469//469 472//472
f 472//472 469//469 1106//1106
f 379//379 377//377 25//25
f 25//25 377//377 1073//1073
f 1022//1022 1025//1025 1020//1020
f 181//181 1123//1123 183//183
f 183//183 1123//1123 448//448
f 1228//1228 1226//1226 181//181
f 181//181 180//180 1228//1228
f 185//185 448//448 450//450
f 185//185 450//450 451//451
f 451//451 1077//1077 185//185
f 184//184 185//185 1077//1077
f 1077//1077 384//384 184//184
f 676//676 1229//1229 679//679
f 679//679 1229//1229 1230//1230
f 1228//1228 382//382 1231//1231
f 679//679 1230//1230 680//680
f 680//680 1231//1231 544//544
f 382//382 381//381 1231//1231
f 1231//1231 381//381 544//544
f 545//545 544//544 381//381
f 382//382 1228//1228 38//38
f 545//545 381//381 38//38
f 545//545 38//38 37//37
f 37//37 39//39 40//40
f 41//41 39//39 383//383
f 1282//1282 501//501 500//500
f 1234//1234 1281//1281 1282//1282
f 1282//1282 1281//1281 501//501
f 501//501 1281//1281 494//494
f 1283//1283 1282//1282 500//500
f 500//500 511//511 1283//1283
f 1284//1284 1234//1234 1282//1282
f 1282//1282 1283//1283 1284//1284
f 1285//1285 1283//1283 511//511
f 511//511 510//510 1285//1285
f 1286//1286 1284//1284 1283//1283
f 1283//1283 1285//1285 1286//1286
f 1287//1287 1285//1285 510//510
f 510//510 513//513 1287//1287
f 1288//1288 1286//1286 1285//1285
f 1285//1285 1287//1287 1288//1288
f 1235//1235 1290//1290 1289//1289
f 1233//1233 1289//1289 1281//1281
f 1281//1281 1234//1234 1233//1233
f 977//977 1235//1235 1289//1289
f 1289//1289 1233//1233 977//977
f 1234//1234 1284//1284 1232//1232
f 1239//1239 1232//1232 1284//1284
f 1284//1284 1286//1286 1239//1239
f 1241//1241 1239//1239 1286//1286
f 1286//1286 1288//1288 1241//1241
f 1291//1291 1287//1287 513//513
f 513//513 386//386 1291//1291
f 1292//1292 1288//1288 1291//1291
f 1291//1291 1288//1288 1287//1287
f 386//386 513//513 514//514
f 1293//1293 1291//1291 386//386
f 386//386 385//385 1293//1293
f 1294//1294 1292//1292 1293//1293
f 1293//1293 1292//1292 1291//1291
f 1295//1295 1293//1293 385//385
f 385//385 399//399 1295//1295
f 1296//1296 1294//1294 1293//1293
f 1293//1293 1295//1295 1296//1296
f 1297//1297 1295//1295 399//399
f 399//399 400//400 1297//1297
f 1298//1298 1296//1296 1295//1295
f 1295//1295 1297//1297 1298//1298
f 411//411 1297//1297 400//400
f 1299//1299 1298//1298 1297//1297
f 1297//1297 411//411 1299//1299
f 563//563 411//411 555//555
f 1300//1300 1299//1299 563//563
f 563//563 1299//1299 411//411
f 1301//1301 1300//1300 562//562
f 562//562 1300//1300 563//563
f 1302//1302 1301//1301 562//562
f 562//562 565//565 1302//1302
f 1254//1254 1241//1241 1288//1288
f 1288//1288 1292//1292 1254//1254
f 1303//1303 1254//1254 1292//1292
f 1292//1292 1294//1294 1303//1303
f 1254//1254 1303//1303 1255//1255
f 1304//1304 1303//1303 1294//1294
f 1294//1294 1296//1296 1304//1304
f 1261//1261 1255//1255 1304//1304
f 1304//1304 1255//1255 1303//1303
f 1305//1305 1304//1304 1298//1298
f 1298//1298 1304//1304 1296//1296
f 1306//1306 1261//1261 1304//1304
f 1304//1304 1305//1305 1306//1306
f 1307//1307 1260//1260 1261//1261
f 1261//1261 1306//1306 1307//1307
f 1260//1260 1307//1307 829//829
f 1308//1308 1305//1305 1298//1298
f 1298//1298 1299//1299 1308//1308
f 1309//1309 1306//1306 1305//1305
f 1305//1305 1308//1308 1309//1309
f 1310//1310 1308//1308 1299//1299
f 1299//1299 1300//1300 1310//1310
f 1311//1311 1309//1309 1308//1308
f 1308//1308 1310//1310 1311//1311
f 1312//1312 1307//1307 1306//1306
f 1306//1306 1309//1309 1312//1312
f 1313//1313 829//829 1307//1307
f 1307//1307 1312//1312 1313//1313
f 829//829 1313//1313 828//828
f 1314//1314 1312//1312 1311//1311
f 1311//1311 1312//1312 1309//1309
f 1315//1315 1313//1313 1314//1314
f 1314//1314 1313//1313 1312//1312
f 833//833 828//828 1313//1313
f 1313//1313 1315//1315 833//833
f 1316//1316 1310//1310 1300//1300
f 1300//1300 1301//1301 1316//1316
f 1317//1317 1311//1311 1310//1310
f 1310//1310 1316//1316 1317//1317
f 1318//1318 1316//1316 1301//1301
f 1301//1301 1302//1302 1318//1318
f 1319//1319 1317//1317 1316//1316
f 1316//1316 1318//1318 1319//1319
f 1320//1320 1314//1314 1317//1317
f 1317//1317 1314//1314 1311//1311
f 1321//1321 1315//1315 1320//1320
f 1320//1320 1315//1315 1314//1314
f 842//842 833//833 1315//1315
f 1315//1315 1321//1321 842//842
f 1322//1322 1320//1320 1319//1319
f 1319//1319 1320//1320 1317//1317
f 1323//1323 1321//1321 1322//1322
f 1322//1322 1321//1321 1320//1320
f 845//845 842//842 1321//1321
f 1321//1321 1323//1323 845//845
f 591//591 1302//1302 565//565
f 565//565 585//585 591//591
f 1324//1324 1318//1318 591//591
f 591//591 1318//1318 1302//1302
f 1325//1325 1319//1319 1324//1324
f 1324//1324 1319//1319 1318//1318
f 1326//1326 1324//1324 590//590
f 590//590 1324//1324 591//591
f 1327//1327 1325//1325 1326//1326
f 1326//1326 1325//1325 1324//1324
f 1328//1328 1322//1322 1319//1319
f 1319//1319 1325//1325 1328//1328
f 1329//1329 1323//1323 1322//1322
f 1322//1322 1328//1328 1329//1329
f 857//857 845//845 1329//1329
f 1329//1329 845//845 1323//1323
f 1330//1330 1328//1328 1325//1325
f 1325//1325 1327//1327 1330//1330
f 1127//1127 1329//1329 1328//1328
f 1328//1328 1330//1330 1127//1127
f 1127//1127 857//857 1329//1329
f 610//610 1326//1326 590//590
f 431//431 1327//1327 610//610
f 610//610 1327//1327 1326//1326
f 430//430 1330//1330 1327//1327
f 1327//1327 431//431 430//430
f 433//433 1127//1127 1330//1330
f 1330//1330 430//430 433//433
f 990//990 1126//1126 433//433
f 433//433 1126//1126 1127//1127
f 435//435 990//990 433//433
f 614//614 1331//1331 1332//1332
f 1332//1332 1333//1333 614//614
f 1333//1333 1332//1332 716//716
f 716//716 1130//1130 1333//1333
f 1130//1130 1131//1131 1333//1333
f 1130//1130 716//716 718//718
f 718//718 1128//1128 1130//1130
f 1128//1128 718//718 1134//1134
f 999//999 1157//1157 1000//1000
f 683//683 682//682 1335//1335
f 691//691 445//445 443//443
f 888//888 710//710 712//712
f 712//712 711//711 908//908
f 908//908 711//711 1269//1269
f 156//156 1271//1271 1269//1269
f 908//908 1269//1269 1271//1271
f 1271//1271 1336//1336 908//908
f 888//888 712//712 908//908
f 1337//1337 1271//1271 714//714
f 310//310 890//890 889//889
f 310//310 889//889 311//311
f 311//311 889//889 891//891
f 311//311 891//891 328//328
f 548//548 1280//1280 533//533
f 1052//1052 638//638 637//637
f 638//638 1052//1052 549//549
f 146//146 150//150 149//149
f 328//328 891//891 909//909
f 328//328 909//909 329//329
f 329//329 909//909 1331//1331
f 1331//1331 614//614 329//329
f 70//70 69//69 485//485
f 26//26 24//24 21//21
f 23//23 30//30 27//27
f 680//680 1051//1051 32//32
f 34//34 32//32 1051//1051
f 545//545 34//34 1051//1051
f 42//42 34//34 37//37
f 37//37 34//34 545//545
f 48//48 37//37 40//40
f 49//49 47//47 48//48
f 48//48 47//47 43//43
f 51//51 50//50 687//687
f 687//687 50//50 686//686
f 210//210 216//216 211//211
f 223//223 216//216 210//210
f 1339//1339 61//61 735//735
f 735//735 61//61 60//60
f 46//46 735//735 60//60
f 62//62 735//735 63//63
f 687//687 737//737 51//51
f 64//64 63//63 736//736
f 359//359 357//357 1100//1100
f 361//361 359//359 372//372
f 372//372 359//359 1100//1100
f 371//371 1062//1062 366//366
f 368//368 366//366 1062//1062
f 21//21 20//20 25//25
f 25//25 20//20 379//379
f 722//722 720//720 723//723
f 724//724 720//720 1150//1150
f 377//377 17//17 1073//1073
f 1073//1073 17//17 1074//1074
f 38//38 1228//1228 380//380
f 380//380 1228//1228 180//180
f 1263//1263 41//41 1340//1340
f 1340//1340 41//41 681//681
f 1340//1340 681//681 683//683
f 1340//1340 683//683 1335//1335
f 1341//1341 1335//1335 1342//1342
f 49//49 40//40 1263//1263
f 684//684 1263//1263 1340//1340
f 1340//1340 685//685 684//684
f 685//685 1340//1340 1341//1341
f 1341//1341 689//689 685//685
f 721//721 1097//1097 719//719
f 719//719 1097//1097 1147//1147
f 689//689 1341//1341 721//721
f 689//689 721//721 720//720
f 1150//1150 720//720 1147//1147
f 1147//1147 720//720 719//719
f 1276//1276 1273//1273 1343//1343
f 1175//1175 1106//1106 469//469
f 1192//1192 1344//1344 1191//1191
f 1344//1344 1192//1192 478//478
f 1195//1195 1191//1191 1344//1344
f 1344//1344 1200//1200 1195//1195
f 1200//1200 1344//1344 481//481
f 481//481 1344//1344 478//478
f 1211//1211 1206//1206 1345//1345
f 1345//1345 1206//1206 1209//1209
f 1345//1345 1209//1209 1212//1212
f 1213//1213 1211//1211 1345//1345
f 1213//1213 1345//1345 1212//1212
f 1124//1124 1123//1123 1224//1224
f 1226//1226 1224//1224 1123//1123
f 33//33 36//36 665//665
f 1346//1346 665//665 1347//1347
f 1347//1347 665//665 44//44
f 44//44 665//665 36//36
f 1347//1347 44//44 45//45
f 1338//1338 550//550 549//549
f 1348//1348 438//438 439//439
f 439//439 612//612 1348//1348
f 1349//1349 440//440 1348//1348
f 1348//1348 440//440 438//438
f 1350//1350 612//612 57//57
f 57//57 56//56 1350//1350
f 1351//1351 1348//1348 612//612
f 612//612 1350//1350 1351//1351
f 1264//1264 1349//1349 1351//1351
f 1351//1351 1349//1349 1348//1348
f 1352//1352 1350//1350 56//56
f 56//56 59//59 1352//1352
f 1353//1353 1351//1351 1352//1352
f 1352//1352 1351//1351 1350//1350
f 1265//1265 1264//1264 1351//1351
f 1351//1351 1353//1353 1265//1265
f 692//692 441//441 440//440
f 440//440 1349//1349 692//692
f 1264//1264 692//692 1349//1349
f 146//146 149//149 144//144
f 1354//1354 325//325 331//331
f 1347//1347 1355//1355 1346//1346
f 45//45 61//61 1347//1347
f 1347//1347 61//61 1355//1355
f 51//51 737//737 46//46
f 46//46 737//737 735//735
f 59//59 1356//1356 1357//1357
f 59//59 1357//1357 1352//1352
f 1352//1352 1357//1357 1358//1358
f 1358//1358 1357//1357 1272//1272
f 1352//1352 1358//1358 1353//1353
f 1353//1353 1358//1358 1265//1265
f 1265//1265 1358//1358 1272//1272
f 344//344 341//341 1273//1273
f 344//344 1273//1273 1276//1276
f 348//348 344//344 1276//1276
f 1359//1359 1342//1342 1335//1335
f 1340//1340 1335//1335 1341//1341
f 65//65 1277//1277 1279//1279
f 1279//1279 1360//1360 65//65
f 66//66 65//65 1361//1361
f 66//66 1361//1361 1362//1362
f 1361//1361 65//65 1360//1360
f 73//73 66//66 1363//1363
f 1363//1363 66//66 1362//1362
f 79//79 73//73 616//616
f 616//616 73//73 1363//1363
f 616//616 1363//1363 1086//1086
f 1086//1086 618//618 616//616
f 77//77 79//79 616//616
f 620//620 621//621 1089//1089
f 619//619 621//621 617//617
f 620//620 542//542 541//541
f 721//721 1342//1342 1097//1097
f 1341//1341 1342//1342 721//721
f 1364//1364 1278//1278 1277//1277
f 486//486 1364//1364 1277//1277
f 1279//1279 1278//1278 1140//1140
f 1140//1140 1278//1278 1120//1120
f 1082//1082 1120//1120 1083//1083
f 1360//1360 1279//1279 1140//1140
f 1365//1365 1361//1361 1360//1360
f 1142//1142 1361//1361 1365//1365
f 1362//1362 1361//1361 1366//1366
f 1363//1363 1362//1362 1366//1366
f 1366//1366 1086//1086 1363//1363
f 1097//1097 1342//1342 1359//1359
f 1002//1002 1000//1000 1158//1158
f 1276//1276 1343//1343 1274//1274
f 1275//1275 1274//1274 1367//1367
f 757//757 1275//1275 758//758
f 625//625 758//758 1275//1275
f 625//625 1275//1275 1367//1367
f 625//625 1367//1367 1368//1368
f 759//759 758//758 625//625
f 1368//1368 1369//1369 625//625
f 1368//1368 1367//1367 1370//1370
f 1370//1370 1369//1369 1368//1368
f 1278//1278 373//373 1120//1120
f 83//83 81//81 542//542
f 83//83 542//542 622//622
f 1079//1079 83//83 622//622
f 681//681 384//384 682//682
f 1335//1335 682//682 384//384
f 1335//1335 384//384 1080//1080
f 1335//1335 1080//1080 1359//1359
f 976//976 1290//1290 1235//1235
f 1243//1243 1053//1053 1244//1244
f 909//909 908//908 1336//1336
f 1336//1336 1331//1331 909//909
f 1336//1336 1271//1271 1337//1337
f 1337//1337 714//714 713//713
f 1331//1331 1336//1336 1337//1337
f 1337//1337 1332//1332 1331//1331
f 1332//1332 1337//1337 713//713
f 713//713 716//716 1332//1332
f 1333//1333 1152//1152 614//614
f 614//614 1152//1152 615//615
f 1333//1333 1131//1131 1152//1152
f 1371//1371 1372//1372 718//718
f 1134//1134 718//718 1372//1372
f 1125//1125 1083//1083 1120//1120
f 1140//1140 1120//1120 1082//1082
f 1140//1140 1365//1365 1360//1360
f 1365//1365 1140//1140 1142//1142
f 1366//1366 1361//1361 1084//1084
f 1084//1084 1361//1361 1142//1142
f 1086//1086 1366//1366 1084//1084
f 618//618 1086//1086 1085//1085
f 623//623 620//620 1089//1089
f 1079//1079 622//622 1091//1091
f 1091//1091 622//622 623//623
f 1359//1359 1080//1080 1097//1097
f 1098//1098 1080//1080 1096//1096
f 1354//1354 1373//1373 1372//1372
f 1134//1134 1372//1372 1155//1155
f 1155//1155 1372//1372 1373//1373
f 1155//1155 1373//1373 464//464
f 464//464 1373//1373 335//335
f 1273//1273 330//330 613//613
f 1162//1162 1156//1156 1374//1374
f 1374//1374 1156//1156 1157//1157
f 1374//1374 1157//1157 999//999
f 1334//1334 1162//1162 1374//1374
f 1374//1374 1013//1013 1334//1334
f 1013//1013 1374//1374 999//999
f 1273//1273 613//613 1343//1343
f 1343//1343 613//613 624//624
f 1343//1343 624//624 1151//1151
f 1151//1151 1274//1274 1343//1343
f 1274//1274 1151//1151 1159//1159
f 1367//1367 1274//1274 1159//1159
f 1367//1367 1159//1159 1161//1161
f 1370//1370 1367//1367 1161//1161
f 1370//1370 1161//1161 1334//1334
f 1334//1334 1161//1161 1162//1162
f 354//354 465//465 760//760
f 1005//1005 947//947 1004//1004
f 1208//1208 484//484 68//68
f 488//488 1208//1208 489//489
f 489//489 1208//1208 68//68
f 70//70 71//71 489//489
f 1123//1123 181//181 1226//1226
f 655//655 1375//1375 670//670
f 152//152 150//150 890//890
f 152//152 890//890 310//310
f 907//907 993//993 905//905
f 163//163 714//714 158//158
f 164//164 715//715 163//163
f 163//163 715//715 714//714
f 172//172 715//715 164//164
f 713//713 715//715 172//172
f 713//713 172//172 173//173
f 713//713 173//173 717//717
f 717//717 173//173 1371//1371
f 1371//1371 173//173 325//325
f 718//718 717//717 1371//1371
f 1371//1371 325//325 1354//1354
f 1372//1372 1371//1371 1354//1354
f 1354//1354 331//331 332//332
f 332//332 333//333 1354//1354
f 1373//1373 1354//1354 335//335
f 335//335 1354//1354 333//333
f 5//5 1376//1376 4//4
f 4//4 1376//1376 1377//1377
f 1377//1377 1376//1376 1356//1356
f 4//4 1377//1377 58//58
f 58//58 1377//1377 1356//1356
f 1356//1356 59//59 58//58
